session_date,forecast__log_ridge_harq__B0,loss__log_ridge_harq__B0,forecast__log_ridge_harq__B1,loss__log_ridge_harq__B1,forecast__log_ridge_harq__B2,loss__log_ridge_harq__B2,forecast__lightgbm_qlike__B0,loss__lightgbm_qlike__B0,forecast__lightgbm_qlike__B1,loss__lightgbm_qlike__B1,forecast__lightgbm_qlike__B2,loss__lightgbm_qlike__B2,actual
2024-10-28,5.362015106831164e-06,0.13602388275716723,5.430350541529111e-06,0.14900484408587536,5.282937138007463e-06,0.14076519847095326,5.150550799956866e-06,0.13603903112116963,5.2955204503421986e-06,0.15170922058169153,5.60222012249498e-06,0.16036809437593894,4.792811955676305e-06
2024-10-29,4.3745223811123e-06,0.11835168820806098,4.651210461293377e-06,0.1309610859790112,4.634449446012821e-06,0.1290327416566128,4.611196018612359e-06,0.12752229394305056,4.631340601347993e-06,0.1348764853164703,4.636141128022854e-06,0.1398889192464147,4.560976227332821e-06
2024-10-30,5.6506457852484095e-06,0.18056459941656774,6.082327152751284e-06,0.1854474611439794,6.108490099113144e-06,0.18343376115833923,5.396242680447065e-06,0.17796777550443263,5.3844872009484304e-06,0.1851758774384014,5.328929476025762e-06,0.18583249080571165,5.4423893491158385e-06
2024-10-31,9.69974263999009e-06,0.1268614446706518,9.834744758551163e-06,0.12489747321477795,9.574275580761761e-06,0.12084484713837527,8.469370266219101e-06,0.13130044184869508,8.6275487526388e-06,0.1338744778397807,8.745274725109076e-06,0.1291406788234942,8.698269138311093e-06
2024-11-01,8.498647634952557e-06,0.11707174981685091,7.408309760272466e-06,0.11311850111152948,7.1117705006217615e-06,0.11679020944872583,7.82470712889072e-06,0.11129294379097669,6.847841726363916e-06,0.12164582927459483,6.8864177658183946e-06,0.11674899486009134,7.686935080966805e-06
2024-11-04,6.163537077567769e-06,0.1213637125575337,5.855431223167611e-06,0.11445835947623284,5.7726734275361635e-06,0.1117255731100561,5.892829416876899e-06,0.12757876552103944,6.079362882114485e-06,0.12914782032430352,5.900795947077868e-06,0.128053436446761,5.828980537975382e-06
2024-11-05,4.738000201309146e-06,0.12108453483425718,4.690945305136239e-06,0.11644239248680244,4.636829964544405e-06,0.11514355621629035,4.771849507864672e-06,0.12565670002233986,4.644121286157721e-06,0.1348307964223551,4.893653883689469e-06,0.1303662754092929,4.1261592004141735e-06
2024-11-06,9.629910344036568e-06,0.132784372897208,9.639453412077261e-06,0.13264447807027172,9.473047592768768e-06,0.13283703934177082,7.744327476944454e-06,0.13960510275408264,7.5229472407889306e-06,0.13765269036709488,7.398801826940869e-06,0.1344286113417069,7.874284012090592e-06
2024-11-07,6.231581274186774e-06,0.13934218697116443,6.367967887154961e-06,0.13703946345621018,6.2873435372234284e-06,0.13689896422149803,6.034562257711887e-06,0.15049699224884625,6.044345860055238e-06,0.14476782878839584,6.179057493212803e-06,0.14623853545321783,5.733654312037977e-06
2024-11-08,7.730168929895631e-06,0.17623545117920034,7.808200701464868e-06,0.16774517142047643,7.95141748805536e-06,0.15744899771378568,8.267392758744853e-06,0.16451722648781278,8.024701559418159e-06,0.16967322309522728,7.782251363428874e-06,0.16734554661061676,1.1228399070961913e-05
2024-11-11,1.4259986159317549e-05,0.16065754828956558,1.5160350543787464e-05,0.14349967219564227,1.4596861031192311e-05,0.14376639984174067,1.2165359558799221e-05,0.1652466754760736,1.1946257186498508e-05,0.16488822423948127,1.1272541770077215e-05,0.17459765519150183,1.7862763402839854e-05
2024-11-12,1.1509496168898273e-05,0.15621906145609044,1.2172762762161861e-05,0.16007051078869733,1.1955727578137961e-05,0.15649533737887336,1.1674527526317983e-05,0.17194035198021407,1.22436857392573e-05,0.1773790934578683,1.1407878293339061e-05,0.17515528097046984,1.2966307538645474e-05
2024-11-13,1.1131837488787059e-05,0.10826838231582074,1.2504000802919269e-05,0.11110739950502822,1.2145279383686763e-05,0.10941417122306017,9.984562014752278e-06,0.13248888067417727,1.0119933431374296e-05,0.13222772796922685,9.62159595221439e-06,0.1370460496085464,1.2085146694023098e-05
2024-11-14,1.0320799977669016e-05,0.7695574204570464,1.1035729691280018e-05,0.8219902634571405,1.0888488890395284e-05,0.7568134931814486,1.0370769989360597e-05,0.7906983502398627,1.0808183113342317e-05,0.8542226431066021,1.0859388751519039e-05,0.8395962136936749,1.2790135169294992e-05
2024-11-15,1.261557068906458e-05,0.15938798662942502,1.2866481351563624e-05,0.1657661428522732,1.2804089450458027e-05,0.1700261734466969,1.0896814520019852e-05,0.1659191344945961,1.1089506234576147e-05,0.16417222928722877,1.1099956545409541e-05,0.16222893188869295,1.3001309949811015e-05
2024-11-18,8.7506843442627e-06,0.12683908878487832,9.212276888947217e-06,0.12423009936948914,9.23538209692587e-06,0.1260686471196904,8.894991424048594e-06,0.12557878652632726,8.654341854689712e-06,0.12567585392334837,8.747195214757724e-06,0.12364925844799696,8.267773294288936e-06
2024-11-19,7.296220821616775e-06,0.12729518251558988,7.925755403973148e-06,0.1312612102001996,7.982533936470987e-06,0.1321866423405155,6.753205710133203e-06,0.13047197096935462,7.31561696236571e-06,0.12678887582688125,7.2867425727978245e-06,0.12640462502455896,6.4590769583452525e-06
2024-11-20,7.709162656200758e-06,0.1295723175030853,8.427255021289751e-06,0.13029769349816223,8.4354267760945e-06,0.12956770185032687,7.608809921821204e-06,0.13363809340070507,7.93026102798261e-06,0.13160376866408294,7.714916519409406e-06,0.13100858274176186,7.80002769389791e-06
2024-11-21,1.4505598377142775e-05,0.14211450507166748,1.509574824591414e-05,0.14547904250505014,1.4866686809194365e-05,0.14682244526958657,1.2763919755662834e-05,0.15562872757379173,1.2538535305261244e-05,0.17096069089232258,1.2329157430306174e-05,0.1648928283377292,1.4699607842413763e-05
2024-11-22,9.8241900533397e-06,0.1476230082568635,1.0144244151709463e-05,0.1407383668077362,1.0309487827638269e-05,0.14707056089982737,9.000557376746252e-06,0.13568928937062052,8.575127848048188e-06,0.134724248895933,8.777287071584368e-06,0.13643412455701265,9.353854874515336e-06
2024-11-25,9.944747298167954e-06,0.12151225133101973,9.29065668804983e-06,0.11520184434045637,9.874334189569513e-06,0.1162681748177277,9.017326944516257e-06,0.12156063746996863,8.81831621771957e-06,0.11943991090021766,9.120014841446725e-06,0.11711089934846512,8.505769024367679e-06
2024-11-26,8.290034106596403e-06,0.14459351915427435,7.565531020998453e-06,0.14700976250146952,7.760002488090682e-06,0.14652035030648866,7.503097816708017e-06,0.14011060442108034,7.2575116511813044e-06,0.14140679434520664,7.299415292426311e-06,0.1445975644986931,6.8466587218755615e-06
2024-11-27,7.446719967666404e-06,0.11820700436978471,7.365798469709416e-06,0.12965108350022342,7.694916807638423e-06,0.1286818927684257,7.4453400345766844e-06,0.13356107237790218,7.188961060035796e-06,0.13046109976413556,7.242978843723391e-06,0.1302063884338491,8.032463935360088e-06
2024-11-29,5.935168273996537e-06,0.10157626449524094,5.87086660890044e-06,0.09210821244447163,5.772453879811091e-06,0.09246161737221437,5.803511073303058e-06,0.09697913465079523,6.000805068386933e-06,0.1101625086810593,6.022276055376631e-06,0.10734709880070499,5.148090395289049e-06
2024-12-02,5.535863659807598e-06,0.12995651384908552,5.489992963299442e-06,0.1291363485711035,5.753798922784492e-06,0.1320443155141464,5.287465759154069e-06,0.141905135147666,5.707421210145458e-06,0.1405390295577522,5.8741418093816796e-06,0.13786322572624435,5.399196757336104e-06
2024-12-03,5.394825052111114e-06,0.2766956868213806,5.516572154842513e-06,0.2765995542749449,5.580036158504011e-06,0.2876027561664324,5.4450633472624e-06,0.2816862179017055,5.473865297812207e-06,0.28150765820692636,5.533907158902185e-06,0.2814782715108817,5.372927050061267e-06
2024-12-04,5.135591982546289e-06,0.14767769590946056,5.425636819771507e-06,0.1498497393053215,5.496946934320092e-06,0.15206960407492365,5.122215521706838e-06,0.16093382137748274,5.232011505120313e-06,0.16248755483235397,5.462150835015619e-06,0.16943171941199753,4.753883932396147e-06
2024-12-05,5.693332627994381e-06,0.14215313868863408,6.100484254970856e-06,0.1406398502310557,6.124799124235734e-06,0.1430339243171743,5.579098602857459e-06,0.15238205702666321,6.326095164680396e-06,0.16564620177061987,6.314698368376326e-06,0.15750250773755708,5.599287883743704e-06
2024-12-06,5.3935562171437426e-06,0.14301595459078198,5.306622068701443e-06,0.14839029537768508,5.3345447604993506e-06,0.14133791336001292,5.166632253119307e-06,0.1525585474358826,5.414608608184137e-06,0.1511131479556523,5.261293252943271e-06,0.14574977412895954,5.243042207376411e-06
2024-12-09,8.915593961074025e-06,0.1473624494667652,9.545560519873715e-06,0.14947153233555377,9.20843989189795e-06,0.1421989730159546,9.090355959452833e-06,0.15612597208473974,9.406421283909915e-06,0.16232986152467585,9.167087376785085e-06,0.14512992977762915,1.0215219986738478e-05
2024-12-10,8.324988296559169e-06,0.15673463175518743,9.110949877287677e-06,0.15601619489447943,8.95401631855691e-06,0.1538743464457888,8.412079508651357e-06,0.18314737027065886,8.469359933723234e-06,0.18877682931890585,8.794145236615961e-06,0.16402369756481236,8.937238395174748e-06
2024-12-11,7.915635035429064e-06,0.13575361285993356,8.657989114083951e-06,0.150822012242708,7.758845687488966e-06,0.1367641769334361,7.215963660086537e-06,0.13125088278300626,7.246899285822386e-06,0.14111683611228076,7.438631877992253e-06,0.13570105935035326,6.386149990760155e-06
2024-12-12,7.5521999602124614e-06,0.09182087090422615,8.129120186914264e-06,0.09572116699138829,7.971399827095068e-06,0.09950981867864657,7.1208770354301205e-06,0.09668660035625896,7.4954985115908926e-06,0.11001976802543396,7.254160934132213e-06,0.1013495916792843,6.792300670404362e-06
2024-12-13,7.964667067061635e-06,0.10765878488365845,8.271642359486042e-06,0.1076410995508685,8.543745032419165e-06,0.10529651267354713,7.941109651162112e-06,0.10812434788674541,7.434569447902884e-06,0.10862225262338594,8.322475251074137e-06,0.10018753476266812,9.089259324944426e-06
2024-12-16,8.23112829426703e-06,0.147337326818052,8.250818460519091e-06,0.14932728023583738,8.17358072792253e-06,0.152244674783761,8.002000407018332e-06,0.1608462710627236,7.887358525502476e-06,0.15974412313425984,8.022589467761236e-06,0.16005700611211446,8.813102816776596e-06
2024-12-17,1.4261033041798098e-05,0.13554459945805972,1.4846734555013996e-05,0.14244427006482616,1.4360666917390805e-05,0.14205991536717896,1.3284067528878626e-05,0.14367655539013405,1.2464289558140058e-05,0.16043358947452604,1.2195534302250529e-05,0.15731202233306316,1.6053339695629753e-05
2024-12-18,1.3888007997117642e-05,0.5241023816402418,1.4437480654619761e-05,0.5024630584623054,1.4518743167268343e-05,0.48976974366622444,1.319827298145685e-05,0.48302419347848247,1.310078144979362e-05,0.5056754486343491,1.3529822969630484e-05,0.4794059166004268,2.689593008008868e-05
2024-12-19,2.0841463110015074e-05,0.10565785459828332,2.0575836456238866e-05,0.1141692143664969,2.0854010883713527e-05,0.11080937574306408,1.925306700279383e-05,0.1274881415041251,1.915080175732744e-05,0.11952103023461895,1.9682326813594334e-05,0.12277912812415577,2.228237042400236e-05
2024-12-20,1.5072909767250659e-05,0.11623118557144337,1.4902015892662058e-05,0.11676460890814992,1.5091663513250348e-05,0.11551024038660591,1.3787738733871242e-05,0.11425247936507492,1.425158230296521e-05,0.1219065238804366,1.4264334094789929e-05,0.11916237773789318,1.3797072965238017e-05
2024-12-23,1.2741979576020143e-05,0.15992179188714226,1.1812491575992607e-05,0.15249359205769922,1.2119059972122629e-05,0.15049835961390493,9.965956175108175e-06,0.15089492402234683,9.634353276216076e-06,0.156210255717261,1.0125448215317292e-05,0.15186731025620517,9.238811677170295e-06
2024-12-24,8.308204362793063e-06,0.1913542990653484,8.42392340701637e-06,0.18960469273367864,8.492277730804327e-06,0.18917237848355076,7.124007112840509e-06,0.1578318872787805,7.059835122109411e-06,0.15992873408695432,7.1563532074973566e-06,0.15236866267467145,6.042713497410605e-06
2024-12-26,6.456013671736612e-06,0.1253213968377257,6.3985420658320526e-06,0.1251006952036385,6.687256351126068e-06,0.13017443248219496,5.819115892366531e-06,0.12591513043979138,5.957118926379049e-06,0.13476085775218413,5.945074048919564e-06,0.12976161497219132,4.931261982128505e-06
2024-12-27,9.649816688071777e-06,0.08350138782535965,9.176661555589606e-06,0.07970993090725002,9.366915876956144e-06,0.08221420537353989,8.356502886196709e-06,0.0940383394096664,8.627032786391627e-06,0.0954208306044003,8.923740382470296e-06,0.09676425252787096,8.64527029433468e-06
2024-12-30,8.648224061812079e-06,0.13944030950514286,8.036701109194866e-06,0.14166733299675316,8.14181344757112e-06,0.13783090784602117,7.122412674529582e-06,0.1471276215037551,7.292106967238483e-06,0.15935158053382345,7.434935728461166e-06,0.15444279837062722,7.642181976780208e-06
2024-12-31,8.52571350457442e-06,0.12601863526575588,8.22556516180634e-06,0.12989387615518877,8.174811665140488e-06,0.13150246958510317,7.644653735534075e-06,0.1527354505356368,7.603764008007505e-06,0.15408382757597877,7.876305147743064e-06,0.14724283687842274,9.106703522196434e-06
2025-01-02,1.595058328469046e-05,0.13383094204554905,1.5306540660332692e-05,0.14630444203312795,1.5119835043868608e-05,0.15472728521084564,1.383981750837646e-05,0.1599972456261371,1.335390387067761e-05,0.1688767103603859,1.3963295977074236e-05,0.1630464612954214,1.6574223461047945e-05
2025-01-03,9.87701930965895e-06,0.1461250363871033,9.36201715541298e-06,0.13239131260697728,9.41381111475253e-06,0.13208106301306802,8.960339498263365e-06,0.13081999099888922,8.3023397932688e-06,0.12103971114208478,8.615695610615343e-06,0.1202315974927149,7.224849290439287e-06
2025-01-06,9.806544990054935e-06,0.15085817623056233,9.272793018047919e-06,0.1484783629043544,9.375238837483291e-06,0.15180196756159423,8.987334421917778e-06,0.14714480609517774,8.883727147649003e-06,0.14650157397222227,9.1679003949789e-06,0.14824448424013395,9.334509877132337e-06
2025-01-07,1.5311986623007515e-05,0.13535048022197374,1.5268295409965912e-05,0.13521978394952014,1.5859314652212223e-05,0.13827487155500776,1.2211149246257592e-05,0.13248527671386043,1.1433181189569923e-05,0.13548374518650527,1.143518898474364e-05,0.13470762456387098,1.2568483190824585e-05
2025-01-08,1.3768554384615813e-05,0.14715639730440822,1.3885639056795119e-05,0.1485544932946722,1.3911875331251873e-05,0.14952512656375724,1.201698114659132e-05,0.14549009530522916,1.1286928246589789e-05,0.15019710564592811,1.1024624644869266e-05,0.1510676150129807,1.3281457046495143e-05
2025-01-10,1.5424589656219685e-05,0.11302242380336265,1.4872595215700391e-05,0.11371552468050633,1.5306324771849458e-05,0.11196361099313316,1.2282524089798086e-05,0.11503914792103415,1.1709773714115316e-05,0.11728213025271572,1.1593688160246554e-05,0.11646876458308465,1.3633619967676742e-05
2025-01-13,1.0285135180121663e-05,0.09661297699305878,9.61730668275995e-06,0.09349416674001793,9.628013174909785e-06,0.09279601425734546,9.208434259086951e-06,0.10178245041255946,9.027850430712483e-06,0.10292043616320884,8.990343379542125e-06,0.10274603013849466,9.52451749284392e-06
2025-01-14,1.2212086642888772e-05,0.14999861865209319,1.2177869442332627e-05,0.14844401497529627,1.1912974750861036e-05,0.15014923606050992,1.0928542045061121e-05,0.16213345600830723,1.045402961145144e-05,0.16315467950835752,1.0113155955749267e-05,0.16675934297189055,1.2628055941362057e-05
2025-01-15,8.62854701585948e-06,0.11943932499355857,8.520294758941869e-06,0.11706912968232297,8.536856401001378e-06,0.11855952064354373,7.556822619176722e-06,0.12837809577598347,7.494447883238971e-06,0.12636966819940254,7.557590420271499e-06,0.12772312639427696,7.226976554261119e-06
2025-01-16,8.159550888913333e-06,0.13268212980631275,7.912060190470217e-06,0.1390620493026163,7.907966945902151e-06,0.1340739688673962,7.799328279831478e-06,0.13202950806123917,7.611980418820326e-06,0.1337053838938456,7.63652014510575e-06,0.12978760850274104,7.776928322186568e-06
2025-01-17,8.407867873152107e-06,0.18652720645991505,7.575305626737426e-06,0.18573526530785678,7.4953473878664445e-06,0.1786399638909042,7.652342451192106e-06,0.18914276822272227,7.560380830022124e-06,0.18018184956692632,7.925398154420696e-06,0.1706486505404847,8.88828278527857e-06
2025-01-21,1.007855262682994e-05,0.18042221863260988,9.85777801956138e-06,0.1831856439070015,1.0006971303277421e-05,0.179976835239433,9.00201818674851e-06,0.1913126316521545,9.08448966651752e-06,0.1896327315363008,8.780393834666098e-06,0.18047964474092168,8.529119308895284e-06
2025-01-22,7.585198342352216e-06,0.16213529718530284,7.740725885784412e-06,0.1642779764822517,7.706740157626353e-06,0.1655002006950074,7.177161237244073e-06,0.17207043359532867,7.271380414861726e-06,0.17352516187236114,7.145544662534878e-06,0.1706639757348433,6.0694961333862855e-06
2025-01-23,5.342807154702567e-06,0.13431439855295096,5.489825310692205e-06,0.13624624592272352,5.450787744260844e-06,0.13690075861931558,5.143198945922093e-06,0.13500912856345318,5.240037315785261e-06,0.14075592791995553,5.290433802178738e-06,0.14418491768997718,4.647458717464901e-06
2025-01-24,6.796868066305714e-06,0.2538449477399797,6.673723953300474e-06,0.252943962977414,6.626728637858478e-06,0.24008884553090082,6.403123391732408e-06,0.25623256537997224,6.6394215774804965e-06,0.2471580567191152,6.482547706840523e-06,0.24427679246973444,6.184300497421201e-06
2025-02-25,1.8939777974629108e-05,0.11629486553076175,1.827935677356931e-05,0.12483131840355816,1.8637165803290247e-05,0.12571106609366026,1.5447428697678684e-05,0.15766064750366907,1.63067145169387e-05,0.14284849504148306,1.695400616002711e-05,0.13854520321210437,2.24980033122573e-05
2025-02-26,1.4952325978289855e-05,0.11887833671912396,1.5068341568573973e-05,0.11772041060862769,1.552397779388193e-05,0.11413642362018657,1.5671069965916215e-05,0.11380416452949853,1.4730397556208234e-05,0.11485941763406383,1.4823688473469405e-05,0.11499362399131728,1.689314735276822e-05
2025-02-27,2.1763656342658003e-05,0.10287762647977217,2.198395079900817e-05,0.10489864567952716,2.291018143458258e-05,0.10038804857224719,2.004488806783735e-05,0.1114688405475474,1.8366857696500445e-05,0.1104559750314979,1.8653006321169424e-05,0.10696583228335615,2.0590259730037066e-05
2025-02-28,2.2419609549792246e-05,0.12782643674945995,2.2572069876595097e-05,0.13282624045184205,2.301419456550452e-05,0.13303628230132197,2.168022926267942e-05,0.138273347063291,2.0031143296477645e-05,0.14611918163228516,1.9528982579214532e-05,0.14631970207800246,2.5082645216220988e-05
2025-03-03,2.2828835702934147e-05,0.21015424176691758,2.2488759027464384e-05,0.21710018124069078,2.3574045019066564e-05,0.1942964712568788,2.32674394885576e-05,0.20896466664885982,2.2081834293646776e-05,0.19771094544918885,2.0319514724013943e-05,0.2010732236325541,2.453128768399582e-05
2025-03-04,3.0415290223838925e-05,0.12400395089831147,3.197184189591577e-05,0.119483933026429,3.362733240770845e-05,0.1030354484975785,2.833016392482629e-05,0.11826141426040288,2.8159411272808164e-05,0.11945084214629925,2.7825200524640135e-05,0.1179828728344544,3.5232696735625795e-05
2025-03-05,2.5863759656115223e-05,0.1640282981403004,2.73099629854236e-05,0.16198867144004978,2.874371744422808e-05,0.14326110529031985,2.572452282779823e-05,0.14907359039930795,2.5511914535242136e-05,0.14873471813876257,2.448519528844116e-05,0.15035408669072595,2.5460865043135312e-05
2025-03-06,1.961579442564051e-05,0.17024970005105367,2.0150508957577247e-05,0.16676911110791506,2.092067679780857e-05,0.15654928292828593,2.1096528412123644e-05,0.17276663501379574,2.1321657789638315e-05,0.1672712933852555,2.1405369814704785e-05,0.16733081453580712,2.2514182041634986e-05
2025-03-07,2.478270864635265e-05,0.1388603368354123,2.568691685614184e-05,0.1384712836850677,2.6372465887592337e-05,0.12767037250179095,2.383429069345927e-05,0.12874590219400636,2.4844739192368873e-05,0.12411451200641337,2.4156318175426253e-05,0.12325475398539554,2.7616330978008975e-05
2025-03-10,2.656181229793008e-05,0.12181401772623608,2.906067378189034e-05,0.1100750978975858,3.0421486595570588e-05,0.10128161287459286,2.6981048347016364e-05,0.10693070383501975,2.898324788615751e-05,0.09444745143410223,3.1431397574679244e-05,0.09076210167577291,3.1564657906127456e-05
2025-03-11,4.007263480200297e-05,0.12045323362681581,4.4309035564235475e-05,0.11616763964976623,4.5081444932052665e-05,0.10749836488156028,3.366207260927734e-05,0.1514374410462049,3.474461574434281e-05,0.1385200192285864,3.366969119540533e-05,0.1412724118807361,4.844509292364921e-05
2025-03-12,2.2145489114476415e-05,0.14740095565162462,2.4920869672752712e-05,0.1449331942096206,2.724460260046039e-05,0.14583979275976033,2.26717117076489e-05,0.15327512570017507,2.3596215466633968e-05,0.14840836374430252,2.431185773298959e-05,0.14515154032006297,2.2917828250846523e-05
2025-03-13,2.048495747758543e-05,0.07627241189425651,2.219935159987935e-05,0.07936223954184429,2.2259098817195334e-05,0.07883530785260529,1.9843515428297194e-05,0.07437803116178485,2.1345677522022646e-05,0.07691695691938508,2.115638733258365e-05,0.07934581218035443,2.0003983196522866e-05
2025-03-14,1.2775678722721714e-05,0.09339070566436358,1.3763435769812682e-05,0.098823267627163,1.3720563531712123e-05,0.09985330670758615,1.1770459215132762e-05,0.08880269374950422,1.288181147528111e-05,0.09136035734539516,1.2912924717784773e-05,0.09319924418337427,1.1289100708747804e-05
2025-03-17,1.2216705697352498e-05,0.07717060585674146,1.251854833230734e-05,0.07776538031228632,1.3100986473585532e-05,0.08322826557201131,1.1478072321182635e-05,0.0797728227721587,1.2282015506680108e-05,0.08232738100075275,1.2138129095306103e-05,0.0806533819494932,1.0925315115321558e-05
2025-03-18,1.4246369079128513e-05,0.1213327413324299,1.4980764329763378e-05,0.12260505142743881,1.545889740768527e-05,0.12275494678560935,1.3493695176945883e-05,0.12088638025349617,1.4791520842231426e-05,0.11886497154543257,1.4536013771204056e-05,0.11846248267077096,1.4387630189526176e-05
2025-03-19,1.1356895210686617e-05,0.34209901154769545,1.2130638920381121e-05,0.33116781835089887,1.2648368765249382e-05,0.32071350223084677,1.2163021848704214e-05,0.2841731779125032,1.2774086656165301e-05,0.26682474389337024,1.2632138145578271e-05,0.29384059164535037,1.359033254504417e-05
2025-03-20,1.235644300123116e-05,0.10740823111152259,1.2876766305785627e-05,0.10447229606086249,1.3003291454929963e-05,0.10572910864231518,1.2191814589956046e-05,0.10825126941801584,1.2893322732022427e-05,0.10443757174959727,1.2491082904307747e-05,0.10295862077031098,1.2189488444520447e-05
2025-03-21,1.0966961076475513e-05,0.07183481231855907,1.145999601741738e-05,0.07166108906742735,1.1219501853230048e-05,0.07346609777823931,1.0265501714575847e-05,0.07431672117599364,1.0571209697696757e-05,0.07602980726246654,1.0578031894943322e-05,0.07263239178277957,9.932075186659937e-06
2025-03-24,8.632812317404822e-06,0.13179022179845468,8.759639122904696e-06,0.1289399358700265,8.588409724498918e-06,0.1267381554298177,8.262883604934932e-06,0.12928487818906462,8.568680425296334e-06,0.1320393383789824,8.78401251428719e-06,0.13362756714779878,7.133111534966689e-06
2025-03-25,8.16253214425575e-06,0.29611897922999725,8.433056625885821e-06,0.29504087501927917,8.122597996531736e-06,0.307054895728106,7.924883273143857e-06,0.2961572088944972,8.096077724562099e-06,0.2815766329696238,7.811886992449428e-06,0.27413534155633296,7.978660088119288e-06
2025-03-26,1.0952569219205064e-05,0.09020590657985926,1.1669376577877644e-05,0.08757960454777863,1.1469034581567117e-05,0.08589636143898495,1.0884054669256351e-05,0.0958004647844012,1.0935671504255698e-05,0.0895816413771191,1.1172028699159627e-05,0.09149238401624982,1.1422631811959454e-05
2025-03-27,1.3714889077280757e-05,0.10370148029511628,1.4210890331020499e-05,0.10130712319255301,1.394294479033229e-05,0.10250074934637436,1.3856138762482972e-05,0.09896313859749577,1.3877486056959063e-05,0.09813342900437017,1.3645600423044863e-05,0.09742505540615022,1.6073606221242713e-05
2025-03-28,1.4618303661146798e-05,0.10604257628206026,1.5636546906489877e-05,0.10564146870267448,1.5986945893897844e-05,0.11118861812594998,1.3671337858574471e-05,0.11754280831817741,1.4200818801422238e-05,0.11241875460195115,1.4818992598814304e-05,0.11184732453485784,1.4736642745313266e-05
2025-03-31,1.7693383750820097e-05,0.10111680989119975,1.8504673946587703e-05,0.09793076186522919,1.928341964212294e-05,0.08973472319618585,1.765228138975459e-05,0.10644906736136732,1.7730162317065995e-05,0.09415504675012,1.8444491598611528e-05,0.09009875644960769,1.9887688160310028e-05
2025-04-01,1.7515275504897952e-05,0.0935592413844711,1.8143830268108963e-05,0.09388678067104532,1.738117429078154e-05,0.08784146596275007,1.716806835491204e-05,0.08683948729628116,1.8567236303362518e-05,0.09328517714653722,1.7683779326268578e-05,0.09079298024530143,1.6085443939510508e-05
2025-04-02,2.2054819855849482e-05,0.3471470819266787,2.374233093895719e-05,0.33296487893227084,2.2287111481453472e-05,0.3373033623178872,2.073379386849551e-05,0.383108636476406,2.079149431945275e-05,0.34816955664525695,2.0641861714652126e-05,0.35046392716368285,2.9463810416859863e-05
2025-04-03,2.7139446650962935e-05,0.08450713607367911,2.8380127283480193e-05,0.08873719577935722,2.867410438427879e-05,0.08615918229757535,2.4533947317400665e-05,0.0885095708058063,2.404670375906031e-05,0.08752725648379707,2.5064194413364055e-05,0.08420913582767016,2.4583810602892066e-05
2025-04-07,0.00012391996237536517,0.8847246675196407,0.00013370401163094225,0.8179481385884694,0.00012885562395476764,0.8064087091100655,7.442136682373108e-05,1.580477939332902,7.651153689189428e-05,1.4592282922399056,6.60694757123655e-05,1.8036454927237917,0.000277141734164022
2025-04-08,6.03009059369036e-05,0.13659633041900643,6.80531830033466e-05,0.15240660020273336,6.290338384175374e-05,0.14214418231879364,5.6553723143609655e-05,0.14294668902524163,7.061671802467173e-05,0.1681338134867607,6.930782750306067e-05,0.15868216973814578,5.1147128804108794e-05
2025-04-09,9.680175546046442e-05,1.8695091932917591,0.00010505617820994239,1.595630888048546,0.00010351289538437925,1.6115987918117367,0.00010588055229135868,2.2217683538978785,0.0001104429105042231,1.979898920289451,0.00011402358876489642,1.9012007375902469,0.00019018728079653628
2025-04-10,8.109501954307138e-05,0.13258110632218903,8.009586619968927e-05,0.13665394748867615,7.561050782689851e-05,0.14659905651220068,9.628847601600703e-05,0.1683896500318719,9.649364599759755e-05,0.18000858101768477,9.334683553491373e-05,0.17898433443067785,7.784019221595961e-05
2025-04-11,4.697037296249639e-05,0.11495956148404944,5.079429685211279e-05,0.1302058832890619,4.8316106034061356e-05,0.12068601006357083,5.095726309055349e-05,0.13295811226481652,5.691979214233749e-05,0.1645028889869359,6.06372460975781e-05,0.19733128218815663,3.754946795666381e-05
2025-04-14,2.7340310742018572e-05,0.15682252948157774,2.493373572527767e-05,0.13989121980389488,2.4450590278559546e-05,0.14003310292969914,2.358448819176266e-05,0.13575831544406566,2.6854380887123335e-05,0.1474236100433152,2.664102348230823e-05,0.14827885295364032,2.143484504457252e-05
2025-04-15,1.747033595442928e-05,0.11895035422567397,1.5760292034398605e-05,0.1044190557266624,1.538109031232552e-05,0.10539532885327234,1.4836765549095335e-05,0.10963604264765796,1.5656552630681224e-05,0.11301684195489144,1.5268973999943115e-05,0.11214708350612572,1.4888743801996554e-05
2025-04-16,1.5937355986034674e-05,0.2232206875920405,1.4563996788035565e-05,0.23082824413986047,1.542845576219799e-05,0.2316187709355744,1.5104541681646513e-05,0.22315206098938026,1.6499276242206013e-05,0.22409937770794508,1.6635051365714e-05,0.22876172667825248,1.5839874264580143e-05
2025-04-17,1.791705593886938e-05,0.12799137984462897,1.730849632696548e-05,0.13097593530240273,1.643548970720557e-05,0.1482075701845981,1.53964337643133e-05,0.1678619501328441,1.6381940981272476e-05,0.14572232476874875,1.4873969638327934e-05,0.18047784877546144,1.8070409644125117e-05
2025-04-21,1.2053112066140933e-05,0.09714476115217574,1.3498907606303324e-05,0.12008910591239529,1.3198211820835824e-05,0.09933906567231786,1.0293217147550352e-05,0.0729846634706585,1.3074077121565214e-05,0.10667441604939731,1.3228172821294e-05,0.10967096881968942,9.941842345574984e-06
2025-04-22,1.2835390064973895e-05,0.3069381117408982,1.3534943422198356e-05,0.2984147348296488,1.381272543227492e-05,0.3127516240755767,1.2126034360143261e-05,0.32992894888491275,1.3843736743951546e-05,0.28940908876080323,1.4096394131897763e-05,0.30034487705622853,1.3390801481011727e-05
2025-04-23,2.1488214523493396e-05,0.12116395896825384,2.282018699126529e-05,0.12385960001382407,2.221174093255574e-05,0.12650325263719747,2.1102853064829255e-05,0.12009924282992357,2.142678626483598e-05,0.11391504230452015,2.119996913849101e-05,0.11341701292504637,1.955376430286226e-05
2025-04-24,1.0732984701657924e-05,0.08995345632102057,1.1477119505447253e-05,0.10492524597758619,1.1149315556818675e-05,0.09437990395239915,9.766386460811487e-06,0.0782052964519095,1.0605602909230129e-05,0.0854878235590563,1.0395005879974475e-05,0.08261650587615028,8.655698287377544e-06
2025-04-25,1.339050098768205e-05,0.21094112404124535,1.4037192350292198e-05,0.20680739667402556,1.5257831415308473e-05,0.1892480738879804,1.3331235665709635e-05,0.22228319579057088,1.3628090841637236e-05,0.21622445954414715,1.3818613081223737e-05,0.21177673460522314,1.504750407323766e-05
2025-04-28,1.4202279990830673e-05,0.08899370238384267,1.4468358986328161e-05,0.09127277236141244,1.4112087979020394e-05,0.08858124558961784,1.2011622248804584e-05,0.09879392441417904,1.2251873670183245e-05,0.10447501730038301,1.2247703329127663e-05,0.10425663536643741,1.283242980142282e-05
2025-04-29,1.116306994698628e-05,0.1733016414616629,1.1734331245787628e-05,0.1803852060885104,1.1336775437693436e-05,0.17445344337794308,1.0319857107135776e-05,0.16786746268248665,1.0679526460672051e-05,0.17575012990095149,1.0644833754978993e-05,0.17609095699645663,1.01134668324781e-05
2025-04-30,1.2449859980399396e-05,0.23235281448919243,1.3278661961720753e-05,0.2174639771466879,1.303731754914819e-05,0.21849723501568655,1.1776332863480183e-05,0.22393499846963608,1.25270863850755e-05,0.20843261965818347,1.2590085142469018e-05,0.20991046824976525,1.3305943701889285e-05
2025-05-01,1.3421751533864396e-05,0.1450018759959413,1.3843417027657832e-05,0.15155329274280235,1.3731049914002015e-05,0.1501424201643331,1.1711388660849202e-05,0.14085580470936374,1.1862015377224089e-05,0.1382467317213804,1.1982180003698426e-05,0.14541477040169853,1.1478570711758011e-05
2025-05-02,1.2630870819348855e-05,0.15152751676109472,1.2328185110454308e-05,0.1448790169955773,1.2247959822463608e-05,0.14023552071550696,1.1327119540440254e-05,0.15493199609902428,1.1625845076116276e-05,0.15651781918319044,1.1597874841970857e-05,0.1547091213930953,1.1855839424073738e-05
2025-05-05,7.125776592537818e-06,0.11355552082857982,7.1441864121865094e-06,0.11274012563115719,7.1688758629688735e-06,0.112539076604585,6.98874335183233e-06,0.13210608659694448,6.9599261218489534e-06,0.12059748698682325,6.769087784147437e-06,0.11978725239771493,5.900195121511296e-06
2025-05-06,7.401289142388758e-06,0.22863299969416806,7.562672153759799e-06,0.22194600462387226,7.478121556661778e-06,0.22297443914446294,7.405657991691141e-06,0.21919425857616792,7.489708104787261e-06,0.22142562069559016,7.350368025540544e-06,0.22758159299944367,7.2225737372258165e-06
2025-05-07,9.04336334762632e-06,0.23913867846200385,9.531841984652424e-06,0.2217384951402619,9.393911820826241e-06,0.22868315960199195,9.725982142177435e-06,0.18230740368971135,9.660082660987442e-06,0.19291421786841392,9.67500949745294e-06,0.1898718273523017,1.1694727098819862e-05
2025-05-08,9.123812314559077e-06,0.11496867370364412,9.40686179330205e-06,0.11554343301690755,9.406130186797262e-06,0.12182213072506322,8.826471760168455e-06,0.12893415036438372,8.713301938308389e-06,0.11828834231171174,8.448200060415513e-06,0.11962598975146803,8.328047396338855e-06
2025-05-09,8.826650501674472e-06,0.11961831213921247,9.011212705706375e-06,0.11930161536070799,8.872142852472131e-06,0.11700113242859667,8.411587709867464e-06,0.12899857694755132,8.719258870073695e-06,0.12526927590830592,8.861074774286942e-06,0.12403481896801816,8.731841381840839e-06
2025-05-12,8.809878927075845e-06,0.12741328970883198,8.593836370320215e-06,0.12208524617515044,8.662857462043685e-06,0.12475442332502575,7.745074591517372e-06,0.11530620993637201,7.440295870355843e-06,0.11185906916253384,7.619634326333751e-06,0.11455183530396518,7.02680119879525e-06
2025-05-13,8.468801014863846e-06,0.12371150003883995,8.404159603396357e-06,0.12406562590046359,8.571759181572633e-06,0.11965544468006324,8.35867034088409e-06,0.12356709876888154,7.971405186064726e-06,0.124788844112618,8.425408181150443e-06,0.1184032389918932,8.838513755103666e-06
2025-05-14,8.39410371346946e-06,0.17169584399948637,8.613364057193546e-06,0.17143245455628722,8.831866456998888e-06,0.1697663709631818,8.06979967445233e-06,0.1772881483531106,8.278163968946701e-06,0.17205455903991365,8.468738318881472e-06,0.17080257727458395,8.09998514419823e-06
2025-05-15,7.85390452695515e-06,0.3797300457899027,8.052117522507781e-06,0.34670856205152645,7.918869771618441e-06,0.35885105779228504,7.717049828634792e-06,0.44626203857021074,7.651301288920872e-06,0.40558968690791614,7.5421997894223725e-06,0.42489283592731414,9.10878598441174e-06
2025-05-16,6.254554985318724e-06,0.1081093430386942,6.2680741225617685e-06,0.10863108256679611,6.201363106061311e-06,0.10751868578784285,6.064121831436979e-06,0.10637345681668352,5.984870710990697e-06,0.10159940785880169,6.0538649986021185e-06,0.10100494049243809,5.767833614661933e-06
2025-05-19,6.0426911517156915e-06,0.11834529778275464,5.976841396508589e-06,0.11600302313514615,5.920595816114665e-06,0.11594746024651054,5.421112605357318e-06,0.1111689908992627,5.51557069881481e-06,0.10891563807330351,5.513224999090922e-06,0.10949783964299352,4.920613848553792e-06
2025-05-20,5.940794846556158e-06,0.21741406728629453,6.1179791692613815e-06,0.2163708479211068,6.069084066841069e-06,0.20656271549116467,5.852373176709397e-06,0.2187816815525867,5.980061329197438e-06,0.21002786865398151,5.989294472657121e-06,0.21021124058378218,5.303633723778634e-06
2025-05-21,8.599013199681428e-06,0.5372738517848014,9.006687354685603e-06,0.5014435948430173,9.115242699154075e-06,0.46390526933397846,9.581068267691742e-06,0.48173571253134667,9.69602025058558e-06,0.4817371350914211,9.696746181916465e-06,0.46463015071455244,1.2464158066835135e-05
2025-05-22,7.960225567190657e-06,0.2123049094276456,8.411775296934008e-06,0.21478235112572944,8.402971420622926e-06,0.2297522536964265,7.441270328183699e-06,0.2034567863948433,7.308580037806779e-06,0.19738743351737317,7.29929583140017e-06,0.2022791022115155,6.805225159712869e-06
2025-05-23,7.707373503314961e-06,0.14633563861108276,7.963365576788734e-06,0.14791567975977868,7.882906248985477e-06,0.14619903713805563,6.82241523325145e-06,0.15304342011971298,7.187000171743147e-06,0.1471066104496988,7.281180467539368e-06,0.14612398208559307,6.857167340555304e-06
2025-05-27,4.792360142470285e-06,0.11616980375246201,5.147221893295761e-06,0.12608524042166927,5.240010823050052e-06,0.12883533697732066,4.868473884304494e-06,0.11870653774683455,4.986462998995658e-06,0.11559108415737541,5.006268945692314e-06,0.11787763342002372,3.919804974770626e-06
2025-05-28,4.185797521927673e-06,0.18374346824518853,4.675474100028358e-06,0.19074211743725658,4.666628726667265e-06,0.18449219153035257,4.495849363361812e-06,0.18251135183132847,4.604443927523358e-06,0.1869129709015626,4.5403837231323854e-06,0.1842365690244839,3.906526018164558e-06
2025-05-29,7.614091248117086e-06,0.21058025501343006,7.862036643119381e-06,0.20310253992912672,7.73537573471907e-06,0.2083615124501205,7.3911429956593885e-06,0.21170513653664533,7.393761284940881e-06,0.2181104790098192,7.54391805238705e-06,0.21595693449113254,7.546017241781407e-06
2025-05-30,7.90273150664396e-06,0.19983957945503494,7.699492935249261e-06,0.19730043814924667,7.828362853759416e-06,0.18850503244400044,7.650656709932517e-06,0.20780311185273656,7.555659793000364e-06,0.21168683315487635,7.650157685719714e-06,0.20686113282800542,8.1602776698739e-06
2025-06-02,7.334281765077962e-06,0.14367621200366099,7.2027514571947476e-06,0.14152900055854947,6.796402657277521e-06,0.13892893435048867,6.547509076225747e-06,0.14360870602192297,6.488637385572528e-06,0.12841397056386036,6.335422538477087e-06,0.13022154923647716,6.032612003110262e-06
2025-06-03,5.372800853432766e-06,0.18830054494737425,5.425537903973051e-06,0.18488604366683936,5.578669612655123e-06,0.18312803407812858,5.252923193922566e-06,0.18087533877213055,5.246700713600261e-06,0.1732107841091509,5.240835280756386e-06,0.17182470732413987,4.731726580416823e-06
2025-06-04,6.354066865178142e-06,0.3165810986719861,6.598355627372432e-06,0.31454330167681793,6.827005936679358e-06,0.33206466043081867,6.317844262284972e-06,0.35915094794701474,6.6104382737320775e-06,0.3354125316467624,6.512266628848544e-06,0.346968830578034,6.056727177930057e-06
2025-06-05,1.2248270703700331e-05,0.3901443651329746,1.3087698983981925e-05,0.34255381624945197,1.3743601603483605e-05,0.3286063044445015,1.431972906128802e-05,0.3362094416109862,1.3449015155667533e-05,0.3558945926128418,1.3971012304379735e-05,0.3493458027594478,2.1273401120340703e-05
2025-06-06,9.856824226116984e-06,0.1518629729210794,1.0274092793279119e-05,0.1505526655781206,1.0032735783416218e-05,0.14654093092823806,9.10484610857423e-06,0.15423004050403363,9.278076893046041e-06,0.14599922456564624,9.477993301284719e-06,0.14142972206602702,8.38082514469239e-06
2025-06-09,7.757677926541878e-06,0.4177799142452016,7.694315327259718e-06,0.4005151585736475,7.873669053832858e-06,0.38257539273303554,7.869979666093825e-06,0.42733715114714954,7.80029160635334e-06,0.3970687293344952,7.827249953396995e-06,0.38401330200075773,7.64397346412689e-06
2025-06-10,6.722045930694283e-06,0.2511749310103021,6.771498781810586e-06,0.24857405747239733,6.724246099972767e-06,0.24422264951462594,6.959757206072354e-06,0.24835088967461813,6.677034524051003e-06,0.24995595348354627,6.800162120004652e-06,0.2516736906136567,6.785985087330843e-06
2025-06-11,7.222457548408392e-06,0.2087738482716437,7.3855186269695345e-06,0.19877250699274054,7.3699084545754216e-06,0.20049748492037664,7.267294220935108e-06,0.19953996552914025,6.820334106573987e-06,0.20851294645591167,6.851363660173392e-06,0.20928926507518728,7.433891563026011e-06
2025-06-12,6.058643842626765e-06,0.17532649238979955,6.194127364703279e-06,0.17941951221436048,6.1684260912089605e-06,0.18194117682393415,6.120818062809047e-06,0.190212957926841,6.2499453502053e-06,0.20410242991539565,6.094605501402642e-06,0.20103544318184163,6.323338186158151e-06
2025-06-13,7.594050699082512e-06,0.14600242691318302,7.466406415050104e-06,0.14703010862146965,7.47730449988728e-06,0.14928400998919658,7.406960590554548e-06,0.1595601061542386,7.567192176905351e-06,0.1517392014514812,7.5224569011191324e-06,0.16041964002133344,8.673685393976427e-06
2025-06-16,5.201630431098278e-06,0.15361772826086692,5.180113056171627e-06,0.152577446470673,5.180334264646071e-06,0.15039926309127127,4.9787229525190284e-06,0.14498832263693504,5.170903294088819e-06,0.14655799865564192,5.054188648365555e-06,0.13930574100477433,4.600754778035811e-06
2025-06-17,4.611234348468218e-06,0.11463053116363832,4.825594295942158e-06,0.11573183394364417,4.840751268031565e-06,0.11815664738550784,4.65325781725705e-06,0.11323053177220488,5.032396982077154e-06,0.11240838170385743,4.927605710338979e-06,0.11400560093832142,4.433494900107367e-06
2025-06-18,4.9588798798036145e-06,0.24695096025927832,5.323945343546999e-06,0.2277782322102343,5.340153749342409e-06,0.22499294540448486,5.2206566829044805e-06,0.2127916871153216,5.392275052333905e-06,0.212311663969017,5.15870992152586e-06,0.2251232211315007,6.23857622266816e-06
2025-06-20,6.850120332118798e-06,0.11251274439367076,6.972086052970752e-06,0.1120365128429656,6.853084137519124e-06,0.11434963948801713,6.280511964356852e-06,0.1040663965414727,6.497969933751044e-06,0.10984443233582504,6.398543340825903e-06,0.11029766117183883,6.431479311435855e-06
2025-06-23,9.920710627537482e-06,0.19786099012185962,9.66769505018841e-06,0.19646697969213603,9.764917882819568e-06,0.19358517453481391,8.996847615930137e-06,0.20181551178540427,9.050566258831244e-06,0.19863412612094108,9.088019251320498e-06,0.19586751362230428,1.1398783806751698e-05
2025-06-24,6.096389358674073e-06,0.16038887371611044,6.019293031065708e-06,0.1584800164220535,6.02932651597772e-06,0.16030766129028806,6.105613364426466e-06,0.17592172126584485,5.915129778752357e-06,0.16655749184622706,6.003361082091287e-06,0.1557670725023845,5.304952379754241e-06
2025-06-25,5.687703610344666e-06,0.1483459114890509,5.799090717484457e-06,0.1488924538665317,6.207766440196516e-06,0.1483047248964444,6.114686327110055e-06,0.15461549723176782,5.985456091410591e-06,0.14395108950924637,6.1092265789428785e-06,0.14168107151432402,5.427175808344016e-06
2025-06-26,5.460010108994887e-06,0.1850998272520874,5.368112657396837e-06,0.1830368758375447,5.457579346975607e-06,0.1765623253965433,5.757434605825686e-06,0.17321684597708434,5.490800690366031e-06,0.17758593590866703,5.535199211062161e-06,0.17868210007683757,5.1721781993601995e-06
2025-06-27,5.591924405328008e-06,0.19355210556024072,5.271285882788326e-06,0.19892051944265443,5.392339232174487e-06,0.198245660847612,5.310682872452342e-06,0.21770679613286467,5.318105196182673e-06,0.21614591405954123,5.446403667156595e-06,0.21101654569677367,5.889936327207278e-06
2025-06-30,4.88129003441874e-06,0.42475117535997403,4.812367789609537e-06,0.42527026698870984,4.952961572128361e-06,0.42442104173627243,5.021147970485059e-06,0.4465451464467865,5.159271942956553e-06,0.43857822302374005,5.1655185269167255e-06,0.4224165976534016,5.645428655852182e-06
2025-07-01,8.348684764092875e-06,0.17836246800695035,8.21714219021148e-06,0.17609884077481466,8.695325702916449e-06,0.16649245792943498,7.873732087215343e-06,0.1682900314641379,8.078505013164572e-06,0.1658949440738827,8.178138959662445e-06,0.1622421494442856,9.518395427654963e-06
2025-07-02,6.55464317704595e-06,0.1760218151376054,6.409191790059701e-06,0.17813915749638976,6.469770885715839e-06,0.17503450458130052,6.7279812456956125e-06,0.19304136625768376,6.785663596463224e-06,0.19983004560033554,6.736048047434028e-06,0.18953142671813797,6.867405557383613e-06
2025-07-03,5.981841633079147e-06,0.11829261030484385,6.039325715112798e-06,0.11804555994954095,6.074568625460363e-06,0.11507206602171773,6.4809348586264225e-06,0.1185181101964486,6.737854898207411e-06,0.12292022636509398,6.714048450651924e-06,0.11815258545905404,6.2969645588450725e-06
2025-07-07,5.959044574654403e-06,0.25334737659624945,5.733269991327233e-06,0.2553926082649823,5.902049367979559e-06,0.25375438966327896,5.987353868053268e-06,0.2621497067834919,5.907330908128082e-06,0.25322332804125686,6.122128016235152e-06,0.2638500137451357,5.687896922720192e-06
2025-07-08,5.000204427688312e-06,0.37281700425710484,4.997130636173137e-06,0.380578436074424,5.1473057371850545e-06,0.3615567724313286,5.136270786332021e-06,0.39637435668838417,4.9366348006634245e-06,0.3836513615069759,5.004682911408511e-06,0.3908055791752976,5.73503659140664e-06
2025-07-09,4.72987508360992e-06,0.2427816338595089,4.808864636917867e-06,0.2411385790710562,5.086447357433552e-06,0.24011458477255043,4.969067129525729e-06,0.2514133253139114,4.849537148299084e-06,0.2432755039036231,5.033623182715477e-06,0.2367444665622721,4.718427031762996e-06
2025-07-10,4.8604043952103674e-06,0.13864760647795116,4.871345690918052e-06,0.1414307624704704,4.89443529845015e-06,0.14257610315675165,5.059819959561166e-06,0.1529423309420267,5.047637757570341e-06,0.1469451998232049,5.099540277809715e-06,0.14358438498867096,4.37634981866964e-06
2025-07-11,4.001756863593843e-06,0.1514066946993817,4.07590266359603e-06,0.15975487277742506,4.065704564665087e-06,0.1561012756250038,4.09063760570799e-06,0.15915827487693787,4.188174542455847e-06,0.15302547766774235,4.185995844752095e-06,0.1526707340707315,3.6247547933780806e-06
2025-07-14,3.880103334589719e-06,0.1455623064159697,3.746961185332688e-06,0.14756306122994187,3.846288331260222e-06,0.15186815138894416,4.09844543906379e-06,0.17298832950330734,4.211368124746446e-06,0.17487655794336662,4.117613785804443e-06,0.16771690070610776,3.659395675725543e-06
2025-07-15,4.6348433032638145e-06,0.11667452273277718,4.561493468760555e-06,0.11643075623014414,4.5602979088026914e-06,0.11944707679315109,4.524544411704885e-06,0.12669254134932315,4.55591842254934e-06,0.12344866724777853,4.644664755036481e-06,0.12600792195783542,4.337251190303389e-06
2025-07-16,6.391561430330128e-06,0.2294870026125937,6.372020748895785e-06,0.2349255729258564,6.301098947641435e-06,0.23810128382274973,6.003171822673585e-06,0.24680629163355183,5.822245367966335e-06,0.23988078834777385,6.072645019180726e-06,0.23702853296351867,6.951338763876097e-06
2025-07-17,3.5031509652684473e-06,0.2552344633515546,3.5649581752999934e-06,0.251497978988345,3.5266105429781873e-06,0.25225725355527906,3.774062746789052e-06,0.26066142721491875,3.818545068841859e-06,0.2617059763829265,3.839878150758251e-06,0.25955360592974563,3.509922756966138e-06
2025-07-18,3.918406434824521e-06,0.1834815627667875,3.912903955276839e-06,0.1788759510329123,3.8416024222766125e-06,0.1780349206799445,3.962266123287806e-06,0.1782258876635113,3.994841762156499e-06,0.17248579170218648,4.127463142954881e-06,0.16375707494639416,3.8173997209011794e-06
2025-07-21,3.5917000362713076e-06,0.12452911259661802,3.5429449918250646e-06,0.12447241459332876,3.441238823060342e-06,0.12183241375018035,3.719010938582826e-06,0.14878732358261706,3.709046015749198e-06,0.15327983386698082,3.72099283079889e-06,0.15168221847714072,3.174096562038922e-06
2025-07-22,5.071985979912277e-06,0.18308472635103534,5.142376547624298e-06,0.18008557973007702,5.017621679478144e-06,0.18031910214118615,4.8781239424444074e-06,0.1773811446063104,4.975629367456294e-06,0.17882479813526878,4.79897383589414e-06,0.184694747990953,4.4149790422841585e-06
2025-07-23,4.056200127222377e-06,0.234740338994701,4.294249301979843e-06,0.23487637752316262,4.210748648880944e-06,0.23202962489266757,4.127037792951343e-06,0.2413447290135661,4.185781843186618e-06,0.24164021547965495,4.240229884027291e-06,0.23866719665062183,3.875692027062138e-06
2025-07-24,5.344984240807147e-06,0.1258996078540318,5.280765212145709e-06,0.1297772416850087,5.467041919199306e-06,0.12791875398708713,5.0031373948091514e-06,0.11471127707488854,4.872272110802887e-06,0.11914062557732207,5.026762424630294e-06,0.12102879058029425,4.22916585903652e-06
2025-07-25,3.7022930185819366e-06,0.1367358360332573,3.6385488297378525e-06,0.1388221324674296,3.558878884252055e-06,0.139343429598317,4.096136181309267e-06,0.14192387438813156,4.098420721541413e-06,0.16048201849832222,4.108095198801717e-06,0.14291160096784317,3.889751151629124e-06
2025-07-28,3.880291918845617e-06,0.16802283757994116,3.6978151103621413e-06,0.1705238220197217,3.636569380688056e-06,0.16835245132244706,3.840553257251706e-06,0.16486943667679235,3.6881175253691254e-06,0.17085778268625287,3.7819740920333e-06,0.16447671610283832,3.90738383677856e-06
2025-07-29,4.356240409157493e-06,0.1537735013827766,4.289132157423146e-06,0.1516711145232986,4.090277508199826e-06,0.15102948820104978,4.36766366597212e-06,0.15908399043318375,4.399535076972941e-06,0.1619994764910929,4.196030655759518e-06,0.15651257883842856,4.436824543765401e-06
2025-07-30,3.8046364796307103e-06,0.25527159659034576,3.936577226086746e-06,0.2483805569577133,4.177081307756389e-06,0.23145012057874634,4.070585577379666e-06,0.238491439367727,4.182526013723414e-06,0.2442143317387532,4.288325749733675e-06,0.22872294133137186,4.532690638005193e-06
2025-07-31,9.017190174865842e-06,0.12758550078328176,8.590269527288072e-06,0.13094377113668348,8.676515586739126e-06,0.1288310775232078,8.342556641978622e-06,0.12914587478253,7.967383638002427e-06,0.13609252240039596,8.104171834704998e-06,0.1337140006725613,9.861471586757357e-06
2025-08-01,1.2227990433087571e-05,0.1064275322172571,1.1345588813014648e-05,0.09599295878487095,1.1533673317007985e-05,0.0925540635679184,1.0429099818059061e-05,0.09086146273635999,1.0113819674944972e-05,0.09320085673431022,1.0258379171752973e-05,0.09076936145054391,1.0985822943940453e-05
2025-08-04,6.40158854166604e-06,0.15147081873505466,5.857742146605449e-06,0.14792126723528617,5.875080275081077e-06,0.14600811674033853,5.935278308070218e-06,0.14315649944705439,5.622257818002941e-06,0.14881397034916377,5.694677950560284e-06,0.14369294581937503,6.088513636501362e-06
2025-08-05,6.2340734792225115e-06,0.11609616180296356,5.964064067814906e-06,0.1115413261447404,5.863654527364091e-06,0.10914926551088977,5.900840059753163e-06,0.10801674158471049,5.770700040599657e-06,0.10098313178663659,5.604590703205527e-06,0.1015598459558666,5.813417338586398e-06
2025-08-06,6.190173001132354e-06,0.12923410553853035,6.097839136894218e-06,0.12893282174316065,6.097205374370227e-06,0.1304855512560957,5.81699170747939e-06,0.12794375441653083,5.633172660750397e-06,0.1249132762559551,5.659750474842962e-06,0.12202673466246261,5.5017149255809325e-06
2025-08-07,7.3086734981317985e-06,0.1202735904372168,6.940081184812249e-06,0.12056114127209937,6.877827779539285e-06,0.12450194547511924,6.898384450176146e-06,0.12129281058883358,6.670699364420276e-06,0.12288969318184384,6.54297553730894e-06,0.12447418278765754,6.98542257704456e-06
2025-08-08,5.989304587548658e-06,0.1635215939603092,5.696488367940883e-06,0.16322163841765983,5.77964376077708e-06,0.15714698757802656,5.747244988068072e-06,0.15737220657302428,5.622109666837238e-06,0.1639857114836101,5.625184959877074e-06,0.16005744464356875,5.924379846655299e-06
2025-08-11,5.234951057018563e-06,0.12274720934095273,4.913247427699946e-06,0.12040426861162802,4.89928816000646e-06,0.12137912673172091,5.0783414720959864e-06,0.12091450347179099,4.9788552850365175e-06,0.12082321508555477,5.0385695788055435e-06,0.11746117260967164,4.936593075003042e-06
2025-08-12,6.13423048622347e-06,0.16888985684394375,5.8747323937547546e-06,0.1688501164924753,5.858879092967017e-06,0.16514557543603398,5.601445514459169e-06,0.17200862217114143,5.464654628073352e-06,0.17217875644265432,5.466518650506336e-06,0.1673031993702332,5.45423140774713e-06
2025-08-13,5.673655689611504e-06,0.38033876771274944,5.618499794450023e-06,0.38327145601502927,5.532317906478716e-06,0.3949454729620779,5.645486369380871e-06,0.37672552815639637,5.717432698820892e-06,0.37432279679990527,5.727442405871301e-06,0.378210204658032,6.95824352051328e-06
2025-08-14,5.2078272699019995e-06,0.1999679563342173,5.036225574161087e-06,0.19552036711896473,5.056096073613578e-06,0.193631993352025,5.065263042623112e-06,0.20445912342882436,5.025219949702792e-06,0.20353355534218945,5.096955491761731e-06,0.20461782441329066,4.794690931539925e-06
2025-08-15,4.685896024899562e-06,0.16529436730907163,4.492760411077364e-06,0.16232841639472426,4.467029323070114e-06,0.15714511023401068,4.500588998629296e-06,0.1532095632223072,4.4774719789158846e-06,0.14916761086087624,4.554299003112601e-06,0.1504327870106372,4.245983259104189e-06
2025-08-18,3.6758338476409266e-06,0.1898133439204701,3.5481906799281367e-06,0.18555232491405294,3.519063004468995e-06,0.1834516301917686,3.5973406430833726e-06,0.174152883692871,3.6000922529405326e-06,0.17686739067171287,3.5921767795901484e-06,0.16669336704317905,3.1522127118673733e-06
2025-08-19,5.5486558880457245e-06,0.15979815169197473,5.439962854358994e-06,0.1611227377090044,5.468161457585185e-06,0.16420505646248099,5.606525481935664e-06,0.1581642438968208,5.483885771472899e-06,0.15894406650880977,5.5374573573708625e-06,0.1593763117898371,6.2074102956653315e-06
2025-08-20,9.366659093029956e-06,0.11726214499091338,9.618553002821515e-06,0.11700273677685157,9.748079421437778e-06,0.11748446247372625,8.658030419705653e-06,0.12299137858333682,8.801839114669919e-06,0.12082323189388894,8.638240125634457e-06,0.12297156145092651,8.848276656401998e-06
2025-08-21,5.440022577813082e-06,0.11510149048847518,5.504974862055942e-06,0.12021269088194013,5.284615913779554e-06,0.12245912895829876,5.214016068660164e-06,0.11438620717256036,5.163158212909472e-06,0.11674921657411928,5.138380282641925e-06,0.11899684960100511,4.856982708416587e-06
2025-08-22,8.473541965570556e-06,0.2077382145397693,8.22331103407912e-06,0.19842117924190183,8.273194719987442e-06,0.19802077372093144,1.328539035639608e-05,0.22562134093752848,1.2788488491637032e-05,0.22117553727616387,1.1272496529349005e-05,0.21191144922818209,6.385622778554038e-06
2025-08-25,4.119430431732466e-06,0.17142889377770154,3.966788339371865e-06,0.16611665256163652,4.0348699355379845e-06,0.16994383462773646,4.0680549122448814e-06,0.17627378573279695,3.952112980600722e-06,0.16565025830644856,3.972683869940267e-06,0.16534231833638194,3.4910838123429103e-06
2025-08-26,3.2074701823006944e-06,0.1821781299666891,3.2429764129819675e-06,0.1846251232721854,3.260988919363325e-06,0.18650502458329768,3.223119984677041e-06,0.1956251927669248,3.227183618978041e-06,0.19350300657070377,3.2475728620398885e-06,0.18607978025208027,3.164184168074166e-06
2025-08-27,3.0228963251003357e-06,0.27343636515266184,3.1996680036961486e-06,0.26518717311317785,3.2398589553879673e-06,0.2577359482544263,3.188660745649618e-06,0.2683008009557641,3.19993418343132e-06,0.26316771589890076,3.20674214693501e-06,0.26551523120218296,2.675164389340635e-06
2025-08-28,4.991469986084665e-06,0.12413705498663619,4.983464295516455e-06,0.12539893185005624,5.051589435892745e-06,0.12632385222844245,4.720151036268625e-06,0.11659711434450054,4.584167880263521e-06,0.11481398427344953,4.606511578711147e-06,0.1124009185004637,4.424591177445275e-06
2025-08-29,5.308487206166291e-06,0.1680051372168538,5.15251233903202e-06,0.16583309858803116,5.169630600402195e-06,0.1681551786044123,5.04062036951943e-06,0.16886134508620562,4.8121372521458295e-06,0.16673279194382165,4.998433195053997e-06,0.16531623908220336,5.174640132313848e-06
2025-09-02,5.850458324072542e-06,0.20434299154529714,5.7776852925481804e-06,0.2005912525118122,5.914093020276319e-06,0.201316647592068,5.424780417405323e-06,0.2191268691610405,5.4016962216195835e-06,0.20599336748167338,5.4507700885292705e-06,0.20797461144935925,5.693060348610846e-06
2025-09-03,5.539020691323248e-06,0.09178588095996865,5.600472466115632e-06,0.09063164004386415,5.624458800210988e-06,0.09042695648974368,5.576612808551533e-06,0.08982609904419618,5.287656736520508e-06,0.08965138591951087,5.28268096789093e-06,0.09209111954341893,5.532376739915865e-06
2025-09-04,4.818686961640026e-06,0.11083169014395172,4.8154630077758085e-06,0.10988635392159757,4.743257948923019e-06,0.10935456215458343,4.295416334123368e-06,0.10040746281922415,4.2951203262045254e-06,0.10593812173753835,4.192446131886976e-06,0.10662943008984703,4.1528128409073276e-06
2025-09-05,9.552646869572177e-06,0.12101917071765904,8.917426550390965e-06,0.11935571614443054,8.954053934905842e-06,0.11620140780723015,8.59340374396534e-06,0.1258692713332573,7.894805481145293e-06,0.14459839173241953,7.925447357352e-06,0.13873967052604416,9.735698122365329e-06
2025-09-08,4.793728068551715e-06,0.1347829895248537,4.534959128889888e-06,0.12993623076053304,4.549511142050981e-06,0.13101354635208998,4.604268325152632e-06,0.13145527446757618,4.315308204187647e-06,0.1292929703654608,4.256803139956557e-06,0.12792081909160039,4.059892385853522e-06
2025-09-09,4.209754886044369e-06,0.24790452339991553,4.159505557733314e-06,0.2510592882475086,4.167012341250988e-06,0.24398675044820264,4.3152986064394486e-06,0.23302916011785482,4.295923526908777e-06,0.2239471101037214,4.21239061852028e-06,0.23806953330453032,4.386762509970598e-06
2025-09-10,5.773225357223172e-06,0.11570828358094526,5.839653138516563e-06,0.115330067396478,5.847148902526456e-06,0.11452932257780568,5.634165597967838e-06,0.11746970416324658,5.521875228316904e-06,0.11397974328493499,5.643570547642247e-06,0.11608620887465736,5.891395416845461e-06
2025-09-11,4.832346158695129e-06,0.16600011792406108,4.898946525104595e-06,0.16633469091592581,4.9018939945273784e-06,0.16417987956639443,4.784405384134894e-06,0.1596578248183094,4.759071360460516e-06,0.16383501011212684,4.924807719015827e-06,0.16641590565958675,4.708389025176783e-06
2025-09-12,5.480537379588224e-06,0.2627018891960156,5.542270272347159e-06,0.2542730169879085,5.550052115185438e-06,0.2530948442695607,5.759875125177487e-06,0.23937952362727277,5.723960999795864e-06,0.2500525478998525,6.004888338731876e-06,0.241404968293638,5.696645894899763e-06
2025-09-15,6.2874918292248545e-06,0.17864257322071428,6.263735058875558e-06,0.17894298183328064,6.300887869341685e-06,0.1725450371088201,6.652955688721275e-06,0.17556082184325583,6.500645079405724e-06,0.1778485916540503,6.714170965154276e-06,0.1716435891933047,7.109039210540816e-06
2025-09-16,4.941355755307352e-06,0.13382148549778058,5.113952128262411e-06,0.13498901394618737,5.016560756595549e-06,0.13184830926253763,5.0707827401847585e-06,0.13590141425632676,5.0853657737077975e-06,0.1373240409345482,5.106622800362339e-06,0.1373225413252557,4.473374993659794e-06
2025-09-17,6.579067091057819e-06,0.6033341580499245,6.976846700586513e-06,0.5551753664695618,7.0813523187195025e-06,0.5292356877413216,7.508779052591991e-06,0.5470517221877867,7.818132770351391e-06,0.4474156013231747,7.565578234180915e-06,0.4605652437829495,9.98675115478168e-06
2025-09-18,5.584218098636603e-06,0.14704363610877894,5.865466250150344e-06,0.1512082445133402,5.712818955076154e-06,0.14989043273032665,5.245434437968904e-06,0.1567387343619594,5.222872419958343e-06,0.15334455614009193,5.303035418139752e-06,0.15213868950398426,5.620649241314711e-06
2025-09-19,4.45869782925906e-06,0.12472512835744766,4.515497694047686e-06,0.12425070734764886,4.472491043513534e-06,0.12100582349127724,4.498841983900208e-06,0.12595841822255072,4.513992758246445e-06,0.1233251647018287,4.519825054627312e-06,0.12431510603600222,4.213257714990213e-06
2025-09-22,5.2504533584882005e-06,0.3555116370782822,5.15753948276241e-06,0.35411149932419,5.289658053517388e-06,0.34961610981563584,5.5501037323803195e-06,0.30258529055236794,5.622028851954802e-06,0.32798706231557445,5.639153089455679e-06,0.28557806037997197,5.974675365724399e-06
2025-09-23,5.670076655590436e-06,0.21061772122508224,5.774314277107927e-06,0.21109253713843415,5.98133169617428e-06,0.2084079402252287,5.686460603280957e-06,0.21587478884956257,5.763099250235457e-06,0.212172851296672,5.823276209217193e-06,0.20949288381422546,6.178148887380717e-06
2025-09-24,5.191458566279081e-06,0.12601922507374688,5.456716326711175e-06,0.12839106941303874,5.6006312650723294e-06,0.13080318129345933,5.09727254779456e-06,0.11998921302109311,5.204402507167466e-06,0.11583615967654831,5.252978285402469e-06,0.11992117526039985,4.8783346426058204e-06
2025-09-25,6.930117535430016e-06,0.13499016736185113,6.914753459411502e-06,0.1349916085294522,7.03846590430526e-06,0.13143856912700788,6.545728918453344e-06,0.14025338887818006,6.518399081314163e-06,0.1363931551544927,6.589917000434724e-06,0.13734044711523472,6.819944903316352e-06
2025-09-26,6.0484239692054965e-06,0.12692113268414293,6.008343996950842e-06,0.12433166972676672,6.1143053032614845e-06,0.12691130803294393,5.474386721176698e-06,0.11054553599726209,5.636966195299096e-06,0.10711661542264916,5.621160464628841e-06,0.10520401395523697,5.197724903558554e-06
2025-09-29,4.335518080205665e-06,0.16042676291471636,4.284473800963855e-06,0.15621606493615128,4.293961252654563e-06,0.15735157419889725,4.314727249122853e-06,0.15766539688710093,4.433731872795422e-06,0.16053072947042477,4.431646476548413e-06,0.1581449373438358,3.580788145766491e-06
2025-09-30,5.097195538652357e-06,0.141672327948991,5.104433249789905e-06,0.1412063863670466,5.370868047320674e-06,0.14410238448848936,5.092259424280266e-06,0.13159654433148743,5.147462121028502e-06,0.12670488660474466,5.227479204394338e-06,0.12964668195648493,4.993097034647248e-06
2025-10-01,5.259899455379219e-06,0.16388418201648455,5.378774229600147e-06,0.16154399377047887,5.656749642329672e-06,0.16021851098762613,5.071705168121779e-06,0.15559163248466748,5.273732928527333e-06,0.15869596005308823,5.473775620183047e-06,0.15649566904732157,5.101755512169305e-06
2025-10-02,7.302149294703605e-06,0.1847310829791804,7.525143304294128e-06,0.18668116724098685,7.431116233418487e-06,0.1872951454598143,7.13139818672382e-06,0.1963161011674397,7.184836177424246e-06,0.19548843147585063,7.402115293479645e-06,0.19540130411657064,8.189810040258314e-06
2025-10-03,7.314953852636683e-06,0.2131264947401091,7.3807196712881125e-06,0.2060812352656833,7.716369369531155e-06,0.19900662676525752,7.3115082557590315e-06,0.20372401481949165,7.132134775031805e-06,0.19783574012609764,7.485126744861467e-06,0.19268665458744771,7.682990911305931e-06
2025-10-06,6.125587079727012e-06,0.2102473700136469,6.065412521386226e-06,0.21013525216804727,6.161237202219736e-06,0.21475258657438054,5.641354261702457e-06,0.21131080617683218,5.781412934202013e-06,0.20306749077442834,5.650559405735946e-06,0.20712192917710512,5.624798771380612e-06
2025-10-07,6.666261158727576e-06,0.23978587855373215,6.6611945809656575e-06,0.2463578973448265,6.724795493578222e-06,0.2418812032924612,6.778380345052617e-06,0.24252035848980893,6.932122842451966e-06,0.245639925145569,6.848460381429356e-06,0.2418432262510801,8.489269694214353e-06
2025-10-08,4.688312949110141e-06,0.1341518256229782,4.849020665020349e-06,0.1401245576326967,4.8742831207657074e-06,0.13817983443231194,4.698518941065095e-06,0.1246073606320859,4.661216839985829e-06,0.13144518138531502,4.686190957180805e-06,0.13248907473506918,4.30280273245024e-06
2025-10-09,5.73493585714853e-06,0.1909367979614528,5.815157993854353e-06,0.18369808899724982,5.916770591562384e-06,0.18012132847915907,5.54077357941598e-06,0.1983481389950427,5.638348036620979e-06,0.206515880653681,5.6899442816219335e-06,0.2018788224009642,5.699428230154377e-06
2025-10-10,1.611809846325343e-05,0.5702188741629995,1.6137044478945824e-05,0.5759397083096421,1.677358254780079e-05,0.5637493870933326,1.5070507308633242e-05,0.6561353718168604,1.4813052958163801e-05,0.6235324747738552,1.6184889900746635e-05,0.6504196950589526,2.1247073962105465e-05
2025-10-13,7.956942638095066e-06,0.1330841729350201,7.590529468603886e-06,0.12507660686190825,7.620440009364249e-06,0.12386577708679575,6.637314025234933e-06,0.10579566133047617,6.554835737870809e-06,0.10429963206798519,6.554705966130382e-06,0.10649630155262751,6.417801408238003e-06
2025-10-14,7.131065389715561e-06,0.17380421389116704,7.110292528467343e-06,0.17184854210738554,7.009473658697821e-06,0.17786037275231248,6.3387149000341314e-06,0.18866869231019912,6.549070379944265e-06,0.1863843742838216,6.39978426012442e-06,0.1876444080343516,6.754447441948241e-06
2025-10-15,7.802445112235687e-06,0.19889341210795242,8.007532509733337e-06,0.19521750039745253,8.119119219999063e-06,0.1996258463673426,7.812456225144054e-06,0.178630503912835,7.747113668874334e-06,0.17928366333668108,7.556091767403331e-06,0.1813082240168482,8.22821819779099e-06
2025-10-16,1.0157919327235946e-05,0.15214469107215653,1.0125601660437143e-05,0.15136123056919895,1.0080199877579462e-05,0.14777275789011157,9.511249016275684e-06,0.1613953102155505,9.78531139857726e-06,0.1581176580676195,9.802706964572033e-06,0.15556406654231533,1.1317559963808775e-05
2025-10-17,9.555068764010224e-06,0.0778637551370499,9.397499515838999e-06,0.07434761819414591,9.463118877221058e-06,0.07611695072586204,7.963101418717323e-06,0.07361834758142553,8.3500861709051e-06,0.07821169628675918,8.290611854599576e-06,0.07605112064906792,8.449729936707013e-06
2025-10-20,4.983955941712531e-06,0.17484692994893977,4.9668605272887284e-06,0.19594452896499595,5.722582291172507e-06,0.2587474822957579,4.934549599551313e-06,0.17226143303593497,4.4460884874602505e-06,0.1816910791285703,4.652124110131133e-06,0.18311717002650493,4.650361648847534e-06
2025-10-21,4.657426045083375e-06,0.17072648988778807,4.815647465118443e-06,0.17490450278174494,4.833348698608514e-06,0.173135433536291,4.349355301964014e-06,0.16131056843449113,4.420364834406042e-06,0.16623003100855702,4.4308873579267e-06,0.16949623138983186,3.681374240597858e-06
2025-10-22,8.750608360349663e-06,0.3408620652716295,9.142275968102242e-06,0.32518849557441815,9.010975118720843e-06,0.3347585780429465,8.910138880987886e-06,0.3298212464465266,8.933610183405875e-06,0.3338143059711045,8.618021799778487e-06,0.35692512697510265,1.0062464050870536e-05
2025-10-23,7.317275081812608e-06,0.1652806114044653,7.4590141972265565e-06,0.17183495420318762,7.438183107394881e-06,0.17152620656310333,6.80717881456499e-06,0.1524126908270346,6.643582159289249e-06,0.16092016529946304,6.60904862352939e-06,0.1782263213545735,6.790772229969113e-06
2025-10-24,5.087089064895891e-06,0.15704812697719958,5.187400741577321e-06,0.15653266563282772,5.217489154742178e-06,0.1578707697115514,4.759709685511174e-06,0.16671712689847595,4.901516825414529e-06,0.16798452409465267,4.925459366956002e-06,0.16352952660041567,4.550029493259329e-06
2025-10-27,4.4629512174470604e-06,0.31303186430028385,4.4778348140180105e-06,0.30099815336856967,4.5866704829418896e-06,0.29000693183324194,4.6123333308063265e-06,0.29134250608316936,4.706809693016466e-06,0.2824071417805309,4.9784247008811284e-06,0.2777182235442072,4.907019271609094e-06
2025-10-28,6.369494674938059e-06,0.2837313648341055,6.57744403878033e-06,0.27673936210984285,6.6465449019297296e-06,0.27074645463093094,6.44590391925573e-06,0.2970246962788691,6.844686425460984e-06,0.27111481633687745,7.0040129497893666e-06,0.2625681506620444,7.261304086094297e-06
2025-10-29,8.234565453959692e-06,0.34900542595297135,8.635245342907782e-06,0.33371088180766956,8.775906655558956e-06,0.32836656788825946,8.405109165836591e-06,0.3555680026512931,8.74763806426359e-06,0.3277507429577538,9.025334436826571e-06,0.32451706612236325,9.912521983872427e-06
2025-10-30,1.2379080513923909e-05,0.12443130708971473,1.251942655797839e-05,0.1266037700733759,1.3107681807050108e-05,0.12588181153721476,1.1407327381804133e-05,0.13669992493797864,1.111455928714299e-05,0.13931804761187724,1.0885417028484203e-05,0.1380406395093083,1.1377840599248077e-05
2025-10-31,1.1361460022260934e-05,0.12709229519224055,1.1017750828929586e-05,0.12096719643818715,1.1325087163900212e-05,0.11743363856965304,1.0187579321873714e-05,0.11937757864326483,9.95924574196866e-06,0.11704065568027082,1.020237395934733e-05,0.11600323463060223,9.833170920764911e-06
2025-11-03,9.1753727687713e-06,0.14171750799506613,8.77332265736384e-06,0.13378278614142095,8.921657249293842e-06,0.1335768830040542,8.188758632013265e-06,0.13670709656144034,7.983584456333892e-06,0.132750954233851,7.943309141460877e-06,0.1306556444654332,8.208037131156265e-06
2025-11-04,8.385678349124189e-06,0.10592711228462637,8.246364878326347e-06,0.10448207309441505,8.415287330167403e-06,0.10554969032400181,7.84687484538028e-06,0.1119630112152586,7.654335144538212e-06,0.1136638147597117,7.669932072271086e-06,0.11240106227812856,8.058561730897094e-06
2025-11-05,7.497373032280199e-06,0.2917260443544631,7.809359416260115e-06,0.2866849384752505,7.944166369798667e-06,0.29876040702058493,7.114080476583601e-06,0.25143095165040935,7.134040665237088e-06,0.26436040114889525,7.037470548937215e-06,0.25966340117580483,7.241689308969318e-06
2025-11-06,1.5023889004411566e-05,0.11801179408033685,1.5233477532750711e-05,0.11735613350039577,1.5544971589897524e-05,0.11692218858928032,1.4641586291932054e-05,0.13445305139803831,1.448674719285778e-05,0.13563504979850233,1.4215118996274936e-05,0.13416223508219235,1.762342627056516e-05
2025-11-07,1.4794907065704461e-05,0.09332358948792545,1.4528862021444508e-05,0.09468234196152366,1.505992657310344e-05,0.09421740917310184,1.2674829151465751e-05,0.09219924527644487,1.2290691711488243e-05,0.09712185984890324,1.2416749643571772e-05,0.09406529029142707,1.3123398152683377e-05
2025-11-10,8.17774641691007e-06,0.16384764988072084,7.741347106508901e-06,0.15830665913036296,7.756383464784135e-06,0.1558106561535859,7.575419189657278e-06,0.15559916724896233,7.3855735022942566e-06,0.16023413528528385,7.343366893738335e-06,0.158227768625661,7.598326884499928e-06
2025-11-11,5.679697185527233e-06,0.12380459671475248,5.6634568954850925e-06,0.1261708867136934,5.731983323891893e-06,0.1302021773922987,5.522404813121007e-06,0.11981625971056555,5.472426944774673e-06,0.12270685261476605,5.476850273525504e-06,0.12030106045673428,4.756096266257202e-06
2025-11-12,7.132161307113763e-06,0.13569611755190025,7.365258281851196e-06,0.13129768702975422,7.507500663537032e-06,0.12962297635713294,6.9621864647555365e-06,0.14103823994121875,6.765671785506753e-06,0.13520670526110076,7.062152316126086e-06,0.14048500416757356,7.4233018755111936e-06
2025-11-13,1.1943410496649941e-05,0.08214812823038573,1.2005082195944356e-05,0.08141333209005443,1.2358871520003816e-05,0.07913534809701554,1.1361775340051446e-05,0.09028738956595368,1.1323614332388889e-05,0.08628526618950157,1.1521196095855171e-05,0.08434443342041309,1.3071868653308738e-05
2025-11-14,1.3783672877659754e-05,0.1121040307490606,1.3854668961239649e-05,0.10911296649706632,1.4215477176751785e-05,0.1097863890484203,1.2537416771509658e-05,0.09740786018144341,1.2208873537980276e-05,0.09759178349527275,1.2008838870664106e-05,0.09369865457663042,1.2947516307957574e-05
2025-11-17,1.158435128922693e-05,0.1508254279954058,1.1252593730900287e-05,0.1488506417798126,1.1424571621265619e-05,0.14723179124962008,1.0734606126401441e-05,0.16026968056723515,1.0487162962572672e-05,0.15642064528109764,1.0136806148480528e-05,0.15625222464027735,1.0886402418127652e-05
2025-11-18,1.812858254639726e-05,0.10170671021091647,1.8331638838564508e-05,0.10208909472808929,1.8660882356323586e-05,0.10032471052668888,1.631539940572018e-05,0.12698560189257757,1.58792855199751e-05,0.13228660083447216,1.567957238076717e-05,0.12958589038672444,1.8082467923603216e-05
2025-11-19,1.1625534215649249e-05,0.12308236007282354,1.2148058570503217e-05,0.12672674932973482,1.2616566552764591e-05,0.12842262286556502,1.177580560233445e-05,0.12217253993189466,1.133116692972591e-05,0.11975693850769391,1.1315537949557298e-05,0.11906399121949152,1.07219771530563e-05
2025-11-20,2.4581757628763922e-05,0.0964790420007121,2.5109993617152874e-05,0.09331631020545424,2.542674831651713e-05,0.09277053578001536,2.414551427176716e-05,0.11046730205338784,2.329686334162749e-05,0.10964151888257663,2.3631618015041098e-05,0.10765216467321072,2.880100160007857e-05
2025-11-21,2.333270468681373e-05,0.20132275245593734,2.3439251018232557e-05,0.20700774358575671,2.4622729729936273e-05,0.20194905897468474,2.2844376293081652e-05,0.21619935949626182,2.0713809832684107e-05,0.2093004673741082,2.1264086373435763e-05,0.2045903284246323,2.257562963120924e-05
2025-11-24,9.864979952512714e-06,0.1570620667767246,9.273585572346713e-06,0.14324012567806918,9.612609114875198e-06,0.14825893886426292,8.808136627699246e-06,0.12701772257557206,8.338967933228017e-06,0.11352499844168056,8.262191613833695e-06,0.11504749621438533,6.867528077895371e-06
2025-11-25,1.033574989170546e-05,0.17196581824675725,9.993544913341992e-06,0.16616102205725533,1.0522977303866976e-05,0.1762568141803167,9.227549650098256e-06,0.15426528113263457,8.421767427770445e-06,0.12850284736924086,8.751518906882862e-06,0.13161367107694164,7.6262680204602385e-06
2025-11-26,6.010628285806141e-06,0.20930492769745812,6.009241403945614e-06,0.2073037347644232,6.116299867360767e-06,0.20937270918890513,6.16773703081324e-06,0.22465713105786508,5.259780003353135e-06,0.18375236697564246,5.37035187499172e-06,0.18839390399342296,4.3916316689779196e-06
2025-11-28,5.067575392951877e-06,0.11241254995064513,5.017933648168948e-06,0.10987241589101489,5.385275092580999e-06,0.12590838388586675,4.553445742708771e-06,0.10059374079599372,4.464543759295551e-06,0.09266200458633567,4.612458856285711e-06,0.09511020044604006,4.030442855155538e-06
2025-12-01,5.199362703538134e-06,0.14356603055516684,4.949999750510801e-06,0.13785815892156802,4.909516443286054e-06,0.13783808323583258,4.506147351543304e-06,0.12900661877321118,4.459925495659662e-06,0.14197061762580807,4.522509804897534e-06,0.13517074663656883,4.025785121265391e-06
2025-12-02,6.40504084330254e-06,0.20153589451182632,6.290518795047323e-06,0.19992363718679637,6.3318676510612565e-06,0.18971945441455385,6.059356155618235e-06,0.18071724921701435,5.8780989661776266e-06,0.17643189987680297,5.953493607989541e-06,0.17308395782092592,6.0999434346343816e-06
2025-12-03,5.9660831617467025e-06,0.21687783295903665,5.853002755972417e-06,0.2232717982667143,5.938800114616535e-06,0.2152646376585241,5.584715808612497e-06,0.23024039427012497,5.435748392429752e-06,0.23586101579647067,5.52851772815632e-06,0.2301577104008431,5.635831295605447e-06
2025-12-04,6.527249524929646e-06,0.16155337713743126,6.541227277311677e-06,0.16527851781351457,6.573531434967512e-06,0.16285508202850277,5.888419023993629e-06,0.16354528304062121,6.0066510944392716e-06,0.15504960516991206,6.01854530766317e-06,0.16300431748710792,5.737167738675663e-06
2025-12-05,4.505674393586062e-06,0.14902781082503871,4.488865745386671e-06,0.15683117105505864,4.492197147731982e-06,0.15557172289946028,4.259040134056386e-06,0.13902794021981263,4.24129868672442e-06,0.14054067315567648,4.29788112613129e-06,0.13935669768902767,3.720647400763647e-06
2025-12-08,5.156177911569106e-06,0.33490503985011094,4.9404632196421205e-06,0.34285942726209484,4.971714657910579e-06,0.339882215053819,4.922765170148e-06,0.3812850813187354,5.021704682084982e-06,0.4012543280597732,5.078220063051005e-06,0.39149991028466036,5.2872921841544e-06
2025-12-09,3.552078322976822e-06,0.17214249681342633,3.624777731786142e-06,0.17968854321066374,3.6113609775616926e-06,0.17627930160766025,3.4547832411492443e-06,0.1658002383790723,3.537771652940126e-06,0.17475624014638766,3.528229465837689e-06,0.17470696597662824,2.5466485135427673e-06
2025-12-10,5.1841776910353856e-06,0.3405587456228623,5.239317470477731e-06,0.3083068983638342,5.270823739217711e-06,0.30565650577138087,5.322079090659075e-06,0.2967398433677349,5.354537342244755e-06,0.28622410472534443,5.410624663101736e-06,0.29521568012962124,6.231552577522272e-06
2025-12-11,5.0099409266430535e-06,0.16646055185527206,5.089058050047206e-06,0.16928594796463625,5.140926847498406e-06,0.1697999073672536,4.734890929710537e-06,0.1647098715744229,4.903950991564708e-06,0.15825302004836758,4.980515776782416e-06,0.1568529105848521,4.48421902839054e-06
2025-12-12,8.414969451723111e-06,0.1730056177162265,8.225099147975862e-06,0.1688414660389049,8.17920630565031e-06,0.17337532363909017,7.942066158319452e-06,0.18304054415397122,7.902940169855271e-06,0.178670244128924,8.05747230387361e-06,0.1799630913579935,9.288329635091919e-06
2025-12-15,7.998018467606249e-06,0.08341741130122682,7.814709736744138e-06,0.0811568595713986,8.009810435232272e-06,0.08552048861182134,7.064764388611929e-06,0.07531072613651421,7.023831884185333e-06,0.07626568011785084,7.207470492232041e-06,0.07542769648219147,7.0754025539856155e-06
2025-12-16,7.591163385113595e-06,0.11025145559322502,7.53531735701853e-06,0.11067119760887974,7.318608980292043e-06,0.1102914459999368,6.718610936861217e-06,0.09245531808419372,6.499913001984879e-06,0.08721070483448227,6.685138588526321e-06,0.09107805285498172,5.819156693505657e-06
2025-12-17,8.467235164890921e-06,0.09302095055696569,8.654959074136929e-06,0.09770926987803145,8.834140823549945e-06,0.09617172246391172,8.020208739899897e-06,0.1087238613905172,7.782866685904663e-06,0.10654445480174109,8.018374250773216e-06,0.10564996007577104,8.100454235618507e-06
2025-12-18,7.354042880618206e-06,0.12927341378805854,7.371329198607712e-06,0.1287923777454508,7.423785241424076e-06,0.13085277021387332,6.7187801491675506e-06,0.12851656314314244,6.523051157069357e-06,0.1321379043839365,6.518141628363399e-06,0.1308949497338681,6.149912997978985e-06
2025-12-19,5.326694256125983e-06,0.17887313712932393,5.1523612593432205e-06,0.17606075512471742,5.2316810832756935e-06,0.17772041090938126,4.919263754816515e-06,0.1757235966770637,4.4342035832802805e-06,0.16619520320698802,4.655994043978403e-06,0.17305098532513272,4.558800886488342e-06
2025-12-22,3.849213012924847e-06,0.16496245813015806,3.622236792849635e-06,0.15821232784904465,3.5481023222539533e-06,0.16068398871697812,3.8065563329626658e-06,0.18641246607131726,3.563245934821647e-06,0.17732145427540305,3.520268615248278e-06,0.17174268369676318,3.0862704978639855e-06
2025-12-23,3.1281928156378788e-06,0.1587272556735608,3.050037803077495e-06,0.1564270536103445,3.094809480417644e-06,0.1578944739336801,3.2401177558186593e-06,0.18381354562844368,2.883992278074358e-06,0.16628624016337945,3.0337768045415334e-06,0.1762534222887149,2.49311721345017e-06
2025-12-24,2.583034076857103e-06,0.11693162369021178,2.7110800861215617e-06,0.11609006667254923,2.7566870203144556e-06,0.12020507524526393,2.6221494051391046e-06,0.12599332982717384,2.5190628634593403e-06,0.13704398699467893,2.674363047251912e-06,0.1207090641548666,2.6105295989167165e-06
2025-12-26,2.2538049575954227e-06,0.18582721337448774,2.2327451327799963e-06,0.18729713803649448,2.2865365148655403e-06,0.18554675954512098,2.2953920045153347e-06,0.19755916541928817,2.2669482367612365e-06,0.1906046263211804,2.358701001510806e-06,0.20129119010482185,1.8704419422953134e-06
2025-12-29,2.8404757513990317e-06,0.12255024776114674,2.787828042385749e-06,0.12147237364985099,2.8596772375766327e-06,0.12269963241182606,2.5515118215675545e-06,0.12179451115032112,2.5825900834390737e-06,0.11830801758979037,2.6340827642040063e-06,0.11921932534762791,2.2028786932371563e-06
2025-12-30,2.2585116919052248e-06,0.1277570304532286,2.2915926891918914e-06,0.13193580665705953,2.3537168022325484e-06,0.1331158701324564,2.271393607309322e-06,0.1473485651736717,2.1911078002854874e-06,0.1343257317241611,2.2637382111680393e-06,0.14256928885926354,1.8013466002768075e-06
2025-12-31,1.930737204638057e-06,0.1391158104367375,2.0387724380186504e-06,0.13916612308440948,2.126968123787497e-06,0.14720318799804386,2.0205199006352583e-06,0.17384458092581886,1.970011674943403e-06,0.190080635568686,2.0208625729096746e-06,0.20318805837025175,1.7888577652885474e-06
2026-01-02,6.471460323394866e-06,0.12082772710816059,6.240245687782356e-06,0.12261841640338418,6.455708378592183e-06,0.12309839333339934,5.246406817428313e-06,0.1548525347854354,5.52636755308939e-06,0.14398755070976768,5.834359552927598e-06,0.13555318508338685,6.812447182750525e-06
2026-01-05,4.493095716638298e-06,0.12475816721415604,4.39877845950832e-06,0.12086570531144913,4.4455183164273e-06,0.11904265391570373,4.132505968369982e-06,0.12705236938203165,4.184294968992606e-06,0.11843435279894693,4.218495874675393e-06,0.11771701224376911,3.846590270742633e-06
2026-01-06,4.569674928005587e-06,0.1635524336850909,4.60376872685483e-06,0.1600101699238803,4.6658028070379e-06,0.1549716181794538,4.549107302552077e-06,0.18447512876895486,4.521910348127549e-06,0.1829976947508076,4.714001783470441e-06,0.17213854733484166,5.548744077028911e-06
2026-01-07,4.951949637699411e-06,0.1789292747795241,5.128411924536576e-06,0.17887840546013697,5.154917112646566e-06,0.17984482470397892,4.679191697980411e-06,0.17770490051714727,4.610307538300514e-06,0.17202733450801047,4.570965987828543e-06,0.17382301294719224,5.14466577584409e-06
2026-01-08,5.206614454129833e-06,0.12389436253455621,5.333115360649859e-06,0.12599245735611866,5.423729279240929e-06,0.12868139749302743,4.8012786900821026e-06,0.11788635932388057,4.997521425120092e-06,0.11785061032487863,4.918417217285133e-06,0.11169168200815512,4.380405516382919e-06
2026-01-09,4.998701853017693e-06,0.14325935464696252,4.803094093965567e-06,0.13691640524638385,4.830017335987032e-06,0.1366051641956093,4.6266971081552105e-06,0.1282565648343526,4.54877764109033e-06,0.12224835381966782,4.618124587464843e-06,0.12327563207824754,4.072271644442279e-06
2026-01-12,3.697818636775273e-06,0.1937673419376088,3.5400672281828138e-06,0.1950073165606363,3.508318760069783e-06,0.19124572513195248,3.4963106592588157e-06,0.2000238605987412,3.616846298598836e-06,0.20168388549611896,3.5688833044609264e-06,0.20944038220539252,3.5902017627581552e-06
2026-01-13,5.374995491144305e-06,0.1296718765133492,5.243168781010999e-06,0.12666808813007546,5.402453250569268e-06,0.12880357120392025,5.016393998321367e-06,0.13052933376844672,5.053558907792999e-06,0.1309811840793911,5.173687408692158e-06,0.13205855681515713,4.993940743444064e-06
2026-01-14,5.6717584427461355e-06,0.2281815114994803,5.752446498536555e-06,0.22118946642400658,5.891127266811017e-06,0.22222777739615673,5.478739910175486e-06,0.23892066349566224,5.5818219026089046e-06,0.2373215841535152,5.6815443376090564e-06,0.2375861928768149,5.279308835503735e-06
2026-01-15,4.841169596189642e-06,0.16399974407189238,4.785631281167292e-06,0.16383562530377563,4.857176203128221e-06,0.16583826769395185,4.732318199578094e-06,0.16872087425879614,4.5762820189281985e-06,0.16334563363690421,4.847820655112593e-06,0.1669910256257714,4.411775182344472e-06
2026-01-16,4.102856749834155e-06,0.15355033672909088,3.790039029649065e-06,0.1503221253873029,3.8093540812463215e-06,0.1478937653466201,3.903059605678738e-06,0.15461844522158877,3.795438516068267e-06,0.1610128539272837,3.904150178589418e-06,0.16216393089615389,3.655365114694751e-06
2026-01-20,5.606276789183054e-06,0.11623273171072124,5.60192749856541e-06,0.11470998109396331,5.8853627814341705e-06,0.1193239059068207,5.050944656066767e-06,0.12551058866204268,5.296744322148423e-06,0.12041411905078736,5.467131890106984e-06,0.12176672727818884,5.091603431959504e-06
2026-01-21,7.565947276999768e-06,0.6362729128010729,7.707041509607194e-06,0.6178348815086749,7.887791217714055e-06,0.6093061962189931,7.687878878458633e-06,0.634018107855075,7.818236746394387e-06,0.6105159616536112,7.674173261198528e-06,0.6385225832764888,1.0472154947332524e-05
2026-01-22,5.883133532471989e-06,0.19009625388554854,6.00936346174599e-06,0.19550498155003015,6.007022999025582e-06,0.19508197081537115,5.7063456828655705e-06,0.19456943935792084,5.821811680259612e-06,0.18901429223317442,5.861086198526822e-06,0.18898408967350658,5.018041469658624e-06
2026-01-23,5.55259737189363e-06,0.14224754067746734,5.509717558819302e-06,0.14050389527108822,5.4758846633509684e-06,0.13568603942550464,5.407434719157195e-06,0.14308058287407915,5.673201832268257e-06,0.1525418441396158,5.594514681307547e-06,0.1460262768625141,5.044158327619702e-06
2026-01-26,3.961224610915676e-06,0.1698806130393992,3.994962930223437e-06,0.1718139214881774,3.979104341794601e-06,0.17141489592034678,4.082777967161326e-06,0.18062954794608252,4.234388906030811e-06,0.1837563381888195,4.3175590382589556e-06,0.1910330545767572,3.5702858336018666e-06
2026-01-27,3.725040977173231e-06,0.13690220017866203,3.934023119118159e-06,0.13895819435662773,3.884764324853551e-06,0.13334991333951765,4.023325537305513e-06,0.1365985501155689,4.198088658136012e-06,0.14469482819872462,4.2392177623505055e-06,0.14689427723126,3.510065772010692e-06
2026-01-28,4.836984529424052e-06,0.21628324894276774,5.238492469214653e-06,0.2001123214067767,5.175683424455757e-06,0.20089726506299596,4.991869613488311e-06,0.17339719145876945,5.4452411786515725e-06,0.16903317045675384,5.123928355867571e-06,0.164968612123195,5.325395718829589e-06
2026-01-29,1.3466789744722182e-05,0.13132486459615275,1.236547853556303e-05,0.12567580545529736,1.2658572762709458e-05,0.127856406404097,1.0193559905051104e-05,0.13940209497772124,1.0728736859187527e-05,0.14036502347687174,1.0272240262137177e-05,0.1485150328258404,1.1653752292897233e-05
2026-01-30,1.202649209251896e-05,0.10235821928205657,1.1202991106821085e-05,0.0952523665079636,1.0823296913412892e-05,0.09253098914045187,1.0229880654966377e-05,0.1011455042449963,1.0077586067709639e-05,0.1005057027326157,1.023105229628047e-05,0.09848675752370718,1.0862709140400663e-05
2026-02-02,7.412770351930001e-06,0.2614337056335907,5.9726147146018694e-06,0.31515256014003246,6.037696642952213e-06,0.3116218340781165,6.791802302582961e-06,0.3218072903716601,6.724301397377696e-06,0.3160191216673603,6.811934367164883e-06,0.31657319193720784,7.909992917217742e-06
2026-02-03,1.1518092297175954e-05,0.10964009374903387,1.0069793148830686e-05,0.13952591753117435,1.0356967331108632e-05,0.12724060360182274,1.0140764316580098e-05,0.1345896741481685,1.0262027936655277e-05,0.13800244392156094,1.0073979786431426e-05,0.12951802452872843,1.2958713524977664e-05
2026-02-04,1.54108301848402e-05,0.13425734674156156,1.4417460533754579e-05,0.13933095423640743,1.4874539370496814e-05,0.13093697408457167,1.278571344748093e-05,0.15454806673425248,1.3037078279873595e-05,0.14682957312700193,1.3353738305396372e-05,0.14025369421808656,1.6213605271271978e-05
2026-02-05,1.7824473958701385e-05,0.11210699928511388,1.7560258017594098e-05,0.11044189903125179,1.8420285956577495e-05,0.11101981913570329,1.608429298593011e-05,0.11009275908445253,1.5551471496196e-05,0.1060884147063554,1.5938765236872755e-05,0.10535291491482256,1.592982594104081e-05
2026-02-06,1.403508094783809e-05,0.1597282724279298,1.3496497650835506e-05,0.15771582006164833,1.3964284705475386e-05,0.1530233695334242,1.2305940152010928e-05,0.16302138562032484,1.1952430081392698e-05,0.16177943875136963,1.2356532069307727e-05,0.15838334730823175,1.3368106213936543e-05
2026-02-09,8.94558971977301e-06,0.1696971266624542,8.003131180996119e-06,0.16270253347206698,8.239415644076586e-06,0.16137096172008428,8.332521004464237e-06,0.17548052132687034,8.231268195171166e-06,0.16502583248531058,8.322575571401911e-06,0.17300586349096456,7.2946562804397545e-06
2026-02-10,7.515164229274298e-06,0.159767698747566,6.820512724396518e-06,0.14998333910538747,7.039309585111999e-06,0.14924468205249405,7.109645847199657e-06,0.16280075801198526,6.933376456595734e-06,0.14597237349193057,7.131147216982624e-06,0.15241838685473166,6.476109527756122e-06
2026-02-11,1.0255022656250807e-05,0.17682780846287274,9.411796980287433e-06,0.17395764167042563,9.334061746393501e-06,0.17794167803475444,9.922964886252676e-06,0.19725227236119922,8.877832224945893e-06,0.1830548728194121,9.17881971375877e-06,0.1811240179495428,9.684919270563687e-06
2026-02-12,1.2537599365345955e-05,0.08432215819319483,1.1718402364970349e-05,0.08598832600059332,1.2118169512877449e-05,0.0876607132088632,1.1650314201338203e-05,0.08678849023869918,1.126249982016942e-05,0.08932947818477031,1.1301121235435574e-05,0.08822236970674757,1.2639212616723764e-05
2026-02-13,1.2523808062657582e-05,0.10003259250098111,1.2075744632130311e-05,0.095023898990599,1.2154903666692561e-05,0.09462301892036994,1.1133412778048607e-05,0.09029268177233406,1.0936423210218569e-05,0.08908974060293477,1.1054077290639168e-05,0.08980460327255146,1.1532807355818473e-05
2026-02-17,1.2139944424368246e-05,0.12777733916908662,1.1600072784104118e-05,0.12288656786769196,1.203242934549791e-05,0.12794573841864487,1.0944131095774787e-05,0.12179913173182648,1.1210036252678967e-05,0.12470591251270254,1.1261876307640966e-05,0.1270949442025476,1.0065399745379963e-05
2026-02-18,6.145231427955829e-06,0.13460274666456531,5.844198466774159e-06,0.12570711933941572,5.856408673093046e-06,0.12388376692614804,6.2243147326407156e-06,0.1502114915058453,5.927837896499007e-06,0.12959922214735978,6.011616381097314e-06,0.1290653720829514,4.538602743428234e-06
2026-02-19,6.835395382171777e-06,0.12228851946004278,6.624354144177826e-06,0.11910327470626668,6.793489228680118e-06,0.12198862284045198,6.5325905531102116e-06,0.13647161938751506,6.290437667909076e-06,0.12344293542900102,6.318544665751546e-06,0.12803380103235867,6.09628229085329e-06
2026-02-20,1.1803488565730966e-05,0.19200141959915915,1.1373311526676803e-05,0.1874291292087521,1.1388565249150282e-05,0.18700181847133612,1.1092128527574136e-05,0.16911650728154617,1.0889084842709842e-05,0.16532005797152433,1.0914811594406907e-05,0.16763414647563005,1.072644257518006e-05
2026-02-23,6.799216929332094e-06,0.11480014180883756,6.353903399333211e-06,0.1055171947413946,6.568327170887054e-06,0.10987029155394884,6.120198566262909e-06,0.10208843899978219,6.472776131336321e-06,0.10725751594233064,6.804197852980116e-06,0.11530345434232221,5.517342263023515e-06
2026-02-24,6.153905297866046e-06,0.12394935953793867,5.972051248360238e-06,0.12493471026699393,6.092352435298379e-06,0.12769711556035554,5.5909079169229165e-06,0.11972890123294984,5.792273886600781e-06,0.1203797434965152,5.868056445553656e-06,0.12565164302988216,5.265457615112845e-06
2026-02-25,3.841802399303528e-06,0.12907918942578367,3.849234635983261e-06,0.13638533363521763,3.834593750385813e-06,0.13746869462876612,4.0384338714686785e-06,0.1457658196737057,3.977506601898207e-06,0.1457503715705154,4.068226324921662e-06,0.1468302249639208,3.175761641869805e-06
2026-02-26,8.737757432538547e-06,0.1282471053060791,8.569758082876659e-06,0.12656667557991705,8.670124035755127e-06,0.12717465616071957,8.246403933818326e-06,0.12710657400104705,8.153249733420287e-06,0.1274623352740361,8.300175651584901e-06,0.12552750986350614,8.88762764135621e-06
2026-02-27,7.458523909010531e-06,0.10307235428733456,7.374157199703586e-06,0.1018832930209911,7.648561764893142e-06,0.10411505794870506,6.608520339627718e-06,0.10801212653529386,6.7421638313595276e-06,0.10697210503793368,6.870921862254206e-06,0.1069604718966285,6.827325618900913e-06
2026-03-02,8.390336522060671e-06,0.15243882312410992,7.693559117391221e-06,0.15913696941502994,7.701053790652218e-06,0.15884197288556645,7.561949075091405e-06,0.15973417767897585,7.839329760018434e-06,0.14915244850124051,7.896579141628467e-06,0.15774674612034903,8.25246943780027e-06
2026-03-03,1.195637174747054e-05,0.13715092568466924,1.1574373768500684e-05,0.1401926611810597,1.1748322737761e-05,0.13594314352594106,1.0469967478726902e-05,0.15039307353986273,1.094868725677012e-05,0.14159436093963576,1.0824662990212143e-05,0.14727154771893156,1.1803416381929787e-05
2026-03-04,8.14933504034677e-06,0.1560087736055023,7.879890634706399e-06,0.15038698581942964,7.784555818114297e-06,0.14831732019762014,7.772161918900227e-06,0.1661171925703768,7.645789654986033e-06,0.15505922830825772,7.502203680053733e-06,0.1510122096108903,6.837222586911355e-06
2026-03-05,1.0830356792053999e-05,0.16120377186084847,1.0628168613879887e-05,0.16627561180571604,1.0658940659034979e-05,0.16426877941173534,1.0350478213729027e-05,0.1732327002546454,1.0020684206028789e-05,0.18886319108162672,1.0193602347110067e-05,0.1808218216711939,1.230974533658357e-05
2026-03-06,8.634305603257553e-06,0.1303031687020557,8.83734928245675e-06,0.1264747196544104,8.762705424639092e-06,0.12564201523406027,8.027210021193033e-06,0.1333973944009638,8.754186698196631e-06,0.12274935865927339,8.857045068515072e-06,0.12610715715706103,8.53993081143116e-06
2026-03-09,9.110004892586676e-06,0.44535731646177285,8.860508382113416e-06,0.45988735849305434,8.982781185677389e-06,0.46377101654139247,8.602120514805558e-06,0.45126362004036374,9.09139253758734e-06,0.43650387565949517,9.121521636317957e-06,0.4359968586091029,1.0230310310479503e-05
2026-03-10,8.302010450932228e-06,0.2001012866870152,8.08677662710105e-06,0.20307801552758598,8.105375796547814e-06,0.20626547446637375,7.980580718227603e-06,0.18877101758967288,8.021174103468198e-06,0.18798900500336013,8.062074043140232e-06,0.18657170062955275,7.886951857887717e-06
2026-03-11,7.319962709705733e-06,0.21574802549899555,7.24483030104995e-06,0.2128042918830503,7.172258653603045e-06,0.2128667754198944,7.0622598020791804e-06,0.22334868199738409,7.112885147312904e-06,0.22089026419196608,7.266500843572421e-06,0.22490870286561856,6.363688591208088e-06
2026-03-12,7.516242211465193e-06,0.14938546069456732,7.715527250824033e-06,0.14315743533264177,7.878035965991819e-06,0.143841228267,7.586624038385583e-06,0.1477897714409475,7.620061744629599e-06,0.1436788133658548,7.6257085014988795e-06,0.14427506471779292,8.260826620660224e-06
2026-03-13,7.875367204563252e-06,0.1368966975973759,8.160279494259562e-06,0.13706311200684898,8.488716242468996e-06,0.13868505651182086,7.654413019403124e-06,0.14026644730147972,7.699861795392032e-06,0.1379533004515391,7.713853536972943e-06,0.13765285189893997,7.711574615756628e-06
2026-03-16,6.03509328546378e-06,0.8570822000182486,5.749506279676939e-06,0.8530613455014918,5.813831248044846e-06,0.8618596867293041,6.345347591166144e-06,0.7493728683234909,6.487963408314832e-06,0.7286689692387204,6.392368611703171e-06,0.7326439703694126,8.977921685365718e-06
2026-03-17,4.734956805888883e-06,0.2389824368628084,4.649961001276545e-06,0.23233993707002032,4.7590407792058005e-06,0.23405785020782546,5.781118782565593e-06,0.2603990043656314,5.935416955099315e-06,0.2638369807808552,5.932988138182736e-06,0.26430190100899426,4.337648965316098e-06
2026-03-18,4.899944249336389e-06,0.1322653375044747,4.851122037594964e-06,0.1311656038383431,4.912252421511651e-06,0.13294199942052834,5.8402000689604916e-06,0.13935771904226313,6.0370580477289084e-06,0.14329530872117546,6.013205715765495e-06,0.1456895496244716,4.784989125785111e-06
2026-03-19,6.37354568342317e-06,0.30528193181073465,6.507323918424893e-06,0.30064440191843156,6.958909788636226e-06,0.286362741838663,6.740098452473634e-06,0.24988658250553575,6.794355099275247e-06,0.24965938573352964,6.811216863023886e-06,0.24114881656745782,7.728435529705141e-06
2026-03-20,6.614978926523757e-06,0.17085450516414613,6.7406148072598125e-06,0.1693612204394934,6.868020153997639e-06,0.17025629935624376,7.047381062532229e-06,0.17906471204889832,7.071491923967543e-06,0.1792722715093554,7.206621633659129e-06,0.18384073123746036,6.2806407181720885e-06
2026-03-23,7.540340003098353e-06,0.12612556698734875,7.129352115612555e-06,0.12362242264778849,7.125532641106995e-06,0.12319401749160468,7.897793987573477e-06,0.15577130109143064,7.906369974529634e-06,0.15875604704103577,7.853755889630544e-06,0.1574677823634845,6.737213662299844e-06
2026-03-24,7.888247657721352e-06,0.19775715489732523,7.796320081494568e-06,0.1952036663763225,7.999640558380222e-06,0.19469074147493112,7.755198188623525e-06,0.22085264517781666,7.580597654026379e-06,0.20667691015036307,7.77314100403386e-06,0.2187119815101978,7.90557770505983e-06
2026-03-25,6.3973474299458695e-06,0.2645319682498541,6.347008116998904e-06,0.25880812830705596,6.289384784330236e-06,0.2532903250271254,6.83091425123285e-06,0.27726631515490485,6.126478897068273e-06,0.22649626707229661,6.739590741492123e-06,0.2517239043008586,5.813484962571061e-06
2026-03-26,7.3282148987947355e-06,0.14935259458128317,7.735049196569156e-06,0.1507724284411449,8.107928985714727e-06,0.15485978197203576,7.586038843826173e-06,0.1636062878538353,8.001806163533043e-06,0.1512137686464004,7.81994890593612e-06,0.16859420576838258,6.603418867517814e-06
2026-03-27,7.887326543228929e-06,0.15701217151392202,8.175846266208582e-06,0.16151865047320854,8.441216319855201e-06,0.17097392592665725,7.67772266607398e-06,0.181643455622674,7.71192917893378e-06,0.16342645008042342,7.816684226574117e-06,0.18815612289848116,6.640862345603854e-06
2026-03-30,7.525359814719469e-06,0.14379973419550665,7.426457122810315e-06,0.14099180040851453,7.591671390093421e-06,0.13999405867976025,7.573876138159919e-06,0.13389312295592157,7.516700208460634e-06,0.13662461698620534,7.82516122555543e-06,0.1443048647341799,6.932655089269109e-06
2026-03-31,9.403943822436672e-06,0.3645291319293947,9.415234042983443e-06,0.35819108890195944,9.383319854765535e-06,0.35843725659635056,9.058426048345258e-06,0.3607745661811815,9.655029962385197e-06,0.3605419290904807,9.653227453286654e-06,0.36864798073792365,1.0971134539117977e-05
2026-04-01,6.2725566004289044e-06,0.10998500996981365,6.2876851360246896e-06,0.10945158343249987,6.088125698246907e-06,0.10457687737473502,6.4692746853419375e-06,0.1251575672289679,6.293282887397554e-06,0.12075192810121975,6.278055500166209e-06,0.11600701672685616,5.422915952758874e-06
2026-04-02,8.972009773899661e-06,0.3191310785677221,8.73576841931972e-06,0.3167097764947468,8.641786601028443e-06,0.316610712721533,8.007331791162749e-06,0.3524947757887353,8.289916497451973e-06,0.3576155315131735,8.283530686699958e-06,0.36048687570645277,1.051781101618297e-05
2026-04-06,5.89849284235391e-06,0.1960207232176715,5.6288774927815875e-06,0.18633090197302027,5.674149356684475e-06,0.18051688053588455,5.878996673210552e-06,0.21741212700247736,6.030396059945263e-06,0.2181531381449188,6.1760405431550655e-06,0.2207629150308852,4.594602919367538e-06
2026-04-07,6.282595395888683e-06,0.373207476848506,6.388640417148507e-06,0.36183987516252963,6.5761946562428426e-06,0.360256636245162,5.864025806809306e-06,0.382115210229841,7.210066728598437e-06,0.33352456279938153,7.1576848356018654e-06,0.32318268366902575,6.864492286036254e-06
2026-04-08,8.153490715603905e-06,0.270248735881372,7.917489166686304e-06,0.2681961233157837,7.877934441138695e-06,0.27708485989134934,7.732868915253698e-06,0.2551679877649061,7.878299206196147e-06,0.2621733993535728,8.076975880626324e-06,0.254915501361666,8.742814249998866e-06
2026-04-09,7.204943872226654e-06,0.14239214096401379,7.19863618811458e-06,0.14508158260289114,7.475835597761844e-06,0.14279513224621657,7.016124593749189e-06,0.14867719108979108,6.971460017812635e-06,0.1440701132615043,7.1192170957136865e-06,0.14459174653537316,7.429053196093746e-06
2026-04-10,5.552160812576127e-06,0.12105669749634551,5.418638365134962e-06,0.11940225800971173,5.503235382684312e-06,0.12091250636172036,5.289927161236949e-06,0.1201634529289563,5.057781068882115e-06,0.11177111301052091,5.261910537076312e-06,0.11360525801933485,4.527703726645584e-06
2026-04-13,5.369610768343835e-06,0.17840400845926982,4.947009416100525e-06,0.1697210453881901,4.871041082480974e-06,0.16769136224020134,5.230265555244691e-06,0.1735475749307632,5.3026965623891025e-06,0.17910287970945146,5.2540534646274684e-06,0.1855041167863752,4.5830435706316e-06
2026-04-14,4.9769738118941576e-06,0.17376006945776556,4.789344346395504e-06,0.1699263833370452,4.84898208715999e-06,0.16922100946290938,4.898746177998665e-06,0.17655811301026228,4.937204291485736e-06,0.17247303778842984,4.953817416461638e-06,0.17368410495864275,4.16297912330517e-06
2026-04-15,6.547357847851601e-06,0.19988537984407528,6.313144993461477e-06,0.205074226925996,6.325008133088097e-06,0.19746138028460467,6.556254410307988e-06,0.20343416543995388,6.59333266146044e-06,0.1966583947515046,6.896657579883592e-06,0.18821712153821446,7.735260049933635e-06
2026-04-16,5.908797471990721e-06,0.2108221981519742,5.871986971236126e-06,0.20674147350067817,5.985034970000397e-06,0.20345544139578195,5.6676225678938366e-06,0.22171741135616133,5.661931070765946e-06,0.2260079994347937,5.67386916710342e-06,0.21801785772913237,5.387427826574613e-06
2026-04-17,6.926386765437077e-06,0.20969637146405942,6.74080327164082e-06,0.20505020498216311,6.645609199342553e-06,0.2014454081999756,6.3455103582500985e-06,0.20056997326987855,6.320950397112346e-06,0.20610398241902936,6.6714602607798444e-06,0.20467678914047774,6.967477240017198e-06
2026-04-20,5.72911808305181e-06,0.13514935659990615,5.3560855919658685e-06,0.12058506335916681,5.189716506344134e-06,0.11450216578680779,5.2839773251773276e-06,0.11889829920210983,5.292378728943832e-06,0.11857337128146224,5.500413439497706e-06,0.12565453206456675,4.643179720413316e-06
2026-04-21,5.945253403859659e-06,0.1280762106970857,5.830493316731844e-06,0.12796834901374685,5.8652525722686804e-06,0.12350254696756718,6.0503129891174275e-06,0.12502677263325404,6.375391223060024e-06,0.12971977103932886,6.2305536314679875e-06,0.12356452299222866,5.666548876740005e-06
2026-04-22,4.225726452415523e-06,0.11795824199200554,4.2509196430772795e-06,0.11952004160103336,4.299460636461978e-06,0.11698678201946938,4.171093979753652e-06,0.12350407172042077,4.138404068989703e-06,0.1264529917576473,4.216638603725206e-06,0.1233165730445399,3.6855427552727407e-06
2026-04-23,9.00618117343113e-06,0.2826177656113244,8.876175999861182e-06,0.2791417905240447,9.189417869725358e-06,0.268725173367454,8.886576780572335e-06,0.26605431365066284,8.713909159105528e-06,0.2656042834043378,9.116269158770291e-06,0.2617856759614796,9.444575882560178e-06
2026-04-24,7.553770067895775e-06,0.1493520582487964,7.457245001619457e-06,0.15197630026545214,7.474677011502885e-06,0.1481163050288641,6.912901102263903e-06,0.1462706292082582,6.738819360541514e-06,0.14376031841109013,6.9925312929484185e-06,0.1455124697293402,6.676059814655608e-06
2026-04-27,5.943367824333932e-06,0.12826970022138837,5.781133295101567e-06,0.13491779659410116,5.670518414482684e-06,0.13060779861225902,5.825256436735283e-06,0.12871291888244799,5.748476529646835e-06,0.13041398412445818,5.799380886795998e-06,0.12608989123924144,5.687124530243469e-06
2026-04-28,6.6341367083098255e-06,0.1275425071787554,6.8875039899628695e-06,0.13611105610922428,6.7281089714598496e-06,0.13334513205502924,6.322993626020897e-06,0.1304317479999121,6.550044576222546e-06,0.13393063340111164,6.470620899743313e-06,0.13198409276929543,6.482783595517651e-06
2026-04-29,6.0162279199411724e-06,0.11456732123459844,6.33371513830535e-06,0.12208313486065514,6.311409070664235e-06,0.1211302663621508,6.0172211030988044e-06,0.11497177105594686,6.265806731541612e-06,0.12429128372769821,6.187300526182286e-06,0.11965469377646688,5.495549872820594e-06
2026-04-30,1.3046625428956483e-05,0.13760710704681564,1.2786975393896155e-05,0.14370247603354222,1.2801068259144425e-05,0.14099426675125318,1.2468078293473184e-05,0.1505913604373155,1.2468056972491012e-05,0.15217087794378922,1.2343822628636814e-05,0.15415183006872837,1.4189877451854267e-05
2026-05-01,1.0149903211722166e-05,0.12418779699310985,9.480501125309222e-06,0.1145681795979308,9.298603831101566e-06,0.112194652331455,9.45307123233677e-06,0.11348831676726485,9.051901068449402e-06,0.10597137035396821,9.05454815335417e-06,0.10444403876982285,9.194956076932373e-06
2026-05-04,8.97336412166961e-06,0.18561910732151612,7.975732801578332e-06,0.17909912577543877,7.806337170319564e-06,0.1777115502869925,8.50092755221575e-06,0.17079249092301785,8.113604016318715e-06,0.16394962123590737,8.013001273468585e-06,0.16184097729628558,8.764607304413956e-06
2026-05-05,6.478671799779189e-06,0.17419697774826684,6.157077029757775e-06,0.17304397097554503,6.208165315444841e-06,0.1688117593444678,6.34377979074205e-06,0.18009748585875643,6.086943274793798e-06,0.1831659564417777,6.135754361528428e-06,0.1762358433170329,6.211704988630654e-06
2026-05-06,8.395759099281895e-06,0.1811935936037782,7.823513737221022e-06,0.18259079843342904,7.811757026479323e-06,0.18070564314742787,8.459142242683191e-06,0.18472179577903305,7.88714731092482e-06,0.18531476559000085,7.993299714735831e-06,0.18807508630422465,8.6910124014909e-06
2026-05-07,9.58548938229759e-06,0.15319343725209364,9.20804969621297e-06,0.1553939002891627,9.311414806924897e-06,0.15296343093624232,9.512394740585242e-06,0.1579611446676567,9.182814019337806e-06,0.1616876925043453,9.074384483310263e-06,0.16423728187711037,1.0352908845793796e-05
2026-05-08,6.466330498206316e-06,0.13746843616462587,6.294373621943991e-06,0.13261582418963747,6.224945434442407e-06,0.12881184171073137,6.277858780917812e-06,0.1308702085333503,6.239274630942426e-06,0.1313433075360734,6.359807947923317e-06,0.13105175734852573,6.180074881756054e-06
2026-05-11,6.980840395007884e-06,0.16758464677011187,6.576870141233785e-06,0.17175134600194827,6.526539320675053e-06,0.1786215965255277,7.125703529605968e-06,0.1586495413467638,7.055617126227432e-06,0.16223468230134186,7.34230073750612e-06,0.16183143851580997,8.042288278804728e-06
2026-05-12,8.692466619616257e-06,0.10156755625813156,8.638269924387862e-06,0.10173882325250076,8.63380486534331e-06,0.10269155675277684,8.265267655877362e-06,0.10457929086781824,8.390107105389122e-06,0.10114753110275443,8.409682258859922e-06,0.1040325673813867,8.096753319618145e-06
2026-05-13,7.710634232703911e-06,0.13045012407644213,7.71050493168811e-06,0.1291423545624758,7.709633534044267e-06,0.12926288442741676,7.3596140363456025e-06,0.13799184076405205,7.414406341883999e-06,0.13939996789763573,7.66171727743621e-06,0.13592611577150962,8.076665218200623e-06
2026-05-14,6.986133265872093e-06,0.20749471741924186,7.172738770092001e-06,0.2099264630842909,7.3238416013377126e-06,0.20926558931002662,6.8326238953678575e-06,0.2065257875561348,7.023380018915035e-06,0.2091158475810646,7.185620080842142e-06,0.20501623236908742,6.580794035696566e-06
2026-05-15,8.451112774353237e-06,0.11690492180787837,8.200712437488205e-06,0.11335398501331073,8.105957840759917e-06,0.10929463336449256,7.561118574705939e-06,0.1120827837033417,7.690881657032613e-06,0.11267813215971512,7.729816587113546e-06,0.11033264948234478,7.434587092033645e-06
2026-05-18,1.1244526564632322e-05,0.39064166325656124,1.0570286714733236e-05,0.41504446414206225,1.0473505109178064e-05,0.4221891109098499,1.0029186705188419e-05,0.43195920643758484,1.024254404738834e-05,0.4249894420845055,1.0235674149281485e-05,0.4346188371871875,1.2596508401401088e-05
2026-05-19,9.51080215972894e-06,0.10866006957150111,9.403407843923762e-06,0.10562984807278081,9.490934194002887e-06,0.10494911832627195,8.771673763872402e-06,0.10178624666764859,8.628965808787466e-06,0.10246616643664719,8.405125322730548e-06,0.10194766053850207,7.831375007300713e-06
2026-05-20,7.677563169802513e-06,0.19291320918511767,7.459267957571147e-06,0.18958146643278315,7.4478100529162e-06,0.18607229726318983,7.126100375075078e-06,0.20457163775785428,6.940683876334098e-06,0.20025766312292595,7.004484191879277e-06,0.19605888662888607,7.077833129109571e-06
2026-05-21,9.267069019818186e-06,0.29164014911169434,8.990991912586267e-06,0.28451711940637775,9.029354389671664e-06,0.2726729559866446,8.82460747533977e-06,0.2902089322039731,8.389133269344333e-06,0.2955297708218503,8.466046547964876e-06,0.2954936000058253,8.364565601171413e-06
2026-05-22,5.961174737490443e-06,0.16972527873862006,5.64616329033171e-06,0.16248461781423934,5.628406529763962e-06,0.16057466045892085,5.606206924155589e-06,0.15998131554510162,5.4186059213629814e-06,0.1589430825932075,5.566417910584874e-06,0.15879892033378049,5.1408272538931925e-06
2026-05-26,5.973855627193205e-06,0.11133162621908978,5.808672043086972e-06,0.1123310920047142,5.847296067691276e-06,0.11310776230485055,6.009374476547753e-06,0.11507723200153196,5.953939934696271e-06,0.11286412909587133,6.026682737722848e-06,0.11542344614022375,5.819085788518507e-06
2026-05-27,7.72845227229611e-06,0.49557702015582206,7.77848038943833e-06,0.48104704459763165,7.81314854946705e-06,0.46450527009960774,7.478450530422619e-06,0.4284185251462886,7.372361985716822e-06,0.43456552117463004,7.435999977371004e-06,0.3885942554586326,8.802723084592394e-06
2026-05-28,6.43375411701114e-06,0.14569228060992345,6.396855865978263e-06,0.14594378077936934,6.38631804961226e-06,0.1460062239150873,6.374602358963152e-06,0.14065000841036038,6.172118987087603e-06,0.14208397940584705,6.175937566441335e-06,0.14063711747307825,6.028479623618851e-06
2026-05-29,6.8102770623312024e-06,0.16040219861603353,6.575610005867444e-06,0.15754205055398263,6.57844942681964e-06,0.1530521258210427,6.431234578245645e-06,0.1609283280400354,6.306270678462167e-06,0.15747789834648973,6.38226414851015e-06,0.15187112751355847,6.964508624245792e-06
2026-06-01,8.213559580001865e-06,0.13404535870955311,7.816387748240658e-06,0.13817789248123916,7.9232051155071e-06,0.13536481681761262,7.74712223058528e-06,0.14443977431400665,8.124445760691602e-06,0.1387054931791284,8.10255221240157e-06,0.1383781789181246,8.053421837690708e-06
2026-06-02,6.82629422817089e-06,0.16546820293234432,6.962527322998569e-06,0.16410628820518003,6.938088829934684e-06,0.1617687396974837,7.129299149067031e-06,0.1665664466842054,7.1983474293762454e-06,0.17012221551715756,7.209432040096371e-06,0.1716775723757172,7.0473807338093425e-06
2026-06-03,8.781418248290086e-06,0.1337140736243879,8.6568105356316e-06,0.1337204914027321,8.633346350207253e-06,0.13447544833933353,8.545282208408997e-06,0.12820075101538528,8.350459002745032e-06,0.12429861460918042,8.416274996829301e-06,0.1247247457528251,8.532209146047885e-06
2026-06-04,7.485361084870808e-06,0.1615714404746219,7.448213716841103e-06,0.16223058825923592,7.445508821407488e-06,0.16055996987656462,7.361127444356648e-06,0.16154321709907968,7.279166881126146e-06,0.15720919085680227,7.217735096990134e-06,0.1575392791582638,7.05044679789973e-06
2026-06-05,1.118164883428367e-05,0.8710518567729347,1.0935270418407653e-05,0.899090389704642,1.1158854274330273e-05,0.9349465183198112,1.0923281657144641e-05,0.8628783789096142,1.0249136955401463e-05,0.8610623978121206,1.0435826096360024e-05,0.8454498461287204,1.563033083275338e-05
2026-06-08,9.88306465748881e-06,0.30793154866751854,9.389357491666508e-06,0.3056767176743769,9.536891317460438e-06,0.3247563542590806,9.063913547201097e-06,0.2654883878942199,9.052309008252755e-06,0.2777546427513249,9.122505509559319e-06,0.278170434100068,1.0283766407982747e-05
2026-06-09,1.608177596425856e-05,0.15008304642222517,1.6017755933158574e-05,0.15152617658949674,1.6268517177571193e-05,0.14873199996510642,1.281255852827935e-05,0.2180421153783528,1.245801536307938e-05,0.23097162903863544,1.321451068990784e-05,0.2032271673070223,1.9218896653182324e-05
2026-06-10,1.3238398188017826e-05,0.15212614789727885,1.4006537581733456e-05,0.1572393269649713,1.3415582965202697e-05,0.1544163983536406,1.137107288372155e-05,0.17429999160607057,1.129983664520911e-05,0.17080369440360998,1.1138247810115174e-05,0.178361646255823,1.3319489854664169e-05
2026-06-11,1.465937025928582e-05,0.5388193595793745,1.4973066884514415e-05,0.5251036213071377,1.525925956625688e-05,0.5233401632903648,1.3791444355781092e-05,0.5998089961642906,1.3001226156600715e-05,0.5944079796264071,1.4302827003386475e-05,0.6015970876293294,1.7217847223581043e-05
2026-06-12,1.4484024840307171e-05,0.17012367215184895,1.4249740474039148e-05,0.1660489724930241,1.3996811878643698e-05,0.16255333004461778,1.1847972289182053e-05,0.1916621157761185,1.281660042510801e-05,0.1710029193061502,1.262067909953696e-05,0.16874208335066673,1.3156339581031533e-05
2026-06-15,7.150215171974298e-06,0.1436995161074072,6.835380110596016e-06,0.13328459478870547,6.755909265581074e-06,0.13312328204731913,6.857904506295571e-06,0.13704473623520397,6.65925876844549e-06,0.12900945020722498,6.638928820110224e-06,0.12883646597567985,5.686044656014242e-06
2026-06-16,7.4935946229788684e-06,0.15732156574847728,7.482707965406403e-06,0.1596408391188837,7.488566813686147e-06,0.16101483171965789,7.382885788409752e-06,0.17101030588088817,7.106634948706167e-06,0.15701847927696158,7.083886093512326e-06,0.1649350930346564,6.5434693725735035e-06
2026-06-17,8.40928963045476e-06,0.573719884591474,7.984873066705827e-06,0.6072877978713417,8.009944259292934e-06,0.5938413262302041,8.886733016708681e-06,0.48318206149540316,8.173816766340093e-06,0.5682068171504275,8.27294013651481e-06,0.5702435606483418,1.0092891208781123e-05
2026-06-18,8.7330459427715e-06,0.16563530321253464,8.220451641573228e-06,0.16119675040543946,8.285982569004663e-06,0.16456214584145237,8.02352656404619e-06,0.17141586808000178,7.553335042181393e-06,0.16734315754371346,7.634173135839502e-06,0.17159123014819566,8.045499364017781e-06
2026-06-22,9.172540676227634e-06,0.15360489878691908,8.911292292831386e-06,0.1680844110425129,8.904619824428287e-06,0.15141328063281614,8.488407789990122e-06,0.14790771289957097,8.331670242826673e-06,0.148017570618916,8.445728838013276e-06,0.15486162196070333,8.246095466281223e-06
2026-06-23,8.048344062045884e-06,0.2006661465567682,8.0970868585905e-06,0.19653226098618348,8.354749709213033e-06,0.1997607424180573,7.854232082507783e-06,0.19191050742155522,7.810641018913448e-06,0.19038778796140912,8.00690358558286e-06,0.19582194881406945,6.887862746491269e-06
2026-06-24,9.10084637353873e-06,0.11552519830422052,9.073103322084987e-06,0.11487584673001189,9.211544581241503e-06,0.11514947118946121,9.070799576382414e-06,0.11876801187300401,8.657965077569671e-06,0.11904900855472385,8.834978784920818e-06,0.11670462018174983,8.53304100311349e-06
2026-06-25,1.3853278485819775e-05,0.14427994502907435,1.39700386281665e-05,0.14262598485224734,1.4397860801835461e-05,0.14270176633020445,1.2704452192155303e-05,0.1500837100261521,1.237748762631355e-05,0.1472787959600115,1.2552389079801564e-05,0.1490182837980892,1.2768730974149546e-05
2026-06-26,1.1777081678351458e-05,0.14953228836287188,1.15772642279202e-05,0.15081244708530558,1.1484443455941876e-05,0.1540818269567992,1.0830632573320037e-05,0.16169241772529172,1.0578931404965183e-05,0.16636701548387461,1.0604796921756725e-05,0.17465377625275347,1.1760489107361259e-05
2026-06-29,1.228846859583801e-05,0.1370444628678483,1.1863826218982983e-05,0.1324285879592203,1.1445926610406334e-05,0.13115214185064625,1.1174196753915315e-05,0.13473430746138584,1.0893792090916407e-05,0.1289366197765571,1.093210758425594e-05,0.13416259700828148,1.0638799275885862e-05
2026-06-30,8.056222423381012e-06,0.16573415920314163,8.000286693720148e-06,0.16741835218257842,7.938218816751467e-06,0.16515439272256616,7.450580946274675e-06,0.1676007415620677,7.520688815842712e-06,0.16704912837726907,7.6566066838419e-06,0.16389231470324986,8.03506205752578e-06
2026-07-01,1.1369848038973802e-05,0.16216236985181687,1.1343611439491267e-05,0.16172485268027312,1.1061913522712723e-05,0.16747565148674173,1.1688645869363736e-05,0.15493304048081497,1.028831408976103e-05,0.18145305573859147,1.0885533830433432e-05,0.17505063292232104,1.2111466622554403e-05
2026-07-02,1.4110860777548523e-05,0.1635585814655104,1.3377181421195083e-05,0.16101382787862106,1.308063523917924e-05,0.1637346856912946,1.38125538879367e-05,0.16110293558736208,1.1484811786188542e-05,0.16555404942394014,1.1825947591166274e-05,0.16204155012811347,1.314512705120738e-05
2026-07-06,7.87716434945446e-06,0.17478207085232286,7.780759780740193e-06,0.17202776250799565,7.734672562371344e-06,0.1725168670978957,7.247416081003809e-06,0.1694515591794332,7.2810661717958025e-06,0.16731757686763135,7.4580795392328386e-06,0.17095608396315135,6.245383093441882e-06
2026-07-07,9.172803861183638e-06,0.22104449943220197,9.415837603172746e-06,0.21998715333158805,9.335679996463657e-06,0.21703934560954088,9.018515740486792e-06,0.22421474425907298,9.057037432137034e-06,0.20566518584513538,9.163087522045135e-06,0.2234226744626455,8.954076885827692e-06
2026-07-08,8.546842696040892e-06,0.25919575473114065,8.668855633482568e-06,0.26307994605707674,8.73537956045141e-06,0.26284869625227425,8.453573651967068e-06,0.28917968224237384,8.467018286621634e-06,0.2730351319535884,8.623064806225379e-06,0.27391368046386505,8.250784920434936e-06
2026-07-09,8.432392849428625e-06,0.2043377159123556,8.784814704316713e-06,0.2066793729505476,8.891551426152632e-06,0.20404039546468697,8.031048402967932e-06,0.20302865475902598,8.18613263326523e-06,0.20461168854930353,8.121097691042834e-06,0.2018738588249742,8.045073610743648e-06
2026-07-10,1.008910149705027e-05,0.177591939317265,1.0651489245811687e-05,0.18119800812475176,1.0415737781838065e-05,0.17749580324584832,9.27273991609712e-06,0.18596525234731218,9.375755706989727e-06,0.1877890379319239,9.359140553615731e-06,0.18444351920700477,9.794312616972299e-06
2026-07-13,8.962176171760053e-06,0.1536499571436265,8.900543403340874e-06,0.15026613466909605,8.84450953954828e-06,0.15035493060496696,7.978598626014018e-06,0.14678235440216275,8.02875387354579e-06,0.13869556145612516,8.157788355711102e-06,0.14394380509664179,7.972639442561024e-06
2026-07-14,7.593149034558396e-06,0.15057607105100765,7.823533211499959e-06,0.15217255522734466,7.875191831543289e-06,0.1537704061095331,7.203278979491136e-06,0.15551096782306253,7.177330867505699e-06,0.15174727951604525,7.305544682384955e-06,0.14995938926321453,7.018278715036246e-06
2026-07-15,1.028349105789079e-05,0.15789369622192576,1.0588225397340094e-05,0.15762255679201573,1.0540799192028107e-05,0.15557301725612652,9.552521640526853e-06,0.1621447490698732,9.657127648742077e-06,0.1604553722680545,1.0259989618764498e-05,0.1589184335638452,1.120924351605726e-05
2026-07-16,9.160481854891825e-06,0.19011053992544633,9.516869108889877e-06,0.18138283974919014,9.643384482052974e-06,0.18075876547273748,8.829702005904072e-06,0.18821468864184596,8.98713721335075e-06,0.18262459620267216,8.84710362513582e-06,0.1812411341028304,9.815442469704346e-06
2026-07-17,1.1834236807547728e-05,0.2723572225664331,1.2384656094915488e-05,0.26714315572922415,1.213288124190534e-05,0.26649497107699444,1.1206171482092626e-05,0.316066229550349,1.1577025068632106e-05,0.32699478759751893,1.1379321253870493e-05,0.3019972298723839,1.2813945023935092e-05
2026-07-20,7.554980433904391e-06,0.15486447612505547,7.583382468805903e-06,0.15473075019346438,7.579686631398197e-06,0.15383458234582653,7.3160381292866805e-06,0.16584333271071316,7.336310679370694e-06,0.16851882178160327,7.470232890767589e-06,0.1587893956986645,6.971242141893285e-06
2026-07-21,5.591970616343142e-06,0.18554707245063964,5.884151435745533e-06,0.18914707326530503,5.981620355637814e-06,0.19252452301088252,5.487189544789297e-06,0.16057570500266652,5.7011796837207605e-06,0.16181409564091268,5.684401702804298e-06,0.1739084489056907,5.068747247919321e-06
2026-07-22,5.180550318520309e-06,0.1630563477091781,5.486603621892753e-06,0.17382095511211093,5.548588395808992e-06,0.1714888641303958,5.4814870957866796e-06,0.17970372781993083,5.546133721519366e-06,0.17857724274231654,5.763894056074202e-06,0.18301539760372396,4.9467469336594595e-06
2026-07-23,9.843451970693106e-06,0.11584804788583329,1.0254061610315334e-05,0.12611586743897818,1.0508560985365584e-05,0.1374751825793937,9.622808429071894e-06,0.1256324823357074,1.0071809007233707e-05,0.13215021690495435,1.0102006276181847e-05,0.1284775399549412,9.522512253848627e-06
2026-07-24,9.666199258731368e-06,0.1394381532449911,9.856280783457549e-06,0.14478327663024912,9.92581488534806e-06,0.14007008117933276,9.103803808402077e-06,0.13765538165585436,9.309788033317054e-06,0.13649494201637183,9.512509653197405e-06,0.13616841321154918,9.165636265554949e-06
2026-07-27,1.0406626815916337e-05,0.16784140185447724,1.0614103021327042e-05,0.17077665213788765,1.0659666497557752e-05,0.1677944487701125,9.460758418075177e-06,0.17472933565940774,9.915246062033058e-06,0.16924731219048897,1.0077140604649909e-05,0.17298031945886724,9.247678855306976e-06
2026-07-28,9.478441809102701e-06,0.11436685765756065,1.0088675393956867e-05,0.12294167353114745,1.0283763182708866e-05,0.12152384724986347,8.85206935549742e-06,0.11315677341598294,8.906097419755643e-06,0.1140520344050398,9.0450317402315e-06,0.11524655693658185,8.845274488937084e-06
2026-07-29,9.966559496713549e-06,0.1958479898961861,1.0627847880590138e-05,0.18773636010316364,1.0748314228059811e-05,0.18343844587547667,9.87328166931204e-06,0.1580203406569344,1.0552504763301142e-05,0.1490279713404662,1.056117697973938e-05,0.15520104046096328,1.0578294231009361e-05
2026-07-30,1.3582678450632163e-05,0.1495888042952784,1.4186428877520184e-05,0.15908328534636615,1.435453728199309e-05,0.1568515632782854,1.3198012069690377e-05,0.1466615223270214,1.3169920584124773e-05,0.14611633476297392,1.3347228737475126e-05,0.1480941802027815,1.1969633565412136e-05
2026-07-31,1.545266897142567e-05,0.1550704125983878,1.5467250667985324e-05,0.15492826045951436,1.5127159454591466e-05,0.15141346805718373,1.3484269191062616e-05,0.14975207689016126,1.3608191699728415e-05,0.1480941190337295,1.3402908139606353e-05,0.14843811248207567,1.4234030379650172e-05
