session_date,forecast__log_ridge_harq__B0,loss__log_ridge_harq__B0,forecast__log_ridge_harq__B1,loss__log_ridge_harq__B1,forecast__log_ridge_harq__B2,loss__log_ridge_harq__B2,forecast__lightgbm_qlike__B0,loss__lightgbm_qlike__B0,forecast__lightgbm_qlike__B1,loss__lightgbm_qlike__B1,forecast__lightgbm_qlike__B2,loss__lightgbm_qlike__B2,actual
2024-10-28,1.8447527145924488e-06,0.3280792158817056,1.795859583351964e-06,0.33928984845252735,1.8908754762250212e-06,0.3383834319668912,1.7513163648249137e-06,0.3311342785909338,1.808258754046675e-06,0.33972360412864716,1.8408957624122195e-06,0.3362334978160422,1.6329348235513914e-06
2024-10-29,1.5242848360962166e-06,0.28180584044698537,1.512640675674955e-06,0.2931593033238682,1.5906332552415142e-06,0.2893924405980312,1.5514388283513523e-06,0.2928487852621294,1.5434294679905732e-06,0.2914128354450277,1.5212686544726378e-06,0.29875106088893705,1.54757450951209e-06
2024-10-30,1.9764964304320842e-06,0.32246966744803185,2.0551866953712024e-06,0.33079082937076176,2.096440980258815e-06,0.3267317098816686,1.8448583596241533e-06,0.3214418749778322,1.869915065064701e-06,0.31785968283414795,1.852943612078612e-06,0.3236203645725387,1.8486240821868657e-06
2024-10-31,3.4484491952402687e-06,0.271248144520632,3.531258766429985e-06,0.26833764600884447,3.445595001901593e-06,0.26455585705856915,2.9699390696848184e-06,0.2795825545670913,2.95462303125607e-06,0.2783797553930212,2.966690228442192e-06,0.2701370296720399,2.9857529708268373e-06
2024-11-01,2.954971772466738e-06,0.284759409673576,2.623300875536393e-06,0.28612889392677315,2.5110816656045273e-06,0.2840953394907702,2.7032162923717094e-06,0.2800010747312036,2.589479588399382e-06,0.28086804945814287,2.3733594200168803e-06,0.2813660904485144,2.7064963626719512e-06
2024-11-04,2.135455859167322e-06,0.27712821877930754,2.0341973043264206e-06,0.27490176086651863,2.0503533123987983e-06,0.2680603276850047,2.018312467998067e-06,0.28577373786749244,2.0573581030638715e-06,0.28335801512694836,2.0371788922139595e-06,0.2773338318591073,1.988083497933596e-06
2024-11-05,1.6293882227048532e-06,0.2970977843136093,1.6177224611844864e-06,0.2926378629843757,1.592055094024097e-06,0.29553607359352113,1.6197669424925538e-06,0.3005747052540962,1.582028076197834e-06,0.2960632902364361,1.6237682969584258e-06,0.3042465230025458,1.4637071790012902e-06
2024-11-06,3.4251810472488483e-06,0.31346930462506345,3.4313788700236205e-06,0.31459316924999525,3.341177938713747e-06,0.3141421496722201,2.6431723584361142e-06,0.31915781565218465,2.7637118222760046e-06,0.3140540858407572,2.559504917178464e-06,0.3200091183428818,2.8168704597297165e-06
2024-11-07,2.1394849505673794e-06,0.3091286057418757,2.1933914767937334e-06,0.30960367966213614,2.1500571609511163e-06,0.3081860642359359,2.0484902163349537e-06,0.3187051503746199,2.0044719684429343e-06,0.31283759705940084,2.0499878779829333e-06,0.3183970404046264,1.954664003843918e-06
2024-11-08,2.7761993047029927e-06,0.3265404544431969,2.841076520317086e-06,0.32194642535229007,2.883073440730654e-06,0.31092210281850885,2.795254104632956e-06,0.3308572372858873,2.7378716107673392e-06,0.3283455130736655,2.8102987425449568e-06,0.32619562165754923,3.8107494489298825e-06
2024-11-11,5.2026467858594485e-06,0.3322340695091303,5.6679449649396505e-06,0.3182061755827944,5.371341723463448e-06,0.3186205495088421,3.994791282696259e-06,0.35226728069182306,3.9503056124081984e-06,0.35602225913762303,4.006107286898385e-06,0.35149322942406586,6.334527432635796e-06
2024-11-12,4.086311941155985e-06,0.34431004633509676,4.296268024045579e-06,0.34980873834652826,4.230104117689897e-06,0.3430359415463243,3.90971581234544e-06,0.35658538885113944,4.1461359083528945e-06,0.3524517190372538,3.9933333107078666e-06,0.3501800535094155,4.414296355158874e-06
2024-11-13,3.939318514831272e-06,0.2748384800635496,4.362935158445448e-06,0.2778328316290132,4.224551108343202e-06,0.2758183394797319,3.4273775986759546e-06,0.29482953038140164,3.581991336224074e-06,0.2912694976493452,3.365497450684924e-06,0.2965965268461765,4.206265516978734e-06
2024-11-14,3.6129226985212727e-06,0.8780304037792592,3.8855644237525785e-06,0.9056741871499324,3.865419086686414e-06,0.8892057156899323,3.5018109630510127e-06,0.9312723463968847,3.6888294695719253e-06,0.9538072383649201,3.5672250871486305e-06,1.0077703562212192,4.338165881953114e-06
2024-11-15,4.435181942750871e-06,0.3197967147623247,4.540822906388325e-06,0.32445799449605023,4.583674493787356e-06,0.32629539785344364,3.8175017384822815e-06,0.32841859622946146,3.891391617825322e-06,0.3305104224735947,3.77864921205342e-06,0.3283853900918696,4.4893234412086955e-06
2024-11-18,3.0346013264992366e-06,0.2891919137441605,3.12767677185621e-06,0.2882890427044011,3.126351823315109e-06,0.28928469673718366,2.947205462254922e-06,0.28757304080746166,3.0607137547088597e-06,0.28818369090112916,3.0210523615892826e-06,0.28608500187456826,2.8342113128321267e-06
2024-11-19,2.504812501204553e-06,0.27973977246261966,2.677124968834604e-06,0.28120277709248026,2.7016292130292037e-06,0.2808062772480914,2.2613468613535498e-06,0.2827946936104677,2.571643021356655e-06,0.28113054804517923,2.4715671242614913e-06,0.2814470501982312,2.205710218886882e-06
2024-11-20,2.6988406041451533e-06,0.3372909479698302,2.8637905283701165e-06,0.33614590738364286,2.8631220164958543e-06,0.3391635604216308,2.593943630957858e-06,0.33921268457988174,2.7135581342140437e-06,0.33890265439065576,2.721896742418653e-06,0.3391483026159962,2.6842416812789677e-06
2024-11-21,5.130950190431419e-06,0.32195306523146616,5.324125232215297e-06,0.32407402162011795,5.237306764274048e-06,0.32418337482964815,4.287586359621168e-06,0.3442862492541186,4.355812528495557e-06,0.3518215569361947,4.229576746955434e-06,0.3405106514992324,5.203150142372376e-06
2024-11-22,3.4052962754159406e-06,0.32285561410053404,3.533026279157491e-06,0.3152643701216562,3.6111401790135176e-06,0.3193450686341548,3.0807749710847306e-06,0.31658068009133655,3.0137561737269093e-06,0.3136151551009872,3.0282349192419404e-06,0.31643225810963954,3.2200070227671805e-06
2024-11-25,3.526993461330062e-06,0.28811747273890803,3.511314479487548e-06,0.28482731329203936,3.5224254653397367e-06,0.2841621375474294,3.174343967276195e-06,0.2877337352140911,3.1690936593028645e-06,0.28304114647602346,3.1142735084549105e-06,0.28021577190516206,2.9844775508868618e-06
2024-11-26,2.8760100471578414e-06,0.2957608238495982,2.880747673819814e-06,0.2904083197339054,2.6977731559009817e-06,0.2954531995043799,2.5802520517938316e-06,0.2875245390789493,2.53726876335086e-06,0.28976164316647496,2.4931010976097472e-06,0.2876519461789678,2.409747131821549e-06
2024-11-27,2.6142569067688394e-06,0.2672892531937946,2.6787050803264326e-06,0.25986095076464677,2.704344621052832e-06,0.27677312424031997,2.5508010655949925e-06,0.28424700393322716,2.4270561559564746e-06,0.28409473757542913,2.4966055920233255e-06,0.27684318412108916,2.7705382474029403e-06
2024-11-29,2.053097090974778e-06,0.25732562479648197,1.9887176534489445e-06,0.2575873723620045,1.987744199475762e-06,0.248868734817857,1.9924605303364073e-06,0.2512040861360471,2.0021899159527257e-06,0.2562200276097005,2.078017468206141e-06,0.24924777910850515,1.810337893464834e-06
2024-12-02,1.9404809123597596e-06,0.2879301270425619,1.923593990635611e-06,0.28896424875671456,1.9965642987712345e-06,0.28848077584428516,1.8265340026066174e-06,0.2995782659558137,1.9630893985524368e-06,0.3007959228161648,1.965494508044103e-06,0.29479897309314684,1.8500038563297706e-06
2024-12-03,1.8740342766852994e-06,0.4422660946076952,1.9004063164744184e-06,0.4358369107365911,1.931100233101019e-06,0.44765564356790427,1.8226151442429915e-06,0.44739638776580076,1.851228948924416e-06,0.4557667940729914,1.9123307837612724e-06,0.461442720751934,1.8268150550562175e-06
2024-12-04,1.7919309438018345e-06,0.3211564024491984,1.8621305699107827e-06,0.3218576980139628,1.8814032873720197e-06,0.3233262898258293,1.743842779071572e-06,0.32249743462591235,1.8125028179757017e-06,0.329292279412116,1.8428541369722765e-06,0.3273037449109421,1.6345468272562793e-06
2024-12-05,2.0001690125963817e-06,0.34924159090083656,2.12728939272494e-06,0.3471768286743376,2.139083927321754e-06,0.3512375268275451,1.9615451031352746e-06,0.35423537998254395,2.0676209478363703e-06,0.36013334376578104,2.1545123472762444e-06,0.3556973018444443,1.923788240472248e-06
2024-12-06,1.8792157561464346e-06,0.32424291041072834,1.8543270710146312e-06,0.33222188181877305,1.8690894478289718e-06,0.3182487892614367,1.8163967223487165e-06,0.32904620124276746,1.8643344369835703e-06,0.32257845791037204,1.8773157033121847e-06,0.3219939355314922,1.7731691813444624e-06
2024-12-09,3.2008275879301325e-06,0.30945857571101376,3.4388411580683352e-06,0.31089705822885816,3.3057439639700538e-06,0.3028499765159866,2.8321323207868185e-06,0.32876674730679706,3.1279363979834895e-06,0.32151928491291576,3.2402652620631354e-06,0.31992252457387144,3.451024527208209e-06
2024-12-10,2.9070323410894282e-06,0.31322569623947777,3.1413201471176357e-06,0.3142505852302266,3.07058258352985e-06,0.31014173338221734,2.8789233110730596e-06,0.32936778644611575,2.928504311635849e-06,0.3157615343313061,2.9734055077683147e-06,0.3175227462576115,3.0406384232590226e-06
2024-12-11,2.7190301515554647e-06,0.32403128858622726,2.9072057827879442e-06,0.335733352636229,2.6561265223887243e-06,0.32430352241692395,2.404605973505877e-06,0.322179690394139,2.5192483777780506e-06,0.3260651990017166,2.5103793708276025e-06,0.32461416251774494,2.194158629526537e-06
2024-12-12,2.61251130457727e-06,0.2580236266637277,2.789414686709108e-06,0.25977266921059444,2.7367564077554303e-06,0.26455983508655495,2.3844175699588935e-06,0.2609803946665126,2.434794575400321e-06,0.2649329056419239,2.5244934797846078e-06,0.2686616904936565,2.4120767192478724e-06
2024-12-13,2.7817071729776867e-06,0.26901813207803055,2.914747620218483e-06,0.2680508422814275,3.008050348596407e-06,0.2658490782085674,2.7177622288214126e-06,0.2758119471168672,2.8229904857483024e-06,0.27389343208073363,2.9272406997818e-06,0.2703997549157851,3.0719447226461015e-06
2024-12-16,2.855866965301977e-06,0.3328357697508141,2.8155398865442102e-06,0.33639265172788674,2.788909129728214e-06,0.34046411301987,2.6775316329240356e-06,0.3483633062978087,2.6800250937651626e-06,0.3485610791984864,2.732713012324557e-06,0.34619549538502853,3.013632484726469e-06
2024-12-17,5.0721327703190775e-06,0.3294310854311043,5.342720027105244e-06,0.32958866089582384,5.203444459594002e-06,0.32718506748755266,4.211017685632537e-06,0.3536676180213532,4.210545696927211e-06,0.3499787647791332,4.364083873949484e-06,0.34462075927923896,5.612320369196953e-06
2024-12-18,4.892629486708585e-06,0.629249553023688,5.034510293287659e-06,0.6225685704692395,5.081272835087358e-06,0.5991034751030899,4.655289206729775e-06,0.5778303327400982,4.6513574579141216e-06,0.5734924459457413,4.725048385244835e-06,0.5796087287895341,8.39491648963404e-06
2024-12-19,7.191118702623786e-06,0.22025683514066363,7.174075210769496e-06,0.2256919178247149,7.366558608989048e-06,0.22320419942153283,6.376345176603321e-06,0.23870394517476587,6.340468005595799e-06,0.2334235658196551,6.157983650158619e-06,0.23793484850304544,7.504594956473225e-06
2024-12-20,5.028130716131441e-06,0.2855970028883193,5.065164678228725e-06,0.2869407241896747,5.149667922786149e-06,0.28329638679888053,4.642155570815204e-06,0.2847208438675373,4.832227867303227e-06,0.2872507587602358,4.540173374262914e-06,0.28320469326706665,4.72391791508487e-06
2024-12-23,4.436185407187805e-06,0.3356560734829115,4.189234852852334e-06,0.33138529480683077,4.308848528168945e-06,0.33050317320630634,3.372246598475642e-06,0.3250952138219817,3.291278147939232e-06,0.3283278094912328,3.3771085718631292e-06,0.3279400096260299,3.4459880770512e-06
2024-12-24,3.0059940872602402e-06,0.3407620959117607,2.6758976586421753e-06,0.3241173748677964,3.0664434960549875e-06,0.339573814028119,2.4468505808637666e-06,0.301626196865349,2.475626165479207e-06,0.3011741738385287,2.5147945241216785e-06,0.30622408171900406,2.0449978456018203e-06
2024-12-26,2.101614172157323e-06,0.2896771243661026,2.1817349455213626e-06,0.2942979644830204,2.238731342385618e-06,0.2967624571236691,1.914853335065663e-06,0.2858173194794631,2.0727292434904846e-06,0.30610218440667064,2.055438736971199e-06,0.2940059438163442,1.7017015666365718e-06
2024-12-27,3.2654362497906983e-06,0.26123643131311347,3.282180653600499e-06,0.2587761123119494,3.3385680223423465e-06,0.25808419896294127,2.973977654024162e-06,0.26390665079519543,3.072653182828943e-06,0.27608896941398964,3.2162458985645695e-06,0.272357242400181,3.0531087369359e-06
2024-12-30,2.8967399105810217e-06,0.31348760804343695,2.783871113962142e-06,0.3167409468781947,2.7634216877886005e-06,0.3124368574094703,2.509448104490818e-06,0.3083695364750754,2.6065864106189462e-06,0.3225779706659017,2.5772824665475035e-06,0.31994646769385576,2.6065000557081422e-06
2024-12-31,2.8828473590376634e-06,0.2534420467755543,2.78281898237307e-06,0.25734958620756687,2.7968826214730275e-06,0.25648745941665846,2.6993453904854183e-06,0.25974703801848437,2.6644587285748028e-06,0.2675691516237633,2.7385333939224833e-06,0.2610426183548808,3.085431294702211e-06
2025-01-02,5.4469551617402475e-06,0.2853659633472687,5.3585693785586025e-06,0.29094574360592124,5.285595291651724e-06,0.30784598642379574,4.845860469111871e-06,0.3152632862120917,4.684567313624122e-06,0.3072661769882985,4.918164532515417e-06,0.31532164016484837,5.513318496559257e-06
2025-01-03,3.2831553772286853e-06,0.30524327636426846,3.2124400494813488e-06,0.30121670603759626,3.272609154550082e-06,0.30439319895484335,3.0508918050527084e-06,0.30091528419751357,2.8443247041768904e-06,0.2915077926321557,2.9516975568342805e-06,0.28977764595113115,2.463961974661853e-06
2025-01-06,3.4219230718935615e-06,0.33147014180731704,3.281631145935515e-06,0.3295820434922068,3.330871991676741e-06,0.33073882306028335,3.1140996121621118e-06,0.33489214301041637,3.0526634701916593e-06,0.3290644500520772,3.1383782899961796e-06,0.33116334930017616,3.267690915404371e-06
2025-01-07,5.567319289196339e-06,0.3129381017278603,5.5895314902964184e-06,0.3136573818968714,5.771673150095461e-06,0.3169999973001267,4.4452403300878185e-06,0.30320841625828737,3.944715799528648e-06,0.30813588242378837,4.1870984865751065e-06,0.30214661105991975,4.324377384827585e-06
2025-01-08,4.7821246060373245e-06,0.31729737514421247,4.821439500079782e-06,0.3170657217502019,4.8628179251234084e-06,0.3182017093220481,4.229296180104023e-06,0.3191477969189669,3.833815431831982e-06,0.3265630931727504,3.940740496238294e-06,0.32621507646852604,4.717291260108231e-06
2025-01-10,5.386805248620752e-06,0.27474099141773684,5.310405957891637e-06,0.27542479550320925,5.435823754251093e-06,0.2737798787221161,4.185974083231653e-06,0.27052817741246177,4.091402153112749e-06,0.26915255156430723,4.146456759765002e-06,0.2669359852615273,4.651410422911834e-06
2025-01-13,3.5359642221382423e-06,0.2453567335857483,3.3588199648339403e-06,0.24350484712189924,3.342033234988341e-06,0.24007002739484606,3.1647498352172644e-06,0.25272773493148054,3.0832012752754607e-06,0.2505408593719833,3.0642717602502674e-06,0.24889466155545828,3.2317117474494288e-06
2025-01-14,4.317437757112949e-06,0.28194615951224133,4.244494334899005e-06,0.2819215043562923,4.2305619319092635e-06,0.281566291393155,3.7471592474840132e-06,0.2837126171963918,3.6462513370414645e-06,0.29514398075846954,3.541638061259832e-06,0.2979229462682354,4.283231116972808e-06
2025-01-15,2.8972895524021738e-06,0.2656109905857552,2.8673980643304937e-06,0.263828769909038,2.8862971988948382e-06,0.2667742915804185,2.5807507888435497e-06,0.2753119721917462,2.5246202702450013e-06,0.27341316793017617,2.574008558145105e-06,0.2703641447940023,2.487567449302945e-06
2025-01-16,2.829674769422251e-06,0.3189956279785914,2.7599313780321683e-06,0.32524080134230166,2.7869514133038595e-06,0.3201765534932174,2.6539580455968813e-06,0.3195109977257326,2.587499258265386e-06,0.3192099991098117,2.6503357882570394e-06,0.31373035086468914,2.683387790723089e-06
2025-01-17,2.9024279894702195e-06,0.31865817447003253,2.7069859396628e-06,0.3149198670190622,2.677579542808362e-06,0.3111549801562666,2.6376419387924606e-06,0.32303783752161647,2.585951659523087e-06,0.31914848419395014,2.6646433598616e-06,0.31530667012834646,3.025937858622126e-06
2025-01-21,3.4973223687175858e-06,0.3619943713049541,3.4828954049694656e-06,0.36584008859330225,3.515422440526959e-06,0.3635126860004357,2.9673137460737567e-06,0.37087241498526363,2.995193105712365e-06,0.3686770517350875,3.00373167048435e-06,0.360709361832187,2.945061409428154e-06
2025-01-22,2.6039109485625087e-06,0.3643904865993192,2.6627626881113365e-06,0.36538539126488784,2.6514427049845725e-06,0.3651195990382899,2.38622942070544e-06,0.3748482815579952,2.383386563115581e-06,0.3757965392122204,2.435986154050421e-06,0.37509201786328034,2.086376041556494e-06
2025-01-23,1.8212030858416936e-06,0.3136144501342636,1.8717348020081873e-06,0.31452242931184915,1.8615448083219598e-06,0.3170066289599031,1.737436563659789e-06,0.3146167420269,1.7242656942748919e-06,0.3117094381410502,1.7758733122398416e-06,0.31629178530023944,1.5898784493660877e-06
2025-01-24,2.3524210262013037e-06,0.4471423873405609,2.3181689470481553e-06,0.44286035135961804,2.2964489485398813e-06,0.4345168880605643,2.2084159520923877e-06,0.45161380164118653,2.213022822512268e-06,0.4529465645690766,2.22511525301261e-06,0.4459311204970276,2.1223659650838693e-06
2025-02-25,6.855090900966562e-06,0.30579418667170505,6.724719304709155e-06,0.31390581614218444,6.795549636323482e-06,0.314484636514379,5.480736394847066e-06,0.33478269902571406,5.646228442138015e-06,0.3267367641854864,5.668926595508848e-06,0.322950687261008,7.697073087592596e-06
2025-02-26,5.2176109133214675e-06,0.2749275621043333,5.257727538875181e-06,0.2761934098746686,5.483660737040951e-06,0.26938556285478005,5.124478213730025e-06,0.2790887364610331,4.881571414721631e-06,0.27759164630025396,5.027752002350812e-06,0.27463983042243156,5.764776404602715e-06
2025-02-27,7.732695218066622e-06,0.24953631917446994,8.02345916041804e-06,0.253498932709124,8.266888891475198e-06,0.2525132887237565,6.775367777613151e-06,0.253329910622974,6.391202057958419e-06,0.25261484995060995,6.283197877884793e-06,0.2530309350397311,7.1325347734847025e-06
2025-02-28,7.731819852752879e-06,0.301192812078205,8.0480024935389e-06,0.30019746531562813,8.16275052718273e-06,0.29725653206252134,7.140284777668452e-06,0.32009016755518077,6.817099007189054e-06,0.3230161732207743,6.478306474473635e-06,0.3244729929481238,8.718536518340956e-06
2025-03-03,8.052594088213667e-06,0.3533800581420106,8.062470655785506e-06,0.3571150600995531,8.462339660805573e-06,0.3397730624894584,8.03339561870336e-06,0.33101361618461506,7.356228617962734e-06,0.32596887354300613,7.011311692454119e-06,0.3389291509294452,8.241599725992024e-06
2025-03-04,1.0664983222845562e-05,0.28807359008632355,1.131388337086946e-05,0.28372274783737433,1.1686102979969178e-05,0.2696873835844121,9.739387486011797e-06,0.2799876482570898,9.771243873246696e-06,0.27927238548563965,9.360875010729285e-06,0.282533109738019,1.1804090467064767e-05
2025-03-05,8.834050866264856e-06,0.36535492163489947,9.372253851383601e-06,0.3656353169050122,9.798734898225958e-06,0.350947585273575,8.386381238703e-06,0.3693358439777843,8.390200161780852e-06,0.37209562357092857,8.03816501788528e-06,0.37145816187263936,8.663997290756062e-06
2025-03-06,6.730728551041637e-06,0.3283955012450224,6.98853688583272e-06,0.32460671718371,7.19113217761897e-06,0.31078592951990885,7.120099466510386e-06,0.31556550223663665,7.079580928266904e-06,0.3082746101855795,7.008420434547219e-06,0.30770029216976436,7.501910869137756e-06
2025-03-07,8.710931172883554e-06,0.30479653734412354,9.142511646024834e-06,0.30523976111442613,9.286376210031436e-06,0.29460427421181307,8.210537946352624e-06,0.28752272650006994,8.609680650314589e-06,0.2795299200024537,8.449005908908847e-06,0.2784886879490195,9.187399887305302e-06
2025-03-10,9.389600974902173e-06,0.261056964039556,1.0242790781555107e-05,0.25402200263702696,1.0665328455588533e-05,0.2509532075739179,9.30951309375354e-06,0.2503001386575151,9.723095829456373e-06,0.24128485980413206,9.997730892477113e-06,0.2382510845576489,1.0337877107036426e-05
2025-03-11,1.4085899725653782e-05,0.2596802642971374,1.5586707377911915e-05,0.25427716724590615,1.5741065503641072e-05,0.24728305522075159,1.0991715097545833e-05,0.30725370541451497,1.1265215107070814e-05,0.29816173133057644,1.1183990797234435e-05,0.29063420363015574,1.6774000946120094e-05
2025-03-12,7.5460224896846305e-06,0.30889932517993407,8.414840622894633e-06,0.30542484932200703,9.149991310967114e-06,0.3028011271382049,7.636028162532285e-06,0.30427631306430636,8.243556984776207e-06,0.3001128543340849,7.937143775788305e-06,0.2974247242082183,7.774480151233689e-06
2025-03-13,7.073196711572611e-06,0.1948997097772419,7.704739418595134e-06,0.1981377152326085,7.701768134723306e-06,0.19718792647563696,6.834760813470436e-06,0.192971246114044,7.184654164901042e-06,0.19390435137723938,7.2059122256790135e-06,0.1960350220810366,6.871034174858218e-06
2025-03-14,4.3960374251572615e-06,0.2253350806759888,4.735645317431583e-06,0.23109608856672445,4.6920132906492845e-06,0.23197689032740318,4.105157226127886e-06,0.2284690917159513,4.378351526757151e-06,0.22543642999167293,4.317214379661437e-06,0.22684423623661173,4.012448177417212e-06
2025-03-17,4.272325841601096e-06,0.2182999487662951,4.348398655091432e-06,0.2186758370058659,4.537760615026112e-06,0.22011178660736339,3.912175173420811e-06,0.2193712451914145,4.180849178916653e-06,0.21949213850335278,4.165122766469912e-06,0.2222775350255357,3.789618433700011e-06
2025-03-18,4.970879069764959e-06,0.2689951642004305,5.172028270578691e-06,0.2695708590860461,5.3233207720718215e-06,0.2680443171827716,4.605180748510897e-06,0.27476879803589627,5.03085896361824e-06,0.2665939366216132,4.957138847247928e-06,0.2646500625928317,4.874377693648052e-06
2025-03-19,3.9176235479740146e-06,0.46079475169238715,4.130800667038358e-06,0.45433914358265864,4.28654162512488e-06,0.44862988399483766,4.153154182476882e-06,0.40403146096353343,4.281963159867833e-06,0.4033787632961847,4.279834146692398e-06,0.40027669509904956,4.5227571544690025e-06
2025-03-20,4.2501028774388905e-06,0.27810000309408806,4.481022983237784e-06,0.27787436955088607,4.475710079839782e-06,0.27853738249667775,4.115641473566807e-06,0.28040958962689433,4.26068360946457e-06,0.2764782148869325,4.232960239610579e-06,0.27771696501636317,4.088550666528931e-06
2025-03-21,3.7906832330475503e-06,0.22215744595929024,4.01858842876665e-06,0.22235281788700753,3.903782614361546e-06,0.2231129809957234,3.5370585049751228e-06,0.22243980533248528,3.708241405424707e-06,0.22274559013608106,3.584604654335852e-06,0.221139891155996,3.4525018193967925e-06
2025-03-24,2.988120496585286e-06,0.2734231778324694,3.0438297029264537e-06,0.2730620670847539,2.99118812750134e-06,0.2735597132790422,2.9044226987643456e-06,0.2792628828245835,2.9172320846302824e-06,0.2770486091460846,2.9543951428622626e-06,0.2756661877237494,2.5004402461143443e-06
2025-03-25,2.8221941256232515e-06,0.5028551292092432,2.9245423513831606e-06,0.5000553721577031,2.8286149257232693e-06,0.5131743192906365,2.7571226341604755e-06,0.5016742311394512,2.724880115449527e-06,0.48578293079000057,2.668988846992866e-06,0.4872691175545288,2.718087091971102e-06
2025-03-26,3.908061209783953e-06,0.23108443330718412,3.990533836207883e-06,0.2289869243501588,4.01259061897001e-06,0.22907998203479985,3.887480576816113e-06,0.23828525511251097,4.000227766663739e-06,0.2302819898882068,3.853583672278855e-06,0.2284833686800545,3.8670111240176646e-06
2025-03-27,4.768880075908483e-06,0.2639880934670413,4.985930035329616e-06,0.2598152222864272,4.919354092799019e-06,0.26334034832788117,4.683007491001807e-06,0.2559328000098648,4.7028263500642265e-06,0.25343295018357875,4.66037492803413e-06,0.25499503594552964,5.550744361421605e-06
2025-03-28,5.107341492391808e-06,0.26269099557629866,5.545122127884673e-06,0.26429348399092795,5.627432495497734e-06,0.27192441612799234,4.85474265059709e-06,0.2790169801464371,5.125268805632157e-06,0.2744696619441652,5.052016393287997e-06,0.27137228036797334,5.0943410197484945e-06
2025-03-31,6.149153504184457e-06,0.22762341974665448,6.448241045827907e-06,0.22475603536167754,6.684343923105537e-06,0.21577912424390774,5.578550383150475e-06,0.23215710418753713,6.4411555018693985e-06,0.22553473733912,6.264823044930986e-06,0.2177763298068379,6.739604021695851e-06
2025-04-01,6.059640077701347e-06,0.22351755931385642,6.2671543377116345e-06,0.2251033403796173,6.017085891102034e-06,0.21954828736614052,5.563170707091785e-06,0.21900191830106977,6.186132178026013e-06,0.22627903953988135,5.839154396350837e-06,0.22220157469607468,5.442361370323564e-06
2025-04-02,7.663637178467552e-06,0.5083330749185153,8.27744368779784e-06,0.49816164488526765,7.803500991851428e-06,0.5051772463306788,6.983743221934734e-06,0.5216429503640018,7.0814165752715225e-06,0.5032647359406676,6.958988662366286e-06,0.5058675222734903,1.0017838594136478e-05
2025-04-03,9.482967988514638e-06,0.2136626379778247,1.006315772184004e-05,0.2191579209365088,1.0111254218253536e-05,0.21580689563041977,8.328622838530836e-06,0.2144818359173973,8.52320072573597e-06,0.21284625393493808,8.228812338446772e-06,0.20903657614798368,8.39434409163794e-06
2025-04-07,4.48604857628004e-05,1.0774040583398297,4.913442669694183e-05,1.0185902779912253,4.739634560806689e-05,1.0072708220808013,2.319174647004812e-05,2.2375432664649657,2.619399574271632e-05,1.7894642794353512,2.315108200479516e-05,2.1161677776294425,0.00010184178862528282
2025-04-08,2.1207602819894102e-05,0.3113916505115624,2.3812930065390326e-05,0.3296049312424317,2.225694142855428e-05,0.31651570428677017,1.8941945453498552e-05,0.31008591192312945,2.60597515441336e-05,0.33756920449874567,2.393136057744491e-05,0.3367843666474238,1.701794390431481e-05
2025-04-09,3.39633937228867e-05,1.579212022257974,3.659680869638293e-05,1.429118504378154,3.6261658654854016e-05,1.4967557652140762,3.7791011229395314e-05,2.1373067033348163,3.5509721337964954e-05,2.169402691959372,3.7254744745263566e-05,1.8931990990423813,6.342218760548508e-05
2025-04-10,2.6611783629562004e-05,0.274306125437257,2.7223739296251066e-05,0.27156299212810114,2.6234931723099765e-05,0.27760919210270946,3.015017048452724e-05,0.29314605783818554,2.9347380845341577e-05,0.2881462567205941,2.8209229032630416e-05,0.2976883161547152,2.6266980628935942e-05
2025-04-11,1.55577768313762e-05,0.23448243901410745,1.7107369057706908e-05,0.24677466299429107,1.6303625336589757e-05,0.23867158513388811,1.6508798324951242e-05,0.24154267265641075,1.721000688993904e-05,0.25034332362416567,1.7272495156719975e-05,0.2454106626161273,1.2964676145255526e-05
2025-04-14,8.766722555785333e-06,0.2698423432679465,8.55564305987672e-06,0.26567789753456567,8.49814857249273e-06,0.26456534203960236,7.87212995553812e-06,0.266675968391713,8.388503887406572e-06,0.26545609396556064,8.281223260621781e-06,0.2671913231412167,7.288961486281504e-06
2025-04-15,5.421327066930103e-06,0.2520475231425361,5.41754130326431e-06,0.2510888355754788,5.34323433085297e-06,0.24987776121140082,4.937506875136357e-06,0.26085553064642725,5.210169971998999e-06,0.25936556655568765,5.099900644623583e-06,0.2600570467792213,5.0390101554243636e-06
2025-04-16,5.060983822044273e-06,0.3539578553253517,5.173755311291771e-06,0.35082836334465894,5.443851262110719e-06,0.3597506412535474,5.2347269030857425e-06,0.375719134655551,5.581684716747689e-06,0.3724218641972836,5.3225463341632885e-06,0.3658943705386795,5.17265796258232e-06
2025-04-17,5.6839561865197235e-06,0.3201418356736519,6.050281874245803e-06,0.3108993949056407,5.698923189679353e-06,0.3263223424275654,5.368230819230638e-06,0.33639105558543786,5.440386121965837e-06,0.329793112039612,5.43675082534492e-06,0.33369381661700487,6.127626099248801e-06
2025-04-21,3.857268671083461e-06,0.23440599395636255,4.592287544737226e-06,0.2733242921072491,4.458384687876939e-06,0.25325087750772773,3.5427972037391717e-06,0.2298738987994701,4.2537858686480054e-06,0.2512852546463489,4.31025554663847e-06,0.2529973043973153,3.3984706466522236e-06
2025-04-22,4.263693413020606e-06,0.5044982652286821,4.611773931355336e-06,0.48807917036335285,4.707558321918336e-06,0.4985838302426628,4.174730125901845e-06,0.5175573625218242,4.665637232020541e-06,0.4820997180941608,4.682372632961623e-06,0.48714515225749594,4.5457246798751805e-06
2025-04-23,7.47200185017305e-06,0.2878529585814486,7.865150072794346e-06,0.29027571764533844,7.650505142101987e-06,0.28913107969369084,6.977468049528538e-06,0.2800427184230982,7.2650433014039654e-06,0.2787913432956701,7.189106330613932e-06,0.2779776189857192,6.594232226316667e-06
2025-04-24,3.6241131195384317e-06,0.233941934220775,3.865588704043987e-06,0.24628291429408014,3.7650399209120604e-06,0.2366020822203517,3.2569742532963967e-06,0.21930105048231652,3.5302213661620246e-06,0.22798808834615003,3.506229225285067e-06,0.2241834868226147,3.004503107497981e-06
2025-04-25,4.587030459337189e-06,0.3427844696287927,4.828011165408231e-06,0.33809806557934174,5.252258065508261e-06,0.3232435900763418,4.481851873879369e-06,0.36137650610974625,4.644215218107308e-06,0.3497842673550762,4.721216687122802e-06,0.3498772545933524,5.214001957293325e-06
2025-04-28,4.929587304651577e-06,0.24194145898519195,5.011205657283783e-06,0.24222287534019324,4.893273601020071e-06,0.24083399364185767,4.157731124399758e-06,0.24434946692821558,4.303634921437632e-06,0.25350670147511867,4.264074675897769e-06,0.2520512440585166,4.421222612538951e-06
2025-04-29,3.8226728115959525e-06,0.31320234536789976,3.980045613173378e-06,0.31651935529346664,3.8625305964332755e-06,0.3141899418718031,3.5265397103645264e-06,0.3095206574029577,3.6405594742200893e-06,0.30990011772520326,3.668056451700917e-06,0.30471146677584476,3.574433022057405e-06
2025-04-30,4.25927398160972e-06,0.4196335099906033,4.442747074218143e-06,0.4116119986222518,4.368729268193775e-06,0.40476454328838146,3.995799344607589e-06,0.41113654815117134,4.241991010471304e-06,0.39435251473440786,4.182014781115533e-06,0.4025891197116143,4.561154901841444e-06
2025-05-01,4.622526888646968e-06,0.2999057067968082,4.782402157764262e-06,0.3061551390095278,4.756004811757144e-06,0.30753854469062564,3.980262690561271e-06,0.29452416307500157,4.039481743721127e-06,0.29430907629338704,4.0526286278339934e-06,0.29592373174845915,3.986037938044463e-06
2025-05-02,4.348492946632648e-06,0.306394926758564,4.291179207465232e-06,0.3012337564309964,4.274231110944171e-06,0.29959428139169136,3.886137218917285e-06,0.30541264948258856,3.871095529910969e-06,0.3069634446962241,3.814891691181845e-06,0.302218478694874,4.060106493046187e-06
2025-05-05,2.4381766639550482e-06,0.2566916150243978,2.452326490556586e-06,0.25696392917125754,2.4915838916911883e-06,0.2597426496096958,2.3627122691769416e-06,0.27124749262002473,2.2969897424476646e-06,0.25733822584179694,2.2742899016096046e-06,0.2550599070483529,2.0592287811358398e-06
2025-05-06,2.5257722955961155e-06,0.3849758268220611,2.571343433469169e-06,0.3762818878714658,2.56052933032577e-06,0.3781176546688614,2.5456921448276485e-06,0.3828735551716384,2.5247962314889815e-06,0.3753429548575247,2.5304900650828725e-06,0.37552170966429627,2.466070284859641e-06
2025-05-07,3.1492434584848185e-06,0.3784748369392485,3.2676984892214656e-06,0.3689720599303031,3.2273081062790173e-06,0.3725412446414891,3.398305846209592e-06,0.35451383295712885,3.365827744888902e-06,0.3536810044548469,3.3112584545929826e-06,0.36138631889062345,3.877459011756904e-06
2025-05-08,3.132274423072909e-06,0.27456047019911184,3.228682901042153e-06,0.27564387432201437,3.2493498541589124e-06,0.28285423079144845,3.0149231846149183e-06,0.28186836832375123,3.026578871495253e-06,0.27193269319254876,2.9692606865200033e-06,0.27509940630886126,2.805998055624607e-06
2025-05-09,3.0553738234820795e-06,0.29827336226365814,3.135152566264284e-06,0.29737907360277865,3.10536978130865e-06,0.2940277913470381,2.8568162446329123e-06,0.3042035747568696,3.0299769029084814e-06,0.3012506687138347,3.0710044151412393e-06,0.2992874712704645,3.0183618398414577e-06
2025-05-12,3.046447787509378e-06,0.2642989496756741,2.9704407170428838e-06,0.25988286612358996,3.0329772213994127e-06,0.26458022236376394,2.6254714338372037e-06,0.24683067766145847,2.565809251185899e-06,0.2457275513120872,2.639279608563326e-06,0.24998870330749234,2.4224032952383585e-06
2025-05-13,2.929950111898005e-06,0.26280032986466767,2.893819950038609e-06,0.2634573489244519,2.968851611412895e-06,0.25657620670886133,2.831334919744176e-06,0.2569998571731529,2.7917789565533747e-06,0.25646976498177554,2.8966046313714658e-06,0.2524473673400564,3.102934981618594e-06
2025-05-14,2.889150080757906e-06,0.33814654636256697,2.9209217322737915e-06,0.33618366951087636,2.995205424967253e-06,0.3351078285381626,2.6917034301085053e-06,0.34674427660271406,2.800058780641275e-06,0.3432890917073486,2.826735391737541e-06,0.348712705389083,2.8033107550787407e-06
2025-05-15,2.7008226047334093e-06,0.470745548456468,2.7601021818081624e-06,0.4475952173504643,2.735379276588561e-06,0.4684829656471014,2.624591082663569e-06,0.5026450094837056,2.6398190453215465e-06,0.5043558579415699,2.6406978208968822e-06,0.49266503538626666,3.0704875924274217e-06
2025-05-16,2.1337447643183588e-06,0.2643715322043125,2.152439437397585e-06,0.26508055845014206,2.1329795890228327e-06,0.2637731665271219,2.051774174401592e-06,0.26652365108581244,2.0230418967248407e-06,0.263743636923606,2.0629575769810787e-06,0.2658346922842933,2.0259113834432344e-06
2025-05-19,2.069417206744666e-06,0.27264954741389125,2.055418500346017e-06,0.2721083557491719,2.0399388513062365e-06,0.27128744366337876,1.8505059700943001e-06,0.2701363993710583,1.8844354336796688e-06,0.2713579060815012,1.8745166652327115e-06,0.26872208823594096,1.7937382347121697e-06
2025-05-20,2.0581918732488897e-06,0.36479232684529334,2.1053935414537437e-06,0.3647986738436233,2.0864257296566073e-06,0.35334258187504286,1.9628083081177805e-06,0.35625761186773386,2.061358360580115e-06,0.35427578304129365,2.076310295832262e-06,0.3598026164664929,1.807579947535073e-06
2025-05-21,3.0257483543153723e-06,0.5153304010122084,3.1304586506969002e-06,0.5017267657014886,3.173596222534841e-06,0.47215909734175243,3.394702019269697e-06,0.49604018792019566,3.3552242039986462e-06,0.4828321974673609,3.4304165162595267e-06,0.4559847895190579,4.1796293355237755e-06
2025-05-22,2.7053122864478865e-06,0.38730434552307336,2.8520532077147924e-06,0.3926885270399507,2.8523042603963928e-06,0.40895807245777016,2.430008971924753e-06,0.3918106116355459,2.4830009841870104e-06,0.38312286515116684,2.4485990968195686e-06,0.40222573528933925,2.3614267146586152e-06
2025-05-23,2.621125153166582e-06,0.33930304480928547,2.714916977212674e-06,0.3397935362806365,2.678934029477347e-06,0.3319136068860753,2.4191734791533825e-06,0.34105460997419224,2.486213573578381e-06,0.33462464913779977,2.4918773233802757e-06,0.33482686748176255,2.3698611509771006e-06
2025-05-27,1.6408505564063736e-06,0.2638844949939109,1.7398002890474014e-06,0.27272776348841754,1.7708342651491855e-06,0.27482665717785737,1.5803627543300755e-06,0.2596152741844349,1.6446502412023542e-06,0.2609393240093371,1.6866749505942254e-06,0.2627787861048491,1.3317148534582521e-06
2025-05-28,1.43212024452052e-06,0.37513453110914785,1.564584393019395e-06,0.37800637131313636,1.558339397351848e-06,0.3694362119255072,1.4493114280207193e-06,0.3665436397890052,1.5120754657830095e-06,0.37976417635965176,1.5104039486873203e-06,0.3724620340231503,1.342023702309749e-06
2025-05-29,2.640362725130678e-06,0.3808711132717,2.7261166356061155e-06,0.3719985470294054,2.693565229943701e-06,0.37967501327554914,2.5367374406705296e-06,0.387634810741099,2.5458095390967043e-06,0.38838426892080724,2.589015115072303e-06,0.38024403859531164,2.650256424198834e-06
2025-05-30,2.6422278090887465e-06,0.36658483563363137,2.675671763521974e-06,0.35927737676216626,2.73302583510434e-06,0.34701591116679903,2.5840925395778875e-06,0.3704699201380502,2.611052049576386e-06,0.38366270873385067,2.655933640888092e-06,0.3686887433731545,2.740106733366375e-06
2025-06-02,2.4116987940078793e-06,0.32700748647850003,2.381118129026309e-06,0.32658477960137017,2.3700531538465105e-06,0.3286209024637505,2.192501143153101e-06,0.3159097722226966,2.2203065404452197e-06,0.31981183774553185,2.175651508971024e-06,0.32294069923597085,2.134886376965894e-06
2025-06-03,1.8239444726954752e-06,0.36168592650629056,1.8605209790824292e-06,0.3610584060214237,1.8481021759479602e-06,0.35670093685686854,1.773809832429669e-06,0.36576446975765925,1.787521744923933e-06,0.3628259816803241,1.7962473779321065e-06,0.3560039071217516,1.6696330944522513e-06
2025-06-04,2.2342882324943573e-06,0.5094404810034435,2.342315110306957e-06,0.5013481098496481,2.319533663074043e-06,0.5102752574492554,2.217262463846199e-06,0.5332312027573681,2.28093304889481e-06,0.5119772645691493,2.263510524040992e-06,0.536544743079222,2.2523758797947148e-06
2025-06-05,4.474598064159759e-06,0.4722000392043046,4.690665220307545e-06,0.45874769531836407,4.943516528287846e-06,0.44086518049089535,5.040515361035561e-06,0.4654717431768538,4.803424589815128e-06,0.4698496050198681,5.200175425454557e-06,0.45895676337834496,6.9025335056048386e-06
2025-06-06,3.3519323498105106e-06,0.3112827558847173,3.5196838146160664e-06,0.31170583971362853,3.4561898965340892e-06,0.3072197756666188,3.0406537915408133e-06,0.3078296626934563,3.0975290705807683e-06,0.30821333289127845,3.0936020543696887e-06,0.30310098915678924,2.843213371832025e-06
2025-06-09,2.659896068939609e-06,0.46673399026399615,2.6470332587398748e-06,0.4567180136934928,2.735602439606235e-06,0.44692283612129113,2.6251292771432615e-06,0.48048957405488085,2.692302987410366e-06,0.46661303246604596,2.621722429446749e-06,0.45438250693815346,2.542429151242742e-06
2025-06-10,2.3042057295529328e-06,0.46501922233899196,2.314498398911529e-06,0.4627404774516218,2.3055565514226724e-06,0.45474826151789777,2.317920272095624e-06,0.4643583246074417,2.31905193916285e-06,0.4560761860295879,2.3026165486499073e-06,0.46492988036854754,2.2923111777116325e-06
2025-06-11,2.4843481852752e-06,0.39872819055874736,2.50971896798829e-06,0.39024056904195364,2.5195018042576343e-06,0.39352338682689475,2.4638072587779683e-06,0.4003682530448875,2.455675554103532e-06,0.39825254997923326,2.448037663270338e-06,0.40009787636155836,2.4933456518682736e-06
2025-06-12,2.068836253351575e-06,0.36087095641699757,2.1029701189075745e-06,0.36425362443220277,2.0990413614966973e-06,0.36391103470764924,2.0261935617122323e-06,0.36789591334278965,2.078976221436685e-06,0.3762012835583899,2.1123231079157673e-06,0.376202614481703,2.189775612841858e-06
2025-06-13,2.6226360898540807e-06,0.2798152785216206,2.6050470294215186e-06,0.27852566399567436,2.610272429180152e-06,0.2863830383683169,2.6275178598021228e-06,0.28639508864413193,2.6654604924217207e-06,0.2873447378677265,2.670798571393848e-06,0.2853055701902814,2.9552213739057552e-06
2025-06-16,1.776879831345621e-06,0.3395253977138271,1.7823205909468236e-06,0.3396923869491139,1.7848762062972867e-06,0.33671346377026684,1.716992324499798e-06,0.33340433846554096,1.729772051060228e-06,0.3262924010399984,1.7289991948081655e-06,0.32610239156532006,1.5935783587131358e-06
2025-06-17,1.5816191945604419e-06,0.29887642461549596,1.646774761520257e-06,0.3003326631195726,1.6521726034182791e-06,0.3023706213726155,1.6117032853899258e-06,0.2983657845758518,1.6889950576457074e-06,0.29657860935845126,1.7116831734352361e-06,0.30149164806521106,1.5007646166191934e-06
2025-06-18,1.6958268589076853e-06,0.45111441218158593,1.7976674128838464e-06,0.4361394555991345,1.7978315556021366e-06,0.4327735022846826,1.7336247673070738e-06,0.4291640967194162,1.8211821843604087e-06,0.41058715496047626,1.8439601856079413e-06,0.4027338517961372,2.1036361369299794e-06
2025-06-20,2.34112791849589e-06,0.27399338213907826,2.3955118062454926e-06,0.2750166691216279,2.3514842399817645e-06,0.27458493306535203,2.173748035615662e-06,0.27151255915605416,2.256555393286834e-06,0.27091507986618163,2.2418069738082715e-06,0.2749173817713153,2.2110396604206607e-06
2025-06-23,3.442684182557009e-06,0.35832879645157023,3.339485179212473e-06,0.34743111976510394,3.421103732827862e-06,0.35306044132246583,3.2143615256034332e-06,0.34654267913051484,3.283672496100122e-06,0.3435456104207857,3.483347268819458e-06,0.33543953920615194,3.877476121576985e-06
2025-06-24,2.0911716724950253e-06,0.34192063569966696,2.0943527099472807e-06,0.3423291611036281,2.0733249714347165e-06,0.3401288030964649,2.0725345321895723e-06,0.3484123326528909,2.068746319680422e-06,0.3363312903182358,2.049700835680515e-06,0.33525509567780176,1.945493535727132e-06
2025-06-25,1.9571808863949295e-06,0.2974625276822876,1.976179361624525e-06,0.2978479720762893,2.1157025346336607e-06,0.29675705697414506,2.0096193209540297e-06,0.3033052685537664,2.0642598210709036e-06,0.29747016114223723,2.1614635495848765e-06,0.29916672652565446,1.840775441957762e-06
2025-06-26,1.8607925293103822e-06,0.3909836750241693,1.86190914202636e-06,0.3815089430681405,1.895755803172567e-06,0.37741564295507085,1.9602580850008305e-06,0.38171686743586203,1.9138880694091066e-06,0.37542574534482237,1.9179807734142475e-06,0.37530453237157685,1.7625115092501464e-06
2025-06-27,1.8261381878115659e-06,0.3818106127653694,1.815804295649679e-06,0.3822062626756833,1.8509827192173125e-06,0.38155651650868405,1.8518165248898073e-06,0.3878489707344816,1.8445020915754146e-06,0.38807721576733795,1.8795246865015597e-06,0.38071553203712,1.9867667860654284e-06
2025-06-30,1.6621646986240771e-06,0.5531393382824149,1.6428225794491039e-06,0.559147092225339,1.6965794446228633e-06,0.5596282931981055,1.7064139011705713e-06,0.556684785351218,1.7725092908926268e-06,0.5388192202535341,1.7537673953044226e-06,0.5582831094607617,1.9050307436162747e-06
2025-07-01,2.8959583910965125e-06,0.31245851140620523,2.839581600416429e-06,0.31149363425138,3.0025042457655828e-06,0.29629140460981357,2.7744876066956343e-06,0.3052430509565857,2.759024026515922e-06,0.3050524936957493,2.8073297712863567e-06,0.2987460010145507,3.2527935081244416e-06
2025-07-02,2.242309917194098e-06,0.3161968074015606,2.2032523076155664e-06,0.3176396318936282,2.2262905203571698e-06,0.31535438904908714,2.3064737186759734e-06,0.328024325135232,2.28342425357729e-06,0.33183885106211225,2.287023917628164e-06,0.32480365984155973,2.436574053071048e-06
2025-07-03,2.0623432182776866e-06,0.2989832210784267,2.25622192872817e-06,0.2990010346273604,2.1207607258239914e-06,0.2924045986287317,2.2266909922352818e-06,0.29171902688908685,2.2772774759312635e-06,0.2908158263756626,2.2888734021608593e-06,0.28557470791152784,2.225423273427053e-06
2025-07-07,2.0564929072562816e-06,0.45693041350276936,2.0054459276149143e-06,0.4543435166387457,2.049065287588725e-06,0.45080517171471474,2.0650477796211334e-06,0.46531119135843796,2.1030240231211575e-06,0.45977476889416136,2.1358495370789256e-06,0.4623492232695164,2.015700643783001e-06
2025-07-08,1.7186780125248574e-06,0.5578605188033401,1.6748888847614705e-06,0.5532112070857743,1.7043327311666651e-06,0.5552157059196542,1.7212560938174518e-06,0.5945565942228832,1.707798783697949e-06,0.6015269039463994,1.7023833184253883e-06,0.6009969010575408,1.9016944050915057e-06
2025-07-09,1.623030205370958e-06,0.42245556031661474,1.6359622021951972e-06,0.4199779292281372,1.7340946759515681e-06,0.4143818369890509,1.67233876503587e-06,0.43012603860235404,1.680032831067046e-06,0.41982918982619144,1.6832135116706392e-06,0.41892445886177665,1.6044190232118033e-06
2025-07-10,1.669849300351213e-06,0.30696625504103503,1.6752645869707319e-06,0.3073571358372918,1.6749930974117104e-06,0.31535359307063415,1.742116661267609e-06,0.32586848779542915,1.7613510611031714e-06,0.325090353030985,1.7673904388000657e-06,0.3198362495252194,1.5358953072233704e-06
2025-07-11,1.3607353586757469e-06,0.35017395846582877,1.3486214718071897e-06,0.3495551045674919,1.3924977992934708e-06,0.35865733889199913,1.4176796567383812e-06,0.36188167020509115,1.4300251968238162e-06,0.35917092761090735,1.4134190230320671e-06,0.3529263738143766,1.2337806022663219e-06
2025-07-14,1.3317606191776667e-06,0.3439849924022404,1.30261563387202e-06,0.345157074597986,1.3201398126934016e-06,0.3541772876953618,1.3953300851777674e-06,0.37173597350216353,1.43015843825415e-06,0.3743329556033597,1.4122232188851869e-06,0.3712154253141881,1.2825544649216288e-06
2025-07-15,1.587444909837301e-06,0.29867804415704247,1.5752515289797835e-06,0.29945937166040265,1.5765136673046172e-06,0.29871056739297147,1.5726613986496649e-06,0.31181898850723777,1.5790483004175404e-06,0.30954143880328927,1.582085964411862e-06,0.3071810390799234,1.4778514783075708e-06
2025-07-16,2.2125336165119145e-06,0.4206807905364937,2.202101286924315e-06,0.42567674518531257,2.1816993120604666e-06,0.4277266378901541,2.0922702225934724e-06,0.42749561753644555,2.1127808834628257e-06,0.4279810615790871,2.112858609552591e-06,0.42403893680552457,2.363701388711697e-06
2025-07-17,1.1856460108075264e-06,0.43874578483299304,1.2092161393309584e-06,0.4311718760981506,1.1945947934619131e-06,0.43635924859824415,1.282588607501775e-06,0.4471004891830699,1.2973714472698055e-06,0.45245138001350815,1.2981166724675747e-06,0.4483731202780423,1.2037344311265733e-06
2025-07-18,1.3354041823244942e-06,0.34762877991630087,1.3510386422491122e-06,0.34409093090739745,1.32617731036644e-06,0.3451004290147219,1.352754175750176e-06,0.33911813056219087,1.3636520755179497e-06,0.34972249925731763,1.3645524270282584e-06,0.3255582130421926,1.3266827089239873e-06
2025-07-21,1.2187773997469854e-06,0.27855414490901736,1.2089086392037376e-06,0.280044758352802,1.1748092317052397e-06,0.27789371097804283,1.2476786556254346e-06,0.3056586698684644,1.271265216784824e-06,0.3144207335744767,1.2453456207352045e-06,0.31573230794699886,1.088376430660571e-06
2025-07-22,1.7344861048288254e-06,0.35954435566361226,1.7591012432839288e-06,0.35556403790555763,1.7115895754739196e-06,0.3548088792600952,1.661431665748977e-06,0.3569815089495261,1.6577295943396314e-06,0.3653539969596498,1.6032851469013264e-06,0.3642832070925173,1.5313009101161032e-06
2025-07-23,1.3782537121502726e-06,0.4184070476061444,1.44577153502773e-06,0.4181309954669219,1.4119142682255156e-06,0.4141713487055205,1.4185882533411613e-06,0.422949117240725,1.387036478323286e-06,0.4226371039929054,1.4308400919759657e-06,0.4338481916272096,1.3147265725477795e-06
2025-07-24,1.831983166100765e-06,0.3082809827607043,1.8158078636751995e-06,0.31234284930935996,1.8694328424562337e-06,0.30851940211480205,1.689822880223449e-06,0.30069023948999457,1.683704543779108e-06,0.3055374434536749,1.7227290505898072e-06,0.30260125167092095,1.4904842649079838e-06
2025-07-25,1.2670343559052482e-06,0.31169295352515086,1.2621262631807499e-06,0.3100341961664121,1.2463078714171081e-06,0.31045578754883524,1.418859076435609e-06,0.31820011577260315,1.3657027472632233e-06,0.326510597062577,1.3895101027604996e-06,0.32048164347300667,1.3326966570691907e-06
2025-07-28,1.3271481216314746e-06,0.3631992420922037,1.2763427622275934e-06,0.3656348604650885,1.2594673531871621e-06,0.36021225481414554,1.296075095804034e-06,0.3650707993575981,1.301570073364393e-06,0.3634910160814564,1.253646152470748e-06,0.36178207340579766,1.3744197023571873e-06
2025-07-29,1.4914381282570705e-06,0.32757259294196645,1.469137940556148e-06,0.32476048104654837,1.4032503026938592e-06,0.3221197041304067,1.4484332202226223e-06,0.33467066711295335,1.4884260334106514e-06,0.33925753815095444,1.4337084510162507e-06,0.3282753366284139,1.4903833133129536e-06
2025-07-30,1.2985045232048894e-06,0.411928661284662,1.3317293688526065e-06,0.4062331476201277,1.418972550676897e-06,0.39522674257509843,1.3788145571120163e-06,0.3839298465636241,1.3419964023238263e-06,0.41261516398492665,1.392832308744739e-06,0.38203022185338814,1.5273882863765712e-06
2025-07-31,3.140193355874448e-06,0.2618213270865743,3.006814769085431e-06,0.2633296754312339,3.0557342849280424e-06,0.2623043013131581,2.833852810934118e-06,0.25904183144879117,2.832887244723176e-06,0.2659049320492735,2.8371233759581265e-06,0.26367359800942264,3.371203072482967e-06
2025-08-01,4.23227363548457e-06,0.2482914394437354,4.01550716902126e-06,0.2401631859623461,4.068669329430505e-06,0.23659930733208911,3.590484127842856e-06,0.23512807875084404,3.5144721378922865e-06,0.23713719141697953,3.5654809735085204e-06,0.2309768531668899,3.855597346716044e-06
2025-08-04,2.1880375658014705e-06,0.32742524109927446,2.0402176084500607e-06,0.32415350967039075,2.049842433468903e-06,0.32135483751522625,2.0047232268953437e-06,0.32724307280263837,1.9405920450427654e-06,0.33116567860797747,1.973951650614999e-06,0.32552044525420154,2.095995491722873e-06
2025-08-05,2.14450026083141e-06,0.276579620383331,2.0696552653603508e-06,0.2742734227742776,2.027044609874273e-06,0.2734113919869556,2.0256408599114365e-06,0.26834651319412756,1.983470453871744e-06,0.2692176702804814,1.969397854612847e-06,0.2678180807855235,1.990176642995979e-06
2025-08-06,2.125632105526443e-06,0.31288774773584005,2.0710690810646374e-06,0.31178569982317095,2.076373043991061e-06,0.3126874474743302,1.9845100771762377e-06,0.3095485450264661,1.907692181933776e-06,0.3093237965673117,1.9015494776156214e-06,0.30815743455163086,1.8920756364303728e-06
2025-08-07,2.499855516466606e-06,0.2706651617204252,2.3932485931557666e-06,0.2720507277611279,2.3816806579469003e-06,0.2756988630844696,2.329261448514116e-06,0.2726163411940293,2.2869428675253127e-06,0.27493260370864625,2.2548718282446253e-06,0.28280313554831843,2.452405956019319e-06
2025-08-08,2.0453530098079047e-06,0.3326814151832832,1.980602756949977e-06,0.33365201367810915,2.0111477640067997e-06,0.32504602694451507,1.989192691254395e-06,0.33249796946126026,1.9122262778909313e-06,0.33460536126131085,1.9694556748287467e-06,0.3297989227027727,2.046728775810798e-06
2025-08-11,1.7879238814479864e-06,0.30031937757689614,1.7029376295567815e-06,0.29840672350420056,1.7016562056450819e-06,0.2949412769868468,1.728282791978167e-06,0.29880512748130067,1.7214382479317757e-06,0.29644027152729774,1.7258811590560929e-06,0.2923078674727115,1.7032615204219865e-06
2025-08-12,2.1110049319012604e-06,0.34598755104516377,2.0348691236969685e-06,0.34755648619612156,2.025158365558259e-06,0.34347582401928106,1.9548756147300234e-06,0.35788846953306375,1.917973807386195e-06,0.35638278625171566,1.9211457074576676e-06,0.35402398869679047,1.9380381087572484e-06
2025-08-13,1.9416882403415403e-06,0.5884513940394736,1.911289109030552e-06,0.592955982791678,1.8913289195054154e-06,0.60804529299632,1.9189574017740527e-06,0.5858229627973982,1.9297799641200655e-06,0.5955713386455909,1.9445017646283263e-06,0.5898004344689957,2.380475865953138e-06
2025-08-14,1.7714328365144442e-06,0.38137258947430724,1.7209259687234382e-06,0.37361216114674695,1.7344056066541077e-06,0.36762042688312735,1.7247948706346577e-06,0.3700014339312469,1.6994173172782203e-06,0.37053682019486045,1.737924120715996e-06,0.3711750277101971,1.6443634497239527e-06
2025-08-15,1.5988089449828838e-06,0.35041122304661454,1.5563089434064248e-06,0.35037605430414737,1.5479297321126197e-06,0.3465668704226393,1.54587994357365e-06,0.33791441679410505,1.5650143579926205e-06,0.3386370559104022,1.5567854736255918e-06,0.34143031144439906,1.4513444967383142e-06
2025-08-18,1.2508010800662349e-06,0.40031779009169394,1.221193821511779e-06,0.39687471822911086,1.2105243873487302e-06,0.4001874367760085,1.2198512005716072e-06,0.39174626602489077,1.2493792026813467e-06,0.38916923133044673,1.2211239141253138e-06,0.3917309319973104,1.1113321691812244e-06
2025-08-19,1.925426529681221e-06,0.3105586075542937,1.8947952758930029e-06,0.31102413102793375,1.9015748914328728e-06,0.3103619538914302,1.9500182470767914e-06,0.30643332787212235,1.94550595813696e-06,0.3116196510081023,1.948294666871707e-06,0.311198804964637,2.101684481710352e-06
2025-08-20,3.277705542806152e-06,0.2991048925791934,3.351677907129312e-06,0.29810757626217604,3.3920242955018933e-06,0.29892693167222434,3.12845407965055e-06,0.2952230929554161,3.1230079320362115e-06,0.3005263926201245,3.0735233647952525e-06,0.297272532172087,3.345159917052551e-06
2025-08-21,1.8352813491244984e-06,0.2907718142031442,1.881442247144249e-06,0.2965445080724106,1.793700304970942e-06,0.2964668441946188,1.7364766659050106e-06,0.29452851748900677,1.7582637944115158e-06,0.2968211284162147,1.7458409968958336e-06,0.29669817033342943,1.6539745797674607e-06
2025-08-22,2.9193966119168793e-06,0.3449052963300028,2.8844784438028232e-06,0.33823093048114283,2.890733014755401e-06,0.33508980986928255,4.954750093085809e-06,0.3662515278886178,4.127114714058618e-06,0.34413951599571996,3.6311869109876224e-06,0.34182978459213786,2.2958810620571993e-06
2025-08-25,1.3925814294403014e-06,0.33299591232299963,1.3548573079346015e-06,0.32978898220083236,1.3847046944236094e-06,0.33473409885435473,1.3512833354502856e-06,0.3350550809633394,1.3298364486448348e-06,0.3336276741518471,1.3456704039050784e-06,0.3332917709057685,1.204365189439526e-06
2025-08-26,1.0857076264178214e-06,0.368331785904276,1.09510341287651e-06,0.3689097373531365,1.103624783578781e-06,0.3687535860538695,1.0699428000479482e-06,0.3746284240316389,1.0748498075988809e-06,0.3777130550295424,1.1205413244988229e-06,0.374433249090649,1.0942610584097448e-06
2025-08-27,1.0236099288823327e-06,0.44888567443163446,1.068174907341462e-06,0.4397919747646304,1.084160276294127e-06,0.4305541936989596,1.0671097452946034e-06,0.4263617873602878,1.077511595180985e-06,0.42839967307142574,1.0819032215688293e-06,0.42274443691757096,9.153476331859558e-07
2025-08-28,1.7263445953200834e-06,0.29012234813636567,1.7308040543465467e-06,0.2900831532755977,1.7575964796843183e-06,0.28813521526849295,1.625894010319445e-06,0.28360978153240396,1.5760514467687731e-06,0.2792353040835914,1.6413046254054656e-06,0.28096506475234134,1.5734613842318625e-06
2025-08-29,1.8374300630328808e-06,0.32941370239660456,1.803299554864665e-06,0.3263511615894052,1.8059656702850619e-06,0.321986601001875,1.7179013009546408e-06,0.3400029414750036,1.6652136469102192e-06,0.33904728680895974,1.7209553661180122e-06,0.32119205377331056,1.8350267036124472e-06
2025-09-02,2.0304807635801435e-06,0.38454080963163234,1.9915463981792447e-06,0.3784465345688824,2.052501622612919e-06,0.3830184204582645,1.895937724967864e-06,0.4089111491975148,1.842923379535095e-06,0.39954620767956334,1.9063362176813466e-06,0.39670453904740466,1.958783845233878e-06
2025-09-03,1.9014370949630792e-06,0.23015542130806763,1.910014237628028e-06,0.2283513809199702,1.920969271879903e-06,0.23080386741400014,1.8868014673380695e-06,0.2290559854966714,1.8123411840348208e-06,0.2291105095841989,1.8079714207955873e-06,0.23105381960556737,1.944129395668251e-06
2025-09-04,1.6404737614440176e-06,0.2710789346827057,1.646675857028494e-06,0.2696620061999723,1.6276960078775976e-06,0.2698731507502267,1.4716139269267779e-06,0.2616922711553337,1.4576463096643089e-06,0.2674477040360514,1.4521671065149005e-06,0.2648621815419902,1.420786660505143e-06
2025-09-05,3.351743632945583e-06,0.2968463291783741,3.1831577732935697e-06,0.2948681090651666,3.2256071885276963e-06,0.2938418731955952,2.9766434071752973e-06,0.3077164214834265,2.8122508068584037e-06,0.3204441334333186,2.924428064676368e-06,0.3149942619301529,3.365203911957965e-06
2025-09-08,1.6320510911607708e-06,0.3090718417260703,1.5611706423661726e-06,0.30510555305440906,1.5726506560522957e-06,0.30683198193869426,1.552886816391899e-06,0.29889159126289133,1.49562986595537e-06,0.2973698875178483,1.5043553272224796e-06,0.29886981020021514,1.3674871730651078e-06
2025-09-09,1.4448801759634808e-06,0.4180273325537904,1.4304265776014606e-06,0.42107981701597735,1.4404642845223481e-06,0.4101920583040857,1.489184948697562e-06,0.40095145393177317,1.4707996824881418e-06,0.39221271001250274,1.4632729571486406e-06,0.3988116294791311,1.5119251032045603e-06
2025-09-10,1.9903903020083825e-06,0.2895265929878981,1.9973258479320676e-06,0.2884216587168126,1.998595828080069e-06,0.28591826910522034,1.9430216832174192e-06,0.29168093621375674,1.8971472486251606e-06,0.29518345629407944,1.8961859344097164e-06,0.29682694665728715,2.0208342039989257e-06
2025-09-11,1.65048864721035e-06,0.34855659170928494,1.673656270763463e-06,0.3481661851244195,1.6820665305589883e-06,0.3480609733443347,1.6353922440950988e-06,0.3526019496493655,1.6191748510996602e-06,0.3524577707636632,1.6542494409150503e-06,0.3514422651261145,1.6227535466331567e-06
2025-09-12,1.9009846936335639e-06,0.46578883200749854,1.943407692797743e-06,0.45267088813796863,1.9446703846446077e-06,0.45321580437822223,1.9752559802866007e-06,0.4489702582710615,1.997761699748425e-06,0.4349509573869555,2.043500312610448e-06,0.4532810410776671,1.957979442307077e-06
2025-09-15,2.174941134747481e-06,0.3431830543851155,2.1645067317584656e-06,0.3421800828122614,2.1694242658864206e-06,0.33366717702299603,2.2801208470538996e-06,0.3417039069153245,2.264328929471651e-06,0.342568743728985,2.333907188850486e-06,0.33302721280215725,2.470041374268757e-06
2025-09-16,1.6999989565675602e-06,0.31029839016688565,1.7428957692718426e-06,0.3108809515667889,1.7080490147532007e-06,0.3066892165517491,1.6996270574263235e-06,0.30796962240808007,1.7265624877247302e-06,0.31300112146270714,1.7385384022461951e-06,0.3104968955635848,1.5838640335246408e-06
2025-09-17,2.3019923305545716e-06,0.5948722786114744,2.4167445993907907e-06,0.5714422519032131,2.45518015073856e-06,0.5442009736874459,2.5050753102246293e-06,0.5051879213780434,2.640643221957822e-06,0.4742848649263636,2.6148917542074342e-06,0.46830963481084814,3.340589804489005e-06
2025-09-18,1.9031396148456332e-06,0.31553659710908205,1.9288410294698273e-06,0.316640438049983,1.918681000328581e-06,0.3196277459714372,1.7702907916987414e-06,0.3244547120282641,1.7960391234792294e-06,0.3255916234596882,1.7801405944748412e-06,0.32795724978711743,1.946082039716661e-06
2025-09-19,1.525279424122393e-06,0.30677726700873026,1.5550053560078961e-06,0.30567456271423293,1.5367817090601974e-06,0.3029463865956424,1.491964319487309e-06,0.30629267358522805,1.5065257521411804e-06,0.3051468163926719,1.5165345928135787e-06,0.31125382215317976,1.4595244899964813e-06
2025-09-22,1.8284880460802816e-06,0.4638382590024348,1.8008231112840555e-06,0.46257193155830634,1.8521387404150044e-06,0.4514951263002663,1.915908764346257e-06,0.4298488312915749,1.952138888602812e-06,0.44189459876366427,2.006331593969437e-06,0.4218357293112753,2.0407051992273294e-06
2025-09-23,1.955568670386096e-06,0.38051805991530463,1.9660413106636817e-06,0.3840148312772927,2.0428481638996884e-06,0.3733259833671621,1.9771671454073255e-06,0.3714505092349911,1.992147782273577e-06,0.380808553416723,2.0120904486165445e-06,0.37429443470532836,2.101774693230293e-06
2025-09-24,1.7786308667097547e-06,0.3021639882041689,1.823823545827484e-06,0.3045710479576355,1.8740891613086734e-06,0.30584728638731823,1.7224857230612153e-06,0.30204223833233385,1.7607507764043592e-06,0.3019605479090595,1.789175909556773e-06,0.30490187271312835,1.6747987747281195e-06
2025-09-25,2.36392032519865e-06,0.2994291243401195,2.3831806821221785e-06,0.3001092420443283,2.4254538240902193e-06,0.2982559696740544,2.2553452315264328e-06,0.3085008922360906,2.2724046027602964e-06,0.30749360373950196,2.2543762132745077e-06,0.30402835332089606,2.335060231928545e-06
2025-09-26,2.1455581870095582e-06,0.29455003790346007,2.120761148973443e-06,0.29113723751636394,2.1312393926680348e-06,0.2951068033650075,1.8735996068108257e-06,0.2792196311436778,1.9046848734472237e-06,0.27743687820422375,1.9162001733311883e-06,0.2815276637993467,1.833720794972933e-06
2025-09-29,1.466062389949714e-06,0.31711070907591804,1.4364794028311468e-06,0.31356640606337344,1.4336051153921898e-06,0.3100268842942493,1.4507457217690082e-06,0.3220149528317063,1.490348286774404e-06,0.3192986067442464,1.499052452023192e-06,0.31802448291302676,1.2508114496549234e-06
2025-09-30,1.7881450135281841e-06,0.3228634129865252,1.7797696906102147e-06,0.32339586523136066,1.8489762370897083e-06,0.3240308476095866,1.7056287565387248e-06,0.30803493552844596,1.7640085549688605e-06,0.31747021462888153,1.7898032494935886e-06,0.3147919926970104,1.7378196881229781e-06
2025-10-01,1.8337578498797744e-06,0.3223228454690131,1.8811370170951358e-06,0.3240691180714162,1.943228343045284e-06,0.3256923301404439,1.754266936731872e-06,0.3239637096010452,1.8256525698177855e-06,0.3306260520204548,1.8636470850912183e-06,0.3289825739222441,1.787161479361293e-06
2025-10-02,2.537526005491733e-06,0.3627038335293382,2.5848133470984625e-06,0.36580657793525867,2.5689461073304853e-06,0.36092400848810174,2.340700744296478e-06,0.37248443458367825,2.4296393606076335e-06,0.3673469503299141,2.53490742798163e-06,0.3634375739546834,2.806962421840028e-06
2025-10-03,2.529814057651545e-06,0.3623680499969583,2.5673384479571597e-06,0.3578974043319598,2.68907163604474e-06,0.3506659032250609,2.47938612441781e-06,0.3477438146800283,2.487360264042225e-06,0.336912758896401,2.594396859282766e-06,0.3330296979501795,2.6658566810044593e-06
2025-10-06,2.1052278925266615e-06,0.3868401898998323,2.081648946825108e-06,0.385822402113625,2.1142347803017656e-06,0.3863787283964044,1.9377949169631896e-06,0.366889232032464,1.948104261099128e-06,0.3697346058833169,1.952583492810946e-06,0.3697801910347874,1.9827334090660174e-06
2025-10-07,2.3292364977073795e-06,0.3840242271634018,2.320212974275492e-06,0.38991018098589264,2.3431223094476078e-06,0.38465267049859797,2.3761095829222523e-06,0.3988462590763846,2.4178772149557317e-06,0.39477891978282315,2.381905866802392e-06,0.39805713930764747,2.842045321534619e-06
2025-10-08,1.6019587693035359e-06,0.30478325835349646,1.6348357093585923e-06,0.30799135093444074,1.6286488731429075e-06,0.3028195075123474,1.5549279647499483e-06,0.2918500065504232,1.5592726227555045e-06,0.30766964439764366,1.5697663949105738e-06,0.3042842990898381,1.5036481691060615e-06
2025-10-09,1.977365481085143e-06,0.3541762683887262,2.0094113195707256e-06,0.3485442419084282,2.0280118884527334e-06,0.34681372538009825,1.8844217709102293e-06,0.3855162195446005,1.9439508930826844e-06,0.3760824597296921,1.962184180011789e-06,0.38041942324390327,1.9220425088477326e-06
2025-10-10,5.884250503661325e-06,0.651120359824881,5.964934252222874e-06,0.6476863956707758,6.1441637604015896e-06,0.6388627719419357,5.67186786585457e-06,0.7552430051042859,5.518152192835133e-06,0.7309409855085667,5.510172475966082e-06,0.720013317032905,7.084133656018865e-06
2025-10-13,2.704413930131706e-06,0.29551616204128117,2.589929504806337e-06,0.28853031622713615,2.6149911027579412e-06,0.28661795548931335,2.250580078398527e-06,0.27008322536802826,2.265752228167401e-06,0.2744107663873771,2.251570916523149e-06,0.2729309656463274,2.1812164916763153e-06
2025-10-14,2.432264803450035e-06,0.2850827368844077,2.413722309753333e-06,0.2830780765882481,2.385517393135902e-06,0.2870091624604472,2.195513470794311e-06,0.2938601578422589,2.2042423200278464e-06,0.2956051160055562,2.169312577620255e-06,0.2915223059538653,2.2043559033295634e-06
2025-10-15,2.683687880676324e-06,0.3608130213156751,2.719103063122507e-06,0.36069110748690375,2.7644188807977268e-06,0.3595959795019519,2.594223674056161e-06,0.34364300151073796,2.6285059857882183e-06,0.3486004498299584,2.5720430297549793e-06,0.3479775607629962,2.753380415660479e-06
2025-10-16,3.5132828393329953e-06,0.2886327174208319,3.51960438085661e-06,0.2882293728299532,3.5177992000841486e-06,0.28232984542357337,3.223370248017606e-06,0.2988605584125388,3.369923644029485e-06,0.2761633605450624,3.282689551100078e-06,0.2789646713327418,3.7969292010849307e-06
2025-10-17,3.2862680021464003e-06,0.22063138918674094,3.2363012720782017e-06,0.21762469922740035,3.2746263756213724e-06,0.22069132011625162,2.688191881405557e-06,0.2155098012511433,2.83562459126809e-06,0.21990548659177858,2.831254533477104e-06,0.22105688958365075,2.9053199210704284e-06
2025-10-20,1.695893703602674e-06,0.3431235029391932,1.644933874087117e-06,0.35407474872444206,1.928283255707591e-06,0.4140889499093767,1.6660035842723127e-06,0.3399004094376905,1.3575485649212503e-06,0.35893470891772666,1.6445562618707682e-06,0.3686849796078286,1.5861247167535193e-06
2025-10-21,1.588436255118561e-06,0.31925478147495595,1.6306163334300532e-06,0.322819749547906,1.6319591918626968e-06,0.32234569624279713,1.4947359323692189e-06,0.3173196491939896,1.5036774754178977e-06,0.31600260246745115,1.4963091883573999e-06,0.3172592886201519,1.2588515662526742e-06
2025-10-22,3.0544255874176e-06,0.4940152511429348,3.1465470934814378e-06,0.48162250033827686,3.1001752175650063e-06,0.4953705628446312,3.1647583758101807e-06,0.47731119379661546,3.1100854336274452e-06,0.46372751798489276,3.0009692715929398e-06,0.4785610840705569,3.4664040929116e-06
2025-10-23,2.5243011256666576e-06,0.35607413526274595,2.547298265630633e-06,0.36115455187914924,2.57088151554813e-06,0.3622821494500801,2.3223427065919196e-06,0.35350065168850087,2.2650443921001324e-06,0.3547460323419486,2.368496105730341e-06,0.3562402144224254,2.3018643492589677e-06
2025-10-24,1.7294328633093839e-06,0.3253019766336572,1.770462922672462e-06,0.32549036964879213,1.7843851826322083e-06,0.3255909474865239,1.6180426318154638e-06,0.3311849549090529,1.667506175965969e-06,0.3314522199938131,1.7200739489126077e-06,0.3293165877409899,1.5787056110069583e-06
2025-10-27,1.542362328077264e-06,0.4705758359010553,1.533531519004181e-06,0.46507922534450025,1.5817896605030182e-06,0.45934855551532183,1.572652857621612e-06,0.44653855773017576,1.580073660239002e-06,0.4529098486856446,1.6897746188996713e-06,0.4334789044182019,1.7222721098726675e-06
2025-10-28,2.214364073421434e-06,0.4926232339352746,2.251193700501313e-06,0.48379039007715136,2.2911968306465605e-06,0.48034043586323466,2.252680682354152e-06,0.4826779601920969,2.2618252195773586e-06,0.4834237991032378,2.3467379617034374e-06,0.4687225089628548,2.477993529160411e-06
2025-10-29,2.8908101322246605e-06,0.520267090253003,2.9716043260276902e-06,0.5124837458006166,3.0056090059490958e-06,0.5075080578656223,2.957208990397976e-06,0.5220206750204827,2.9905253030927217e-06,0.49199447672722285,3.0745297866468628e-06,0.49200575488730885,3.3500949609083533e-06
2025-10-30,4.3379512244730695e-06,0.3013946930248543,4.356586650222366e-06,0.3031955090673552,4.595324868656903e-06,0.3042669575398499,3.963833134723437e-06,0.3116831632753351,3.7001977506231463e-06,0.3160372444344099,3.896709873694373e-06,0.3124766080954078,4.000608631016377e-06
2025-10-31,3.92015207177993e-06,0.26624739249822027,3.852024034291525e-06,0.26175574981056204,3.936684863576919e-06,0.25912320100911096,3.4771796807406836e-06,0.2561141094706806,3.3933649504261987e-06,0.2528993043667312,3.526618215223135e-06,0.25661611774563925,3.3895739592559846e-06
2025-11-03,3.1840140269631415e-06,0.32202690812510765,3.0495601306317807e-06,0.3159607176791889,3.0857892772574143e-06,0.31692635305555966,2.7671359975153143e-06,0.32220551602190023,2.7053845033060256e-06,0.3188228829810233,2.7387889231312445e-06,0.31271047129970675,2.8590648561819764e-06
2025-11-04,2.872479018785215e-06,0.2712852422211589,2.823798544100913e-06,0.26967994468910444,2.8935251508404183e-06,0.26773991002401826,2.6789593012078608e-06,0.28204838818188777,2.597038035099713e-06,0.2824277990145307,2.613614888829408e-06,0.27632141082547435,2.740283936955793e-06
2025-11-05,2.5748088459160747e-06,0.502120905683013,2.6386695301563932e-06,0.5006547407867152,2.6892548959067824e-06,0.5084151185989669,2.384969436491806e-06,0.4942645024024608,2.370503435006637e-06,0.49443277877618325,2.354779483723461e-06,0.5110670386013502,2.4413802189630863e-06
2025-11-06,5.2971528278206885e-06,0.2798603588711906,5.426554555281786e-06,0.2790935681771733,5.53149161282648e-06,0.2792515693068279,5.106426175766835e-06,0.2927808009261137,5.013273858385937e-06,0.29144169496390826,5.005333374236185e-06,0.2937317440326745,6.036026378979975e-06
2025-11-07,5.13394119436532e-06,0.2628383979482884,5.123930121706338e-06,0.2647733604615227,5.286773147340603e-06,0.2624187814552336,4.341005775614336e-06,0.2655947054415181,4.202131357500525e-06,0.2656508283119593,4.265978290142293e-06,0.26223703275886057,4.586242525624867e-06
2025-11-10,2.787787496695895e-06,0.32286262660233694,2.6782552057242656e-06,0.31910628475378244,2.6765722964269815e-06,0.31678483962223564,2.552543176861591e-06,0.32038613264533544,2.5382740974141524e-06,0.3257764365673455,2.528749214021932e-06,0.3229234000008481,2.566342684149397e-06
2025-11-11,1.938477052690684e-06,0.27336961332398224,1.921582034650704e-06,0.2747271100373176,1.9574517870401176e-06,0.27739653168431627,1.878229703474965e-06,0.27018205198721124,1.8444896879193766e-06,0.26979727207242776,1.8581521838288865e-06,0.2682925918839916,1.670098047673939e-06
2025-11-12,2.4654895538227515e-06,0.3248648734631699,2.521858627751125e-06,0.32009289810629293,2.576280741995971e-06,0.3163761520771453,2.3347210602358665e-06,0.33707453478358157,2.311939773706602e-06,0.3307381082666023,2.387094522059696e-06,0.31879699373297815,2.5978470881425743e-06
2025-11-13,4.18344502865065e-06,0.24571212795503797,4.235813325834547e-06,0.24518903743730594,4.377566779562996e-06,0.24450653341797216,3.926356882891453e-06,0.25215351552737797,3.948220502226088e-06,0.2520216704836108,4.025317155940734e-06,0.2467494499691043,4.464746099407243e-06
2025-11-14,4.741136815749553e-06,0.2724337960020704,4.8314620989758164e-06,0.26792256441892415,4.985572420344409e-06,0.2715137496962676,4.284402421539918e-06,0.26376692018418074,4.152101832412841e-06,0.26608963423037096,4.094011703224435e-06,0.2651174113484629,4.750568744975176e-06
2025-11-17,4.0447589685310465e-06,0.32377863010687197,3.955224488799279e-06,0.3218523115498673,3.985035638099e-06,0.31822049129711716,3.6823759340965264e-06,0.3296329851108769,3.6290505359801335e-06,0.33076443585053755,3.6056918673678875e-06,0.32660869242842244,3.71571127041101e-06
2025-11-18,6.3726754997752115e-06,0.2186454892338323,6.437154003485084e-06,0.21981459956556773,6.543055844024741e-06,0.21766327964682097,5.640195253535088e-06,0.24148945807480424,5.530186162628924e-06,0.24543177252663453,5.43386447107651e-06,0.23994991278072184,6.25848666122679e-06
2025-11-19,4.004409736237054e-06,0.29855014895444737,4.1356369357574945e-06,0.30110805546718905,4.282247463760663e-06,0.3002683436610673,3.994532265107453e-06,0.29681876296638354,3.872893684654842e-06,0.2937011600954644,3.900417738456239e-06,0.29270416629918367,3.6370429811000173e-06
2025-11-20,8.815404589349078e-06,0.27040412591602037,9.156036782125448e-06,0.267659489671995,9.191763814066678e-06,0.2682834910939753,8.476032547243065e-06,0.2846940510188962,8.312424554008016e-06,0.28016394591046495,7.922854994282518e-06,0.286551350640521,9.736986816861182e-06
2025-11-21,8.13596081966613e-06,0.37432132873466933,8.333328170964908e-06,0.3800903615496238,8.661792492369922e-06,0.3777325864611771,7.523311136089391e-06,0.38523453777157396,7.150500051276609e-06,0.38802809128627164,7.114038134741385e-06,0.3865893570733439,7.637676177855068e-06
2025-11-24,3.3946636315190052e-06,0.2865565705284531,3.202556179153239e-06,0.27564855669274213,3.3442461420510333e-06,0.27939128240722627,2.964789172169052e-06,0.26093673008167245,2.8188158505291077e-06,0.2505227319142936,2.8095050767496662e-06,0.2482740361946695,2.3889628408831528e-06
2025-11-25,3.577929073681185e-06,0.3471519109397933,3.4642068687767027e-06,0.34241576625819276,3.6594629598661796e-06,0.3526695584767408,3.120918380706056e-06,0.32444253221351255,2.915480431261509e-06,0.30782797598146056,2.955043076677199e-06,0.30883682435996873,2.6102360500182423e-06
2025-11-26,2.034969359213158e-06,0.39812467207071833,2.0221393958796576e-06,0.3936073285928616,2.0584006942788875e-06,0.395089039859099,1.983553156502108e-06,0.38940598891119144,1.8103000643545319e-06,0.3815963815739081,1.8432450996042725e-06,0.38042248030181874,1.5543297205122192e-06
2025-11-28,1.8143947740981784e-06,0.2751262835322608,1.751332724010546e-06,0.26799021860680455,1.876392011044363e-06,0.28151539336584097,1.5686059046555782e-06,0.25451897664124523,1.5395659626360813e-06,0.25255495515830745,1.5774861229882884e-06,0.2518462360951436,1.3927828432474907e-06
2025-12-01,1.7745094343676174e-06,0.2982633162459292,1.7062550817357797e-06,0.293750817959946,1.7446025519806838e-06,0.2988898827767728,1.559803684779289e-06,0.286323239316673,1.563118353166606e-06,0.2899152795461546,1.5309037838540528e-06,0.2860149294876546,1.40564273724479e-06
2025-12-02,2.213554644489347e-06,0.345906617426282,2.180918813608864e-06,0.34659981989246075,2.246521505770265e-06,0.34155797801233323,2.0728193665618188e-06,0.3313659393823428,2.0621033408499895e-06,0.3303062830252168,2.0491382003016772e-06,0.3268257050440152,2.119461529401672e-06
2025-12-03,2.0482604450631513e-06,0.3880082728722469,2.1037985293024472e-06,0.3915698617070844,2.0321141475434938e-06,0.380770405474055,1.9143667887299235e-06,0.40826267525703486,1.8402483422876465e-06,0.40148140572835406,1.9033854947591907e-06,0.39813521243003375,1.9611635959058193e-06
2025-12-04,2.237274511545667e-06,0.36823329260356497,2.297861940580987e-06,0.3653409673041665,2.269376588063427e-06,0.3742055998383041,2.0382370393195195e-06,0.3621082874513691,2.046159506454153e-06,0.3535750175648021,2.0236646740380125e-06,0.36466597768458725,2.0623414371808356e-06
2025-12-05,1.5253451583094054e-06,0.3421072416265711,1.5137757975266235e-06,0.34279381272939924,1.5354638855859818e-06,0.3525592292568802,1.4413219318141104e-06,0.33961296044404765,1.4504179474497623e-06,0.34193823988682165,1.4513975637643877e-06,0.3387551014861683,1.275221464223383e-06
2025-12-08,1.786907553477872e-06,0.4891888238777506,1.7558758528772446e-06,0.4933420023844568,1.7278395056048879e-06,0.4925776559767793,1.7240134854966462e-06,0.5264258888382864,1.7306184750071638e-06,0.54323991217482,1.724440924014589e-06,0.5345418335369233,1.7943214556574984e-06
2025-12-09,1.2021139995170066e-06,0.37263482413923615,1.2172661453217623e-06,0.3712256748680585,1.2247618798806794e-06,0.3768180461975656,1.1663182119711197e-06,0.3692757095418057,1.1785043069749376e-06,0.3687429818339738,1.166760279563862e-06,0.3698322920970607,8.953785517895161e-07
2025-12-10,1.7837227253756599e-06,0.5003520688162101,1.8244180246551086e-06,0.4902435597569088,1.7997347375575724e-06,0.4706442361214674,1.8172524336490264e-06,0.46300526475155895,1.7863403935998461e-06,0.4517500085608737,1.833901486776287e-06,0.459827690273186,2.101550763631574e-06
2025-12-11,1.7169056278942728e-06,0.3489867993964085,1.758372500597839e-06,0.3479498704738962,1.7539333928649725e-06,0.35514644417919566,1.6246795185143583e-06,0.3529827027902708,1.6661963212970732e-06,0.34838250519692426,1.6878784583141067e-06,0.34806555471944667,1.5312288927332555e-06
2025-12-12,2.9564187898014804e-06,0.3657185431351027,2.918582543109767e-06,0.36093257844407195,2.8997226270339245e-06,0.36410774628833603,2.7862032624867948e-06,0.37240651536630404,2.770373838736533e-06,0.37066026397741103,2.8047040463909625e-06,0.3712485088583659,3.117479714489667e-06
2025-12-15,2.7760189575702427e-06,0.23961354572677498,2.7258123284537814e-06,0.23752651047413534,2.7567596226384476e-06,0.23648029282841568,2.43708561564468e-06,0.23417952066298311,2.440881381752513e-06,0.2362006428219834,2.4423835295724765e-06,0.232520893886741,2.4343425525834066e-06
2025-12-16,2.6218732912340738e-06,0.2697000661439199,2.598436771672785e-06,0.269492948490914,2.6655778429617532e-06,0.27691479607683683,2.3398805339696234e-06,0.25327977637302407,2.2424079825820843e-06,0.24816766085767264,2.2808179693841456e-06,0.2505330679153686,2.0317087252563682e-06
2025-12-17,2.956422075901511e-06,0.23802606298424253,2.9899843250942366e-06,0.24097025916634177,3.0520889158967945e-06,0.24031314230933387,2.757309488740614e-06,0.24825616487288626,2.6850284016008006e-06,0.24901727791501052,2.7769609357202267e-06,0.2495977313411262,2.721101630489426e-06
2025-12-18,2.526614779014122e-06,0.2580232184286541,2.539623471740372e-06,0.2582070093421979,2.5746492996858727e-06,0.26266894378355315,2.3396792872661455e-06,0.2587521101770887,2.241297898885713e-06,0.2618992622247364,2.303249792777423e-06,0.26338395349495275,2.0811544970824185e-06
2025-12-19,1.8109636850923145e-06,0.35773320559026794,1.7673594379078621e-06,0.3547545685673538,1.802128442919277e-06,0.35552069561780386,1.6552693162613155e-06,0.3467655579675579,1.5567898214690465e-06,0.344780592593897,1.6166203129499946e-06,0.3468890613805929,1.5511843019653063e-06
2025-12-22,1.302816711436331e-06,0.33301892748753087,1.243935721304246e-06,0.3296393221382325,1.2544760571750231e-06,0.3305992900890463,1.261741256574889e-06,0.345786998650461,1.2072433825838523e-06,0.3410055763843289,1.2227928432758993e-06,0.34165513417438803,1.032809085269551e-06
2025-12-23,1.0605820991284786e-06,0.3300769124408755,1.0397859158256977e-06,0.3292688040184331,1.0714066893862697e-06,0.3299153285127262,1.0817485512446506e-06,0.3551976631066855,1.0080950444377925e-06,0.3511905868137044,1.0641560978261061e-06,0.3591590431976997,8.645761804261307e-07
2025-12-24,8.978908668092321e-07,0.28219666563724327,9.313490078918971e-07,0.27971647697785607,9.687056861684558e-07,0.2761966164449679,9.416650702738447e-07,0.2945669950657466,8.724920068170262e-07,0.28386482905548754,9.478196639158866e-07,0.2874024684972131,9.279811780321763e-07
2025-12-26,7.65124226243437e-07,0.3717801516640842,7.686703422279087e-07,0.3720943045851793,7.880385239384986e-07,0.36999687751510285,7.744100837424867e-07,0.37717097729454513,7.656849936221541e-07,0.3683423452219052,7.923253765642575e-07,0.386445072171368,6.608615732353664e-07
2025-12-29,9.6368639645839e-07,0.2913766680735858,9.556170685250754e-07,0.2917095761846584,9.888676101055623e-07,0.29312023440947904,8.738058422488593e-07,0.294422256515216,8.782813888466874e-07,0.2994841945891099,9.035991831852739e-07,0.2992948333931057,7.567698672318598e-07
2025-12-30,7.642035890418001e-07,0.2861498592400669,7.752788889758018e-07,0.28828052876612076,7.997919780686574e-07,0.28884349721444547,7.751785745751136e-07,0.3097393555373092,7.420119651385644e-07,0.295778039961561,7.644965886630938e-07,0.2943633853048881,6.294661688632783e-07
2025-12-31,6.52877160971977e-07,0.3140206886314053,6.810338864307325e-07,0.3132401768631818,7.104432585081308e-07,0.3195000013854581,6.791489738474511e-07,0.32027178549807456,6.708805374908381e-07,0.3283438345603403,6.969559303248405e-07,0.32908517220113015,6.06019263442645e-07
2026-01-02,2.2870547111119047e-06,0.25684152724129045,2.2254277790427696e-06,0.25801552642073056,2.290726874299086e-06,0.256271104457912,1.8749463381976225e-06,0.3004561172840069,1.9862407371040042e-06,0.2735090592658033,1.8941755990009837e-06,0.3032405420330025,2.3452871749296573e-06
2026-01-05,1.541402815341128e-06,0.2869240385897532,1.5226693917575419e-06,0.28420536636798754,1.5475886713368052e-06,0.27954631010920056,1.4300580544541066e-06,0.2812752321464034,1.4311400572557246e-06,0.2804881898974555,1.3910614083002513e-06,0.2776280698919994,1.3207899528555743e-06
2026-01-06,1.5767819486607433e-06,0.3539341285775153,1.5879101993545804e-06,0.3507108303843158,1.6111347962103557e-06,0.343082083650239,1.6181345061931634e-06,0.3659838268667656,1.5689531064822623e-06,0.37311656740129795,1.5805930718652218e-06,0.3576624077375776,1.9125891073636182e-06
2026-01-07,1.69816885847373e-06,0.37092491097956226,1.7405407144172745e-06,0.3697050042437362,1.7534189732344404e-06,0.3749563278129062,1.6221795500032626e-06,0.3680840191820623,1.6172023945859176e-06,0.36972523683578223,1.609636036670974e-06,0.3692525009993189,1.7902909742394885e-06
2026-01-08,1.7809878209802143e-06,0.2914671946251732,1.8252612703470618e-06,0.29302995836304613,1.8554814830889562e-06,0.2949847151681951,1.6848896140966208e-06,0.2784822840707479,1.6682150327703272e-06,0.27761687119543216,1.6986898884274112e-06,0.2775936659922947,1.5072951631946273e-06
2026-01-09,1.7125003904314932e-06,0.32064802582782076,1.6534852846506322e-06,0.31504732550057063,1.6721914813076716e-06,0.31416495079469225,1.5705185746640087e-06,0.30313366371901634,1.535926723476731e-06,0.30038226393005607,1.5570433818441441e-06,0.29940185229376487,1.498710899707084e-06
2026-01-12,1.2621406933382834e-06,0.3823691685679988,1.2241581938911637e-06,0.3836882070087118,1.2159006369348483e-06,0.3799755309408554,1.2240239642675872e-06,0.39478045000760725,1.2370062859269312e-06,0.3929886816631855,1.2322442543075581e-06,0.3951563871371633,1.2009620571695198e-06
2026-01-13,1.8650238613254504e-06,0.30168372375946834,1.8258195653957093e-06,0.29925866207598045,1.8831128408506953e-06,0.299245742255465,1.7822178507160198e-06,0.29975502199874055,1.7556296238603046e-06,0.29822287677128645,1.8052136639714183e-06,0.3008649540858717,1.6788928422308893e-06
2026-01-14,1.9577930831021345e-06,0.4230326564666094,1.974187580990101e-06,0.4154779785539298,2.017367099794518e-06,0.4201667838992782,1.8918227188219327e-06,0.4439557328607791,1.8905160627030754e-06,0.43730403996524125,1.944711670463799e-06,0.4410234002414702,1.7942081704743328e-06
2026-01-15,1.6521923669237473e-06,0.35777456334439633,1.6441230670867169e-06,0.3590789230000717,1.6598589329834058e-06,0.3599809214669611,1.604193585527304e-06,0.3583174544155095,1.5976577625332467e-06,0.356315714301833,1.6328393654095381e-06,0.35875110791291615,1.5338232992824115e-06
2026-01-16,1.3970724964339357e-06,0.31151691448403834,1.2987966883155384e-06,0.3069032777260861,1.3060101517544073e-06,0.30479367034675603,1.3412340446264844e-06,0.3022389322334804,1.317974074572692e-06,0.31161431780850607,1.3350597326724588e-06,0.31191249317904896,1.2495586618888609e-06
2026-01-20,1.928080850955755e-06,0.26038144057356344,1.935293122841315e-06,0.2587494339411544,2.0408986426830704e-06,0.2633319797495405,1.7689306392295686e-06,0.26269238814926427,1.8254021127797474e-06,0.26424939036511413,1.8973450282728192e-06,0.26510098907765217,1.7345168857566971e-06
2026-01-21,2.632816228425158e-06,0.7811631682057459,2.6739390525324383e-06,0.774882717573434,2.7312155515976766e-06,0.7756738982149662,2.66061510469949e-06,0.7579693102984524,2.7123309329583558e-06,0.7471160745252288,2.633763421683374e-06,0.7535663262757777,3.500053105691654e-06
2026-01-22,2.0077831872358468e-06,0.3531194228337963,2.0599509880492514e-06,0.3578755943890059,2.0598777714315166e-06,0.3562078141260075,1.9303539831912687e-06,0.3513554500071807,1.989698741748761e-06,0.3605730164256263,2.004925134398568e-06,0.3535791372186119,1.702757694630582e-06
2026-01-23,1.892491572585635e-06,0.32796612565836764,1.8832082737623162e-06,0.32560788678361957,1.874765006520696e-06,0.3194128487915509,1.830044154920145e-06,0.3314269081541123,1.86390455694892e-06,0.3332249993044371,1.8601610832875543e-06,0.33086769041451597,1.7303023193881563e-06
2026-01-26,1.3461430481847093e-06,0.39366924609327053,1.360513343895396e-06,0.395148736245396,1.3585888250075486e-06,0.39239663026936783,1.3803604649627327e-06,0.397662312129458,1.4277814266673147e-06,0.4061125121294917,1.4357439342356666e-06,0.40670982593496396,1.23503709389976e-06
2026-01-27,1.2704707889890188e-06,0.3204071945837402,1.328045598091386e-06,0.3210522820344744,1.3098271129145345e-06,0.31678741869026195,1.3350423833338596e-06,0.31969138870017894,1.3474188276125766e-06,0.32104712537280566,1.4106455679969443e-06,0.3242247247241956,1.2269720831948503e-06
2026-01-28,1.6520955594459564e-06,0.4250249303713875,1.7580057938890222e-06,0.4123556979201535,1.7362058584920153e-06,0.4091632716488723,1.650152541427093e-06,0.3948828699043659,1.7926118754353086e-06,0.38693231411043677,1.7558523228762997e-06,0.37636324573872026,1.8118394638472626e-06
2026-01-29,4.752631407199126e-06,0.2831583972928661,4.4086232852496775e-06,0.2777506697270163,4.464593836344024e-06,0.2778042044080899,3.5290939313162206e-06,0.29068938459170196,3.6695408061090595e-06,0.28800149702420674,3.746072008894603e-06,0.285789413687559,4.039139945324293e-06
2026-01-30,4.1532736368683496e-06,0.2540133406228951,3.898466488450395e-06,0.2480495297245264,3.7771938394401245e-06,0.24538755206289484,3.602048768324532e-06,0.25195901120321534,3.437747933493518e-06,0.2522618848078216,3.480842694207804e-06,0.24934167512277075,3.767555774373874e-06
2026-02-02,2.541742105231637e-06,0.4079368888454938,2.1192117588748902e-06,0.44731966429671455,2.1501835876425647e-06,0.43866435580786695,2.3681597980737216e-06,0.4400785457982132,2.282435504503339e-06,0.44680084057858527,2.218584367208824e-06,0.45217343374215835,2.6712118738351894e-06
2026-02-03,4.021075656708795e-06,0.2780686119939086,3.5712589663282558e-06,0.3005236405824154,3.658813103523369e-06,0.29051480538103747,3.6294703423868005e-06,0.300822108599819,3.6090273319477344e-06,0.30422413929463804,3.4813470876802774e-06,0.2955774737236698,4.4218657947740045e-06
2026-02-04,5.352537560167756e-06,0.3174077646799189,5.0429821062718e-06,0.3225788015455905,5.19557612712558e-06,0.3121727459470986,5.093021048887876e-06,0.32181013606297704,4.793613748706553e-06,0.32566971320574306,4.6634584651955154e-06,0.3215421676581039,5.6166376709391454e-06
2026-02-05,6.171917888488516e-06,0.28065789343431796,6.0936007110337315e-06,0.27959514523909296,6.349004447950634e-06,0.2768093962506166,5.516888039754772e-06,0.2790669262354854,5.461928419054848e-06,0.2828715714005336,5.379855423113528e-06,0.28147393389766534,5.503116391754461e-06
2026-02-06,4.827294909014268e-06,0.3437453261980266,4.702357240379947e-06,0.3416064918792816,4.848601364410781e-06,0.33741187902598657,4.273204042220798e-06,0.337063441237563,4.0422158886479015e-06,0.34703314967566157,4.131804199288403e-06,0.34793093533882063,4.618664196604179e-06
2026-02-09,3.050117593201013e-06,0.36894352433271194,2.7928987938374366e-06,0.363383058820635,2.876916710279427e-06,0.3618438253472769,2.831650353988337e-06,0.3675962807828373,2.7939859428018224e-06,0.36336399355592763,2.7402280347014126e-06,0.35899176417804046,2.509787753031325e-06
2026-02-10,2.5530133612262993e-06,0.32094157872656426,2.3402493776679654e-06,0.313704161215528,2.415426693366188e-06,0.31165813967999706,2.3720917830846614e-06,0.32027845022158274,2.407189715104203e-06,0.3155604490439729,2.4051540040430626e-06,0.3136703559269676,2.3168857995963866e-06
2026-02-11,3.556535336786004e-06,0.38333786382562035,3.301136233541527e-06,0.3793467886258341,3.2639501634497806e-06,0.38723341554728763,3.3583878277967945e-06,0.38586874342274396,3.1360854967557726e-06,0.38353021292309175,3.2158710878568876e-06,0.38241308598684814,3.3381156609147375e-06
2026-02-12,4.362325344385185e-06,0.22607560437423532,4.1113775859678415e-06,0.22693131947102205,4.220202998390891e-06,0.22960799177215752,4.079508736783497e-06,0.2341938547581944,3.87087246067454e-06,0.23588264711951126,3.869360555508973e-06,0.23155175899389632,4.353597061560667e-06
2026-02-13,4.300500834363484e-06,0.25283230974212995,4.1795128873299035e-06,0.24909613204621803,4.211707782960544e-06,0.2469828157523458,3.7558165465872062e-06,0.24574522748192162,3.648638986530443e-06,0.24125408544957297,3.7636018596760715e-06,0.24035653325533035,3.988942752735725e-06
2026-02-17,4.20828104739792e-06,0.3099435894923752,4.053797030401849e-06,0.30592566203806476,4.1614056541056395e-06,0.31284451652776923,3.7679575162459566e-06,0.30537112600252875,3.831080024040361e-06,0.3047939845617028,3.919753690452421e-06,0.3095692750450829,3.453625481015547e-06
2026-02-18,2.071285486640427e-06,0.31068900294064156,1.9749699541134908e-06,0.30293088275095664,1.9769439393389884e-06,0.3025988599640091,2.0587339578091563e-06,0.31903802695151046,1.98956241984256e-06,0.305315329882219,2.015826748170543e-06,0.3116625778871942,1.548293069546147e-06
2026-02-19,2.329827793862703e-06,0.28083143749129547,2.261051641766127e-06,0.2765953062734659,2.312480058687579e-06,0.2785350842306355,2.1975870186569567e-06,0.29250558076354277,2.1472476590336036e-06,0.2859680092932231,2.1685690704022662e-06,0.28844996984858096,2.1043749450248716e-06
2026-02-20,4.095846743833733e-06,0.3631769261701639,3.949714621264469e-06,0.3573706448072828,3.959793308409722e-06,0.35649003296847076,3.729471212103278e-06,0.34770680815974847,3.6768257815308643e-06,0.3471656168270816,3.6307853009113584e-06,0.34321821517120354,3.936992202917693e-06
2026-02-23,2.3361094325934655e-06,0.2667014356024769,2.210918011001584e-06,0.2599459279270255,2.2807685218277175e-06,0.2631076161331242,2.12638965927307e-06,0.2567136065698181,2.220844725799666e-06,0.2629157019863856,2.2755418239596543e-06,0.26493309812724813,1.9449571283602117e-06
2026-02-24,2.098794546216988e-06,0.285918679504024,2.0409404496067525e-06,0.2882118918624867,2.0804662812545882e-06,0.2880242418704743,1.91055070384953e-06,0.2809336431371546,1.9754238846520447e-06,0.2853631733091704,1.9818123406897763e-06,0.2896286250822199,1.866391099469062e-06
2026-02-25,1.3032397070729581e-06,0.31806221803004975,1.3002630945360592e-06,0.32388007988699924,1.294197672436867e-06,0.32859283613967355,1.3585171770703325e-06,0.3320978858904069,1.3498110028498174e-06,0.33068154641327924,1.3606574810003794e-06,0.3348478962966343,1.0776930475902493e-06
2026-02-26,3.0647663753755058e-06,0.2863705278161295,3.0231541571849125e-06,0.28544411434056277,3.062236438764211e-06,0.28696581751067013,2.895193307570418e-06,0.29102330983368135,2.8806578755673566e-06,0.29268958095476993,2.9501489348696574e-06,0.29219007827935767,3.068918487164926e-06
2026-02-27,2.533791037129864e-06,0.26957246577619054,2.507734354177312e-06,0.2686533020931824,2.6031312231380947e-06,0.2708442224344705,2.258156599127198e-06,0.27462273868848325,2.221143439595957e-06,0.2747953831214766,2.3553362204374813e-06,0.2732187534813834,2.3635930295157805e-06
2026-03-02,2.8870276116354818e-06,0.3377936770955869,2.6903812296459207e-06,0.34028104704148215,2.708663622638009e-06,0.3350541739755964,2.6002599183834675e-06,0.34909289743011523,2.643833272119702e-06,0.3326409620683017,2.6960702941160765e-06,0.3345799676980578,2.8037028626106556e-06
2026-03-03,4.165239895301326e-06,0.3181899094354336,4.050312272967366e-06,0.32079069036491403,4.117707535192951e-06,0.31248156738522775,3.74297606168475e-06,0.3223022120577455,3.819378302902323e-06,0.3150828397232946,3.831496676395065e-06,0.3139931966664378,3.996675504568679e-06
2026-03-04,2.7871249864779716e-06,0.3364650287042031,2.691819053119432e-06,0.3312195361314136,2.661543468913735e-06,0.3305211470244331,2.6140373362995e-06,0.3346724706898794,2.5781156930154156e-06,0.3291773658906835,2.556648232801774e-06,0.32973144284627576,2.335585653700963e-06
2026-03-05,3.765863676707228e-06,0.36861020374315917,3.694111786468238e-06,0.37291861849467384,3.696762734808481e-06,0.3694588813887351,3.597222629057916e-06,0.37288393082204657,3.578940718366344e-06,0.38300607066689535,3.5334285944601817e-06,0.38340890890748797,4.168571086936192e-06
2026-03-06,2.958188388865228e-06,0.30483391720342234,3.0195335557447735e-06,0.30193928394255953,2.981602112867029e-06,0.3033887474373555,2.795040865301246e-06,0.3018414813271864,2.9338286867329607e-06,0.29561790352823547,3.0096122628251725e-06,0.2992827704668852,2.9222260758521494e-06
2026-03-09,3.1465567541383032e-06,0.6307197828271064,3.0833237348559366e-06,0.6385617138522531,3.1286382550383866e-06,0.6461806945857336,2.9035264042829517e-06,0.6517476154387943,3.0439037104554626e-06,0.6401240051456017,3.1088857329687955e-06,0.6311872806725723,3.386306104224309e-06
2026-03-10,2.847202286716301e-06,0.37806451451542444,2.776030590649214e-06,0.37917080617838367,2.7784545781217855e-06,0.3852666383107739,2.7363317520918556e-06,0.36058694625982485,2.735188586111652e-06,0.35895019497622416,2.732519164286557e-06,0.37165775631751474,2.7302440953645885e-06
2026-03-11,2.517175627465921e-06,0.44807657806748113,2.478105304116745e-06,0.4456918445456417,2.4657027887133583e-06,0.44603057315751626,2.415356158522344e-06,0.4524492665733681,2.41985643581756e-06,0.44581941020245736,2.4233019546587213e-06,0.447434139433843,2.1701598627668595e-06
2026-03-12,2.585569354180255e-06,0.3380911864105545,2.644516911102682e-06,0.3339847768133728,2.6729628856321305e-06,0.3354331961648734,2.5715063321615876e-06,0.3348048290050811,2.602179051907938e-06,0.33185168555588845,2.6012909477012906e-06,0.3334020338222017,2.7568179064315107e-06
2026-03-13,2.7229566062671414e-06,0.36661390054270676,2.800507521152951e-06,0.3680301870175681,2.888805988884973e-06,0.37234073813256335,2.6200572186232288e-06,0.36402472494106436,2.6485208999197078e-06,0.3633811335597296,2.666440076802091e-06,0.36463460880573856,2.596150981040651e-06
2026-03-16,2.076586510840081e-06,1.0242364416214693,1.9908957069958936e-06,1.0200459008928637,2.005584820962226e-06,1.013582511890917,2.1403615814359617e-06,0.912791425137547,2.1796882491126796e-06,0.8886799003582467,2.1610494968295397e-06,0.8995985212817482,3.02258765161414e-06
2026-03-17,1.6065068133692691e-06,0.43140454213356766,1.5737505629717398e-06,0.4257328539056677,1.6059902026092924e-06,0.42208395636121415,1.912349053099566e-06,0.4425164986291294,1.90543104008597e-06,0.43607166962411975,1.9754069042372283e-06,0.44882972588977754,1.474518730573143e-06
2026-03-18,1.6694220533109734e-06,0.33655383764807095,1.6501346190261447e-06,0.3347101317366738,1.6646069907517007e-06,0.33958152258658686,1.934502666535664e-06,0.3380927686729908,2.0874895770889915e-06,0.35305517594569386,2.0280193650351275e-06,0.3456447421256374,1.6444945119358202e-06
2026-03-19,2.1782366747243136e-06,0.43285126533186324,2.2328139961615355e-06,0.4317666628869996,2.361633202105154e-06,0.4166324073763461,2.3049720718167257e-06,0.3876593264314055,2.3249926316917653e-06,0.3801714191628834,2.3363782113683154e-06,0.3799484695262629,2.6220111807269355e-06
2026-03-20,2.2580546661076673e-06,0.3829508374275254,2.2972213286598675e-06,0.38298573495856775,2.333446482880172e-06,0.3836022497821516,2.3832959792562444e-06,0.38737319133608156,2.436822953844617e-06,0.39511041530921975,2.4658985154733476e-06,0.40013682921975136,2.127581561060383e-06
2026-03-23,2.603704891555784e-06,0.32525058279648406,2.4663641343196553e-06,0.3237018228665862,2.4631499928023298e-06,0.3243204376299096,2.665495511537071e-06,0.34362680143300534,2.676259496762941e-06,0.3460458145403347,2.6860957981295065e-06,0.3462055375643582,2.338881134779081e-06
2026-03-24,2.7111513333111105e-06,0.3610070307132794,2.6765440200890593e-06,0.3599931788367386,2.7454615783972622e-06,0.3597115979490808,2.6378994072789142e-06,0.38484076806420037,2.5531229191085663e-06,0.37408638360471774,2.5869679817522912e-06,0.37422598807702984,2.6896859508445396e-06
2026-03-25,2.1983579093005613e-06,0.5096143506082571,2.1728402435060087e-06,0.5043883074561338,2.1580101766151e-06,0.4968444781451318,2.281410793303232e-06,0.5182324427424998,2.0724532732752403e-06,0.47731218536672193,2.0849720631553284e-06,0.4656589641217834,1.992573425360942e-06
2026-03-26,2.546628906527263e-06,0.3077078057097757,2.66788748322162e-06,0.3094054826809769,2.7745678247157067e-06,0.3108800534162642,2.5666497326071957e-06,0.32283223324822513,2.6621424553816932e-06,0.30369667463897754,2.7173537771012725e-06,0.3088601351738032,2.2725656495278212e-06
2026-03-27,2.7275763961597172e-06,0.32495521655475307,2.7997975568198477e-06,0.32760690340090437,2.867676060144752e-06,0.3335109432955232,2.6272173784871576e-06,0.35371021475474146,2.5890300005469195e-06,0.32546014298950804,2.7110141678132916e-06,0.3349783517902092,2.2952062949355905e-06
2026-03-30,2.5957007597119747e-06,0.3157914753822039,2.533876606114011e-06,0.314472931579309,2.5831216543004645e-06,0.31497095218418103,2.5486479690616787e-06,0.3108027583272797,2.4381528432704614e-06,0.30803803686385794,2.555291928549671e-06,0.31170907923019553,2.3312311959830046e-06
2026-03-31,3.2607540086611056e-06,0.502960560061756,3.2405168853945872e-06,0.4994174598359363,3.2271491875764476e-06,0.49622884296574293,3.2075468813348947e-06,0.5133934793540686,3.3012008397085477e-06,0.5190909245904161,3.1906695842728573e-06,0.5162272107388591,3.6768615410153017e-06
2026-04-01,2.1392893220275095e-06,0.2957790003837918,2.1062196273108844e-06,0.30293279181701327,2.050721458516853e-06,0.30005265511120355,2.142363462567468e-06,0.30024838460151687,2.057441024693858e-06,0.292069164165386,2.03603385828722e-06,0.2958478215301749,1.8441508248663914e-06
2026-04-02,3.097349809718719e-06,0.469580664764083,3.0034162214269632e-06,0.46430645701127576,2.962454627044869e-06,0.4621090157796301,2.8123152045507567e-06,0.49552202990484945,2.8299920328642585e-06,0.50428291188853,2.8818031189612335e-06,0.4995144531996334,3.6172311563401826e-06
2026-04-06,2.013969356517411e-06,0.35715578104987494,1.9157824024780496e-06,0.3463485320929984,1.9421619962872573e-06,0.34247658859345903,1.8878073691649013e-06,0.3483367334156577,1.963305591877059e-06,0.36583505425562457,1.9995400290675775e-06,0.371990707529726,1.6159893691314912e-06
2026-04-07,2.1728304358339515e-06,0.5724149661024783,2.179531751135019e-06,0.5679106033257042,2.2294259200181127e-06,0.5675594984803697,2.1255849362471375e-06,0.5572277228431828,2.3861109386361565e-06,0.5252351540595184,2.353062779574559e-06,0.5133443058157091,2.356537192774285e-06
2026-04-08,2.825280022703951e-06,0.41607758522391913,2.7258677282542846e-06,0.41486488214768585,2.7180482113804535e-06,0.4259829965311608,2.667405419930312e-06,0.4069254644664076,2.701120577192919e-06,0.40297210710151393,2.7954808495343266e-06,0.4101599641977747,2.979851435864374e-06
2026-04-09,2.4652207246240955e-06,0.32077914733421725,2.4559430435925733e-06,0.32307070489893247,2.5420374886963454e-06,0.3176529573481575,2.3968965924816244e-06,0.3239083768847749,2.3796280285367547e-06,0.322922535436966,2.422321617616381e-06,0.32169086027637156,2.5443462239350837e-06
2026-04-10,1.8836104999740948e-06,0.27963177919991045,1.830427042593733e-06,0.27719065547225524,1.8658437678162901e-06,0.27773355137039607,1.811289086549403e-06,0.2809545189870241,1.7279461596688533e-06,0.26275732489069276,1.752830909296512e-06,0.25950564791703273,1.5746922067113747e-06
2026-04-13,1.8394788706703206e-06,0.34475271400414953,1.6938491835510985e-06,0.3370946827553489,1.680909792954176e-06,0.33555966280999344,1.7891731566927277e-06,0.3376070170066851,1.763355327905222e-06,0.3451598114377172,1.8087599947749003e-06,0.3484684128663058,1.635758567210685e-06
2026-04-14,1.6953867333992294e-06,0.32481453796935283,1.624508164713686e-06,0.3210124471102492,1.6454809931796776e-06,0.3197262340014925,1.6326108618939753e-06,0.32454678581594243,1.6405541345495692e-06,0.31947274490588,1.6597450599280318e-06,0.32541607544775897,1.419425271540884e-06
2026-04-15,2.2628453591097154e-06,0.3657076906672143,2.170702292359531e-06,0.36969301243380714,2.180442526301184e-06,0.36046882191522545,2.2809066426236757e-06,0.36427295722899505,2.2822666369366882e-06,0.36421043222675303,2.336255941736173e-06,0.35536862220804616,2.620235335128191e-06
2026-04-16,2.012103465002312e-06,0.3731813146503895,1.996960027879991e-06,0.36744718647914665,2.0366652417719404e-06,0.369454104030648,1.9223499360139935e-06,0.3808974665469414,1.919958414916565e-06,0.38116745326842033,1.886299233456443e-06,0.380258517266066,1.8426373965676132e-06
2026-04-17,2.375416620193436e-06,0.34867803502485467,2.3184278529608445e-06,0.3458255153364303,2.298931771361623e-06,0.341671583336864,2.1468246330152862e-06,0.3451812144732314,2.1244117883641966e-06,0.3425416279317701,2.2223676589022894e-06,0.3386591799402181,2.35356014265019e-06
2026-04-20,1.9668891333731515e-06,0.29958922932308635,1.8458018981072554e-06,0.2856567434627637,1.8063174375259918e-06,0.2794887832065365,1.8272483884674155e-06,0.285031044278891,1.8232854278194798e-06,0.28328829662291605,1.8430154234296625e-06,0.28156714189660004,1.6260245613871311e-06
2026-04-21,2.041804318855138e-06,0.37831719902412847,1.9917991353687707e-06,0.37854710003831604,2.001262538984663e-06,0.36852067771307656,2.029489830874067e-06,0.3769957650745622,2.133705474364652e-06,0.37883764678347137,2.1580311134134046e-06,0.3767072014229033,1.925590945833474e-06
2026-04-22,1.42996265084563e-06,0.28263663512144716,1.4263053475409991e-06,0.2833569447420148,1.4492111282095671e-06,0.2790082872614841,1.3866023359642774e-06,0.2852799263590579,1.4086026292606029e-06,0.29148164497333795,1.4260554561597637e-06,0.29003927062130996,1.2837611762022896e-06
2026-04-23,3.1388677335084034e-06,0.4585643009633688,3.1096799490841337e-06,0.45432382855301906,3.1917033107287425e-06,0.4409290918870739,3.116931142816016e-06,0.44894421745428925,3.095007423911758e-06,0.43691537838833067,3.0712643045470345e-06,0.42780296415424157,3.1979974608816773e-06
2026-04-24,2.5926541517096205e-06,0.31864729287399324,2.5500351257683686e-06,0.31807165365741763,2.5737476996432304e-06,0.31308274341344833,2.3459298984556043e-06,0.3183547293308984,2.345652349885111e-06,0.31932564172284245,2.3552123388995363e-06,0.31887078546789455,2.2948633535221753e-06
2026-04-27,2.04636168268653e-06,0.30591079717186426,1.994006291303965e-06,0.309368798208612,1.969389097255939e-06,0.30834279417245464,2.017465754319822e-06,0.30808410164682926,1.985084329548019e-06,0.31196695015749787,1.9288354768503216e-06,0.308694402771505,1.971874472722514e-06
2026-04-28,2.298532428907063e-06,0.28708670125303504,2.373091988562012e-06,0.2943038428443352,2.3231181499313253e-06,0.2922288210069584,2.1841008124293207e-06,0.2891236534493195,2.2621816536185013e-06,0.29221087253992434,2.1831176408174837e-06,0.2893329189574034,2.2463891191843968e-06
2026-04-29,2.05701418974077e-06,0.26052067029355896,2.1410223799262906e-06,0.265511575963373,2.1556956019000652e-06,0.2641947592133665,2.029899978402388e-06,0.26155106194499184,2.0879209550737493e-06,0.27191709810632747,2.060540546565391e-06,0.26170565213356983,1.8644892550330067e-06
2026-04-30,4.5796500215194136e-06,0.3027995716403706,4.547023380162635e-06,0.30610798804492495,4.55571807124604e-06,0.3056442305544905,4.332205488617002e-06,0.30714669400935946,4.2069439549140395e-06,0.3189015755450388,4.120527935821881e-06,0.32273978187286523,4.962113377516968e-06
2026-05-01,3.4964230417840376e-06,0.27690007887154433,3.317218322664681e-06,0.26977281302169603,3.2637835652615646e-06,0.2674073801176963,3.2658134068810035e-06,0.2680062937467643,3.136616355045451e-06,0.2602862609933079,3.1321651641375053e-06,0.2643347762077408,3.239782957802553e-06
2026-05-04,3.100341043724314e-06,0.34943091156520745,2.8041190746485146e-06,0.34267458117954397,2.7593368693305146e-06,0.33958408182973177,2.9338530118256397e-06,0.3324920376630743,2.7857594603348368e-06,0.3217731221089844,2.698274368932732e-06,0.3245404425858684,3.067988890053472e-06
2026-05-05,2.220071523885082e-06,0.3547772549326435,2.1186818998838516e-06,0.35487854844213457,2.1440615191933096e-06,0.3535772932122058,2.184656638681683e-06,0.3569408960291886,2.1142000176893556e-06,0.3549864585270352,2.085191268912144e-06,0.3469040255472477,2.16641233654269e-06
2026-05-06,2.914917033880338e-06,0.32302136351480004,2.736555088801474e-06,0.32773358077365305,2.7433340311754116e-06,0.3253121657744949,2.90781982997964e-06,0.3267479846321498,2.779883612963458e-06,0.329965054780996,2.772498655212465e-06,0.33439545921264996,3.115277380564518e-06
2026-05-07,3.315405336202395e-06,0.30765416712511556,3.2194119504692943e-06,0.30798062796785425,3.249420235196488e-06,0.3019784421914218,3.2246744185055927e-06,0.3205583990302059,3.156951013331046e-06,0.31604613482046884,3.129509729255029e-06,0.3176191552543259,3.5496154008994323e-06
2026-05-08,2.2122008121974986e-06,0.317476469504201,2.1695264450263925e-06,0.31564353202038914,2.1474221807337927e-06,0.3154349113603503,2.1362271686950836e-06,0.3169121404016338,2.1145071088899117e-06,0.3136606423137398,2.155697584144092e-06,0.31448753621577374,2.1280749667942556e-06
2026-05-11,2.438770903256594e-06,0.3455423848820196,2.3124333001669525e-06,0.3496574350427682,2.3107423952474724e-06,0.35484791235513136,2.448773073551118e-06,0.3445084451858244,2.4301877073899655e-06,0.3430561780013641,2.5642162879883615e-06,0.34314951668245713,2.717684110139142e-06
2026-05-12,3.0126256077529555e-06,0.26808182473135017,3.0047479097315703e-06,0.26872325449698076,3.0065822605549156e-06,0.27093881770644707,2.8319927034293653e-06,0.26811336040525574,2.9138848181402894e-06,0.2700502328263304,2.9419408731507707e-06,0.2706447935832695,2.7680119906372035e-06
2026-05-13,2.66061114980581e-06,0.3129068005967296,2.659196169803791e-06,0.3123164773029699,2.675565338404207e-06,0.3141626967920419,2.588393167340942e-06,0.3163717386593342,2.5460676207378347e-06,0.32031040348833717,2.6583913916373847e-06,0.31779483451586543,2.771824677939389e-06
2026-05-14,2.395574938648677e-06,0.3580491522714131,2.46944979420483e-06,0.3611453762378885,2.5236470857128747e-06,0.3619161673018563,2.34781773517021e-06,0.3570004345340995,2.4216754572502667e-06,0.35504018075675897,2.475928793555647e-06,0.3546549814424807,2.2897295695996895e-06
2026-05-15,2.9141011989390212e-06,0.260560454170905,2.8520418947768708e-06,0.25912223828756686,2.8454459593063844e-06,0.25696714211691785,2.612942420046738e-06,0.2544228044949545,2.6607859709990484e-06,0.2534322221763918,2.699577984891263e-06,0.25509510434459964,2.5647781167122868e-06
2026-05-18,3.938622471082008e-06,0.5745345576414195,3.7579314175527843e-06,0.5964778672649194,3.733383119253281e-06,0.6029934534512265,3.5961316806460925e-06,0.5975403502993709,3.609153904314158e-06,0.5967631798662193,3.6421645646635044e-06,0.5931215308125349,4.373939474574159e-06
2026-05-19,3.2964433612403773e-06,0.26676617284168286,3.276077630812495e-06,0.26262163220824664,3.3042158388893513e-06,0.26207159168029853,3.0248751185030382e-06,0.26318103415532407,2.9011375385560077e-06,0.2616184154182022,2.889070767687814e-06,0.26148224874355513,2.714146012821393e-06
2026-05-20,2.63290433823646e-06,0.3915014588518826,2.5607334660131734e-06,0.3880465884229463,2.5712656439711616e-06,0.385711294866502,2.4156908598457107e-06,0.40751309059587304,2.372732171273588e-06,0.4007652876236971,2.4081365216153945e-06,0.3989496479088504,2.421420035555928e-06
2026-05-21,3.2080109781879725e-06,0.4724308146922791,3.1627817270318424e-06,0.4658760703261877,3.172928726769911e-06,0.4539458448602573,2.9335993928396825e-06,0.4726070118380357,2.8875449682814334e-06,0.47548119730146854,2.8525326559710887e-06,0.46681633201826894,2.9140957947716343e-06
2026-05-22,2.0298138698127407e-06,0.3286960604202372,1.9447503214644393e-06,0.32373966906642626,1.9332530883611556e-06,0.32086890089716813,1.9010490093410736e-06,0.3302786810316875,1.8481271912256496e-06,0.3195868943235378,1.9032495533352062e-06,0.32374498087644105,1.781067376087766e-06
2026-05-26,2.0521430331575705e-06,0.3135434306364177,2.001875651533302e-06,0.3133150369941042,2.0005349818151272e-06,0.3106381235939763,2.040087359003314e-06,0.3190216786224853,2.0363348717275592e-06,0.31998092185924354,2.0579946841138504e-06,0.3155050375159841,1.9869118897694314e-06
2026-05-27,2.680279479558873e-06,0.7467869257735198,2.6316764569445085e-06,0.7519326304347586,2.660833269912078e-06,0.7397118106639478,2.5421530099169527e-06,0.6309875260964545,2.539026686098036e-06,0.6368262694655423,2.5528846943652587e-06,0.6233322554508933,3.002270585740694e-06
2026-05-28,2.2145782501693465e-06,0.3213494971092161,2.2200068676728783e-06,0.3218536723022346,2.213158429118068e-06,0.3218593004050435,2.1268710532410447e-06,0.31973083772431016,2.1097754099158596e-06,0.3199389935445133,2.1046391179761268e-06,0.31816857228330087,2.1677602986057963e-06
2026-05-29,2.3492859281867194e-06,0.3447997232373403,2.285108384900135e-06,0.3425953612068828,2.2868676256352275e-06,0.3342048407127843,2.212902325458278e-06,0.34060701095495965,2.178137183867176e-06,0.3377154631083697,2.2000414015538535e-06,0.3313726246435818,2.4308163122545465e-06
2026-06-01,2.842326930947826e-06,0.29829089044932516,2.7290407321582588e-06,0.3010086641190491,2.7648047317288423e-06,0.296577576665421,2.7149688044523103e-06,0.3051047860043806,2.7283237448178035e-06,0.3041905232417781,2.7630456392126893e-06,0.29914780384635087,2.7448580218274125e-06
2026-06-02,2.345869778261864e-06,0.3428788623876476,2.3983226848448303e-06,0.3420662991444323,2.3896903518057185e-06,0.3381335047250625,2.4557463953967078e-06,0.3410786809093671,2.4669992961220382e-06,0.34592371707293984,2.4545995362210135e-06,0.3435623807740427,2.486006086643713e-06
2026-06-03,3.0442487995940273e-06,0.30326649647489673,3.013879347254202e-06,0.30446798071385633,3.019755546008096e-06,0.30609079902290676,2.9393297700917936e-06,0.30148472054810044,2.8953531373217734e-06,0.30121147054179215,2.890015321130713e-06,0.3020231715065664,2.9833168118373064e-06
2026-06-04,2.5724100383226085e-06,0.3544677583601726,2.580340481866397e-06,0.35443994776282145,2.5792315186304017e-06,0.3529242558667293,2.506651087616792e-06,0.35065502579031543,2.50881734357918e-06,0.3529880940477388,2.5094075428695264e-06,0.34711221843061996,2.455958862775749e-06
2026-06-05,3.89860755031551e-06,0.9093015218055805,3.851297051063176e-06,0.9107894204843379,3.934589617513178e-06,0.9440384781731108,3.8940696164212435e-06,0.7886811581245828,3.796927545149602e-06,0.8438672414678362,4.001963581700132e-06,0.845248112415975,5.247984320858567e-06
2026-06-08,3.405975514339117e-06,0.44377516183462856,3.2503324806544893e-06,0.43938314326430206,3.3228201918632166e-06,0.4569289414631669,3.344578038247915e-06,0.42192834824532593,3.4019022699564976e-06,0.42235975446673696,3.400654515230825e-06,0.4256671992274213,3.5050390649654847e-06
2026-06-09,5.665178823412749e-06,0.2803134116277199,5.662412545753046e-06,0.2826528420347368,5.755738961359701e-06,0.2823919180137281,5.6225974746756e-06,0.287571125545313,5.1679514979398805e-06,0.298320055631192,5.271754208398498e-06,0.29595060768346854,6.507425422566086e-06
2026-06-10,4.575304300576977e-06,0.30566438864838674,4.538126639858939e-06,0.30466506396812476,4.662599940985415e-06,0.30667072065337125,4.260763795505155e-06,0.3107810848716517,4.165505323336527e-06,0.301500639781033,4.0196679281035095e-06,0.31772066265724325,4.5530999748024364e-06
2026-06-11,5.078232154960907e-06,0.7890556473169011,5.240582507306928e-06,0.7761457059129692,5.313921180336202e-06,0.7698142485351904,5.23591886129995e-06,0.8361287377334667,5.178136222515709e-06,0.8237549498499598,5.103853390489623e-06,0.8327032128288017,5.800351861000149e-06
2026-06-12,4.9752187324755065e-06,0.3601995958827313,4.935906621814041e-06,0.3554247948326132,4.876359271605067e-06,0.347522299345911,4.114728541560231e-06,0.36802580081671027,4.2685312132662186e-06,0.3496410178942093,4.329816149082647e-06,0.35307847345158366,4.432749144983693e-06
2026-06-15,2.431593609271376e-06,0.318056532513205,2.3285967308552634e-06,0.3075118234938691,2.3069554349366618e-06,0.30778765961009064,2.318169386509405e-06,0.30826632140529114,2.258725287096476e-06,0.303687768814412,2.361401672235878e-06,0.31508708543712444,1.962019644984196e-06
2026-06-16,2.570807872211202e-06,0.32751849694346186,2.5660505417947574e-06,0.32849626046732155,2.5673501768880233e-06,0.3306643260735756,2.520119014538797e-06,0.32655035132457005,2.4641257283867446e-06,0.3263691052364927,2.4521163816689453e-06,0.33032894847095945,2.2747614530401024e-06
2026-06-17,2.8993990522334796e-06,0.7674356951793108,2.796693929782725e-06,0.7936313663577309,2.811969511717843e-06,0.7746828287412327,2.954057065756575e-06,0.6672193908082914,2.772065807802704e-06,0.7648254357390188,2.8574935947159275e-06,0.7462093407548228,3.359879355825923e-06
2026-06-18,2.984703488419233e-06,0.3467340619506687,2.834944271399432e-06,0.3426345652865246,2.864847705100958e-06,0.3490557817548929,2.7726438206647337e-06,0.35024922168746087,2.619480775845777e-06,0.3463874979091725,2.634863660525726e-06,0.3471145859294451,2.7449201478648707e-06
2026-06-22,3.1785207476740075e-06,0.3194364060864447,3.099416128334016e-06,0.3201755358432001,3.0995433620203844e-06,0.3145162049170112,2.953386207379642e-06,0.316777528075064,2.9052980560475695e-06,0.3175591215071632,2.953213899180657e-06,0.3183591001244399,2.8122513822642084e-06
2026-06-23,2.7516640792112387e-06,0.39081423512667873,2.7733367810617878e-06,0.3821056569520965,2.8665715661410257e-06,0.3862394460008381,2.714572855087481e-06,0.38367641941089836,2.7040354591520024e-06,0.36343221529246517,2.7016256176483306e-06,0.3658973193135226,2.370562252062219e-06
2026-06-24,3.126502654543882e-06,0.30420646103558346,3.1313361544333082e-06,0.3042805004414388,3.1244047036921935e-06,0.30125362462524324,2.987486936525324e-06,0.30479193372460595,2.9303459511485116e-06,0.30765213720155216,3.0114836269939034e-06,0.30206545112492345,2.9133977663120436e-06
2026-06-25,4.799416573064391e-06,0.3152901925029948,4.873190889297578e-06,0.31423065488824403,5.00739146125472e-06,0.3158726561011813,4.3781683113840115e-06,0.3219651652241309,4.227753458658751e-06,0.3255605338800044,4.272308123341171e-06,0.32995078799941413,4.300514138946907e-06
2026-06-26,4.041711735672124e-06,0.311588243751419,3.959341035557856e-06,0.3139988445488848,3.936404444518029e-06,0.31635572932159994,3.7249605672634985e-06,0.31993148295587964,3.62911129211443e-06,0.33111276288509706,3.703438724685641e-06,0.32561593398517946,3.925075695910424e-06
2026-06-29,4.203972459314236e-06,0.3179651170612198,4.12936591416353e-06,0.31521188533321454,3.989314461934698e-06,0.31312487514805,3.952413798941518e-06,0.3142870454885384,3.7790728890712797e-06,0.31327744225640236,3.8433408256124195e-06,0.3158138899814472,3.705846935483829e-06
2026-06-30,2.757314650275918e-06,0.3308780947291227,2.73328942687524e-06,0.3325664677468571,2.7135697655523172e-06,0.33083248153456885,2.649601378289016e-06,0.33246389931369874,2.6703155539388776e-06,0.33086548152452067,2.6679873989274743e-06,0.3297651608638231,2.8141681497080607e-06
2026-07-01,3.945703129066418e-06,0.30863418120355274,3.954089030660551e-06,0.3086606465257525,3.863640829013443e-06,0.3106426482395643,4.074187095074518e-06,0.3021837921559793,3.617880885851124e-06,0.3269736562063411,3.869518037419633e-06,0.3137401204185605,4.124193387068897e-06
2026-07-02,4.900429772435629e-06,0.3287449629350069,4.651667625495499e-06,0.32732287334700544,4.56505477327672e-06,0.32844434211380974,4.594460636037053e-06,0.32360838208899917,3.954612153169615e-06,0.33502865216373245,4.37477216486674e-06,0.3258490349856988,4.4752729130751255e-06
2026-07-06,2.694342758634556e-06,0.33654312267165737,2.6519347977932323e-06,0.3325838807009483,2.6587219496908803e-06,0.33485884726258636,2.514285226413423e-06,0.32662242552008164,2.4683867466293785e-06,0.31743499521963303,2.5534737531657217e-06,0.3252360945169459,2.1718195820143176e-06
2026-07-07,3.189395039281766e-06,0.37188829218097075,3.2650749932978787e-06,0.3704773107463601,3.247429088607934e-06,0.358863736219828,3.1335390188911316e-06,0.35553398821731014,3.1815286227307622e-06,0.3466149406780101,3.117829489335218e-06,0.3536757564177624,3.1066167696101604e-06
2026-07-08,2.9333679433677686e-06,0.4309477583597805,2.953271413400903e-06,0.43303350141777636,3.004969840255214e-06,0.43083523493295023,2.816272581765302e-06,0.4512292945431646,2.8229562204761337e-06,0.4460399294052308,2.8487766277338627e-06,0.43958885306792195,2.7850416233151445e-06
2026-07-09,2.917750933260411e-06,0.3944834080155262,3.036053302953212e-06,0.39632886728020794,3.087825606330949e-06,0.3922916723948651,2.7231018976871934e-06,0.3936848242908411,2.8314693336050415e-06,0.398173804758416,2.7683482729249367e-06,0.3960220601422921,2.879327235481738e-06
2026-07-10,3.4847479883280693e-06,0.34370845229874397,3.640821891566675e-06,0.3429711564512736,3.579734402184071e-06,0.341104824832892,3.123875242855905e-06,0.35545588757425356,3.1194923598647557e-06,0.3532692629181829,3.215122859069088e-06,0.35033368747323007,3.4581843385414556e-06
2026-07-13,3.087562208697373e-06,0.3336994986555781,3.0504167981512545e-06,0.3307387686476965,3.044686994044433e-06,0.3327572794763574,2.7734134449578304e-06,0.3256338524782998,2.7572304478145925e-06,0.3227347820505671,2.8942206163352383e-06,0.32610980950396173,2.718535634670732e-06
2026-07-14,2.6024486758798575e-06,0.33633050436389983,2.67068270699884e-06,0.33723757623199746,2.703443667761529e-06,0.3424741321354217,2.399057580162368e-06,0.3353267473871518,2.5353651317143255e-06,0.3376489080027932,2.461027535974165e-06,0.33946595205810165,2.426636236576904e-06
2026-07-15,3.576647546686036e-06,0.3510998830515224,3.645256161511004e-06,0.3501264090397102,3.652531928082892e-06,0.34629186299600084,3.4222637036252755e-06,0.3599449607521421,3.4734973282601225e-06,0.3561012693590795,3.4673632636011866e-06,0.3573762288082571,3.832427054431581e-06
2026-07-16,3.1441276772256623e-06,0.4138440209154594,3.273354944135744e-06,0.4034089041241135,3.322375197183491e-06,0.4020839937340901,3.0591350067926045e-06,0.4181528883091416,3.1142811695697298e-06,0.41399830996070924,3.0434770716237196e-06,0.41974544485702675,3.3574023470082645e-06
2026-07-17,4.0997805113842584e-06,0.4614201999779928,4.249594115747386e-06,0.4566395807819999,4.207696284917045e-06,0.45832896615958035,3.964456714793636e-06,0.47834657341226067,3.989092442470358e-06,0.48264635628021235,3.907183911557676e-06,0.4749904229450026,4.40228595156419e-06
2026-07-20,2.5927228111039797e-06,0.33941662763238784,2.5738319239291563e-06,0.33877891194216403,2.579046270593241e-06,0.33515793427393636,2.5104181399422708e-06,0.34779221097056096,2.586860714669795e-06,0.3440750060698796,2.751276068055931e-06,0.34315131654918757,2.3828539031323106e-06
2026-07-21,1.9063993621724892e-06,0.31832773154690985,1.98268610554735e-06,0.3228164155086825,2.023372644627934e-06,0.3279862736811003,1.850022928585931e-06,0.30425283591486546,2.0285457201950344e-06,0.31486888889404885,1.9916052200053304e-06,0.3198112846401367,1.69968193811963e-06
2026-07-22,1.7704430019195818e-06,0.33712271364192853,1.8498518644541415e-06,0.34393080660771275,1.8791748173262165e-06,0.3402166143443046,1.8443103413268679e-06,0.3533453873020625,1.8912940361953755e-06,0.35766865644049656,1.9481453987586893e-06,0.3572023274661458,1.712713935076189e-06
2026-07-23,3.417187174002021e-06,0.28493001008505325,3.5563887465411215e-06,0.2938754897219004,3.6245336589568344e-06,0.3199340242156388,3.2467021551350455e-06,0.2908509418096819,3.408740767901982e-06,0.2968401375979467,3.41624292517279e-06,0.2986158442764581,3.2884938730261213e-06
2026-07-24,3.3176089323416097e-06,0.2994693457374741,3.3516674257609074e-06,0.30169243861698375,3.366326235044243e-06,0.2966670091925625,3.1338621072478665e-06,0.30372071021005226,3.1818641861540053e-06,0.3023840020963488,3.175868008680335e-06,0.3010456767512341,3.1298009346325107e-06
2026-07-27,3.6042064425024015e-06,0.34105269585531933,3.6538757215731133e-06,0.341719825476382,3.6823617113276254e-06,0.33975358622665613,3.291352114168155e-06,0.33687738330598543,3.432036676327909e-06,0.33848657982572766,3.4955039098996175e-06,0.3398000200631574,3.208193269246593e-06
2026-07-28,3.268927488961911e-06,0.3020437463870507,3.459709503427406e-06,0.3092775483496029,3.5122210995469787e-06,0.30627778086961527,2.996068814360561e-06,0.3036566982404874,3.091532366885704e-06,0.30945608195935864,3.1022041780675964e-06,0.3057306445530274,3.059502904763746e-06
2026-07-29,3.437026123749771e-06,0.3522822653356816,3.6195699154444635e-06,0.3458668942320722,3.662088628282222e-06,0.3420371364355623,3.486423040423827e-06,0.31403861139999495,3.6036897846768205e-06,0.3024388589727203,3.634889071913369e-06,0.30868169157544983,3.462716168096331e-06
2026-07-30,4.709111488561382e-06,0.32929099491529035,4.919744452644291e-06,0.33837890352700595,4.97084265959915e-06,0.33733225135959777,4.521007835774239e-06,0.3237895056213424,4.59195262631481e-06,0.3241428917691395,4.514384229384715e-06,0.32066560153630336,4.1178410938003585e-06
2026-07-31,5.380827391554348e-06,0.2989084544738155,5.3839135675137585e-06,0.2995155028928681,5.270441705612172e-06,0.29297698115668674,4.652990919911794e-06,0.2923323633247748,4.608408126338534e-06,0.28861010854779795,4.606641502650085e-06,0.2800978054431154,4.894122544278369e-06
