horizon_minutes,window,column,kind,pointwise_transform,N_sessions,mean,median,absolute_mean,minimum,maximum,positive_count,negative_count,zero_count,active_sessions,positive_share,negative_share
5,confirmation,QQQ_ret_30,feature,raw,25,-0.026535605641240346,-0.026936290132416826,0.026535605641240346,-0.029257154979349043,-0.023913258990992347,0,25,0,25,0.0,1.0
5,confirmation,QQQ_rv_30,feature,log,25,0.025591362370128587,0.019424530063191156,0.025591362370128587,0.01533930448762162,0.062372103243182694,25,0,0,25,1.0,0.0
5,confirmation,SPY_ret_30,feature,raw,25,-0.022749777957024434,-0.022474589672724102,0.022749777957024434,-0.024835422868049774,-0.021408152557077252,0,25,0,25,0.0,1.0
5,confirmation,SPY_rv_30,feature,log,25,0.06528245239975387,0.06687337795851579,0.06528245239975387,0.053165790537088836,0.07087116457546762,25,0,0,25,1.0,0.0
5,confirmation,asset_effect:AMZN,feature,raw,25,0.01768957238106731,0.01706890274964015,0.01768957238106731,0.016441101147231605,0.02161146127823642,25,0,0,25,1.0,0.0
5,confirmation,asset_effect:META,feature,raw,25,-0.006228519504130646,-0.01237715904821372,0.016552015561127984,-0.017464289185550118,0.03236647876442785,4,21,0,25,0.16,0.84
5,confirmation,asset_effect:MSFT,feature,raw,25,-0.005916597505844821,-0.008729927056275906,0.009557852322977093,-0.01104241469841986,0.011635380205997553,4,21,0,25,0.16,0.84
5,confirmation,asset_effect:NVDA,feature,raw,25,-0.019377540591348205,-0.01633207030308529,0.019377540591348205,-0.035449283361684056,-0.015251732751376717,0,25,0,25,0.0,1.0
5,confirmation,asset_effect:TSLA,feature,raw,25,-0.04129794860676275,-0.04503270599203261,0.04129794860676275,-0.052135210321189604,-0.012601848208067572,0,25,0,25,0.0,1.0
5,confirmation,b1_butterfly_25,feature,raw,25,0.001922740232600544,0.0017624124789012287,0.001922740232600544,0.0013320321204889354,0.003147199008166997,25,0,0,25,1.0,0.0
5,confirmation,b1_iv_14d,feature,log,25,-0.01291635731223929,-0.0141574784970128,0.01291635731223929,-0.015143688684386637,-0.005175639111316073,0,25,0,25,0.0,1.0
5,confirmation,b1_iv_30d,feature,log,25,-0.06924862147735995,-0.08302030025683813,0.07166395625822564,-0.08827122078106922,0.007619212736536511,4,21,0,25,0.16,0.84
5,confirmation,b1_iv_60d,feature,log,25,0.012613684799370983,0.012592128820711035,0.012613684799370983,0.01061727078144083,0.013801558231480287,25,0,0,25,1.0,0.0
5,confirmation,b1_iv_7d,feature,log,25,0.029647067439473585,0.032311176824359286,0.029647067439473585,0.014382318992735853,0.03414398756593306,25,0,0,25,1.0,0.0
5,confirmation,b1_iv_90d,feature,log,25,0.06663307337763907,0.07475432575719868,0.06663307337763907,0.01861170398505945,0.07982468332728522,25,0,0,25,1.0,0.0
5,confirmation,b1_iv_minus_trailing_rv_30d,feature,signed,25,-0.024764297750782198,-0.023137643566567296,0.024764297750782198,-0.032541504133431244,-0.022839029536169442,0,25,0,25,0.0,1.0
5,confirmation,b1_mfiv,feature,log,25,-0.005601515137398054,-0.006865516339534492,0.006383674067629358,-0.008283692914520234,0.0024736406488162273,4,21,0,25,0.16,0.84
5,confirmation,b1_risk_reversal_25,feature,raw,25,0.0017047749867438056,0.0016988038847992385,0.0017047749867438056,0.001048020667323165,0.0029556113276670215,25,0,0,25,1.0,0.0
5,confirmation,b1_smile_curvature,feature,raw,25,0.00620506549969617,0.006485927771906292,0.00620506549969617,0.00436246081967633,0.007119549505354674,25,0,0,25,1.0,0.0
5,confirmation,b1_smile_level,feature,log,25,0.06622250146750033,0.07621107153837432,0.06622250146750033,0.012342522565510541,0.07847193844483097,25,0,0,25,1.0,0.0
5,confirmation,b1_smile_slope,feature,raw,25,-0.01794607006617434,-0.01763685266035368,0.01794607006617434,-0.020082602019805405,-0.01701703005584867,0,25,0,25,0.0,1.0
5,confirmation,b1_term_convexity,feature,raw,25,-0.011794707348657904,-0.01360873358204152,0.011794707348657904,-0.01423372601899325,-0.0012075985942168463,0,25,0,25,0.0,1.0
5,confirmation,b1_term_slope,feature,raw,25,-0.006901792084893322,-0.006728687856901879,0.006901792084893322,-0.00909826652211058,-0.004636255073336153,0,25,0,25,0.0,1.0
5,confirmation,b2_30m_buy_premium_share,feature,raw,25,0.008009810889856753,0.009173591705915012,0.008009810889856753,0.0011272880959611639,0.010278141278913558,25,0,0,25,1.0,0.0
5,confirmation,b2_30m_contracts,feature,log,25,-0.1751333352840534,-0.20526063174986564,0.1751333352840534,-0.2114532179499072,-0.014497039193451935,0,25,0,25,0.0,1.0
5,confirmation,b2_30m_d_iv,feature,signed,25,-0.008102200611887333,-0.0079985365863127,0.008102200611887333,-0.009395197376869913,-0.007295720593975314,0,25,0,25,0.0,1.0
5,confirmation,b2_30m_d_mid_rel,feature,signed,25,-0.002629047965655039,-0.0033070033562418843,0.0030764401350516207,-0.003663634336660329,0.001457536213695443,4,21,0,25,0.16,0.84
5,confirmation,b2_30m_d_spread,feature,signed,25,-0.011875573538439155,-0.011621458739807166,0.011875573538439155,-0.013459510171283733,-0.01109267671204498,0,25,0,25,0.0,1.0
5,confirmation,b2_30m_decay_intensity_innovation,feature,signed,25,-2.8749941548955188e-05,-0.0018728112418975923,0.0030121826778006953,-0.002265890628897838,0.009372135836483213,4,21,0,25,0.16,0.84
5,confirmation,b2_30m_decay_intensity_last,feature,log,25,0.0940713610597878,0.0,0.0940713610597878,0.0,0.23762383100338993,12,0,13,12,0.48,0.0
5,confirmation,b2_30m_delta_flow,feature,signed,25,-0.0010295226991888073,-0.0010355907353015593,0.0010295226991888073,-0.0017858419066290154,-0.00047248215990169506,0,25,0,25,0.0,1.0
5,confirmation,b2_30m_gamma_flow,feature,signed,25,-0.003255266000998015,-0.003138567138351609,0.003255266000998015,-0.003861458340415288,-0.002747165789235609,0,25,0,25,0.0,1.0
5,confirmation,b2_30m_multileg_premium_share,feature,raw,25,0.005999804238794173,0.006232214574185022,0.005999804238794173,0.004877126604166797,0.006710587665324597,25,0,0,25,1.0,0.0
5,confirmation,b2_30m_multileg_size_share,feature,raw,25,-0.010513111622027425,-0.010455683204481732,0.010513111622027425,-0.011339656642382494,-0.009801529545788888,0,25,0,25,0.0,1.0
5,confirmation,b2_30m_otm_premium_share,feature,raw,25,-0.0011111879824246098,-0.0008379844235234445,0.0011111879824246098,-0.002671999630376599,-0.0005789229095340206,0,25,0,25,0.0,1.0
5,confirmation,b2_30m_passive_premium_share,feature,raw,25,0.010386463966034659,0.012318593173639304,0.010990785160317356,-0.0019110748964831213,0.014418385027807281,21,4,0,25,0.84,0.16
5,confirmation,b2_30m_premium,feature,log,25,0.0047635281961355596,0.004079907161516848,0.0047635281961355596,0.002521260512651091,0.00941291259029964,25,0,0,25,1.0,0.0
5,confirmation,b2_30m_rate_per_second,feature,log,25,-0.052383831299148344,-0.06707681255810581,0.06121021358849868,-0.07354590864915223,0.027728606986491343,4,21,0,25,0.16,0.84
5,confirmation,b2_30m_sell_premium_share,feature,raw,25,0.008182728368194326,0.009064615704906317,0.008182728368194326,0.0020000271783279047,0.010344830894325512,25,0,0,25,1.0,0.0
5,confirmation,b2_30m_size,feature,log,25,-0.01122829374727394,-0.01402846428465246,0.01371670837871079,-0.01823841911003168,0.007841990941422768,4,21,0,25,0.16,0.84
5,confirmation,b2_30m_sweep_premium_share,feature,raw,25,-8.852471493014309e-05,-0.0005070925778577207,0.0009137925214248275,-0.0009050981888585577,0.002649989037177847,4,21,0,25,0.16,0.84
5,confirmation,b2_30m_trades,feature,log,25,0.0,0.0,0.0,0.0,0.0,0,0,25,0,0.0,0.0
5,confirmation,b2_30m_vega_flow,feature,signed,25,0.008421206666691355,0.00862701760458486,0.008421206666691355,0.006279191072889999,0.00956379934821746,25,0,0,25,1.0,0.0
5,confirmation,b2_30m_vega_flow_abs,feature,log,25,0.02429853089734167,0.02656360746240273,0.02429853089734167,0.01217845112051744,0.03027400712641151,25,0,0,25,1.0,0.0
5,confirmation,b2_30m_vega_flow_call,feature,signed,25,-0.006105568207621897,-0.006610232099248069,0.006105568207621897,-0.007340416094969842,-0.003475993698549088,0,25,0,25,0.0,1.0
5,confirmation,b2_30m_vega_flow_long_dte,feature,signed,25,-0.003910727084149899,-0.0042154265591468594,0.003910727084149899,-0.004950712252433819,-0.0012729843068752878,0,25,0,25,0.0,1.0
5,confirmation,b2_30m_vega_flow_put,feature,signed,25,0.0025337246712583226,0.0026246244194097304,0.0025337246712583226,0.001768204895072941,0.0029568680226673963,25,0,0,25,1.0,0.0
5,confirmation,b2_30m_vega_flow_short_dte,feature,signed,25,0.00166559948149231,0.0015006640253914186,0.00166559948149231,0.0012609950126603305,0.002168738476017296,25,0,0,25,1.0,0.0
5,confirmation,b2_30m_window_empty,feature,raw,25,-0.0025088875637769505,0.0,0.003985837142368146,-0.016972258677880252,0.018461869732389943,1,5,19,6,0.04,0.2
5,confirmation,b2_30m_zero_dte_premium_share,feature,raw,25,-0.006457962408543043,-0.00652210496671028,0.006457962408543043,-0.007626576410894198,-0.005602314755107232,0,25,0,25,0.0,1.0
5,confirmation,b2_30m_zero_dte_signed_premium,feature,signed,25,0.002899423735991389,0.002829214245287038,0.002899423735991389,0.0023837576654977036,0.003410055561124462,25,0,0,25,1.0,0.0
5,confirmation,b2_30m_zero_dte_trade_share,feature,raw,25,-0.003052503775435281,-0.003031330468784803,0.0032423153732209333,-0.005650327418641801,0.0013408366247613136,3,22,0,25,0.12,0.88
5,confirmation,b2_5m_buy_premium_share,feature,raw,25,-0.0007849625715655817,-0.0014581941166862944,0.0018157960493366432,-0.001899178526521869,0.0032773560375312,4,21,0,25,0.16,0.84
5,confirmation,b2_5m_contract_entropy,feature,raw,25,0.011810156291730555,0.011911654311602094,0.011810156291730555,0.009868878421010372,0.012949045717565826,25,0,0,25,1.0,0.0
5,confirmation,b2_5m_contracts,feature,log,25,0.0965019567382891,0.11076838841238365,0.0965019567382891,0.0166930093600113,0.1179315670136898,25,0,0,25,1.0,0.0
5,confirmation,b2_5m_d_iv,feature,signed,25,0.0009302690344487435,0.0008556499446021487,0.0009302690344487435,0.0005414733816969242,0.0013450005016656182,25,0,0,25,1.0,0.0
5,confirmation,b2_5m_d_mid_rel,feature,signed,25,0.00427189551040736,0.0043619857500743426,0.00427189551040736,0.003247261691638171,0.004857132706673623,25,0,0,25,1.0,0.0
5,confirmation,b2_5m_d_spread,feature,signed,25,0.008303676709306568,0.00845223235259713,0.008303676709306568,0.007274304651676243,0.008849062499975458,25,0,0,25,1.0,0.0
5,confirmation,b2_5m_decay_intensity_innovation,feature,signed,25,-0.002733840695535115,-0.004133554527496541,0.004367364067223595,-0.00496937036078708,0.0052051304191152665,4,21,0,25,0.16,0.84
5,confirmation,b2_5m_decay_intensity_last,feature,log,25,0.11625981372781621,0.07594724026156759,0.11625981372781621,0.0,0.23820427295609498,13,0,12,13,0.52,0.0
5,confirmation,b2_5m_delta_flow,feature,signed,25,-0.0015384706188264108,-0.00160540803349307,0.0015384706188264108,-0.0021167829618227683,-0.0008599501601704657,0,25,0,25,0.0,1.0
5,confirmation,b2_5m_expiry_hhi,feature,raw,25,-0.0047853265180003305,-0.0048530775165402705,0.0047853265180003305,-0.005561318089219353,-0.004144619301850163,0,25,0,25,0.0,1.0
5,confirmation,b2_5m_gamma_flow,feature,signed,25,-0.0021804756841670293,-0.0021815906399648755,0.0021804756841670293,-0.0027347220575880704,-0.0017154154556769574,0,25,0,25,0.0,1.0
5,confirmation,b2_5m_interarrival_cv,feature,raw,25,-0.004095141601098708,-0.0061269972153614,0.006479770907633738,-0.007111543576735817,0.007569403166850741,4,21,0,25,0.16,0.84
5,confirmation,b2_5m_multileg_premium_share,feature,raw,25,0.00010877354466944238,9.900585734712953e-05,0.0005100339389201705,-0.0008995109116973857,0.0010272758440627926,15,10,0,25,0.6,0.4
5,confirmation,b2_5m_multileg_size_share,feature,raw,25,0.0003224688227061949,0.0008754832332340119,0.0010180947854385371,-0.0022799058305136453,0.0011972032383692516,20,5,0,25,0.8,0.2
5,confirmation,b2_5m_otm_premium_share,feature,raw,25,-0.0012923969901708348,-0.0008810382072564231,0.0012923969901708348,-0.003640628106192847,-0.0006210784128685648,0,25,0,25,0.0,1.0
5,confirmation,b2_5m_passive_premium_share,feature,raw,25,-0.008497500565596127,-0.009305832986650645,0.008497500565596127,-0.009507730789740055,-0.0041902841750084616,0,25,0,25,0.0,1.0
5,confirmation,b2_5m_premium,feature,log,25,0.025006912933681322,0.02461404656826593,0.025006912933681322,0.018490837973774033,0.03059099332190539,25,0,0,25,1.0,0.0
5,confirmation,b2_5m_rate_per_second,feature,log,25,0.0507707233399973,0.05029757426978937,0.0507707233399973,0.04451932838044871,0.059122703457051874,25,0,0,25,1.0,0.0
5,confirmation,b2_5m_sell_premium_share,feature,raw,25,-0.0034426074949312365,-0.004257750390899935,0.0037043533154169157,-0.004438553042130761,0.0008961301953624722,4,21,0,25,0.16,0.84
5,confirmation,b2_5m_size,feature,log,25,0.0016320403508588753,-0.0018517352084064427,0.007523994995869144,-0.007693048491839013,0.0284912428118915,6,19,0,25,0.24,0.76
5,confirmation,b2_5m_strike_hhi,feature,raw,25,0.011147402988058846,0.011847697134816516,0.011147402988058846,0.006851482691651592,0.012636312602636526,25,0,0,25,1.0,0.0
5,confirmation,b2_5m_sweep_premium_share,feature,raw,25,0.0035804539210586846,0.0035757938574467953,0.0035804539210586846,0.0032393575064312715,0.0038771157367962035,25,0,0,25,1.0,0.0
5,confirmation,b2_5m_trades,feature,log,25,0.0,0.0,0.0,0.0,0.0,0,0,25,0,0.0,0.0
5,confirmation,b2_5m_vega_flow,feature,signed,25,-0.003314025657012984,-0.003451225460276757,0.003314025657012984,-0.004155645871812885,-0.001460314119881718,0,25,0,25,0.0,1.0
5,confirmation,b2_5m_vega_flow_abs,feature,log,25,0.030286726027189292,0.030501683361689045,0.030286726027189292,0.02610154642723689,0.03366066906343425,25,0,0,25,1.0,0.0
5,confirmation,b2_5m_vega_flow_call,feature,signed,25,-0.003105148722908093,-0.0030677778589168515,0.003105148722908093,-0.003990326334631793,-0.0023842980776467722,0,25,0,25,0.0,1.0
5,confirmation,b2_5m_vega_flow_long_dte,feature,signed,25,0.002362933772313369,0.002333707250431958,0.002362933772313369,0.002141099013071505,0.002651539068655887,25,0,0,25,1.0,0.0
5,confirmation,b2_5m_vega_flow_put,feature,signed,25,0.003671599193268342,0.003638291456850351,0.003671599193268342,0.0032050621195934014,0.00411643633943471,25,0,0,25,1.0,0.0
5,confirmation,b2_5m_vega_flow_short_dte,feature,signed,25,-0.00043599757013095756,-0.0004676309646302668,0.0005090378930233197,-0.0010061957961401817,0.00041610020613854084,3,22,0,25,0.12,0.88
5,confirmation,b2_5m_window_empty,feature,raw,25,0.05459123640139145,0.0,0.05459123640139145,0.0,0.26875725909650866,6,0,19,6,0.24,0.0
5,confirmation,b2_5m_zero_dte_premium_share,feature,raw,25,0.0040566276482302535,0.004510225455993953,0.0040566276482302535,0.0013915069849937626,0.005083538393122827,25,0,0,25,1.0,0.0
5,confirmation,b2_5m_zero_dte_signed_premium,feature,signed,25,0.0001845995581117689,-0.0001814012296782377,0.0004889470074617268,-0.00039359923571620904,0.0013860075692604746,12,13,0,25,0.48,0.52
5,confirmation,b2_5m_zero_dte_trade_share,feature,raw,25,-0.008857854376485685,-0.009771298268211536,0.008857854376485685,-0.011997018305857495,-0.004679485399797568,0,25,0,25,0.0,1.0
5,confirmation,day_of_week,feature,raw,25,0.027565866050904386,0.028912774922964006,0.027565866050904386,0.01970383930466588,0.03004119651037157,25,0,0,25,1.0,0.0
5,confirmation,dollar_volume_30,feature,log,25,0.09284825139151627,0.10298235346634638,0.09284825139151627,0.033356594900302856,0.11085942070189239,25,0,0,25,1.0,0.0
5,confirmation,intercept,intercept,identity,25,-13.494675161272225,-13.495819314324041,13.494675161272225,-13.499973391471109,-13.488192351395469,0,25,0,25,0.0,1.0
5,confirmation,jump_back_30,feature,log,25,0.0009084843349696853,0.0008530871606529003,0.0009084843349696853,0.0005176156793061237,0.0014730484181759752,25,0,0,25,1.0,0.0
5,confirmation,log_rv_30m,feature,raw,25,0.10776667443033147,0.0,0.10776667443033147,0.0,0.3191586015409012,11,0,14,11,0.44,0.0
5,confirmation,log_rv_day,feature,raw,25,0.012176056664092081,0.0,0.012176056664092081,0.0,0.05181828288673921,8,0,17,8,0.32,0.0
5,confirmation,log_rv_session,feature,raw,25,0.12875563028049122,0.19487154469369306,0.12875563028049122,0.0,0.19801506164372515,17,0,8,17,0.68,0.0
5,confirmation,log_rv_week,feature,raw,25,0.01981156136335826,0.0,0.01981156136335826,0.0,0.04959360872086352,11,0,14,11,0.44,0.0
5,confirmation,minute_fraction,feature,raw,25,-0.11099517150203084,0.0,0.11099517150203084,-0.26822761018169244,0.0,0,12,13,12,0.0,0.48
5,confirmation,minute_fraction_sq,feature,raw,25,0.1476461525886262,0.16926317584223136,0.1476461525886262,0.030174279656031342,0.1763504638747986,25,0,0,25,1.0,0.0
5,confirmation,minutes_since_open,feature,raw,25,-0.11993854924410614,-0.07047294399619752,0.11993854924410614,-0.26695935383124264,0.0,0,13,12,13,0.0,0.52
5,confirmation,minutes_to_close,feature,raw,25,0.03679527591008651,0.03222653386629531,0.03679527591008651,0.03127246869821307,0.061254279290018185,25,0,0,25,1.0,0.0
5,confirmation,parkinson_30,feature,log,25,0.5191189490707968,0.5678847653615318,0.5191189490707968,0.25975248560539027,0.5704420189985716,25,0,0,25,1.0,0.0
5,confirmation,presence:b1_butterfly_25,presence,finite_presence_binary,25,-0.002491086826384099,0.0,0.002491086826384099,-0.013086248616225907,0.0,0,5,20,5,0.0,0.2
5,confirmation,presence:b1_iv_14d,presence,finite_presence_binary,25,0.001724157128298554,0.0,0.001724157128298554,0.0,0.04310392820746385,1,0,24,1,0.04,0.0
5,confirmation,presence:b1_iv_30d,presence,finite_presence_binary,25,0.0037155744052174223,0.0,0.006493872646602846,-0.01738837497991147,0.04298419448540827,3,2,20,5,0.12,0.08
5,confirmation,presence:b1_iv_60d,presence,finite_presence_binary,25,0.005174417173235956,0.0,0.005174417173235956,0.0,0.0432309565164506,3,0,22,3,0.12,0.0
5,confirmation,presence:b1_iv_7d,presence,finite_presence_binary,25,0.0017098660224536715,0.0,0.0017098660224536715,0.0,0.04274665056134179,1,0,24,1,0.04,0.0
5,confirmation,presence:b1_iv_90d,presence,finite_presence_binary,25,0.0068448460693907595,0.0,0.0068448460693907595,0.0,0.043662762263051054,4,0,21,4,0.16,0.0
5,confirmation,presence:b1_iv_minus_trailing_rv_30d,presence,finite_presence_binary,25,0.005170205250890459,0.0,0.005170205250890459,0.0,0.043245212516536936,3,0,22,3,0.12,0.0
5,confirmation,presence:b1_mfiv,presence,finite_presence_binary,25,0.08723711542067983,0.10696430396688533,0.09249421569378774,-0.016459502629244047,0.10755771310962507,21,4,0,25,0.84,0.16
5,confirmation,presence:b1_risk_reversal_25,presence,finite_presence_binary,25,-0.010372580597682892,-0.01229957315941271,0.010372580597682892,-0.01500774522415456,0.0,0,20,5,20,0.0,0.8
5,confirmation,presence:b1_smile_curvature,presence,finite_presence_binary,25,0.001690067736275053,0.0,0.001690067736275053,0.0,0.042251693406876324,1,0,24,1,0.04,0.0
5,confirmation,presence:b1_smile_level,presence,finite_presence_binary,25,0.0017251521023624406,0.0,0.0017251521023624406,0.0,0.043128802559061014,1,0,24,1,0.04,0.0
5,confirmation,presence:b1_smile_slope,presence,finite_presence_binary,25,0.001713609032625282,0.0,0.001713609032625282,0.0,0.04284022581563205,1,0,24,1,0.04,0.0
5,confirmation,presence:b1_term_convexity,presence,finite_presence_binary,25,0.0016916886210550128,0.0,0.0016916886210550128,0.0,0.04229221552637532,1,0,24,1,0.04,0.0
5,confirmation,presence:b1_term_slope,presence,finite_presence_binary,25,0.00271442181391605,0.0,0.004104220364918341,-0.017372481887528643,0.04283084791997713,2,1,22,3,0.08,0.04
5,confirmation,presence:b2_30m_buy_premium_share,presence,finite_presence_binary,25,0.0012043547271250973,0.0,0.0026775014606493864,-0.01841433416905361,0.01655832643663521,3,1,21,4,0.12,0.04
5,confirmation,presence:b2_30m_contracts,presence,finite_presence_binary,25,0.0,0.0,0.0,0.0,0.0,0,0,25,0,0.0,0.0
5,confirmation,presence:b2_30m_d_iv,presence,finite_presence_binary,25,0.0005338453025090623,0.0,0.0020095496589624183,-0.018446304455666952,0.017008919893497083,2,1,22,3,0.08,0.04
5,confirmation,presence:b2_30m_d_mid_rel,presence,finite_presence_binary,25,0.0,0.0,0.0,0.0,0.0,0,0,25,0,0.0,0.0
5,confirmation,presence:b2_30m_d_spread,presence,finite_presence_binary,25,0.0,0.0,0.0,0.0,0.0,0,0,25,0,0.0,0.0
5,confirmation,presence:b2_30m_decay_intensity_innovation,presence,finite_presence_binary,25,0.0025885728686213844,0.0,0.0025885728686213844,0.0,0.016891036414836327,4,0,21,4,0.16,0.0
5,confirmation,presence:b2_30m_decay_intensity_last,presence,finite_presence_binary,25,0.0,0.0,0.0,0.0,0.0,0,0,25,0,0.0,0.0
5,confirmation,presence:b2_30m_delta_flow,presence,finite_presence_binary,25,0.0,0.0,0.0,0.0,0.0,0,0,25,0,0.0,0.0
5,confirmation,presence:b2_30m_gamma_flow,presence,finite_presence_binary,25,0.0,0.0,0.0,0.0,0.0,0,0,25,0,0.0,0.0
5,confirmation,presence:b2_30m_multileg_premium_share,presence,finite_presence_binary,25,0.0018574045223220415,0.0,0.0018574045223220415,0.0,0.015755156878238075,3,0,22,3,0.12,0.0
5,confirmation,presence:b2_30m_multileg_size_share,presence,finite_presence_binary,25,0.0006882806224844711,0.0,0.0006882806224844711,0.0,0.017207015562111776,1,0,24,1,0.04,0.0
5,confirmation,presence:b2_30m_otm_premium_share,presence,finite_presence_binary,25,-0.00012597715237430815,0.0,0.0013460206364066755,-0.018399972359762293,0.01525054355040459,1,1,23,2,0.04,0.04
5,confirmation,presence:b2_30m_passive_premium_share,presence,finite_presence_binary,25,0.0,0.0,0.0,0.0,0.0,0,0,25,0,0.0,0.0
5,confirmation,presence:b2_30m_premium,presence,finite_presence_binary,25,0.0,0.0,0.0,0.0,0.0,0,0,25,0,0.0,0.0
5,confirmation,presence:b2_30m_rate_per_second,presence,finite_presence_binary,25,0.0,0.0,0.0,0.0,0.0,0,0,25,0,0.0,0.0
5,confirmation,presence:b2_30m_sell_premium_share,presence,finite_presence_binary,25,0.0006515622443418037,0.0,0.0006515622443418037,0.0,0.016289056108545093,1,0,24,1,0.04,0.0
5,confirmation,presence:b2_30m_size,presence,finite_presence_binary,25,0.0,0.0,0.0,0.0,0.0,0,0,25,0,0.0,0.0
5,confirmation,presence:b2_30m_sweep_premium_share,presence,finite_presence_binary,25,0.0,0.0,0.0,0.0,0.0,0,0,25,0,0.0,0.0
5,confirmation,presence:b2_30m_trades,presence,finite_presence_binary,25,0.0,0.0,0.0,0.0,0.0,0,0,25,0,0.0,0.0
5,confirmation,presence:b2_30m_vega_flow,presence,finite_presence_binary,25,0.0,0.0,0.0,0.0,0.0,0,0,25,0,0.0,0.0
5,confirmation,presence:b2_30m_vega_flow_abs,presence,finite_presence_binary,25,0.0,0.0,0.0,0.0,0.0,0,0,25,0,0.0,0.0
5,confirmation,presence:b2_30m_vega_flow_call,presence,finite_presence_binary,25,0.0,0.0,0.0,0.0,0.0,0,0,25,0,0.0,0.0
5,confirmation,presence:b2_30m_vega_flow_long_dte,presence,finite_presence_binary,25,0.0,0.0,0.0,0.0,0.0,0,0,25,0,0.0,0.0
5,confirmation,presence:b2_30m_vega_flow_put,presence,finite_presence_binary,25,0.0,0.0,0.0,0.0,0.0,0,0,25,0,0.0,0.0
5,confirmation,presence:b2_30m_vega_flow_short_dte,presence,finite_presence_binary,25,0.0,0.0,0.0,0.0,0.0,0,0,25,0,0.0,0.0
5,confirmation,presence:b2_30m_window_empty,presence,finite_presence_binary,25,0.0,0.0,0.0,0.0,0.0,0,0,25,0,0.0,0.0
5,confirmation,presence:b2_30m_zero_dte_premium_share,presence,finite_presence_binary,25,0.0006958295714034037,0.0,0.0006958295714034037,0.0,0.01739573928508509,1,0,24,1,0.04,0.0
5,confirmation,presence:b2_30m_zero_dte_signed_premium,presence,finite_presence_binary,25,0.0,0.0,0.0,0.0,0.0,0,0,25,0,0.0,0.0
5,confirmation,presence:b2_30m_zero_dte_trade_share,presence,finite_presence_binary,25,0.0,0.0,0.0,0.0,0.0,0,0,25,0,0.0,0.0
5,confirmation,presence:b2_5m_buy_premium_share,presence,finite_presence_binary,25,-0.043910163001122895,0.0,0.043910163001122895,-0.26915503242042915,0.0,0,5,20,5,0.0,0.2
5,confirmation,presence:b2_5m_contract_entropy,presence,finite_presence_binary,25,-0.0107556566785032,0.0,0.0107556566785032,-0.26889141696258,0.0,0,1,24,1,0.0,0.04
5,confirmation,presence:b2_5m_contracts,presence,finite_presence_binary,25,0.0,0.0,0.0,0.0,0.0,0,0,25,0,0.0,0.0
5,confirmation,presence:b2_5m_d_iv,presence,finite_presence_binary,25,-0.022552477631348183,0.0,0.022552477631348183,-0.2695350806122434,0.0,0,3,22,3,0.0,0.12
5,confirmation,presence:b2_5m_d_mid_rel,presence,finite_presence_binary,25,0.0,0.0,0.0,0.0,0.0,0,0,25,0,0.0,0.0
5,confirmation,presence:b2_5m_d_spread,presence,finite_presence_binary,25,0.0,0.0,0.0,0.0,0.0,0,0,25,0,0.0,0.0
5,confirmation,presence:b2_5m_decay_intensity_innovation,presence,finite_presence_binary,25,0.0,0.0,0.0,0.0,0.0,0,0,25,0,0.0,0.0
5,confirmation,presence:b2_5m_decay_intensity_last,presence,finite_presence_binary,25,0.0,0.0,0.0,0.0,0.0,0,0,25,0,0.0,0.0
5,confirmation,presence:b2_5m_delta_flow,presence,finite_presence_binary,25,0.0,0.0,0.0,0.0,0.0,0,0,25,0,0.0,0.0
5,confirmation,presence:b2_5m_expiry_hhi,presence,finite_presence_binary,25,0.0,0.0,0.0,0.0,0.0,0,0,25,0,0.0,0.0
5,confirmation,presence:b2_5m_gamma_flow,presence,finite_presence_binary,25,0.0,0.0,0.0,0.0,0.0,0,0,25,0,0.0,0.0
5,confirmation,presence:b2_5m_interarrival_cv,presence,finite_presence_binary,25,0.0,0.0,0.0,0.0,0.0,0,0,25,0,0.0,0.0
5,confirmation,presence:b2_5m_multileg_premium_share,presence,finite_presence_binary,25,0.0,0.0,0.0,0.0,0.0,0,0,25,0,0.0,0.0
5,confirmation,presence:b2_5m_multileg_size_share,presence,finite_presence_binary,25,-0.011719616498090502,0.0,0.011719616498090502,-0.26785428448274934,0.0,0,2,23,2,0.0,0.08
5,confirmation,presence:b2_5m_otm_premium_share,presence,finite_presence_binary,25,0.0,0.0,0.0,0.0,0.0,0,0,25,0,0.0,0.0
5,confirmation,presence:b2_5m_passive_premium_share,presence,finite_presence_binary,25,0.0,0.0,0.0,0.0,0.0,0,0,25,0,0.0,0.0
5,confirmation,presence:b2_5m_premium,presence,finite_presence_binary,25,0.0,0.0,0.0,0.0,0.0,0,0,25,0,0.0,0.0
5,confirmation,presence:b2_5m_rate_per_second,presence,finite_presence_binary,25,0.0,0.0,0.0,0.0,0.0,0,0,25,0,0.0,0.0
5,confirmation,presence:b2_5m_sell_premium_share,presence,finite_presence_binary,25,0.0,0.0,0.0,0.0,0.0,0,0,25,0,0.0,0.0
5,confirmation,presence:b2_5m_size,presence,finite_presence_binary,25,0.0,0.0,0.0,0.0,0.0,0,0,25,0,0.0,0.0
5,confirmation,presence:b2_5m_strike_hhi,presence,finite_presence_binary,25,-0.010733971893498164,0.0,0.010733971893498164,-0.2683492973374541,0.0,0,1,24,1,0.0,0.04
5,confirmation,presence:b2_5m_sweep_premium_share,presence,finite_presence_binary,25,0.0,0.0,0.0,0.0,0.0,0,0,25,0,0.0,0.0
5,confirmation,presence:b2_5m_trades,presence,finite_presence_binary,25,0.0,0.0,0.0,0.0,0.0,0,0,25,0,0.0,0.0
5,confirmation,presence:b2_5m_vega_flow,presence,finite_presence_binary,25,0.0,0.0,0.0,0.0,0.0,0,0,25,0,0.0,0.0
5,confirmation,presence:b2_5m_vega_flow_abs,presence,finite_presence_binary,25,0.0,0.0,0.0,0.0,0.0,0,0,25,0,0.0,0.0
5,confirmation,presence:b2_5m_vega_flow_call,presence,finite_presence_binary,25,0.0,0.0,0.0,0.0,0.0,0,0,25,0,0.0,0.0
5,confirmation,presence:b2_5m_vega_flow_long_dte,presence,finite_presence_binary,25,0.0,0.0,0.0,0.0,0.0,0,0,25,0,0.0,0.0
5,confirmation,presence:b2_5m_vega_flow_put,presence,finite_presence_binary,25,0.0,0.0,0.0,0.0,0.0,0,0,25,0,0.0,0.0
5,confirmation,presence:b2_5m_vega_flow_short_dte,presence,finite_presence_binary,25,0.0,0.0,0.0,0.0,0.0,0,0,25,0,0.0,0.0
5,confirmation,presence:b2_5m_window_empty,presence,finite_presence_binary,25,0.0,0.0,0.0,0.0,0.0,0,0,25,0,0.0,0.0
5,confirmation,presence:b2_5m_zero_dte_premium_share,presence,finite_presence_binary,25,-0.0749805834400481,0.0,0.0749805834400481,-0.2695679667734877,0.0,0,7,18,7,0.0,0.28
5,confirmation,presence:b2_5m_zero_dte_signed_premium,presence,finite_presence_binary,25,0.0,0.0,0.0,0.0,0.0,0,0,25,0,0.0,0.0
5,confirmation,presence:b2_5m_zero_dte_trade_share,presence,finite_presence_binary,25,0.0,0.0,0.0,0.0,0.0,0,0,25,0,0.0,0.0
5,confirmation,presence:rp4_dealer_gamma_near_spot,presence,finite_presence_binary,25,0.0,0.0,0.0,0.0,0.0,0,0,25,0,0.0,0.0
5,confirmation,presence:rp4_dealer_gamma_net,presence,finite_presence_binary,25,-0.000693069870517099,0.0,0.000693069870517099,-0.017326746762927475,0.0,0,1,24,1,0.0,0.04
5,confirmation,presence:rp4_dealer_max_gamma_distance,presence,finite_presence_binary,25,0.0,0.0,0.0,0.0,0.0,0,0,25,0,0.0,0.0
5,confirmation,presence:rp4_gamma_imb_near_short,presence,finite_presence_binary,25,0.005663001945213334,0.0,0.005663001945213334,0.0,0.04746967438654915,3,0,22,3,0.12,0.0
5,confirmation,presence:rp4_gamma_imb_near_spot,presence,finite_presence_binary,25,0.010716955451560633,0.0,0.011991885761675083,-0.01593662887643063,0.04750255290765306,6,1,18,7,0.24,0.04
5,confirmation,presence:rp4_gamma_imb_signed_trades,presence,finite_presence_binary,25,0.008818119139907186,0.0,0.010097005029246531,-0.015986073616741814,0.047635823278136306,5,1,19,6,0.2,0.04
5,confirmation,presence:rp4_gamma_imb_total,presence,finite_presence_binary,25,0.011976673524052052,0.0,0.0145279397171202,-0.015967765735608822,0.04768235649776218,7,2,16,9,0.28,0.08
5,confirmation,presence:rp4_iv_dte_0_1_m_090_097,presence,finite_presence_binary,25,-0.012480228878129157,-0.013047266384681773,0.012480228878129157,-0.015951199550593584,-0.007725026427242584,0,25,0,25,0.0,1.0
5,confirmation,presence:rp4_iv_dte_0_1_m_097_103,presence,finite_presence_binary,25,-0.01459032467565682,-0.01509489164366575,0.01459032467565682,-0.016030991701925026,-0.01138919513620236,0,25,0,25,0.0,1.0
5,confirmation,presence:rp4_iv_dte_0_1_m_103_110,presence,finite_presence_binary,25,0.009443021171633406,0.010052084725898539,0.009443021171633406,0.004671609976732537,0.012255566668295184,25,0,0,25,1.0,0.0
5,confirmation,presence:rp4_iv_dte_0_1_m_gt110,presence,finite_presence_binary,25,0.011086398562144405,0.011111746005762046,0.011086398562144405,0.009965557873156962,0.011946334491294595,25,0,0,25,1.0,0.0
5,confirmation,presence:rp4_iv_dte_0_1_m_lt090,presence,finite_presence_binary,25,0.004524960788723182,0.0044902079255289004,0.004524960788723182,0.004080656422397256,0.005109543135725268,25,0,0,25,1.0,0.0
5,confirmation,presence:rp4_iv_dte_2_7_m_090_097,presence,finite_presence_binary,25,0.01197079509546092,0.010986686347307848,0.011982515676598108,-0.00014650726421486576,0.01752439332332531,24,1,0,25,0.96,0.04
5,confirmation,presence:rp4_iv_dte_2_7_m_097_103,presence,finite_presence_binary,25,-0.015029988138696453,-0.013665742647863516,0.015029988138696453,-0.022138748274188106,-0.004354126629702064,0,25,0,25,0.0,1.0
5,confirmation,presence:rp4_iv_dte_2_7_m_103_110,presence,finite_presence_binary,25,0.004956946800487871,0.004507427973147101,0.004956946800487871,0.003737682654803766,0.007658589802644107,25,0,0,25,1.0,0.0
5,confirmation,presence:rp4_iv_dte_2_7_m_gt110,presence,finite_presence_binary,25,-0.0035325100791981667,-0.0036155757286324736,0.0035325100791981667,-0.004371271650117168,-0.002890856652441842,0,25,0,25,0.0,1.0
5,confirmation,presence:rp4_iv_dte_2_7_m_lt090,presence,finite_presence_binary,25,-0.005244775542152187,-0.005575551535879024,0.005244775542152187,-0.006445615220512926,-0.0026863955843649304,0,25,0,25,0.0,1.0
5,confirmation,presence:rp4_iv_dte_31_90_m_090_097,presence,finite_presence_binary,25,-0.004142334727467938,-0.0037984584290714153,0.004142334727467938,-0.0066625241993834815,-0.003136122264955005,0,25,0,25,0.0,1.0
5,confirmation,presence:rp4_iv_dte_31_90_m_097_103,presence,finite_presence_binary,25,-0.010870996959677389,-0.010791604595125811,0.010870996959677389,-0.017863475989457266,-0.005435159753661014,0,25,0,25,0.0,1.0
5,confirmation,presence:rp4_iv_dte_31_90_m_103_110,presence,finite_presence_binary,25,0.0034273744757584907,0.005756801225313636,0.0051627065248313056,-0.005518533530706647,0.0069329337368742834,21,4,0,25,0.84,0.16
5,confirmation,presence:rp4_iv_dte_31_90_m_gt110,presence,finite_presence_binary,25,-0.0039492708426473585,-0.004095299613156286,0.0039492708426473585,-0.004373396258590375,-0.0029203623843701023,0,25,0,25,0.0,1.0
5,confirmation,presence:rp4_iv_dte_31_90_m_lt090,presence,finite_presence_binary,25,-0.010020626404301632,-0.009948080426373712,0.010020626404301632,-0.010864230813805578,-0.009474608229451134,0,25,0,25,0.0,1.0
5,confirmation,presence:rp4_iv_dte_8_30_m_090_097,presence,finite_presence_binary,25,-0.00626591671852192,-0.005039489164648301,0.00626591671852192,-0.018132448980983977,-0.00048502588900582185,0,25,0,25,0.0,1.0
5,confirmation,presence:rp4_iv_dte_8_30_m_097_103,presence,finite_presence_binary,25,-0.026544314725037942,-0.027391663284769965,0.026544314725037942,-0.028875457992075165,-0.020553232016093426,0,25,0,25,0.0,1.0
5,confirmation,presence:rp4_iv_dte_8_30_m_103_110,presence,finite_presence_binary,25,-0.031614696271550044,-0.033766324819989924,0.031614696271550044,-0.034061209211327256,-0.0204000221199738,0,25,0,25,0.0,1.0
5,confirmation,presence:rp4_iv_dte_8_30_m_gt110,presence,finite_presence_binary,25,-0.0019381119033384591,-0.0019404954342240848,0.0019381119033384591,-0.002359476290634008,-0.0015442774542219154,0,25,0,25,0.0,1.0
5,confirmation,presence:rp4_iv_dte_8_30_m_lt090,presence,finite_presence_binary,25,-0.009290184247280273,-0.009229089504002766,0.009290184247280273,-0.010127952856116791,-0.00885085598655885,0,25,0,25,0.0,1.0
5,confirmation,presence:rp4_iv_dte_gt90_m_090_097,presence,finite_presence_binary,25,-0.0007726349960087916,-0.00041474000203872913,0.0007726349960087916,-0.0027104873241039526,-0.0001228025430288743,0,25,0,25,0.0,1.0
5,confirmation,presence:rp4_iv_dte_gt90_m_097_103,presence,finite_presence_binary,25,0.007102311675989103,0.00875171176049879,0.007723304879156547,-0.0020497710523185823,0.009143575987599278,21,4,0,25,0.84,0.16
5,confirmation,presence:rp4_iv_dte_gt90_m_103_110,presence,finite_presence_binary,25,0.00029051457087290826,0.0004150356054882581,0.0006606810425909652,-0.0012155010924810308,0.0014013743503207344,21,4,0,25,0.84,0.16
5,confirmation,presence:rp4_iv_dte_gt90_m_gt110,presence,finite_presence_binary,25,-0.009903705993964397,-0.009321672726550875,0.009903705993964397,-0.013126298842163292,-0.009182044722440452,0,25,0,25,0.0,1.0
5,confirmation,presence:rp4_iv_dte_gt90_m_lt090,presence,finite_presence_binary,25,-0.010076096315491516,-0.009425402539054962,0.010076096315491516,-0.013655632969889855,-0.009273267047351824,0,25,0,25,0.0,1.0
5,confirmation,presence:rp4_surface_populated_cells,presence,finite_presence_binary,25,0.0,0.0,0.0,0.0,0.0,0,0,25,0,0.0,0.0
5,confirmation,ret_30,feature,raw,25,0.021080167342458555,0.021987811870420346,0.021080167342458555,0.016419568724078053,0.022584981875395,25,0,0,25,1.0,0.0
5,confirmation,ret_5,feature,raw,25,-0.014255012491934638,-0.014418687007255947,0.014255012491934638,-0.014621719230523774,-0.01319968142743242,0,25,0,25,0.0,1.0
5,confirmation,rp4_dealer_gamma_near_spot,feature,signed,25,-0.015738164126895094,-0.015942789043708026,0.015738164126895094,-0.01625574720695696,-0.014629786327393831,0,25,0,25,0.0,1.0
5,confirmation,rp4_dealer_gamma_net,feature,signed,25,-0.005071196895131313,-0.004768768305044372,0.005071196895131313,-0.0067583578036333036,-0.004561803953946646,0,25,0,25,0.0,1.0
5,confirmation,rp4_dealer_max_gamma_distance,feature,raw,25,-0.003514863073359187,-0.0038905761699792422,0.003514863073359187,-0.004343457721166478,-0.001211681424310066,0,25,0,25,0.0,1.0
5,confirmation,rp4_gamma_imb_near_short,feature,signed_log1p,25,0.00037118323071202357,0.00047972985412133104,0.0004266696067893574,-0.00025615145063406954,0.0009237850611584254,21,4,0,25,0.84,0.16
5,confirmation,rp4_gamma_imb_near_spot,feature,signed_log1p,25,0.003307632584646731,0.0030140541960613654,0.003307632584646731,0.0028229043261090167,0.004971094707786682,25,0,0,25,1.0,0.0
5,confirmation,rp4_gamma_imb_signed_trades,feature,log1p_count,25,-0.029449849650861726,-0.02953438902895341,0.029449849650861726,-0.031550294640512545,-0.026779531942332065,0,25,0,25,0.0,1.0
5,confirmation,rp4_gamma_imb_total,feature,signed_log1p,25,0.0004568940860639374,0.00045506715609398824,0.0005507268983921754,-0.0002411889685249718,0.0015907673120632163,16,9,0,25,0.64,0.36
5,confirmation,rp4_iv_dte_0_1_m_090_097,feature,log,25,-0.01152278377055197,-0.011785613458793422,0.01152278377055197,-0.013519755547471882,-0.008266630920296853,0,25,0,25,0.0,1.0
5,confirmation,rp4_iv_dte_0_1_m_097_103,feature,log,25,0.01724133026364033,0.017168955852450766,0.01724133026364033,0.016595749508256565,0.017868735396052552,25,0,0,25,1.0,0.0
5,confirmation,rp4_iv_dte_0_1_m_103_110,feature,log,25,-0.006272008542391612,-0.006062999689722223,0.006272008542391612,-0.00827442002860742,-0.004109785083841762,0,25,0,25,0.0,1.0
5,confirmation,rp4_iv_dte_0_1_m_gt110,feature,log,25,0.0023658394253946594,0.0025218672788854517,0.0023658394253946594,0.0013689475477214209,0.002921683288055408,25,0,0,25,1.0,0.0
5,confirmation,rp4_iv_dte_0_1_m_lt090,feature,log,25,-0.007353415594199245,-0.007403611335697489,0.007353415594199245,-0.007742143585551846,-0.006877841292741264,0,25,0,25,0.0,1.0
5,confirmation,rp4_iv_dte_2_7_m_090_097,feature,log,25,-0.010176215526203599,-0.011191376454075459,0.010176215526203599,-0.013442092112519516,-0.002639876722389394,0,25,0,25,0.0,1.0
5,confirmation,rp4_iv_dte_2_7_m_097_103,feature,log,25,0.037426400121961335,0.04069193044748922,0.037426400121961335,0.022284253651380804,0.04297936445015294,25,0,0,25,1.0,0.0
5,confirmation,rp4_iv_dte_2_7_m_103_110,feature,log,25,-0.008124597705844066,-0.010645813705851642,0.008846632975259726,-0.011538014445162875,0.0023656615984735964,4,21,0,25,0.16,0.84
5,confirmation,rp4_iv_dte_2_7_m_gt110,feature,log,25,0.003365864331305447,0.003781306383664303,0.003365864331305447,0.0007102700901446359,0.004331638528550179,25,0,0,25,1.0,0.0
5,confirmation,rp4_iv_dte_2_7_m_lt090,feature,log,25,0.004775275454078819,0.005067776438091553,0.004775275454078819,0.0028754475391515105,0.005868015122363034,25,0,0,25,1.0,0.0
5,confirmation,rp4_iv_dte_31_90_m_090_097,feature,log,25,0.02491197501820824,0.02650108581813041,0.02491197501820824,0.016376193282179766,0.026836540106392835,25,0,0,25,1.0,0.0
5,confirmation,rp4_iv_dte_31_90_m_097_103,feature,log,25,0.00527304062072354,0.005209375148403745,0.00527304062072354,0.0028234819065252065,0.006989375044057456,25,0,0,25,1.0,0.0
5,confirmation,rp4_iv_dte_31_90_m_103_110,feature,log,25,-0.017876343652703717,-0.02134121696070555,0.017876343652703717,-0.02213676891592061,-9.795140242799045e-05,0,25,0,25,0.0,1.0
5,confirmation,rp4_iv_dte_31_90_m_gt110,feature,log,25,-0.004116799626567321,-0.004016267050923354,0.004116799626567321,-0.005206107837893405,-0.002936553154909173,0,25,0,25,0.0,1.0
5,confirmation,rp4_iv_dte_31_90_m_lt090,feature,log,25,0.0019058985043750335,0.0019620229684126148,0.0019058985043750335,0.0014138383956677587,0.0022735445187422937,25,0,0,25,1.0,0.0
5,confirmation,rp4_iv_dte_8_30_m_090_097,feature,log,25,0.007713536552272649,0.007625943386141189,0.007713536552272649,0.006196197009995176,0.009354742256942765,25,0,0,25,1.0,0.0
5,confirmation,rp4_iv_dte_8_30_m_097_103,feature,log,25,0.017410418865315403,0.01895500792304304,0.017410418865315403,0.008715148824368,0.02068996794626004,25,0,0,25,1.0,0.0
5,confirmation,rp4_iv_dte_8_30_m_103_110,feature,log,25,-0.021192309486823557,-0.02341978799516886,0.021192309486823557,-0.025466490746325274,-0.006956602712435537,0,25,0,25,0.0,1.0
5,confirmation,rp4_iv_dte_8_30_m_gt110,feature,log,25,-0.0025331865670100207,-0.0017698854783443992,0.0025331865670100207,-0.007254042310573189,-0.0008635566698987619,0,25,0,25,0.0,1.0
5,confirmation,rp4_iv_dte_8_30_m_lt090,feature,log,25,0.0005877480197040476,0.000833346813404144,0.0009327050701985167,-0.0011572081913047059,0.0016550206915390614,21,4,0,25,0.84,0.16
5,confirmation,rp4_iv_dte_gt90_m_090_097,feature,log,25,0.0035781820603689608,0.0036539990082824917,0.0035781820603689608,0.0029521957372555235,0.00415273688922865,25,0,0,25,1.0,0.0
5,confirmation,rp4_iv_dte_gt90_m_097_103,feature,log,25,0.01104751924668847,0.011005435483987209,0.01104751924668847,0.010543892725874845,0.011417401628930523,25,0,0,25,1.0,0.0
5,confirmation,rp4_iv_dte_gt90_m_103_110,feature,log,25,-0.013341393222857031,-0.014956780717807872,0.013341393222857031,-0.015409719212574181,-0.004585719511438657,0,25,0,25,0.0,1.0
5,confirmation,rp4_iv_dte_gt90_m_gt110,feature,log,25,-0.016626316511485415,-0.018473538507764006,0.016626316511485415,-0.019411044911816108,-0.006514043632300019,0,25,0,25,0.0,1.0
5,confirmation,rp4_iv_dte_gt90_m_lt090,feature,log,25,-8.749921880353777e-05,3.6416054256344567e-05,0.00023384407584160432,-0.0008423236183636365,0.00029784012455325015,15,10,0,25,0.6,0.4
5,confirmation,rp4_surface_populated_cells,feature,raw,25,-0.003238308028536525,-0.003943119609200759,0.0033473202578639953,-0.0048406257998095245,0.00037925616197242166,4,21,0,25,0.16,0.84
5,confirmation,rq_attenuation,feature,raw,25,0.03771421994565204,0.037919353732429883,0.03771421994565204,0.036196804307562384,0.03854413961265141,25,0,0,25,1.0,0.0
5,confirmation,rq_back_30,feature,log,25,0.018576388846981918,0.013326839420204205,0.018576388846981918,0.007696498079531626,0.05402337922637764,25,0,0,25,1.0,0.0
5,confirmation,rs_down_back_30,feature,log,25,-0.1961136201255067,-0.234381011893378,0.19710060295808243,-0.2358471778360637,0.0032310317011482867,4,21,0,25,0.16,0.84
5,confirmation,rs_up_back_30,feature,log,25,-0.1971418361810603,-0.23585319076671263,0.19951170519105788,-0.24031437238708273,0.007619957997592516,4,21,0,25,0.16,0.84
5,confirmation,rv_back_15,feature,log,25,0.07504491362359668,0.07581690275236659,0.07504491362359668,0.06991427144852384,0.07721899074541555,25,0,0,25,1.0,0.0
5,confirmation,rv_back_30,feature,log,25,0.16583389150998498,0.3107392216358173,0.16583389150998498,0.0,0.3198423874985369,14,0,11,14,0.56,0.0
5,confirmation,rv_back_5,feature,log,25,0.02051785287792088,0.0186764646093666,0.02051785287792088,0.018096830577602346,0.030874490424626207,25,0,0,25,1.0,0.0
5,confirmation,rv_prev_day,feature,log,25,0.026173502019225036,0.035540444632574296,0.026173502019225036,0.0,0.05123467090640856,17,0,8,17,0.68,0.0
5,confirmation,rv_session_to_date,feature,log,25,0.05845417270878569,0.0,0.05845417270878569,0.0,0.1980999182351569,8,0,17,8,0.32,0.0
5,confirmation,rv_week,feature,log,25,0.02493736448287595,0.042657705277540536,0.02493736448287595,0.0,0.04973386461121563,14,0,11,14,0.56,0.0
5,confirmation,volume_30,feature,log,25,-0.10569941593887604,-0.1253948045303564,0.10692973397668987,-0.13394696891357952,0.004027516190680704,4,21,0,25,0.16,0.84
5,primary,QQQ_ret_30,feature,raw,419,-0.029155198795529434,-0.030606334792952394,0.029155198795529434,-0.04248798413540118,-0.011632813746670783,0,419,0,419,0.0,1.0
5,primary,QQQ_rv_30,feature,log,419,0.021332168752952116,0.015736630840239883,0.02154307193109128,-0.004349147513017188,0.0908530942852016,394,25,0,419,0.9403341288782816,0.059665871121718374
5,primary,SPY_ret_30,feature,raw,419,-0.013554228673384591,-0.015990837739130317,0.01391106497174428,-0.025238492228204342,0.017109010766232027,15,404,0,419,0.03579952267303103,0.964200477326969
5,primary,SPY_rv_30,feature,log,419,0.06206394940020143,0.06789225102196052,0.06344961389128369,-0.03310167054822691,0.09123687891349568,400,19,0,419,0.954653937947494,0.045346062052505964
5,primary,asset_effect:AMZN,feature,raw,419,0.018234948414563894,0.015037160720464088,0.018253038643384487,-0.0037899029379142943,0.04981154454328299,418,1,0,419,0.9976133651551312,0.002386634844868735
5,primary,asset_effect:META,feature,raw,419,-0.01930771998465121,-0.024505891259406862,0.030744196374062654,-0.07042813041410732,0.0510024546786275,81,338,0,419,0.19331742243436753,0.8066825775656324
5,primary,asset_effect:MSFT,feature,raw,419,0.0020530842803350114,-0.004281782652615146,0.013099066353715398,-0.020025707555199324,0.06395089081227907,179,240,0,419,0.42720763723150357,0.5727923627684964
5,primary,asset_effect:NVDA,feature,raw,419,-0.04327840105518268,-0.0387347683183366,0.04327840105518268,-0.1337165245069635,-0.014694537701131782,0,419,0,419,0.0,1.0
5,primary,asset_effect:TSLA,feature,raw,419,-0.07941806860999621,-0.08869777070104765,0.0794285615401847,-0.15436153344241216,0.0008377351138290785,4,415,0,419,0.00954653937947494,0.9904534606205251
5,primary,b1_butterfly_25,feature,raw,419,0.0016110443215927312,0.001431680586372218,0.002173935248974969,-0.005398130612782349,0.011716419573863131,331,88,0,419,0.7899761336515513,0.2100238663484487
5,primary,b1_iv_14d,feature,log,419,-0.0100528824597605,-0.008843071023583681,0.010381356289141224,-0.033123146312763224,0.010061241826647796,29,390,0,419,0.06921241050119331,0.9307875894988067
5,primary,b1_iv_30d,feature,log,419,-0.09559899243083181,-0.08065826447953175,0.09718888896890136,-0.30213411241302945,0.009910365076349587,45,374,0,419,0.10739856801909307,0.8926014319809069
5,primary,b1_iv_60d,feature,log,419,0.03651363324328643,0.035816719447820805,0.03651363324328643,0.01058490060501896,0.09057038594946573,419,0,0,419,1.0,0.0
5,primary,b1_iv_7d,feature,log,419,0.024996484853511025,0.02775507984106858,0.02920105300398512,-0.04422369533740672,0.079151635396205,376,43,0,419,0.8973747016706444,0.1026252983293556
5,primary,b1_iv_90d,feature,log,419,0.0990090071414691,0.09860132828285806,0.0990090071414691,0.015332705566489427,0.24686880349765186,419,0,0,419,1.0,0.0
5,primary,b1_iv_minus_trailing_rv_30d,feature,signed,419,-0.028957304250595357,-0.025609521358761354,0.028957304250595357,-0.05722890377910586,-0.014063685930827387,0,419,0,419,0.0,1.0
5,primary,b1_mfiv,feature,log,419,-0.011462191539375964,-0.008536854007709179,0.011868063617584985,-0.03359269807482285,0.004828614537377147,24,395,0,419,0.057279236276849645,0.9427207637231504
5,primary,b1_risk_reversal_25,feature,raw,419,0.0008107456579905167,0.0002422223151429844,0.00884510011247113,-0.015119550212774304,0.03729020713757197,218,201,0,419,0.5202863961813843,0.4797136038186158
5,primary,b1_smile_curvature,feature,raw,419,0.005426470177770883,0.005041626264882432,0.005435248974982549,-0.000722472730630713,0.015124231235296236,412,7,0,419,0.9832935560859188,0.016706443914081145
5,primary,b1_smile_level,feature,log,419,0.07907139028495275,0.07389866307379782,0.07907139028495275,0.004533372250268004,0.24882923455567413,419,0,0,419,1.0,0.0
5,primary,b1_smile_slope,feature,raw,419,-0.017723452398632312,-0.01728323312363112,0.017723452398632312,-0.025441052957085278,-0.0010142978818646203,0,419,0,419,0.0,1.0
5,primary,b1_term_convexity,feature,raw,419,-0.008687920829957636,-0.011255355564197165,0.010742317638481337,-0.03607378758978494,0.0195952750838103,73,346,0,419,0.17422434367541767,0.8257756563245824
5,primary,b1_term_slope,feature,raw,419,-0.01848399230022301,-0.016666095498404,0.018601988615846464,-0.07051835984896657,0.011441374860322078,7,412,0,419,0.016706443914081145,0.9832935560859188
5,primary,b2_30m_buy_premium_share,feature,raw,419,0.03268474666617999,0.012689533503162886,0.03471508571707431,-0.024931746483487637,0.21199993656608757,377,42,0,419,0.8997613365155132,0.10023866348448687
5,primary,b2_30m_contracts,feature,log,419,-0.14817606428493763,-0.11348188002410414,0.14901965257150454,-0.4107077607822959,0.013905130853707062,25,394,0,419,0.059665871121718374,0.9403341288782816
5,primary,b2_30m_d_iv,feature,signed,419,-0.012540143742269182,-0.012593140286416955,0.012540143742269182,-0.02069421621334169,-0.00770117896680886,0,419,0,419,0.0,1.0
5,primary,b2_30m_d_mid_rel,feature,signed,419,-0.002331792373816458,-0.0028985938217598803,0.0029258494428109,-0.006349176036757996,0.007601191632567488,65,354,0,419,0.15513126491646778,0.8448687350835322
5,primary,b2_30m_d_spread,feature,signed,419,-0.008299764482858333,-0.008406257909243492,0.008299764482858333,-0.013089553988123373,-0.0017553442294411354,0,419,0,419,0.0,1.0
5,primary,b2_30m_decay_intensity_innovation,feature,signed,419,-0.00187746903039113,-0.0023466980059978003,0.003626042674499363,-0.012621851068851764,0.015215172697293194,85,334,0,419,0.20286396181384247,0.7971360381861575
5,primary,b2_30m_decay_intensity_last,feature,log,419,0.09062626238780244,0.0,0.09062626238780244,0.0,0.3123219597852526,197,0,222,197,0.4701670644391408,0.0
5,primary,b2_30m_delta_flow,feature,signed,419,-0.0045096724828437495,-0.003879669616122348,0.0045096724828437495,-0.01584649292228774,-0.0005920911426463188,0,419,0,419,0.0,1.0
5,primary,b2_30m_gamma_flow,feature,signed,419,-0.0025849708204550804,-0.0033215433330900644,0.0032801150464272922,-0.011021271734991954,0.004086027480844461,94,325,0,419,0.2243436754176611,0.7756563245823389
5,primary,b2_30m_multileg_premium_share,feature,raw,419,0.008000571220109293,0.007494365178445999,0.008000571220109293,0.0011633566793295977,0.01470961305400506,419,0,0,419,1.0,0.0
5,primary,b2_30m_multileg_size_share,feature,raw,419,-0.013330160307916823,-0.012466776124598126,0.013330160307916823,-0.021488528661550526,-0.008777846065799491,0,419,0,419,0.0,1.0
5,primary,b2_30m_otm_premium_share,feature,raw,419,0.0007239675493060329,0.0005206891745107234,0.0019159808304116282,-0.00599184756335655,0.01184456556541567,276,143,0,419,0.6587112171837709,0.3412887828162291
5,primary,b2_30m_passive_premium_share,feature,raw,419,0.04607865221409088,0.015742990014338876,0.049530976352243565,-0.033787533333194536,0.29943949370581446,333,86,0,419,0.7947494033412887,0.2052505966587112
5,primary,b2_30m_premium,feature,log,419,0.0061145481438849795,0.005396925060150203,0.008730400310478656,-0.01905236231222197,0.031083633261597375,301,118,0,419,0.7183770883054893,0.28162291169451076
5,primary,b2_30m_rate_per_second,feature,log,419,-0.02344171413838431,-0.0006202492320935433,0.04104915129610957,-0.1027023640059509,0.10992599702617176,96,211,112,307,0.22911694510739858,0.5035799522673031
5,primary,b2_30m_sell_premium_share,feature,raw,419,0.03281117834078099,0.013179212812675303,0.03482992503385954,-0.024118570235680873,0.20127072640802254,372,47,0,419,0.8878281622911695,0.11217183770883055
5,primary,b2_30m_size,feature,log,419,0.012652236151054853,0.010715040201496493,0.01367076324552985,-0.013727652001317432,0.05400584885076121,373,46,0,419,0.8902147971360382,0.10978520286396182
5,primary,b2_30m_sweep_premium_share,feature,raw,419,-0.0017199472003334275,-0.0017316455336450058,0.002159355245150431,-0.005233836779412239,0.004460751640877886,44,375,0,419,0.10501193317422435,0.8949880668257757
5,primary,b2_30m_trades,feature,log,419,0.009203405310323279,0.0,0.009781236867968796,-0.013568678877329453,0.10321125567888866,97,15,307,112,0.2315035799522673,0.03579952267303103
5,primary,b2_30m_vega_flow,feature,signed,419,0.011096886090667609,0.011385735907791817,0.011096886090667609,0.004519893747804345,0.020441043443140437,419,0,0,419,1.0,0.0
5,primary,b2_30m_vega_flow_abs,feature,log,419,0.010366243908393495,0.015162906233737249,0.017252082875730358,-0.04596155518745045,0.038134096289593127,324,95,0,419,0.7732696897374701,0.22673031026252982
5,primary,b2_30m_vega_flow_call,feature,signed,419,-0.006218496056089604,-0.005908435614903993,0.006218496056089604,-0.017883230118028462,-0.0020352939500007453,0,419,0,419,0.0,1.0
5,primary,b2_30m_vega_flow_long_dte,feature,signed,419,-0.006598770095941345,-0.007291483900424075,0.006598770095941345,-0.010210918385904778,-0.0007607088327982079,0,419,0,419,0.0,1.0
5,primary,b2_30m_vega_flow_put,feature,signed,419,0.0021510623192375175,0.0029113120558411864,0.003498919172145004,-0.013451370753470065,0.005645141871133962,361,58,0,419,0.8615751789976134,0.13842482100238662
5,primary,b2_30m_vega_flow_short_dte,feature,signed,419,0.0023572154046861645,0.002205438069715398,0.0025583966307497668,-0.002382024039915174,0.01069931370413673,375,44,0,419,0.8949880668257757,0.10501193317422435
5,primary,b2_30m_window_empty,feature,raw,419,-0.004492280977914375,0.0,0.009493363801023847,-0.11517359972867044,0.10345214019517442,39,46,334,85,0.09307875894988067,0.10978520286396182
5,primary,b2_30m_zero_dte_premium_share,feature,raw,419,-0.009822563602119977,-0.008363273915694244,0.009822563602119977,-0.031184625429772305,-0.0033109660109762362,0,419,0,419,0.0,1.0
5,primary,b2_30m_zero_dte_signed_premium,feature,signed,419,0.0005136908796258968,0.0017874389245884378,0.002420910510729986,-0.009179886405715713,0.0032467429599801483,297,122,0,419,0.7088305489260143,0.2911694510739857
5,primary,b2_30m_zero_dte_trade_share,feature,raw,419,0.010176379790839742,0.009151525293222051,0.010568638254886272,-0.005482729418333645,0.034478626749255545,354,65,0,419,0.8448687350835322,0.15513126491646778
5,primary,b2_5m_buy_premium_share,feature,raw,419,-0.11789665080291056,-0.00020070751864513308,0.14677611736234888,-2.566008695492294,1.2206428993257301,167,226,26,393,0.39856801909307876,0.5393794749403341
5,primary,b2_5m_contract_entropy,feature,raw,419,0.018701634634089238,0.02025996193617768,0.018701634634089238,0.002795550603649943,0.039051049923074996,419,0,0,419,1.0,0.0
5,primary,b2_5m_contracts,feature,log,419,0.06293715237513486,0.04272839817086425,0.06443992824379244,-0.014760233721712365,0.2125283166396046,377,42,0,419,0.8997613365155132,0.10023866348448687
5,primary,b2_5m_d_iv,feature,signed,419,-0.0006842915848454571,0.0007873264064516954,0.0024844741834049258,-0.008735258267169452,0.0031431213170357197,237,182,0,419,0.5656324582338902,0.4343675417661098
5,primary,b2_5m_d_mid_rel,feature,signed,419,0.0031790476137157687,0.0033280069980022777,0.0032416391447878537,-0.0017099918334860806,0.005884975366461046,401,18,0,419,0.9570405727923628,0.04295942720763723
5,primary,b2_5m_d_spread,feature,signed,419,0.007307784463291793,0.00848645659082257,0.007847308415157959,-0.0068435193611520815,0.01486076910218606,384,35,0,419,0.9164677804295943,0.08353221957040573
5,primary,b2_5m_decay_intensity_innovation,feature,signed,419,-0.0033082879031749723,-0.004029372213208301,0.00433007253161935,-0.010118757626658122,0.008012157785248908,42,377,0,419,0.10023866348448687,0.8997613365155132
5,primary,b2_5m_decay_intensity_last,feature,log,419,0.09845018491110566,0.05602677960894915,0.09845018491110566,0.0,0.30226969346968535,222,0,197,222,0.5298329355608592,0.0
5,primary,b2_5m_delta_flow,feature,signed,419,-0.004941776747211553,-0.004582337943928757,0.004941776747211553,-0.017384842143027504,-0.001387540509717777,0,419,0,419,0.0,1.0
5,primary,b2_5m_expiry_hhi,feature,raw,419,-0.00454270777093584,-0.005076381956329319,0.0049081343428643105,-0.010767061466609098,0.00686222634727586,39,380,0,419,0.09307875894988067,0.9069212410501193
5,primary,b2_5m_gamma_flow,feature,signed,419,-0.002944181690154532,-0.0030805248031890017,0.003471338766308544,-0.009241677292121189,0.010196600078702444,36,383,0,419,0.08591885441527446,0.9140811455847255
5,primary,b2_5m_interarrival_cv,feature,raw,419,-0.01192078776909147,-0.013585025628563256,0.012565164628026686,-0.022933798975101834,0.008022319926087804,20,399,0,419,0.0477326968973747,0.9522673031026253
5,primary,b2_5m_multileg_premium_share,feature,raw,419,0.004271782966629821,0.003029333058966733,0.004288786926079906,-0.0028066504717243783,0.013470497891820058,417,2,0,419,0.9952267303102625,0.00477326968973747
5,primary,b2_5m_multileg_size_share,feature,raw,419,-0.0025192173572669194,-0.001274868324050931,0.0027186119959506506,-0.010458870108720807,0.004211696673646157,37,382,0,419,0.0883054892601432,0.9116945107398569
5,primary,b2_5m_otm_premium_share,feature,raw,419,-2.298537328099019e-05,4.226612837348873e-05,0.0020216627960926406,-0.005991826024953099,0.006453233965723514,211,208,0,419,0.5035799522673031,0.4964200477326969
5,primary,b2_5m_passive_premium_share,feature,raw,419,-0.15471017709457438,-0.00976923086566467,0.18762930361279095,-3.114700280912762,1.4979582434284335,15,402,2,417,0.03579952267303103,0.9594272076372315
5,primary,b2_5m_premium,feature,log,419,0.030552135896204976,0.03006097792645957,0.030552135896204976,0.0029794856131372866,0.06238357495840265,419,0,0,419,1.0,0.0
5,primary,b2_5m_rate_per_second,feature,log,419,0.03711746076209281,0.03557331487871401,0.03765989176850057,-0.011321189749050865,0.11034498354794693,344,22,53,366,0.8210023866348448,0.05250596658711217
5,primary,b2_5m_sell_premium_share,feature,raw,419,-0.11787463424044607,-0.003113460777571485,0.1463358535965796,-2.511323350279361,1.2062991108050622,142,277,0,419,0.33890214797136037,0.6610978520286396
5,primary,b2_5m_size,feature,log,419,-0.015471889166593021,-0.018495318060665934,0.02166848176811038,-0.06218214369378953,0.03189129909479389,134,285,0,419,0.3198090692124105,0.6801909307875895
5,primary,b2_5m_strike_hhi,feature,raw,419,0.013142291457699294,0.012077203798290127,0.01324353121189467,-0.004938977376977289,0.025483750626014025,412,7,0,419,0.9832935560859188,0.016706443914081145
5,primary,b2_5m_sweep_premium_share,feature,raw,419,0.0010994734740534706,0.001141581099457114,0.0024545111408119766,-0.005963244854439809,0.005169495534842115,255,164,0,419,0.6085918854415274,0.3914081145584726
5,primary,b2_5m_trades,feature,log,419,0.003899935804587802,0.0,0.004039535031503821,-0.011532394945428587,0.06857885135794875,49,4,366,53,0.11694510739856802,0.00954653937947494
5,primary,b2_5m_vega_flow,feature,signed,419,-0.0006037431968873166,0.0002297049061343173,0.0025555277947040766,-0.006334321395378682,0.00553909029059843,223,196,0,419,0.5322195704057279,0.4677804295942721
5,primary,b2_5m_vega_flow_abs,feature,log,419,0.026046134359825324,0.020444703146628697,0.02606745316999267,-0.001847083796066013,0.07054998193281331,415,4,0,419,0.9904534606205251,0.00954653937947494
5,primary,b2_5m_vega_flow_call,feature,signed,419,-0.0031299409297064237,-0.003506343811611946,0.0035700078905929423,-0.006766940959949405,0.006539472493556826,22,397,0,419,0.05250596658711217,0.9474940334128878
5,primary,b2_5m_vega_flow_long_dte,feature,signed,419,0.0023182301807737763,0.002461937780914598,0.0024925905683736284,-0.004778517595679738,0.005797470808131276,398,21,0,419,0.9498806682577565,0.050119331742243436
5,primary,b2_5m_vega_flow_put,feature,signed,419,0.002195506789421313,0.0024084660347853115,0.0025592297327319607,-0.004687444642416915,0.0055403857353287225,367,52,0,419,0.8758949880668258,0.12410501193317422
5,primary,b2_5m_vega_flow_short_dte,feature,signed,419,0.0006269911317073508,0.001444365214509917,0.002277956378209001,-0.015500966166068492,0.005478472472121087,263,156,0,419,0.6276849642004774,0.3723150357995227
5,primary,b2_5m_window_empty,feature,raw,419,0.05872401994838855,0.0,0.05874545357780241,-0.0044903453622022116,0.4442672939765719,114,1,304,115,0.2720763723150358,0.002386634844868735
5,primary,b2_5m_zero_dte_premium_share,feature,raw,419,0.006440597226279695,0.0068946574548261605,0.006590175967583063,-0.0030803049272973,0.01715296373399723,391,28,0,419,0.9331742243436754,0.06682577565632458
5,primary,b2_5m_zero_dte_signed_premium,feature,signed,419,-0.0001589439219352387,-0.00037304180277114145,0.0015311299009624323,-0.0030886011471465196,0.007936489053306498,173,246,0,419,0.4128878281622912,0.5871121718377088
5,primary,b2_5m_zero_dte_trade_share,feature,raw,419,-0.016618749990606897,-0.018919365975988645,0.017464462584838813,-0.035055563461335155,0.011640193240896112,29,390,0,419,0.06921241050119331,0.9307875894988067
5,primary,day_of_week,feature,raw,419,0.030103659986335515,0.03198712855584795,0.030103659986335515,0.0034481343875423665,0.0445027824568536,419,0,0,419,1.0,0.0
5,primary,dollar_volume_30,feature,log,419,0.11512077341392854,0.11152929749501507,0.11512077341392854,0.016563342154943487,0.2821538596292349,419,0,0,419,1.0,0.0
5,primary,intercept,intercept,identity,419,-13.48202399425786,-13.498473084852508,13.48202399425786,-13.656208600221543,-13.267389961110874,0,419,0,419,0.0,1.0
5,primary,jump_back_30,feature,log,419,0.003473226878096809,0.0036898533323316655,0.003682246727392763,-0.0035029131830428425,0.007875648072327985,381,38,0,419,0.9093078758949881,0.09069212410501193
5,primary,log_rv_30m,feature,raw,419,0.19652245475896768,0.0,0.19652245475896768,0.0,1.115348430619772,181,0,238,181,0.431980906921241,0.0
5,primary,log_rv_day,feature,raw,419,0.022550174743509628,0.031114435209860777,0.022550174743509628,0.0,0.06725014371740687,210,0,209,210,0.5011933174224343,0.0
5,primary,log_rv_session,feature,raw,419,0.14209216705553418,0.20455796401128407,0.14209216705553418,0.0,0.2699389095556944,280,0,139,280,0.6682577565632458,0.0
5,primary,log_rv_week,feature,raw,419,0.02054512253417526,0.014257222108794175,0.02054512253417526,0.0,0.05204336562085787,218,0,201,218,0.5202863961813843,0.0
5,primary,minute_fraction,feature,raw,419,-0.07733687346776336,0.0,0.07733687346776336,-0.3377278775340369,0.0,0,168,251,168,0.0,0.4009546539379475
5,primary,minute_fraction_sq,feature,raw,419,0.11614565472188307,0.12407694761680685,0.11679111648882501,-0.02699970843452748,0.19443102581712207,404,15,0,419,0.964200477326969,0.03579952267303103
5,primary,minutes_since_open,feature,raw,419,-0.118005237995047,-0.1580092996891994,0.118005237995047,-0.34326122115582364,0.0,0,245,174,245,0.0,0.5847255369928401
5,primary,minutes_to_close,feature,raw,419,0.027378191406465496,0.02524841878612429,0.02772509973012498,-0.01384498764530798,0.18941450369036944,395,6,18,401,0.9427207637231504,0.014319809069212411
5,primary,parkinson_30,feature,log,419,0.5125957638892537,0.5652043928211672,0.5125957638892537,0.10225626450023996,0.6067381652125593,419,0,0,419,1.0,0.0
5,primary,presence:b1_butterfly_25,presence,finite_presence_binary,419,-0.000842241634722078,0.0,0.000842241634722078,-0.01409515759325999,0.0,0,46,373,46,0.0,0.10978520286396182
5,primary,presence:b1_iv_14d,presence,finite_presence_binary,419,-0.006267549723986592,0.0,0.006680721710247409,-0.23858392695444589,0.03656471173556188,3,15,401,18,0.007159904534606206,0.03579952267303103
5,primary,presence:b1_iv_30d,presence,finite_presence_binary,419,-0.0008033475625958293,0.0,0.0021261563300049506,-0.2389959043837114,0.041757099016547755,8,5,406,13,0.01909307875894988,0.011933174224343675
5,primary,presence:b1_iv_60d,presence,finite_presence_binary,419,-0.0025123614546589458,0.0,0.003651920212759537,-0.2381393623170507,0.04231254930762617,7,10,402,17,0.016706443914081145,0.02386634844868735
5,primary,presence:b1_iv_7d,presence,finite_presence_binary,419,-0.0017334876994657467,0.0,0.002211423470078421,-0.21895404178964775,0.022845761835519146,5,4,410,9,0.011933174224343675,0.00954653937947494
5,primary,presence:b1_iv_90d,presence,finite_presence_binary,419,-0.004059531151261193,0.0,0.00425423170233147,-0.23852853352703451,0.021014136755230423,2,9,408,11,0.00477326968973747,0.021479713603818614
5,primary,presence:b1_iv_minus_trailing_rv_30d,presence,finite_presence_binary,419,-0.005077619732148691,0.0,0.006333637336656179,-0.23866310541724434,0.03807661019730072,10,15,394,25,0.02386634844868735,0.03579952267303103
5,primary,presence:b1_mfiv,presence,finite_presence_binary,419,0.17580482991216273,0.0930071335548158,0.17747006200015708,-0.01782983244149426,0.36271959921822977,368,20,31,388,0.8782816229116945,0.0477326968973747
5,primary,presence:b1_risk_reversal_25,presence,finite_presence_binary,419,-0.006643125315888483,-0.0074069023951368355,0.00683213002693176,-0.014319654453914202,0.004241788824584752,14,359,46,373,0.03341288782816229,0.8568019093078759
5,primary,presence:b1_smile_curvature,presence,finite_presence_binary,419,-0.0038710891041249316,0.0,0.005632134160706817,-0.23816588244429723,0.03872184111312627,16,13,390,29,0.03818615751789976,0.031026252983293555
5,primary,presence:b1_smile_level,presence,finite_presence_binary,419,-0.004097301471146944,0.0,0.004836267684835488,-0.23751464140119793,0.04091202316590128,5,10,404,15,0.011933174224343675,0.02386634844868735
5,primary,presence:b1_smile_slope,presence,finite_presence_binary,419,-0.004800103977733306,0.0,0.005677121986082037,-0.240066134685823,0.0413981415423574,7,12,400,19,0.016706443914081145,0.028639618138424822
5,primary,presence:b1_term_convexity,presence,finite_presence_binary,419,-0.0031374880904459696,0.0,0.00376531769657901,-0.2402708695075836,0.038004059207962286,5,10,404,15,0.011933174224343675,0.02386634844868735
5,primary,presence:b1_term_slope,presence,finite_presence_binary,419,-0.007225558300425577,0.0,0.009244486158293578,-0.22084417705140422,0.039099673870257826,14,24,381,38,0.03341288782816229,0.057279236276849645
5,primary,presence:b2_30m_buy_premium_share,presence,finite_presence_binary,419,0.002965114777389329,0.0,0.004714704465630044,-0.10345896674746566,0.11694701561075707,31,16,372,47,0.07398568019093078,0.03818615751789976
5,primary,presence:b2_30m_contracts,presence,finite_presence_binary,419,0.0,0.0,0.0,0.0,0.0,0,0,419,0,0.0,0.0
5,primary,presence:b2_30m_d_iv,presence,finite_presence_binary,419,0.001020142737795592,0.0,0.0024541939197255526,-0.10320198202653694,0.11386322168816322,11,7,401,18,0.026252983293556086,0.016706443914081145
5,primary,presence:b2_30m_d_mid_rel,presence,finite_presence_binary,419,0.0005878215822306407,0.0,0.0007120580219028885,-0.019625296346393636,0.07317633182471081,6,2,411,8,0.014319809069212411,0.00477326968973747
5,primary,presence:b2_30m_d_spread,presence,finite_presence_binary,419,0.00035240553718281627,0.0,0.0009378722829552701,-0.09819856224319978,0.11487684160501754,4,2,413,6,0.00954653937947494,0.00477326968973747
5,primary,presence:b2_30m_decay_intensity_innovation,presence,finite_presence_binary,419,0.0005047519068546777,0.0,0.0006138360555032271,-0.01916597950387715,0.09666792678753441,4,2,413,6,0.00954653937947494,0.00477326968973747
5,primary,presence:b2_30m_decay_intensity_last,presence,finite_presence_binary,419,0.0,0.0,0.0,0.0,0.0,0,0,419,0,0.0,0.0
5,primary,presence:b2_30m_delta_flow,presence,finite_presence_binary,419,0.0,0.0,0.0,0.0,0.0,0,0,419,0,0.0,0.0
5,primary,presence:b2_30m_gamma_flow,presence,finite_presence_binary,419,0.0,0.0,0.0,0.0,0.0,0,0,419,0,0.0,0.0
5,primary,presence:b2_30m_multileg_premium_share,presence,finite_presence_binary,419,0.00024819529698361933,0.0,0.0008804474709228716,-0.04801243530316223,0.10715662310401963,4,5,410,9,0.00954653937947494,0.011933174224343675
5,primary,presence:b2_30m_multileg_size_share,presence,finite_presence_binary,419,0.00022096992698759758,0.0,0.0004110472675599969,-0.020661812743016674,0.09560542988161481,3,2,414,5,0.007159904534606206,0.00477326968973747
5,primary,presence:b2_30m_otm_premium_share,presence,finite_presence_binary,419,-0.0005284239639998893,0.0,0.0009693040032844203,-0.10542211255133599,0.06954161106633171,3,7,409,10,0.007159904534606206,0.016706443914081145
5,primary,presence:b2_30m_passive_premium_share,presence,finite_presence_binary,419,0.00010316962338472893,0.0,0.00030442156060804363,-0.022552384601888468,0.08539035304648586,1,2,416,3,0.002386634844868735,0.00477326968973747
5,primary,presence:b2_30m_premium,presence,finite_presence_binary,419,0.0,0.0,0.0,0.0,0.0,0,0,419,0,0.0,0.0
5,primary,presence:b2_30m_rate_per_second,presence,finite_presence_binary,419,0.0,0.0,0.0,0.0,0.0,0,0,419,0,0.0,0.0
5,primary,presence:b2_30m_sell_premium_share,presence,finite_presence_binary,419,-9.888657356222486e-06,0.0,0.000985109071600716,-0.10559594113715175,0.11121650003960687,2,2,415,4,0.00477326968973747,0.00477326968973747
5,primary,presence:b2_30m_size,presence,finite_presence_binary,419,0.0,0.0,0.0,0.0,0.0,0,0,419,0,0.0,0.0
5,primary,presence:b2_30m_sweep_premium_share,presence,finite_presence_binary,419,-1.4723668610345977e-05,0.0,0.0006077203547481171,-0.04653965272996561,0.06583824343661644,2,4,413,6,0.00477326968973747,0.00954653937947494
5,primary,presence:b2_30m_trades,presence,finite_presence_binary,419,0.0,0.0,0.0,0.0,0.0,0,0,419,0,0.0,0.0
5,primary,presence:b2_30m_vega_flow,presence,finite_presence_binary,419,0.0,0.0,0.0,0.0,0.0,0,0,419,0,0.0,0.0
5,primary,presence:b2_30m_vega_flow_abs,presence,finite_presence_binary,419,0.0,0.0,0.0,0.0,0.0,0,0,419,0,0.0,0.0
5,primary,presence:b2_30m_vega_flow_call,presence,finite_presence_binary,419,0.0,0.0,0.0,0.0,0.0,0,0,419,0,0.0,0.0
5,primary,presence:b2_30m_vega_flow_long_dte,presence,finite_presence_binary,419,0.0,0.0,0.0,0.0,0.0,0,0,419,0,0.0,0.0
5,primary,presence:b2_30m_vega_flow_put,presence,finite_presence_binary,419,0.0,0.0,0.0,0.0,0.0,0,0,419,0,0.0,0.0
5,primary,presence:b2_30m_vega_flow_short_dte,presence,finite_presence_binary,419,0.0,0.0,0.0,0.0,0.0,0,0,419,0,0.0,0.0
5,primary,presence:b2_30m_window_empty,presence,finite_presence_binary,419,0.0,0.0,0.0,0.0,0.0,0,0,419,0,0.0,0.0
5,primary,presence:b2_30m_zero_dte_premium_share,presence,finite_presence_binary,419,-0.0003745492988458841,0.0,0.000974376761965331,-0.0981829622565424,0.09728420327331733,2,6,411,8,0.00477326968973747,0.014319809069212411
5,primary,presence:b2_30m_zero_dte_signed_premium,presence,finite_presence_binary,419,0.0,0.0,0.0,0.0,0.0,0,0,419,0,0.0,0.0
5,primary,presence:b2_30m_zero_dte_trade_share,presence,finite_presence_binary,419,-8.989209611972295e-05,0.0,8.989209611972295e-05,-0.01977522354575232,0.0,0,2,417,2,0.0,0.00477326968973747
5,primary,presence:b2_5m_buy_premium_share,presence,finite_presence_binary,419,-0.039029276675270855,0.0,0.039029276675270855,-0.45123896055034546,0.0,0,71,348,71,0.0,0.16945107398568018
5,primary,presence:b2_5m_contract_entropy,presence,finite_presence_binary,419,-0.0021426951626382315,0.0,0.0021426951626382315,-0.42568464892702335,0.0,0,4,415,4,0.0,0.00954653937947494
5,primary,presence:b2_5m_contracts,presence,finite_presence_binary,419,0.0,0.0,0.0,0.0,0.0,0,0,419,0,0.0,0.0
5,primary,presence:b2_5m_d_iv,presence,finite_presence_binary,419,-0.017999862484744496,0.0,0.017999862484744496,-0.4502174220364584,0.0,0,24,395,24,0.0,0.057279236276849645
5,primary,presence:b2_5m_d_mid_rel,presence,finite_presence_binary,419,0.0,0.0,0.0,0.0,0.0,0,0,419,0,0.0,0.0
5,primary,presence:b2_5m_d_spread,presence,finite_presence_binary,419,0.0,0.0,0.0,0.0,0.0,0,0,419,0,0.0,0.0
5,primary,presence:b2_5m_decay_intensity_innovation,presence,finite_presence_binary,419,-0.011279234478582714,0.0,0.011279234478582714,-0.44102873672607845,0.0,0,18,401,18,0.0,0.04295942720763723
5,primary,presence:b2_5m_decay_intensity_last,presence,finite_presence_binary,419,0.0,0.0,0.0,0.0,0.0,0,0,419,0,0.0,0.0
5,primary,presence:b2_5m_delta_flow,presence,finite_presence_binary,419,0.0,0.0,0.0,0.0,0.0,0,0,419,0,0.0,0.0
5,primary,presence:b2_5m_expiry_hhi,presence,finite_presence_binary,419,0.0,0.0,0.0,0.0,0.0,0,0,419,0,0.0,0.0
5,primary,presence:b2_5m_gamma_flow,presence,finite_presence_binary,419,0.0,0.0,0.0,0.0,0.0,0,0,419,0,0.0,0.0
5,primary,presence:b2_5m_interarrival_cv,presence,finite_presence_binary,419,0.0,0.0,0.0,0.0,0.0,0,0,419,0,0.0,0.0
5,primary,presence:b2_5m_multileg_premium_share,presence,finite_presence_binary,419,0.0,0.0,0.0,0.0,0.0,0,0,419,0,0.0,0.0
5,primary,presence:b2_5m_multileg_size_share,presence,finite_presence_binary,419,-0.011563552357886664,0.0,0.011563552357886664,-0.44163331546410806,0.0,0,20,399,20,0.0,0.0477326968973747
5,primary,presence:b2_5m_otm_premium_share,presence,finite_presence_binary,419,0.0,0.0,0.0,0.0,0.0,0,0,419,0,0.0,0.0
5,primary,presence:b2_5m_passive_premium_share,presence,finite_presence_binary,419,0.0,0.0,0.0,0.0,0.0,0,0,419,0,0.0,0.0
5,primary,presence:b2_5m_premium,presence,finite_presence_binary,419,0.0,0.0,0.0,0.0,0.0,0,0,419,0,0.0,0.0
5,primary,presence:b2_5m_rate_per_second,presence,finite_presence_binary,419,0.0,0.0,0.0,0.0,0.0,0,0,419,0,0.0,0.0
5,primary,presence:b2_5m_sell_premium_share,presence,finite_presence_binary,419,-0.0011450837850840918,0.0,0.0011450837850840918,-0.13799672491672818,0.0,0,7,412,7,0.0,0.016706443914081145
5,primary,presence:b2_5m_size,presence,finite_presence_binary,419,0.0,0.0,0.0,0.0,0.0,0,0,419,0,0.0,0.0
5,primary,presence:b2_5m_strike_hhi,presence,finite_presence_binary,419,-0.006478973223731813,0.0,0.006478973223731813,-0.44610552927500746,0.0,0,9,410,9,0.0,0.021479713603818614
5,primary,presence:b2_5m_sweep_premium_share,presence,finite_presence_binary,419,-0.001829504444258592,0.0,0.001829504444258592,-0.30130268172912594,0.0,0,7,412,7,0.0,0.016706443914081145
5,primary,presence:b2_5m_trades,presence,finite_presence_binary,419,0.0,0.0,0.0,0.0,0.0,0,0,419,0,0.0,0.0
5,primary,presence:b2_5m_vega_flow,presence,finite_presence_binary,419,0.0,0.0,0.0,0.0,0.0,0,0,419,0,0.0,0.0
5,primary,presence:b2_5m_vega_flow_abs,presence,finite_presence_binary,419,0.0,0.0,0.0,0.0,0.0,0,0,419,0,0.0,0.0
5,primary,presence:b2_5m_vega_flow_call,presence,finite_presence_binary,419,0.0,0.0,0.0,0.0,0.0,0,0,419,0,0.0,0.0
5,primary,presence:b2_5m_vega_flow_long_dte,presence,finite_presence_binary,419,0.0,0.0,0.0,0.0,0.0,0,0,419,0,0.0,0.0
5,primary,presence:b2_5m_vega_flow_put,presence,finite_presence_binary,419,0.0,0.0,0.0,0.0,0.0,0,0,419,0,0.0,0.0
5,primary,presence:b2_5m_vega_flow_short_dte,presence,finite_presence_binary,419,0.0,0.0,0.0,0.0,0.0,0,0,419,0,0.0,0.0
5,primary,presence:b2_5m_window_empty,presence,finite_presence_binary,419,0.0,0.0,0.0,0.0,0.0,0,0,419,0,0.0,0.0
5,primary,presence:b2_5m_zero_dte_premium_share,presence,finite_presence_binary,419,-0.01769437345254631,0.0,0.01769437345254631,-0.4361313199253995,0.0,0,23,396,23,0.0,0.05489260143198091
5,primary,presence:b2_5m_zero_dte_signed_premium,presence,finite_presence_binary,419,0.0,0.0,0.0,0.0,0.0,0,0,419,0,0.0,0.0
5,primary,presence:b2_5m_zero_dte_trade_share,presence,finite_presence_binary,419,-0.001716480158272056,0.0,0.001716480158272056,-0.25786704272625244,0.0,0,5,414,5,0.0,0.011933174224343675
5,primary,presence:rp4_dealer_gamma_near_spot,presence,finite_presence_binary,419,-0.0005912662338831016,0.0,0.0005912662338831016,-0.23853442935888097,0.0,0,3,416,3,0.0,0.007159904534606206
5,primary,presence:rp4_dealer_gamma_net,presence,finite_presence_binary,419,-0.00038795321815190606,0.0,0.0004832273014075352,-0.17761885761599439,0.019959920442054295,1,2,416,3,0.002386634844868735,0.00477326968973747
5,primary,presence:rp4_dealer_max_gamma_distance,presence,finite_presence_binary,419,-0.0011394133618847482,0.0,0.0011394133618847482,-0.23911175122122977,0.0,0,2,417,2,0.0,0.00477326968973747
5,primary,presence:rp4_gamma_imb_near_short,presence,finite_presence_binary,419,0.0057091289264697325,0.0,0.006269818726289955,-0.01718253581029411,0.05886579597393817,51,7,361,58,0.12171837708830549,0.016706443914081145
5,primary,presence:rp4_gamma_imb_near_spot,presence,finite_presence_binary,419,0.00477880449937788,0.0,0.005182121785137589,-0.01720477697084945,0.057813486134708214,43,5,371,48,0.1026252983293556,0.011933174224343675
5,primary,presence:rp4_gamma_imb_signed_trades,presence,finite_presence_binary,419,0.004015445430822421,0.0,0.00441995477839067,-0.017325143380105757,0.057445114780764965,38,5,376,43,0.09069212410501193,0.011933174224343675
5,primary,presence:rp4_gamma_imb_total,presence,finite_presence_binary,419,0.004763326962335291,0.0,0.005010105428558073,-0.017301055953860837,0.05807975915464531,43,3,373,46,0.1026252983293556,0.007159904534606206
5,primary,presence:rp4_iv_dte_0_1_m_090_097,presence,finite_presence_binary,419,-0.010072666024094568,-0.014328085190059759,0.018100214829834264,-0.03351485176480257,0.025599795774885324,124,295,0,419,0.29594272076372313,0.7040572792362768
5,primary,presence:rp4_iv_dte_0_1_m_097_103,presence,finite_presence_binary,419,-0.0067658679615372015,-0.010323172002479519,0.01690597350821882,-0.036980408281793845,0.0313657191538943,123,296,0,419,0.2935560859188544,0.7064439140811456
5,primary,presence:rp4_iv_dte_0_1_m_103_110,presence,finite_presence_binary,419,0.02307487126677621,0.017514052422306105,0.02307487126677621,0.0008495761085867878,0.05357788084596994,419,0,0,419,1.0,0.0
5,primary,presence:rp4_iv_dte_0_1_m_gt110,presence,finite_presence_binary,419,0.015976722143808422,0.01010587655890171,0.016209100970853582,-0.005396847124829077,0.04309920856958246,398,21,0,419,0.9498806682577565,0.050119331742243436
5,primary,presence:rp4_iv_dte_0_1_m_lt090,presence,finite_presence_binary,419,0.010395153935228054,0.0035893636737851717,0.014122147138219113,-0.019270315104811437,0.04641465673384036,274,145,0,419,0.6539379474940334,0.3460620525059666
5,primary,presence:rp4_iv_dte_2_7_m_090_097,presence,finite_presence_binary,419,-0.0012747892448893906,-0.003798164726268657,0.015995065083929606,-0.03959065544000349,0.04137082557709977,169,250,0,419,0.4033412887828162,0.5966587112171837
5,primary,presence:rp4_iv_dte_2_7_m_097_103,presence,finite_presence_binary,419,-0.020635100893878437,-0.023346022081421006,0.02637445642429064,-0.07222746501307191,0.034050855763075004,67,352,0,419,0.15990453460620524,0.8400954653937948
5,primary,presence:rp4_iv_dte_2_7_m_103_110,presence,finite_presence_binary,419,0.0360275222077682,0.03554066793670501,0.0360275222077682,2.6858776432752506e-05,0.09115555887396919,419,0,0,419,1.0,0.0
5,primary,presence:rp4_iv_dte_2_7_m_gt110,presence,finite_presence_binary,419,0.016064060155307376,0.007808919795743875,0.0170548483061537,-0.006711452252387277,0.06184461073209255,346,73,0,419,0.8257756563245824,0.17422434367541767
5,primary,presence:rp4_iv_dte_2_7_m_lt090,presence,finite_presence_binary,419,0.010216780596541655,0.0019035178412056004,0.012494232143925787,-0.009055719210268319,0.04908522672969487,258,161,0,419,0.6157517899761337,0.38424821002386633
5,primary,presence:rp4_iv_dte_31_90_m_090_097,presence,finite_presence_binary,419,-0.0019269417758267266,-0.00500517059793743,0.006783212028390141,-0.011430010331018741,0.011906999316773303,128,291,0,419,0.3054892601431981,0.6945107398568019
5,primary,presence:rp4_iv_dte_31_90_m_097_103,presence,finite_presence_binary,419,-0.008440517381726808,-0.011077835889026685,0.009756121800576566,-0.021662010143207257,0.006870184104047537,86,333,0,419,0.2052505966587112,0.7947494033412887
5,primary,presence:rp4_iv_dte_31_90_m_103_110,presence,finite_presence_binary,419,0.009780721920175798,0.007349539427581166,0.010225317669390277,-0.006056980804934479,0.026136640912171435,386,33,0,419,0.9212410501193318,0.07875894988066826
5,primary,presence:rp4_iv_dte_31_90_m_gt110,presence,finite_presence_binary,419,0.002249981243800109,-0.00017209013488034982,0.005464243996616661,-0.008742613715492741,0.01720610114886862,202,217,0,419,0.4821002386634845,0.5178997613365155
5,primary,presence:rp4_iv_dte_31_90_m_lt090,presence,finite_presence_binary,419,-0.004652686261452125,-0.007730770980817506,0.007373078442995841,-0.012981445855585912,0.009895527783076388,124,295,0,419,0.29594272076372313,0.7040572792362768
5,primary,presence:rp4_iv_dte_8_30_m_090_097,presence,finite_presence_binary,419,-0.016802340508829085,-0.02032106914519701,0.01936012089537628,-0.046216850642842484,0.015929313154076936,44,375,0,419,0.10501193317422435,0.8949880668257757
5,primary,presence:rp4_iv_dte_8_30_m_097_103,presence,finite_presence_binary,419,-0.024201231046656217,-0.015223014871209958,0.024205419768321017,-0.16698262195809024,0.000679719519867112,3,300,116,303,0.007159904534606206,0.7159904534606205
5,primary,presence:rp4_iv_dte_8_30_m_103_110,presence,finite_presence_binary,419,-0.03643404900630792,-0.030933240219354816,0.03643404900630792,-0.14788550812730472,-0.0006954594289643264,0,419,0,419,0.0,1.0
5,primary,presence:rp4_iv_dte_8_30_m_gt110,presence,finite_presence_binary,419,0.00707827594352415,0.004541438279464601,0.007610808443717241,-0.002586441049089403,0.026258486835371485,345,74,0,419,0.8233890214797136,0.1766109785202864
5,primary,presence:rp4_iv_dte_8_30_m_lt090,presence,finite_presence_binary,419,-0.003804282874838886,-0.0061258889469266165,0.0068197738044120165,-0.010377344385612376,0.01101249158314644,124,295,0,419,0.29594272076372313,0.7040572792362768
5,primary,presence:rp4_iv_dte_gt90_m_090_097,presence,finite_presence_binary,419,0.005750516047253266,0.002551790863329416,0.006199485998285537,-0.0062175051529824955,0.020484236962648998,355,64,0,419,0.847255369928401,0.15274463007159905
5,primary,presence:rp4_iv_dte_gt90_m_097_103,presence,finite_presence_binary,419,0.019292388419796736,0.020996488097573485,0.01938076693262185,-0.0020161169266035756,0.03587662994394083,407,12,0,419,0.9713603818615751,0.028639618138424822
5,primary,presence:rp4_iv_dte_gt90_m_103_110,presence,finite_presence_binary,419,0.007409323277374927,0.004635460796263499,0.00758463836272221,-0.002135000177710716,0.022331235169529375,386,33,0,419,0.9212410501193318,0.07875894988066826
5,primary,presence:rp4_iv_dte_gt90_m_gt110,presence,finite_presence_binary,419,0.0017917240199591862,0.0007470795560619494,0.0057138417405492685,-0.012658655819591995,0.020239151758261537,249,170,0,419,0.594272076372315,0.40572792362768495
5,primary,presence:rp4_iv_dte_gt90_m_lt090,presence,finite_presence_binary,419,-0.003424704817322656,-0.005237435743206506,0.006945205994882462,-0.01568140753693924,0.009058172710324658,124,295,0,419,0.29594272076372313,0.7040572792362768
5,primary,presence:rp4_surface_populated_cells,presence,finite_presence_binary,419,0.0,0.0,0.0,0.0,0.0,0,0,419,0,0.0,0.0
5,primary,ret_30,feature,raw,419,0.016842028560333767,0.02294138695743128,0.018338138888757863,-0.00940886391769454,0.02661937972821661,340,79,0,419,0.8114558472553699,0.18854415274463007
5,primary,ret_5,feature,raw,419,-0.02636413101649853,-0.026520101309601054,0.02636413101649853,-0.04455012635928311,-0.014375344511726968,0,419,0,419,0.0,1.0
5,primary,rp4_dealer_gamma_near_spot,feature,signed,419,-0.01501394060886648,-0.016997827335916996,0.015424492674887389,-0.023600081375907,0.007091241633118313,24,395,0,419,0.057279236276849645,0.9427207637231504
5,primary,rp4_dealer_gamma_net,feature,signed,419,-0.007602310565428992,-0.007908290026812089,0.007602310565428992,-0.015355054513948814,-0.001994908464886427,0,419,0,419,0.0,1.0
5,primary,rp4_dealer_max_gamma_distance,feature,raw,419,-0.001306882894160556,-0.0015653820505901683,0.0023854271456107286,-0.008156060505405086,0.007468190559057233,123,296,0,419,0.2935560859188544,0.7064439140811456
5,primary,rp4_gamma_imb_near_short,feature,signed_log1p,419,0.002322710211041831,0.001986193675442726,0.002656480901174883,-0.004674403404429901,0.007813093207868934,373,46,0,419,0.8902147971360382,0.10978520286396182
5,primary,rp4_gamma_imb_near_spot,feature,signed_log1p,419,-0.004663024067737571,-0.003754368134247738,0.005410377378258282,-0.028882983522841594,0.0033936405079473897,67,352,0,419,0.15990453460620524,0.8400954653937948
5,primary,rp4_gamma_imb_signed_trades,feature,log1p_count,419,-0.05679199309237307,-0.056628791376993434,0.05679199309237307,-0.11348764027873695,-0.012057562088761496,0,419,0,419,0.0,1.0
5,primary,rp4_gamma_imb_total,feature,signed_log1p,419,0.005259746258018825,0.00443274879101017,0.0052933074472265446,-0.000681749456706042,0.03210922876434712,393,26,0,419,0.9379474940334129,0.06205250596658711
5,primary,rp4_iv_dte_0_1_m_090_097,feature,log,419,-0.013986728534461552,-0.015068146285848034,0.013986728534461552,-0.022973965136734456,-0.0027300008290798714,0,419,0,419,0.0,1.0
5,primary,rp4_iv_dte_0_1_m_097_103,feature,log,419,0.008599394900861038,0.00815087756613232,0.008764770238048223,-0.0029488416612173263,0.02019383894826403,385,34,0,419,0.918854415274463,0.081145584725537
5,primary,rp4_iv_dte_0_1_m_103_110,feature,log,419,0.0009678144602441967,-0.0005157619988150602,0.004015574787338819,-0.00738128453622371,0.020604438624523772,191,228,0,419,0.45584725536992843,0.5441527446300716
5,primary,rp4_iv_dte_0_1_m_gt110,feature,log,419,0.0008568567879259408,0.0006913302662868036,0.001826344585884344,-0.005883757988477002,0.004872895605995163,269,150,0,419,0.6420047732696897,0.35799522673031026
5,primary,rp4_iv_dte_0_1_m_lt090,feature,log,419,-0.006953367807600847,-0.007336988193670285,0.006953367807600847,-0.012227879635260609,-0.0020171747855946376,0,419,0,419,0.0,1.0
5,primary,rp4_iv_dte_2_7_m_090_097,feature,log,419,-0.006283896338214669,-0.005210987767220409,0.00720260981452246,-0.027172592481935258,0.008110621906796955,55,364,0,419,0.13126491646778043,0.8687350835322196
5,primary,rp4_iv_dte_2_7_m_097_103,feature,log,419,0.015604189758616122,0.012740288164261008,0.020929976510514845,-0.027146488433332595,0.10263790503711905,297,122,0,419,0.7088305489260143,0.2911694510739857
5,primary,rp4_iv_dte_2_7_m_103_110,feature,log,419,-0.004719650256157831,-0.006712215392653257,0.012352364170348556,-0.05493652243333392,0.0316953448859473,127,292,0,419,0.3031026252983294,0.6968973747016707
5,primary,rp4_iv_dte_2_7_m_gt110,feature,log,419,0.0003586644483541993,0.0019151908214735279,0.0043744105597529285,-0.016056606209725714,0.008329127040816788,260,159,0,419,0.6205250596658711,0.3794749403341289
5,primary,rp4_iv_dte_2_7_m_lt090,feature,log,419,0.005411766235541083,0.005365645329888121,0.005411766235541083,0.0009991849785234252,0.0115966453028578,419,0,0,419,1.0,0.0
5,primary,rp4_iv_dte_31_90_m_090_097,feature,log,419,0.020036194300587156,0.020914926601616105,0.020036194300587156,0.006564975407483423,0.04077876777623698,419,0,0,419,1.0,0.0
5,primary,rp4_iv_dte_31_90_m_097_103,feature,log,419,0.0035903798414533956,0.00463727710387203,0.0056112723308904,-0.012428940642933766,0.025178614664560374,289,130,0,419,0.6897374701670644,0.31026252983293556
5,primary,rp4_iv_dte_31_90_m_103_110,feature,log,419,-0.007869800924224216,-0.0068305839001873755,0.01301673512051441,-0.027038423225598577,0.026162748898499018,97,322,0,419,0.2315035799522673,0.7684964200477327
5,primary,rp4_iv_dte_31_90_m_gt110,feature,log,419,-0.0044773350837574956,-0.00454773182968601,0.008749368929035536,-0.02962218575081572,0.01045957155556827,143,276,0,419,0.3412887828162291,0.6587112171837709
5,primary,rp4_iv_dte_31_90_m_lt090,feature,log,419,-0.0002536385936418438,-7.856436024952998e-05,0.0020669211860577215,-0.006123524310560119,0.01160781249811951,203,216,0,419,0.48448687350835323,0.5155131264916468
5,primary,rp4_iv_dte_8_30_m_090_097,feature,log,419,-0.004398358508169102,-0.003700330176244592,0.00816547728768117,-0.025607628810208637,0.012785075711994269,167,252,0,419,0.39856801909307876,0.6014319809069213
5,primary,rp4_iv_dte_8_30_m_097_103,feature,log,419,0.028639812091989868,0.024306018191119952,0.028639812091989868,0.0054374736210040815,0.06258703741437825,419,0,0,419,1.0,0.0
5,primary,rp4_iv_dte_8_30_m_103_110,feature,log,419,-0.03611934563687989,-0.03774614045866802,0.03635085731838831,-0.08052973651292414,0.004027730364855321,20,399,0,419,0.0477326968973747,0.9522673031026253
5,primary,rp4_iv_dte_8_30_m_gt110,feature,log,419,0.0042262753579736115,0.001423485793056546,0.005405219175411689,-0.006681806295798229,0.02975525533852037,283,136,0,419,0.6754176610978521,0.324582338902148
5,primary,rp4_iv_dte_8_30_m_lt090,feature,log,419,-0.00046245482638072866,-0.0005810820858493778,0.001983918958372576,-0.0054517857936801336,0.008942275818215651,191,228,0,419,0.45584725536992843,0.5441527446300716
5,primary,rp4_iv_dte_gt90_m_090_097,feature,log,419,0.006697993724594252,0.007215104716814991,0.006843222549698248,-0.0050890906684842125,0.011974507158983303,406,13,0,419,0.9689737470167065,0.031026252983293555
5,primary,rp4_iv_dte_gt90_m_097_103,feature,log,419,0.011461020925071737,0.011511981122878347,0.011520799665256952,-0.003438137504861281,0.022070136168080297,411,8,0,419,0.9809069212410502,0.01909307875894988
5,primary,rp4_iv_dte_gt90_m_103_110,feature,log,419,-0.005387245447775883,-0.00566046762680493,0.009922499651585627,-0.019784647096049,0.02459405716574413,101,318,0,419,0.24105011933174225,0.7589498806682577
5,primary,rp4_iv_dte_gt90_m_gt110,feature,log,419,0.0017622699365630941,-0.0025440079530286617,0.011012099022581497,-0.018948094373783683,0.028188050433117822,189,230,0,419,0.4510739856801909,0.548926014319809
5,primary,rp4_iv_dte_gt90_m_lt090,feature,log,419,0.0012968372090770425,0.0022367521244867094,0.002519684430653522,-0.0063760602237477185,0.005306844257874291,305,114,0,419,0.7279236276849642,0.2720763723150358
5,primary,rp4_surface_populated_cells,feature,raw,419,-0.058177700211543046,-0.008872765889705982,0.05824155006491005,-0.20575158857719694,0.0013769814618443813,14,289,116,303,0.03341288782816229,0.6897374701670644
5,primary,rq_attenuation,feature,raw,419,0.0253580504736485,0.04135375227491507,0.035247490871963036,-0.03687193350442845,0.06661968348830305,285,134,0,419,0.6801909307875895,0.3198090692124105
5,primary,rq_back_30,feature,log,419,-0.08875227527905837,0.05145923671802364,0.17771773657745385,-0.5808046058945104,0.139537860064597,246,173,0,419,0.5871121718377088,0.4128878281622912
5,primary,rs_down_back_30,feature,log,419,-0.23186213040173786,-0.2593538950056962,0.23894660918555896,-0.32669678850215994,0.05227294815040309,45,374,0,419,0.10739856801909307,0.8926014319809069
5,primary,rs_up_back_30,feature,log,419,-0.22740790282042525,-0.25979464873312863,0.23554594699119633,-0.3303585549498211,0.05789011426367998,45,374,0,419,0.10739856801909307,0.8926014319809069
5,primary,rv_back_15,feature,log,419,0.07965829942982675,0.07982543864479408,0.07965829942982675,0.06150182095381847,0.09433910185412689,419,0,0,419,1.0,0.0
5,primary,rv_back_30,feature,log,419,0.2759732478333029,0.1598047538948878,0.2759732478333029,0.0,1.0770077770318291,238,0,181,238,0.568019093078759,0.0
5,primary,rv_back_5,feature,log,419,0.013003033343574224,0.013928417944154116,0.013573653179075938,-0.0059370207229288785,0.03814638184296193,378,41,0,419,0.9021479713603818,0.09785202863961814
5,primary,rv_prev_day,feature,log,419,0.02209558992082243,0.0,0.02209558992082243,0.0,0.06726484179691017,209,0,210,209,0.4988066825775656,0.0
5,primary,rv_session_to_date,feature,log,419,0.06938972409648826,0.0,0.06938972409648826,0.0,0.26950676458202066,139,0,280,139,0.3317422434367542,0.0
5,primary,rv_week,feature,log,419,0.01920367712416787,0.0,0.01920367712416787,0.0,0.05210621859781487,201,0,218,201,0.4797136038186158,0.0
5,primary,volume_30,feature,log,419,-0.13669394266495175,-0.14353323434758253,0.13817269940283539,-0.31518594008146594,0.03709923135292273,35,384,0,419,0.08353221957040573,0.9164677804295943
15,confirmation,QQQ_ret_30,feature,raw,25,-0.02852887913695389,-0.029241400415146217,0.02852887913695389,-0.03185465543904553,-0.023915180159798415,0,25,0,25,0.0,1.0
15,confirmation,QQQ_rv_30,feature,log,25,0.024632010887463855,0.019826434731374635,0.024632010887463855,0.012937362064802227,0.06103108562660786,25,0,0,25,1.0,0.0
15,confirmation,SPY_ret_30,feature,raw,25,-0.01823572900482865,-0.01818576484919167,0.01823572900482865,-0.02002230838125484,-0.016459701034215637,0,25,0,25,0.0,1.0
15,confirmation,SPY_rv_30,feature,log,25,0.0630364238591031,0.06390051419857018,0.0630364238591031,0.05079577480349317,0.06974488639568534,25,0,0,25,1.0,0.0
15,confirmation,asset_effect:AMZN,feature,raw,25,0.014378775381719205,0.013635306768525092,0.014378775381719205,0.012870676275234912,0.019273000261661684,25,0,0,25,1.0,0.0
15,confirmation,asset_effect:META,feature,raw,25,-0.018094432499068527,-0.02246931609723972,0.027119915538302633,-0.03490615703354811,0.028302893636151606,4,21,0,25,0.16,0.84
15,confirmation,asset_effect:MSFT,feature,raw,25,-0.01241163337102661,-0.014411042971974587,0.014981494047880406,-0.0197308548626541,0.008220553258245684,4,21,0,25,0.16,0.84
15,confirmation,asset_effect:NVDA,feature,raw,25,-0.024559224333240325,-0.02271121881166251,0.024559224333240325,-0.03844151352774241,-0.019936985661490943,0,25,0,25,0.0,1.0
15,confirmation,asset_effect:TSLA,feature,raw,25,-0.049044103714370874,-0.05156424332564626,0.049044103714370874,-0.06412007482104558,-0.013155386619513508,0,25,0,25,0.0,1.0
15,confirmation,b1_butterfly_25,feature,raw,25,0.0009671935282351878,0.0011387179311733156,0.0009671935282351878,0.00015159404503073013,0.0020436916117070165,25,0,0,25,1.0,0.0
15,confirmation,b1_iv_14d,feature,log,25,-0.01555673586586211,-0.016625985074697005,0.01555673586586211,-0.0192127449887893,-0.005596217966048667,0,25,0,25,0.0,1.0
15,confirmation,b1_iv_30d,feature,log,25,-0.11441541495197852,-0.10183673926858593,0.11691321548644662,-0.182557492587358,0.007863270048463284,4,21,0,25,0.16,0.84
15,confirmation,b1_iv_60d,feature,log,25,0.01814661583340338,0.01827056131502834,0.01814661583340338,0.016378898843245764,0.019767220008378494,25,0,0,25,1.0,0.0
15,confirmation,b1_iv_7d,feature,log,25,0.03958103046440851,0.04255004676608948,0.03958103046440851,0.01603915412742436,0.048217930725810265,25,0,0,25,1.0,0.0
15,confirmation,b1_iv_90d,feature,log,25,0.08558032728121504,0.09102333435242456,0.08558032728121504,0.022578631600267383,0.10843094075911346,25,0,0,25,1.0,0.0
15,confirmation,b1_iv_minus_trailing_rv_30d,feature,signed,25,-0.02496202296132755,-0.02373193270451411,0.02496202296132755,-0.03177752233953567,-0.023085552482409948,0,25,0,25,0.0,1.0
15,confirmation,b1_mfiv,feature,log,25,-0.005580425363158904,-0.006998328185212457,0.00663130190100404,-0.008839460746314252,0.003321624696649528,4,21,0,25,0.16,0.84
15,confirmation,b1_risk_reversal_25,feature,raw,25,0.0008257142470999046,0.0006411670249565085,0.0008371667444980566,-0.00014315621747689944,0.0023557081642980953,24,1,0,25,0.96,0.04
15,confirmation,b1_smile_curvature,feature,raw,25,0.007197963474566864,0.007544949082898821,0.007197963474566864,0.00518362166864289,0.008140770759822892,25,0,0,25,1.0,0.0
15,confirmation,b1_smile_level,feature,log,25,0.10342991039941539,0.0935267514850394,0.10342991039941539,0.013645667718431932,0.1546394999342945,25,0,0,25,1.0,0.0
15,confirmation,b1_smile_slope,feature,raw,25,-0.019525862883311037,-0.019219967167375243,0.019525862883311037,-0.021429611871121575,-0.018471634527139763,0,25,0,25,0.0,1.0
15,confirmation,b1_term_convexity,feature,raw,25,-0.014042050423009954,-0.014267144834037498,0.014058209865036033,-0.019853574325584152,0.00011363431651946379,2,23,0,25,0.08,0.92
15,confirmation,b1_term_slope,feature,raw,25,-0.0015601501717941385,-7.802006587745456e-05,0.0018080885269325634,-0.00533673423121347,0.0007733772964801298,12,13,0,25,0.48,0.52
15,confirmation,b2_30m_buy_premium_share,feature,raw,25,-0.01728889297085164,-0.009241003530816068,0.017780019003912496,-0.038177753237723405,0.0015946015045161912,4,21,0,25,0.16,0.84
15,confirmation,b2_30m_contracts,feature,log,25,-0.19715849005534422,-0.1817499873433362,0.19715849005534422,-0.29524097275393807,-0.011390563556924362,0,25,0,25,0.0,1.0
15,confirmation,b2_30m_d_iv,feature,signed,25,-0.008544909934225083,-0.008430481648477761,0.008544909934225083,-0.009571369362954968,-0.008009838637673423,0,25,0,25,0.0,1.0
15,confirmation,b2_30m_d_mid_rel,feature,signed,25,-0.0034954211322285084,-0.004293760642109467,0.0037459367006921042,-0.004446913771749626,0.0008795972783243595,4,21,0,25,0.16,0.84
15,confirmation,b2_30m_d_spread,feature,signed,25,-0.009688303480118893,-0.009178158201197467,0.009688303480118893,-0.012589870182680735,-0.008741186023317851,0,25,0,25,0.0,1.0
15,confirmation,b2_30m_decay_intensity_innovation,feature,signed,25,-0.0008713641713699237,-0.0017219745799796349,0.002523600467322806,-0.002834639657543884,0.00521868078018817,4,21,0,25,0.16,0.84
15,confirmation,b2_30m_decay_intensity_last,feature,log,25,0.07035417547260722,0.0,0.07035417547260722,0.0,0.17729131520027436,12,0,13,12,0.48,0.0
15,confirmation,b2_30m_delta_flow,feature,signed,25,-0.0012428576660143313,-0.0011834503011178123,0.0012428576660143313,-0.0016969493702440697,-0.0008887708988819941,0,25,0,25,0.0,1.0
15,confirmation,b2_30m_gamma_flow,feature,signed,25,-0.0029393997841890398,-0.002857214606054193,0.0029393997841890398,-0.0037995327861253827,-0.0021986022637430916,0,25,0,25,0.0,1.0
15,confirmation,b2_30m_multileg_premium_share,feature,raw,25,0.0007851658299974608,0.0007457525183986099,0.0008812497862682293,-0.0005275973474349199,0.0025645406688775203,21,4,0,25,0.84,0.16
15,confirmation,b2_30m_multileg_size_share,feature,raw,25,-0.0059821029830180415,-0.005788152327633422,0.0059821029830180415,-0.007521045338630073,-0.005375113883535938,0,25,0,25,0.0,1.0
15,confirmation,b2_30m_otm_premium_share,feature,raw,25,0.00016578151433703278,0.0007743776256377002,0.001203214835524219,-0.003326188212550068,0.0011392770795684984,21,4,0,25,0.84,0.16
15,confirmation,b2_30m_passive_premium_share,feature,raw,25,-0.027529413888808096,-0.01482351654587868,0.027529413888808096,-0.05886338437881841,-0.0018211484934405337,0,25,0,25,0.0,1.0
15,confirmation,b2_30m_premium,feature,log,25,0.010021991927949414,0.010147612532781547,0.010021991927949414,0.008749358134747285,0.012074642512265902,25,0,0,25,1.0,0.0
15,confirmation,b2_30m_rate_per_second,feature,log,25,-0.04313772474051936,-0.055581600389335795,0.05174560913600779,-0.06020751091057182,0.02703395406926924,4,21,0,25,0.16,0.84
15,confirmation,b2_30m_sell_premium_share,feature,raw,25,-0.019036914175365884,-0.011389791913348482,0.019149442504239174,-0.040170900757370426,0.00040359821632566346,4,21,0,25,0.16,0.84
15,confirmation,b2_30m_size,feature,log,25,0.02198575199571497,0.0208740026544475,0.02198575199571497,0.009977976553042639,0.03096174007957548,25,0,0,25,1.0,0.0
15,confirmation,b2_30m_sweep_premium_share,feature,raw,25,0.0016662481667416595,0.0012217694778167115,0.0016662481667416595,0.0009858285863210221,0.004033535410601455,25,0,0,25,1.0,0.0
15,confirmation,b2_30m_trades,feature,log,25,0.0,0.0,0.0,0.0,0.0,0,0,25,0,0.0,0.0
15,confirmation,b2_30m_vega_flow,feature,signed,25,0.004593727829717355,0.004449848789749833,0.004593727829717355,0.003391853196981312,0.005878413578104555,25,0,0,25,1.0,0.0
15,confirmation,b2_30m_vega_flow_abs,feature,log,25,-0.021554876539480575,-0.02680057608403406,0.02444814757210352,-0.033978051655269736,0.00937226385203163,4,21,0,25,0.16,0.84
15,confirmation,b2_30m_vega_flow_call,feature,signed,25,-0.003109533722875467,-0.0035303489800147625,0.003109533722875467,-0.004373737887725901,-0.0010681038860468077,0,25,0,25,0.0,1.0
15,confirmation,b2_30m_vega_flow_long_dte,feature,signed,25,-0.0027075028746045334,-0.0028208513930269978,0.0027075028746045334,-0.0036397312006374665,-0.0005679853545736589,0,25,0,25,0.0,1.0
15,confirmation,b2_30m_vega_flow_put,feature,signed,25,0.00504427893783044,0.00517116276924691,0.00504427893783044,0.0038931093052106194,0.005608214796472768,25,0,0,25,1.0,0.0
15,confirmation,b2_30m_vega_flow_short_dte,feature,signed,25,0.003779944614844663,0.003666007505261579,0.003779944614844663,0.0034037755583261192,0.004424825478682273,25,0,0,25,1.0,0.0
15,confirmation,b2_30m_window_empty,feature,raw,25,-0.01698076373739019,0.0,0.018288778338988725,-0.2228290932079667,0.01635018251998168,1,5,19,6,0.04,0.2
15,confirmation,b2_30m_zero_dte_premium_share,feature,raw,25,-0.002150860400101928,-0.0016793874187679488,0.002150860400101928,-0.004129015147176075,-0.0010535173652523782,0,25,0,25,0.0,1.0
15,confirmation,b2_30m_zero_dte_signed_premium,feature,signed,25,0.0036368845089399843,0.0035559536378339043,0.0036368845089399843,0.0031875856245246535,0.004226213405953843,25,0,0,25,1.0,0.0
15,confirmation,b2_30m_zero_dte_trade_share,feature,raw,25,-0.016744710960377607,-0.018206080751701315,0.016744710960377607,-0.023222620792023627,-0.0054361852310681235,0,25,0,25,0.0,1.0
15,confirmation,b2_5m_buy_premium_share,feature,raw,25,0.2239708885656253,0.0010795099348605093,0.22487533418696193,-0.0011217490396604431,0.7338910912136769,14,11,0,25,0.56,0.44
15,confirmation,b2_5m_contract_entropy,feature,raw,25,0.009861282763041814,0.010153777695807458,0.009861282763041814,0.008208853427682109,0.011270128069482004,25,0,0,25,1.0,0.0
15,confirmation,b2_5m_contracts,feature,log,25,0.14836106613995514,0.1281881982612546,0.14836106613995514,0.016892405152043315,0.22743547673085493,25,0,0,25,1.0,0.0
15,confirmation,b2_5m_d_iv,feature,signed,25,0.001710178915277508,0.0016828781187948636,0.001710178915277508,0.0014229525691009152,0.0021206458990629447,25,0,0,25,1.0,0.0
15,confirmation,b2_5m_d_mid_rel,feature,signed,25,0.0018483136463838127,0.0019564155312125193,0.0018483136463838127,0.0012693868083719056,0.0022101588224965186,25,0,0,25,1.0,0.0
15,confirmation,b2_5m_d_spread,feature,signed,25,0.0028396145245658754,0.00278494903318762,0.0028396145245658754,0.0025173771859298673,0.0031900799399213788,25,0,0,25,1.0,0.0
15,confirmation,b2_5m_decay_intensity_innovation,feature,signed,25,-0.0037074629379113583,-0.004697520124355489,0.004592701450778127,-0.0057189265452767925,0.0027934487935068137,4,21,0,25,0.16,0.84
15,confirmation,b2_5m_decay_intensity_last,feature,log,25,0.08624230054808509,0.06359425760711632,0.08624230054808509,0.0,0.17867314579748678,13,0,12,13,0.52,0.0
15,confirmation,b2_5m_delta_flow,feature,signed,25,-0.0024105468077399218,-0.0024326686998926454,0.0024105468077399218,-0.0028672580481841595,-0.0019012666840620414,0,25,0,25,0.0,1.0
15,confirmation,b2_5m_expiry_hhi,feature,raw,25,-0.007092336380988091,-0.0070223804832278735,0.007092336380988091,-0.007687816697016113,-0.006618827956388797,0,25,0,25,0.0,1.0
15,confirmation,b2_5m_gamma_flow,feature,signed,25,-7.442930148751495e-05,-0.00011701968990473052,0.00019385748800002437,-0.00037058640305715455,0.00037965165263125476,6,19,0,25,0.24,0.76
15,confirmation,b2_5m_interarrival_cv,feature,raw,25,-0.005368871594823581,-0.007198447858301727,0.006830651675070821,-0.008033253938094714,0.004611287904651986,4,21,0,25,0.16,0.84
15,confirmation,b2_5m_multileg_premium_share,feature,raw,25,0.003120087788667095,0.002944597472112269,0.003120087788667095,0.0026265964688300665,0.00406449413107433,25,0,0,25,1.0,0.0
15,confirmation,b2_5m_multileg_size_share,feature,raw,25,-0.001441637990594249,-0.0012038785086068418,0.001441637990594249,-0.003244161081696159,-0.0006657422314167001,0,25,0,25,0.0,1.0
15,confirmation,b2_5m_otm_premium_share,feature,raw,25,-0.0008396680846056531,-0.00044072264172080844,0.0008396680846056531,-0.002622534912027489,-0.00012909017090317182,0,25,0,25,0.0,1.0
15,confirmation,b2_5m_passive_premium_share,feature,raw,25,0.2823698206522985,-0.004186636928691448,0.2893474086795553,-0.00649787345919743,0.9367092330020816,10,15,0,25,0.4,0.6
15,confirmation,b2_5m_premium,feature,log,25,0.030778514217072686,0.030267492214479046,0.030778514217072686,0.026955249728136135,0.03791860966075734,25,0,0,25,1.0,0.0
15,confirmation,b2_5m_rate_per_second,feature,log,25,0.039131750180417715,0.04659272215977266,0.039131750180417715,0.022157365093761646,0.05276747949620045,25,0,0,25,1.0,0.0
15,confirmation,b2_5m_sell_premium_share,feature,raw,25,0.22358480404362222,0.0030775890923766206,0.22358480404362222,0.0015845106728419312,0.7268501689247493,25,0,0,25,1.0,0.0
15,confirmation,b2_5m_size,feature,log,25,-0.001883729481606996,-0.0070121436225570434,0.010187417008890398,-0.008309899126961983,0.026001634733761447,4,21,0,25,0.16,0.84
15,confirmation,b2_5m_strike_hhi,feature,raw,25,0.010455365829662156,0.010994844636363299,0.010455365829662156,0.006175057873629443,0.011847805089566796,25,0,0,25,1.0,0.0
15,confirmation,b2_5m_sweep_premium_share,feature,raw,25,0.001571017804029847,0.0014930695996890455,0.001571017804029847,0.001249851864445857,0.0019559869876061026,25,0,0,25,1.0,0.0
15,confirmation,b2_5m_trades,feature,log,25,0.0,0.0,0.0,0.0,0.0,0,0,25,0,0.0,0.0
15,confirmation,b2_5m_vega_flow,feature,signed,25,0.0021500921486668867,0.002002639618412649,0.0021500921486668867,0.0016814293484045506,0.003133920174595899,25,0,0,25,1.0,0.0
15,confirmation,b2_5m_vega_flow_abs,feature,log,25,0.030491934771253577,0.03068556824246273,0.030491934771253577,0.027405999331960276,0.03398701174419323,25,0,0,25,1.0,0.0
15,confirmation,b2_5m_vega_flow_call,feature,signed,25,-0.0008360824145348365,-0.0007936644557355031,0.0008360824145348365,-0.001698963508845069,-0.0004282621277183491,0,25,0,25,0.0,1.0
15,confirmation,b2_5m_vega_flow_long_dte,feature,signed,25,-0.0005374595355689923,-0.0006216940957270504,0.0005374595355689923,-0.0008244361782311439,-3.538836688202516e-06,0,25,0,25,0.0,1.0
15,confirmation,b2_5m_vega_flow_put,feature,signed,25,0.003818560806227831,0.003787196354236174,0.003818560806227831,0.0035000963826221955,0.004191492387454587,25,0,0,25,1.0,0.0
15,confirmation,b2_5m_vega_flow_short_dte,feature,signed,25,-0.0008942131066450363,-0.0010668291026562937,0.0009101870916341508,-0.001302341451878054,0.00010945730809403358,3,22,0,25,0.12,0.88
15,confirmation,b2_5m_window_empty,feature,raw,25,0.07471762539872108,0.0,0.07471762539872108,0.0,0.5147113764296176,6,0,19,6,0.24,0.0
15,confirmation,b2_5m_zero_dte_premium_share,feature,raw,25,-0.001005428566045588,-0.0009055601781963092,0.001005428566045588,-0.0019912064257846603,-0.0004551567430199639,0,25,0,25,0.0,1.0
15,confirmation,b2_5m_zero_dte_signed_premium,feature,signed,25,0.0008308726227422243,0.0005541689000249102,0.0008308726227422243,0.00022580839133801058,0.002054190253469407,25,0,0,25,1.0,0.0
15,confirmation,b2_5m_zero_dte_trade_share,feature,raw,25,0.00306317560504424,0.003968661338852449,0.004388062251861166,-0.0042942344436318345,0.007600998166821191,21,4,0,25,0.84,0.16
15,confirmation,day_of_week,feature,raw,25,0.03301764208011572,0.03445551018381793,0.03301764208011572,0.024159885440441512,0.036026833881033685,25,0,0,25,1.0,0.0
15,confirmation,dollar_volume_30,feature,log,25,0.11180383444217508,0.11486372447867958,0.11180383444217508,0.031092655243021395,0.148345870110178,25,0,0,25,1.0,0.0
15,confirmation,intercept,intercept,identity,25,-12.239888470499208,-12.240911025826934,12.239888470499208,-12.244879767002747,-12.233515207975278,0,25,0,25,0.0,1.0
15,confirmation,jump_back_30,feature,log,25,0.0023383342129847094,0.0019444958787119939,0.0023383342129847094,0.001643836666445207,0.0033432985689054347,25,0,0,25,1.0,0.0
15,confirmation,log_rv_30m,feature,raw,25,0.1015344605351204,0.0,0.1015344605351204,0.0,0.4394457493203289,11,0,14,11,0.44,0.0
15,confirmation,log_rv_day,feature,raw,25,0.013590808819493991,0.0,0.013590808819493991,0.0,0.05674260889698425,8,0,17,8,0.32,0.0
15,confirmation,log_rv_session,feature,raw,25,0.1328424093980435,0.20131380241297728,0.1328424093980435,0.0,0.2041954886905897,17,0,8,17,0.68,0.0
15,confirmation,log_rv_week,feature,raw,25,0.02068924401538658,0.0,0.02068924401538658,0.0,0.05149265746199864,11,0,14,11,0.44,0.0
15,confirmation,minute_fraction,feature,raw,25,-0.123548376922733,0.0,0.123548376922733,-0.30500947222305225,0.0,0,12,13,12,0.0,0.48
15,confirmation,minute_fraction_sq,feature,raw,25,0.18595169833878303,0.21278315624574595,0.18595169833878303,0.04066184672792624,0.21887919609282963,25,0,0,25,1.0,0.0
15,confirmation,minutes_since_open,feature,raw,25,-0.13651564965258559,-0.06950124568851516,0.13651564965258559,-0.3064362675622754,0.0,0,13,12,13,0.0,0.52
15,confirmation,minutes_to_close,feature,raw,25,0.04650522061843529,0.046148737759891804,0.04650522061843529,0.038924866616386264,0.06361875902848968,25,0,0,25,1.0,0.0
15,confirmation,parkinson_30,feature,log,25,0.48854048182347,0.5324446981339143,0.48854048182347,0.24659760103784722,0.5388944991801421,25,0,0,25,1.0,0.0
15,confirmation,presence:b1_butterfly_25,presence,finite_presence_binary,25,-0.00130647603987815,0.0,0.00130647603987815,-0.00691750100347583,0.0,0,5,20,5,0.0,0.2
15,confirmation,presence:b1_iv_14d,presence,finite_presence_binary,25,0.0068080862663271145,0.0,0.0068080862663271145,0.0,0.17020215665817787,1,0,24,1,0.04,0.0
15,confirmation,presence:b1_iv_30d,presence,finite_presence_binary,25,0.007072330490366274,0.0,0.009544905614845705,-0.015476717277963067,0.06974824812261426,3,2,20,5,0.12,0.08
15,confirmation,presence:b1_iv_60d,presence,finite_presence_binary,25,0.016721196092453185,0.0,0.016721196092453185,0.0,0.1781217499506578,3,0,22,3,0.12,0.0
15,confirmation,presence:b1_iv_7d,presence,finite_presence_binary,25,0.0071520691673412195,0.0,0.0071520691673412195,0.0,0.1788017291835305,1,0,24,1,0.04,0.0
15,confirmation,presence:b1_iv_90d,presence,finite_presence_binary,25,0.024191215313900463,0.0,0.024191215313900463,0.0,0.179080940407809,4,0,21,4,0.16,0.0
15,confirmation,presence:b1_iv_minus_trailing_rv_30d,presence,finite_presence_binary,25,0.01668904042172986,0.0,0.01668904042172986,0.0,0.17745225346570953,3,0,22,3,0.12,0.0
15,confirmation,presence:b1_mfiv,presence,finite_presence_binary,25,-0.04143040379897395,-0.01575848820120108,0.06632387314673235,-0.13312437323048507,0.028738458143101664,11,14,0,25,0.44,0.56
15,confirmation,presence:b1_risk_reversal_25,presence,finite_presence_binary,25,-0.005924111390101117,-0.006641317730122081,0.005924111390101117,-0.010868613740256331,0.0,0,20,5,20,0.0,0.8
15,confirmation,presence:b1_smile_curvature,presence,finite_presence_binary,25,0.002743810652906573,0.0,0.002743810652906573,0.0,0.06859526632266433,1,0,24,1,0.04,0.0
15,confirmation,presence:b1_smile_level,presence,finite_presence_binary,25,0.007111663100737911,0.0,0.007111663100737911,0.0,0.17779157751844776,1,0,24,1,0.04,0.0
15,confirmation,presence:b1_smile_slope,presence,finite_presence_binary,25,0.002775630388648474,0.0,0.002775630388648474,0.0,0.06939075971621185,1,0,24,1,0.04,0.0
15,confirmation,presence:b1_term_convexity,presence,finite_presence_binary,25,0.0027411965618467982,0.0,0.0027411965618467982,0.0,0.06852991404616995,1,0,24,1,0.04,0.0
15,confirmation,presence:b1_term_slope,presence,finite_presence_binary,25,0.004921305900642315,0.0,0.006157354073986062,-0.015450602166796841,0.06962316703117309,2,1,22,3,0.08,0.04
15,confirmation,presence:b2_30m_buy_premium_share,presence,finite_presence_binary,25,0.012886883244662426,0.0,0.014191201847274015,-0.01630398253264486,0.22924670346336565,3,1,21,4,0.12,0.04
15,confirmation,presence:b2_30m_contracts,presence,finite_presence_binary,25,0.0,0.0,0.0,0.0,0.0,0,0,25,0,0.0,0.0
15,confirmation,presence:b2_30m_d_iv,presence,finite_presence_binary,25,0.010438745383496468,0.0,0.011744693017331654,-0.01632434542293981,0.22402727911364737,2,1,22,3,0.08,0.04
15,confirmation,presence:b2_30m_d_mid_rel,presence,finite_presence_binary,25,0.0,0.0,0.0,0.0,0.0,0,0,25,0,0.0,0.0
15,confirmation,presence:b2_30m_d_spread,presence,finite_presence_binary,25,0.0,0.0,0.0,0.0,0.0,0,0,25,0,0.0,0.0
15,confirmation,presence:b2_30m_decay_intensity_innovation,presence,finite_presence_binary,25,0.02269269495163176,0.0,0.02269269495163176,0.0,0.23088299884869912,4,0,21,4,0.16,0.0
15,confirmation,presence:b2_30m_decay_intensity_last,presence,finite_presence_binary,25,0.0,0.0,0.0,0.0,0.0,0,0,25,0,0.0,0.0
15,confirmation,presence:b2_30m_delta_flow,presence,finite_presence_binary,25,0.0,0.0,0.0,0.0,0.0,0,0,25,0,0.0,0.0
15,confirmation,presence:b2_30m_gamma_flow,presence,finite_presence_binary,25,0.0,0.0,0.0,0.0,0.0,0,0,25,0,0.0,0.0
15,confirmation,presence:b2_30m_multileg_premium_share,presence,finite_presence_binary,25,0.02016475905048855,0.0,0.02016475905048855,0.0,0.225873465319566,3,0,22,3,0.12,0.0
15,confirmation,presence:b2_30m_multileg_size_share,presence,finite_presence_binary,25,0.00892446061975722,0.0,0.00892446061975722,0.0,0.22311151549393052,1,0,24,1,0.04,0.0
15,confirmation,presence:b2_30m_otm_premium_share,presence,finite_presence_binary,25,0.008364647307014481,0.0,0.009668888215545145,-0.0163030113566333,0.2254191940319953,1,1,23,2,0.04,0.04
15,confirmation,presence:b2_30m_passive_premium_share,presence,finite_presence_binary,25,0.0,0.0,0.0,0.0,0.0,0,0,25,0,0.0,0.0
15,confirmation,presence:b2_30m_premium,presence,finite_presence_binary,25,0.0,0.0,0.0,0.0,0.0,0,0,25,0,0.0,0.0
15,confirmation,presence:b2_30m_rate_per_second,presence,finite_presence_binary,25,0.0,0.0,0.0,0.0,0.0,0,0,25,0,0.0,0.0
15,confirmation,presence:b2_30m_sell_premium_share,presence,finite_presence_binary,25,0.002194993294121075,0.0,0.002194993294121075,0.0,0.05487483235302687,1,0,24,1,0.04,0.0
15,confirmation,presence:b2_30m_size,presence,finite_presence_binary,25,0.0,0.0,0.0,0.0,0.0,0,0,25,0,0.0,0.0
15,confirmation,presence:b2_30m_sweep_premium_share,presence,finite_presence_binary,25,0.0,0.0,0.0,0.0,0.0,0,0,25,0,0.0,0.0
15,confirmation,presence:b2_30m_trades,presence,finite_presence_binary,25,0.0,0.0,0.0,0.0,0.0,0,0,25,0,0.0,0.0
15,confirmation,presence:b2_30m_vega_flow,presence,finite_presence_binary,25,0.0,0.0,0.0,0.0,0.0,0,0,25,0,0.0,0.0
15,confirmation,presence:b2_30m_vega_flow_abs,presence,finite_presence_binary,25,0.0,0.0,0.0,0.0,0.0,0,0,25,0,0.0,0.0
15,confirmation,presence:b2_30m_vega_flow_call,presence,finite_presence_binary,25,0.0,0.0,0.0,0.0,0.0,0,0,25,0,0.0,0.0
15,confirmation,presence:b2_30m_vega_flow_long_dte,presence,finite_presence_binary,25,0.0,0.0,0.0,0.0,0.0,0,0,25,0,0.0,0.0
15,confirmation,presence:b2_30m_vega_flow_put,presence,finite_presence_binary,25,0.0,0.0,0.0,0.0,0.0,0,0,25,0,0.0,0.0
15,confirmation,presence:b2_30m_vega_flow_short_dte,presence,finite_presence_binary,25,0.0,0.0,0.0,0.0,0.0,0,0,25,0,0.0,0.0
15,confirmation,presence:b2_30m_window_empty,presence,finite_presence_binary,25,0.0,0.0,0.0,0.0,0.0,0,0,25,0,0.0,0.0
15,confirmation,presence:b2_30m_zero_dte_premium_share,presence,finite_presence_binary,25,0.00931399730489842,0.0,0.00931399730489842,0.0,0.23284993262246048,1,0,24,1,0.04,0.0
15,confirmation,presence:b2_30m_zero_dte_signed_premium,presence,finite_presence_binary,25,0.0,0.0,0.0,0.0,0.0,0,0,25,0,0.0,0.0
15,confirmation,presence:b2_30m_zero_dte_trade_share,presence,finite_presence_binary,25,0.0,0.0,0.0,0.0,0.0,0,0,25,0,0.0,0.0
15,confirmation,presence:b2_5m_buy_premium_share,presence,finite_presence_binary,25,-0.06240565642063244,0.0,0.06240565642063244,-0.5139838521083933,0.0,0,5,20,5,0.0,0.2
15,confirmation,presence:b2_5m_contract_entropy,presence,finite_presence_binary,25,-0.010861347341239646,0.0,0.010861347341239646,-0.27153368353099117,0.0,0,1,24,1,0.0,0.04
15,confirmation,presence:b2_5m_contracts,presence,finite_presence_binary,25,0.0,0.0,0.0,0.0,0.0,0,0,25,0,0.0,0.0
15,confirmation,presence:b2_5m_d_iv,presence,finite_presence_binary,25,-0.03248724785130005,0.0,0.03248724785130005,-0.5151266153590045,0.0,0,3,22,3,0.0,0.12
15,confirmation,presence:b2_5m_d_mid_rel,presence,finite_presence_binary,25,0.0,0.0,0.0,0.0,0.0,0,0,25,0,0.0,0.0
15,confirmation,presence:b2_5m_d_spread,presence,finite_presence_binary,25,0.0,0.0,0.0,0.0,0.0,0,0,25,0,0.0,0.0
15,confirmation,presence:b2_5m_decay_intensity_innovation,presence,finite_presence_binary,25,0.0,0.0,0.0,0.0,0.0,0,0,25,0,0.0,0.0
15,confirmation,presence:b2_5m_decay_intensity_last,presence,finite_presence_binary,25,0.0,0.0,0.0,0.0,0.0,0,0,25,0,0.0,0.0
15,confirmation,presence:b2_5m_delta_flow,presence,finite_presence_binary,25,0.0,0.0,0.0,0.0,0.0,0,0,25,0,0.0,0.0
15,confirmation,presence:b2_5m_expiry_hhi,presence,finite_presence_binary,25,0.0,0.0,0.0,0.0,0.0,0,0,25,0,0.0,0.0
15,confirmation,presence:b2_5m_gamma_flow,presence,finite_presence_binary,25,0.0,0.0,0.0,0.0,0.0,0,0,25,0,0.0,0.0
15,confirmation,presence:b2_5m_interarrival_cv,presence,finite_presence_binary,25,0.0,0.0,0.0,0.0,0.0,0,0,25,0,0.0,0.0
15,confirmation,presence:b2_5m_multileg_premium_share,presence,finite_presence_binary,25,0.0,0.0,0.0,0.0,0.0,0,0,25,0,0.0,0.0
15,confirmation,presence:b2_5m_multileg_size_share,presence,finite_presence_binary,25,-0.020092102907161614,0.0,0.020092102907161614,-0.4783002783416963,0.0,0,2,23,2,0.0,0.08
15,confirmation,presence:b2_5m_otm_premium_share,presence,finite_presence_binary,25,0.0,0.0,0.0,0.0,0.0,0,0,25,0,0.0,0.0
15,confirmation,presence:b2_5m_passive_premium_share,presence,finite_presence_binary,25,0.0,0.0,0.0,0.0,0.0,0,0,25,0,0.0,0.0
15,confirmation,presence:b2_5m_premium,presence,finite_presence_binary,25,0.0,0.0,0.0,0.0,0.0,0,0,25,0,0.0,0.0
15,confirmation,presence:b2_5m_rate_per_second,presence,finite_presence_binary,25,0.0,0.0,0.0,0.0,0.0,0,0,25,0,0.0,0.0
15,confirmation,presence:b2_5m_sell_premium_share,presence,finite_presence_binary,25,0.0,0.0,0.0,0.0,0.0,0,0,25,0,0.0,0.0
15,confirmation,presence:b2_5m_size,presence,finite_presence_binary,25,0.0,0.0,0.0,0.0,0.0,0,0,25,0,0.0,0.0
15,confirmation,presence:b2_5m_strike_hhi,presence,finite_presence_binary,25,-0.01086093224553416,0.0,0.01086093224553416,-0.27152330613835396,0.0,0,1,24,1,0.0,0.04
15,confirmation,presence:b2_5m_sweep_premium_share,presence,finite_presence_binary,25,0.0,0.0,0.0,0.0,0.0,0,0,25,0,0.0,0.0
15,confirmation,presence:b2_5m_trades,presence,finite_presence_binary,25,0.0,0.0,0.0,0.0,0.0,0,0,25,0,0.0,0.0
15,confirmation,presence:b2_5m_vega_flow,presence,finite_presence_binary,25,0.0,0.0,0.0,0.0,0.0,0,0,25,0,0.0,0.0
15,confirmation,presence:b2_5m_vega_flow_abs,presence,finite_presence_binary,25,0.0,0.0,0.0,0.0,0.0,0,0,25,0,0.0,0.0
15,confirmation,presence:b2_5m_vega_flow_call,presence,finite_presence_binary,25,0.0,0.0,0.0,0.0,0.0,0,0,25,0,0.0,0.0
15,confirmation,presence:b2_5m_vega_flow_long_dte,presence,finite_presence_binary,25,0.0,0.0,0.0,0.0,0.0,0,0,25,0,0.0,0.0
15,confirmation,presence:b2_5m_vega_flow_put,presence,finite_presence_binary,25,0.0,0.0,0.0,0.0,0.0,0,0,25,0,0.0,0.0
15,confirmation,presence:b2_5m_vega_flow_short_dte,presence,finite_presence_binary,25,0.0,0.0,0.0,0.0,0.0,0,0,25,0,0.0,0.0
15,confirmation,presence:b2_5m_window_empty,presence,finite_presence_binary,25,0.0,0.0,0.0,0.0,0.0,0,0,25,0,0.0,0.0
15,confirmation,presence:b2_5m_zero_dte_premium_share,presence,finite_presence_binary,25,-0.11344338069995336,0.0,0.11344338069995336,-0.5145836174647451,0.0,0,7,18,7,0.0,0.28
15,confirmation,presence:b2_5m_zero_dte_signed_premium,presence,finite_presence_binary,25,0.0,0.0,0.0,0.0,0.0,0,0,25,0,0.0,0.0
15,confirmation,presence:b2_5m_zero_dte_trade_share,presence,finite_presence_binary,25,0.0,0.0,0.0,0.0,0.0,0,0,25,0,0.0,0.0
15,confirmation,presence:rp4_dealer_gamma_near_spot,presence,finite_presence_binary,25,0.0,0.0,0.0,0.0,0.0,0,0,25,0,0.0,0.0
15,confirmation,presence:rp4_dealer_gamma_net,presence,finite_presence_binary,25,-0.0006172163597667964,0.0,0.0006172163597667964,-0.01543040899416991,0.0,0,1,24,1,0.0,0.04
15,confirmation,presence:rp4_dealer_max_gamma_distance,presence,finite_presence_binary,25,0.0,0.0,0.0,0.0,0.0,0,0,25,0,0.0,0.0
15,confirmation,presence:rp4_gamma_imb_near_short,presence,finite_presence_binary,25,0.0069593940218187446,0.0,0.0069593940218187446,0.0,0.060875681880700874,3,0,22,3,0.12,0.0
15,confirmation,presence:rp4_gamma_imb_near_spot,presence,finite_presence_binary,25,0.013403669178690111,0.0,0.014527310449421411,-0.014045515884141234,0.0610207815553972,6,1,18,7,0.24,0.04
15,confirmation,presence:rp4_gamma_imb_signed_trades,presence,finite_presence_binary,25,0.010996200026826122,0.0,0.012123598467225412,-0.014092480504991135,0.06094466660289684,5,1,19,6,0.2,0.04
15,confirmation,presence:rp4_gamma_imb_total,presence,finite_presence_binary,25,0.014361509069438266,0.0,0.0166102735176638,-0.014064282330676114,0.060958273228698845,7,2,16,9,0.28,0.08
15,confirmation,presence:rp4_iv_dte_0_1_m_090_097,presence,finite_presence_binary,25,-0.0028444495371323136,-0.00608537841260102,0.007665951053406141,-0.011791026174868149,0.007680676804107414,10,15,0,25,0.4,0.6
15,confirmation,presence:rp4_iv_dte_0_1_m_097_103,presence,finite_presence_binary,25,-0.006934919692442937,-0.010024976520849379,0.00983908297369079,-0.016126145134404243,0.005115459005801289,10,15,0,25,0.4,0.6
15,confirmation,presence:rp4_iv_dte_0_1_m_103_110,presence,finite_presence_binary,25,0.01192288932624523,0.005706509271496788,0.01192288932624523,0.0030355226585427266,0.02406400680593757,25,0,0,25,1.0,0.0
15,confirmation,presence:rp4_iv_dte_0_1_m_gt110,presence,finite_presence_binary,25,0.013735566908108364,0.008492203838700857,0.013735566908108364,0.007668083705284143,0.023139203463588116,25,0,0,25,1.0,0.0
15,confirmation,presence:rp4_iv_dte_0_1_m_lt090,presence,finite_presence_binary,25,0.01147056707773177,0.005338870403244084,0.01147056707773177,0.0041051387837687395,0.022689426774265883,25,0,0,25,1.0,0.0
15,confirmation,presence:rp4_iv_dte_2_7_m_090_097,presence,finite_presence_binary,25,0.00030884798585773747,-0.0008570442855636008,0.003906713944894902,-0.005242065661201468,0.00587436643751615,10,15,0,25,0.4,0.6
15,confirmation,presence:rp4_iv_dte_2_7_m_097_103,presence,finite_presence_binary,25,0.013433220740436848,0.009864333910621291,0.013883636822756897,-0.0015030261096666043,0.027034897317023562,21,4,0,25,0.84,0.16
15,confirmation,presence:rp4_iv_dte_2_7_m_103_110,presence,finite_presence_binary,25,0.0038126118546733413,0.004041547539478292,0.004456557902627851,-0.001437357955153558,0.009453664621813794,16,9,0,25,0.64,0.36
15,confirmation,presence:rp4_iv_dte_2_7_m_gt110,presence,finite_presence_binary,25,-0.0025347450784883384,-0.008434982947231625,0.008621506964929264,-0.009842169583727656,0.008640629461615233,10,15,0,25,0.4,0.6
15,confirmation,presence:rp4_iv_dte_2_7_m_lt090,presence,finite_presence_binary,25,0.0037603397458097487,0.00023454650820384175,0.006601860624969785,-0.0035211159062792587,0.013613548500844615,14,11,0,25,0.56,0.44
15,confirmation,presence:rp4_iv_dte_31_90_m_090_097,presence,finite_presence_binary,25,-0.0049858233346886105,-0.007338909505038668,0.0049858233346886105,-0.008810004331721275,-0.0003017510681429516,0,25,0,25,0.0,1.0
15,confirmation,presence:rp4_iv_dte_31_90_m_097_103,presence,finite_presence_binary,25,-0.012609605617359434,-0.013441044442508803,0.012609605617359434,-0.017853650823411293,-0.007814895772982755,0,25,0,25,0.0,1.0
15,confirmation,presence:rp4_iv_dte_31_90_m_103_110,presence,finite_presence_binary,25,0.004375525543504769,0.0028930849990054957,0.005894421368857613,-0.004796657466878134,0.010542953608330475,21,4,0,25,0.84,0.16
15,confirmation,presence:rp4_iv_dte_31_90_m_gt110,presence,finite_presence_binary,25,-0.0024090781440636506,-0.003603345827795986,0.00344548688475517,-0.005488242781171629,0.0016858864473783914,10,15,0,25,0.4,0.6
15,confirmation,presence:rp4_iv_dte_31_90_m_lt090,presence,finite_presence_binary,25,-0.004701224560177263,-0.007207972354093734,0.004701224560177263,-0.008210093718802847,-0.00018789768953913143,0,25,0,25,0.0,1.0
15,confirmation,presence:rp4_iv_dte_8_30_m_090_097,presence,finite_presence_binary,25,-0.024426070148574702,-0.022006413128578598,0.024426070148574702,-0.029375313396260778,-0.01918370968796994,0,25,0,25,0.0,1.0
15,confirmation,presence:rp4_iv_dte_8_30_m_097_103,presence,finite_presence_binary,25,0.030122722927483286,0.007572722288498681,0.03607128199898775,-0.018598449333224285,0.07589146207434852,21,4,0,25,0.84,0.16
15,confirmation,presence:rp4_iv_dte_8_30_m_103_110,presence,finite_presence_binary,25,-0.019479874860317888,-0.01826361612402701,0.019479874860317888,-0.022185744838260926,-0.017148255533375106,0,25,0,25,0.0,1.0
15,confirmation,presence:rp4_iv_dte_8_30_m_gt110,presence,finite_presence_binary,25,0.001451152084959408,-0.000790547941420273,0.003242139221092817,-0.0020062434774937446,0.006186750893184059,10,15,0,25,0.4,0.6
15,confirmation,presence:rp4_iv_dte_8_30_m_lt090,presence,finite_presence_binary,25,-0.003976528059214949,-0.006381353672689267,0.00417210494362938,-0.007207838244109801,0.000463677967884417,7,18,0,25,0.28,0.72
15,confirmation,presence:rp4_iv_dte_gt90_m_090_097,presence,finite_presence_binary,25,-2.4757303157804182e-05,-0.0023927645324079653,0.003333198175362325,-0.003573461766400676,0.004480532110707969,10,15,0,25,0.4,0.6
15,confirmation,presence:rp4_iv_dte_gt90_m_097_103,presence,finite_presence_binary,25,0.007835282753968916,0.00643098639406069,0.008569907232285118,-0.0023494729906329654,0.013943208289352626,21,4,0,25,0.84,0.16
15,confirmation,presence:rp4_iv_dte_gt90_m_103_110,presence,finite_presence_binary,25,-2.5812143298343284e-05,-0.002276681791014432,0.003242048760394646,-0.003709082728349879,0.004442920727990769,10,15,0,25,0.4,0.6
15,confirmation,presence:rp4_iv_dte_gt90_m_gt110,presence,finite_presence_binary,25,0.0008940116530101213,-0.0006193226802865657,0.004122928304263405,-0.008359037682967212,0.006578136647951377,10,15,0,25,0.4,0.6
15,confirmation,presence:rp4_iv_dte_gt90_m_lt090,presence,finite_presence_binary,25,-0.005289622995758665,-0.007463145581208185,0.005290419303931373,-0.011684963308543201,9.953852158857883e-06,1,24,0,25,0.04,0.96
15,confirmation,presence:rp4_surface_populated_cells,presence,finite_presence_binary,25,0.0,0.0,0.0,0.0,0.0,0,0,25,0,0.0,0.0
15,confirmation,ret_30,feature,raw,25,0.021682904264497656,0.022523193056818512,0.021682904264497656,0.016391864566442572,0.023880172934471904,25,0,0,25,1.0,0.0
15,confirmation,ret_5,feature,raw,25,-0.01141354457095265,-0.011497794577406737,0.01141354457095265,-0.01182550682584879,-0.01070013818736516,0,25,0,25,0.0,1.0
15,confirmation,rp4_dealer_gamma_near_spot,feature,signed,25,-0.018230996364989312,-0.01847427006489495,0.018230996364989312,-0.018966033973368875,-0.016733636624080932,0,25,0,25,0.0,1.0
15,confirmation,rp4_dealer_gamma_net,feature,signed,25,-0.0076797396040628714,-0.007627351009845291,0.0076797396040628714,-0.008897318872481637,-0.007109476632714477,0,25,0,25,0.0,1.0
15,confirmation,rp4_dealer_max_gamma_distance,feature,raw,25,-0.0031933127103529937,-0.0034845538579808275,0.0031933127103529937,-0.004005061928629427,-0.0011003561347801465,0,25,0,25,0.0,1.0
15,confirmation,rp4_gamma_imb_near_short,feature,signed_log1p,25,-0.0019458440773232396,-0.0017906799165281668,0.0019458440773232396,-0.0028444625174134735,-0.0009389982090767647,0,25,0,25,0.0,1.0
15,confirmation,rp4_gamma_imb_near_spot,feature,signed_log1p,25,0.005142714681410666,0.0051423133250090595,0.005142714681410666,0.004846777046273187,0.005778723951187193,25,0,0,25,1.0,0.0
15,confirmation,rp4_gamma_imb_signed_trades,feature,log1p_count,25,-0.014830185883147834,-0.015007384192956327,0.014830185883147834,-0.021821912207180952,-0.010306739570470643,0,25,0,25,0.0,1.0
15,confirmation,rp4_gamma_imb_total,feature,signed_log1p,25,-0.0003444863068047819,-0.000449541602802659,0.000542827679288495,-0.0008544719099094795,0.0006526478476672576,4,21,0,25,0.16,0.84
15,confirmation,rp4_iv_dte_0_1_m_090_097,feature,log,25,-0.007025500667743179,-0.0073151783981220036,0.007025500667743179,-0.00854753598626886,-0.004619604837654128,0,25,0,25,0.0,1.0
15,confirmation,rp4_iv_dte_0_1_m_097_103,feature,log,25,0.014533491848632854,0.014493986251492393,0.014533491848632854,0.013914447663052465,0.015362897551833602,25,0,0,25,1.0,0.0
15,confirmation,rp4_iv_dte_0_1_m_103_110,feature,log,25,-0.0063240938714786525,-0.006351922044391172,0.0063240938714786525,-0.007616678294937117,-0.0049724111008860065,0,25,0,25,0.0,1.0
15,confirmation,rp4_iv_dte_0_1_m_gt110,feature,log,25,0.002371133011228268,0.0024234664565031365,0.002371133011228268,0.0006580800142712072,0.0033142923842128997,25,0,0,25,1.0,0.0
15,confirmation,rp4_iv_dte_0_1_m_lt090,feature,log,25,-0.004869871685792241,-0.004884954416375181,0.004869871685792241,-0.00534392008292596,-0.004467637483824772,0,25,0,25,0.0,1.0
15,confirmation,rp4_iv_dte_2_7_m_090_097,feature,log,25,0.0017369221236624459,0.0015206869551978907,0.0018537526317868843,-0.0007040628498630819,0.00568610266327369,22,3,0,25,0.88,0.12
15,confirmation,rp4_iv_dte_2_7_m_097_103,feature,log,25,0.034972142336648436,0.036866958365648524,0.034972142336648436,0.02125963094704496,0.040319799379754676,25,0,0,25,1.0,0.0
15,confirmation,rp4_iv_dte_2_7_m_103_110,feature,log,25,-0.007947996857535639,-0.009799654708044923,0.0090843168255467,-0.011630482539458021,0.0036456515135250174,4,21,0,25,0.16,0.84
15,confirmation,rp4_iv_dte_2_7_m_gt110,feature,log,25,0.0008540004403988577,0.0012075703105636532,0.001151519200182842,-0.0009873586838907132,0.0018724585021844293,21,4,0,25,0.84,0.16
15,confirmation,rp4_iv_dte_2_7_m_lt090,feature,log,25,0.005382465111171175,0.0055225546543347295,0.005382465111171175,0.003691505991386818,0.006410995455177098,25,0,0,25,1.0,0.0
15,confirmation,rp4_iv_dte_31_90_m_090_097,feature,log,25,0.018295239016614135,0.018695950498628055,0.018295239016614135,0.013454084505859549,0.02037321396898746,25,0,0,25,1.0,0.0
15,confirmation,rp4_iv_dte_31_90_m_097_103,feature,log,25,-0.0019310488017125966,-0.0027790252608986734,0.003340448143371198,-0.004650320849925632,0.004439800795212809,4,21,0,25,0.16,0.84
15,confirmation,rp4_iv_dte_31_90_m_103_110,feature,log,25,-0.012436390449726987,-0.014677604506434565,0.012631610931508379,-0.016404878985387852,0.0007051863250194523,4,21,0,25,0.16,0.84
15,confirmation,rp4_iv_dte_31_90_m_gt110,feature,log,25,-0.0001939310057328213,-0.00026406488495415157,0.00043240833457923607,-0.0008231228490837251,0.0007672440464686137,7,18,0,25,0.28,0.72
15,confirmation,rp4_iv_dte_31_90_m_lt090,feature,log,25,0.0027754316100107846,0.0027089849512758873,0.0027754316100107846,0.0019839566284098227,0.003864883073923652,25,0,0,25,1.0,0.0
15,confirmation,rp4_iv_dte_8_30_m_090_097,feature,log,25,0.007366730107393708,0.007411636255379753,0.007366730107393708,0.006277964036285211,0.008452298714537374,25,0,0,25,1.0,0.0
15,confirmation,rp4_iv_dte_8_30_m_097_103,feature,log,25,0.019253630120393925,0.020948831529068512,0.019253630120393925,0.010103765329022846,0.02165457693504183,25,0,0,25,1.0,0.0
15,confirmation,rp4_iv_dte_8_30_m_103_110,feature,log,25,-0.018022078839755797,-0.020031841323313482,0.018022078839755797,-0.021850665022518926,-0.00558815036394851,0,25,0,25,0.0,1.0
15,confirmation,rp4_iv_dte_8_30_m_gt110,feature,log,25,-0.0017454999434678004,-0.0009879012086923239,0.001779045231180012,-0.006577117427982666,0.00041931609640264773,1,24,0,25,0.04,0.96
15,confirmation,rp4_iv_dte_8_30_m_lt090,feature,log,25,0.0010194761647303336,0.0012542237267558175,0.0011417838936687494,-0.0005258305218709308,0.0019894773041231337,21,4,0,25,0.84,0.16
15,confirmation,rp4_iv_dte_gt90_m_090_097,feature,log,25,-2.2119323561217674e-05,-0.0003452281205118188,0.0006303236695411914,-0.0007887853466872996,0.0019621870648717623,4,21,0,25,0.16,0.84
15,confirmation,rp4_iv_dte_gt90_m_097_103,feature,log,25,0.0029370627253209477,0.0023768562964331026,0.0029370627253209477,0.001840897338924581,0.006001296759522944,25,0,0,25,1.0,0.0
15,confirmation,rp4_iv_dte_gt90_m_103_110,feature,log,25,-0.015354878170615451,-0.01727523681395289,0.015354878170615451,-0.01803386280814674,-0.004847302061045606,0,25,0,25,0.0,1.0
15,confirmation,rp4_iv_dte_gt90_m_gt110,feature,log,25,-0.014238696872248198,-0.01584424568387136,0.014238696872248198,-0.01685028837530133,-0.004601441969769839,0,25,0,25,0.0,1.0
15,confirmation,rp4_iv_dte_gt90_m_lt090,feature,log,25,-0.001878244081808893,-0.0019081870205643295,0.001878244081808893,-0.0020932837541522073,-0.0016104642722745365,0,25,0,25,0.0,1.0
15,confirmation,rp4_surface_populated_cells,feature,raw,25,-0.03485176950665569,0.00028592453806178004,0.03574111518294433,-0.09216338561984262,0.00161144740135393,15,10,0,25,0.6,0.4
15,confirmation,rq_attenuation,feature,raw,25,0.036810802196082834,0.03871680277147518,0.036810802196082834,0.02170562356304205,0.04912380383525037,25,0,0,25,1.0,0.0
15,confirmation,rq_back_30,feature,log,25,0.009224267553848847,0.05249403740246538,0.07262900273615379,-0.09196054033144346,0.07706108722928103,15,10,0,25,0.6,0.4
15,confirmation,rs_down_back_30,feature,log,25,-0.18260752116669557,-0.20931507891091936,0.18490071722381504,-0.2315738163756005,0.007260401817642169,4,21,0,25,0.16,0.84
15,confirmation,rs_up_back_30,feature,log,25,-0.18664238785823453,-0.21416685569234736,0.18963454318930226,-0.23904593237927493,0.009499588698124232,4,21,0,25,0.16,0.84
15,confirmation,rv_back_15,feature,log,25,0.06152900668768664,0.06142386313905143,0.06152900668768664,0.059769876091373506,0.06295025903134939,25,0,0,25,1.0,0.0
15,confirmation,rv_back_30,feature,log,25,0.1733569098561613,0.2152301800598356,0.1733569098561613,0.0,0.4427751245909673,14,0,11,14,0.56,0.0
15,confirmation,rv_back_5,feature,log,25,0.01302331421356248,0.011769405326477349,0.01302331421356248,0.010215887498480321,0.02300755407194742,25,0,0,25,1.0,0.0
15,confirmation,rv_prev_day,feature,log,25,0.02929040019617546,0.04037584762223311,0.02929040019617546,0.0,0.05598099738550742,17,0,8,17,0.68,0.0
15,confirmation,rv_session_to_date,feature,log,25,0.060299494828282965,0.0,0.060299494828282965,0.0,0.20430881674392629,8,0,17,8,0.32,0.0
15,confirmation,rv_week,feature,log,25,0.02603718893598962,0.04452422115167001,0.02603718893598962,0.0,0.051579808421020876,14,0,11,14,0.56,0.0
15,confirmation,volume_30,feature,log,25,-0.13466083132143497,-0.14536842387384685,0.13525169797102887,-0.18690770580952584,0.001981056446942043,4,21,0,25,0.16,0.84
15,primary,QQQ_ret_30,feature,raw,419,-0.03221794968105019,-0.03320823846421198,0.03221794968105019,-0.05001582520431353,-0.011717520223150453,0,419,0,419,0.0,1.0
15,primary,QQQ_rv_30,feature,log,419,0.025257618932064407,0.01883846765639829,0.027373132717945323,-0.012829491746541527,0.1108624498307719,326,93,0,419,0.7780429594272077,0.22195704057279236
15,primary,SPY_ret_30,feature,raw,419,-0.006471490135008262,-0.010910181824539476,0.01124761897330079,-0.020778663728821093,0.020568022293012828,110,309,0,419,0.26252983293556087,0.7374701670644391
15,primary,SPY_rv_30,feature,log,419,0.05859597535381342,0.06304054804145066,0.06119700723387625,-0.04542742269929462,0.09750216480139198,392,27,0,419,0.9355608591885441,0.06443914081145585
15,primary,asset_effect:AMZN,feature,raw,419,0.014474906849641412,0.011157188068884728,0.0145646615686953,-0.008628951997303113,0.04883022495486028,414,5,0,419,0.9880668257756563,0.011933174224343675
15,primary,asset_effect:META,feature,raw,419,-0.029432135103433656,-0.036442275757358734,0.04108478733134257,-0.07950061934325608,0.0447179195752179,92,327,0,419,0.21957040572792363,0.7804295942720764
15,primary,asset_effect:MSFT,feature,raw,419,0.00040962533085806056,-0.004779907736082212,0.014619556970659102,-0.022525883957916975,0.06491687081583072,169,250,0,419,0.4033412887828162,0.5966587112171837
15,primary,asset_effect:NVDA,feature,raw,419,-0.057292250006476156,-0.0452380021083383,0.057292250006476156,-0.15030973503707112,-0.021092767623079604,0,419,0,419,0.0,1.0
15,primary,asset_effect:TSLA,feature,raw,419,-0.09117392431949436,-0.10213651159471819,0.09122344201916555,-0.1812660140257195,0.002552543541481439,5,414,0,419,0.011933174224343675,0.9880668257756563
15,primary,b1_butterfly_25,feature,raw,419,0.0007664667746129588,0.000974565673183248,0.0017395412304785013,-0.0052297340458199665,0.008845714901933591,293,126,0,419,0.6992840095465394,0.30071599045346065
15,primary,b1_iv_14d,feature,log,419,-0.016227510859923962,-0.015398521407480957,0.01658401377998934,-0.036413933717339524,0.014538970321837062,17,402,0,419,0.0405727923627685,0.9594272076372315
15,primary,b1_iv_30d,feature,log,419,-0.10570538387760625,-0.10189667961043573,0.10807578388762493,-0.43283509504790624,0.010447980205682283,61,358,0,419,0.14558472553699284,0.8544152744630071
15,primary,b1_iv_60d,feature,log,419,0.03634738373369164,0.039308767771366826,0.03634738373369164,0.006152880980921735,0.07777324987788561,419,0,0,419,1.0,0.0
15,primary,b1_iv_7d,feature,log,419,0.03661248232250034,0.037767332546635245,0.037283350252052115,-0.014228413332834585,0.09130267162681144,402,17,0,419,0.9594272076372315,0.0405727923627685
15,primary,b1_iv_90d,feature,log,419,0.12511871254892046,0.1298337815742973,0.12511871254892046,0.018265399183015917,0.2876348104815254,419,0,0,419,1.0,0.0
15,primary,b1_iv_minus_trailing_rv_30d,feature,signed,419,-0.02753223263934431,-0.02515665078912634,0.02753223263934431,-0.05112677579651927,-0.00929539058990161,0,419,0,419,0.0,1.0
15,primary,b1_mfiv,feature,log,419,-0.010391587392969519,-0.010241654391437045,0.01106472394444974,-0.028985345793244584,0.004720205788152481,46,373,0,419,0.10978520286396182,0.8902147971360382
15,primary,b1_risk_reversal_25,feature,raw,419,0.001686241262125386,0.0007948536451059745,0.00864843125860428,-0.016169826824864862,0.041017585400042945,233,186,0,419,0.5560859188544153,0.4439140811455847
15,primary,b1_smile_curvature,feature,raw,419,0.0063119887249553485,0.006095021976719668,0.006315338927047272,-0.0003734532262391784,0.018482776287417995,415,4,0,419,0.9904534606205251,0.00954653937947494
15,primary,b1_smile_level,feature,log,419,0.09953243132363036,0.09497106557947228,0.09953243132363036,0.004739630989330704,0.3717037518267783,419,0,0,419,1.0,0.0
15,primary,b1_smile_slope,feature,raw,419,-0.018117638866198455,-0.01852726205215189,0.018117638866198455,-0.027091428334178096,-0.0007227301580117238,0,419,0,419,0.0,1.0
15,primary,b1_term_convexity,feature,raw,419,-0.006080671348389915,-0.010985556864267882,0.011624166565324025,-0.022268702266560015,0.022984023144717477,126,293,0,419,0.30071599045346065,0.6992840095465394
15,primary,b1_term_slope,feature,raw,419,-0.010871118136376758,-0.009564677064661995,0.011449679479906444,-0.04906118529846157,0.02652790434427276,36,383,0,419,0.08591885441527446,0.9140811455847255
15,primary,b2_30m_buy_premium_share,feature,raw,419,0.02413091055276499,0.0065217394578926365,0.036771349802039305,-0.046133126451557094,0.23758507948732022,271,148,0,419,0.6467780429594272,0.3532219570405728
15,primary,b2_30m_contracts,feature,log,419,-0.14878457551625945,-0.1065982853061075,0.1496179900867662,-0.44714476696141825,0.013900650430064977,28,391,0,419,0.06682577565632458,0.9331742243436754
15,primary,b2_30m_d_iv,feature,signed,419,-0.014969563233559233,-0.01522073813863303,0.014969563233559233,-0.032573517972788034,-0.007828358775002821,0,419,0,419,0.0,1.0
15,primary,b2_30m_d_mid_rel,feature,signed,419,-0.0029646458683655953,-0.0037977174474146196,0.0034381778391194334,-0.006808460314010619,0.007178111222597362,67,352,0,419,0.15990453460620524,0.8400954653937948
15,primary,b2_30m_d_spread,feature,signed,419,-0.004289101169033874,-0.004127775983425482,0.00436045336351668,-0.011017076358837035,0.0035462575507087387,20,399,0,419,0.0477326968973747,0.9522673031026253
15,primary,b2_30m_decay_intensity_innovation,feature,signed,419,-0.00024146577562501192,-0.0010830092060896959,0.00235913905170965,-0.007002077383263091,0.011444189659479423,120,299,0,419,0.2863961813842482,0.7136038186157518
15,primary,b2_30m_decay_intensity_last,feature,log,419,0.06057215520469379,0.0,0.06057215520469379,0.0,0.21227201987678468,197,0,222,197,0.4701670644391408,0.0
15,primary,b2_30m_delta_flow,feature,signed,419,-0.002355862784753895,-0.0023039234106273497,0.002572779402827378,-0.00949095589747119,0.002748725860173995,42,377,0,419,0.10023866348448687,0.8997613365155132
15,primary,b2_30m_gamma_flow,feature,signed,419,-0.0037806184294600096,-0.003191138021047118,0.0037806184294600096,-0.017438924627451974,-3.0207348802583964e-05,0,419,0,419,0.0,1.0
15,primary,b2_30m_multileg_premium_share,feature,raw,419,0.004078623923578804,0.0036599223435755794,0.004507890430106028,-0.009382156217448907,0.01113336654773189,388,31,0,419,0.9260143198090692,0.07398568019093078
15,primary,b2_30m_multileg_size_share,feature,raw,419,-0.00785223783521795,-0.007582035399753521,0.00785223783521795,-0.013531568987857023,-0.002150766212192492,0,419,0,419,0.0,1.0
15,primary,b2_30m_otm_premium_share,feature,raw,419,-0.00016599049871584027,4.2015358063997265e-05,0.001849682544784141,-0.008418705387237697,0.0065689693966860235,213,206,0,419,0.5083532219570406,0.4916467780429594
15,primary,b2_30m_passive_premium_share,feature,raw,419,0.0332679180104257,0.0056040371736677886,0.05304656011070333,-0.06768696561810728,0.34069311105230865,227,192,0,419,0.5417661097852029,0.45823389021479716
15,primary,b2_30m_premium,feature,log,419,0.00792403965935614,0.005463811628108803,0.010502315330804486,-0.015318021065314604,0.04438058147681848,300,119,0,419,0.7159904534606205,0.2840095465393795
15,primary,b2_30m_rate_per_second,feature,log,419,-0.014942637768891745,0.0,0.03737498154175434,-0.09425929222359004,0.1155458074223594,128,179,112,307,0.3054892601431981,0.42720763723150357
15,primary,b2_30m_sell_premium_share,feature,raw,419,0.02644782566238866,0.011315900148860886,0.03944970318002906,-0.047334915601622,0.23699186389600424,300,119,0,419,0.7159904534606205,0.2840095465393795
15,primary,b2_30m_size,feature,log,419,0.0315451540989209,0.02750170972241367,0.0315451540989209,0.0025354735320607114,0.07837721536115583,419,0,0,419,1.0,0.0
15,primary,b2_30m_sweep_premium_share,feature,raw,419,-0.0022648679846213296,-0.0023321648656345916,0.0028961312989244283,-0.009329410888720451,0.003608714428169642,98,321,0,419,0.23389021479713604,0.766109785202864
15,primary,b2_30m_trades,feature,log,419,0.011601976621052178,0.0,0.011601976621052178,0.0,0.11297056248740703,112,0,307,112,0.26730310262529833,0.0
15,primary,b2_30m_vega_flow,feature,signed,419,0.008290879796689394,0.008137471899199247,0.008290879796689394,0.003153341828384735,0.016901538025286288,419,0,0,419,1.0,0.0
15,primary,b2_30m_vega_flow_abs,feature,log,419,-0.010610892477254594,-0.008781302157097765,0.02047001410908433,-0.05844132143230459,0.0261344198145226,179,240,0,419,0.42720763723150357,0.5727923627684964
15,primary,b2_30m_vega_flow_call,feature,signed,419,-0.003685293649769011,-0.0030629038735333542,0.003705069478794742,-0.014566333091203218,0.0008856621365297662,12,407,0,419,0.028639618138424822,0.9713603818615751
15,primary,b2_30m_vega_flow_long_dte,feature,signed,419,-0.002963182157433663,-0.003492765330657879,0.0033156836427625357,-0.005979672889559423,0.004500113586491711,42,377,0,419,0.10023866348448687,0.8997613365155132
15,primary,b2_30m_vega_flow_put,feature,signed,419,0.00466421041561174,0.005170847568903166,0.0053457293268826395,-0.008386480963273699,0.009120068603301248,386,33,0,419,0.9212410501193318,0.07875894988066826
15,primary,b2_30m_vega_flow_short_dte,feature,signed,419,0.0068429886951074945,0.00548147947442918,0.0068429886951074945,0.0031773709150584406,0.023647566354640954,419,0,0,419,1.0,0.0
15,primary,b2_30m_window_empty,feature,raw,419,-0.02181320113602526,0.0,0.02327047788026098,-0.2626915172246575,0.01790473692722832,19,66,334,85,0.045346062052505964,0.1575178997613365
15,primary,b2_30m_zero_dte_premium_share,feature,raw,419,-0.009987118541181199,-0.007621635321009069,0.009987118541181199,-0.03181196772609805,-0.0018695795144399044,0,419,0,419,0.0,1.0
15,primary,b2_30m_zero_dte_signed_premium,feature,signed,419,0.0019466202753829474,0.0026835240025112816,0.002388748050870459,-0.004123506341795167,0.003897082285909351,351,68,0,419,0.837708830548926,0.162291169451074
15,primary,b2_30m_zero_dte_trade_share,feature,raw,419,-0.001335696492256221,-0.002216571859165989,0.007620926240812284,-0.019853595662952236,0.021636301372275745,168,251,0,419,0.4009546539379475,0.5990453460620525
15,primary,b2_5m_buy_premium_share,feature,raw,419,0.24916220192827385,0.0007927092868175174,0.2515121989354961,-0.11783445589367061,3.06397483843207,266,127,26,393,0.6348448687350835,0.3031026252983294
15,primary,b2_5m_contract_entropy,feature,raw,419,0.01400597441056362,0.014230142142618876,0.01400597441056362,0.0029729528940426334,0.028124970455300748,419,0,0,419,1.0,0.0
15,primary,b2_5m_contracts,feature,log,419,0.09168134323112849,0.06935119706956536,0.09168134323112849,0.00975228536780888,0.2267109438656763,419,0,0,419,1.0,0.0
15,primary,b2_5m_d_iv,feature,signed,419,0.0011433440646738343,0.001214347650966805,0.0015363626516087957,-0.0027902433258975125,0.005054619341400856,350,69,0,419,0.8353221957040573,0.16467780429594273
15,primary,b2_5m_d_mid_rel,feature,signed,419,-0.0009452112912599678,-0.00018830500479932567,0.0028363112906698074,-0.009107279250673984,0.0029082017869133804,201,218,0,419,0.4797136038186158,0.5202863961813843
15,primary,b2_5m_d_spread,feature,signed,419,0.00043424865991625243,0.0013214807453971159,0.002257215929793165,-0.006973242536323546,0.003793055636705254,324,95,0,419,0.7732696897374701,0.22673031026252982
15,primary,b2_5m_decay_intensity_innovation,feature,signed,419,-0.003614710498263777,-0.004087599527070327,0.0042353471304897305,-0.009040205359522348,0.004286771924805501,51,368,0,419,0.12171837708830549,0.8782816229116945
15,primary,b2_5m_decay_intensity_last,feature,log,419,0.06459840342952135,0.043519504199905454,0.06459840342952135,0.0,0.2084326021423412,222,0,197,222,0.5298329355608592,0.0
15,primary,b2_5m_delta_flow,feature,signed,419,-0.005212246854510818,-0.0047901114493133015,0.005212246854510818,-0.014559258446666418,-0.002850776665378847,0,419,0,419,0.0,1.0
15,primary,b2_5m_expiry_hhi,feature,raw,419,-0.0067754864187102954,-0.0068250861432818085,0.0067754864187102954,-0.013039726947482884,-0.00016281272950891795,0,419,0,419,0.0,1.0
15,primary,b2_5m_gamma_flow,feature,signed,419,0.0005656492830195878,-0.00028377576554378884,0.001827258150358084,-0.002637700694144335,0.01501391603884405,174,245,0,419,0.4152744630071599,0.5847255369928401
15,primary,b2_5m_interarrival_cv,feature,raw,419,-0.014211936826662703,-0.0174612615628366,0.01466291620049319,-0.024008935560487304,0.003992809349915005,29,390,0,419,0.06921241050119331,0.9307875894988067
15,primary,b2_5m_multileg_premium_share,feature,raw,419,0.0013445952118101496,0.001894026811068677,0.002462881468437706,-0.007007783584261063,0.008548361882496427,305,114,0,419,0.7279236276849642,0.2720763723150358
15,primary,b2_5m_multileg_size_share,feature,raw,419,-0.003145065195453149,-0.002760349674220194,0.003145065195453149,-0.00746036306980063,-0.0003385848778820428,0,419,0,419,0.0,1.0
15,primary,b2_5m_otm_premium_share,feature,raw,419,0.002122441517222976,0.0019050264276724307,0.002572904522175651,-0.002497410475699575,0.009340895479761847,329,90,0,419,0.7852028639618138,0.21479713603818615
15,primary,b2_5m_passive_premium_share,feature,raw,419,0.30491562441498166,-0.0021587511232878972,0.31208149610061164,-0.1514333811150962,3.7852052949856567,163,254,2,417,0.38902147971360385,0.6062052505966588
15,primary,b2_5m_premium,feature,log,419,0.04088705932772649,0.03771990465845365,0.04088705932772649,0.016904013348093033,0.0786212806246099,419,0,0,419,1.0,0.0
15,primary,b2_5m_rate_per_second,feature,log,419,0.03647756974303248,0.03560954881355705,0.036510511167789465,-0.004140128264066552,0.1109646870806527,363,3,53,366,0.8663484486873508,0.007159904534606206
15,primary,b2_5m_sell_premium_share,feature,raw,419,0.2480246562271416,0.0031604282273849905,0.2498454749290096,-0.11598112572122549,3.0318826828559757,378,41,0,419,0.9021479713603818,0.09785202863961814
15,primary,b2_5m_size,feature,log,419,-0.003086402729961034,-0.005521696186563613,0.008753136406823266,-0.023841931208965578,0.02944867438097047,123,296,0,419,0.2935560859188544,0.7064439140811456
15,primary,b2_5m_strike_hhi,feature,raw,419,0.009013153562395012,0.010100167949411444,0.009155209228567933,-0.0048742853078614775,0.01569079605200974,408,11,0,419,0.9737470167064439,0.026252983293556086
15,primary,b2_5m_sweep_premium_share,feature,raw,419,0.002623956359463851,0.002523583230309737,0.002625056690535104,-0.00023051935942761456,0.005178733367750855,418,1,0,419,0.9976133651551312,0.002386634844868735
15,primary,b2_5m_trades,feature,log,419,0.00275535728575022,0.0,0.0027788235117457527,-0.002457876370303949,0.04739374024007762,49,4,366,53,0.11694510739856802,0.00954653937947494
15,primary,b2_5m_vega_flow,feature,signed,419,0.0020754221372917404,0.001815445628281843,0.0020780536764228243,-0.0003534656362314363,0.007565365837285375,416,3,0,419,0.9928400954653938,0.007159904534606206
15,primary,b2_5m_vega_flow_abs,feature,log,419,0.019261451409028234,0.022178328942937784,0.02002666080885026,-0.014200045502556557,0.04559498817037755,390,29,0,419,0.9307875894988067,0.06921241050119331
15,primary,b2_5m_vega_flow_call,feature,signed,419,-0.0010535062793336064,-0.0010325367077399618,0.0013791150738804796,-0.0038108643434835,0.004179581599601704,38,381,0,419,0.09069212410501193,0.9093078758949881
15,primary,b2_5m_vega_flow_long_dte,feature,signed,419,-0.0014071398687796964,-0.001240922565276294,0.0014715148685899577,-0.004022046377179065,0.0020676971353366614,19,400,0,419,0.045346062052505964,0.954653937947494
15,primary,b2_5m_vega_flow_put,feature,signed,419,0.004136471877304418,0.004506130912282685,0.004195116624315209,-0.0020829761280060483,0.006298581938800913,410,9,0,419,0.9785202863961814,0.021479713603818614
15,primary,b2_5m_vega_flow_short_dte,feature,signed,419,-0.001565894875221073,-0.000929207212619775,0.002264521329158735,-0.019321230255611728,0.0021771935269088477,142,277,0,419,0.33890214797136037,0.6610978520286396
15,primary,b2_5m_window_empty,feature,raw,419,0.07600251524123086,0.0,0.07600251524123086,0.0,0.5570628946980682,115,0,304,115,0.2744630071599045,0.0
15,primary,b2_5m_zero_dte_premium_share,feature,raw,419,0.005395897778639275,0.005171623919572782,0.005789873821544915,-0.002876399364914312,0.016250667911442557,359,60,0,419,0.8568019093078759,0.1431980906921241
15,primary,b2_5m_zero_dte_signed_premium,feature,signed,419,-0.0006243442625980712,-0.0008257999020232295,0.0009080543627681947,-0.0018793104604920498,0.0017213934298882605,119,300,0,419,0.2840095465393795,0.7159904534606205
15,primary,b2_5m_zero_dte_trade_share,feature,raw,419,-0.004807995871943245,-0.0036639496011861613,0.005580803917245863,-0.021091128450919813,0.008182748510617092,73,346,0,419,0.17422434367541767,0.8257756563245824
15,primary,day_of_week,feature,raw,419,0.03910629018956085,0.03941542840300163,0.03910629018956085,0.008477164091267713,0.05772679978602004,419,0,0,419,1.0,0.0
15,primary,dollar_volume_30,feature,log,419,0.12301638581561021,0.12509846285921106,0.12301638581561021,0.012250970251938737,0.26640287186485395,419,0,0,419,1.0,0.0
15,primary,intercept,intercept,identity,419,-12.227740889786519,-12.244404292902455,12.227740889786519,-12.397925726441986,-12.015240835734048,0,419,0,419,0.0,1.0
15,primary,jump_back_30,feature,log,419,0.004827410540958684,0.004578262336870152,0.004827410540958684,0.0020991386525476786,0.008727387240926787,419,0,0,419,1.0,0.0
15,primary,log_rv_30m,feature,raw,419,0.12485643986812105,0.0,0.12485643986812105,0.0,0.6566686869911409,181,0,238,181,0.431980906921241,0.0
15,primary,log_rv_day,feature,raw,419,0.025842536011250666,0.035534038097363545,0.025842536011250666,0.0,0.07805835721034303,210,0,209,210,0.5011933174224343,0.0
15,primary,log_rv_session,feature,raw,419,0.14521988526328156,0.20702194908404584,0.14521988526328156,0.0,0.28379161445259954,280,0,139,280,0.6682577565632458,0.0
15,primary,log_rv_week,feature,raw,419,0.021459672366496433,0.016382390851890468,0.021459672366496433,0.0,0.05381164886047134,218,0,201,218,0.5202863961813843,0.0
15,primary,minute_fraction,feature,raw,419,-0.08251939222656839,0.0,0.08251939222656839,-0.3329790764822113,0.0,0,168,251,168,0.0,0.4009546539379475
15,primary,minute_fraction_sq,feature,raw,419,0.13886299246244665,0.15514491637558062,0.13924714604239177,-0.022560636153200506,0.22081636201471516,412,7,0,419,0.9832935560859188,0.016706443914081145
15,primary,minutes_since_open,feature,raw,419,-0.12595019620979497,-0.1601806927910474,0.12595019620979497,-0.33936761100532187,0.0,0,245,174,245,0.0,0.5847255369928401
15,primary,minutes_to_close,feature,raw,419,0.03666847082839733,0.03586592641530853,0.03666847082839733,0.0,0.19467618216264623,401,0,18,401,0.9570405727923628,0.0
15,primary,parkinson_30,feature,log,419,0.46477828672446586,0.5220028594389531,0.46477828672446586,0.0967726858550505,0.5691315878123245,419,0,0,419,1.0,0.0
15,primary,presence:b1_butterfly_25,presence,finite_presence_binary,419,-8.522392180174956e-05,0.0,0.0002657039465757086,-0.00835807926152392,0.0062698795636197315,16,30,373,46,0.03818615751789976,0.07159904534606205
15,primary,presence:b1_iv_14d,presence,finite_presence_binary,419,0.005669546339633755,0.0,0.005761131008994007,-0.01634622278233216,0.18947842012018618,16,2,401,18,0.03818615751789976,0.00477326968973747
15,primary,presence:b1_iv_30d,presence,finite_presence_binary,419,0.002531587386517653,0.0,0.002687619329320424,-0.016352694678670007,0.18708147994917654,11,2,406,13,0.026252983293556086,0.00477326968973747
15,primary,presence:b1_iv_60d,presence,finite_presence_binary,419,0.00435860663842209,0.0,0.004594477545847468,-0.016814874780353515,0.19156290090419004,14,3,402,17,0.03341288782816229,0.007159904534606206
15,primary,presence:b1_iv_7d,presence,finite_presence_binary,419,0.0025609135975540485,0.0,0.0026401530978748715,-0.016600675317212345,0.19086144852320155,8,1,410,9,0.01909307875894988,0.002386634844868735
15,primary,presence:b1_iv_90d,presence,finite_presence_binary,419,0.003425192703138666,0.0,0.0035062473161711254,-0.01698094143030028,0.19072223159904544,10,1,408,11,0.02386634844868735,0.002386634844868735
15,primary,presence:b1_iv_minus_trailing_rv_30d,presence,finite_presence_binary,419,0.007355653904719649,0.0,0.007591163702427052,-0.016792708066744114,0.18747441647103655,22,3,394,25,0.05250596658711217,0.007159904534606206
15,primary,presence:b1_mfiv,presence,finite_presence_binary,419,-0.06736812251472392,-0.031904735046784226,0.0729727075121247,-0.16629207704331583,0.02603561439849206,66,322,31,388,0.1575178997613365,0.7684964200477327
15,primary,presence:b1_risk_reversal_25,presence,finite_presence_binary,419,0.00031338997586579607,0.0,0.0022517921927267663,-0.008713363080421107,0.007713951633887348,188,185,46,373,0.4486873508353222,0.441527446300716
15,primary,presence:b1_smile_curvature,presence,finite_presence_binary,419,0.006199798678171025,0.0,0.006536219526636173,-0.017048052438377016,0.19154722527697718,24,5,390,29,0.057279236276849645,0.011933174224343675
15,primary,presence:b1_smile_level,presence,finite_presence_binary,419,0.003948304699524109,0.0,0.004186109591733701,-0.016915245705584555,0.18696180866244907,12,3,404,15,0.028639618138424822,0.007159904534606206
15,primary,presence:b1_smile_slope,presence,finite_presence_binary,419,0.005081531715810737,0.0,0.005159074118551863,-0.016245133374265985,0.18976932774825786,18,1,400,19,0.04295942720763723,0.002386634844868735
15,primary,presence:b1_term_convexity,presence,finite_presence_binary,419,0.004127469161311316,0.0,0.004369289152736068,-0.016945377752134325,0.18770224621802098,12,3,404,15,0.028639618138424822,0.007159904534606206
15,primary,presence:b1_term_slope,presence,finite_presence_binary,419,0.010119981482149806,0.0,0.010670757042849177,-0.01691384758922933,0.1907766938031635,31,7,381,38,0.07398568019093078,0.016706443914081145
15,primary,presence:b2_30m_buy_premium_share,presence,finite_presence_binary,419,0.011866438906770534,0.0,0.012363606556331803,-0.017799253652045443,0.2680085775325657,41,6,372,47,0.09785202863961814,0.014319809069212411
15,primary,presence:b2_30m_contracts,presence,finite_presence_binary,419,0.0,0.0,0.0,0.0,0.0,0,0,419,0,0.0,0.0
15,primary,presence:b2_30m_d_iv,presence,finite_presence_binary,419,0.005397472309626598,0.0,0.005479740967891202,-0.017235283906434695,0.2632296842749173,17,1,401,18,0.0405727923627685,0.002386634844868735
15,primary,presence:b2_30m_d_mid_rel,presence,finite_presence_binary,419,0.0025671048511754827,0.0,0.002651436051193915,-0.017667386403861566,0.2230826531012403,7,1,411,8,0.016706443914081145,0.002386634844868735
15,primary,presence:b2_30m_d_spread,presence,finite_presence_binary,419,0.002333007762001746,0.0,0.002333007762001746,0.0,0.26102763997023576,6,0,413,6,0.014319809069212411,0.0
15,primary,presence:b2_30m_decay_intensity_innovation,presence,finite_presence_binary,419,0.002436429486695089,0.0,0.0025180115508408184,-0.01709144243853039,0.22545645483878216,5,1,413,6,0.011933174224343675,0.002386634844868735
15,primary,presence:b2_30m_decay_intensity_last,presence,finite_presence_binary,419,0.0,0.0,0.0,0.0,0.0,0,0,419,0,0.0,0.0
15,primary,presence:b2_30m_delta_flow,presence,finite_presence_binary,419,0.0,0.0,0.0,0.0,0.0,0,0,419,0,0.0,0.0
15,primary,presence:b2_30m_gamma_flow,presence,finite_presence_binary,419,0.0,0.0,0.0,0.0,0.0,0,0,419,0,0.0,0.0
15,primary,presence:b2_30m_multileg_premium_share,presence,finite_presence_binary,419,0.0017892351679178206,0.0,0.0018508100519434973,-0.00924188662314086,0.2244828244451784,7,2,410,9,0.016706443914081145,0.00477326968973747
15,primary,presence:b2_30m_multileg_size_share,presence,finite_presence_binary,419,0.0011405801438205889,0.0,0.0012219535405021452,-0.01704772660478603,0.21931647158358367,4,1,414,5,0.00954653937947494,0.002386634844868735
15,primary,presence:b2_30m_otm_premium_share,presence,finite_presence_binary,419,0.0018521822996326119,0.0,0.001946931570263883,-0.01722791657954363,0.2562071799891553,7,3,409,10,0.016706443914081145,0.007159904534606206
15,primary,presence:b2_30m_passive_premium_share,presence,finite_presence_binary,419,0.0005696979563185896,0.0,0.0006539202219122413,-0.017644564641870024,0.23176979532016015,2,1,416,3,0.00477326968973747,0.002386634844868735
15,primary,presence:b2_30m_premium,presence,finite_presence_binary,419,0.0,0.0,0.0,0.0,0.0,0,0,419,0,0.0,0.0
15,primary,presence:b2_30m_rate_per_second,presence,finite_presence_binary,419,0.0,0.0,0.0,0.0,0.0,0,0,419,0,0.0,0.0
15,primary,presence:b2_30m_sell_premium_share,presence,finite_presence_binary,419,0.000594104836123948,0.0,0.0006163057590372767,-0.004651093350342359,0.20522049225490596,3,1,415,4,0.007159904534606206,0.002386634844868735
15,primary,presence:b2_30m_size,presence,finite_presence_binary,419,0.0,0.0,0.0,0.0,0.0,0,0,419,0,0.0,0.0
15,primary,presence:b2_30m_sweep_premium_share,presence,finite_presence_binary,419,0.0009686565099746111,0.0,0.001086330255875598,-0.017257599023730995,0.21693175491087036,3,3,413,6,0.007159904534606206,0.007159904534606206
15,primary,presence:b2_30m_trades,presence,finite_presence_binary,419,0.0,0.0,0.0,0.0,0.0,0,0,419,0,0.0,0.0
15,primary,presence:b2_30m_vega_flow,presence,finite_presence_binary,419,0.0,0.0,0.0,0.0,0.0,0,0,419,0,0.0,0.0
15,primary,presence:b2_30m_vega_flow_abs,presence,finite_presence_binary,419,0.0,0.0,0.0,0.0,0.0,0,0,419,0,0.0,0.0
15,primary,presence:b2_30m_vega_flow_call,presence,finite_presence_binary,419,0.0,0.0,0.0,0.0,0.0,0,0,419,0,0.0,0.0
15,primary,presence:b2_30m_vega_flow_long_dte,presence,finite_presence_binary,419,0.0,0.0,0.0,0.0,0.0,0,0,419,0,0.0,0.0
15,primary,presence:b2_30m_vega_flow_put,presence,finite_presence_binary,419,0.0,0.0,0.0,0.0,0.0,0,0,419,0,0.0,0.0
15,primary,presence:b2_30m_vega_flow_short_dte,presence,finite_presence_binary,419,0.0,0.0,0.0,0.0,0.0,0,0,419,0,0.0,0.0
15,primary,presence:b2_30m_window_empty,presence,finite_presence_binary,419,0.0,0.0,0.0,0.0,0.0,0,0,419,0,0.0,0.0
15,primary,presence:b2_30m_zero_dte_premium_share,presence,finite_presence_binary,419,0.0014769416409936746,0.0,0.0017331349413189923,-0.018140368497730854,0.2616062594518229,4,4,411,8,0.00954653937947494,0.00954653937947494
15,primary,presence:b2_30m_zero_dte_signed_premium,presence,finite_presence_binary,419,0.0,0.0,0.0,0.0,0.0,0,0,419,0,0.0,0.0
15,primary,presence:b2_30m_zero_dte_trade_share,presence,finite_presence_binary,419,0.0005981349634708544,0.0,0.0005981349634708544,0.0,0.22186701319404564,2,0,417,2,0.00477326968973747,0.0
15,primary,presence:b2_5m_buy_premium_share,presence,finite_presence_binary,419,-0.047815761717944855,0.0,0.047815761717944855,-0.5552537612444832,0.0,0,71,348,71,0.0,0.16945107398568018
15,primary,presence:b2_5m_contract_entropy,presence,finite_presence_binary,419,-0.0019294865674781352,0.0,0.0019294865674781352,-0.5081256085263095,0.0,0,4,415,4,0.0,0.00954653937947494
15,primary,presence:b2_5m_contracts,presence,finite_presence_binary,419,0.0,0.0,0.0,0.0,0.0,0,0,419,0,0.0,0.0
15,primary,presence:b2_5m_d_iv,presence,finite_presence_binary,419,-0.020592952565720555,0.0,0.020592952565720555,-0.5523174795276334,0.0,0,24,395,24,0.0,0.057279236276849645
15,primary,presence:b2_5m_d_mid_rel,presence,finite_presence_binary,419,0.0,0.0,0.0,0.0,0.0,0,0,419,0,0.0,0.0
15,primary,presence:b2_5m_d_spread,presence,finite_presence_binary,419,0.0,0.0,0.0,0.0,0.0,0,0,419,0,0.0,0.0
15,primary,presence:b2_5m_decay_intensity_innovation,presence,finite_presence_binary,419,-0.015285808900684799,0.0,0.015285808900684799,-0.5544744475594183,0.0,0,18,401,18,0.0,0.04295942720763723
15,primary,presence:b2_5m_decay_intensity_last,presence,finite_presence_binary,419,0.0,0.0,0.0,0.0,0.0,0,0,419,0,0.0,0.0
15,primary,presence:b2_5m_delta_flow,presence,finite_presence_binary,419,0.0,0.0,0.0,0.0,0.0,0,0,419,0,0.0,0.0
15,primary,presence:b2_5m_expiry_hhi,presence,finite_presence_binary,419,0.0,0.0,0.0,0.0,0.0,0,0,419,0,0.0,0.0
15,primary,presence:b2_5m_gamma_flow,presence,finite_presence_binary,419,0.0,0.0,0.0,0.0,0.0,0,0,419,0,0.0,0.0
15,primary,presence:b2_5m_interarrival_cv,presence,finite_presence_binary,419,0.0,0.0,0.0,0.0,0.0,0,0,419,0,0.0,0.0
15,primary,presence:b2_5m_multileg_premium_share,presence,finite_presence_binary,419,0.0,0.0,0.0,0.0,0.0,0,0,419,0,0.0,0.0
15,primary,presence:b2_5m_multileg_size_share,presence,finite_presence_binary,419,-0.017794546478405695,0.0,0.017794546478405695,-0.5556050933207408,0.0,0,20,399,20,0.0,0.0477326968973747
15,primary,presence:b2_5m_otm_premium_share,presence,finite_presence_binary,419,0.0,0.0,0.0,0.0,0.0,0,0,419,0,0.0,0.0
15,primary,presence:b2_5m_passive_premium_share,presence,finite_presence_binary,419,0.0,0.0,0.0,0.0,0.0,0,0,419,0,0.0,0.0
15,primary,presence:b2_5m_premium,presence,finite_presence_binary,419,0.0,0.0,0.0,0.0,0.0,0,0,419,0,0.0,0.0
15,primary,presence:b2_5m_rate_per_second,presence,finite_presence_binary,419,0.0,0.0,0.0,0.0,0.0,0,0,419,0,0.0,0.0
15,primary,presence:b2_5m_sell_premium_share,presence,finite_presence_binary,419,-0.002161786203621201,0.0,0.002161786203621201,-0.2440995139961077,0.0,0,7,412,7,0.0,0.016706443914081145
15,primary,presence:b2_5m_size,presence,finite_presence_binary,419,0.0,0.0,0.0,0.0,0.0,0,0,419,0,0.0,0.0
15,primary,presence:b2_5m_strike_hhi,presence,finite_presence_binary,419,-0.007236975087695125,0.0,0.007236975087695125,-0.5579798274735974,0.0,0,9,410,9,0.0,0.021479713603818614
15,primary,presence:b2_5m_sweep_premium_share,presence,finite_presence_binary,419,-0.00320808655861843,0.0,0.00320808655861843,-0.3952164977538279,0.0,0,7,412,7,0.0,0.016706443914081145
15,primary,presence:b2_5m_trades,presence,finite_presence_binary,419,0.0,0.0,0.0,0.0,0.0,0,0,419,0,0.0,0.0
15,primary,presence:b2_5m_vega_flow,presence,finite_presence_binary,419,0.0,0.0,0.0,0.0,0.0,0,0,419,0,0.0,0.0
15,primary,presence:b2_5m_vega_flow_abs,presence,finite_presence_binary,419,0.0,0.0,0.0,0.0,0.0,0,0,419,0,0.0,0.0
15,primary,presence:b2_5m_vega_flow_call,presence,finite_presence_binary,419,0.0,0.0,0.0,0.0,0.0,0,0,419,0,0.0,0.0
15,primary,presence:b2_5m_vega_flow_long_dte,presence,finite_presence_binary,419,0.0,0.0,0.0,0.0,0.0,0,0,419,0,0.0,0.0
15,primary,presence:b2_5m_vega_flow_put,presence,finite_presence_binary,419,0.0,0.0,0.0,0.0,0.0,0,0,419,0,0.0,0.0
15,primary,presence:b2_5m_vega_flow_short_dte,presence,finite_presence_binary,419,0.0,0.0,0.0,0.0,0.0,0,0,419,0,0.0,0.0
15,primary,presence:b2_5m_window_empty,presence,finite_presence_binary,419,0.0,0.0,0.0,0.0,0.0,0,0,419,0,0.0,0.0
15,primary,presence:b2_5m_zero_dte_premium_share,presence,finite_presence_binary,419,-0.0189340367048571,0.0,0.0189340367048571,-0.5097912282879106,0.0,0,23,396,23,0.0,0.05489260143198091
15,primary,presence:b2_5m_zero_dte_signed_premium,presence,finite_presence_binary,419,0.0,0.0,0.0,0.0,0.0,0,0,419,0,0.0,0.0
15,primary,presence:b2_5m_zero_dte_trade_share,presence,finite_presence_binary,419,-0.002095070914788985,0.0,0.002095070914788985,-0.3968706688494515,0.0,0,5,414,5,0.0,0.011933174224343675
15,primary,presence:rp4_dealer_gamma_near_spot,presence,finite_presence_binary,419,0.0006999412397481453,0.0,0.0007133086064294532,-0.0028004633197340266,0.14819292804625292,2,1,416,3,0.00477326968973747,0.002386634844868735
15,primary,presence:rp4_dealer_gamma_net,presence,finite_presence_binary,419,0.0005457523018610068,0.0,0.0005591762797338508,-0.0028123233643608005,0.18063053326167677,2,1,416,3,0.00477326968973747,0.002386634844868735
15,primary,presence:rp4_dealer_max_gamma_distance,presence,finite_presence_binary,419,0.0007842725200009216,0.0,0.0007842725200009216,0.0,0.16448828366682622,2,0,417,2,0.00477326968973747,0.0
15,primary,presence:rp4_gamma_imb_near_short,presence,finite_presence_binary,419,0.00591161808946835,0.0,0.006774543866730681,-0.015534469560876688,0.06471621345263723,46,12,361,58,0.10978520286396182,0.028639618138424822
15,primary,presence:rp4_gamma_imb_near_spot,presence,finite_presence_binary,419,0.005762465887031836,0.0,0.006125932376572701,-0.015590610849946031,0.06374377504459518,43,5,371,48,0.1026252983293556,0.011933174224343675
15,primary,presence:rp4_gamma_imb_signed_trades,presence,finite_presence_binary,419,0.004486857515508891,0.0,0.005066960231714193,-0.015646961971275332,0.06265594403014893,35,8,376,43,0.08353221957040573,0.01909307875894988
15,primary,presence:rp4_gamma_imb_total,presence,finite_presence_binary,419,0.005577211923807792,0.0,0.005872504240173265,-0.015554532718306634,0.06421060265446679,42,4,373,46,0.10023866348448687,0.00954653937947494
15,primary,presence:rp4_iv_dte_0_1_m_090_097,presence,finite_presence_binary,419,-0.01003247798826572,-0.011754467616240124,0.01459351937056522,-0.032908625666697014,0.049376610778001366,72,347,0,419,0.1718377088305489,0.8281622911694511
15,primary,presence:rp4_iv_dte_0_1_m_097_103,presence,finite_presence_binary,419,-0.016747133338985885,-0.015665639369634082,0.018017215632590216,-0.048143831944484766,0.028929938780015096,46,373,0,419,0.10978520286396182,0.8902147971360382
15,primary,presence:rp4_iv_dte_0_1_m_103_110,presence,finite_presence_binary,419,0.01212497950531734,0.008868628171562712,0.01212497950531734,0.00036067993861298414,0.07235038813878733,419,0,0,419,1.0,0.0
15,primary,presence:rp4_iv_dte_0_1_m_gt110,presence,finite_presence_binary,419,0.009768305012093118,0.006802118580402117,0.010327279961550013,-0.007927812914920299,0.05957766085556407,375,44,0,419,0.8949880668257757,0.10501193317422435
15,primary,presence:rp4_iv_dte_0_1_m_lt090,presence,finite_presence_binary,419,0.005988055777487657,0.002433587592123925,0.010321895348737736,-0.020639491518510147,0.06473560720649171,252,167,0,419,0.6014319809069213,0.39856801909307876
15,primary,presence:rp4_iv_dte_2_7_m_090_097,presence,finite_presence_binary,419,-0.009613359463138058,-0.010867752015457728,0.016010803898464175,-0.03271920312756096,0.048328139349899324,87,332,0,419,0.20763723150357996,0.7923627684964201
15,primary,presence:rp4_iv_dte_2_7_m_097_103,presence,finite_presence_binary,419,-0.011214266860599547,-0.010659530479066957,0.02398012254882256,-0.06509152114812489,0.04046841729928826,122,297,0,419,0.2911694510739857,0.7088305489260143
15,primary,presence:rp4_iv_dte_2_7_m_103_110,presence,finite_presence_binary,419,0.021279707129459056,0.015954523653970813,0.021322168933647332,-0.002089153300776288,0.10408782521332027,408,11,0,419,0.9737470167064439,0.026252983293556086
15,primary,presence:rp4_iv_dte_2_7_m_gt110,presence,finite_presence_binary,419,0.003945041011740633,-0.0009018247115685388,0.009733847234372019,-0.013631182835492904,0.07065885669915453,185,234,0,419,0.441527446300716,0.5584725536992841
15,primary,presence:rp4_iv_dte_2_7_m_lt090,presence,finite_presence_binary,419,0.011325173610535616,0.007017831459686834,0.011568023412948311,-0.0023094341698165436,0.07082127479462458,384,35,0,419,0.9164677804295943,0.08353221957040573
15,primary,presence:rp4_iv_dte_31_90_m_090_097,presence,finite_presence_binary,419,-0.006908676266503741,-0.008260959437612417,0.007685827682974242,-0.016564736753831986,0.014920909017232729,31,388,0,419,0.07398568019093078,0.9260143198090692
15,primary,presence:rp4_iv_dte_31_90_m_097_103,presence,finite_presence_binary,419,-0.00900580931982572,-0.010014124558020076,0.0100188435619736,-0.01970554836400184,0.012637744581327388,28,391,0,419,0.06682577565632458,0.9331742243436754
15,primary,presence:rp4_iv_dte_31_90_m_103_110,presence,finite_presence_binary,419,0.0051807251104894194,0.003711962350159763,0.007047631441369678,-0.007236229759588544,0.032408332232318274,295,124,0,419,0.7040572792362768,0.29594272076372313
15,primary,presence:rp4_iv_dte_31_90_m_gt110,presence,finite_presence_binary,419,-0.0034147549653791116,-0.0033095292652786,0.006039001153980139,-0.014101075569715798,0.02012510861543655,101,318,0,419,0.24105011933174225,0.7589498806682577
15,primary,presence:rp4_iv_dte_31_90_m_lt090,presence,finite_presence_binary,419,-0.003813586417393755,-0.003980868192864936,0.005417042393728334,-0.011044562689084702,0.021814895590920407,32,387,0,419,0.07637231503579953,0.9236276849642004
15,primary,presence:rp4_iv_dte_8_30_m_090_097,presence,finite_presence_binary,419,-0.014743310594597821,-0.01529845387770742,0.015576470749389266,-0.03534006591881723,0.015958092829057087,31,388,0,419,0.07398568019093078,0.9260143198090692
15,primary,presence:rp4_iv_dte_8_30_m_097_103,presence,finite_presence_binary,419,0.015211361746096786,0.0,0.02475161722329772,-0.049795620795267136,0.07636602520587517,167,136,116,303,0.39856801909307876,0.324582338902148
15,primary,presence:rp4_iv_dte_8_30_m_103_110,presence,finite_presence_binary,419,-0.03608972043661591,-0.020554548111954857,0.03608972043661591,-0.17512330946071336,-0.0005742500181699782,0,419,0,419,0.0,1.0
15,primary,presence:rp4_iv_dte_8_30_m_gt110,presence,finite_presence_binary,419,0.005026238327672582,0.003530810513013863,0.005729444909988675,-0.0030600022399007677,0.03816962019486893,344,75,0,419,0.8210023866348448,0.17899761336515513
15,primary,presence:rp4_iv_dte_8_30_m_lt090,presence,finite_presence_binary,419,-0.004281408847221576,-0.0066435755687155535,0.006029986277094179,-0.009547167391900447,0.020603128411578412,54,365,0,419,0.1288782816229117,0.8711217183770883
15,primary,presence:rp4_iv_dte_gt90_m_090_097,presence,finite_presence_binary,419,0.001088272839000649,-0.0005764407704851092,0.003312878179606245,-0.004168676778744903,0.02760378471109864,183,236,0,419,0.43675417661097854,0.5632458233890215
15,primary,presence:rp4_iv_dte_gt90_m_097_103,presence,finite_presence_binary,419,0.013417769487033524,0.012968187855534859,0.013562756347112378,-0.0018985025267725085,0.04128243495196522,390,29,0,419,0.9307875894988067,0.06921241050119331
15,primary,presence:rp4_iv_dte_gt90_m_103_110,presence,finite_presence_binary,419,0.0026471026755663543,0.0011086675394448217,0.0036897937227333083,-0.0036060162156446875,0.029229849509741616,286,133,0,419,0.6825775656324582,0.31742243436754175
15,primary,presence:rp4_iv_dte_gt90_m_gt110,presence,finite_presence_binary,419,0.006091481287626188,0.0054814962114367385,0.00720819242610259,-0.008019812405854474,0.038328934396740504,356,63,0,419,0.8496420047732697,0.15035799522673032
15,primary,presence:rp4_iv_dte_gt90_m_lt090,presence,finite_presence_binary,419,-0.002330671223490744,-0.002424279932808946,0.004737866675801015,-0.011568707679648549,0.02498937680600803,89,330,0,419,0.21241050119331742,0.7875894988066826
15,primary,presence:rp4_surface_populated_cells,presence,finite_presence_binary,419,0.0,0.0,0.0,0.0,0.0,0,0,419,0,0.0,0.0
15,primary,ret_30,feature,raw,419,0.016599499018859595,0.02264679267100984,0.017838435564749067,-0.008064232786495944,0.026552677390118216,338,81,0,419,0.8066825775656324,0.19331742243436753
15,primary,ret_5,feature,raw,419,-0.018583739190883193,-0.0182918583533701,0.018583739190883193,-0.03317362157315578,-0.011683333932775757,0,419,0,419,0.0,1.0
15,primary,rp4_dealer_gamma_near_spot,feature,signed,419,-0.015902887842613914,-0.017754088823847936,0.01616249147821335,-0.024281196528868423,0.00536074745173098,20,399,0,419,0.0477326968973747,0.9522673031026253
15,primary,rp4_dealer_gamma_net,feature,signed,419,-0.010317681427393489,-0.010103269805769652,0.010317681427393489,-0.018237993921245463,-0.0036230483454892013,0,419,0,419,0.0,1.0
15,primary,rp4_dealer_max_gamma_distance,feature,raw,419,-0.0023727112637923877,-0.0024518035912470116,0.0028477124369714907,-0.010872611049393757,0.003912609326124119,73,346,0,419,0.17422434367541767,0.8257756563245824
15,primary,rp4_gamma_imb_near_short,feature,signed_log1p,419,-0.001293365022987166,-0.0013866262237975382,0.002102666754515819,-0.009242807657823347,0.003694776383303149,92,327,0,419,0.21957040572792363,0.7804295942720764
15,primary,rp4_gamma_imb_near_spot,feature,signed_log1p,419,-0.0005546798608190813,0.0009750716272201669,0.003575561697764101,-0.01954882611928995,0.005872855377116882,259,160,0,419,0.6181384248210023,0.3818615751789976
15,primary,rp4_gamma_imb_signed_trades,feature,log1p_count,419,-0.042706157096284586,-0.03829672439554292,0.042706157096284586,-0.10204916184728095,-0.006228977483027941,0,419,0,419,0.0,1.0
15,primary,rp4_gamma_imb_total,feature,signed_log1p,419,0.004624759427685469,0.0033155853543958306,0.0048896417967396015,-0.0025091702013027065,0.030887211866225648,361,58,0,419,0.8615751789976134,0.13842482100238662
15,primary,rp4_iv_dte_0_1_m_090_097,feature,log,419,-0.005831888500310259,-0.006024871708012851,0.005929215335565818,-0.011474782664303153,0.003532725455963411,10,409,0,419,0.02386634844868735,0.9761336515513126
15,primary,rp4_iv_dte_0_1_m_097_103,feature,log,419,0.006258722497911098,0.00577829557440364,0.00685740395543432,-0.009318233519547787,0.01789280397890121,364,55,0,419,0.8687350835322196,0.13126491646778043
15,primary,rp4_iv_dte_0_1_m_103_110,feature,log,419,-0.0028424240190113165,-0.0034131355093787934,0.004218405879608451,-0.008913562437858152,0.018507532976364836,55,364,0,419,0.13126491646778043,0.8687350835322196
15,primary,rp4_iv_dte_0_1_m_gt110,feature,log,419,0.0019423577498087921,0.0019131161960990381,0.0027290666958891038,-0.006387162289204832,0.007268370262158125,346,73,0,419,0.8257756563245824,0.17422434367541767
15,primary,rp4_iv_dte_0_1_m_lt090,feature,log,419,-0.005580695592712019,-0.005824742648276034,0.005580695592712019,-0.011353007801585928,-0.0012653517751671393,0,419,0,419,0.0,1.0
15,primary,rp4_iv_dte_2_7_m_090_097,feature,log,419,0.007506363294644012,0.008237910530469834,0.007621255778428552,-0.00188988193076574,0.016608200293215643,384,35,0,419,0.9164677804295943,0.08353221957040573
15,primary,rp4_iv_dte_2_7_m_097_103,feature,log,419,0.01502373506594195,0.013800245173747156,0.015753289112314082,-0.007670322757780927,0.06593475079588487,369,50,0,419,0.8806682577565632,0.11933174224343675
15,primary,rp4_iv_dte_2_7_m_103_110,feature,log,419,-0.010426261982829614,-0.009210091748073447,0.011891787554695343,-0.043086285533855795,0.007504851134741191,83,336,0,419,0.19809069212410502,0.801909307875895
15,primary,rp4_iv_dte_2_7_m_gt110,feature,log,419,-0.00042276007545610545,0.00019525700837309798,0.002332288655470147,-0.0139515457772636,0.004765978561547101,223,196,0,419,0.5322195704057279,0.4677804295942721
15,primary,rp4_iv_dte_2_7_m_lt090,feature,log,419,0.006423875125176983,0.0061485253999806425,0.006423875125176983,0.003919612712245392,0.012452388670729888,419,0,0,419,1.0,0.0
15,primary,rp4_iv_dte_31_90_m_090_097,feature,log,419,0.014169618490508632,0.0144966319802165,0.014185207008983663,-0.0024558992350010344,0.023945157190380928,417,2,0,419,0.9952267303102625,0.00477326968973747
15,primary,rp4_iv_dte_31_90_m_097_103,feature,log,419,-0.005409548973886343,-0.0059253137889473525,0.007931945835759645,-0.022185531531717397,0.01042205513391524,68,351,0,419,0.162291169451074,0.837708830548926
15,primary,rp4_iv_dte_31_90_m_103_110,feature,log,419,-0.0024657009289662008,-0.0035864532082804245,0.011571071384132476,-0.02088302046154224,0.033854586866864225,167,252,0,419,0.39856801909307876,0.6014319809069213
15,primary,rp4_iv_dte_31_90_m_gt110,feature,log,419,-0.007397990158396179,-0.007703888630238048,0.00877877803120979,-0.027580621221477118,0.007852378860260665,71,348,0,419,0.16945107398568018,0.8305489260143198
15,primary,rp4_iv_dte_31_90_m_lt090,feature,log,419,0.0024618782744668436,0.0028899500851366534,0.0029128292402989474,-0.0019923086888305095,0.01298562991872611,328,91,0,419,0.7828162291169452,0.2171837708830549
15,primary,rp4_iv_dte_8_30_m_090_097,feature,log,419,-0.009150086931523927,-0.00884592862984007,0.01167429188860471,-0.03145678123749018,0.007740515775800865,148,271,0,419,0.3532219570405728,0.6467780429594272
15,primary,rp4_iv_dte_8_30_m_097_103,feature,log,419,0.02419442978675648,0.025240285105230586,0.02419442978675648,0.004953941315185467,0.04445959083249161,419,0,0,419,1.0,0.0
15,primary,rp4_iv_dte_8_30_m_103_110,feature,log,419,-0.02410033392283031,-0.025567899472687602,0.024486682187523673,-0.0551713656120856,0.004290470055996182,28,391,0,419,0.06682577565632458,0.9331742243436754
15,primary,rp4_iv_dte_8_30_m_gt110,feature,log,419,0.0024901115218419903,0.001702134562240519,0.004118503874822126,-0.007138461292129165,0.0186888759071772,270,149,0,419,0.6443914081145584,0.3556085918854415
15,primary,rp4_iv_dte_8_30_m_lt090,feature,log,419,-0.0012939887797795964,-0.0011277226775454883,0.002315459399942395,-0.009001520254839203,0.0028550823676031676,159,260,0,419,0.3794749403341289,0.6205250596658711
15,primary,rp4_iv_dte_gt90_m_090_097,feature,log,419,0.0037774439749824348,0.004021085189244483,0.003832873426752596,-0.0013299794082668075,0.00984311471788295,391,28,0,419,0.9331742243436754,0.06682577565632458
15,primary,rp4_iv_dte_gt90_m_097_103,feature,log,419,0.006263597774967938,0.005955253176490913,0.00626753715428339,-0.0008252999665871377,0.013833877756838961,418,1,0,419,0.9976133651551312,0.002386634844868735
15,primary,rp4_iv_dte_gt90_m_103_110,feature,log,419,-0.012312970822451913,-0.01458828234429478,0.012723227577197432,-0.02100730842595822,0.00949916508239102,28,391,0,419,0.06682577565632458,0.9331742243436754
15,primary,rp4_iv_dte_gt90_m_gt110,feature,log,419,0.004370749891205262,0.00010891162791210426,0.011584197826665279,-0.016149175259661294,0.029678376563290854,211,208,0,419,0.5035799522673031,0.4964200477326969
15,primary,rp4_iv_dte_gt90_m_lt090,feature,log,419,-0.00079526705803472,-0.00035436370457554153,0.0016201169688447312,-0.007827158874829222,0.005314489581253063,161,258,0,419,0.38424821002386633,0.6157517899761337
15,primary,rp4_surface_populated_cells,feature,raw,419,-0.03273200930051888,-0.0010366235316930134,0.0341495683587505,-0.29427624410701975,0.009335719744712432,75,228,116,303,0.17899761336515513,0.5441527446300716
15,primary,rq_attenuation,feature,raw,419,0.03938853384685135,0.04153141278744107,0.039482148861373655,-0.0070798425711787885,0.06843318686724159,413,6,0,419,0.9856801909307876,0.014319809069212411
15,primary,rq_back_30,feature,log,419,0.015253258364191018,0.061318840410062664,0.0832711204765348,-0.32765766310441524,0.13237018783180574,244,175,0,419,0.5823389021479713,0.41766109785202865
15,primary,rs_down_back_30,feature,log,419,-0.18674562983907445,-0.22656524528405023,0.19662806980528388,-0.2721715723502285,0.051934491256644184,61,358,0,419,0.14558472553699284,0.8544152744630071
15,primary,rs_up_back_30,feature,log,419,-0.18356732505541673,-0.21957110345741646,0.19429244144094823,-0.28139149449748774,0.057169395095005314,61,358,0,419,0.14558472553699284,0.8544152744630071
15,primary,rv_back_15,feature,log,419,0.06838876252550183,0.06667533376291346,0.06838876252550183,0.05691919526687945,0.08103780456488986,419,0,0,419,1.0,0.0
15,primary,rv_back_30,feature,log,419,0.17278594942756995,0.06914072502858902,0.17278594942756995,0.0,0.7346332496898123,238,0,181,238,0.568019093078759,0.0
15,primary,rv_back_5,feature,log,419,0.012801939907517617,0.01150311161452186,0.012801939907517617,0.0005656082313615156,0.03410347075472754,419,0,0,419,1.0,0.0
15,primary,rv_prev_day,feature,log,419,0.025589677351934466,0.0,0.025589677351934466,0.0,0.07674055064928618,209,0,210,209,0.4988066825775656,0.0
15,primary,rv_session_to_date,feature,log,419,0.06982553857377322,0.0,0.06982553857377322,0.0,0.27694386207166416,139,0,280,139,0.3317422434367542,0.0
15,primary,rv_week,feature,log,419,0.02014373268027523,0.0,0.02014373268027523,0.0,0.05450479054693403,201,0,218,201,0.4797136038186158,0.0
15,primary,volume_30,feature,log,419,-0.15266778421815844,-0.1670619884878068,0.15357358286982564,-0.32723960004917113,0.020034015723290752,39,380,0,419,0.09307875894988067,0.9069212410501193
30,confirmation,QQQ_ret_30,feature,raw,25,-0.027640961621009028,-0.027612535684961175,0.027640961621009028,-0.030334510956682867,-0.025714458727155585,0,25,0,25,0.0,1.0
30,confirmation,QQQ_rv_30,feature,log,25,0.010962572327283782,0.010596121470756423,0.010962572327283782,0.0060443427355433505,0.014668731938789686,25,0,0,25,1.0,0.0
30,confirmation,SPY_ret_30,feature,raw,25,-0.01609130588601719,-0.016036791334945424,0.01609130588601719,-0.017572391637407134,-0.014150222413073114,0,25,0,25,0.0,1.0
30,confirmation,SPY_rv_30,feature,log,25,0.06933988770431862,0.0695429832873798,0.06933988770431862,0.06657677125398162,0.07370750133794937,25,0,0,25,1.0,0.0
30,confirmation,asset_effect:AMZN,feature,raw,25,0.009643855297054615,0.009681576647927582,0.009643855297054615,0.008890785427941986,0.010402297195815069,25,0,0,25,1.0,0.0
30,confirmation,asset_effect:META,feature,raw,25,-0.04060419850860235,-0.03994876977153858,0.04060419850860235,-0.04922879716183902,-0.03282699103289367,0,25,0,25,0.0,1.0
30,confirmation,asset_effect:MSFT,feature,raw,25,-0.02123541560650932,-0.02062953211372875,0.02123541560650932,-0.025037273082464555,-0.017701835998368876,0,25,0,25,0.0,1.0
30,confirmation,asset_effect:NVDA,feature,raw,25,-0.030910010114043054,-0.03086579461228553,0.030910010114043054,-0.032736842654636104,-0.029003749803016572,0,25,0,25,0.0,1.0
30,confirmation,asset_effect:TSLA,feature,raw,25,-0.07096219905153699,-0.06956222681857371,0.07096219905153699,-0.08006906655635791,-0.06298047942630755,0,25,0,25,0.0,1.0
30,confirmation,b1_butterfly_25,feature,raw,25,-0.0003887117125840427,-0.0003858028234222516,0.0005930103381476786,-0.0013735415538712777,0.000925656733501883,8,17,0,25,0.32,0.68
30,confirmation,b1_iv_14d,feature,log,25,-0.029062947802796616,-0.02968604584475774,0.029062947802796616,-0.03089589913646521,-0.02645449495029911,0,25,0,25,0.0,1.0
30,confirmation,b1_iv_30d,feature,log,25,-0.17840616955694205,-0.20757264733484568,0.17840616955694205,-0.21673088171090785,-0.11951972259147794,0,25,0,25,0.0,1.0
30,confirmation,b1_iv_60d,feature,log,25,0.026725671479720527,0.026294574916811208,0.026725671479720527,0.024321001596590293,0.029827735207993956,25,0,0,25,1.0,0.0
30,confirmation,b1_iv_7d,feature,log,25,0.04608545365389696,0.04690365033217733,0.04608545365389696,0.042338775141738325,0.05040151754632983,25,0,0,25,1.0,0.0
30,confirmation,b1_iv_90d,feature,log,25,0.10549565200533424,0.10492567763212346,0.10549565200533424,0.09217238547458555,0.11762089195018087,25,0,0,25,1.0,0.0
30,confirmation,b1_iv_minus_trailing_rv_30d,feature,signed,25,-0.018173889803704425,-0.017902024597756496,0.018173889803704425,-0.019357472991008626,-0.01744100344654527,0,25,0,25,0.0,1.0
30,confirmation,b1_mfiv,feature,log,25,-0.019948844562375063,-0.020041242829751577,0.019948844562375063,-0.022660897543622206,-0.01824040251744674,0,25,0,25,0.0,1.0
30,confirmation,b1_risk_reversal_25,feature,raw,25,-0.001023544307375555,-0.001029848038743421,0.001023544307375555,-0.0016289454773302093,-0.000407000077719546,0,25,0,25,0.0,1.0
30,confirmation,b1_smile_curvature,feature,raw,25,0.011840070892373076,0.011867490509623355,0.011840070892373076,0.01103726875945418,0.012426445751111516,25,0,0,25,1.0,0.0
30,confirmation,b1_smile_level,feature,log,25,0.16356397740583387,0.1863902373421373,0.16356397740583387,0.11899097086206001,0.19287901795761878,25,0,0,25,1.0,0.0
30,confirmation,b1_smile_slope,feature,raw,25,-0.024208483287927227,-0.02425482079336436,0.024208483287927227,-0.024902151706406802,-0.023317127271424168,0,25,0,25,0.0,1.0
30,confirmation,b1_term_convexity,feature,raw,25,-0.016783617182304117,-0.018368605794853703,0.016783617182304117,-0.019622510612399217,-0.012704977742825689,0,25,0,25,0.0,1.0
30,confirmation,b1_term_slope,feature,raw,25,-0.0003623946663236558,-0.0008231655753274343,0.0022443626646949737,-0.0039186681274381305,0.003094940899261016,9,16,0,25,0.36,0.64
30,confirmation,b2_30m_buy_premium_share,feature,raw,25,-0.07333470937790647,-0.09292362304377327,0.07333470937790647,-0.10603073232862184,-0.03183478766148514,0,25,0,25,0.0,1.0
30,confirmation,b2_30m_contracts,feature,log,25,-0.22066012096924872,-0.2517502420450183,0.22066012096924872,-0.26307324516501746,-0.15629774126596419,0,25,0,25,0.0,1.0
30,confirmation,b2_30m_d_iv,feature,signed,25,-0.004052485159534141,-0.004036141093908267,0.004052485159534141,-0.0044262054565184904,-0.003622577497196735,0,25,0,25,0.0,1.0
30,confirmation,b2_30m_d_mid_rel,feature,signed,25,-0.005270633960700753,-0.0052430735900766785,0.005270633960700753,-0.0055080776104940565,-0.005105905072876612,0,25,0,25,0.0,1.0
30,confirmation,b2_30m_d_spread,feature,signed,25,-0.007830872339711149,-0.007861361778686732,0.007830872339711149,-0.008246224045945641,-0.007371874020131091,0,25,0,25,0.0,1.0
30,confirmation,b2_30m_decay_intensity_innovation,feature,signed,25,-0.0020930984703499307,-0.002287781224121065,0.0020930984703499307,-0.002589152351118972,-0.0014954235168452804,0,25,0,25,0.0,1.0
30,confirmation,b2_30m_decay_intensity_last,feature,log,25,0.07450895867208959,0.0,0.07450895867208959,0.0,0.1585878728782395,12,0,13,12,0.48,0.0
30,confirmation,b2_30m_delta_flow,feature,signed,25,-0.00023414424424306546,-0.00021329871054800344,0.00023752491309082108,-0.0005965955620023033,4.2258360596945195e-05,1,24,0,25,0.04,0.96
30,confirmation,b2_30m_gamma_flow,feature,signed,25,-0.0021241549431214564,-0.002122650477093386,0.0021241549431214564,-0.0030179867050104327,-0.0013489695232876805,0,25,0,25,0.0,1.0
30,confirmation,b2_30m_multileg_premium_share,feature,raw,25,-0.0006880102794639449,-0.0007089150689573025,0.0006880102794639449,-0.0011179565818225546,-8.688747015973556e-05,0,25,0,25,0.0,1.0
30,confirmation,b2_30m_multileg_size_share,feature,raw,25,-0.00040621159344455925,-0.00031282268986201754,0.00040621159344455925,-0.0010878902113587888,-0.00016129879951890628,0,25,0,25,0.0,1.0
30,confirmation,b2_30m_otm_premium_share,feature,raw,25,0.0012394688928027738,0.0011219119101322577,0.0012394688928027738,0.00076014477922531,0.0021405136606736704,25,0,0,25,1.0,0.0
30,confirmation,b2_30m_passive_premium_share,feature,raw,25,-0.11250745580619097,-0.141376477578735,0.11250745580619097,-0.1614666591283873,-0.05070573092700474,0,25,0,25,0.0,1.0
30,confirmation,b2_30m_premium,feature,log,25,0.029943048682177672,0.02998903961223867,0.029943048682177672,0.028047176115615625,0.03210704896011485,25,0,0,25,1.0,0.0
30,confirmation,b2_30m_rate_per_second,feature,log,25,-0.0733909567293576,-0.07402065302450267,0.0733909567293576,-0.07867161399883242,-0.06839234820099119,0,25,0,25,0.0,1.0
30,confirmation,b2_30m_sell_premium_share,feature,raw,25,-0.07882889049047791,-0.09753459944659972,0.07882889049047791,-0.11114034530818732,-0.038169571735586987,0,25,0,25,0.0,1.0
30,confirmation,b2_30m_size,feature,log,25,0.025671175286346368,0.02906112098847885,0.025671175286346368,0.01588394227538654,0.031723555153217405,25,0,0,25,1.0,0.0
30,confirmation,b2_30m_sweep_premium_share,feature,raw,25,0.00412275550028536,0.0041472466590801475,0.00412275550028536,0.003868474364583553,0.00450895112222464,25,0,0,25,1.0,0.0
30,confirmation,b2_30m_trades,feature,log,25,0.0,0.0,0.0,0.0,0.0,0,0,25,0,0.0,0.0
30,confirmation,b2_30m_vega_flow,feature,signed,25,0.004404946276281863,0.004294842586338528,0.004404946276281863,0.003936695394310228,0.005218508910979747,25,0,0,25,1.0,0.0
30,confirmation,b2_30m_vega_flow_abs,feature,log,25,-0.07397956893393949,-0.0734962215820286,0.07397956893393949,-0.08196981320819795,-0.06494905792111616,0,25,0,25,0.0,1.0
30,confirmation,b2_30m_vega_flow_call,feature,signed,25,-0.0017621375372216174,-0.0020830628299711947,0.0017621375372216174,-0.0026179559243226917,-0.0008617074410440554,0,25,0,25,0.0,1.0
30,confirmation,b2_30m_vega_flow_long_dte,feature,signed,25,-0.00350693156690404,-0.0034096797154624914,0.00350693156690404,-0.004002143123251363,-0.002932163727582716,0,25,0,25,0.0,1.0
30,confirmation,b2_30m_vega_flow_put,feature,signed,25,0.005087193936744811,0.005168890710727749,0.005087193936744811,0.004527054666292162,0.0055695963493600014,25,0,0,25,1.0,0.0
30,confirmation,b2_30m_vega_flow_short_dte,feature,signed,25,0.003992557016830276,0.0038864917628957385,0.003992557016830276,0.003426245033744967,0.004559596575836009,25,0,0,25,1.0,0.0
30,confirmation,b2_30m_window_empty,feature,raw,25,-0.03619698299327574,0.0,0.03619698299327574,-0.24419365327691467,0.0,0,6,19,6,0.0,0.24
30,confirmation,b2_30m_zero_dte_premium_share,feature,raw,25,0.0021572405228698953,0.0020326323401365642,0.0021572405228698953,0.0010825898793226534,0.003519982529664905,25,0,0,25,1.0,0.0
30,confirmation,b2_30m_zero_dte_signed_premium,feature,signed,25,0.0035753388625737203,0.003521171884430469,0.0035753388625737203,0.0030106504501511847,0.004037524154649425,25,0,0,25,1.0,0.0
30,confirmation,b2_30m_zero_dte_trade_share,feature,raw,25,-0.009361414539609597,-0.008910636377044957,0.009361414539609597,-0.012846111500343938,-0.0057696277083393145,0,25,0,25,0.0,1.0
30,confirmation,b2_5m_buy_premium_share,feature,raw,25,0.30415387792521126,0.26054945547820074,0.30475192730381523,-0.000909734492480348,1.1223362907396282,16,9,0,25,0.64,0.36
30,confirmation,b2_5m_contract_entropy,feature,raw,25,0.003406168402260868,0.0027072827689086122,0.003406168402260868,0.0017888103218223219,0.005423461602209759,25,0,0,25,1.0,0.0
30,confirmation,b2_5m_contracts,feature,log,25,0.1940469453040172,0.22548942418601794,0.1940469453040172,0.130835816898747,0.23288911542346694,25,0,0,25,1.0,0.0
30,confirmation,b2_5m_d_iv,feature,signed,25,0.0011109896161805037,0.001129764004868221,0.0011109896161805037,0.0007007311010573358,0.0014155202150875454,25,0,0,25,1.0,0.0
30,confirmation,b2_5m_d_mid_rel,feature,signed,25,0.001119662182862921,0.0011375469920507292,0.001119662182862921,0.0007653365766058633,0.0013503060275728528,25,0,0,25,1.0,0.0
30,confirmation,b2_5m_d_spread,feature,signed,25,0.0016413497784006114,0.0016167407891270026,0.0016413497784006114,0.001389928985435676,0.0019389277647677368,25,0,0,25,1.0,0.0
30,confirmation,b2_5m_decay_intensity_innovation,feature,signed,25,-0.005465349315993822,-0.0055182559890553946,0.005465349315993822,-0.006189728324074127,-0.004801069594904623,0,25,0,25,0.0,1.0
30,confirmation,b2_5m_decay_intensity_last,feature,log,25,0.08076386382996655,0.15184554614235643,0.08076386382996655,0.0,0.15807243396205142,13,0,12,13,0.52,0.0
30,confirmation,b2_5m_delta_flow,feature,signed,25,-0.00237683032813969,-0.002419657810070852,0.00237683032813969,-0.002630448684481036,-0.0019265934150649044,0,25,0,25,0.0,1.0
30,confirmation,b2_5m_expiry_hhi,feature,raw,25,-0.009432700642995848,-0.009394330811268956,0.009432700642995848,-0.009900395810623696,-0.00880110784627478,0,25,0,25,0.0,1.0
30,confirmation,b2_5m_gamma_flow,feature,signed,25,-0.00023313350885852628,-8.67026236777903e-05,0.00025137868275807053,-0.000896103527181101,0.00010021563496611737,4,21,0,25,0.16,0.84
30,confirmation,b2_5m_interarrival_cv,feature,raw,25,-0.005801464885126479,-0.005810019017494496,0.005801464885126479,-0.006487187408308461,-0.005248474431719866,0,25,0,25,0.0,1.0
30,confirmation,b2_5m_multileg_premium_share,feature,raw,25,0.0035678595634058437,0.0036368425597453806,0.0035678595634058437,0.0031067004958728254,0.0038644635330238888,25,0,0,25,1.0,0.0
30,confirmation,b2_5m_multileg_size_share,feature,raw,25,-0.0027343268831232976,-0.0027635030750019877,0.0027343268831232976,-0.003065531180087065,-0.002391692553171042,0,25,0,25,0.0,1.0
30,confirmation,b2_5m_otm_premium_share,feature,raw,25,0.0014349186549003229,0.0014093230940083233,0.0014349186549003229,0.0012237762486629,0.0017142581157326166,25,0,0,25,1.0,0.0
30,confirmation,b2_5m_passive_premium_share,feature,raw,25,0.3880358215539533,0.3318983437986558,0.39110710406392907,-0.004433862045665817,1.4413541275322093,16,9,0,25,0.64,0.36
30,confirmation,b2_5m_premium,feature,log,25,0.01843391152498641,0.016858013111879823,0.01843391152498641,0.013539559647836845,0.026559500120880594,25,0,0,25,1.0,0.0
30,confirmation,b2_5m_rate_per_second,feature,log,25,0.04043944383489279,0.03685828970498445,0.04043944383489279,0.027034209946375516,0.05499356363414076,25,0,0,25,1.0,0.0
30,confirmation,b2_5m_sell_premium_share,feature,raw,25,0.30375118156054526,0.26096191343463465,0.30375118156054526,0.0029443903781591367,1.1098234710955321,25,0,0,25,1.0,0.0
30,confirmation,b2_5m_size,feature,log,25,0.003701644601325757,0.00380374781767831,0.003701644601325757,0.002103873281539336,0.004822984379224587,25,0,0,25,1.0,0.0
30,confirmation,b2_5m_strike_hhi,feature,raw,25,0.00925033999635787,0.009128808670555086,0.00925033999635787,0.008522318178610083,0.009967219939209817,25,0,0,25,1.0,0.0
30,confirmation,b2_5m_sweep_premium_share,feature,raw,25,-0.00026609219398588877,-0.00020087207173014024,0.00026609219398588877,-0.0005677447146211576,-2.717957608204665e-05,0,25,0,25,0.0,1.0
30,confirmation,b2_5m_trades,feature,log,25,0.0,0.0,0.0,0.0,0.0,0,0,25,0,0.0,0.0
30,confirmation,b2_5m_vega_flow,feature,signed,25,0.0004545294903193172,0.0003801621408678236,0.0004545294903193172,7.843311348711376e-05,0.0010406886066305669,25,0,0,25,1.0,0.0
30,confirmation,b2_5m_vega_flow_abs,feature,log,25,0.010853943689899077,0.011229812918011502,0.010853943689899077,0.007279330949300945,0.013799842093097876,25,0,0,25,1.0,0.0
30,confirmation,b2_5m_vega_flow_call,feature,signed,25,-0.0025524940476491435,-0.0025559048184704285,0.0025524940476491435,-0.002772422030373514,-0.002376210166249812,0,25,0,25,0.0,1.0
30,confirmation,b2_5m_vega_flow_long_dte,feature,signed,25,0.0023605980754642392,0.0024140696750190012,0.0023605980754642392,0.002045847528794466,0.0025128751528177003,25,0,0,25,1.0,0.0
30,confirmation,b2_5m_vega_flow_put,feature,signed,25,0.003286957689382876,0.0032657647174980965,0.003286957689382876,0.0030882711590820137,0.003441709242004163,25,0,0,25,1.0,0.0
30,confirmation,b2_5m_vega_flow_short_dte,feature,signed,25,0.0013060655355708257,0.0012796552534103283,0.0013060655355708257,0.0010602812002211352,0.001610663317737272,25,0,0,25,1.0,0.0
30,confirmation,b2_5m_window_empty,feature,raw,25,0.08927713641042745,0.0,0.08927713641042745,0.0,0.4774100057113359,6,0,19,6,0.24,0.0
30,confirmation,b2_5m_zero_dte_premium_share,feature,raw,25,-0.00466282202473041,-0.004727980953493594,0.00466282202473041,-0.005060487461414514,-0.00397041376885629,0,25,0,25,0.0,1.0
30,confirmation,b2_5m_zero_dte_signed_premium,feature,signed,25,0.0007751192457845551,0.0007457529117451837,0.0007751192457845551,0.0003669953474705563,0.0010818790481573741,25,0,0,25,1.0,0.0
30,confirmation,b2_5m_zero_dte_trade_share,feature,raw,25,-0.005877720599399127,-0.005975077979371523,0.005877720599399127,-0.009153478801058849,-0.0032323889850587994,0,25,0,25,0.0,1.0
30,confirmation,day_of_week,feature,raw,25,0.03947440738621735,0.039088269817341745,0.03947440738621735,0.0381525849929986,0.04132231476277177,25,0,0,25,1.0,0.0
30,confirmation,dollar_volume_30,feature,log,25,0.15426006658164224,0.15692895687117378,0.15426006658164224,0.13142430958692833,0.1756928379854348,25,0,0,25,1.0,0.0
30,confirmation,intercept,intercept,identity,25,-11.51132705366422,-11.51221606209417,11.51132705366422,-11.515871363197146,-11.505763595043762,0,25,0,25,0.0,1.0
30,confirmation,jump_back_30,feature,log,25,0.004353433892054418,0.0043147266792392565,0.004353433892054418,0.003913401586090362,0.0048524962584922254,25,0,0,25,1.0,0.0
30,confirmation,log_rv_30m,feature,raw,25,0.10225692561359027,0.0,0.10225692561359027,0.0,0.2900693271484868,11,0,14,11,0.44,0.0
30,confirmation,log_rv_day,feature,raw,25,0.01475672985133184,0.0,0.01475672985133184,0.0,0.047697826028314905,8,0,17,8,0.32,0.0
30,confirmation,log_rv_session,feature,raw,25,0.14082978055697717,0.20631299195857739,0.14082978055697717,0.0,0.2099565256534812,17,0,8,17,0.68,0.0
30,confirmation,log_rv_week,feature,raw,25,0.02192988749408141,0.0,0.02192988749408141,0.0,0.053143288851348836,11,0,14,11,0.44,0.0
30,confirmation,minute_fraction,feature,raw,25,-0.20964823230245463,0.0,0.20964823230245463,-0.4600158920834597,0.0,0,12,13,12,0.0,0.48
30,confirmation,minute_fraction_sq,feature,raw,25,0.3617570901992594,0.3591398299791208,0.3617570901992594,0.34961079227438735,0.37787120022222587,25,0,0,25,1.0,0.0
30,confirmation,minutes_since_open,feature,raw,25,-0.226669099485961,-0.4131574265232083,0.226669099485961,-0.4598052336408127,0.0,0,13,12,13,0.0,0.52
30,confirmation,minutes_to_close,feature,raw,25,0.03680658219039946,0.033450391926504286,0.03680658219039946,0.03207470636301888,0.0441504938873738,25,0,0,25,1.0,0.0
30,confirmation,parkinson_30,feature,log,25,0.493990715556599,0.4931790667601565,0.493990715556599,0.48943825726461015,0.4976811905339186,25,0,0,25,1.0,0.0
30,confirmation,presence:b1_butterfly_25,presence,finite_presence_binary,25,0.00031346050793115183,0.0,0.00031346050793115183,0.0,0.0027889227330532146,5,0,20,5,0.2,0.0
30,confirmation,presence:b1_iv_14d,presence,finite_presence_binary,25,0.007369220848249056,0.0,0.007369220848249056,0.0,0.1842305212062264,1,0,24,1,0.04,0.0
30,confirmation,presence:b1_iv_30d,presence,finite_presence_binary,25,0.028024721914085036,0.0,0.028024721914085036,0.0,0.1918341742689368,5,0,20,5,0.2,0.0
30,confirmation,presence:b1_iv_60d,presence,finite_presence_binary,25,0.022104010090781542,0.0,0.022104010090781542,0.0,0.18484228901006663,3,0,22,3,0.12,0.0
30,confirmation,presence:b1_iv_7d,presence,finite_presence_binary,25,0.007413211197072814,0.0,0.007413211197072814,0.0,0.18533027992682036,1,0,24,1,0.04,0.0
30,confirmation,presence:b1_iv_90d,presence,finite_presence_binary,25,0.024890880070526825,0.0,0.024890880070526825,0.0,0.1853603616254967,4,0,21,4,0.16,0.0
30,confirmation,presence:b1_iv_minus_trailing_rv_30d,presence,finite_presence_binary,25,0.017420557439138354,0.0,0.017420557439138354,0.0,0.18416953731788002,3,0,22,3,0.12,0.0
30,confirmation,presence:b1_mfiv,presence,finite_presence_binary,25,-0.10156890332066587,-0.16438304921060928,0.11389994164145907,-0.177462568559549,0.01752544323477565,9,16,0,25,0.36,0.64
30,confirmation,presence:b1_risk_reversal_25,presence,finite_presence_binary,25,0.0012406463408843277,0.0013478415555256897,0.0012406463408843277,0.0,0.0028540041516023477,20,0,5,20,0.8,0.0
30,confirmation,presence:b1_smile_curvature,presence,finite_presence_binary,25,0.0026653028614164213,0.0,0.0026653028614164213,0.0,0.06663257153541054,1,0,24,1,0.04,0.0
30,confirmation,presence:b1_smile_level,presence,finite_presence_binary,25,0.0073813529949435745,0.0,0.0073813529949435745,0.0,0.18453382487358935,1,0,24,1,0.04,0.0
30,confirmation,presence:b1_smile_slope,presence,finite_presence_binary,25,0.0026955806917258185,0.0,0.0026955806917258185,0.0,0.06738951729314546,1,0,24,1,0.04,0.0
30,confirmation,presence:b1_term_convexity,presence,finite_presence_binary,25,0.002665876252374283,0.0,0.002665876252374283,0.0,0.06664690630935707,1,0,24,1,0.04,0.0
30,confirmation,presence:b1_term_slope,presence,finite_presence_binary,25,0.013040529661601996,0.0,0.013040529661601996,0.0,0.1915218158501132,3,0,22,3,0.12,0.0
30,confirmation,presence:b2_30m_buy_premium_share,presence,finite_presence_binary,25,0.024309478159038347,0.0,0.024309478159038347,0.0,0.2450204382712175,4,0,21,4,0.16,0.0
30,confirmation,presence:b2_30m_contracts,presence,finite_presence_binary,25,0.0,0.0,0.0,0.0,0.0,0,0,25,0,0.0,0.0
30,confirmation,presence:b2_30m_d_iv,presence,finite_presence_binary,25,0.02192846899896444,0.0,0.02192846899896444,0.0,0.2448107053718528,3,0,22,3,0.12,0.0
30,confirmation,presence:b2_30m_d_mid_rel,presence,finite_presence_binary,25,0.0,0.0,0.0,0.0,0.0,0,0,25,0,0.0,0.0
30,confirmation,presence:b2_30m_d_spread,presence,finite_presence_binary,25,0.0,0.0,0.0,0.0,0.0,0,0,25,0,0.0,0.0
30,confirmation,presence:b2_30m_decay_intensity_innovation,presence,finite_presence_binary,25,0.024076454615155757,0.0,0.024076454615155757,0.0,0.24217749570623542,4,0,21,4,0.16,0.0
30,confirmation,presence:b2_30m_decay_intensity_last,presence,finite_presence_binary,25,0.0,0.0,0.0,0.0,0.0,0,0,25,0,0.0,0.0
30,confirmation,presence:b2_30m_delta_flow,presence,finite_presence_binary,25,0.0,0.0,0.0,0.0,0.0,0,0,25,0,0.0,0.0
30,confirmation,presence:b2_30m_gamma_flow,presence,finite_presence_binary,25,0.0,0.0,0.0,0.0,0.0,0,0,25,0,0.0,0.0
30,confirmation,presence:b2_30m_multileg_premium_share,presence,finite_presence_binary,25,0.021314906011902605,0.0,0.021314906011902605,0.0,0.23727267257016538,3,0,22,3,0.12,0.0
30,confirmation,presence:b2_30m_multileg_size_share,presence,finite_presence_binary,25,0.009676138803354868,0.0,0.009676138803354868,0.0,0.2419034700838717,1,0,24,1,0.04,0.0
30,confirmation,presence:b2_30m_otm_premium_share,presence,finite_presence_binary,25,0.019218303482540847,0.0,0.019218303482540847,0.0,0.24440752788640574,2,0,23,2,0.08,0.0
30,confirmation,presence:b2_30m_passive_premium_share,presence,finite_presence_binary,25,0.0,0.0,0.0,0.0,0.0,0,0,25,0,0.0,0.0
30,confirmation,presence:b2_30m_premium,presence,finite_presence_binary,25,0.0,0.0,0.0,0.0,0.0,0,0,25,0,0.0,0.0
30,confirmation,presence:b2_30m_rate_per_second,presence,finite_presence_binary,25,0.0,0.0,0.0,0.0,0.0,0,0,25,0,0.0,0.0
30,confirmation,presence:b2_30m_sell_premium_share,presence,finite_presence_binary,25,0.009535205002624532,0.0,0.009535205002624532,0.0,0.2383801250656133,1,0,24,1,0.04,0.0
30,confirmation,presence:b2_30m_size,presence,finite_presence_binary,25,0.0,0.0,0.0,0.0,0.0,0,0,25,0,0.0,0.0
30,confirmation,presence:b2_30m_sweep_premium_share,presence,finite_presence_binary,25,0.0,0.0,0.0,0.0,0.0,0,0,25,0,0.0,0.0
30,confirmation,presence:b2_30m_trades,presence,finite_presence_binary,25,0.0,0.0,0.0,0.0,0.0,0,0,25,0,0.0,0.0
30,confirmation,presence:b2_30m_vega_flow,presence,finite_presence_binary,25,0.0,0.0,0.0,0.0,0.0,0,0,25,0,0.0,0.0
30,confirmation,presence:b2_30m_vega_flow_abs,presence,finite_presence_binary,25,0.0,0.0,0.0,0.0,0.0,0,0,25,0,0.0,0.0
30,confirmation,presence:b2_30m_vega_flow_call,presence,finite_presence_binary,25,0.0,0.0,0.0,0.0,0.0,0,0,25,0,0.0,0.0
30,confirmation,presence:b2_30m_vega_flow_long_dte,presence,finite_presence_binary,25,0.0,0.0,0.0,0.0,0.0,0,0,25,0,0.0,0.0
30,confirmation,presence:b2_30m_vega_flow_put,presence,finite_presence_binary,25,0.0,0.0,0.0,0.0,0.0,0,0,25,0,0.0,0.0
30,confirmation,presence:b2_30m_vega_flow_short_dte,presence,finite_presence_binary,25,0.0,0.0,0.0,0.0,0.0,0,0,25,0,0.0,0.0
30,confirmation,presence:b2_30m_window_empty,presence,finite_presence_binary,25,0.0,0.0,0.0,0.0,0.0,0,0,25,0,0.0,0.0
30,confirmation,presence:b2_30m_zero_dte_premium_share,presence,finite_presence_binary,25,0.00976650772802557,0.0,0.00976650772802557,0.0,0.2441626932006392,1,0,24,1,0.04,0.0
30,confirmation,presence:b2_30m_zero_dte_signed_premium,presence,finite_presence_binary,25,0.0,0.0,0.0,0.0,0.0,0,0,25,0,0.0,0.0
30,confirmation,presence:b2_30m_zero_dte_trade_share,presence,finite_presence_binary,25,0.0,0.0,0.0,0.0,0.0,0,0,25,0,0.0,0.0
30,confirmation,presence:b2_5m_buy_premium_share,presence,finite_presence_binary,25,-0.0721434148562391,0.0,0.0721434148562391,-0.4757133132175361,0.0,0,5,20,5,0.0,0.2
30,confirmation,presence:b2_5m_contract_entropy,presence,finite_presence_binary,25,-0.009503096118993682,0.0,0.009503096118993682,-0.23757740297484206,0.0,0,1,24,1,0.0,0.04
30,confirmation,presence:b2_5m_contracts,presence,finite_presence_binary,25,0.0,0.0,0.0,0.0,0.0,0,0,25,0,0.0,0.0
30,confirmation,presence:b2_5m_d_iv,presence,finite_presence_binary,25,-0.045670332515491345,0.0,0.045670332515491345,-0.47685958591135014,0.0,0,3,22,3,0.0,0.12
30,confirmation,presence:b2_5m_d_mid_rel,presence,finite_presence_binary,25,0.0,0.0,0.0,0.0,0.0,0,0,25,0,0.0,0.0
30,confirmation,presence:b2_5m_d_spread,presence,finite_presence_binary,25,0.0,0.0,0.0,0.0,0.0,0,0,25,0,0.0,0.0
30,confirmation,presence:b2_5m_decay_intensity_innovation,presence,finite_presence_binary,25,0.0,0.0,0.0,0.0,0.0,0,0,25,0,0.0,0.0
30,confirmation,presence:b2_5m_decay_intensity_last,presence,finite_presence_binary,25,0.0,0.0,0.0,0.0,0.0,0,0,25,0,0.0,0.0
30,confirmation,presence:b2_5m_delta_flow,presence,finite_presence_binary,25,0.0,0.0,0.0,0.0,0.0,0,0,25,0,0.0,0.0
30,confirmation,presence:b2_5m_expiry_hhi,presence,finite_presence_binary,25,0.0,0.0,0.0,0.0,0.0,0,0,25,0,0.0,0.0
30,confirmation,presence:b2_5m_gamma_flow,presence,finite_presence_binary,25,0.0,0.0,0.0,0.0,0.0,0,0,25,0,0.0,0.0
30,confirmation,presence:b2_5m_interarrival_cv,presence,finite_presence_binary,25,0.0,0.0,0.0,0.0,0.0,0,0,25,0,0.0,0.0
30,confirmation,presence:b2_5m_multileg_premium_share,presence,finite_presence_binary,25,0.0,0.0,0.0,0.0,0.0,0,0,25,0,0.0,0.0
30,confirmation,presence:b2_5m_multileg_size_share,presence,finite_presence_binary,25,-0.036132145410077594,0.0,0.036132145410077594,-0.47693798468646953,0.0,0,2,23,2,0.0,0.08
30,confirmation,presence:b2_5m_otm_premium_share,presence,finite_presence_binary,25,0.0,0.0,0.0,0.0,0.0,0,0,25,0,0.0,0.0
30,confirmation,presence:b2_5m_passive_premium_share,presence,finite_presence_binary,25,0.0,0.0,0.0,0.0,0.0,0,0,25,0,0.0,0.0
30,confirmation,presence:b2_5m_premium,presence,finite_presence_binary,25,0.0,0.0,0.0,0.0,0.0,0,0,25,0,0.0,0.0
30,confirmation,presence:b2_5m_rate_per_second,presence,finite_presence_binary,25,0.0,0.0,0.0,0.0,0.0,0,0,25,0,0.0,0.0
30,confirmation,presence:b2_5m_sell_premium_share,presence,finite_presence_binary,25,0.0,0.0,0.0,0.0,0.0,0,0,25,0,0.0,0.0
30,confirmation,presence:b2_5m_size,presence,finite_presence_binary,25,0.0,0.0,0.0,0.0,0.0,0,0,25,0,0.0,0.0
30,confirmation,presence:b2_5m_strike_hhi,presence,finite_presence_binary,25,-0.009460721777648114,0.0,0.009460721777648114,-0.23651804444120286,0.0,0,1,24,1,0.0,0.04
30,confirmation,presence:b2_5m_sweep_premium_share,presence,finite_presence_binary,25,0.0,0.0,0.0,0.0,0.0,0,0,25,0,0.0,0.0
30,confirmation,presence:b2_5m_trades,presence,finite_presence_binary,25,0.0,0.0,0.0,0.0,0.0,0,0,25,0,0.0,0.0
30,confirmation,presence:b2_5m_vega_flow,presence,finite_presence_binary,25,0.0,0.0,0.0,0.0,0.0,0,0,25,0,0.0,0.0
30,confirmation,presence:b2_5m_vega_flow_abs,presence,finite_presence_binary,25,0.0,0.0,0.0,0.0,0.0,0,0,25,0,0.0,0.0
30,confirmation,presence:b2_5m_vega_flow_call,presence,finite_presence_binary,25,0.0,0.0,0.0,0.0,0.0,0,0,25,0,0.0,0.0
30,confirmation,presence:b2_5m_vega_flow_long_dte,presence,finite_presence_binary,25,0.0,0.0,0.0,0.0,0.0,0,0,25,0,0.0,0.0
30,confirmation,presence:b2_5m_vega_flow_put,presence,finite_presence_binary,25,0.0,0.0,0.0,0.0,0.0,0,0,25,0,0.0,0.0
30,confirmation,presence:b2_5m_vega_flow_short_dte,presence,finite_presence_binary,25,0.0,0.0,0.0,0.0,0.0,0,0,25,0,0.0,0.0
30,confirmation,presence:b2_5m_window_empty,presence,finite_presence_binary,25,0.0,0.0,0.0,0.0,0.0,0,0,25,0,0.0,0.0
30,confirmation,presence:b2_5m_zero_dte_premium_share,presence,finite_presence_binary,25,-0.10426644463541997,0.0,0.10426644463541997,-0.4277385454686968,0.0,0,7,18,7,0.0,0.28
30,confirmation,presence:b2_5m_zero_dte_signed_premium,presence,finite_presence_binary,25,0.0,0.0,0.0,0.0,0.0,0,0,25,0,0.0,0.0
30,confirmation,presence:b2_5m_zero_dte_trade_share,presence,finite_presence_binary,25,0.0,0.0,0.0,0.0,0.0,0,0,25,0,0.0,0.0
30,confirmation,presence:rp4_dealer_gamma_near_spot,presence,finite_presence_binary,25,0.0,0.0,0.0,0.0,0.0,0,0,25,0,0.0,0.0
30,confirmation,presence:rp4_dealer_gamma_net,presence,finite_presence_binary,25,0.007653487411271441,0.0,0.007653487411271441,0.0,0.19133718528178603,1,0,24,1,0.04,0.0
30,confirmation,presence:rp4_dealer_max_gamma_distance,presence,finite_presence_binary,25,0.0,0.0,0.0,0.0,0.0,0,0,25,0,0.0,0.0
30,confirmation,presence:rp4_gamma_imb_near_short,presence,finite_presence_binary,25,0.007599875640708544,0.0,0.007599875640708544,0.0,0.0650811710804251,3,0,22,3,0.12,0.0
30,confirmation,presence:rp4_gamma_imb_near_spot,presence,finite_presence_binary,25,0.017946958305119776,0.0,0.017946958305119776,0.0,0.0652098849835492,7,0,18,7,0.28,0.0
30,confirmation,presence:rp4_gamma_imb_signed_trades,presence,finite_presence_binary,25,0.015339793582428176,0.0,0.015339793582428176,0.0,0.06519563067964375,6,0,19,6,0.24,0.0
30,confirmation,presence:rp4_gamma_imb_total,presence,finite_presence_binary,25,0.022703375986881498,0.0,0.022703375986881498,0.0,0.06498068912482102,9,0,16,9,0.36,0.0
30,confirmation,presence:rp4_iv_dte_0_1_m_090_097,presence,finite_presence_binary,25,-0.007340920879568142,-0.002840583314764502,0.007340920879568142,-0.016895820919665926,-0.0012664236728311847,0,25,0,25,0.0,1.0
30,confirmation,presence:rp4_iv_dte_0_1_m_097_103,presence,finite_presence_binary,25,-0.00374829000243467,0.0009796908803743228,0.006603563072904912,-0.015051984488450324,0.005372004920482795,16,9,0,25,0.64,0.36
30,confirmation,presence:rp4_iv_dte_0_1_m_103_110,presence,finite_presence_binary,25,0.01186924965858974,0.01600655239370862,0.01186924965858974,0.0014425368543445455,0.01891391833138338,25,0,0,25,1.0,0.0
30,confirmation,presence:rp4_iv_dte_0_1_m_gt110,presence,finite_presence_binary,25,0.01649152260788034,0.020371543381005053,0.01649152260788034,0.008453293828954395,0.02161919676546009,25,0,0,25,1.0,0.0
30,confirmation,presence:rp4_iv_dte_0_1_m_lt090,presence,finite_presence_binary,25,0.016756495287068306,0.021741262514609408,0.016756495287068306,0.00705669119730381,0.022576095661705563,25,0,0,25,1.0,0.0
30,confirmation,presence:rp4_iv_dte_2_7_m_090_097,presence,finite_presence_binary,25,-0.017362070753011147,-0.017279512108060856,0.017362070753011147,-0.023845642580799676,-0.011856034990005355,0,25,0,25,0.0,1.0
30,confirmation,presence:rp4_iv_dte_2_7_m_097_103,presence,finite_presence_binary,25,0.03918133329261361,0.041509858375927376,0.03918133329261361,0.02516154976378839,0.04949479548268269,25,0,0,25,1.0,0.0
30,confirmation,presence:rp4_iv_dte_2_7_m_103_110,presence,finite_presence_binary,25,0.0006321646014406064,0.002885782074211022,0.003853744219204365,-0.004678899922799513,0.005119615873482351,16,9,0,25,0.64,0.36
30,confirmation,presence:rp4_iv_dte_2_7_m_gt110,presence,finite_presence_binary,25,-0.0012665680743722692,0.003819623074590337,0.0064096093166132306,-0.01091466915324153,0.004703051672574988,16,9,0,25,0.64,0.36
30,confirmation,presence:rp4_iv_dte_2_7_m_lt090,presence,finite_presence_binary,25,0.006888108097835089,0.011277759390571665,0.008175831370685898,-0.0020972577418782957,0.012450528665321196,16,9,0,25,0.64,0.36
30,confirmation,presence:rp4_iv_dte_31_90_m_090_097,presence,finite_presence_binary,25,-0.007271750073387562,-0.0053152407358672904,0.007271750073387562,-0.011273481278814949,-0.004962302709339752,0,25,0,25,0.0,1.0
30,confirmation,presence:rp4_iv_dte_31_90_m_097_103,presence,finite_presence_binary,25,-0.006997310809754287,-0.005802150264953965,0.006997310809754287,-0.014291729931139226,-0.0015338546607330803,0,25,0,25,0.0,1.0
30,confirmation,presence:rp4_iv_dte_31_90_m_103_110,presence,finite_presence_binary,25,0.003764204004931413,0.005636093490075423,0.003851525869371801,-0.0005447618629522937,0.006724938099613947,22,3,0,25,0.88,0.12
30,confirmation,presence:rp4_iv_dte_31_90_m_gt110,presence,finite_presence_binary,25,-0.0008668997786540747,0.0010897128640186906,0.0023869339039803484,-0.004642850354881144,0.0014387299573550953,16,9,0,25,0.64,0.36
30,confirmation,presence:rp4_iv_dte_31_90_m_lt090,presence,finite_presence_binary,25,-0.0026357977187018685,-0.000569446265020755,0.0026357977187018685,-0.006509178837226018,-0.0003863918588246458,0,25,0,25,0.0,1.0
30,confirmation,presence:rp4_iv_dte_8_30_m_090_097,presence,finite_presence_binary,25,-0.01199686551985519,-0.009692951875142299,0.01199686551985519,-0.017883885825152077,-0.008229056384761986,0,25,0,25,0.0,1.0
30,confirmation,presence:rp4_iv_dte_8_30_m_097_103,presence,finite_presence_binary,25,0.02345765800359396,0.04056038863469567,0.029474230292285828,-0.008845517101743729,0.042618679822805185,16,9,0,25,0.64,0.36
30,confirmation,presence:rp4_iv_dte_8_30_m_103_110,presence,finite_presence_binary,25,-0.01628992874404944,-0.014499010329740743,0.01628992874404944,-0.01997098097816399,-0.014080856930765412,0,25,0,25,0.0,1.0
30,confirmation,presence:rp4_iv_dte_8_30_m_gt110,presence,finite_presence_binary,25,0.0035906397949134927,0.005856254939935107,0.004016986444903256,-0.0007440414351863368,0.006199836981189595,16,9,0,25,0.64,0.36
30,confirmation,presence:rp4_iv_dte_8_30_m_lt090,presence,finite_presence_binary,25,-0.0016540486385600817,0.00032839591127164613,0.002206471115390096,-0.005471614927045307,0.0006385602211543405,16,9,0,25,0.64,0.36
30,confirmation,presence:rp4_iv_dte_gt90_m_090_097,presence,finite_presence_binary,25,0.0025233922799416035,0.004514328976259704,0.0033957511298269723,-0.0013723066788819582,0.0047935484032885995,16,9,0,25,0.64,0.36
30,confirmation,presence:rp4_iv_dte_gt90_m_097_103,presence,finite_presence_binary,25,0.008229429261423761,0.01037856889609809,0.008229429261423761,0.004185450086645188,0.010755853914005423,25,0,0,25,1.0,0.0
30,confirmation,presence:rp4_iv_dte_gt90_m_103_110,presence,finite_presence_binary,25,0.004454775364167985,0.006417683281179805,0.004454775364167985,0.0007288907488646904,0.006727419890548775,25,0,0,25,1.0,0.0
30,confirmation,presence:rp4_iv_dte_gt90_m_gt110,presence,finite_presence_binary,25,0.00020985872240363083,0.0022694299327330907,0.002852071721212456,-0.0037624046935234756,0.002588870117606336,16,9,0,25,0.64,0.36
30,confirmation,presence:rp4_iv_dte_gt90_m_lt090,presence,finite_presence_binary,25,0.00040456293038843645,0.0026024155722047674,0.0030284449855516914,-0.0037488318666381833,0.002821666637196478,16,9,0,25,0.64,0.36
30,confirmation,presence:rp4_surface_populated_cells,presence,finite_presence_binary,25,0.0,0.0,0.0,0.0,0.0,0,0,25,0,0.0,0.0
30,confirmation,ret_30,feature,raw,25,0.02029481409525817,0.02007444295366746,0.02029481409525817,0.01921770220416702,0.021780804442312743,25,0,0,25,1.0,0.0
30,confirmation,ret_5,feature,raw,25,-0.007807377205055276,-0.007861348935681408,0.007807377205055276,-0.008131307330028483,-0.007390655630715585,0,25,0,25,0.0,1.0
30,confirmation,rp4_dealer_gamma_near_spot,feature,signed,25,-0.02165704281466123,-0.021690770491456214,0.02165704281466123,-0.02225108370550478,-0.021047507877169802,0,25,0,25,0.0,1.0
30,confirmation,rp4_dealer_gamma_net,feature,signed,25,-0.010410922917543239,-0.010492940784458112,0.010410922917543239,-0.010928384932919801,-0.00988781638370559,0,25,0,25,0.0,1.0
30,confirmation,rp4_dealer_max_gamma_distance,feature,raw,25,-0.0021567748440642224,-0.0022072974376812606,0.0021567748440642224,-0.0026815310088508354,-0.0016996951976804711,0,25,0,25,0.0,1.0
30,confirmation,rp4_gamma_imb_near_short,feature,signed_log1p,25,-0.0008615404631741999,-0.0006347454439152996,0.0008615404631741999,-0.0017551248257632304,-0.00026161265819632827,0,25,0,25,0.0,1.0
30,confirmation,rp4_gamma_imb_near_spot,feature,signed_log1p,25,0.004618761008238985,0.004476058991035127,0.004618761008238985,0.004159208604382182,0.005084180751533053,25,0,0,25,1.0,0.0
30,confirmation,rp4_gamma_imb_signed_trades,feature,log1p_count,25,0.011579861420078772,0.012234629242177577,0.011579861420078772,0.005612514756265127,0.018157416761026304,25,0,0,25,1.0,0.0
30,confirmation,rp4_gamma_imb_total,feature,signed_log1p,25,-0.00182971005656421,-0.0018916876299262424,0.00182971005656421,-0.0022905159161135517,-0.0013510911543066796,0,25,0,25,0.0,1.0
30,confirmation,rp4_iv_dte_0_1_m_090_097,feature,log,25,-0.010635312963226477,-0.01061359746306025,0.010635312963226477,-0.011440121931667647,-0.009900087192980528,0,25,0,25,0.0,1.0
30,confirmation,rp4_iv_dte_0_1_m_097_103,feature,log,25,0.019122636786003618,0.0190639474969447,0.019122636786003618,0.01835931163725708,0.020061761864555498,25,0,0,25,1.0,0.0
30,confirmation,rp4_iv_dte_0_1_m_103_110,feature,log,25,-0.00751659902964765,-0.007310017115272403,0.00751659902964765,-0.00892789078756244,-0.005472447582104379,0,25,0,25,0.0,1.0
30,confirmation,rp4_iv_dte_0_1_m_gt110,feature,log,25,0.005228333113158956,0.005062486263721486,0.005228333113158956,0.004578206363346126,0.00591039265506233,25,0,0,25,1.0,0.0
30,confirmation,rp4_iv_dte_0_1_m_lt090,feature,log,25,-0.0009257800269584067,-0.0009279698468129503,0.0009257800269584067,-0.0013048303921146904,-0.0006022225167272779,0,25,0,25,0.0,1.0
30,confirmation,rp4_iv_dte_2_7_m_090_097,feature,log,25,0.005358198521481054,0.005608355489147598,0.005358198521481054,0.0037424551908172518,0.006424878783007824,25,0,0,25,1.0,0.0
30,confirmation,rp4_iv_dte_2_7_m_097_103,feature,log,25,0.04246328585464653,0.04238730880312069,0.04246328585464653,0.040406509786711065,0.0448430711121471,25,0,0,25,1.0,0.0
30,confirmation,rp4_iv_dte_2_7_m_103_110,feature,log,25,-0.014403574712193485,-0.013721464440632916,0.014403574712193485,-0.016178930773962742,-0.012728789566319223,0,25,0,25,0.0,1.0
30,confirmation,rp4_iv_dte_2_7_m_gt110,feature,log,25,0.002339917034149865,0.002375065707279883,0.002339917034149865,0.0017625570862876822,0.0029348411121244596,25,0,0,25,1.0,0.0
30,confirmation,rp4_iv_dte_2_7_m_lt090,feature,log,25,0.0054750436250545695,0.005456082834699631,0.0054750436250545695,0.005238337703556776,0.005896893673477585,25,0,0,25,1.0,0.0
30,confirmation,rp4_iv_dte_31_90_m_090_097,feature,log,25,0.014816196956697024,0.015200605756193801,0.014816196956697024,0.013708603622583455,0.015745919407686992,25,0,0,25,1.0,0.0
30,confirmation,rp4_iv_dte_31_90_m_097_103,feature,log,25,-0.00012703685526772903,-0.00046373169062108245,0.0008646737459568568,-0.002011153204357221,0.001325720188090359,12,13,0,25,0.48,0.52
30,confirmation,rp4_iv_dte_31_90_m_103_110,feature,log,25,-0.010615644207572923,-0.010363937493709527,0.010615644207572923,-0.012360333636661842,-0.009350640943804228,0,25,0,25,0.0,1.0
30,confirmation,rp4_iv_dte_31_90_m_gt110,feature,log,25,0.001961733684921532,0.0021708603781736484,0.001961733684921532,0.0009054627578706235,0.0028426157040937145,25,0,0,25,1.0,0.0
30,confirmation,rp4_iv_dte_31_90_m_lt090,feature,log,25,0.00010746811529613234,0.00012489088222877084,0.00023163572072588511,-0.00025844515894205656,0.000950795348439498,16,9,0,25,0.64,0.36
30,confirmation,rp4_iv_dte_8_30_m_090_097,feature,log,25,0.01833183803128719,0.018439167391221905,0.01833183803128719,0.01694370445342143,0.019245678478773977,25,0,0,25,1.0,0.0
30,confirmation,rp4_iv_dte_8_30_m_097_103,feature,log,25,0.015903851808526267,0.016065431953410526,0.015903851808526267,0.015047136217785625,0.016615667222557164,25,0,0,25,1.0,0.0
30,confirmation,rp4_iv_dte_8_30_m_103_110,feature,log,25,-0.018675930627684936,-0.01866268129477076,0.018675930627684936,-0.01968092667979417,-0.01781911211780761,0,25,0,25,0.0,1.0
30,confirmation,rp4_iv_dte_8_30_m_gt110,feature,log,25,0.0021706056632158984,0.0020202870887910456,0.0021706056632158984,0.00149593126567008,0.0032892465224682314,25,0,0,25,1.0,0.0
30,confirmation,rp4_iv_dte_8_30_m_lt090,feature,log,25,0.0025239690759260793,0.002599840835224203,0.0025239690759260793,0.0019963240492151145,0.0029882989450805003,25,0,0,25,1.0,0.0
30,confirmation,rp4_iv_dte_gt90_m_090_097,feature,log,25,-0.0005957266484634163,-0.0005751412192967115,0.0005957266484634163,-0.0010111400219364193,-0.00013763178503496624,0,25,0,25,0.0,1.0
30,confirmation,rp4_iv_dte_gt90_m_097_103,feature,log,25,-0.0018882708387015106,-0.0019495674560407934,0.0018882708387015106,-0.0023370724956252617,-0.0013072271151338452,0,25,0,25,0.0,1.0
30,confirmation,rp4_iv_dte_gt90_m_103_110,feature,log,25,-0.01316695265012728,-0.013301082715989655,0.01316695265012728,-0.013810737930136626,-0.0123819876233197,0,25,0,25,0.0,1.0
30,confirmation,rp4_iv_dte_gt90_m_gt110,feature,log,25,-0.020498587952538484,-0.020611111042329693,0.020498587952538484,-0.021129023556918012,-0.019454490570492457,0,25,0,25,0.0,1.0
30,confirmation,rp4_iv_dte_gt90_m_lt090,feature,log,25,-0.002320493485675853,-0.002340962944008823,0.002320493485675853,-0.0026071505929604927,-0.00207804963872108,0,25,0,25,0.0,1.0
30,confirmation,rp4_surface_populated_cells,feature,raw,25,-0.04494714005235537,-0.07201264282535938,0.04802938516223901,-0.07479511586423221,0.004728535917793195,9,16,0,25,0.36,0.64
30,confirmation,rq_attenuation,feature,raw,25,0.04022371368868742,0.03905482159442105,0.04022371368868742,0.028232951193522274,0.04914334042321595,25,0,0,25,1.0,0.0
30,confirmation,rq_back_30,feature,log,25,0.030743563298664643,0.019980715724310802,0.040187636701653116,-0.03315522993344218,0.0841922546032743,20,5,0,25,0.8,0.2
30,confirmation,rs_down_back_30,feature,log,25,-0.1814122709967631,-0.18563588262992067,0.1814122709967631,-0.18926572648790344,-0.1690445725672615,0,25,0,25,0.0,1.0
30,confirmation,rs_up_back_30,feature,log,25,-0.1842137536750429,-0.18840290960825137,0.1842137536750429,-0.19455050220354717,-0.16953686678110938,0,25,0,25,0.0,1.0
30,confirmation,rv_back_15,feature,log,25,0.060301983568653884,0.06018919158145437,0.060301983568653884,0.05950334378652624,0.061344844561823174,25,0,0,25,1.0,0.0
30,confirmation,rv_back_30,feature,log,25,0.11769885248385595,0.14249644204360956,0.11769885248385595,0.0,0.2877798690976045,14,0,11,14,0.56,0.0
30,confirmation,rv_back_5,feature,log,25,0.007853496245191757,0.007334279142458275,0.007853496245191757,0.007105877535271043,0.008939018556649818,25,0,0,25,1.0,0.0
30,confirmation,rv_prev_day,feature,log,25,0.031215638122923797,0.04461279174149783,0.031215638122923797,0.0,0.047688020705235645,17,0,8,17,0.68,0.0
30,confirmation,rv_session_to_date,feature,log,25,0.0664181387919876,0.0,0.0664181387919876,0.0,0.21024769506422916,8,0,17,8,0.32,0.0
30,confirmation,rv_week,feature,log,25,0.027696701187428733,0.04805903697347973,0.027696701187428733,0.0,0.05324125878605624,14,0,11,14,0.56,0.0
30,confirmation,volume_30,feature,log,25,-0.19397619721170326,-0.1981243631361914,0.19397619721170326,-0.22040851592640814,-0.1653945878138604,0,25,0,25,0.0,1.0
30,primary,QQQ_ret_30,feature,raw,419,-0.027044275006859127,-0.03009456277504227,0.027048690239917385,-0.04623632021717958,0.0009249913257040376,1,418,0,419,0.002386634844868735,0.9976133651551312
30,primary,QQQ_rv_30,feature,log,419,0.016734147352052253,0.013389959462097083,0.027380147090924324,-0.029826721147291978,0.09599281857975403,255,164,0,419,0.6085918854415274,0.3914081145584726
30,primary,SPY_ret_30,feature,raw,419,-0.006415406305706582,-0.009632650129637061,0.010936403692690161,-0.026917776175149965,0.019202057978175553,108,311,0,419,0.2577565632458234,0.7422434367541766
30,primary,SPY_rv_30,feature,log,419,0.06056314353732935,0.06378285873361395,0.06291416689905618,-0.03784911737860923,0.10669661117306826,390,29,0,419,0.9307875894988067,0.06921241050119331
30,primary,asset_effect:AMZN,feature,raw,419,0.0069248659164696524,0.0041981198129424115,0.009317702026513022,-0.02291900350628351,0.046660704763558825,308,111,0,419,0.7350835322195705,0.2649164677804296
30,primary,asset_effect:META,feature,raw,419,-0.045018494481580615,-0.05462014942532231,0.0543122625380046,-0.10407494130557142,0.03969372682055474,96,323,0,419,0.22911694510739858,0.7708830548926014
30,primary,asset_effect:MSFT,feature,raw,419,-0.0014340252039485304,-0.006083288594078202,0.017087143656944904,-0.03179951094284323,0.06766005889161564,144,275,0,419,0.3436754176610978,0.6563245823389021
30,primary,asset_effect:NVDA,feature,raw,419,-0.07758583828082072,-0.06555231521737404,0.07758583828082072,-0.1900805423702468,-0.016575198316858473,0,419,0,419,0.0,1.0
30,primary,asset_effect:TSLA,feature,raw,419,-0.11462476992342467,-0.12551485883431135,0.1146550598529009,-0.2403620867071776,0.002330054761047097,4,415,0,419,0.00954653937947494,0.9904534606205251
30,primary,b1_butterfly_25,feature,raw,419,-0.0006451009250369483,7.054597261473717e-05,0.0019482245420761868,-0.009527014802521749,0.007051512690390117,212,207,0,419,0.5059665871121718,0.49403341288782815
30,primary,b1_iv_14d,feature,log,419,-0.02183609181669795,-0.022465631780819707,0.02253707376134028,-0.04550479406859471,0.01700487763791632,27,392,0,419,0.06443914081145585,0.9355608591885441
30,primary,b1_iv_30d,feature,log,419,-0.11453372123725629,-0.09581194733216636,0.11698872299931454,-0.3905380109586452,0.010385096262726245,63,356,0,419,0.15035799522673032,0.8496420047732697
30,primary,b1_iv_60d,feature,log,419,0.033382966974943314,0.03611970391172521,0.033825929113927754,-0.01957389140316798,0.07246529163596066,407,12,0,419,0.9713603818615751,0.028639618138424822
30,primary,b1_iv_7d,feature,log,419,0.0316323071742323,0.029499544213545687,0.033293289822871316,-0.02701582703689744,0.09049825726702468,396,23,0,419,0.9451073985680191,0.05489260143198091
30,primary,b1_iv_90d,feature,log,419,0.14150510083813117,0.14654957832114454,0.14150510083813117,0.01941200176997186,0.32192264272476884,419,0,0,419,1.0,0.0
30,primary,b1_iv_minus_trailing_rv_30d,feature,signed,419,-0.0220079285493871,-0.018980298874561954,0.022016366712464448,-0.0488556470696833,0.001053935299998139,2,417,0,419,0.00477326968973747,0.9952267303102625
30,primary,b1_mfiv,feature,log,419,-0.02392783844364715,-0.027570528076399554,0.023994254839216064,-0.04310045036537658,0.0014604002693363533,32,387,0,419,0.07637231503579953,0.9236276849642004
30,primary,b1_risk_reversal_25,feature,raw,419,-0.001103011966497022,-0.0018727036615203614,0.011509635993106468,-0.02729111021023409,0.04653775546798842,117,302,0,419,0.27923627684964203,0.720763723150358
30,primary,b1_smile_curvature,feature,raw,419,0.009002758555660023,0.008978247219306682,0.009002758555660023,0.0022370499680355828,0.021634415343634094,419,0,0,419,1.0,0.0
30,primary,b1_smile_level,feature,log,419,0.11630269041318837,0.11318316488818998,0.11630269041318837,0.003175615306006714,0.35551152676761094,419,0,0,419,1.0,0.0
30,primary,b1_smile_slope,feature,raw,419,-0.021337790850035173,-0.02181395688900058,0.021337790850035173,-0.03146842623780339,-0.001847991470274721,0,419,0,419,0.0,1.0
30,primary,b1_term_convexity,feature,raw,419,-0.003177245213235182,-0.007960674021344235,0.0110903718063052,-0.020894831565824806,0.027416254027690354,153,266,0,419,0.36515513126491644,0.6348448687350835
30,primary,b1_term_slope,feature,raw,419,-0.010744932533519816,-0.009279534167606083,0.011705438981766219,-0.03586322847492689,0.030347223328615933,64,355,0,419,0.15274463007159905,0.847255369928401
30,primary,b2_30m_buy_premium_share,feature,raw,419,0.013218757203745622,0.008484733409724169,0.04763465278485681,-0.11174215415798806,0.2560761918409189,304,115,0,419,0.7255369928400954,0.2744630071599045
30,primary,b2_30m_contracts,feature,log,419,-0.1284567785459461,-0.0969005061578241,0.12932185559337267,-0.41857191963155477,0.014896090772595096,26,393,0,419,0.06205250596658711,0.9379474940334129
30,primary,b2_30m_d_iv,feature,signed,419,-0.00938644356293538,-0.008950540326192937,0.00938644356293538,-0.025893379961775754,-0.003048999671200495,0,419,0,419,0.0,1.0
30,primary,b2_30m_d_mid_rel,feature,signed,419,-0.0036527653160678265,-0.004953026806277067,0.004317751579713102,-0.007815626895260231,0.009273977758986618,79,340,0,419,0.18854415274463007,0.8114558472553699
30,primary,b2_30m_d_spread,feature,signed,419,-0.003209234486696396,-0.002411806501562345,0.0034539454395737996,-0.012925536510204557,0.0027149271496385552,45,374,0,419,0.10739856801909307,0.8926014319809069
30,primary,b2_30m_decay_intensity_innovation,feature,signed,419,-0.0005694388762485077,-0.0005734782045361491,0.0020643994879816496,-0.010025865155479995,0.008554510374602482,157,262,0,419,0.3747016706443914,0.6252983293556086
30,primary,b2_30m_decay_intensity_last,feature,log,419,0.05684740702610638,0.0,0.05684740702610638,0.0,0.1955307662630206,197,0,222,197,0.4701670644391408,0.0
30,primary,b2_30m_delta_flow,feature,signed,419,0.00036545721061294697,9.954526301331341e-05,0.0019309117650378415,-0.002978297074588693,0.007328206386872905,223,196,0,419,0.5322195704057279,0.4677804295942721
30,primary,b2_30m_gamma_flow,feature,signed,419,-0.0012814139730513668,-0.0014251046673833022,0.0019505073850771214,-0.013945749515632882,0.0029310343948809,111,308,0,419,0.2649164677804296,0.7350835322195705
30,primary,b2_30m_multileg_premium_share,feature,raw,419,0.0060201455462074015,0.005364482925207007,0.00643758501153409,-0.00889957503816942,0.015369987299738758,388,31,0,419,0.9260143198090692,0.07398568019093078
30,primary,b2_30m_multileg_size_share,feature,raw,419,-0.0021820847441193407,-0.002598404286475712,0.0030060328691353293,-0.007558715834059697,0.008099293057575375,79,340,0,419,0.18854415274463007,0.8114558472553699
30,primary,b2_30m_otm_premium_share,feature,raw,419,-0.000521969170729303,0.00019082872945611493,0.002393184388244082,-0.013069070422377234,0.005557220545706046,222,197,0,419,0.5298329355608592,0.4701670644391408
30,primary,b2_30m_passive_premium_share,feature,raw,419,0.012778346066313676,0.0039854404891992165,0.06719650337996581,-0.16973504992818744,0.3582615910445352,219,200,0,419,0.522673031026253,0.477326968973747
30,primary,b2_30m_premium,feature,log,419,0.025777423160887755,0.0218526457386441,0.025779097624779767,-0.00035080018537693273,0.07664608563888971,418,1,0,419,0.9976133651551312,0.002386634844868735
30,primary,b2_30m_rate_per_second,feature,log,419,-0.03274931152554018,-0.0056841380480616,0.04568974551197517,-0.13574393830842987,0.10765762185526097,91,216,112,307,0.2171837708830549,0.5155131264916468
30,primary,b2_30m_sell_premium_share,feature,raw,419,0.010953015375719315,0.007822562061344903,0.048653230478926786,-0.11683099957993294,0.24791778244933102,281,138,0,419,0.6706443914081146,0.32935560859188545
30,primary,b2_30m_size,feature,log,419,0.03755882988017906,0.033078745620777374,0.03755882988017906,0.0006425007871563379,0.0864913664359062,419,0,0,419,1.0,0.0
30,primary,b2_30m_sweep_premium_share,feature,raw,419,0.0005426899783090853,0.0008905615766700443,0.002962927363098877,-0.009118523004728018,0.005743153165077921,267,152,0,419,0.6372315035799523,0.3627684964200477
30,primary,b2_30m_trades,feature,log,419,0.0042491308769383885,0.0,0.0068886692242263875,-0.024707307019641994,0.09671326171855323,65,47,307,112,0.15513126491646778,0.11217183770883055
30,primary,b2_30m_vega_flow,feature,signed,419,0.004857837763671177,0.004468401126379882,0.004859615300904713,-0.0003723940504258403,0.00987098609796188,418,1,0,419,0.9976133651551312,0.002386634844868735
30,primary,b2_30m_vega_flow_abs,feature,log,419,-0.043278714240635514,-0.044064319673958595,0.046716545358229125,-0.11273691307203607,0.020364782020379328,65,354,0,419,0.15513126491646778,0.8448687350835322
30,primary,b2_30m_vega_flow_call,feature,signed,419,-0.0018012233312517671,-0.001269893874853805,0.002156419336904481,-0.013432087859712448,0.0024601435953688936,85,334,0,419,0.20286396181384247,0.7971360381861575
30,primary,b2_30m_vega_flow_long_dte,feature,signed,419,-0.0007229489631814832,-0.0012916988140360213,0.0026510216515956302,-0.004430470558542213,0.01200896401999254,146,273,0,419,0.34844868735083534,0.6515513126491647
30,primary,b2_30m_vega_flow_put,feature,signed,419,0.003811594009640196,0.004655514677682873,0.004538033788033659,-0.009057824549049872,0.006964270857884218,376,43,0,419,0.8973747016706444,0.1026252983293556
30,primary,b2_30m_vega_flow_short_dte,feature,signed,419,0.005542668788414298,0.004924995834636036,0.005542668788414298,0.0022180994434815014,0.020202309387875903,419,0,0,419,1.0,0.0
30,primary,b2_30m_window_empty,feature,raw,419,-0.02535819258311303,0.0,0.02663218781000016,-0.29527309464167584,0.020989168355084072,15,70,334,85,0.03579952267303103,0.16706443914081145
30,primary,b2_30m_zero_dte_premium_share,feature,raw,419,-0.005483413205525397,-0.0031903453230027524,0.006834305044981019,-0.03263322268222343,0.0048803400382596935,125,294,0,419,0.29832935560859186,0.7016706443914081
30,primary,b2_30m_zero_dte_signed_premium,feature,signed,419,0.0019388647653290241,0.0023410737937559697,0.002021811506587239,-0.0011852869851657908,0.0034399493121141755,386,33,0,419,0.9212410501193318,0.07875894988066826
30,primary,b2_30m_zero_dte_trade_share,feature,raw,419,-0.002710283068836296,-0.0023899074973768738,0.010441004233987779,-0.026717963163189386,0.0302358402345568,163,256,0,419,0.38902147971360385,0.6109785202863962
30,primary,b2_5m_buy_premium_share,feature,raw,419,0.3850300991837596,0.00011191878360760375,0.3862275637015265,-0.00348786052721697,3.2507362875054824,220,173,26,393,0.5250596658711217,0.4128878281622912
30,primary,b2_5m_contract_entropy,feature,raw,419,0.009207905994294822,0.007324917329212302,0.009327974449409755,-0.0032216665973830816,0.026341594187276322,391,28,0,419,0.9331742243436754,0.06682577565632458
30,primary,b2_5m_contracts,feature,log,419,0.08711291241218688,0.05954121754532996,0.08711291241218688,0.011347936871607869,0.22831473585708034,419,0,0,419,1.0,0.0
30,primary,b2_5m_d_iv,feature,signed,419,-0.00040268766775907513,-0.00030319681535298775,0.0010604230979496757,-0.004465637900652066,0.002384822123761854,164,255,0,419,0.3914081145584726,0.6085918854415274
30,primary,b2_5m_d_mid_rel,feature,signed,419,-0.0014747942666301153,-0.001456869618317383,0.0022837616301329385,-0.008778203738535509,0.001716395260284474,141,278,0,419,0.33651551312649164,0.6634844868735084
30,primary,b2_5m_d_spread,feature,signed,419,0.0005885779878030822,0.0012461090017930972,0.001874928990312076,-0.005011144643760605,0.0039039370671002014,329,90,0,419,0.7852028639618138,0.21479713603818615
30,primary,b2_5m_decay_intensity_innovation,feature,signed,419,-0.0029612102394685263,-0.0033812107435708598,0.0036939280953924712,-0.005841526474228005,0.004996347563160875,59,360,0,419,0.14081145584725538,0.8591885441527446
30,primary,b2_5m_decay_intensity_last,feature,log,419,0.05922293731609599,0.04297183711998309,0.05922293731609599,0.0,0.1939113737680543,222,0,197,222,0.5298329355608592,0.0
30,primary,b2_5m_delta_flow,feature,signed,419,-0.005214272154509994,-0.004949713134547634,0.005214272154509994,-0.012851492476924227,-0.0027497956472637953,0,419,0,419,0.0,1.0
30,primary,b2_5m_expiry_hhi,feature,raw,419,-0.00783290216266975,-0.00802810267496718,0.007857971345883277,-0.013067465458787914,0.0011705230569530203,10,409,0,419,0.02386634844868735,0.9761336515513126
30,primary,b2_5m_gamma_flow,feature,signed,419,0.0009038399787287932,0.00020070368132926625,0.0013379793378058044,-0.0016753502085914249,0.014493203478725404,255,164,0,419,0.6085918854415274,0.3914081145584726
30,primary,b2_5m_interarrival_cv,feature,raw,419,-0.013901400419568482,-0.017473239321654285,0.014359345380597563,-0.023919948009427646,0.004343267680649329,30,389,0,419,0.07159904534606205,0.9284009546539379
30,primary,b2_5m_multileg_premium_share,feature,raw,419,0.0010254870462799263,0.0012955888922715833,0.0019485215381844776,-0.005471347442431168,0.006799695461634369,319,100,0,419,0.7613365155131265,0.2386634844868735
30,primary,b2_5m_multileg_size_share,feature,raw,419,-0.005055796893360098,-0.00506165870450112,0.005055796893360098,-0.008883360721378027,-0.0022198790254856575,0,419,0,419,0.0,1.0
30,primary,b2_5m_otm_premium_share,feature,raw,419,0.0036517952239260233,0.0031180918408290456,0.0038065874627174197,-0.0016019085859819862,0.014799279287090409,375,44,0,419,0.8949880668257757,0.10501193317422435
30,primary,b2_5m_passive_premium_share,feature,raw,419,0.47562454177809416,-0.00011561135788394937,0.47857762661028075,-0.006148610680836358,4.009427353006076,203,214,2,417,0.48448687350835323,0.5107398568019093
30,primary,b2_5m_premium,feature,log,419,0.037998952986680164,0.03353732312898163,0.037998952986680164,0.007765349545537471,0.06865524303672767,419,0,0,419,1.0,0.0
30,primary,b2_5m_rate_per_second,feature,log,419,0.047630647588538105,0.04620199002193739,0.047630647588538105,0.0,0.12083373496708272,366,0,53,366,0.8735083532219571,0.0
30,primary,b2_5m_sell_premium_share,feature,raw,419,0.3834355241961734,0.003286585804248252,0.3834381622666329,-0.0005214808773674811,3.209396045280374,417,2,0,419,0.9952267303102625,0.00477326968973747
30,primary,b2_5m_size,feature,log,419,0.0019000053357518393,-3.0112857486633683e-05,0.00921096498176943,-0.016532952611910106,0.028774487373604104,209,210,0,419,0.4988066825775656,0.5011933174224343
30,primary,b2_5m_strike_hhi,feature,raw,419,0.006326524666559262,0.007433598721896878,0.006624390759503915,-0.005734604302847595,0.012977025479105196,389,30,0,419,0.9284009546539379,0.07159904534606205
30,primary,b2_5m_sweep_premium_share,feature,raw,419,0.0009239137113459036,0.00036758284701766345,0.0010476656148707274,-0.0006452981219508911,0.004206839937809159,306,113,0,419,0.7303102625298329,0.26968973747016706
30,primary,b2_5m_trades,feature,log,419,0.005368427200770136,0.0,0.005368427200770136,0.0,0.06160655767378227,53,0,366,53,0.12649164677804295,0.0
30,primary,b2_5m_vega_flow,feature,signed,419,0.0015420282221392041,0.0013731147408675738,0.0015759551660100267,-0.0010162115314218522,0.006397470614388879,406,13,0,419,0.9689737470167065,0.031026252983293555
30,primary,b2_5m_vega_flow_abs,feature,log,419,0.008237243792251504,0.007550399614540299,0.010704868874679153,-0.026906358471934087,0.028773909059261697,355,64,0,419,0.847255369928401,0.15274463007159905
30,primary,b2_5m_vega_flow_call,feature,signed,419,-0.003776587576755959,-0.003911392158395606,0.00377913072990624,-0.005530677846917967,0.0002603015924710057,4,415,0,419,0.00954653937947494,0.9904534606205251
30,primary,b2_5m_vega_flow_long_dte,feature,signed,419,0.0013267751517690612,0.0014554403091061865,0.001478551173095705,-0.0016394274824140308,0.004076204779349495,371,48,0,419,0.8854415274463007,0.11455847255369929
30,primary,b2_5m_vega_flow_put,feature,signed,419,0.003175528978752893,0.0039388242536776055,0.0035744967274328444,-0.004575606668862496,0.005333494077141214,367,52,0,419,0.8758949880668258,0.12410501193317422
30,primary,b2_5m_vega_flow_short_dte,feature,signed,419,0.0010887360083648278,0.0015257277801937552,0.0019584989431702276,-0.014550768713661255,0.003642647989853607,374,45,0,419,0.8926014319809069,0.10739856801909307
30,primary,b2_5m_window_empty,feature,raw,419,0.06763728150110147,0.0,0.06763728150110147,0.0,0.5312725992919718,115,0,304,115,0.2744630071599045,0.0
30,primary,b2_5m_zero_dte_premium_share,feature,raw,419,-0.0017716744647844874,-0.0027559039693890917,0.003500216052407613,-0.00730828536597133,0.006826694493858483,86,333,0,419,0.2052505966587112,0.7947494033412887
30,primary,b2_5m_zero_dte_signed_premium,feature,signed,419,-0.0013192791693720134,-0.001475499450994087,0.0013657557275321278,-0.002970069654200081,0.0007780530712439026,40,379,0,419,0.0954653937947494,0.9045346062052506
30,primary,b2_5m_zero_dte_trade_share,feature,raw,419,-0.002237345295572824,-0.0011999359290599892,0.005217574146302774,-0.019158387976835244,0.009239102891385072,159,260,0,419,0.3794749403341289,0.6205250596658711
30,primary,day_of_week,feature,raw,419,0.04654518889530734,0.04754258753649963,0.04654518889530734,0.009551550563851765,0.06908022522927534,419,0,0,419,1.0,0.0
30,primary,dollar_volume_30,feature,log,419,0.13864993179103255,0.14678394034787584,0.13864993179103255,0.007917489909623933,0.2702284795452018,419,0,0,419,1.0,0.0
30,primary,intercept,intercept,identity,419,-11.500028906334862,-11.51591404567278,11.500028906334862,-11.67228515100765,-11.288260303040232,0,419,0,419,0.0,1.0
30,primary,jump_back_30,feature,log,419,0.005421682510768799,0.0050231541518779305,0.005421682510768799,0.0019459608347649469,0.008471468469712296,419,0,0,419,1.0,0.0
30,primary,log_rv_30m,feature,raw,419,0.06855493166750391,0.0,0.06855493166750391,0.0,0.4443677689709159,181,0,238,181,0.431980906921241,0.0
30,primary,log_rv_day,feature,raw,419,0.02951238938746124,0.032411925211659386,0.02951238938746124,0.0,0.08789845270389252,210,0,209,210,0.5011933174224343,0.0
30,primary,log_rv_session,feature,raw,419,0.14915705458192396,0.2114378302958384,0.14915705458192396,0.0,0.300530936591168,280,0,139,280,0.6682577565632458,0.0
30,primary,log_rv_week,feature,raw,419,0.022095187763024444,0.01300317031458476,0.022095187763024444,0.0,0.05682446211000771,218,0,201,218,0.5202863961813843,0.0
30,primary,minute_fraction,feature,raw,419,-0.12603162564633122,0.0,0.12603162564633122,-0.4758558651385463,0.0,0,168,251,168,0.0,0.4009546539379475
30,primary,minute_fraction_sq,feature,raw,419,0.25699039610937174,0.29048027531489695,0.2570317001449606,-0.008653195455856232,0.3666849449413407,418,1,0,419,0.9976133651551312,0.002386634844868735
30,primary,minutes_since_open,feature,raw,419,-0.1870488607106237,-0.17423321936256767,0.1870488607106237,-0.48267518406286014,0.0,0,245,174,245,0.0,0.5847255369928401
30,primary,minutes_to_close,feature,raw,419,0.03159450127620444,0.030297598793893214,0.0316192672514454,-0.001995210204128621,0.2985406653075512,398,3,18,401,0.9498806682577565,0.007159904534606206
30,primary,parkinson_30,feature,log,419,0.4341515318754756,0.4857319360830901,0.4341515318754756,0.08195938867080146,0.5384391065576237,419,0,0,419,1.0,0.0
30,primary,presence:b1_butterfly_25,presence,finite_presence_binary,419,0.0007268461640137856,0.0,0.000836980116057625,-0.004663417402003585,0.013607231771988429,40,6,373,46,0.0954653937947494,0.014319809069212411
30,primary,presence:b1_iv_14d,presence,finite_presence_binary,419,0.005858728395774023,0.0,0.006031985913208959,-0.016680705573115302,0.19090201695672235,15,3,401,18,0.03579952267303103,0.007159904534606206
30,primary,presence:b1_iv_30d,presence,finite_presence_binary,419,0.0022736969886926464,0.0,0.002686839872916301,-0.01682166278046556,0.1891090192352204,7,6,406,13,0.016706443914081145,0.014319809069212411
30,primary,presence:b1_iv_60d,presence,finite_presence_binary,419,0.003566382781839325,0.0,0.0037421882429386644,-0.01711861469427483,0.19454839412954994,14,3,402,17,0.03341288782816229,0.007159904534606206
30,primary,presence:b1_iv_7d,presence,finite_presence_binary,419,0.003031397375462335,0.0,0.003031397375462335,0.0,0.19292640213803475,9,0,410,9,0.021479713603818614,0.0
30,primary,presence:b1_iv_90d,presence,finite_presence_binary,419,0.0031425642627423817,0.0,0.0032254490135707236,-0.01736435529853759,0.19300748371911502,10,1,408,11,0.02386634844868735,0.002386634844868735
30,primary,presence:b1_iv_minus_trailing_rv_30d,presence,finite_presence_binary,419,0.007689106935937002,0.0,0.007930775900040685,-0.01710057076898731,0.1883980183351324,22,3,394,25,0.05250596658711217,0.007159904534606206
30,primary,presence:b1_mfiv,presence,finite_presence_binary,419,-0.08972898999576623,-0.04051253220239621,0.09157746288251524,-0.21304496649626603,0.015676569187042303,62,326,31,388,0.14797136038186157,0.7780429594272077
30,primary,presence:b1_risk_reversal_25,presence,finite_presence_binary,419,0.006698129659749,0.008628920984027155,0.007188395359526739,-0.006478533258610208,0.013907848142513429,349,24,46,373,0.8329355608591885,0.057279236276849645
30,primary,presence:b1_smile_curvature,presence,finite_presence_binary,419,0.006635797677481146,0.0,0.006896047130577863,-0.017427312231281276,0.19329260895055522,25,4,390,29,0.059665871121718374,0.00954653937947494
30,primary,presence:b1_smile_level,presence,finite_presence_binary,419,0.0037797351223736817,0.0,0.003938089073084672,-0.016820477834996645,0.18869062679192242,13,2,404,15,0.031026252983293555,0.00477326968973747
30,primary,presence:b1_smile_slope,presence,finite_presence_binary,419,0.004771550910616744,0.0,0.004850586627168004,-0.016557982617489097,0.19189117270845674,18,1,400,19,0.04295942720763723,0.002386634844868735
30,primary,presence:b1_term_convexity,presence,finite_presence_binary,419,0.003252919818753119,0.0,0.0034995725676205337,-0.01731117175516236,0.18813196372577054,12,3,404,15,0.028639618138424822,0.007159904534606206
30,primary,presence:b1_term_slope,presence,finite_presence_binary,419,0.009922386515322667,0.0,0.010562648502095482,-0.017232543303383713,0.19252742716198307,30,8,381,38,0.07159904534606205,0.01909307875894988
30,primary,presence:b2_30m_buy_premium_share,presence,finite_presence_binary,419,0.013617579692634533,0.0,0.014369784063061424,-0.018069764513357577,0.3080563091638891,38,9,372,47,0.09069212410501193,0.021479713603818614
30,primary,presence:b2_30m_contracts,presence,finite_presence_binary,419,0.0,0.0,0.0,0.0,0.0,0,0,419,0,0.0,0.0
30,primary,presence:b2_30m_d_iv,presence,finite_presence_binary,419,0.00560959042753487,0.0,0.005775663053733138,-0.017455894088917012,0.2955615007618832,16,2,401,18,0.03818615751789976,0.00477326968973747
30,primary,presence:b2_30m_d_mid_rel,presence,finite_presence_binary,419,0.002683881086411443,0.0,0.002853188297592514,-0.017872690278108266,0.2567239239702493,6,2,411,8,0.014319809069212411,0.00477326968973747
30,primary,presence:b2_30m_d_spread,presence,finite_presence_binary,419,0.002264740734437821,0.0,0.002264740734437821,0.0,0.2977661326531763,6,0,413,6,0.014319809069212411,0.0
30,primary,presence:b2_30m_decay_intensity_innovation,presence,finite_presence_binary,419,0.002972594756145027,0.0,0.002972594756145027,0.0,0.26436449429486825,6,0,413,6,0.014319809069212411,0.0
30,primary,presence:b2_30m_decay_intensity_last,presence,finite_presence_binary,419,0.0,0.0,0.0,0.0,0.0,0,0,419,0,0.0,0.0
30,primary,presence:b2_30m_delta_flow,presence,finite_presence_binary,419,0.0,0.0,0.0,0.0,0.0,0,0,419,0,0.0,0.0
30,primary,presence:b2_30m_gamma_flow,presence,finite_presence_binary,419,0.0,0.0,0.0,0.0,0.0,0,0,419,0,0.0,0.0
30,primary,presence:b2_30m_multileg_premium_share,presence,finite_presence_binary,419,0.0024931041742510883,0.0,0.0025298470438022223,-0.0039059721315151926,0.2580690112751273,7,2,410,9,0.016706443914081145,0.00477326968973747
30,primary,presence:b2_30m_multileg_size_share,presence,finite_presence_binary,419,0.0013142418345193354,0.0,0.0013969351645607728,-0.017324252643681114,0.2521764748438324,4,1,414,5,0.00954653937947494,0.002386634844868735
30,primary,presence:b2_30m_otm_premium_share,presence,finite_presence_binary,419,0.0017232727668038982,0.0,0.001806501058364131,-0.017436327081868794,0.2934605592200109,9,1,409,10,0.021479713603818614,0.002386634844868735
30,primary,presence:b2_30m_passive_premium_share,presence,finite_presence_binary,419,0.0006774275785494723,0.0,0.0007626527395126057,-0.017854671221776433,0.268115185554742,2,1,416,3,0.00477326968973747,0.002386634844868735
30,primary,presence:b2_30m_premium,presence,finite_presence_binary,419,0.0,0.0,0.0,0.0,0.0,0,0,419,0,0.0,0.0
30,primary,presence:b2_30m_rate_per_second,presence,finite_presence_binary,419,0.0,0.0,0.0,0.0,0.0,0,0,419,0,0.0,0.0
30,primary,presence:b2_30m_sell_premium_share,presence,finite_presence_binary,419,0.0002978436514053559,0.0,0.0002978436514053559,0.0,0.05146378656402223,4,0,415,4,0.00954653937947494,0.0
30,primary,presence:b2_30m_size,presence,finite_presence_binary,419,0.0,0.0,0.0,0.0,0.0,0,0,419,0,0.0,0.0
30,primary,presence:b2_30m_sweep_premium_share,presence,finite_presence_binary,419,0.0006221504457967274,0.0,0.0007421775566410551,-0.01747778302671721,0.21319205479300907,3,3,413,6,0.007159904534606206,0.007159904534606206
30,primary,presence:b2_30m_trades,presence,finite_presence_binary,419,0.0,0.0,0.0,0.0,0.0,0,0,419,0,0.0,0.0
30,primary,presence:b2_30m_vega_flow,presence,finite_presence_binary,419,0.0,0.0,0.0,0.0,0.0,0,0,419,0,0.0,0.0
30,primary,presence:b2_30m_vega_flow_abs,presence,finite_presence_binary,419,0.0,0.0,0.0,0.0,0.0,0,0,419,0,0.0,0.0
30,primary,presence:b2_30m_vega_flow_call,presence,finite_presence_binary,419,0.0,0.0,0.0,0.0,0.0,0,0,419,0,0.0,0.0
30,primary,presence:b2_30m_vega_flow_long_dte,presence,finite_presence_binary,419,0.0,0.0,0.0,0.0,0.0,0,0,419,0,0.0,0.0
30,primary,presence:b2_30m_vega_flow_put,presence,finite_presence_binary,419,0.0,0.0,0.0,0.0,0.0,0,0,419,0,0.0,0.0
30,primary,presence:b2_30m_vega_flow_short_dte,presence,finite_presence_binary,419,0.0,0.0,0.0,0.0,0.0,0,0,419,0,0.0,0.0
30,primary,presence:b2_30m_window_empty,presence,finite_presence_binary,419,0.0,0.0,0.0,0.0,0.0,0,0,419,0,0.0,0.0
30,primary,presence:b2_30m_zero_dte_premium_share,presence,finite_presence_binary,419,0.0018066154617292266,0.0,0.0019530579641988386,-0.01811840339336391,0.2979453525027044,4,4,411,8,0.00954653937947494,0.00954653937947494
30,primary,presence:b2_30m_zero_dte_signed_premium,presence,finite_presence_binary,419,0.0,0.0,0.0,0.0,0.0,0,0,419,0,0.0,0.0
30,primary,presence:b2_30m_zero_dte_trade_share,presence,finite_presence_binary,419,0.0001822868771763896,0.0,0.0001822868771763896,0.0,0.03841349211451365,2,0,417,2,0.00477326968973747,0.0
30,primary,presence:b2_5m_buy_premium_share,presence,finite_presence_binary,419,-0.03913757388951789,0.0,0.03913757388951789,-0.5285528418992665,0.0,0,71,348,71,0.0,0.16945107398568018
30,primary,presence:b2_5m_contract_entropy,presence,finite_presence_binary,419,-0.0017727836065856153,0.0,0.0017727836065856153,-0.47750437419369846,0.0,0,4,415,4,0.0,0.00954653937947494
30,primary,presence:b2_5m_contracts,presence,finite_presence_binary,419,0.0,0.0,0.0,0.0,0.0,0,0,419,0,0.0,0.0
30,primary,presence:b2_5m_d_iv,presence,finite_presence_binary,419,-0.017576515775793,0.0,0.017576515775793,-0.5292401427342537,0.0,0,24,395,24,0.0,0.057279236276849645
30,primary,presence:b2_5m_d_mid_rel,presence,finite_presence_binary,419,0.0,0.0,0.0,0.0,0.0,0,0,419,0,0.0,0.0
30,primary,presence:b2_5m_d_spread,presence,finite_presence_binary,419,0.0,0.0,0.0,0.0,0.0,0,0,419,0,0.0,0.0
30,primary,presence:b2_5m_decay_intensity_innovation,presence,finite_presence_binary,419,-0.014140455874915595,0.0,0.014140455874915595,-0.5278495611834996,0.0,0,18,401,18,0.0,0.04295942720763723
30,primary,presence:b2_5m_decay_intensity_last,presence,finite_presence_binary,419,0.0,0.0,0.0,0.0,0.0,0,0,419,0,0.0,0.0
30,primary,presence:b2_5m_delta_flow,presence,finite_presence_binary,419,0.0,0.0,0.0,0.0,0.0,0,0,419,0,0.0,0.0
30,primary,presence:b2_5m_expiry_hhi,presence,finite_presence_binary,419,0.0,0.0,0.0,0.0,0.0,0,0,419,0,0.0,0.0
30,primary,presence:b2_5m_gamma_flow,presence,finite_presence_binary,419,0.0,0.0,0.0,0.0,0.0,0,0,419,0,0.0,0.0
30,primary,presence:b2_5m_interarrival_cv,presence,finite_presence_binary,419,0.0,0.0,0.0,0.0,0.0,0,0,419,0,0.0,0.0
30,primary,presence:b2_5m_multileg_premium_share,presence,finite_presence_binary,419,0.0,0.0,0.0,0.0,0.0,0,0,419,0,0.0,0.0
30,primary,presence:b2_5m_multileg_size_share,presence,finite_presence_binary,419,-0.014065848980679344,0.0,0.014065848980679344,-0.5307671247919244,0.0,0,20,399,20,0.0,0.0477326968973747
30,primary,presence:b2_5m_otm_premium_share,presence,finite_presence_binary,419,0.0,0.0,0.0,0.0,0.0,0,0,419,0,0.0,0.0
30,primary,presence:b2_5m_passive_premium_share,presence,finite_presence_binary,419,0.0,0.0,0.0,0.0,0.0,0,0,419,0,0.0,0.0
30,primary,presence:b2_5m_premium,presence,finite_presence_binary,419,0.0,0.0,0.0,0.0,0.0,0,0,419,0,0.0,0.0
30,primary,presence:b2_5m_rate_per_second,presence,finite_presence_binary,419,0.0,0.0,0.0,0.0,0.0,0,0,419,0,0.0,0.0
30,primary,presence:b2_5m_sell_premium_share,presence,finite_presence_binary,419,-0.002005310127198416,0.0,0.002005310127198416,-0.302985276263429,0.0,0,7,412,7,0.0,0.016706443914081145
30,primary,presence:b2_5m_size,presence,finite_presence_binary,419,0.0,0.0,0.0,0.0,0.0,0,0,419,0,0.0,0.0
30,primary,presence:b2_5m_strike_hhi,presence,finite_presence_binary,419,-0.0072392020656522425,0.0,0.0072392020656522425,-0.5291760350844735,0.0,0,9,410,9,0.0,0.021479713603818614
30,primary,presence:b2_5m_sweep_premium_share,presence,finite_presence_binary,419,-0.0027887605147435515,0.0,0.0027887605147435515,-0.37592164480577284,0.0,0,7,412,7,0.0,0.016706443914081145
30,primary,presence:b2_5m_trades,presence,finite_presence_binary,419,0.0,0.0,0.0,0.0,0.0,0,0,419,0,0.0,0.0
30,primary,presence:b2_5m_vega_flow,presence,finite_presence_binary,419,0.0,0.0,0.0,0.0,0.0,0,0,419,0,0.0,0.0
30,primary,presence:b2_5m_vega_flow_abs,presence,finite_presence_binary,419,0.0,0.0,0.0,0.0,0.0,0,0,419,0,0.0,0.0
30,primary,presence:b2_5m_vega_flow_call,presence,finite_presence_binary,419,0.0,0.0,0.0,0.0,0.0,0,0,419,0,0.0,0.0
30,primary,presence:b2_5m_vega_flow_long_dte,presence,finite_presence_binary,419,0.0,0.0,0.0,0.0,0.0,0,0,419,0,0.0,0.0
30,primary,presence:b2_5m_vega_flow_put,presence,finite_presence_binary,419,0.0,0.0,0.0,0.0,0.0,0,0,419,0,0.0,0.0
30,primary,presence:b2_5m_vega_flow_short_dte,presence,finite_presence_binary,419,0.0,0.0,0.0,0.0,0.0,0,0,419,0,0.0,0.0
30,primary,presence:b2_5m_window_empty,presence,finite_presence_binary,419,0.0,0.0,0.0,0.0,0.0,0,0,419,0,0.0,0.0
30,primary,presence:b2_5m_zero_dte_premium_share,presence,finite_presence_binary,419,-0.017355653679838524,0.0,0.017355653679838524,-0.47602121440324946,0.0,0,23,396,23,0.0,0.05489260143198091
30,primary,presence:b2_5m_zero_dte_signed_premium,presence,finite_presence_binary,419,0.0,0.0,0.0,0.0,0.0,0,0,419,0,0.0,0.0
30,primary,presence:b2_5m_zero_dte_trade_share,presence,finite_presence_binary,419,-0.0025966487511534194,0.0,0.0025966487511534194,-0.37791094278564497,0.0,0,5,414,5,0.0,0.011933174224343675
30,primary,presence:rp4_dealer_gamma_near_spot,presence,finite_presence_binary,419,0.000691802795125552,0.0,0.0007061790310472079,-0.003011821425586886,0.14673903093141386,2,1,416,3,0.00477326968973747,0.002386634844868735
30,primary,presence:rp4_dealer_gamma_net,presence,finite_presence_binary,419,0.0002567394970512545,0.0,0.000271168473873056,-0.0030228706441674117,0.06135161234724339,2,1,416,3,0.00477326968973747,0.002386634844868735
30,primary,presence:rp4_dealer_max_gamma_distance,presence,finite_presence_binary,419,0.0007835267959894966,0.0,0.0007835267959894966,0.0,0.16440372229209968,2,0,417,2,0.00477326968973747,0.0
30,primary,presence:rp4_gamma_imb_near_short,presence,finite_presence_binary,419,0.007485346155516989,0.0,0.008063351636829223,-0.01563346893389603,0.07521267682704535,50,8,361,58,0.11933174224343675,0.01909307875894988
30,primary,presence:rp4_gamma_imb_near_spot,presence,finite_presence_binary,419,0.005867009969590632,0.0,0.0064496223596471796,-0.015819573304425676,0.07406521403921751,40,8,371,48,0.0954653937947494,0.01909307875894988
30,primary,presence:rp4_gamma_imb_signed_trades,presence,finite_presence_binary,419,0.004620505115968332,0.0,0.00535089310933325,-0.015871521441786562,0.07316859619746317,33,10,376,43,0.07875894988066826,0.02386634844868735
30,primary,presence:rp4_gamma_imb_total,presence,finite_presence_binary,419,0.006268109759375023,0.0,0.00656536992617806,-0.015767335961663503,0.07461725757808767,42,4,373,46,0.10023866348448687,0.00954653937947494
30,primary,presence:rp4_iv_dte_0_1_m_090_097,presence,finite_presence_binary,419,-0.015088315641758233,-0.01373907086289635,0.018241551270637216,-0.038660309989944755,0.02427919399292221,65,354,0,419,0.15513126491646778,0.8448687350835322
30,primary,presence:rp4_iv_dte_0_1_m_097_103,presence,finite_presence_binary,419,-0.017364510838636552,-0.014926676284628706,0.018482950722838076,-0.0480626716682554,0.021551009151426485,40,379,0,419,0.0954653937947494,0.9045346062052506
30,primary,presence:rp4_iv_dte_0_1_m_103_110,presence,finite_presence_binary,419,0.007683803331808683,0.0031678536124212548,0.008915492689235185,-0.004305692010908617,0.052619948047559,305,114,0,419,0.7279236276849642,0.2720763723150358
30,primary,presence:rp4_iv_dte_0_1_m_gt110,presence,finite_presence_binary,419,0.012747050465198315,0.009717751246618795,0.012998627429012786,-0.006160938778965035,0.053329014181705305,401,18,0,419,0.9570405727923628,0.04295942720763723
30,primary,presence:rp4_iv_dte_0_1_m_lt090,presence,finite_presence_binary,419,0.00958268116888826,0.005893734924875776,0.011774431153889773,-0.016916251015878132,0.05630738120967328,332,87,0,419,0.7923627684964201,0.20763723150357996
30,primary,presence:rp4_iv_dte_2_7_m_090_097,presence,finite_presence_binary,419,-0.015797298922804726,-0.020497702692509986,0.020240239270905954,-0.04334067522114769,0.03487679953792506,69,350,0,419,0.16467780429594273,0.8353221957040573
30,primary,presence:rp4_iv_dte_2_7_m_097_103,presence,finite_presence_binary,419,-0.0034527801684651792,-0.006048723446399204,0.023585706793308365,-0.04961673243690304,0.05948318273192567,146,273,0,419,0.34844868735083534,0.6515513126491647
30,primary,presence:rp4_iv_dte_2_7_m_103_110,presence,finite_presence_binary,419,0.01928971447609013,0.020467517974321114,0.02076494431691006,-0.016775051418241937,0.07251214786985456,363,56,0,419,0.8663484486873508,0.13365155131264916
30,primary,presence:rp4_iv_dte_2_7_m_gt110,presence,finite_presence_binary,419,0.003644796891999463,-0.0010755849060038966,0.009693666684884686,-0.01255718067499975,0.055885726264153494,176,243,0,419,0.4200477326968974,0.5799522673031027
30,primary,presence:rp4_iv_dte_2_7_m_lt090,presence,finite_presence_binary,419,0.012924050443938422,0.008019982643225752,0.012950328322731845,-0.0008183839759233657,0.05841416773789645,407,12,0,419,0.9713603818615751,0.028639618138424822
30,primary,presence:rp4_iv_dte_31_90_m_090_097,presence,finite_presence_binary,419,-0.008330221339125877,-0.009446728579223905,0.009031324596539035,-0.018328681664967292,0.008360052065362628,26,393,0,419,0.06205250596658711,0.9379474940334129
30,primary,presence:rp4_iv_dte_31_90_m_097_103,presence,finite_presence_binary,419,-0.004808266187750955,-0.004133735775238333,0.008166083031434719,-0.017562395164379314,0.017423524593093334,118,301,0,419,0.28162291169451076,0.7183770883054893
30,primary,presence:rp4_iv_dte_31_90_m_103_110,presence,finite_presence_binary,419,0.0003030986536349706,-0.0006772670714002784,0.005696487972577723,-0.012320724130992685,0.020862534688601442,184,235,0,419,0.43914081145584727,0.5608591885441527
30,primary,presence:rp4_iv_dte_31_90_m_gt110,presence,finite_presence_binary,419,-0.0014396076948250756,-0.0019350673357599465,0.005050661648883253,-0.010551676141638803,0.016947402050279003,138,281,0,419,0.32935560859188545,0.6706443914081146
30,primary,presence:rp4_iv_dte_31_90_m_lt090,presence,finite_presence_binary,419,-0.0021167361103069417,-0.00358747527414605,0.004225514548752997,-0.0078082589707585345,0.019400850661817404,121,298,0,419,0.28878281622911695,0.711217183770883
30,primary,presence:rp4_iv_dte_8_30_m_090_097,presence,finite_presence_binary,419,-0.0005382534637179073,8.685643419241426e-05,0.0071534859395329005,-0.017862738177181516,0.023904835468862417,216,203,0,419,0.5155131264916468,0.48448687350835323
30,primary,presence:rp4_iv_dte_8_30_m_097_103,presence,finite_presence_binary,419,-0.0007466891153219761,0.0,0.01700031728996127,-0.07498903125848164,0.04257874505698487,112,191,116,303,0.26730310262529833,0.45584725536992843
30,primary,presence:rp4_iv_dte_8_30_m_103_110,presence,finite_presence_binary,419,-0.02864400025464695,-0.017411882527473097,0.028657874228458287,-0.10060211295947694,0.002514549979180708,3,416,0,419,0.007159904534606206,0.9928400954653938
30,primary,presence:rp4_iv_dte_8_30_m_gt110,presence,finite_presence_binary,419,0.005934826609451687,0.004330511944299559,0.006267630299024197,-0.0018372542967947905,0.0322741309111533,356,63,0,419,0.8496420047732697,0.15035799522673032
30,primary,presence:rp4_iv_dte_8_30_m_lt090,presence,finite_presence_binary,419,-0.0017673585707247894,-0.004163410879138008,0.004857504115232777,-0.007165454754425992,0.018126443079754938,137,282,0,419,0.3269689737470167,0.6730310262529833
30,primary,presence:rp4_iv_dte_gt90_m_090_097,presence,finite_presence_binary,419,0.0029103341716472677,0.001220251141831311,0.0036138889297333927,-0.0024633314072203577,0.023587074023351477,298,121,0,419,0.711217183770883,0.28878281622911695
30,primary,presence:rp4_iv_dte_gt90_m_097_103,presence,finite_presence_binary,419,0.011014053675107,0.010761784585552086,0.011267129160160268,-0.002915342100966603,0.033380524190854945,389,30,0,419,0.9284009546539379,0.07159904534606205
30,primary,presence:rp4_iv_dte_gt90_m_103_110,presence,finite_presence_binary,419,0.004998371045377488,0.003097283188387939,0.005170095380840274,-0.0017552293911097389,0.026377635191021855,384,35,0,419,0.9164677804295943,0.08353221957040573
30,primary,presence:rp4_iv_dte_gt90_m_gt110,presence,finite_presence_binary,419,0.0032781126539951134,0.0031101825299251467,0.005411683083536243,-0.009058609233068138,0.029189858901700512,314,105,0,419,0.7494033412887828,0.25059665871121717
30,primary,presence:rp4_iv_dte_gt90_m_lt090,presence,finite_presence_binary,419,0.0021084466101532998,0.0024083171111249444,0.0048482263135066215,-0.008626746006372017,0.023981142879395137,270,149,0,419,0.6443914081145584,0.3556085918854415
30,primary,presence:rp4_surface_populated_cells,presence,finite_presence_binary,419,0.0,0.0,0.0,0.0,0.0,0,0,419,0,0.0,0.0
30,primary,ret_30,feature,raw,419,0.013275245327914234,0.018796582201322472,0.01487515136536245,-0.009341024799046223,0.023735078745670934,341,78,0,419,0.8138424821002387,0.18615751789976134
30,primary,ret_5,feature,raw,419,-0.012796385051205677,-0.012203157535301197,0.012796385051205677,-0.023500667935812833,-0.0081523391475559,0,419,0,419,0.0,1.0
30,primary,rp4_dealer_gamma_near_spot,feature,signed,419,-0.017169879886721903,-0.01885153794309501,0.017236486306479875,-0.02547321721264826,0.0021568686666882764,12,407,0,419,0.028639618138424822,0.9713603818615751
30,primary,rp4_dealer_gamma_net,feature,signed,419,-0.013412050533924823,-0.012826571307096909,0.013412050533924823,-0.020930805794926684,-0.005793494016409044,0,419,0,419,0.0,1.0
30,primary,rp4_dealer_max_gamma_distance,feature,raw,419,-0.0013278304136013824,-0.0013108938477311236,0.0025273232020377743,-0.010677812248838554,0.008511291009949153,122,297,0,419,0.2911694510739857,0.7088305489260143
30,primary,rp4_gamma_imb_near_short,feature,signed_log1p,419,-0.0009359580393363995,-0.0009182560862825037,0.0017992967287559644,-0.007728433034184119,0.004097905679172776,116,303,0,419,0.27684964200477324,0.7231503579952268
30,primary,rp4_gamma_imb_near_spot,feature,signed_log1p,419,-0.0005799824417740965,0.0008442004498410164,0.003594608215362279,-0.01775900967312346,0.005900978403314793,248,171,0,419,0.5918854415274463,0.4081145584725537
30,primary,rp4_gamma_imb_signed_trades,feature,log1p_count,419,-0.02673703714667053,-0.02138537062145279,0.029601157231735287,-0.08852369635256689,0.018625227288128893,89,330,0,419,0.21241050119331742,0.7875894988066826
30,primary,rp4_gamma_imb_total,feature,signed_log1p,419,0.004066691987461654,0.0028607417781538096,0.004714194080431256,-0.003075253226964655,0.02876875768389645,321,98,0,419,0.766109785202864,0.23389021479713604
30,primary,rp4_iv_dte_0_1_m_090_097,feature,log,419,-0.007286030378202119,-0.00692635197702157,0.007359312945468236,-0.014755192733394793,0.007181582272746518,4,415,0,419,0.00954653937947494,0.9904534606205251
30,primary,rp4_iv_dte_0_1_m_097_103,feature,log,419,0.01157213147506835,0.011438053444198891,0.011612631410987981,-0.002236784001489051,0.021436294274372533,414,5,0,419,0.9880668257756563,0.011933174224343675
30,primary,rp4_iv_dte_0_1_m_103_110,feature,log,419,-0.006825197651566889,-0.006963438488053607,0.007523582709766884,-0.014988059506557364,0.014967353584021835,24,395,0,419,0.057279236276849645,0.9427207637231504
30,primary,rp4_iv_dte_0_1_m_gt110,feature,log,419,0.005175000023936263,0.005375152559629661,0.00522900313914101,-0.002203709290620791,0.010751369605346834,404,15,0,419,0.964200477326969,0.03579952267303103
30,primary,rp4_iv_dte_0_1_m_lt090,feature,log,419,-0.002333434917637666,-0.002597228711580162,0.0026206108722519484,-0.00785813416776088,0.0029244749795019273,45,374,0,419,0.10739856801909307,0.8926014319809069
30,primary,rp4_iv_dte_2_7_m_090_097,feature,log,419,0.013366923575602702,0.013626380607327581,0.013366923575602702,0.003112327722173408,0.03346384524477749,419,0,0,419,1.0,0.0
30,primary,rp4_iv_dte_2_7_m_097_103,feature,log,419,0.014399282491750025,0.012238923510747169,0.01535013729620075,-0.017561071229384946,0.0511473963962921,354,65,0,419,0.8448687350835322,0.15513126491646778
30,primary,rp4_iv_dte_2_7_m_103_110,feature,log,419,-0.009907361282407602,-0.008535659950125719,0.011826447847854913,-0.0477455341583793,0.011019997193169841,88,331,0,419,0.2100238663484487,0.7899761336515513
30,primary,rp4_iv_dte_2_7_m_gt110,feature,log,419,0.0005535266288627823,0.0012133316587880122,0.0023233088269844636,-0.011829604784116378,0.004813646261451948,324,95,0,419,0.7732696897374701,0.22673031026252982
30,primary,rp4_iv_dte_2_7_m_lt090,feature,log,419,0.005897909757400633,0.005769772361590765,0.005897909757400633,0.002466429287385527,0.011236798863284414,419,0,0,419,1.0,0.0
30,primary,rp4_iv_dte_31_90_m_090_097,feature,log,419,0.01635749469056751,0.013909747467757572,0.01635749469056751,0.008366677768797896,0.039688345544746303,419,0,0,419,1.0,0.0
30,primary,rp4_iv_dte_31_90_m_097_103,feature,log,419,-0.0028608461938033577,-0.0032851507387475936,0.0059192899672528745,-0.016820331558667335,0.012966371805486349,86,333,0,419,0.2052505966587112,0.7947494033412887
30,primary,rp4_iv_dte_31_90_m_103_110,feature,log,419,0.00361056099483099,0.004514566762157809,0.012099583992642264,-0.022688182205916035,0.03731998082741015,258,161,0,419,0.6157517899761337,0.38424821002386633
30,primary,rp4_iv_dte_31_90_m_gt110,feature,log,419,-0.0033028336810242893,-0.003081450796459868,0.0060211944044190014,-0.01900408747656194,0.009936363319931803,167,252,0,419,0.39856801909307876,0.6014319809069213
30,primary,rp4_iv_dte_31_90_m_lt090,feature,log,419,-0.0023506063535649346,-0.0021337356755976337,0.0028395221326323722,-0.008387011750208638,0.0037294389091989326,143,276,0,419,0.3412887828162291,0.6587112171837709
30,primary,rp4_iv_dte_8_30_m_090_097,feature,log,419,-0.0008227860255238717,0.0001899407099746775,0.010127663027037551,-0.024917250557515754,0.01894225761948556,211,208,0,419,0.5035799522673031,0.4964200477326969
30,primary,rp4_iv_dte_8_30_m_097_103,feature,log,419,0.015804273081834627,0.01647383669364923,0.01590665799081273,-0.0029520940039246524,0.038418906126521865,406,13,0,419,0.9689737470167065,0.031026252983293555
30,primary,rp4_iv_dte_8_30_m_103_110,feature,log,419,-0.024906957368016007,-0.02587967999311945,0.02508196099479172,-0.06133937162745311,0.003384193475564909,26,393,0,419,0.06205250596658711,0.9379474940334129
30,primary,rp4_iv_dte_8_30_m_gt110,feature,log,419,0.002221183130774966,0.0011904190435317655,0.0031970963110585114,-0.0057585440320683245,0.014400340234396965,288,131,0,419,0.6873508353221957,0.3126491646778043
30,primary,rp4_iv_dte_8_30_m_lt090,feature,log,419,2.317156264637399e-05,0.0012215321244511037,0.002701787742423167,-0.009024037436219828,0.003925346824418954,267,152,0,419,0.6372315035799523,0.3627684964200477
30,primary,rp4_iv_dte_gt90_m_090_097,feature,log,419,0.003873083320840949,0.004091950907594374,0.004153311655467664,-0.00379922629897033,0.012756784175530994,389,30,0,419,0.9284009546539379,0.07159904534606205
30,primary,rp4_iv_dte_gt90_m_097_103,feature,log,419,0.005495827273777107,0.004998009606850135,0.005956392882850461,-0.0024409595496185893,0.02151827513404477,344,75,0,419,0.8210023866348448,0.17899761336515513
30,primary,rp4_iv_dte_gt90_m_103_110,feature,log,419,-0.009891469573119696,-0.011153710470760296,0.010242649131849772,-0.016300627745726003,0.010057329102397991,35,384,0,419,0.08353221957040573,0.9164677804295943
30,primary,rp4_iv_dte_gt90_m_gt110,feature,log,419,0.004366977978998938,0.002032359292662618,0.012300726563068754,-0.02014576094088132,0.031124613912417345,217,202,0,419,0.5178997613365155,0.4821002386634845
30,primary,rp4_iv_dte_gt90_m_lt090,feature,log,419,-0.0006114237255322531,-0.00044554769613788027,0.0012423135368950715,-0.004728991577375935,0.005745749017379723,164,255,0,419,0.3914081145584726,0.6085918854415274
30,primary,rp4_surface_populated_cells,feature,raw,419,-0.034782097761276616,-0.0030251845416146956,0.035715645485036286,-0.23621131365855336,0.008839837973213064,63,240,116,303,0.15035799522673032,0.5727923627684964
30,primary,rq_attenuation,feature,raw,419,0.0445487609900909,0.0457018163715287,0.0445487609900909,0.01390850604345862,0.061397989440890186,419,0,0,419,1.0,0.0
30,primary,rq_back_30,feature,log,419,0.06595558839439766,0.06870457177961309,0.07225979866709759,-0.15389810153603808,0.18759694322233855,393,26,0,419,0.9379474940334129,0.06205250596658711
30,primary,rs_down_back_30,feature,log,419,-0.14437761330006,-0.17812906991699304,0.15437296929056596,-0.2155896901454248,0.048984676768696424,63,356,0,419,0.15035799522673032,0.8496420047732697
30,primary,rs_up_back_30,feature,log,419,-0.14033056103592204,-0.1784209684131968,0.15125322324146726,-0.2272925080606256,0.05782924710257264,63,356,0,419,0.15035799522673032,0.8496420047732697
30,primary,rv_back_15,feature,log,419,0.07267100730783338,0.07249970957259853,0.07267100730783338,0.054832432675019936,0.08871370450546594,419,0,0,419,1.0,0.0
30,primary,rv_back_30,feature,log,419,0.09201961230707252,0.06253355199411069,0.09201961230707252,0.0,0.4447822706950999,238,0,181,238,0.568019093078759,0.0
30,primary,rv_back_5,feature,log,419,0.009143054959390284,0.008360830141524838,0.009672610954441904,-0.00380406329591499,0.03193661587592398,352,67,0,419,0.8400954653937948,0.15990453460620524
30,primary,rv_prev_day,feature,log,419,0.028898739076032503,0.0,0.028898739076032503,0.0,0.08755778838925922,209,0,210,209,0.4988066825775656,0.0
30,primary,rv_session_to_date,feature,log,419,0.07200856743128133,0.0,0.07200856743128133,0.0,0.29493334175794844,139,0,280,139,0.3317422434367542,0.0
30,primary,rv_week,feature,log,419,0.02080649943299003,0.0,0.02080649943299003,0.0,0.05647413951105042,201,0,218,201,0.4797136038186158,0.0
30,primary,volume_30,feature,log,419,-0.1728926074469394,-0.19243848560364646,0.17370881265678959,-0.37519914750797234,0.0223290595857691,39,380,0,419,0.09307875894988067,0.9069212410501193
