horizon_minutes,window,column,kind,pointwise_transform,N_sessions,mean,median,absolute_mean,minimum,maximum,positive_count,negative_count,zero_count,active_sessions,positive_share,negative_share
5,confirmation,presence:b1_butterfly_25,presence,finite_presence_binary,25,-0.002491086826384,0.0,0.002491086826384,-0.0130862486162259,0.0,0,5,20,5,0.0,0.2
5,confirmation,presence:b1_iv_14d,presence,finite_presence_binary,25,0.0017241571282985,0.0,0.0017241571282985,0.0,0.0431039282074638,1,0,24,1,0.04,0.0
5,confirmation,presence:b1_iv_30d,presence,finite_presence_binary,25,0.0037155744052174,0.0,0.0064938726466028,-0.0173883749799114,0.0429841944854082,3,2,20,5,0.12,0.08
5,confirmation,presence:b1_iv_60d,presence,finite_presence_binary,25,0.0051744171732359,0.0,0.0051744171732359,0.0,0.0432309565164506,3,0,22,3,0.12,0.0
5,confirmation,presence:b1_iv_7d,presence,finite_presence_binary,25,0.0017098660224536,0.0,0.0017098660224536,0.0,0.0427466505613417,1,0,24,1,0.04,0.0
5,confirmation,presence:b1_iv_90d,presence,finite_presence_binary,25,0.0068448460693907,0.0,0.0068448460693907,0.0,0.043662762263051,4,0,21,4,0.16,0.0
5,confirmation,presence:b1_iv_minus_trailing_rv_30d,presence,finite_presence_binary,25,0.0051702052508904,0.0,0.0051702052508904,0.0,0.0432452125165369,3,0,22,3,0.12,0.0
5,confirmation,presence:b1_mfiv,presence,finite_presence_binary,25,0.0872371154206798,0.1069643039668853,0.0924942156937877,-0.016459502629244,0.107557713109625,21,4,0,25,0.84,0.16
5,confirmation,presence:b1_risk_reversal_25,presence,finite_presence_binary,25,-0.0103725805976828,-0.0122995731594127,0.0103725805976828,-0.0150077452241545,0.0,0,20,5,20,0.0,0.8
5,confirmation,presence:b1_smile_curvature,presence,finite_presence_binary,25,0.001690067736275,0.0,0.001690067736275,0.0,0.0422516934068763,1,0,24,1,0.04,0.0
5,confirmation,presence:b1_smile_level,presence,finite_presence_binary,25,0.0017251521023624,0.0,0.0017251521023624,0.0,0.043128802559061,1,0,24,1,0.04,0.0
5,confirmation,presence:b1_smile_slope,presence,finite_presence_binary,25,0.0017136090326252,0.0,0.0017136090326252,0.0,0.042840225815632,1,0,24,1,0.04,0.0
5,confirmation,presence:b1_term_convexity,presence,finite_presence_binary,25,0.001691688621055,0.0,0.001691688621055,0.0,0.0422922155263753,1,0,24,1,0.04,0.0
5,confirmation,presence:b1_term_slope,presence,finite_presence_binary,25,0.002714421813916,0.0,0.0041042203649183,-0.0173724818875286,0.0428308479199771,2,1,22,3,0.08,0.04
5,confirmation,presence:b2_30m_buy_premium_share,presence,finite_presence_binary,25,0.001204354727125,0.0,0.0026775014606493,-0.0184143341690536,0.0165583264366352,3,1,21,4,0.12,0.04
5,confirmation,presence:b2_30m_contracts,presence,finite_presence_binary,25,0.0,0.0,0.0,0.0,0.0,0,0,25,0,0.0,0.0
5,confirmation,presence:b2_30m_d_iv,presence,finite_presence_binary,25,0.000533845302509,0.0,0.0020095496589624,-0.0184463044556669,0.017008919893497,2,1,22,3,0.08,0.04
5,confirmation,presence:b2_30m_d_mid_rel,presence,finite_presence_binary,25,0.0,0.0,0.0,0.0,0.0,0,0,25,0,0.0,0.0
5,confirmation,presence:b2_30m_d_spread,presence,finite_presence_binary,25,0.0,0.0,0.0,0.0,0.0,0,0,25,0,0.0,0.0
5,confirmation,presence:b2_30m_decay_intensity_innovation,presence,finite_presence_binary,25,0.0025885728686213,0.0,0.0025885728686213,0.0,0.0168910364148363,4,0,21,4,0.16,0.0
5,confirmation,presence:b2_30m_decay_intensity_last,presence,finite_presence_binary,25,0.0,0.0,0.0,0.0,0.0,0,0,25,0,0.0,0.0
5,confirmation,presence:b2_30m_delta_flow,presence,finite_presence_binary,25,0.0,0.0,0.0,0.0,0.0,0,0,25,0,0.0,0.0
5,confirmation,presence:b2_30m_gamma_flow,presence,finite_presence_binary,25,0.0,0.0,0.0,0.0,0.0,0,0,25,0,0.0,0.0
5,confirmation,presence:b2_30m_multileg_premium_share,presence,finite_presence_binary,25,0.001857404522322,0.0,0.001857404522322,0.0,0.015755156878238,3,0,22,3,0.12,0.0
5,confirmation,presence:b2_30m_multileg_size_share,presence,finite_presence_binary,25,0.0006882806224844,0.0,0.0006882806224844,0.0,0.0172070155621117,1,0,24,1,0.04,0.0
5,confirmation,presence:b2_30m_otm_premium_share,presence,finite_presence_binary,25,-0.0001259771523743,0.0,0.0013460206364066,-0.0183999723597622,0.0152505435504045,1,1,23,2,0.04,0.04
5,confirmation,presence:b2_30m_passive_premium_share,presence,finite_presence_binary,25,0.0,0.0,0.0,0.0,0.0,0,0,25,0,0.0,0.0
5,confirmation,presence:b2_30m_premium,presence,finite_presence_binary,25,0.0,0.0,0.0,0.0,0.0,0,0,25,0,0.0,0.0
5,confirmation,presence:b2_30m_rate_per_second,presence,finite_presence_binary,25,0.0,0.0,0.0,0.0,0.0,0,0,25,0,0.0,0.0
5,confirmation,presence:b2_30m_sell_premium_share,presence,finite_presence_binary,25,0.0006515622443418,0.0,0.0006515622443418,0.0,0.016289056108545,1,0,24,1,0.04,0.0
5,confirmation,presence:b2_30m_size,presence,finite_presence_binary,25,0.0,0.0,0.0,0.0,0.0,0,0,25,0,0.0,0.0
5,confirmation,presence:b2_30m_sweep_premium_share,presence,finite_presence_binary,25,0.0,0.0,0.0,0.0,0.0,0,0,25,0,0.0,0.0
5,confirmation,presence:b2_30m_trades,presence,finite_presence_binary,25,0.0,0.0,0.0,0.0,0.0,0,0,25,0,0.0,0.0
5,confirmation,presence:b2_30m_vega_flow,presence,finite_presence_binary,25,0.0,0.0,0.0,0.0,0.0,0,0,25,0,0.0,0.0
5,confirmation,presence:b2_30m_vega_flow_abs,presence,finite_presence_binary,25,0.0,0.0,0.0,0.0,0.0,0,0,25,0,0.0,0.0
5,confirmation,presence:b2_30m_vega_flow_call,presence,finite_presence_binary,25,0.0,0.0,0.0,0.0,0.0,0,0,25,0,0.0,0.0
5,confirmation,presence:b2_30m_vega_flow_long_dte,presence,finite_presence_binary,25,0.0,0.0,0.0,0.0,0.0,0,0,25,0,0.0,0.0
5,confirmation,presence:b2_30m_vega_flow_put,presence,finite_presence_binary,25,0.0,0.0,0.0,0.0,0.0,0,0,25,0,0.0,0.0
5,confirmation,presence:b2_30m_vega_flow_short_dte,presence,finite_presence_binary,25,0.0,0.0,0.0,0.0,0.0,0,0,25,0,0.0,0.0
5,confirmation,presence:b2_30m_window_empty,presence,finite_presence_binary,25,0.0,0.0,0.0,0.0,0.0,0,0,25,0,0.0,0.0
5,confirmation,presence:b2_30m_zero_dte_premium_share,presence,finite_presence_binary,25,0.0006958295714034,0.0,0.0006958295714034,0.0,0.017395739285085,1,0,24,1,0.04,0.0
5,confirmation,presence:b2_30m_zero_dte_signed_premium,presence,finite_presence_binary,25,0.0,0.0,0.0,0.0,0.0,0,0,25,0,0.0,0.0
5,confirmation,presence:b2_30m_zero_dte_trade_share,presence,finite_presence_binary,25,0.0,0.0,0.0,0.0,0.0,0,0,25,0,0.0,0.0
5,confirmation,presence:b2_5m_buy_premium_share,presence,finite_presence_binary,25,-0.0439101630011228,0.0,0.0439101630011228,-0.2691550324204291,0.0,0,5,20,5,0.0,0.2
5,confirmation,presence:b2_5m_contract_entropy,presence,finite_presence_binary,25,-0.0107556566785032,0.0,0.0107556566785032,-0.26889141696258,0.0,0,1,24,1,0.0,0.04
5,confirmation,presence:b2_5m_contracts,presence,finite_presence_binary,25,0.0,0.0,0.0,0.0,0.0,0,0,25,0,0.0,0.0
5,confirmation,presence:b2_5m_d_iv,presence,finite_presence_binary,25,-0.0225524776313481,0.0,0.0225524776313481,-0.2695350806122434,0.0,0,3,22,3,0.0,0.12
5,confirmation,presence:b2_5m_d_mid_rel,presence,finite_presence_binary,25,0.0,0.0,0.0,0.0,0.0,0,0,25,0,0.0,0.0
5,confirmation,presence:b2_5m_d_spread,presence,finite_presence_binary,25,0.0,0.0,0.0,0.0,0.0,0,0,25,0,0.0,0.0
5,confirmation,presence:b2_5m_decay_intensity_innovation,presence,finite_presence_binary,25,0.0,0.0,0.0,0.0,0.0,0,0,25,0,0.0,0.0
5,confirmation,presence:b2_5m_decay_intensity_last,presence,finite_presence_binary,25,0.0,0.0,0.0,0.0,0.0,0,0,25,0,0.0,0.0
5,confirmation,presence:b2_5m_delta_flow,presence,finite_presence_binary,25,0.0,0.0,0.0,0.0,0.0,0,0,25,0,0.0,0.0
5,confirmation,presence:b2_5m_expiry_hhi,presence,finite_presence_binary,25,0.0,0.0,0.0,0.0,0.0,0,0,25,0,0.0,0.0
5,confirmation,presence:b2_5m_gamma_flow,presence,finite_presence_binary,25,0.0,0.0,0.0,0.0,0.0,0,0,25,0,0.0,0.0
5,confirmation,presence:b2_5m_interarrival_cv,presence,finite_presence_binary,25,0.0,0.0,0.0,0.0,0.0,0,0,25,0,0.0,0.0
5,confirmation,presence:b2_5m_multileg_premium_share,presence,finite_presence_binary,25,0.0,0.0,0.0,0.0,0.0,0,0,25,0,0.0,0.0
5,confirmation,presence:b2_5m_multileg_size_share,presence,finite_presence_binary,25,-0.0117196164980905,0.0,0.0117196164980905,-0.2678542844827493,0.0,0,2,23,2,0.0,0.08
5,confirmation,presence:b2_5m_otm_premium_share,presence,finite_presence_binary,25,0.0,0.0,0.0,0.0,0.0,0,0,25,0,0.0,0.0
5,confirmation,presence:b2_5m_passive_premium_share,presence,finite_presence_binary,25,0.0,0.0,0.0,0.0,0.0,0,0,25,0,0.0,0.0
5,confirmation,presence:b2_5m_premium,presence,finite_presence_binary,25,0.0,0.0,0.0,0.0,0.0,0,0,25,0,0.0,0.0
5,confirmation,presence:b2_5m_rate_per_second,presence,finite_presence_binary,25,0.0,0.0,0.0,0.0,0.0,0,0,25,0,0.0,0.0
5,confirmation,presence:b2_5m_sell_premium_share,presence,finite_presence_binary,25,0.0,0.0,0.0,0.0,0.0,0,0,25,0,0.0,0.0
5,confirmation,presence:b2_5m_size,presence,finite_presence_binary,25,0.0,0.0,0.0,0.0,0.0,0,0,25,0,0.0,0.0
5,confirmation,presence:b2_5m_strike_hhi,presence,finite_presence_binary,25,-0.0107339718934981,0.0,0.0107339718934981,-0.2683492973374541,0.0,0,1,24,1,0.0,0.04
5,confirmation,presence:b2_5m_sweep_premium_share,presence,finite_presence_binary,25,0.0,0.0,0.0,0.0,0.0,0,0,25,0,0.0,0.0
5,confirmation,presence:b2_5m_trades,presence,finite_presence_binary,25,0.0,0.0,0.0,0.0,0.0,0,0,25,0,0.0,0.0
5,confirmation,presence:b2_5m_vega_flow,presence,finite_presence_binary,25,0.0,0.0,0.0,0.0,0.0,0,0,25,0,0.0,0.0
5,confirmation,presence:b2_5m_vega_flow_abs,presence,finite_presence_binary,25,0.0,0.0,0.0,0.0,0.0,0,0,25,0,0.0,0.0
5,confirmation,presence:b2_5m_vega_flow_call,presence,finite_presence_binary,25,0.0,0.0,0.0,0.0,0.0,0,0,25,0,0.0,0.0
5,confirmation,presence:b2_5m_vega_flow_long_dte,presence,finite_presence_binary,25,0.0,0.0,0.0,0.0,0.0,0,0,25,0,0.0,0.0
5,confirmation,presence:b2_5m_vega_flow_put,presence,finite_presence_binary,25,0.0,0.0,0.0,0.0,0.0,0,0,25,0,0.0,0.0
5,confirmation,presence:b2_5m_vega_flow_short_dte,presence,finite_presence_binary,25,0.0,0.0,0.0,0.0,0.0,0,0,25,0,0.0,0.0
5,confirmation,presence:b2_5m_window_empty,presence,finite_presence_binary,25,0.0,0.0,0.0,0.0,0.0,0,0,25,0,0.0,0.0
5,confirmation,presence:b2_5m_zero_dte_premium_share,presence,finite_presence_binary,25,-0.0749805834400481,0.0,0.0749805834400481,-0.2695679667734877,0.0,0,7,18,7,0.0,0.28
5,confirmation,presence:b2_5m_zero_dte_signed_premium,presence,finite_presence_binary,25,0.0,0.0,0.0,0.0,0.0,0,0,25,0,0.0,0.0
5,confirmation,presence:b2_5m_zero_dte_trade_share,presence,finite_presence_binary,25,0.0,0.0,0.0,0.0,0.0,0,0,25,0,0.0,0.0
5,confirmation,presence:rp4_dealer_gamma_near_spot,presence,finite_presence_binary,25,0.0,0.0,0.0,0.0,0.0,0,0,25,0,0.0,0.0
5,confirmation,presence:rp4_dealer_gamma_net,presence,finite_presence_binary,25,-0.000693069870517,0.0,0.000693069870517,-0.0173267467629274,0.0,0,1,24,1,0.0,0.04
5,confirmation,presence:rp4_dealer_max_gamma_distance,presence,finite_presence_binary,25,0.0,0.0,0.0,0.0,0.0,0,0,25,0,0.0,0.0
5,confirmation,presence:rp4_gamma_imb_near_short,presence,finite_presence_binary,25,0.0056630019452133,0.0,0.0056630019452133,0.0,0.0474696743865491,3,0,22,3,0.12,0.0
5,confirmation,presence:rp4_gamma_imb_near_spot,presence,finite_presence_binary,25,0.0107169554515606,0.0,0.011991885761675,-0.0159366288764306,0.047502552907653,6,1,18,7,0.24,0.04
5,confirmation,presence:rp4_gamma_imb_signed_trades,presence,finite_presence_binary,25,0.0088181191399071,0.0,0.0100970050292465,-0.0159860736167418,0.0476358232781363,5,1,19,6,0.2,0.04
5,confirmation,presence:rp4_gamma_imb_total,presence,finite_presence_binary,25,0.011976673524052,0.0,0.0145279397171202,-0.0159677657356088,0.0476823564977621,7,2,16,9,0.28,0.08
5,confirmation,presence:rp4_iv_dte_0_1_m_090_097,presence,finite_presence_binary,25,-0.0124802288781291,-0.0130472663846817,0.0124802288781291,-0.0159511995505935,-0.0077250264272425,0,25,0,25,0.0,1.0
5,confirmation,presence:rp4_iv_dte_0_1_m_097_103,presence,finite_presence_binary,25,-0.0145903246756568,-0.0150948916436657,0.0145903246756568,-0.016030991701925,-0.0113891951362023,0,25,0,25,0.0,1.0
5,confirmation,presence:rp4_iv_dte_0_1_m_103_110,presence,finite_presence_binary,25,0.0094430211716334,0.0100520847258985,0.0094430211716334,0.0046716099767325,0.0122555666682951,25,0,0,25,1.0,0.0
5,confirmation,presence:rp4_iv_dte_0_1_m_gt110,presence,finite_presence_binary,25,0.0110863985621444,0.011111746005762,0.0110863985621444,0.0099655578731569,0.0119463344912945,25,0,0,25,1.0,0.0
5,confirmation,presence:rp4_iv_dte_0_1_m_lt090,presence,finite_presence_binary,25,0.0045249607887231,0.0044902079255289,0.0045249607887231,0.0040806564223972,0.0051095431357252,25,0,0,25,1.0,0.0
5,confirmation,presence:rp4_iv_dte_2_7_m_090_097,presence,finite_presence_binary,25,0.0119707950954609,0.0109866863473078,0.0119825156765981,-0.0001465072642148,0.0175243933233253,24,1,0,25,0.96,0.04
5,confirmation,presence:rp4_iv_dte_2_7_m_097_103,presence,finite_presence_binary,25,-0.0150299881386964,-0.0136657426478635,0.0150299881386964,-0.0221387482741881,-0.004354126629702,0,25,0,25,0.0,1.0
5,confirmation,presence:rp4_iv_dte_2_7_m_103_110,presence,finite_presence_binary,25,0.0049569468004878,0.0045074279731471,0.0049569468004878,0.0037376826548037,0.0076585898026441,25,0,0,25,1.0,0.0
5,confirmation,presence:rp4_iv_dte_2_7_m_gt110,presence,finite_presence_binary,25,-0.0035325100791981,-0.0036155757286324,0.0035325100791981,-0.0043712716501171,-0.0028908566524418,0,25,0,25,0.0,1.0
5,confirmation,presence:rp4_iv_dte_2_7_m_lt090,presence,finite_presence_binary,25,-0.0052447755421521,-0.005575551535879,0.0052447755421521,-0.0064456152205129,-0.0026863955843649,0,25,0,25,0.0,1.0
5,confirmation,presence:rp4_iv_dte_31_90_m_090_097,presence,finite_presence_binary,25,-0.0041423347274679,-0.0037984584290714,0.0041423347274679,-0.0066625241993834,-0.003136122264955,0,25,0,25,0.0,1.0
5,confirmation,presence:rp4_iv_dte_31_90_m_097_103,presence,finite_presence_binary,25,-0.0108709969596773,-0.0107916045951258,0.0108709969596773,-0.0178634759894572,-0.005435159753661,0,25,0,25,0.0,1.0
5,confirmation,presence:rp4_iv_dte_31_90_m_103_110,presence,finite_presence_binary,25,0.0034273744757584,0.0057568012253136,0.0051627065248313,-0.0055185335307066,0.0069329337368742,21,4,0,25,0.84,0.16
5,confirmation,presence:rp4_iv_dte_31_90_m_gt110,presence,finite_presence_binary,25,-0.0039492708426473,-0.0040952996131562,0.0039492708426473,-0.0043733962585903,-0.0029203623843701,0,25,0,25,0.0,1.0
5,confirmation,presence:rp4_iv_dte_31_90_m_lt090,presence,finite_presence_binary,25,-0.0100206264043016,-0.0099480804263737,0.0100206264043016,-0.0108642308138055,-0.0094746082294511,0,25,0,25,0.0,1.0
5,confirmation,presence:rp4_iv_dte_8_30_m_090_097,presence,finite_presence_binary,25,-0.0062659167185219,-0.0050394891646483,0.0062659167185219,-0.0181324489809839,-0.0004850258890058,0,25,0,25,0.0,1.0
5,confirmation,presence:rp4_iv_dte_8_30_m_097_103,presence,finite_presence_binary,25,-0.0265443147250379,-0.0273916632847699,0.0265443147250379,-0.0288754579920751,-0.0205532320160934,0,25,0,25,0.0,1.0
5,confirmation,presence:rp4_iv_dte_8_30_m_103_110,presence,finite_presence_binary,25,-0.03161469627155,-0.0337663248199899,0.03161469627155,-0.0340612092113272,-0.0204000221199738,0,25,0,25,0.0,1.0
5,confirmation,presence:rp4_iv_dte_8_30_m_gt110,presence,finite_presence_binary,25,-0.0019381119033384,-0.001940495434224,0.0019381119033384,-0.002359476290634,-0.0015442774542219,0,25,0,25,0.0,1.0
5,confirmation,presence:rp4_iv_dte_8_30_m_lt090,presence,finite_presence_binary,25,-0.0092901842472802,-0.0092290895040027,0.0092901842472802,-0.0101279528561167,-0.0088508559865588,0,25,0,25,0.0,1.0
5,confirmation,presence:rp4_iv_dte_gt90_m_090_097,presence,finite_presence_binary,25,-0.0007726349960087,-0.0004147400020387,0.0007726349960087,-0.0027104873241039,-0.0001228025430288,0,25,0,25,0.0,1.0
5,confirmation,presence:rp4_iv_dte_gt90_m_097_103,presence,finite_presence_binary,25,0.0071023116759891,0.0087517117604987,0.0077233048791565,-0.0020497710523185,0.0091435759875992,21,4,0,25,0.84,0.16
5,confirmation,presence:rp4_iv_dte_gt90_m_103_110,presence,finite_presence_binary,25,0.0002905145708729,0.0004150356054882,0.0006606810425909,-0.001215501092481,0.0014013743503207,21,4,0,25,0.84,0.16
5,confirmation,presence:rp4_iv_dte_gt90_m_gt110,presence,finite_presence_binary,25,-0.0099037059939643,-0.0093216727265508,0.0099037059939643,-0.0131262988421632,-0.0091820447224404,0,25,0,25,0.0,1.0
5,confirmation,presence:rp4_iv_dte_gt90_m_lt090,presence,finite_presence_binary,25,-0.0100760963154915,-0.0094254025390549,0.0100760963154915,-0.0136556329698898,-0.0092732670473518,0,25,0,25,0.0,1.0
5,confirmation,presence:rp4_surface_populated_cells,presence,finite_presence_binary,25,0.0,0.0,0.0,0.0,0.0,0,0,25,0,0.0,0.0
5,primary,presence:b1_butterfly_25,presence,finite_presence_binary,419,-0.000842241634722,0.0,0.000842241634722,-0.0140951575932599,0.0,0,46,373,46,0.0,0.1097852028639618
5,primary,presence:b1_iv_14d,presence,finite_presence_binary,419,-0.0062675497239865,0.0,0.0066807217102474,-0.2385839269544458,0.0365647117355618,3,15,401,18,0.0071599045346062,0.035799522673031
5,primary,presence:b1_iv_30d,presence,finite_presence_binary,419,-0.0008033475625958,0.0,0.0021261563300049,-0.2389959043837114,0.0417570990165477,8,5,406,13,0.0190930787589498,0.0119331742243436
5,primary,presence:b1_iv_60d,presence,finite_presence_binary,419,-0.0025123614546589,0.0,0.0036519202127595,-0.2381393623170507,0.0423125493076261,7,10,402,17,0.0167064439140811,0.0238663484486873
5,primary,presence:b1_iv_7d,presence,finite_presence_binary,419,-0.0017334876994657,0.0,0.0022114234700784,-0.2189540417896477,0.0228457618355191,5,4,410,9,0.0119331742243436,0.0095465393794749
5,primary,presence:b1_iv_90d,presence,finite_presence_binary,419,-0.0040595311512611,0.0,0.0042542317023314,-0.2385285335270345,0.0210141367552304,2,9,408,11,0.0047732696897374,0.0214797136038186
5,primary,presence:b1_iv_minus_trailing_rv_30d,presence,finite_presence_binary,419,-0.0050776197321486,0.0,0.0063336373366561,-0.2386631054172443,0.0380766101973007,10,15,394,25,0.0238663484486873,0.035799522673031
5,primary,presence:b1_mfiv,presence,finite_presence_binary,419,0.1758048299121627,0.0930071335548158,0.177470062000157,-0.0178298324414942,0.3627195992182297,368,20,31,388,0.8782816229116945,0.0477326968973747
5,primary,presence:b1_risk_reversal_25,presence,finite_presence_binary,419,-0.0066431253158884,-0.0074069023951368,0.0068321300269317,-0.0143196544539142,0.0042417888245847,14,359,46,373,0.0334128878281622,0.8568019093078759
5,primary,presence:b1_smile_curvature,presence,finite_presence_binary,419,-0.0038710891041249,0.0,0.0056321341607068,-0.2381658824442972,0.0387218411131262,16,13,390,29,0.0381861575178997,0.0310262529832935
5,primary,presence:b1_smile_level,presence,finite_presence_binary,419,-0.0040973014711469,0.0,0.0048362676848354,-0.2375146414011979,0.0409120231659012,5,10,404,15,0.0119331742243436,0.0238663484486873
5,primary,presence:b1_smile_slope,presence,finite_presence_binary,419,-0.0048001039777333,0.0,0.005677121986082,-0.240066134685823,0.0413981415423574,7,12,400,19,0.0167064439140811,0.0286396181384248
5,primary,presence:b1_term_convexity,presence,finite_presence_binary,419,-0.0031374880904459,0.0,0.003765317696579,-0.2402708695075836,0.0380040592079622,5,10,404,15,0.0119331742243436,0.0238663484486873
5,primary,presence:b1_term_slope,presence,finite_presence_binary,419,-0.0072255583004255,0.0,0.0092444861582935,-0.2208441770514042,0.0390996738702578,14,24,381,38,0.0334128878281622,0.0572792362768496
5,primary,presence:b2_30m_buy_premium_share,presence,finite_presence_binary,419,0.0029651147773893,0.0,0.00471470446563,-0.1034589667474656,0.116947015610757,31,16,372,47,0.0739856801909307,0.0381861575178997
5,primary,presence:b2_30m_contracts,presence,finite_presence_binary,419,0.0,0.0,0.0,0.0,0.0,0,0,419,0,0.0,0.0
5,primary,presence:b2_30m_d_iv,presence,finite_presence_binary,419,0.0010201427377955,0.0,0.0024541939197255,-0.1032019820265369,0.1138632216881632,11,7,401,18,0.026252983293556,0.0167064439140811
5,primary,presence:b2_30m_d_mid_rel,presence,finite_presence_binary,419,0.0005878215822306,0.0,0.0007120580219028,-0.0196252963463936,0.0731763318247108,6,2,411,8,0.0143198090692124,0.0047732696897374
5,primary,presence:b2_30m_d_spread,presence,finite_presence_binary,419,0.0003524055371828,0.0,0.0009378722829552,-0.0981985622431997,0.1148768416050175,4,2,413,6,0.0095465393794749,0.0047732696897374
5,primary,presence:b2_30m_decay_intensity_innovation,presence,finite_presence_binary,419,0.0005047519068546,0.0,0.0006138360555032,-0.0191659795038771,0.0966679267875344,4,2,413,6,0.0095465393794749,0.0047732696897374
5,primary,presence:b2_30m_decay_intensity_last,presence,finite_presence_binary,419,0.0,0.0,0.0,0.0,0.0,0,0,419,0,0.0,0.0
5,primary,presence:b2_30m_delta_flow,presence,finite_presence_binary,419,0.0,0.0,0.0,0.0,0.0,0,0,419,0,0.0,0.0
5,primary,presence:b2_30m_gamma_flow,presence,finite_presence_binary,419,0.0,0.0,0.0,0.0,0.0,0,0,419,0,0.0,0.0
5,primary,presence:b2_30m_multileg_premium_share,presence,finite_presence_binary,419,0.0002481952969836,0.0,0.0008804474709228,-0.0480124353031622,0.1071566231040196,4,5,410,9,0.0095465393794749,0.0119331742243436
5,primary,presence:b2_30m_multileg_size_share,presence,finite_presence_binary,419,0.0002209699269875,0.0,0.0004110472675599,-0.0206618127430166,0.0956054298816148,3,2,414,5,0.0071599045346062,0.0047732696897374
5,primary,presence:b2_30m_otm_premium_share,presence,finite_presence_binary,419,-0.0005284239639998,0.0,0.0009693040032844,-0.1054221125513359,0.0695416110663317,3,7,409,10,0.0071599045346062,0.0167064439140811
5,primary,presence:b2_30m_passive_premium_share,presence,finite_presence_binary,419,0.0001031696233847,0.0,0.000304421560608,-0.0225523846018884,0.0853903530464858,1,2,416,3,0.0023866348448687,0.0047732696897374
5,primary,presence:b2_30m_premium,presence,finite_presence_binary,419,0.0,0.0,0.0,0.0,0.0,0,0,419,0,0.0,0.0
5,primary,presence:b2_30m_rate_per_second,presence,finite_presence_binary,419,0.0,0.0,0.0,0.0,0.0,0,0,419,0,0.0,0.0
5,primary,presence:b2_30m_sell_premium_share,presence,finite_presence_binary,419,-9.888657356222486e-06,0.0,0.0009851090716007,-0.1055959411371517,0.1112165000396068,2,2,415,4,0.0047732696897374,0.0047732696897374
5,primary,presence:b2_30m_size,presence,finite_presence_binary,419,0.0,0.0,0.0,0.0,0.0,0,0,419,0,0.0,0.0
5,primary,presence:b2_30m_sweep_premium_share,presence,finite_presence_binary,419,-1.4723668610345975e-05,0.0,0.0006077203547481,-0.0465396527299656,0.0658382434366164,2,4,413,6,0.0047732696897374,0.0095465393794749
5,primary,presence:b2_30m_trades,presence,finite_presence_binary,419,0.0,0.0,0.0,0.0,0.0,0,0,419,0,0.0,0.0
5,primary,presence:b2_30m_vega_flow,presence,finite_presence_binary,419,0.0,0.0,0.0,0.0,0.0,0,0,419,0,0.0,0.0
5,primary,presence:b2_30m_vega_flow_abs,presence,finite_presence_binary,419,0.0,0.0,0.0,0.0,0.0,0,0,419,0,0.0,0.0
5,primary,presence:b2_30m_vega_flow_call,presence,finite_presence_binary,419,0.0,0.0,0.0,0.0,0.0,0,0,419,0,0.0,0.0
5,primary,presence:b2_30m_vega_flow_long_dte,presence,finite_presence_binary,419,0.0,0.0,0.0,0.0,0.0,0,0,419,0,0.0,0.0
5,primary,presence:b2_30m_vega_flow_put,presence,finite_presence_binary,419,0.0,0.0,0.0,0.0,0.0,0,0,419,0,0.0,0.0
5,primary,presence:b2_30m_vega_flow_short_dte,presence,finite_presence_binary,419,0.0,0.0,0.0,0.0,0.0,0,0,419,0,0.0,0.0
5,primary,presence:b2_30m_window_empty,presence,finite_presence_binary,419,0.0,0.0,0.0,0.0,0.0,0,0,419,0,0.0,0.0
5,primary,presence:b2_30m_zero_dte_premium_share,presence,finite_presence_binary,419,-0.0003745492988458,0.0,0.0009743767619653,-0.0981829622565424,0.0972842032733173,2,6,411,8,0.0047732696897374,0.0143198090692124
5,primary,presence:b2_30m_zero_dte_signed_premium,presence,finite_presence_binary,419,0.0,0.0,0.0,0.0,0.0,0,0,419,0,0.0,0.0
5,primary,presence:b2_30m_zero_dte_trade_share,presence,finite_presence_binary,419,-8.989209611972295e-05,0.0,8.989209611972295e-05,-0.0197752235457523,0.0,0,2,417,2,0.0,0.0047732696897374
5,primary,presence:b2_5m_buy_premium_share,presence,finite_presence_binary,419,-0.0390292766752708,0.0,0.0390292766752708,-0.4512389605503454,0.0,0,71,348,71,0.0,0.1694510739856801
5,primary,presence:b2_5m_contract_entropy,presence,finite_presence_binary,419,-0.0021426951626382,0.0,0.0021426951626382,-0.4256846489270233,0.0,0,4,415,4,0.0,0.0095465393794749
5,primary,presence:b2_5m_contracts,presence,finite_presence_binary,419,0.0,0.0,0.0,0.0,0.0,0,0,419,0,0.0,0.0
5,primary,presence:b2_5m_d_iv,presence,finite_presence_binary,419,-0.0179998624847444,0.0,0.0179998624847444,-0.4502174220364584,0.0,0,24,395,24,0.0,0.0572792362768496
5,primary,presence:b2_5m_d_mid_rel,presence,finite_presence_binary,419,0.0,0.0,0.0,0.0,0.0,0,0,419,0,0.0,0.0
5,primary,presence:b2_5m_d_spread,presence,finite_presence_binary,419,0.0,0.0,0.0,0.0,0.0,0,0,419,0,0.0,0.0
5,primary,presence:b2_5m_decay_intensity_innovation,presence,finite_presence_binary,419,-0.0112792344785827,0.0,0.0112792344785827,-0.4410287367260784,0.0,0,18,401,18,0.0,0.0429594272076372
5,primary,presence:b2_5m_decay_intensity_last,presence,finite_presence_binary,419,0.0,0.0,0.0,0.0,0.0,0,0,419,0,0.0,0.0
5,primary,presence:b2_5m_delta_flow,presence,finite_presence_binary,419,0.0,0.0,0.0,0.0,0.0,0,0,419,0,0.0,0.0
5,primary,presence:b2_5m_expiry_hhi,presence,finite_presence_binary,419,0.0,0.0,0.0,0.0,0.0,0,0,419,0,0.0,0.0
5,primary,presence:b2_5m_gamma_flow,presence,finite_presence_binary,419,0.0,0.0,0.0,0.0,0.0,0,0,419,0,0.0,0.0
5,primary,presence:b2_5m_interarrival_cv,presence,finite_presence_binary,419,0.0,0.0,0.0,0.0,0.0,0,0,419,0,0.0,0.0
5,primary,presence:b2_5m_multileg_premium_share,presence,finite_presence_binary,419,0.0,0.0,0.0,0.0,0.0,0,0,419,0,0.0,0.0
5,primary,presence:b2_5m_multileg_size_share,presence,finite_presence_binary,419,-0.0115635523578866,0.0,0.0115635523578866,-0.441633315464108,0.0,0,20,399,20,0.0,0.0477326968973747
5,primary,presence:b2_5m_otm_premium_share,presence,finite_presence_binary,419,0.0,0.0,0.0,0.0,0.0,0,0,419,0,0.0,0.0
5,primary,presence:b2_5m_passive_premium_share,presence,finite_presence_binary,419,0.0,0.0,0.0,0.0,0.0,0,0,419,0,0.0,0.0
5,primary,presence:b2_5m_premium,presence,finite_presence_binary,419,0.0,0.0,0.0,0.0,0.0,0,0,419,0,0.0,0.0
5,primary,presence:b2_5m_rate_per_second,presence,finite_presence_binary,419,0.0,0.0,0.0,0.0,0.0,0,0,419,0,0.0,0.0
5,primary,presence:b2_5m_sell_premium_share,presence,finite_presence_binary,419,-0.001145083785084,0.0,0.001145083785084,-0.1379967249167281,0.0,0,7,412,7,0.0,0.0167064439140811
5,primary,presence:b2_5m_size,presence,finite_presence_binary,419,0.0,0.0,0.0,0.0,0.0,0,0,419,0,0.0,0.0
5,primary,presence:b2_5m_strike_hhi,presence,finite_presence_binary,419,-0.0064789732237318,0.0,0.0064789732237318,-0.4461055292750074,0.0,0,9,410,9,0.0,0.0214797136038186
5,primary,presence:b2_5m_sweep_premium_share,presence,finite_presence_binary,419,-0.0018295044442585,0.0,0.0018295044442585,-0.3013026817291259,0.0,0,7,412,7,0.0,0.0167064439140811
5,primary,presence:b2_5m_trades,presence,finite_presence_binary,419,0.0,0.0,0.0,0.0,0.0,0,0,419,0,0.0,0.0
5,primary,presence:b2_5m_vega_flow,presence,finite_presence_binary,419,0.0,0.0,0.0,0.0,0.0,0,0,419,0,0.0,0.0
5,primary,presence:b2_5m_vega_flow_abs,presence,finite_presence_binary,419,0.0,0.0,0.0,0.0,0.0,0,0,419,0,0.0,0.0
5,primary,presence:b2_5m_vega_flow_call,presence,finite_presence_binary,419,0.0,0.0,0.0,0.0,0.0,0,0,419,0,0.0,0.0
5,primary,presence:b2_5m_vega_flow_long_dte,presence,finite_presence_binary,419,0.0,0.0,0.0,0.0,0.0,0,0,419,0,0.0,0.0
5,primary,presence:b2_5m_vega_flow_put,presence,finite_presence_binary,419,0.0,0.0,0.0,0.0,0.0,0,0,419,0,0.0,0.0
5,primary,presence:b2_5m_vega_flow_short_dte,presence,finite_presence_binary,419,0.0,0.0,0.0,0.0,0.0,0,0,419,0,0.0,0.0
5,primary,presence:b2_5m_window_empty,presence,finite_presence_binary,419,0.0,0.0,0.0,0.0,0.0,0,0,419,0,0.0,0.0
5,primary,presence:b2_5m_zero_dte_premium_share,presence,finite_presence_binary,419,-0.0176943734525463,0.0,0.0176943734525463,-0.4361313199253995,0.0,0,23,396,23,0.0,0.0548926014319809
5,primary,presence:b2_5m_zero_dte_signed_premium,presence,finite_presence_binary,419,0.0,0.0,0.0,0.0,0.0,0,0,419,0,0.0,0.0
5,primary,presence:b2_5m_zero_dte_trade_share,presence,finite_presence_binary,419,-0.001716480158272,0.0,0.001716480158272,-0.2578670427262524,0.0,0,5,414,5,0.0,0.0119331742243436
5,primary,presence:rp4_dealer_gamma_near_spot,presence,finite_presence_binary,419,-0.0005912662338831,0.0,0.0005912662338831,-0.2385344293588809,0.0,0,3,416,3,0.0,0.0071599045346062
5,primary,presence:rp4_dealer_gamma_net,presence,finite_presence_binary,419,-0.0003879532181519,0.0,0.0004832273014075,-0.1776188576159943,0.0199599204420542,1,2,416,3,0.0023866348448687,0.0047732696897374
5,primary,presence:rp4_dealer_max_gamma_distance,presence,finite_presence_binary,419,-0.0011394133618847,0.0,0.0011394133618847,-0.2391117512212297,0.0,0,2,417,2,0.0,0.0047732696897374
5,primary,presence:rp4_gamma_imb_near_short,presence,finite_presence_binary,419,0.0057091289264697,0.0,0.0062698187262899,-0.0171825358102941,0.0588657959739381,51,7,361,58,0.1217183770883054,0.0167064439140811
5,primary,presence:rp4_gamma_imb_near_spot,presence,finite_presence_binary,419,0.0047788044993778,0.0,0.0051821217851375,-0.0172047769708494,0.0578134861347082,43,5,371,48,0.1026252983293556,0.0119331742243436
5,primary,presence:rp4_gamma_imb_signed_trades,presence,finite_presence_binary,419,0.0040154454308224,0.0,0.0044199547783906,-0.0173251433801057,0.0574451147807649,38,5,376,43,0.0906921241050119,0.0119331742243436
5,primary,presence:rp4_gamma_imb_total,presence,finite_presence_binary,419,0.0047633269623352,0.0,0.005010105428558,-0.0173010559538608,0.0580797591546453,43,3,373,46,0.1026252983293556,0.0071599045346062
5,primary,presence:rp4_iv_dte_0_1_m_090_097,presence,finite_presence_binary,419,-0.0100726660240945,-0.0143280851900597,0.0181002148298342,-0.0335148517648025,0.0255997957748853,124,295,0,419,0.2959427207637231,0.7040572792362768
5,primary,presence:rp4_iv_dte_0_1_m_097_103,presence,finite_presence_binary,419,-0.0067658679615372,-0.0103231720024795,0.0169059735082188,-0.0369804082817938,0.0313657191538943,123,296,0,419,0.2935560859188544,0.7064439140811456
5,primary,presence:rp4_iv_dte_0_1_m_103_110,presence,finite_presence_binary,419,0.0230748712667762,0.0175140524223061,0.0230748712667762,0.0008495761085867,0.0535778808459699,419,0,0,419,1.0,0.0
5,primary,presence:rp4_iv_dte_0_1_m_gt110,presence,finite_presence_binary,419,0.0159767221438084,0.0101058765589017,0.0162091009708535,-0.005396847124829,0.0430992085695824,398,21,0,419,0.9498806682577564,0.0501193317422434
5,primary,presence:rp4_iv_dte_0_1_m_lt090,presence,finite_presence_binary,419,0.010395153935228,0.0035893636737851,0.0141221471382191,-0.0192703151048114,0.0464146567338403,274,145,0,419,0.6539379474940334,0.3460620525059666
5,primary,presence:rp4_iv_dte_2_7_m_090_097,presence,finite_presence_binary,419,-0.0012747892448893,-0.0037981647262686,0.0159950650839296,-0.0395906554400034,0.0413708255770997,169,250,0,419,0.4033412887828162,0.5966587112171837
5,primary,presence:rp4_iv_dte_2_7_m_097_103,presence,finite_presence_binary,419,-0.0206351008938784,-0.023346022081421,0.0263744564242906,-0.0722274650130719,0.034050855763075,67,352,0,419,0.1599045346062052,0.8400954653937948
5,primary,presence:rp4_iv_dte_2_7_m_103_110,presence,finite_presence_binary,419,0.0360275222077682,0.035540667936705,0.0360275222077682,2.6858776432752503e-05,0.0911555588739691,419,0,0,419,1.0,0.0
5,primary,presence:rp4_iv_dte_2_7_m_gt110,presence,finite_presence_binary,419,0.0160640601553073,0.0078089197957438,0.0170548483061537,-0.0067114522523872,0.0618446107320925,346,73,0,419,0.8257756563245824,0.1742243436754176
5,primary,presence:rp4_iv_dte_2_7_m_lt090,presence,finite_presence_binary,419,0.0102167805965416,0.0019035178412056,0.0124942321439257,-0.0090557192102683,0.0490852267296948,258,161,0,419,0.6157517899761337,0.3842482100238663
5,primary,presence:rp4_iv_dte_31_90_m_090_097,presence,finite_presence_binary,419,-0.0019269417758267,-0.0050051705979374,0.0067832120283901,-0.0114300103310187,0.0119069993167733,128,291,0,419,0.3054892601431981,0.6945107398568019
5,primary,presence:rp4_iv_dte_31_90_m_097_103,presence,finite_presence_binary,419,-0.0084405173817268,-0.0110778358890266,0.0097561218005765,-0.0216620101432072,0.0068701841040475,86,333,0,419,0.2052505966587112,0.7947494033412887
5,primary,presence:rp4_iv_dte_31_90_m_103_110,presence,finite_presence_binary,419,0.0097807219201757,0.0073495394275811,0.0102253176693902,-0.0060569808049344,0.0261366409121714,386,33,0,419,0.9212410501193318,0.0787589498806682
5,primary,presence:rp4_iv_dte_31_90_m_gt110,presence,finite_presence_binary,419,0.0022499812438001,-0.0001720901348803,0.0054642439966166,-0.0087426137154927,0.0172061011488686,202,217,0,419,0.4821002386634845,0.5178997613365155
5,primary,presence:rp4_iv_dte_31_90_m_lt090,presence,finite_presence_binary,419,-0.0046526862614521,-0.0077307709808175,0.0073730784429958,-0.0129814458555859,0.0098955277830763,124,295,0,419,0.2959427207637231,0.7040572792362768
5,primary,presence:rp4_iv_dte_8_30_m_090_097,presence,finite_presence_binary,419,-0.016802340508829,-0.020321069145197,0.0193601208953762,-0.0462168506428424,0.0159293131540769,44,375,0,419,0.1050119331742243,0.8949880668257757
5,primary,presence:rp4_iv_dte_8_30_m_097_103,presence,finite_presence_binary,419,-0.0242012310466562,-0.0152230148712099,0.024205419768321,-0.1669826219580902,0.0006797195198671,3,300,116,303,0.0071599045346062,0.7159904534606205
5,primary,presence:rp4_iv_dte_8_30_m_103_110,presence,finite_presence_binary,419,-0.0364340490063079,-0.0309332402193548,0.0364340490063079,-0.1478855081273047,-0.0006954594289643,0,419,0,419,0.0,1.0
5,primary,presence:rp4_iv_dte_8_30_m_gt110,presence,finite_presence_binary,419,0.0070782759435241,0.0045414382794646,0.0076108084437172,-0.0025864410490894,0.0262584868353714,345,74,0,419,0.8233890214797136,0.1766109785202864
5,primary,presence:rp4_iv_dte_8_30_m_lt090,presence,finite_presence_binary,419,-0.0038042828748388,-0.0061258889469266,0.006819773804412,-0.0103773443856123,0.0110124915831464,124,295,0,419,0.2959427207637231,0.7040572792362768
5,primary,presence:rp4_iv_dte_gt90_m_090_097,presence,finite_presence_binary,419,0.0057505160472532,0.0025517908633294,0.0061994859982855,-0.0062175051529824,0.0204842369626489,355,64,0,419,0.847255369928401,0.152744630071599
5,primary,presence:rp4_iv_dte_gt90_m_097_103,presence,finite_presence_binary,419,0.0192923884197967,0.0209964880975734,0.0193807669326218,-0.0020161169266035,0.0358766299439408,407,12,0,419,0.9713603818615753,0.0286396181384248
5,primary,presence:rp4_iv_dte_gt90_m_103_110,presence,finite_presence_binary,419,0.0074093232773749,0.0046354607962634,0.0075846383627222,-0.0021350001777107,0.0223312351695293,386,33,0,419,0.9212410501193318,0.0787589498806682
5,primary,presence:rp4_iv_dte_gt90_m_gt110,presence,finite_presence_binary,419,0.0017917240199591,0.0007470795560619,0.0057138417405492,-0.0126586558195919,0.0202391517582615,249,170,0,419,0.594272076372315,0.4057279236276849
5,primary,presence:rp4_iv_dte_gt90_m_lt090,presence,finite_presence_binary,419,-0.0034247048173226,-0.0052374357432065,0.0069452059948824,-0.0156814075369392,0.0090581727103246,124,295,0,419,0.2959427207637231,0.7040572792362768
5,primary,presence:rp4_surface_populated_cells,presence,finite_presence_binary,419,0.0,0.0,0.0,0.0,0.0,0,0,419,0,0.0,0.0
15,confirmation,presence:b1_butterfly_25,presence,finite_presence_binary,25,-0.0013064760398781,0.0,0.0013064760398781,-0.0069175010034758,0.0,0,5,20,5,0.0,0.2
15,confirmation,presence:b1_iv_14d,presence,finite_presence_binary,25,0.0068080862663271,0.0,0.0068080862663271,0.0,0.1702021566581778,1,0,24,1,0.04,0.0
15,confirmation,presence:b1_iv_30d,presence,finite_presence_binary,25,0.0070723304903662,0.0,0.0095449056148457,-0.015476717277963,0.0697482481226142,3,2,20,5,0.12,0.08
15,confirmation,presence:b1_iv_60d,presence,finite_presence_binary,25,0.0167211960924531,0.0,0.0167211960924531,0.0,0.1781217499506578,3,0,22,3,0.12,0.0
15,confirmation,presence:b1_iv_7d,presence,finite_presence_binary,25,0.0071520691673412,0.0,0.0071520691673412,0.0,0.1788017291835305,1,0,24,1,0.04,0.0
15,confirmation,presence:b1_iv_90d,presence,finite_presence_binary,25,0.0241912153139004,0.0,0.0241912153139004,0.0,0.179080940407809,4,0,21,4,0.16,0.0
15,confirmation,presence:b1_iv_minus_trailing_rv_30d,presence,finite_presence_binary,25,0.0166890404217298,0.0,0.0166890404217298,0.0,0.1774522534657095,3,0,22,3,0.12,0.0
15,confirmation,presence:b1_mfiv,presence,finite_presence_binary,25,-0.0414304037989739,-0.015758488201201,0.0663238731467323,-0.133124373230485,0.0287384581431016,11,14,0,25,0.44,0.56
15,confirmation,presence:b1_risk_reversal_25,presence,finite_presence_binary,25,-0.0059241113901011,-0.006641317730122,0.0059241113901011,-0.0108686137402563,0.0,0,20,5,20,0.0,0.8
15,confirmation,presence:b1_smile_curvature,presence,finite_presence_binary,25,0.0027438106529065,0.0,0.0027438106529065,0.0,0.0685952663226643,1,0,24,1,0.04,0.0
15,confirmation,presence:b1_smile_level,presence,finite_presence_binary,25,0.0071116631007379,0.0,0.0071116631007379,0.0,0.1777915775184477,1,0,24,1,0.04,0.0
15,confirmation,presence:b1_smile_slope,presence,finite_presence_binary,25,0.0027756303886484,0.0,0.0027756303886484,0.0,0.0693907597162118,1,0,24,1,0.04,0.0
15,confirmation,presence:b1_term_convexity,presence,finite_presence_binary,25,0.0027411965618467,0.0,0.0027411965618467,0.0,0.0685299140461699,1,0,24,1,0.04,0.0
15,confirmation,presence:b1_term_slope,presence,finite_presence_binary,25,0.0049213059006423,0.0,0.006157354073986,-0.0154506021667968,0.069623167031173,2,1,22,3,0.08,0.04
15,confirmation,presence:b2_30m_buy_premium_share,presence,finite_presence_binary,25,0.0128868832446624,0.0,0.014191201847274,-0.0163039825326448,0.2292467034633656,3,1,21,4,0.12,0.04
15,confirmation,presence:b2_30m_contracts,presence,finite_presence_binary,25,0.0,0.0,0.0,0.0,0.0,0,0,25,0,0.0,0.0
15,confirmation,presence:b2_30m_d_iv,presence,finite_presence_binary,25,0.0104387453834964,0.0,0.0117446930173316,-0.0163243454229398,0.2240272791136473,2,1,22,3,0.08,0.04
15,confirmation,presence:b2_30m_d_mid_rel,presence,finite_presence_binary,25,0.0,0.0,0.0,0.0,0.0,0,0,25,0,0.0,0.0
15,confirmation,presence:b2_30m_d_spread,presence,finite_presence_binary,25,0.0,0.0,0.0,0.0,0.0,0,0,25,0,0.0,0.0
15,confirmation,presence:b2_30m_decay_intensity_innovation,presence,finite_presence_binary,25,0.0226926949516317,0.0,0.0226926949516317,0.0,0.2308829988486991,4,0,21,4,0.16,0.0
15,confirmation,presence:b2_30m_decay_intensity_last,presence,finite_presence_binary,25,0.0,0.0,0.0,0.0,0.0,0,0,25,0,0.0,0.0
15,confirmation,presence:b2_30m_delta_flow,presence,finite_presence_binary,25,0.0,0.0,0.0,0.0,0.0,0,0,25,0,0.0,0.0
15,confirmation,presence:b2_30m_gamma_flow,presence,finite_presence_binary,25,0.0,0.0,0.0,0.0,0.0,0,0,25,0,0.0,0.0
15,confirmation,presence:b2_30m_multileg_premium_share,presence,finite_presence_binary,25,0.0201647590504885,0.0,0.0201647590504885,0.0,0.225873465319566,3,0,22,3,0.12,0.0
15,confirmation,presence:b2_30m_multileg_size_share,presence,finite_presence_binary,25,0.0089244606197572,0.0,0.0089244606197572,0.0,0.2231115154939305,1,0,24,1,0.04,0.0
15,confirmation,presence:b2_30m_otm_premium_share,presence,finite_presence_binary,25,0.0083646473070144,0.0,0.0096688882155451,-0.0163030113566333,0.2254191940319953,1,1,23,2,0.04,0.04
15,confirmation,presence:b2_30m_passive_premium_share,presence,finite_presence_binary,25,0.0,0.0,0.0,0.0,0.0,0,0,25,0,0.0,0.0
15,confirmation,presence:b2_30m_premium,presence,finite_presence_binary,25,0.0,0.0,0.0,0.0,0.0,0,0,25,0,0.0,0.0
15,confirmation,presence:b2_30m_rate_per_second,presence,finite_presence_binary,25,0.0,0.0,0.0,0.0,0.0,0,0,25,0,0.0,0.0
15,confirmation,presence:b2_30m_sell_premium_share,presence,finite_presence_binary,25,0.002194993294121,0.0,0.002194993294121,0.0,0.0548748323530268,1,0,24,1,0.04,0.0
15,confirmation,presence:b2_30m_size,presence,finite_presence_binary,25,0.0,0.0,0.0,0.0,0.0,0,0,25,0,0.0,0.0
15,confirmation,presence:b2_30m_sweep_premium_share,presence,finite_presence_binary,25,0.0,0.0,0.0,0.0,0.0,0,0,25,0,0.0,0.0
15,confirmation,presence:b2_30m_trades,presence,finite_presence_binary,25,0.0,0.0,0.0,0.0,0.0,0,0,25,0,0.0,0.0
15,confirmation,presence:b2_30m_vega_flow,presence,finite_presence_binary,25,0.0,0.0,0.0,0.0,0.0,0,0,25,0,0.0,0.0
15,confirmation,presence:b2_30m_vega_flow_abs,presence,finite_presence_binary,25,0.0,0.0,0.0,0.0,0.0,0,0,25,0,0.0,0.0
15,confirmation,presence:b2_30m_vega_flow_call,presence,finite_presence_binary,25,0.0,0.0,0.0,0.0,0.0,0,0,25,0,0.0,0.0
15,confirmation,presence:b2_30m_vega_flow_long_dte,presence,finite_presence_binary,25,0.0,0.0,0.0,0.0,0.0,0,0,25,0,0.0,0.0
15,confirmation,presence:b2_30m_vega_flow_put,presence,finite_presence_binary,25,0.0,0.0,0.0,0.0,0.0,0,0,25,0,0.0,0.0
15,confirmation,presence:b2_30m_vega_flow_short_dte,presence,finite_presence_binary,25,0.0,0.0,0.0,0.0,0.0,0,0,25,0,0.0,0.0
15,confirmation,presence:b2_30m_window_empty,presence,finite_presence_binary,25,0.0,0.0,0.0,0.0,0.0,0,0,25,0,0.0,0.0
15,confirmation,presence:b2_30m_zero_dte_premium_share,presence,finite_presence_binary,25,0.0093139973048984,0.0,0.0093139973048984,0.0,0.2328499326224604,1,0,24,1,0.04,0.0
15,confirmation,presence:b2_30m_zero_dte_signed_premium,presence,finite_presence_binary,25,0.0,0.0,0.0,0.0,0.0,0,0,25,0,0.0,0.0
15,confirmation,presence:b2_30m_zero_dte_trade_share,presence,finite_presence_binary,25,0.0,0.0,0.0,0.0,0.0,0,0,25,0,0.0,0.0
15,confirmation,presence:b2_5m_buy_premium_share,presence,finite_presence_binary,25,-0.0624056564206324,0.0,0.0624056564206324,-0.5139838521083933,0.0,0,5,20,5,0.0,0.2
15,confirmation,presence:b2_5m_contract_entropy,presence,finite_presence_binary,25,-0.0108613473412396,0.0,0.0108613473412396,-0.2715336835309911,0.0,0,1,24,1,0.0,0.04
15,confirmation,presence:b2_5m_contracts,presence,finite_presence_binary,25,0.0,0.0,0.0,0.0,0.0,0,0,25,0,0.0,0.0
15,confirmation,presence:b2_5m_d_iv,presence,finite_presence_binary,25,-0.0324872478513,0.0,0.0324872478513,-0.5151266153590045,0.0,0,3,22,3,0.0,0.12
15,confirmation,presence:b2_5m_d_mid_rel,presence,finite_presence_binary,25,0.0,0.0,0.0,0.0,0.0,0,0,25,0,0.0,0.0
15,confirmation,presence:b2_5m_d_spread,presence,finite_presence_binary,25,0.0,0.0,0.0,0.0,0.0,0,0,25,0,0.0,0.0
15,confirmation,presence:b2_5m_decay_intensity_innovation,presence,finite_presence_binary,25,0.0,0.0,0.0,0.0,0.0,0,0,25,0,0.0,0.0
15,confirmation,presence:b2_5m_decay_intensity_last,presence,finite_presence_binary,25,0.0,0.0,0.0,0.0,0.0,0,0,25,0,0.0,0.0
15,confirmation,presence:b2_5m_delta_flow,presence,finite_presence_binary,25,0.0,0.0,0.0,0.0,0.0,0,0,25,0,0.0,0.0
15,confirmation,presence:b2_5m_expiry_hhi,presence,finite_presence_binary,25,0.0,0.0,0.0,0.0,0.0,0,0,25,0,0.0,0.0
15,confirmation,presence:b2_5m_gamma_flow,presence,finite_presence_binary,25,0.0,0.0,0.0,0.0,0.0,0,0,25,0,0.0,0.0
15,confirmation,presence:b2_5m_interarrival_cv,presence,finite_presence_binary,25,0.0,0.0,0.0,0.0,0.0,0,0,25,0,0.0,0.0
15,confirmation,presence:b2_5m_multileg_premium_share,presence,finite_presence_binary,25,0.0,0.0,0.0,0.0,0.0,0,0,25,0,0.0,0.0
15,confirmation,presence:b2_5m_multileg_size_share,presence,finite_presence_binary,25,-0.0200921029071616,0.0,0.0200921029071616,-0.4783002783416963,0.0,0,2,23,2,0.0,0.08
15,confirmation,presence:b2_5m_otm_premium_share,presence,finite_presence_binary,25,0.0,0.0,0.0,0.0,0.0,0,0,25,0,0.0,0.0
15,confirmation,presence:b2_5m_passive_premium_share,presence,finite_presence_binary,25,0.0,0.0,0.0,0.0,0.0,0,0,25,0,0.0,0.0
15,confirmation,presence:b2_5m_premium,presence,finite_presence_binary,25,0.0,0.0,0.0,0.0,0.0,0,0,25,0,0.0,0.0
15,confirmation,presence:b2_5m_rate_per_second,presence,finite_presence_binary,25,0.0,0.0,0.0,0.0,0.0,0,0,25,0,0.0,0.0
15,confirmation,presence:b2_5m_sell_premium_share,presence,finite_presence_binary,25,0.0,0.0,0.0,0.0,0.0,0,0,25,0,0.0,0.0
15,confirmation,presence:b2_5m_size,presence,finite_presence_binary,25,0.0,0.0,0.0,0.0,0.0,0,0,25,0,0.0,0.0
15,confirmation,presence:b2_5m_strike_hhi,presence,finite_presence_binary,25,-0.0108609322455341,0.0,0.0108609322455341,-0.2715233061383539,0.0,0,1,24,1,0.0,0.04
15,confirmation,presence:b2_5m_sweep_premium_share,presence,finite_presence_binary,25,0.0,0.0,0.0,0.0,0.0,0,0,25,0,0.0,0.0
15,confirmation,presence:b2_5m_trades,presence,finite_presence_binary,25,0.0,0.0,0.0,0.0,0.0,0,0,25,0,0.0,0.0
15,confirmation,presence:b2_5m_vega_flow,presence,finite_presence_binary,25,0.0,0.0,0.0,0.0,0.0,0,0,25,0,0.0,0.0
15,confirmation,presence:b2_5m_vega_flow_abs,presence,finite_presence_binary,25,0.0,0.0,0.0,0.0,0.0,0,0,25,0,0.0,0.0
15,confirmation,presence:b2_5m_vega_flow_call,presence,finite_presence_binary,25,0.0,0.0,0.0,0.0,0.0,0,0,25,0,0.0,0.0
15,confirmation,presence:b2_5m_vega_flow_long_dte,presence,finite_presence_binary,25,0.0,0.0,0.0,0.0,0.0,0,0,25,0,0.0,0.0
15,confirmation,presence:b2_5m_vega_flow_put,presence,finite_presence_binary,25,0.0,0.0,0.0,0.0,0.0,0,0,25,0,0.0,0.0
15,confirmation,presence:b2_5m_vega_flow_short_dte,presence,finite_presence_binary,25,0.0,0.0,0.0,0.0,0.0,0,0,25,0,0.0,0.0
15,confirmation,presence:b2_5m_window_empty,presence,finite_presence_binary,25,0.0,0.0,0.0,0.0,0.0,0,0,25,0,0.0,0.0
15,confirmation,presence:b2_5m_zero_dte_premium_share,presence,finite_presence_binary,25,-0.1134433806999533,0.0,0.1134433806999533,-0.5145836174647451,0.0,0,7,18,7,0.0,0.28
15,confirmation,presence:b2_5m_zero_dte_signed_premium,presence,finite_presence_binary,25,0.0,0.0,0.0,0.0,0.0,0,0,25,0,0.0,0.0
15,confirmation,presence:b2_5m_zero_dte_trade_share,presence,finite_presence_binary,25,0.0,0.0,0.0,0.0,0.0,0,0,25,0,0.0,0.0
15,confirmation,presence:rp4_dealer_gamma_near_spot,presence,finite_presence_binary,25,0.0,0.0,0.0,0.0,0.0,0,0,25,0,0.0,0.0
15,confirmation,presence:rp4_dealer_gamma_net,presence,finite_presence_binary,25,-0.0006172163597667,0.0,0.0006172163597667,-0.0154304089941699,0.0,0,1,24,1,0.0,0.04
15,confirmation,presence:rp4_dealer_max_gamma_distance,presence,finite_presence_binary,25,0.0,0.0,0.0,0.0,0.0,0,0,25,0,0.0,0.0
15,confirmation,presence:rp4_gamma_imb_near_short,presence,finite_presence_binary,25,0.0069593940218187,0.0,0.0069593940218187,0.0,0.0608756818807008,3,0,22,3,0.12,0.0
15,confirmation,presence:rp4_gamma_imb_near_spot,presence,finite_presence_binary,25,0.0134036691786901,0.0,0.0145273104494214,-0.0140455158841412,0.0610207815553972,6,1,18,7,0.24,0.04
15,confirmation,presence:rp4_gamma_imb_signed_trades,presence,finite_presence_binary,25,0.0109962000268261,0.0,0.0121235984672254,-0.0140924805049911,0.0609446666028968,5,1,19,6,0.2,0.04
15,confirmation,presence:rp4_gamma_imb_total,presence,finite_presence_binary,25,0.0143615090694382,0.0,0.0166102735176638,-0.0140642823306761,0.0609582732286988,7,2,16,9,0.28,0.08
15,confirmation,presence:rp4_iv_dte_0_1_m_090_097,presence,finite_presence_binary,25,-0.0028444495371323,-0.006085378412601,0.0076659510534061,-0.0117910261748681,0.0076806768041074,10,15,0,25,0.4,0.6
15,confirmation,presence:rp4_iv_dte_0_1_m_097_103,presence,finite_presence_binary,25,-0.0069349196924429,-0.0100249765208493,0.0098390829736907,-0.0161261451344042,0.0051154590058012,10,15,0,25,0.4,0.6
15,confirmation,presence:rp4_iv_dte_0_1_m_103_110,presence,finite_presence_binary,25,0.0119228893262452,0.0057065092714967,0.0119228893262452,0.0030355226585427,0.0240640068059375,25,0,0,25,1.0,0.0
15,confirmation,presence:rp4_iv_dte_0_1_m_gt110,presence,finite_presence_binary,25,0.0137355669081083,0.0084922038387008,0.0137355669081083,0.0076680837052841,0.0231392034635881,25,0,0,25,1.0,0.0
15,confirmation,presence:rp4_iv_dte_0_1_m_lt090,presence,finite_presence_binary,25,0.0114705670777317,0.005338870403244,0.0114705670777317,0.0041051387837687,0.0226894267742658,25,0,0,25,1.0,0.0
15,confirmation,presence:rp4_iv_dte_2_7_m_090_097,presence,finite_presence_binary,25,0.0003088479858577,-0.0008570442855636,0.0039067139448949,-0.0052420656612014,0.0058743664375161,10,15,0,25,0.4,0.6
15,confirmation,presence:rp4_iv_dte_2_7_m_097_103,presence,finite_presence_binary,25,0.0134332207404368,0.0098643339106212,0.0138836368227568,-0.0015030261096666,0.0270348973170235,21,4,0,25,0.84,0.16
15,confirmation,presence:rp4_iv_dte_2_7_m_103_110,presence,finite_presence_binary,25,0.0038126118546733,0.0040415475394782,0.0044565579026278,-0.0014373579551535,0.0094536646218137,16,9,0,25,0.64,0.36
15,confirmation,presence:rp4_iv_dte_2_7_m_gt110,presence,finite_presence_binary,25,-0.0025347450784883,-0.0084349829472316,0.0086215069649292,-0.0098421695837276,0.0086406294616152,10,15,0,25,0.4,0.6
15,confirmation,presence:rp4_iv_dte_2_7_m_lt090,presence,finite_presence_binary,25,0.0037603397458097,0.0002345465082038,0.0066018606249697,-0.0035211159062792,0.0136135485008446,14,11,0,25,0.56,0.44
15,confirmation,presence:rp4_iv_dte_31_90_m_090_097,presence,finite_presence_binary,25,-0.0049858233346886,-0.0073389095050386,0.0049858233346886,-0.0088100043317212,-0.0003017510681429,0,25,0,25,0.0,1.0
15,confirmation,presence:rp4_iv_dte_31_90_m_097_103,presence,finite_presence_binary,25,-0.0126096056173594,-0.0134410444425088,0.0126096056173594,-0.0178536508234112,-0.0078148957729827,0,25,0,25,0.0,1.0
15,confirmation,presence:rp4_iv_dte_31_90_m_103_110,presence,finite_presence_binary,25,0.0043755255435047,0.0028930849990054,0.0058944213688576,-0.0047966574668781,0.0105429536083304,21,4,0,25,0.84,0.16
15,confirmation,presence:rp4_iv_dte_31_90_m_gt110,presence,finite_presence_binary,25,-0.0024090781440636,-0.0036033458277959,0.0034454868847551,-0.0054882427811716,0.0016858864473783,10,15,0,25,0.4,0.6
15,confirmation,presence:rp4_iv_dte_31_90_m_lt090,presence,finite_presence_binary,25,-0.0047012245601772,-0.0072079723540937,0.0047012245601772,-0.0082100937188028,-0.0001878976895391,0,25,0,25,0.0,1.0
15,confirmation,presence:rp4_iv_dte_8_30_m_090_097,presence,finite_presence_binary,25,-0.0244260701485747,-0.0220064131285785,0.0244260701485747,-0.0293753133962607,-0.0191837096879699,0,25,0,25,0.0,1.0
15,confirmation,presence:rp4_iv_dte_8_30_m_097_103,presence,finite_presence_binary,25,0.0301227229274832,0.0075727222884986,0.0360712819989877,-0.0185984493332242,0.0758914620743485,21,4,0,25,0.84,0.16
15,confirmation,presence:rp4_iv_dte_8_30_m_103_110,presence,finite_presence_binary,25,-0.0194798748603178,-0.018263616124027,0.0194798748603178,-0.0221857448382609,-0.0171482555333751,0,25,0,25,0.0,1.0
15,confirmation,presence:rp4_iv_dte_8_30_m_gt110,presence,finite_presence_binary,25,0.0014511520849594,-0.0007905479414202,0.0032421392210928,-0.0020062434774937,0.006186750893184,10,15,0,25,0.4,0.6
15,confirmation,presence:rp4_iv_dte_8_30_m_lt090,presence,finite_presence_binary,25,-0.0039765280592149,-0.0063813536726892,0.0041721049436293,-0.0072078382441098,0.0004636779678844,7,18,0,25,0.28,0.72
15,confirmation,presence:rp4_iv_dte_gt90_m_090_097,presence,finite_presence_binary,25,-2.4757303157804185e-05,-0.0023927645324079,0.0033331981753623,-0.0035734617664006,0.0044805321107079,10,15,0,25,0.4,0.6
15,confirmation,presence:rp4_iv_dte_gt90_m_097_103,presence,finite_presence_binary,25,0.0078352827539689,0.0064309863940606,0.0085699072322851,-0.0023494729906329,0.0139432082893526,21,4,0,25,0.84,0.16
15,confirmation,presence:rp4_iv_dte_gt90_m_103_110,presence,finite_presence_binary,25,-2.5812143298343284e-05,-0.0022766817910144,0.0032420487603946,-0.0037090827283498,0.0044429207279907,10,15,0,25,0.4,0.6
15,confirmation,presence:rp4_iv_dte_gt90_m_gt110,presence,finite_presence_binary,25,0.0008940116530101,-0.0006193226802865,0.0041229283042634,-0.0083590376829672,0.0065781366479513,10,15,0,25,0.4,0.6
15,confirmation,presence:rp4_iv_dte_gt90_m_lt090,presence,finite_presence_binary,25,-0.0052896229957586,-0.0074631455812081,0.0052904193039313,-0.0116849633085432,9.953852158857883e-06,1,24,0,25,0.04,0.96
15,confirmation,presence:rp4_surface_populated_cells,presence,finite_presence_binary,25,0.0,0.0,0.0,0.0,0.0,0,0,25,0,0.0,0.0
15,primary,presence:b1_butterfly_25,presence,finite_presence_binary,419,-8.522392180174956e-05,0.0,0.0002657039465757,-0.0083580792615239,0.0062698795636197,16,30,373,46,0.0381861575178997,0.071599045346062
15,primary,presence:b1_iv_14d,presence,finite_presence_binary,419,0.0056695463396337,0.0,0.005761131008994,-0.0163462227823321,0.1894784201201861,16,2,401,18,0.0381861575178997,0.0047732696897374
15,primary,presence:b1_iv_30d,presence,finite_presence_binary,419,0.0025315873865176,0.0,0.0026876193293204,-0.01635269467867,0.1870814799491765,11,2,406,13,0.026252983293556,0.0047732696897374
15,primary,presence:b1_iv_60d,presence,finite_presence_binary,419,0.004358606638422,0.0,0.0045944775458474,-0.0168148747803535,0.19156290090419,14,3,402,17,0.0334128878281622,0.0071599045346062
15,primary,presence:b1_iv_7d,presence,finite_presence_binary,419,0.002560913597554,0.0,0.0026401530978748,-0.0166006753172123,0.1908614485232015,8,1,410,9,0.0190930787589498,0.0023866348448687
15,primary,presence:b1_iv_90d,presence,finite_presence_binary,419,0.0034251927031386,0.0,0.0035062473161711,-0.0169809414303002,0.1907222315990454,10,1,408,11,0.0238663484486873,0.0023866348448687
15,primary,presence:b1_iv_minus_trailing_rv_30d,presence,finite_presence_binary,419,0.0073556539047196,0.0,0.007591163702427,-0.0167927080667441,0.1874744164710365,22,3,394,25,0.0525059665871121,0.0071599045346062
15,primary,presence:b1_mfiv,presence,finite_presence_binary,419,-0.0673681225147239,-0.0319047350467842,0.0729727075121247,-0.1662920770433158,0.026035614398492,66,322,31,388,0.1575178997613365,0.7684964200477327
15,primary,presence:b1_risk_reversal_25,presence,finite_presence_binary,419,0.0003133899758657,0.0,0.0022517921927267,-0.0087133630804211,0.0077139516338873,188,185,46,373,0.4486873508353222,0.441527446300716
15,primary,presence:b1_smile_curvature,presence,finite_presence_binary,419,0.006199798678171,0.0,0.0065362195266361,-0.017048052438377,0.1915472252769771,24,5,390,29,0.0572792362768496,0.0119331742243436
15,primary,presence:b1_smile_level,presence,finite_presence_binary,419,0.0039483046995241,0.0,0.0041861095917337,-0.0169152457055845,0.186961808662449,12,3,404,15,0.0286396181384248,0.0071599045346062
15,primary,presence:b1_smile_slope,presence,finite_presence_binary,419,0.0050815317158107,0.0,0.0051590741185518,-0.0162451333742659,0.1897693277482578,18,1,400,19,0.0429594272076372,0.0023866348448687
15,primary,presence:b1_term_convexity,presence,finite_presence_binary,419,0.0041274691613113,0.0,0.004369289152736,-0.0169453777521343,0.1877022462180209,12,3,404,15,0.0286396181384248,0.0071599045346062
15,primary,presence:b1_term_slope,presence,finite_presence_binary,419,0.0101199814821498,0.0,0.0106707570428491,-0.0169138475892293,0.1907766938031635,31,7,381,38,0.0739856801909307,0.0167064439140811
15,primary,presence:b2_30m_buy_premium_share,presence,finite_presence_binary,419,0.0118664389067705,0.0,0.0123636065563318,-0.0177992536520454,0.2680085775325657,41,6,372,47,0.0978520286396181,0.0143198090692124
15,primary,presence:b2_30m_contracts,presence,finite_presence_binary,419,0.0,0.0,0.0,0.0,0.0,0,0,419,0,0.0,0.0
15,primary,presence:b2_30m_d_iv,presence,finite_presence_binary,419,0.0053974723096265,0.0,0.0054797409678912,-0.0172352839064346,0.2632296842749173,17,1,401,18,0.0405727923627685,0.0023866348448687
15,primary,presence:b2_30m_d_mid_rel,presence,finite_presence_binary,419,0.0025671048511754,0.0,0.0026514360511939,-0.0176673864038615,0.2230826531012403,7,1,411,8,0.0167064439140811,0.0023866348448687
15,primary,presence:b2_30m_d_spread,presence,finite_presence_binary,419,0.0023330077620017,0.0,0.0023330077620017,0.0,0.2610276399702357,6,0,413,6,0.0143198090692124,0.0
15,primary,presence:b2_30m_decay_intensity_innovation,presence,finite_presence_binary,419,0.002436429486695,0.0,0.0025180115508408,-0.0170914424385303,0.2254564548387821,5,1,413,6,0.0119331742243436,0.0023866348448687
15,primary,presence:b2_30m_decay_intensity_last,presence,finite_presence_binary,419,0.0,0.0,0.0,0.0,0.0,0,0,419,0,0.0,0.0
15,primary,presence:b2_30m_delta_flow,presence,finite_presence_binary,419,0.0,0.0,0.0,0.0,0.0,0,0,419,0,0.0,0.0
15,primary,presence:b2_30m_gamma_flow,presence,finite_presence_binary,419,0.0,0.0,0.0,0.0,0.0,0,0,419,0,0.0,0.0
15,primary,presence:b2_30m_multileg_premium_share,presence,finite_presence_binary,419,0.0017892351679178,0.0,0.0018508100519434,-0.0092418866231408,0.2244828244451784,7,2,410,9,0.0167064439140811,0.0047732696897374
15,primary,presence:b2_30m_multileg_size_share,presence,finite_presence_binary,419,0.0011405801438205,0.0,0.0012219535405021,-0.017047726604786,0.2193164715835836,4,1,414,5,0.0095465393794749,0.0023866348448687
15,primary,presence:b2_30m_otm_premium_share,presence,finite_presence_binary,419,0.0018521822996326,0.0,0.0019469315702638,-0.0172279165795436,0.2562071799891553,7,3,409,10,0.0167064439140811,0.0071599045346062
15,primary,presence:b2_30m_passive_premium_share,presence,finite_presence_binary,419,0.0005696979563185,0.0,0.0006539202219122,-0.01764456464187,0.2317697953201601,2,1,416,3,0.0047732696897374,0.0023866348448687
15,primary,presence:b2_30m_premium,presence,finite_presence_binary,419,0.0,0.0,0.0,0.0,0.0,0,0,419,0,0.0,0.0
15,primary,presence:b2_30m_rate_per_second,presence,finite_presence_binary,419,0.0,0.0,0.0,0.0,0.0,0,0,419,0,0.0,0.0
15,primary,presence:b2_30m_sell_premium_share,presence,finite_presence_binary,419,0.0005941048361239,0.0,0.0006163057590372,-0.0046510933503423,0.2052204922549059,3,1,415,4,0.0071599045346062,0.0023866348448687
15,primary,presence:b2_30m_size,presence,finite_presence_binary,419,0.0,0.0,0.0,0.0,0.0,0,0,419,0,0.0,0.0
15,primary,presence:b2_30m_sweep_premium_share,presence,finite_presence_binary,419,0.0009686565099746,0.0,0.0010863302558755,-0.0172575990237309,0.2169317549108703,3,3,413,6,0.0071599045346062,0.0071599045346062
15,primary,presence:b2_30m_trades,presence,finite_presence_binary,419,0.0,0.0,0.0,0.0,0.0,0,0,419,0,0.0,0.0
15,primary,presence:b2_30m_vega_flow,presence,finite_presence_binary,419,0.0,0.0,0.0,0.0,0.0,0,0,419,0,0.0,0.0
15,primary,presence:b2_30m_vega_flow_abs,presence,finite_presence_binary,419,0.0,0.0,0.0,0.0,0.0,0,0,419,0,0.0,0.0
15,primary,presence:b2_30m_vega_flow_call,presence,finite_presence_binary,419,0.0,0.0,0.0,0.0,0.0,0,0,419,0,0.0,0.0
15,primary,presence:b2_30m_vega_flow_long_dte,presence,finite_presence_binary,419,0.0,0.0,0.0,0.0,0.0,0,0,419,0,0.0,0.0
15,primary,presence:b2_30m_vega_flow_put,presence,finite_presence_binary,419,0.0,0.0,0.0,0.0,0.0,0,0,419,0,0.0,0.0
15,primary,presence:b2_30m_vega_flow_short_dte,presence,finite_presence_binary,419,0.0,0.0,0.0,0.0,0.0,0,0,419,0,0.0,0.0
15,primary,presence:b2_30m_window_empty,presence,finite_presence_binary,419,0.0,0.0,0.0,0.0,0.0,0,0,419,0,0.0,0.0
15,primary,presence:b2_30m_zero_dte_premium_share,presence,finite_presence_binary,419,0.0014769416409936,0.0,0.0017331349413189,-0.0181403684977308,0.2616062594518229,4,4,411,8,0.0095465393794749,0.0095465393794749
15,primary,presence:b2_30m_zero_dte_signed_premium,presence,finite_presence_binary,419,0.0,0.0,0.0,0.0,0.0,0,0,419,0,0.0,0.0
15,primary,presence:b2_30m_zero_dte_trade_share,presence,finite_presence_binary,419,0.0005981349634708,0.0,0.0005981349634708,0.0,0.2218670131940456,2,0,417,2,0.0047732696897374,0.0
15,primary,presence:b2_5m_buy_premium_share,presence,finite_presence_binary,419,-0.0478157617179448,0.0,0.0478157617179448,-0.5552537612444832,0.0,0,71,348,71,0.0,0.1694510739856801
15,primary,presence:b2_5m_contract_entropy,presence,finite_presence_binary,419,-0.0019294865674781,0.0,0.0019294865674781,-0.5081256085263095,0.0,0,4,415,4,0.0,0.0095465393794749
15,primary,presence:b2_5m_contracts,presence,finite_presence_binary,419,0.0,0.0,0.0,0.0,0.0,0,0,419,0,0.0,0.0
15,primary,presence:b2_5m_d_iv,presence,finite_presence_binary,419,-0.0205929525657205,0.0,0.0205929525657205,-0.5523174795276334,0.0,0,24,395,24,0.0,0.0572792362768496
15,primary,presence:b2_5m_d_mid_rel,presence,finite_presence_binary,419,0.0,0.0,0.0,0.0,0.0,0,0,419,0,0.0,0.0
15,primary,presence:b2_5m_d_spread,presence,finite_presence_binary,419,0.0,0.0,0.0,0.0,0.0,0,0,419,0,0.0,0.0
15,primary,presence:b2_5m_decay_intensity_innovation,presence,finite_presence_binary,419,-0.0152858089006847,0.0,0.0152858089006847,-0.5544744475594183,0.0,0,18,401,18,0.0,0.0429594272076372
15,primary,presence:b2_5m_decay_intensity_last,presence,finite_presence_binary,419,0.0,0.0,0.0,0.0,0.0,0,0,419,0,0.0,0.0
15,primary,presence:b2_5m_delta_flow,presence,finite_presence_binary,419,0.0,0.0,0.0,0.0,0.0,0,0,419,0,0.0,0.0
15,primary,presence:b2_5m_expiry_hhi,presence,finite_presence_binary,419,0.0,0.0,0.0,0.0,0.0,0,0,419,0,0.0,0.0
15,primary,presence:b2_5m_gamma_flow,presence,finite_presence_binary,419,0.0,0.0,0.0,0.0,0.0,0,0,419,0,0.0,0.0
15,primary,presence:b2_5m_interarrival_cv,presence,finite_presence_binary,419,0.0,0.0,0.0,0.0,0.0,0,0,419,0,0.0,0.0
15,primary,presence:b2_5m_multileg_premium_share,presence,finite_presence_binary,419,0.0,0.0,0.0,0.0,0.0,0,0,419,0,0.0,0.0
15,primary,presence:b2_5m_multileg_size_share,presence,finite_presence_binary,419,-0.0177945464784056,0.0,0.0177945464784056,-0.5556050933207408,0.0,0,20,399,20,0.0,0.0477326968973747
15,primary,presence:b2_5m_otm_premium_share,presence,finite_presence_binary,419,0.0,0.0,0.0,0.0,0.0,0,0,419,0,0.0,0.0
15,primary,presence:b2_5m_passive_premium_share,presence,finite_presence_binary,419,0.0,0.0,0.0,0.0,0.0,0,0,419,0,0.0,0.0
15,primary,presence:b2_5m_premium,presence,finite_presence_binary,419,0.0,0.0,0.0,0.0,0.0,0,0,419,0,0.0,0.0
15,primary,presence:b2_5m_rate_per_second,presence,finite_presence_binary,419,0.0,0.0,0.0,0.0,0.0,0,0,419,0,0.0,0.0
15,primary,presence:b2_5m_sell_premium_share,presence,finite_presence_binary,419,-0.0021617862036212,0.0,0.0021617862036212,-0.2440995139961077,0.0,0,7,412,7,0.0,0.0167064439140811
15,primary,presence:b2_5m_size,presence,finite_presence_binary,419,0.0,0.0,0.0,0.0,0.0,0,0,419,0,0.0,0.0
15,primary,presence:b2_5m_strike_hhi,presence,finite_presence_binary,419,-0.0072369750876951,0.0,0.0072369750876951,-0.5579798274735974,0.0,0,9,410,9,0.0,0.0214797136038186
15,primary,presence:b2_5m_sweep_premium_share,presence,finite_presence_binary,419,-0.0032080865586184,0.0,0.0032080865586184,-0.3952164977538279,0.0,0,7,412,7,0.0,0.0167064439140811
15,primary,presence:b2_5m_trades,presence,finite_presence_binary,419,0.0,0.0,0.0,0.0,0.0,0,0,419,0,0.0,0.0
15,primary,presence:b2_5m_vega_flow,presence,finite_presence_binary,419,0.0,0.0,0.0,0.0,0.0,0,0,419,0,0.0,0.0
15,primary,presence:b2_5m_vega_flow_abs,presence,finite_presence_binary,419,0.0,0.0,0.0,0.0,0.0,0,0,419,0,0.0,0.0
15,primary,presence:b2_5m_vega_flow_call,presence,finite_presence_binary,419,0.0,0.0,0.0,0.0,0.0,0,0,419,0,0.0,0.0
15,primary,presence:b2_5m_vega_flow_long_dte,presence,finite_presence_binary,419,0.0,0.0,0.0,0.0,0.0,0,0,419,0,0.0,0.0
15,primary,presence:b2_5m_vega_flow_put,presence,finite_presence_binary,419,0.0,0.0,0.0,0.0,0.0,0,0,419,0,0.0,0.0
15,primary,presence:b2_5m_vega_flow_short_dte,presence,finite_presence_binary,419,0.0,0.0,0.0,0.0,0.0,0,0,419,0,0.0,0.0
15,primary,presence:b2_5m_window_empty,presence,finite_presence_binary,419,0.0,0.0,0.0,0.0,0.0,0,0,419,0,0.0,0.0
15,primary,presence:b2_5m_zero_dte_premium_share,presence,finite_presence_binary,419,-0.0189340367048571,0.0,0.0189340367048571,-0.5097912282879106,0.0,0,23,396,23,0.0,0.0548926014319809
15,primary,presence:b2_5m_zero_dte_signed_premium,presence,finite_presence_binary,419,0.0,0.0,0.0,0.0,0.0,0,0,419,0,0.0,0.0
15,primary,presence:b2_5m_zero_dte_trade_share,presence,finite_presence_binary,419,-0.0020950709147889,0.0,0.0020950709147889,-0.3968706688494515,0.0,0,5,414,5,0.0,0.0119331742243436
15,primary,presence:rp4_dealer_gamma_near_spot,presence,finite_presence_binary,419,0.0006999412397481,0.0,0.0007133086064294,-0.002800463319734,0.1481929280462529,2,1,416,3,0.0047732696897374,0.0023866348448687
15,primary,presence:rp4_dealer_gamma_net,presence,finite_presence_binary,419,0.000545752301861,0.0,0.0005591762797338,-0.0028123233643608,0.1806305332616767,2,1,416,3,0.0047732696897374,0.0023866348448687
15,primary,presence:rp4_dealer_max_gamma_distance,presence,finite_presence_binary,419,0.0007842725200009,0.0,0.0007842725200009,0.0,0.1644882836668262,2,0,417,2,0.0047732696897374,0.0
15,primary,presence:rp4_gamma_imb_near_short,presence,finite_presence_binary,419,0.0059116180894683,0.0,0.0067745438667306,-0.0155344695608766,0.0647162134526372,46,12,361,58,0.1097852028639618,0.0286396181384248
15,primary,presence:rp4_gamma_imb_near_spot,presence,finite_presence_binary,419,0.0057624658870318,0.0,0.0061259323765727,-0.015590610849946,0.0637437750445951,43,5,371,48,0.1026252983293556,0.0119331742243436
15,primary,presence:rp4_gamma_imb_signed_trades,presence,finite_presence_binary,419,0.0044868575155088,0.0,0.0050669602317141,-0.0156469619712753,0.0626559440301489,35,8,376,43,0.0835322195704057,0.0190930787589498
15,primary,presence:rp4_gamma_imb_total,presence,finite_presence_binary,419,0.0055772119238077,0.0,0.0058725042401732,-0.0155545327183066,0.0642106026544667,42,4,373,46,0.1002386634844868,0.0095465393794749
15,primary,presence:rp4_iv_dte_0_1_m_090_097,presence,finite_presence_binary,419,-0.0100324779882657,-0.0117544676162401,0.0145935193705652,-0.032908625666697,0.0493766107780013,72,347,0,419,0.1718377088305489,0.8281622911694511
15,primary,presence:rp4_iv_dte_0_1_m_097_103,presence,finite_presence_binary,419,-0.0167471333389858,-0.015665639369634,0.0180172156325902,-0.0481438319444847,0.028929938780015,46,373,0,419,0.1097852028639618,0.8902147971360382
15,primary,presence:rp4_iv_dte_0_1_m_103_110,presence,finite_presence_binary,419,0.0121249795053173,0.0088686281715627,0.0121249795053173,0.0003606799386129,0.0723503881387873,419,0,0,419,1.0,0.0
15,primary,presence:rp4_iv_dte_0_1_m_gt110,presence,finite_presence_binary,419,0.0097683050120931,0.0068021185804021,0.01032727996155,-0.0079278129149202,0.059577660855564,375,44,0,419,0.8949880668257757,0.1050119331742243
15,primary,presence:rp4_iv_dte_0_1_m_lt090,presence,finite_presence_binary,419,0.0059880557774876,0.0024335875921239,0.0103218953487377,-0.0206394915185101,0.0647356072064917,252,167,0,419,0.6014319809069213,0.3985680190930787
15,primary,presence:rp4_iv_dte_2_7_m_090_097,presence,finite_presence_binary,419,-0.009613359463138,-0.0108677520154577,0.0160108038984641,-0.0327192031275609,0.0483281393498993,87,332,0,419,0.2076372315035799,0.7923627684964201
15,primary,presence:rp4_iv_dte_2_7_m_097_103,presence,finite_presence_binary,419,-0.0112142668605995,-0.0106595304790669,0.0239801225488225,-0.0650915211481248,0.0404684172992882,122,297,0,419,0.2911694510739857,0.7088305489260143
15,primary,presence:rp4_iv_dte_2_7_m_103_110,presence,finite_presence_binary,419,0.021279707129459,0.0159545236539708,0.0213221689336473,-0.0020891533007762,0.1040878252133202,408,11,0,419,0.973747016706444,0.026252983293556
15,primary,presence:rp4_iv_dte_2_7_m_gt110,presence,finite_presence_binary,419,0.0039450410117406,-0.0009018247115685,0.009733847234372,-0.0136311828354929,0.0706588566991545,185,234,0,419,0.441527446300716,0.5584725536992841
15,primary,presence:rp4_iv_dte_2_7_m_lt090,presence,finite_presence_binary,419,0.0113251736105356,0.0070178314596868,0.0115680234129483,-0.0023094341698165,0.0708212747946245,384,35,0,419,0.9164677804295944,0.0835322195704057
15,primary,presence:rp4_iv_dte_31_90_m_090_097,presence,finite_presence_binary,419,-0.0069086762665037,-0.0082609594376124,0.0076858276829742,-0.0165647367538319,0.0149209090172327,31,388,0,419,0.0739856801909307,0.9260143198090692
15,primary,presence:rp4_iv_dte_31_90_m_097_103,presence,finite_presence_binary,419,-0.0090058093198257,-0.01001412455802,0.0100188435619736,-0.0197055483640018,0.0126377445813273,28,391,0,419,0.0668257756563245,0.9331742243436754
15,primary,presence:rp4_iv_dte_31_90_m_103_110,presence,finite_presence_binary,419,0.0051807251104894,0.0037119623501597,0.0070476314413696,-0.0072362297595885,0.0324083322323182,295,124,0,419,0.7040572792362768,0.2959427207637231
15,primary,presence:rp4_iv_dte_31_90_m_gt110,presence,finite_presence_binary,419,-0.0034147549653791,-0.0033095292652786,0.0060390011539801,-0.0141010755697157,0.0201251086154365,101,318,0,419,0.2410501193317422,0.7589498806682577
15,primary,presence:rp4_iv_dte_31_90_m_lt090,presence,finite_presence_binary,419,-0.0038135864173937,-0.0039808681928649,0.0054170423937283,-0.0110445626890847,0.0218148955909204,32,387,0,419,0.0763723150357995,0.9236276849642004
15,primary,presence:rp4_iv_dte_8_30_m_090_097,presence,finite_presence_binary,419,-0.0147433105945978,-0.0152984538777074,0.0155764707493892,-0.0353400659188172,0.015958092829057,31,388,0,419,0.0739856801909307,0.9260143198090692
15,primary,presence:rp4_iv_dte_8_30_m_097_103,presence,finite_presence_binary,419,0.0152113617460967,0.0,0.0247516172232977,-0.0497956207952671,0.0763660252058751,167,136,116,303,0.3985680190930787,0.324582338902148
15,primary,presence:rp4_iv_dte_8_30_m_103_110,presence,finite_presence_binary,419,-0.0360897204366159,-0.0205545481119548,0.0360897204366159,-0.1751233094607133,-0.0005742500181699,0,419,0,419,0.0,1.0
15,primary,presence:rp4_iv_dte_8_30_m_gt110,presence,finite_presence_binary,419,0.0050262383276725,0.0035308105130138,0.0057294449099886,-0.0030600022399007,0.0381696201948689,344,75,0,419,0.8210023866348448,0.1789976133651551
15,primary,presence:rp4_iv_dte_8_30_m_lt090,presence,finite_presence_binary,419,-0.0042814088472215,-0.0066435755687155,0.0060299862770941,-0.0095471673919004,0.0206031284115784,54,365,0,419,0.1288782816229117,0.8711217183770883
15,primary,presence:rp4_iv_dte_gt90_m_090_097,presence,finite_presence_binary,419,0.0010882728390006,-0.0005764407704851,0.0033128781796062,-0.0041686767787449,0.0276037847110986,183,236,0,419,0.4367541766109785,0.5632458233890215
15,primary,presence:rp4_iv_dte_gt90_m_097_103,presence,finite_presence_binary,419,0.0134177694870335,0.0129681878555348,0.0135627563471123,-0.0018985025267725,0.0412824349519652,390,29,0,419,0.9307875894988068,0.0692124105011933
15,primary,presence:rp4_iv_dte_gt90_m_103_110,presence,finite_presence_binary,419,0.0026471026755663,0.0011086675394448,0.0036897937227333,-0.0036060162156446,0.0292298495097416,286,133,0,419,0.6825775656324582,0.3174224343675417
15,primary,presence:rp4_iv_dte_gt90_m_gt110,presence,finite_presence_binary,419,0.0060914812876261,0.0054814962114367,0.0072081924261025,-0.0080198124058544,0.0383289343967405,356,63,0,419,0.8496420047732697,0.1503579952267303
15,primary,presence:rp4_iv_dte_gt90_m_lt090,presence,finite_presence_binary,419,-0.0023306712234907,-0.0024242799328089,0.004737866675801,-0.0115687076796485,0.024989376806008,89,330,0,419,0.2124105011933174,0.7875894988066826
15,primary,presence:rp4_surface_populated_cells,presence,finite_presence_binary,419,0.0,0.0,0.0,0.0,0.0,0,0,419,0,0.0,0.0
30,confirmation,presence:b1_butterfly_25,presence,finite_presence_binary,25,0.0003134605079311,0.0,0.0003134605079311,0.0,0.0027889227330532,5,0,20,5,0.2,0.0
30,confirmation,presence:b1_iv_14d,presence,finite_presence_binary,25,0.007369220848249,0.0,0.007369220848249,0.0,0.1842305212062264,1,0,24,1,0.04,0.0
30,confirmation,presence:b1_iv_30d,presence,finite_presence_binary,25,0.028024721914085,0.0,0.028024721914085,0.0,0.1918341742689368,5,0,20,5,0.2,0.0
30,confirmation,presence:b1_iv_60d,presence,finite_presence_binary,25,0.0221040100907815,0.0,0.0221040100907815,0.0,0.1848422890100666,3,0,22,3,0.12,0.0
30,confirmation,presence:b1_iv_7d,presence,finite_presence_binary,25,0.0074132111970728,0.0,0.0074132111970728,0.0,0.1853302799268203,1,0,24,1,0.04,0.0
30,confirmation,presence:b1_iv_90d,presence,finite_presence_binary,25,0.0248908800705268,0.0,0.0248908800705268,0.0,0.1853603616254967,4,0,21,4,0.16,0.0
30,confirmation,presence:b1_iv_minus_trailing_rv_30d,presence,finite_presence_binary,25,0.0174205574391383,0.0,0.0174205574391383,0.0,0.18416953731788,3,0,22,3,0.12,0.0
30,confirmation,presence:b1_mfiv,presence,finite_presence_binary,25,-0.1015689033206658,-0.1643830492106092,0.113899941641459,-0.177462568559549,0.0175254432347756,9,16,0,25,0.36,0.64
30,confirmation,presence:b1_risk_reversal_25,presence,finite_presence_binary,25,0.0012406463408843,0.0013478415555256,0.0012406463408843,0.0,0.0028540041516023,20,0,5,20,0.8,0.0
30,confirmation,presence:b1_smile_curvature,presence,finite_presence_binary,25,0.0026653028614164,0.0,0.0026653028614164,0.0,0.0666325715354105,1,0,24,1,0.04,0.0
30,confirmation,presence:b1_smile_level,presence,finite_presence_binary,25,0.0073813529949435,0.0,0.0073813529949435,0.0,0.1845338248735893,1,0,24,1,0.04,0.0
30,confirmation,presence:b1_smile_slope,presence,finite_presence_binary,25,0.0026955806917258,0.0,0.0026955806917258,0.0,0.0673895172931454,1,0,24,1,0.04,0.0
30,confirmation,presence:b1_term_convexity,presence,finite_presence_binary,25,0.0026658762523742,0.0,0.0026658762523742,0.0,0.066646906309357,1,0,24,1,0.04,0.0
30,confirmation,presence:b1_term_slope,presence,finite_presence_binary,25,0.0130405296616019,0.0,0.0130405296616019,0.0,0.1915218158501132,3,0,22,3,0.12,0.0
30,confirmation,presence:b2_30m_buy_premium_share,presence,finite_presence_binary,25,0.0243094781590383,0.0,0.0243094781590383,0.0,0.2450204382712175,4,0,21,4,0.16,0.0
30,confirmation,presence:b2_30m_contracts,presence,finite_presence_binary,25,0.0,0.0,0.0,0.0,0.0,0,0,25,0,0.0,0.0
30,confirmation,presence:b2_30m_d_iv,presence,finite_presence_binary,25,0.0219284689989644,0.0,0.0219284689989644,0.0,0.2448107053718528,3,0,22,3,0.12,0.0
30,confirmation,presence:b2_30m_d_mid_rel,presence,finite_presence_binary,25,0.0,0.0,0.0,0.0,0.0,0,0,25,0,0.0,0.0
30,confirmation,presence:b2_30m_d_spread,presence,finite_presence_binary,25,0.0,0.0,0.0,0.0,0.0,0,0,25,0,0.0,0.0
30,confirmation,presence:b2_30m_decay_intensity_innovation,presence,finite_presence_binary,25,0.0240764546151557,0.0,0.0240764546151557,0.0,0.2421774957062354,4,0,21,4,0.16,0.0
30,confirmation,presence:b2_30m_decay_intensity_last,presence,finite_presence_binary,25,0.0,0.0,0.0,0.0,0.0,0,0,25,0,0.0,0.0
30,confirmation,presence:b2_30m_delta_flow,presence,finite_presence_binary,25,0.0,0.0,0.0,0.0,0.0,0,0,25,0,0.0,0.0
30,confirmation,presence:b2_30m_gamma_flow,presence,finite_presence_binary,25,0.0,0.0,0.0,0.0,0.0,0,0,25,0,0.0,0.0
30,confirmation,presence:b2_30m_multileg_premium_share,presence,finite_presence_binary,25,0.0213149060119026,0.0,0.0213149060119026,0.0,0.2372726725701653,3,0,22,3,0.12,0.0
30,confirmation,presence:b2_30m_multileg_size_share,presence,finite_presence_binary,25,0.0096761388033548,0.0,0.0096761388033548,0.0,0.2419034700838717,1,0,24,1,0.04,0.0
30,confirmation,presence:b2_30m_otm_premium_share,presence,finite_presence_binary,25,0.0192183034825408,0.0,0.0192183034825408,0.0,0.2444075278864057,2,0,23,2,0.08,0.0
30,confirmation,presence:b2_30m_passive_premium_share,presence,finite_presence_binary,25,0.0,0.0,0.0,0.0,0.0,0,0,25,0,0.0,0.0
30,confirmation,presence:b2_30m_premium,presence,finite_presence_binary,25,0.0,0.0,0.0,0.0,0.0,0,0,25,0,0.0,0.0
30,confirmation,presence:b2_30m_rate_per_second,presence,finite_presence_binary,25,0.0,0.0,0.0,0.0,0.0,0,0,25,0,0.0,0.0
30,confirmation,presence:b2_30m_sell_premium_share,presence,finite_presence_binary,25,0.0095352050026245,0.0,0.0095352050026245,0.0,0.2383801250656133,1,0,24,1,0.04,0.0
30,confirmation,presence:b2_30m_size,presence,finite_presence_binary,25,0.0,0.0,0.0,0.0,0.0,0,0,25,0,0.0,0.0
30,confirmation,presence:b2_30m_sweep_premium_share,presence,finite_presence_binary,25,0.0,0.0,0.0,0.0,0.0,0,0,25,0,0.0,0.0
30,confirmation,presence:b2_30m_trades,presence,finite_presence_binary,25,0.0,0.0,0.0,0.0,0.0,0,0,25,0,0.0,0.0
30,confirmation,presence:b2_30m_vega_flow,presence,finite_presence_binary,25,0.0,0.0,0.0,0.0,0.0,0,0,25,0,0.0,0.0
30,confirmation,presence:b2_30m_vega_flow_abs,presence,finite_presence_binary,25,0.0,0.0,0.0,0.0,0.0,0,0,25,0,0.0,0.0
30,confirmation,presence:b2_30m_vega_flow_call,presence,finite_presence_binary,25,0.0,0.0,0.0,0.0,0.0,0,0,25,0,0.0,0.0
30,confirmation,presence:b2_30m_vega_flow_long_dte,presence,finite_presence_binary,25,0.0,0.0,0.0,0.0,0.0,0,0,25,0,0.0,0.0
30,confirmation,presence:b2_30m_vega_flow_put,presence,finite_presence_binary,25,0.0,0.0,0.0,0.0,0.0,0,0,25,0,0.0,0.0
30,confirmation,presence:b2_30m_vega_flow_short_dte,presence,finite_presence_binary,25,0.0,0.0,0.0,0.0,0.0,0,0,25,0,0.0,0.0
30,confirmation,presence:b2_30m_window_empty,presence,finite_presence_binary,25,0.0,0.0,0.0,0.0,0.0,0,0,25,0,0.0,0.0
30,confirmation,presence:b2_30m_zero_dte_premium_share,presence,finite_presence_binary,25,0.0097665077280255,0.0,0.0097665077280255,0.0,0.2441626932006392,1,0,24,1,0.04,0.0
30,confirmation,presence:b2_30m_zero_dte_signed_premium,presence,finite_presence_binary,25,0.0,0.0,0.0,0.0,0.0,0,0,25,0,0.0,0.0
30,confirmation,presence:b2_30m_zero_dte_trade_share,presence,finite_presence_binary,25,0.0,0.0,0.0,0.0,0.0,0,0,25,0,0.0,0.0
30,confirmation,presence:b2_5m_buy_premium_share,presence,finite_presence_binary,25,-0.0721434148562391,0.0,0.0721434148562391,-0.4757133132175361,0.0,0,5,20,5,0.0,0.2
30,confirmation,presence:b2_5m_contract_entropy,presence,finite_presence_binary,25,-0.0095030961189936,0.0,0.0095030961189936,-0.237577402974842,0.0,0,1,24,1,0.0,0.04
30,confirmation,presence:b2_5m_contracts,presence,finite_presence_binary,25,0.0,0.0,0.0,0.0,0.0,0,0,25,0,0.0,0.0
30,confirmation,presence:b2_5m_d_iv,presence,finite_presence_binary,25,-0.0456703325154913,0.0,0.0456703325154913,-0.4768595859113501,0.0,0,3,22,3,0.0,0.12
30,confirmation,presence:b2_5m_d_mid_rel,presence,finite_presence_binary,25,0.0,0.0,0.0,0.0,0.0,0,0,25,0,0.0,0.0
30,confirmation,presence:b2_5m_d_spread,presence,finite_presence_binary,25,0.0,0.0,0.0,0.0,0.0,0,0,25,0,0.0,0.0
30,confirmation,presence:b2_5m_decay_intensity_innovation,presence,finite_presence_binary,25,0.0,0.0,0.0,0.0,0.0,0,0,25,0,0.0,0.0
30,confirmation,presence:b2_5m_decay_intensity_last,presence,finite_presence_binary,25,0.0,0.0,0.0,0.0,0.0,0,0,25,0,0.0,0.0
30,confirmation,presence:b2_5m_delta_flow,presence,finite_presence_binary,25,0.0,0.0,0.0,0.0,0.0,0,0,25,0,0.0,0.0
30,confirmation,presence:b2_5m_expiry_hhi,presence,finite_presence_binary,25,0.0,0.0,0.0,0.0,0.0,0,0,25,0,0.0,0.0
30,confirmation,presence:b2_5m_gamma_flow,presence,finite_presence_binary,25,0.0,0.0,0.0,0.0,0.0,0,0,25,0,0.0,0.0
30,confirmation,presence:b2_5m_interarrival_cv,presence,finite_presence_binary,25,0.0,0.0,0.0,0.0,0.0,0,0,25,0,0.0,0.0
30,confirmation,presence:b2_5m_multileg_premium_share,presence,finite_presence_binary,25,0.0,0.0,0.0,0.0,0.0,0,0,25,0,0.0,0.0
30,confirmation,presence:b2_5m_multileg_size_share,presence,finite_presence_binary,25,-0.0361321454100775,0.0,0.0361321454100775,-0.4769379846864695,0.0,0,2,23,2,0.0,0.08
30,confirmation,presence:b2_5m_otm_premium_share,presence,finite_presence_binary,25,0.0,0.0,0.0,0.0,0.0,0,0,25,0,0.0,0.0
30,confirmation,presence:b2_5m_passive_premium_share,presence,finite_presence_binary,25,0.0,0.0,0.0,0.0,0.0,0,0,25,0,0.0,0.0
30,confirmation,presence:b2_5m_premium,presence,finite_presence_binary,25,0.0,0.0,0.0,0.0,0.0,0,0,25,0,0.0,0.0
30,confirmation,presence:b2_5m_rate_per_second,presence,finite_presence_binary,25,0.0,0.0,0.0,0.0,0.0,0,0,25,0,0.0,0.0
30,confirmation,presence:b2_5m_sell_premium_share,presence,finite_presence_binary,25,0.0,0.0,0.0,0.0,0.0,0,0,25,0,0.0,0.0
30,confirmation,presence:b2_5m_size,presence,finite_presence_binary,25,0.0,0.0,0.0,0.0,0.0,0,0,25,0,0.0,0.0
30,confirmation,presence:b2_5m_strike_hhi,presence,finite_presence_binary,25,-0.0094607217776481,0.0,0.0094607217776481,-0.2365180444412028,0.0,0,1,24,1,0.0,0.04
30,confirmation,presence:b2_5m_sweep_premium_share,presence,finite_presence_binary,25,0.0,0.0,0.0,0.0,0.0,0,0,25,0,0.0,0.0
30,confirmation,presence:b2_5m_trades,presence,finite_presence_binary,25,0.0,0.0,0.0,0.0,0.0,0,0,25,0,0.0,0.0
30,confirmation,presence:b2_5m_vega_flow,presence,finite_presence_binary,25,0.0,0.0,0.0,0.0,0.0,0,0,25,0,0.0,0.0
30,confirmation,presence:b2_5m_vega_flow_abs,presence,finite_presence_binary,25,0.0,0.0,0.0,0.0,0.0,0,0,25,0,0.0,0.0
30,confirmation,presence:b2_5m_vega_flow_call,presence,finite_presence_binary,25,0.0,0.0,0.0,0.0,0.0,0,0,25,0,0.0,0.0
30,confirmation,presence:b2_5m_vega_flow_long_dte,presence,finite_presence_binary,25,0.0,0.0,0.0,0.0,0.0,0,0,25,0,0.0,0.0
30,confirmation,presence:b2_5m_vega_flow_put,presence,finite_presence_binary,25,0.0,0.0,0.0,0.0,0.0,0,0,25,0,0.0,0.0
30,confirmation,presence:b2_5m_vega_flow_short_dte,presence,finite_presence_binary,25,0.0,0.0,0.0,0.0,0.0,0,0,25,0,0.0,0.0
30,confirmation,presence:b2_5m_window_empty,presence,finite_presence_binary,25,0.0,0.0,0.0,0.0,0.0,0,0,25,0,0.0,0.0
30,confirmation,presence:b2_5m_zero_dte_premium_share,presence,finite_presence_binary,25,-0.1042664446354199,0.0,0.1042664446354199,-0.4277385454686968,0.0,0,7,18,7,0.0,0.28
30,confirmation,presence:b2_5m_zero_dte_signed_premium,presence,finite_presence_binary,25,0.0,0.0,0.0,0.0,0.0,0,0,25,0,0.0,0.0
30,confirmation,presence:b2_5m_zero_dte_trade_share,presence,finite_presence_binary,25,0.0,0.0,0.0,0.0,0.0,0,0,25,0,0.0,0.0
30,confirmation,presence:rp4_dealer_gamma_near_spot,presence,finite_presence_binary,25,0.0,0.0,0.0,0.0,0.0,0,0,25,0,0.0,0.0
30,confirmation,presence:rp4_dealer_gamma_net,presence,finite_presence_binary,25,0.0076534874112714,0.0,0.0076534874112714,0.0,0.191337185281786,1,0,24,1,0.04,0.0
30,confirmation,presence:rp4_dealer_max_gamma_distance,presence,finite_presence_binary,25,0.0,0.0,0.0,0.0,0.0,0,0,25,0,0.0,0.0
30,confirmation,presence:rp4_gamma_imb_near_short,presence,finite_presence_binary,25,0.0075998756407085,0.0,0.0075998756407085,0.0,0.0650811710804251,3,0,22,3,0.12,0.0
30,confirmation,presence:rp4_gamma_imb_near_spot,presence,finite_presence_binary,25,0.0179469583051197,0.0,0.0179469583051197,0.0,0.0652098849835492,7,0,18,7,0.28,0.0
30,confirmation,presence:rp4_gamma_imb_signed_trades,presence,finite_presence_binary,25,0.0153397935824281,0.0,0.0153397935824281,0.0,0.0651956306796437,6,0,19,6,0.24,0.0
30,confirmation,presence:rp4_gamma_imb_total,presence,finite_presence_binary,25,0.0227033759868814,0.0,0.0227033759868814,0.0,0.064980689124821,9,0,16,9,0.36,0.0
30,confirmation,presence:rp4_iv_dte_0_1_m_090_097,presence,finite_presence_binary,25,-0.0073409208795681,-0.0028405833147645,0.0073409208795681,-0.0168958209196659,-0.0012664236728311,0,25,0,25,0.0,1.0
30,confirmation,presence:rp4_iv_dte_0_1_m_097_103,presence,finite_presence_binary,25,-0.0037482900024346,0.0009796908803743,0.0066035630729049,-0.0150519844884503,0.0053720049204827,16,9,0,25,0.64,0.36
30,confirmation,presence:rp4_iv_dte_0_1_m_103_110,presence,finite_presence_binary,25,0.0118692496585897,0.0160065523937086,0.0118692496585897,0.0014425368543445,0.0189139183313833,25,0,0,25,1.0,0.0
30,confirmation,presence:rp4_iv_dte_0_1_m_gt110,presence,finite_presence_binary,25,0.0164915226078803,0.020371543381005,0.0164915226078803,0.0084532938289543,0.02161919676546,25,0,0,25,1.0,0.0
30,confirmation,presence:rp4_iv_dte_0_1_m_lt090,presence,finite_presence_binary,25,0.0167564952870683,0.0217412625146094,0.0167564952870683,0.0070566911973038,0.0225760956617055,25,0,0,25,1.0,0.0
30,confirmation,presence:rp4_iv_dte_2_7_m_090_097,presence,finite_presence_binary,25,-0.0173620707530111,-0.0172795121080608,0.0173620707530111,-0.0238456425807996,-0.0118560349900053,0,25,0,25,0.0,1.0
30,confirmation,presence:rp4_iv_dte_2_7_m_097_103,presence,finite_presence_binary,25,0.0391813332926136,0.0415098583759273,0.0391813332926136,0.0251615497637883,0.0494947954826826,25,0,0,25,1.0,0.0
30,confirmation,presence:rp4_iv_dte_2_7_m_103_110,presence,finite_presence_binary,25,0.0006321646014406,0.002885782074211,0.0038537442192043,-0.0046788999227995,0.0051196158734823,16,9,0,25,0.64,0.36
30,confirmation,presence:rp4_iv_dte_2_7_m_gt110,presence,finite_presence_binary,25,-0.0012665680743722,0.0038196230745903,0.0064096093166132,-0.0109146691532415,0.0047030516725749,16,9,0,25,0.64,0.36
30,confirmation,presence:rp4_iv_dte_2_7_m_lt090,presence,finite_presence_binary,25,0.006888108097835,0.0112777593905716,0.0081758313706858,-0.0020972577418782,0.0124505286653211,16,9,0,25,0.64,0.36
30,confirmation,presence:rp4_iv_dte_31_90_m_090_097,presence,finite_presence_binary,25,-0.0072717500733875,-0.0053152407358672,0.0072717500733875,-0.0112734812788149,-0.0049623027093397,0,25,0,25,0.0,1.0
30,confirmation,presence:rp4_iv_dte_31_90_m_097_103,presence,finite_presence_binary,25,-0.0069973108097542,-0.0058021502649539,0.0069973108097542,-0.0142917299311392,-0.001533854660733,0,25,0,25,0.0,1.0
30,confirmation,presence:rp4_iv_dte_31_90_m_103_110,presence,finite_presence_binary,25,0.0037642040049314,0.0056360934900754,0.0038515258693718,-0.0005447618629522,0.0067249380996139,22,3,0,25,0.88,0.12
30,confirmation,presence:rp4_iv_dte_31_90_m_gt110,presence,finite_presence_binary,25,-0.000866899778654,0.0010897128640186,0.0023869339039803,-0.0046428503548811,0.001438729957355,16,9,0,25,0.64,0.36
30,confirmation,presence:rp4_iv_dte_31_90_m_lt090,presence,finite_presence_binary,25,-0.0026357977187018,-0.0005694462650207,0.0026357977187018,-0.006509178837226,-0.0003863918588246,0,25,0,25,0.0,1.0
30,confirmation,presence:rp4_iv_dte_8_30_m_090_097,presence,finite_presence_binary,25,-0.0119968655198551,-0.0096929518751422,0.0119968655198551,-0.017883885825152,-0.0082290563847619,0,25,0,25,0.0,1.0
30,confirmation,presence:rp4_iv_dte_8_30_m_097_103,presence,finite_presence_binary,25,0.0234576580035939,0.0405603886346956,0.0294742302922858,-0.0088455171017437,0.0426186798228051,16,9,0,25,0.64,0.36
30,confirmation,presence:rp4_iv_dte_8_30_m_103_110,presence,finite_presence_binary,25,-0.0162899287440494,-0.0144990103297407,0.0162899287440494,-0.0199709809781639,-0.0140808569307654,0,25,0,25,0.0,1.0
30,confirmation,presence:rp4_iv_dte_8_30_m_gt110,presence,finite_presence_binary,25,0.0035906397949134,0.0058562549399351,0.0040169864449032,-0.0007440414351863,0.0061998369811895,16,9,0,25,0.64,0.36
30,confirmation,presence:rp4_iv_dte_8_30_m_lt090,presence,finite_presence_binary,25,-0.00165404863856,0.0003283959112716,0.00220647111539,-0.0054716149270453,0.0006385602211543,16,9,0,25,0.64,0.36
30,confirmation,presence:rp4_iv_dte_gt90_m_090_097,presence,finite_presence_binary,25,0.0025233922799416,0.0045143289762597,0.0033957511298269,-0.0013723066788819,0.0047935484032885,16,9,0,25,0.64,0.36
30,confirmation,presence:rp4_iv_dte_gt90_m_097_103,presence,finite_presence_binary,25,0.0082294292614237,0.010378568896098,0.0082294292614237,0.0041854500866451,0.0107558539140054,25,0,0,25,1.0,0.0
30,confirmation,presence:rp4_iv_dte_gt90_m_103_110,presence,finite_presence_binary,25,0.0044547753641679,0.0064176832811798,0.0044547753641679,0.0007288907488646,0.0067274198905487,25,0,0,25,1.0,0.0
30,confirmation,presence:rp4_iv_dte_gt90_m_gt110,presence,finite_presence_binary,25,0.0002098587224036,0.002269429932733,0.0028520717212124,-0.0037624046935234,0.0025888701176063,16,9,0,25,0.64,0.36
30,confirmation,presence:rp4_iv_dte_gt90_m_lt090,presence,finite_presence_binary,25,0.0004045629303884,0.0026024155722047,0.0030284449855516,-0.0037488318666381,0.0028216666371964,16,9,0,25,0.64,0.36
30,confirmation,presence:rp4_surface_populated_cells,presence,finite_presence_binary,25,0.0,0.0,0.0,0.0,0.0,0,0,25,0,0.0,0.0
30,primary,presence:b1_butterfly_25,presence,finite_presence_binary,419,0.0007268461640137,0.0,0.0008369801160576,-0.0046634174020035,0.0136072317719884,40,6,373,46,0.0954653937947494,0.0143198090692124
30,primary,presence:b1_iv_14d,presence,finite_presence_binary,419,0.005858728395774,0.0,0.0060319859132089,-0.0166807055731153,0.1909020169567223,15,3,401,18,0.035799522673031,0.0071599045346062
30,primary,presence:b1_iv_30d,presence,finite_presence_binary,419,0.0022736969886926,0.0,0.0026868398729163,-0.0168216627804655,0.1891090192352204,7,6,406,13,0.0167064439140811,0.0143198090692124
30,primary,presence:b1_iv_60d,presence,finite_presence_binary,419,0.0035663827818393,0.0,0.0037421882429386,-0.0171186146942748,0.1945483941295499,14,3,402,17,0.0334128878281622,0.0071599045346062
30,primary,presence:b1_iv_7d,presence,finite_presence_binary,419,0.0030313973754623,0.0,0.0030313973754623,0.0,0.1929264021380347,9,0,410,9,0.0214797136038186,0.0
30,primary,presence:b1_iv_90d,presence,finite_presence_binary,419,0.0031425642627423,0.0,0.0032254490135707,-0.0173643552985375,0.193007483719115,10,1,408,11,0.0238663484486873,0.0023866348448687
30,primary,presence:b1_iv_minus_trailing_rv_30d,presence,finite_presence_binary,419,0.007689106935937,0.0,0.0079307759000406,-0.0171005707689873,0.1883980183351324,22,3,394,25,0.0525059665871121,0.0071599045346062
30,primary,presence:b1_mfiv,presence,finite_presence_binary,419,-0.0897289899957662,-0.0405125322023962,0.0915774628825152,-0.213044966496266,0.0156765691870423,62,326,31,388,0.1479713603818615,0.7780429594272077
30,primary,presence:b1_risk_reversal_25,presence,finite_presence_binary,419,0.006698129659749,0.0086289209840271,0.0071883953595267,-0.0064785332586102,0.0139078481425134,349,24,46,373,0.8329355608591885,0.0572792362768496
30,primary,presence:b1_smile_curvature,presence,finite_presence_binary,419,0.0066357976774811,0.0,0.0068960471305778,-0.0174273122312812,0.1932926089505552,25,4,390,29,0.0596658711217183,0.0095465393794749
30,primary,presence:b1_smile_level,presence,finite_presence_binary,419,0.0037797351223736,0.0,0.0039380890730846,-0.0168204778349966,0.1886906267919224,13,2,404,15,0.0310262529832935,0.0047732696897374
30,primary,presence:b1_smile_slope,presence,finite_presence_binary,419,0.0047715509106167,0.0,0.004850586627168,-0.016557982617489,0.1918911727084567,18,1,400,19,0.0429594272076372,0.0023866348448687
30,primary,presence:b1_term_convexity,presence,finite_presence_binary,419,0.0032529198187531,0.0,0.0034995725676205,-0.0173111717551623,0.1881319637257705,12,3,404,15,0.0286396181384248,0.0071599045346062
30,primary,presence:b1_term_slope,presence,finite_presence_binary,419,0.0099223865153226,0.0,0.0105626485020954,-0.0172325433033837,0.192527427161983,30,8,381,38,0.071599045346062,0.0190930787589498
30,primary,presence:b2_30m_buy_premium_share,presence,finite_presence_binary,419,0.0136175796926345,0.0,0.0143697840630614,-0.0180697645133575,0.3080563091638891,38,9,372,47,0.0906921241050119,0.0214797136038186
30,primary,presence:b2_30m_contracts,presence,finite_presence_binary,419,0.0,0.0,0.0,0.0,0.0,0,0,419,0,0.0,0.0
30,primary,presence:b2_30m_d_iv,presence,finite_presence_binary,419,0.0056095904275348,0.0,0.0057756630537331,-0.017455894088917,0.2955615007618832,16,2,401,18,0.0381861575178997,0.0047732696897374
30,primary,presence:b2_30m_d_mid_rel,presence,finite_presence_binary,419,0.0026838810864114,0.0,0.0028531882975925,-0.0178726902781082,0.2567239239702493,6,2,411,8,0.0143198090692124,0.0047732696897374
30,primary,presence:b2_30m_d_spread,presence,finite_presence_binary,419,0.0022647407344378,0.0,0.0022647407344378,0.0,0.2977661326531763,6,0,413,6,0.0143198090692124,0.0
30,primary,presence:b2_30m_decay_intensity_innovation,presence,finite_presence_binary,419,0.002972594756145,0.0,0.002972594756145,0.0,0.2643644942948682,6,0,413,6,0.0143198090692124,0.0
30,primary,presence:b2_30m_decay_intensity_last,presence,finite_presence_binary,419,0.0,0.0,0.0,0.0,0.0,0,0,419,0,0.0,0.0
30,primary,presence:b2_30m_delta_flow,presence,finite_presence_binary,419,0.0,0.0,0.0,0.0,0.0,0,0,419,0,0.0,0.0
30,primary,presence:b2_30m_gamma_flow,presence,finite_presence_binary,419,0.0,0.0,0.0,0.0,0.0,0,0,419,0,0.0,0.0
30,primary,presence:b2_30m_multileg_premium_share,presence,finite_presence_binary,419,0.002493104174251,0.0,0.0025298470438022,-0.0039059721315151,0.2580690112751273,7,2,410,9,0.0167064439140811,0.0047732696897374
30,primary,presence:b2_30m_multileg_size_share,presence,finite_presence_binary,419,0.0013142418345193,0.0,0.0013969351645607,-0.0173242526436811,0.2521764748438324,4,1,414,5,0.0095465393794749,0.0023866348448687
30,primary,presence:b2_30m_otm_premium_share,presence,finite_presence_binary,419,0.0017232727668038,0.0,0.0018065010583641,-0.0174363270818687,0.2934605592200109,9,1,409,10,0.0214797136038186,0.0023866348448687
30,primary,presence:b2_30m_passive_premium_share,presence,finite_presence_binary,419,0.0006774275785494,0.0,0.0007626527395126,-0.0178546712217764,0.268115185554742,2,1,416,3,0.0047732696897374,0.0023866348448687
30,primary,presence:b2_30m_premium,presence,finite_presence_binary,419,0.0,0.0,0.0,0.0,0.0,0,0,419,0,0.0,0.0
30,primary,presence:b2_30m_rate_per_second,presence,finite_presence_binary,419,0.0,0.0,0.0,0.0,0.0,0,0,419,0,0.0,0.0
30,primary,presence:b2_30m_sell_premium_share,presence,finite_presence_binary,419,0.0002978436514053,0.0,0.0002978436514053,0.0,0.0514637865640222,4,0,415,4,0.0095465393794749,0.0
30,primary,presence:b2_30m_size,presence,finite_presence_binary,419,0.0,0.0,0.0,0.0,0.0,0,0,419,0,0.0,0.0
30,primary,presence:b2_30m_sweep_premium_share,presence,finite_presence_binary,419,0.0006221504457967,0.0,0.000742177556641,-0.0174777830267172,0.213192054793009,3,3,413,6,0.0071599045346062,0.0071599045346062
30,primary,presence:b2_30m_trades,presence,finite_presence_binary,419,0.0,0.0,0.0,0.0,0.0,0,0,419,0,0.0,0.0
30,primary,presence:b2_30m_vega_flow,presence,finite_presence_binary,419,0.0,0.0,0.0,0.0,0.0,0,0,419,0,0.0,0.0
30,primary,presence:b2_30m_vega_flow_abs,presence,finite_presence_binary,419,0.0,0.0,0.0,0.0,0.0,0,0,419,0,0.0,0.0
30,primary,presence:b2_30m_vega_flow_call,presence,finite_presence_binary,419,0.0,0.0,0.0,0.0,0.0,0,0,419,0,0.0,0.0
30,primary,presence:b2_30m_vega_flow_long_dte,presence,finite_presence_binary,419,0.0,0.0,0.0,0.0,0.0,0,0,419,0,0.0,0.0
30,primary,presence:b2_30m_vega_flow_put,presence,finite_presence_binary,419,0.0,0.0,0.0,0.0,0.0,0,0,419,0,0.0,0.0
30,primary,presence:b2_30m_vega_flow_short_dte,presence,finite_presence_binary,419,0.0,0.0,0.0,0.0,0.0,0,0,419,0,0.0,0.0
30,primary,presence:b2_30m_window_empty,presence,finite_presence_binary,419,0.0,0.0,0.0,0.0,0.0,0,0,419,0,0.0,0.0
30,primary,presence:b2_30m_zero_dte_premium_share,presence,finite_presence_binary,419,0.0018066154617292,0.0,0.0019530579641988,-0.0181184033933639,0.2979453525027044,4,4,411,8,0.0095465393794749,0.0095465393794749
30,primary,presence:b2_30m_zero_dte_signed_premium,presence,finite_presence_binary,419,0.0,0.0,0.0,0.0,0.0,0,0,419,0,0.0,0.0
30,primary,presence:b2_30m_zero_dte_trade_share,presence,finite_presence_binary,419,0.0001822868771763,0.0,0.0001822868771763,0.0,0.0384134921145136,2,0,417,2,0.0047732696897374,0.0
30,primary,presence:b2_5m_buy_premium_share,presence,finite_presence_binary,419,-0.0391375738895178,0.0,0.0391375738895178,-0.5285528418992665,0.0,0,71,348,71,0.0,0.1694510739856801
30,primary,presence:b2_5m_contract_entropy,presence,finite_presence_binary,419,-0.0017727836065856,0.0,0.0017727836065856,-0.4775043741936984,0.0,0,4,415,4,0.0,0.0095465393794749
30,primary,presence:b2_5m_contracts,presence,finite_presence_binary,419,0.0,0.0,0.0,0.0,0.0,0,0,419,0,0.0,0.0
30,primary,presence:b2_5m_d_iv,presence,finite_presence_binary,419,-0.017576515775793,0.0,0.017576515775793,-0.5292401427342537,0.0,0,24,395,24,0.0,0.0572792362768496
30,primary,presence:b2_5m_d_mid_rel,presence,finite_presence_binary,419,0.0,0.0,0.0,0.0,0.0,0,0,419,0,0.0,0.0
30,primary,presence:b2_5m_d_spread,presence,finite_presence_binary,419,0.0,0.0,0.0,0.0,0.0,0,0,419,0,0.0,0.0
30,primary,presence:b2_5m_decay_intensity_innovation,presence,finite_presence_binary,419,-0.0141404558749155,0.0,0.0141404558749155,-0.5278495611834996,0.0,0,18,401,18,0.0,0.0429594272076372
30,primary,presence:b2_5m_decay_intensity_last,presence,finite_presence_binary,419,0.0,0.0,0.0,0.0,0.0,0,0,419,0,0.0,0.0
30,primary,presence:b2_5m_delta_flow,presence,finite_presence_binary,419,0.0,0.0,0.0,0.0,0.0,0,0,419,0,0.0,0.0
30,primary,presence:b2_5m_expiry_hhi,presence,finite_presence_binary,419,0.0,0.0,0.0,0.0,0.0,0,0,419,0,0.0,0.0
30,primary,presence:b2_5m_gamma_flow,presence,finite_presence_binary,419,0.0,0.0,0.0,0.0,0.0,0,0,419,0,0.0,0.0
30,primary,presence:b2_5m_interarrival_cv,presence,finite_presence_binary,419,0.0,0.0,0.0,0.0,0.0,0,0,419,0,0.0,0.0
30,primary,presence:b2_5m_multileg_premium_share,presence,finite_presence_binary,419,0.0,0.0,0.0,0.0,0.0,0,0,419,0,0.0,0.0
30,primary,presence:b2_5m_multileg_size_share,presence,finite_presence_binary,419,-0.0140658489806793,0.0,0.0140658489806793,-0.5307671247919244,0.0,0,20,399,20,0.0,0.0477326968973747
30,primary,presence:b2_5m_otm_premium_share,presence,finite_presence_binary,419,0.0,0.0,0.0,0.0,0.0,0,0,419,0,0.0,0.0
30,primary,presence:b2_5m_passive_premium_share,presence,finite_presence_binary,419,0.0,0.0,0.0,0.0,0.0,0,0,419,0,0.0,0.0
30,primary,presence:b2_5m_premium,presence,finite_presence_binary,419,0.0,0.0,0.0,0.0,0.0,0,0,419,0,0.0,0.0
30,primary,presence:b2_5m_rate_per_second,presence,finite_presence_binary,419,0.0,0.0,0.0,0.0,0.0,0,0,419,0,0.0,0.0
30,primary,presence:b2_5m_sell_premium_share,presence,finite_presence_binary,419,-0.0020053101271984,0.0,0.0020053101271984,-0.302985276263429,0.0,0,7,412,7,0.0,0.0167064439140811
30,primary,presence:b2_5m_size,presence,finite_presence_binary,419,0.0,0.0,0.0,0.0,0.0,0,0,419,0,0.0,0.0
30,primary,presence:b2_5m_strike_hhi,presence,finite_presence_binary,419,-0.0072392020656522,0.0,0.0072392020656522,-0.5291760350844735,0.0,0,9,410,9,0.0,0.0214797136038186
30,primary,presence:b2_5m_sweep_premium_share,presence,finite_presence_binary,419,-0.0027887605147435,0.0,0.0027887605147435,-0.3759216448057728,0.0,0,7,412,7,0.0,0.0167064439140811
30,primary,presence:b2_5m_trades,presence,finite_presence_binary,419,0.0,0.0,0.0,0.0,0.0,0,0,419,0,0.0,0.0
30,primary,presence:b2_5m_vega_flow,presence,finite_presence_binary,419,0.0,0.0,0.0,0.0,0.0,0,0,419,0,0.0,0.0
30,primary,presence:b2_5m_vega_flow_abs,presence,finite_presence_binary,419,0.0,0.0,0.0,0.0,0.0,0,0,419,0,0.0,0.0
30,primary,presence:b2_5m_vega_flow_call,presence,finite_presence_binary,419,0.0,0.0,0.0,0.0,0.0,0,0,419,0,0.0,0.0
30,primary,presence:b2_5m_vega_flow_long_dte,presence,finite_presence_binary,419,0.0,0.0,0.0,0.0,0.0,0,0,419,0,0.0,0.0
30,primary,presence:b2_5m_vega_flow_put,presence,finite_presence_binary,419,0.0,0.0,0.0,0.0,0.0,0,0,419,0,0.0,0.0
30,primary,presence:b2_5m_vega_flow_short_dte,presence,finite_presence_binary,419,0.0,0.0,0.0,0.0,0.0,0,0,419,0,0.0,0.0
30,primary,presence:b2_5m_window_empty,presence,finite_presence_binary,419,0.0,0.0,0.0,0.0,0.0,0,0,419,0,0.0,0.0
30,primary,presence:b2_5m_zero_dte_premium_share,presence,finite_presence_binary,419,-0.0173556536798385,0.0,0.0173556536798385,-0.4760212144032494,0.0,0,23,396,23,0.0,0.0548926014319809
30,primary,presence:b2_5m_zero_dte_signed_premium,presence,finite_presence_binary,419,0.0,0.0,0.0,0.0,0.0,0,0,419,0,0.0,0.0
30,primary,presence:b2_5m_zero_dte_trade_share,presence,finite_presence_binary,419,-0.0025966487511534,0.0,0.0025966487511534,-0.3779109427856449,0.0,0,5,414,5,0.0,0.0119331742243436
30,primary,presence:rp4_dealer_gamma_near_spot,presence,finite_presence_binary,419,0.0006918027951255,0.0,0.0007061790310472,-0.0030118214255868,0.1467390309314138,2,1,416,3,0.0047732696897374,0.0023866348448687
30,primary,presence:rp4_dealer_gamma_net,presence,finite_presence_binary,419,0.0002567394970512,0.0,0.000271168473873,-0.0030228706441674,0.0613516123472433,2,1,416,3,0.0047732696897374,0.0023866348448687
30,primary,presence:rp4_dealer_max_gamma_distance,presence,finite_presence_binary,419,0.0007835267959894,0.0,0.0007835267959894,0.0,0.1644037222920996,2,0,417,2,0.0047732696897374,0.0
30,primary,presence:rp4_gamma_imb_near_short,presence,finite_presence_binary,419,0.0074853461555169,0.0,0.0080633516368292,-0.015633468933896,0.0752126768270453,50,8,361,58,0.1193317422434367,0.0190930787589498
30,primary,presence:rp4_gamma_imb_near_spot,presence,finite_presence_binary,419,0.0058670099695906,0.0,0.0064496223596471,-0.0158195733044256,0.0740652140392175,40,8,371,48,0.0954653937947494,0.0190930787589498
30,primary,presence:rp4_gamma_imb_signed_trades,presence,finite_presence_binary,419,0.0046205051159683,0.0,0.0053508931093332,-0.0158715214417865,0.0731685961974631,33,10,376,43,0.0787589498806682,0.0238663484486873
30,primary,presence:rp4_gamma_imb_total,presence,finite_presence_binary,419,0.006268109759375,0.0,0.006565369926178,-0.0157673359616635,0.0746172575780876,42,4,373,46,0.1002386634844868,0.0095465393794749
30,primary,presence:rp4_iv_dte_0_1_m_090_097,presence,finite_presence_binary,419,-0.0150883156417582,-0.0137390708628963,0.0182415512706372,-0.0386603099899447,0.0242791939929222,65,354,0,419,0.1551312649164677,0.8448687350835322
30,primary,presence:rp4_iv_dte_0_1_m_097_103,presence,finite_presence_binary,419,-0.0173645108386365,-0.0149266762846287,0.018482950722838,-0.0480626716682554,0.0215510091514264,40,379,0,419,0.0954653937947494,0.9045346062052506
30,primary,presence:rp4_iv_dte_0_1_m_103_110,presence,finite_presence_binary,419,0.0076838033318086,0.0031678536124212,0.0089154926892351,-0.0043056920109086,0.052619948047559,305,114,0,419,0.7279236276849642,0.2720763723150358
30,primary,presence:rp4_iv_dte_0_1_m_gt110,presence,finite_presence_binary,419,0.0127470504651983,0.0097177512466187,0.0129986274290127,-0.006160938778965,0.0533290141817053,401,18,0,419,0.9570405727923628,0.0429594272076372
30,primary,presence:rp4_iv_dte_0_1_m_lt090,presence,finite_presence_binary,419,0.0095826811688882,0.0058937349248757,0.0117744311538897,-0.0169162510158781,0.0563073812096732,332,87,0,419,0.7923627684964201,0.2076372315035799
30,primary,presence:rp4_iv_dte_2_7_m_090_097,presence,finite_presence_binary,419,-0.0157972989228047,-0.0204977026925099,0.0202402392709059,-0.0433406752211476,0.034876799537925,69,350,0,419,0.1646778042959427,0.8353221957040573
30,primary,presence:rp4_iv_dte_2_7_m_097_103,presence,finite_presence_binary,419,-0.0034527801684651,-0.0060487234463992,0.0235857067933083,-0.049616732436903,0.0594831827319256,146,273,0,419,0.3484486873508353,0.6515513126491647
30,primary,presence:rp4_iv_dte_2_7_m_103_110,presence,finite_presence_binary,419,0.0192897144760901,0.0204675179743211,0.02076494431691,-0.0167750514182419,0.0725121478698545,363,56,0,419,0.8663484486873508,0.1336515513126491
30,primary,presence:rp4_iv_dte_2_7_m_gt110,presence,finite_presence_binary,419,0.0036447968919994,-0.0010755849060038,0.0096936666848846,-0.0125571806749997,0.0558857262641534,176,243,0,419,0.4200477326968974,0.5799522673031027
30,primary,presence:rp4_iv_dte_2_7_m_lt090,presence,finite_presence_binary,419,0.0129240504439384,0.0080199826432257,0.0129503283227318,-0.0008183839759233,0.0584141677378964,407,12,0,419,0.9713603818615753,0.0286396181384248
30,primary,presence:rp4_iv_dte_31_90_m_090_097,presence,finite_presence_binary,419,-0.0083302213391258,-0.0094467285792239,0.009031324596539,-0.0183286816649672,0.0083600520653626,26,393,0,419,0.0620525059665871,0.9379474940334128
30,primary,presence:rp4_iv_dte_31_90_m_097_103,presence,finite_presence_binary,419,-0.0048082661877509,-0.0041337357752383,0.0081660830314347,-0.0175623951643793,0.0174235245930933,118,301,0,419,0.2816229116945107,0.7183770883054893
30,primary,presence:rp4_iv_dte_31_90_m_103_110,presence,finite_presence_binary,419,0.0003030986536349,-0.0006772670714002,0.0056964879725777,-0.0123207241309926,0.0208625346886014,184,235,0,419,0.4391408114558472,0.5608591885441527
30,primary,presence:rp4_iv_dte_31_90_m_gt110,presence,finite_presence_binary,419,-0.001439607694825,-0.0019350673357599,0.0050506616488832,-0.0105516761416388,0.016947402050279,138,281,0,419,0.3293556085918854,0.6706443914081146
30,primary,presence:rp4_iv_dte_31_90_m_lt090,presence,finite_presence_binary,419,-0.0021167361103069,-0.003587475274146,0.0042255145487529,-0.0078082589707585,0.0194008506618174,121,298,0,419,0.2887828162291169,0.711217183770883
30,primary,presence:rp4_iv_dte_8_30_m_090_097,presence,finite_presence_binary,419,-0.0005382534637179,8.685643419241426e-05,0.0071534859395329,-0.0178627381771815,0.0239048354688624,216,203,0,419,0.5155131264916468,0.4844868735083532
30,primary,presence:rp4_iv_dte_8_30_m_097_103,presence,finite_presence_binary,419,-0.0007466891153219,0.0,0.0170003172899612,-0.0749890312584816,0.0425787450569848,112,191,116,303,0.2673031026252983,0.4558472553699284
30,primary,presence:rp4_iv_dte_8_30_m_103_110,presence,finite_presence_binary,419,-0.0286440002546469,-0.017411882527473,0.0286578742284582,-0.1006021129594769,0.0025145499791807,3,416,0,419,0.0071599045346062,0.9928400954653938
30,primary,presence:rp4_iv_dte_8_30_m_gt110,presence,finite_presence_binary,419,0.0059348266094516,0.0043305119442995,0.0062676302990241,-0.0018372542967947,0.0322741309111533,356,63,0,419,0.8496420047732697,0.1503579952267303
30,primary,presence:rp4_iv_dte_8_30_m_lt090,presence,finite_presence_binary,419,-0.0017673585707247,-0.004163410879138,0.0048575041152327,-0.0071654547544259,0.0181264430797549,137,282,0,419,0.3269689737470167,0.6730310262529833
30,primary,presence:rp4_iv_dte_gt90_m_090_097,presence,finite_presence_binary,419,0.0029103341716472,0.0012202511418313,0.0036138889297333,-0.0024633314072203,0.0235870740233514,298,121,0,419,0.711217183770883,0.2887828162291169
30,primary,presence:rp4_iv_dte_gt90_m_097_103,presence,finite_presence_binary,419,0.011014053675107,0.010761784585552,0.0112671291601602,-0.0029153421009666,0.0333805241908549,389,30,0,419,0.928400954653938,0.071599045346062
30,primary,presence:rp4_iv_dte_gt90_m_103_110,presence,finite_presence_binary,419,0.0049983710453774,0.0030972831883879,0.0051700953808402,-0.0017552293911097,0.0263776351910218,384,35,0,419,0.9164677804295944,0.0835322195704057
30,primary,presence:rp4_iv_dte_gt90_m_gt110,presence,finite_presence_binary,419,0.0032781126539951,0.0031101825299251,0.0054116830835362,-0.0090586092330681,0.0291898589017005,314,105,0,419,0.7494033412887828,0.2505966587112171
30,primary,presence:rp4_iv_dte_gt90_m_lt090,presence,finite_presence_binary,419,0.0021084466101532,0.0024083171111249,0.0048482263135066,-0.008626746006372,0.0239811428793951,270,149,0,419,0.6443914081145584,0.3556085918854415
30,primary,presence:rp4_surface_populated_cells,presence,finite_presence_binary,419,0.0,0.0,0.0,0.0,0.0,0,0,419,0,0.0,0.0
