horizon_minutes,window,profile,stratum,family,contrast,N_origins,N_sessions,N_asset_sessions,first_session,last_session,base_qlike_pooled,rich_qlike_pooled,delta_pooled,percent_reduction_pooled,base_qlike_equal_session_asset,rich_qlike_equal_session_asset,delta_equal_session_asset,percent_reduction_equal_session_asset,N_positive_session_deltas,N_negative_session_deltas,N_zero_session_deltas,minimum_session_delta,median_session_delta,new_p_value,inference_role
30,primary,all,all,log_ridge_harq,B1_over_B0,160832,419,2514,2024-10-28,2026-07-31,0.14761253246326378,0.14498505006022325,0.0026274824030405315,1.779985993868394,0.1473067406637844,0.14475984474608233,0.0025468959177020745,1.7289744557685627,243.0,176.0,0.0,-0.05968551216807158,0.0007880344252985394,,POSTHOC_DESCRIPTIVE_ONLY
30,primary,all,all,log_ridge_harq,B2_over_B1,160832,419,2514,2024-10-28,2026-07-31,0.14498505006022325,0.1441392896475394,0.0008457604126838723,0.5833431876821535,0.14475984474608233,0.14395745508656813,0.0008023896595142077,0.554290218341729,244.0,175.0,0.0,-0.0696979768166035,0.000745082074442377,,POSTHOC_DESCRIPTIVE_ONLY
30,primary,all,all,lightgbm_qlike,B1_over_B0,160832,419,2514,2024-10-28,2026-07-31,0.14956875487604393,0.14653856651192262,0.0030301883641212887,2.0259501168092076,0.14931695344824814,0.14619446754529442,0.00312248590295372,2.0911797561125196,250.0,169.0,0.0,-0.14061677833358205,0.0019490061414758064,,POSTHOC_DESCRIPTIVE_ONLY
30,primary,all,all,lightgbm_qlike,B2_over_B1,160832,419,2514,2024-10-28,2026-07-31,0.14653856651192262,0.1468078241298198,-0.0002692576178971842,-0.18374522441863586,0.14619446754529442,0.14642711450008342,-0.00023264695478900088,-0.15913526598872252,225.0,194.0,0.0,-0.21933745743160227,0.0004653524821496696,,POSTHOC_DESCRIPTIVE_ONLY
30,primary,intraday,first_market_hour_origin_lt60,log_ridge_harq,B1_over_B0,12451,419,2509,2024-10-28,2026-07-31,0.10229018873657401,0.10264891635479267,-0.0003587276182186709,-0.3506960175256841,0.10289189595097199,0.10323179161195267,-0.0003398956609806797,-0.3303424996101151,203.0,216.0,0.0,-0.07678163092817424,-0.0004419564094014228,,POSTHOC_DESCRIPTIVE_ONLY
30,primary,intraday,first_market_hour_origin_lt60,log_ridge_harq,B2_over_B1,12451,419,2509,2024-10-28,2026-07-31,0.10264891635479267,0.10201582392027822,0.0006330924345144764,0.6167551076002347,0.10323179161195267,0.10262720362392763,0.0006045879880250404,0.5856606560677363,214.0,205.0,0.0,-0.11303734259378649,8.354970051092925e-05,,POSTHOC_DESCRIPTIVE_ONLY
30,primary,intraday,first_market_hour_origin_lt60,lightgbm_qlike,B1_over_B0,12451,419,2509,2024-10-28,2026-07-31,0.11668075439866347,0.11448318097658103,0.002197573422082448,1.8834069366521171,0.11721949094247523,0.11499820106839076,0.0022212898740844728,1.894983382221441,235.0,184.0,0.0,-0.31730104956696215,0.0011576848172507662,,POSTHOC_DESCRIPTIVE_ONLY
30,primary,intraday,first_market_hour_origin_lt60,lightgbm_qlike,B2_over_B1,12451,419,2509,2024-10-28,2026-07-31,0.11448318097658103,0.11622498065747709,-0.001741799680896056,-1.521445915494227,0.11499820106839076,0.11669962262320051,-0.0017014215548097483,-1.4795201481437898,219.0,200.0,0.0,-0.9885957352780474,0.0002566057936301616,,POSTHOC_DESCRIPTIVE_ONLY
30,primary,intraday,middle_registered_origin60_299,log_ridge_harq,B1_over_B0,118819,419,2513,2024-10-28,2026-07-31,0.14555749216748395,0.1421135840266449,0.003443908140839048,2.3660122811654087,0.14504357743988755,0.14160682603472508,0.003436751405162475,2.369461279033066,260.0,159.0,0.0,-0.0689754945080926,0.0011928448834249428,,POSTHOC_DESCRIPTIVE_ONLY
30,primary,intraday,middle_registered_origin60_299,log_ridge_harq,B2_over_B1,118819,419,2513,2024-10-28,2026-07-31,0.1421135840266449,0.14158465113287544,0.000528932893769489,0.3721902430314609,0.14160682603472508,0.14111276232990122,0.000494063704823855,0.34889822663117936,234.0,185.0,0.0,-0.09800832339925902,0.0006805633937551209,,POSTHOC_DESCRIPTIVE_ONLY
30,primary,intraday,middle_registered_origin60_299,lightgbm_qlike,B1_over_B0,118819,419,2513,2024-10-28,2026-07-31,0.1488227731947827,0.1461222764675685,0.0027004967272141896,1.8145722386719112,0.1481988492454872,0.14549733330294923,0.0027015159425379798,1.8228994059616448,247.0,172.0,0.0,-0.18337780770640527,0.0014301494507784063,,POSTHOC_DESCRIPTIVE_ONLY
30,primary,intraday,middle_registered_origin60_299,lightgbm_qlike,B2_over_B1,118819,419,2513,2024-10-28,2026-07-31,0.1461222764675685,0.1464681833488063,-0.00034590688123773496,-0.2367242624463958,0.14549733330294923,0.1458281555697407,-0.00033082226679145843,-0.2273734227847547,222.0,197.0,0.0,-0.18879212276288915,0.00039227886811969703,,POSTHOC_DESCRIPTIVE_ONLY
30,primary,intraday,last_registered_block_origin_ge300,log_ridge_harq,B1_over_B0,29562,414,2482,2024-10-28,2026-07-31,0.17496136997917203,0.1743576203670382,0.0006037496121338399,0.3450759514547196,0.17554950468696306,0.17502747080228057,0.000522033884682499,0.2973713230426831,221.0,193.0,0.0,-0.13843448275200831,0.0007595344976360462,,POSTHOC_DESCRIPTIVE_ONLY
30,primary,intraday,last_registered_block_origin_ge300,log_ridge_harq,B2_over_B1,29562,414,2482,2024-10-28,2026-07-31,0.1743576203670382,0.17214885819648695,0.0022087621705512437,1.266799905792247,0.17502747080228057,0.17280014882123204,0.0022273219810485245,1.2725556570286125,227.0,187.0,0.0,-0.1245225281173381,0.0008939338393467444,,POSTHOC_DESCRIPTIVE_ONLY
30,primary,intraday,last_registered_block_origin_ge300,lightgbm_qlike,B1_over_B0,29562,414,2482,2024-10-28,2026-07-31,0.1664189440151291,0.16171293807273202,0.0047060059423971205,2.8278066359856835,0.16714259519266533,0.16245582090102428,0.004686774291641049,2.8040573895831895,228.0,186.0,0.0,-0.21739640185163184,0.001850923683321612,,POSTHOC_DESCRIPTIVE_ONLY
30,primary,intraday,last_registered_block_origin_ge300,lightgbm_qlike,B2_over_B1,29562,414,2482,2024-10-28,2026-07-31,0.16171293807273202,0.16105390903724778,0.0006590290354841791,0.4075301848685565,0.16245582090102428,0.16168460988084685,0.0007712110201774369,0.4747204599380252,202.0,212.0,0.0,-0.08803317821889362,-9.876898682689358e-05,,POSTHOC_DESCRIPTIVE_ONLY
30,primary,intraday,last_market_hour_origin_ge330,log_ridge_harq,B1_over_B0,14794,414,2477,2024-10-28,2026-07-31,0.19293932863935953,0.19201897810953017,0.0009203505298293938,0.4770155137990061,0.19212555708199464,0.19122811079291543,0.0008974462890792012,0.4671144759237796,215.0,199.0,0.0,-0.20205890107959235,0.0004147611120520339,,POSTHOC_DESCRIPTIVE_ONLY
30,primary,intraday,last_market_hour_origin_ge330,log_ridge_harq,B2_over_B1,14794,414,2477,2024-10-28,2026-07-31,0.19201897810953017,0.1885882281077648,0.0034307500017653606,1.7866723568377787,0.19122811079291543,0.1878335655944928,0.0033945451984226382,1.7751287634163033,234.0,180.0,0.0,-0.21788908474698654,0.001462961596466486,,POSTHOC_DESCRIPTIVE_ONLY
30,primary,intraday,last_market_hour_origin_ge330,lightgbm_qlike,B1_over_B0,14794,414,2477,2024-10-28,2026-07-31,0.17393189367908607,0.16952750872735523,0.004404384951730871,2.532246880412401,0.17344039830155564,0.16909052366035934,0.004349874641196294,2.507993918252711,209.0,205.0,0.0,-0.2763046376940872,0.0001564516470789895,,POSTHOC_DESCRIPTIVE_ONLY
30,primary,intraday,last_market_hour_origin_ge330,lightgbm_qlike,B2_over_B1,14794,414,2477,2024-10-28,2026-07-31,0.16952750872735523,0.16927631999637818,0.00025118873097703266,0.1481698945868485,0.16909052366035934,0.16878965024254583,0.00030087341781351307,0.17793629784827983,222.0,192.0,0.0,-0.17842566521248227,0.0008170238488423298,,POSTHOC_DESCRIPTIVE_ONLY
30,primary,intraday,first_observed_hour_origin35_94,log_ridge_harq,B1_over_B0,29936,419,2513,2024-10-28,2026-07-31,0.10668020992581467,0.10693229506600412,-0.00025208514018943876,-0.2362998163996289,0.10661552281712172,0.10686688350158671,-0.0002513606844649907,-0.23576368414583615,211.0,208.0,0.0,-0.08282376195935814,3.79099815754555e-05,,POSTHOC_DESCRIPTIVE_ONLY
30,primary,intraday,first_observed_hour_origin35_94,log_ridge_harq,B2_over_B1,29936,419,2513,2024-10-28,2026-07-31,0.10693229506600412,0.10639615014862568,0.0005361449173784432,0.5013872722431582,0.10686688350158671,0.10635444501619967,0.0005124384853870401,0.4795110221207411,216.0,203.0,0.0,-0.1454444786479713,0.00016302140471160728,,POSTHOC_DESCRIPTIVE_ONLY
30,primary,intraday,first_observed_hour_origin35_94,lightgbm_qlike,B1_over_B0,29936,419,2513,2024-10-28,2026-07-31,0.11820681176658564,0.11682794502974433,0.0013788667368412992,1.166486699230199,0.11807821338741817,0.11666740041013433,0.0014108129772838346,1.1948122662179135,235.0,184.0,0.0,-0.17284933689576398,0.0008690744675657822,,POSTHOC_DESCRIPTIVE_ONLY
30,primary,intraday,first_observed_hour_origin35_94,lightgbm_qlike,B2_over_B1,29936,419,2513,2024-10-28,2026-07-31,0.11682794502974433,0.11834441704285835,-0.0015164720131139878,-1.298038763523483,0.11666740041013433,0.1181550542512939,-0.0014876538411595641,-1.275123844304273,206.0,213.0,0.0,-0.8238012529230856,-9.214176611239966e-05,,POSTHOC_DESCRIPTIVE_ONLY
30,primary,month,2024-10,log_ridge_harq,B1_over_B0,1560,4,24,2024-10-28,2024-10-31,0.09843481684265502,0.10892291928366643,-0.01048810244101141,-10.654870682368735,0.09843481684265504,0.10892291928366643,-0.010488102441011393,-10.654870682368715,0.0,4.0,0.0,-0.017507657572939095,-0.012104318771733034,,POSTHOC_DESCRIPTIVE_ONLY
30,primary,month,2024-10,log_ridge_harq,B2_over_B1,1560,4,24,2024-10-28,2024-10-31,0.10892291928366643,0.10496500674968726,0.003957912533979178,3.6336820202841253,0.10892291928366643,0.10496500674968726,0.003957912533979174,3.6336820202841222,3.0,1.0,0.0,-0.0008915049610264542,0.004094670076039919,,POSTHOC_DESCRIPTIVE_ONLY
30,primary,month,2024-10,lightgbm_qlike,B1_over_B0,1560,4,24,2024-10-28,2024-10-31,0.10305731880617154,0.11813615419851117,-0.015078835392339628,-14.631503678743716,0.10305731880617156,0.11813615419851117,-0.015078835392339618,-14.631503678743703,1.0,3.0,0.0,-0.047689988896059896,-0.008405573553608922,,POSTHOC_DESCRIPTIVE_ONLY
30,primary,month,2024-10,lightgbm_qlike,B2_over_B1,1560,4,24,2024-10-28,2024-10-31,0.11813615419851117,0.12087879348067672,-0.0027426392821655347,-2.321591811391554,0.11813615419851117,0.1208787934806767,-0.002742639282165532,-2.3215918113915515,2.0,2.0,0.0,-0.008015583607436705,-0.003000850173385229,,POSTHOC_DESCRIPTIVE_ONLY
30,primary,month,2024-11,log_ridge_harq,B1_over_B0,7584,20,120,2024-11-01,2024-11-29,0.13864266179784285,0.14019237086874783,-0.0015497090709049638,-1.1177721567150956,0.1367468993149588,0.13789831646400325,-0.0011514171490444591,-0.842006038025394,9.0,11.0,0.0,-0.052624542884727954,-0.0011190489621371938,,POSTHOC_DESCRIPTIVE_ONLY
30,primary,month,2024-11,log_ridge_harq,B2_over_B1,7584,20,120,2024-11-01,2024-11-29,0.14019237086874783,0.13553333742717863,0.0046590334415692,3.3233145375158273,0.13789831646400325,0.1335299639382213,0.004368352525781938,3.1678070028666707,11.0,9.0,0.0,-0.013079969725174556,0.00040495691840051334,,POSTHOC_DESCRIPTIVE_ONLY
30,primary,month,2024-11,lightgbm_qlike,B1_over_B0,7584,20,120,2024-11-01,2024-11-29,0.14164612546646463,0.13888384384710106,0.0027622816193635766,1.9501286111899756,0.1397583351129002,0.13707074375447464,0.002687591358425556,1.9230276006468268,12.0,8.0,0.0,-0.005546871806852358,0.0004414262432566596,,POSTHOC_DESCRIPTIVE_ONLY
30,primary,month,2024-11,lightgbm_qlike,B2_over_B1,7584,20,120,2024-11-01,2024-11-29,0.13888384384710106,0.139390564802201,-0.0005067209550999518,-0.36485234067816213,0.13707074375447464,0.13746159962539234,-0.0003908558709176946,-0.28514901153364114,10.0,10.0,0.0,-0.015975702166353578,0.0002327357444646197,,POSTHOC_DESCRIPTIVE_ONLY
30,primary,month,2024-12,log_ridge_harq,B1_over_B0,7974,21,126,2024-12-02,2024-12-31,0.12528325114752928,0.1256270775988233,-0.0003438264512940138,-0.27443927910933247,0.12622703622616413,0.1266576317877215,-0.000430595561557362,-0.3411278395112226,7.0,14.0,0.0,-0.01420066671829312,-0.0013295650931187258,,POSTHOC_DESCRIPTIVE_ONLY
30,primary,month,2024-12,log_ridge_harq,B2_over_B1,7974,21,126,2024-12-02,2024-12-31,0.1256270775988233,0.12483301062076632,0.0007940669780569682,0.632082663414918,0.1266576317877215,0.12585856975840026,0.0007990620293212292,0.6308834438499996,11.0,10.0,0.0,-0.008539028598564202,0.0009834626718266404,,POSTHOC_DESCRIPTIVE_ONLY
30,primary,month,2024-12,lightgbm_qlike,B1_over_B0,7974,21,126,2024-12-02,2024-12-31,0.13007657834997338,0.13195421326248924,-0.0018776349125158443,-1.4434842431540855,0.12960077119705662,0.13156012002916906,-0.001959348832112434,-1.5118342383420424,8.0,13.0,0.0,-0.02838812013678542,-0.00020245454494684234,,POSTHOC_DESCRIPTIVE_ONLY
30,primary,month,2024-12,lightgbm_qlike,B2_over_B1,7974,21,126,2024-12-02,2024-12-31,0.13195421326248924,0.13274667825267636,-0.0007924649901870939,-0.6005605812757847,0.13156012002916906,0.1326137640397922,-0.0010536440106231337,-0.800884044792239,10.0,11.0,0.0,-0.017666081519855673,-0.0003078666766616889,,POSTHOC_DESCRIPTIVE_ONLY
30,primary,month,2025-01,log_ridge_harq,B1_over_B0,5850,15,90,2025-01-02,2025-01-24,0.10765622408072659,0.10779252588649234,-0.00013630180576574587,-0.12660838416879572,0.10765622408072659,0.10779252588649232,-0.00013630180576573725,-0.1266083841687877,6.0,9.0,0.0,-0.014185709626816978,-0.0012768604253685367,,POSTHOC_DESCRIPTIVE_ONLY
30,primary,month,2025-01,log_ridge_harq,B2_over_B1,5850,15,90,2025-01-02,2025-01-24,0.10779252588649234,0.1070772363030691,0.0007152895834232304,0.6635799444726294,0.10779252588649232,0.10707723630306912,0.0007152895834232065,0.6635799444726072,7.0,8.0,0.0,-0.006298932446546418,-2.0524538861713126e-05,,POSTHOC_DESCRIPTIVE_ONLY
30,primary,month,2025-01,lightgbm_qlike,B1_over_B0,5850,15,90,2025-01-02,2025-01-24,0.11089979672869807,0.11000382666471595,0.0008959700639821012,0.8079095637785302,0.11089979672869806,0.11000382666471595,0.0008959700639821072,0.8079095637785356,8.0,7.0,0.0,-0.0233699416692712,0.0006002076082092661,,POSTHOC_DESCRIPTIVE_ONLY
30,primary,month,2025-01,lightgbm_qlike,B2_over_B1,5850,15,90,2025-01-02,2025-01-24,0.11000382666471595,0.10839230955568165,0.0016115171090343241,1.4649645906829376,0.11000382666471595,0.10839230955568163,0.0016115171090343161,1.4649645906829303,8.0,7.0,0.0,-0.0051640016693193375,0.0006428030914209376,,POSTHOC_DESCRIPTIVE_ONLY
30,primary,month,2025-02,log_ridge_harq,B1_over_B0,1560,4,24,2025-02-25,2025-02-28,0.08225465989904299,0.08685970781423859,-0.00460504791519558,-5.598525263915363,0.08225465989904299,0.08685970781423857,-0.004605047915195587,-5.598525263915371,1.0,3.0,0.0,-0.011484857112846233,-0.0035890622340518305,,POSTHOC_DESCRIPTIVE_ONLY
30,primary,month,2025-02,log_ridge_harq,B2_over_B1,1560,4,24,2025-02-25,2025-02-28,0.08685970781423859,0.08434859738618121,0.0025111104280573573,2.8909957116453944,0.08685970781423857,0.08434859738618122,0.0025111104280573504,2.8909957116453873,4.0,0.0,0.0,0.0003635144871174667,0.0026971507400718464,,POSTHOC_DESCRIPTIVE_ONLY
30,primary,month,2025-02,lightgbm_qlike,B1_over_B0,1560,4,24,2025-02-25,2025-02-28,0.09038002911941256,0.09648726584611503,-0.006107236726702475,-6.757285637331924,0.09038002911941256,0.09648726584611504,-0.006107236726702478,-6.757285637331927,0.0,4.0,0.0,-0.010171065390485123,-0.005239638746864395,,POSTHOC_DESCRIPTIVE_ONLY
30,primary,month,2025-02,lightgbm_qlike,B2_over_B1,1560,4,24,2025-02-25,2025-02-28,0.09648726584611503,0.09656351125064122,-7.624540452617581e-05,-0.07902120954259143,0.09648726584611504,0.0965635112506412,-7.624540452616513e-05,-0.07902120954258035,2.0,2.0,0.0,-0.004752925767894378,-0.0009755534472769278,,POSTHOC_DESCRIPTIVE_ONLY
30,primary,month,2025-03,log_ridge_harq,B1_over_B0,8146,21,126,2025-03-03,2025-03-31,0.1084822151479296,0.10626640067294155,0.0022158144749880584,2.042560130217204,0.10816773395811585,0.10599861732031865,0.0021691166377972027,2.005326873758044,14.0,7.0,0.0,-0.011474732815508315,0.0021515542685382125,,POSTHOC_DESCRIPTIVE_ONLY
30,primary,month,2025-03,log_ridge_harq,B2_over_B1,8146,21,126,2025-03-03,2025-03-31,0.10626640067294155,0.10173232267385955,0.004534077999081997,4.266708922452948,0.10599861732031865,0.10145564920245426,0.004542968117864393,4.2858748847033885,13.0,8.0,0.0,-0.010446094465697137,0.0020828913715938008,,POSTHOC_DESCRIPTIVE_ONLY
30,primary,month,2025-03,lightgbm_qlike,B1_over_B0,8146,21,126,2025-03-03,2025-03-31,0.10345150964173859,0.09773633657530359,0.005715173066434982,5.524494602569952,0.10307207593437713,0.09742263071622843,0.0056494452181486965,5.481062806715494,15.0,6.0,0.0,-0.011711665068196209,0.006391751522370315,,POSTHOC_DESCRIPTIVE_ONLY
30,primary,month,2025-03,lightgbm_qlike,B2_over_B1,8146,21,126,2025-03-03,2025-03-31,0.09773633657530359,0.0984425135783059,-0.0007061770030022921,-0.7225327117291725,0.09742263071622843,0.09812664020531013,-0.0007040094890816972,-0.7226344473619567,8.0,13.0,0.0,-0.011181854082255749,-0.0007770328537344412,,POSTHOC_DESCRIPTIVE_ONLY
30,primary,month,2025-04,log_ridge_harq,B1_over_B0,7755,20,120,2025-04-01,2025-04-30,0.2681300190956737,0.24013528436256115,0.02799473473311258,10.440731264455529,0.2679881917609991,0.2399392999365396,0.028048891824459493,10.466465570794417,13.0,7.0,0.0,-0.023712449189634194,0.0015338555067658868,,POSTHOC_DESCRIPTIVE_ONLY
30,primary,month,2025-04,log_ridge_harq,B2_over_B1,7755,20,120,2025-04-01,2025-04-30,0.24013528436256115,0.24131689927311556,-0.001181614910554447,-0.49206217807226565,0.2399392999365396,0.2410702541339785,-0.001130954197438916,-0.4713501280273955,13.0,7.0,0.0,-0.0696979768166035,0.002510253327899604,,POSTHOC_DESCRIPTIVE_ONLY
30,primary,month,2025-04,lightgbm_qlike,B1_over_B0,7755,20,120,2025-04-01,2025-04-30,0.3121388348778824,0.3028502524884016,0.009288582389480797,2.9757855644956046,0.31165441632831825,0.3022766238041509,0.009377792524167372,3.0090356602834594,7.0,13.0,0.0,-0.11729012483387172,-0.010135541357662248,,POSTHOC_DESCRIPTIVE_ONLY
30,primary,month,2025-04,lightgbm_qlike,B2_over_B1,7755,20,120,2025-04-01,2025-04-30,0.3028502524884016,0.31124270849365154,-0.008392456005249887,-2.7711570111936084,0.3022766238041509,0.3105931912116896,-0.008316567407538722,-2.7513101419735118,14.0,6.0,0.0,-0.21933745743160227,0.004649840523528154,,POSTHOC_DESCRIPTIVE_ONLY
30,primary,month,2025-05,log_ridge_harq,B1_over_B0,8136,21,126,2025-05-01,2025-05-30,0.17341653941017063,0.16572738262091424,0.007689156789256388,4.433923555047847,0.17298019542041534,0.16531181084661545,0.007668384573799897,4.433099728649552,16.0,5.0,0.0,-0.012766579280960713,0.0026950531735421973,,POSTHOC_DESCRIPTIVE_ONLY
30,primary,month,2025-05,log_ridge_harq,B2_over_B1,8136,21,126,2025-05-01,2025-05-30,0.16572738262091424,0.16443406457333254,0.0012933180475817214,0.7803888694362985,0.16531181084661545,0.16399646137511312,0.0013153494715023306,0.7956778555422017,14.0,7.0,0.0,-0.029187750816477953,0.0014272630060439273,,POSTHOC_DESCRIPTIVE_ONLY
30,primary,month,2025-05,lightgbm_qlike,B1_over_B0,8136,21,126,2025-05-01,2025-05-30,0.1647114983257145,0.16058156562412393,0.004129932701590573,2.507373646388483,0.1642455104915005,0.16013930073856458,0.004106209752935908,2.5000438311209723,14.0,7.0,0.0,-0.03162646417642173,0.0020326908094314006,,POSTHOC_DESCRIPTIVE_ONLY
30,primary,month,2025-05,lightgbm_qlike,B2_over_B1,8136,21,126,2025-05-01,2025-05-30,0.16058156562412393,0.16092400695339548,-0.00034244132927157504,-0.2132507102796179,0.16013930073856458,0.16047538643270864,-0.00033608569414406153,-0.2098708390720016,12.0,9.0,0.0,-0.021325291759778597,0.00041660531916899723,,POSTHOC_DESCRIPTIVE_ONLY
30,primary,month,2025-06,log_ridge_harq,B1_over_B0,7617,20,120,2025-06-02,2025-06-30,0.1771786143105559,0.17274933995424374,0.004429274356312176,2.4998921983601323,0.17600902787384418,0.17160152491372216,0.004407502960122017,2.504134596596448,14.0,6.0,0.0,-0.00771092805006153,0.0022350059176878267,,POSTHOC_DESCRIPTIVE_ONLY
30,primary,month,2025-06,log_ridge_harq,B2_over_B1,7617,20,120,2025-06-02,2025-06-30,0.17274933995424374,0.17220554279159206,0.00054379716265173,0.31478971948359746,0.17160152491372216,0.17107922027278133,0.0005223046409408294,0.30437062910917245,8.0,12.0,0.0,-0.014016939598856804,-0.0005885290704859547,,POSTHOC_DESCRIPTIVE_ONLY
30,primary,month,2025-06,lightgbm_qlike,B1_over_B0,7617,20,120,2025-06-02,2025-06-30,0.17982507425185595,0.16954669693229577,0.010278377319560173,5.71576425719401,0.17864191191106435,0.1686460498321936,0.009995862078870738,5.595474193002988,15.0,5.0,0.0,-0.006479332619839351,0.004925466858111335,,POSTHOC_DESCRIPTIVE_ONLY
30,primary,month,2025-06,lightgbm_qlike,B2_over_B1,7617,20,120,2025-06-02,2025-06-30,0.16954669693229577,0.1706308750539242,-0.001084178121628462,-0.6394569409166381,0.1686460498321936,0.1695590569869064,-0.0009130071547127916,-0.5413747642599711,10.0,10.0,0.0,-0.015798965950315547,-0.00010935494200164236,,POSTHOC_DESCRIPTIVE_ONLY
30,primary,month,2025-07,log_ridge_harq,B1_over_B0,8235,22,132,2025-07-01,2025-07-31,0.13970480799348864,0.14067659308689087,-0.0009717850934022473,-0.6955988898016597,0.13736737702794388,0.13838246395540518,-0.0010150869274613006,-0.7389577856282479,11.0,11.0,0.0,-0.015330929303178364,-0.0004208334263361563,,POSTHOC_DESCRIPTIVE_ONLY
30,primary,month,2025-07,log_ridge_harq,B2_over_B1,8235,22,132,2025-07-01,2025-07-31,0.14067659308689087,0.13870097179758858,0.0019756212893022613,1.4043710086737677,0.13838246395540518,0.13644661531863714,0.001935848636768045,1.3989118139939227,16.0,6.0,0.0,-0.0104534259208999,0.0015153869716599058,,POSTHOC_DESCRIPTIVE_ONLY
30,primary,month,2025-07,lightgbm_qlike,B1_over_B0,8235,22,132,2025-07-01,2025-07-31,0.14620483661491102,0.1455397181914265,0.0006651184234845427,0.4549223123421001,0.1439881712962666,0.143209900247309,0.000778271048957585,0.540510405786204,14.0,8.0,0.0,-0.012352362194647179,0.0029373398154868557,,POSTHOC_DESCRIPTIVE_ONLY
30,primary,month,2025-07,lightgbm_qlike,B2_over_B1,8235,22,132,2025-07-01,2025-07-31,0.1455397181914265,0.1425397111011096,0.0030000070903168884,2.0612978557310506,0.143209900247309,0.14033677231045896,0.002873127936850045,2.0062355548662794,16.0,6.0,0.0,-0.014654063728044647,0.001899141569274558,,POSTHOC_DESCRIPTIVE_ONLY
30,primary,month,2025-08,log_ridge_harq,B1_over_B0,8045,21,126,2025-08-01,2025-08-29,0.1309324157363492,0.12804954704516933,0.0028828686911798983,2.2017990540898285,0.13073135396115235,0.1278339170829091,0.002897436878243259,2.2163289757591365,13.0,8.0,0.0,-0.004420736003128312,0.0017664715455204122,,POSTHOC_DESCRIPTIVE_ONLY
30,primary,month,2025-08,log_ridge_harq,B2_over_B1,8045,21,126,2025-08-01,2025-08-29,0.12804954704516933,0.12764974919301372,0.00039979785215559296,0.312221215444491,0.1278339170829091,0.12741199609821127,0.0004219209846978156,0.3300540219104534,12.0,9.0,0.0,-0.007448295557522966,0.0006086519808858881,,POSTHOC_DESCRIPTIVE_ONLY
30,primary,month,2025-08,lightgbm_qlike,B1_over_B0,8045,21,126,2025-08-01,2025-08-29,0.12723579063862264,0.12362145008297107,0.003614340555651567,2.840663415152645,0.1271924620327041,0.12363567319862755,0.003556788834076549,2.7963833526251087,13.0,8.0,0.0,-0.013770555054510525,0.0027647381364476753,,POSTHOC_DESCRIPTIVE_ONLY
30,primary,month,2025-08,lightgbm_qlike,B2_over_B1,8045,21,126,2025-08-01,2025-08-29,0.12362145008297107,0.12159477299678653,0.0020266770861845414,1.6394218679883594,0.12363567319862755,0.12151058413317492,0.002125089065452626,1.7188316369164367,14.0,7.0,0.0,-0.009172429432217744,0.0016258256859084663,,POSTHOC_DESCRIPTIVE_ONLY
30,primary,month,2025-09,log_ridge_harq,B1_over_B0,8152,21,126,2025-09-02,2025-09-30,0.16035251947223428,0.1546910419848962,0.005661477487338069,3.5306445486304803,0.16026639703808826,0.15466770933041193,0.005598687707676325,3.4933634318526323,12.0,9.0,0.0,-0.008912427210720053,0.0007768676895751198,,POSTHOC_DESCRIPTIVE_ONLY
30,primary,month,2025-09,log_ridge_harq,B2_over_B1,8152,21,126,2025-09-02,2025-09-30,0.1546910419848962,0.15441876819495914,0.0002722737899370786,0.17601134910169072,0.15466770933041193,0.15438592539568563,0.00028178393472630403,0.1821866606457186,14.0,7.0,0.0,-0.03634222152173641,0.0010532063919769519,,POSTHOC_DESCRIPTIVE_ONLY
30,primary,month,2025-09,lightgbm_qlike,B1_over_B0,8152,21,126,2025-09-02,2025-09-30,0.14517571320783682,0.13830658087554332,0.006869132332293472,4.7315988194660825,0.1451895770525521,0.1384216070485911,0.0067679700039609825,4.6614709825287814,13.0,8.0,0.0,-0.02222284081715936,0.0003477977459152015,,POSTHOC_DESCRIPTIVE_ONLY
30,primary,month,2025-09,lightgbm_qlike,B2_over_B1,8152,21,126,2025-09-02,2025-09-30,0.13830658087554332,0.1419904782835978,-0.0036838974080544424,-2.6635734791025145,0.1384216070485911,0.14206072556676747,-0.0036391185181763597,-2.629010452753156,10.0,11.0,0.0,-0.042208437979365354,-0.00046805173753872165,,POSTHOC_DESCRIPTIVE_ONLY
30,primary,month,2025-10,log_ridge_harq,B1_over_B0,8840,23,138,2025-10-01,2025-10-31,0.17765574395083825,0.176098605957956,0.0015571379928822314,0.8764917802562749,0.17791257394678042,0.17654177473469346,0.001370799212086965,0.7704903490952903,15.0,8.0,0.0,-0.03883633649405968,0.0019177313256640294,,POSTHOC_DESCRIPTIVE_ONLY
30,primary,month,2025-10,log_ridge_harq,B2_over_B1,8840,23,138,2025-10-01,2025-10-31,0.176098605957956,0.17763852660572602,-0.001539920647769995,-0.8744649847697573,0.17654177473469346,0.178184828217484,-0.0016430534827905352,-0.9306882097790803,13.0,10.0,0.0,-0.06424134546497298,0.0021343312341641357,,POSTHOC_DESCRIPTIVE_ONLY
30,primary,month,2025-10,lightgbm_qlike,B1_over_B0,8840,23,138,2025-10-01,2025-10-31,0.1797319803102353,0.18124914323152522,-0.0015171629212899318,-0.844125190559386,0.17994169377106137,0.18148817965273215,-0.0015464858816707783,-0.8594372150560959,11.0,12.0,0.0,-0.044579085067881954,-0.00036504101870325767,,POSTHOC_DESCRIPTIVE_ONLY
30,primary,month,2025-10,lightgbm_qlike,B2_over_B1,8840,23,138,2025-10-01,2025-10-31,0.18124914323152522,0.18121775052753647,3.1392703988731005e-05,0.017320194418039475,0.18148817965273215,0.18142602354096196,6.21561117701841e-05,0.0342480220414996,11.0,12.0,0.0,-0.01614695298244928,-0.000181375547181728,,POSTHOC_DESCRIPTIVE_ONLY
30,primary,month,2025-11,log_ridge_harq,B1_over_B0,7002,19,114,2025-11-03,2025-11-28,0.10678518541837691,0.10378234505486737,0.003002840363509554,2.812038347589729,0.10632076159696374,0.10323707525605504,0.003083686340908706,2.9003614106887365,15.0,4.0,0.0,-0.005857557150134432,0.0021222013667472894,,POSTHOC_DESCRIPTIVE_ONLY
30,primary,month,2025-11,log_ridge_harq,B2_over_B1,7002,19,114,2025-11-03,2025-11-28,0.10378234505486737,0.10551527553677942,-0.0017329304819120408,-1.6697738724210556,0.10323707525605504,0.10549107514274514,-0.002253999886690103,-2.1833240442928004,8.0,11.0,0.0,-0.01943304079952217,-0.001504265081494524,,POSTHOC_DESCRIPTIVE_ONLY
30,primary,month,2025-11,lightgbm_qlike,B1_over_B0,7002,19,114,2025-11-03,2025-11-28,0.10303101489154295,0.09621336833513594,0.006817646556407024,6.61708182102614,0.10225962936723465,0.0952164660223528,0.00704316334488185,6.887530678982271,14.0,5.0,0.0,-0.006298660249542606,0.002147722388575815,,POSTHOC_DESCRIPTIVE_ONLY
30,primary,month,2025-11,lightgbm_qlike,B2_over_B1,7002,19,114,2025-11-03,2025-11-28,0.09621336833513594,0.09702575701819237,-0.0008123886830564286,-0.8443615446729499,0.0952164660223528,0.09595803454673417,-0.0007415685243813697,-0.7788238267604689,8.0,11.0,0.0,-0.015057129780839562,-0.000150006197459307,,POSTHOC_DESCRIPTIVE_ONLY
30,primary,month,2025-12,log_ridge_harq,B1_over_B0,8220,22,132,2025-12-01,2025-12-31,0.13651177396326372,0.13561313437866754,0.0008986395845962018,0.6582872367024049,0.13485314654382244,0.13402410307172374,0.000829043472098695,0.6147750299836612,10.0,12.0,0.0,-0.012947657834284754,-0.00013508866870302894,,POSTHOC_DESCRIPTIVE_ONLY
30,primary,month,2025-12,log_ridge_harq,B2_over_B1,8220,22,132,2025-12-01,2025-12-31,0.13561313437866754,0.13583832506081506,-0.00022519068214753285,-0.16605374042807775,0.13402410307172374,0.13430024837374602,-0.0002761453020222737,-0.206041522154036,10.0,12.0,0.0,-0.00933348662579768,-0.0004991769375891145,,POSTHOC_DESCRIPTIVE_ONLY
30,primary,month,2025-12,lightgbm_qlike,B1_over_B0,8220,22,132,2025-12-01,2025-12-31,0.1343359439094538,0.1284231312683829,0.0059128126410708925,4.401511962469474,0.1328473507397245,0.12690614553070254,0.005941205209021971,4.472204508362402,18.0,4.0,0.0,-0.02020073201283773,0.0063038948922569255,,POSTHOC_DESCRIPTIVE_ONLY
30,primary,month,2025-12,lightgbm_qlike,B2_over_B1,8220,22,132,2025-12-01,2025-12-31,0.1284231312683829,0.13006660127280104,-0.0016434700044181431,-1.2797305190943875,0.12690614553070254,0.12847788664126827,-0.0015717411105657386,-1.238506696419588,8.0,14.0,0.0,-0.010413118240640853,-0.0012900487040879809,,POSTHOC_DESCRIPTIVE_ONLY
30,primary,month,2026-01,log_ridge_harq,B1_over_B0,7677,20,120,2026-01-02,2026-01-30,0.13438038040867695,0.13064659756792288,0.0037337828407540546,2.778517838243122,0.13538796901818675,0.13166777719757014,0.003720191820616614,2.747800892202525,13.0,7.0,0.0,-0.006499070868558998,0.003120144039274811,,POSTHOC_DESCRIPTIVE_ONLY
30,primary,month,2026-01,log_ridge_harq,B2_over_B1,7677,20,120,2026-01-02,2026-01-30,0.13064659756792288,0.128783230564914,0.0018633670030088721,1.426265235908736,0.13166777719757014,0.12976023465121922,0.001907542546350921,1.4487542715091295,13.0,7.0,0.0,-0.005476918693039207,0.0014538352351551945,,POSTHOC_DESCRIPTIVE_ONLY
30,primary,month,2026-01,lightgbm_qlike,B1_over_B0,7677,20,120,2026-01-02,2026-01-30,0.13591087608285385,0.1352661787585244,0.0006446973243294389,0.47435300463843616,0.13697999026334012,0.13636930236669936,0.0006106878966407603,0.44582270408015817,12.0,8.0,0.0,-0.016746489345483978,0.00038575692025819355,,POSTHOC_DESCRIPTIVE_ONLY
30,primary,month,2026-01,lightgbm_qlike,B2_over_B1,7677,20,120,2026-01-02,2026-01-30,0.1352661787585244,0.13453064319496721,0.000735535563557178,0.5437690118165069,0.13636930236669936,0.13556943429622825,0.0007998680704711103,0.5865455469737988,10.0,10.0,0.0,-0.007231450042949075,-7.491216202877571e-05,,POSTHOC_DESCRIPTIVE_ONLY
30,primary,month,2026-02,log_ridge_harq,B1_over_B0,7193,19,114,2026-02-02,2026-02-27,0.09445409144287065,0.09470797784118189,-0.00025388639831122476,-0.26879343650749604,0.09897511725342935,0.10062249397109463,-0.0016473767176652804,-1.6644352271360416,14.0,5.0,0.0,-0.05968551216807158,0.0032867572240849185,,POSTHOC_DESCRIPTIVE_ONLY
30,primary,month,2026-02,log_ridge_harq,B2_over_B1,7193,19,114,2026-02-02,2026-02-27,0.09470797784118189,0.09435164016317811,0.0003563376780037719,0.37624885054701857,0.10062249397109463,0.10023760624933327,0.00038488772176135944,0.3825066409822086,7.0,12.0,0.0,-0.005717471589444453,-0.0010179206957191128,,POSTHOC_DESCRIPTIVE_ONLY
30,primary,month,2026-02,lightgbm_qlike,B1_over_B0,7193,19,114,2026-02-02,2026-02-27,0.09882894466171425,0.09544242448290408,0.003386520178810189,3.426648124597557,0.10631316526786554,0.10087636684452024,0.005436798423345296,5.113946527362623,11.0,8.0,0.0,-0.009675878658000972,0.0022252790951905466,,POSTHOC_DESCRIPTIVE_ONLY
30,primary,month,2026-02,lightgbm_qlike,B2_over_B1,7193,19,114,2026-02-02,2026-02-27,0.09544242448290408,0.09651909173724721,-0.0010766672543431402,-1.128080369056421,0.10087636684452024,0.10148819021886546,-0.0006118233743452189,-0.6065081381134754,8.0,11.0,0.0,-0.011861264639427958,-0.00021665524283601134,,POSTHOC_DESCRIPTIVE_ONLY
30,primary,month,2026-03,log_ridge_harq,B1_over_B0,8526,22,132,2026-03-02,2026-03-31,0.17062092812744836,0.1705588542253088,6.207390213955937e-05,0.03638117716320952,0.17055897603139705,0.1705264844277492,3.249160364784953e-05,0.01905006960282663,14.0,8.0,0.0,-0.018176435893870357,0.0026085559887769894,,POSTHOC_DESCRIPTIVE_ONLY
30,primary,month,2026-03,log_ridge_harq,B2_over_B1,8526,22,132,2026-03-02,2026-03-31,0.1705588542253088,0.17013965849570203,0.000419195729606766,0.245777758950589,0.1705264844277492,0.1701068291221116,0.00041965530563758957,0.2460939173441967,11.0,11.0,0.0,-0.011155707222097341,-1.5045048284687002e-05,,POSTHOC_DESCRIPTIVE_ONLY
30,primary,month,2026-03,lightgbm_qlike,B1_over_B0,8526,22,132,2026-03-02,2026-03-31,0.1759156180596593,0.16709651426892042,0.00881910379073887,5.013257997222279,0.17593193123454792,0.1670948805549017,0.008837050679646213,5.022994187374027,15.0,7.0,0.0,-0.011736220548133808,0.0025039880000677847,,POSTHOC_DESCRIPTIVE_ONLY
30,primary,month,2026-03,lightgbm_qlike,B2_over_B1,8526,22,132,2026-03-02,2026-03-31,0.16709651426892042,0.16618810164168304,0.0009084126272373865,0.5436454681367039,0.1670948805549017,0.16620852031045985,0.0008863602444418583,0.5304532619421757,14.0,8.0,0.0,-0.015909495366448423,0.00046065572952719985,,POSTHOC_DESCRIPTIVE_ONLY
30,primary,month,2026-04,log_ridge_harq,B1_over_B0,8190,21,126,2026-04-01,2026-04-30,0.14559672331480314,0.14402060272916015,0.001576120585642992,1.0825247641289084,0.14559672331480314,0.14402060272916012,0.0015761205856430205,1.082524764128928,12.0,9.0,0.0,-0.013045812389779393,0.0006836209521107195,,POSTHOC_DESCRIPTIVE_ONLY
30,primary,month,2026-04,log_ridge_harq,B2_over_B1,8190,21,126,2026-04-01,2026-04-30,0.14402060272916015,0.1407356888179127,0.003284913911247447,2.280863882666104,0.14402060272916012,0.14073568881791268,0.003284913911247439,2.280863882666099,18.0,3.0,0.0,-0.003342825208389688,0.0036034317931098736,,POSTHOC_DESCRIPTIVE_ONLY
30,primary,month,2026-04,lightgbm_qlike,B1_over_B0,8190,21,126,2026-04-01,2026-04-30,0.14771080512393422,0.14442187957135022,0.0032889255525840066,2.226597810379877,0.14771080512393422,0.14442187957135022,0.0032889255525840044,2.2265978103798756,10.0,11.0,0.0,-0.0286344580655086,-0.0002196151285226433,,POSTHOC_DESCRIPTIVE_ONLY
30,primary,month,2026-04,lightgbm_qlike,B2_over_B1,8190,21,126,2026-04-01,2026-04-30,0.14442187957135022,0.14321235557178694,0.001209523999563273,0.8374936007987068,0.14442187957135022,0.14321235557178694,0.0012095239995632834,0.837493600798714,13.0,8.0,0.0,-0.012224729960188668,0.0018885826403308298,,POSTHOC_DESCRIPTIVE_ONLY
30,primary,month,2026-05,log_ridge_harq,B1_over_B0,7800,20,120,2026-05-01,2026-05-29,0.14354700064666395,0.14245872806439033,0.0010882725822736051,0.7581297953778575,0.14354700064666392,0.1424587280643903,0.0010882725822736194,0.7581297953778676,13.0,7.0,0.0,-0.026734399546868542,0.0026996392158876864,,POSTHOC_DESCRIPTIVE_ONLY
30,primary,month,2026-05,log_ridge_harq,B2_over_B1,7800,20,120,2026-05-01,2026-05-29,0.14245872806439033,0.14133867427465013,0.0011200537897401836,0.7862303734973172,0.1424587280643903,0.14133867427465016,0.0011200537897401441,0.7862303734972896,12.0,8.0,0.0,-0.015068255150520682,0.001242698904028068,,POSTHOC_DESCRIPTIVE_ONLY
30,primary,month,2026-05,lightgbm_qlike,B1_over_B0,7800,20,120,2026-05-01,2026-05-29,0.1409383444829712,0.1385115119470509,0.002426832535920275,1.7219107722763805,0.1409383444829712,0.13851151194705094,0.0024268325359202703,1.7219107722763771,14.0,6.0,0.0,-0.016728268372040306,0.0020162067468448563,,POSTHOC_DESCRIPTIVE_ONLY
30,primary,month,2026-05,lightgbm_qlike,B2_over_B1,7800,20,120,2026-05-01,2026-05-29,0.1385115119470509,0.13778921377003694,0.0007222981770139752,0.5214715851849843,0.13851151194705094,0.13778921377003697,0.0007222981770139691,0.5214715851849797,10.0,10.0,0.0,-0.009732755928619718,0.0008306742275198606,,POSTHOC_DESCRIPTIVE_ONLY
30,primary,month,2026-06,log_ridge_harq,B1_over_B0,8190,21,126,2026-06-01,2026-06-30,0.1882593503454192,0.18948236669385454,-0.0012230163484353554,-0.6496444113885227,0.18825935034541924,0.18948236669385454,-0.0012230163484353018,-0.6496444113884942,11.0,10.0,0.0,-0.03005577993501951,0.0003118565279725122,,POSTHOC_DESCRIPTIVE_ONLY
30,primary,month,2026-06,log_ridge_harq,B2_over_B1,8190,21,126,2026-06-01,2026-06-30,0.18948236669385454,0.19105956809660915,-0.0015772014027545576,-0.8323737085798765,0.18948236669385454,0.19105956809660912,-0.00157720140275458,-0.8323737085798882,12.0,9.0,0.0,-0.03410912474252836,0.000815073336252331,,POSTHOC_DESCRIPTIVE_ONLY
30,primary,month,2026-06,lightgbm_qlike,B1_over_B0,8190,21,126,2026-06-01,2026-06-30,0.18977994075529606,0.19630158984378002,-0.006521649088483964,-3.4364269809173544,0.18977994075529606,0.19630158984377996,-0.006521649088483905,-3.4364269809173233,10.0,11.0,0.0,-0.14061677833358205,-0.00013957466413008768,,POSTHOC_DESCRIPTIVE_ONLY
30,primary,month,2026-06,lightgbm_qlike,B2_over_B1,8190,21,126,2026-06-01,2026-06-30,0.19630158984378002,0.19384726420894194,0.0024543256348380604,1.250283116296334,0.19630158984377996,0.19384726420894194,0.0024543256348380227,1.250283116296315,12.0,9.0,0.0,-0.01058303646008496,0.0003160358067530594,,POSTHOC_DESCRIPTIVE_ONLY
30,primary,month,2026-07,log_ridge_harq,B1_over_B0,8580,22,132,2026-07-01,2026-07-31,0.12635349145020808,0.12778627648013846,-0.0014327850299303898,-1.1339496942156166,0.12635349145020805,0.12778627648013846,-0.0014327850299304112,-1.1339496942156337,10.0,12.0,0.0,-0.013687003258233882,-0.000734879206820381,,POSTHOC_DESCRIPTIVE_ONLY
30,primary,month,2026-07,log_ridge_harq,B2_over_B1,8580,22,132,2026-07-01,2026-07-31,0.12778627648013846,0.12774252289831395,4.375358182449748e-05,0.03423965626801717,0.12778627648013846,0.12774252289831398,4.3753581824484966e-05,0.03423965626800738,14.0,8.0,0.0,-0.012650468765695588,0.000384228460269663,,POSTHOC_DESCRIPTIVE_ONLY
30,primary,month,2026-07,lightgbm_qlike,B1_over_B0,8580,22,132,2026-07-01,2026-07-31,0.12554805314192152,0.12458431942534882,0.000963733716572685,0.7676213947206852,0.1255480531419215,0.12458431942534885,0.0009637337165726428,0.7676213947206517,15.0,7.0,0.0,-0.015531050004880184,0.0025876628884819106,,POSTHOC_DESCRIPTIVE_ONLY
30,primary,month,2026-07,lightgbm_qlike,B2_over_B1,8580,22,132,2026-07-01,2026-07-31,0.12458431942534882,0.1233767871083921,0.0012075323169567227,0.9692490375406181,0.12458431942534885,0.12337678710839209,0.0012075323169567637,0.9692490375406507,15.0,7.0,0.0,-0.010015476071708385,0.001775019323821847,,POSTHOC_DESCRIPTIVE_ONLY
30,primary,training_size_tercile,T1,log_ridge_harq,B1_over_B0,53918,140,840,2024-10-28,2025-06-20,0.15334155648433814,0.14790444965197166,0.005437106832366455,3.5457490826511764,0.1529110163145592,0.14747135502429004,0.005439661290269154,3.557403136396017,77.0,63.0,0.0,-0.052624542884727954,0.0005185662301861876,,POSTHOC_DESCRIPTIVE_ONLY
30,primary,training_size_tercile,T1,log_ridge_harq,B2_over_B1,53918,140,840,2024-10-28,2025-06-20,0.14790444965197166,0.14597312198063395,0.0019313276713377205,1.3057941636524488,0.14747135502429004,0.1455715198574755,0.0018998351668145508,1.2882740288794583,84.0,56.0,0.0,-0.0696979768166035,0.0011895186064505153,,POSTHOC_DESCRIPTIVE_ONLY
30,primary,training_size_tercile,T1,lightgbm_qlike,B1_over_B0,53918,140,840,2024-10-28,2025-06-20,0.15938545261596918,0.15599248305847938,0.0033929695574897913,2.1287824590020596,0.15864614356298976,0.1553144550141769,0.0033316885488128556,2.100075346294203,75.0,65.0,0.0,-0.11729012483387172,0.0004633068457188111,,POSTHOC_DESCRIPTIVE_ONLY
30,primary,training_size_tercile,T1,lightgbm_qlike,B2_over_B1,53918,140,840,2024-10-28,2025-06-20,0.15599248305847938,0.15753968921994363,-0.0015472061614642417,-0.9918466140988447,0.1553144550141769,0.15686742797006223,-0.001552972955885329,-0.9998895181672405,72.0,68.0,0.0,-0.21933745743160227,0.0003571777910445842,,POSTHOC_DESCRIPTIVE_ONLY
30,primary,training_size_tercile,T2,log_ridge_harq,B1_over_B0,52662,139,834,2025-06-23,2026-01-08,0.14362613927680226,0.1416483907354581,0.0019777485413441888,1.377011560223442,0.1425975257683575,0.14067773030090666,0.00191979546745083,1.3463034909662046,81.0,58.0,0.0,-0.03883633649405968,0.0008111967877592607,,POSTHOC_DESCRIPTIVE_ONLY
30,primary,training_size_tercile,T2,log_ridge_harq,B2_over_B1,52662,139,834,2025-06-23,2026-01-08,0.1416483907354581,0.14187067336751408,-0.00022228263205598825,-0.15692563177164667,0.14067773030090666,0.1409945095772225,-0.00031677927631584835,-0.22518082687164787,75.0,64.0,0.0,-0.06424134546497298,0.00043375618843638497,,POSTHOC_DESCRIPTIVE_ONLY
30,primary,training_size_tercile,T2,lightgbm_qlike,B1_over_B0,52662,139,834,2025-06-23,2026-01-08,0.14181669073768605,0.1379096840888107,0.003907006648875327,2.754969551575559,0.14087605063081327,0.13694638109970653,0.003929669531106739,2.7894518007216322,92.0,47.0,0.0,-0.044579085067881954,0.002885417069527607,,POSTHOC_DESCRIPTIVE_ONLY
30,primary,training_size_tercile,T2,lightgbm_qlike,B2_over_B1,52662,139,834,2025-06-23,2026-01-08,0.1379096840888107,0.13810840634876517,-0.00019872225995443298,-0.14409594312931667,0.13694638109970653,0.137080104516818,-0.0001337234171114865,-0.0976465504511043,74.0,65.0,0.0,-0.042208437979365354,0.0009676171818906454,,POSTHOC_DESCRIPTIVE_ONLY
30,primary,training_size_tercile,T3,log_ridge_harq,B1_over_B0,54252,140,840,2026-01-09,2026-07-31,0.14578834019048398,0.14532249321757953,0.000465846972904455,0.3195365090896769,0.14637804265918344,0.14610129095272756,0.00027675170645588554,0.18906640738478458,85.0,55.0,0.0,-0.05968551216807158,0.001039555352348072,,POSTHOC_DESCRIPTIVE_ONLY
30,primary,training_size_tercile,T3,log_ridge_harq,B2_over_B1,54252,140,840,2026-01-09,2026-07-31,0.14532249321757953,0.14451887563151972,0.0008036175860598278,0.5529891266430701,0.14610129095272756,0.1452851719285111,0.0008161190242164662,0.5585980923881975,85.0,55.0,0.0,-0.03410912474252836,0.0008686778434695425,,POSTHOC_DESCRIPTIVE_ONLY
30,primary,training_size_tercile,T3,lightgbm_qlike,B1_over_B0,54252,140,840,2026-01-09,2026-07-31,0.1473373623543472,0.14551884251665373,0.0018185198376935046,1.2342557302742763,0.14836837398795974,0.14625650876167415,0.002111865226285592,1.423393119113762,83.0,57.0,0.0,-0.14061677833358205,0.0017790533646836332,,POSTHOC_DESCRIPTIVE_ONLY
30,primary,training_size_tercile,T3,lightgbm_qlike,B2_over_B1,54252,140,840,2026-01-09,2026-07-31,0.14551884251665373,0.1445864873543388,0.000932355162314927,0.6407109527470469,0.14625650876167415,0.14526704665634674,0.00098946210532741,0.6765251773784265,79.0,61.0,0.0,-0.015909495366448423,0.0005769930827830561,,POSTHOC_DESCRIPTIVE_ONLY
30,primary,calendar_early,2024-10-28_to_2025-02-28,log_ridge_harq,B1_over_B0,24528,64,384,2024-10-28,2025-02-28,0.12076561832658748,0.12234900652928542,-0.0015833882026979054,-1.3111249912337926,0.12067667211291115,0.12215304677361284,-0.0014763746607016903,-1.2234134691088598,23.0,41.0,0.0,-0.052624542884727954,-0.0012808507596092575,,POSTHOC_DESCRIPTIVE_ONLY
30,primary,calendar_early,2024-10-28_to_2025-02-28,log_ridge_harq,B2_over_B1,24528,64,384,2024-10-28,2025-02-28,0.12234900652928542,0.12006826127538414,0.0022807452539012553,1.8641305872437444,0.12215304677361284,0.11995378444969285,0.0021992623239199954,1.8004154476768024,36.0,28.0,0.0,-0.013079969725174556,0.0004929233494296512,,POSTHOC_DESCRIPTIVE_ONLY
30,primary,calendar_early,2024-10-28_to_2025-02-28,lightgbm_qlike,B1_over_B0,24528,64,384,2024-10-28,2025-02-28,0.12483695877883033,0.12572704213754518,-0.0008900833587148718,-0.7129966697537099,0.12428170687545315,0.12519888243517635,-0.0009171755597232045,-0.7379811420214375,29.0,35.0,0.0,-0.047689988896059896,-0.00023353671719533037,,POSTHOC_DESCRIPTIVE_ONLY
30,primary,calendar_early,2024-10-28_to_2025-02-28,lightgbm_qlike,B2_over_B1,24528,64,384,2024-10-28,2025-02-28,0.12572704213754518,0.12593627944097874,-0.00020923730343355327,-0.16642187700928174,0.12519888243517635,0.12546523280631217,-0.00026635037113581506,-0.21274181203152676,32.0,32.0,0.0,-0.017666081519855673,-9.250716984862684e-06,,POSTHOC_DESCRIPTIVE_ONLY
30,primary,tariff_calendar,four_days_all,log_ridge_harq,B1_over_B0,1560,4,24,2025-04-07,2025-04-10,0.8259290444223024,0.691497020667359,0.13443202375494356,16.27646159955209,0.8259290444223024,0.6914970206673587,0.13443202375494367,16.276461599552103,3.0,1.0,0.0,-0.015898965183242006,0.027797366529483697,,POSTHOC_DESCRIPTIVE_ONLY
30,primary,tariff_calendar,four_days_all,log_ridge_harq,B2_over_B1,1560,4,24,2025-04-07,2025-04-10,0.691497020667359,0.7066293051603846,-0.015132284493025613,-2.1883369039568024,0.6914970206673587,0.7066293051603846,-0.015132284493025838,-2.1883369039568357,2.0,2.0,0.0,-0.0696979768166035,0.000381622256082903,,POSTHOC_DESCRIPTIVE_ONLY
30,primary,tariff_calendar,four_days_all,lightgbm_qlike,B1_over_B0,1560,4,24,2025-04-07,2025-04-10,1.003152842111626,0.9105907128204678,0.09256212929115823,9.227121272598493,1.003152842111626,0.9105907128204679,0.09256212929115815,9.227121272598486,2.0,2.0,0.0,-0.02715144647548519,0.026104835748654548,,POSTHOC_DESCRIPTIVE_ONLY
30,primary,tariff_calendar,four_days_all,lightgbm_qlike,B2_over_B1,1560,4,24,2025-04-07,2025-04-10,0.9105907128204678,0.9733230961049277,-0.06273238328445992,-6.889196474467914,0.9105907128204679,0.9733230961049277,-0.06273238328445985,-6.889196474467905,2.0,2.0,0.0,-0.21933745743160227,-0.01929670040069814,,POSTHOC_DESCRIPTIVE_ONLY
30,primary,tariff_calendar,four_days_first_market_hour_origin_lt60,log_ridge_harq,B1_over_B0,120,4,24,2025-04-07,2025-04-10,1.3709008783304033,1.25024462734473,0.12065625098567354,8.801238141492675,1.3709008783304035,1.2502446273447299,0.12065625098567367,8.801238141492682,1.0,3.0,0.0,-0.07678163092817424,-0.02308012738241417,,POSTHOC_DESCRIPTIVE_ONLY
30,primary,tariff_calendar,four_days_first_market_hour_origin_lt60,log_ridge_harq,B2_over_B1,120,4,24,2025-04-07,2025-04-10,1.25024462734473,1.2399917376805187,0.010252889664211385,0.8200706837658223,1.2502446273447299,1.2399917376805187,0.010252889664211118,0.8200706837658011,2.0,2.0,0.0,-0.002163510848165906,0.009287057658945781,,POSTHOC_DESCRIPTIVE_ONLY
30,primary,tariff_calendar,four_days_first_market_hour_origin_lt60,lightgbm_qlike,B1_over_B0,120,4,24,2025-04-07,2025-04-10,2.3460913210198506,2.247655440058665,0.09843588096118576,4.195739529797821,2.3460913210198506,2.2476554400586646,0.09843588096118605,4.195739529797833,2.0,2.0,0.0,-0.31730104956696215,-0.11875295997386834,,POSTHOC_DESCRIPTIVE_ONLY
30,primary,tariff_calendar,four_days_first_market_hour_origin_lt60,lightgbm_qlike,B2_over_B1,120,4,24,2025-04-07,2025-04-10,2.247655440058665,2.4733045938587965,-0.22564915380013154,-10.03931251109565,2.2476554400586646,2.4733045938587965,-0.22564915380013195,-10.039312511095671,3.0,1.0,0.0,-0.9885957352780474,0.014985553955679673,,POSTHOC_DESCRIPTIVE_ONLY
30,primary,tariff_calendar,four_days_first_observed_hour_origin35_94,log_ridge_harq,B1_over_B0,288,4,24,2025-04-07,2025-04-10,0.747759164865885,0.7035975022795058,0.044161662586379186,5.905867110876513,0.747759164865885,0.7035975022795057,0.044161662586379324,5.905867110876533,1.0,3.0,0.0,-0.04762506640842967,-0.016164587006479242,,POSTHOC_DESCRIPTIVE_ONLY
30,primary,tariff_calendar,four_days_first_observed_hour_origin35_94,log_ridge_harq,B2_over_B1,288,4,24,2025-04-07,2025-04-10,0.7035975022795058,0.6925655349868962,0.011031967292609647,1.5679372449260303,0.7035975022795057,0.6925655349868961,0.011031967292609579,1.567937244926021,3.0,1.0,0.0,-0.008240627732964079,0.012225941736875592,,POSTHOC_DESCRIPTIVE_ONLY
30,primary,tariff_calendar,four_days_first_observed_hour_origin35_94,lightgbm_qlike,B1_over_B0,288,4,24,2025-04-07,2025-04-10,1.3484694603600174,1.317503152295836,0.03096630806418161,2.296404106616857,1.3484694603600176,1.3175031522958358,0.03096630806418177,2.2964041066168686,2.0,2.0,0.0,-0.17284933689576398,-0.03641826683927113,,POSTHOC_DESCRIPTIVE_ONLY
30,primary,tariff_calendar,four_days_first_observed_hour_origin35_94,lightgbm_qlike,B2_over_B1,288,4,24,2025-04-07,2025-04-10,1.317503152295836,1.5076702345495336,-0.19016708225369783,-14.433899601858194,1.3175031522958358,1.5076702345495336,-0.19016708225369783,-14.433899601858196,2.0,2.0,0.0,-0.8238012529230856,0.012119047555930018,,POSTHOC_DESCRIPTIVE_ONLY
30,primary,tariff_calendar,outside_four_days_first_market_hour_origin_lt60,log_ridge_harq,B1_over_B0,12331,415,2485,2024-10-28,2026-07-31,0.08994461394529518,0.09148100740022351,-0.001536393454928351,-1.708155038458216,0.09067012262683291,0.09217624620729938,-0.0015061235804664647,-1.661102397164667,202.0,213.0,0.0,-0.06657839955718237,-0.0002490959309423557,,POSTHOC_DESCRIPTIVE_ONLY
30,primary,tariff_calendar,outside_four_days_first_market_hour_origin_lt60,log_ridge_harq,B2_over_B1,12331,415,2485,2024-10-28,2026-07-31,0.09148100740022351,0.09094153070389438,0.0005394766963291199,0.5897144245132152,0.09217624620729938,0.09166465389808101,0.0005115923092183644,0.5550153431805208,212.0,203.0,0.0,-0.11303734259378649,8.354970051092925e-05,,POSTHOC_DESCRIPTIVE_ONLY
30,primary,tariff_calendar,outside_four_days_first_market_hour_origin_lt60,lightgbm_qlike,B1_over_B0,12331,415,2485,2024-10-28,2026-07-31,0.09498508754321439,0.09372406402825159,0.0012610235149627983,1.3276015715509903,0.09573638896582583,0.09444246864438811,0.0012939203214377137,1.3515449406594948,233.0,182.0,0.0,-0.0554951738261467,0.0011576848172507662,,POSTHOC_DESCRIPTIVE_ONLY
30,primary,tariff_calendar,outside_four_days_first_market_hour_origin_lt60,lightgbm_qlike,B2_over_B1,12331,415,2485,2024-10-28,2026-07-31,0.09372406402825159,0.0932868934314485,0.00043717059680309725,0.46644434525515166,0.09444246864438811,0.09398535784020681,0.00045711080418130157,0.484009800614698,216.0,199.0,0.0,-0.06170439670229344,0.0002451179808986431,,POSTHOC_DESCRIPTIVE_ONLY
30,primary,tariff_calendar,outside_four_days_remainder_origin_ge60,log_ridge_harq,B1_over_B0,146941,415,2490,2024-10-28,2026-07-31,0.14525055959380578,0.14367295660702314,0.0015776029867826155,1.0861252384805906,0.14505729116960778,0.14356884744993573,0.0014884437196720501,1.0261074832368764,241.0,174.0,0.0,-0.07146500624694119,0.0008718268848005584,,POSTHOC_DESCRIPTIVE_ONLY
30,primary,tariff_calendar,outside_four_days_remainder_origin_ge60,log_ridge_harq,B2_over_B1,146941,415,2490,2024-10-28,2026-07-31,0.14367295660702314,0.14263186245794662,0.0010410941490765554,0.7246277752355127,0.14356884744993573,0.14257300555597194,0.0009958418939637892,0.6936336897954495,236.0,179.0,0.0,-0.06795073079565894,0.0006975498251741569,,POSTHOC_DESCRIPTIVE_ONLY
30,primary,tariff_calendar,outside_four_days_remainder_origin_ge60,lightgbm_qlike,B1_over_B0,146941,415,2490,2024-10-28,2026-07-31,0.14508722845246994,0.14285909163346677,0.002228136819003151,1.5357222291506385,0.14501134696259377,0.14265865299741,0.0023526939651837553,1.6224205998104697,246.0,169.0,0.0,-0.15124523417310726,0.001950916176325701,,POSTHOC_DESCRIPTIVE_ONLY
30,primary,tariff_calendar,outside_four_days_remainder_origin_ge60,lightgbm_qlike,B2_over_B1,146941,415,2490,2024-10-28,2026-07-31,0.14285909163346677,0.14252449117414676,0.00033460045931998943,0.23421712646645762,0.14265865299741,0.14229116069450926,0.0003674923029007571,0.25760253246427955,225.0,190.0,0.0,-0.04524819598941843,0.0004763002211405215,,POSTHOC_DESCRIPTIVE_ONLY
30,primary,tariff_calendar,outside_four_days_first_observed_hour_origin35_94,log_ridge_harq,B1_over_B0,29648,415,2489,2024-10-28,2026-07-31,0.10045278348818852,0.10113630276711419,-0.0006835192789256693,-0.6804383663555118,0.10043582506243484,0.1011152630796309,-0.0006794380171960546,-0.6764897055146302,210.0,205.0,0.0,-0.08282376195935814,8.698691329644265e-05,,POSTHOC_DESCRIPTIVE_ONLY
30,primary,tariff_calendar,outside_four_days_first_observed_hour_origin35_94,log_ridge_harq,B2_over_B1,29648,415,2489,2024-10-28,2026-07-31,0.10113630276711419,0.10070211403039099,0.0004341887367232023,0.42931046997338385,0.1011152630796309,0.10070421764298815,0.0004110454366427485,0.40651176105731884,213.0,202.0,0.0,-0.1454444786479713,0.000136772138151664,,POSTHOC_DESCRIPTIVE_ONLY
30,primary,tariff_calendar,outside_four_days_first_observed_hour_origin35_94,lightgbm_qlike,B1_over_B0,29648,415,2489,2024-10-28,2026-07-31,0.1062560682832172,0.10516461328080229,0.0010914550024148956,1.0271931006384578,0.10621902064551358,0.10509307991003118,0.001125940735482403,1.0600179973792292,233.0,182.0,0.0,-0.05004583788920838,0.0008690744675657822,,POSTHOC_DESCRIPTIVE_ONLY
30,primary,tariff_calendar,outside_four_days_first_observed_hour_origin35_94,lightgbm_qlike,B2_over_B1,29648,415,2489,2024-10-28,2026-07-31,0.10516461328080229,0.104848537541984,0.0003160757388182894,0.3005533220326963,0.10509307991003118,0.10476213685082894,0.00033094305920224054,0.3149047106484619,204.0,211.0,0.0,-0.05718468225927964,-9.214176611239966e-05,,POSTHOC_DESCRIPTIVE_ONLY
30,primary,tariff_calendar,outside_four_days_remainder_origin_ge95,log_ridge_harq,B1_over_B0,129624,415,2490,2024-10-28,2026-07-31,0.15023564607615134,0.14843710358116818,0.001798542494983113,1.1971476423587708,0.15002536981127695,0.14831168416776738,0.0017136856435095715,1.1422639022088643,244.0,171.0,0.0,-0.08239876941217927,0.001077649288639182,,POSTHOC_DESCRIPTIVE_ONLY
30,primary,tariff_calendar,outside_four_days_remainder_origin_ge95,log_ridge_harq,B2_over_B1,129624,415,2490,2024-10-28,2026-07-31,0.14843710358116818,0.14730491452022637,0.0011321890609418239,0.7627399306688316,0.14831168416776738,0.14721138298423106,0.001100301183536323,0.7418843563880531,233.0,182.0,0.0,-0.07402956706625144,0.0007949824821323476,,POSTHOC_DESCRIPTIVE_ONLY
30,primary,tariff_calendar,outside_four_days_remainder_origin_ge95,lightgbm_qlike,B1_over_B0,129624,415,2490,2024-10-28,2026-07-31,0.14920264486568025,0.14680652319552231,0.002396121670157929,1.6059512030199188,0.14908155289816427,0.14663075855493296,0.0024507943432313106,1.6439286387802905,235.0,180.0,0.0,-0.16767056271569686,0.001303232869546117,,POSTHOC_DESCRIPTIVE_ONLY
30,primary,tariff_calendar,outside_four_days_remainder_origin_ge95,lightgbm_qlike,B2_over_B1,129624,415,2490,2024-10-28,2026-07-31,0.14680652319552231,0.14645792831172277,0.0003485948837995502,0.23745190350654838,0.14663075855493296,0.1462238946741823,0.00040686388075067415,0.27747512511043093,225.0,190.0,0.0,-0.05061552691058302,0.0005589236946461559,,POSTHOC_DESCRIPTIVE_ONLY
30,primary,window_empty_5m,inside,log_ridge_harq,B1_over_B0,412,6,25,2025-05-15,2026-07-23,0.11904298422145637,0.15295273719002705,-0.03390975296857067,-28.48530149873272,0.055746621592392916,0.07481183985359609,-0.019065218261203172,-34.19977339721835,2.0,4.0,0.0,-0.061738087355844115,-0.01663660778158705,,POSTHOC_DESCRIPTIVE_ONLY
30,primary,window_empty_5m,inside,log_ridge_harq,B2_over_B1,412,6,25,2025-05-15,2026-07-23,0.15295273719002705,0.2447714103710757,-0.09181867318104864,-60.03074862725338,0.07481183985359609,0.4180352613234522,-0.3432234214698561,-458.7822223615022,1.0,5.0,0.0,-1.0271009722840536,-0.15137149617666634,,POSTHOC_DESCRIPTIVE_ONLY
30,primary,window_empty_5m,inside,lightgbm_qlike,B1_over_B0,412,6,25,2025-05-15,2026-07-23,0.12491695021379363,0.13389176922093957,-0.008974819007145956,-7.184628660710717,0.05901366764968677,0.06422238368901977,-0.005208716039332997,-8.826287615697181,4.0,2.0,0.0,-0.032314978582803786,0.0001329752715183534,,POSTHOC_DESCRIPTIVE_ONLY
30,primary,window_empty_5m,inside,lightgbm_qlike,B2_over_B1,412,6,25,2025-05-15,2026-07-23,0.13389176922093957,0.14763673169193395,-0.013744962470994354,-10.265726228707384,0.06422238368901977,0.07712835472432417,-0.0129059710353044,-20.095752125611245,2.0,4.0,0.0,-0.06291354934268584,-0.00048801715281080946,,POSTHOC_DESCRIPTIVE_ONLY
30,primary,window_empty_5m,outside,log_ridge_harq,B1_over_B0,160420,418,2508,2024-10-28,2026-07-31,0.14768590644328886,0.1449645869814458,0.0027213194618430736,1.8426399156022757,0.1473947608993146,0.1447439056145922,0.00265085528472242,1.7984732079678325,243.0,175.0,0.0,-0.05968551216807158,0.0007981059481724784,,POSTHOC_DESCRIPTIVE_ONLY
30,primary,window_empty_5m,outside,log_ridge_harq,B2_over_B1,160420,418,2508,2024-10-28,2026-07-31,0.1449645869814458,0.1438808403660402,0.0010837466154055891,0.7475940420844294,0.1447439056145922,0.1437004728813368,0.0010434327332553839,0.7208819803672559,245.0,173.0,0.0,-0.0696979768166035,0.0007491278566651889,,POSTHOC_DESCRIPTIVE_ONLY
30,primary,window_empty_5m,outside,lightgbm_qlike,B1_over_B0,160420,418,2508,2024-10-28,2026-07-31,0.1496320670785177,0.14657104675431065,0.0030610203242070763,2.0456980806131893,0.14939371096273688,0.14624014565274296,0.0031535653099939165,2.1109090132853767,250.0,168.0,0.0,-0.14061677833358205,0.001978484455531712,,POSTHOC_DESCRIPTIVE_ONLY
30,primary,window_empty_5m,outside,lightgbm_qlike,B2_over_B1,160420,418,2508,2024-10-28,2026-07-31,0.14657104675431065,0.14680569528107532,-0.00023464852676468182,-0.16009200449936803,0.14624014565274296,0.14643698261626767,-0.00019683696352471025,-0.13459844603281018,225.0,193.0,0.0,-0.21933745743160227,0.0004809690607620737,,POSTHOC_DESCRIPTIVE_ONLY
30,primary,window_empty_5m,unknown,log_ridge_harq,B1_over_B0,0,0,0,,,,,,,,,,,,,,,,,
30,primary,window_empty_5m,unknown,log_ridge_harq,B2_over_B1,0,0,0,,,,,,,,,,,,,,,,,
30,primary,window_empty_5m,unknown,lightgbm_qlike,B1_over_B0,0,0,0,,,,,,,,,,,,,,,,,
30,primary,window_empty_5m,unknown,lightgbm_qlike,B2_over_B1,0,0,0,,,,,,,,,,,,,,,,,
30,primary,window_empty_30m,inside,log_ridge_harq,B1_over_B0,384,2,7,2025-09-18,2025-10-20,0.12481071679384721,0.16075900753471553,-0.03594829074086833,-28.80224684571355,0.06755894778868622,0.0873019724055684,-0.019743024616882182,-29.2234045424083,0.0,2.0,0.0,-0.03883633649405968,-0.01974302461688218,,POSTHOC_DESCRIPTIVE_ONLY
30,primary,window_empty_30m,inside,log_ridge_harq,B2_over_B1,384,2,7,2025-09-18,2025-10-20,0.16075900753471553,0.2448487222928859,-0.08408971475817036,-52.30793350102723,0.0873019724055684,0.849123031402023,-0.7618210589964547,-872.6275455236602,0.0,2.0,0.0,-1.4594007725279363,-0.7618210589964547,,POSTHOC_DESCRIPTIVE_ONLY
30,primary,window_empty_30m,inside,lightgbm_qlike,B1_over_B0,384,2,7,2025-09-18,2025-10-20,0.13108099390047806,0.14091190832401376,-0.009830914423535727,-7.499877847279485,0.06902188023277143,0.07781252139600263,-0.008790641163231194,-12.736021003173741,0.0,2.0,0.0,-0.009097099943326359,-0.008790641163231186,,POSTHOC_DESCRIPTIVE_ONLY
30,primary,window_empty_30m,inside,lightgbm_qlike,B2_over_B1,384,2,7,2025-09-18,2025-10-20,0.14091190832401376,0.15523882651867396,-0.0143269181946602,-10.167287041288796,0.07781252139600263,0.08854604517347507,-0.010733523777472442,-13.794082989352718,0.0,2.0,0.0,-0.015185819963587671,-0.010733523777472446,,POSTHOC_DESCRIPTIVE_ONLY
30,primary,window_empty_30m,outside,log_ridge_harq,B1_over_B0,160448,418,2508,2024-10-28,2026-07-31,0.14766710402051011,0.14494729826730465,0.002719805753205451,1.8418494567535404,0.1473632010574905,0.14471598114332077,0.002647219914169746,1.7963914295923793,243.0,175.0,0.0,-0.05968551216807158,0.0007981059481724784,,POSTHOC_DESCRIPTIVE_ONLY
30,primary,window_empty_30m,outside,log_ridge_harq,B2_over_B1,160448,418,2508,2024-10-28,2026-07-31,0.14494729826730465,0.14389826188692031,0.0010490363803843613,0.7237364151829724,0.14471598114332077,0.1437059784113822,0.0010100027319385751,0.6979206608413966,244.0,174.0,0.0,-0.0696979768166035,0.0007491278566651889,,POSTHOC_DESCRIPTIVE_ONLY
30,primary,window_empty_30m,outside,lightgbm_qlike,B1_over_B0,160448,418,2508,2024-10-28,2026-07-31,0.14961300161152594,0.14655203278600618,0.0030609688255197496,2.045924346513437,0.14936071675303608,0.14620816981842563,0.0031525469346104507,2.110693496351589,250.0,168.0,0.0,-0.14061677833358205,0.001978484455531712,,POSTHOC_DESCRIPTIVE_ONLY
30,primary,window_empty_30m,outside,lightgbm_qlike,B2_over_B1,160448,418,2508,2024-10-28,2026-07-31,0.14655203278600618,0.1467876462222278,-0.00023561343622164444,-0.16077118259129494,0.14620816981842563,0.14640538592795094,-0.00019721610952530555,-0.13488720211067967,225.0,193.0,0.0,-0.21933745743160227,0.0004809690607620737,,POSTHOC_DESCRIPTIVE_ONLY
30,primary,window_empty_30m,unknown,log_ridge_harq,B1_over_B0,0,0,0,,,,,,,,,,,,,,,,,
30,primary,window_empty_30m,unknown,log_ridge_harq,B2_over_B1,0,0,0,,,,,,,,,,,,,,,,,
30,primary,window_empty_30m,unknown,lightgbm_qlike,B1_over_B0,0,0,0,,,,,,,,,,,,,,,,,
30,primary,window_empty_30m,unknown,lightgbm_qlike,B2_over_B1,0,0,0,,,,,,,,,,,,,,,,,
30,primary,third_friday,inside,log_ridge_harq,B1_over_B0,6989,18,108,2024-11-15,2026-07-17,0.1383129228829854,0.13541279300083647,0.0029001298821489355,2.096788804472366,0.13813833443456408,0.1352068629420039,0.002931471492560178,2.122127434473167,13.0,5.0,0.0,-0.01028050026427188,0.00396974585870033,,POSTHOC_DESCRIPTIVE_ONLY
30,primary,third_friday,inside,log_ridge_harq,B2_over_B1,6989,18,108,2024-11-15,2026-07-17,0.13541279300083647,0.13532051486816218,9.227813267428128e-05,0.06814580116792307,0.1352068629420039,0.13513920563435394,6.765730764995981e-05,0.050039847222090324,11.0,7.0,0.0,-0.013079969725174556,0.0004946966353291393,,POSTHOC_DESCRIPTIVE_ONLY
30,primary,third_friday,inside,lightgbm_qlike,B1_over_B0,6989,18,108,2024-11-15,2026-07-17,0.12697881680386186,0.1245880423984888,0.0023907744053730928,1.8828135791074572,0.12683689688716598,0.12440150833340316,0.002435388553762824,1.9200947149703165,11.0,7.0,0.0,-0.006803185734067255,0.0011025856747281723,,POSTHOC_DESCRIPTIVE_ONLY
30,primary,third_friday,inside,lightgbm_qlike,B2_over_B1,6989,18,108,2024-11-15,2026-07-17,0.1245880423984888,0.12449234923537782,9.569316311096928e-05,0.0768076624921189,0.12440150833340316,0.12434536593440144,5.614239900171569e-05,0.04512999862610255,10.0,8.0,0.0,-0.016379386151421038,0.00011153184464770399,,POSTHOC_DESCRIPTIVE_ONLY
30,primary,third_friday,outside,log_ridge_harq,B1_over_B0,153843,401,2406,2024-10-28,2026-07-31,0.14803500843783896,0.1454199122547206,0.002615096183118347,1.7665390171652848,0.14771829007058232,0.1451886568968888,0.0025296331736935074,1.7124711993923065,230.0,171.0,0.0,-0.05968551216807158,0.0007305683482199121,,POSTHOC_DESCRIPTIVE_ONLY
30,primary,third_friday,outside,log_ridge_harq,B2_over_B1,153843,401,2406,2024-10-28,2026-07-31,0.1454199122547206,0.14453992157055875,0.0008799906841618533,0.605137680608996,0.1451886568968888,0.1443532867328022,0.0008353701640866074,0.5753687525877982,233.0,168.0,0.0,-0.0696979768166035,0.000745082074442377,,POSTHOC_DESCRIPTIVE_ONLY
30,primary,third_friday,outside,lightgbm_qlike,B1_over_B0,153843,401,2406,2024-10-28,2026-07-31,0.15059500291584088,0.1475357663392062,0.003059236576634637,2.03143299405776,0.15032603329388275,0.147172705115903,0.003153328177979753,2.0976594066146173,239.0,162.0,0.0,-0.14061677833358205,0.002007962769587618,,POSTHOC_DESCRIPTIVE_ONLY
30,primary,third_friday,outside,lightgbm_qlike,B2_over_B1,153843,401,2406,2024-10-28,2026-07-31,0.1475357663392062,0.14782160346353831,-0.00028583712433209507,-0.1937409019009763,0.147172705115903,0.14741831518382975,-0.00024561006792675477,-0.16688561084294085,215.0,186.0,0.0,-0.21933745743160227,0.0004965856393744777,,POSTHOC_DESCRIPTIVE_ONLY
30,primary,third_friday,unknown,log_ridge_harq,B1_over_B0,0,0,0,,,,,,,,,,,,,,,,,
30,primary,third_friday,unknown,log_ridge_harq,B2_over_B1,0,0,0,,,,,,,,,,,,,,,,,
30,primary,third_friday,unknown,lightgbm_qlike,B1_over_B0,0,0,0,,,,,,,,,,,,,,,,,
30,primary,third_friday,unknown,lightgbm_qlike,B2_over_B1,0,0,0,,,,,,,,,,,,,,,,,
30,confirmation,all,all,log_ridge_harq,B1_over_B0,9750,25,150,2026-08-03,2026-09-04,0.18187891086454186,0.18096751879326617,0.0009113920712757141,0.5010982674920967,0.1818789108645419,0.18096751879326617,0.0009113920712757184,0.501098267492099,19.0,6.0,0.0,-0.033462202914449346,0.0013188100675459447,,POSTHOC_DESCRIPTIVE_ONLY
30,confirmation,all,all,log_ridge_harq,B2_over_B1,9750,25,150,2026-08-03,2026-09-04,0.18096751879326617,0.17760056140201938,0.0033669573912467796,1.860531333853965,0.18096751879326617,0.1776005614020194,0.003366957391246761,1.8605313338539546,15.0,10.0,0.0,-0.011144860983376526,0.00013028875505680104,,POSTHOC_DESCRIPTIVE_ONLY
30,confirmation,all,all,lightgbm_qlike,B1_over_B0,9750,25,150,2026-08-03,2026-09-04,0.17494027080363075,0.17202611267061346,0.0029141581330172617,1.6658017731596997,0.17494027080363075,0.1720261126706135,0.002914158133017264,1.665801773159701,19.0,6.0,0.0,-0.02933750444271932,0.004249739000633995,,POSTHOC_DESCRIPTIVE_ONLY
30,confirmation,all,all,lightgbm_qlike,B2_over_B1,9750,25,150,2026-08-03,2026-09-04,0.17202611267061346,0.17617863412042645,-0.004152521449812974,-2.4138901852441457,0.1720261126706135,0.17617863412042647,-0.004152521449812985,-2.4138901852441514,10.0,15.0,0.0,-0.08102163260271555,-0.0013988740523354914,,POSTHOC_DESCRIPTIVE_ONLY
30,confirmation,intraday,first_market_hour_origin_lt60,log_ridge_harq,B1_over_B0,750,25,150,2026-08-03,2026-09-04,0.1017424350032419,0.099854604217558,0.00188783078568387,1.8554999058394037,0.10174243500324189,0.09985460421755804,0.0018878307856838444,1.8554999058393788,13.0,12.0,0.0,-0.009093060765763925,0.0001907547692752698,,POSTHOC_DESCRIPTIVE_ONLY
30,confirmation,intraday,first_market_hour_origin_lt60,log_ridge_harq,B2_over_B1,750,25,150,2026-08-03,2026-09-04,0.099854604217558,0.09948819519503158,0.00036640902252643286,0.3669425415057677,0.09985460421755804,0.09948819519503159,0.000366409022526451,0.36694254150578576,12.0,13.0,0.0,-0.008467007646729946,-0.0002476534955139359,,POSTHOC_DESCRIPTIVE_ONLY
30,confirmation,intraday,first_market_hour_origin_lt60,lightgbm_qlike,B1_over_B0,750,25,150,2026-08-03,2026-09-04,0.09736749926689288,0.09599945082100544,0.001368048445887439,1.4050360296688917,0.09736749926689288,0.09599945082100544,0.0013680484458874348,1.4050360296688875,14.0,11.0,0.0,-0.021602757713551385,0.0003232964778478731,,POSTHOC_DESCRIPTIVE_ONLY
30,confirmation,intraday,first_market_hour_origin_lt60,lightgbm_qlike,B2_over_B1,750,25,150,2026-08-03,2026-09-04,0.09599945082100544,0.09658884660845668,-0.0005893957874512435,-0.6139574574756619,0.09599945082100544,0.09658884660845671,-0.0005893957874512634,-0.6139574574756826,10.0,15.0,0.0,-0.026936914964351827,-0.0011240510189234679,,POSTHOC_DESCRIPTIVE_ONLY
30,confirmation,intraday,middle_registered_origin60_299,log_ridge_harq,B1_over_B0,7200,25,150,2026-08-03,2026-09-04,0.182867038539789,0.1796756717368198,0.0031913668029692134,1.745184276211058,0.182867038539789,0.1796756717368198,0.003191366802969192,1.7451842762110465,21.0,4.0,0.0,-0.002096615688820247,0.0021044474512427885,,POSTHOC_DESCRIPTIVE_ONLY
30,confirmation,intraday,middle_registered_origin60_299,log_ridge_harq,B2_over_B1,7200,25,150,2026-08-03,2026-09-04,0.1796756717368198,0.17412073963304064,0.005554932103779145,3.0916439883501536,0.1796756717368198,0.17412073963304064,0.005554932103779164,3.091643988350164,16.0,9.0,0.0,-0.0055784058999954755,0.0013810872159194382,,POSTHOC_DESCRIPTIVE_ONLY
30,confirmation,intraday,middle_registered_origin60_299,lightgbm_qlike,B1_over_B0,7200,25,150,2026-08-03,2026-09-04,0.1766005673732787,0.173132785723253,0.00346778165002566,1.9636299597474383,0.17660056737327867,0.17313278572325302,0.0034677816500256475,1.9636299597474314,20.0,5.0,0.0,-0.04550781383624081,0.004302068292974678,,POSTHOC_DESCRIPTIVE_ONLY
30,confirmation,intraday,middle_registered_origin60_299,lightgbm_qlike,B2_over_B1,7200,25,150,2026-08-03,2026-09-04,0.173132785723253,0.1780372715082574,-0.0049044857850043975,-2.832788581617381,0.17313278572325302,0.1780372715082574,-0.004904485785004381,-2.8327885816173706,11.0,14.0,0.0,-0.10377577198123089,-0.0011098955167075375,,POSTHOC_DESCRIPTIVE_ONLY
30,confirmation,intraday,last_registered_block_origin_ge300,log_ridge_harq,B1_over_B0,1800,25,150,2026-08-03,2026-09-04,0.211316598439095,0.21993195475893002,-0.008615356319835015,-4.076989873712218,0.211316598439095,0.21993195475893004,-0.008615356319835038,-4.076989873712229,15.0,10.0,0.0,-0.20274070380055886,0.00016342817359593642,,POSTHOC_DESCRIPTIVE_ONLY
30,confirmation,intraday,last_registered_block_origin_ge300,log_ridge_harq,B2_over_B1,1800,25,150,2026-08-03,2026-09-04,0.21993195475893002,0.22406666773084588,-0.004134712971915869,-1.8799964636553048,0.21993195475893004,0.22406666773084588,-0.004134712971915838,-1.8799964636552906,12.0,13.0,0.0,-0.07800991502070209,-0.0007984256012313895,,POSTHOC_DESCRIPTIVE_ONLY
30,confirmation,intraday,last_registered_block_origin_ge300,lightgbm_qlike,B1_over_B0,1800,25,150,2026-08-03,2026-09-04,0.20062107266534643,0.19927719623072535,0.0013438764346210914,0.6698580646424891,0.2006210726653464,0.19927719623072535,0.0013438764346210552,0.6698580646424712,19.0,6.0,0.0,-0.14013639773633058,0.0053781517119303734,,POSTHOC_DESCRIPTIVE_ONLY
30,confirmation,intraday,last_registered_block_origin_ge300,lightgbm_qlike,B2_over_B1,1800,25,150,2026-08-03,2026-09-04,0.19927719623072535,0.20190649603242333,-0.002629299801698008,-1.3194183034639728,0.19927719623072535,0.20190649603242336,-0.002629299801698015,-1.3194183034639761,9.0,16.0,0.0,-0.02392699264595463,-0.004280635870944155,,POSTHOC_DESCRIPTIVE_ONLY
30,confirmation,intraday,last_market_hour_origin_ge330,log_ridge_harq,B1_over_B0,900,25,150,2026-08-03,2026-09-04,0.26409023654236474,0.28009758973675364,-0.01600735319438894,-6.061319571661286,0.2640902365423647,0.28009758973675364,-0.01600735319438895,-6.061319571661292,12.0,13.0,0.0,-0.3588918053626493,-0.0010951951055631903,,POSTHOC_DESCRIPTIVE_ONLY
30,confirmation,intraday,last_market_hour_origin_ge330,log_ridge_harq,B2_over_B1,900,25,150,2026-08-03,2026-09-04,0.28009758973675364,0.28630429674912533,-0.006206707012371731,-2.215908754589795,0.28009758973675364,0.2863042967491254,-0.006206707012371748,-2.215908754589801,12.0,13.0,0.0,-0.13150530048444153,-0.000865351427986466,,POSTHOC_DESCRIPTIVE_ONLY
30,confirmation,intraday,last_market_hour_origin_ge330,lightgbm_qlike,B1_over_B0,900,25,150,2026-08-03,2026-09-04,0.23551045234564816,0.23357708092982446,0.0019333714158236977,0.8209280720102285,0.23551045234564813,0.2335770809298245,0.0019333714158236426,0.8209280720102053,16.0,9.0,0.0,-0.21753865699132602,0.010667616742183708,,POSTHOC_DESCRIPTIVE_ONLY
30,confirmation,intraday,last_market_hour_origin_ge330,lightgbm_qlike,B2_over_B1,900,25,150,2026-08-03,2026-09-04,0.23357708092982446,0.23888882083402588,-0.005311739904201406,-2.2740843763679264,0.2335770809298245,0.23888882083402588,-0.00531173990420139,-2.2740843763679197,10.0,15.0,0.0,-0.04130772750313577,-0.00731013138884562,,POSTHOC_DESCRIPTIVE_ONLY
30,confirmation,intraday,first_observed_hour_origin35_94,log_ridge_harq,B1_over_B0,1800,25,150,2026-08-03,2026-09-04,0.09113079310981584,0.0906403895843626,0.0004904035254532272,0.5381315236248121,0.09113079310981582,0.09064038958436262,0.0004904035254532091,0.5381315236247922,12.0,13.0,0.0,-0.01374948712473309,-0.0003123546353982348,,POSTHOC_DESCRIPTIVE_ONLY
30,confirmation,intraday,first_observed_hour_origin35_94,log_ridge_harq,B2_over_B1,1800,25,150,2026-08-03,2026-09-04,0.0906403895843626,0.08919117385625729,0.0014492157281053228,1.5988630838313866,0.09064038958436262,0.08919117385625724,0.0014492157281053714,1.59886308383144,16.0,9.0,0.0,-0.005513937713954364,0.0013241181334822938,,POSTHOC_DESCRIPTIVE_ONLY
30,confirmation,intraday,first_observed_hour_origin35_94,lightgbm_qlike,B1_over_B0,1800,25,150,2026-08-03,2026-09-04,0.09154638471009091,0.09040289552147594,0.001143489188614992,1.2490817548242823,0.0915463847100909,0.09040289552147593,0.0011434891886149684,1.2490817548242568,14.0,11.0,0.0,-0.016493561010745145,0.001190112489037158,,POSTHOC_DESCRIPTIVE_ONLY
30,confirmation,intraday,first_observed_hour_origin35_94,lightgbm_qlike,B2_over_B1,1800,25,150,2026-08-03,2026-09-04,0.09040289552147594,0.08991809629863816,0.00048479922283777905,0.536265149519034,0.09040289552147593,0.08991809629863814,0.000484799222837784,0.5362651495190396,14.0,11.0,0.0,-0.015245682998381943,0.0018452587879915355,,POSTHOC_DESCRIPTIVE_ONLY
30,confirmation,month,2026-08,log_ridge_harq,B1_over_B0,8190,21,126,2026-08-03,2026-08-31,0.19392815746441805,0.19336813481964035,0.0005600226447777109,0.28877840747827654,0.19392815746441813,0.1933681348196404,0.0005600226447777246,0.2887784074782834,15.0,6.0,0.0,-0.033462202914449346,0.0014655241183212375,,POSTHOC_DESCRIPTIVE_ONLY
30,confirmation,month,2026-08,log_ridge_harq,B2_over_B1,8190,21,126,2026-08-03,2026-08-31,0.19336813481964035,0.18919739409327713,0.004170740726363269,2.1568914290110057,0.1933681348196404,0.1891973940932771,0.004170740726363309,2.1568914290110257,13.0,8.0,0.0,-0.011144860983376526,0.00013028875505680104,,POSTHOC_DESCRIPTIVE_ONLY
30,confirmation,month,2026-08,lightgbm_qlike,B1_over_B0,8190,21,126,2026-08-03,2026-08-31,0.18284072172751564,0.18127868815898884,0.0015620335685267784,0.8543138277777365,0.18284072172751564,0.18127868815898887,0.0015620335685267717,0.8543138277777328,15.0,6.0,0.0,-0.02933750444271932,0.0037543837850472217,,POSTHOC_DESCRIPTIVE_ONLY
30,confirmation,month,2026-08,lightgbm_qlike,B2_over_B1,8190,21,126,2026-08-03,2026-08-31,0.18127868815898884,0.18552317708121632,-0.004244488922227468,-2.341416393362731,0.18127868815898887,0.1855231770812163,-0.004244488922227424,-2.341416393362706,9.0,12.0,0.0,-0.08102163260271555,-0.0008305261090126304,,POSTHOC_DESCRIPTIVE_ONLY
30,confirmation,month,2026-09,log_ridge_harq,B1_over_B0,1560,4,24,2026-09-01,2026-09-04,0.1186203662151917,0.11586428465480147,0.002756081560390232,2.323447185612601,0.1186203662151917,0.11586428465480147,0.0027560815603902278,2.323447185612597,4.0,0.0,0.0,0.00013142028118399984,0.001095747022584928,,POSTHOC_DESCRIPTIVE_ONLY
30,confirmation,month,2026-09,log_ridge_harq,B2_over_B1,1560,4,24,2026-09-01,2026-09-04,0.11586428465480147,0.11671718977291626,-0.0008529051181147906,-0.7361242687130729,0.11586428465480147,0.11671718977291626,-0.0008529051181147829,-0.7361242687130664,2.0,2.0,0.0,-0.005706753292887806,0.0004888916593276046,,POSTHOC_DESCRIPTIVE_ONLY
30,confirmation,month,2026-09,lightgbm_qlike,B1_over_B0,1560,4,24,2026-09-01,2026-09-04,0.13346290345323508,0.12345009135664278,0.010012812096592301,7.502318500137196,0.13346290345323508,0.12345009135664281,0.010012812096592272,7.502318500137175,4.0,0.0,0.0,0.003868503852047539,0.005157139222676507,,POSTHOC_DESCRIPTIVE_ONLY
30,confirmation,month,2026-09,lightgbm_qlike,B2_over_B1,1560,4,24,2026-09-01,2026-09-04,0.12345009135664278,0.1271197835762797,-0.0036696922196368846,-2.972611991865829,0.12345009135664281,0.1271197835762797,-0.003669692219636894,-2.9726119918658362,1.0,3.0,0.0,-0.011987590878253518,-0.0021869146219544375,,POSTHOC_DESCRIPTIVE_ONLY
30,confirmation,training_size_tercile,T1,log_ridge_harq,B1_over_B0,3510,9,54,2026-08-03,2026-08-13,0.13181792123049121,0.12780479137339174,0.004013129857099508,3.0444493583556973,0.13181792123049124,0.12780479137339174,0.004013129857099507,3.0444493583556955,8.0,1.0,0.0,-7.37333821067554e-05,0.002448448474389575,,POSTHOC_DESCRIPTIVE_ONLY
30,confirmation,training_size_tercile,T1,log_ridge_harq,B2_over_B1,3510,9,54,2026-08-03,2026-08-13,0.12780479137339174,0.12642846604773536,0.001376325325656369,1.0768965004100093,0.12780479137339174,0.12642846604773536,0.0013763253256563746,1.0768965004100135,6.0,3.0,0.0,-0.0016111104478941929,0.00013028875505680104,,POSTHOC_DESCRIPTIVE_ONLY
30,confirmation,training_size_tercile,T1,lightgbm_qlike,B1_over_B0,3510,9,54,2026-08-03,2026-08-13,0.12625902991236082,0.11969774149037975,0.006561288421981093,5.196688447975109,0.12625902991236082,0.11969774149037973,0.006561288421981087,5.196688447975105,8.0,1.0,0.0,-0.0029483955757455826,0.005258154483880284,,POSTHOC_DESCRIPTIVE_ONLY
30,confirmation,training_size_tercile,T1,lightgbm_qlike,B2_over_B1,3510,9,54,2026-08-03,2026-08-13,0.11969774149037975,0.11908899662741394,0.0006087448629657885,0.508568378472466,0.11969774149037973,0.11908899662741396,0.0006087448629657766,0.5085683784724562,5.0,4.0,0.0,-0.005563380798618733,0.00016947131116948344,,POSTHOC_DESCRIPTIVE_ONLY
30,confirmation,training_size_tercile,T2,log_ridge_harq,B1_over_B0,3120,8,48,2026-08-14,2026-08-25,0.1469507630451332,0.15098079878217352,-0.0040300357370403155,-2.7424394766855107,0.1469507630451332,0.15098079878217352,-0.004030035737040333,-2.7424394766855227,4.0,4.0,0.0,-0.033462202914449346,-0.00019628869864120324,,POSTHOC_DESCRIPTIVE_ONLY
30,confirmation,training_size_tercile,T2,log_ridge_harq,B2_over_B1,3120,8,48,2026-08-14,2026-08-25,0.15098079878217352,0.15208439378526706,-0.001103595003093551,-0.7309505658966309,0.15098079878217352,0.15208439378526706,-0.0011035950030935382,-0.7309505658966224,4.0,4.0,0.0,-0.011144860983376526,0.00025116286399715776,,POSTHOC_DESCRIPTIVE_ONLY
30,confirmation,training_size_tercile,T2,lightgbm_qlike,B1_over_B0,3120,8,48,2026-08-14,2026-08-25,0.14028584923215734,0.13934142742697933,0.0009444218051779989,0.6732124518240515,0.1402858492321573,0.13934142742697936,0.0009444218051779529,0.673212451824019,6.0,2.0,0.0,-0.02268364801251832,0.0044137458499816165,,POSTHOC_DESCRIPTIVE_ONLY
30,confirmation,training_size_tercile,T2,lightgbm_qlike,B2_over_B1,3120,8,48,2026-08-14,2026-08-25,0.13934142742697933,0.14224563539680354,-0.0029042079698242207,-2.0842387102329245,0.13934142742697936,0.14224563539680354,-0.002904207969824185,-2.0842387102328988,1.0,7.0,0.0,-0.007473857284522045,-0.002679962310525169,,POSTHOC_DESCRIPTIVE_ONLY
30,confirmation,training_size_tercile,T3,log_ridge_harq,B1_over_B0,3120,8,48,2026-08-26,2026-09-04,0.27312567202225746,0.2707623071517175,0.0023633648705399736,0.8653030866858167,0.2731256720222575,0.27076230715171756,0.0023633648705399524,0.8653030866858087,7.0,1.0,0.0,-0.0003069034823140887,0.0012529097961662267,,POSTHOC_DESCRIPTIVE_ONLY
30,confirmation,training_size_tercile,T3,log_ridge_harq,B2_over_B1,3120,8,48,2026-08-26,2026-09-04,0.2707623071517175,0.26068533629234125,0.010076970859376328,3.7217037206474433,0.27076230715171756,0.2606853362923412,0.010076970859376366,3.721703720647456,5.0,3.0,0.0,-0.005706753292887806,0.0006410756560131375,,POSTHOC_DESCRIPTIVE_ONLY
30,confirmation,training_size_tercile,T3,lightgbm_qlike,B1_over_B0,3120,8,48,2026-08-26,2026-09-04,0.26436108837778277,0.26358021549201055,0.0007808728857722163,0.295381173743814,0.2643610883777828,0.26358021549201066,0.0007808728857721658,0.2953811737437949,5.0,3.0,0.0,-0.02933750444271932,0.003318650318146474,,POSTHOC_DESCRIPTIVE_ONLY
30,confirmation,training_size_tercile,T3,lightgbm_qlike,B2_over_B1,3120,8,48,2026-08-26,2026-09-04,0.26358021549201055,0.2743374750236885,-0.010757259531677837,-4.081209020790069,0.26358021549201066,0.27433747502368844,-0.010757259531677776,-4.081209020790044,4.0,4.0,0.0,-0.08102163260271555,-0.0006690088245956544,,POSTHOC_DESCRIPTIVE_ONLY
30,confirmation,calendar_early,2024-10-28_to_2025-02-28,log_ridge_harq,B1_over_B0,0,0,0,,,,,,,,,,,,,,,,,
30,confirmation,calendar_early,2024-10-28_to_2025-02-28,log_ridge_harq,B2_over_B1,0,0,0,,,,,,,,,,,,,,,,,
30,confirmation,calendar_early,2024-10-28_to_2025-02-28,lightgbm_qlike,B1_over_B0,0,0,0,,,,,,,,,,,,,,,,,
30,confirmation,calendar_early,2024-10-28_to_2025-02-28,lightgbm_qlike,B2_over_B1,0,0,0,,,,,,,,,,,,,,,,,
30,confirmation,tariff_calendar,four_days_all,log_ridge_harq,B1_over_B0,0,0,0,,,,,,,,,,,,,,,,,
30,confirmation,tariff_calendar,four_days_all,log_ridge_harq,B2_over_B1,0,0,0,,,,,,,,,,,,,,,,,
30,confirmation,tariff_calendar,four_days_all,lightgbm_qlike,B1_over_B0,0,0,0,,,,,,,,,,,,,,,,,
30,confirmation,tariff_calendar,four_days_all,lightgbm_qlike,B2_over_B1,0,0,0,,,,,,,,,,,,,,,,,
30,confirmation,tariff_calendar,four_days_first_market_hour_origin_lt60,log_ridge_harq,B1_over_B0,0,0,0,,,,,,,,,,,,,,,,,
30,confirmation,tariff_calendar,four_days_first_market_hour_origin_lt60,log_ridge_harq,B2_over_B1,0,0,0,,,,,,,,,,,,,,,,,
30,confirmation,tariff_calendar,four_days_first_market_hour_origin_lt60,lightgbm_qlike,B1_over_B0,0,0,0,,,,,,,,,,,,,,,,,
30,confirmation,tariff_calendar,four_days_first_market_hour_origin_lt60,lightgbm_qlike,B2_over_B1,0,0,0,,,,,,,,,,,,,,,,,
30,confirmation,tariff_calendar,four_days_first_observed_hour_origin35_94,log_ridge_harq,B1_over_B0,0,0,0,,,,,,,,,,,,,,,,,
30,confirmation,tariff_calendar,four_days_first_observed_hour_origin35_94,log_ridge_harq,B2_over_B1,0,0,0,,,,,,,,,,,,,,,,,
30,confirmation,tariff_calendar,four_days_first_observed_hour_origin35_94,lightgbm_qlike,B1_over_B0,0,0,0,,,,,,,,,,,,,,,,,
30,confirmation,tariff_calendar,four_days_first_observed_hour_origin35_94,lightgbm_qlike,B2_over_B1,0,0,0,,,,,,,,,,,,,,,,,
30,confirmation,tariff_calendar,outside_four_days_first_market_hour_origin_lt60,log_ridge_harq,B1_over_B0,750,25,150,2026-08-03,2026-09-04,0.1017424350032419,0.099854604217558,0.00188783078568387,1.8554999058394037,0.10174243500324189,0.09985460421755804,0.0018878307856838444,1.8554999058393788,13.0,12.0,0.0,-0.009093060765763925,0.0001907547692752698,,POSTHOC_DESCRIPTIVE_ONLY
30,confirmation,tariff_calendar,outside_four_days_first_market_hour_origin_lt60,log_ridge_harq,B2_over_B1,750,25,150,2026-08-03,2026-09-04,0.099854604217558,0.09948819519503158,0.00036640902252643286,0.3669425415057677,0.09985460421755804,0.09948819519503159,0.000366409022526451,0.36694254150578576,12.0,13.0,0.0,-0.008467007646729946,-0.0002476534955139359,,POSTHOC_DESCRIPTIVE_ONLY
30,confirmation,tariff_calendar,outside_four_days_first_market_hour_origin_lt60,lightgbm_qlike,B1_over_B0,750,25,150,2026-08-03,2026-09-04,0.09736749926689288,0.09599945082100544,0.001368048445887439,1.4050360296688917,0.09736749926689288,0.09599945082100544,0.0013680484458874348,1.4050360296688875,14.0,11.0,0.0,-0.021602757713551385,0.0003232964778478731,,POSTHOC_DESCRIPTIVE_ONLY
30,confirmation,tariff_calendar,outside_four_days_first_market_hour_origin_lt60,lightgbm_qlike,B2_over_B1,750,25,150,2026-08-03,2026-09-04,0.09599945082100544,0.09658884660845668,-0.0005893957874512435,-0.6139574574756619,0.09599945082100544,0.09658884660845671,-0.0005893957874512634,-0.6139574574756826,10.0,15.0,0.0,-0.026936914964351827,-0.0011240510189234679,,POSTHOC_DESCRIPTIVE_ONLY
30,confirmation,tariff_calendar,outside_four_days_remainder_origin_ge60,log_ridge_harq,B1_over_B0,9000,25,150,2026-08-03,2026-09-04,0.18855695051965018,0.18772692834124183,0.0008300221784083674,0.44019707368032973,0.1885569505196502,0.18772692834124186,0.0008300221784083572,0.4401970736803243,19.0,6.0,0.0,-0.03732998503506635,0.0015683233349766124,,POSTHOC_DESCRIPTIVE_ONLY
30,confirmation,tariff_calendar,outside_four_days_remainder_origin_ge60,log_ridge_harq,B2_over_B1,9000,25,150,2026-08-03,2026-09-04,0.18772692834124183,0.1841099252526017,0.0036170030886401422,1.9267364147488268,0.18772692834124186,0.1841099252526017,0.0036170030886401583,1.9267364147488353,15.0,10.0,0.0,-0.012265594410623804,0.0006884994293922808,,POSTHOC_DESCRIPTIVE_ONLY
30,confirmation,tariff_calendar,outside_four_days_remainder_origin_ge60,lightgbm_qlike,B1_over_B0,9000,25,150,2026-08-03,2026-09-04,0.18140466843169226,0.1783616678247475,0.0030430006069447468,1.6774654330853593,0.18140466843169226,0.1783616678247475,0.0030430006069447624,1.677465433085368,19.0,6.0,0.0,-0.032375822479101535,0.004261083614071168,,POSTHOC_DESCRIPTIVE_ONLY
30,confirmation,tariff_calendar,outside_four_days_remainder_origin_ge60,lightgbm_qlike,B2_over_B1,9000,25,150,2026-08-03,2026-09-04,0.1783616678247475,0.18281111641309064,-0.004449448588343119,-2.4946215420653086,0.1783616678247475,0.1828111164130906,-0.004449448588343119,-2.4946215420653086,11.0,14.0,0.0,-0.08745974446248006,-0.0020561519257819294,,POSTHOC_DESCRIPTIVE_ONLY
30,confirmation,tariff_calendar,outside_four_days_first_observed_hour_origin35_94,log_ridge_harq,B1_over_B0,1800,25,150,2026-08-03,2026-09-04,0.09113079310981584,0.0906403895843626,0.0004904035254532272,0.5381315236248121,0.09113079310981582,0.09064038958436262,0.0004904035254532091,0.5381315236247922,12.0,13.0,0.0,-0.01374948712473309,-0.0003123546353982348,,POSTHOC_DESCRIPTIVE_ONLY
30,confirmation,tariff_calendar,outside_four_days_first_observed_hour_origin35_94,log_ridge_harq,B2_over_B1,1800,25,150,2026-08-03,2026-09-04,0.0906403895843626,0.08919117385625729,0.0014492157281053228,1.5988630838313866,0.09064038958436262,0.08919117385625724,0.0014492157281053714,1.59886308383144,16.0,9.0,0.0,-0.005513937713954364,0.0013241181334822938,,POSTHOC_DESCRIPTIVE_ONLY
30,confirmation,tariff_calendar,outside_four_days_first_observed_hour_origin35_94,lightgbm_qlike,B1_over_B0,1800,25,150,2026-08-03,2026-09-04,0.09154638471009091,0.09040289552147594,0.001143489188614992,1.2490817548242823,0.0915463847100909,0.09040289552147593,0.0011434891886149684,1.2490817548242568,14.0,11.0,0.0,-0.016493561010745145,0.001190112489037158,,POSTHOC_DESCRIPTIVE_ONLY
30,confirmation,tariff_calendar,outside_four_days_first_observed_hour_origin35_94,lightgbm_qlike,B2_over_B1,1800,25,150,2026-08-03,2026-09-04,0.09040289552147594,0.08991809629863816,0.00048479922283777905,0.536265149519034,0.09040289552147593,0.08991809629863814,0.000484799222837784,0.5362651495190396,14.0,11.0,0.0,-0.015245682998381943,0.0018452587879915355,,POSTHOC_DESCRIPTIVE_ONLY
30,confirmation,tariff_calendar,outside_four_days_remainder_origin_ge95,log_ridge_harq,B1_over_B0,7950,25,150,2026-08-03,2026-09-04,0.20242565450712133,0.20141894427452733,0.001006710232594013,0.4973234420534364,0.20242565450712138,0.20141894427452736,0.0010067102325940214,0.4973234420534404,20.0,5.0,0.0,-0.04180993534906291,0.0015043137203141904,,POSTHOC_DESCRIPTIVE_ONLY
30,confirmation,tariff_calendar,outside_four_days_remainder_origin_ge95,log_ridge_harq,B2_over_B1,7950,25,150,2026-08-03,2026-09-04,0.20141894427452733,0.19761778122370136,0.003801163050825979,1.8871924210093765,0.20141894427452736,0.19761778122370138,0.0038011630508259786,1.8871924210093758,14.0,11.0,0.0,-0.01610615480526212,0.00040781053586122495,,POSTHOC_DESCRIPTIVE_ONLY
30,confirmation,tariff_calendar,outside_four_days_remainder_origin_ge95,lightgbm_qlike,B1_over_B0,7950,25,150,2026-08-03,2026-09-04,0.19382190539084732,0.19050684108173896,0.0033150643091083413,1.7103661747744257,0.19382190539084734,0.19050684108173901,0.0033150643091083287,1.7103661747744188,19.0,6.0,0.0,-0.036827305416109235,0.004933021107910385,,POSTHOC_DESCRIPTIVE_ONLY
30,confirmation,tariff_calendar,outside_four_days_remainder_origin_ge95,lightgbm_qlike,B2_over_B1,7950,25,150,2026-08-03,2026-09-04,0.19050684108173896,0.19570932192913326,-0.005202480847394276,-2.7308630062067416,0.19050684108173901,0.1957093219291333,-0.005202480847394275,-2.7308630062067403,8.0,17.0,0.0,-0.09877574093265995,-0.0014952531019775533,,POSTHOC_DESCRIPTIVE_ONLY
30,confirmation,window_empty_5m,inside,log_ridge_harq,B1_over_B0,0,0,0,,,,,,,,,,,,,,,,,
30,confirmation,window_empty_5m,inside,log_ridge_harq,B2_over_B1,0,0,0,,,,,,,,,,,,,,,,,
30,confirmation,window_empty_5m,inside,lightgbm_qlike,B1_over_B0,0,0,0,,,,,,,,,,,,,,,,,
30,confirmation,window_empty_5m,inside,lightgbm_qlike,B2_over_B1,0,0,0,,,,,,,,,,,,,,,,,
30,confirmation,window_empty_5m,outside,log_ridge_harq,B1_over_B0,9750,25,150,2026-08-03,2026-09-04,0.18187891086454186,0.18096751879326617,0.0009113920712757141,0.5010982674920967,0.1818789108645419,0.18096751879326617,0.0009113920712757184,0.501098267492099,19.0,6.0,0.0,-0.033462202914449346,0.0013188100675459447,,POSTHOC_DESCRIPTIVE_ONLY
30,confirmation,window_empty_5m,outside,log_ridge_harq,B2_over_B1,9750,25,150,2026-08-03,2026-09-04,0.18096751879326617,0.17760056140201938,0.0033669573912467796,1.860531333853965,0.18096751879326617,0.1776005614020194,0.003366957391246761,1.8605313338539546,15.0,10.0,0.0,-0.011144860983376526,0.00013028875505680104,,POSTHOC_DESCRIPTIVE_ONLY
30,confirmation,window_empty_5m,outside,lightgbm_qlike,B1_over_B0,9750,25,150,2026-08-03,2026-09-04,0.17494027080363075,0.17202611267061346,0.0029141581330172617,1.6658017731596997,0.17494027080363075,0.1720261126706135,0.002914158133017264,1.665801773159701,19.0,6.0,0.0,-0.02933750444271932,0.004249739000633995,,POSTHOC_DESCRIPTIVE_ONLY
30,confirmation,window_empty_5m,outside,lightgbm_qlike,B2_over_B1,9750,25,150,2026-08-03,2026-09-04,0.17202611267061346,0.17617863412042645,-0.004152521449812974,-2.4138901852441457,0.1720261126706135,0.17617863412042647,-0.004152521449812985,-2.4138901852441514,10.0,15.0,0.0,-0.08102163260271555,-0.0013988740523354914,,POSTHOC_DESCRIPTIVE_ONLY
30,confirmation,window_empty_5m,unknown,log_ridge_harq,B1_over_B0,0,0,0,,,,,,,,,,,,,,,,,
30,confirmation,window_empty_5m,unknown,log_ridge_harq,B2_over_B1,0,0,0,,,,,,,,,,,,,,,,,
30,confirmation,window_empty_5m,unknown,lightgbm_qlike,B1_over_B0,0,0,0,,,,,,,,,,,,,,,,,
30,confirmation,window_empty_5m,unknown,lightgbm_qlike,B2_over_B1,0,0,0,,,,,,,,,,,,,,,,,
30,confirmation,window_empty_30m,inside,log_ridge_harq,B1_over_B0,0,0,0,,,,,,,,,,,,,,,,,
30,confirmation,window_empty_30m,inside,log_ridge_harq,B2_over_B1,0,0,0,,,,,,,,,,,,,,,,,
30,confirmation,window_empty_30m,inside,lightgbm_qlike,B1_over_B0,0,0,0,,,,,,,,,,,,,,,,,
30,confirmation,window_empty_30m,inside,lightgbm_qlike,B2_over_B1,0,0,0,,,,,,,,,,,,,,,,,
30,confirmation,window_empty_30m,outside,log_ridge_harq,B1_over_B0,9750,25,150,2026-08-03,2026-09-04,0.18187891086454186,0.18096751879326617,0.0009113920712757141,0.5010982674920967,0.1818789108645419,0.18096751879326617,0.0009113920712757184,0.501098267492099,19.0,6.0,0.0,-0.033462202914449346,0.0013188100675459447,,POSTHOC_DESCRIPTIVE_ONLY
30,confirmation,window_empty_30m,outside,log_ridge_harq,B2_over_B1,9750,25,150,2026-08-03,2026-09-04,0.18096751879326617,0.17760056140201938,0.0033669573912467796,1.860531333853965,0.18096751879326617,0.1776005614020194,0.003366957391246761,1.8605313338539546,15.0,10.0,0.0,-0.011144860983376526,0.00013028875505680104,,POSTHOC_DESCRIPTIVE_ONLY
30,confirmation,window_empty_30m,outside,lightgbm_qlike,B1_over_B0,9750,25,150,2026-08-03,2026-09-04,0.17494027080363075,0.17202611267061346,0.0029141581330172617,1.6658017731596997,0.17494027080363075,0.1720261126706135,0.002914158133017264,1.665801773159701,19.0,6.0,0.0,-0.02933750444271932,0.004249739000633995,,POSTHOC_DESCRIPTIVE_ONLY
30,confirmation,window_empty_30m,outside,lightgbm_qlike,B2_over_B1,9750,25,150,2026-08-03,2026-09-04,0.17202611267061346,0.17617863412042645,-0.004152521449812974,-2.4138901852441457,0.1720261126706135,0.17617863412042647,-0.004152521449812985,-2.4138901852441514,10.0,15.0,0.0,-0.08102163260271555,-0.0013988740523354914,,POSTHOC_DESCRIPTIVE_ONLY
30,confirmation,window_empty_30m,unknown,log_ridge_harq,B1_over_B0,0,0,0,,,,,,,,,,,,,,,,,
30,confirmation,window_empty_30m,unknown,log_ridge_harq,B2_over_B1,0,0,0,,,,,,,,,,,,,,,,,
30,confirmation,window_empty_30m,unknown,lightgbm_qlike,B1_over_B0,0,0,0,,,,,,,,,,,,,,,,,
30,confirmation,window_empty_30m,unknown,lightgbm_qlike,B2_over_B1,0,0,0,,,,,,,,,,,,,,,,,
30,confirmation,third_friday,inside,log_ridge_harq,B1_over_B0,390,1,6,2026-08-21,2026-08-21,0.10335215359716607,0.10559410509950147,-0.0022419515023353958,-2.169235399848379,0.10335215359716605,0.10559410509950147,-0.0022419515023354153,-2.169235399848398,0.0,1.0,0.0,-0.0022419515023354153,-0.0022419515023354153,,POSTHOC_DESCRIPTIVE_ONLY
30,confirmation,third_friday,inside,log_ridge_harq,B2_over_B1,390,1,6,2026-08-21,2026-08-21,0.10559410509950147,0.10300150811527813,0.0025925969842233456,2.45524783962167,0.10559410509950147,0.10300150811527813,0.0025925969842233443,2.455247839621669,1.0,0.0,0.0,0.0025925969842233443,0.0025925969842233443,,POSTHOC_DESCRIPTIVE_ONLY
30,confirmation,third_friday,inside,lightgbm_qlike,B1_over_B0,390,1,6,2026-08-21,2026-08-21,0.09864663967351688,0.09433924232977998,0.004307397343736881,4.366491710201928,0.09864663967351689,0.09433924232978001,0.004307397343736877,4.366491710201924,1.0,0.0,0.0,0.004307397343736877,0.004307397343736877,,POSTHOC_DESCRIPTIVE_ONLY
30,confirmation,third_friday,inside,lightgbm_qlike,B2_over_B1,390,1,6,2026-08-21,2026-08-21,0.09433924232977998,0.09667868225120906,-0.002339439921429058,-2.47981631360905,0.09433924232978001,0.09667868225120906,-0.002339439921429043,-2.4798163136090325,0.0,1.0,0.0,-0.002339439921429043,-0.002339439921429043,,POSTHOC_DESCRIPTIVE_ONLY
30,confirmation,third_friday,outside,log_ridge_harq,B1_over_B0,9360,24,144,2026-08-03,2026-09-04,0.18515085908401588,0.18410807769717302,0.0010427813868428434,0.5632063453562808,0.18515085908401588,0.18410807769717305,0.0010427813868428282,0.5632063453562727,19.0,5.0,0.0,-0.033462202914449346,0.001392167092933591,,POSTHOC_DESCRIPTIVE_ONLY
30,confirmation,third_friday,outside,log_ridge_harq,B2_over_B1,9360,24,144,2026-08-03,2026-09-04,0.18410807769717302,0.18070885528896694,0.0033992224082060904,1.8463189941058655,0.18410807769717305,0.18070885528896694,0.003399222408206115,1.8463189941058786,14.0,10.0,0.0,-0.011144860983376526,9.239823740311848e-05,,POSTHOC_DESCRIPTIVE_ONLY
30,confirmation,third_friday,outside,lightgbm_qlike,B1_over_B0,9360,24,144,2026-08-03,2026-09-04,0.17811917210071881,0.17526306560148155,0.0028561064992372784,1.6034806728285667,0.17811917210071884,0.17526306560148155,0.0028561064992372875,1.6034806728285713,18.0,6.0,0.0,-0.02933750444271932,0.004059121426340767,,POSTHOC_DESCRIPTIVE_ONLY
30,confirmation,third_friday,outside,lightgbm_qlike,B2_over_B1,9360,24,144,2026-08-03,2026-09-04,0.17526306560148155,0.17949113211497716,-0.0042280665134956374,-2.4124115933870187,0.17526306560148155,0.17949113211497722,-0.004228066513495665,-2.4124115933870347,10.0,14.0,0.0,-0.08102163260271555,-0.001114700080674061,,POSTHOC_DESCRIPTIVE_ONLY
30,confirmation,third_friday,unknown,log_ridge_harq,B1_over_B0,0,0,0,,,,,,,,,,,,,,,,,
30,confirmation,third_friday,unknown,log_ridge_harq,B2_over_B1,0,0,0,,,,,,,,,,,,,,,,,
30,confirmation,third_friday,unknown,lightgbm_qlike,B1_over_B0,0,0,0,,,,,,,,,,,,,,,,,
30,confirmation,third_friday,unknown,lightgbm_qlike,B2_over_B1,0,0,0,,,,,,,,,,,,,,,,,
15,primary,all,all,log_ridge_harq,B1_over_B0,160832,419,2514,2024-10-28,2026-07-31,0.18400382823022673,0.18233803332786358,0.001665794902363134,0.9053044810996438,0.1836603717937846,0.18204406009086246,0.0016163117029221463,0.8800546830739048,247.0,172.0,0.0,-0.05371885450644176,0.0007919411520582731,,POSTHOC_DESCRIPTIVE_ONLY
15,primary,all,all,log_ridge_harq,B2_over_B1,160832,419,2514,2024-10-28,2026-07-31,0.18233803332786358,0.1811562474488086,0.001181785879055025,0.6481291135404789,0.18204406009086246,0.1809103004317701,0.001133759659092376,0.6227940963997891,249.0,170.0,0.0,-0.06280295333076194,0.0007299916478353541,,POSTHOC_DESCRIPTIVE_ONLY
15,primary,all,all,lightgbm_qlike,B1_over_B0,160832,419,2514,2024-10-28,2026-07-31,0.1881114259922125,0.18590040894854004,0.0022110170436724502,1.175376260112973,0.18775025839388218,0.18555363911085654,0.0021966192830256415,1.169968713660752,229.0,190.0,0.0,-0.08502475565502438,0.000825783170811209,,POSTHOC_DESCRIPTIVE_ONLY
15,primary,all,all,lightgbm_qlike,B2_over_B1,160832,419,2514,2024-10-28,2026-07-31,0.18590040894854004,0.1861572642996215,-0.00025685535108149174,-0.13816825499969343,0.18555363911085654,0.18576654218262378,-0.00021290307176724532,-0.11473936743436718,237.0,182.0,0.0,-0.34441720048388613,0.0005944673663635935,,POSTHOC_DESCRIPTIVE_ONLY
15,primary,intraday,first_market_hour_origin_lt60,log_ridge_harq,B1_over_B0,12451,419,2509,2024-10-28,2026-07-31,0.14012492422592335,0.13950071298603223,0.0006242112398911134,0.4454676734630721,0.14066166508758465,0.1400125547352493,0.0006491103523353636,0.4614692652267321,189.0,230.0,0.0,-0.06904697233967058,-0.0006763216765484845,,POSTHOC_DESCRIPTIVE_ONLY
15,primary,intraday,first_market_hour_origin_lt60,log_ridge_harq,B2_over_B1,12451,419,2509,2024-10-28,2026-07-31,0.13950071298603223,0.13904228634752522,0.0004584266385070001,0.32861956666336245,0.1400125547352493,0.13958647425421888,0.0004260804810304053,0.3043159106953543,207.0,212.0,0.0,-0.03045812386900114,-0.00016149546284030536,,POSTHOC_DESCRIPTIVE_ONLY
15,primary,intraday,first_market_hour_origin_lt60,lightgbm_qlike,B1_over_B0,12451,419,2509,2024-10-28,2026-07-31,0.15604468170933106,0.1543688645212171,0.0016758171881139726,1.0739341897185357,0.15649565153900538,0.1548097263535792,0.0016859251854261792,1.0772984225737254,228.0,191.0,0.0,-0.24348241346747657,0.0007914161991102731,,POSTHOC_DESCRIPTIVE_ONLY
15,primary,intraday,first_market_hour_origin_lt60,lightgbm_qlike,B2_over_B1,12451,419,2509,2024-10-28,2026-07-31,0.1543688645212171,0.1586254732671733,-0.00425660874595625,-2.757426997444296,0.1548097263535792,0.15898523220182983,-0.004175505848250632,-2.697185730251822,218.0,201.0,0.0,-1.9907214177541501,0.00016839928818734862,,POSTHOC_DESCRIPTIVE_ONLY
15,primary,intraday,middle_registered_origin60_299,log_ridge_harq,B1_over_B0,118819,419,2513,2024-10-28,2026-07-31,0.18482088395672117,0.182906329899753,0.0019145540569681671,1.0358970349998387,0.1842656140210579,0.18234554911705642,0.0019200649040014839,1.0420093375544601,241.0,178.0,0.0,-0.0675479569701839,0.0008498793106855029,,POSTHOC_DESCRIPTIVE_ONLY
15,primary,intraday,middle_registered_origin60_299,log_ridge_harq,B2_over_B1,118819,419,2513,2024-10-28,2026-07-31,0.182906329899753,0.1817212051029263,0.001185124796826707,0.6479408325978921,0.18234554911705642,0.18119627361248827,0.0011492755045681424,0.6302734067999471,245.0,174.0,0.0,-0.06645798788351368,0.0008768326720194342,,POSTHOC_DESCRIPTIVE_ONLY
15,primary,intraday,middle_registered_origin60_299,lightgbm_qlike,B1_over_B0,118819,419,2513,2024-10-28,2026-07-31,0.1884453859225359,0.18642833364123615,0.0020170522812997735,1.0703643771511189,0.1877757588178009,0.18580493691040623,0.001970821907394671,1.049561412933478,227.0,192.0,0.0,-0.11093098761992004,0.0006135440619394472,,POSTHOC_DESCRIPTIVE_ONLY
15,primary,intraday,middle_registered_origin60_299,lightgbm_qlike,B2_over_B1,118819,419,2513,2024-10-28,2026-07-31,0.18642833364123615,0.18639366229247434,3.4671348761790505e-05,0.01859768206077101,0.18580493691040623,0.18571628679583105,8.865011457517835e-05,0.047711388109092485,247.0,172.0,0.0,-0.2518040686050671,0.0006723149115672178,,POSTHOC_DESCRIPTIVE_ONLY
15,primary,intraday,last_registered_block_origin_ge300,log_ridge_harq,B1_over_B0,29562,414,2482,2024-10-28,2026-07-31,0.19920085445954946,0.19809620412824297,0.001104650331306498,0.5545409603304753,0.20044065669892738,0.199421585038543,0.0010190716603843963,0.5084156463900917,224.0,190.0,0.0,-0.12548009314031727,0.0007678039917184964,,POSTHOC_DESCRIPTIVE_ONLY
15,primary,intraday,last_registered_block_origin_ge300,log_ridge_harq,B2_over_B1,29562,414,2482,2024-10-28,2026-07-31,0.19809620412824297,0.19662317208744826,0.0014730320407947575,0.7435942789903991,0.199421585038543,0.19797957975123684,0.0014420052873061473,0.7230938852619416,217.0,197.0,0.0,-0.07053970875103918,0.0006247387757486664,,POSTHOC_DESCRIPTIVE_ONLY
15,primary,intraday,last_registered_block_origin_ge300,lightgbm_qlike,B1_over_B0,29562,414,2482,2024-10-28,2026-07-31,0.20027509042983713,0.19705905097557277,0.0032160394542643496,1.6058110109260106,0.20136656651415108,0.1981951051394793,0.00317146137467178,1.574969186579891,232.0,182.0,0.0,-0.16652694107945076,0.0016212057547058123,,POSTHOC_DESCRIPTIVE_ONLY
15,primary,intraday,last_registered_block_origin_ge300,lightgbm_qlike,B2_over_B1,29562,414,2482,2024-10-28,2026-07-31,0.19705905097557277,0.19680301753121057,0.0002560334443622081,0.12992726956446454,0.1981951051394793,0.19799938208058337,0.00019572305889592467,0.0987527208394905,209.0,205.0,0.0,-0.10657936736983031,0.00023509214755410707,,POSTHOC_DESCRIPTIVE_ONLY
15,primary,intraday,last_market_hour_origin_ge330,log_ridge_harq,B1_over_B0,14794,414,2477,2024-10-28,2026-07-31,0.19830574297126916,0.19644800275020147,0.001857740221067677,0.9368060618077155,0.19794069251861518,0.19610958723831173,0.0018311052803034467,0.9250777376820796,222.0,192.0,0.0,-0.1733676635651893,0.0008423317336820405,,POSTHOC_DESCRIPTIVE_ONLY
15,primary,intraday,last_market_hour_origin_ge330,log_ridge_harq,B2_over_B1,14794,414,2477,2024-10-28,2026-07-31,0.19644800275020147,0.1944140805291382,0.0020339222210632654,1.0353488926276089,0.19610958723831173,0.1940760640160679,0.0020335232222438437,1.0369320801092263,223.0,191.0,0.0,-0.11021884697667472,0.000622599253497752,,POSTHOC_DESCRIPTIVE_ONLY
15,primary,intraday,last_market_hour_origin_ge330,lightgbm_qlike,B1_over_B0,14794,414,2477,2024-10-28,2026-07-31,0.1975861547945737,0.19527568535962042,0.0023104694349532716,1.1693478408724638,0.197331690467527,0.1950110208772514,0.0023206695902756036,1.1760247858706172,215.0,199.0,0.0,-0.3616564658638267,0.0006606901401178533,,POSTHOC_DESCRIPTIVE_ONLY
15,primary,intraday,last_market_hour_origin_ge330,lightgbm_qlike,B2_over_B1,14794,414,2477,2024-10-28,2026-07-31,0.19527568535962042,0.19560324932812662,-0.00032756396850617197,-0.16774437017231764,0.1950110208772514,0.19531595905368032,-0.0003049381764289316,-0.15636971441776784,201.0,213.0,0.0,-0.21568507981147622,-0.0003754679470361552,,POSTHOC_DESCRIPTIVE_ONLY
15,primary,intraday,first_observed_hour_origin35_94,log_ridge_harq,B1_over_B0,29936,419,2513,2024-10-28,2026-07-31,0.14553251981027268,0.1452865851172988,0.00024593469297387984,0.16898951058807962,0.14534434255926906,0.1451064546117476,0.00023788794752147013,0.16367196915453608,210.0,209.0,0.0,-0.03844415557390243,4.5227993381816156e-05,,POSTHOC_DESCRIPTIVE_ONLY
15,primary,intraday,first_observed_hour_origin35_94,log_ridge_harq,B2_over_B1,29936,419,2513,2024-10-28,2026-07-31,0.1452865851172988,0.14421205470533482,0.0010745304119639863,0.7395936872605628,0.1451064546117476,0.1440498334248708,0.0010566211868767994,0.7281696666794979,225.0,194.0,0.0,-0.02926960034254933,0.0005302425095951857,,POSTHOC_DESCRIPTIVE_ONLY
15,primary,intraday,first_observed_hour_origin35_94,lightgbm_qlike,B1_over_B0,29936,419,2513,2024-10-28,2026-07-31,0.15670144923342524,0.15542892401595657,0.0012725252174686803,0.8120698459993846,0.15642614436642785,0.15513322097558316,0.0012929233908446913,0.8265391927170572,225.0,194.0,0.0,-0.14143090448440618,0.0005751387866915758,,POSTHOC_DESCRIPTIVE_ONLY
15,primary,intraday,first_observed_hour_origin35_94,lightgbm_qlike,B2_over_B1,29936,419,2513,2024-10-28,2026-07-31,0.15542892401595657,0.15827466102884116,-0.0028457370128845984,-1.830892821848558,0.15513322097558316,0.15793776729146256,-0.002804546315879397,-1.8078309070375147,225.0,194.0,0.0,-1.299684914850042,0.0003839371150127502,,POSTHOC_DESCRIPTIVE_ONLY
15,primary,month,2024-10,log_ridge_harq,B1_over_B0,1560,4,24,2024-10-28,2024-10-31,0.14045040376311194,0.14757771610591097,-0.0071273123427990385,-5.074611501167477,0.14045040376311196,0.14757771610591097,-0.007127312342799008,-5.074611501167455,1.0,3.0,0.0,-0.01298096132870813,-0.008746129749180938,,POSTHOC_DESCRIPTIVE_ONLY
15,primary,month,2024-10,log_ridge_harq,B2_over_B1,1560,4,24,2024-10-28,2024-10-31,0.14757771610591097,0.14351913710607014,0.004058578999840835,2.750129970115641,0.14757771610591097,0.14351913710607014,0.004058578999840828,2.7501299701156365,4.0,0.0,0.0,0.001928344322398412,0.00303316303102142,,POSTHOC_DESCRIPTIVE_ONLY
15,primary,month,2024-10,lightgbm_qlike,B1_over_B0,1560,4,24,2024-10-28,2024-10-31,0.14320738560433696,0.151409015294086,-0.008201629689749019,-5.727099657003051,0.14320738560433696,0.15140901529408599,-0.008201629689749024,-5.727099657003055,0.0,4.0,0.0,-0.0156701894605219,-0.007281146653694254,,POSTHOC_DESCRIPTIVE_ONLY
15,primary,month,2024-10,lightgbm_qlike,B2_over_B1,1560,4,24,2024-10-28,2024-10-31,0.151409015294086,0.15380754581288988,-0.002398530518803889,-1.5841398308714678,0.15140901529408599,0.15380754581288988,-0.0023985305188038986,-1.5841398308714745,1.0,3.0,0.0,-0.008658873794247401,-0.002834523648627324,,POSTHOC_DESCRIPTIVE_ONLY
15,primary,month,2024-11,log_ridge_harq,B1_over_B0,7584,20,120,2024-11-01,2024-11-29,0.1679019898384479,0.16912577761170144,-0.0012237877732535116,-0.7288703215673721,0.16606527744432834,0.16699298349937816,-0.0009277060550498262,-0.5586393912844484,11.0,9.0,0.0,-0.0524328430000941,0.0012213091709452617,,POSTHOC_DESCRIPTIVE_ONLY
15,primary,month,2024-11,log_ridge_harq,B2_over_B1,7584,20,120,2024-11-01,2024-11-29,0.16912577761170144,0.16567792593834574,0.003447851673355692,2.0386316752208344,0.16699298349937816,0.16365039739343748,0.0033425861059406814,2.0016326649754888,10.0,10.0,0.0,-0.006332194092091181,-2.603101839347699e-05,,POSTHOC_DESCRIPTIVE_ONLY
15,primary,month,2024-11,lightgbm_qlike,B1_over_B0,7584,20,120,2024-11-01,2024-11-29,0.1730392522008372,0.17796931999378454,-0.004930067792947336,-2.8491037323862654,0.17093297202252833,0.1760915929112783,-0.005158620888749965,-3.0179203156135834,10.0,10.0,0.0,-0.06352429286673944,8.204265396465071e-05,,POSTHOC_DESCRIPTIVE_ONLY
15,primary,month,2024-11,lightgbm_qlike,B2_over_B1,7584,20,120,2024-11-01,2024-11-29,0.17796931999378454,0.1765903505153655,0.0013789694784190247,0.7748355044943614,0.1760915929112783,0.17467284508326725,0.0014187478280110466,0.8056874292265993,15.0,5.0,0.0,-0.009709430952020565,0.0019849464369436215,,POSTHOC_DESCRIPTIVE_ONLY
15,primary,month,2024-12,log_ridge_harq,B1_over_B0,7974,21,126,2024-12-02,2024-12-31,0.15784287303743863,0.1586075572181627,-0.0007646841807240639,-0.48445911177927503,0.15872669086674612,0.15942506408890159,-0.0006983732221554628,-0.4399847425419834,10.0,11.0,0.0,-0.015068399382774433,-0.0005334233367065566,,POSTHOC_DESCRIPTIVE_ONLY
15,primary,month,2024-12,log_ridge_harq,B2_over_B1,7974,21,126,2024-12-02,2024-12-31,0.1586075572181627,0.15752335008865384,0.0010842071295088273,0.6835784804487682,0.15942506408890159,0.15835804973862913,0.001067014350272455,0.6692889580257257,12.0,9.0,0.0,-0.011003201891487457,0.00043231425012787983,,POSTHOC_DESCRIPTIVE_ONLY
15,primary,month,2024-12,lightgbm_qlike,B1_over_B0,7974,21,126,2024-12-02,2024-12-31,0.16312199290063967,0.16876621653428167,-0.005644223633641984,-3.460124250124859,0.1629824736314917,0.16853314007413234,-0.005550666442640628,-3.4056830277290135,5.0,16.0,0.0,-0.022651255155866634,-0.0053153316949141605,,POSTHOC_DESCRIPTIVE_ONLY
15,primary,month,2024-12,lightgbm_qlike,B2_over_B1,7974,21,126,2024-12-02,2024-12-31,0.16876621653428167,0.1626316844463384,0.006134532087943242,3.634928965002381,0.16853314007413234,0.1623610113446681,0.006172128729464238,3.6622641260640583,17.0,4.0,0.0,-0.006944164579643558,0.004999242779992807,,POSTHOC_DESCRIPTIVE_ONLY
15,primary,month,2025-01,log_ridge_harq,B1_over_B0,5850,15,90,2025-01-02,2025-01-24,0.14948803833391605,0.14967482498444395,-0.00018678665052789583,-0.12495090082770684,0.14948803833391605,0.14967482498444395,-0.00018678665052790366,-0.12495090082771208,8.0,7.0,0.0,-0.012473499987578907,0.00013069627245360094,,POSTHOC_DESCRIPTIVE_ONLY
15,primary,month,2025-01,log_ridge_harq,B2_over_B1,5850,15,90,2025-01-02,2025-01-24,0.14967482498444395,0.14900395124678414,0.0006708737376598029,0.44822082653480866,0.14967482498444395,0.14900395124678417,0.0006708737376597829,0.4482208265347952,7.0,8.0,0.0,-0.008422843177717687,-0.0006545126965920578,,POSTHOC_DESCRIPTIVE_ONLY
15,primary,month,2025-01,lightgbm_qlike,B1_over_B0,5850,15,90,2025-01-02,2025-01-24,0.1532711733554699,0.15311899146262103,0.00015218189284882703,0.0992893115627708,0.1532711733554699,0.15311899146262106,0.00015218189284882389,0.09928931156276874,6.0,9.0,0.0,-0.008879464734248804,-0.001137985750649384,,POSTHOC_DESCRIPTIVE_ONLY
15,primary,month,2025-01,lightgbm_qlike,B2_over_B1,5850,15,90,2025-01-02,2025-01-24,0.15311899146262103,0.1514024424247714,0.0017165490378496348,1.121055606135359,0.15311899146262106,0.1514024424247714,0.0017165490378496517,1.1210556061353698,10.0,5.0,0.0,-0.0036046634635330255,0.0008081136493698765,,POSTHOC_DESCRIPTIVE_ONLY
15,primary,month,2025-02,log_ridge_harq,B1_over_B0,1560,4,24,2025-02-25,2025-02-28,0.11646931636977946,0.12006915378588875,-0.003599837416109298,-3.0908032504287584,0.11646931636977945,0.12006915378588877,-0.003599837416109322,-3.09080325042878,1.0,3.0,0.0,-0.008536452872796405,-0.0035104114510685416,,POSTHOC_DESCRIPTIVE_ONLY
15,primary,month,2025-02,log_ridge_harq,B2_over_B1,1560,4,24,2025-02-25,2025-02-28,0.12006915378588875,0.11831795514685399,0.0017511986390347613,1.4584916973409807,0.12006915378588877,0.118317955146854,0.001751198639034765,1.4584916973409836,2.0,2.0,0.0,-0.0008797476901021006,0.0016869725694805965,,POSTHOC_DESCRIPTIVE_ONLY
15,primary,month,2025-02,lightgbm_qlike,B1_over_B0,1560,4,24,2025-02-25,2025-02-28,0.13030174991100152,0.12857076733483247,0.0017309825761689988,1.3284415423056803,0.1303017499110015,0.12857076733483247,0.0017309825761690212,1.3284415423056977,2.0,2.0,0.0,-0.007845834568994153,-2.1193794257905185e-05,,POSTHOC_DESCRIPTIVE_ONLY
15,primary,month,2025-02,lightgbm_qlike,B2_over_B1,1560,4,24,2025-02-25,2025-02-28,0.12857076733483247,0.12670609039119507,0.0018646769436374284,1.4503117483784738,0.12857076733483247,0.12670609039119507,0.0018646769436374,1.4503117483784516,2.0,2.0,0.0,-0.00020052044571730598,0.0016779681954441489,,POSTHOC_DESCRIPTIVE_ONLY
15,primary,month,2025-03,log_ridge_harq,B1_over_B0,8146,21,126,2025-03-03,2025-03-31,0.1391231185690003,0.1372692688217207,0.0018538497472796274,1.3325245770422989,0.13883091564280609,0.13701362018298033,0.0018172954598257574,1.3089991169556372,16.0,5.0,0.0,-0.006945939473773199,0.002394357102563263,,POSTHOC_DESCRIPTIVE_ONLY
15,primary,month,2025-03,log_ridge_harq,B2_over_B1,8146,21,126,2025-03-03,2025-03-31,0.1372692688217207,0.1329768105366632,0.004292458285057494,3.1270351491653607,0.13701362018298033,0.13272030903930473,0.004293311143675593,3.1334922308759663,12.0,9.0,0.0,-0.012014020708826845,0.0016832431087936833,,POSTHOC_DESCRIPTIVE_ONLY
15,primary,month,2025-03,lightgbm_qlike,B1_over_B0,8146,21,126,2025-03-03,2025-03-31,0.13673161254816413,0.13188381526625198,0.004847797281912135,3.5454838801118385,0.1363921019850587,0.1315868942062608,0.004805207778797893,3.5230836015154954,15.0,6.0,0.0,-0.00275446018991779,0.004631390187592996,,POSTHOC_DESCRIPTIVE_ONLY
15,primary,month,2025-03,lightgbm_qlike,B2_over_B1,8146,21,126,2025-03-03,2025-03-31,0.13188381526625198,0.13253900132807617,-0.0006551860618241787,-0.49679034573079683,0.1315868942062608,0.13223336951661616,-0.00064647531035536,-0.49129156384071054,12.0,9.0,0.0,-0.027015847751980127,0.0005714300670933148,,POSTHOC_DESCRIPTIVE_ONLY
15,primary,month,2025-04,log_ridge_harq,B1_over_B0,7755,20,120,2025-04-01,2025-04-30,0.2806582366914827,0.26502031231778234,0.01563792437370039,5.571874375769911,0.28056794200618435,0.2648883403488535,0.015679601657330844,5.588522175846173,8.0,12.0,0.0,-0.022944344760219545,-0.0024873555115699983,,POSTHOC_DESCRIPTIVE_ONLY
15,primary,month,2025-04,log_ridge_harq,B2_over_B1,7755,20,120,2025-04-01,2025-04-30,0.26502031231778234,0.26354978653873395,0.0014705257790483788,0.5548728571737139,0.2648883403488535,0.2633874688753221,0.0015008714735313955,0.5666053370090858,10.0,10.0,0.0,-0.017231634882195368,0.0012180651779888016,,POSTHOC_DESCRIPTIVE_ONLY
15,primary,month,2025-04,lightgbm_qlike,B1_over_B0,7755,20,120,2025-04-01,2025-04-30,0.33833400546795794,0.3211103272545297,0.017223678213428257,5.090732215819031,0.33777522706697133,0.3205692618924336,0.017205965174537707,5.093909735164281,9.0,11.0,0.0,-0.03368975257873881,-0.0021640580128991505,,POSTHOC_DESCRIPTIVE_ONLY
15,primary,month,2025-04,lightgbm_qlike,B2_over_B1,7755,20,120,2025-04-01,2025-04-30,0.3211103272545297,0.33780066204233233,-0.016690334787802668,-5.197694801815885,0.3205692618924336,0.3371529865858075,-0.01658372469337388,-5.173211116834563,10.0,10.0,0.0,-0.34441720048388613,-6.122258077977116e-05,,POSTHOC_DESCRIPTIVE_ONLY
15,primary,month,2025-05,log_ridge_harq,B1_over_B0,8136,21,126,2025-05-01,2025-05-30,0.18911917600215464,0.1847797750572849,0.004339400944869739,2.2945324935321736,0.1888147843580521,0.18449384702302798,0.0043209373350241165,2.288452861207236,13.0,8.0,0.0,-0.009915436669207259,0.0008153951974226303,,POSTHOC_DESCRIPTIVE_ONLY
15,primary,month,2025-05,log_ridge_harq,B2_over_B1,8136,21,126,2025-05-01,2025-05-30,0.1847797750572849,0.18345264013693882,0.0013271349203460958,0.7182252061594193,0.18449384702302798,0.18316688910670803,0.001326957916319954,0.7192423691801099,13.0,8.0,0.0,-0.014969902570697052,0.0011123967789532646,,POSTHOC_DESCRIPTIVE_ONLY
15,primary,month,2025-05,lightgbm_qlike,B1_over_B0,8136,21,126,2025-05-01,2025-05-30,0.18816627592207286,0.18439934313350895,0.0037669327885639405,2.001917065162079,0.18785895042350967,0.18412510070317195,0.0037338497203377174,1.9875814870253015,13.0,8.0,0.0,-0.010606814178702573,0.0031154535894591384,,POSTHOC_DESCRIPTIVE_ONLY
15,primary,month,2025-05,lightgbm_qlike,B2_over_B1,8136,21,126,2025-05-01,2025-05-30,0.18439934313350895,0.18448985246770616,-9.050933419725532e-05,-0.04908332787916966,0.18412510070317195,0.1842073993455246,-8.229864235265172e-05,-0.04469713365443061,12.0,9.0,0.0,-0.019303149019398003,0.0008102345891083246,,POSTHOC_DESCRIPTIVE_ONLY
15,primary,month,2025-06,log_ridge_harq,B1_over_B0,7617,20,120,2025-06-02,2025-06-30,0.21721965737830484,0.21217611123397076,0.005043546144334116,2.321864515028854,0.21636668270419915,0.2113783654660771,0.004988317238122042,2.305492313223523,14.0,6.0,0.0,-0.005368413882413714,0.0016514338618902613,,POSTHOC_DESCRIPTIVE_ONLY
15,primary,month,2025-06,log_ridge_harq,B2_over_B1,7617,20,120,2025-06-02,2025-06-30,0.21217611123397076,0.21067979369939258,0.0014963175345781472,0.7052243185511721,0.2113783654660771,0.20985573311422998,0.0015226323518471307,0.7203350014036745,13.0,7.0,0.0,-0.017521358754000738,0.0013036174205740964,,POSTHOC_DESCRIPTIVE_ONLY
15,primary,month,2025-06,lightgbm_qlike,B1_over_B0,7617,20,120,2025-06-02,2025-06-30,0.21811808371196653,0.21438374545475705,0.0037343382572094966,1.7120718253424765,0.21719870010968814,0.21364428106358982,0.0035544190460983227,1.636482651278896,13.0,7.0,0.0,-0.019685151001855583,0.002371133868893316,,POSTHOC_DESCRIPTIVE_ONLY
15,primary,month,2025-06,lightgbm_qlike,B2_over_B1,7617,20,120,2025-06-02,2025-06-30,0.21438374545475705,0.21280754567995455,0.0015761997748024684,0.7352235457305718,0.21364428106358982,0.2120192539084682,0.0016250271551216111,0.7606228198722214,11.0,9.0,0.0,-0.012811557162483722,0.0018280473899666833,,POSTHOC_DESCRIPTIVE_ONLY
15,primary,month,2025-07,log_ridge_harq,B1_over_B0,8235,22,132,2025-07-01,2025-07-31,0.18763492295167275,0.1884175149501253,-0.0007825919984525428,-0.4170822713286199,0.1850800056993303,0.18588296126921489,-0.0008029555698845781,-0.4338424168783584,10.0,12.0,0.0,-0.008348178078043361,-0.0010683966712168869,,POSTHOC_DESCRIPTIVE_ONLY
15,primary,month,2025-07,log_ridge_harq,B2_over_B1,8235,22,132,2025-07-01,2025-07-31,0.1884175149501253,0.18576556540332495,0.002651949546800357,1.4074856827945832,0.18588296126921489,0.18325078647346926,0.002632174795745623,1.4160387685740792,15.0,7.0,0.0,-0.004305090159002295,0.0017483531498124483,,POSTHOC_DESCRIPTIVE_ONLY
15,primary,month,2025-07,lightgbm_qlike,B1_over_B0,8235,22,132,2025-07-01,2025-07-31,0.19363456739843565,0.1937734220250067,-0.000138854626571023,-0.07170962728225394,0.19104550317333555,0.1912588851581905,-0.00021338198485496007,-0.1116917076354101,9.0,13.0,0.0,-0.01855814411019066,-0.0012441013484830454,,POSTHOC_DESCRIPTIVE_ONLY
15,primary,month,2025-07,lightgbm_qlike,B2_over_B1,8235,22,132,2025-07-01,2025-07-31,0.1937734220250067,0.19045144144137566,0.0033219805836310224,1.7143633780706606,0.1912588851581905,0.18791164401269275,0.0033472411454977535,1.7501101414081994,17.0,5.0,0.0,-0.010626685703878869,0.003166916831783523,,POSTHOC_DESCRIPTIVE_ONLY
15,primary,month,2025-08,log_ridge_harq,B1_over_B0,8045,21,126,2025-08-01,2025-08-29,0.16849338053854548,0.16634686242532032,0.002146518113225205,1.2739480366317153,0.16824575652211482,0.16609611557807033,0.0021496409440444897,1.2776791453649134,15.0,6.0,0.0,-0.005111200393464951,0.002172038628822648,,POSTHOC_DESCRIPTIVE_ONLY
15,primary,month,2025-08,log_ridge_harq,B2_over_B1,8045,21,126,2025-08-01,2025-08-29,0.16634686242532032,0.16629598986293204,5.0872562388240344e-05,0.03058221937373724,0.16609611557807033,0.16601800471189418,7.811086617615093e-05,0.04702750928539108,10.0,11.0,0.0,-0.011674016947048615,-0.00048172569687468525,,POSTHOC_DESCRIPTIVE_ONLY
15,primary,month,2025-08,lightgbm_qlike,B1_over_B0,8045,21,126,2025-08-01,2025-08-29,0.16666269747759188,0.16556256418918514,0.0011001332884067441,0.6600956933117317,0.16652071947458494,0.16539237020193898,0.001128349272645962,0.6776029290566302,13.0,8.0,0.0,-0.006613504910585821,0.0017831300710510062,,POSTHOC_DESCRIPTIVE_ONLY
15,primary,month,2025-08,lightgbm_qlike,B2_over_B1,8045,21,126,2025-08-01,2025-08-29,0.16556256418918514,0.16374872153860093,0.001813842650584223,1.0955632751082425,0.16539237020193898,0.1635814157079896,0.001810954493949385,1.0949443990301762,12.0,9.0,0.0,-0.0038874078581267457,0.001416552861618292,,POSTHOC_DESCRIPTIVE_ONLY
15,primary,month,2025-09,log_ridge_harq,B1_over_B0,8152,21,126,2025-09-02,2025-09-30,0.18575192810997315,0.18253104581395302,0.003220882296020153,1.7339697782912118,0.18565730916733938,0.18249073364167412,0.003166575525665266,1.7056024025486234,13.0,8.0,0.0,-0.00416460840456126,0.0004744210097988033,,POSTHOC_DESCRIPTIVE_ONLY
15,primary,month,2025-09,log_ridge_harq,B2_over_B1,8152,21,126,2025-09-02,2025-09-30,0.18253104581395302,0.17991760358872694,0.0026134422252260736,1.4317795712899473,0.18249073364167412,0.17986953689398208,0.0026211967476920395,1.4363451203165394,15.0,6.0,0.0,-0.0028959981214427555,0.001317811783013545,,POSTHOC_DESCRIPTIVE_ONLY
15,primary,month,2025-09,lightgbm_qlike,B1_over_B0,8152,21,126,2025-09-02,2025-09-30,0.17790907130601896,0.17393279501350897,0.003976276292509935,2.235004805162743,0.17790202185432916,0.17396609825390658,0.003935923600422581,2.212410831196409,13.0,8.0,0.0,-0.025401771763206515,0.002633253520722023,,POSTHOC_DESCRIPTIVE_ONLY
15,primary,month,2025-09,lightgbm_qlike,B2_over_B1,8152,21,126,2025-09-02,2025-09-30,0.17393279501350897,0.17271427202094974,0.001218522992559263,0.7005711559252659,0.17396609825390658,0.1726974112618842,0.001268686992022372,0.729272544913148,10.0,11.0,0.0,-0.01412242320080892,-0.0006913083523086838,,POSTHOC_DESCRIPTIVE_ONLY
15,primary,month,2025-10,log_ridge_harq,B1_over_B0,8840,23,138,2025-10-01,2025-10-31,0.21022885817563228,0.20849603123525767,0.0017328269403745968,0.8242574094784527,0.21082301008927254,0.20921034390497922,0.0016126661842933154,0.7649384114240829,15.0,8.0,0.0,-0.02109759901605618,0.001955671783781504,,POSTHOC_DESCRIPTIVE_ONLY
15,primary,month,2025-10,log_ridge_harq,B2_over_B1,8840,23,138,2025-10-01,2025-10-31,0.20849603123525767,0.20958375502314072,-0.0010877237878830592,-0.5216999966084342,0.20921034390497922,0.21038783489198773,-0.001177490987008506,-0.5628263713114051,15.0,8.0,0.0,-0.06280295333076194,0.0013254827828527438,,POSTHOC_DESCRIPTIVE_ONLY
15,primary,month,2025-10,lightgbm_qlike,B1_over_B0,8840,23,138,2025-10-01,2025-10-31,0.21168995676734192,0.20896327164548412,0.0027266851218577825,1.288055968028067,0.21213904670303277,0.2094256355782787,0.002713411124754067,1.2790719893035494,11.0,12.0,0.0,-0.00942964609263533,-0.0006531594238460836,,POSTHOC_DESCRIPTIVE_ONLY
15,primary,month,2025-10,lightgbm_qlike,B2_over_B1,8840,23,138,2025-10-01,2025-10-31,0.20896327164548412,0.21068135659675502,-0.0017180849512708552,-0.82219470328052,0.2094256355782787,0.2111105298688989,-0.001684894290620187,-0.8045310622874583,13.0,10.0,0.0,-0.02688722028509738,0.0010374210496685854,,POSTHOC_DESCRIPTIVE_ONLY
15,primary,month,2025-11,log_ridge_harq,B1_over_B0,7002,19,114,2025-11-03,2025-11-28,0.14283701010696936,0.1405530857646183,0.002283924342351039,1.5989723816261825,0.14170885403876934,0.13936092856071303,0.0023479254780563175,1.6568657576004118,14.0,5.0,0.0,-0.005684991129819378,0.002001192933034912,,POSTHOC_DESCRIPTIVE_ONLY
15,primary,month,2025-11,log_ridge_harq,B2_over_B1,7002,19,114,2025-11-03,2025-11-28,0.1405530857646183,0.142026493788614,-0.0014734080239956636,-1.0482929036955853,0.13936092856071303,0.1412673521408106,-0.0019064235800975715,-1.367975658447936,10.0,9.0,0.0,-0.016035967994851866,0.00020590313736673638,,POSTHOC_DESCRIPTIVE_ONLY
15,primary,month,2025-11,lightgbm_qlike,B1_over_B0,7002,19,114,2025-11-03,2025-11-28,0.1422241049905828,0.13803126498350604,0.004192840007076747,2.9480516030347816,0.14071213853963987,0.13638974794150716,0.004322390598132719,3.0717965365262807,11.0,8.0,0.0,-0.012929449498485901,0.0024156014242007473,,POSTHOC_DESCRIPTIVE_ONLY
15,primary,month,2025-11,lightgbm_qlike,B2_over_B1,7002,19,114,2025-11-03,2025-11-28,0.13803126498350604,0.13712082154662725,0.0009104434368788088,0.6595921851383465,0.13638974794150716,0.13554286450605918,0.000846883435447976,0.620928954140435,14.0,5.0,0.0,-0.0052782989064728,0.001940832769088477,,POSTHOC_DESCRIPTIVE_ONLY
15,primary,month,2025-12,log_ridge_harq,B1_over_B0,8220,22,132,2025-12-01,2025-12-31,0.16837280021199041,0.1677925208306638,0.0005802793813266151,0.34463962148043636,0.1668337002606695,0.16623349616236438,0.0006002040983051071,0.35976190503916033,11.0,11.0,0.0,-0.007954387411983899,0.00021536169746788625,,POSTHOC_DESCRIPTIVE_ONLY
15,primary,month,2025-12,log_ridge_harq,B2_over_B1,8220,22,132,2025-12-01,2025-12-31,0.1677925208306638,0.16752136985372607,0.0002711509769377064,0.16159896495705667,0.16623349616236438,0.16609763908447145,0.00013585707789293133,0.08172665619703766,11.0,11.0,0.0,-0.008037064913634373,-0.00024694185844094385,,POSTHOC_DESCRIPTIVE_ONLY
15,primary,month,2025-12,lightgbm_qlike,B1_over_B0,8220,22,132,2025-12-01,2025-12-31,0.17198089132433764,0.17078394165845912,0.0011969496658785414,0.6959782896003381,0.1705276951791903,0.16960619948707933,0.000921495692110974,0.5403789051055122,13.0,9.0,0.0,-0.019969246741037783,0.0038859214503710673,,POSTHOC_DESCRIPTIVE_ONLY
15,primary,month,2025-12,lightgbm_qlike,B2_over_B1,8220,22,132,2025-12-01,2025-12-31,0.17078394165845912,0.17205147055030556,-0.001267528891846442,-0.7421827131623999,0.16960619948707933,0.17045848480284018,-0.0008522853157608423,-0.5025083507196738,12.0,10.0,0.0,-0.013107422801565738,0.0004436289027093948,,POSTHOC_DESCRIPTIVE_ONLY
15,primary,month,2026-01,log_ridge_harq,B1_over_B0,7677,20,120,2026-01-02,2026-01-30,0.17768534291318513,0.17448429494534917,0.0032010479678359492,1.8015261784422714,0.17829953579168603,0.17513352650728747,0.0031660092843985577,1.7756688318569287,14.0,6.0,0.0,-0.005408727664481611,0.0023737168948264192,,POSTHOC_DESCRIPTIVE_ONLY
15,primary,month,2026-01,log_ridge_harq,B2_over_B1,7677,20,120,2026-01-02,2026-01-30,0.17448429494534917,0.17349943416511632,0.0009848607802328314,0.5644409317992218,0.17513352650728747,0.17418503704139363,0.0009484894658938481,0.5415807497340497,11.0,9.0,0.0,-0.004613924812857384,0.00035513330930257714,,POSTHOC_DESCRIPTIVE_ONLY
15,primary,month,2026-01,lightgbm_qlike,B1_over_B0,7677,20,120,2026-01-02,2026-01-30,0.1799776055291696,0.17748564182785898,0.0024919637013106764,1.3845965413218009,0.18056963212236465,0.17813661591681335,0.0024330162055513083,1.347411620079368,13.0,7.0,0.0,-0.009461261265536647,0.0015382566801471487,,POSTHOC_DESCRIPTIVE_ONLY
15,primary,month,2026-01,lightgbm_qlike,B2_over_B1,7677,20,120,2026-01-02,2026-01-30,0.17748564182785898,0.17868660076175857,-0.001200958933899633,-0.6766513175552687,0.17813661591681335,0.179381828574317,-0.0012452126575036582,-0.6990211704061733,8.0,12.0,0.0,-0.028006621622877592,-0.001052325497172872,,POSTHOC_DESCRIPTIVE_ONLY
15,primary,month,2026-02,log_ridge_harq,B1_over_B0,7193,19,114,2026-02-02,2026-02-27,0.13519207298522365,0.13605870455814173,-0.0008666315729180536,-0.6410372692582171,0.13913852514016453,0.1410650625582225,-0.0019265374180579553,-1.3846182544462158,13.0,6.0,0.0,-0.05371885450644176,0.0020124523662814753,,POSTHOC_DESCRIPTIVE_ONLY
15,primary,month,2026-02,log_ridge_harq,B2_over_B1,7193,19,114,2026-02-02,2026-02-27,0.13605870455814173,0.1354798387564617,0.0005788658016800142,0.4254529716124472,0.1410650625582225,0.1406226008883832,0.00044246166983930024,0.3136578695073281,9.0,10.0,0.0,-0.00505917055095291,-0.0005779201044514987,,POSTHOC_DESCRIPTIVE_ONLY
15,primary,month,2026-02,lightgbm_qlike,B1_over_B0,7193,19,114,2026-02-02,2026-02-27,0.14008885150335226,0.13635473959202873,0.003734111911323524,2.6655311049032107,0.14615655315891884,0.1416884994284171,0.004468053730501742,3.0570327733738636,13.0,6.0,0.0,-0.005169076942548451,0.0012419468689552071,,POSTHOC_DESCRIPTIVE_ONLY
15,primary,month,2026-02,lightgbm_qlike,B2_over_B1,7193,19,114,2026-02-02,2026-02-27,0.13635473959202873,0.13697142044655042,-0.0006166808545216956,-0.45226213358391143,0.1416884994284171,0.14246094642480855,-0.0007724469963914515,-0.5451726848033294,9.0,10.0,0.0,-0.00804593839999157,-0.0005540702698475508,,POSTHOC_DESCRIPTIVE_ONLY
15,primary,month,2026-03,log_ridge_harq,B1_over_B0,8526,22,132,2026-03-02,2026-03-31,0.22697209651738154,0.2261259058135017,0.000846190703879838,0.37281706291814454,0.22691677198327087,0.22609717524739095,0.0008195967358799183,0.3611882580192627,14.0,8.0,0.0,-0.014530042031281498,0.0025283164302815006,,POSTHOC_DESCRIPTIVE_ONLY
15,primary,month,2026-03,log_ridge_harq,B2_over_B1,8526,22,132,2026-03-02,2026-03-31,0.2261259058135017,0.22634870751692956,-0.00022280170342786002,-0.09852993297088954,0.22609717524739095,0.22633461214465614,-0.00023743689726518635,-0.10501541958911592,10.0,12.0,0.0,-0.009455275453448708,-0.00015432561561760927,,POSTHOC_DESCRIPTIVE_ONLY
15,primary,month,2026-03,lightgbm_qlike,B1_over_B0,8526,22,132,2026-03-02,2026-03-31,0.22756794131288252,0.22059562061834428,0.006972320694538261,3.0638413540649108,0.22755466623355713,0.2205864886915041,0.006968177542053033,3.062199363954615,16.0,6.0,0.0,-0.015630490826981314,0.0032846879402553403,,POSTHOC_DESCRIPTIVE_ONLY
15,primary,month,2026-03,lightgbm_qlike,B2_over_B1,8526,22,132,2026-03-02,2026-03-31,0.22059562061834428,0.22539214279486314,-0.004796522176518897,-2.174350589134056,0.2205864886915041,0.2253452941873063,-0.00475880549580221,-2.1573422397858293,7.0,15.0,0.0,-0.025227637228562,-0.003666399814239954,,POSTHOC_DESCRIPTIVE_ONLY
15,primary,month,2026-04,log_ridge_harq,B1_over_B0,8190,21,126,2026-04-01,2026-04-30,0.18217857900729834,0.18093006873743916,0.0012485102698591565,0.6853222133262656,0.18217857900729834,0.18093006873743914,0.0012485102698591988,0.6853222133262888,13.0,8.0,0.0,-0.008568548930468878,0.0016544394866337825,,POSTHOC_DESCRIPTIVE_ONLY
15,primary,month,2026-04,log_ridge_harq,B2_over_B1,8190,21,126,2026-04-01,2026-04-30,0.18093006873743916,0.17809231637671089,0.0028377523607282843,1.5684249613845858,0.18093006873743914,0.1780923163767109,0.002837752360728224,1.5684249613845525,19.0,2.0,0.0,-0.008888736575565659,0.0027659240541950403,,POSTHOC_DESCRIPTIVE_ONLY
15,primary,month,2026-04,lightgbm_qlike,B1_over_B0,8190,21,126,2026-04-01,2026-04-30,0.18483225880147727,0.18349159977992496,0.001340659021552298,0.7253382230167188,0.18483225880147727,0.18349159977992496,0.0013406590215523095,0.725338223016725,9.0,12.0,0.0,-0.009319512671751351,-0.0015795175064737266,,POSTHOC_DESCRIPTIVE_ONLY
15,primary,month,2026-04,lightgbm_qlike,B2_over_B1,8190,21,126,2026-04-01,2026-04-30,0.18349159977992496,0.18168410804039636,0.0018074917395285934,0.9850542159403765,0.18349159977992496,0.18168410804039642,0.001807491739528544,0.9850542159403495,12.0,9.0,0.0,-0.007081160783104515,0.001946540631816207,,POSTHOC_DESCRIPTIVE_ONLY
15,primary,month,2026-05,log_ridge_harq,B1_over_B0,7800,20,120,2026-05-01,2026-05-29,0.18732224054397797,0.18586731274898058,0.001454927794997416,0.7766978393875446,0.18732224054397797,0.18586731274898058,0.001454927794997396,0.7766978393875339,12.0,8.0,0.0,-0.024402800885501008,0.0020839587880086136,,POSTHOC_DESCRIPTIVE_ONLY
15,primary,month,2026-05,log_ridge_harq,B2_over_B1,7800,20,120,2026-05-01,2026-05-29,0.18586731274898058,0.18367323316115114,0.0021940795878294212,1.180454785394456,0.18586731274898058,0.18367323316115114,0.0021940795878294395,1.1804547853944658,14.0,6.0,0.0,-0.0071446467677876435,0.0018975563206598267,,POSTHOC_DESCRIPTIVE_ONLY
15,primary,month,2026-05,lightgbm_qlike,B1_over_B0,7800,20,120,2026-05-01,2026-05-29,0.18456710594887843,0.18425932638932796,0.0003077795595504674,0.1667575367604867,0.18456710594887843,0.184259326389328,0.0003077795595504418,0.16675753676047284,8.0,12.0,0.0,-0.006146996028341456,-0.0005941591336706062,,POSTHOC_DESCRIPTIVE_ONLY
15,primary,month,2026-05,lightgbm_qlike,B2_over_B1,7800,20,120,2026-05-01,2026-05-29,0.18425932638932796,0.18132339198564076,0.0029359344036872024,1.593370854663695,0.184259326389328,0.1813233919856408,0.002935934403687196,1.5933708546636913,15.0,5.0,0.0,-0.009629395102682015,0.0009826839154569583,,POSTHOC_DESCRIPTIVE_ONLY
15,primary,month,2026-06,log_ridge_harq,B1_over_B0,8190,21,126,2026-06-01,2026-06-30,0.23293800361918215,0.23510039705259364,-0.002162393433411485,-0.9283128557015823,0.2329380036191822,0.23510039705259364,-0.0021623934334114303,-0.9283128557015586,10.0,11.0,0.0,-0.033567913279867634,-6.417778344203207e-06,,POSTHOC_DESCRIPTIVE_ONLY
15,primary,month,2026-06,log_ridge_harq,B2_over_B1,8190,21,126,2026-06-01,2026-06-30,0.23510039705259364,0.23585090223346666,-0.0007505051808730503,-0.3192275258919095,0.23510039705259364,0.23585090223346666,-0.0007505051808730234,-0.319227525891898,12.0,9.0,0.0,-0.03585612861516929,0.001276446108574053,,POSTHOC_DESCRIPTIVE_ONLY
15,primary,month,2026-06,lightgbm_qlike,B1_over_B0,8190,21,126,2026-06-01,2026-06-30,0.23563240740485086,0.2373810765719812,-0.001748669167130353,-0.7421174304457554,0.2356324074048509,0.2373810765719812,-0.0017486691671303178,-0.7421174304457403,14.0,7.0,0.0,-0.08502475565502438,0.0028049140661405847,,POSTHOC_DESCRIPTIVE_ONLY
15,primary,month,2026-06,lightgbm_qlike,B2_over_B1,8190,21,126,2026-06-01,2026-06-30,0.2373810765719812,0.23774235969058718,-0.0003612831186059697,-0.15219541667906186,0.2373810765719812,0.23774235969058718,-0.00036128311860597617,-0.15219541667906458,7.0,14.0,0.0,-0.008286760768878854,-0.0015553568585596478,,POSTHOC_DESCRIPTIVE_ONLY
15,primary,month,2026-07,log_ridge_harq,B1_over_B0,8580,22,132,2026-07-01,2026-07-31,0.17403318100857457,0.17538010545072324,-0.0013469244421486942,-0.7739469188248255,0.17403318100857457,0.17538010545072324,-0.0013469244421486781,-0.7739469188248163,11.0,11.0,0.0,-0.010764607402932835,-0.0007313791223729632,,POSTHOC_DESCRIPTIVE_ONLY
15,primary,month,2026-07,log_ridge_harq,B2_over_B1,8580,22,132,2026-07-01,2026-07-31,0.17538010545072324,0.17493266099297247,0.0004474444577508001,0.2551284004539039,0.17538010545072324,0.17493266099297247,0.000447444457750773,0.25512840045388846,15.0,7.0,0.0,-0.011359315140415521,0.0011569970644609157,,POSTHOC_DESCRIPTIVE_ONLY
15,primary,month,2026-07,lightgbm_qlike,B1_over_B0,8580,22,132,2026-07-01,2026-07-31,0.17583297894623037,0.17500165518951757,0.0008313237567127934,0.4727917150098513,0.1758329789462304,0.1750016551895176,0.0008313237567127985,0.4727917150098541,13.0,9.0,0.0,-0.026520015257776502,0.001143462358548411,,POSTHOC_DESCRIPTIVE_ONLY
15,primary,month,2026-07,lightgbm_qlike,B2_over_B1,8580,22,132,2026-07-01,2026-07-31,0.17500165518951757,0.17491279076303773,8.88644264798549e-05,0.05077919199313824,0.1750016551895176,0.17491279076303776,8.886442647984549e-05,0.050779191993132855,11.0,11.0,0.0,-0.017757488617510114,-8.732321761767414e-06,,POSTHOC_DESCRIPTIVE_ONLY
15,primary,training_size_tercile,T1,log_ridge_harq,B1_over_B0,53918,140,840,2024-10-28,2025-06-20,0.1820101894604837,0.17871618738738643,0.0032940020730972594,1.8097899259713819,0.18167013445253508,0.1783529977540251,0.0033171366985099704,1.8259119521798108,79.0,61.0,0.0,-0.0524328430000941,0.00039508036486519266,,POSTHOC_DESCRIPTIVE_ONLY
15,primary,training_size_tercile,T1,log_ridge_harq,B2_over_B1,53918,140,840,2024-10-28,2025-06-20,0.17871618738738643,0.17661990065697536,0.0020962867304110673,1.1729697018810847,0.1783529977540251,0.17627145173034825,0.0020815460236768557,1.1670933765563125,78.0,62.0,0.0,-0.017521358754000738,0.0006125420859557362,,POSTHOC_DESCRIPTIVE_ONLY
15,primary,training_size_tercile,T1,lightgbm_qlike,B1_over_B0,53918,140,840,2024-10-28,2025-06-20,0.19190831985243673,0.189501235401242,0.0024070844511947216,1.2542887421689646,0.19123803324556193,0.18893215552848236,0.002305877717079574,1.2057631413300924,68.0,72.0,0.0,-0.06352429286673944,-0.0002974860668308252,,POSTHOC_DESCRIPTIVE_ONLY
15,primary,training_size_tercile,T1,lightgbm_qlike,B2_over_B1,53918,140,840,2024-10-28,2025-06-20,0.189501235401242,0.1907582317263054,-0.0012569963250633873,-0.6633182746285932,0.18893215552848236,0.19013856697154094,-0.0012064114430585804,-0.638542147409475,85.0,55.0,0.0,-0.34441720048388613,0.0008365618453244489,,POSTHOC_DESCRIPTIVE_ONLY
15,primary,training_size_tercile,T2,log_ridge_harq,B1_over_B0,52662,139,834,2025-06-23,2026-01-08,0.1789900821529797,0.1775858471298766,0.0014042350231030962,0.7845323082777966,0.17796708070654124,0.17659002673584206,0.001377053970699177,0.7737689269454667,84.0,55.0,0.0,-0.02109759901605618,0.0006556605799410836,,POSTHOC_DESCRIPTIVE_ONLY
15,primary,training_size_tercile,T2,log_ridge_harq,B2_over_B1,52662,139,834,2025-06-23,2026-01-08,0.1775858471298766,0.17701053435931183,0.0005753127705647689,0.3239631873051328,0.17659002673584206,0.1761105691044371,0.00047945763140497255,0.2715088956423257,83.0,56.0,0.0,-0.06280295333076194,0.000721958536161138,,POSTHOC_DESCRIPTIVE_ONLY
15,primary,training_size_tercile,T2,lightgbm_qlike,B1_over_B0,52662,139,834,2025-06-23,2026-01-08,0.17995031414923476,0.17758252052587328,0.0023677936233614727,1.3158041065701256,0.1789353197820351,0.17662233706847852,0.002312982713556594,1.2926361974673792,80.0,59.0,0.0,-0.025401771763206515,0.0021221861962210375,,POSTHOC_DESCRIPTIVE_ONLY
15,primary,training_size_tercile,T2,lightgbm_qlike,B2_over_B1,52662,139,834,2025-06-23,2026-01-08,0.17758252052587328,0.17654509576993202,0.0010374247559413014,0.5841930573286077,0.17662233706847852,0.175490713335196,0.0011316237332825163,0.6407025023362547,87.0,52.0,0.0,-0.02688722028509738,0.0014001094635154865,,POSTHOC_DESCRIPTIVE_ONLY
15,primary,training_size_tercile,T3,log_ridge_harq,B1_over_B0,54252,140,840,2026-01-09,2026-07-31,0.190851998087688,0.19055049220453246,0.0003015058831555395,0.1579788978771975,0.19130323385736864,0.191150198401613,0.00015303545575565125,0.07999627223748398,84.0,56.0,0.0,-0.05371885450644176,0.0014275997259085155,,POSTHOC_DESCRIPTIVE_ONLY
15,primary,training_size_tercile,T3,log_ridge_harq,B2_over_B1,54252,140,840,2026-01-09,2026-07-31,0.19055049220453246,0.18968887830188574,0.0008616139026467594,0.452170914217279,0.191150198401613,0.19031459666532977,0.0008356017362832202,0.43714405910664705,88.0,52.0,0.0,-0.03585612861516929,0.0008644361339939927,,POSTHOC_DESCRIPTIVE_ONLY
15,primary,training_size_tercile,T3,lightgbm_qlike,B1_over_B0,54252,140,840,2026-01-09,2026-07-31,0.19225983616546546,0.19039586127172978,0.00186397489373569,0.9695082087407423,0.19301445830682207,0.19104262972102032,0.0019718285858017492,1.0215963110220823,81.0,59.0,0.0,-0.08502475565502438,0.0010832532874872347,,POSTHOC_DESCRIPTIVE_ONLY
15,primary,training_size_tercile,T3,lightgbm_qlike,B2_over_B1,54252,140,840,2026-01-09,2026-07-31,0.19039586127172978,0.19091508073769883,-0.0005192194659690264,-0.2727052271519732,0.19104262972102032,0.19159694746365283,-0.0005543177426325097,-0.2901539533045479,65.0,75.0,0.0,-0.028006621622877592,-0.0004455256858918663,,POSTHOC_DESCRIPTIVE_ONLY
15,primary,calendar_early,2024-10-28_to_2025-02-28,log_ridge_harq,B1_over_B0,24528,64,384,2024-10-28,2025-02-28,0.15522291047766,0.15657670425044753,-0.0013537937727875697,-0.8721610544613583,0.155071336134821,0.15630462297169304,-0.001233286836872044,-0.7953029022718994,31.0,33.0,0.0,-0.0524328430000941,-0.0006132621069251179,,POSTHOC_DESCRIPTIVE_ONLY
15,primary,calendar_early,2024-10-28_to_2025-02-28,log_ridge_harq,B2_over_B1,24528,64,384,2024-10-28,2025-02-28,0.15657670425044753,0.15462865144453639,0.001948052805911152,1.2441523885923689,0.15630462297169304,0.1543896035952097,0.0019150193764833345,1.2251840924949142,35.0,29.0,0.0,-0.011003201891487457,0.00040833447388753663,,POSTHOC_DESCRIPTIVE_ONLY
15,primary,calendar_early,2024-10-28_to_2025-02-28,lightgbm_qlike,B1_over_B0,24528,64,384,2024-10-28,2025-02-28,0.16048495905146268,0.1642194917822354,-0.003734532730772708,-2.327029743376235,0.15991243014227025,0.16371455940995838,-0.003802129267688137,-2.3776320979585353,23.0,41.0,0.0,-0.06352429286673944,-0.0015042308659518472,,POSTHOC_DESCRIPTIVE_ONLY
15,primary,calendar_early,2024-10-28_to_2025-02-28,lightgbm_qlike,B2_over_B1,24528,64,384,2024-10-28,2025-02-28,0.1642194917822354,0.16142334600240213,0.0027961457798332512,1.702688121542297,0.16371455940995838,0.16087702064205134,0.002837538767907044,1.7332232259206404,45.0,19.0,0.0,-0.009709430952020565,0.0023283440181815288,,POSTHOC_DESCRIPTIVE_ONLY
15,primary,tariff_calendar,four_days_all,log_ridge_harq,B1_over_B0,1560,4,24,2025-04-07,2025-04-10,0.7558528243881487,0.6756598935821062,0.08019293080604258,10.609595971405877,0.7558528243881487,0.6756598935821062,0.0801929308060425,10.609595971405868,2.0,2.0,0.0,-0.015810269783726932,0.03135184388234212,,POSTHOC_DESCRIPTIVE_ONLY
15,primary,tariff_calendar,four_days_all,log_ridge_harq,B2_over_B1,1560,4,24,2025-04-07,2025-04-10,0.6756598935821062,0.6766876849381991,-0.0010277913560929612,-0.152116673766735,0.6756598935821062,0.6766876849381992,-0.0010277913560929886,-0.152116673766739,2.0,2.0,0.0,-0.015967903763190794,0.00015865443020759984,,POSTHOC_DESCRIPTIVE_ONLY
15,primary,tariff_calendar,four_days_all,lightgbm_qlike,B1_over_B0,1560,4,24,2025-04-07,2025-04-10,1.0283956580719735,0.9468174017584505,0.08157825631352299,7.932574945567656,1.0283956580719735,0.9468174017584505,0.081578256313523,7.932574945567656,2.0,2.0,0.0,-0.025187124461519078,0.05481535805359179,,POSTHOC_DESCRIPTIVE_ONLY
15,primary,tariff_calendar,four_days_all,lightgbm_qlike,B2_over_B1,1560,4,24,2025-04-07,2025-04-10,0.9468174017584505,1.0106281836207154,-0.06381078186226498,-6.739502436663518,0.9468174017584505,1.0106281836207156,-0.06381078186226508,-6.739502436663527,3.0,1.0,0.0,-0.34441720048388613,0.005237945167810926,,POSTHOC_DESCRIPTIVE_ONLY
15,primary,tariff_calendar,four_days_first_market_hour_origin_lt60,log_ridge_harq,B1_over_B0,120,4,24,2025-04-07,2025-04-10,1.9945281928163612,1.8324035310436566,0.16212466177270424,8.12847180383934,1.9945281928163614,1.8324035310436568,0.16212466177270457,8.128471803839355,1.0,3.0,0.0,-0.06904697233967058,-0.029763812089597233,,POSTHOC_DESCRIPTIVE_ONLY
15,primary,tariff_calendar,four_days_first_market_hour_origin_lt60,log_ridge_harq,B2_over_B1,120,4,24,2025-04-07,2025-04-10,1.8324035310436566,1.8117325578278962,0.020670973215760592,1.1280797523887827,1.8324035310436568,1.8117325578278964,0.02067097321576039,1.1280797523887716,3.0,1.0,0.0,-0.00396643586346862,0.015233801901091339,,POSTHOC_DESCRIPTIVE_ONLY
15,primary,tariff_calendar,four_days_first_market_hour_origin_lt60,lightgbm_qlike,B1_over_B0,120,4,24,2025-04-07,2025-04-10,3.2225867076617463,3.1018663475138575,0.12072036014788827,3.7460701945078427,3.222586707661746,3.101866347513857,0.12072036014788878,3.746070194507859,2.0,2.0,0.0,-0.24348241346747657,-0.09495391342782668,,POSTHOC_DESCRIPTIVE_ONLY
15,primary,tariff_calendar,four_days_first_market_hour_origin_lt60,lightgbm_qlike,B2_over_B1,120,4,24,2025-04-07,2025-04-10,3.1018663475138575,3.584487499751384,-0.4826211522375265,-15.559056973049366,3.101866347513857,3.584487499751384,-0.482621152237527,-15.559056973049383,2.0,2.0,0.0,-1.9907214177541501,0.012885718331206872,,POSTHOC_DESCRIPTIVE_ONLY
15,primary,tariff_calendar,four_days_first_observed_hour_origin35_94,log_ridge_harq,B1_over_B0,288,4,24,2025-04-07,2025-04-10,1.0081387272042925,0.9429606081641677,0.0651781190401249,6.465193458133762,1.0081387272042928,0.9429606081641677,0.06517811904012505,6.4651934581337756,1.0,3.0,0.0,-0.03844415557390243,-0.013642351008958442,,POSTHOC_DESCRIPTIVE_ONLY
15,primary,tariff_calendar,four_days_first_observed_hour_origin35_94,log_ridge_harq,B2_over_B1,288,4,24,2025-04-07,2025-04-10,0.9429606081641677,0.928340889986762,0.014619718177405669,1.5504060350801423,0.9429606081641677,0.928340889986762,0.014619718177405705,1.550406035080146,4.0,0.0,0.0,0.010585233352355838,0.014464278801384858,,POSTHOC_DESCRIPTIVE_ONLY
15,primary,tariff_calendar,four_days_first_observed_hour_origin35_94,lightgbm_qlike,B1_over_B0,288,4,24,2025-04-07,2025-04-10,1.6860827708523247,1.626724942440586,0.05935782841173828,3.5204575622187604,1.6860827708523245,1.626724942440586,0.05935782841173842,3.5204575622187693,2.0,2.0,0.0,-0.14143090448440618,-0.029116702539125794,,POSTHOC_DESCRIPTIVE_ONLY
15,primary,tariff_calendar,four_days_first_observed_hour_origin35_94,lightgbm_qlike,B2_over_B1,288,4,24,2025-04-07,2025-04-10,1.626724942440586,1.9488123538870659,-0.3220874114464798,-19.799746290436165,1.626724942440586,1.9488123538870659,-0.3220874114464798,-19.799746290436165,3.0,1.0,0.0,-1.299684914850042,0.0032083078799234055,,POSTHOC_DESCRIPTIVE_ONLY
15,primary,tariff_calendar,outside_four_days_first_market_hour_origin_lt60,log_ridge_harq,B1_over_B0,12331,415,2485,2024-10-28,2026-07-31,0.12207866745592476,0.12302610929071839,-0.0009474418347936304,-0.7760912324306739,0.12279307204923501,0.12370035255396344,-0.000907280504728436,-0.7388694570363494,188.0,227.0,0.0,-0.06078710635714246,-0.0006253471211221939,,POSTHOC_DESCRIPTIVE_ONLY
15,primary,tariff_calendar,outside_four_days_first_market_hour_origin_lt60,log_ridge_harq,B2_over_B1,12331,415,2485,2024-10-28,2026-07-31,0.12302610929071839,0.12276438248103874,0.0002617268096796194,0.21274086548664445,0.12370035255396344,0.12346940356917137,0.00023094898479207593,0.18670034484447082,204.0,211.0,0.0,-0.03045812386900114,-0.00018336643390598484,,POSTHOC_DESCRIPTIVE_ONLY
15,primary,tariff_calendar,outside_four_days_first_market_hour_origin_lt60,lightgbm_qlike,B1_over_B0,12331,415,2485,2024-10-28,2026-07-31,0.12620241075691116,0.12568508397145495,0.0005173267854562067,0.40991830691148395,0.12694296666071392,0.1264043613303476,0.0005386053303663152,0.4242892257322688,226.0,189.0,0.0,-0.08977955436304423,0.0007914161991102731,,POSTHOC_DESCRIPTIVE_ONLY
15,primary,tariff_calendar,outside_four_days_first_market_hour_origin_lt60,lightgbm_qlike,B2_over_B1,12331,415,2485,2024-10-28,2026-07-31,0.12568508397145495,0.1252864542761665,0.000398629695288453,0.31716547635755094,0.1264043613303476,0.125968342876051,0.00043601845429661057,0.3449394069221326,216.0,199.0,0.0,-0.06719899586907274,0.00016839928818734862,,POSTHOC_DESCRIPTIVE_ONLY
15,primary,tariff_calendar,outside_four_days_remainder_origin_ge60,log_ridge_harq,B1_over_B0,146941,415,2490,2024-10-28,2026-07-31,0.18312942778039693,0.18207801899085363,0.001051408789543296,0.5741342624649668,0.18286629345525865,0.18187395501927864,0.0009923384359800114,0.5426579263076735,240.0,175.0,0.0,-0.0607896091497373,0.000852790927041408,,POSTHOC_DESCRIPTIVE_ONLY
15,primary,tariff_calendar,outside_four_days_remainder_origin_ge60,log_ridge_harq,B2_over_B1,146941,415,2490,2024-10-28,2026-07-31,0.18207801899085363,0.18079556557264143,0.001282453418212231,0.7043428005862986,0.18187395501927864,0.18065102890481208,0.0012229261144665604,0.6724031015529025,244.0,171.0,0.0,-0.0672799603917458,0.0009139604197763995,,POSTHOC_DESCRIPTIVE_ONLY
15,primary,tariff_calendar,outside_four_days_remainder_origin_ge60,lightgbm_qlike,B1_over_B0,146941,415,2490,2024-10-28,2026-07-31,0.18438582636257936,0.1828752809278309,0.0015105454347484446,0.81923077524304,0.18416966908042726,0.18267137948595646,0.001498289594470792,0.8135376481653371,225.0,190.0,0.0,-0.092206480671302,0.0009630729630607099,,POSTHOC_DESCRIPTIVE_ONLY
15,primary,tariff_calendar,outside_four_days_remainder_origin_ge60,lightgbm_qlike,B2_over_B1,146941,415,2490,2024-10-28,2026-07-31,0.1828752809278309,0.18251242265745438,0.00036285827037649753,0.19841843497683775,0.18267137948595646,0.18227258297625024,0.0003987965097062285,0.2183136246238768,224.0,191.0,0.0,-0.035742239200517334,0.0006280097758168263,,POSTHOC_DESCRIPTIVE_ONLY
15,primary,tariff_calendar,outside_four_days_first_observed_hour_origin35_94,log_ridge_harq,B1_over_B0,29648,415,2489,2024-10-28,2026-07-31,0.13715318266343385,0.13753799773745876,-0.0003848150740248888,-0.2805732003822348,0.1370282521048592,0.1374162940955797,-0.00038804199072051127,-0.2831839308754861,209.0,206.0,0.0,-0.03549864712176899,4.958800705255617e-05,,POSTHOC_DESCRIPTIVE_ONLY
15,primary,tariff_calendar,outside_four_days_first_observed_hour_origin35_94,log_ridge_harq,B2_over_B1,29648,415,2489,2024-10-28,2026-07-31,0.13753799773745876,0.13659504497243374,0.0009429527650249952,0.6855943670380917,0.1374162940955797,0.13649040155439474,0.0009258925411849694,0.6737865747863686,221.0,194.0,0.0,-0.02926960034254933,0.0005018020974308507,,POSTHOC_DESCRIPTIVE_ONLY
15,primary,tariff_calendar,outside_four_days_first_observed_hour_origin35_94,lightgbm_qlike,B1_over_B0,29648,415,2489,2024-10-28,2026-07-31,0.1418450737400954,0.14113678784129746,0.0007082858987979557,0.49933767886487007,0.14168246603885296,0.1409492043831494,0.0007332616557035598,0.5175387443513869,223.0,192.0,0.0,-0.06846033347319755,0.0005751387866915758,,POSTHOC_DESCRIPTIVE_ONLY
15,primary,tariff_calendar,outside_four_days_first_observed_hour_origin35_94,lightgbm_qlike,B2_over_B1,29648,415,2489,2024-10-28,2026-07-31,0.14113678784129746,0.14088141846464902,0.0002553693766484357,0.18093750081345775,0.1409492043831494,0.1406763254929507,0.0002728788901986967,0.19360087301870546,222.0,193.0,0.0,-0.1738545243581875,0.00037931344728231453,,POSTHOC_DESCRIPTIVE_ONLY
15,primary,tariff_calendar,outside_four_days_remainder_origin_ge95,log_ridge_harq,B1_over_B0,129624,415,2490,2024-10-28,2026-07-31,0.18783755891094878,0.18664780121951718,0.0011897576914316106,0.6333971216031712,0.18759015483083666,0.18645411087023533,0.001136043960601324,0.6055989247547534,242.0,173.0,0.0,-0.06980943591451377,0.0008909200607020717,,POSTHOC_DESCRIPTIVE_ONLY
15,primary,tariff_calendar,outside_four_days_remainder_origin_ge95,log_ridge_harq,B2_over_B1,129624,415,2490,2024-10-28,2026-07-31,0.18664780121951718,0.18538479685737577,0.0012630043621414376,0.6766778680966155,0.18645411087023533,0.1852524408971579,0.0012016699730774405,0.6444856417854767,247.0,168.0,0.0,-0.07458738592294559,0.0009072663923013202,,POSTHOC_DESCRIPTIVE_ONLY
15,primary,tariff_calendar,outside_four_days_remainder_origin_ge95,lightgbm_qlike,B1_over_B0,129624,415,2490,2024-10-28,2026-07-31,0.18858094868497263,0.18698139186685817,0.0015995568181144686,0.8482070056750816,0.1883736125779105,0.18683131525651994,0.001542297321390551,0.8187438252545397,227.0,188.0,0.0,-0.09980582654909043,0.0008706570634805927,,POSTHOC_DESCRIPTIVE_ONLY
15,primary,tariff_calendar,outside_four_days_remainder_origin_ge95,lightgbm_qlike,B2_over_B1,129624,415,2490,2024-10-28,2026-07-31,0.18698139186685817,0.18659054550660759,0.00039084636025058645,0.20902954906277102,0.18683131525651994,0.18636374427529726,0.0004675709812226869,0.25026371011771265,219.0,196.0,0.0,-0.03891035701811435,0.0003831305762520276,,POSTHOC_DESCRIPTIVE_ONLY
15,primary,window_empty_5m,inside,log_ridge_harq,B1_over_B0,412,6,25,2025-05-15,2026-07-23,0.1640112664517639,0.18588506173822703,-0.021873795286463087,-13.336763845364382,0.06686480979952632,0.1027035188211501,-0.03583870902162378,-53.59876013866665,2.0,4.0,0.0,-0.11940773856254361,-0.012505838759012974,,POSTHOC_DESCRIPTIVE_ONLY
15,primary,window_empty_5m,inside,log_ridge_harq,B2_over_B1,412,6,25,2025-05-15,2026-07-23,0.18588506173822703,0.24708704747331806,-0.06120198573509106,-32.924639109128016,0.1027035188211501,0.20212632326521685,-0.09942280444406675,-96.80564559545769,2.0,4.0,0.0,-0.33883888438964394,-0.08096956402002992,,POSTHOC_DESCRIPTIVE_ONLY
15,primary,window_empty_5m,inside,lightgbm_qlike,B1_over_B0,412,6,25,2025-05-15,2026-07-23,0.16150895203334656,0.17059251061108668,-0.009083558577740118,-5.624182723855856,0.06407263665654005,0.06711688768833701,-0.0030442510317969657,-4.751249816853341,2.0,4.0,0.0,-0.01631662374972387,-0.00421011910071333,,POSTHOC_DESCRIPTIVE_ONLY
15,primary,window_empty_5m,inside,lightgbm_qlike,B2_over_B1,412,6,25,2025-05-15,2026-07-23,0.17059251061108668,0.17272234295676261,-0.0021298323456759556,-1.2484911195963955,0.06711688768833701,0.08369420173468096,-0.016577314046343952,-24.699169787672698,1.0,5.0,0.0,-0.057823937106882134,-0.008380711311939083,,POSTHOC_DESCRIPTIVE_ONLY
15,primary,window_empty_5m,outside,log_ridge_harq,B1_over_B0,160420,418,2508,2024-10-28,2026-07-31,0.18405517429339047,0.18232892364263062,0.0017262506507598205,0.937898462994643,0.1837237930292649,0.1820414867346262,0.0016823062946386969,0.9156714363994906,247.0,171.0,0.0,-0.05371885450644176,0.0008036681747404517,,POSTHOC_DESCRIPTIVE_ONLY
15,primary,window_empty_5m,outside,log_ridge_harq,B2_over_B1,160420,418,2508,2024-10-28,2026-07-31,0.18232892364263062,0.18098692012297576,0.0013420035196548765,0.7360343563949503,0.1820414867346262,0.18074267626855592,0.001298810466070277,0.7134694894926003,249.0,169.0,0.0,-0.03585612861516929,0.0007259750919982461,,POSTHOC_DESCRIPTIVE_ONLY
15,primary,window_empty_5m,outside,lightgbm_qlike,B1_over_B0,160420,418,2508,2024-10-28,2026-07-31,0.18817974801734058,0.18593972358583608,0.002240024431504529,1.1903642422234049,0.18783311599575614,0.18560647377263897,0.0022266422231171645,1.1854364504965529,229.0,189.0,0.0,-0.08502475565502438,0.0008267264312001379,,POSTHOC_DESCRIPTIVE_ONLY
15,primary,window_empty_5m,outside,lightgbm_qlike,B2_over_B1,160420,418,2508,2024-10-28,2026-07-31,0.18593972358583608,0.18619176864816447,-0.000252045062328388,-0.13555202592954027,0.18560647377263897,0.1858154194938405,-0.0002089457212015311,-0.11257458694974284,237.0,181.0,0.0,-0.34441720048388613,0.0005948266443423361,,POSTHOC_DESCRIPTIVE_ONLY
15,primary,window_empty_5m,unknown,log_ridge_harq,B1_over_B0,0,0,0,,,,,,,,,,,,,,,,,
15,primary,window_empty_5m,unknown,log_ridge_harq,B2_over_B1,0,0,0,,,,,,,,,,,,,,,,,
15,primary,window_empty_5m,unknown,lightgbm_qlike,B1_over_B0,0,0,0,,,,,,,,,,,,,,,,,
15,primary,window_empty_5m,unknown,lightgbm_qlike,B2_over_B1,0,0,0,,,,,,,,,,,,,,,,,
15,primary,window_empty_30m,inside,log_ridge_harq,B1_over_B0,384,2,7,2025-09-18,2025-10-20,0.17290621543740414,0.19518093295007644,-0.02227471751267233,-12.882542976447409,0.0965842046751427,0.20346739630325053,-0.10688319162810783,-110.66322074878121,0.0,2.0,0.0,-0.19266878424015949,-0.10688319162810783,,POSTHOC_DESCRIPTIVE_ONLY
15,primary,window_empty_30m,inside,log_ridge_harq,B2_over_B1,384,2,7,2025-09-18,2025-10-20,0.19518093295007644,0.25284508414628015,-0.05766415119620372,-29.543946903334614,0.20346739630325053,0.162320847200157,0.04114654910309354,20.222674418936474,1.0,1.0,0.0,-0.06280295333076194,0.041146549103093524,,POSTHOC_DESCRIPTIVE_ONLY
15,primary,window_empty_30m,inside,lightgbm_qlike,B1_over_B0,384,2,7,2025-09-18,2025-10-20,0.17035022867118366,0.1799782605770759,-0.00962803190589221,-5.6519043038542645,0.09179173942647799,0.0933872193945572,-0.0015954799680792109,-1.7381520146016354,1.0,1.0,0.0,-0.00942964609263533,-0.0015954799680792157,,POSTHOC_DESCRIPTIVE_ONLY
15,primary,window_empty_30m,inside,lightgbm_qlike,B2_over_B1,384,2,7,2025-09-18,2025-10-20,0.1799782605770759,0.18128195250409182,-0.0013036919270159608,-0.7243607771493342,0.0933872193945572,0.09939631893477839,-0.006009099540221191,-6.43460591200707,0.0,2.0,0.0,-0.010592108182507737,-0.006009099540221186,,POSTHOC_DESCRIPTIVE_ONLY
15,primary,window_empty_30m,outside,log_ridge_harq,B1_over_B0,160448,418,2508,2024-10-28,2026-07-31,0.1840303881332012,0.1823072964320785,0.0017230917011226924,0.9363082470246809,0.1836882376094623,0.18201037333664213,0.0016778642728201565,0.9134304377112304,247.0,171.0,0.0,-0.05371885450644176,0.0008036681747404517,,POSTHOC_DESCRIPTIVE_ONLY
15,primary,window_empty_30m,outside,log_ridge_harq,B2_over_B1,160448,418,2508,2024-10-28,2026-07-31,0.1823072964320785,0.18098467464458648,0.0013226217874920223,0.7254903195741188,0.18201037333664213,0.1807291199273692,0.001281253409272931,0.7039452673959163,248.0,170.0,0.0,-0.03585612861516929,0.0007259750919982461,,POSTHOC_DESCRIPTIVE_ONLY
15,primary,window_empty_30m,outside,lightgbm_qlike,B1_over_B0,160448,418,2508,2024-10-28,2026-07-31,0.18815393384379855,0.1859145824189145,0.002239351424884013,1.19016986737204,0.18779463789633088,0.18556999699260776,0.002224640903723124,1.184613644267736,229.0,189.0,0.0,-0.08502475565502438,0.0008267264312001379,,POSTHOC_DESCRIPTIVE_ONLY
15,primary,window_empty_30m,outside,lightgbm_qlike,B2_over_B1,160448,418,2508,2024-10-28,2026-07-31,0.1859145824189145,0.18616893237731327,-0.0002543499583987608,-0.13681011736112414,0.18556999699260776,0.18577961482350547,-0.00020961783089770702,-0.11295890192101324,237.0,181.0,0.0,-0.34441720048388613,0.0005948266443423361,,POSTHOC_DESCRIPTIVE_ONLY
15,primary,window_empty_30m,unknown,log_ridge_harq,B1_over_B0,0,0,0,,,,,,,,,,,,,,,,,
15,primary,window_empty_30m,unknown,log_ridge_harq,B2_over_B1,0,0,0,,,,,,,,,,,,,,,,,
15,primary,window_empty_30m,unknown,lightgbm_qlike,B1_over_B0,0,0,0,,,,,,,,,,,,,,,,,
15,primary,window_empty_30m,unknown,lightgbm_qlike,B2_over_B1,0,0,0,,,,,,,,,,,,,,,,,
15,primary,third_friday,inside,log_ridge_harq,B1_over_B0,6989,18,108,2024-11-15,2026-07-17,0.15566945850801764,0.15428829046104278,0.0013811680469748607,0.88724407485732,0.1556404866054496,0.15422920633253445,0.0014112802729151497,0.9067565282629585,14.0,4.0,0.0,-0.00637815622284818,0.002152833364629625,,POSTHOC_DESCRIPTIVE_ONLY
15,primary,third_friday,inside,log_ridge_harq,B2_over_B1,6989,18,108,2024-11-15,2026-07-17,0.15428829046104278,0.1530289592704797,0.001259331190563096,0.8162195502976763,0.15422920633253445,0.15299277620050722,0.001236430132027233,0.8016835211881718,12.0,6.0,0.0,-0.004260030594423703,0.0009767135659605256,,POSTHOC_DESCRIPTIVE_ONLY
15,primary,third_friday,inside,lightgbm_qlike,B1_over_B0,6989,18,108,2024-11-15,2026-07-17,0.15605268515485513,0.15583506901604682,0.00021761613880831625,0.13945042893197904,0.15602915447529256,0.15576679277271432,0.0002623617025782343,0.16814915357359042,9.0,9.0,0.0,-0.010928558047169912,0.0007696728734551267,,POSTHOC_DESCRIPTIVE_ONLY
15,primary,third_friday,inside,lightgbm_qlike,B2_over_B1,6989,18,108,2024-11-15,2026-07-17,0.15583506901604682,0.15330787544746036,0.002527193568586429,1.621710430484807,0.15576679277271432,0.1532676573950247,0.0024991353776896152,1.6044083165634704,11.0,7.0,0.0,-0.006855782118144693,0.0016852453385437227,,POSTHOC_DESCRIPTIVE_ONLY
15,primary,third_friday,outside,log_ridge_harq,B1_over_B0,153843,401,2406,2024-10-28,2026-07-31,0.18529104253304535,0.18361231719450824,0.0016787253385370819,0.905993789871247,0.18491812225111634,0.1832926071423585,0.0016255151087578301,0.8790458657969727,233.0,168.0,0.0,-0.05371885450644176,0.000734796140331298,,POSTHOC_DESCRIPTIVE_ONLY
15,primary,third_friday,outside,log_ridge_harq,B2_over_B1,153843,401,2406,2024-10-28,2026-07-31,0.18361231719450824,0.18243405415485525,0.0011782630396529727,0.641712417585139,0.1832926071423585,0.1821634561329241,0.0011291510094344204,0.6160373989101692,237.0,164.0,0.0,-0.06280295333076194,0.000721958536161138,,POSTHOC_DESCRIPTIVE_ONLY
15,primary,third_friday,outside,lightgbm_qlike,B1_over_B0,153843,401,2406,2024-10-28,2026-07-31,0.18956783635675484,0.18726626024361484,0.0023015761131399944,1.214117414311029,0.18917414834534008,0.1868907045325188,0.0022834438128212786,1.2070591213408397,220.0,181.0,0.0,-0.08502475565502438,0.000825783170811209,,POSTHOC_DESCRIPTIVE_ONLY
15,primary,third_friday,outside,lightgbm_qlike,B2_over_B1,153843,401,2406,2024-10-28,2026-07-31,0.18726626024361484,0.18764959335383755,-0.00038333311022268864,-0.2046995063200441,0.1868907045325188,0.1872253449910447,-0.00033464045852590885,-0.1790567697644276,226.0,175.0,0.0,-0.34441720048388613,0.0005338500644083699,,POSTHOC_DESCRIPTIVE_ONLY
15,primary,third_friday,unknown,log_ridge_harq,B1_over_B0,0,0,0,,,,,,,,,,,,,,,,,
15,primary,third_friday,unknown,log_ridge_harq,B2_over_B1,0,0,0,,,,,,,,,,,,,,,,,
15,primary,third_friday,unknown,lightgbm_qlike,B1_over_B0,0,0,0,,,,,,,,,,,,,,,,,
15,primary,third_friday,unknown,lightgbm_qlike,B2_over_B1,0,0,0,,,,,,,,,,,,,,,,,
15,confirmation,all,all,log_ridge_harq,B1_over_B0,9750,25,150,2026-08-03,2026-09-04,0.2390964004319574,0.23868017521001653,0.0004162252219409206,0.17408259647111288,0.2390964004319574,0.23868017521001647,0.00041622522194093015,0.17408259647111687,14.0,11.0,0.0,-0.022869477571536734,0.0006838061826980601,,POSTHOC_DESCRIPTIVE_ONLY
15,confirmation,all,all,log_ridge_harq,B2_over_B1,9750,25,150,2026-08-03,2026-09-04,0.23868017521001653,0.23391286195519181,0.004767313254824669,1.9973645698181146,0.23868017521001647,0.23391286195519181,0.004767313254824657,1.99736456981811,15.0,10.0,0.0,-0.015500576858882509,0.0010321515921699609,,POSTHOC_DESCRIPTIVE_ONLY
15,confirmation,all,all,lightgbm_qlike,B1_over_B0,9750,25,150,2026-08-03,2026-09-04,0.23658006676968593,0.22909792061064027,0.007482146159045652,3.1626274610572445,0.23658006676968593,0.22909792061064024,0.007482146159045688,3.16262746105726,18.0,7.0,0.0,-0.0077091200153210915,0.003086842316862959,,POSTHOC_DESCRIPTIVE_ONLY
15,confirmation,all,all,lightgbm_qlike,B2_over_B1,9750,25,150,2026-08-03,2026-09-04,0.22909792061064027,0.2313703974603842,-0.0022724768497439343,-0.9919238217819035,0.22909792061064024,0.2313703974603842,-0.002272476849743965,-0.9919238217819172,12.0,13.0,0.0,-0.07987767540643143,-0.001089332984912622,,POSTHOC_DESCRIPTIVE_ONLY
15,confirmation,intraday,first_market_hour_origin_lt60,log_ridge_harq,B1_over_B0,750,25,150,2026-08-03,2026-09-04,0.13665003886956967,0.13493529101258178,0.0017147478569878786,1.2548462270285767,0.13665003886956967,0.13493529101258178,0.001714747856987886,1.2548462270285823,14.0,11.0,0.0,-0.01108779099685886,0.0008431504398684203,,POSTHOC_DESCRIPTIVE_ONLY
15,confirmation,intraday,first_market_hour_origin_lt60,log_ridge_harq,B2_over_B1,750,25,150,2026-08-03,2026-09-04,0.13493529101258178,0.13470921855424706,0.00022607245833475146,0.16754138716288222,0.13493529101258178,0.13470921855424703,0.00022607245833475287,0.16754138716288328,11.0,14.0,0.0,-0.01198925919547919,-0.0005088040978018238,,POSTHOC_DESCRIPTIVE_ONLY
15,confirmation,intraday,first_market_hour_origin_lt60,lightgbm_qlike,B1_over_B0,750,25,150,2026-08-03,2026-09-04,0.13732921182260013,0.13400168542476495,0.00332752639783518,2.4230288324479936,0.13732921182260013,0.13400168542476495,0.003327526397835179,2.4230288324479927,16.0,9.0,0.0,-0.016541488197339027,0.001274748212583332,,POSTHOC_DESCRIPTIVE_ONLY
15,confirmation,intraday,first_market_hour_origin_lt60,lightgbm_qlike,B2_over_B1,750,25,150,2026-08-03,2026-09-04,0.13400168542476495,0.13458032999253003,-0.0005786445677650853,-0.4318188729722839,0.13400168542476495,0.13458032999253003,-0.0005786445677650742,-0.43181887297227567,14.0,11.0,0.0,-0.025633810019556016,0.0011609867346467073,,POSTHOC_DESCRIPTIVE_ONLY
15,confirmation,intraday,middle_registered_origin60_299,log_ridge_harq,B1_over_B0,7200,25,150,2026-08-03,2026-09-04,0.24351721229781492,0.24153830047299107,0.0019789118248238063,0.8126373516479201,0.24351721229781492,0.2415383004729911,0.0019789118248238202,0.8126373516479258,18.0,7.0,0.0,-0.009333869686269924,0.0013193586514273492,,POSTHOC_DESCRIPTIVE_ONLY
15,confirmation,intraday,middle_registered_origin60_299,log_ridge_harq,B2_over_B1,7200,25,150,2026-08-03,2026-09-04,0.24153830047299107,0.2338217174804932,0.0077165829924978864,3.194765789685085,0.2415383004729911,0.23382171748049324,0.007716582992497861,3.194765789685074,17.0,8.0,0.0,-0.004709662234657991,0.0014382229735747376,,POSTHOC_DESCRIPTIVE_ONLY
15,confirmation,intraday,middle_registered_origin60_299,lightgbm_qlike,B1_over_B0,7200,25,150,2026-08-03,2026-09-04,0.24187472133235707,0.23263501804010217,0.009239703292254873,3.8200367700098394,0.24187472133235705,0.23263501804010223,0.00923970329225482,3.8200367700098177,18.0,7.0,0.0,-0.004916107779398771,0.003034728763691902,,POSTHOC_DESCRIPTIVE_ONLY
15,confirmation,intraday,middle_registered_origin60_299,lightgbm_qlike,B2_over_B1,7200,25,150,2026-08-03,2026-09-04,0.23263501804010217,0.23777297082375226,-0.005137952783650025,-2.2085895867853966,0.23263501804010223,0.2377729708237522,-0.005137952783649979,-2.208589586785376,10.0,15.0,0.0,-0.10201624946251453,-0.0007951889088478048,,POSTHOC_DESCRIPTIVE_ONLY
15,confirmation,intraday,last_registered_block_origin_ge300,log_ridge_harq,B1_over_B0,1800,25,150,2026-08-03,2026-09-04,0.2640991369528557,0.27047470924038247,-0.006375572287526856,-2.414082969405901,0.2640991369528557,0.2704747092403825,-0.006375572287526832,-2.4140829694058916,12.0,13.0,0.0,-0.13466807359784294,-0.0011373913055868767,,POSTHOC_DESCRIPTIVE_ONLY
15,confirmation,intraday,last_registered_block_origin_ge300,log_ridge_harq,B2_over_B1,1800,25,150,2026-08-03,2026-09-04,0.27047470924038247,0.2756122912710466,-0.005137582030664063,-1.8994685473894246,0.2704747092403825,0.2756122912710466,-0.005137582030664056,-1.8994685473894217,11.0,14.0,0.0,-0.10458386824087285,-0.0022105830778550856,,POSTHOC_DESCRIPTIVE_ONLY
15,confirmation,intraday,last_registered_block_origin_ge300,lightgbm_qlike,B1_over_B0,1800,25,150,2026-08-03,2026-09-04,0.2567559714136204,0.25457296222024056,0.002183009193379796,0.8502272338052396,0.2567559714136204,0.25457296222024056,0.0021830091933798257,0.850227233805251,14.0,11.0,0.0,-0.03242659142557214,0.0012159627394704442,,POSTHOC_DESCRIPTIVE_ONLY
15,confirmation,intraday,last_registered_block_origin_ge300,lightgbm_qlike,B2_over_B1,1800,25,150,2026-08-03,2026-09-04,0.25457296222024056,0.24608929878518462,0.008483663435055909,3.3325076477353375,0.25457296222024056,0.24608929878518462,0.008483663435055938,3.3325076477353495,11.0,14.0,0.0,-0.025792932065990815,-0.0014026566233699134,,POSTHOC_DESCRIPTIVE_ONLY
15,confirmation,intraday,last_market_hour_origin_ge330,log_ridge_harq,B1_over_B0,900,25,150,2026-08-03,2026-09-04,0.32330493739407734,0.3365432585309264,-0.01323832113684912,-4.094685730305718,0.32330493739407734,0.3365432585309265,-0.01323832113684914,-4.0946857303057245,11.0,14.0,0.0,-0.27704792735327777,-0.0003387929127189604,,POSTHOC_DESCRIPTIVE_ONLY
15,confirmation,intraday,last_market_hour_origin_ge330,log_ridge_harq,B2_over_B1,900,25,150,2026-08-03,2026-09-04,0.3365432585309264,0.34813316359090807,-0.011589905059981614,-3.4438084157661315,0.3365432585309265,0.34813316359090807,-0.011589905059981587,-3.443808415766123,10.0,15.0,0.0,-0.2131538813732492,-0.0026276512942474683,,POSTHOC_DESCRIPTIVE_ONLY
15,confirmation,intraday,last_market_hour_origin_ge330,lightgbm_qlike,B1_over_B0,900,25,150,2026-08-03,2026-09-04,0.30041049007187753,0.29803677060294465,0.002373719468932913,0.7901586487092933,0.3004104900718776,0.29803677060294465,0.0023737194689329444,0.7901586487093035,15.0,10.0,0.0,-0.062417002070188354,0.0037227877879446314,,POSTHOC_DESCRIPTIVE_ONLY
15,confirmation,intraday,last_market_hour_origin_ge330,lightgbm_qlike,B2_over_B1,900,25,150,2026-08-03,2026-09-04,0.29803677060294465,0.28564469412330634,0.01239207647963832,4.157901877197392,0.29803677060294465,0.2856446941233063,0.012392076479638359,4.157901877197405,15.0,10.0,0.0,-0.049486787690682765,0.003616268654102195,,POSTHOC_DESCRIPTIVE_ONLY
15,confirmation,intraday,first_observed_hour_origin35_94,log_ridge_harq,B1_over_B0,1800,25,150,2026-08-03,2026-09-04,0.13309991072357924,0.13307711151644191,2.279920713732089e-05,0.01712939326057858,0.13309991072357924,0.13307711151644191,2.2799207137325084e-05,0.017129393260581733,12.0,13.0,0.0,-0.01339845640228679,-0.0004445841845614473,,POSTHOC_DESCRIPTIVE_ONLY
15,confirmation,intraday,first_observed_hour_origin35_94,log_ridge_harq,B2_over_B1,1800,25,150,2026-08-03,2026-09-04,0.13307711151644191,0.13184383555784907,0.0012332759585928573,0.9267378473573825,0.13307711151644191,0.13184383555784907,0.0012332759585928499,0.9267378473573771,12.0,13.0,0.0,-0.006149426611243125,-0.0007812519682449809,,POSTHOC_DESCRIPTIVE_ONLY
15,confirmation,intraday,first_observed_hour_origin35_94,lightgbm_qlike,B1_over_B0,1800,25,150,2026-08-03,2026-09-04,0.13700559492565823,0.13539840886896637,0.0016071860566918422,1.1730806012440085,0.13700559492565823,0.1353984088689664,0.0016071860566918283,1.1730806012439983,13.0,12.0,0.0,-0.008642174904842315,0.0015126778607695845,,POSTHOC_DESCRIPTIVE_ONLY
15,confirmation,intraday,first_observed_hour_origin35_94,lightgbm_qlike,B2_over_B1,1800,25,150,2026-08-03,2026-09-04,0.13539840886896637,0.13400602214580282,0.0013923867231635614,1.0283626925860425,0.1353984088689664,0.13400602214580282,0.00139238672316358,1.028362692586056,16.0,9.0,0.0,-0.00907906478404752,0.0021644206563732893,,POSTHOC_DESCRIPTIVE_ONLY
15,confirmation,month,2026-08,log_ridge_harq,B1_over_B0,8190,21,126,2026-08-03,2026-08-31,0.25475167172158514,0.25469189291746464,5.9778804120456415e-05,0.023465519859586205,0.25475167172158514,0.2546918929174647,5.9778804120447226e-05,0.023465519859582597,12.0,9.0,0.0,-0.022869477571536734,0.000769012198904212,,POSTHOC_DESCRIPTIVE_ONLY
15,confirmation,month,2026-08,log_ridge_harq,B2_over_B1,8190,21,126,2026-08-03,2026-08-31,0.25469189291746464,0.24887186043677728,0.005820032480687349,2.285126712915588,0.2546918929174647,0.2488718604367773,0.0058200324806873815,2.2851267129156003,13.0,8.0,0.0,-0.015500576858882509,0.00115729049754279,,POSTHOC_DESCRIPTIVE_ONLY
15,confirmation,month,2026-08,lightgbm_qlike,B1_over_B0,8190,21,126,2026-08-03,2026-08-31,0.2484530313410091,0.2407384711885765,0.007714560152432637,3.105037644658147,0.24845303134100916,0.2407384711885765,0.007714560152432659,3.105037644658155,15.0,6.0,0.0,-0.0077091200153210915,0.00295353108875554,,POSTHOC_DESCRIPTIVE_ONLY
15,confirmation,month,2026-08,lightgbm_qlike,B2_over_B1,8190,21,126,2026-08-03,2026-08-31,0.2407384711885765,0.24335657943554168,-0.0026181082469651593,-1.0875321397693556,0.2407384711885765,0.24335657943554168,-0.0026181082469651784,-1.0875321397693634,10.0,11.0,0.0,-0.07987767540643143,-0.001089332984912622,,POSTHOC_DESCRIPTIVE_ONLY
15,confirmation,month,2026-09,log_ridge_harq,B1_over_B0,1560,4,24,2026-09-01,2026-09-04,0.15690622616141206,0.15461865724591367,0.002287568915498357,1.457921059897965,0.15690622616141203,0.1546186572459137,0.0022875689154983336,1.4579210598979506,2.0,2.0,0.0,-0.0007103292434489927,0.00012279498401783495,,POSTHOC_DESCRIPTIVE_ONLY
15,confirmation,month,2026-09,log_ridge_harq,B2_over_B1,1560,4,24,2026-09-01,2026-09-04,0.15461865724591367,0.1553781199268681,-0.0007594626809543929,-0.4911843722368533,0.1546186572459137,0.15537811992686806,-0.0007594626809543648,-0.491184372236835,2.0,2.0,0.0,-0.004777076979710804,0.0002860268401568694,,POSTHOC_DESCRIPTIVE_ONLY
15,confirmation,month,2026-09,lightgbm_qlike,B1_over_B0,1560,4,24,2026-09-01,2026-09-04,0.17424700277023888,0.16798503007647492,0.006261972693763988,3.5937333751565244,0.1742470027702389,0.16798503007647492,0.006261972693763995,3.593733375156528,3.0,1.0,0.0,-0.001065254847061936,0.00548994095434803,,POSTHOC_DESCRIPTIVE_ONLY
15,confirmation,month,2026-09,lightgbm_qlike,B2_over_B1,1560,4,24,2026-09-01,2026-09-04,0.16798503007647492,0.1684429420908074,-0.00045791201433250446,-0.2725909648758825,0.16798503007647492,0.16844294209080743,-0.00045791201433251216,-0.27259096487588713,2.0,2.0,0.0,-0.003195877541197212,-0.00029128413099846484,,POSTHOC_DESCRIPTIVE_ONLY
15,confirmation,training_size_tercile,T1,log_ridge_harq,B1_over_B0,3510,9,54,2026-08-03,2026-08-13,0.17600187924603838,0.1730197646954692,0.002982114550569189,1.6943651757265614,0.17600187924603836,0.1730197646954692,0.0029821145505691538,1.6943651757265419,8.0,1.0,0.0,-0.00016761815952226478,0.001676851767585058,,POSTHOC_DESCRIPTIVE_ONLY
15,confirmation,training_size_tercile,T1,log_ridge_harq,B2_over_B1,3510,9,54,2026-08-03,2026-08-13,0.1730197646954692,0.17193674464245073,0.0010830200530184346,0.6259516390654271,0.1730197646954692,0.17193674464245076,0.0010830200530184408,0.6259516390654307,4.0,5.0,0.0,-0.0039681557041872095,-0.0001356551761602376,,POSTHOC_DESCRIPTIVE_ONLY
15,confirmation,training_size_tercile,T1,lightgbm_qlike,B1_over_B0,3510,9,54,2026-08-03,2026-08-13,0.17461720296158978,0.17061273910835717,0.004004463853232609,2.2932814094573852,0.17461720296158978,0.17061273910835717,0.004004463853232609,2.2932814094573852,8.0,1.0,0.0,-0.0020306942555916585,0.0033651870665616923,,POSTHOC_DESCRIPTIVE_ONLY
15,confirmation,training_size_tercile,T1,lightgbm_qlike,B2_over_B1,3510,9,54,2026-08-03,2026-08-13,0.17061273910835717,0.1703282012330506,0.0002845378753065744,0.16677410889339436,0.17061273910835717,0.1703282012330506,0.0002845378753065786,0.1667741088933968,5.0,4.0,0.0,-0.0029208871226730493,0.00030808681548918915,,POSTHOC_DESCRIPTIVE_ONLY
15,confirmation,training_size_tercile,T2,log_ridge_harq,B1_over_B0,3120,8,48,2026-08-14,2026-08-25,0.20110743064481232,0.20379904629294554,-0.002691615648133213,-1.3383969152721333,0.20110743064481232,0.20379904629294554,-0.002691615648133222,-1.3383969152721378,2.0,6.0,0.0,-0.022869477571536734,-0.0008338599389664039,,POSTHOC_DESCRIPTIVE_ONLY
15,confirmation,training_size_tercile,T2,log_ridge_harq,B2_over_B1,3120,8,48,2026-08-14,2026-08-25,0.20379904629294554,0.20512145016101613,-0.0013224038680706028,-0.6488763770610331,0.20379904629294554,0.20512145016101613,-0.0013224038680705874,-0.6488763770610256,5.0,3.0,0.0,-0.015500576858882509,0.00046483538975097133,,POSTHOC_DESCRIPTIVE_ONLY
15,confirmation,training_size_tercile,T2,lightgbm_qlike,B1_over_B0,3120,8,48,2026-08-14,2026-08-25,0.190465275483811,0.19021239024695358,0.0002528852368573864,0.1327723576988084,0.190465275483811,0.1902123902469536,0.00025288523685740305,0.13277235769881715,3.0,5.0,0.0,-0.0077091200153210915,-0.0006131000154371846,,POSTHOC_DESCRIPTIVE_ONLY
15,confirmation,training_size_tercile,T2,lightgbm_qlike,B2_over_B1,3120,8,48,2026-08-14,2026-08-25,0.19021239024695358,0.18845120634775117,0.0017611838992024327,0.9259038787725027,0.1902123902469536,0.18845120634775117,0.0017611838992024342,0.9259038787725034,3.0,5.0,0.0,-0.0076877625241929815,-0.0019248259131775525,,POSTHOC_DESCRIPTIVE_ONLY
15,confirmation,training_size_tercile,T3,log_ridge_harq,B1_over_B0,3120,8,48,2026-08-26,2026-09-04,0.3480667065532615,0.34742926595595314,0.000637440597308253,0.18313748063425056,0.34806670655326144,0.34742926595595325,0.000637440597308192,0.18313748063423307,4.0,4.0,0.0,-0.006979076091990333,0.00012279498401783495,,POSTHOC_DESCRIPTIVE_ONLY
15,confirmation,training_size_tercile,T3,log_ridge_harq,B2_over_B1,3120,8,48,2026-08-26,2026-09-04,0.34742926595595314,0.3324274057262012,0.01500186022975196,4.317961006674056,0.34742926595595325,0.3324274057262012,0.015001860229752029,4.317961006674075,6.0,2.0,0.0,-0.004777076979710804,0.0012191392812173074,,POSTHOC_DESCRIPTIVE_ONLY
15,confirmation,training_size_tercile,T3,lightgbm_qlike,B1_over_B0,3120,8,48,2026-08-26,2026-09-04,0.3524030798396689,0.3337792801643954,0.01862379967527359,5.284800485780877,0.352403079839669,0.3337792801643954,0.01862379967527361,5.28480048578088,7.0,1.0,0.0,-0.001065254847061936,0.004878848852962414,,POSTHOC_DESCRIPTIVE_ONLY
15,confirmation,training_size_tercile,T3,lightgbm_qlike,B2_over_B1,3120,8,48,2026-08-26,2026-09-04,0.3337792801643954,0.34296205932876755,-0.009182779164372126,-2.751153145230991,0.3337792801643954,0.34296205932876755,-0.009182779164372157,-2.7511531452310005,4.0,4.0,0.0,-0.07987767540643143,-0.00029128413099846484,,POSTHOC_DESCRIPTIVE_ONLY
15,confirmation,calendar_early,2024-10-28_to_2025-02-28,log_ridge_harq,B1_over_B0,0,0,0,,,,,,,,,,,,,,,,,
15,confirmation,calendar_early,2024-10-28_to_2025-02-28,log_ridge_harq,B2_over_B1,0,0,0,,,,,,,,,,,,,,,,,
15,confirmation,calendar_early,2024-10-28_to_2025-02-28,lightgbm_qlike,B1_over_B0,0,0,0,,,,,,,,,,,,,,,,,
15,confirmation,calendar_early,2024-10-28_to_2025-02-28,lightgbm_qlike,B2_over_B1,0,0,0,,,,,,,,,,,,,,,,,
15,confirmation,tariff_calendar,four_days_all,log_ridge_harq,B1_over_B0,0,0,0,,,,,,,,,,,,,,,,,
15,confirmation,tariff_calendar,four_days_all,log_ridge_harq,B2_over_B1,0,0,0,,,,,,,,,,,,,,,,,
15,confirmation,tariff_calendar,four_days_all,lightgbm_qlike,B1_over_B0,0,0,0,,,,,,,,,,,,,,,,,
15,confirmation,tariff_calendar,four_days_all,lightgbm_qlike,B2_over_B1,0,0,0,,,,,,,,,,,,,,,,,
15,confirmation,tariff_calendar,four_days_first_market_hour_origin_lt60,log_ridge_harq,B1_over_B0,0,0,0,,,,,,,,,,,,,,,,,
15,confirmation,tariff_calendar,four_days_first_market_hour_origin_lt60,log_ridge_harq,B2_over_B1,0,0,0,,,,,,,,,,,,,,,,,
15,confirmation,tariff_calendar,four_days_first_market_hour_origin_lt60,lightgbm_qlike,B1_over_B0,0,0,0,,,,,,,,,,,,,,,,,
15,confirmation,tariff_calendar,four_days_first_market_hour_origin_lt60,lightgbm_qlike,B2_over_B1,0,0,0,,,,,,,,,,,,,,,,,
15,confirmation,tariff_calendar,four_days_first_observed_hour_origin35_94,log_ridge_harq,B1_over_B0,0,0,0,,,,,,,,,,,,,,,,,
15,confirmation,tariff_calendar,four_days_first_observed_hour_origin35_94,log_ridge_harq,B2_over_B1,0,0,0,,,,,,,,,,,,,,,,,
15,confirmation,tariff_calendar,four_days_first_observed_hour_origin35_94,lightgbm_qlike,B1_over_B0,0,0,0,,,,,,,,,,,,,,,,,
15,confirmation,tariff_calendar,four_days_first_observed_hour_origin35_94,lightgbm_qlike,B2_over_B1,0,0,0,,,,,,,,,,,,,,,,,
15,confirmation,tariff_calendar,outside_four_days_first_market_hour_origin_lt60,log_ridge_harq,B1_over_B0,750,25,150,2026-08-03,2026-09-04,0.13665003886956967,0.13493529101258178,0.0017147478569878786,1.2548462270285767,0.13665003886956967,0.13493529101258178,0.001714747856987886,1.2548462270285823,14.0,11.0,0.0,-0.01108779099685886,0.0008431504398684203,,POSTHOC_DESCRIPTIVE_ONLY
15,confirmation,tariff_calendar,outside_four_days_first_market_hour_origin_lt60,log_ridge_harq,B2_over_B1,750,25,150,2026-08-03,2026-09-04,0.13493529101258178,0.13470921855424706,0.00022607245833475146,0.16754138716288222,0.13493529101258178,0.13470921855424703,0.00022607245833475287,0.16754138716288328,11.0,14.0,0.0,-0.01198925919547919,-0.0005088040978018238,,POSTHOC_DESCRIPTIVE_ONLY
15,confirmation,tariff_calendar,outside_four_days_first_market_hour_origin_lt60,lightgbm_qlike,B1_over_B0,750,25,150,2026-08-03,2026-09-04,0.13732921182260013,0.13400168542476495,0.00332752639783518,2.4230288324479936,0.13732921182260013,0.13400168542476495,0.003327526397835179,2.4230288324479927,16.0,9.0,0.0,-0.016541488197339027,0.001274748212583332,,POSTHOC_DESCRIPTIVE_ONLY
15,confirmation,tariff_calendar,outside_four_days_first_market_hour_origin_lt60,lightgbm_qlike,B2_over_B1,750,25,150,2026-08-03,2026-09-04,0.13400168542476495,0.13458032999253003,-0.0005786445677650853,-0.4318188729722839,0.13400168542476495,0.13458032999253003,-0.0005786445677650742,-0.43181887297227567,14.0,11.0,0.0,-0.025633810019556016,0.0011609867346467073,,POSTHOC_DESCRIPTIVE_ONLY
15,confirmation,tariff_calendar,outside_four_days_remainder_origin_ge60,log_ridge_harq,B1_over_B0,9000,25,150,2026-08-03,2026-09-04,0.24763359722882305,0.24732558222646941,0.000308015002353674,0.12438336550474456,0.24763359722882305,0.2473255822264694,0.00030801500235366763,0.124383365504742,15.0,10.0,0.0,-0.025878127798426798,0.0007423962435890996,,POSTHOC_DESCRIPTIVE_ONLY
15,confirmation,tariff_calendar,outside_four_days_remainder_origin_ge60,log_ridge_harq,B2_over_B1,9000,25,150,2026-08-03,2026-09-04,0.24732558222646941,0.24217983223860387,0.005145749987865496,2.080557110810183,0.2473255822264694,0.2421798322386039,0.005145749987865489,2.0805571108101804,16.0,9.0,0.0,-0.01682214360416534,0.0011291163104784618,,POSTHOC_DESCRIPTIVE_ONLY
15,confirmation,tariff_calendar,outside_four_days_remainder_origin_ge60,lightgbm_qlike,B1_over_B0,9000,25,150,2026-08-03,2026-09-04,0.24485097134860973,0.2370226068761299,0.007828364472479856,3.1971955959015257,0.24485097134860975,0.2370226068761299,0.007828364472479865,3.197195595901529,19.0,6.0,0.0,-0.007941956971146524,0.0024168880936333015,,POSTHOC_DESCRIPTIVE_ONLY
15,confirmation,tariff_calendar,outside_four_days_remainder_origin_ge60,lightgbm_qlike,B2_over_B1,9000,25,150,2026-08-03,2026-09-04,0.2370226068761299,0.2394362364160387,-0.0024136295399088395,-1.018311954171622,0.2370226068761299,0.2394362364160387,-0.0024136295399088126,-1.0183119541716106,11.0,14.0,0.0,-0.0865471988833264,-0.0007370030604604283,,POSTHOC_DESCRIPTIVE_ONLY
15,confirmation,tariff_calendar,outside_four_days_first_observed_hour_origin35_94,log_ridge_harq,B1_over_B0,1800,25,150,2026-08-03,2026-09-04,0.13309991072357924,0.13307711151644191,2.279920713732089e-05,0.01712939326057858,0.13309991072357924,0.13307711151644191,2.2799207137325084e-05,0.017129393260581733,12.0,13.0,0.0,-0.01339845640228679,-0.0004445841845614473,,POSTHOC_DESCRIPTIVE_ONLY
15,confirmation,tariff_calendar,outside_four_days_first_observed_hour_origin35_94,log_ridge_harq,B2_over_B1,1800,25,150,2026-08-03,2026-09-04,0.13307711151644191,0.13184383555784907,0.0012332759585928573,0.9267378473573825,0.13307711151644191,0.13184383555784907,0.0012332759585928499,0.9267378473573771,12.0,13.0,0.0,-0.006149426611243125,-0.0007812519682449809,,POSTHOC_DESCRIPTIVE_ONLY
15,confirmation,tariff_calendar,outside_four_days_first_observed_hour_origin35_94,lightgbm_qlike,B1_over_B0,1800,25,150,2026-08-03,2026-09-04,0.13700559492565823,0.13539840886896637,0.0016071860566918422,1.1730806012440085,0.13700559492565823,0.1353984088689664,0.0016071860566918283,1.1730806012439983,13.0,12.0,0.0,-0.008642174904842315,0.0015126778607695845,,POSTHOC_DESCRIPTIVE_ONLY
15,confirmation,tariff_calendar,outside_four_days_first_observed_hour_origin35_94,lightgbm_qlike,B2_over_B1,1800,25,150,2026-08-03,2026-09-04,0.13539840886896637,0.13400602214580282,0.0013923867231635614,1.0283626925860425,0.1353984088689664,0.13400602214580282,0.00139238672316358,1.028362692586056,16.0,9.0,0.0,-0.00907906478404752,0.0021644206563732893,,POSTHOC_DESCRIPTIVE_ONLY
15,confirmation,tariff_calendar,outside_four_days_remainder_origin_ge95,log_ridge_harq,B1_over_B0,7950,25,150,2026-08-03,2026-09-04,0.2630956056489487,0.26259030283875034,0.0005053028101983395,0.19206052832086087,0.2630956056489487,0.2625903028387504,0.0005053028101982826,0.19206052832083922,17.0,8.0,0.0,-0.028258054905637042,0.0011147041232923982,,POSTHOC_DESCRIPTIVE_ONLY
15,confirmation,tariff_calendar,outside_four_days_remainder_origin_ge95,log_ridge_harq,B2_over_B1,7950,25,150,2026-08-03,2026-09-04,0.26259030283875034,0.2570228301960996,0.0055674726426507394,2.1202125830478877,0.2625903028387504,0.2570228301960996,0.005567472642650784,2.120212583047904,15.0,10.0,0.0,-0.02176674336980433,0.00024091908771872728,,POSTHOC_DESCRIPTIVE_ONLY
15,confirmation,tariff_calendar,outside_four_days_remainder_origin_ge95,lightgbm_qlike,B1_over_B0,7950,25,150,2026-08-03,2026-09-04,0.2591252302060696,0.25031290440120796,0.008812325804861607,3.4007980611743585,0.25912523020606953,0.25031290440120796,0.008812325804861576,3.400798061174347,19.0,6.0,0.0,-0.009339931276205471,0.0022401600292050183,,POSTHOC_DESCRIPTIVE_ONLY
15,confirmation,tariff_calendar,outside_four_days_remainder_origin_ge95,lightgbm_qlike,B2_over_B1,7950,25,150,2026-08-03,2026-09-04,0.25031290440120796,0.25341516168255357,-0.0031022572813456314,-1.2393517181092886,0.25031290440120796,0.25341516168255357,-0.0031022572813456106,-1.2393517181092801,10.0,15.0,0.0,-0.09870222780531135,-0.0007031977404712564,,POSTHOC_DESCRIPTIVE_ONLY
15,confirmation,window_empty_5m,inside,log_ridge_harq,B1_over_B0,0,0,0,,,,,,,,,,,,,,,,,
15,confirmation,window_empty_5m,inside,log_ridge_harq,B2_over_B1,0,0,0,,,,,,,,,,,,,,,,,
15,confirmation,window_empty_5m,inside,lightgbm_qlike,B1_over_B0,0,0,0,,,,,,,,,,,,,,,,,
15,confirmation,window_empty_5m,inside,lightgbm_qlike,B2_over_B1,0,0,0,,,,,,,,,,,,,,,,,
15,confirmation,window_empty_5m,outside,log_ridge_harq,B1_over_B0,9750,25,150,2026-08-03,2026-09-04,0.2390964004319574,0.23868017521001653,0.0004162252219409206,0.17408259647111288,0.2390964004319574,0.23868017521001647,0.00041622522194093015,0.17408259647111687,14.0,11.0,0.0,-0.022869477571536734,0.0006838061826980601,,POSTHOC_DESCRIPTIVE_ONLY
15,confirmation,window_empty_5m,outside,log_ridge_harq,B2_over_B1,9750,25,150,2026-08-03,2026-09-04,0.23868017521001653,0.23391286195519181,0.004767313254824669,1.9973645698181146,0.23868017521001647,0.23391286195519181,0.004767313254824657,1.99736456981811,15.0,10.0,0.0,-0.015500576858882509,0.0010321515921699609,,POSTHOC_DESCRIPTIVE_ONLY
15,confirmation,window_empty_5m,outside,lightgbm_qlike,B1_over_B0,9750,25,150,2026-08-03,2026-09-04,0.23658006676968593,0.22909792061064027,0.007482146159045652,3.1626274610572445,0.23658006676968593,0.22909792061064024,0.007482146159045688,3.16262746105726,18.0,7.0,0.0,-0.0077091200153210915,0.003086842316862959,,POSTHOC_DESCRIPTIVE_ONLY
15,confirmation,window_empty_5m,outside,lightgbm_qlike,B2_over_B1,9750,25,150,2026-08-03,2026-09-04,0.22909792061064027,0.2313703974603842,-0.0022724768497439343,-0.9919238217819035,0.22909792061064024,0.2313703974603842,-0.002272476849743965,-0.9919238217819172,12.0,13.0,0.0,-0.07987767540643143,-0.001089332984912622,,POSTHOC_DESCRIPTIVE_ONLY
15,confirmation,window_empty_5m,unknown,log_ridge_harq,B1_over_B0,0,0,0,,,,,,,,,,,,,,,,,
15,confirmation,window_empty_5m,unknown,log_ridge_harq,B2_over_B1,0,0,0,,,,,,,,,,,,,,,,,
15,confirmation,window_empty_5m,unknown,lightgbm_qlike,B1_over_B0,0,0,0,,,,,,,,,,,,,,,,,
15,confirmation,window_empty_5m,unknown,lightgbm_qlike,B2_over_B1,0,0,0,,,,,,,,,,,,,,,,,
15,confirmation,window_empty_30m,inside,log_ridge_harq,B1_over_B0,0,0,0,,,,,,,,,,,,,,,,,
15,confirmation,window_empty_30m,inside,log_ridge_harq,B2_over_B1,0,0,0,,,,,,,,,,,,,,,,,
15,confirmation,window_empty_30m,inside,lightgbm_qlike,B1_over_B0,0,0,0,,,,,,,,,,,,,,,,,
15,confirmation,window_empty_30m,inside,lightgbm_qlike,B2_over_B1,0,0,0,,,,,,,,,,,,,,,,,
15,confirmation,window_empty_30m,outside,log_ridge_harq,B1_over_B0,9750,25,150,2026-08-03,2026-09-04,0.2390964004319574,0.23868017521001653,0.0004162252219409206,0.17408259647111288,0.2390964004319574,0.23868017521001647,0.00041622522194093015,0.17408259647111687,14.0,11.0,0.0,-0.022869477571536734,0.0006838061826980601,,POSTHOC_DESCRIPTIVE_ONLY
15,confirmation,window_empty_30m,outside,log_ridge_harq,B2_over_B1,9750,25,150,2026-08-03,2026-09-04,0.23868017521001653,0.23391286195519181,0.004767313254824669,1.9973645698181146,0.23868017521001647,0.23391286195519181,0.004767313254824657,1.99736456981811,15.0,10.0,0.0,-0.015500576858882509,0.0010321515921699609,,POSTHOC_DESCRIPTIVE_ONLY
15,confirmation,window_empty_30m,outside,lightgbm_qlike,B1_over_B0,9750,25,150,2026-08-03,2026-09-04,0.23658006676968593,0.22909792061064027,0.007482146159045652,3.1626274610572445,0.23658006676968593,0.22909792061064024,0.007482146159045688,3.16262746105726,18.0,7.0,0.0,-0.0077091200153210915,0.003086842316862959,,POSTHOC_DESCRIPTIVE_ONLY
15,confirmation,window_empty_30m,outside,lightgbm_qlike,B2_over_B1,9750,25,150,2026-08-03,2026-09-04,0.22909792061064027,0.2313703974603842,-0.0022724768497439343,-0.9919238217819035,0.22909792061064024,0.2313703974603842,-0.002272476849743965,-0.9919238217819172,12.0,13.0,0.0,-0.07987767540643143,-0.001089332984912622,,POSTHOC_DESCRIPTIVE_ONLY
15,confirmation,window_empty_30m,unknown,log_ridge_harq,B1_over_B0,0,0,0,,,,,,,,,,,,,,,,,
15,confirmation,window_empty_30m,unknown,log_ridge_harq,B2_over_B1,0,0,0,,,,,,,,,,,,,,,,,
15,confirmation,window_empty_30m,unknown,lightgbm_qlike,B1_over_B0,0,0,0,,,,,,,,,,,,,,,,,
15,confirmation,window_empty_30m,unknown,lightgbm_qlike,B2_over_B1,0,0,0,,,,,,,,,,,,,,,,,
15,confirmation,third_friday,inside,log_ridge_harq,B1_over_B0,390,1,6,2026-08-21,2026-08-21,0.15528505462379258,0.1572940460319371,-0.002008991408144538,-1.2937442131901875,0.15528505462379258,0.1572940460319371,-0.0020089914081445337,-1.2937442131901846,0.0,1.0,0.0,-0.0020089914081445337,-0.0020089914081445337,,POSTHOC_DESCRIPTIVE_ONLY
15,confirmation,third_friday,inside,log_ridge_harq,B2_over_B1,390,1,6,2026-08-21,2026-08-21,0.1572940460319371,0.15532227427861534,0.0019717717533217984,1.2535577811517724,0.1572940460319371,0.15532227427861534,0.001971771753321777,1.2535577811517589,1.0,0.0,0.0,0.001971771753321777,0.001971771753321777,,POSTHOC_DESCRIPTIVE_ONLY
15,confirmation,third_friday,inside,lightgbm_qlike,B1_over_B0,390,1,6,2026-08-21,2026-08-21,0.15072769601931443,0.15191675643523478,-0.001189060415920388,-0.7888798457902656,0.1507276960193144,0.1519167564352348,-0.001189060415920401,-0.7888798457902744,0.0,1.0,0.0,-0.001189060415920401,-0.001189060415920401,,POSTHOC_DESCRIPTIVE_ONLY
15,confirmation,third_friday,inside,lightgbm_qlike,B2_over_B1,390,1,6,2026-08-21,2026-08-21,0.15191675643523478,0.15115410857854158,0.0007626478566932158,0.5020169430870836,0.1519167564352348,0.15115410857854158,0.0007626478566932215,0.5020169430870872,1.0,0.0,0.0,0.0007626478566932215,0.0007626478566932215,,POSTHOC_DESCRIPTIVE_ONLY
15,confirmation,third_friday,outside,log_ridge_harq,B1_over_B0,9360,24,144,2026-08-03,2026-09-04,0.24258853984063095,0.24207126392576983,0.0005172759148611481,0.21323180196433583,0.24258853984063097,0.24207126392576983,0.0005172759148611428,0.2132318019643336,14.0,10.0,0.0,-0.022869477571536734,0.0007264091908011361,,POSTHOC_DESCRIPTIVE_ONLY
15,confirmation,third_friday,outside,log_ridge_harq,B2_over_B1,9360,24,144,2026-08-03,2026-09-04,0.24207126392576983,0.2371874697750492,0.004883794150720622,2.0175026442701673,0.24207126392576983,0.2371874697750492,0.004883794150720627,2.0175026442701696,14.0,10.0,0.0,-0.015500576858882509,0.0008113555935860342,,POSTHOC_DESCRIPTIVE_ONLY
15,confirmation,third_friday,outside,lightgbm_qlike,B1_over_B0,9360,24,144,2026-08-03,2026-09-04,0.24015724888428472,0.23231380245128216,0.00784344643300257,3.2659628095514153,0.24015724888428472,0.23231380245128216,0.007843446433002554,3.2659628095514086,18.0,6.0,0.0,-0.0077091200153210915,0.0031319750358827364,,POSTHOC_DESCRIPTIVE_ONLY
15,confirmation,third_friday,outside,lightgbm_qlike,B2_over_B1,9360,24,144,2026-08-03,2026-09-04,0.23231380245128216,0.234712742830461,-0.0023989403791788155,-1.032629294456962,0.23231380245128216,0.23471274283046095,-0.0023989403791787878,-1.03262929445695,11.0,13.0,0.0,-0.07987767540643143,-0.001117701178652522,,POSTHOC_DESCRIPTIVE_ONLY
15,confirmation,third_friday,unknown,log_ridge_harq,B1_over_B0,0,0,0,,,,,,,,,,,,,,,,,
15,confirmation,third_friday,unknown,log_ridge_harq,B2_over_B1,0,0,0,,,,,,,,,,,,,,,,,
15,confirmation,third_friday,unknown,lightgbm_qlike,B1_over_B0,0,0,0,,,,,,,,,,,,,,,,,
15,confirmation,third_friday,unknown,lightgbm_qlike,B2_over_B1,0,0,0,,,,,,,,,,,,,,,,,
5,primary,all,all,log_ridge_harq,B1_over_B0,160832,419,2514,2024-10-28,2026-07-31,0.3493454161934826,0.34802140702079765,0.0013240091726849142,0.37899715047402277,0.34893680484509615,0.3476203950506411,0.0013164097944550757,0.37726309640494093,236.0,183.0,0.0,-0.039382775451220764,0.0008942886608794831,,POSTHOC_DESCRIPTIVE_ONLY
5,primary,all,all,log_ridge_harq,B2_over_B1,160832,419,2514,2024-10-28,2026-07-31,0.34802140702079765,0.3471047354249213,0.0009166715958763462,0.2633951755219374,0.3476203950506411,0.3467293793975198,0.0008910156531212743,0.2563185779106752,253.0,166.0,0.0,-0.06763726083592214,0.0010462176457196604,,POSTHOC_DESCRIPTIVE_ONLY
5,primary,all,all,lightgbm_qlike,B1_over_B0,160832,419,2514,2024-10-28,2026-07-31,0.353830938497915,0.3519479299868238,0.0018830085110912338,0.5321774627976262,0.35330762069044525,0.3514146844866828,0.001892936203762463,0.5357756507100598,238.0,181.0,0.0,-0.09760604493072744,0.0008654128753157186,,POSTHOC_DESCRIPTIVE_ONLY
5,primary,all,all,lightgbm_qlike,B2_over_B1,160832,419,2514,2024-10-28,2026-07-31,0.3519479299868238,0.3513491650346067,0.0005987649522170934,0.17012884611638715,0.3514146844866828,0.35085071264287004,0.0005639718438127383,0.1604861346749187,241.0,178.0,0.0,-0.3267034981940913,0.0009804116362912008,,POSTHOC_DESCRIPTIVE_ONLY
5,primary,intraday,first_market_hour_origin_lt60,log_ridge_harq,B1_over_B0,12451,419,2509,2024-10-28,2026-07-31,0.2947465897344555,0.2945376094898813,0.00020898024457422312,0.07090166666983276,0.29541645124107013,0.29523028102572774,0.00018617021534239608,0.06301958288385053,186.0,233.0,0.0,-0.050490099316126025,-0.0012185545101411344,,POSTHOC_DESCRIPTIVE_ONLY
5,primary,intraday,first_market_hour_origin_lt60,log_ridge_harq,B2_over_B1,12451,419,2509,2024-10-28,2026-07-31,0.2945376094898813,0.29413423586103865,0.00040337362884263156,0.1369514845799308,0.29523028102572774,0.29479997238236016,0.0004303086433675718,0.14575355951717997,198.0,221.0,0.0,-0.04697208531140956,-0.00039815328264912464,,POSTHOC_DESCRIPTIVE_ONLY
5,primary,intraday,first_market_hour_origin_lt60,lightgbm_qlike,B1_over_B0,12451,419,2509,2024-10-28,2026-07-31,0.31957602723217887,0.31157949885481845,0.007996528377360479,2.502230360211227,0.3200738803471326,0.3120278187708683,0.008046061576264252,2.5138138630799816,228.0,191.0,0.0,-0.24794805312969725,0.0011779203095659274,,POSTHOC_DESCRIPTIVE_ONLY
5,primary,intraday,first_market_hour_origin_lt60,lightgbm_qlike,B2_over_B1,12451,419,2509,2024-10-28,2026-07-31,0.31157949885481845,0.31494150378279057,-0.003362004927972136,-1.0790199420465316,0.3120278187708683,0.3153842644980987,-0.0033564457272303727,-1.075687975659348,220.0,199.0,0.0,-1.6853517455451321,0.0004992383880320639,,POSTHOC_DESCRIPTIVE_ONLY
5,primary,intraday,middle_registered_origin60_299,log_ridge_harq,B1_over_B0,118819,419,2513,2024-10-28,2026-07-31,0.3492723638260334,0.3476446046977395,0.0016277591282938787,0.4660429214790775,0.3486824389399675,0.347029920764114,0.0016525181758534901,0.47393214894255214,255.0,164.0,0.0,-0.04244263192576711,0.0009697538460258781,,POSTHOC_DESCRIPTIVE_ONLY
5,primary,intraday,middle_registered_origin60_299,log_ridge_harq,B2_over_B1,118819,419,2513,2024-10-28,2026-07-31,0.3476446046977395,0.34673091690852315,0.0009136877892163756,0.26282236999213143,0.347029920764114,0.3461581979000012,0.0008717228641128005,0.2511953039073352,258.0,161.0,0.0,-0.09267858415100627,0.0012244883120861028,,POSTHOC_DESCRIPTIVE_ONLY
5,primary,intraday,middle_registered_origin60_299,lightgbm_qlike,B1_over_B0,118819,419,2513,2024-10-28,2026-07-31,0.3529542045928446,0.3515054354024624,0.0014487691903822177,0.41046945227737586,0.3522327110800768,0.350743208336387,0.0014895027436898078,0.42287462147466004,226.0,193.0,0.0,-0.12482400322451337,0.0006346089412668232,,POSTHOC_DESCRIPTIVE_ONLY
5,primary,intraday,middle_registered_origin60_299,lightgbm_qlike,B2_over_B1,118819,419,2513,2024-10-28,2026-07-31,0.3515054354024624,0.3507682766528845,0.000737158749577832,0.20971475127655112,0.350743208336387,0.3500375930790883,0.0007056152572986751,0.20117716908774505,233.0,186.0,0.0,-0.25685547916944707,0.0006789311397799036,,POSTHOC_DESCRIPTIVE_ONLY
5,primary,intraday,last_registered_block_origin_ge300,log_ridge_harq,B1_over_B0,29562,414,2482,2024-10-28,2026-07-31,0.3726351123402008,0.37206233924056903,0.0005727730996318297,0.15370883759040696,0.37371477259064756,0.37322395591458685,0.0004908166760607124,0.1313345663748577,221.0,193.0,0.0,-0.11020496620964737,0.0005130085988011013,,POSTHOC_DESCRIPTIVE_ONLY
5,primary,intraday,last_registered_block_origin_ge300,log_ridge_harq,B2_over_B1,29562,414,2482,2024-10-28,2026-07-31,0.37206233924056903,0.37091748261285895,0.0011448566277100457,0.307705593112933,0.37322395591458685,0.37203907453808843,0.0011848813764984145,0.3174719515511425,206.0,208.0,0.0,-0.1133709559899605,-9.389885283170307e-05,,POSTHOC_DESCRIPTIVE_ONLY
5,primary,intraday,last_registered_block_origin_ge300,lightgbm_qlike,B1_over_B0,29562,414,2482,2024-10-28,2026-07-31,0.3717823810943649,0.3707289360095504,0.0010534450848144663,0.2833499214550147,0.3726057555798872,0.3716274232290624,0.0009783323508247843,0.2625650130664792,212.0,202.0,0.0,-0.1379412096888888,0.0005059998267611943,,POSTHOC_DESCRIPTIVE_ONLY
5,primary,intraday,last_registered_block_origin_ge300,lightgbm_qlike,B2_over_B1,29562,414,2482,2024-10-28,2026-07-31,0.3707289360095504,0.3690182120163472,0.0017107239932031746,0.46144873707918616,0.3716274232290624,0.3698742447339703,0.0017531784950921003,0.47175703016176024,229.0,185.0,0.0,-0.11009812287149279,0.0009580683760149478,,POSTHOC_DESCRIPTIVE_ONLY
5,primary,intraday,last_market_hour_origin_ge330,log_ridge_harq,B1_over_B0,14794,414,2477,2024-10-28,2026-07-31,0.37903826746874386,0.37882920751323057,0.00020905995551328375,0.05515536911600177,0.3790429732862576,0.37883907522737903,0.00020389805887854884,0.053792860770053824,217.0,197.0,0.0,-0.20813322129282863,0.0005570707061844093,,POSTHOC_DESCRIPTIVE_ONLY
5,primary,intraday,last_market_hour_origin_ge330,log_ridge_harq,B2_over_B1,14794,414,2477,2024-10-28,2026-07-31,0.37882920751323057,0.37654099383471107,0.0022882136785195217,0.6040225075411078,0.37883907522737903,0.37662782190703803,0.002211253320341,0.5836919855782582,222.0,192.0,0.0,-0.22008948053057287,0.0005323533706610983,,POSTHOC_DESCRIPTIVE_ONLY
5,primary,intraday,last_market_hour_origin_ge330,lightgbm_qlike,B1_over_B0,14794,414,2477,2024-10-28,2026-07-31,0.37859521581063493,0.3769805816161193,0.001614634194515596,0.42648034816245556,0.3785196743525654,0.37693370246460456,0.0015859718879608353,0.4189932506608917,211.0,203.0,0.0,-0.22296167598803307,8.846581167565315e-05,,POSTHOC_DESCRIPTIVE_ONLY
5,primary,intraday,last_market_hour_origin_ge330,lightgbm_qlike,B2_over_B1,14794,414,2477,2024-10-28,2026-07-31,0.3769805816161193,0.3755298480840172,0.0014507335321020745,0.38482977714203903,0.37693370246460456,0.3753873228004457,0.0015463796641588812,0.4102524274289566,210.0,204.0,0.0,-0.14202878568255173,0.0002055177622613119,,POSTHOC_DESCRIPTIVE_ONLY
5,primary,intraday,first_observed_hour_origin35_94,log_ridge_harq,B1_over_B0,29936,419,2513,2024-10-28,2026-07-31,0.3017851836217848,0.30144937956145257,0.0003358040603323106,0.11127254701581382,0.3014085046256603,0.30107143403410686,0.00033707059155346775,0.11183181177057316,204.0,215.0,0.0,-0.03676626366331917,-0.00022598993481837137,,POSTHOC_DESCRIPTIVE_ONLY
5,primary,intraday,first_observed_hour_origin35_94,log_ridge_harq,B2_over_B1,29936,419,2513,2024-10-28,2026-07-31,0.30144937956145257,0.3005001619739267,0.0009492175875258301,0.31488457163413247,0.30107143403410686,0.3001586179857012,0.0009128160484056513,0.3031891920713551,229.0,190.0,0.0,-0.057982158410503803,0.0007281439855025829,,POSTHOC_DESCRIPTIVE_ONLY
5,primary,intraday,first_observed_hour_origin35_94,lightgbm_qlike,B1_over_B0,29936,419,2513,2024-10-28,2026-07-31,0.3171333123858794,0.3122821978453104,0.0048511145405689795,1.529676748264866,0.3166077873094393,0.31175816580207794,0.004849621507361346,1.5317442279527784,238.0,181.0,0.0,-0.15771236774337383,0.0012949570306458602,,POSTHOC_DESCRIPTIVE_ONLY
5,primary,intraday,first_observed_hour_origin35_94,lightgbm_qlike,B2_over_B1,29936,419,2513,2024-10-28,2026-07-31,0.3122821978453104,0.31387306454337144,-0.0015908666980610912,-0.509432400898219,0.31175816580207794,0.31332989828919466,-0.0015717324871167282,-0.5041511849651292,233.0,186.0,0.0,-1.1441678218457696,0.0009080534099039639,,POSTHOC_DESCRIPTIVE_ONLY
5,primary,month,2024-10,log_ridge_harq,B1_over_B0,1560,4,24,2024-10-28,2024-10-31,0.3009007170743387,0.30789440678900043,-0.0069936897146617594,-2.324251594566304,0.3009007170743387,0.30789440678900043,-0.006993689714661744,-2.3242515945662987,1.0,3.0,0.0,-0.011353462876882825,-0.009765897246775845,,POSTHOC_DESCRIPTIVE_ONLY
5,primary,month,2024-10,log_ridge_harq,B2_over_B1,1560,4,24,2024-10-28,2024-10-31,0.30789440678900043,0.30476585987629,0.0031285469127104175,1.0161103429379301,0.30789440678900043,0.30476585987629,0.003128546912710417,1.01611034293793,4.0,0.0,0.0,0.0009064164856361634,0.0037743258380561473,,POSTHOC_DESCRIPTIVE_ONLY
5,primary,month,2024-10,lightgbm_qlike,B1_over_B0,1560,4,24,2024-10-28,2024-10-31,0.30625187334949666,0.306843969450211,-0.0005920961007143177,-0.19333631962427664,0.3062518733494967,0.30684396945021103,-0.0005920961007143122,-0.19333631962427478,3.0,1.0,0.0,-0.008589325537713355,0.00131937449558589,,POSTHOC_DESCRIPTIVE_ONLY
5,primary,month,2024-10,lightgbm_qlike,B2_over_B1,1560,4,24,2024-10-28,2024-10-31,0.306843969450211,0.30718548823738945,-0.00034151878717846674,-0.11130047228576287,0.30684396945021103,0.30718548823738945,-0.00034151878717841866,-0.11130047228574717,2.0,2.0,0.0,-0.00733822544390933,-0.0011352877128928962,,POSTHOC_DESCRIPTIVE_ONLY
5,primary,month,2024-11,log_ridge_harq,B1_over_B0,7584,20,120,2024-11-01,2024-11-29,0.3329367454230194,0.33275413071665544,0.00018261470636396902,0.05484967005727898,0.33084289900566916,0.3306725897160651,0.00017030928960404257,0.05147739005911813,10.0,10.0,0.0,-0.02764378337067319,0.00032056173711841884,,POSTHOC_DESCRIPTIVE_ONLY
5,primary,month,2024-11,log_ridge_harq,B2_over_B1,7584,20,120,2024-11-01,2024-11-29,0.33275413071665544,0.3318971574031864,0.0008569733134690154,0.2575394966918501,0.3306725897160651,0.32959790877774653,0.001074680938318584,0.32499849450520474,11.0,9.0,0.0,-0.016912173475673198,0.00042375971108202237,,POSTHOC_DESCRIPTIVE_ONLY
5,primary,month,2024-11,lightgbm_qlike,B1_over_B0,7584,20,120,2024-11-01,2024-11-29,0.34147992513173864,0.34168465514552354,-0.00020473001378489266,-0.059953748000240545,0.3389799788210887,0.33931794238299307,-0.00033796356190435306,-0.09970015429221792,12.0,8.0,0.0,-0.022534891968035375,0.0009870878772572367,,POSTHOC_DESCRIPTIVE_ONLY
5,primary,month,2024-11,lightgbm_qlike,B2_over_B1,7584,20,120,2024-11-01,2024-11-29,0.34168465514552354,0.34359034986894976,-0.0019056947234261357,-0.5577349449932131,0.33931794238299307,0.34097778637096815,-0.0016598439879750848,-0.4891707100185097,11.0,9.0,0.0,-0.05396311785629915,0.002104193007034044,,POSTHOC_DESCRIPTIVE_ONLY
5,primary,month,2024-12,log_ridge_harq,B1_over_B0,7974,21,126,2024-12-02,2024-12-31,0.3228722792703382,0.32373329324381955,-0.0008610139734813738,-0.2666732416382065,0.3233440986103318,0.32374342286906727,-0.0003993242587354562,-0.12349823622935191,7.0,14.0,0.0,-0.011702064050001737,-0.0010341217141526804,,POSTHOC_DESCRIPTIVE_ONLY
5,primary,month,2024-12,log_ridge_harq,B2_over_B1,7974,21,126,2024-12-02,2024-12-31,0.32373329324381955,0.32160976443527833,0.0021235288085412218,0.6559500838679225,0.32374342286906727,0.3220835415673972,0.001659881301670052,0.5127150652080935,14.0,7.0,0.0,-0.015456439160322577,0.0008821216005244215,,POSTHOC_DESCRIPTIVE_ONLY
5,primary,month,2024-12,lightgbm_qlike,B1_over_B0,7974,21,126,2024-12-02,2024-12-31,0.3252765179245841,0.32761574232853374,-0.0023392244039496454,-0.7191494851442053,0.3246527731933515,0.3269183822804457,-0.002265609087094167,-0.6978560709059004,8.0,13.0,0.0,-0.020284864927207547,-0.0025299148926984927,,POSTHOC_DESCRIPTIVE_ONLY
5,primary,month,2024-12,lightgbm_qlike,B2_over_B1,7974,21,126,2024-12-02,2024-12-31,0.32761574232853374,0.32601913611755484,0.0015966062109789372,0.4873411148167164,0.3269183822804457,0.32549706874880185,0.0014213135316438197,0.4347609705301158,15.0,6.0,0.0,-0.006116282843792731,0.0019885345011738664,,POSTHOC_DESCRIPTIVE_ONLY
5,primary,month,2025-01,log_ridge_harq,B1_over_B0,5850,15,90,2025-01-02,2025-01-24,0.31631768208800864,0.31639442950428387,-7.674741627513561e-05,-0.024262765131726743,0.3163176820880087,0.31639442950428387,-7.674741627516912e-05,-0.02426276513173733,8.0,7.0,0.0,-0.006245173363710277,2.4655155949016017e-05,,POSTHOC_DESCRIPTIVE_ONLY
5,primary,month,2025-01,log_ridge_harq,B2_over_B1,5850,15,90,2025-01-02,2025-01-24,0.31639442950428387,0.316790502657354,-0.00039607315307016786,-0.12518335221347668,0.31639442950428387,0.316790502657354,-0.00039607315307010893,-0.12518335221345805,8.0,7.0,0.0,-0.0169002428178745,0.00026579222659794954,,POSTHOC_DESCRIPTIVE_ONLY
5,primary,month,2025-01,lightgbm_qlike,B1_over_B0,5850,15,90,2025-01-02,2025-01-24,0.32068050025253675,0.3198850687903469,0.0007954314621898393,0.2480448488646597,0.3206805002525367,0.31988506879034684,0.000795431462189855,0.2480448488646646,10.0,5.0,0.0,-0.011431363562077745,0.0018988042615700196,,POSTHOC_DESCRIPTIVE_ONLY
5,primary,month,2025-01,lightgbm_qlike,B2_over_B1,5850,15,90,2025-01-02,2025-01-24,0.3198850687903469,0.31838689115397295,0.0014981776363738935,0.46834872350850526,0.31988506879034684,0.31838689115397295,0.0014981776363738875,0.46834872350850343,11.0,4.0,0.0,-0.00805546317654987,0.001730146681024558,,POSTHOC_DESCRIPTIVE_ONLY
5,primary,month,2025-02,log_ridge_harq,B1_over_B0,1560,4,24,2025-02-25,2025-02-28,0.2828627200071783,0.2859489060104013,-0.003086186003223008,-1.091054347191701,0.2828627200071783,0.2859489060104013,-0.003086186003222968,-1.0910543471916867,1.0,3.0,0.0,-0.008111629470479387,-0.0026142306524946923,,POSTHOC_DESCRIPTIVE_ONLY
5,primary,month,2025-02,log_ridge_harq,B2_over_B1,1560,4,24,2025-02-25,2025-02-28,0.2859489060104013,0.2834100050388592,0.0025389009715420913,0.8878862335810929,0.2859489060104013,0.2834100050388592,0.0025389009715420796,0.8878862335810888,3.0,1.0,0.0,-0.0005788203721945884,0.0019632886192371413,,POSTHOC_DESCRIPTIVE_ONLY
5,primary,month,2025-02,lightgbm_qlike,B1_over_B0,1560,4,24,2025-02-25,2025-02-28,0.29682287841622546,0.29498985841428116,0.0018330200019443495,0.6175467375442546,0.2968228784162255,0.29498985841428116,0.001833020001944352,0.6175467375442553,3.0,1.0,0.0,-0.002926005665593534,0.0011060754165715947,,POSTHOC_DESCRIPTIVE_ONLY
5,primary,month,2025-02,lightgbm_qlike,B2_over_B1,1560,4,24,2025-02-25,2025-02-28,0.29498985841428116,0.2937736114178236,0.001216246996457493,0.41230129164284907,0.29498985841428116,0.2937736114178236,0.0012162469964575595,0.41230129164287166,2.0,2.0,0.0,-0.001456819727349512,0.0012678653943506146,,POSTHOC_DESCRIPTIVE_ONLY
5,primary,month,2025-03,log_ridge_harq,B1_over_B0,8146,21,126,2025-03-03,2025-03-31,0.29088448005493023,0.28957690269205744,0.001307577362872758,0.44951774760407875,0.2904706912035057,0.2891933123089744,0.0012773788945313336,0.43976171545527576,12.0,9.0,0.0,-0.005761007890735637,0.00036111074771549845,,POSTHOC_DESCRIPTIVE_ONLY
5,primary,month,2025-03,log_ridge_harq,B2_over_B1,8146,21,126,2025-03-03,2025-03-31,0.28957690269205744,0.286153593335834,0.0034233093562234707,1.1821762455494922,0.2891933123089744,0.2857759379236532,0.0034173743853211924,1.1816920516025167,12.0,9.0,0.0,-0.013118947132933378,0.0015265419032745031,,POSTHOC_DESCRIPTIVE_ONLY
5,primary,month,2025-03,lightgbm_qlike,B1_over_B0,8146,21,126,2025-03-03,2025-03-31,0.28873091483168356,0.2842153745129873,0.004515540318696331,1.5639268560239477,0.28828790403300647,0.2837752934457445,0.004512610587261989,1.565313883840695,17.0,4.0,0.0,-0.0027597795931442737,0.004163458730221448,,POSTHOC_DESCRIPTIVE_ONLY
5,primary,month,2025-03,lightgbm_qlike,B2_over_B1,8146,21,126,2025-03-03,2025-03-31,0.2842153745129873,0.2837547549526923,0.0004606195602949298,0.16206708067226028,0.2837752934457445,0.2833296258257623,0.00044566761998215965,0.15704947903344083,13.0,8.0,0.0,-0.012960277386439067,0.0010412320534342046,,POSTHOC_DESCRIPTIVE_ONLY
5,primary,month,2025-04,log_ridge_harq,B1_over_B0,7755,20,120,2025-04-01,2025-04-30,0.4096464058310411,0.4009848212624381,0.008661584568602982,2.114405117513824,0.4098280030570085,0.4011491577770608,0.008678845279947722,2.117679908451855,11.0,9.0,0.0,-0.03891829815088657,0.00185091043810659,,POSTHOC_DESCRIPTIVE_ONLY
5,primary,month,2025-04,log_ridge_harq,B2_over_B1,7755,20,120,2025-04-01,2025-04-30,0.4009848212624381,0.40190161033309746,-0.0009167890706593689,-0.22863435772281893,0.4011491577770608,0.40192357618102087,-0.0007744184039600865,-0.1930499887501872,14.0,6.0,0.0,-0.06763726083592214,0.0018591475599995522,,POSTHOC_DESCRIPTIVE_ONLY
5,primary,month,2025-04,lightgbm_qlike,B1_over_B0,7755,20,120,2025-04-01,2025-04-30,0.49986270928609866,0.4781956863729877,0.021667022913111025,4.33459478184635,0.4993775607448952,0.4776030214041997,0.02177453934069551,4.360335956668853,12.0,8.0,0.0,-0.03209598862455554,0.00137066960908383,,POSTHOC_DESCRIPTIVE_ONLY
5,primary,month,2025-04,lightgbm_qlike,B2_over_B1,7755,20,120,2025-04-01,2025-04-30,0.4781956863729877,0.4806968199074349,-0.0025011335344472968,-0.523035570106845,0.4776030214041997,0.48023625499431166,-0.002633233590111972,-0.5513435786838213,10.0,10.0,0.0,-0.3267034981940913,0.0003459253065228318,,POSTHOC_DESCRIPTIVE_ONLY
5,primary,month,2025-05,log_ridge_harq,B1_over_B0,8136,21,126,2025-05-01,2025-05-30,0.33669427667498975,0.33393835648825176,0.0027559201867379786,0.8185230274639513,0.33645210914188955,0.33371215704313645,0.0027399520987531067,0.8143661532517266,11.0,10.0,0.0,-0.008843268494506618,0.0005411916647193316,,POSTHOC_DESCRIPTIVE_ONLY
5,primary,month,2025-05,log_ridge_harq,B2_over_B1,8136,21,126,2025-05-01,2025-05-30,0.33393835648825176,0.3331782819896866,0.0007600744985651947,0.22760922301896003,0.33371215704313645,0.33293101822359966,0.0007811388195367863,0.2340756256703631,11.0,10.0,0.0,-0.020887748296637088,0.0008209120857931573,,POSTHOC_DESCRIPTIVE_ONLY
5,primary,month,2025-05,lightgbm_qlike,B1_over_B0,8136,21,126,2025-05-01,2025-05-30,0.33621615739516225,0.3342313666561123,0.001984790739049939,0.5903317539606434,0.3359023892388172,0.3339698976104438,0.0019324916283733895,0.5753134512536742,14.0,7.0,0.0,-0.013220536570646535,0.001103126349371264,,POSTHOC_DESCRIPTIVE_ONLY
5,primary,month,2025-05,lightgbm_qlike,B2_over_B1,8136,21,126,2025-05-01,2025-05-30,0.3342313666561123,0.33258480110629424,0.001646565549818126,0.49264243697159116,0.3339698976104438,0.3323752964962944,0.001594601114149441,0.47746851604255935,10.0,11.0,0.0,-0.019102870138172412,-0.00017875480677154165,,POSTHOC_DESCRIPTIVE_ONLY
5,primary,month,2025-06,log_ridge_harq,B1_over_B0,7617,20,120,2025-06-02,2025-06-30,0.3826311018192604,0.37925555862161237,0.003375543197648015,0.8821925822544572,0.3819969764866538,0.3786787452411506,0.0033182312455032337,0.8686537982635487,11.0,9.0,0.0,-0.006007753942924077,0.0005251136809983625,,POSTHOC_DESCRIPTIVE_ONLY
5,primary,month,2025-06,log_ridge_harq,B2_over_B1,7617,20,120,2025-06-02,2025-06-30,0.37925555862161237,0.37773285660540756,0.0015227020162048546,0.40149761330830536,0.3786787452411506,0.3772079942508646,0.001470750990285985,0.38839016152052047,13.0,7.0,0.0,-0.008927147599607332,0.0008703306345717587,,POSTHOC_DESCRIPTIVE_ONLY
5,primary,month,2025-06,lightgbm_qlike,B1_over_B0,7617,20,120,2025-06-02,2025-06-30,0.382866316366877,0.37775646636580856,0.005109850001068451,1.3346303350885533,0.3822335843538881,0.37706041501395976,0.005173169339928341,1.353405234831171,14.0,6.0,0.0,-0.008305370215600238,0.0029677783935321556,,POSTHOC_DESCRIPTIVE_ONLY
5,primary,month,2025-06,lightgbm_qlike,B2_over_B1,7617,20,120,2025-06-02,2025-06-30,0.37775646636580856,0.37794098720181635,-0.00018452083600784263,-0.048846506264477264,0.37706041501395976,0.37739376793946866,-0.0003333529255089007,-0.08840835904149713,11.0,9.0,0.0,-0.024567478510072682,0.00015561122396193228,,POSTHOC_DESCRIPTIVE_ONLY
5,primary,month,2025-07,log_ridge_harq,B1_over_B0,8235,22,132,2025-07-01,2025-07-31,0.3618124207034191,0.36093966164659996,0.0008727590568191388,0.24121865554597616,0.35967022480594946,0.3588277361065051,0.0008424886994443659,0.2342392117387277,12.0,10.0,0.0,-0.004995954648818857,0.0004474530187796866,,POSTHOC_DESCRIPTIVE_ONLY
5,primary,month,2025-07,log_ridge_harq,B2_over_B1,8235,22,132,2025-07-01,2025-07-31,0.36093966164659996,0.35978657753988375,0.0011530841067162651,0.3194672764572109,0.3588277361065051,0.35755683367751107,0.0012709024289940252,0.35418177055767047,14.0,8.0,0.0,-0.009102234324507241,0.0015882107464175177,,POSTHOC_DESCRIPTIVE_ONLY
5,primary,month,2025-07,lightgbm_qlike,B1_over_B0,8235,22,132,2025-07-01,2025-07-31,0.36812433413859635,0.3717561972052607,-0.003631863066664399,-0.9865859792080539,0.36578147183002213,0.36922078068221026,-0.0034393088521881277,-0.9402632765900092,9.0,13.0,0.0,-0.028685317421302536,-0.00320575401403822,,POSTHOC_DESCRIPTIVE_ONLY
5,primary,month,2025-07,lightgbm_qlike,B2_over_B1,8235,22,132,2025-07-01,2025-07-31,0.3717561972052607,0.3668726404853309,0.004883556719929868,1.3136450062279583,0.36922078068221026,0.36423782461470977,0.004982956067500488,1.3495871110757813,19.0,3.0,0.0,-0.011211087634304229,0.0035298275313670746,,POSTHOC_DESCRIPTIVE_ONLY
5,primary,month,2025-08,log_ridge_harq,B1_over_B0,8045,21,126,2025-08-01,2025-08-29,0.3407147061633487,0.33903129500358153,0.0016834111597672204,0.4940823302649412,0.3404990754618359,0.33879489718422345,0.0017041782776124337,0.5004942451902319,14.0,7.0,0.0,-0.005772693869266432,0.0011020479126691018,,POSTHOC_DESCRIPTIVE_ONLY
5,primary,month,2025-08,log_ridge_harq,B2_over_B1,8045,21,126,2025-08-01,2025-08-29,0.33903129500358153,0.33791146912800796,0.0011198258755735651,0.3303016246809119,0.33879489718422345,0.3376497255679484,0.0011451716162750314,0.33801324216885464,15.0,6.0,0.0,-0.015089310204641992,0.0019479380071047436,,POSTHOC_DESCRIPTIVE_ONLY
5,primary,month,2025-08,lightgbm_qlike,B1_over_B0,8045,21,126,2025-08-01,2025-08-29,0.33880796908228134,0.3389748297855142,-0.00016686070323281504,-0.049249344306978804,0.33855493707424805,0.3387737850899309,-0.00021884801568283763,-0.06464180306277512,8.0,13.0,0.0,-0.009748375848192659,-0.0008711570863538243,,POSTHOC_DESCRIPTIVE_ONLY
5,primary,month,2025-08,lightgbm_qlike,B2_over_B1,8045,21,126,2025-08-01,2025-08-29,0.3389748297855142,0.3366351272463909,0.002339702539123241,0.6902289885664031,0.3387737850899309,0.33643663339531776,0.0023371516946131266,0.6898856397618565,16.0,5.0,0.0,-0.007870531839672179,0.0023097314035820937,,POSTHOC_DESCRIPTIVE_ONLY
5,primary,month,2025-09,log_ridge_harq,B1_over_B0,8152,21,126,2025-09-02,2025-09-30,0.34614037311516466,0.3436300557767417,0.0025103173384229092,0.7252310141780831,0.3459397078330734,0.34347414197612947,0.0024655658569439076,0.7127154822405122,14.0,7.0,0.0,-0.0034967713619880603,0.0011049342710855448,,POSTHOC_DESCRIPTIVE_ONLY
5,primary,month,2025-09,log_ridge_harq,B2_over_B1,8152,21,126,2025-09-02,2025-09-30,0.3436300557767417,0.3404943634393265,0.0031356923374152327,0.9125198115535357,0.34347414197612947,0.3403322285578837,0.0031419134182457675,0.9147452556891814,12.0,9.0,0.0,-0.004571885889382121,0.0010262358695714013,,POSTHOC_DESCRIPTIVE_ONLY
5,primary,month,2025-09,lightgbm_qlike,B1_over_B0,8152,21,126,2025-09-02,2025-09-30,0.3385887151579229,0.33800526646294643,0.0005834486949765408,0.17231782066464074,0.3384377544559788,0.33788950048023325,0.0005482539757455385,0.1619955127721576,11.0,10.0,0.0,-0.01272771194989214,8.169042327432763e-05,,POSTHOC_DESCRIPTIVE_ONLY
5,primary,month,2025-09,lightgbm_qlike,B2_over_B1,8152,21,126,2025-09-02,2025-09-30,0.33800526646294643,0.33713100573140636,0.0008742607315400037,0.25865299102842343,0.33788950048023325,0.33701408758297285,0.000875412897260397,0.2590825983098605,12.0,9.0,0.0,-0.018330083690711596,0.0012741238312196645,,POSTHOC_DESCRIPTIVE_ONLY
5,primary,month,2025-10,log_ridge_harq,B1_over_B0,8840,23,138,2025-10-01,2025-10-31,0.3675208400567507,0.3660948463646017,0.0014259936921490561,0.3880034917010044,0.3681692588061078,0.36684120802392134,0.0013280507821864518,0.3607174554695385,14.0,9.0,0.0,-0.010951245785248864,0.0010177877862073137,,POSTHOC_DESCRIPTIVE_ONLY
5,primary,month,2025-10,log_ridge_harq,B2_over_B1,8840,23,138,2025-10-01,2025-10-31,0.3660948463646017,0.36714349395473134,-0.0010486475901296895,-0.2864415056761872,0.36684120802392134,0.3679704096652642,-0.0011292016413428363,-0.307817556109782,14.0,9.0,0.0,-0.06001420118493467,0.0017305165283299506,,POSTHOC_DESCRIPTIVE_ONLY
5,primary,month,2025-10,lightgbm_qlike,B1_over_B0,8840,23,138,2025-10-01,2025-10-31,0.3691600015190231,0.3669761209600479,0.0021838805589751886,0.5915810353204399,0.36968455435966247,0.3674306656926793,0.0022538886669831726,0.6096788844443813,10.0,13.0,0.0,-0.019034299480036154,-0.0007458389111408836,,POSTHOC_DESCRIPTIVE_ONLY
5,primary,month,2025-10,lightgbm_qlike,B2_over_B1,8840,23,138,2025-10-01,2025-10-31,0.3669761209600479,0.36574846045924664,0.0012276605008013247,0.3345341646725232,0.3674306656926793,0.3662529851037885,0.0011776805888907838,0.32051777351534433,12.0,11.0,0.0,-0.014833566085664163,0.0006228890669622289,,POSTHOC_DESCRIPTIVE_ONLY
5,primary,month,2025-11,log_ridge_harq,B1_over_B0,7002,19,114,2025-11-03,2025-11-28,0.31067249252268503,0.308612620504555,0.002059872018130025,0.6630364991131666,0.3089491584322328,0.3067045744474828,0.002244583984750026,0.7265221229733078,14.0,5.0,0.0,-0.0057690328149544445,0.001926318557004647,,POSTHOC_DESCRIPTIVE_ONLY
5,primary,month,2025-11,log_ridge_harq,B2_over_B1,7002,19,114,2025-11-03,2025-11-28,0.308612620504555,0.3095460874837172,-0.0009334669791621799,-0.3024720692355491,0.3067045744474828,0.308008579221453,-0.0013040047739702465,-0.4251663922259275,9.0,10.0,0.0,-0.013525174759036418,-0.00015800112965458357,,POSTHOC_DESCRIPTIVE_ONLY
5,primary,month,2025-11,lightgbm_qlike,B1_over_B0,7002,19,114,2025-11-03,2025-11-28,0.31122303265363843,0.30914760256907897,0.0020754300845595036,0.6668626248074832,0.30882268899430126,0.3067258187350161,0.0020968702592851773,0.6789884079158028,11.0,8.0,0.0,-0.005390303922010065,0.00038477991478347295,,POSTHOC_DESCRIPTIVE_ONLY
5,primary,month,2025-11,lightgbm_qlike,B2_over_B1,7002,19,114,2025-11-03,2025-11-28,0.30914760256907897,0.3076783648319883,0.0014692377370905062,0.4752544496159259,0.3067258187350161,0.30524897898038134,0.0014768397546347511,0.4814853085160756,15.0,4.0,0.0,-0.01663425982516692,0.001504680188436136,,POSTHOC_DESCRIPTIVE_ONLY
5,primary,month,2025-12,log_ridge_harq,B1_over_B0,8220,22,132,2025-12-01,2025-12-31,0.33743143996001307,0.33645000582050744,0.0009814341395056147,0.29085438500393396,0.3359598078267252,0.33493861141341147,0.0010211964133137186,0.3039638639870908,13.0,9.0,0.0,-0.004153178506706212,0.0007943100953329563,,POSTHOC_DESCRIPTIVE_ONLY
5,primary,month,2025-12,log_ridge_harq,B2_over_B1,8220,22,132,2025-12-01,2025-12-31,0.33645000582050744,0.33741211158434986,-0.0009621057638424441,-0.2859580167032952,0.33493861141341147,0.33578849728676635,-0.0008498858733548831,-0.2537437740511431,8.0,14.0,0.0,-0.009765416527480975,-0.0008630475006319305,,POSTHOC_DESCRIPTIVE_ONLY
5,primary,month,2025-12,lightgbm_qlike,B1_over_B0,8220,22,132,2025-12-01,2025-12-31,0.33987153290824096,0.33827725448255663,0.001594278425684236,0.46908265956909717,0.33864356113005784,0.3367303063861404,0.0019132547439174585,0.5649759698760854,14.0,8.0,0.0,-0.01681402333653359,0.001865608381276973,,POSTHOC_DESCRIPTIVE_ONLY
5,primary,month,2025-12,lightgbm_qlike,B2_over_B1,8220,22,132,2025-12-01,2025-12-31,0.33827725448255663,0.3395183600193748,-0.001241105536818092,-0.3668900348374117,0.3367303063861404,0.33810193738981886,-0.0013716310036784862,-0.4073381509372041,9.0,13.0,0.0,-0.0181027269494628,-0.0006189013355070161,,POSTHOC_DESCRIPTIVE_ONLY
5,primary,month,2026-01,log_ridge_harq,B1_over_B0,7677,20,120,2026-01-02,2026-01-30,0.3522955188389708,0.3497910987080684,0.002504420130902449,0.7108861728233288,0.352801005934963,0.35032968039919743,0.0024713255357655672,0.7004871001476518,13.0,7.0,0.0,-0.004756171555209576,0.002391650279117974,,POSTHOC_DESCRIPTIVE_ONLY
5,primary,month,2026-01,log_ridge_harq,B2_over_B1,7677,20,120,2026-01-02,2026-01-30,0.3497910987080684,0.3485370630434347,0.0012540356646337071,0.35850988468986483,0.35032968039919743,0.34916668794320066,0.0011629924559967697,0.33197086089638494,13.0,7.0,0.0,-0.005251323569170019,0.0017061011129084758,,POSTHOC_DESCRIPTIVE_ONLY
5,primary,month,2026-01,lightgbm_qlike,B1_over_B0,7677,20,120,2026-01-02,2026-01-30,0.3523991423019715,0.35107793127227654,0.001321211029695028,0.37491891185219733,0.3527395878961525,0.35154013165505243,0.001199456241100072,0.34004015490690975,11.0,9.0,0.0,-0.009375385575025652,0.0008262275621317983,,POSTHOC_DESCRIPTIVE_ONLY
5,primary,month,2026-01,lightgbm_qlike,B2_over_B1,7677,20,120,2026-01-02,2026-01-30,0.35107793127227654,0.35134538112629443,-0.0002674498540179333,-0.0761796257169221,0.35154013165505243,0.35190152048495976,-0.00036138882990732757,-0.10280158575520451,10.0,10.0,0.0,-0.02973148276719917,-0.00013748508370270418,,POSTHOC_DESCRIPTIVE_ONLY
5,primary,month,2026-02,log_ridge_harq,B1_over_B0,7193,19,114,2026-02-02,2026-02-27,0.3067313552817403,0.3073451358564589,-0.0006137805747185743,-0.20010362949519844,0.30901124468296176,0.3101601587211768,-0.0011489140382150431,-0.3718033107156996,13.0,6.0,0.0,-0.039382775451220764,0.0021388343187450087,,POSTHOC_DESCRIPTIVE_ONLY
5,primary,month,2026-02,log_ridge_harq,B2_over_B1,7193,19,114,2026-02-02,2026-02-27,0.3073451358564589,0.30677058200437823,0.0005745538520806175,0.1869409289590822,0.3101601587211768,0.30952118938373513,0.0006389693374416749,0.20601270649209533,11.0,8.0,0.0,-0.007886626921453532,0.00033202278694755005,,POSTHOC_DESCRIPTIVE_ONLY
5,primary,month,2026-02,lightgbm_qlike,B1_over_B0,7193,19,114,2026-02-02,2026-02-27,0.30894949103393654,0.30910630013557483,-0.0001568091016382909,-0.050755578561890634,0.3122387600314849,0.3124146909787656,-0.00017593094728074465,-0.056345005745924846,9.0,10.0,0.0,-0.009969708438098579,-0.00017264443299336296,,POSTHOC_DESCRIPTIVE_ONLY
5,primary,month,2026-02,lightgbm_qlike,B2_over_B1,7193,19,114,2026-02-02,2026-02-27,0.30910630013557483,0.30857150879963113,0.000534791335943663,0.17301211127340405,0.3124146909787656,0.3122842069431792,0.00013048403558640898,0.04176629312072837,11.0,8.0,0.0,-0.0063472480049752145,0.0008975521942426179,,POSTHOC_DESCRIPTIVE_ONLY
5,primary,month,2026-03,log_ridge_harq,B1_over_B0,8526,22,132,2026-03-02,2026-03-31,0.4129602455331237,0.4122039365053532,0.0007563090277704556,0.1831433015529316,0.412851938387913,0.41212799433725544,0.0007239440506575656,0.17535198053917153,13.0,9.0,0.0,-0.007841931025146742,0.0012015731238792793,,POSTHOC_DESCRIPTIVE_ONLY
5,primary,month,2026-03,log_ridge_harq,B2_over_B1,8526,22,132,2026-03-02,2026-03-31,0.4122039365053532,0.4113178475850145,0.0008860889203387436,0.21496372107723336,0.41212799433725544,0.4112775595975391,0.0008504347397163547,0.20635209240855915,10.0,12.0,0.0,-0.0076189807334804405,-0.0004183746083732953,,POSTHOC_DESCRIPTIVE_ONLY
5,primary,month,2026-03,lightgbm_qlike,B1_over_B0,8526,22,132,2026-03-02,2026-03-31,0.4118541024456087,0.40468459068475066,0.007169511760858053,1.7407892062468626,0.41183083103074,0.40465774155963674,0.007173089471103233,1.741756306381981,17.0,5.0,0.0,-0.014962407272703038,0.006334203401980293,,POSTHOC_DESCRIPTIVE_ONLY
5,primary,month,2026-03,lightgbm_qlike,B2_over_B1,8526,22,132,2026-03-02,2026-03-31,0.40468459068475066,0.40648182586141224,-0.0017972351766616455,-0.4441076379065028,0.40465774155963674,0.40642434819892875,-0.0017666066392920121,-0.4365681062922794,6.0,16.0,0.0,-0.012758056265657791,-0.0014019117561610839,,POSTHOC_DESCRIPTIVE_ONLY
5,primary,month,2026-04,log_ridge_harq,B1_over_B0,8190,21,126,2026-04-01,2026-04-30,0.35060121971614705,0.34918790220931534,0.0014133175068316755,0.4031125470629915,0.3506012197161471,0.3491879022093154,0.0014133175068317128,0.40311254706300204,12.0,9.0,0.0,-0.007217141591300158,0.0012127030762332791,,POSTHOC_DESCRIPTIVE_ONLY
5,primary,month,2026-04,log_ridge_harq,B2_over_B1,8190,21,126,2026-04-01,2026-04-30,0.34918790220931534,0.3462803741779757,0.0029075280313397107,0.8326542852555177,0.3491879022093154,0.3462803741779757,0.002907528031339701,0.8326542852555149,18.0,3.0,0.0,-0.01111811438347493,0.0021974412316456693,,POSTHOC_DESCRIPTIVE_ONLY
5,primary,month,2026-04,lightgbm_qlike,B1_over_B0,8190,21,126,2026-04-01,2026-04-30,0.34981618408206705,0.34921292506706947,0.0006032590149975622,0.1724502874504049,0.34981618408206705,0.3492129250670694,0.0006032590149976369,0.17245028745042626,10.0,11.0,0.0,-0.017498320839966885,-0.000269986721478932,,POSTHOC_DESCRIPTIVE_ONLY
5,primary,month,2026-04,lightgbm_qlike,B2_over_B1,8190,21,126,2026-04-01,2026-04-30,0.34921292506706947,0.3475087946425291,0.0017041304245404097,0.4879917958973357,0.3492129250670694,0.34750879464252904,0.0017041304245403732,0.4879917958973254,15.0,6.0,0.0,-0.007187857096260741,0.0017211547263160099,,POSTHOC_DESCRIPTIVE_ONLY
5,primary,month,2026-05,log_ridge_harq,B1_over_B0,7800,20,120,2026-05-01,2026-05-29,0.3617404751684963,0.3618053496500076,-6.487448151136008e-05,-0.01793398471131603,0.36174047516849617,0.3618053496500075,-6.487448151132336e-05,-0.017933984711305882,11.0,9.0,0.0,-0.021943309623499885,0.000409358468036608,,POSTHOC_DESCRIPTIVE_ONLY
5,primary,month,2026-05,log_ridge_harq,B2_over_B1,7800,20,120,2026-05-01,2026-05-29,0.3618053496500076,0.359706608594475,0.002098741055532598,0.5800746333803011,0.3618053496500075,0.35970660859447495,0.002098741055532538,0.5800746333802846,14.0,6.0,0.0,-0.0065155861863070985,0.0022451948635466568,,POSTHOC_DESCRIPTIVE_ONLY
5,primary,month,2026-05,lightgbm_qlike,B1_over_B0,7800,20,120,2026-05-01,2026-05-29,0.3571770878050493,0.35536417566522543,0.0018129121398238726,0.5075667509819044,0.35717708780504936,0.3553641756652254,0.0018129121398239856,0.5075667509819359,13.0,7.0,0.0,-0.005838743369087851,0.0015074429607910833,,POSTHOC_DESCRIPTIVE_ONLY
5,primary,month,2026-05,lightgbm_qlike,B2_over_B1,7800,20,120,2026-05-01,2026-05-29,0.35536417566522543,0.3538056927922845,0.0015584828729409482,0.43855936519868377,0.3553641756652254,0.35380569279228447,0.001558482872940914,0.4385593651986742,11.0,9.0,0.0,-0.004430404431653934,0.0002606829944626632,,POSTHOC_DESCRIPTIVE_ONLY
5,primary,month,2026-06,log_ridge_harq,B1_over_B0,8190,21,126,2026-06-01,2026-06-30,0.4017684415080047,0.4012327344569821,0.0005357070510226004,0.13333726487124478,0.40176844150800484,0.4012327344569821,0.000535707051022738,0.13333726487127898,11.0,10.0,0.0,-0.026195671178420143,2.7810597351130006e-05,,POSTHOC_DESCRIPTIVE_ONLY
5,primary,month,2026-06,log_ridge_harq,B2_over_B1,8190,21,126,2026-06-01,2026-06-30,0.4012327344569821,0.4019751598234706,-0.0007424253664884489,-0.1850360907101032,0.4012327344569821,0.40197515982347065,-0.0007424253664885527,-0.18503609071012908,11.0,10.0,0.0,-0.033249057688772954,0.0002609240210086905,,POSTHOC_DESCRIPTIVE_ONLY
5,primary,month,2026-06,lightgbm_qlike,B1_over_B0,8190,21,126,2026-06-01,2026-06-30,0.39321991561941166,0.3987850936305484,-0.005565178011136823,-1.415283862815135,0.3932199156194116,0.3987850936305485,-0.005565178011136873,-1.4152838628151478,11.0,10.0,0.0,-0.09760604493072744,0.000181246088077347,,POSTHOC_DESCRIPTIVE_ONLY
5,primary,month,2026-06,lightgbm_qlike,B2_over_B1,8190,21,126,2026-06-01,2026-06-30,0.3987850936305484,0.39944864032415117,-0.0006635466936027569,-0.16639205030504348,0.3987850936305485,0.3994486403241513,-0.0006635466936028012,-0.16639205030505455,8.0,13.0,0.0,-0.01622002287621027,-0.0008117009647742313,,POSTHOC_DESCRIPTIVE_ONLY
5,primary,month,2026-07,log_ridge_harq,B1_over_B0,8580,22,132,2026-07-01,2026-07-31,0.34609949410184554,0.3466082823713734,-0.0005087882695279233,-0.1470063603670579,0.34609949410184554,0.3466082823713734,-0.0005087882695278823,-0.14700636036704604,10.0,12.0,0.0,-0.0090879086117156,-0.00031675687062618363,,POSTHOC_DESCRIPTIVE_ONLY
5,primary,month,2026-07,log_ridge_harq,B2_over_B1,8580,22,132,2026-07-01,2026-07-31,0.3466082823713734,0.34624168782970943,0.0003665945416640651,0.10576623823180237,0.3466082823713734,0.3462416878297094,0.0003665945416640448,0.10576623823179652,14.0,8.0,0.0,-0.026058534493738406,0.0019162854340537272,,POSTHOC_DESCRIPTIVE_ONLY
5,primary,month,2026-07,lightgbm_qlike,B1_over_B0,8580,22,132,2026-07-01,2026-07-31,0.34529001203770154,0.34616527632619876,-0.0008752642884972155,-0.2534867091381859,0.34529001203770154,0.3461652763261987,-0.0008752642884971573,-0.253486709138169,11.0,11.0,0.0,-0.02478986405036182,0.0004916609829531682,,POSTHOC_DESCRIPTIVE_ONLY
5,primary,month,2026-07,lightgbm_qlike,B2_over_B1,8580,22,132,2026-07-01,2026-07-31,0.34616527632619876,0.34531525809313535,0.000850018233063418,0.24555271461208839,0.3461652763261987,0.34531525809313535,0.0008500182330633543,0.24555271461207004,12.0,10.0,0.0,-0.0078010992973128745,0.0006950092475214165,,POSTHOC_DESCRIPTIVE_ONLY
5,primary,training_size_tercile,T1,log_ridge_harq,B1_over_B0,53918,140,840,2024-10-28,2025-06-20,0.337210278603602,0.33536390911760505,0.0018463694859969055,0.5475424692398991,0.3368938274485544,0.3350032552441282,0.0018905722044261775,0.5611774542574184,70.0,70.0,0.0,-0.03891829815088657,9.154078809525679e-06,,POSTHOC_DESCRIPTIVE_ONLY
5,primary,training_size_tercile,T1,log_ridge_harq,B2_over_B1,53918,140,840,2024-10-28,2025-06-20,0.33536390911760505,0.33411310618475676,0.0012508029328482638,0.3729688552770398,0.3350032552441282,0.3337657448690447,0.001237510375083517,0.36940249257628893,86.0,54.0,0.0,-0.06763726083592214,0.0010941982338385225,,POSTHOC_DESCRIPTIVE_ONLY
5,primary,training_size_tercile,T1,lightgbm_qlike,B1_over_B0,53918,140,840,2024-10-28,2025-06-20,0.35241751968645113,0.34816242645248696,0.0042550932339641525,1.2074011637531372,0.3516823034368452,0.3474536051154185,0.004228698321426694,1.2024199910263837,88.0,52.0,0.0,-0.03209598862455554,0.0014935271257593696,,POSTHOC_DESCRIPTIVE_ONLY
5,primary,training_size_tercile,T1,lightgbm_qlike,B2_over_B1,53918,140,840,2024-10-28,2025-06-20,0.34816242645248696,0.34804031811297775,0.00012210833950928527,0.03507223359897774,0.3474536051154185,0.34737766592310276,7.593919231574375e-05,0.021855922977261372,81.0,59.0,0.0,-0.3267034981940913,0.0014167289531534233,,POSTHOC_DESCRIPTIVE_ONLY
5,primary,training_size_tercile,T2,log_ridge_harq,B1_over_B0,52662,139,834,2025-06-23,2026-01-08,0.34586923830795796,0.3442960559585664,0.0015731823493915743,0.4548488778845463,0.34489740658837126,0.3433192906730355,0.0015781159153357427,0.45756096891131315,86.0,53.0,0.0,-0.010951245785248864,0.0010369289225122813,,POSTHOC_DESCRIPTIVE_ONLY
5,primary,training_size_tercile,T2,log_ridge_harq,B2_over_B1,52662,139,834,2025-06-23,2026-01-08,0.3442960559585664,0.3438353426995311,0.00046071325903537824,0.13381310969499513,0.3433192906730355,0.3429071082058896,0.0004121824671459162,0.12005805625949036,79.0,60.0,0.0,-0.06001420118493467,0.0007551586454624393,,POSTHOC_DESCRIPTIVE_ONLY
5,primary,training_size_tercile,T2,lightgbm_qlike,B1_over_B0,52662,139,834,2025-06-23,2026-01-08,0.3463772295694405,0.3455176480425278,0.0008595815269126239,0.24816340496201642,0.34534795303474247,0.3444149204835742,0.000933032551168278,0.27017173345585566,71.0,68.0,0.0,-0.028685317421302536,0.00013184504376717587,,POSTHOC_DESCRIPTIVE_ONLY
5,primary,training_size_tercile,T2,lightgbm_qlike,B2_over_B1,52662,139,834,2025-06-23,2026-01-08,0.3455176480425278,0.34416795316527404,0.001349694877253824,0.3906297941365061,0.3444149204835742,0.3430721646373481,0.001342755846226118,0.38986575968916437,91.0,48.0,0.0,-0.02973148276719917,0.001414654656672898,,POSTHOC_DESCRIPTIVE_ONLY
5,primary,training_size_tercile,T3,log_ridge_harq,B1_over_B0,54252,140,840,2026-01-09,2026-07-31,0.3647801435469198,0.364217149289904,0.0005629942570157765,0.15433796684806708,0.3649903276536717,0.3645079170606337,0.00048241059303799627,0.1321707882340765,80.0,60.0,0.0,-0.039382775451220764,0.0009863993460370868,,POSTHOC_DESCRIPTIVE_ONLY
5,primary,training_size_tercile,T3,log_ridge_harq,B2_over_B1,54252,140,840,2026-01-09,2026-07-31,0.364217149289904,0.3631899567084812,0.0010271925814228182,0.28202751666841724,0.3645079170606337,0.3634879831805419,0.0010199338800918056,0.27981117346270035,88.0,52.0,0.0,-0.033249057688772954,0.0014203011430577728,,POSTHOC_DESCRIPTIVE_ONLY
5,primary,training_size_tercile,T3,lightgbm_qlike,B1_over_B0,54252,140,840,2026-01-09,2026-07-31,0.36247091370745277,0.3619519535677957,0.0005189601396570355,0.14317290575096567,0.36283575083077874,0.36232552954674774,0.0005102212840309983,0.14062045508546317,79.0,61.0,0.0,-0.09760604493072744,0.0009882118831858466,,POSTHOC_DESCRIPTIVE_ONLY
5,primary,training_size_tercile,T3,lightgbm_qlike,B2_over_B1,54252,140,840,2026-01-09,2026-07-31,0.3619519535677957,0.36160838843251264,0.0003435651352830693,0.09492009419938593,0.36232552954674774,0.3620467463109771,0.0002787832357706299,0.07694275259029489,69.0,71.0,0.0,-0.01622002287621027,-0.0001164715767025537,,POSTHOC_DESCRIPTIVE_ONLY
5,primary,calendar_early,2024-10-28_to_2025-02-28,log_ridge_harq,B1_over_B0,24528,64,384,2024-10-28,2025-02-28,0.32047885005919247,0.3213616922801883,-0.0008828422209958381,-0.2754759700469398,0.3201078598527586,0.32083364638021217,-0.0007257865274535868,-0.22673186712360954,27.0,37.0,0.0,-0.02764378337067319,-0.0007102878668877599,,POSTHOC_DESCRIPTIVE_ONLY
5,primary,calendar_early,2024-10-28_to_2025-02-28,log_ridge_harq,B2_over_B1,24528,64,384,2024-10-28,2025-02-28,0.3213616922801883,0.3201403739875175,0.001221318292670831,0.38004476638304174,0.32083364638021217,0.31969177418736217,0.001141872192850002,0.3559078686830735,40.0,24.0,0.0,-0.016912173475673198,0.0008721241957164172,,POSTHOC_DESCRIPTIVE_ONLY
5,primary,calendar_early,2024-10-28_to_2025-02-28,lightgbm_qlike,B1_over_B0,24528,64,384,2024-10-28,2025-02-28,0.32617075364324877,0.32672589603080215,-0.000555142387553396,-0.17019992790665295,0.3253095988177046,0.32589462841972494,-0.0005850296020203372,-0.17983779272008915,36.0,28.0,0.0,-0.022534891968035375,0.0005835418495921951,,POSTHOC_DESCRIPTIVE_ONLY
5,primary,calendar_early,2024-10-28_to_2025-02-28,lightgbm_qlike,B2_over_B1,24528,64,384,2024-10-28,2025-02-28,0.32672589603080215,0.3263831259589192,0.00034277007188294155,0.10491059204276444,0.32589462841972494,0.3255411552667914,0.00035347315293354775,0.10846240536321573,41.0,23.0,0.0,-0.05396311785629915,0.0020436117638673867,,POSTHOC_DESCRIPTIVE_ONLY
5,primary,tariff_calendar,four_days_all,log_ridge_harq,B1_over_B0,1560,4,24,2025-04-07,2025-04-10,0.8105784641366558,0.762219176434978,0.048359287701677654,5.966021778432635,0.8105784641366558,0.762219176434978,0.048359287701677744,5.966021778432646,3.0,1.0,0.0,-0.018213280730869252,0.03077845682888014,,POSTHOC_DESCRIPTIVE_ONLY
5,primary,tariff_calendar,four_days_all,log_ridge_harq,B2_over_B1,1560,4,24,2025-04-07,2025-04-10,0.762219176434978,0.7745378709210894,-0.012318694486111193,-1.616161711350233,0.762219176434978,0.7745378709210892,-0.012318694486111115,-1.6161617113502227,2.0,2.0,0.0,-0.06763726083592214,0.002636627967907812,,POSTHOC_DESCRIPTIVE_ONLY
5,primary,tariff_calendar,four_days_all,lightgbm_qlike,B1_over_B0,1560,4,24,2025-04-07,2025-04-10,1.2445204848902742,1.1461456081535155,0.09837487673675854,7.904641018860527,1.2445204848902742,1.1461456081535157,0.09837487673675849,7.904641018860523,2.0,2.0,0.0,-0.03209598862455554,-0.011241745729012376,,POSTHOC_DESCRIPTIVE_ONLY
5,primary,tariff_calendar,four_days_all,lightgbm_qlike,B2_over_B1,1560,4,24,2025-04-07,2025-04-10,1.1461456081535155,1.1609598898684907,-0.01481428171497508,-1.2925305135393272,1.1461456081535157,1.1609598898684905,-0.014814281714974786,-1.2925305135393015,2.0,2.0,0.0,-0.3267034981940913,-0.0043786107913996175,,POSTHOC_DESCRIPTIVE_ONLY
5,primary,tariff_calendar,four_days_first_market_hour_origin_lt60,log_ridge_harq,B1_over_B0,120,4,24,2025-04-07,2025-04-10,2.074231628431112,1.9102072554380263,0.16402437299308606,7.907717284069633,2.074231628431112,1.910207255438026,0.16402437299308614,7.907717284069638,1.0,3.0,0.0,-0.050490099316126025,-0.01790377506637321,,POSTHOC_DESCRIPTIVE_ONLY
5,primary,tariff_calendar,four_days_first_market_hour_origin_lt60,log_ridge_harq,B2_over_B1,120,4,24,2025-04-07,2025-04-10,1.9102072554380263,1.9023274124394265,0.007879842998599538,0.41251246304122247,1.910207255438026,1.9023274124394265,0.007879842998599562,0.4125124630412238,3.0,1.0,0.0,-0.0018642432017349497,0.003924767785098468,,POSTHOC_DESCRIPTIVE_ONLY
5,primary,tariff_calendar,four_days_first_market_hour_origin_lt60,lightgbm_qlike,B1_over_B0,120,4,24,2025-04-07,2025-04-10,4.223693601425724,3.5482808417188947,0.6754127597068301,15.99104536083872,4.223693601425724,3.5482808417188947,0.6754127597068296,15.991045360838708,2.0,2.0,0.0,-0.24794805312969725,-0.042369575318116345,,POSTHOC_DESCRIPTIVE_ONLY
5,primary,tariff_calendar,four_days_first_market_hour_origin_lt60,lightgbm_qlike,B2_over_B1,120,4,24,2025-04-07,2025-04-10,3.5482808417188947,3.9479073451693543,-0.3996265034504591,-11.262538713166455,3.5482808417188947,3.947907345169354,-0.39962650345045914,-11.262538713166458,2.0,2.0,0.0,-1.6853517455451321,0.004245313746259791,,POSTHOC_DESCRIPTIVE_ONLY
5,primary,tariff_calendar,four_days_first_observed_hour_origin35_94,log_ridge_harq,B1_over_B0,288,4,24,2025-04-07,2025-04-10,1.1028189484517277,1.0401525775294893,0.0626663709222382,5.682380685444055,1.1028189484517277,1.0401525775294895,0.06266637092223815,5.68238068544405,2.0,2.0,0.0,-0.03676626366331917,-0.010166760431921149,,POSTHOC_DESCRIPTIVE_ONLY
5,primary,tariff_calendar,four_days_first_observed_hour_origin35_94,log_ridge_harq,B2_over_B1,288,4,24,2025-04-07,2025-04-10,1.0401525775294893,1.028340904937818,0.0118116725916714,1.135571150506189,1.0401525775294895,1.028340904937818,0.011811672591671485,1.1355711505061967,4.0,0.0,0.0,0.00562607647555699,0.013767737628925025,,POSTHOC_DESCRIPTIVE_ONLY
5,primary,tariff_calendar,four_days_first_observed_hour_origin35_94,lightgbm_qlike,B1_over_B0,288,4,24,2025-04-07,2025-04-10,2.2402996596748253,1.8596168311184573,0.3806828285563678,16.992495932960285,2.2402996596748253,1.8596168311184569,0.38068282855636837,16.99249593296031,2.0,2.0,0.0,-0.15771236774337383,-0.008209468401936898,,POSTHOC_DESCRIPTIVE_ONLY
5,primary,tariff_calendar,four_days_first_observed_hour_origin35_94,lightgbm_qlike,B2_over_B1,288,4,24,2025-04-07,2025-04-10,1.8596168311184573,2.1356240971332126,-0.276007266014755,-14.842157878768596,1.8596168311184569,2.135624097133212,-0.2760072660147552,-14.84215787876861,2.0,2.0,0.0,-1.1441678218457696,1.4424210719135577e-05,,POSTHOC_DESCRIPTIVE_ONLY
5,primary,tariff_calendar,outside_four_days_first_market_hour_origin_lt60,log_ridge_harq,B1_over_B0,12331,415,2485,2024-10-28,2026-07-31,0.2774294050257053,0.27881460587997314,-0.0013852008542678345,-0.4992984987079825,0.27827124471393716,0.2796642378988622,-0.0013929931849250288,-0.5005882610533566,185.0,230.0,0.0,-0.04123552027195987,-0.0012042224443296334,,POSTHOC_DESCRIPTIVE_ONLY
5,primary,tariff_calendar,outside_four_days_first_market_hour_origin_lt60,log_ridge_harq,B2_over_B1,12331,415,2485,2024-10-28,2026-07-31,0.27881460587997314,0.27848399004241836,0.0003306158375547533,0.11857909542123486,0.2796642378988622,0.27930573199626796,0.00035850590259423054,0.1281915432905228,195.0,220.0,0.0,-0.04697208531140956,-0.00044959482034195863,,POSTHOC_DESCRIPTIVE_ONLY
5,primary,tariff_calendar,outside_four_days_first_market_hour_origin_lt60,lightgbm_qlike,B1_over_B0,12331,415,2485,2024-10-28,2026-07-31,0.2815828305001032,0.2800813104561736,0.0015015200439295845,0.5332427553422986,0.28244863002348347,0.28083501854968246,0.0016136114738010132,0.5712937866495772,226.0,189.0,0.0,-0.0748736818001082,0.0011779203095659274,,POSTHOC_DESCRIPTIVE_ONLY
5,primary,tariff_calendar,outside_four_days_first_market_hour_origin_lt60,lightgbm_qlike,B2_over_B1,12331,415,2485,2024-10-28,2026-07-31,0.2800813104561736,0.2795870393462982,0.0004942711098754387,0.17647414926415841,0.28083501854968246,0.28037199384102635,0.00046302470865611234,0.16487427780456756,218.0,197.0,0.0,-0.15717001949611514,0.0004992383880320639,,POSTHOC_DESCRIPTIVE_ONLY
5,primary,tariff_calendar,outside_four_days_remainder_origin_ge60,log_ridge_harq,B1_over_B0,146941,415,2490,2024-10-28,2026-07-31,0.3504837831497337,0.3494317727089404,0.0010520104407933774,0.3001595198896656,0.3500048280802401,0.34896221583325476,0.0010426122469853194,0.2978851042438466,242.0,173.0,0.0,-0.04288936278219796,0.0007360808490625148,,POSTHOC_DESCRIPTIVE_ONLY
5,primary,tariff_calendar,outside_four_days_remainder_origin_ge60,log_ridge_harq,B2_over_B1,146941,415,2490,2024-10-28,2026-07-31,0.3494317727089404,0.3483254071226613,0.0011063655862790529,0.31661848540619153,0.34896221583325476,0.3479125074293244,0.0010497084039303717,0.30080861374171114,250.0,165.0,0.0,-0.06450270053779172,0.0012249923790970119,,POSTHOC_DESCRIPTIVE_ONLY
5,primary,tariff_calendar,outside_four_days_remainder_origin_ge60,lightgbm_qlike,B1_over_B0,146941,415,2490,2024-10-28,2026-07-31,0.35043784689889873,0.34954723111783836,0.000890615781060332,0.25414372018935344,0.34991815080332955,0.3490041266381919,0.0009140241651376391,0.26121084689069574,230.0,185.0,0.0,-0.1065569468590104,0.0008948616406915799,,POSTHOC_DESCRIPTIVE_ONLY
5,primary,tariff_calendar,outside_four_days_remainder_origin_ge60,lightgbm_qlike,B2_over_B1,146941,415,2490,2024-10-28,2026-07-31,0.34954723111783836,0.34877606454612275,0.0007711665717156318,0.22061870415894047,0.3490041266381919,0.34828628297946146,0.0007178436587304549,0.20568343006288695,239.0,176.0,0.0,-0.0574153447581105,0.000792840929261851,,POSTHOC_DESCRIPTIVE_ONLY
5,primary,tariff_calendar,outside_four_days_first_observed_hour_origin35_94,log_ridge_harq,B1_over_B0,29648,415,2489,2024-10-28,2026-07-31,0.2940039597864157,0.2942736334397986,-0.0002696736533829112,-0.09172449703698561,0.29368406661287894,0.2939477603618622,-0.0002636937489832736,-0.08978823809698289,202.0,213.0,0.0,-0.03334241489147699,-0.00022598993481837137,,POSTHOC_DESCRIPTIVE_ONLY
5,primary,tariff_calendar,outside_four_days_first_observed_hour_origin35_94,log_ridge_harq,B2_over_B1,29648,415,2489,2024-10-28,2026-07-31,0.2942736334397986,0.2934299334939753,0.0008436999458233908,0.2867059260326127,0.2939477603618622,0.2931399935331506,0.0008077668287115869,0.2747994499829465,225.0,190.0,0.0,-0.057982158410503803,0.0006699208729365747,,POSTHOC_DESCRIPTIVE_ONLY
5,primary,tariff_calendar,outside_four_days_first_observed_hour_origin35_94,lightgbm_qlike,B1_over_B0,29648,415,2489,2024-10-28,2026-07-31,0.29845171807870136,0.2972514242895001,0.001200293789201263,0.40217352305030024,0.2980661789010982,0.29683904613637796,0.0012271327647202512,0.411698089747857,236.0,179.0,0.0,-0.050450301805806064,0.0012949570306458602,,POSTHOC_DESCRIPTIVE_ONLY
5,primary,tariff_calendar,outside_four_days_first_observed_hour_origin35_94,lightgbm_qlike,B2_over_B1,29648,415,2489,2024-10-28,2026-07-31,0.2972514242895001,0.29617661630450637,0.0010748079849936796,0.3615821143877511,0.29683904613637796,0.2957656168545535,0.0010734292818244673,0.36161997412270935,231.0,184.0,0.0,-0.13316537193601719,0.0009080534099039639,,POSTHOC_DESCRIPTIVE_ONLY
5,primary,tariff_calendar,outside_four_days_remainder_origin_ge95,log_ridge_harq,B1_over_B0,129624,415,2490,2024-10-28,2026-07-31,0.3564524329864018,0.3553299723392829,0.0011224606471188945,0.3148977376068899,0.355961381133204,0.3548590053586203,0.0011023757745837193,0.30968971158452724,234.0,181.0,0.0,-0.04878980865610261,0.0007307602201922503,,POSTHOC_DESCRIPTIVE_ONLY
5,primary,tariff_calendar,outside_four_days_remainder_origin_ge95,log_ridge_harq,B2_over_B1,129624,415,2490,2024-10-28,2026-07-31,0.3553299723392829,0.35423732534865965,0.0010926469906232337,0.30750206165550587,0.3548590053586203,0.35381249840250756,0.0010465069561127471,0.2949078198128713,250.0,165.0,0.0,-0.07246807364098318,0.001059577970995762,,POSTHOC_DESCRIPTIVE_ONLY
5,primary,tariff_calendar,outside_four_days_remainder_origin_ge95,lightgbm_qlike,B1_over_B0,129624,415,2490,2024-10-28,2026-07-31,0.355778166130273,0.35490026615122405,0.0008778999790489639,0.24675487779300903,0.3552244529994775,0.3543417395162774,0.000882713483200126,0.2484945717409337,222.0,193.0,0.0,-0.11779494188723194,0.0006456989144684733,,POSTHOC_DESCRIPTIVE_ONLY
5,primary,tariff_calendar,outside_four_days_remainder_origin_ge95,lightgbm_qlike,B2_over_B1,129624,415,2490,2024-10-28,2026-07-31,0.35490026615122405,0.35422489016274006,0.000675375988483985,0.19030022034308794,0.3543417395162774,0.3537147357462982,0.0006270037699792064,0.17694888861672015,228.0,187.0,0.0,-0.06414958623445477,0.0006016382913401896,,POSTHOC_DESCRIPTIVE_ONLY
5,primary,window_empty_5m,inside,log_ridge_harq,B1_over_B0,412,6,25,2025-05-15,2026-07-23,0.32870269362480775,0.3401032721740872,-0.011400578549279443,-3.4683556814086973,0.19075433160362065,0.21537479301348747,-0.024620461409866817,-12.906895063870468,1.0,5.0,0.0,-0.07562738358260107,-0.009514694217645836,,POSTHOC_DESCRIPTIVE_ONLY
5,primary,window_empty_5m,inside,log_ridge_harq,B2_over_B1,412,6,25,2025-05-15,2026-07-23,0.3401032721740872,0.400431986588499,-0.060328714414411844,-17.738351656767254,0.21537479301348747,0.3211788517283399,-0.1058040587148524,-49.125553289899905,1.0,5.0,0.0,-0.43565844017272265,-0.06604466392988667,,POSTHOC_DESCRIPTIVE_ONLY
5,primary,window_empty_5m,inside,lightgbm_qlike,B1_over_B0,412,6,25,2025-05-15,2026-07-23,0.3256267239072785,0.342869026248398,-0.01724230234111957,-5.295112801008703,0.19126045047015885,0.1811877129248508,0.010072737545308047,5.266503095933904,5.0,1.0,0.0,-0.019034299480036154,0.0099401283341694,,POSTHOC_DESCRIPTIVE_ONLY
5,primary,window_empty_5m,inside,lightgbm_qlike,B2_over_B1,412,6,25,2025-05-15,2026-07-23,0.342869026248398,0.3510490384671483,-0.008180012218750277,-2.385754207154341,0.1811877129248508,0.18767266720632914,-0.006484954281478328,-3.5791357906085053,1.0,5.0,0.0,-0.017468589613949148,-0.007455087311849205,,POSTHOC_DESCRIPTIVE_ONLY
5,primary,window_empty_5m,outside,log_ridge_harq,B1_over_B0,160420,418,2508,2024-10-28,2026-07-31,0.3493984320375063,0.3480417428365117,0.0013566892009946594,0.3882928704296604,0.3489991447690655,0.3476462490305059,0.001352895738559623,0.3876501587001999,236.0,182.0,0.0,-0.039382775451220764,0.0008985798503194364,,POSTHOC_DESCRIPTIVE_ONLY
5,primary,window_empty_5m,outside,log_ridge_harq,B2_over_B1,160420,418,2508,2024-10-28,2026-07-31,0.3480417428365117,0.34696777726833605,0.001073965568175553,0.30857378181789963,0.3476462490305059,0.3465959655315333,0.0010502834989725707,0.30211270850801225,253.0,165.0,0.0,-0.06763726083592214,0.0010612465700609586,,POSTHOC_DESCRIPTIVE_ONLY
5,primary,window_empty_5m,outside,lightgbm_qlike,B1_over_B0,160420,418,2508,2024-10-28,2026-07-31,0.3539033742067502,0.35197124695690385,0.001932127249846444,0.5459476768700419,0.3533908687393372,0.3514508960036822,0.001939972735655049,0.5489594970508369,238.0,180.0,0.0,-0.09760604493072744,0.0008843066943699796,,POSTHOC_DESCRIPTIVE_ONLY
5,primary,window_empty_5m,outside,lightgbm_qlike,B2_over_B1,160420,418,2508,2024-10-28,2026-07-31,0.35197124695690385,0.35134993583716123,0.0006213111197425802,0.1765232600998953,0.3514508960036822,0.3508621543001242,0.0005887417035579934,0.16751748544463096,241.0,177.0,0.0,-0.3267034981940913,0.0009887027162859552,,POSTHOC_DESCRIPTIVE_ONLY
5,primary,window_empty_5m,unknown,log_ridge_harq,B1_over_B0,0,0,0,,,,,,,,,,,,,,,,,
5,primary,window_empty_5m,unknown,log_ridge_harq,B2_over_B1,0,0,0,,,,,,,,,,,,,,,,,
5,primary,window_empty_5m,unknown,lightgbm_qlike,B1_over_B0,0,0,0,,,,,,,,,,,,,,,,,
5,primary,window_empty_5m,unknown,lightgbm_qlike,B2_over_B1,0,0,0,,,,,,,,,,,,,,,,,
5,primary,window_empty_30m,inside,log_ridge_harq,B1_over_B0,384,2,7,2025-09-18,2025-10-20,0.33993104694401755,0.34978797783037135,-0.009856930886353773,-2.8996853847177686,0.22725022686347018,0.23304844622045084,-0.005798219356980661,-2.5514691171085944,0.0,2.0,0.0,-0.010951245785248864,-0.005798219356980661,,POSTHOC_DESCRIPTIVE_ONLY
5,primary,window_empty_30m,inside,log_ridge_harq,B2_over_B1,384,2,7,2025-09-18,2025-10-20,0.34978797783037135,0.40844108873053786,-0.058653110900166415,-16.76818947980255,0.23304844622045084,0.30298098765280823,-0.06993254143235739,-30.007726962575454,0.0,2.0,0.0,-0.07985088167978006,-0.06993254143235736,,POSTHOC_DESCRIPTIVE_ONLY
5,primary,window_empty_30m,inside,lightgbm_qlike,B1_over_B0,384,2,7,2025-09-18,2025-10-20,0.33676272577642213,0.35654934439300723,-0.01978661861658512,-5.875537018227344,0.2126406346403137,0.2221119917977301,-0.009471357157416399,-4.454161441644212,1.0,1.0,0.0,-0.019034299480036154,-0.009471357157416399,,POSTHOC_DESCRIPTIVE_ONLY
5,primary,window_empty_30m,inside,lightgbm_qlike,B2_over_B1,384,2,7,2025-09-18,2025-10-20,0.35654934439300723,0.3649553454374607,-0.008406001044453474,-2.3575982333564305,0.2221119917977301,0.2261448311447402,-0.004032839347010098,-1.8156783496330393,1.0,1.0,0.0,-0.009750270690101925,-0.0040328393470101115,,POSTHOC_DESCRIPTIVE_ONLY
5,primary,window_empty_30m,outside,log_ridge_harq,B1_over_B0,160448,418,2508,2024-10-28,2026-07-31,0.34936794759176604,0.3480171790890635,0.001350768502702558,0.3866320628476546,0.3489601380096823,0.3476141585183581,0.0013459794913242007,0.3857115311224616,236.0,182.0,0.0,-0.039382775451220764,0.0008985798503194364,,POSTHOC_DESCRIPTIVE_ONLY
5,primary,window_empty_30m,outside,log_ridge_harq,B2_over_B1,160448,418,2508,2024-10-28,2026-07-31,0.3480171790890635,0.34695793920639967,0.001059239882663844,0.30436425162585623,0.3476141585183581,0.34657443642499397,0.001039722093364115,0.29910234318295337,253.0,165.0,0.0,-0.06763726083592214,0.00104643490656392,,POSTHOC_DESCRIPTIVE_ONLY
5,primary,window_empty_30m,outside,lightgbm_qlike,B1_over_B0,160448,418,2508,2024-10-28,2026-07-31,0.3538717878303159,0.3519369174274153,0.0019348704029005911,0.5467715905706435,0.3533501881642571,0.35140740657250474,0.0019427815917523739,0.5498176191289473,238.0,180.0,0.0,-0.09760604493072744,0.0008843066943699796,,POSTHOC_DESCRIPTIVE_ONLY
5,primary,window_empty_30m,outside,lightgbm_qlike,B2_over_B1,160448,418,2508,2024-10-28,2026-07-31,0.3519369174274153,0.35131660137987314,0.0006203160475421924,0.17625773734582095,0.35140740657250474,0.35081906913818867,0.0005883374343160774,0.16742317415973065,241.0,177.0,0.0,-0.3267034981940913,0.0009887027162859552,,POSTHOC_DESCRIPTIVE_ONLY
5,primary,window_empty_30m,unknown,log_ridge_harq,B1_over_B0,0,0,0,,,,,,,,,,,,,,,,,
5,primary,window_empty_30m,unknown,log_ridge_harq,B2_over_B1,0,0,0,,,,,,,,,,,,,,,,,
5,primary,window_empty_30m,unknown,lightgbm_qlike,B1_over_B0,0,0,0,,,,,,,,,,,,,,,,,
5,primary,window_empty_30m,unknown,lightgbm_qlike,B2_over_B1,0,0,0,,,,,,,,,,,,,,,,,
5,primary,third_friday,inside,log_ridge_harq,B1_over_B0,6989,18,108,2024-11-15,2026-07-17,0.32068549913471356,0.31959425820387,0.001091240930843522,0.34028384002019174,0.3205767118423423,0.3194570444628697,0.0011196673794726109,0.34926659926041553,11.0,7.0,0.0,-0.0057690328149544445,0.0012704600889177353,,POSTHOC_DESCRIPTIVE_ONLY
5,primary,third_friday,inside,log_ridge_harq,B2_over_B1,6989,18,108,2024-11-15,2026-07-17,0.31959425820387,0.31859854849019564,0.00099570971367437,0.31155431867590194,0.3194570444628697,0.3184794321297647,0.0009776123331050046,0.3060230945129876,11.0,7.0,0.0,-0.0030666208888512625,0.0010940018809161012,,POSTHOC_DESCRIPTIVE_ONLY
5,primary,third_friday,inside,lightgbm_qlike,B1_over_B0,6989,18,108,2024-11-15,2026-07-17,0.3191537217558524,0.3208646486052129,-0.001710926849360478,-0.5360823743328647,0.319042107513029,0.32072472615106506,-0.0016826186380360375,-0.5273970420870928,8.0,10.0,0.0,-0.010604368695126765,-0.0005142119599464701,,POSTHOC_DESCRIPTIVE_ONLY
5,primary,third_friday,inside,lightgbm_qlike,B2_over_B1,6989,18,108,2024-11-15,2026-07-17,0.3208646486052129,0.31931581318136903,0.0015488354238438289,0.4827067832422677,0.32072472615106506,0.3191988121208928,0.0015259140301722707,0.4757706237633663,9.0,9.0,0.0,-0.006107005760507878,0.0005702794211924211,,POSTHOC_DESCRIPTIVE_ONLY
5,primary,third_friday,outside,log_ridge_harq,B1_over_B0,153843,401,2406,2024-10-28,2026-07-31,0.3506474199266633,0.3493128362251261,0.0013345837015372474,0.38060559573384883,0.35020982647614235,0.34888458535133904,0.0013252411248033114,0.3784134609065836,225.0,176.0,0.0,-0.039382775451220764,0.0008125632432152696,,POSTHOC_DESCRIPTIVE_ONLY
5,primary,third_friday,outside,log_ridge_harq,B2_over_B1,153843,401,2406,2024-10-28,2026-07-31,0.3493128362251261,0.34839975528599265,0.0009130809391334953,0.26139346867431756,0.34888458535133904,0.34799745683098504,0.0008871285203539969,0.25427564231897126,242.0,159.0,0.0,-0.06763726083592214,0.0010462176457196604,,POSTHOC_DESCRIPTIVE_ONLY
5,primary,third_friday,outside,lightgbm_qlike,B1_over_B0,153843,401,2406,2024-10-28,2026-07-31,0.3554063047336897,0.35336002578303216,0.0020462789506575253,0.5757576394686714,0.3548457235263392,0.3527922886014985,0.002053434924840669,0.57868385856093,230.0,171.0,0.0,-0.09760604493072744,0.0009556546660438592,,POSTHOC_DESCRIPTIVE_ONLY
5,primary,third_friday,outside,lightgbm_qlike,B2_over_B1,153843,401,2406,2024-10-28,2026-07-31,0.35336002578303216,0.3528044219920392,0.0005556037909929932,0.15723447771484528,0.3527922886014985,0.3522714962074476,0.0005207923940509507,0.14762011837487157,232.0,169.0,0.0,-0.3267034981940913,0.0009804116362912008,,POSTHOC_DESCRIPTIVE_ONLY
5,primary,third_friday,unknown,log_ridge_harq,B1_over_B0,0,0,0,,,,,,,,,,,,,,,,,
5,primary,third_friday,unknown,log_ridge_harq,B2_over_B1,0,0,0,,,,,,,,,,,,,,,,,
5,primary,third_friday,unknown,lightgbm_qlike,B1_over_B0,0,0,0,,,,,,,,,,,,,,,,,
5,primary,third_friday,unknown,lightgbm_qlike,B2_over_B1,0,0,0,,,,,,,,,,,,,,,,,
5,confirmation,all,all,log_ridge_harq,B1_over_B0,9750,25,150,2026-08-03,2026-09-04,0.41580565191006974,0.4158020518411787,3.6000688910269365e-06,0.0008658056653365447,0.4158056519100697,0.41580205184117863,3.6000688910520218e-06,0.0008658056653425778,15.0,10.0,0.0,-0.020753566385743993,0.0004105383080676428,,POSTHOC_DESCRIPTIVE_ONLY
5,confirmation,all,all,log_ridge_harq,B2_over_B1,9750,25,150,2026-08-03,2026-09-04,0.4158020518411787,0.4106942978916208,0.005107753949557884,1.22840999147086,0.41580205184117863,0.4106942978916208,0.005107753949557814,1.2284099914708433,15.0,10.0,0.0,-0.005780191789878764,0.0017658580191503015,,POSTHOC_DESCRIPTIVE_ONLY
5,confirmation,all,all,lightgbm_qlike,B1_over_B0,9750,25,150,2026-08-03,2026-09-04,0.41333202933258667,0.40783254419342607,0.005499485139160577,1.330524795777544,0.4133320293325866,0.40783254419342607,0.005499485139160543,1.330524795777536,17.0,8.0,0.0,-0.018604273606520616,0.003058816913176332,,POSTHOC_DESCRIPTIVE_ONLY
5,confirmation,all,all,lightgbm_qlike,B2_over_B1,9750,25,150,2026-08-03,2026-09-04,0.40783254419342607,0.411995113800007,-0.0041625696065808555,-1.0206565576597633,0.40783254419342607,0.41199511380000686,-0.0041625696065807904,-1.0206565576597473,14.0,11.0,0.0,-0.13294319906393515,0.00015529218180099225,,POSTHOC_DESCRIPTIVE_ONLY
5,confirmation,intraday,first_market_hour_origin_lt60,log_ridge_harq,B1_over_B0,750,25,150,2026-08-03,2026-09-04,0.30079992760256574,0.29926818885079687,0.0015317387517688986,0.5092217820586448,0.30079992760256574,0.29926818885079687,0.001531738751768874,0.5092217820586367,14.0,11.0,0.0,-0.007934017007030003,0.0010238228161563168,,POSTHOC_DESCRIPTIVE_ONLY
5,confirmation,intraday,first_market_hour_origin_lt60,log_ridge_harq,B2_over_B1,750,25,150,2026-08-03,2026-09-04,0.29926818885079687,0.2983220499098393,0.000946138940957541,0.31615085605682197,0.29926818885079687,0.29832204990983935,0.0009461389409575194,0.31615085605681476,12.0,13.0,0.0,-0.0157505857927302,-0.00027391259831166526,,POSTHOC_DESCRIPTIVE_ONLY
5,confirmation,intraday,first_market_hour_origin_lt60,lightgbm_qlike,B1_over_B0,750,25,150,2026-08-03,2026-09-04,0.29756154757197956,0.2960610765038524,0.0015004710681271493,0.504255701171936,0.29756154757197956,0.2960610765038524,0.0015004710681271738,0.5042557011719442,15.0,10.0,0.0,-0.02328619348712596,0.0009875320769257012,,POSTHOC_DESCRIPTIVE_ONLY
5,confirmation,intraday,first_market_hour_origin_lt60,lightgbm_qlike,B2_over_B1,750,25,150,2026-08-03,2026-09-04,0.2960610765038524,0.29499853894369166,0.0010625375601606836,0.3588913384724715,0.2960610765038524,0.2949985389436917,0.0010625375601606701,0.35889133847246696,10.0,15.0,0.0,-0.01604616830711414,-0.0016873499912042345,,POSTHOC_DESCRIPTIVE_ONLY
5,confirmation,intraday,middle_registered_origin60_299,log_ridge_harq,B1_over_B0,7200,25,150,2026-08-03,2026-09-04,0.41691633016695806,0.4155248499216629,0.0013914802452952098,0.33375527524622944,0.4169163301669581,0.41552484992166294,0.0013914802452951736,0.33375527524622073,15.0,10.0,0.0,-0.023033776022096664,0.0011068920811885818,,POSTHOC_DESCRIPTIVE_ONLY
5,confirmation,intraday,middle_registered_origin60_299,log_ridge_harq,B2_over_B1,7200,25,150,2026-08-03,2026-09-04,0.4155248499216629,0.4083132512637999,0.007211598657863017,1.7355396817356625,0.41552484992166294,0.4083132512637999,0.0072115986578630276,1.7355396817356648,17.0,8.0,0.0,-0.005877823623952727,0.0009887869927183712,,POSTHOC_DESCRIPTIVE_ONLY
5,confirmation,intraday,middle_registered_origin60_299,lightgbm_qlike,B1_over_B0,7200,25,150,2026-08-03,2026-09-04,0.4153722791425197,0.4085151508892006,0.006857128253319118,1.6508391622750413,0.41537227914251973,0.40851515088920065,0.006857128253319078,1.6508391622750316,18.0,7.0,0.0,-0.004338171139652847,0.002853538414459067,,POSTHOC_DESCRIPTIVE_ONLY
5,confirmation,intraday,middle_registered_origin60_299,lightgbm_qlike,B2_over_B1,7200,25,150,2026-08-03,2026-09-04,0.4085151508892006,0.41498159188470757,-0.006466440995507066,-1.5829133831222149,0.40851515088920065,0.41498159188470757,-0.006466440995506917,-1.5829133831221782,11.0,14.0,0.0,-0.17793571285687193,-0.00025425687825370025,,POSTHOC_DESCRIPTIVE_ONLY
5,confirmation,intraday,last_registered_block_origin_ge300,log_ridge_harq,B1_over_B0,1800,25,150,2026-08-03,2026-09-04,0.45928199067730935,0.4654666357652342,-0.006184645087924816,-1.3465899411392632,0.45928199067730935,0.4654666357652343,-0.006184645087924934,-1.3465899411392888,10.0,15.0,0.0,-0.1143491663953502,-0.0020072672067340536,,POSTHOC_DESCRIPTIVE_ONLY
5,confirmation,intraday,last_registered_block_origin_ge300,log_ridge_harq,B2_over_B1,1800,25,150,2026-08-03,2026-09-04,0.4654666357652342,0.46704025439531327,-0.0015736186300791591,-0.33807334600730427,0.4654666357652343,0.4670402543953134,-0.0015736186300790989,-0.33807334600729133,12.0,13.0,0.0,-0.057747385663555306,-0.0012882971750297623,,POSTHOC_DESCRIPTIVE_ONLY
5,confirmation,intraday,last_registered_block_origin_ge300,lightgbm_qlike,B1_over_B0,1800,25,150,2026-08-03,2026-09-04,0.4534087308264407,0.4516735622809837,0.0017351685454570205,0.3826941184600219,0.45340873082644056,0.4516735622809837,0.0017351685454568555,0.3826941184599856,16.0,9.0,0.0,-0.0933795127675614,0.0025308684508916768,,POSTHOC_DESCRIPTIVE_ONLY
5,confirmation,intraday,last_registered_block_origin_ge300,lightgbm_qlike,B2_over_B1,1800,25,150,2026-08-03,2026-09-04,0.4516735622809837,0.44879777431800194,0.0028757879629816756,0.6366961015957501,0.4516735622809837,0.44879777431800194,0.0028757879629817684,0.6366961015957706,16.0,9.0,0.0,-0.024023782492301304,0.0014616296246039995,,POSTHOC_DESCRIPTIVE_ONLY
5,confirmation,intraday,last_market_hour_origin_ge330,log_ridge_harq,B1_over_B0,900,25,150,2026-08-03,2026-09-04,0.5369544693165554,0.5505470330938445,-0.013592563777288933,-2.5314183145900198,0.5369544693165555,0.5505470330938445,-0.013592563777288902,-2.5314183145900135,8.0,17.0,0.0,-0.23696028680839554,-0.002769678131349984,,POSTHOC_DESCRIPTIVE_ONLY
5,confirmation,intraday,last_market_hour_origin_ge330,log_ridge_harq,B2_over_B1,900,25,150,2026-08-03,2026-09-04,0.5505470330938445,0.55805777308656,-0.007510739992715475,-1.3642322165480127,0.5505470330938445,0.55805777308656,-0.007510739992715565,-1.364232216548029,10.0,15.0,0.0,-0.12311742095175138,-0.003293162220824153,,POSTHOC_DESCRIPTIVE_ONLY
5,confirmation,intraday,last_market_hour_origin_ge330,lightgbm_qlike,B1_over_B0,900,25,150,2026-08-03,2026-09-04,0.5210233554946714,0.5242750527557445,-0.0032516972610730495,-0.6240981765559845,0.5210233554946714,0.5242750527557445,-0.0032516972610731054,-0.6240981765559953,13.0,12.0,0.0,-0.19487658887770287,0.002786203487636585,,POSTHOC_DESCRIPTIVE_ONLY
5,confirmation,intraday,last_market_hour_origin_ge330,lightgbm_qlike,B2_over_B1,900,25,150,2026-08-03,2026-09-04,0.5242750527557445,0.5188508001040301,0.0054242526517144715,1.0346196377651384,0.5242750527557445,0.51885080010403,0.005424252651714534,1.0346196377651502,18.0,7.0,0.0,-0.037904377864524275,0.0044323157090147,,POSTHOC_DESCRIPTIVE_ONLY
5,confirmation,intraday,first_observed_hour_origin35_94,log_ridge_harq,B1_over_B0,1800,25,150,2026-08-03,2026-09-04,0.2978966839673064,0.29739614620865024,0.0005005377586561553,0.16802394440586937,0.29789668396730634,0.29739614620865024,0.0005005377586561055,0.1680239444058527,13.0,12.0,0.0,-0.010067055335841069,0.0005812012882797091,,POSTHOC_DESCRIPTIVE_ONLY
5,confirmation,intraday,first_observed_hour_origin35_94,log_ridge_harq,B2_over_B1,1800,25,150,2026-08-03,2026-09-04,0.29739614620865024,0.2949238829706976,0.002472263237952551,0.8313030513240193,0.29739614620865024,0.29492388297069766,0.0024722632379525766,0.8313030513240278,13.0,12.0,0.0,-0.008517135229018258,0.000343406809837965,,POSTHOC_DESCRIPTIVE_ONLY
5,confirmation,intraday,first_observed_hour_origin35_94,lightgbm_qlike,B1_over_B0,1800,25,150,2026-08-03,2026-09-04,0.2992472449444613,0.2986698013848992,0.0005774435595621047,0.19296537205188813,0.29924724494446137,0.29866980138489924,0.0005774435595621297,0.19296537205189643,13.0,12.0,0.0,-0.018026404640058002,0.0008741369709158175,,POSTHOC_DESCRIPTIVE_ONLY
5,confirmation,intraday,first_observed_hour_origin35_94,lightgbm_qlike,B2_over_B1,1800,25,150,2026-08-03,2026-09-04,0.2986698013848992,0.29571022771773364,0.002959573667165565,0.9909182828134433,0.29866980138489924,0.29571022771773364,0.0029595736671655937,0.9909182828134528,15.0,10.0,0.0,-0.014937480870192366,0.0032337694404855344,,POSTHOC_DESCRIPTIVE_ONLY
5,confirmation,month,2026-08,log_ridge_harq,B1_over_B0,8190,21,126,2026-08-03,2026-08-31,0.4353126765735103,0.4356258540336869,-0.0003131774601765967,-0.07194310596275756,0.4353126765735103,0.43562585403368687,-0.00031317746017656134,-0.07194310596274946,13.0,8.0,0.0,-0.020753566385743993,0.0004538898550097148,,POSTHOC_DESCRIPTIVE_ONLY
5,confirmation,month,2026-08,log_ridge_harq,B2_over_B1,8190,21,126,2026-08-03,2026-08-31,0.4356258540336869,0.42953095875362846,0.006094895280058428,1.3991123859207653,0.43562585403368687,0.42953095875362846,0.00609489528005841,1.3991123859207615,12.0,9.0,0.0,-0.005780191789878764,0.0018649443947537092,,POSTHOC_DESCRIPTIVE_ONLY
5,confirmation,month,2026-08,lightgbm_qlike,B1_over_B0,8190,21,126,2026-08-03,2026-08-31,0.428303117075402,0.42240138853596965,0.005901728539432334,1.377932661273008,0.428303117075402,0.42240138853596965,0.005901728539432327,1.3779326612730065,15.0,6.0,0.0,-0.018604273606520616,0.003058816913176332,,POSTHOC_DESCRIPTIVE_ONLY
5,confirmation,month,2026-08,lightgbm_qlike,B2_over_B1,8190,21,126,2026-08-03,2026-08-31,0.42240138853596965,0.4273669820764441,-0.004965593540474484,-1.1755627882013078,0.42240138853596965,0.42736698207644414,-0.004965593540474489,-1.1755627882013089,12.0,9.0,0.0,-0.13294319906393515,0.0007112928123088058,,POSTHOC_DESCRIPTIVE_ONLY
5,confirmation,month,2026-09,log_ridge_harq,B1_over_B0,1560,4,24,2026-09-01,2026-09-04,0.3133937724270065,0.3117270903305105,0.00166668209649605,0.5318172354188186,0.3133937724270065,0.3117270903305105,0.0016666820964960083,0.5318172354188053,2.0,2.0,0.0,-0.0015248770144704604,-0.00034795478369997745,,POSTHOC_DESCRIPTIVE_ONLY
5,confirmation,month,2026-09,log_ridge_harq,B2_over_B1,1560,4,24,2026-09-01,2026-09-04,0.3117270903305105,0.31180182836608045,-7.473803556996959e-05,-0.02397547017512278,0.3117270903305105,0.31180182836608045,-7.473803556995451e-05,-0.023975470175117943,3.0,1.0,0.0,-0.005359906461545161,0.0012106607570023797,,POSTHOC_DESCRIPTIVE_ONLY
5,confirmation,month,2026-09,lightgbm_qlike,B1_over_B0,1560,4,24,2026-09-01,2026-09-04,0.33473381868280616,0.33134611139507236,0.0033877072877338665,1.0120600604577867,0.3347338186828062,0.3313461113950723,0.00338770728773391,1.0120600604577996,2.0,2.0,0.0,-0.0035429609696672193,0.002822893192083148,,POSTHOC_DESCRIPTIVE_ONLY
5,confirmation,month,2026-09,lightgbm_qlike,B2_over_B1,1560,4,24,2026-09-01,2026-09-04,0.33134611139507236,0.33129280534871164,5.330604636068649e-05,0.016087723539670078,0.3313461113950723,0.33129280534871164,5.330604636066827e-05,0.01608772353966458,2.0,2.0,0.0,-0.010879402877473687,-0.0002913144777124954,,POSTHOC_DESCRIPTIVE_ONLY
5,confirmation,training_size_tercile,T1,log_ridge_harq,B1_over_B0,3510,9,54,2026-08-03,2026-08-13,0.3571279518986437,0.35431749744551716,0.0028104544531264604,0.7869600904059433,0.35712795189864366,0.3543174974455172,0.002810454453126443,0.7869600904059386,8.0,1.0,0.0,-0.00033195601115598716,0.0015046104757030498,,POSTHOC_DESCRIPTIVE_ONLY
5,confirmation,training_size_tercile,T1,log_ridge_harq,B2_over_B1,3510,9,54,2026-08-03,2026-08-13,0.35431749744551716,0.3541967905010809,0.00012070694443633814,0.034067452300997086,0.3543174974455172,0.3541967905010809,0.0001207069444363329,0.0340674523009956,3.0,6.0,0.0,-0.005361200740428451,-0.0005182874516347358,,POSTHOC_DESCRIPTIVE_ONLY
5,confirmation,training_size_tercile,T1,lightgbm_qlike,B1_over_B0,3510,9,54,2026-08-03,2026-08-13,0.35564100959637035,0.34953667010499057,0.00610433949137976,1.716432955329812,0.3556410095963703,0.34953667010499057,0.006104339491379729,1.7164329553298034,8.0,1.0,0.0,-0.001899728839473036,0.005850213553181716,,POSTHOC_DESCRIPTIVE_ONLY
5,confirmation,training_size_tercile,T1,lightgbm_qlike,B2_over_B1,3510,9,54,2026-08-03,2026-08-13,0.34953667010499057,0.34885319530238296,0.0006834748026076526,0.1955373673389853,0.34953667010499057,0.3488531953023829,0.0006834748026076642,0.19553736733898863,3.0,6.0,0.0,-0.004425891046351937,-0.0015663289978651296,,POSTHOC_DESCRIPTIVE_ONLY
5,confirmation,training_size_tercile,T2,log_ridge_harq,B1_over_B0,3120,8,48,2026-08-14,2026-08-25,0.38616520675295746,0.3881808324159156,-0.002015625662958178,-0.5219594172935523,0.38616520675295746,0.38818083241591567,-0.0020156256629582092,-0.5219594172935603,3.0,5.0,0.0,-0.020753566385743993,-0.0008076746867952123,,POSTHOC_DESCRIPTIVE_ONLY
5,confirmation,training_size_tercile,T2,log_ridge_harq,B2_over_B1,3120,8,48,2026-08-14,2026-08-25,0.3881808324159156,0.3869596222316965,0.0012212101842191115,0.31459827024912146,0.38818083241591567,0.3869596222316965,0.001221210184219168,0.314598270249136,5.0,3.0,0.0,-0.005780191789878764,0.002109409319248551,,POSTHOC_DESCRIPTIVE_ONLY
5,confirmation,training_size_tercile,T2,lightgbm_qlike,B1_over_B0,3120,8,48,2026-08-14,2026-08-25,0.37892694682491107,0.3794708457574917,-0.0005438989325806495,-0.14353662022140806,0.37892694682491107,0.37947084575749174,-0.0005438989325806665,-0.14353662022141253,4.0,4.0,0.0,-0.018604273606520616,-0.0004653656970333153,,POSTHOC_DESCRIPTIVE_ONLY
5,confirmation,training_size_tercile,T2,lightgbm_qlike,B2_over_B1,3120,8,48,2026-08-14,2026-08-25,0.3794708457574917,0.37834201755696767,0.0011288282005240862,0.29747428903813233,0.37947084575749174,0.37834201755696767,0.001128828200524068,0.2974742890381275,6.0,2.0,0.0,-0.007290023004795643,0.0024983547827666375,,POSTHOC_DESCRIPTIVE_ONLY
5,confirmation,training_size_tercile,T3,log_ridge_harq,B1_over_B0,3120,8,48,2026-08-26,2026-09-04,0.5114585095800361,0.5125933949615608,-0.0011348853815246304,-0.2218919736923522,0.5114585095800361,0.5125933949615609,-0.0011348853815247306,-0.2218919736923718,4.0,4.0,0.0,-0.0174821113154211,-0.00034795478369997745,,POSTHOC_DESCRIPTIVE_ONLY
5,confirmation,training_size_tercile,T3,log_ridge_harq,B2_over_B1,3120,8,48,2026-08-26,2026-09-04,0.5125933949615608,0.49798866936590247,0.014604725595658398,2.8491833369709343,0.5125933949615609,0.49798866936590247,0.014604725595658397,2.8491833369709334,7.0,1.0,0.0,-0.005359906461545161,0.0023600386056307487,,POSTHOC_DESCRIPTIVE_ONLY
5,confirmation,training_size_tercile,T3,lightgbm_qlike,B1_over_B0,3120,8,48,2026-08-26,2026-09-04,0.5126395090435055,0.5017771009788503,0.010862408064655231,2.1189174601314984,0.5126395090435055,0.5017771009788503,0.010862408064655216,2.1189174601314957,5.0,3.0,0.0,-0.0035429609696672193,0.004109326386739415,,POSTHOC_DESCRIPTIVE_ONLY
5,confirmation,training_size_tercile,T3,lightgbm_qlike,B2_over_B1,3120,8,48,2026-08-26,2026-09-04,0.5017771009788503,0.5166828683528731,-0.014905767374022869,-2.9705953788933748,0.5017771009788503,0.5166828683528731,-0.014905767374022827,-2.9705953788933663,5.0,3.0,0.0,-0.13294319906393515,0.001152820693326423,,POSTHOC_DESCRIPTIVE_ONLY
5,confirmation,calendar_early,2024-10-28_to_2025-02-28,log_ridge_harq,B1_over_B0,0,0,0,,,,,,,,,,,,,,,,,
5,confirmation,calendar_early,2024-10-28_to_2025-02-28,log_ridge_harq,B2_over_B1,0,0,0,,,,,,,,,,,,,,,,,
5,confirmation,calendar_early,2024-10-28_to_2025-02-28,lightgbm_qlike,B1_over_B0,0,0,0,,,,,,,,,,,,,,,,,
5,confirmation,calendar_early,2024-10-28_to_2025-02-28,lightgbm_qlike,B2_over_B1,0,0,0,,,,,,,,,,,,,,,,,
5,confirmation,tariff_calendar,four_days_all,log_ridge_harq,B1_over_B0,0,0,0,,,,,,,,,,,,,,,,,
5,confirmation,tariff_calendar,four_days_all,log_ridge_harq,B2_over_B1,0,0,0,,,,,,,,,,,,,,,,,
5,confirmation,tariff_calendar,four_days_all,lightgbm_qlike,B1_over_B0,0,0,0,,,,,,,,,,,,,,,,,
5,confirmation,tariff_calendar,four_days_all,lightgbm_qlike,B2_over_B1,0,0,0,,,,,,,,,,,,,,,,,
5,confirmation,tariff_calendar,four_days_first_market_hour_origin_lt60,log_ridge_harq,B1_over_B0,0,0,0,,,,,,,,,,,,,,,,,
5,confirmation,tariff_calendar,four_days_first_market_hour_origin_lt60,log_ridge_harq,B2_over_B1,0,0,0,,,,,,,,,,,,,,,,,
5,confirmation,tariff_calendar,four_days_first_market_hour_origin_lt60,lightgbm_qlike,B1_over_B0,0,0,0,,,,,,,,,,,,,,,,,
5,confirmation,tariff_calendar,four_days_first_market_hour_origin_lt60,lightgbm_qlike,B2_over_B1,0,0,0,,,,,,,,,,,,,,,,,
5,confirmation,tariff_calendar,four_days_first_observed_hour_origin35_94,log_ridge_harq,B1_over_B0,0,0,0,,,,,,,,,,,,,,,,,
5,confirmation,tariff_calendar,four_days_first_observed_hour_origin35_94,log_ridge_harq,B2_over_B1,0,0,0,,,,,,,,,,,,,,,,,
5,confirmation,tariff_calendar,four_days_first_observed_hour_origin35_94,lightgbm_qlike,B1_over_B0,0,0,0,,,,,,,,,,,,,,,,,
5,confirmation,tariff_calendar,four_days_first_observed_hour_origin35_94,lightgbm_qlike,B2_over_B1,0,0,0,,,,,,,,,,,,,,,,,
5,confirmation,tariff_calendar,outside_four_days_first_market_hour_origin_lt60,log_ridge_harq,B1_over_B0,750,25,150,2026-08-03,2026-09-04,0.30079992760256574,0.29926818885079687,0.0015317387517688986,0.5092217820586448,0.30079992760256574,0.29926818885079687,0.001531738751768874,0.5092217820586367,14.0,11.0,0.0,-0.007934017007030003,0.0010238228161563168,,POSTHOC_DESCRIPTIVE_ONLY
5,confirmation,tariff_calendar,outside_four_days_first_market_hour_origin_lt60,log_ridge_harq,B2_over_B1,750,25,150,2026-08-03,2026-09-04,0.29926818885079687,0.2983220499098393,0.000946138940957541,0.31615085605682197,0.29926818885079687,0.29832204990983935,0.0009461389409575194,0.31615085605681476,12.0,13.0,0.0,-0.0157505857927302,-0.00027391259831166526,,POSTHOC_DESCRIPTIVE_ONLY
5,confirmation,tariff_calendar,outside_four_days_first_market_hour_origin_lt60,lightgbm_qlike,B1_over_B0,750,25,150,2026-08-03,2026-09-04,0.29756154757197956,0.2960610765038524,0.0015004710681271493,0.504255701171936,0.29756154757197956,0.2960610765038524,0.0015004710681271738,0.5042557011719442,15.0,10.0,0.0,-0.02328619348712596,0.0009875320769257012,,POSTHOC_DESCRIPTIVE_ONLY
5,confirmation,tariff_calendar,outside_four_days_first_market_hour_origin_lt60,lightgbm_qlike,B2_over_B1,750,25,150,2026-08-03,2026-09-04,0.2960610765038524,0.29499853894369166,0.0010625375601606836,0.3588913384724715,0.2960610765038524,0.2949985389436917,0.0010625375601606701,0.35889133847246696,10.0,15.0,0.0,-0.01604616830711414,-0.0016873499912042345,,POSTHOC_DESCRIPTIVE_ONLY
5,confirmation,tariff_calendar,outside_four_days_remainder_origin_ge60,log_ridge_harq,B1_over_B0,9000,25,150,2026-08-03,2026-09-04,0.42538946226902835,0.4255132070903771,-0.00012374482134879574,-0.02908977121547407,0.4253894622690283,0.42551320709037715,-0.000123744821348859,-0.029089771215488947,14.0,11.0,0.0,-0.023075149155730612,0.0003428117740325032,,POSTHOC_DESCRIPTIVE_ONLY
5,confirmation,tariff_calendar,outside_four_days_remainder_origin_ge60,log_ridge_harq,B2_over_B1,9000,25,150,2026-08-03,2026-09-04,0.4255132070903771,0.42005865189010255,0.005454555200274582,1.2818768276482801,0.42551320709037715,0.4200586518901026,0.005454555200274547,1.2818768276482715,16.0,9.0,0.0,-0.00644366780010075,0.0011613140218151852,,POSTHOC_DESCRIPTIVE_ONLY
5,confirmation,tariff_calendar,outside_four_days_remainder_origin_ge60,lightgbm_qlike,B1_over_B0,9000,25,150,2026-08-03,2026-09-04,0.4229795694793039,0.4171468331675572,0.005832736311746698,1.378964075954522,0.4229795694793039,0.4171468331675572,0.005832736311746689,1.3789640759545199,18.0,7.0,0.0,-0.020620018129353657,0.0033624817875753665,,POSTHOC_DESCRIPTIVE_ONLY
5,confirmation,tariff_calendar,outside_four_days_remainder_origin_ge60,lightgbm_qlike,B2_over_B1,9000,25,150,2026-08-03,2026-09-04,0.4171468331675572,0.42174482837136645,-0.004597995203809316,-1.1022486180453441,0.4171468331675572,0.4217448283713665,-0.004597995203809324,-1.102248618045346,14.0,11.0,0.0,-0.1440995127973368,0.0005998545125888155,,POSTHOC_DESCRIPTIVE_ONLY
5,confirmation,tariff_calendar,outside_four_days_first_observed_hour_origin35_94,log_ridge_harq,B1_over_B0,1800,25,150,2026-08-03,2026-09-04,0.2978966839673064,0.29739614620865024,0.0005005377586561553,0.16802394440586937,0.29789668396730634,0.29739614620865024,0.0005005377586561055,0.1680239444058527,13.0,12.0,0.0,-0.010067055335841069,0.0005812012882797091,,POSTHOC_DESCRIPTIVE_ONLY
5,confirmation,tariff_calendar,outside_four_days_first_observed_hour_origin35_94,log_ridge_harq,B2_over_B1,1800,25,150,2026-08-03,2026-09-04,0.29739614620865024,0.2949238829706976,0.002472263237952551,0.8313030513240193,0.29739614620865024,0.29492388297069766,0.0024722632379525766,0.8313030513240278,13.0,12.0,0.0,-0.008517135229018258,0.000343406809837965,,POSTHOC_DESCRIPTIVE_ONLY
5,confirmation,tariff_calendar,outside_four_days_first_observed_hour_origin35_94,lightgbm_qlike,B1_over_B0,1800,25,150,2026-08-03,2026-09-04,0.2992472449444613,0.2986698013848992,0.0005774435595621047,0.19296537205188813,0.29924724494446137,0.29866980138489924,0.0005774435595621297,0.19296537205189643,13.0,12.0,0.0,-0.018026404640058002,0.0008741369709158175,,POSTHOC_DESCRIPTIVE_ONLY
5,confirmation,tariff_calendar,outside_four_days_first_observed_hour_origin35_94,lightgbm_qlike,B2_over_B1,1800,25,150,2026-08-03,2026-09-04,0.2986698013848992,0.29571022771773364,0.002959573667165565,0.9909182828134433,0.29866980138489924,0.29571022771773364,0.0029595736671655937,0.9909182828134528,15.0,10.0,0.0,-0.014937480870192366,0.0032337694404855344,,POSTHOC_DESCRIPTIVE_ONLY
5,confirmation,tariff_calendar,outside_four_days_remainder_origin_ge95,log_ridge_harq,B1_over_B0,7950,25,150,2026-08-03,2026-09-04,0.44250202201031796,0.44261093613533603,-0.00010891412501805874,-0.024613249115394812,0.44250202201031796,0.44261093613533603,-0.00010891412501806697,-0.02461324911539667,15.0,10.0,0.0,-0.026111892580728657,0.0004717166803213102,,POSTHOC_DESCRIPTIVE_ONLY
5,confirmation,tariff_calendar,outside_four_days_remainder_origin_ge95,log_ridge_harq,B2_over_B1,7950,25,150,2026-08-03,2026-09-04,0.44261093613533603,0.43690646730767885,0.0057044688276572065,1.2888223859685575,0.44261093613533603,0.4369064673076788,0.005704468827657239,1.2888223859685648,16.0,9.0,0.0,-0.010856036755898302,0.0006973798593106761,,POSTHOC_DESCRIPTIVE_ONLY
5,confirmation,tariff_calendar,outside_four_days_remainder_origin_ge95,lightgbm_qlike,B1_over_B0,7950,25,150,2026-08-03,2026-09-04,0.4391625465525395,0.4325486369047906,0.006613909647748912,1.506027711076143,0.43916254655253956,0.4325486369047906,0.006613909647748939,1.506027711076149,19.0,6.0,0.0,-0.022044460867264526,0.0040843895257146046,,POSTHOC_DESCRIPTIVE_ONLY
5,confirmation,tariff_calendar,outside_four_days_remainder_origin_ge95,lightgbm_qlike,B2_over_B1,7950,25,150,2026-08-03,2026-09-04,0.4325486369047906,0.4383237672525971,-0.005775130347806461,-1.335140110284902,0.4325486369047906,0.438323767252597,-0.0057751303478063565,-1.3351401102848777,12.0,13.0,0.0,-0.16264867430942864,-0.0003890543022733728,,POSTHOC_DESCRIPTIVE_ONLY
5,confirmation,window_empty_5m,inside,log_ridge_harq,B1_over_B0,0,0,0,,,,,,,,,,,,,,,,,
5,confirmation,window_empty_5m,inside,log_ridge_harq,B2_over_B1,0,0,0,,,,,,,,,,,,,,,,,
5,confirmation,window_empty_5m,inside,lightgbm_qlike,B1_over_B0,0,0,0,,,,,,,,,,,,,,,,,
5,confirmation,window_empty_5m,inside,lightgbm_qlike,B2_over_B1,0,0,0,,,,,,,,,,,,,,,,,
5,confirmation,window_empty_5m,outside,log_ridge_harq,B1_over_B0,9750,25,150,2026-08-03,2026-09-04,0.41580565191006974,0.4158020518411787,3.6000688910269365e-06,0.0008658056653365447,0.4158056519100697,0.41580205184117863,3.6000688910520218e-06,0.0008658056653425778,15.0,10.0,0.0,-0.020753566385743993,0.0004105383080676428,,POSTHOC_DESCRIPTIVE_ONLY
5,confirmation,window_empty_5m,outside,log_ridge_harq,B2_over_B1,9750,25,150,2026-08-03,2026-09-04,0.4158020518411787,0.4106942978916208,0.005107753949557884,1.22840999147086,0.41580205184117863,0.4106942978916208,0.005107753949557814,1.2284099914708433,15.0,10.0,0.0,-0.005780191789878764,0.0017658580191503015,,POSTHOC_DESCRIPTIVE_ONLY
5,confirmation,window_empty_5m,outside,lightgbm_qlike,B1_over_B0,9750,25,150,2026-08-03,2026-09-04,0.41333202933258667,0.40783254419342607,0.005499485139160577,1.330524795777544,0.4133320293325866,0.40783254419342607,0.005499485139160543,1.330524795777536,17.0,8.0,0.0,-0.018604273606520616,0.003058816913176332,,POSTHOC_DESCRIPTIVE_ONLY
5,confirmation,window_empty_5m,outside,lightgbm_qlike,B2_over_B1,9750,25,150,2026-08-03,2026-09-04,0.40783254419342607,0.411995113800007,-0.0041625696065808555,-1.0206565576597633,0.40783254419342607,0.41199511380000686,-0.0041625696065807904,-1.0206565576597473,14.0,11.0,0.0,-0.13294319906393515,0.00015529218180099225,,POSTHOC_DESCRIPTIVE_ONLY
5,confirmation,window_empty_5m,unknown,log_ridge_harq,B1_over_B0,0,0,0,,,,,,,,,,,,,,,,,
5,confirmation,window_empty_5m,unknown,log_ridge_harq,B2_over_B1,0,0,0,,,,,,,,,,,,,,,,,
5,confirmation,window_empty_5m,unknown,lightgbm_qlike,B1_over_B0,0,0,0,,,,,,,,,,,,,,,,,
5,confirmation,window_empty_5m,unknown,lightgbm_qlike,B2_over_B1,0,0,0,,,,,,,,,,,,,,,,,
5,confirmation,window_empty_30m,inside,log_ridge_harq,B1_over_B0,0,0,0,,,,,,,,,,,,,,,,,
5,confirmation,window_empty_30m,inside,log_ridge_harq,B2_over_B1,0,0,0,,,,,,,,,,,,,,,,,
5,confirmation,window_empty_30m,inside,lightgbm_qlike,B1_over_B0,0,0,0,,,,,,,,,,,,,,,,,
5,confirmation,window_empty_30m,inside,lightgbm_qlike,B2_over_B1,0,0,0,,,,,,,,,,,,,,,,,
5,confirmation,window_empty_30m,outside,log_ridge_harq,B1_over_B0,9750,25,150,2026-08-03,2026-09-04,0.41580565191006974,0.4158020518411787,3.6000688910269365e-06,0.0008658056653365447,0.4158056519100697,0.41580205184117863,3.6000688910520218e-06,0.0008658056653425778,15.0,10.0,0.0,-0.020753566385743993,0.0004105383080676428,,POSTHOC_DESCRIPTIVE_ONLY
5,confirmation,window_empty_30m,outside,log_ridge_harq,B2_over_B1,9750,25,150,2026-08-03,2026-09-04,0.4158020518411787,0.4106942978916208,0.005107753949557884,1.22840999147086,0.41580205184117863,0.4106942978916208,0.005107753949557814,1.2284099914708433,15.0,10.0,0.0,-0.005780191789878764,0.0017658580191503015,,POSTHOC_DESCRIPTIVE_ONLY
5,confirmation,window_empty_30m,outside,lightgbm_qlike,B1_over_B0,9750,25,150,2026-08-03,2026-09-04,0.41333202933258667,0.40783254419342607,0.005499485139160577,1.330524795777544,0.4133320293325866,0.40783254419342607,0.005499485139160543,1.330524795777536,17.0,8.0,0.0,-0.018604273606520616,0.003058816913176332,,POSTHOC_DESCRIPTIVE_ONLY
5,confirmation,window_empty_30m,outside,lightgbm_qlike,B2_over_B1,9750,25,150,2026-08-03,2026-09-04,0.40783254419342607,0.411995113800007,-0.0041625696065808555,-1.0206565576597633,0.40783254419342607,0.41199511380000686,-0.0041625696065807904,-1.0206565576597473,14.0,11.0,0.0,-0.13294319906393515,0.00015529218180099225,,POSTHOC_DESCRIPTIVE_ONLY
5,confirmation,window_empty_30m,unknown,log_ridge_harq,B1_over_B0,0,0,0,,,,,,,,,,,,,,,,,
5,confirmation,window_empty_30m,unknown,log_ridge_harq,B2_over_B1,0,0,0,,,,,,,,,,,,,,,,,
5,confirmation,window_empty_30m,unknown,lightgbm_qlike,B1_over_B0,0,0,0,,,,,,,,,,,,,,,,,
5,confirmation,window_empty_30m,unknown,lightgbm_qlike,B2_over_B1,0,0,0,,,,,,,,,,,,,,,,,
5,confirmation,third_friday,inside,log_ridge_harq,B1_over_B0,390,1,6,2026-08-21,2026-08-21,0.3263830162050226,0.3269750288198498,-0.0005920126148272072,-0.18138585203077026,0.3263830162050226,0.3269750288198498,-0.0005920126148272198,-0.18138585203077412,0.0,1.0,0.0,-0.0005920126148272198,-0.0005920126148272198,,POSTHOC_DESCRIPTIVE_ONLY
5,confirmation,third_friday,inside,log_ridge_harq,B2_over_B1,390,1,6,2026-08-21,2026-08-21,0.3269750288198498,0.3246211545761064,0.0023538742437433416,0.7198941926052196,0.3269750288198498,0.3246211545761064,0.0023538742437433924,0.719894192605235,1.0,0.0,0.0,0.0023538742437433924,0.0023538742437433924,,POSTHOC_DESCRIPTIVE_ONLY
5,confirmation,third_friday,inside,lightgbm_qlike,B1_over_B0,390,1,6,2026-08-21,2026-08-21,0.32561720003437133,0.326886581734457,-0.0012693817000856418,-0.389838651014642,0.3256172000343714,0.326886581734457,-0.0012693817000856145,-0.3898386510146336,0.0,1.0,0.0,-0.0012693817000856145,-0.0012693817000856145,,POSTHOC_DESCRIPTIVE_ONLY
5,confirmation,third_friday,inside,lightgbm_qlike,B2_over_B1,390,1,6,2026-08-21,2026-08-21,0.326886581734457,0.3245111998440855,0.0023753818903715263,0.726668521469365,0.326886581734457,0.3245111998440855,0.0023753818903715085,0.7266685214693597,1.0,0.0,0.0,0.0023753818903715085,0.0023753818903715085,,POSTHOC_DESCRIPTIVE_ONLY
5,confirmation,third_friday,outside,log_ridge_harq,B1_over_B0,9360,24,144,2026-08-03,2026-09-04,0.41953159506444665,0.41950317780040075,2.8417264045953338e-05,0.006773569471350066,0.41953159506444665,0.41950317780040064,2.8417264046010082e-05,0.0067735694713635915,15.0,9.0,0.0,-0.020753566385743993,0.0004322140815386788,,POSTHOC_DESCRIPTIVE_ONLY
5,confirmation,third_friday,outside,log_ridge_harq,B2_over_B1,9360,24,144,2026-08-03,2026-09-04,0.41950317780040075,0.4142806788631006,0.0052224989373001575,1.2449247618774935,0.41950317780040064,0.4142806788631006,0.005222498937300035,1.2449247618774648,14.0,10.0,0.0,-0.005780191789878764,0.0012106607570023797,,POSTHOC_DESCRIPTIVE_ONLY
5,confirmation,third_friday,outside,lightgbm_qlike,B1_over_B0,9360,24,144,2026-08-03,2026-09-04,0.4169868138866789,0.41120529262921646,0.005781521257462506,1.386499780070672,0.41698681388667885,0.4112052926292164,0.005781521257462452,1.3864997800706593,17.0,7.0,0.0,-0.018604273606520616,0.00436289511389823,,POSTHOC_DESCRIPTIVE_ONLY
5,confirmation,third_friday,outside,lightgbm_qlike,B2_over_B1,9360,24,144,2026-08-03,2026-09-04,0.41120529262921646,0.4156402768815036,-0.0044349842522872045,-1.078532871970164,0.4112052926292164,0.41564027688150357,-0.004434984252287166,-1.0785328719701546,13.0,11.0,0.0,-0.13294319906393515,8.271585954111593e-05,,POSTHOC_DESCRIPTIVE_ONLY
5,confirmation,third_friday,unknown,log_ridge_harq,B1_over_B0,0,0,0,,,,,,,,,,,,,,,,,
5,confirmation,third_friday,unknown,log_ridge_harq,B2_over_B1,0,0,0,,,,,,,,,,,,,,,,,
5,confirmation,third_friday,unknown,lightgbm_qlike,B1_over_B0,0,0,0,,,,,,,,,,,,,,,,,
5,confirmation,third_friday,unknown,lightgbm_qlike,B2_over_B1,0,0,0,,,,,,,,,,,,,,,,,
