session_date,forecast__log_ols_harq__B0,loss__log_ols_harq__B0,forecast__log_ols_harq__B1,loss__log_ols_harq__B1,forecast__log_ols_harq__B2,loss__log_ols_harq__B2,forecast__lightgbm_qlike__B0,loss__lightgbm_qlike__B0,forecast__lightgbm_qlike__B1,loss__lightgbm_qlike__B1,forecast__lightgbm_qlike__B2,loss__lightgbm_qlike__B2,actual
2024-10-28,1.0336154401555607e-05,0.08468938765547997,9.775951287732296e-06,0.07272166268367043,1.0013155576612603e-05,0.07101993207662423,9.914657569037783e-06,0.09638029020858707,1.0925857110915482e-05,0.09461234444040628,1.1183613631116337e-05,0.10189313165659118,1.0354493318745782e-05
2024-10-29,8.55884907999751e-06,0.07404096134042754,9.004824357785153e-06,0.10047066571064656,8.810333699099217e-06,0.09640452705812509,8.749986897030401e-06,0.09327595587105374,9.301075332549915e-06,0.1270028824842664,9.385221345027836e-06,0.1236591347863184,8.834584677872587e-06
2024-10-30,1.116782773391381e-05,0.13480176074254585,1.248015659736399e-05,0.16107724834501655,1.2279018226137812e-05,0.1595626791373728,1.0702843342255234e-05,0.14417601457464094,1.1120856315284337e-05,0.15496342972829932,1.1327317969002158e-05,0.1606980357729294,1.053149508685983e-05
2024-10-31,1.742804691624277e-05,0.0806686859418164,1.8069355688405262e-05,0.08854512944371264,1.805894020002831e-05,0.09362634306786817,1.5113567530092375e-05,0.09126796136872777,1.5932376257358653e-05,0.0910712880509333,1.6139485227461966e-05,0.09298667599349757,1.6409618461722612e-05
2024-11-01,1.6261392293692996e-05,0.05848790062740756,1.3474028213044993e-05,0.06069631820506335,1.3336790715757576e-05,0.06792239419773738,1.4641180401872286e-05,0.05686584644637153,1.4127576580789587e-05,0.0572784034401656,1.3920000734970225e-05,0.059350923828360935,1.4713516158102138e-05
2024-11-04,1.2534337781378545e-05,0.08210650627378074,1.1191351902564814e-05,0.07226871207516307,1.1280202846508744e-05,0.07299077546750846,1.1826465203889577e-05,0.0927008813511801,1.223419119243442e-05,0.10240953787632656,1.2019674367837854e-05,0.09701129309706297,1.1061484155926879e-05
2024-11-05,9.71576473662551e-06,0.0892875916655399,9.415394235713037e-06,0.08327546329816828,9.265046379700644e-06,0.0809620336794845,9.806638736450696e-06,0.09707966849814782,1.0383600482003694e-05,0.11892875477637876,1.0189133905975496e-05,0.10746997830862244,7.81990902784512e-06
2024-11-06,1.777648976672209e-05,0.10007911743815319,1.7048338141222406e-05,0.09676588734126401,1.6500532360633357e-05,0.09323704371992647,1.4850008751491973e-05,0.10398122343495941,1.508293932988904e-05,0.09716489040797416,1.4317246826895992e-05,0.09631455753337842,1.4800697797842826e-05
2024-11-07,1.1715857768649635e-05,0.08758064907620529,1.1178519379662446e-05,0.08631843973422502,1.0946634278039547e-05,0.08693468615567868,1.1270709193820613e-05,0.09691245888335942,1.1676215795956245e-05,0.09479857945395154,1.1731681136102334e-05,0.09548778590774283,1.0697231054092052e-05
2024-11-08,1.478944183229711e-05,0.14406246941084294,1.4099447428191217e-05,0.13839195145424865,1.3331851158494875e-05,0.14603002327614187,1.47279377065933e-05,0.14974743062264592,1.3998443611960185e-05,0.1471956212705377,1.450440337280526e-05,0.13590711143562997,2.0884611585551925e-05
2024-11-11,2.718097493165898e-05,0.1364620372533268,2.8558088936836784e-05,0.11824916944258608,2.709844910880669e-05,0.11801366614242241,2.1215426394009262e-05,0.1426436602444923,2.00208933556286e-05,0.1588593568564037,2.05282721996652e-05,0.14551038392549412,3.512137639553466e-05
2024-11-12,2.484756616073734e-05,0.16098922292002213,2.626968979791764e-05,0.17058284696125123,2.592367875024843e-05,0.16017558778954452,2.312494514406747e-05,0.22061512494646818,2.3430103578371816e-05,0.2279241534100205,2.3690558130031018e-05,0.22501695418753478,2.8808682172838416e-05
2024-11-13,2.1946851464212227e-05,0.06490123252826423,2.4038450219210545e-05,0.06807884139259142,2.4025792737964317e-05,0.06540508225137666,1.945074084801586e-05,0.08684828772037716,2.0050079080445476e-05,0.08199595391123482,1.8919785408607793e-05,0.08072356337021296,2.08954188915752e-05
2024-11-14,2.0129712333184158e-05,1.0076082578495487,2.0334630831509925e-05,1.1671568980191622,2.0414449869756093e-05,1.0540491831849652,1.9060320019703107e-05,1.0647793824748555,2.0524174066509293e-05,1.1164524257463373,1.9926568681545683e-05,1.1231484072905762,2.58532195965876e-05
2024-11-15,2.3465109340920127e-05,0.1453238038321857,2.224795749849974e-05,0.171169437682578,2.2268138857413057e-05,0.19046150790537597,2.0227642476810317e-05,0.1591692239789128,2.1711992842408245e-05,0.15364701003365744,2.1569978165648767e-05,0.15489598118557904,2.447698045281539e-05
2024-11-18,1.8822801182179614e-05,0.10635258602865973,1.9531907085292604e-05,0.10078509847101098,2.0089452557516144e-05,0.10638799485396323,1.6539914853424775e-05,0.0909059348662018,1.7925388658885056e-05,0.09578766008746199,1.7911710641368425e-05,0.10144984509387485,1.5867038408301668e-05
2024-11-19,1.5087844330422642e-05,0.08363878176478196,1.613932563628385e-05,0.08466191291400375,1.622765549340834e-05,0.09072482266398253,1.3404617479665178e-05,0.07725368134356125,1.4693420426223244e-05,0.07988113955128102,1.4762943033371844e-05,0.08135810247980585,1.2262468148692359e-05
2024-11-20,1.5376845522086404e-05,0.09268968033659958,1.662477524648238e-05,0.09790610919846181,1.6871097484803915e-05,0.09446617419505061,1.431387232726312e-05,0.08827760236809722,1.5640964353704316e-05,0.0840880029348937,1.5431494175586694e-05,0.09171843608962528,1.5385545570723417e-05
2024-11-21,2.711611308019431e-05,0.11000842206667495,2.733403723274365e-05,0.10885038483206612,2.74241971212086e-05,0.10878841029802842,2.415629065390417e-05,0.10876657878835054,2.248221735818453e-05,0.10319298330732453,2.267175831299538e-05,0.10182994840012921,2.4608021760883354e-05
2024-11-22,1.8979402512427376e-05,0.11289056677711391,1.9038817091039675e-05,0.10161427101735326,1.8985418351854758e-05,0.10990273148153751,1.7023886450595846e-05,0.10485784631333345,1.5259523305586948e-05,0.09435333872744078,1.5781367605894076e-05,0.09760556873051851,1.7240693510447882e-05
2024-11-25,1.78132649995363e-05,0.12069075620782453,1.572109044908782e-05,0.12419563479479136,1.625601999508838e-05,0.12343010278320593,1.5938786431590364e-05,0.11530020404413159,1.5140759697512932e-05,0.10627050336579058,1.521832597864992e-05,0.11174148793387428,1.550739631375664e-05
2024-11-26,1.6837899639500782e-05,0.09802949732824127,1.6357191449855175e-05,0.0879436276904732,1.651854102987327e-05,0.09232357086350057,1.4157098873724854e-05,0.08944259484026518,1.329699953840547e-05,0.08741801921017651,1.3461899180554273e-05,0.08448378991254422,1.3035521653678683e-05
2024-11-27,1.386982580781843e-05,0.08163443842431466,1.4022262040188981e-05,0.08785019671614742,1.4195144134887189e-05,0.08866869050936686,1.360958816102082e-05,0.12141080501445449,1.2699574817734349e-05,0.1212361571055506,1.331368485820562e-05,0.11304994331087126,1.4290460990908385e-05
2024-11-29,9.312854302531096e-06,0.054549625873090334,8.65876873467912e-06,0.06577312489794575,9.12598331126505e-06,0.05288247637680085,1.2104536348504494e-05,0.05127583888363694,1.1564679482841352e-05,0.049075768729109036,1.1714742701760508e-05,0.05126231109405627,1.015333218080508e-05
2024-12-02,1.1981858411637189e-05,0.070622263747441,1.1511658650059073e-05,0.06827112275442733,1.177012016744858e-05,0.06608977075766677,1.0750162525898022e-05,0.075872037524632,1.1283643012666338e-05,0.0717648664317608,1.1716600588560187e-05,0.07056088848328433,1.0543762471001615e-05
2024-12-03,9.928984073390591e-06,0.12875762547821287,1.0079046394893315e-05,0.13107789067581724,1.0095971382737992e-05,0.13133590612281248,9.451801326061693e-06,0.15414291186417586,9.663267465559158e-06,0.1507430025231486,9.754810868774464e-06,0.15043388862285384,9.323329348719267e-06
2024-12-04,1.0498285214039486e-05,0.09515733319042913,1.1208734353491502e-05,0.0988565052738597,1.1449733774322699e-05,0.10020324372741973,1.0517337537720152e-05,0.12498892084069806,1.062411207382514e-05,0.12497296899869548,1.0532603230655165e-05,0.12134439442517386,9.570735463230447e-06
2024-12-05,1.0540250078044846e-05,0.10352566049134564,1.1183393421270867e-05,0.09983036566677744,1.122468176242347e-05,0.10048440722022207,1.0442498252287787e-05,0.12443670927847549,1.1256993902534273e-05,0.1203352735680065,1.1421418677997644e-05,0.11276883845644263,1.0019535769248045e-05
2024-12-06,1.0432783868034627e-05,0.08694307113814143,9.983521619121537e-06,0.08495626629210244,1.0091199685806651e-05,0.08338511728976129,9.592257069602246e-06,0.09512698347216259,1.0044734735463816e-05,0.08721305704604088,1.0044341331993166e-05,0.093634292109373,9.979070943777761e-06
2024-12-09,1.6575410592672434e-05,0.10211210111759965,1.677389733630791e-05,0.10700691538991332,1.6671243037989683e-05,0.09892536516360467,1.4933085396843821e-05,0.10655674182993813,1.5586984728876223e-05,0.11155536281384311,1.540755012264527e-05,0.11841607755628447,1.7992627093440895e-05
2024-12-10,1.8836569992440387e-05,0.09801576634773933,2.0365148009967695e-05,0.09656070124767768,2.0337078689578784e-05,0.09734646504525242,1.8550676247371476e-05,0.11177666108684602,1.89058378636262e-05,0.11326209037533914,1.879229978085906e-05,0.10856469061875956,1.891323503195682e-05
2024-12-11,1.5780539537136314e-05,0.08471720261617179,1.741419297381912e-05,0.10567777732298454,1.758414828148401e-05,0.10458765484134498,1.4285900680004174e-05,0.07558935582151316,1.4945239651220697e-05,0.07946046320740392,1.4764339784753015e-05,0.08076215585283424,1.2253061066811214e-05
2024-12-12,1.610702887737696e-05,0.057853545798868956,1.727011319447971e-05,0.0647182989890698,1.7281969563740427e-05,0.06328470191265534,1.4808303376593308e-05,0.06749230555933934,1.5676664227487933e-05,0.08820307441355375,1.4592663541080919e-05,0.09073690212696695,1.4417869317065391e-05
2024-12-13,1.5421213249928753e-05,0.08040840238630946,1.544915285235386e-05,0.07574089224701776,1.5801416645391084e-05,0.07959174200010927,1.4447491179586896e-05,0.08410252655060117,1.476560677342151e-05,0.07768576687601973,1.4198905266969544e-05,0.0870973719521786,1.7011429259780174e-05
2024-12-16,1.65642965555405e-05,0.083380692701101,1.6447546550072344e-05,0.08184684037920471,1.687469915295017e-05,0.08449395781746656,1.5417747297770545e-05,0.0987110304332414,1.5483425446588103e-05,0.09229698877977094,1.6192463589163108e-05,0.08786377274125251,1.707370195908976e-05
2024-12-17,2.693692401699263e-05,0.10935605436308164,2.907719478506996e-05,0.11072387963642401,2.875221054807305e-05,0.11094035635903149,2.234118695699395e-05,0.11833919990418042,2.2708108695334495e-05,0.11049016080527051,2.2272527005887436e-05,0.12146747129747208,2.8544348870251223e-05
2024-12-18,2.4643613157292427e-05,0.591840728455313,2.6676086297154417e-05,0.5478318373822039,2.6952448676793038e-05,0.5348914279147133,2.27508849716109e-05,0.5288440877757516,2.352555095555314e-05,0.5326262381659527,2.3140993223363515e-05,0.5584511141038272,4.9023177803739507e-05
2024-12-19,4.0708189755395374e-05,0.09377034004474576,4.127087488942043e-05,0.10088397535005293,4.118575627892339e-05,0.10161512246860437,3.450036976634666e-05,0.1212821120431478,3.465418534121496e-05,0.12238910812126325,3.3512759590561376e-05,0.12262698304440468,4.481545782180778e-05
2024-12-20,3.0192127140297546e-05,0.10615352726477305,2.9658048069570503e-05,0.10684135024756199,3.0281822074463217e-05,0.10926300900377219,2.6609070353755718e-05,0.10636517690083425,2.7713018719385146e-05,0.10286619922417424,2.7331749546763466e-05,0.10879251204815875,2.895807261456795e-05
2024-12-23,2.302739552270257e-05,0.09144195953230037,2.055786719706469e-05,0.07660052947542258,2.1420512962897753e-05,0.08007902060215398,1.9955032781720678e-05,0.09469941065974985,1.9874036314610146e-05,0.08991997596297345,1.9712578470582535e-05,0.08876921714309381,1.664298187753915e-05
2024-12-24,1.7438096259968585e-05,0.14766958913189523,1.8259446863772994e-05,0.15534549262643405,1.8488222621008796e-05,0.15013126997479928,1.4089597523252108e-05,0.09651324308224175,1.4463417927934737e-05,0.11814073688892422,1.4585483054137296e-05,0.11845491319964745,1.2289472778190985e-05
2024-12-26,1.2971697884617e-05,0.08119362773713941,1.3171534144965217e-05,0.08138965160051138,1.364873706537176e-05,0.08496533058847044,1.1362538057084814e-05,0.08184335324530008,1.2648827373882622e-05,0.09311888374767917,1.253139495594764e-05,0.09401997228087457,9.848930793319627e-06
2024-12-27,1.702545288120394e-05,0.051693921361093624,1.6227614408681893e-05,0.050536370081233684,1.6263321805802654e-05,0.05381759016486041,1.4832838937025706e-05,0.0589708106279403,1.536731775058141e-05,0.05459018048923984,1.5158412625791914e-05,0.0576797453107731,1.5143506938572568e-05
2024-12-30,1.597979048434004e-05,0.0798917432609041,1.4442266445008533e-05,0.08009389650469527,1.4298622445840602e-05,0.07998483856402455,1.3506984121734207e-05,0.07981753658270352,1.40265226058591e-05,0.08457582308205384,1.3931284975762461e-05,0.08645711476569383,1.3484243817951777e-05
2024-12-31,1.725749960251673e-05,0.11389275379074044,1.598707342516891e-05,0.12779501810201174,1.6022214255273395e-05,0.13074243303800687,1.5283516285655994e-05,0.125778525989148,1.52050363692801e-05,0.13835965216636917,1.5389934463513155e-05,0.12732301789625636,1.8522813735475483e-05
2025-01-02,3.0021873503572953e-05,0.09492181368888013,2.8388864003063047e-05,0.11272423758401477,2.8287778334297375e-05,0.1213767032570644,2.642969288520386e-05,0.1419821323595212,2.4807987259058486e-05,0.147276573484639,2.514294164361719e-05,0.15345827758221242,3.1192090997956704e-05
2025-01-03,1.805126364658173e-05,0.10728552170671997,1.658412775036246e-05,0.09086541101609448,1.6762810492573856e-05,0.08961100652101832,1.6851280369261304e-05,0.0917731629620218,1.4945179688972062e-05,0.07895227439188553,1.5401300111359436e-05,0.08300082360467892,1.3597252868666622e-05
2025-01-06,1.968544500853195e-05,0.12105505186020155,1.7383039195292383e-05,0.11681251566958983,1.78028806617319e-05,0.11720386598458882,1.7004550458884964e-05,0.11441751082111058,1.6721077402965522e-05,0.10962960252929911,1.682670343478131e-05,0.11196003923513813,1.8604218678680724e-05
2025-01-07,2.7100674458556704e-05,0.09177332999051736,2.5232889157314883e-05,0.08756316959083237,2.5949998644016485e-05,0.08572639344908882,2.1759852372186958e-05,0.07795198967681996,1.9807888005833175e-05,0.08751868000543284,1.98451396326952e-05,0.08794418900525808,2.3009530818148344e-05
2025-01-08,2.7715111729381374e-05,0.08998186211001545,2.678537145826659e-05,0.09156864714220121,2.6405705822391706e-05,0.08994515141556432,2.547841673627745e-05,0.08939254824232597,2.2676456613030357e-05,0.09475985517069381,2.2177425086743882e-05,0.09615234955113326,2.5975243837548454e-05
2025-01-10,3.079992376822099e-05,0.07854322486528412,2.849504581484163e-05,0.08469205285474495,2.8352832949893482e-05,0.08603286678183925,2.4879570996290086e-05,0.08391066619995628,2.2916429313925808e-05,0.08762108555986126,2.261545675393738e-05,0.08892377547603157,2.6657483821196945e-05
2025-01-13,2.4767558881157135e-05,0.053023014234912125,2.223557621485154e-05,0.04727563651417027,2.229799523812103e-05,0.05207308421301942,2.136019824694326e-05,0.060594106056823284,2.0756726854355417e-05,0.05575332290769217,2.0656577853816267e-05,0.060838243234631106,2.1148821145674048e-05
2025-01-14,2.4085458960042443e-05,0.10991800088717495,2.252928331094929e-05,0.11137522428326695,2.2186582024056016e-05,0.11171665546839316,2.120263413719026e-05,0.131487001372664,1.977703961112964e-05,0.14037877098757526,1.971135721789916e-05,0.1399206858198628,2.4180651057133084e-05
2025-01-15,1.7543464881865328e-05,0.06691074160417046,1.700312928400153e-05,0.0628764253296609,1.7238565401882214e-05,0.06367987408200139,1.6016078675286094e-05,0.07795086122470625,1.4959593698557949e-05,0.07293641363762028,1.5179370860584989e-05,0.07356543720265903,1.4664760017418961e-05
2025-01-16,1.9765680232084952e-05,0.07968130345087795,1.8064783037578424e-05,0.07371020717728964,1.8058233966960933e-05,0.06802490037808294,2.038062295296877e-05,0.1076882851203366,1.9314994124449913e-05,0.10705023901171706,1.925778755118437e-05,0.10434495210212233,1.7758881832040174e-05
2025-01-17,2.1359596910342782e-05,0.2635404839570144,1.8160872010565836e-05,0.3501204922725087,1.8484285940337222e-05,0.3367588091415383,1.949028517057807e-05,0.2869452710144835,1.942125113209932e-05,0.29669949998052714,1.9476815861157944e-05,0.29957584209732435,3.605426374526267e-05
2025-01-21,2.0034102141628114e-05,0.138790837610991,1.9176484538197462e-05,0.14012445325586073,1.9268180082335487e-05,0.13417930047903218,1.683042088030944e-05,0.13164433255790645,1.7376320891554852e-05,0.1321419990707307,1.7491468935043173e-05,0.12851276219614385,1.6492625883137104e-05
2025-01-22,1.531641631054908e-05,0.13040061458180013,1.540453324723733e-05,0.1318084134861404,1.5563663303409313e-05,0.13430654037432024,1.415752672407038e-05,0.13050891621902969,1.44688463900691e-05,0.13014197278593798,1.4560770634340558e-05,0.1290796486024725,1.1742712456805919e-05
2025-01-23,1.052823014995626e-05,0.09069695739050765,1.0606123462080455e-05,0.09139270406800332,1.0502227166142278e-05,0.08814312697849769,1.0363790798318275e-05,0.10006270170132098,1.066495151712054e-05,0.11699025286794405,1.0677686428749526e-05,0.11786017443509851,8.6587870397827e-06
2025-01-24,1.3860817459934444e-05,0.16664693647381595,1.318972540007025e-05,0.1601821150009182,1.2836369266879224e-05,0.15311043808785438,1.3061309123663862e-05,0.1528416680198363,1.385310829235452e-05,0.16196667087638125,1.3626398447001968e-05,0.1582145641111721,1.2070638839436845e-05
2025-02-25,3.6244017584778306e-05,0.06417189697327295,3.4223858692801415e-05,0.06742029185118707,3.561663003579074e-05,0.06304344453618506,3.3049196778810363e-05,0.08620018676793423,3.184746332232812e-05,0.08977012250248839,3.1647016844605704e-05,0.08837826618482997,4.238489203993153e-05
2025-02-26,2.914372283829088e-05,0.09283853917434136,2.9009533506205786e-05,0.08910189167480166,3.070618901659153e-05,0.08666323283709654,2.7328585142338435e-05,0.08930250417294062,2.672863966328164e-05,0.09296309155498912,2.686060525740796e-05,0.09286537625380198,3.3572109725881453e-05
2025-02-27,3.7805045953359656e-05,0.08634001986606872,3.6575029650748275e-05,0.0874691183311817,3.8922434259635004e-05,0.085136468008076,3.430844311947572e-05,0.09861410690844884,3.2460266338026216e-05,0.09432937848680029,3.183307536001212e-05,0.09444103979149225,3.6486326305807904e-05
2025-02-28,4.1383750932430475e-05,0.11018683997084615,4.003837870721453e-05,0.12270616897940949,4.174827168861201e-05,0.11719350320483535,3.980815735768685e-05,0.1238105032747621,3.716552864873365e-05,0.1300354310329286,3.486701047041458e-05,0.1434807193913288,4.619283146421474e-05
2025-03-03,4.722205534332524e-05,0.18254146845000482,4.517167042844179e-05,0.20137271287076663,4.752337369921058e-05,0.19160411500089303,4.3663865879132946e-05,0.19824863713210153,4.4235793045618215e-05,0.21930751772637458,4.350177278274601e-05,0.19163022414729544,5.1351421063968946e-05
2025-03-04,6.425312485431193e-05,0.11338688340523484,6.883790873106913e-05,0.11126852707453704,7.190144579649874e-05,0.08916520533898631,5.439714552446476e-05,0.10768729692052843,5.641987850712178e-05,0.10684760706600016,5.374815163255509e-05,0.11807821769244096,6.753968867460383e-05
2025-03-05,5.3128887141074106e-05,0.11346319474918887,5.7600730852806806e-05,0.10680878641194878,6.136387601822349e-05,0.08885029392851139,5.0524504152482835e-05,0.09580978314234868,5.054265651474804e-05,0.09711764818136111,4.983855525125776e-05,0.09977298738652969,5.4792792024534356e-05
2025-03-06,3.7783079451074355e-05,0.10816579440777924,3.8928968932611334e-05,0.10173043224022095,4.1372390813651755e-05,0.09572408290865266,3.957215204730746e-05,0.11693224382158567,3.8711100220180715e-05,0.11463437663052622,3.9395867042373484e-05,0.10484258973717597,4.5056431750691585e-05
2025-03-07,4.756401021891854e-05,0.061374193893290636,4.9231604949364396e-05,0.062368353122593145,4.997856539944877e-05,0.06172365001007743,4.4002859955100724e-05,0.08392802474403106,4.568860551549516e-05,0.0809839548152257,4.542859487679861e-05,0.0760950957074437,5.1698435744123386e-05
2025-03-10,5.332315650405224e-05,0.10151959926958591,5.846465964544315e-05,0.08186598802616774,6.276465005332298e-05,0.05956866564722929,4.978152551265516e-05,0.10367588380020316,5.7413334270110067e-05,0.0774225855441381,5.7655317640023126e-05,0.0769816346803423,6.418721523776114e-05
2025-03-11,8.824398992414228e-05,0.06133710879637313,0.00010772032494543305,0.057678679179081364,0.00010774610409222743,0.05332607945985813,6.777346863782865e-05,0.12348277931922365,7.417437100130972e-05,0.0908615980463473,7.051308290338165e-05,0.10393233942047637,9.961438390477171e-05
2025-03-12,4.2630365517020104e-05,0.11913198724511502,4.888596807285404e-05,0.11076831192189679,5.479826514106335e-05,0.11857626927185873,4.386334016447785e-05,0.12693830170489417,4.984674921124392e-05,0.11325991392946898,4.783824498261435e-05,0.11242566433813027,4.586280526116225e-05
2025-03-13,3.9821626202077636e-05,0.04298261306368739,4.3711973524151845e-05,0.050847111210341446,4.470443321102376e-05,0.054902188526325245,3.658426248004602e-05,0.04092202394841033,4.0240828473640034e-05,0.041545903554238685,3.917046681444886e-05,0.04524399424278306,3.836749292042758e-05
2025-03-14,2.384200926300174e-05,0.0656984428099092,2.6039607603758434e-05,0.07359054279607859,2.5518895699353604e-05,0.06825992033813284,2.2314916642817684e-05,0.052938423628414076,2.4326430682010695e-05,0.058260010376530315,2.4518185386853033e-05,0.05794508399380816,2.077076547857874e-05
2025-03-17,2.5298590907384063e-05,0.04808806755382349,2.6056801451246158e-05,0.048454684137657994,2.7513305991941006e-05,0.05752566870193287,2.2867064372635884e-05,0.05328137849542522,2.4457514617682953e-05,0.050786033994247026,2.4613614685307028e-05,0.0517881190624927,2.153362807989651e-05
2025-03-18,2.7340465106062343e-05,0.07365419991907574,2.9209477920249258e-05,0.07612170304114703,3.02961589005999e-05,0.07604465974168911,2.514721490297113e-05,0.07645139458109987,2.7676784129844942e-05,0.0816631549424033,2.7469176626322418e-05,0.08180512614245332,2.8001516080019545e-05
2025-03-19,2.2095604395259434e-05,0.3636985760622277,2.4083816514108774e-05,0.33871693258759894,2.4756772368533014e-05,0.35186700428208467,2.180098431499731e-05,0.31916007393940293,2.3415788373803985e-05,0.2603758845276694,2.3286339448269088e-05,0.278370735549923,2.966539083302477e-05
2025-03-20,2.5029446123534108e-05,0.06534637711404641,2.673324667332316e-05,0.06544237094136542,2.747030356168959e-05,0.06626857949477849,2.341611440563637e-05,0.07572635567820289,2.4688304484604293e-05,0.06803859505885419,2.482885430906219e-05,0.06583941893269481,2.456334068347922e-05
2025-03-21,2.15433603394903e-05,0.051113408189213644,2.3254134998785037e-05,0.054896313066875084,2.237986682194233e-05,0.05452592180826384,1.9409954519888104e-05,0.051063204898159985,2.0872394319553453e-05,0.048872129804180924,2.0639139480646613e-05,0.04976232160457476,1.9204490665063367e-05
2025-03-24,1.7241827150059448e-05,0.1032395682473209,1.7361862578817122e-05,0.09669912490202269,1.674142032826209e-05,0.09084136703792602,1.6057416594040134e-05,0.09292388777950548,1.6633801149186703e-05,0.09414849139035324,1.6764604578523747e-05,0.09466012445362558,1.3506467474689012e-05
2025-03-25,1.6074341189136875e-05,0.19408491938452,1.665814300266327e-05,0.19508697695944913,1.5827632320261838e-05,0.20731244434012583,1.5232175362410635e-05,0.18427455339123378,1.5298743272236085e-05,0.17713239701494554,1.4915827201903851e-05,0.1822644663894765,1.5798787471554727e-05
2025-03-26,1.999401431431343e-05,0.07286296846711632,2.1957581203058584e-05,0.06465415462316604,2.121292583961165e-05,0.06406880786455367,2.060689214848134e-05,0.07033789169451098,2.1134331772518263e-05,0.061610191507249924,2.0721882735031657e-05,0.06286938472590094,2.2071989786759446e-05
2025-03-27,2.6866158737177682e-05,0.05610443754633376,2.8564601532293726e-05,0.05360173941936624,2.766155017208422e-05,0.05436601628285002,2.7817427906767672e-05,0.05643789884645112,2.7712539477391807e-05,0.05485550485029141,2.706140009276266e-05,0.063694434256147,3.193136801532241e-05
2025-03-28,3.1282832079349835e-05,0.07525423720608788,3.341652951559052e-05,0.07489889345615137,3.423196872591479e-05,0.07842933803261594,2.9652223328894216e-05,0.08442063167626863,3.177949458948729e-05,0.07946805470804828,3.0600141269538756e-05,0.07679504783549561,2.8872909361601686e-05
2025-03-31,3.419965042477082e-05,0.0633901810572861,3.571735997161369e-05,0.06624635545787422,3.701120394579283e-05,0.0609663127002197,3.367431512982718e-05,0.06004780178437702,3.590456747072251e-05,0.05480338118959457,3.5256170001953916e-05,0.05128636254904242,3.771028168201547e-05
2025-04-01,3.508140936691001e-05,0.06516801283865091,3.7382098287187114e-05,0.06763113332872074,3.550757033791947e-05,0.06475346209351587,3.415800433209014e-05,0.061305453667063504,3.558551665811302e-05,0.062432543234276494,3.455633352844863e-05,0.06265467976505738,3.257091615160514e-05
2025-04-02,4.2156582481251174e-05,0.38410005913612677,4.5705263476029314e-05,0.5601782102659066,4.233855224258412e-05,0.40099189447513556,3.8425334744870365e-05,0.4020640464413123,4.035518902398153e-05,0.3606254155741453,3.890896011295844e-05,0.36108106600880724,6.176757848956546e-05
2025-04-03,5.186817876163904e-05,0.054157896825234496,5.425460022624569e-05,0.05843848109629601,5.465333676774496e-05,0.05739768480960719,4.625821031418334e-05,0.06821604334826498,4.8469252868627905e-05,0.06250982556206741,4.684390130900839e-05,0.06001213372047909,4.605874949866759e-05
2025-04-07,0.0003572251845163541,0.2158955744615152,0.0005349387877361229,0.2777873029231969,0.0004607321869255245,0.24518216455994,0.00012065068809865349,0.9170253725145656,0.00013755656272982186,0.7160740488570029,0.0001229737557709468,0.8587936739595978,0.0003317183739028079
2025-04-08,0.00012037800286037117,0.11471322038450837,0.0001381211675228629,0.13229088465013342,0.0001304547927834419,0.11765128987507571,9.775206945651531e-05,0.09712758970262479,0.00010900080294682639,0.09418992732809472,0.00010194902233702243,0.09282984539928389,9.864747001545565e-05
2025-04-09,0.00017083356834490717,1.5550758692329705,0.00019112302222125302,1.3075819878384818,0.00018117894952090815,1.396525367523517,0.00013645863371565588,1.6285956767087226,0.0001311956612518612,1.5395068506044973,0.0001298567437082844,1.4779168656368507,0.00024249517119232615
2025-04-10,0.0001478787405105024,0.11810819621035279,0.00015294206745168016,0.1056201953146765,0.00015213900530693051,0.10354740720473153,0.0001450404440582665,0.14129084077533308,0.00014030059229789006,0.11183271818336683,0.00013296492366953456,0.12516789973791517,0.00016320073292513514
2025-04-11,8.80548598843304e-05,0.08859194686791128,9.785077730794244e-05,0.10511246973599009,9.026494026648231e-05,0.08872760590394234,9.408974429842427e-05,0.10973017574064421,0.00010194859947692191,0.13286465401206163,0.00010411366029626936,0.15958245590399364,7.033147185507388e-05
2025-04-14,4.835583323716553e-05,0.11774322021685452,4.7399639095574115e-05,0.11292397708190509,4.5804753891791026e-05,0.11112545855303795,4.823041829073543e-05,0.12076402066864284,5.2298881218078895e-05,0.1236177115539036,5.187150655282715e-05,0.1282944532456908,4.053252118406544e-05
2025-04-15,2.946653027566495e-05,0.07199116072870755,3.016424356658702e-05,0.07248646053965158,2.9221355796994853e-05,0.07351670755646585,2.7705844750869282e-05,0.08581590765244602,2.9789866456325957e-05,0.08228607528954958,3.0500175917061557e-05,0.08382205664217508,2.791675306519708e-05
2025-04-16,2.7727521063081318e-05,0.23086551985347384,2.805047190080774e-05,0.2289829382370271,3.0332621448877462e-05,0.22137720816591233,2.9106308559428624e-05,0.19812757536685252,3.110285510892979e-05,0.19785996914856022,3.233065134460643e-05,0.1889441137107363,3.212670239490872e-05
2025-04-17,3.167773301087088e-05,0.10935452872826416,3.230454251486009e-05,0.10405993446997691,2.8656617745955468e-05,0.14889833041830505,3.1770875883818364e-05,0.11653325007568531,3.373710900114258e-05,0.10340314940986813,3.370847289962334e-05,0.0995628347460392,3.668858026719641e-05
2025-04-21,2.2549227677846442e-05,0.043621137469327866,2.5345625703951242e-05,0.06166612781667539,2.6706336789810922e-05,0.06773187725479902,2.0988182723388513e-05,0.03757312261737588,2.5740601924256685e-05,0.06979883494735559,2.6593183314659152e-05,0.08071730150180215,1.937881732266417e-05
2025-04-22,2.4170796777771166e-05,0.29983508878207527,2.751182325265102e-05,0.25617252151976305,2.803455252636617e-05,0.27975599705394555,2.4645241068597988e-05,0.31180415464645933,2.8100264864616573e-05,0.24124627355280828,2.8177398125210955e-05,0.24960850518432687,2.923562657488104e-05
2025-04-23,4.739668914742769e-05,0.08749010242952442,5.1132623462847116e-05,0.10142937656963669,4.732687198552162e-05,0.08741932474205093,4.357650820588878e-05,0.0944471326962086,4.347923144310516e-05,0.08476025880135717,4.338501660824299e-05,0.08662694301448591,3.8049716376674596e-05
2025-04-24,2.050003025687159e-05,0.04539053920220423,2.2906674773385643e-05,0.06841437827579618,2.1531564023119504e-05,0.05423304930207101,2.0473558861088058e-05,0.04744505190536193,2.2115095620246595e-05,0.06148024419045445,2.2277269783815622e-05,0.06367598891578324,1.6890682595016476e-05
2025-04-25,2.47146703630545e-05,0.16297199557430248,2.606785928888673e-05,0.17654217532947858,2.7350678547278533e-05,0.16428058075043794,2.3683354453205268e-05,0.1806678415289208,2.5775234032922605e-05,0.17889567766392075,2.626706543666733e-05,0.1705456281068292,2.667988902637686e-05
2025-04-28,2.9266352911788643e-05,0.05097258238310951,2.957890456176084e-05,0.05672476894448845,2.8162643126109953e-05,0.04959374753776243,2.53934719140959e-05,0.04674471508812201,2.6778401035904606e-05,0.055477770318631776,2.650842615727014e-05,0.05437546526872087,2.5994682600715256e-05
2025-04-29,2.0327242437005164e-05,0.10804871896311885,2.1586349110283274e-05,0.12336414204471847,2.0408694384042685e-05,0.11423284832882702,1.903057988223321e-05,0.1009283970230636,2.0281785156028895e-05,0.11238342105165301,2.0075084086061132e-05,0.11082719043685073,1.8161116707859503e-05
2025-04-30,2.5440721185923142e-05,0.11573018749946856,2.797065720132121e-05,0.11152510472149622,2.7371948935296195e-05,0.11234403852426084,2.477106834280533e-05,0.114447335544179,2.6804030175007806e-05,0.1276427038519927,2.7032294535694904e-05,0.11966880468622072,2.6471318649819836e-05
2025-05-01,2.557470756094593e-05,0.10863901275836839,2.666783408598795e-05,0.11646095569748309,2.5947465080545843e-05,0.11301369110817554,2.289115959721266e-05,0.10447984745940864,2.3092354115562572e-05,0.1058631674736328,2.2738191450913606e-05,0.10451023989648021,2.2334051188901482e-05
2025-05-02,2.3206275861568012e-05,0.11835674091248603,2.2433021363664913e-05,0.11103921681068575,2.2326360456808755e-05,0.10593925140311695,2.1802177281248325e-05,0.1237032104096654,2.139320495808652e-05,0.1176677163869,2.1623425850154168e-05,0.11646872302635863,2.1984469736835104e-05
2025-05-05,1.340227809090585e-05,0.0788842228734584,1.328556318912466e-05,0.07671605418032573,1.336524267224553e-05,0.07699155214207982,1.3184105290863223e-05,0.09801214799975218,1.3677537599362552e-05,0.09888802151658556,1.3543829607142583e-05,0.09220058704889204,1.0686120914581488e-05
2025-05-06,1.594341066129308e-05,0.20314141764288005,1.6279958323254934e-05,0.19438745554416,1.5961932926611298e-05,0.1871046005104983,1.6104000501434997e-05,0.19483821889409325,1.624739579538801e-05,0.2030306122742873,1.636089491984731e-05,0.20944350625509586,1.5234894951887822e-05
2025-05-07,1.736767212129666e-05,0.4343845565230408,1.8580883752877074e-05,0.4021521754120681,1.8234401588334396e-05,0.4321312590605482,1.930025182300308e-05,0.30414175558181383,1.9949367261546338e-05,0.29941342530259946,1.916349838347061e-05,0.3297368290281639,2.8809191818988846e-05
2025-05-08,1.7114552125755244e-05,0.09237681448832818,1.7749976768724726e-05,0.09560681728255964,1.7659128554265572e-05,0.1035773623877343,1.6458121832960452e-05,0.09660431249887513,1.6425534577271104e-05,0.09010599383101474,1.6477665644475515e-05,0.0946174880002128,1.5685785159309595e-05
2025-05-09,1.7229511627928694e-05,0.06772072806253106,1.7279033989684675e-05,0.06466461605404485,1.6973103692240583e-05,0.06446536174246979,1.603475417871598e-05,0.08024560352414246,1.6984944931767722e-05,0.0828521460805662,1.6846742811357428e-05,0.08101633278613339,1.7424464821865827e-05
2025-05-12,1.640520930480866e-05,0.10400172936310985,1.5775206474146073e-05,0.0964847356425486,1.565607541085275e-05,0.09564444563492008,1.404756366852187e-05,0.08072379264019611,1.4128735540359027e-05,0.0784236059219577,1.4505991528470226e-05,0.07936254007778762,1.2689998643450342e-05
2025-05-13,1.6811064154878393e-05,0.07865216852170977,1.67611700451773e-05,0.08085346788066454,1.673399502561392e-05,0.07605723193325192,1.5943529734696795e-05,0.07710164961983802,1.590363716175836e-05,0.0773783032791125,1.6445801988158743e-05,0.07490078361258524,1.674477509565524e-05
2025-05-14,1.6493949562804488e-05,0.12112477896816963,1.711205902799189e-05,0.12769990042871535,1.7414765726295403e-05,0.122389930016066,1.6397731295970434e-05,0.12043914744980017,1.6614556748543356e-05,0.11721435983848982,1.6968264035687527e-05,0.1175985739966227,1.588612923584314e-05
2025-05-15,1.4837630419287427e-05,0.06612660195959372,1.5152835505751229e-05,0.06880386340852032,1.4787609083938727e-05,101870.78222875112,1.4664674669738066e-05,0.0660940302678412,1.5127338525795078e-05,0.06854229537981561,1.5053496529459008e-05,0.06807366505499339,1.3493636770664735e-05
2025-05-16,1.1899587213312884e-05,0.09060292129748516,1.1854287888942452e-05,0.0897459575298934,1.1733451782744678e-05,0.0859255203701031,1.0797247560133402e-05,0.07789790581131052,1.1297609743280998e-05,0.07742026649047828,1.1323008911675073e-05,0.07711561161261392,1.1100054308246382e-05
2025-05-19,1.1944954304372308e-05,0.07868095531917452,1.176391986624449e-05,0.07497524254345343,1.1583337090439228e-05,0.07296783309052243,1.0736166692999944e-05,0.060444509957325254,1.1223923861889303e-05,0.06531687268791017,1.118308275586743e-05,0.06500464715523756,9.399366938036214e-06
2025-05-20,1.156387712410481e-05,0.13969795426073395,1.1929793321321784e-05,0.13924325127084633,1.1692337212990446e-05,0.13261279572008036,1.1368125684805237e-05,0.14584409285284497,1.1813575318292662e-05,0.14542461497066253,1.1789478620331109e-05,0.14376136411788384,9.782895259047814e-06
2025-05-21,1.65154177194499e-05,0.8312067064882851,1.7695947752166456e-05,0.7412071523329954,1.770072806276304e-05,0.695577612903009,1.8421637020828206e-05,0.7507829775304806,1.868039126910947e-05,0.7031580484161036,1.85434335357718e-05,0.7107332138547413,2.4919632288156172e-05
2025-05-22,1.5231842595297005e-05,0.2132183712377551,1.6345208000821594e-05,0.21365398386822365,1.613233277207624e-05,0.22967628101682527,1.3756858731874741e-05,0.19927490786492988,1.3943498805638148e-05,0.1934004622885406,1.415506405559737e-05,0.18168802878650006,1.3652845951700558e-05
2025-05-23,1.4538150410113084e-05,0.09421555277782873,1.5088520566623894e-05,0.09412301260251497,1.4873833990846712e-05,0.0951142532308968,1.3139218103825086e-05,0.0923236522280605,1.3722716053119759e-05,0.09104924736711517,1.3457740400059698e-05,0.09074598683603553,1.3062279880609836e-05
2025-05-27,9.847288943569438e-06,0.08412501164524762,1.0679717256434975e-05,0.0975567113266872,1.0876588722148574e-05,0.09917915027798148,9.664554006018789e-06,0.0817270253192559,1.0361150509330522e-05,0.0926381250833584,1.0695682788300397e-05,0.09282834282224743,7.834997802286164e-06
2025-05-28,9.204289694133743e-06,0.11395800179827793,1.049517558950159e-05,0.13445281462913006,1.0419481023376057e-05,0.1261028544342148,9.834758632119961e-06,0.11918592352948006,1.0383077675199162e-05,0.14852109069405675,1.0282567391477148e-05,0.14045556814154794,7.971197313488408e-06
2025-05-29,1.478160100647652e-05,0.16544447410945423,1.5249405918211542e-05,0.15929346082686507,1.4966955178295034e-05,0.15892542509767874,1.426948066611069e-05,0.18451902472965295,1.460915739472907e-05,0.18964789375732516,1.4680420487686056e-05,0.1900990927287746,1.4950605353832927e-05
2025-05-30,1.4017467496120718e-05,0.2095477156007807,1.3877939599335243e-05,0.21752045850181254,1.3795345212170462e-05,0.20853336021739377,1.3352986194196956e-05,0.182795492826029,1.3623944875607603e-05,0.168292754163481,1.3740657763621265e-05,0.170390188142622,1.6416776026377998e-05
2025-06-02,1.5376353571053078e-05,0.10569449394594048,1.4753842478406635e-05,0.10080997517467263,1.4362175828934063e-05,0.09807663509022749,1.3625353205779842e-05,0.09838699118733683,1.380975644557158e-05,0.09825995599269678,1.3531630163445015e-05,0.09697745910838731,1.3371313957649949e-05
2025-06-03,1.0846180818873935e-05,0.1331063289672159,1.1079732589423925e-05,0.13113274977724787,1.1056881613608069e-05,0.1314775461133197,1.0364629673943655e-05,0.1345489008013706,1.0624977933190833e-05,0.1343250358965444,1.0604956842012514e-05,0.1362108771745849,9.317794579645304e-06
2025-06-04,1.2218312289992291e-05,0.5217818592720003,1.3146231300294504e-05,0.480077270287033,1.3222140104515376e-05,0.5237231535212495,1.2652685189854814e-05,0.6057570945420758,1.271252518539657e-05,0.5419103428008968,1.2675060077649969e-05,0.5396670310467538,1.3193760278854872e-05
2025-06-05,2.3263877417226478e-05,0.3239557347975461,2.3507871574460448e-05,0.30600583585077845,2.4478945972573672e-05,0.29625571384684624,1.9663201595153973e-05,0.40434006523504173,2.1868674689106692e-05,0.3299708562580079,2.1963540298066005e-05,0.3266260517488117,3.7936950080106667e-05
2025-06-06,1.897746733477378e-05,0.10977379473858721,1.974783288757681e-05,0.106717480129905,1.901630437223372e-05,0.1020003968844373,1.8523952408130228e-05,0.1209229450435923,1.8261187550920747e-05,0.11971774241449135,1.8442497342759936e-05,0.11633304951038925,1.554076250331121e-05
2025-06-09,1.4971245563865786e-05,0.310081029817844,1.4499620225720493e-05,0.30153685308118017,1.4688995552890317e-05,0.30155470965619213,1.4287653846347562e-05,0.3232735923703968,1.4620889173454447e-05,0.2692044077401861,1.4518181357210808e-05,0.2684849781534557,1.3323682245724685e-05
2025-06-10,1.2852319250507357e-05,0.17062173475682232,1.2842947446813741e-05,0.16136600991101932,1.2662699142225926e-05,0.16380946387617573,1.3401375171432625e-05,0.17666999713636236,1.3366673733161815e-05,0.1695427319952447,1.3508668105582012e-05,0.16938709085084447,1.2605306527940428e-05
2025-06-11,1.4553047403334106e-05,0.16030731353874253,1.4944601826710792e-05,0.14179156951027813,1.5027006680239053e-05,0.14504259349841853,1.5108841758697738e-05,0.14055471586692198,1.490916232023095e-05,0.13413770041587245,1.4914951272073359e-05,0.1355764473542286,1.4323082221166707e-05
2025-06-12,1.3032237685917477e-05,0.11922939690265733,1.3232211539887908e-05,0.12371369153096863,1.3293935559324174e-05,0.12399823088678752,1.3267041029611146e-05,0.1478920014357309,1.3548063190101302e-05,0.14368471640912586,1.3619460957455989e-05,0.14425176994645247,1.3522149414971427e-05
2025-06-13,1.4442940586155471e-05,0.11985164434977567,1.395440388778793e-05,0.13676664874205505,1.3828555585025066e-05,0.14500331823713966,1.4065903387434663e-05,0.10584122123724791,1.4306086335190827e-05,0.12227563627225439,1.4523257146852207e-05,0.12127628981268801,1.7338653356251146e-05
2025-06-16,1.0576031403727133e-05,0.10075587155383907,1.0335156394810305e-05,0.0976957867459604,1.0334863246914699e-05,0.09614520271153733,1.0277118709546082e-05,0.10236179593287327,1.0507237926094977e-05,0.10365248960672628,1.0412508943625555e-05,0.10439596113251655,9.153780407597405e-06
2025-06-17,9.30614327220566e-06,0.07868760135502148,9.731472843270578e-06,0.08213367557634427,9.78101466713775e-06,0.0842530990614807,9.601153422450825e-06,0.07671602024204356,1.0121634460834299e-05,0.08101528755361448,1.002114772151422e-05,0.08212724186395183,8.852014270219112e-06
2025-06-18,1.006145849034381e-05,0.206842954554618,1.1066774803059758e-05,0.17994098263871203,1.1215410503415713e-05,0.17119705668248272,1.1157443871943836e-05,0.14510469357480518,1.1431682236036058e-05,0.1576080275330932,1.156043888606521e-05,0.15427370731512144,1.309977050820445e-05
2025-06-20,1.2240455168711937e-05,0.06721599199390983,1.2353490146054529e-05,0.066634922712072,1.2299068179241719e-05,0.07040255297499501,1.0944605577264733e-05,0.06455890175380381,1.1270653561289781e-05,0.06590178508142928,1.121027827751525e-05,0.06592057560244598,1.1423880054654118e-05
2025-06-23,1.8015300454371512e-05,0.13364394429321622,1.6952191373860694e-05,0.13721311022309407,1.683832388020073e-05,0.13772458947579394,1.6703045845352528e-05,0.14138750380258616,1.72547241984513e-05,0.13327949901135241,1.723108132137788e-05,0.13087900549844772,2.086697739144443e-05
2025-06-24,1.2069149714322661e-05,0.12805604945179078,1.2019727268397897e-05,0.13076723995651468,1.1733416180726928e-05,0.12496352634022816,1.2022932545292602e-05,0.1434448710586191,1.1702267876990947e-05,0.12065035385129053,1.1687184576636898e-05,0.12054595412716333,9.261477990454075e-06
2025-06-25,1.1765087943991348e-05,0.10633910507607675,1.2644442022355448e-05,0.12019544648186398,1.287386098268109e-05,0.11838917103421358,1.1796506306835575e-05,0.12124525597237978,1.1886139130489425e-05,0.11259066743794566,1.196532186128989e-05,0.11283078005561609,9.624459603886506e-06
2025-06-26,1.0945526167304589e-05,0.1512702072953668,1.0148408497430032e-05,0.15311672057228665,1.0095678426817189e-05,0.15480421836064465,1.0844558931940202e-05,0.15188276360126982,1.0139828232905911e-05,0.15668566314338203,1.0231249224672208e-05,0.15371660205895957,1.0086712326221139e-05
2025-06-27,1.0542032610295168e-05,0.15115173361628856,1.0166213225388594e-05,0.16744137365859682,1.0416028624315742e-05,0.16418427240725117,1.0408805669980808e-05,0.16655724455264534,1.0326738271106542e-05,0.1672777119025164,1.0478402013568416e-05,0.16429699264142247,1.2003100815616335e-05
2025-06-30,9.339890597341967e-06,0.3376866094828545,8.893779870493287e-06,0.342693626720508,8.862538821946668e-06,0.3502634574903836,9.138023323418864e-06,0.37613513838532486,9.405034376483286e-06,0.3456005287249299,9.280449944850285e-06,0.3381025670230617,9.370170416183884e-06
2025-07-01,1.6410439347805502e-05,0.12976617359074114,1.6581560434047117e-05,0.12318470909325013,1.7513996334646828e-05,0.1236842915855309,1.5796782176788558e-05,0.13614045161494256,1.563731055884438e-05,0.1355973256886661,1.6052246754984404e-05,0.13231666640171316,1.8729348852650366e-05
2025-07-02,1.212079708216084e-05,0.12542662045375672,1.1671024927212322e-05,0.12491777967790833,1.1872751480441669e-05,0.12050835311611548,1.2934885835154695e-05,0.17278544471291177,1.2301443647482806e-05,0.1674570397937095,1.2419270645379364e-05,0.16905600172221372,1.2991248398454884e-05
2025-07-03,1.2382125309486397e-05,0.07490446685011462,1.3085063210977218e-05,0.07805444233334381,1.2539608442262912e-05,0.07219291897467296,1.248386383211506e-05,0.06379707563334597,1.329179135453523e-05,0.08130864442502617,1.3485020893162097e-05,0.08078418095517888,1.1889664961573264e-05
2025-07-07,1.2383893959808441e-05,0.15334360394257748,1.1677539821417763e-05,0.15318059642837212,1.2280050005827288e-05,0.15405459917196287,1.2490513546941404e-05,0.17697666791105637,1.234162006718995e-05,0.17361571281094798,1.2522319020011484e-05,0.17076366888113084,1.140432276871867e-05
2025-07-08,1.0000492600704016e-05,0.4807479855711894,9.74247212949091e-06,0.47110264527714607,9.869683148548085e-06,0.4406162842684731,9.818915172316428e-06,0.48075173082084127,9.687684677344499e-06,0.46392195210872167,9.667816754339258e-06,0.4749353108932643,1.3983293105376685e-05
2025-07-09,1.0094501674937288e-05,0.207929463262181,1.0438586431324832e-05,0.20582763035119664,1.0624040529886722e-05,0.22096268405843314,1.0666581317578717e-05,0.21071601589560143,1.0515082154414216e-05,0.19496932469223663,1.0564176699927655e-05,0.19868668840852285,9.612030957513619e-06
2025-07-10,9.899849086172718e-06,0.10326147146331151,9.834044095843587e-06,0.10469557801823208,9.517484878409761e-06,0.0995779273547505,1.0264856424931924e-05,0.14479288941176488,1.036863455837423e-05,0.1492305847766866,1.0390027364960899e-05,0.14923444189982074,8.348217528166433e-06
2025-07-11,8.54315796877187e-06,0.1047972328274912,8.222652415320907e-06,0.0971389586588261,8.082288104841496e-06,0.09417815526230357,8.318884276916453e-06,0.1245686669620882,8.838285156302313e-06,0.12356348281230972,8.517503600368905e-06,0.118356909354891,7.1629156998078136e-06
2025-07-14,7.693783204757119e-06,0.1132284785629818,7.305893068158465e-06,0.11412694832059284,7.1141297593594124e-06,0.10933748606471766,8.246566608674037e-06,0.16153879838794608,8.482578136764346e-06,0.17080487027067448,7.96194478555296e-06,0.15412030902612528,7.039231914589259e-06
2025-07-15,9.076385780436802e-06,0.0756572454603122,8.967585427544406e-06,0.0760311900977307,8.910783172732593e-06,0.081616424100579,8.790130235892954e-06,0.09134365467605089,8.879006758248972e-06,0.08770421069631024,8.966700040453547e-06,0.08777436581526492,8.420189177941762e-06
2025-07-16,1.2182828016587695e-05,0.17729542202161344,1.2386426847338521e-05,0.18390235993159731,1.2215965294058327e-05,0.1860175964975247,1.2282291576426593e-05,0.20689737902189023,1.221535843987971e-05,0.19831017728677802,1.210974244781074e-05,0.195571164451211,1.3352290806386582e-05
2025-07-17,6.971059669468154e-06,0.1976983957532179,7.016379973108393e-06,0.1939396382820946,6.923605293077659e-06,0.19272771202395345,7.417834898638831e-06,0.22048902775213533,7.532189388642878e-06,0.22137013075714243,7.592324274318152e-06,0.22132753466243327,6.738384658640927e-06
2025-07-18,7.4915516735925435e-06,0.14502340643131792,7.358237994450709e-06,0.14035873523613931,7.290359851056817e-06,0.13753524661615257,7.5493807778741085e-06,0.13613469068974093,7.652856224055263e-06,0.13258593776272634,7.688829738009874e-06,0.1344910568330406,7.0682306048927964e-06
2025-07-21,7.0297598565126846e-06,0.10440380263384176,6.848582112887549e-06,0.10258372940974525,6.68303693852546e-06,0.09871139233463944,7.059450393250472e-06,0.11991130881507796,7.320405362843736e-06,0.15812872586304916,7.26235308514316e-06,0.15269382993727068,5.747244031066461e-06
2025-07-22,1.0986402944641744e-05,0.09272292601607375,1.105149745152386e-05,0.09427783077406593,1.0767885652479301e-05,0.09098390590796512,1.086725368488112e-05,0.10732075972906586,1.1264167333175181e-05,0.11908648772746162,1.1299495946207456e-05,0.11905791489495171,8.496972483392911e-06
2025-07-23,9.08046942965052e-06,0.1893710049175441,9.832757709743156e-06,0.19583897112659213,9.414401697874679e-06,0.18450512675536998,9.560594525530135e-06,0.20017768838064065,1.032243373649897e-05,0.22305231092716396,1.0265828594685e-05,0.22136124395623588,7.736556341468887e-06
2025-07-24,1.059487132427802e-05,0.07494214314145227,1.0519135771587038e-05,0.07752846738029892,1.0971913822571062e-05,0.07414732272788187,9.780698135457555e-06,0.0749545858357361,9.814199548258662e-06,0.08139984087488172,1.0289106114904614e-05,0.07841304824096738,8.478197057270865e-06
2025-07-25,7.030549503798704e-06,0.08748039839369694,6.729225967455412e-06,0.08996255644681789,6.572776517947877e-06,0.09119409639997887,7.580042385208219e-06,0.11140256738490978,8.082041631989876e-06,0.15054148765268446,8.335845469892827e-06,0.15426326220164285,7.273950265590717e-06
2025-07-28,7.559906632794231e-06,0.10057193538402565,7.033735123399627e-06,0.10352575990944395,6.812515677303486e-06,0.09930771984357578,7.260925644047311e-06,0.10579682715238176,7.333197620338566e-06,0.12360620717494226,7.292024517588826e-06,0.1183851584039346,7.235053020178916e-06
2025-07-29,8.42106576298744e-06,0.09817116801868765,8.27510813345836e-06,0.09512692015467021,7.883047228573832e-06,0.09787000780867643,8.40188672854817e-06,0.11521732515372451,8.593833577906152e-06,0.1180900517235371,8.628792700041188e-06,0.11866805549871151,8.734516678768139e-06
2025-07-30,8.063116376929031e-06,0.202841713226711,8.546198353267312e-06,0.20043882301377383,8.821374342533894e-06,0.17118641132571652,9.031409730290116e-06,0.19047024670373489,9.383104522441649e-06,0.1852521335499907,9.336461621188355e-06,0.173131776789791,9.290246023010536e-06
2025-07-31,1.8076031275985468e-05,0.09838585284424063,1.732592228365521e-05,0.10169497861724326,1.7349318116053583e-05,0.10345332903023807,1.7024067363742685e-05,0.10732942955880902,1.6769464152502882e-05,0.10902178114457854,1.6773708666102194e-05,0.10840030737815387,2.0199954301102107e-05
2025-08-01,2.3789058574996994e-05,0.0688967864706313,2.1911631431435117e-05,0.056618533665220405,2.2127773263321182e-05,0.053502363503487166,2.0380185159003094e-05,0.05269895374341934,2.035998312357185e-05,0.05153485968715076,2.0041951574623084e-05,0.04985064542458837,2.0641798662756177e-05
2025-08-04,1.2970352048540918e-05,0.11137243605653296,1.1733395238360336e-05,0.10265145285172528,1.1701428609854817e-05,0.10193634233405657,1.18402949512212e-05,0.09911157761782713,1.1458189914365055e-05,0.09892404785996049,1.1256021652005093e-05,0.09931300477061017,1.2224444726954241e-05
2025-08-05,1.2236215408706003e-05,0.07244737113889708,1.1755972873173779e-05,0.06732199949285617,1.1437645547505707e-05,0.0623626827307339,1.1454123450536737e-05,0.059988197969434165,1.1314831515450149e-05,0.05794206879978412,1.1076074038826055e-05,0.0568987202523931,1.0903736864477442e-05
2025-08-06,1.2113679215711815e-05,0.08286107151962947,1.2268178098425771e-05,0.08640245040539456,1.2281700847203128e-05,0.08698510567444788,1.1857264379451325e-05,0.09360012638254078,1.1572981174258833e-05,0.0829788953658943,1.147641794349317e-05,0.08263933378819432,1.062688159183413e-05
2025-08-07,1.390294659113725e-05,0.09272577190142271,1.3181686790605269e-05,0.08942534118818075,1.2969433005830636e-05,0.09109069078848754,1.2961756840183303e-05,0.08290877672462701,1.268084897926658e-05,0.08126923270110507,1.249232918703547e-05,0.08092150653323778,1.262000518632652e-05
2025-08-08,1.1143701488075477e-05,0.13765863178133325,1.0399557545307504e-05,0.14116265846844386,1.0414113682325029e-05,0.13324853031076575,1.0848575003923345e-05,0.13752137783381435,1.0390222472435706e-05,0.14092009936656455,1.051640682731314e-05,0.13354928992709367,1.1100067579979258e-05
2025-08-11,9.876799851917208e-06,0.07210120946771795,9.116397913378393e-06,0.06768180699553235,9.02864778575669e-06,0.0684773125660001,9.135792656776858e-06,0.07585537334374233,8.929656325144071e-06,0.07602179222925952,8.953297365455146e-06,0.07712104900826473,8.794259735614885e-06
2025-08-12,1.1405912358802348e-05,0.12859632161203782,1.0964707379549261e-05,0.12661305639492296,1.0781612339152287e-05,0.12496048759740974,1.0579899912968061e-05,0.12070595613494246,1.0322602346040964e-05,0.12376094135792796,1.0270663191960985e-05,0.12258577965801117,9.433648157121637e-06
2025-08-13,1.1178407589112303e-05,0.2772337315305491,1.134315214338095e-05,0.2758782965157447,1.1188403292520348e-05,0.2769998222891162,1.171514362067969e-05,0.2624755445897717,1.144675776317117e-05,0.2461781061111082,1.151613307847534e-05,0.2509451025678185,1.3356667748987329e-05
2025-08-14,1.0205462412592639e-05,0.07144855847019345,9.792219044294197e-06,0.06753342407034246,9.87237954822427e-06,0.06199736371802831,9.744311159654336e-06,0.08162804491577588,9.626987453561822e-06,0.0779873118234262,9.63165882456295e-06,0.07729109971977612,8.815639284802285e-06
2025-08-15,9.17052937877751e-06,0.11079284151861411,8.704226596824453e-06,0.10735375098141536,8.747012056179586e-06,0.10691591736070127,8.886106826353318e-06,0.10875236105998026,8.824918835537738e-06,0.10881496793379353,8.803138102222524e-06,0.11069564197930641,8.24023287536949e-06
2025-08-18,7.2560135148244995e-06,0.13573947230908714,6.910680071099013e-06,0.12862412446986993,6.870761853154874e-06,0.12833525837651388,7.063598571843367e-06,0.12185913883654603,7.068718753729163e-06,0.12093333014883935,6.969311864797883e-06,0.11621031007826692,5.9232946729067994e-06
2025-08-19,1.0582100678140251e-05,0.13674741667409365,1.0411556193075692e-05,0.13750339405214415,1.036631253305798e-05,0.14016901563847173,1.073489154043805e-05,0.14402093795610107,1.066309351423547e-05,0.1441469555707061,1.0657186024223242e-05,0.14248557732665282,1.2464785931706101e-05
2025-08-20,1.7735846318092164e-05,0.0742972562217248,1.8533881424886363e-05,0.07583624663509633,1.8764452170499027e-05,0.07567923665854227,1.7295823488410887e-05,0.07633630089388177,1.7620072270204436e-05,0.08005872968035856,1.7270340171077276e-05,0.07814738112017583,1.6428019785614603e-05
2025-08-21,1.055413855656918e-05,0.08293895862316263,1.0866901409724994e-05,0.08945858910399286,1.0752916364302888e-05,0.09124076387963553,1.032094856530181e-05,0.08437833652675959,1.034519561722854e-05,0.08635185992234128,1.0293128810617498e-05,0.08603407099944275,9.405210760106777e-06
2025-08-22,1.5314712618557228e-05,0.16481131012804792,1.468323701560271e-05,0.15189284703300085,1.4526926364804042e-05,0.14698318869723445,1.633993372351811e-05,0.14845595674341747,1.5130513789844062e-05,0.13786832571728672,1.4627477365204873e-05,0.1350983206140291,1.0348190506191129e-05
2025-08-25,8.971396260608407e-06,0.11293323440602328,8.434474770915303e-06,0.10410001938606323,8.542623488434859e-06,0.10470443165226356,8.700947690444684e-06,0.1292726698463176,8.43464077745565e-06,0.1285157184689419,8.454295445236744e-06,0.12844476112958458,7.036957492808461e-06
2025-08-26,7.312832599329741e-06,0.3405932800376022,7.384548328494729e-06,0.33061093839224154,7.40343148845644e-06,0.32908288161452864,7.390674257133513e-06,0.2804932639426219,7.437862592765798e-06,0.26551102242088587,7.3911299222274785e-06,0.25417906666668805,7.908039338879533e-06
2025-08-27,6.400529462189927e-06,0.2080988969772329,6.961140154845919e-06,0.20753583310206603,7.10589519695146e-06,0.19620949093495307,7.089804878312681e-06,0.20900172495605385,7.105684694795252e-06,0.19975015154486297,7.18210687604469e-06,0.19858267898488,5.466106447738982e-06
2025-08-28,9.539442049176214e-06,0.08294308931115912,9.425946622565354e-06,0.08313068528938294,9.49729917221936e-06,0.08192926903652988,9.172272374982113e-06,0.07373255577146674,8.986905713875647e-06,0.0727384194709614,9.045075855106917e-06,0.07317058247920726,8.21078111878133e-06
2025-08-29,1.062147309069169e-05,0.17190301499929914,1.019151523777247e-05,0.17243313964717566,1.0268724303918389e-05,0.16722554938328874,1.024974807188565e-05,0.1488787835571732,9.879703154332872e-06,0.13953026650987826,9.92152535178247e-06,0.14007871964886906,1.0144741509445618e-05
2025-09-02,1.1746225700965722e-05,0.1055996466686945,1.1628145558245544e-05,0.10275304739802545,1.181183814289417e-05,0.10518272559796826,1.1146971280740359e-05,0.11254407862583293,1.10480624702038e-05,0.11070028717712126,1.116515571456883e-05,0.10945797886009791,1.120225917651003e-05
2025-09-03,1.0363549701869475e-05,0.053433302139728134,1.0730158087726395e-05,0.052575301925345576,1.0632798578517019e-05,0.049246477775428406,1.058621985156704e-05,0.052118385270009754,1.0226792926548502e-05,0.048784171656729776,1.0188113524348454e-05,0.04965515793731834,1.0063774154364947e-05
2025-09-04,9.552049726105518e-06,0.0661795724601373,9.446540533630548e-06,0.06523981845979851,9.260705057967584e-06,0.0633636600630419,9.216482643680508e-06,0.0760144520471612,9.04287299631939e-06,0.07977862549203409,8.970107736498624e-06,0.08045365184039587,8.508820135180142e-06
2025-09-05,1.8368937919850768e-05,0.08247411907535764,1.6718618336328196e-05,0.0770667600315586,1.6521521433098376e-05,0.07664835650489754,1.625562749080975e-05,0.07651461913922354,1.5564612826255273e-05,0.07919343237106534,1.553075631707266e-05,0.07963991919014855,1.732178164022915e-05
2025-09-08,9.018050543071206e-06,0.09607731203923614,8.436847473325515e-06,0.08923104123241271,8.349012741750173e-06,0.0884610163190152,8.433188007650101e-06,0.0904043069523824,7.935759668317148e-06,0.0834417707756674,7.914677011713344e-06,0.08303609687425177,7.85220123013394e-06
2025-09-09,8.858093626720382e-06,0.13289561915976064,8.749769024004416e-06,0.13464015103983937,8.662175175355928e-06,0.13229288806436565,9.034148410731946e-06,0.12551921118461803,8.869876279812317e-06,0.12034179263567213,8.808925438157236e-06,0.11674090399058008,8.6301795813737e-06
2025-09-10,1.255531693772466e-05,0.07159006181817384,1.2956814371034308e-05,0.06911221357994211,1.2836066604054327e-05,0.07072312825299432,1.267796983633882e-05,0.08115740428193306,1.2353673014386774e-05,0.08506623607169701,1.2381431323402358e-05,0.08493506810556611,1.2901445903004647e-05
2025-09-11,9.744378107436288e-06,0.15439357251008903,9.836023044065071e-06,0.15675258414934173,9.829977351137574e-06,0.1481603629658287,9.724992809730186e-06,0.14216447037511568,9.466663381728392e-06,0.13077023548978475,9.565722817515598e-06,0.12994306017192142,9.704464400710564e-06
2025-09-12,1.0466015142128964e-05,0.24898965340417312,1.0428745026585727e-05,0.25178999320701223,1.0491565089983153e-05,0.2503247082856486,1.05423955164188e-05,0.24756883498235085,1.0488133150519919e-05,0.24619656426498407,1.0875633368206757e-05,0.2500446228320412,1.0900547258278749e-05
2025-09-15,1.2222448080476949e-05,0.15003720827987102,1.190728570376052e-05,0.15418712948196492,1.193494872098269e-05,0.15328732228308792,1.2338144966583027e-05,0.1701360123639739,1.230767257641209e-05,0.17667448045951736,1.2341274131757581e-05,0.17239877611888407,1.3841961332926688e-05
2025-09-16,9.491388640068875e-06,0.1054459308344486,9.826829058815772e-06,0.10687252079604369,9.729694456678448e-06,0.1025454947375795,9.542987658776127e-06,0.09307252737400684,1.0022500887381346e-05,0.11401627315554293,9.709931346512332e-06,0.10023780450776222,8.54102029539491e-06
2025-09-17,1.2490860065921794e-05,0.7182993974718285,1.3317760394676163e-05,0.6317050002575523,1.3520157022385248e-05,0.6060456036645251,1.4093996699910256e-05,0.5448037792548663,1.4310849085235012e-05,0.47999423780128486,1.4123258138034135e-05,0.5225705238342356,1.9965941323256535e-05
2025-09-18,1.0903131549839612e-05,0.08800066236531896,1.1209887615693415e-05,0.09048101009243582,32383256307.6499,0.2114943865794606,1.0120924351720708e-05,0.0866572038575808,1.0290065966342692e-05,0.08555387782469709,1.0302955467013758e-05,0.08394681073798083,1.0468822933506997e-05
2025-09-19,8.833782074293798e-06,0.20533960224160022,8.888024012868285e-06,0.2036472614424186,8.857049812319513e-06,0.2003507098211417,8.730881764440561e-06,0.20918406810108525,8.886684916932504e-06,0.20037790658902654,8.891795188076574e-06,0.20514875449888692,8.766969478009731e-06
2025-09-22,1.0085525037835192e-05,0.27553710077585414,9.883645367792396e-06,0.2754782247526599,1.0056716434063557e-05,0.2779136033398687,1.046085135127836e-05,0.2561126811435364,1.0399453118563895e-05,0.250539093452057,1.0595073908022256e-05,0.25592182455857715,9.714145902992688e-06
2025-09-23,1.0869661880055003e-05,0.17302830645841047,1.1127750253318749e-05,0.17557446087586395,1.1466873069638897e-05,0.17802172202235658,1.0793778799613617e-05,0.1690300567534452,1.0559772727217967e-05,0.1642947807609652,1.0571546683588045e-05,0.1664050584682388,1.1830548263246997e-05
2025-09-24,1.0474219506233733e-05,0.08808204914298813,1.1344790714351924e-05,0.09902700158825617,1.1620940528898557e-05,0.09968397642025563,1.0506332641426405e-05,0.09649588480859893,1.0606060686347833e-05,0.1004129167067901,1.078264042150298e-05,0.10017022818525946,9.832283652974717e-06
2025-09-25,1.2568752723486859e-05,0.0823725964926215,1.2800965332449706e-05,0.08261877305296034,1.3047553051752161e-05,0.08288107269426202,1.178524031542483e-05,0.08253084325310714,1.1910231717153047e-05,0.08684789303908208,1.208850185654001e-05,0.08445838120010464,1.3151887778448239e-05
2025-09-26,1.1223496132335e-05,0.07872291678997384,1.0923070219674322e-05,0.07155229114921019,1.0960753002682562e-05,0.072456623385166,9.930717894876937e-06,0.06631116496770985,1.0140002073138037e-05,0.06062498010226713,1.0115343531291046e-05,0.06114682641452824,9.169483688372828e-06
2025-09-29,8.699332361971763e-06,0.11654007857638284,8.396066892539934e-06,0.1107734823664223,8.429888165354476e-06,0.1094038060052241,8.479951876364752e-06,0.10868434891496308,8.810554968796602e-06,0.11190862811048972,8.839404027894499e-06,0.1104301873783552,7.142297336031732e-06
2025-09-30,1.0144056655719585e-05,0.10399072848192524,1.0208031075224248e-05,0.1039818297587497,1.0479321756002281e-05,0.10848618474322891,9.807787920702615e-06,0.10019308521347293,1.0122408561949825e-05,0.101580599488443,1.0211623192267477e-05,0.10098906348161348,9.992950998120724e-06
2025-10-01,1.0365175770237698e-05,0.10386975080169188,1.1243419868585348e-05,0.10818709732238713,1.14723231714888e-05,0.10949465756114328,1.0108431066885343e-05,0.10685319585622201,1.0691558871752645e-05,0.111803987109568,1.0822397315472995e-05,0.11160475612882322,9.417837051468672e-06
2025-10-02,1.3638254920317645e-05,0.13665977050094405,1.3862378499666068e-05,0.138686641306263,1.3565695271430792e-05,0.14106864988688422,1.2638577879528135e-05,0.13949532638396714,1.2669220974836904e-05,0.14611970850969982,1.281858687808609e-05,0.14610918464986455,1.493418659005836e-05
2025-10-03,1.398632167132575e-05,0.17407965728966626,1.374022347846974e-05,0.16702175628010188,1.404571188893185e-05,0.16211185922310498,1.3474143656228182e-05,0.17685657277681668,1.303990775585177e-05,0.16455911455390465,1.3346383518113987e-05,0.1598823935500564,1.4099083160199974e-05
2025-10-06,1.1739653245168965e-05,0.17470234191526848,1.1447205665018735e-05,0.17621228003820785,1.1473862885264497e-05,0.18288738721303546,1.0855610991852373e-05,0.16870837019041207,1.106931109619284e-05,0.16604065221717815,1.1132771909592638e-05,0.1678142747748059,1.050190387193204e-05
2025-10-07,1.3196043916748588e-05,0.20593050536415594,1.3153498325401417e-05,0.2117646511768028,1.314078354458237e-05,0.2099776100830295,1.3147334116652329e-05,0.2159261794414724,1.3244159543510351e-05,0.23302121146444796,1.3238334525797718e-05,0.23148245373972387,1.695459288360193e-05
2025-10-08,9.4225772682215e-06,0.09507051659429581,9.952953543139905e-06,0.10763010446122757,9.955631445388438e-06,0.1005914465125717,9.461633386520944e-06,0.10036398290308886,9.704337462713486e-06,0.10801213687558538,9.679727247263134e-06,0.10802886837518959,8.403272445019557e-06
2025-10-09,1.1207340766413659e-05,0.13853819175960733,1.1344031411826001e-05,0.136222794987478,1.1457541226848248e-05,0.13519650186343476,1.0717317241421034e-05,0.15021450213992335,1.0847917618933713e-05,0.1558981764340034,1.091559485525207e-05,0.15129124261964932,1.1127069525024888e-05
2025-10-10,2.7327104351820646e-05,0.695163260400362,2.660509931865799e-05,0.7265047101366234,2.6708780101614307e-05,0.714407780335962,2.5590184429238084e-05,0.8200495982285699,2.4850401742311453e-05,0.8567650957217888,2.522799384375832e-05,0.7983228536876119,4.1689677568152735e-05
2025-10-13,1.7569053415113272e-05,0.11382664372075794,1.6471485973584442e-05,0.0977272327348172,1.609005903794751e-05,0.08928008332490472,1.4502590354649287e-05,0.08231506987150163,1.4530859984892053e-05,0.08911357714036895,1.40401445520232e-05,0.07179919826860012,1.3049011801514676e-05
2025-10-14,1.4150150611517634e-05,0.18461830743565288,1.4116951017383137e-05,0.17983039814333548,1.3772773104393218e-05,0.19470020955661224,1.2899473725806675e-05,0.17770410329416095,1.297049590619964e-05,0.1837792741419639,1.2777618191654298e-05,0.18316281148234995,1.4525937500187388e-05
2025-10-15,1.5576897726645366e-05,0.13155359743661857,1.629724181220517e-05,0.12673024507391087,1.6348414562068007e-05,0.13492250335359826,1.4737989156211202e-05,0.13099164327940996,1.5145069652857095e-05,0.1274170864531666,1.4821027078879582e-05,0.13281230901058477,1.6297450680488e-05
2025-10-16,2.0087461159597853e-05,0.11785412074087513,1.997541584272751e-05,0.12278332957870847,1.9814760812349312e-05,0.12463967383264413,1.8180743095170858e-05,0.1372532175289177,1.9158365305780863e-05,0.12926609812996112,1.870876083430628e-05,0.130578835027393,2.1793331488939708e-05
2025-10-17,1.8719844664802052e-05,0.05527905964744479,1.830193703489778e-05,0.048663012792685756,1.8340843130564166e-05,0.049460398155131084,1.5708572629267035e-05,0.04140714967259177,1.6389951422375585e-05,0.04337864379367526,1.6222429470158097e-05,0.041364244750290394,1.5847538928685806e-05
2025-10-21,9.033535082072734e-06,0.13026161321894816,9.482060611311678e-06,0.1392520950141955,9.636096036098723e-06,0.1397037373554111,9.209653311476426e-06,0.14184771283012007,8.986663527698603e-06,0.132011956660572,9.161006746501526e-06,0.1339678331180937,6.860524719378397e-06
2025-10-22,1.619373864534927e-05,0.2597819198502297,1.7229070301334734e-05,0.24525476596313275,1.716281805031393e-05,0.2550619205036079,1.67944515120708e-05,0.25242390234722695,1.7005050201278746e-05,0.25093242607698324,1.6802939461155438e-05,0.25218998470149573,1.8052605290876987e-05
2025-10-23,1.434756394102297e-05,0.11622207503487374,1.4559658823763542e-05,0.12011300054273273,1.453138650381825e-05,0.11666907166099445,1.2763948795398327e-05,0.1291947153321087,1.2974425683140684e-05,0.11964261372033608,1.3312006070888704e-05,0.11771103994212499,1.3421838889725193e-05
2025-10-24,9.955519500639056e-06,0.11080585866265251,9.914356390722715e-06,0.10941969272044927,9.879822121737384e-06,0.11082662915612458,9.635703235441732e-06,0.12423090164650034,9.597509909201229e-06,0.118856065114196,9.93061763814968e-06,0.12395050972447776,8.815706052058217e-06
2025-10-27,9.01702866526247e-06,0.1156899934675119,8.828263135348173e-06,0.12279951018730466,9.043046060075865e-06,0.12501969827343482,8.839855013015314e-06,0.10889632352955499,9.015042960827098e-06,0.12112168071711112,9.268799061197286e-06,0.12251832979542643,8.207247083491462e-06
2025-10-28,1.256565648184511e-05,0.22141547326633992,1.2863499146104529e-05,0.21335001121750588,1.2985051752003668e-05,0.20134982245632274,1.2441909214646412e-05,0.21584067869075185,1.253210543936057e-05,0.20498980591823615,1.2794395680538835e-05,0.19649727189241228,1.4032777579399338e-05
2025-10-29,1.6827158631113016e-05,0.3304022677444854,1.7697795882169038e-05,0.3004750791737829,1.7976800345395747e-05,0.28550543526812294,1.7878046097422585e-05,0.3510647077721168,1.8055565602245055e-05,0.3204592904795052,1.8097010947591916e-05,0.3180051301324697,1.9835358140347452e-05
2025-10-30,2.312941904968414e-05,0.09662306125470348,2.3281761753086302e-05,0.09374177430612611,2.470894920062197e-05,0.09141239877136105,2.0329755194009868e-05,0.10876317063169101,2.017565304663671e-05,0.10917778990176581,2.0486579481548487e-05,0.10311033841282068,2.0515432506954343e-05
2025-10-31,2.2393643376778123e-05,0.11143014030380903,2.151279797915304e-05,0.1044104988994314,2.237113178176682e-05,0.10638995952979109,1.965327779999801e-05,0.09327861404504169,1.9264432711136393e-05,0.09355007417263134,1.9506238540825563e-05,0.09288185052222307,1.888046835541887e-05
2025-11-03,1.8317962643074318e-05,0.09270010498840577,1.7219750425040652e-05,0.08285676411721653,1.7360789887815417e-05,0.08268527549360032,1.5693466754631097e-05,0.08244748611215606,1.4954587068830968e-05,0.07877217662656451,1.5281981188916552e-05,0.07674636597599921,1.634072704215448e-05
2025-11-04,1.661536636024963e-05,0.05130122903788963,1.6302032083968685e-05,0.0491201376664153,1.6694432922117266e-05,0.051947577051480016,1.551872621133846e-05,0.055771500524640194,1.4926594798077496e-05,0.057248911782056384,1.4767368465068674e-05,0.059802362891195025,1.5917135663446446e-05
2025-11-05,1.4384771009485169e-05,0.2792528812508276,1.509341679220431e-05,0.2659006682454425,1.534559953504191e-05,0.28232937896333776,1.3948807638665355e-05,0.22353934595184935,1.3994932396723158e-05,0.2417651970449349,1.3697904062835282e-05,0.24127102093369635,1.4324768757253736e-05
2025-11-06,2.8306242724465506e-05,0.09215307907226729,2.8298239872760658e-05,0.09242844885807507,2.9138198172178514e-05,0.09031744399797269,2.6671055201827554e-05,0.09471379207905445,2.6175665645658354e-05,0.09749987572527068,2.595819259212848e-05,0.09793196741088045,3.415341458057727e-05
2025-11-07,2.99017703964859e-05,0.05614252582776367,2.8505860723190518e-05,0.05886310330395713,2.9393442673303807e-05,0.05816762852781703,2.4921109637176037e-05,0.05533865457429946,2.3970228051259693e-05,0.06171569276731612,2.4296962382966486e-05,0.05824487544994424,2.723190630907865e-05
2025-11-10,1.5659532450106538e-05,0.13465847488144236,1.443927491943632e-05,0.12960303268884973,1.4417683138665937e-05,0.1289445353999908,1.4634821028737397e-05,0.11509602306011157,1.387525610116539e-05,0.11552846530352372,1.3750145424149706e-05,0.11873718052744368,1.5074581580013874e-05
2025-11-11,1.1191946290750498e-05,0.09154311772861347,1.11065091205049e-05,0.09267197153413494,1.1350351218839078e-05,0.09922961346108589,1.14280356593486e-05,0.08849710763889192,1.1042936592089988e-05,0.08398576852208305,1.1067519464086183e-05,0.08467104386435319,9.30196650411626e-06
2025-11-12,1.4312821240717973e-05,0.08334321616853546,1.5016145977893244e-05,0.07947791500653696,1.5190853318248197e-05,0.07423785654795807,1.489463323269948e-05,0.08632606411301115,1.4386782658398556e-05,0.07970394019941428,1.4511428918239398e-05,0.07821397358822664,1.461322633334688e-05
2025-11-13,2.2087474465494864e-05,0.061484738430557434,2.2203451868620257e-05,0.05918431238703334,2.2786693925957635e-05,0.05707774321584264,2.012156162998762e-05,0.08017116107091894,2.0230551333374487e-05,0.0787669521894885,2.0549407439288016e-05,0.07284345789940067,2.531299318620627e-05
2025-11-14,2.4645709292841274e-05,0.07861684950562277,2.3859343070085266e-05,0.07381526179182381,2.419713900031898e-05,0.07238432502274358,2.1139302030477765e-05,0.06082003364918615,2.0582271767990708e-05,0.05988515495048479,2.048354013556748e-05,0.06025186044716607,2.1513055414776214e-05
2025-11-17,2.272361767099343e-05,0.08256116448322076,2.1596853635073626e-05,0.0815350891080509,2.1519394441520453e-05,0.08065087005273004,2.0156519095448427e-05,0.08380168283881374,1.936558696812429e-05,0.08458916393042211,1.9133326471734878e-05,0.08481206602781192,2.177366798848771e-05
2025-11-18,3.43374599237813e-05,0.07720654612197829,3.4411660911934995e-05,0.07552135848981191,3.4886392455326074e-05,0.07327870707188672,2.9996106679989267e-05,0.0985500732963578,2.9850213377468154e-05,0.10336585478950318,2.9213158180408716e-05,0.10900487031610091,3.5967869295573685e-05
2025-11-19,2.2618061368529825e-05,0.08561011983516487,2.4016140487381255e-05,0.09225170643607178,2.5090934694051855e-05,0.0950459098398604,2.2594757546473296e-05,0.09137350054838889,2.2074068435423204e-05,0.08511972503892003,2.1837886047220374e-05,0.07989385416184246,2.0588342915192014e-05
2025-11-20,4.4768978778231786e-05,0.092044048641286,4.491710327505239e-05,0.09054011594781795,4.5506599676853735e-05,0.08897082060766486,4.540115314837945e-05,0.11423523298604549,4.210834333317315e-05,0.1222090790698848,4.182427815997521e-05,0.12420053491226783,5.2450524795793974e-05
2025-11-21,4.518759717587215e-05,0.13392415054371795,4.411401484736923e-05,0.14027837344477398,4.5747822346273956e-05,0.13642295224326348,4.231035417446316e-05,0.13416990540320636,3.903112620085716e-05,0.13588850792720567,3.934141986202078e-05,0.1370433419556316,4.2470644213107974e-05
2025-11-24,1.7735024640439817e-05,0.20479694015865738,1.6215654998915904e-05,0.18494365574684032,1.6526468343523327e-05,0.18417231114170884,1.529798452869223e-05,0.14170745131175355,1.462121600045709e-05,0.12433094736344741,1.472763335286346e-05,0.12676742987780043,1.2259914411979439e-05
2025-11-25,2.002539388864013e-05,0.15513762169723572,1.9147137316012075e-05,0.1497097112542729,2.0099801424939292e-05,0.15993735465202336,1.806193272005557e-05,0.12258607766458528,1.6579832330926358e-05,0.08749726440254683,1.6844861239510646e-05,0.09168220692071587,1.417822388406475e-05
2025-11-26,1.2180581905323017e-05,0.16528851196704888,1.2328456115724362e-05,0.16940618151691633,1.242390060527882e-05,0.16932480604539246,1.2893400505456478e-05,0.1898234753611754,1.1127436195341928e-05,0.1388530290686856,1.1182777262011115e-05,0.13875234775691456,8.48154076456656e-06
2025-11-28,1.048421139104583e-05,0.10139128758987542,1.032825801783369e-05,0.09929579257362874,1.0686444323090206e-05,0.1078769012613612,9.955198259511022e-06,0.08731494326989497,9.446828859169287e-06,0.07052343751554843,9.81676178558468e-06,0.07649491814733968,7.711270643749756e-06
2025-12-01,1.1399100279388441e-05,0.10925558867671498,1.0627337951619846e-05,0.1003054473645444,1.0783486498108146e-05,0.10490331371367267,1.0033836532683581e-05,0.08429165989538968,9.93377957958259e-06,0.0890240604148322,1.0000371859440593e-05,0.08915109691171579,8.706635624603047e-06
2025-12-02,1.2082070143443954e-05,0.32479277453389954,1.1831883457358812e-05,0.3107193301305408,1.2115945881938875e-05,0.2946972334583107,1.142099314679736e-05,0.30042575173479047,1.1066663672873621e-05,0.2914711765552764,1.1203711849454078e-05,0.28960353149568374,1.4329871567365364e-05
2025-12-03,1.2989324820529627e-05,0.18867774617038788,1.3683414826927248e-05,0.20193521750090396,1.3793366378636891e-05,0.20355653064911716,1.3417440983157829e-05,0.21465609391036486,1.3282256121454754e-05,0.19896309918122604,1.3040341518250246e-05,0.1934346316258716,1.1485542186990323e-05
2025-12-04,1.276174612547151e-05,0.12282078166340825,1.3071582451999845e-05,0.12335647344415022,1.332429788707954e-05,0.12427873099931419,1.1698746346304836e-05,0.11449964679753773,1.178845455766255e-05,0.11583718321833442,1.1894594601097437e-05,0.11518810176774825,1.061009711221147e-05
2025-12-05,8.744781220373552e-06,0.1086959653438278,8.449006230394491e-06,0.10347148217795994,8.63240028857419e-06,0.10778447701215876,8.273509487066805e-06,0.09862268302332212,8.257907893833991e-06,0.09906762746867105,8.353244343735606e-06,0.10031224057653106,7.437793864415994e-06
2025-12-08,1.1455411634721666e-05,0.36667748738244704,1.0955255650470526e-05,0.3761862319652966,1.0975884717235769e-05,0.3649306517337947,1.0939393150647154e-05,0.40934427148864017,1.1022775248916444e-05,0.40897648808103443,1.1111021985025599e-05,0.4145034451006903,1.2191423270310068e-05
2025-12-09,7.706999124363027e-06,0.11535771618302793,7.890847159513745e-06,0.12403596156032287,7.95395500277774e-06,0.12531728546362295,7.367293825245598e-06,0.1120655464081435,7.432887750917725e-06,0.11506940273022372,7.438669788351889e-06,0.11450448956879851,5.4814017713112544e-06
2025-12-10,1.0493132892993167e-05,0.3767694711682947,1.1163163638261024e-05,0.3394711651539682,1.1410886446109166e-05,0.3330148391595324,1.1185592185088925e-05,0.30434777632405474,1.1119240867474422e-05,0.31770459099271825,1.1159278385658971e-05,0.314487863190536,1.2382416872689207e-05
2025-12-11,1.0580455243025628e-05,0.08106128317544209,1.0831336961303719e-05,0.08544178288484762,1.1101987347984116e-05,0.08767773179241121,1.0075877805935757e-05,0.07295125578056685,1.0187715495951436e-05,0.07580940892934415,1.0329955535176009e-05,0.07838521001876565,9.224900416816797e-06
2025-12-12,1.5596509899794176e-05,0.10187745647446617,1.4920839448230294e-05,0.0978455496784168,1.5142845723994257e-05,0.09677399648899515,1.4514795291381306e-05,0.10698290589350144,1.4374539327716015e-05,0.10215977971168498,1.4436615344748758e-05,0.10264417415525758,1.7166725472443703e-05
2025-12-15,1.552140825021296e-05,0.05160068817436534,1.491291820738083e-05,0.046978676043349536,1.513348475359266e-05,0.049614613700064036,1.4034013166180719e-05,0.03725076033999558,1.3612684716698423e-05,0.03653363471404206,1.3794865748847602e-05,0.03668946281216823,1.340858645471976e-05
2025-12-16,1.4262118750408326e-05,0.07060768445102976,1.4058391170800438e-05,0.07212225223313833,1.4278082510120087e-05,0.07571457762157723,1.2687147356591688e-05,0.05287264087909496,1.2198249868492509e-05,0.051565623128581074,1.2333829720997833e-05,0.05167305825848648,1.0826684879020015e-05
2025-12-17,1.5943796425285546e-05,0.062238614575302276,1.659217284395214e-05,0.0704112035955124,1.6786609726191663e-05,0.06638312000747687,1.5150529681501931e-05,0.07640847029762643,1.477934066730299e-05,0.07843901234288324,1.4894196014289752e-05,0.07724147821988582,1.5716049536290183e-05
2025-12-18,1.48416011336556e-05,0.10268292853782653,1.4879065998765964e-05,0.1043193260408506,1.4977781728651911e-05,0.10354916002698332,1.3572406373425114e-05,0.09936089301295921,1.2658327753240473e-05,0.10194965773042904,1.2917947827834845e-05,0.09933571538113588,1.2090177191518946e-05
2025-12-19,1.0213974827446332e-05,0.17657016132993153,9.796438645392389e-06,0.17302357611857452,9.954132656224925e-06,0.17260514109730044,9.405679206830062e-06,0.14257162121839512,8.484405503204054e-06,0.14048849319522647,8.700760187701058e-06,0.14046248914431758,8.601882326053872e-06
2025-12-22,8.418526068764876e-06,0.13801911596520514,7.82562909825367e-06,0.12526743249534975,7.87737557327465e-06,0.12635642004290215,7.981062132857877e-06,0.16170754213218363,7.46049356897392e-06,0.15092286560235926,7.47637146844845e-06,0.14969775273586453,6.308148631777268e-06
2025-12-23,6.782464584510742e-06,0.12974042519974208,6.622179631438873e-06,0.12947947451127842,6.70980652888681e-06,0.12752454676590053,7.067719332297706e-06,0.19176757181006357,6.4175854956361825e-06,0.18571522441186863,6.623689479974918e-06,0.1912768428072319,5.027267466213532e-06
2025-12-24,4.75793313535671e-06,0.08483250165984786,5.1809665850003094e-06,0.0889855299440963,5.263316916820507e-06,0.0878069893745944,5.462111215563983e-06,0.10440206957270957,5.157917114326587e-06,0.09259091378748668,5.3286423479483505e-06,0.09838088021167916,4.428066504685996e-06
2025-12-26,4.3755503190882845e-06,0.17163195875745985,4.219453557342821e-06,0.16182550823594885,4.3153493495740005e-06,0.16475504333147856,4.706434775204607e-06,0.2527457162638432,4.791917705837755e-06,0.26000410144954006,4.811978016652675e-06,0.2553184503478589,3.3229464152197207e-06
2025-12-29,5.4260160919604755e-06,0.08179537901451119,5.2186486218510085e-06,0.07925963224344919,5.310090378309885e-06,0.07723217889588112,5.246398921133971e-06,0.1143695511662798,5.159835963003954e-06,0.11170519390438997,5.2621272639157835e-06,0.11330974455702132,4.144038628288017e-06
2025-12-30,5.160132427672724e-06,0.09471760870335318,5.203110607526369e-06,0.10156604481320126,5.313864137561483e-06,0.1057155077588267,5.227554601496966e-06,0.12889148380658072,5.146275596553216e-06,0.11917169917914293,5.220261374008994e-06,0.12135634905095964,3.7624494602624163e-06
2025-12-31,4.312019554331033e-06,0.09157077346540139,4.620196718071034e-06,0.09389921212391511,4.806688001008006e-06,0.09877717807033591,4.757819486484191e-06,0.10941066320797667,4.7130329805879165e-06,0.10279335876957875,4.7501025890610105e-06,0.10555402326397155,3.757910649135219e-06
2026-01-02,1.0543118433864831e-05,0.07820893985664888,9.970667559049962e-06,0.08049635552128881,1.0285155943576793e-05,0.08147629887422657,9.933244001753603e-06,0.08264970249952906,9.87940113584027e-06,0.08094811489234748,1.0121758850301446e-05,0.08001297485509783,1.0975337723360646e-05
2026-01-05,9.13979685896813e-06,0.11067230255519662,8.743774805886257e-06,0.10662445346887921,8.74969106281261e-06,0.10602835271413012,8.294110610080801e-06,0.10096719024528727,8.404806241398248e-06,0.09084462237292118,8.428122484141508e-06,0.08907334351041717,7.93415251979069e-06
2026-01-06,9.003220918708999e-06,0.15233308728977554,9.051074819078359e-06,0.15209471586208415,9.192471561284158e-06,0.15289122562322055,9.50242184863891e-06,0.16324529997969559,9.601989853879009e-06,0.15916171351486072,9.677471416809383e-06,0.15823264360216818,1.0936897585145719e-05
2026-01-07,9.639446117827855e-06,0.0914707238462562,1.0143961930075884e-05,0.09668246024747944,1.0215032011368767e-05,0.0986523247473608,9.712625331955398e-06,0.09518952522286626,9.560907471018731e-06,0.09558751898691252,9.47375082872339e-06,0.09140917881812262,8.803190516640162e-06
2026-01-08,1.1064980558977312e-05,0.08036998491240759,1.115801415327665e-05,0.08120414130173577,1.13222115767722e-05,0.08511199115946123,1.0515680462162145e-05,0.06776387688001696,1.0607659048302904e-05,0.07056782181028816,1.056808308296186e-05,0.07111567014224057,8.996482677355287e-06
2026-01-09,9.588932272717116e-06,0.09122307954012959,8.944545573927145e-06,0.07991711276249623,8.914935550143545e-06,0.07900674018356223,8.936805317424727e-06,0.07444070083878146,8.875865636693013e-06,0.06788475602509533,8.871851426608433e-06,0.0688548230780578,7.3655219179966594e-06
2026-01-12,7.713772511912572e-06,0.13895687667993267,7.13827311228596e-06,0.13774997667828462,7.006546159789013e-06,0.13543037806075633,7.5974197435733266e-06,0.15296827380851716,7.697612629121931e-06,0.1595100233826162,7.705775741481539e-06,0.1584100494473843,7.16951275733274e-06
2026-01-13,9.771112137217054e-06,0.08842054592980142,9.392869230824752e-06,0.0845218831108206,9.608377331911871e-06,0.08791473603573959,9.350484626846828e-06,0.0838781675826364,9.233685779617443e-06,0.08356834879054809,9.350267097434582e-06,0.08484597454759775,9.186131398614852e-06
2026-01-14,1.0675706186969755e-05,0.1356943052079009,1.0849814766642667e-05,0.12996322505861863,1.113742681133847e-05,0.12462554704108571,1.0766431510908722e-05,0.15086658779303447,1.0593867596444035e-05,0.14577144348253557,1.0697700534996983e-05,0.14707786605391973,1.0562650719731848e-05
2026-01-15,9.529762343023152e-06,0.10505697826795442,9.107372797360959e-06,0.09861731926768846,9.292894961721041e-06,0.09656906996420804,9.322031302546995e-06,0.10816614875826475,8.964145605415172e-06,0.1041495005268296,9.046660507050465e-06,0.10317722330492844,8.108447325825601e-06
2026-01-16,7.817339746304432e-06,0.11835375788506286,7.054945398035713e-06,0.12682274003018965,7.2138718941631246e-06,0.12055372722781037,7.6135190051164605e-06,0.11513303371491139,7.328883299173981e-06,0.11876754433801984,7.2973292246456065e-06,0.1273715749719404,7.198362843719079e-06
2026-01-20,1.0590036992715537e-05,0.06665906149819102,1.0617277241142014e-05,0.06704774521826445,1.1072998413302656e-05,0.07264566404227556,9.663111948420512e-06,0.07300558793151041,1.0190537771005618e-05,0.0728796687687426,1.0372527593323345e-05,0.07571777935821124,9.807003075202186e-06
2026-01-21,1.4880743028959075e-05,0.5384214551910941,1.544290411143273e-05,0.5053960155354073,1.5803229595966846e-05,0.4818836578680166,1.498562166199147e-05,0.5624213299080593,1.536227154102542e-05,0.5116284085838648,1.5481785090332835e-05,0.5177967581892483,2.0628495156142654e-05
2026-01-22,1.1339421626405767e-05,0.14413073086951791,1.1515715318864772e-05,0.14738150675179987,1.1375224424066448e-05,0.14324573904128013,1.0987003810654573e-05,0.13906235542089765,1.121676454216294e-05,0.13957605516449426,1.1285216973715985e-05,0.1374551250280285,9.362392499003352e-06
2026-01-23,1.073123173759489e-05,0.10333262837582995,1.048332042979673e-05,0.09946625772774209,1.0398683504110425e-05,0.09427570448906619,1.026868603562202e-05,0.09610350699369745,1.0782880535364608e-05,0.09956735565957801,1.1325833783299198e-05,0.10627553259375712,9.930744140810781e-06
2026-01-26,8.034857035266409e-06,0.10204879896275378,7.920927329272699e-06,0.10089318613616889,7.847232295090064e-06,0.10014925642230317,7.915961550569856e-06,0.10643971542165127,8.237572152851168e-06,0.11303130743134786,8.370901465987437e-06,0.11715886781060965,6.603908227833744e-06
2026-01-27,7.37088485088069e-06,0.08145000317061458,7.80259837155238e-06,0.09109258671543308,7.671952287362869e-06,0.08403015493750708,7.557221988496439e-06,0.07928147966742774,7.839969533414035e-06,0.08557893411933876,7.862521162864514e-06,0.08525879005435248,6.379109028161351e-06
2026-01-28,9.099211922853197e-06,0.16749677492881562,1.0005062687408983e-05,0.1437525596307436,9.898190029087388e-06,0.14026875961435545,9.567830896297285e-06,0.13230256964664608,1.0268274492232982e-05,0.12932978534245043,1.0206777036653393e-05,0.12806505787193315,1.0232372494058779e-05
2026-01-29,2.336408162053099e-05,0.09876608810199199,2.1125088542945828e-05,0.09316070806725896,2.1652738740566873e-05,0.09693953994589237,2.0091769876954503e-05,0.0932899088076606,2.0283833523962124e-05,0.09586753440500152,2.0475758144603804e-05,0.0934856579203785,2.026839203396255e-05
2026-01-30,2.45051480671266e-05,0.06354087073516511,2.2667023273237292e-05,0.05605150056103574,2.1911434658080406e-05,0.054365223164128285,2.10581025756032e-05,0.05795944348764204,2.0710786673700424e-05,0.05764311057711557,2.0690111933886378e-05,0.057429036687985546,2.251873449829586e-05
2026-02-02,1.606496890166172e-05,0.23564268105464845,1.171722653274623e-05,0.3417987231752016,1.1806529001645731e-05,0.3157010661549347,1.4446651527864413e-05,0.34360208522406294,1.4160910619639798e-05,0.27822730966540893,1.4344400025346085e-05,0.26561002073050066,1.6121418918968027e-05
2026-02-03,2.134407176311051e-05,0.06571655107936096,1.8053083785259202e-05,0.10870356283307693,1.847267495381109e-05,0.09583587090467605,1.9034669683888545e-05,0.08598904549444415,1.9046148847805118e-05,0.09332312772154398,1.8970344709069018e-05,0.09076724899445553,2.3685177093924473e-05
2026-02-04,2.9713638964507598e-05,0.07248606312093868,2.7223597751515146e-05,0.07737123421252456,2.779667179869419e-05,0.07218289928057997,2.5953750734630247e-05,0.07925758362184077,2.7058741846351202e-05,0.07495049141466704,2.692303981823737e-05,0.07617307725855293,3.0773096511508466e-05
2026-02-05,3.463198003705922e-05,0.05461928063608107,3.401240150383475e-05,0.05497364227352797,3.548992276534843e-05,0.053296195349902376,2.9656598322605086e-05,0.0586526870305251,2.935552021889186e-05,0.055137498803720604,2.9478936766754717e-05,0.053532747433717436,3.1073833099878064e-05
2026-02-06,2.5820236566687755e-05,0.11006682895227675,2.4439685527862952e-05,0.10592777643987694,2.5027535639418222e-05,0.09633247348305109,2.3416140561275073e-05,0.106631015106671,2.2463179453936393e-05,0.11151778322707702,2.2747605737385778e-05,0.1074022743891165,2.330218586555461e-05
2026-02-09,1.8973023297490283e-05,0.12930667915594213,1.595298835490983e-05,0.10564958269297853,1.6217019192730407e-05,0.10598068144470625,1.822670394431414e-05,0.12652277387922092,1.690381667687033e-05,0.1157950683913604,1.7116514579962642e-05,0.11582087574853377,1.3362675806999429e-05
2026-02-10,1.550277891743664e-05,0.121254228732389,1.3497759862582808e-05,0.09973669597965674,1.3916202245221882e-05,0.10310834467508512,1.4939952807050319e-05,0.12389912004775816,1.3809885453297185e-05,0.10677779518926618,1.3772279349022536e-05,0.10700095894949693,1.1970901754376749e-05
2026-02-11,1.9801947621078214e-05,0.07573006798261973,1.745430398192847e-05,0.06582773734921935,1.7025197735936854e-05,0.06928832715742493,2.0002559962630615e-05,0.10373478713396199,1.8025988295991544e-05,0.06923741043110744,1.7939965588970094e-05,0.06961116694831228,1.708063640066241e-05
2026-02-12,2.4408462700510716e-05,0.052295118694669844,2.269785180426115e-05,0.055741765514960545,2.3499005111889512e-05,0.05761810151594878,2.1466077580000154e-05,0.0754377630872503,2.1166943003259135e-05,0.06843872654865672,2.1116449796019586e-05,0.06879563364412013,2.453217735571266e-05
2026-02-13,2.5102492548061085e-05,0.06748915422591392,2.384421070872092e-05,0.061053167856698905,2.404707162217876e-05,0.061267286305053605,2.2864005292412142e-05,0.05302612720103253,2.1745933864244875e-05,0.05239024056229158,2.1930070136938458e-05,0.052269077722226685,2.2011633043874997e-05
2026-02-17,2.1863264804077283e-05,0.07787503498958433,2.0415107513963105e-05,0.07129988697777741,2.152871590573897e-05,0.07629229255354883,1.960183396686434e-05,0.07723023572744354,1.9456149304375552e-05,0.07518546698403562,1.973244922503702e-05,0.07675769325294567,1.8880989318571417e-05
2026-02-18,1.2176423524757238e-05,0.10339552268952412,1.129305948964747e-05,0.08943381485779921,1.1219272483438652e-05,0.08733220109378355,1.2121691887504105e-05,0.10688447845757437,1.1361993851221794e-05,0.0887947640993575,1.1538962532527148e-05,0.09294128122713435,8.928971568378108e-06
2026-02-19,1.423651612086703e-05,0.07675705091163618,1.3888700734571613e-05,0.07336856696650357,1.4419839782483831e-05,0.08067876556756286,1.3490413284383864e-05,0.07618110052140896,1.350322512883279e-05,0.08013549328185803,1.3248167003413701e-05,0.0754859076011255,1.1736036976825577e-05
2026-02-20,2.153487012720278e-05,0.14988471967785685,2.0603851575913893e-05,0.14258064041171617,2.0559432462528483e-05,0.14105810192029067,1.988478289938411e-05,0.12450022256480982,1.9066131426801828e-05,0.12603394396052156,1.8724310190231223e-05,0.1251912908852855,1.7777245853750186e-05
2026-02-23,1.3888699864317776e-05,0.07201556399785906,1.2387655233183083e-05,0.060413078800845676,1.2785483336422957e-05,0.06342840343874513,1.2442024864978138e-05,0.05848031119831843,1.2884976176853123e-05,0.061882541267447126,1.316804212981577e-05,0.06615854732046324,1.126338009246286e-05
2026-02-24,1.2408725150701314e-05,0.077932708207999,1.1932731120839396e-05,0.07805458169448527,1.2191000206907842e-05,0.08332427730199174,1.1418699148332103e-05,0.07836094242437924,1.1610804056696896e-05,0.0796858879232915,1.170794430907979e-05,0.0808511375137023,1.0190396179209834e-05
2026-02-25,8.350525332862689e-06,0.08711114538774889,8.245023211001336e-06,0.09575243361806841,8.127918619692348e-06,0.09548537598121788,8.956361550757722e-06,0.1090001663277876,8.852085229584181e-06,0.10784373300362322,8.763255085147e-06,0.10270620684650343,6.904454873594436e-06
2026-02-26,1.783504767490622e-05,0.1134294023841768,1.7599026186529015e-05,0.11383928114939763,1.7603414029979643e-05,0.11936804219164704,1.6816882280135723e-05,0.10319763665366327,1.6525289179785314e-05,0.10367493120961675,1.6520882790607136e-05,0.11248619556658444,1.8198633801748942e-05
2026-02-27,1.3829199570498329e-05,0.06644806007524352,1.3631060694400114e-05,0.06489358600388144,1.409139231626421e-05,0.0686020476083103,1.2695792955479156e-05,0.06010168535178875,1.2374400628003806e-05,0.05680430325345514,1.2623106297740591e-05,0.0564729477519787,1.2438089580345288e-05
2026-03-02,1.7847095737304705e-05,0.0889216070573044,1.5687757791737367e-05,0.10135837104485579,1.561848490486248e-05,0.10064560038949544,1.638300634623172e-05,0.10557765810550275,1.669903432244958e-05,0.10648709491972153,1.666997898193958e-05,0.10597253940078265,1.751359600281831e-05
2026-03-03,2.4858080673634048e-05,0.08317855398472768,2.385654700046345e-05,0.08422365645238812,2.431057681434789e-05,0.08085867967252679,2.2192437183433725e-05,0.09130348724771283,2.2875088130919826e-05,0.08791133232382074,2.2911731177248157e-05,0.08590597107917418,2.3773727366989367e-05
2026-03-04,1.673279936244672e-05,0.1284908024875217,1.5756575618528875e-05,0.11810442468862796,1.5625507553527768e-05,0.11321871289138434,1.6261811564011553e-05,0.13367644608838325,1.583871210641964e-05,0.1261943615636162,1.5753237385024344e-05,0.1237280550575716,1.3434929949865878e-05
2026-03-05,2.1405919094246415e-05,0.0831459213721542,2.1140954919602343e-05,0.09191916979181976,2.152698642294732e-05,0.0884499604019109,2.0099265915468547e-05,0.09710562278930283,1.9989321540822178e-05,0.10184558665113641,1.991849570080752e-05,0.1014999050634362,2.4186700144551282e-05
2026-03-06,1.7735994816773086e-05,0.06975761910960197,1.821191150917244e-05,0.06535545380629607,1.8173602914087627e-05,0.06059002401526777,1.6734169856273448e-05,0.08069553821668718,1.7960686893568904e-05,0.06863828894961355,1.7788601568461013e-05,0.07112586348670334,1.8000596360190635e-05
2026-03-09,1.9865735184459047e-05,0.2357566628311901,1.8610032026390068e-05,0.2543322871604203,1.8861192200407063e-05,0.25662469247560016,1.8378374193082345e-05,0.23924242618309255,1.953854201895598e-05,0.2474148220383866,1.9971889915542962e-05,0.24213309066229485,1.931328113872461e-05
2026-03-10,1.7815225335744325e-05,0.1460928367797131,1.706715205957293e-05,0.1518675842057272,1.689678220613238e-05,0.1504015049554767,1.6770155430714957e-05,0.13076556635399408,1.650161664300803e-05,0.13254132700457716,1.633056661223975e-05,0.13053680195538564,1.6448269272329266e-05
2026-03-11,1.416185651879403e-05,0.14974996319762846,1.3682477088868209e-05,0.1523283163328962,1.334410086956136e-05,0.151136064393109,1.395140207578682e-05,0.13895320895825844,1.3650961999543625e-05,0.13575227166370574,1.38090231807728e-05,0.1352386087109164,1.45589914422901e-05
2026-03-12,1.515862083551867e-05,0.09513954222669556,1.5947166769829766e-05,0.08607129550343155,1.626495424438003e-05,0.08433015433875658,1.494211448574038e-05,0.10175987148585634,1.5124019215558674e-05,0.09978733917792633,1.533726545003056e-05,0.09686912528557373,1.7945679712432594e-05
2026-03-13,1.4932859483401481e-05,0.08240614562494354,1.54855151415564e-05,0.08231641093586595,1.612978278964038e-05,0.08747191380450169,1.505803802967815e-05,0.0834528260847442,1.5111436377951335e-05,0.08109937890520023,1.5008667697102341e-05,0.08238639916233152,1.4417154666744909e-05
2026-03-16,1.1160069808163395e-05,0.7552514339239703,1.0308257783084306e-05,0.7814708758434218,1.0472072373378336e-05,0.772614097981239,1.2141761634365656e-05,0.6924019008423153,1.2217037027293585e-05,0.6615213061036643,1.2217037027293585e-05,0.6615213061036643,1.7663314492160057e-05
2026-03-17,9.773459192827782e-06,0.18375948257660132,9.722048914413704e-06,0.17893879612771957,1.0007573769279609e-05,0.18362912218390137,1.1093767996433737e-05,0.19921684661893413,1.099426339876501e-05,0.19324143505089453,1.099021088868303e-05,0.19167620367853247,8.655319252960718e-06
2026-03-18,1.0159024010130913e-05,0.06989327909899105,1.0038632243891011e-05,0.07035478531769802,1.0253104779351433e-05,0.07864327464557963,1.111077918383992e-05,0.08247441502818205,1.1492094551925398e-05,0.08685999889525552,1.1552461448391122e-05,0.08831523657461016,9.232946223186036e-06
2026-03-19,1.2893378958569725e-05,0.17558948595790394,1.360146859765404e-05,0.16538203799905288,1.482400266904251e-05,0.14941658046109305,1.3461306684941013e-05,0.16206375715482238,1.3462487080034091e-05,0.1617030269553739,1.346826014066357e-05,0.1597237141057753,1.4696728219117767e-05
2026-03-20,1.2676564261495388e-05,0.10104429447006034,1.302085303025736e-05,0.0985049829018399,1.3401925830476428e-05,0.10094816663962548,1.3143652582715196e-05,0.10607733973268359,1.3292451154525984e-05,0.10772767723899768,1.3392321270916014e-05,0.10909641391961507,1.2257619745227572e-05
2026-03-23,1.5145408071919785e-05,0.08095146530025525,1.3741905469731188e-05,0.07710269135369187,1.3654552251306246e-05,0.07459312240878958,1.5218503798809918e-05,0.09461354723614655,1.5415647803576973e-05,0.09510780552892391,1.536338994110136e-05,0.09447058262616319,1.3715775421685925e-05
2026-03-24,1.5772474200881836e-05,0.1479517266252575,1.5699281636822164e-05,0.14571945152787966,1.6393252139292122e-05,0.14391222665217038,1.5504138886955074e-05,0.1762307925502176,1.5714926713161e-05,0.1787042653005412,1.5680578039117598e-05,0.17886502165478366,1.564318708800921e-05
2026-03-25,1.2837199282184788e-05,0.18712630558317708,1.2522219509370582e-05,0.18463236691684903,1.2260922444131536e-05,0.18039346183968683,1.3287948151641196e-05,0.16650523862163102,1.3609782519783784e-05,0.15788043121190484,1.3553485709119452e-05,0.1579063185279923,1.3744924486674608e-05
2026-03-26,1.3263416781316588e-05,0.09678620785124187,1.4452469121443065e-05,0.10154857380868716,1.53012623416e-05,0.10493403205849805,1.4100387535161865e-05,0.10318422608837952,1.4512364835268757e-05,0.10774282676810328,1.4400072886556265e-05,0.1041124660430794,1.2319263836754197e-05
2026-03-27,1.5620294363028577e-05,0.0955098517194502,1.6475699287392143e-05,0.10129926249960287,1.7080203200520787e-05,0.11068180207753264,1.5080197667642132e-05,0.1153264734367091,1.5256411287144095e-05,0.12037606939794794,1.5353803829231493e-05,0.1233163989855699,1.365802892085448e-05
2026-03-30,1.3727517633503951e-05,0.09634037502961451,1.3389803061517951e-05,0.09525500089789013,1.3644612617110097e-05,0.09337940529310446,1.4101494632366002e-05,0.0896226098711483,1.4754757052901936e-05,0.09563594606721881,1.4896332740326892e-05,0.09502991396929145,1.3066594900245791e-05
2026-03-31,1.8041969631671456e-05,0.34717331060317824,1.821866075245226e-05,0.33920969933248796,1.81106836156024e-05,0.337305442245683,1.7765285936360706e-05,0.32864275528036563,1.8481930094018603e-05,0.3145497215864154,1.8118546373182193e-05,0.3096365647104983,2.093469379295386e-05
2026-04-01,1.2440585042127507e-05,0.07125929402618912,1.1658760862346327e-05,0.06077580807156604,1.1450834104113018e-05,0.05885501598179157,1.3529168156807804e-05,0.102717587650497,1.2130033242783791e-05,0.06938662764766305,1.1951161597082828e-05,0.06633784671336347,1.0046176545089776e-05
2026-04-02,2.0137623043181802e-05,0.43701524810646464,1.9519992334473464e-05,0.43411042401447597,1.9205085608289592e-05,0.44810473644412,1.8161359136152252e-05,0.4424352442159743,1.9058369555917324e-05,0.5120583948133697,1.8577601761621136e-05,0.5496853785524648,2.757719217792301e-05
2026-04-06,1.4262023853159987e-05,0.12017145237630368,1.3243620104202492e-05,0.1010160645897918,1.3077840965605071e-05,0.09327592581456891,1.4216334122490084e-05,0.1486097653992006,1.412707741192987e-05,0.14492540332243078,1.412707741192987e-05,0.14492540332243078,1.037987528407578e-05
2026-04-07,1.3187566226592266e-05,0.23499216992280605,1.35598006322896e-05,0.22610315918725335,1.415192472114118e-05,0.21490228291083271,1.4577549185495312e-05,0.21014117231497667,1.438401406792043e-05,0.20994703241356602,1.4377590807611543e-05,0.20791846057372787,1.432965811858867e-05
2026-04-08,1.701625857498595e-05,0.4066989159236587,1.6368838595250078e-05,0.4089749554975441,1.6047848369366088e-05,0.4050085680564554,1.63992627123657e-05,0.3865120506373156,1.640576176700511e-05,0.37452687043297767,1.640751186613735e-05,0.3746730317228295,2.070088891713164e-05
2026-04-09,1.393693892523255e-05,0.09902484816869235,1.4029972452815333e-05,0.10763894886784438,1.4526725244158119e-05,0.10695719630228571,1.4178113004229618e-05,0.15113486215381203,1.3680443958336895e-05,0.12003312417539008,1.3739791088363755e-05,0.12041523412527604,1.4270609857862402e-05
2026-04-10,9.913063883257308e-06,0.0916372078023786,9.629812844496184e-06,0.08804358160370503,9.783142043604292e-06,0.09077645482882507,9.653553123384284e-06,0.09725121346281294,9.610663709006343e-06,0.09730214999959057,9.67905139563191e-06,0.09827866240592463,8.064765137898336e-06
2026-04-13,1.019404888382621e-05,0.14425249686376934,9.107328285871124e-06,0.13004714675409967,8.852016452583602e-06,0.13185134859661948,1.057899362075335e-05,0.15793292352855975,1.0045664414192002e-05,0.14254344399124647,1.0884618192636717e-05,0.16188066591396835,8.465736831541658e-06
2026-04-14,9.463315082260867e-06,0.12189261692647557,9.119646283090831e-06,0.12003387481929594,9.135059559003838e-06,0.11828304245446845,9.497216260494713e-06,0.12209501465469337,9.101439185034953e-06,0.11598370023036032,9.371452201847936e-06,0.11893693813379223,7.889017315986886e-06
2026-04-15,1.26834878409015e-05,0.1668634160888416,1.2097741569052899e-05,0.1732870478115065,1.2052145346072083e-05,0.1652715405358504,1.2950523308111103e-05,0.1659324192502091,1.288522813869239e-05,0.1652573653985282,1.314654059968369e-05,0.15947714702086305,1.5257188237446104e-05
2026-04-16,1.1592987812344244e-05,0.14389427703172733,1.1613246106880466e-05,0.14042637666237168,1.1718821341138906e-05,0.1369318671260404,1.1110598682262489e-05,0.15669825443602986,1.1064096006046445e-05,0.15457852016229165,1.1103733393171141e-05,0.15246909714201146,1.0494925328602368e-05
2026-04-17,1.308724757093331e-05,0.18504502924467017,1.260302647280418e-05,0.1801864929734659,1.240329299070434e-05,0.18091531744013942,1.2295012861309794e-05,0.18202019227865948,1.2231000553229532e-05,0.18039583114787336,1.2465373798289785e-05,0.17879549045424872,1.3619828683111328e-05
2026-04-20,1.2247286586760374e-05,0.10136491587081932,1.1230988544447723e-05,0.08186972193883689,1.0912396885243937e-05,0.07915259391474415,1.1145782117351987e-05,0.08869721391436645,1.1313409160522236e-05,0.08874613489950618,1.2093165746847128e-05,0.09732175882451344,1.0073116125782542e-05
2026-04-21,1.21367844583539e-05,0.07767862767825437,1.1939478789949989e-05,0.07946420611729295,1.1737570256094339e-05,0.07421276647465319,1.238688934604624e-05,0.07147457649394301,1.3104408858933346e-05,0.0800694107494596,1.295100721768645e-05,0.07505462986812485,1.1844108579153844e-05
2026-04-22,9.16414399599538e-06,0.06672444614670094,9.27470835034462e-06,0.06835285675390229,9.345683132953628e-06,0.06452489116741576,9.31180308636102e-06,0.07619648782927746,9.587111343919409e-06,0.07196427597291176,9.509504128488786e-06,0.07369948378364148,8.138178264989559e-06
2026-04-23,1.7054164147968865e-05,0.25258721937332296,1.6997051029104465e-05,0.2511107844252977,1.7489481858182673e-05,0.24324922948083938,1.7622646218830388e-05,0.2636356817383399,1.7642247357004045e-05,0.2587956148873406,1.767186370891651e-05,0.25395146418621456,1.892982928205582e-05
2026-04-24,1.3630701386056713e-05,0.13628666534067138,1.3588330044992988e-05,0.12961663770219523,1.3449190816422816e-05,0.1208922400289007,1.2441275475986091e-05,0.14526135426335265,1.2245878017286083e-05,0.14403495189905968,1.2489909447315276e-05,0.1441676901435134,1.2169485163391109e-05
2026-04-27,1.244102969634234e-05,0.10273242183993038,1.193678854596964e-05,0.10550809291702871,1.1710614964310101e-05,0.09877562212671935,1.2186794249211615e-05,0.09969558548372322,1.2243016150912767e-05,0.10268845812751538,1.2698943727600015e-05,0.1032030560637401,1.0901371222026291e-05
2026-04-28,1.2622164719812043e-05,0.11031010730555857,1.314409249627297e-05,0.11937365899820392,1.2554675568301898e-05,0.11515606589287236,1.2207049034257191e-05,0.11564437839485638,1.2610351390330073e-05,0.12352642006842794,1.2396531294024334e-05,0.11810974701814471,1.1653541182281517e-05
2026-04-29,1.193696452841765e-05,0.06648284750447962,1.278077014745937e-05,0.0819400323068824,1.2531234749353778e-05,0.07820266497413059,1.274310203922973e-05,0.07170920831802656,1.2924444738042934e-05,0.07817420157250786,1.2872139834123074e-05,0.07749281019817443,1.0658908100303347e-05
2026-04-30,2.341404126062426e-05,0.19195639692655594,2.2831976537864036e-05,0.18438105954080788,2.2541798276199798e-05,0.17485620294655077,2.2206861644289336e-05,0.1942303129825509,2.1892095611635854e-05,0.18406431884191451,2.2046327095264637e-05,0.18068854600843307,2.7181968738884174e-05
2026-05-01,1.9056622318248544e-05,0.08350854342863877,1.7512734843911694e-05,0.07036947902256224,1.6958166583792492e-05,0.06579468193262539,1.720433358659652e-05,0.06923608925198829,1.640190892698609e-05,0.06315557350082833,1.6483892000704225e-05,0.06146748285591169,1.6273367857227194e-05
2026-05-04,1.6867762345804224e-05,0.1679689804939737,1.4489286329469613e-05,0.15892058948409352,1.4200177874425605e-05,0.15704387662915983,1.5873404089597116e-05,0.1513134029610028,1.4914372422279293e-05,0.14060984918741518,1.4961577064183354e-05,0.13527166762650797,1.677778860926443e-05
2026-05-05,1.3068603332154638e-05,0.09066865736228195,1.2374325801784306e-05,0.08916689563064444,1.230157270009496e-05,0.08531187076290207,1.3113357366428069e-05,0.10130275853955584,1.2480574071349955e-05,0.09637327565246621,1.242815509574739e-05,0.09465494449908503,1.2099098986533152e-05
2026-05-06,1.6685324618810528e-05,0.12588203710143953,1.5198147765398917e-05,0.12275527571986128,1.5015610188119395e-05,0.12007776992557972,1.7238735900830063e-05,0.13450915479730577,1.5974472039964618e-05,0.1249158257756897,1.6125337850394598e-05,0.12426837567754002,1.6043048030135054e-05
2026-05-07,1.8393114461018813e-05,0.106432110071295,1.7571733774189425e-05,0.10543391945374662,1.7473714642913074e-05,0.10588268104907476,1.851006404053984e-05,0.11009862942112529,1.7561670977686105e-05,0.10827397970971624,1.7381863405588343e-05,0.10948464008046806,1.938646196449766e-05
2026-05-08,1.3094493680146834e-05,0.08086753731105834,1.2620298824565908e-05,0.07406843736044998,1.2387564859948842e-05,0.07085862521590593,1.2973406584690362e-05,0.07949316361512099,1.2840211074950391e-05,0.07989330806902634,1.3035343394312786e-05,0.07840982352235598,1.2444882108051281e-05
2026-05-11,1.298835984268479e-05,0.1304600500930766,1.1749088428931614e-05,0.13978374919076733,1.1623133036976836e-05,0.1482269757265303,1.293970801006754e-05,0.12677836450241628,1.2689756411219583e-05,0.12949243296672416,1.3145442751974774e-05,0.12469274073190073,1.5315236236584414e-05
2026-05-12,1.7969028858404327e-05,0.05488968413159001,1.7795376225593056e-05,0.053939386026850666,1.7747816567305826e-05,0.051670350786758974,1.7450679921451918e-05,0.053553507466998225,1.7327439719559567e-05,0.05110146287296893,1.7230903149791278e-05,0.050130496305921396,1.6313901893814935e-05
2026-05-13,1.4567515978738968e-05,0.0798917089151254,1.430750441895723e-05,0.08238157222339006,1.4281763993572008e-05,0.07904001671732759,1.4785509928493028e-05,0.08356258280553086,1.4370622343590907e-05,0.08432033493736696,1.4668006986116249e-05,0.08382072639699607,1.4421967968938935e-05
2026-05-14,1.3798133614792466e-05,0.10231009926684025,1.4289709207082098e-05,0.10556588256171233,1.4597959095205432e-05,0.10399987634676167,1.3820220951520087e-05,0.10540805191005531,1.3865629241536931e-05,0.1024756891844984,1.4016131593753163e-05,0.10156760725333791,1.2735654849098674e-05
2026-05-15,1.7096937304671368e-05,0.08434776230379176,1.64681282580626e-05,0.08302736768916492,1.635991593341274e-05,0.07945547815867732,1.56520472339091e-05,0.08226811650130988,1.5735315218129188e-05,0.08401687727211132,1.6034735953120012e-05,0.08174766387905397,1.4931685117543879e-05
2026-05-18,2.090721750290682e-05,0.2513818722186291,1.896430869715736e-05,0.2918677635055588,1.8780126180720244e-05,0.30333174530066187,1.915193028692486e-05,0.31674410895587196,1.8830184431502444e-05,0.3302380293654648,1.9179954810300334e-05,0.3241077555302956,2.403510681214032e-05
2026-05-19,1.7582596015923687e-05,0.06897925121729946,1.726561334817057e-05,0.06577352154161387,1.739967334063463e-05,0.06340489547207927,1.622956146625498e-05,0.061864653990601946,1.5773768889826272e-05,0.06362553715706144,1.5768473082469292e-05,0.06280048535439255,1.4439648682951038e-05
2026-05-20,1.420385644083793e-05,0.1480170390250304,1.370413010542164e-05,0.146210920691802,1.3803609786598343e-05,0.14416198271453068,1.388478143174002e-05,0.16491798312443848,1.3581186306714914e-05,0.15691495575164802,1.3553750140226034e-05,0.1565847354317259,1.2836691978272624e-05
2026-05-21,1.7660732899005536e-05,0.1895054052219615,1.7044712475378586e-05,0.18369746495465433,1.708579059299904e-05,0.1810971720815822,1.633382988090298e-05,0.18333034221798836,1.552661759755472e-05,0.18232145980311834,1.5482148889389697e-05,0.18035602542986773,1.5310168682886057e-05
2026-05-22,1.1669124289245675e-05,0.12055857787437363,1.0950063671822325e-05,0.11316877933566187,1.092686445565829e-05,0.11294100752378929,1.1375172107669891e-05,0.12243634593415319,1.0701990718119572e-05,0.1124876460737726,1.0845413286422894e-05,0.11165307628893355,1.0228408456592433e-05
2026-05-26,1.165510297504293e-05,0.05213515684883619,1.0540840173452981e-05,0.045511250758114546,1.0588405292853948e-05,0.04531005168174127,1.2175264207344665e-05,0.06652720504501715,1.164534211716934e-05,0.060907612235167295,1.1721357049672641e-05,0.06064506446433299,1.057636257375522e-05
2026-05-27,1.5676729577719833e-05,0.10430296852475796,1.5314700393528815e-05,0.10338219909247158,1.5396696231698402e-05,0.0977319328863115,1.632838606590313e-05,0.09806554724292156,1.6115179320899405e-05,0.0955234446254819,1.615015891097997e-05,0.09515946613717247,1.6570274445450004e-05
2026-05-28,1.1730052299033591e-05,0.11241949377534867,1.184673800810862e-05,0.11517036325831413,1.1481927296331964e-05,0.11597546488443285,1.1892726121872193e-05,0.10627824767070444,1.1529537215171134e-05,0.10470647875350365,1.1547059785869189e-05,0.10331984968053508,1.0034286367747968e-05
2026-05-29,1.2248727838789295e-05,0.16143181244828014,1.1996782220880137e-05,0.1606875585260947,1.198368685934662e-05,0.15633323593556123,1.2474751896371841e-05,0.14795940061730664,1.2135774470335085e-05,0.1489759268746447,1.2233773304482435e-05,0.1480597145999035,1.3695407506260307e-05
2026-06-01,1.6137742363230413e-05,0.09827793863192413,1.5134393551863705e-05,0.1062786648458101,1.5249698978737631e-05,0.1046731217417259,1.6007766744607087e-05,0.10539750903760019,1.564737445074433e-05,0.10554604782682174,1.584097959003464e-05,0.1062441857761902,1.5589029426767202e-05
2026-06-02,1.3144043415739408e-05,0.08944265670490424,1.3705575178063205e-05,0.09350048292976305,1.3576635641297696e-05,0.08822925227875589,1.4036233079623355e-05,0.10970874674753,1.3716216986753009e-05,0.10827318384041375,1.3773417143322954e-05,0.10784293376538462,1.3518242992805036e-05
2026-06-03,1.6790554284439656e-05,0.08100895505691562,1.668005482231964e-05,0.08151029430911438,1.6603765299723977e-05,0.08329895410724632,1.6876283047850927e-05,0.09439479507977701,1.6066640663913978e-05,0.0890592204340816,1.6165340103169906e-05,0.08963629690645097,1.5557729884369144e-05
2026-06-04,1.647969599798171e-05,0.09482625618169309,1.676890871532863e-05,0.09368592921235806,1.6685413947906497e-05,0.09081588021789284,1.646772380238576e-05,0.10020809521894636,1.6117656584859827e-05,0.099171870987332,1.5895450529636004e-05,0.098756979055108,1.4975428468468589e-05
2026-06-05,2.269418689517791e-05,1.927403575147035,2.241784401713061e-05,1.9967637169876644,2.2897687264836876e-05,1.9912047327017373,2.1743001403986663e-05,1.8119435753673043,2.1296660641240695e-05,1.8888089131969805,2.153482417122053e-05,1.8514464233271788,4.168129081384184e-05
2026-06-08,1.9708656194773023e-05,0.0951851031361095,1.8697255497469235e-05,0.08767709750643342,1.9021369182780636e-05,0.08869736995728326,1.7628990675225236e-05,0.08680109462513004,1.751538557208593e-05,0.08470392763576745,1.7499934147628696e-05,0.08639770264526374,1.6291122575799476e-05
2026-06-09,2.963703998582672e-05,0.2562363670286885,2.946105071610679e-05,0.2546574685706649,3.0400286902538355e-05,0.23641926778317215,2.2855500714701493e-05,0.40447596397532354,2.2576449449980236e-05,0.4248411116405408,2.2572774737017314e-05,0.4268543476274666,4.346564722624017e-05
2026-06-10,2.419024047270983e-05,0.10891478757096633,2.4357295034630855e-05,0.10724917630708704,2.520717830940536e-05,0.10899620625076671,1.9597575152839687e-05,0.14664070489378064,1.9189770507231303e-05,0.14605694804913283,1.9205292208567964e-05,0.1458037337640767,2.4414632341378597e-05
2026-06-11,2.6913589556287813e-05,0.6811111901695931,2.7706456627328948e-05,0.6386044587937423,2.8580319600962134e-05,0.5948955488927795,2.2455553877928688e-05,0.7725287458444582,2.2407682472888364e-05,0.8145324265842603,2.2407682472888364e-05,0.8145324265842603,4.140074416918841e-05
2026-06-12,2.6541682730599146e-05,0.11374736246869067,2.6209830235822605e-05,0.1079929686247411,2.5741499134845753e-05,0.10615229101194207,1.9958984783619984e-05,0.16183665282174808,1.9422758702226697e-05,0.1580383951464164,1.9284947886117742e-05,0.1583693142204564,2.3399196349054753e-05
2026-06-15,1.381771376398898e-05,0.11401004758327199,1.3284166556611248e-05,0.1014243813230642,1.3288067591008196e-05,0.10240183141103444,1.375790803811508e-05,0.1170329120058418,1.4011586712103184e-05,0.1537692188910346,1.4011586712103184e-05,0.1537692188910346,1.0555759774510948e-05
2026-06-16,1.3722758997939067e-05,0.09820353182884195,1.3827379844903896e-05,0.1063808065825596,1.3968320854350285e-05,0.1083463715370369,1.3404059460498636e-05,0.11878841996376938,1.2769882890953237e-05,0.10831166976476188,1.2696590598095198e-05,0.10898008022915072,1.2161024911208485e-05
2026-06-17,1.525310976837037e-05,0.400956966967785,1.4247756857385793e-05,0.43245017983966644,1.4387402931449975e-05,0.4290800412733633,1.5568993077644444e-05,0.31447234443029876,1.4611481731163628e-05,0.38816455964740676,1.4720329731574857e-05,0.38831140508722717,1.8526195448293138e-05
2026-06-18,1.580837231644489e-05,0.15049194864395452,1.4868773034915113e-05,0.15249932789630932,1.4986734865350893e-05,0.15276023589522805,1.468611371844257e-05,0.15734174302726553,1.4566735374413946e-05,0.1878640580701467,1.4573533956626407e-05,0.18835256533604672,1.6340544299568463e-05
2026-06-22,1.78985196001246e-05,0.08956590308590838,1.7609431993271576e-05,0.08844332251497988,1.745999540646465e-05,0.08789701170810267,1.6320849626999844e-05,0.0859744898206345,1.6349089905530373e-05,0.1403160219781955,1.634863355074479e-05,0.1402628117152929,1.6992390425517524e-05
2026-06-23,1.580546806805294e-05,0.23669938871853916,1.632629046732183e-05,0.22801540486162833,1.6791274003091543e-05,0.23475975818887673,1.5446010575105733e-05,0.20115381123617748,1.5237316017332796e-05,0.20263998660269122,1.5621122121716976e-05,0.19318092362764583,1.4640032947559788e-05
2026-06-24,1.7602745313636907e-05,0.08871986836145927,1.821525734262521e-05,0.0904435225152329,1.8169483899402575e-05,0.08887863637825955,1.7608746735573805e-05,0.08844187377700562,1.72136335438662e-05,0.10193519108072545,1.7269914582130776e-05,0.10137020629349362,1.7174052840128166e-05
2026-06-25,2.7091223978253952e-05,0.08153722494737033,2.787046086474983e-05,0.07847995550629698,2.9068508167291175e-05,0.07767079245711318,2.4530215279140164e-05,0.079024370668095,2.414372691496907e-05,0.07834717139185689,2.4625924443522558e-05,0.0789313777665534,2.4955420553590847e-05
2026-06-26,2.253585515078882e-05,0.24869078726024216,2.2655532886815446e-05,0.25407228723375436,2.2269511441567512e-05,0.2653367333097942,2.0753420290946048e-05,0.24105654939037102,2.0311210456253782e-05,0.25026389488259276,2.0577427570222317e-05,0.2539345957138783,2.6493910192293147e-05
2026-06-29,2.560843395816375e-05,0.07607634180267982,2.572172859160239e-05,0.07707948353280018,2.453352491010215e-05,0.07486853810381842,2.3679784055975193e-05,0.07934302704778916,2.293647575518626e-05,0.07526875193708003,2.2706260485038906e-05,0.07936250137404145,2.2404930918433378e-05
2026-06-30,1.5422322498251475e-05,0.09775616776762773,1.584302019464631e-05,0.10151591606579728,1.579596973658102e-05,0.0994890406173347,1.528314282209804e-05,0.10815769024241324,1.4791351996005185e-05,0.1060895095234412,1.4799099176747096e-05,0.10774129285412737,1.449454650151786e-05
2026-07-01,2.2013577601646895e-05,0.09516285109778679,2.24529858406123e-05,0.09518171161375999,2.183058732540928e-05,0.09580404141533784,2.208955339887235e-05,0.1012975738885817,2.1447174073276413e-05,0.0973624842239104,2.1236800697110148e-05,0.09994377209629067,2.3705595467707916e-05
2026-07-02,2.518284548508344e-05,0.1191306186400436,2.4620177428949586e-05,0.11601581551780345,2.3987839558667012e-05,0.120877403725839,2.4147877254554522e-05,0.11575541828513282,2.2345551922828506e-05,0.1216527795922346,2.3271418020633128e-05,0.1175709667824148,2.324953724991442e-05
2026-07-06,1.6036122674550697e-05,0.14615973469547558,1.5664575673254835e-05,0.14083740284924842,1.5464188389526228e-05,0.14739218653001768,1.5121261411561297e-05,0.15027265847718194,1.4907790526273082e-05,0.1426744114598447,1.4964493731919362e-05,0.14642703246251315,1.2936680107423422e-05
2026-07-07,2.0566640076822392e-05,0.12982837977341696,2.121375605310246e-05,0.12538570865511625,2.082035027105471e-05,0.13451156378776039,2.0456313168261314e-05,0.13236064689687735,2.0000223900764494e-05,0.13447561521924453,1.9573489706989644e-05,0.13997378715937625,2.2390617755849016e-05
2026-07-08,1.7647856412303262e-05,0.18768414569675054,1.8039981027549463e-05,0.1948627471314248,1.7812277820450288e-05,0.18511180495551458,1.7875958723992922e-05,0.2323105045854866,1.7605568452942238e-05,0.22597554585103866,1.7666049574887984e-05,0.22816807928399285,1.6371272436954127e-05
2026-07-09,1.5629799372019172e-05,0.17593120220329794,1.6378062721705435e-05,0.1757115717962252,1.663070348239137e-05,0.17193759079312687,1.5379708370085042e-05,0.19739705864377677,1.5248529714591003e-05,0.19366909954497866,1.5184248853190383e-05,0.1898401857448283,1.625131286717455e-05
2026-07-10,2.0845261020540842e-05,0.15599994900750605,2.2214900693641575e-05,0.16687372602354145,2.142945286568035e-05,0.15938579263989452,1.910741821333756e-05,0.15414979671111714,1.958896855350747e-05,0.1600201994319879,1.957608846888897e-05,0.15897668437849669,2.0180790245424867e-05
2026-07-13,1.9839557052321806e-05,0.10776352511709375,1.9663809714499367e-05,0.10151911229107834,1.9302127642897455e-05,0.10117120935136882,1.7876148460844468e-05,0.10133341010355139,1.7633121591436588e-05,0.10068332400745351,1.7522820566139196e-05,0.10170512509410194,1.6241210349810554e-05
2026-07-14,1.929646897299026e-05,0.06531843665946968,2.036565575223906e-05,0.07401588220785756,2.0378247043102403e-05,0.0734525440218467,1.815973601060197e-05,0.06356973077274601,1.8257299417716154e-05,0.06640562263303225,1.7941264062849813e-05,0.06183901173362021,1.6915155205155416e-05
2026-07-15,2.224629491568919e-05,0.10486925053921436,2.31596618752165e-05,0.10420384064872405,2.277334863092002e-05,0.100723620650362,2.171587375566209e-05,0.12211392444720807,2.156323243378448e-05,0.11648316534548168,2.116703067094606e-05,0.1181266583281787,2.3743062692859702e-05
2026-07-16,2.0337834566215142e-05,0.14366531269689745,2.1487232237677713e-05,0.13282911087429453,2.1696724139704418e-05,0.13620561227019604,1.907636045956392e-05,0.15753647095465437,1.9323319580283682e-05,0.15854747322851584,1.9001327112639567e-05,0.16480412367326525,2.2498108090407234e-05
2026-07-17,2.3285367196383144e-05,0.5548305128642116,2.454305639456752e-05,0.5116232322903799,2.35757454401617e-05,0.5431944052572656,2.2602448385660227e-05,0.5959166648153679,2.3009112428737198e-05,0.5905307164306296,2.2574811334401228e-05,0.5921268141908442,3.5432772570774264e-05
2026-07-20,1.4624829117964548e-05,0.09983217898684804,1.4937285521185638e-05,0.10363340584000257,1.4837641428477378e-05,0.10105807444252941,1.4518365215012264e-05,0.10150886211812331,1.4821177783718681e-05,0.10611261261605988,1.495388603443111e-05,0.10104463307328569,1.3469725734826592e-05
2026-07-21,1.0072326696695724e-05,0.11605840305206523,1.0836418573912253e-05,0.12607967438627188,1.0945457262312087e-05,0.12726658855415884,1.036579439582164e-05,0.11913032856474871,1.0715038556537046e-05,0.12088553756614819,1.0649443410723062e-05,0.12482421299437019,8.469429221965609e-06
2026-07-22,9.80146929919539e-06,0.1167772203018983,1.0577033887824578e-05,0.13236051357905074,1.0654338634150667e-05,0.12769776795291543,1.0543273951573046e-05,0.12617593029073068,1.0916794939181459e-05,0.1405677645601627,1.1077736627805334e-05,0.1420185953763845,9.260823851372418e-06
2026-07-23,1.8426852837993805e-05,0.10667778399472698,1.9622166610983178e-05,0.12402882145339501,2.0026030321592436e-05,0.14024132825861116,1.7617436095261178e-05,0.10631182754755647,1.8397064363574617e-05,0.11103210031466447,1.8697887152074402e-05,0.11342164287880731,1.9456408793949092e-05
2026-07-24,1.8295441947999898e-05,0.10484806737179836,1.9045730305789873e-05,0.11752770402960495,1.9125991479835144e-05,0.11161042501426628,1.7354930217438424e-05,0.11021866267219606,1.7803232333066745e-05,0.11418624403660531,1.8085291872390115e-05,0.1152378646095115,1.671142919836166e-05
2026-07-27,2.105653847632733e-05,0.10686606273274579,2.1412559073055538e-05,0.11289064061677316,2.1430301793974176e-05,0.11187739912790341,1.92964881119229e-05,0.10395664942537126,2.038379011681792e-05,0.10820801746115566,2.062915654671058e-05,0.11476758471667255,1.6992160357113997e-05
2026-07-28,2.1040845805913716e-05,0.06887627978469082,2.2412055754251247e-05,0.07361202925905519,2.270585980219085e-05,0.07318050731247476,1.9589271858636482e-05,0.06699709301282127,1.9872097894461027e-05,0.07147605006032857,2.006465951779868e-05,0.06870619464664629,1.960871046368079e-05
2026-07-29,1.92481653555212e-05,0.1587610526077553,2.0841037288156553e-05,0.12999109075732504,2.091527574885547e-05,0.12774085520733922,1.9458160210414653e-05,0.1272246117565575,2.0688290755425513e-05,0.11101804615742666,2.059836079364491e-05,0.1049702978186255,2.0985500874576068e-05
2026-07-30,2.4426632978045415e-05,0.12701265365868347,2.5622247674625092e-05,0.12674822806660216,2.5890718690218267e-05,0.1245077380735934,2.2963813434525294e-05,0.1273559282702207,2.3481008547253987e-05,0.12071754727381788,2.34669539409074e-05,0.11879941236479313,2.2394793532817655e-05
2026-07-31,2.8681897436345664e-05,0.10588650146364248,2.8607051162275174e-05,0.10578060613436761,2.774104539092223e-05,0.10354961639953196,2.503076621716956e-05,0.11841178818733382,2.5480087621068743e-05,0.10579955294666665,2.505676844277636e-05,0.1098047181897122,2.7046959755263624e-05
