tree
version=v4
num_class=1
num_tree_per_iteration=1
label_index=0
max_feature_idx=48
feature_names=Column_0 Column_1 Column_2 Column_3 Column_4 Column_5 Column_6 Column_7 Column_8 Column_9 Column_10 Column_11 Column_12 Column_13 Column_14 Column_15 Column_16 Column_17 Column_18 Column_19 Column_20 Column_21 Column_22 Column_23 Column_24 Column_25 Column_26 Column_27 Column_28 Column_29 Column_30 Column_31 Column_32 Column_33 Column_34 Column_35 Column_36 Column_37 Column_38 Column_39 Column_40 Column_41 Column_42 Column_43 Column_44 Column_45 Column_46 Column_47 Column_48
feature_infos=none [-11.790198007328712:27.264350314932106] [-3.5687546092589608:5.411485977189562] [-11.472135038221044:28.670722955963832] [-3.085913168656726:6.3564131870782639] [-1.4232291668401702:1.429827455206292] [-4.4203212560194984:4.3410610108806464] [-9.7291423539399737:5.7261536413344283] [-1.7012200585941821:1.7102083635390579] [-1.7009969770285167:1.7104081968935803] [-3.4682042426351369:6.7393271275169795] [-13.095857414955786:26.803738224198302] [-25.394672071394403:22.558411979207776] [-4.1693596942492182:5.5196344841781393] [-4.8245421221005609:5.4862167436261489] [-4.3193222621387628:5.3865287922819824] [-5.0414086949865347:5.910501149185321] [-4.4477797440338396:5.6574500992573631] [-5.2901180568593213:5.5236313867273035] [-2.8368462757392088:4.9539074271645269] [-3.716793195191757:5.1096224230555496] [-2.6267055043052392:4.1631522163545442] [-3.6429489697803143:3.7993935719219936] [-2.453332428165226:3.2213842472195773] [-2.4264750155279731:3.0874358902819705] [-2.5083794075180639:3.5263270613635695] [-26.593111594571887:4.2948253932240741] [-7.5745791790385537:5.8090109791153965] [-2.1041394518915695:5.1356992402923511] [-8.0240801722556956:4.3822585572781501] [-2.4722263080287226:3.1873791549211967] [-21.434293262918604:0.046654209109380236] [-6.0969491103992794:4.2001905344763957] none none [0:1] [0:1] [0:1] [0:1] [0:1] [0:1] [0:1] [0:1] [0:1] [0:1] [0:1] [0:1] [0:1] [0:1]
tree_sizes=3500 3522 3500 3506 3514 3518 3522 3519 3526 3526 3534 3513 3531 3522 3530 3535 3514 3513 3520 3534 3524 3535 3530 3541 3537 3526 3540 3534 3519 3520 3540 3535 3520 3523 3525 3513 3522 3519 3518 3524 3535 3518 3513 3497 3529 3532 3521 3506 3506 3521 3506 3509 3534 3506 3500 3519 3530 3517 3510 3533 3498 3512 3513 3501 3526 3508 3508 3527 3524 3514 3508 3522 3528 3531 3524 3515 3515 3524 3509 3521 3523 3509 3533 3553 3495 3529 3533 3512 3507 3518 3535 3521 3549 3528 3526 3554 3534 3513 3560 3517 3498 3518 3551 3540 3515 3549 3519 3546 3537 3507 3563 3537 3540 3521 3556 3572 3532 3516 3560 3545 3528 3550 3550 3534 3551 3539 3515 3550 3525 3520 3545 3546 3508 3541 3539 3557 3497 3547 3562 3538 3574 3533 3518 3549 3570 3529 3544 3502 3524 3524 3539 3580 3491 3533 3553 3515 3536 3521 3487 3579 3521 3571 3527 3551 3529 3546 3465 3529 3543 3519 3567 3515 3519 3514 3558 3544 3519 3548 3557 3538 3531 3536 3505 3541 3538 3546 3544 3509 3552 3493 3530 3529 3502 3546 3479 3524 3557 3516 3520 3559 3521 3521 3521 3561 3518 3500 3542 3536 3519 3531 3517 3519 3513 3488 3516 3535 3522 3525 3518 3508 3540 3511 3513 3539 3494 3554 3535 3534 3517 3505 3563 3512 3525 3545 3526 3513 3532 3514 3518 3513 3535 3478 3504 3508 3526 3507 3469 3541 3560 3492 3527 3515 3494 3513 3498 3535 3529 3526 3526 3519 3533 3494 3503 3535 3520 3521 3507 3516 3527 3512 3511 3530 3493 3490 3545

Tree=0
num_leaves=31
num_cat=0
split_feature=10 10 10 10 10 10 10 20 19 20 20 10 9 10 20 25 10 8 19 28 10 10 8 24 21 8 25 2 25 28
split_gain=81654.7 16989.7 16314.9 4225.48 3467.08 2679.85 1652.06 1117.72 932.352 814.881 597.859 545.135 536.835 455.803 429.147 319.643 305.631 289.15 261.054 246.31 241.219 233.207 226.528 223.968 272.669 182.78 202.189 177.226 177.048 170.779
threshold=-0.22086819089303814 -1.1267584355000317 0.90213949298935359 -1.6294930353099415 -0.6547038262549002 0.19438436378624571 1.7819152345322962 -1.1427415673819816 -1.0721183389806079 -0.078372750853207565 -0.60625065531118949 -2.089176532101447 -1.622272242245699 0.54445342264726937 0.31809024726225105 -1.0247021859079324 1.2411303791053123 1.6839666064457255 -0.28519767579507321 3.1315240060345997 -1.2849734704264302 -0.46347590960506024 1.6839666064457255 -1.8713447490595676 -0.52743274661487938 1.6839666064457255 0.80316624119472324 -0.52648074490478702 -0.696999963002641 -1.7669317065419203
decision_type=2 2 2 2 2 2 2 2 2 2 2 2 2 2 2 2 2 2 2 2 2 2 2 2 2 2 2 2 2 2
left_child=1 3 5 7 10 14 16 11 12 28 15 -1 -5 18 -2 -3 -4 19 -7 20 -10 -11 23 -12 -25 26 -9 -26 -6 -17
right_child=2 4 6 8 9 13 -8 25 17 21 22 -13 -14 -15 -16 29 -18 -19 -20 -21 -22 -23 -24 24 27 -27 -28 -29 -30 -31
leaf_value=-0.32581336796174359 0.00094948211647535473 -0.074608689292506164 0.033482642679752331 -0.030010808549414854 -0.030419163405780283 0.01079197714178641 0.046034732427584261 -0.16304342996589596 -0.094113104696746386 -0.013915677372998462 0.029657021100127225 -0.21258519510994101 -0.12877663900011749 0.026928448878252284 0.012180342486317851 0.042278640489831779 0.039299847546449274 -0.021989355405913725 0.021301652658401629 0.034034861395607262 -0.068703773971850485 0.0004364442210207434 -0.0036685962580396275 -0.051646180113674681 -0.041018808676383897 -0.064916279151992065 -0.0571356652441143 -0.024404296652918704 -0.017747832722015879 -0.049430216978952578
leaf_weight=142.4909398201853 17857.099940493703 1901.5527842305601 37206.315025478601 150.60465211421251 4525.0408564656973 7427.0513804554939 109399.93094408512 720.9797551818192 1833.9761717654765 4253.2600952163339 117.97682209312916 418.53083121590316 1591.3712307941169 39171.618537530303 16242.875798389316 51.804349213838577 57433.761133641005 229.89509843289852 28902.361173853278 46.97735470533371 1903.477812115103 8460.8538145124912 480.7280562967062 3185.0680435076356 3695.9393886700273 58.73841417580843 48.069893255829811 2837.2017419412732 7054.10019402951 2526.8978348448873
leaf_count=1071 17518 4739 12291 241 7278 5824 8676 3072 5286 5437 48 2198 5690 18075 12286 8 12291 331 16589 15 4519 8387 516 6475 6728 135 103 4222 9558 5025
internal_value=0.0243479 -0.0376836 0.0334923 -0.108577 -0.0247255 0.0179328 0.0418501 -0.186857 -0.0896904 -0.0131039 -0.0438051 -0.241343 -0.120238 0.0231871 0.00629909 -0.0590563 0.0370129 -0.0764347 0.0191531 -0.0797421 -0.0811722 -0.00436478 -0.0371821 -0.03882 -0.0396513 -0.14993 -0.156424 -0.0338035 -0.0226997 -0.0475878
internal_weight=359877 46235.5 313641 7145.11 39090.4 109601 204040 1388.81 5756.3 24293.3 14797.2 561.022 1741.98 75501 34100 4480.25 94640.1 4014.33 36329.4 3784.43 3737.45 12714.1 10316.9 9836.19 9718.21 827.788 769.05 6533.14 11579.1 2578.7
internal_count=184632 81082 103550 22661 58421 70292 33258 6579 16082 30660 27761 3269 5931 40488 29804 9772 24582 10151 22413 9820 9805 13824 17989 17473 17425 3310 3175 10950 16836 5033
is_linear=0
shrinkage=0.05


Tree=1
num_leaves=31
num_cat=0
split_feature=10 10 10 10 10 10 10 19 20 20 20 19 10 20 9 20 10 10 25 9 10 29 19 10 4 29 25 2 24 6
split_gain=75454.5 15262.2 13226.5 3401.94 3024.83 1696.13 1576.9 788.368 671.853 638.792 616.014 398.1 365.034 294.126 290.149 282.739 274.704 267.264 215.406 190.359 185.325 179.747 162.567 149.939 149.877 146.59 145.914 137.261 133.8 186.896
threshold=-0.090338834058591624 -0.99601478733967208 0.90213949298935359 -1.5925056067120666 -0.49400702906513966 1.8840359389727344 0.35602246401951815 -0.96578973874996465 -0.039618148921874721 -1.2195578685150139 -0.16318595792121374 -0.073319628390765779 1.2917642984724738 -0.087907234070829163 -1.622272242245699 -0.19995448584813397 -1.2466964931368947 -1.9736261511521322 -0.99684640721459183 -1.622272242245699 -1.2099439627820228 -2.7037185081695623 -1.0721183389806079 0.14290570843258962 -0.82802707345380944 -0.93412963783615821 -0.26690580410166181 -0.48879071977516769 -1.8713447490595676 -0.97954145437384266
decision_type=2 2 2 2 2 2 2 2 2 2 2 2 2 2 2 2 2 2 2 2 2 2 2 2 2 2 2 2 2 2
left_child=1 3 6 9 10 12 11 14 -6 17 18 -2 21 -8 -5 20 -16 -1 28 -12 -9 -4 -11 -13 -20 -21 -10 -17 29 -3
right_child=2 4 5 7 8 -7 13 15 26 22 19 23 -14 -15 16 27 -18 -19 24 25 -22 -23 -24 -25 -26 -27 -28 -29 -30 -31
leaf_value=-0.22133364040193126 0.0047367033205673228 0.038843326480604783 0.044420983385243931 -0.031862534740336221 -0.013741547159498721 0.046239288916973854 0.018528572794821323 -0.076807157546787408 -0.0052628102049282 -0.14073718880464625 0.0011052303871791304 0.010900405582000228 0.039471013515269548 0.026514371102421965 -0.10998467321054771 -0.051030999901629862 -0.078248284744895702 -0.1566582266449299 -0.046347700988791651 -0.0062682973913510054 -0.05606049420498576 0.032340307116373965 -0.10397990996313394 0.018527879948687168 -0.030314972047418481 -0.026050788801669052 0.0055632305263845607 -0.021455676335116157 -0.052715416577273438 -0.054470638796484519
leaf_weight=253.74664174392819 14337.223483741283 98.595696300268173 3351.8452055454254 199.72506424039602 11941.191168151796 96125.437668889761 15927.145496711135 2036.9512653760612 4490.3615848049521 540.27219680510461 877.39446067810059 11672.755347549915 58367.441222950816 41765.966958075762 1379.1946169408038 1463.4122235029936 1348.5560482610017 431.1466397382319 1936.7353674396873 1080.5374045521021 2282.6595506109297 37834.74629445374 678.65996280312538 14380.982266649604 5893.04817917943 7022.280879355967 10142.501481711864 535.99660638719797 2877.3674856796861 117.73642952367663
leaf_count=1377 12979 22 374 327 15223 7230 10025 5166 4963 2061 858 9128 12291 19618 4413 2957 3459 1782 3732 1216 4842 13363 2090 9052 9466 10681 9014 766 5911 246
internal_value=0.0237285 -0.0285832 0.0339905 -0.0811173 -0.01598 0.0415019 0.0190052 -0.0685855 -0.00494081 -0.141982 -0.0307187 0.0114283 0.0369277 0.0243098 -0.0900353 -0.0586482 -0.0942947 -0.18062 -0.0386942 -0.0210172 -0.0658438 0.0333235 -0.120272 0.0151106 -0.0342807 -0.0234127 0.00224106 -0.0431025 -0.0498643 -0.0119418
internal_weight=351392 57628.1 293764 11150.3 46477.8 195679 98084.1 9246.5 26574.1 1903.83 19903.7 40391 99554 57693.1 2927.48 6319.02 2727.75 684.893 10923.5 8980.21 4319.61 41186.6 1218.93 26053.7 7829.78 8102.82 14632.9 1999.41 3093.7 216.332
internal_count=184632 90572 94060 29240 61332 33258 60802 21930 29200 7310 32132 31159 26028 29643 8199 13731 7872 3159 19377 12755 10008 13737 4151 18180 13198 11897 13977 3723 6179 268
is_linear=0
shrinkage=0.05


Tree=2
num_leaves=31
num_cat=0
split_feature=10 10 10 10 10 10 10 19 20 20 19 19 10 9 10 20 19 8 10 10 25 10 8 23 20 25 28 16 10 8
split_gain=70413.9 14381.4 10716.9 2726.67 2635.38 1354.45 1266.23 730.987 648.191 464.892 398.123 388.277 333.416 242.961 267.11 233.296 224.804 191.982 191.461 173.654 163.045 157.151 154.713 158.592 141.727 146.922 135.211 130.849 128.059 125.033
threshold=0.030408887629788873 -0.89258887600725401 1.0472310424099154 -1.5925056067120666 -0.46347590960506024 0.54445342264726937 1.8840359389727344 -1.0721183389806079 -0.10718424448721217 -0.30151850020585819 -0.30332465514483459 -1.4511038260472118 -1.1924358924594542 -1.622272242245699 -1.1924358924594542 -0.13546383028202683 1.8658701694640019 1.6839666064457255 -2.2642629270581005 -0.2501069991326626 -0.16834133468089943 0.25755990328840295 1.6314830922590604 -1.6933098436380536 -0.68255120725220075 1.3215757624196167 3.1315240060345997 2.6275139458723307 1.3995342012442087 1.6314830922590604
decision_type=2 2 2 2 2 2 2 2 2 2 2 2 2 2 2 2 2 2 2 2 2 2 2 2 2 2 2 2 2 2
left_child=1 3 5 11 9 10 16 13 19 -3 -2 18 22 -5 -15 -7 28 -11 -1 -6 -10 -12 23 -9 25 -13 -25 -8 -4 -14
right_child=2 4 6 7 8 15 27 12 20 17 21 24 29 14 -16 -17 -18 -19 -20 -21 -22 -23 -24 26 -26 -27 -28 -29 -30 -31
leaf_value=-0.20772326690247322 0.007191427336580904 -0.033684593816526984 0.033662058057436543 -0.023493971002429032 -0.01660974820967798 0.021379226590828724 0.044404795401327392 -0.11786346935850343 -0.0021112472546022747 -0.019504047941580029 0.014111483990128565 -0.11568914562268746 -0.044581980584240732 -0.09440171735740617 -0.064995259914017708 0.029112916263397327 0.042225261405199971 0.010680605514159251 -0.13590799771258735 -0.0052575374463149057 0.0071561826529755361 0.020626220052125974 -0.02888053305769412 -0.064113633488704913 -0.080459890509422233 0.025900052153955272 0.035494828157071272 0.04821289717122948 0.038217519104522146 -0.017682594483591413
leaf_weight=110.19571631029248 10844.790460526943 8346.2196303084493 29872.18348287046 202.05739052593708 5861.0039904043078 12964.359664365649 51856.906078964472 137.6118348389864 7322.7953650131822 10120.273867756128 15378.178360685706 975.92391717713326 5896.4719981327653 1586.1999719245359 1504.844636128284 39349.677082076669 19068.165250957012 555.7054049372673 588.19416754320264 7921.9961691647768 13487.360270112753 23255.433967426419 320.10432749986649 2925.5925843641162 502.83654040843248 18.672238990664482 34.470463633537292 39924.955569684505 31903.298042416573 466.14643335342407
leaf_count=568 9285 13969 9761 297 7808 7421 5803 462 7632 14068 11038 3234 11154 4581 3461 16438 2965 437 2187 8755 11557 13662 505 6677 1312 9 10 1427 7518 631
internal_value=0.0231094 -0.0220871 0.0344547 -0.064897 -0.00989516 0.0215873 0.0420423 -0.0562378 -0.00167496 -0.0248441 0.0156567 -0.116452 -0.0493774 -0.0766131 -0.0800855 0.0271964 0.0374795 -0.0179329 -0.147239 -0.0100849 0.00389511 0.018033 -0.0619733 -0.065393 -0.102094 -0.113031 -0.0629537 0.0460613 0.0360147 -0.0426112
internal_weight=343303 68884.7 274418 15269.3 53615.4 101792 172626 13073.5 34593.2 19022.2 49478.4 2195.82 9780.4 3293.1 3091.04 52314 80843.6 10676 698.39 13783 20810.2 38633.6 3417.78 3097.67 1497.43 994.596 2960.06 91781.9 61775.5 6362.62
internal_count=184632 99314 85318 35088 64226 57844 27474 27778 35752 28474 33985 7310 19439 8339 8042 23859 20244 14505 2755 16563 19189 24700 7654 7149 4555 3243 6687 7230 17279 11785
is_linear=0
shrinkage=0.05


Tree=3
num_leaves=31
num_cat=0
split_feature=10 10 10 10 10 10 10 10 20 20 25 25 9 21 19 20 29 9 8 20 24 9 25 10 16 4 25 10 29 28
split_gain=65870.9 11719.8 10692.9 2259.47 1902.85 1306 1298.95 659.155 510.422 403.521 379.912 358.941 300.812 266.195 228.337 228.009 181.304 184.829 179.842 144.732 262.958 143.863 140.775 136.865 136.008 134.051 133.847 129.049 126.362 125.058
threshold=0.030408887629788873 -0.83333138700425058 1.0472310424099154 -1.3052451724259961 -0.42160312316156295 0.54445342264726937 1.8840359389727344 -1.7642549255877944 -0.10718424448721217 -0.16318595792121374 -0.27472882187927555 -0.99684640721459183 -1.622272242245699 -0.78600754557944397 1.8658701694640019 -0.13546383028202683 0.74306771300676644 -1.622272242245699 1.6314830922590604 -0.62788350738544441 -1.8713447490595676 -1.6747553987675772 -0.62326265587936336 0.25755990328840295 2.6275139458723307 -0.94806231575565736 -0.24903744818563903 1.3995342012442087 -3.012356386587963 3.1315240060345997
decision_type=2 2 2 2 2 2 2 2 2 2 2 2 2 2 2 2 2 2 2 2 2 2 2 2 2 2 2 2 2 2
left_child=1 3 5 7 9 10 14 16 -6 22 -2 18 -9 -14 27 -7 17 -1 19 -5 -21 -11 -3 -12 -8 -13 -23 -4 -17 -15
right_child=2 4 6 11 8 15 24 12 -10 21 23 25 13 29 -16 28 -18 -19 -20 20 -22 26 -24 -25 -26 -27 -28 -29 -30 -31
leaf_value=-0.058123120176039468 0.0078291649876400821 -0.033324487216564148 0.033102728018999557 -0.066235058467233099 -0.0085978045369297772 0.020760748859312828 0.044150742648093322 -0.029946563705172919 0.00425405334394428 0.01239715389046228 0.013939719970766635 -0.045193710423867897 -0.085238294981855006 -0.061182214714059782 0.041889941383685257 0.042760738194304385 -0.021757809448178816 -0.12065610267427856 -0.01243664160997 0.027543488840354947 -0.052210499383763209 -0.020525707715227284 -0.021441353272735771 0.020284954162282938 0.048124624970554669 -0.03251331213026059 -0.0084206064223983773 0.037758506603163898 0.027916478353188404 0.038988353173023849
leaf_weight=131.3317628800869 13084.87252138555 5194.1513762995601 28883.360597506166 2223.511592858471 12799.114334650338 12690.133493006229 49604.587724208832 405.89611960202456 19490.251372687519 515.91839185357094 14000.16860216856 3328.4762054756284 2511.4927697163075 1581.1881464868784 18279.769237697124 1491.8648170828819 55.0462736338377 1178.6862406525761 225.02811770141125 113.5528125166893 1150.5667299330235 4777.6904437988997 4791.3426083698869 21625.408340647817 38045.723339259624 5575.4639845862985 4374.3126904368401 30707.037788361311 36728.743395909667 31.784526184201241
leaf_count=284 11036 8656 9761 5169 15000 7421 5803 649 17832 388 10097 6337 6793 3516 2965 216 79 4023 281 51 2352 6739 6846 12852 1427 9201 5111 7518 16222 7
internal_value=0.022492 -0.0204806 0.0339109 -0.0546401 -0.00830647 0.020968 0.0417007 -0.0801942 -0.000840268 -0.020573 0.0151153 -0.0426993 -0.0710168 -0.0750586 0.0370014 0.0265678 -0.110652 -0.114387 -0.0557598 -0.0585551 -0.0450464 -0.0132918 -0.0276226 0.0177914 0.0458757 -0.0372535 -0.0147399 0.0355019 0.0284959 -0.0592083
internal_weight=335596 70454.8 265142 18512 51942.8 99621.2 165520 5895.43 32289.4 19653.4 48710.4 12616.6 4530.36 4124.47 77870.2 50910.7 1365.06 1310.02 3712.66 3487.63 1264.12 9667.92 9985.49 35625.6 87650.3 8903.94 9152 59590.4 38220.6 1612.97
internal_count=184632 99314 85318 38742 60572 57844 27474 15351 32832 27740 33985 23391 10965 10316 20244 23859 4386 4307 7853 7572 2403 12238 15502 22949 7230 15538 11850 17279 16438 3523
is_linear=0
shrinkage=0.05


Tree=4
num_leaves=31
num_cat=0
split_feature=10 10 10 10 10 10 10 20 25 19 20 21 20 8 20 19 25 32 24 19 21 10 16 8 29 25 4 28 8 10
split_gain=61675.4 11649 8844.41 2335.34 1382.31 1095.53 1023.58 523.027 446.411 415.01 364.569 299.671 230.709 213.417 204.846 191.631 191.533 177.602 164.278 167.454 158.504 149.392 141.295 134.524 130.998 113.569 132.749 112.064 98.2772 98.0601
threshold=0.14290570843258962 -0.69784843081922576 1.1284570006606831 -1.2849734704264302 -0.29041053262073774 1.8840359389727344 0.58220331251216351 -1.0909823164814307 -0.43911216551180071 -0.96578973874996465 0.48556902855437972 0.065669117577995054 0.099521616393701856 1.6839666064457255 -0.049559353244548222 1.8658701694640019 -0.73523796002768604 0.79273014529748398 -1.8713447490595676 -0.92578096709013025 0.14429510848576088 -1.6294930353099415 2.6275139458723307 1.6314830922590604 -2.7037185081695623 -0.91470971359363717 -0.89522792863456069 3.1315240060345997 1.6314830922590604 -1.0531970563606772
decision_type=2 2 2 2 2 2 2 2 2 2 2 2 2 2 2 2 2 2 2 2 2 2 2 2 2 2 2 2 2 2
left_child=1 3 6 7 8 15 11 17 23 29 16 -2 -8 21 18 -4 -6 -1 19 -11 -10 -9 -7 -3 -14 28 -27 -23 -20 -5
right_child=2 4 5 9 10 22 12 13 20 14 -12 -13 24 -15 -16 -17 -18 -19 25 -21 -22 27 -24 -25 -26 26 -28 -29 -30 -31
leaf_value=-0.080679009309423622 0.011030877072489162 -0.021607878255392763 0.03559032899052561 -0.058772044640809144 -0.010060530354716136 0.043886707807120284 0.022138492236329407 -0.07780834069604875 -0.011656299579489826 0.046877741558402554 0.010187876699084447 0.019793620846139687 0.040919601140249423 -0.017746357320140387 -0.022067105042608205 0.041780631557046977 0.0017290391585934109 -0.11276805013724636 -0.047349486168168031 -0.082795978176478685 -0.00035930303302544268 -0.0576550436320237 0.048032166338284332 0.007577893105765606 0.028474963585105414 -0.041622413851756135 -0.027371553982083199 0.038550546973390873 -0.0048131633219526491 -0.042910441509740986
leaf_weight=1601.251808039844 15296.726107180119 9827.8292426913977 50747.168329119682 1530.7241911366582 4319.8086733818054 47462.151367306709 16610.730617418885 1148.2036241739988 6604.3535344451666 112.09834372997284 12165.892191335559 26939.673751860857 2252.1037174463272 285.62421277165413 4556.8640466630459 16588.865785837173 17011.262784682214 590.10352444648743 2348.2404367513955 32.003981299698353 5859.8904699683189 3087.1753768548369 36258.145522892475 411.34213519096375 34650.34787184 2548.5030363574624 4554.6454964131117 30.569146156311035 144.12596467137337 2681.0764861628413
leaf_count=4185 11922 14075 14625 3330 5189 5803 9256 2935 8144 7 9687 16275 409 387 6568 2727 16423 1921 4572 85 5902 6647 1427 349 14917 4670 7048 7 158 4982
internal_value=0.021877 -0.0158495 0.0343276 -0.0440589 -0.00317491 0.0418633 0.022439 -0.0692509 -0.0126998 -0.0348809 0.00328084 0.01662 0.0270318 -0.0595885 -0.0308171 0.0371154 -0.000658496 -0.0893202 -0.0349109 0.0180782 -0.00634517 -0.06239 0.0456821 -0.0204354 0.0292344 -0.0357067 -0.0324845 -0.0567118 -0.0448897 -0.0486751
internal_weight=328258 81451.6 246806 25251.2 56200.4 151056 95749.6 6742.93 22703.4 18508.3 33497 42236.4 53513.2 4551.57 14296.5 67336 21331.1 2191.36 9739.62 144.102 12464.2 4265.95 83720.3 10239.2 36902.5 9595.51 7103.15 3117.74 2492.37 4211.8
internal_count=184632 107271 77361 47502 59769 24582 52779 16082 28470 31420 31299 28197 24582 9976 23108 17352 21612 6106 16540 92 14046 9589 7230 14424 15326 16448 11718 6654 4730 8312
is_linear=0
shrinkage=0.05


Tree=5
num_leaves=31
num_cat=0
split_feature=10 10 10 10 10 10 10 21 10 20 20 21 19 9 20 20 25 10 8 16 29 25 8 29 29 2 29 28 30 9
split_gain=57998.9 9834.18 8829.6 1800.46 1231.12 1122.8 988.658 390.473 387.259 337.486 333.546 283.983 229.022 219.926 194.734 185.572 177.193 176.147 162.79 146.707 138.914 126.628 125.669 124.417 118.062 104.07 103.205 102.418 95.2576 93.3197
threshold=0.14290570843258962 -0.69784843081922576 1.1284570006606831 -1.2849734704264302 -0.29041053262073774 1.8840359389727344 0.58220331251216351 0.14429510848576088 -1.8210481331646782 -0.30151850020585819 0.53495698532481051 0.065669117577995054 -0.03627279827188392 -1.622272242245699 1.1597640515793042 -0.86090890110557738 -0.73523796002768604 -1.0531970563606772 1.6314830922590604 2.6275139458723307 -3.012356386587963 -0.6066103179758181 0.79174686527241656 0.74306771300676644 -1.0087117598110702 -0.5144965978173961 -1.6561564200354002 -1.7669317065419203 -0.53078032167124256 -1.622272242245699
decision_type=2 2 2 2 2 2 2 2 2 2 2 2 2 2 2 2 2 2 2 2 2 2 2 2 2 2 2 2 2 2
left_child=1 3 6 8 7 14 11 18 23 17 16 -2 -8 -10 -4 -15 -6 -5 21 -7 -14 -3 -17 29 -11 -26 -9 -19 -27 -1
right_child=2 4 5 9 10 19 12 26 13 24 -12 -13 20 15 -16 22 -18 27 -20 -21 -22 -23 -24 -25 25 28 -28 -29 -30 -31
leaf_value=-0.047293573631653964 0.010598633854121112 -0.022279754225002158 0.034199417874280096 -0.046650298673415101 -0.0094381455337825375 0.043612441217991543 0.020075072927513083 0.017854877135166362 -0.023833572793573628 -0.0031314262673132879 0.01015686997232757 0.019189770735357672 0.042125262813694955 -0.069103485275293863 0.03971751180489707 -0.03788931837799045 0.0017911922274771654 0.027073809192415713 0.0082604915433718267 0.047935340200641254 0.027532265053851614 -0.013199259535952759 -0.058737100012561765 -0.0058624623771297985 -0.030618558367972688 -0.02839029739985556 -0.0036791691118335372 -0.033793983694645931 -0.01033896910463809 -0.092667267380161816
leaf_weight=125.39368776232004 15128.91704968363 6714.8817117586732 36324.611072361469 3686.4862804962322 4376.8189218044281 45424.239582657814 11219.743311211467 612.84568879008293 495.70945290476084 606.04433633387089 11211.468561917543 26411.682740867138 1701.6440972685814 2370.2077173050493 28558.262823820114 1204.3556832149625 17799.651972733438 69.789178684353828 660.04610767960548 34557.751940071583 39165.051674455404 8965.2949117869139 1808.0305613800883 47.437937840819359 4762.5510533228517 1355.3973333090544 6041.4496940821409 7100.7484497092664 1586.0396912395954 1176.8642032705247
leaf_count=244 11922 9707 11479 7126 5203 5803 6715 394 732 644 8934 16275 268 5646 5873 2117 17162 32 551 1427 17599 11332 3932 53 7679 2125 6486 11900 1914 3358
internal_value=0.0212652 -0.0147948 0.0337812 -0.0399828 -0.00300319 0.0415155 0.0218142 -0.0119061 -0.0612479 -0.0319636 0.00312828 0.0160609 0.0264027 -0.0557023 0.0366282 -0.0586372 -0.000425066 -0.0377681 -0.016064 0.0454802 0.0281399 -0.0170879 -0.0504021 -0.0854009 -0.02438 -0.0260515 -0.00169593 -0.0332016 -0.0186569 -0.0882983
internal_weight=321269 82777.5 238492 26395.1 56382.5 144865 93627 22994.5 7228 19167.1 33387.9 41540.6 52086.4 5878.3 64882.9 5382.59 22176.5 10857 16340.2 79982 40866.7 15680.2 3012.39 1349.7 8310.03 7703.99 6654.3 7170.54 2941.44 1302.26
internal_count=184632 107271 77361 47502 59769 24582 52779 28470 16082 31420 31299 28197 24582 12427 17352 11695 22365 19058 21590 7230 17867 21039 6049 3655 12362 11718 6880 11932 4039 3602
is_linear=0
shrinkage=0.05


Tree=6
num_leaves=31
num_cat=0
split_feature=10 10 10 10 10 10 10 21 19 20 20 21 19 20 19 8 16 16 25 29 29 29 21 11 25 10 3 25 21 2
split_gain=54593.1 8661.07 8497.27 1596.73 1060.02 986.907 976.68 388.936 365.232 326.439 265.098 261.137 189.467 170.482 167.606 159.845 152.239 117.199 117.1 115.458 115.166 110.267 109.364 106.254 105.151 103.353 102.069 101.403 93.8364 91.2559
threshold=0.16325274001847687 -0.6547038262549002 1.1941432312481204 -1.1924358924594542 0.70364482715743237 -0.22086819089303814 1.8840359389727344 0.14429510848576088 -1.4511038260472118 0.12006129925249222 0.28352941525145464 -0.52743274661487938 0.87591127161366567 -0.43161789303907983 1.8658701694640019 1.6314830922590604 2.6275139458723307 -1.983164990124014 -0.88908263210287508 -1.6561564200354002 -1.0351167071203073 -4.3271377947710503 -0.81498480336961909 -0.63757808770616264 -0.73523796002768604 0.40223601404857129 -0.57487996139649133 -1.0247021859079324 -0.48166254893404808 0.35447751982158182
decision_type=2 2 2 2 2 2 2 2 2 2 2 2 2 2 2 2 2 2 2 2 2 2 2 2 2 2 2 2 2 2
left_child=1 3 4 8 9 7 14 15 17 28 24 26 -6 22 -4 18 -8 -1 -3 23 -13 -14 -10 -9 -7 -11 -5 -28 -2 -21
right_child=2 5 6 11 12 10 16 19 13 25 -12 20 21 -15 -16 -17 -18 -19 -20 29 -22 -23 -24 -25 -26 -27 27 -29 -30 -31
leaf_value=-0.094936331354043113 0.0066533088386464163 -0.021813632836325064 0.035017651422037284 -0.020611683234731736 0.024900188322133369 -0.00756195787440345 0.043327700186840325 0.040173634256676465 -0.057627487767069364 0.016740809326733948 0.0092404036733108024 -0.0038528272253870615 0.04801324601477075 -0.035638208999372534 0.041254742770718167 0.010359524191991508 0.047833959618151602 -0.064885209113028322 -0.011840607825378973 -0.0040591336436105688 -0.023104680919874863 0.030581721155082814 -0.04308856511192128 0.0032010355692155901 0.0020881838314658384 0.022446829881811549 -0.042140798748334943 -0.030798365223885321 0.014269380295348397 0.012362679562332647
leaf_weight=409.83512830734253 6166.5606573522091 3762.516799069941 42229.694303438067 1435.3148857876658 26583.864815473557 3668.2213013246655 43485.755805760622 325.65447595715523 3264.9651794554666 13681.932459414005 14321.780700027943 848.60911290347576 956.33381485939026 2309.1328310370445 14459.265986144543 700.04205137491226 32940.290770053864 1557.2065483219922 13519.433740213513 6222.8152255117893 9182.0385743975639 17666.344318538904 2142.0461239516735 481.84826987981796 12248.544245839119 18896.19227617979 3146.2718350766227 5273.002725943923 11751.825284823775 979.08138926327229
leaf_count=1188 5346 5404 12654 2027 13345 4223 5803 64 7028 9101 11675 914 38 3955 2529 555 1427 3578 16721 6728 13425 6861 3988 451 11737 10413 5798 8521 8398 737
internal_value=0.0206576 -0.0133561 0.0334115 -0.0352633 0.0220479 -0.00183627 0.0415813 -0.00898107 -0.0519138 0.017069 0.00430501 -0.0271552 0.0276094 -0.0470109 0.0366085 -0.0130631 0.0452699 -0.0711464 -0.0140119 0.00018353 -0.0214759 0.0314769 -0.0518677 0.0181116 -0.000135814 0.0200505 -0.032936 -0.035037 0.0116483 -0.00182663
internal_weight=314616 85798.4 228818 29568.4 95703.1 56229.9 133115 25991.4 9683.19 50496.5 30238.5 19885.2 45206.5 7716.14 56689 17982 76426 1967.04 17282 8009.4 10030.6 18622.7 5407.01 807.503 15916.8 32578.1 9854.59 8419.27 17918.4 7201.9
internal_count=184632 108717 75915 50422 53502 58295 22413 30660 19737 33258 27635 30685 20244 14971 15183 22680 7230 4766 22125 7980 14339 6899 11016 515 15960 19514 16346 14319 13744 7465
is_linear=0
shrinkage=0.05


Tree=7
num_leaves=31
num_cat=0
split_feature=10 10 10 10 10 10 10 10 20 20 20 20 29 9 19 25 19 16 25 25 29 21 8 4 28 20 10 24 6 2
split_gain=51390.5 8049.18 7891.3 1523.57 1051.25 887.148 719.18 364.266 312.634 310.938 276.497 224.395 193.239 184.141 170.639 142.672 141.038 136.938 123.947 122.445 116.679 111.782 100.139 99.0045 98.1475 97.9107 97.6208 87.5333 118.051 86.8899
threshold=0.19438436378624571 1.2411303791053123 -0.57868579892585059 -1.1267584355000317 0.74771820775116804 1.9448443174251431 -0.22086819089303814 -1.5925056067120666 -0.049559353244548222 0.12006129925249222 0.57364316930209414 -0.16318595792121374 -2.7037185081695623 -1.6747553987675772 1.8658701694640019 -1.226922696941358 -0.03627279827188392 2.6275139458723307 -0.73523796002768604 -1.0247021859079324 -1.6561564200354002 -1.983083711852899 1.6314830922590604 -0.82802707345380944 3.1315240060345997 0.050298123071896579 0.44837023738664 -1.9391018954958896 -0.97954145437384266 0.35447751982158182
decision_type=2 2 2 2 2 2 2 2 2 2 2 2 2 2 2 2 2 2 2 2 2 2 2 2 2 2 2 2 2 2
left_child=2 4 3 7 9 14 8 21 -4 -2 18 19 -6 -9 -3 -15 -14 -7 -8 27 25 -1 -13 -21 -17 -10 -11 28 -5 -22
right_child=1 5 6 11 12 17 10 13 20 26 -12 22 16 15 -16 24 -18 -19 -20 23 29 -23 -24 -25 -26 -27 -28 -29 -30 -31
leaf_value=-0.085053051577482608 0.011985217922181744 0.035055284072661327 -0.012879254316856048 0.041942751212324353 0.041198888646885395 0.043265595462614867 -0.0065594432086325712 -0.0060497533066271175 0.0372157836865874 0.017122546736707548 0.010986593279996423 -0.018347725322468669 0.021184897868756349 -0.051667310108349435 0.041325623190593602 -0.037611598609392498 0.028465927410251876 0.047735718999051636 0.0031294605057889621 -0.031504664431771266 -0.004804818130240497 -0.055820848879411702 0.0001466273234599269 -0.020494331118705817 0.034315654916818032 0.0021897109865319426 0.022608938425197858 -0.035556235268038631 -0.040020320526712012 0.0066467835167173354
leaf_weight=367.26308213174343 17983.793740876019 39713.033172294497 11270.01278398931 86.878290399909019 2545.1331307888031 37768.743809223175 4064.750055603683 390.72428888082504 348.0854757130146 14620.96215352416 11202.559242919087 7832.7405558153987 8320.2897846922278 2323.7557845413685 14929.02634114027 5805.7381447479129 33152.112668424845 31356.531984865665 17564.338046707213 2918.8513510152698 8251.0993630513549 2985.2340383399278 807.3676450252533 6794.1633414700627 47.818381801247597 467.47259765863419 18201.193046882749 4002.0461266487837 88.86882358789444 2072.5105827450752
leaf_count=992 13673 11870 14173 14 448 5087 4598 438 89 9614 8741 10707 4795 4725 2590 10173 14278 1420 16465 4758 9044 6318 805 9579 15 447 9971 6848 160 1797
internal_value=0.0200548 0.0331315 -0.0118147 -0.0305946 0.0221699 0.0415297 -0.000102435 -0.0450503 -0.00700788 0.0172696 0.00461087 -0.0229464 0.0278259 -0.039583 0.0367684 -0.0411852 0.0270052 0.0452933 0.00130863 -0.0268818 -0.00106755 -0.0590232 -0.0166195 -0.023803 -0.037024 0.0171391 0.020165 -0.0340396 0.000497053 -0.00250586
internal_weight=308283 218591 89692.3 34451.4 94823.5 123767 55240.8 11920.5 22409.2 50805.9 32831.6 22530.9 44017.5 8568.04 54642.1 8177.31 41472.4 69125.3 21629.1 13890.8 11139.2 3352.5 8640.11 9713.01 5853.56 815.558 32822.2 4177.79 175.747 10323.6
internal_count=184632 73746 110886 55532 52779 20967 55354 22661 25550 33258 29804 32871 19521 15351 14460 14913 19073 6507 21063 21359 11377 7310 11512 14337 10188 536 19585 7022 174 10841
is_linear=0
shrinkage=0.05


Tree=8
num_leaves=31
num_cat=0
split_feature=10 10 10 10 10 10 25 21 19 10 10 21 9 19 25 20 20 16 2 10 19 9 28 4 29 9 8 29 11 25
split_gain=48387.3 8021.12 6810.73 1248.66 1016.62 908.255 670.636 310.68 303.748 272.439 223.934 192.53 192.187 172.875 166.196 156.313 144.723 141.996 123.012 117.26 113.051 110.307 102.027 99.9479 88.1999 84.3414 84.3392 80.2599 85.7215 77.8831
threshold=0.19438436378624571 1.2411303791053123 -0.57868579892585059 -1.0961682913078896 0.74771820775116804 1.9448443174251431 -0.31653510636357646 -0.81498480336961909 -0.29414938578127703 -0.15113186187283953 -0.090338834058591624 1.7119750721198996 -1.622272242245699 1.8658701694640019 -0.66832565675525868 -1.598815827871473 -0.19067491056637112 2.6275139458723307 -0.24436083463640076 0.44837023738664 -0.03627279827188392 -1.622272242245699 3.1315240060345997 -0.94806231575565736 -1.0087117598110702 -1.6747553987675772 1.6839666064457255 1.8573506986305721 -1.0448460332444316 -0.73523796002768604
decision_type=2 2 2 2 2 2 2 2 2 2 2 2 2 2 2 2 2 2 2 2 2 2 2 2 2 2 2 2 2 2
left_child=2 4 3 7 8 13 9 15 -2 26 16 20 -5 -3 -14 -1 -8 -7 24 -10 -6 -17 25 -23 -16 -9 29 28 -18 -4
right_child=1 5 6 12 11 17 10 22 19 -11 -12 -13 14 -15 18 21 27 -19 -20 -21 -22 23 -24 -25 -26 -27 -28 -29 -30 -31
leaf_value=-0.063650769020486497 0.0087259068898249623 0.034522101939126353 -0.016020730156357726 -0.0012967104287286153 0.020567940854426432 0.042967832413608333 -0.008502819412303679 -0.0062155885014248098 0.015576140949658228 7.9631347835024774e-06 0.0089646388193370032 0.03495517408897994 -0.027116134325915742 0.040959639017880953 -0.002475122833695196 -0.021094383024471943 0.02241748439650413 0.047625010557251046 -0.009918368744567703 0.02100709117994444 0.027262582750422693 -0.05262871133295758 0.035052503431232333 -0.039527019348438386 -0.022610120397363286 -0.033644516942879198 0.01596663316658704 0.024843951359435151 0.0014375322796409886 -0.0083523321130398506
leaf_weight=1181.6902007758617 9638.0070450156927 38345.000003352761 5634.5938478186727 1186.2359091341496 8145.8792518004775 36169.502165496349 3467.3542577624321 295.29175963997841 17810.321592822671 9550.5210432559252 15422.064813479781 6743.1820541620255 9002.0072464048862 14324.649208009243 583.13346131145954 491.60001819580793 507.56791725754738 29894.869735181332 3306.164772182703 22488.257524088025 27920.937253683805 2775.0518962666392 56.865707963705063 3061.645543708466 8080.1408482864499 5506.0393310412765 285.01440933346748 407.45667725801468 11944.409480765462 8029.6705057471991
leaf_count=2686 7956 11870 7440 1217 4795 5087 4057 332 12262 9549 12657 2029 13884 2590 612 699 280 1420 3962 13040 12697 5696 17 5482 11734 9211 194 205 11601 9371
internal_value=0.0194576 0.0325644 -0.0110777 -0.0281571 0.0215467 0.0411706 -9.5339e-05 -0.0402254 0.0166998 -0.00649835 0.00464403 0.0272004 -0.0208761 0.0362729 -0.0219836 -0.0469575 0.000562843 0.0450753 -0.0181235 0.0186068 0.0257506 -0.0438404 -0.0315951 -0.0457562 -0.0212548 -0.0322484 -0.010953 0.00300726 0.00229272 -0.0115145
internal_weight=302255 211481 90774.5 35525.9 92746.6 118734 55248.7 13368.2 49936.6 23499.8 31748.9 42810 22157.7 52669.6 20971.4 7509.99 16326.8 66064.4 11969.4 40298.6 36066.8 6328.3 5858.2 5836.7 8663.27 5801.33 13949.3 12859.4 12452 13664.3
internal_count=184632 73746 110886 55532 52779 20967 55354 24123 33258 26554 28800 19521 31409 14460 30192 14563 16143 6507 16308 25302 17492 11877 9560 11178 12346 9543 17005 12086 11881 16811
is_linear=0
shrinkage=0.05


Tree=9
num_leaves=31
num_cat=0
split_feature=10 10 10 10 10 10 10 20 25 10 19 21 29 20 16 19 8 25 25 2 3 28 11 29 4 9 25 25 21 24
split_gain=45642.9 7198.38 6591.43 1027.57 928.862 809.222 772.816 352.168 259.525 218.245 202.703 196.134 186.003 176.198 147.15 123.846 117.974 124.217 114.426 95.8614 95.6683 95.036 89.2622 90.8346 86.1354 83.1971 82.1209 80.6661 80.1307 77.3204
threshold=0.25755990328840295 1.2411303791053123 -0.57868579892585059 -1.1748186111597303 1.9448443174251431 0.77669774340702913 -0.12053844868383266 -0.039618148921874721 -0.024815058595715579 -1.7152065197082187 0.18274785645922745 -0.52743274661487938 -2.7037185081695623 1.3200222596003404 2.6275139458723307 -0.03627279827188392 1.6314830922590604 -1.3570900734041953 -0.18809424580272166 -0.5144965978173961 -0.32657681491256735 2.082179105755694 -1.0448460332444316 1.8573506986305721 0.17313716710295343 -1.6747553987675772 -0.65922808869130789 -0.87599596521435463 -0.7081951600904689 -1.8713447490595676
decision_type=2 2 2 2 2 2 2 2 2 2 2 2 2 2 2 2 2 2 2 2 2 2 2 2 2 2 2 2 2 2
left_child=2 5 3 9 13 8 7 28 -2 -1 27 20 -7 -3 -6 -14 17 -11 24 -13 29 22 -20 -24 -9 -22 -21 -8 -4 -5
right_child=1 4 6 11 14 12 10 18 -10 16 -12 19 15 -15 -16 -17 -18 -19 21 26 25 -23 23 -25 -26 -27 -28 -29 -30 -31
leaf_value=-0.05127717663568189 0.011689286843020509 0.03331841079457535 -0.01513309124944155 0.015651381412665994 0.042659089949416966 0.040743188033815658 -0.0061593286567578499 -0.010765675182801537 0.019701232864415108 -0.04687463601870611 0.010596972979473167 -0.019779449399953537 0.020223956703831886 0.039309210377189874 0.047509164981796692 0.027474490318605008 -0.014744809050152 -0.032790337030335043 0.026838885365274342 -0.020129462929234083 0.0026302392972779053 0.022233085657029035 0.0004244069121332821 0.027115084402318131 0.0012454165460943521 -0.028399189245605239 -0.0070729760743711602 0.0039657622307529465 -0.0075003800447961989 -0.019372067514387074
leaf_weight=2526.2355106491596 14948.821174509823 30042.101755842566 5493.3673995658755 165.94553866237402 34648.292616635561 2279.4024731516838 2304.1585955321789 3061.7614223510027 31209.19064861536 2083.620732922107 15064.832450091839 7296.5608713030815 7361.6228306293488 20751.50736618042 28504.497227728367 29453.273621559143 687.31378931552172 6295.4206801354885 362.6768454015255 1741.7786299660802 221.66039803624153 660.85845103859901 7941.4077662825584 332.09648454189301 2912.5466763824224 8494.3480475796387 3902.8979279845953 13448.685802489519 9192.9827176630497 3128.0601540505886
leaf_count=5117 11454 10023 7156 114 5087 422 2588 3721 18912 4037 11872 10183 4384 4437 1420 13269 890 10424 168 2443 210 367 7874 152 2840 13319 4455 12382 10572 4340
internal_value=0.0188666 0.0325782 -0.009199 -0.02598 0.0407996 0.0215896 0.000891294 -0.00482731 0.0171065 -0.0382805 0.00645032 -0.020265 0.0268828 0.0357659 0.0448482 0.0260247 -0.0346592 -0.0362927 0.00048898 -0.0159945 -0.0248667 0.00395846 0.00256005 0.00149576 -0.00491012 -0.0276101 -0.0111018 0.00248477 -0.0103554 -0.0176077
internal_weight=296518 199199 97319.2 36543.8 113946 85252.3 60775.4 29957.7 46158 11592.6 30817.7 24951.3 39094.3 50793.6 63152.8 36814.9 9066.36 8379.04 15271.3 12941.2 12010 9297.04 8636.18 8273.5 5974.31 8716.01 5644.68 15752.8 14686.4 3294.01
internal_count=184632 69408 115224 55532 20967 48441 59692 32850 30366 20468 26842 35064 18075 14460 6507 17653 15351 14461 15122 17081 17983 8561 8194 8026 6561 13529 6898 14970 17728 4454
is_linear=0
shrinkage=0.05


Tree=10
num_leaves=31
num_cat=0
split_feature=10 10 10 10 10 10 10 20 19 20 21 29 20 20 9 19 10 9 4 30 25 28 16 2 20 9 29 8 21 30
split_gain=43097.1 6801.37 6070.03 1169.43 771.319 738.943 695.978 294.109 280.284 220.391 204.206 193.94 193.077 181.659 118.418 118.004 106.738 94.5506 94.3175 103.362 87.6498 89.6687 82.4044 74.5845 80.1527 73.5393 70.3662 74.4267 69.4448 82.4834
threshold=0.35602246401951815 -0.46347590960506024 1.3446953498218723 -0.99601478733967208 0.86908474058972318 2.1590284964731041 -0.0097439696883502586 -0.097698918907334439 -1.0721183389806079 0.12006129925249222 -0.13127236588252697 -2.7037185081695623 -0.36628758504329412 1.2950060810148358 -1.6747553987675772 0.022291665684648264 -1.890871759922949 -1.6747553987675772 -0.96224146490552842 -0.48869242270134178 -0.16834133468089943 1.5383769224316859 2.6275139458723307 -0.5144965978173961 0.28352941525145464 -1.622272242245699 -1.3087806087892615 1.2116149787657384 -1.0113282552268306 -1.0000000180025095e-35
decision_type=2 2 2 2 2 2 2 2 2 2 2 2 2 2 2 2 2 2 2 2 2 2 2 2 2 2 2 2 2 2
left_child=1 3 4 8 9 13 7 -3 16 -2 -8 -6 -5 -4 -14 -13 -1 -10 -19 -20 -9 26 -7 24 -16 -18 27 -22 -21 -30
right_child=2 6 5 12 11 22 10 20 17 -11 -12 15 14 -15 23 -17 25 18 19 28 21 -23 -24 -25 -26 -27 -28 -29 29 -31
leaf_value=-0.054405366323540184 0.013573594827996367 -0.0071577202273648407 0.034361874472317915 -0.020244757305245525 0.041258222892961841 0.043311590557725245 0.0032643615429207395 -0.001968710392993935 -0.0057209884181928135 0.020960672138013434 0.011862172108289911 0.021351237220964287 0.0088936905810470014 0.040249403690525272 -0.02026732626114066 0.028573745268609615 -0.013705815168289901 -0.033081965720230248 -0.027949759097761324 -0.047108854149880627 0.0034402605461814778 0.01991771994136797 0.047437890229895335 -0.0090793692367526803 -0.0089326441082638233 -0.03864791510988555 0.002155768025563862 0.024994912126587578 0.0021674976305809308 -0.021256823805738984
leaf_weight=1082.3198455553502 15437.976848907769 13585.216428361833 29034.809763655066 11316.858798973262 2608.1653342843056 22292.295483380556 10440.640505589545 6742.5186631307006 495.32502579689026 29184.559801533818 20399.693509593606 7068.3680791854858 673.86248940229416 23875.462891578674 4468.6487552076578 28290.058507606387 313.15822598338127 4998.0762548446655 4070.5706296190619 137.47459070384502 856.96355974674225 950.72580689191818 26462.566571116447 7417.9871158748865 2395.9556224793196 5248.2903794143349 8951.9672981053591 751.84698787331581 724.40282927453518 780.97783616185188
leaf_count=2260 11247 15530 9081 15899 456 2982 9759 7008 552 16950 15560 4050 554 4656 6280 12123 399 8305 6346 267 798 572 1356 8765 2824 9305 8566 376 693 1113
internal_value=0.0182826 -0.00698831 0.0329309 -0.0220267 0.022862 0.0411105 0.00359812 -0.00158729 -0.031902 0.018405 0.00895148 0.0281005 -0.0153172 0.0370186 -0.0115888 0.0271299 -0.0400393 -0.027078 -0.0280656 -0.0236773 0.0025584 0.00521002 0.0455512 -0.0125552 -0.0163112 -0.0372435 0.00388597 0.0135134 -0.0130914 -0.00998483
internal_weight=291058 106803 184254 44123.9 82589.1 101665 62679.6 31839.2 17850.6 44622.5 30840.3 37966.6 26273.3 52910.3 14956.5 35358.4 6643.77 11206.8 10711.5 5713.43 18254 11511.5 48754.9 14282.6 6864.6 5561.45 10560.8 1608.81 1642.86 1505.38
internal_count=184632 121731 62901 63562 44826 18075 58169 32850 29240 28197 25319 16629 34322 13737 18423 16173 11964 17276 16724 8419 17320 10312 4338 17869 9104 9704 9740 1174 2073 1806
is_linear=0
shrinkage=0.05


Tree=11
num_leaves=31
num_cat=0
split_feature=10 10 10 10 10 10 10 20 10 20 25 29 20 20 19 25 8 25 16 8 19 19 25 4 29 9 16 29 8 21
split_gain=40756 6408.85 5585.08 991.82 756.594 745.554 650.323 275.879 275.621 203.603 201.401 187.87 183.909 158.705 106.148 102.881 96.4961 91.1181 85.449 83.7517 82.0527 79.0596 78.8082 73.4163 67.3143 66.2477 63.7439 62.7992 62.7298 61.5754
threshold=0.40223601404857129 -0.46347590960506024 1.3446953498218723 -0.93066023478392867 2.1590284964731041 0.030408887629788873 0.90213949298935359 -0.019969029879432169 -1.3926879839825539 0.14018408690267334 -0.27472882187927555 -2.7037185081695623 1.3445861864761641 -0.30151850020585819 0.060414484992710717 -1.0715220842657185 1.6839666064457255 -1.8058256656575915 2.6275139458723307 1.6314830922590604 0.17601838500223188 0.18274785645922745 -0.72568946412155133 -0.14065545979882377 0.8814786719323614 -1.622272242245699 1.5574997139450388 -0.86402295690576436 1.6314830922590604 -0.91515916394968355
decision_type=2 2 2 2 2 2 2 2 2 2 2 2 2 2 2 2 2 2 2 2 2 2 2 2 2 2 2 2 2 2
left_child=1 3 6 8 12 7 9 22 17 29 -7 -8 26 23 -13 19 27 -1 -6 -10 28 -22 -3 -5 25 -19 -4 -15 -9 -2
right_child=2 5 4 13 18 10 11 20 15 -11 -12 14 -14 16 -16 -17 -18 24 -20 -21 21 -23 -24 -25 -26 -27 -28 -29 -30 -31
leaf_value=-0.051529286134070422 0.004060539588803932 -0.010790151981697103 0.031363233798246397 -0.021565602328500161 0.04301553994528319 0.0033991432474509151 0.041221027083246174 -0.0023018831075522178 -0.032457613136401449 0.02113021481124093 0.012182933873722839 0.021230112871516875 0.039945385873334405 -0.001809374644372426 0.028310583249188621 -0.02139998287726411 0.0099933313017935201 -0.017688725497943193 0.047313420193387828 -0.0010538623498924681 0.036195090466409736 0.0052308359980868038 -0.0033742678781538723 -0.0134367506813382 -0.0025897056032888736 -0.036635117386841325 0.036082569838843941 -0.012138591682430561 0.014745654129088013 0.014934145809772762
leaf_weight=867.72992634773254 1441.0269371196628 5303.4906085878611 13366.052722305059 6146.1091053858399 21347.39105618 9271.2887713164091 2437.6427928805351 6853.4817240834236 3980.2267790241167 27650.015223637223 22037.669379889965 6706.665171906352 22223.627630770206 1708.1850648745894 25118.241142898798 9576.3328304588795 589.90165418386459 502.2993081137538 25236.547999620438 224.27294337749481 210.07018378376961 11033.263873144984 11039.964081004262 5068.0401576906443 163.53010372817516 5663.407804556191 15397.957644224167 10619.809401616454 585.74338892102242 13491.757461905479
leaf_count=1762 1324 6448 4982 8797 2982 8641 428 7169 6564 15965 16668 3859 4469 1770 10896 13675 472 680 1356 229 58 9879 11785 6430 172 9813 4286 13198 413 9462
internal_value=0.0177061 -0.00591243 0.0327973 -0.0204525 0.0407376 0.00397526 0.0227153 -0.00103635 -0.0284043 0.0185894 0.00958186 0.0278432 0.0365291 -0.01354 0.0268185 -0.0242626 -0.00976205 -0.036335 0.0453439 -0.0307825 0.00311403 0.00580937 -0.00578074 -0.0178919 -0.0342519 -0.0350916 0.0338896 -0.0107074 -0.000959609 0.0138848
internal_weight=285862 111445 174417 45109.8 97571.6 66335 76845.3 35026 20977.8 42582.8 31309 34262.5 50987.6 24132 31824.9 13780.8 12917.9 7196.97 46583.9 4204.5 18682.6 11243.3 16343.5 11214.1 6329.24 6165.71 28764 12328 7439.23 14932.8
internal_count=184632 124623 60009 63562 18075 61061 41934 35752 32895 26751 25309 15183 13737 30667 14755 20468 15440 12427 4338 6793 17519 9937 18233 15227 10665 10493 9268 14968 7582 10786
is_linear=0
shrinkage=0.05


Tree=12
num_leaves=31
num_cat=0
split_feature=10 10 10 10 10 16 10 19 25 19 21 20 25 20 29 32 29 18 9 9 20 29 20 25 20 20 3 28 9 16
split_gain=38515.8 6077.77 5122.8 944.536 697.403 683.869 636.55 234.984 222.439 220.466 203.167 168.617 166.082 140.096 97.1589 94.2851 90.1213 85.7097 85.4984 89.4872 110.483 81.8525 79.444 77.0437 75.0289 73.4774 75.5318 70.9445 69.1295 65.3247
threshold=0.44837023738664 -0.42160312316156295 1.3995342012442087 -0.93066023478392867 0.030408887629788873 2.1255147836909312 0.90213949298935359 -1.0721183389806079 -0.34935007166783894 -0.30332465514483459 1.286324116991227 0.14018408690267334 -0.6066103179758181 1.5198670040293158 -0.86402295690576436 -2.1318435543125287 -3.012356386587963 -0.9866430488196577 -1.6747553987675772 -0.7825417378956443 -0.38533369067005668 -1.0087117598110702 -0.89970144047360501 -0.10013049172889923 0.71740828421630398 0.66563874203076689 -0.14852166004806197 2.9454540590832092 -1.6747553987675772 1.5574997139450388
decision_type=2 2 2 2 2 2 2 2 2 2 2 2 2 2 2 2 2 2 2 2 2 2 2 2 2 2 2 2 2 2
left_child=1 3 6 7 8 13 11 17 -3 -6 22 -2 28 29 -14 -7 -12 -1 -9 20 -20 -22 -8 -11 -10 26 -16 -21 -5 -4
right_child=2 4 5 12 9 15 10 18 24 23 16 -13 14 -15 25 -17 -18 -19 19 27 21 -23 -24 -25 -26 -27 -28 -29 -30 -31
leaf_value=-0.037658593244191317 0.013929312024544761 -0.0054091364976657126 0.031464487534834065 0.0090468704074367304 0.0026097296281771161 0.047148123643440676 0.016838471614167596 -0.0035175874872585122 0.0010325814387236599 0.0074236103319158019 0.042565345947664042 0.020923320412214026 0.00089621272041262405 0.039945660077484603 -0.0066423946321158139 0.042497847655324821 0.031142832586777459 -0.026899129108079747 -0.035031180134243854 -0.019721883689580208 0.0079344268151212514 -0.023647083486295236 0.026171112737065107 0.013525181431928879 0.008022179544517857 0.00092836270561705541 -0.014632809998425721 0.025514376733599728 -0.017536465569437592 0.036339795893708102
leaf_weight=4512.9631380317733 13276.708232477307 13457.166943430901 12133.46545766294 250.28612239658833 8375.1368565708399 25281.600950241089 2524.0091155767441 578.31455877423286 13727.495134413242 7033.2407764643431 2138.6334620118141 24557.480785965919 2170.9119792953134 17335.79741859436 4732.3211147114635 19161.167763620615 8967.4125826060772 3137.8768892139196 2720.1786426007748 6715.2517241686583 217.51753970980644 3613.1777043193579 23616.293694444001 19566.923928558826 5330.1957459896803 1281.7994984686375 7886.0875790864229 87.806627631187439 10688.299925997853 15841.637428671122
leaf_count=7912 9578 14913 4498 205 7938 1442 1674 619 13444 5989 318 14281 2132 3486 5361 2875 3382 4826 4626 9364 183 5322 11255 14274 4475 1258 10194 43 14437 4328
internal_value=0.0171376 -0.00492409 0.0326744 -0.0184073 0.00478378 0.0407363 0.023037 -0.0262055 -0.000487688 0.00968441 0.027677 0.018469 -0.0121758 0.0364139 -0.00894113 0.0451432 0.0333424 -0.0332458 -0.0223394 -0.0231545 -0.0273256 -0.0218538 0.02527 0.0119119 0.00298748 -0.0104775 -0.0116361 -0.019138 -0.0169282 0.0342253
internal_weight=280917 116083 164834 48592.8 67490.2 89753.7 75080.5 21583.1 32514.9 34975.3 37246.3 37834.2 27009.7 45310.9 16071.1 44442.8 11106 7650.84 13932.2 13353.9 6550.87 3830.7 26140.3 26600.2 19057.7 13900.2 12618.4 6803.06 10938.6 27975.1
internal_count=184632 127515 57117 66482 61033 16629 40488 32895 32832 28201 16629 23859 33587 12312 18945 4317 3700 12738 20157 19538 10131 5505 12929 20263 17919 16813 15555 9407 14642 8826
is_linear=0
shrinkage=0.05


Tree=13
num_leaves=31
num_cat=0
split_feature=10 10 10 10 10 10 10 21 20 19 21 20 20 21 20 5 9 16 29 9 4 2 5 20 9 25 19 25 24 9
split_gain=36402.5 5379.55 5103 805.705 699.61 638.558 616.804 230.019 207.75 203.999 200.321 165.588 160.754 143.579 106.799 98.2858 97.1604 91.7542 90.7452 87.1802 84.1702 81.7702 79.6221 76.9013 75.7559 71.9258 71.2963 62.2028 60.7269 58.6308
threshold=0.44837023738664 -0.42160312316156295 1.3995342012442087 -0.89258887600725401 2.1590284964731041 0.030408887629788873 0.90213949298935359 -0.81498480336961909 -0.10718424448721217 -0.30332465514483459 1.286324116991227 1.4869329112117013 0.14018408690267334 0.14429510848576088 -0.62788350738544441 -1.0000000180025095e-35 -1.622272242245699 2.6275139458723307 -3.012356386587963 -1.622272242245699 -0.10082503325137634 -1.1707687894592795 0.35993122193886878 -0.89970144047360501 -1.6747553987675772 -0.10013049172889923 0.17601838500223188 -1.8058256656575915 -0.90000119665181644 -1.622272242245699
decision_type=2 2 2 2 2 2 2 2 2 2 2 2 2 2 2 2 2 2 2 2 2 2 2 2 2 2 2 2 2 2
left_child=1 3 6 7 11 8 12 14 28 -7 23 -4 -2 16 19 29 -5 -6 -12 -1 -18 27 -17 -8 -10 -11 -26 -21 -3 -9
right_child=2 5 4 13 17 9 10 15 24 25 18 -13 -14 -15 -16 22 20 -19 -20 21 -22 -23 -24 -25 26 -27 -28 -29 -30 -31
leaf_value=-0.010064914646450098 0.013423356530796824 -0.01012389348804041 0.033375677605801041 0.0037725184174245961 0.04239506898509883 0.0024858923053881188 0.016275354423871388 -0.0065254351069795619 0.019127066684529962 0.0071063636992863503 0.042242055538565484 0.039664857115082025 0.020308530439841106 -0.0038267307049074948 -0.021019063686863029 -0.0083005259054839652 -0.016515759186209331 0.047050960619168386 0.030546326775210804 -0.057094006985016002 -0.0098617437296873688 -0.029328648445303918 -0.019353446574172921 0.025539252076411962 -0.0013604951238388738 0.013028501614925667 0.0049704252715699207 -0.036602747068152745 -0.0029202372599799954 -0.025721543943574912
leaf_weight=442.85420414060354 13093.054873242974 4262.032697789371 26106.327184736729 831.75632072985172 19605.700534135103 8353.3085071146488 2481.8644810914993 434.31775280833244 694.78334975242615 6981.2220608890057 2049.5119758844376 17469.521433353424 24048.994907930493 5460.1124094575644 3247.015490591526 2705.8074953407049 11145.47904304415 22990.537197351456 8692.4457896351814 444.00243603438139 8285.7593025639653 5445.069444341585 4095.6868608221412 23006.246629297733 7680.0272011682391 19304.059372767806 10564.16816829145 2232.6081630662084 9330.0791057944298 4727.8486584052444
leaf_count=532 9578 5125 8680 769 2982 7938 1674 491 429 5989 318 3611 14281 5878 4612 3155 14827 1356 3382 951 9920 8639 5681 11255 7889 14274 9514 3867 9875 7160
internal_value=0.0165779 -0.00464866 0.0320999 -0.0171558 0.0403513 0.00456804 0.0224091 -0.0237911 -0.000462495 0.00929251 0.0270508 0.035897 0.0178814 -0.011023 -0.0287407 -0.0189045 -0.0129621 0.044908 0.0327778 -0.0316682 -0.0136784 -0.0328462 -0.0149563 0.0246372 0.00292249 0.0114556 0.00230538 -0.0400019 -0.00517906 -0.0241065
internal_weight=276212 116668 159544 49498.3 86172.1 67169.7 73372.1 23775.2 32531.1 34638.6 36230.1 43575.8 37142 25723.1 11811.5 11963.7 20263 42596.2 10742 8564.53 19431.2 8121.68 6801.49 25488.1 18939 26285.3 18244.2 2676.61 13592.1 5162.17
internal_count=184632 127515 57117 66482 16629 61033 40488 35088 32832 28201 16629 12291 23859 31394 18601 16487 25516 4338 3700 13989 24747 13457 8836 12929 17832 20263 17403 4818 15000 7651
is_linear=0
shrinkage=0.05


Tree=14
num_leaves=31
num_cat=0
split_feature=10 10 10 10 10 10 10 19 20 10 21 20 21 20 19 9 29 3 9 5 5 9 30 16 29 19 2 20 21 10
split_gain=34442.8 5521.43 4271.78 753.583 710.837 632.688 490.736 225.21 209.627 198.542 181.096 163.818 144.276 113.583 98.5235 96.4926 78.6603 78.3572 77.9965 80.5469 96.8787 76.8635 75.2409 73.7231 71.8701 68.6918 67.8782 66.0955 64.0186 62.8795
threshold=0.54445342264726937 -0.39159854739665984 1.5541279312365825 -0.89258887600725401 0.14290570843258962 0.97118871682321395 2.2469083887921717 -0.073319628390765779 1.6336591796466455 -1.3926879839825539 0.39685678334281904 1.0443027023190434 0.14429510848576088 1.2950060810148358 0.022291665684648264 -1.622272242245699 -3.012356386587963 -0.15554822681840857 -1.6747553987675772 1.0000000180025095e-35 1.0731953774504845 -1.3598564596363067 -0.53078032167124256 2.9113238709620717 -3.4176241146047577 -0.049314873343987271 0.27203539355597034 -0.61710781718382357 0.67516818035819459 -1.9736261511521322
decision_type=2 2 2 2 2 2 2 2 2 2 2 2 2 2 2 2 2 2 2 2 2 2 2 2 2 2 2 2 2 2
left_child=1 3 5 9 7 11 13 22 14 29 -6 25 15 -4 -7 -5 -13 -17 -11 -20 27 -9 -3 -8 -10 -2 28 -21 -23 -1
right_child=2 4 6 12 10 8 23 21 24 18 -12 16 -14 -15 -16 17 -18 -19 19 20 -22 26 -24 -25 -26 -27 -28 -29 -30 -31
leaf_value=-0.038937100148245682 0.012676612870884283 -0.0061515287138301476 0.03421897853607047 0.004207033581069137 0.0075402939285956101 0.020464401587200618 0.04320916524746185 0.011345857961494905 0.045229510418976188 -0.00063099692993271524 0.014913680596638987 0.040268020419309783 -0.0032228687551960709 0.039851509788380708 0.027635886127864093 -0.0088559926405284393 0.022823388748380722 -0.015094077060925627 -0.023858304146524477 -0.019256151271358601 -0.024094372197511649 -0.0020576099725420484 0.00018811779998238962 0.047732314493907045 0.03293789888002379 0.018491892736213836 0.0077361532990323726 -0.0089492148743801295 0.0055751261876227851 -0.026646837797525632
leaf_weight=1232.8938076049089 7723.0396952927113 8971.2606506571174 18785.222484380007 889.87465074658394 17566.066009186208 5955.5251874253154 21425.937292963266 3611.5146493017673 1393.9869096279144 562.89628323912621 15833.80672866106 688.45191895961761 6098.8820650726557 17096.139047920704 24454.355899363756 8380.6249456256628 10531.114313006401 12606.369688861072 6480.6524526327848 2632.9791175816208 2962.4382182359695 6693.5458659976721 9784.813959941268 15544.483455240726 8096.8925852477551 14827.929714217782 5767.3406246453524 3800.7291605323553 4659.5517825186253 6676.0745098888874
leaf_count=2193 5765 10075 5929 815 14917 3518 2910 2792 133 570 11111 134 6492 3470 10938 9865 5724 16412 9573 3647 4390 6969 9748 705 2763 9344 4875 4481 4140 10234
internal_value=0.0160272 -0.00322919 0.032483 -0.0156214 0.00566685 0.0239933 0.0410682 0.00112569 0.0282561 -0.0220532 0.0110358 0.0189567 -0.0100234 0.0369027 0.0262314 -0.0119193 0.0238938 -0.0126031 -0.0189216 -0.0195701 -0.0166124 0.00471724 -0.00284421 0.045111 0.0347432 0.0165003 0.00331895 -0.0131673 0.00107503 -0.0285627
internal_weight=271735 125212 146523 52324.4 72887.9 73671.3 72851.8 39488 39900.8 24348.7 33399.9 33770.5 27975.8 35881.4 30409.9 21876.9 11219.6 20987 16439.7 15876.8 9396.15 20732 18756.1 36970.4 9490.88 22551 17120.4 6433.71 11353.1 7908.97
internal_count=184632 133299 51333 68672 64627 38319 13014 38599 17352 35088 26028 20967 33584 9399 14456 27092 5858 26277 22661 22091 12518 18776 19823 3615 2896 15109 15984 8128 11109 12427
is_linear=0
shrinkage=0.05


Tree=15
num_leaves=31
num_cat=0
split_feature=10 10 10 10 10 10 10 20 20 21 20 21 25 20 23 29 1 29 29 19 8 9 25 5 20 20 2 28 16 25
split_gain=32568.1 4914.86 4259.98 653.406 647.865 615.3 502.966 209.771 194.255 169.183 168.198 160.449 143.344 127.415 109.165 101.859 91.0661 87.7042 86.1615 73.4619 71.9019 71.6838 78.9797 66.3999 65.7229 61.5343 66.922 58.0985 56.7539 56.5486
threshold=0.54445342264726937 -0.39159854739665984 1.5541279312365825 0.14290570843258962 -0.9178653887414262 1.0080316547934558 2.3511182737617973 0.53495698532481051 1.1213060387447407 0.39685678334281904 1.0443027023190434 -0.81498480336961909 -0.6066103179758181 1.4257918542261392 -0.51899568942883378 -3.012356386587963 -0.48754451950330263 -2.7037185081695623 -0.86402295690576436 -0.21893911296582114 1.6314830922590604 -1.6747553987675772 -1.8058256656575915 -1.0000000180025095e-35 -0.70516169107166604 0.66563874203076689 -0.14135448679262647 2.8199283323520068 2.9113238709620717 -0.72568946412155133
decision_type=2 2 2 2 2 2 2 2 2 2 2 2 2 2 2 2 2 2 2 2 2 2 2 2 2 2 2 2 2 2
left_child=1 4 5 7 11 10 13 14 24 29 19 16 -6 -4 -3 -10 -1 -12 -14 -2 -9 -18 -23 -13 -7 26 -20 -25 -8 -5
right_child=2 3 6 9 12 8 28 20 15 -11 17 23 18 -15 -16 -17 21 -19 25 -21 -22 22 -24 27 -26 -27 -28 -29 -30 -31
leaf_value=-0.012288666806271831 0.011646669742284796 -0.0051719787468276239 0.034251547107006529 0.00086419589674406768 -0.013923062714476251 0.018301088664855213 0.043389301485171256 0.0053872260083177347 0.042722448534890788 0.014386493038987348 0.038566750618206275 -0.020845682486502162 0.0019798069991318395 0.040027502798879358 0.0012419149892246835 0.030747373455405243 -0.0046562470120084581 0.022341826727487003 -0.011408011157536046 0.017951031016249116 0.018520937116125659 -0.039401309891677637 -0.02550790880897116 -0.013852972189236437 0.026115612602810007 0.0015239392964002077 -0.0036632382064093159 0.022238316567262856 0.047649206054444032 0.0084949679600310798
leaf_weight=1305.2133603692055 6262.819901548326 10981.117838457227 21087.785679876804 2915.3893495351076 11723.468309469521 3146.7957681119442 16624.567044019699 10548.548277541995 2074.8736808896065 15599.418517425656 900.88126161694527 5070.1748836189508 2416.6916587650776 17447.986809432507 16758.246347092092 12317.799852281809 370.49744686484337 11038.328403502703 9881.4468732476234 17624.5919264853 1156.3241325616837 1149.312019303441 9301.0124496240169 6457.8043241426349 18560.24156794697 1474.9548317790031 3886.2731158137321 113.46574187278748 14760.970585584641 14518.721478015184
leaf_count=1626 4804 12117 6642 2865 14988 1995 2198 9412 302 11111 206 7184 2321 3480 16342 4743 405 6106 12136 11297 728 2055 14046 8247 8866 1430 4171 63 694 12052
internal_value=0.0154862 -0.00305303 0.0319056 0.00541598 -0.0146017 0.0233623 0.0406938 0.00107143 0.0279694 0.0106037 0.0187202 -0.0207395 -0.00963686 0.0368667 -0.00129714 0.0324737 -0.0247648 0.0235661 -0.00679139 0.0162981 0.00668471 -0.0262696 -0.0270359 -0.0165467 0.0249828 -0.00818205 -0.00922186 -0.0132298 0.0453928 0.00721893
internal_weight=267476 125628 141848 72477.8 53150.3 71926.3 69921.3 39444.2 36099.7 33033.5 35826.6 23767.5 29382.8 38535.8 27739.4 14392.7 12126 11939.2 17659.4 23887.4 11704.9 10820.8 10450.3 11641.4 21707 15242.7 13767.7 6571.27 31385.5 17434.1
internal_count=184632 133299 51333 64627 68672 38319 13014 38599 15906 26028 22413 33626 35046 10122 28459 5045 18132 6312 20058 16101 10140 16506 16101 15494 10861 17737 16307 8310 2892 14917
is_linear=0
shrinkage=0.05


Tree=16
num_leaves=31
num_cat=0
split_feature=10 10 10 10 10 10 10 21 20 20 21 20 20 20 9 25 20 29 16 4 5 29 11 4 29 20 4 2 4 20
split_gain=30785.2 4648.21 3970.3 665.766 571.127 525.236 514.604 177.96 176.296 171.201 167.411 162.43 155.646 128.963 98.3125 93.2008 92.6213 92.5554 83.8148 83.7622 83.5817 68.5381 85.1004 65.905 65.5279 59.8513 58.924 58.3697 57.8614 56.6698
threshold=0.58220331251216351 -0.32982268879803306 1.5541279312365825 -0.89258887600725401 0.16325274001847687 1.0472310424099154 2.3511182737617973 0.39685678334281904 1.1213060387447407 0.71740828421630398 0.14429510848576088 1.5572352193230794 -0.62788350738544441 1.2950060810148358 -1.622272242245699 -0.72568946412155133 -0.1725671072698621 -3.012356386587963 -1.3993917273802532 -0.10082503325137634 -1.0665970890843621 -1.6561564200354002 -0.65183642491365845 -0.10082503325137634 -4.3271377947710503 -0.67143189974613227 2.735867087057557 0.83488313667558756 -0.94806231575565736 -1.8385492631823444
decision_type=2 2 2 2 2 2 2 2 2 2 2 2 2 2 2 2 2 2 2 2 2 2 2 2 2 2 2 2 2 2
left_child=1 3 5 12 9 11 13 29 25 15 14 16 18 -4 -5 -3 -2 -10 -1 -16 -14 22 -12 -17 -13 -7 -8 -23 -22 -6
right_child=2 4 6 10 7 8 26 -9 17 -11 21 24 20 -15 19 23 -18 -19 -20 -21 28 27 -24 -25 -26 -27 -28 -29 -30 -31
leaf_value=-0.027635317309532559 0.013134926177005853 -0.0058169318773854672 0.033507209763130132 0.005334986433482479 -0.009164924170916881 0.018099022999720403 0.043007317196737407 0.014513016469731622 0.042426897628814637 0.0080634506566713265 0.041234781219788755 0.047407963631737479 -0.022994546146212092 0.039402017846156018 -0.013501145040906541 -0.0020055201837656939 0.019247072122540128 0.03045760211756748 -0.019506705820102912 -0.0075728808265829693 -0.017434272044189018 -0.0038662040334436834 0.00093863020057083173 0.0034911979363109512 0.025475060235263854 0.025846549511805119 0.047440622179156358 0.024136297466840966 -0.0096153324792231376 0.0077676395518977486
leaf_weight=5391.8759462404996 8825.426508128643 5643.4488496035337 19081.06485389173 976.15552932024002 508.74737728387117 2938.7814680337906 15301.709419056773 16367.973337352276 1888.2618210315704 8387.6715032160282 199.6527464389801 366.5072066783905 2595.3993822038174 18060.041697323322 13328.106120079756 8919.2454683110118 20820.781763315201 11165.467080175877 7699.9764768648893 10775.906831972301 4075.0792123526335 6728.7087812274694 381.1552769318223 14032.827578127384 4807.3512605428696 16426.224477805197 14691.070397853851 191.38791170716286 5642.0049339905381 17204.816223159432
leaf_count=8372 6507 6300 6294 872 602 1875 2140 11617 286 7035 35 19 3789 3828 16927 9277 12806 4364 10704 12408 5496 7249 374 13053 2358 7935 752 99 6727 14532
internal_value=0.0149552 -0.00248658 0.0317061 -0.0129917 0.00608511 0.0231182 0.0403074 0.0107544 0.0276981 0.00178215 -0.00826082 0.0188542 -0.0190591 0.0363736 -0.0102209 -6.02859e-05 0.0174275 0.032189 -0.0228545 -0.0108509 -0.0150234 -0.0017071 0.0147904 0.00135516 0.0270287 0.0246708 0.0451788 -0.00309174 -0.0128944 0.00728132
internal_weight=263423 129050 134373 57985.4 71064.7 67238.8 67133.9 34081.5 32418.7 36983.2 32581.1 34820.1 25404.3 37141.1 25080.2 28595.5 29646.2 13053.7 13091.9 24104 12312.5 7500.9 580.808 22952.1 5173.86 19365 29992.8 6920.1 9717.08 17713.6
internal_count=184632 135468 49164 73052 62416 36150 13014 26751 14460 35665 37964 21690 35088 10122 30207 28630 19313 4650 19076 29335 16012 7757 409 22330 2377 9810 2892 7348 12223 15134
is_linear=0
shrinkage=0.05


Tree=17
num_leaves=31
num_cat=0
split_feature=10 10 10 10 10 16 10 21 21 19 19 21 19 20 9 9 1 10 20 4 4 30 29 25 29 11 21 16 2 2
split_gain=29102.7 4654.01 3424.33 662.278 576.182 476.72 443.602 219.125 201.771 160.687 157.579 148.023 141.262 111.111 87.3182 83.4073 83.1995 83.1713 82.3891 73.1302 71.7934 71.4954 71.2735 64.2908 62.5713 81.4651 62.4347 61.3264 56.5662 53.6528
threshold=0.66181040066101116 -0.32982268879803306 1.6238401696848255 0.16325274001847687 -0.89258887600725401 1.0745479085503651 2.3511182737617973 1.5449339625391427 0.39685678334281904 -0.03627279827188392 -0.41946513427940862 0.14429510848576088 -0.96578973874996465 1.4257918542261392 -1.622272242245699 -1.622272242245699 1.2797768867823514 1.1509159433237499 1.5951428612005076 -0.10082503325137634 -0.96224146490552842 -0.50606818106545259 -3.012356386587963 -0.16834133468089943 -1.6561564200354002 -0.65183642491365845 -0.46077581072813867 2.9113238709620717 0.27203539355597034 0.83488313667558756
decision_type=2 2 2 2 2 2 2 2 2 2 2 2 2 2 2 2 2 2 2 2 2 2 2 2 2 2 2 2 2 2
left_child=1 4 5 10 12 9 13 17 26 -2 -3 14 -1 -4 -6 -12 -9 -7 -11 -16 -14 -22 -10 -17 25 -13 -5 -8 -25 -26
right_child=2 3 6 8 11 7 27 16 22 18 15 24 20 -15 19 23 -18 -19 -20 -21 21 -23 -24 28 29 -27 -28 -29 -30 -31
leaf_value=-0.022288074709107857 0.012600330951762665 -0.0033748432737349082 0.033648200541217872 0.0035515732935562381 0.0050960623743871586 0.021588673998972595 0.042783687997425976 0.032111198917909894 0.041298599046897387 0.019886432205443023 0.016254002929644358 0.040865794531224409 -0.018591298211590862 0.039571309825138012 -0.012649568432451637 -0.00013516189547585361 0.043567689287423404 0.027783457402866335 0.027258654420708919 -0.0071385350088167517 -0.014940910629373614 -0.0053480252843680492 0.014273356766836201 0.00333290676354941 -0.0036583483542603407 0.00089255800660543744 0.0094475826715026291 0.047417881794186718 0.010202693284817566 0.023504449474189601
leaf_weight=10327.42956854403 6775.4610318094492 10825.324522517622 17147.959814369678 6708.5157045647502 970.96162012219429 8440.2959562093019 15229.385864570737 6702.5173568129539 247.08664560317993 19710.384506434202 1278.6701739430428 191.58753362298012 6820.1071007996798 14709.421555012465 13509.27102843672 9274.9276626482606 2075.4594338536263 15132.867700874805 4691.8947529494762 10857.821259312332 5834.5347526520491 2911.5763235092163 19316.116417735815 11484.537881702185 6754.7736962288618 380.79768081009388 13577.48900103569 13438.579129338264 4054.2944564223289 186.82382076978683
leaf_count=14931 5068 11556 5608 6232 872 4796 2198 2398 43 11871 863 35 9356 3068 16927 9300 267 6724 2134 12408 7578 3223 13802 10719 7249 374 11012 694 3227 99
internal_value=0.0144346 -0.00158412 0.0319329 0.00652166 -0.0121765 0.0238245 0.0404437 0.0280765 0.0109917 0.0194125 0.00169668 -0.00778028 -0.0177541 0.0363831 -0.00960797 0.00380078 0.03482 0.0255654 0.0213039 -0.0101939 -0.014746 -0.0117474 0.0146147 0.00315905 -0.0016171 0.0142723 0.00749779 0.044956 0.00512533 -0.0029273
internal_weight=259567 135513 124054 76767 58745.7 63528.9 60525.3 32351.1 39849.2 31177.7 36917.8 32852 25893.6 31857.4 25338.1 26092.4 8777.98 23573.2 24402.3 24367.1 15566.2 8746.11 19563.2 24813.8 7513.98 572.385 20286 28668 15538.8 6941.6
internal_count=184632 139806 44826 66754 73052 33258 11568 14185 31089 19073 35665 37964 35088 8676 30207 24109 2665 11520 14005 29335 20157 10801 13845 23246 7757 409 17244 2892 13946 7348
is_linear=0
shrinkage=0.05


Tree=18
num_leaves=31
num_cat=0
split_feature=10 10 10 10 10 10 16 21 19 21 19 25 19 20 1 10 29 5 20 20 11 29 4 20 4 9 24 20 21 30
split_gain=27518.3 4425.78 3157.58 593.397 582.3 453.332 408.208 212.342 168.452 166.89 152.733 150.477 138.476 112.296 83.6096 75.3392 74.5037 72.8344 72.1743 70.8036 70.5895 70.5051 66.646 64.4077 63.5882 60.6728 59.5408 113.253 73.2014 65.9342
threshold=0.70364482715743237 -0.28053468071315107 1.6238401696848255 0.22604168984161918 -0.82162577980434215 2.3511182737617973 1.0745479085503651 1.5449339625391427 -0.29414938578127703 -0.13127236588252697 -1.0721183389806079 -0.46948533306392076 -0.03627279827188392 1.2950060810148358 1.2797768867823514 1.1509159433237499 -0.91007477343393395 1.0000000180025095e-35 1.5951428612005076 0.65250245501458248 -1.0448460332444316 -3.012356386587963 -0.96224146490552842 1.2477420826834258 2.735867087057557 -1.622272242245699 -1.8713447490595676 -0.61710781718382357 -1.0113282552268306 -0.54712996153287075
decision_type=2 2 2 2 2 2 2 2 2 2 2 2 2 2 2 2 2 2 2 2 2 2 2 2 2 2 2 2 2 2
left_child=1 4 6 9 10 13 12 15 -5 -3 -1 -6 -2 -4 -9 -8 20 19 -14 -18 -13 -10 -12 -23 -7 -11 27 -24 -28 -30
right_child=2 3 5 8 11 24 7 14 21 25 22 16 18 -15 -16 -17 17 -19 -20 -21 -22 23 26 -25 -26 -27 28 -29 29 -31
leaf_value=-0.021076170176849249 0.012507864668397376 -0.001231614001884573 0.032889056149914796 0.0048447962905804609 -0.0099474960036998825 0.042371916017929015 0.021117710375862679 0.031569125889578109 0.039165491148180825 0.016605268582853331 -0.016930174544517115 0.039633725800573255 0.019652791951886558 0.038935549174565702 0.043300795964494626 0.027157550364777201 -0.010899680970667626 -0.0015745696665361989 0.026886374784901843 0.0039890691576851189 0.0025604119309958267 0.011715642658125401 -0.03492760490498404 0.017390044853537994 0.047189975620117702 0.0048317272156978633 -0.020864127872347107 0.039649652688465931 -0.013281493808621141 -0.0049297563809246065
leaf_weight=9879.5418784059584 6014.5947360023856 16200.934052221477 15530.995984449983 7643.6373154744506 15498.562275774777 14027.113594353199 7952.9705999195576 6461.9832550287247 258.4334951043129 1154.3737069666386 8236.9425074756145 135.05334359407425 17510.671791285276 15188.282073408365 1985.3104944825172 14718.211279138923 5339.9294506460428 8511.9469338357449 4294.0040313601494 938.90732425451279 2605.4189148247242 23254.928695559502 77.124510884284973 6370.7539354711771 13380.666759133339 21012.53692266345 1789.3397376611829 149.75342833995819 5775.7802156507969 3999.6536417752504
leaf_count=14044 4510 16600 5315 6903 18582 2140 4594 2382 56 771 11026 28 10628 3361 266 6724 6504 8780 1985 864 2472 17806 131 4155 752 18982 2536 31 7310 4394
internal_value=0.0139247 -0.00113137 0.0317806 0.00699816 -0.0109346 0.0400494 0.0236256 0.02756 0.0114685 0.00262569 -0.0159887 -0.00635817 0.0192246 0.0358786 0.0343263 0.0250388 -0.00318501 -0.00458805 0.0210773 -0.00867329 0.00438742 0.0131627 -0.0134792 0.0129359 0.0447241 0.00544485 -0.0110686 0.014298 -0.0115663 -0.00986435
internal_weight=255898 138834 117065 75895.6 62938 58127.1 58937.7 31118.5 37527.8 38367.8 29908.1 33029.8 27819.3 30719.3 8447.29 22671.2 17531.3 14790.8 21804.7 6278.84 2740.47 29884.1 20028.6 29625.7 27407.8 22166.9 11791.7 226.878 11564.8 9775.43
internal_count=184632 141975 42657 65273 76702 11568 31089 13966 28920 36353 39472 37230 17123 8676 2648 11318 18648 16148 12613 7368 2500 22017 25428 21961 2892 19753 14402 162 14240 11704
is_linear=0
shrinkage=0.05


Tree=19
num_leaves=31
num_cat=0
split_feature=10 10 10 10 10 10 10 29 25 19 19 20 25 20 19 21 25 30 29 2 5 16 9 23 4 29 20 22 8 2
split_gain=26011.6 4230.36 2918.84 605.198 516.787 494.33 302.99 175.929 172.764 168.724 158.875 147.099 136.534 104.801 99.4042 91.0541 84.8402 71.8257 70.8599 83.184 77.0154 69.02 65.6554 65.403 70.9305 89.281 63.9655 61.3259 60.3642 64.1459
threshold=0.74771820775116804 -0.22086819089303814 1.7819152345322962 -0.73006216273328628 0.25755990328840295 1.2411303791053123 2.4865809904371239 -2.7037185081695623 0.084705020301588177 -0.96578973874996465 1.8658701694640019 0.57364316930209414 -0.43911216551180071 -0.31970857084240017 -0.91120285928496481 -0.81498480336961909 1.8195866227388111 -0.35647696521123634 -1.6561564200354002 -0.81427786121395129 -1.0000000180025095e-35 -0.42268008394794238 -1.6747553987675772 1.2779972898151868 -0.10082503325137634 0.9007674075662353 1.5951428612005076 -0.42177412291414834 1.6839666064457255 -1.6157522521770717
decision_type=2 2 2 2 2 2 2 2 2 2 2 2 2 2 2 2 2 2 2 2 2 2 2 2 2 2 2 2 2 2
left_child=1 3 5 9 11 7 16 -2 -6 27 -7 17 22 -9 21 -16 -4 -3 19 -14 -20 -11 -5 24 -22 -26 -15 -1 29 -17
right_child=2 4 6 12 8 10 -8 13 -10 14 -12 -13 18 26 15 28 -18 -19 20 -21 23 -23 -24 -25 25 -27 -28 -29 -30 -31
leaf_value=-0.020964389563308754 0.036295441319717674 -0.0019377414890047199 0.034599860329113503 0.014343222473420401 0.0073363464892920137 0.027165309746789885 0.045168761619784392 0.013870034685450226 0.01430254283893697 -0.0030560052719238169 0.035768723017027958 0.007759191690805853 0.038366182990665097 0.019712587400831989 -0.018444493529629721 -0.020038314057808482 0.04041081484637863 0.0035236564316446384 -0.0067377682041714071 0.0037177627204491651 -0.0044624876384422576 0.02924476884223284 -0.0087552684048564765 0.020922824096099663 0.0020493294356747236 0.02801609126193266 0.026143157188308591 -0.012822797091255618 0.0044274235506320016 -0.010175812845070943
leaf_weight=9389.216256506741 1634.4926182627678 11033.402367763221 14055.067311048508 314.10578238964081 14404.532885238528 22522.749139919877 22447.660709023476 6595.6332373321056 23291.574978470802 1015.9076195955276 7044.3432621359825 12268.941353678703 214.89077052474022 19834.972639843822 4967.5289079174399 1866.8353403508663 11356.543719053268 13249.751438364387 6705.4100262075663 893.43131167441607 5149.4159020036459 197.54056125879288 14945.89376860112 367.98621937632561 3664.1823363304138 363.90252983570099 4803.6532264351845 3068.9496283531189 631.95900422334671 14107.827706962824
leaf_count=13326 448 11461 4329 224 12291 10286 2169 4766 16629 1078 2005 10365 50 12015 6800 2615 2178 12316 7609 827 5609 82 17563 214 3514 160 2292 3856 576 16979
internal_value=0.0134259 -0.000714506 0.0316456 -0.00973773 0.00753298 0.0245242 0.0409359 0.0203046 0.0116406 -0.0142801 0.0292151 0.00329679 -0.00482964 0.0194678 -0.0117222 -0.0125054 0.0371968 0.00104219 -0.00179668 0.0104357 -0.00263094 0.00220233 -0.00827982 0.000253979 -0.000574771 0.0043952 0.0209663 -0.0189588 -0.0107288 -0.0113284
internal_weight=252408 142113 110295 67865 74248.2 62435.8 47859.3 32868.8 37696.1 35245.8 29567.1 36552.1 32619.2 31234.3 22787.6 21574.2 25411.6 24283.2 17359.2 1108.32 16250.9 1213.45 15260 9545.49 9177.5 4028.08 24638.6 12458.2 16606.6 15974.7
internal_count=184632 144144 40488 81082 63062 31812 8676 19521 28920 45312 12291 34142 35770 19073 28130 26970 6507 23777 17983 877 17106 1160 17787 9497 9283 3674 14307 17182 20170 19594
is_linear=0
shrinkage=0.05


Tree=20
num_leaves=31
num_cat=0
split_feature=10 10 10 10 10 10 16 29 25 19 10 20 25 19 9 25 20 21 29 2 5 16 20 23 2 29 9 2 20 13
split_gain=24575.1 3805.93 2913.21 574.553 530.09 477.337 236.473 191.632 161.36 160.628 147.178 134.426 121.389 104.225 79.5857 68.9521 68.0641 65.5599 64.3958 79.2758 68.8832 61.2148 60.7462 60.3129 64.3747 75.2788 59.1194 59.0597 56.8758 56.6269
threshold=0.74771820775116804 -0.22086819089303814 1.8840359389727344 1.2662896614656669 -0.73006216273328628 0.25755990328840295 2.6275139458723307 -2.7037185081695623 0.084705020301588177 1.8658701694640019 -1.3926879839825539 0.57364316930209414 -0.43911216551180071 -0.03627279827188392 -1.6747553987675772 -0.99684640721459183 1.2231613925713622 -0.13127236588252697 -1.6561564200354002 -0.81427786121395129 -1.0000000180025095e-35 1.2461077388653825 1.5951428612005076 1.2779972898151868 0.3333795423397059 0.96110753714028807 -1.6747553987675772 0.91586560314467469 0.65250245501458248 -0.18840636610632966
decision_type=2 2 2 2 2 2 2 2 2 2 2 2 2 2 2 2 2 2 2 2 2 2 2 2 2 2 2 2 2 2
left_child=1 4 3 7 10 11 16 -2 -7 21 -1 17 26 -9 -12 29 -4 -3 19 -14 28 -5 -15 24 -22 -26 -6 -10 -20 -16
right_child=2 5 6 9 12 8 -8 13 27 -11 14 -13 18 22 15 -17 -18 -19 20 -21 23 -23 -24 -25 25 -27 -28 -29 -30 -31
leaf_value=-0.018890288696227442 0.036223078280185408 -0.0013465822418071505 0.035055173795307377 0.023096071305846774 0.013828103906594941 0.0070222002022403297 0.045851803272650475 0.013522468756184661 0.01269611463341222 0.035451913863683099 0.003806829987311855 0.0074301623261672197 0.037911164604198556 0.019318022035601717 -0.016209602524949122 -0.010268495666258074 0.040401701270397133 0.0038813177851730906 -0.008453790619085742 0.0035453761181005934 -0.0025308947203435349 0.028800127503302925 0.025590436029798387 0.020308038406776623 0.0045928647998439631 0.038538262975265129 -0.0082430956326101628 0.019675981044432553 0.0036873758367374047 0.034052765824419656
leaf_weight=9019.4135020636022 1705.7511415481567 13409.850665129721 10087.102912276983 6502.7677516639233 309.6326493024826 14299.242938883603 17200.245053976774 6783.627941429615 19367.955715686083 7928.8780000209808 822.63243733346462 12174.112656027079 206.80238646268845 20370.264298647642 7929.3634146489203 17925.617493383586 14523.407095134258 10848.098343148828 5584.7532999515533 890.11591386049986 7495.5890690982342 17000.102234736085 4762.4775291979313 360.36689493060112 1504.1688872128725 183.21830314397812 15077.323590017855 3592.8614957779646 1165.9887771010399 56.436118692159653
leaf_count=12427 470 13771 3015 3499 224 12291 1427 4949 14450 2307 760 10365 50 12500 10500 21607 2788 10006 6529 827 7875 7208 2325 214 1366 42 17563 2179 1080 18
internal_value=0.0129384 -0.000675154 0.0310564 0.0244381 -0.0091568 0.00721252 0.0413539 0.0198948 0.0111917 0.029298 -0.0133673 0.00314292 -0.0045641 0.0190222 -0.011504 -0.01199 0.0382103 0.000991322 -0.00170202 0.0100244 -0.00249144 0.0272219 0.0205066 0.000242804 -0.000544615 0.00827869 -0.00779896 0.0137883 -0.00635677 -0.0158544
internal_weight=249088 142224 106865 65053.9 68531.4 73692.1 41810.8 33622.1 37260.1 31431.7 35753.5 36432.1 32778 31916.4 26734 25911.4 24610.5 24257.9 17391 1096.92 16294.1 23502.9 25132.7 9543.34 9182.98 1687.39 15387 22960.8 6750.74 7985.8
internal_count=184632 144144 40488 33258 81082 63062 7230 20244 28920 13014 45312 34142 35770 19774 32885 32125 5803 23777 17983 877 17106 10707 14825 9497 9283 1408 17787 16629 7609 10518
is_linear=0
shrinkage=0.05


Tree=21
num_leaves=31
num_cat=0
split_feature=10 10 10 10 16 10 16 29 20 19 19 30 20 10 19 21 2 29 9 11 20 19 20 1 5 9 16 9 29 8
split_gain=23218.2 3745.59 2628.08 650.854 462.629 347.839 242.545 201.043 146.549 143.88 142.837 138.672 116.14 108.641 80.5576 82.3912 77.2006 87.6984 72.6668 84.8072 69.0174 61.5932 60.6535 60.2275 59.29 71.1661 58.5053 57.2978 52.8521 52.7853
threshold=0.80757463218222303 -0.090338834058591624 1.8840359389727344 -0.69784843081922576 1.1998128366150922 0.40223601404857129 2.6275139458723307 -3.012356386587963 -0.097698918907334439 -0.96578973874996465 0.87591127161366567 -0.37989543307945001 0.15031653345443019 1.2917642984724738 -0.91120285928496481 -0.81498480336961909 0.27203539355597034 1.7801002789017464 -1.2548901465925499 -0.89412563661708433 1.2477420826834258 -0.11531136008287861 0.20302219687814424 -0.99226138209170833 1.0000000180025095e-35 -0.25771017267686025 -0.33162630483242428 -1.622272242245699 -0.50327482200779394 1.6314830922590604
decision_type=2 2 2 2 2 2 2 2 2 2 2 2 2 2 2 2 2 2 2 2 2 2 2 2 2 2 2 2 2 2
left_child=1 3 4 9 10 11 20 -6 24 -1 21 22 -7 -9 26 28 17 18 19 -10 -4 -2 -3 -13 25 -5 -11 -25 -16 -17
right_child=2 5 6 8 7 12 -8 13 16 14 -12 23 -14 -15 15 29 -18 -19 -20 -21 -22 -23 -24 27 -26 -27 -28 -29 -30 -31
leaf_value=-0.016531697289022734 0.011492410593325663 -0.0014430577745731222 0.034572713823506733 -0.020253570012385924 0.040734797809551651 0.0083615073840723701 0.045657173004312802 0.022417399456501973 0.026508478273528115 -0.0018265441905342074 0.02380338111185621 0.014144297458792832 0.01482794764293747 0.029143053216534709 0.0073182513384103549 -0.0098743165544027608 0.0051069173200038965 0.019664003164952301 -0.0048355700735734624 0.00077537113114401629 0.040042851648284111 0.018464198466358047 0.0072179275669900511 0.017896711542857997 -0.00413591400901611 -0.0075143478066747073 0.030953004303785659 0.0058650884374984126 -0.017264591658542341 0.00076645956933075186
leaf_weight=13235.044885015115 4438.0861749574542 8638.6777780875564 9923.9748477935791 1330.18151268363 3027.4568635821342 10994.634318113327 16429.390409350395 8445.541587933898 349.06210967898369 1123.9414264261723 11606.459652394056 2791.7456042766571 18845.928961202502 20772.455553144217 228.4348763525486 17016.478157639503 5067.5958601385355 453.25690495967865 10784.058581121266 3868.9981914684176 13763.98093611002 11069.958045661449 2638.9558421522379 1034.1619731783867 12379.951694600284 6234.9659475982189 154.88006903231144 22928.560726463795 5101.4953245297074 1251.1795710921288
leaf_count=17611 3418 8888 3062 1869 561 9156 1427 4659 164 1165 6081 2002 13257 8665 195 20377 4550 275 11827 3809 2741 6982 2258 664 13404 7172 59 20239 6863 1232
internal_value=0.0124624 -0.000199318 0.0311032 -0.00763079 0.0244222 0.00840446 0.0409889 0.0284698 -0.00321479 -0.0123198 0.0196085 0.00523387 0.0124454 0.027199 -0.010079 -0.0107414 -0.000248571 -0.00200456 -0.00265923 0.00290489 0.0377512 0.016469 0.000583605 0.00719407 -0.00626696 -0.00975429 0.00214344 0.00638434 -0.016211 -0.00914551
internal_weight=245929 146452 99477.3 78579.5 59360 67872.7 40117.3 32245.5 40468.1 38111.5 27114.5 38032.1 29840.6 29218 24876.4 23597.6 20523 15455.4 15002.1 4218.06 23688 15508 11277.6 26754.5 19945.1 7565.15 1278.82 23962.7 5329.93 18267.7
internal_count=184632 147036 37596 90572 30366 56464 7230 13885 43070 47502 16481 34051 22413 13324 29891 28667 20625 16075 15800 3973 5803 10400 11146 22905 22445 9041 1224 20903 7058 21609
is_linear=0
shrinkage=0.05


Tree=22
num_leaves=31
num_cat=0
split_feature=10 10 10 10 16 10 16 19 16 19 25 19 20 1 9 25 29 10 29 9 9 20 8 8 29 2 5 1 21 3
split_gain=21922.2 3456.59 2549.96 575.108 428.709 338.19 248.517 201.15 138.992 135.95 131.232 129.073 110.684 71.7917 73.9127 70.312 69.9544 67.1249 65.3745 62.5618 61.4419 61.266 69.5608 70.1323 60.3844 72.7886 64.4043 60.118 59.7404 55.1484
threshold=0.82355065019160778 -0.090338834058591624 1.8840359389727344 -0.66544474802667819 1.1998128366150922 0.40223601404857129 2.6275139458723307 1.8658701694640019 -1.1718503152113144 0.73089909662664454 -0.43911216551180071 -0.41946513427940862 0.69129888104293025 -0.46616627175906517 -1.6747553987675772 1.8195866227388111 1.8573506986305721 1.3995342012442087 -3.4176241146047577 -1.622272242245699 -1.6747553987675772 -0.42221572553107906 0.79174686527241656 1.6314830922590604 -1.6561564200354002 -0.81427786121395129 -1.0000000180025095e-35 -0.96577023576719512 -0.81498480336961909 -0.92934169309395298
decision_type=2 2 2 2 2 2 2 2 2 2 2 2 2 2 2 2 2 2 2 2 2 2 2 2 2 2 2 2 2 2
left_child=1 3 4 8 9 11 15 17 21 -2 -5 -3 29 -10 -15 -4 20 -6 -9 -13 -12 22 -1 -24 25 -22 -26 -21 -16 -7
right_child=2 5 6 10 7 12 -8 18 13 -11 16 19 -14 14 28 -17 -18 -19 -20 27 24 -23 23 -25 26 -27 -28 -29 -30 -31
leaf_value=-0.013832001219831162 0.015498297573267173 -0.00035208012548863256 0.034537570225903966 -0.0061987151943426674 0.022683574993696984 0.01513480310386978 0.045454295652238831 0.042973983650866882 -0.002781364360760583 0.022779122762599101 0.014897925613019858 0.017474735778699253 0.015505061299665954 0.0064760118319806166 -0.014483474394251787 0.040089957681320391 0.021426118612403382 0.028019694292043835 0.03228587830341742 0.012450388776152344 0.03713560304748826 -0.010020479831423788 -0.024410559462612183 -0.0061439053091384898 -0.0053371221142387119 0.0043000539110256203 0.00049280973634612489 0.0052514755892620708 -0.00878731541084103 0.0080269050984503928
leaf_weight=6717.6336591485888 12748.646284259856 8681.8657507449389 11544.110662564635 16555.538619145751 10587.036917448044 3400.2389394342899 15696.137379527092 1942.7794170379639 3858.3693788796663 12898.18829280138 615.34824988245964 1263.6330859661102 13280.209128424525 644.47219136357307 6967.6766663175076 11266.349474608898 363.96875473856926 13293.718650966883 5427.8728386759758 3287.6505537182093 194.33479994535446 4309.3624172508717 3824.7259834185243 609.14893300831318 7946.7450291663408 1283.3713180795312 11729.609316632152 24600.811194434762 13563.30008238554 13821.949556089938
leaf_count=8576 8797 8743 3570 18608 5784 2371 1427 273 4073 7022 432 822 9162 561 8986 2233 208 5844 1923 2469 50 5173 5692 684 8795 1173 11614 22017 15947 11603
internal_value=0.0119981 -8.10183e-05 0.0306755 -0.00719113 0.0239509 0.00815771 0.040612 0.0278826 -0.0113562 0.0191599 -0.00283167 0.00499942 0.0120751 -0.00905412 -0.0101971 0.03728 -0.000313153 0.025654 0.0351031 0.00659317 -0.000676618 -0.0150837 -0.0170403 -0.021901 -0.00112966 0.00861829 -0.00186174 0.00610012 -0.0107204 0.00943024
internal_weight=242925 147520 95404.8 79183.6 56898.2 68336.4 38506.6 31251.4 40494.7 25646.8 38688.9 37834 30502.4 25033.8 21175.4 22810.5 22133.4 23880.8 7370.65 29152.1 21769.4 15460.9 11151.5 4433.87 21154.1 1477.71 19676.4 27888.5 20531 17222.2
internal_count=184632 147759 36873 90572 29643 57187 7230 13824 49692 15819 40880 34051 23136 29567 25494 5803 22272 11628 2196 25308 22064 20125 14952 6376 21632 1223 20409 24486 24933 13974
is_linear=0
shrinkage=0.05


Tree=23
num_leaves=31
num_cat=0
split_feature=10 10 10 10 19 10 16 10 20 25 25 21 1 9 9 29 19 20 28 20 1 29 25 21 25 9 5 29 2 5
split_gain=20685.5 3338.82 2337.29 507.631 375.2 362.341 254.368 229.124 127.661 123.058 117.335 116.994 116.97 92.1266 124.475 87.021 76.3621 71.6264 66.9957 66.1868 64.5089 64.5035 58.3787 58.0955 56.4576 56.219 56.1979 54.8533 69.1967 57.7216
threshold=0.86908474058972318 -0.090338834058591624 1.8840359389727344 -0.66544474802667819 1.8658701694640019 0.40223601404857129 2.6275139458723307 1.2917642984724738 -0.068822483322348804 -0.26690580410166181 -0.43911216551180071 0.800830904786069 -0.35838659200667738 -0.83502489441752281 -1.622272242245699 -3.4176241146047577 0.022291665684648264 1.2477420826834258 -1.7669317065419203 -1.1071965579980656 -0.99226138209170833 1.8573506986305721 -1.226922696941358 -0.91515916394968355 0.24360727109165184 -1.6747553987675772 -1.0665970890843621 -1.6561564200354002 -0.81427786121395129 -1.0000000180025095e-35
decision_type=2 2 2 2 2 2 2 2 2 2 2 2 2 2 2 2 2 2 2 2 2 2 2 2 2 2 2 2 2 2
left_child=1 3 4 8 7 9 17 16 12 -3 -5 23 -1 14 -14 -6 -2 -4 -15 -16 -11 25 -20 -7 -9 -12 -24 28 -27 -29
right_child=2 5 6 10 15 11 -8 24 -10 20 21 -13 13 18 19 -17 -18 -19 22 -21 -22 -23 26 -25 -26 27 -28 29 -30 -31
leaf_value=-0.0055296276241777907 0.012891995699732303 0.0007928994721431049 0.033448706882614636 -0.0058514328212728069 0.041499248296867089 -0.00020400773683404151 0.045242905970820764 0.020395822106691146 -0.0050660271924584735 0.014195039314986941 0.014371062787347087 0.015943915749756191 -0.0034836520758455142 0.02926247699485271 -0.031488895289577407 0.030128701073269488 0.019859879334234429 0.039230535335603126 -0.015940987122001798 -0.01802286944778729 0.0059456970151822233 0.02080728539896029 -0.016073604286001027 0.010421521847199862 0.02690128028852495 0.036648895035040478 -0.0078695578616262817 -0.0050425678735252352 0.0041031185743291843 0.00046840610981870506
leaf_weight=5678.950379922986 5118.8417080491781 12806.078661672771 9250.032553166151 16658.480427399278 2158.6326378583908 1374.3922659307718 14998.652441859245 4186.9090367257595 8160.203716635704 2653.263630181551 606.24878644943237 11770.290359437466 1372.3819745630026 101.26571089029312 1048.6091356053948 7631.6098177731037 16959.122535273433 12725.795014888048 5245.5993613898754 7029.9886487722397 22186.254991799593 356.25326892733574 2662.9393379688263 20096.780807033181 16392.683436349034 187.25041922926903 9657.9275994822383 7989.2711558490992 1277.8645973205566 11723.830278918147
leaf_count=6307 3799 12603 3062 18608 367 1380 1427 2479 8987 1900 432 8017 1468 42 1709 3033 10223 2741 6918 9564 19548 208 3519 15908 7573 50 11178 8795 1173 11614
internal_value=0.0115456 0.000237688 0.0305954 -0.00677992 0.0238082 0.0081334 0.040223 0.0217823 -0.0106623 0.00477426 -0.0026815 0.0119376 -0.0120547 -0.0134212 -0.0174057 0.0326358 0.0182444 0.0367969 -0.0112897 -0.0197708 0.00682686 -0.000296471 -0.0115235 0.00974137 0.0255777 -0.000641592 -0.00964272 -0.00107135 0.00826266 -0.00176507
internal_weight=240066 150644 89422.3 79757.1 52447.8 70887.1 36974.5 42657.6 40957.9 37645.6 38799.2 33241.5 32797.7 27118.7 9450.98 9790.24 22078 21975.8 17667.7 8078.6 24839.5 22140.7 17566.5 21471.2 20579.6 21784.5 12320.9 21178.2 1465.12 19713.1
internal_count=184632 149928 34704 90572 27474 59356 7230 24074 49692 34051 40880 25305 40705 34398 12741 3400 14022 5803 21657 11273 21448 22272 21615 17288 10052 22064 14697 21632 1223 20409
is_linear=0
shrinkage=0.05


Tree=24
num_leaves=31
num_cat=0
split_feature=10 10 10 10 19 10 16 16 20 30 1 20 21 19 19 29 25 9 9 2 25 1 21 20 9 28 10 29 24 21
split_gain=19516.8 3165.5 2191.39 516.648 346.777 312.415 260.073 204.834 136.885 124.182 111.386 107.804 101.462 93.4076 88.1143 87.0364 72.901 71.8351 93.6286 62.3574 69.7248 58.1498 53.8185 53.4235 50.5461 49.3381 48.6671 48.339 50.4172 56.8643
threshold=0.90213949298935359 -0.039887266042532836 1.8840359389727344 -0.55780354119171072 1.8658701694640019 0.44837023738664 2.6275139458723307 1.2461077388653825 -0.068822483322348804 -0.37989543307945001 -0.46616627175906517 0.75882809318631705 -0.7081951600904689 -1.4511038260472118 -0.11531136008287861 -3.4176241146047577 1.8195866227388111 -0.7825417378956443 -1.6747553987675772 0.32343241555432412 0.35247089097188605 -1.2221395578221388 -0.91515916394968355 -1.3083663167733504 -1.622272242245699 -1.7669317065419203 1.4274327553375106 -1.0087117598110702 -1.2913877444837307 1.0000000180025095e-35
decision_type=2 2 2 2 2 2 2 2 2 2 2 2 2 2 2 2 2 2 2 2 2 2 2 2 2 2 2 2 2 2
left_child=1 3 4 8 7 9 16 14 10 23 -1 22 -5 -12 -2 -6 -4 18 -15 20 -14 -11 -7 -3 -23 -19 -9 -10 29 -29
right_child=2 5 6 12 15 11 -8 26 27 21 13 -13 19 17 -16 -17 -18 25 -20 -21 -22 24 -24 -25 -26 -27 -28 28 -30 -31
leaf_value=-0.0038839564854489753 0.010415233639703104 -0.0076990459479143432 0.033416139079089559 -0.0065901940014311301 0.041262117201028993 -0.00075824808502657388 0.045022738243800889 0.022226620931327559 0.0064211249522089691 0.015441595264104328 -0.018625513358621157 0.015528612649014565 -0.0035642341755847354 0.0028829406775788689 0.019341472129813381 0.029622294239912229 0.039283478601696259 0.025395855020861027 -0.015698622640547388 0.0037189150510150912 0.002675606961111473 0.017446519755050825 0.010297246253287901 0.0022288502670485201 0.0060019028379070145 -0.0092033548454824241 0.027142537133634671 -0.0027545201461270769 -0.0063094724527118801 0.035285891177964955
leaf_weight=4871.5799108743668 3340.9316806197166 1590.1476112902164 10763.476674631238 7856.4848192483187 2059.9955885410309 1176.1635239049792 14335.19143396616 8994.2242601364851 920.17060826718807 1950.3215101212263 4560.9859164878726 13083.314436137676 14127.897310532629 732.21887011826038 16029.797714486718 7287.3758176863194 10418.492756664753 103.64107367396355 9143.2662643194199 7562.4847738742828 6553.7026522308588 1006.0368251800537 17183.946590542793 9165.5738271921873 23521.471763417125 17657.783120142296 11436.089902669191 264.43231800198555 9493.9621436595917 156.3125604391098
leaf_count=5250 2645 1835 3570 8892 360 1194 1427 4996 802 1348 6260 9020 15135 690 9829 2970 2233 51 12014 7000 6203 655 13645 8757 20698 20908 5228 279 10692 46
internal_value=0.0111051 0.000428308 0.0303592 -0.00608124 0.023521 0.00839071 0.0398218 0.0214857 -0.0094852 0.00529167 -0.0109302 0.0120604 -0.00156428 -0.0119963 0.0178019 0.0321875 0.036302 -0.0109023 -0.0143209 -0.000166257 -0.00158692 0.00713206 0.00958902 0.00076109 0.00647132 -0.00900146 0.0249784 -0.00454146 -0.00555888 0.011378
internal_weight=237347 152682 84665.6 84004.9 49148.4 68677 35517.2 39801 47904.4 37233.6 37069.5 31443.4 36100.6 32197.9 19370.7 9347.37 21182 27636.9 9875.49 28244.1 20681.6 26477.8 18360.1 10755.7 24527.5 17761.4 20430.3 10834.9 9914.71 420.745
internal_count=184632 151374 33258 94222 26028 57152 7230 22698 56992 33293 45173 23859 37230 39923 12474 3330 5803 33663 12704 28338 21338 22701 14839 10592 21353 20959 10224 11819 11017 325
is_linear=0
shrinkage=0.05


Tree=25
num_leaves=31
num_cat=0
split_feature=10 10 16 10 20 10 10 10 20 19 29 8 20 20 8 2 29 10 21 19 28 2 29 5 10 3 4 29 9 29
split_gain=18394.2 2864.91 2182.1 458 319.709 315.511 289.552 180.35 124.663 122.139 109.874 99.3372 99.1317 93.9366 85.4817 76.9284 71.9926 71.8458 64.117 62.9878 61.1564 55.7648 56.4884 55.2369 55.0469 54.6242 53.1606 50.7003 49.3985 48.703
threshold=0.90213949298935359 -0.039887266042532836 1.8078679500712969 -0.55780354119171072 1.5572352193230794 2.4865809904371239 0.48399690342861307 1.2917642984724738 -0.43161789303907983 -0.057310809324923419 -3.012356386587963 0.79174686527241656 0.81668384620390921 -0.10718424448721217 1.6314830922590604 -0.5144965978173961 -4.3271377947710503 1.3446953498218723 0.42924111139708826 0.022291665684648264 -1.7669317065419203 0.32343241555432412 1.8573506986305721 -1.0000000180025095e-35 2.0102817247023039 -0.92934169309395298 2.735867087057557 -1.0087117598110702 -1.622272242245699 0.96110753714028807
decision_type=2 2 2 2 2 2 2 2 2 2 2 2 2 2 2 2 2 2 2 2 2 2 2 2 2 2 2 2 2 2
left_child=1 3 4 8 7 10 9 19 11 25 -4 20 -8 -5 -13 27 -6 -18 -9 -2 -1 22 -15 -22 -12 -3 -7 -10 -11 -23
right_child=2 6 5 13 16 26 12 18 15 28 24 14 -14 21 -16 -17 17 -19 -20 -21 23 29 -24 -25 -26 -27 -28 -29 -30 -31
leaf_value=0.032648587935688221 0.011107134284945213 0.0082685314726233736 0.041862502727663536 -0.0042378931399515455 0.042951983932756982 0.040884080258705234 0.0094949328169855601 0.018611287120742098 0.0060249679078182867 0.017603051006459283 0.02928930585700917 -0.018169734614186594 0.015526802051635025 -0.001207976814461398 -0.0021633496038767782 -0.0023893211045814843 0.023499170499357559 0.031688468737721041 0.025578078145601559 0.018164751497728098 -0.012680329553865589 0.0043225195225955462 0.018022782024240614 -0.0072669558601152345 0.035372288927754146 0.00025720473528505894 0.046473746774479636 -0.0091897546381878373 0.0069234303007905994 0.027173102730556137
leaf_weight=86.448296278715134 4188.4288328886032 2580.7862434536219 4018.4345168471336 16675.610864035785 922.24537700414658 7920.2101290225983 17162.050292283297 4503.2110909149051 573.05245308578014 1134.3660814464092 6938.4444032162428 6469.8799611330032 11294.281448185444 14131.58739951998 957.56887550652027 8525.5924425721169 4460.2377389669418 6703.4262782931328 12386.412580832839 12892.941611349583 8019.2622438073158 4712.3877668231726 392.46691060066223 11427.183277066797 8015.6081693768501 12120.348219200969 9188.2228306531906 12302.804847195745 23812.248922526836 245.32462599873543
leaf_count=30 3258 2154 654 18089 130 1444 13903 2827 504 735 2874 8821 7787 14473 999 8933 2364 2455 6050 8209 10053 4305 251 13088 2345 12058 648 14564 20515 112
internal_value=0.0106766 0.00040926 0.0297548 -0.00574002 0.0225416 0.0389623 0.00804069 0.0200568 -0.00892255 0.00527867 0.0345223 -0.0111843 0.011889 -0.00148327 -0.0161061 -0.0060733 0.0295257 0.0284166 0.0237206 0.0164342 -0.00931277 0.000874579 -0.000688326 -0.00949931 0.0325499 0.00166359 0.0438861 -0.00851261 0.00740905 0.00545324
internal_weight=234761 152623 82137.8 84519.2 46056.9 36080.9 68104.1 33971 48361.8 39647.7 18972.5 26960.3 28456.3 36157.4 7427.45 21401.4 12085.9 11163.7 16889.6 17081.4 19532.9 19481.8 14524.1 19446.4 14954.1 14701.1 17108.4 12875.9 24946.6 4957.71
internal_count=184632 151374 33258 94222 25293 7965 57152 20344 56992 35462 5873 32991 21690 37230 9820 24001 4949 4819 8877 11467 23171 19141 14724 23141 5219 14212 2092 15068 21250 4417
is_linear=0
shrinkage=0.05


Tree=26
num_leaves=31
num_cat=0
split_feature=10 10 16 10 19 10 32 19 18 20 32 16 10 21 9 10 1 29 20 8 9 2 25 3 15 3 21 5 21 24
split_gain=17335.5 2789.95 1971.91 438.186 286.19 285.099 283.624 116.554 115.648 111.585 104.401 104.175 95.6062 90.1239 77.311 65.2508 64.3572 60.0621 60.0206 57.5077 56.7571 55.6805 62.0969 55.1438 53.4437 50.7439 47.9234 44.7507 41.0752 47.2665
threshold=0.95298144960661202 -0.0097439696883502586 1.8615423531764608 -0.55780354119171072 0.87591127161366567 0.50781222024926531 -2.1318435543125287 -0.30332465514483459 -1.0021794838256881 1.0443027023190434 -1.5226252982913075 1.054791434389506 2.1590284964731041 -0.69912793914338789 -1.622272242245699 1.4894601511746968 -0.21394711629508434 -3.012356386587963 -0.37584170287094559 0.84423037945908175 -1.622272242245699 0.32343241555432412 0.3399115338836633 -0.79432742837732462 2.928700644736264 -1.0925980049725312 -0.46077581072813867 -1.0665970890843621 -0.037637809173734327 -1.2913877444837307
decision_type=2 2 2 2 2 2 2 2 2 2 2 2 2 2 2 2 2 2 2 2 2 2 2 2 2 2 2 2 2 2
left_child=1 3 4 8 11 7 24 25 18 23 -6 -2 -8 -5 -10 -12 -16 -11 19 -1 -9 22 -15 -7 -4 -3 -25 -22 -18 -30
right_child=2 5 6 13 10 9 12 20 14 17 15 -13 -14 21 16 -17 28 -19 -20 -21 27 -23 -24 26 -26 -27 -28 -29 29 -31
leaf_value=-0.011014656280545342 0.013380560738176926 0.0092529607952333889 0.041258729525175931 -0.0058156691281141077 0.032028726335805981 0.014610460751872998 0.030318707523091123 0.017638310256724587 0.0041324517967154051 0.034673215517836198 0.021930224144856725 0.020969354581118427 0.037818179816589886 -0.0031431788295045561 -0.0034804438048305964 0.028193263177554186 -0.0097355201854508414 0.015615196143205924 -0.0072950731316957958 -0.018106962273586904 0.0021130579160105931 0.0035676813997160429 0.0025330057768891208 0.0023836467138996461 0.047159209980233666 -0.00074514208879906821 0.0097101046580595762 0.0074717816981863501 0.023484546874404277 -0.0050825927072493827
leaf_weight=8384.05116305314 6795.5710152685642 1493.3600393235683 8620.0284386575222 8468.9480059072375 6321.1991252601147 4713.2571793496609 7476.6431132256985 1208.2187385261059 1619.8816570192575 433.88096502423286 10087.362337738276 13518.473135262728 9846.640177577734 14720.609819747508 8612.4939743876457 7075.7950246036053 16286.792129665613 8764.0459271371365 5799.8006060272455 4336.5610528439283 4686.0373679846525 8097.8079770505428 7162.8719203621149 2701.8028686493635 6917.0897977352142 8450.0699478387833 12836.965589344501 23108.186511561275 150.85542741417885 3605.4947750121355
leaf_count=10231 4977 1217 1507 9454 2272 3336 2943 782 1486 133 5663 7849 2399 15646 9212 3086 19458 6027 6646 5907 4488 7520 6800 2573 393 8576 10344 19655 80 3972
internal_value=0.0102601 0.000674302 0.0297225 -0.00525286 0.0227764 0.00823502 0.0389807 0.00542788 -0.00839831 0.0119473 0.0265354 0.0184307 0.0345814 -0.00126106 -0.00649449 0.0245123 -0.00709522 0.0165142 -0.0115105 -0.0134325 0.00702948 2.54988e-05 -0.00128526 0.00987315 0.0438856 0.000756429 0.00843622 0.00656831 -0.00864849 -0.00393533
internal_weight=232301 155642 76658.8 87246.2 43798.4 68395.8 32860.4 38945.9 48795.9 29450 23484.4 20314 17323.3 38450.2 30275.5 17163.2 28655.6 9197.93 18520.4 12720.6 29002.4 29981.3 21883.5 20252 15537.1 9943.43 15538.8 27794.2 20043.1 3756.35
internal_count=184632 153543 31089 96412 23847 57131 7242 34718 56992 22413 11021 12826 5342 39420 34208 8749 32722 6160 22784 16138 24925 29966 22446 16253 1900 9793 12917 24143 23510 4052
is_linear=0
shrinkage=0.05


Tree=27
num_leaves=31
num_cat=0
split_feature=10 10 10 10 19 16 10 16 21 19 30 19 29 20 19 1 25 18 6 9 24 21 1 20 20 24 29 19 9 4
split_gain=16318.2 2527.55 1960.86 389.368 284.018 276.873 264.932 156.647 108.684 108.559 106.563 83.8206 78.3635 76.7038 69.7633 66.9502 59.492 59.3086 56.6797 53.597 52.3491 50.453 50.3258 47.7516 47.038 43.8158 49.6654 43.5574 43.4911 70.5559
threshold=0.95298144960661202 -0.0097439696883502586 1.8840359389727344 -0.55780354119171072 1.8658701694640019 2.6275139458723307 0.48399690342861307 1.2461077388653825 1.1657838607527011 -1.0904644283575222 -0.37989543307945001 -0.073319628390765779 -3.4176241146047577 1.7229069481235302 -0.11531136008287861 -0.21394711629508434 -0.42404588869365883 0.16574753313378768 -0.26111293853800882 -1.6747553987675772 -1.8713447490595676 0.64493284064719503 -1.2221395578221388 0.14018408690267334 -0.61710781718382357 1.5378704032144968 -0.79573187080582286 -2.118871167500143 -0.83502489441752281 -0.49734444049833093
decision_type=2 2 2 2 2 2 2 2 2 2 2 2 2 2 2 2 2 2 2 2 2 2 2 2 2 2 2 2 2 2
left_child=1 3 4 9 7 13 10 14 16 27 23 17 -6 -4 -2 20 -8 -5 -10 -17 24 28 -12 -3 -11 26 -24 -1 29 -21
right_child=2 6 5 11 12 -7 8 -9 18 15 22 -13 -14 -15 -16 19 -18 -19 -20 21 -22 -23 25 -25 -26 -27 -28 -29 -30 -31
leaf_value=-0.022041882875330626 0.0092291674370286857 -0.001169519284768531 0.031946543084090027 -0.0049665176788964123 0.039988885860384626 0.04432077515085673 0.0044659187736138667 0.023280891751793046 0.029081959323117752 -0.0090521862875924102 0.01444000011497764 0.00139077490233539 0.027983166815554163 0.038341295240635315 0.018022968296342125 0.0044960305755685978 0.010928460962654539 0.00089097772847565029 0.015241670408657634 -0.014277121056226276 -0.0034248325374165813 0.0039448913175940429 0.0096046080519973029 0.0066176109806898448 0.04484803546485587 0.011988689758930863 0.0040082972764520801 -0.010978581173250665 -0.0069031013322399517 -0.0053662973089113122
leaf_weight=959.16426964104176 2715.1763400435448 7879.6909906864166 10668.316946476698 15191.066033437848 1718.0904939770699 12563.334238886833 4333.0181410461664 18561.62246248126 850.94011616706848 65.196569785475731 1958.6614258885384 17268.327113904059 6506.3852942287922 8367.1387524008751 13317.371165327728 858.16689212620258 19991.533981002867 6039.6234003305435 5660.5136760473251 6424.5254522785544 9512.4303772076964 826.18413238227367 5217.1792351305485 2624.3367996513844 106.75539296865463 2808.3746437430382 16511.673952877522 12280.541550869122 14779.510784909129 3395.5675055533648
leaf_count=1382 2214 8064 3852 16700 344 1427 3946 9919 356 77 1393 16788 2865 1951 8517 781 15622 5932 3935 8259 10164 761 4215 2277 11 2135 15188 14977 16820 3760
internal_value=0.0098557 0.000642903 0.0291118 -0.00496251 0.0221395 0.0385597 0.00789031 0.0201539 0.0113131 -0.00790923 0.00503774 -0.00119611 0.0304912 0.0347574 0.0165337 -0.0064844 0.00977727 -0.0033002 0.0170504 -0.00779381 -0.00293058 -0.00820862 0.00672725 0.000776025 0.0244115 0.00611159 0.00535199 -0.0117801 -0.0086168 -0.011196
internal_weight=229960 155543 74417.4 87707.1 42818.6 31598.8 67835.9 34594.2 30836 49208 36999.9 38499 8224.48 19035.5 16032.5 35968.3 24324.6 21230.7 6511.45 26284 9684.38 25425.8 26495.9 10504 171.952 24537.2 21728.9 13239.7 24599.6 9820.09
internal_count=184632 153543 31089 96412 23859 7230 57131 20650 23859 56992 33272 39420 3209 5803 10731 40633 19568 22632 4291 30381 10252 29600 22931 10341 88 21538 19403 16359 28839 12019
is_linear=0
shrinkage=0.05


Tree=28
num_leaves=31
num_cat=0
split_feature=10 10 16 10 29 25 30 10 29 21 10 27 9 16 25 29 10 20 20 15 1 2 5 5 25 2 26 9 1 1
split_gain=15344.3 2292.1 1943.07 383.018 294.793 277.101 229.845 156.504 113.022 109.266 107.537 85.5592 80.9818 79.3082 76.1987 70.5899 63.8499 61.4365 53.3431 52.043 51.0079 50.4121 50.2783 58.0835 50.4292 49.5251 48.7031 45.2231 42.2513 40.6472
threshold=0.95298144960661202 0.030408887629788873 1.8615423531764608 -0.51414440179110954 -1.9639944025134659 1.062783890097194 -0.35647696521123634 0.54445342264726937 -0.70990077643614313 -0.52743274661487938 2.2469083887921717 0.26083398398953611 -1.6747553987675772 1.2224629429851954 -0.73523796002768604 -3.012356386587963 1.2917642984724738 -1.3564235292544062 1.5951428612005076 2.928700644736264 -0.99226138209170833 -0.5144965978173961 -1.0665970890843621 1.0731953774504845 -0.42404588869365883 0.32343241555432412 0.39982505602452673 -1.622272242245699 -0.91602109827934342 1.4846509032658053
decision_type=2 2 2 2 2 2 2 2 2 2 2 2 2 2 2 2 2 2 2 2 2 2 2 2 2 2 2 2 2 2
left_child=1 3 5 9 19 13 17 20 -7 11 -6 -1 -5 -2 -14 29 -10 -3 28 -4 -8 -11 -23 24 -24 26 -16 -22 -17 -9
right_child=2 6 4 12 10 8 7 15 16 21 -12 -13 14 -15 25 18 -18 -19 -20 -21 27 22 23 -25 -26 -27 -28 -29 -30 -31
leaf_value=-0.0062441646132212446 0.014238535429935426 -0.0047709507080384555 0.04073642112980716 0.014864600823673527 0.029781171217010516 0.03033520606920246 0.013121892490156101 0.015017735144464767 0.018200167794498786 -0.0065231372808337912 0.037698457516423201 -0.011571933330009138 -0.0055789234025111012 0.020446149265008581 -0.0032808919359657708 0.016392269729001468 0.02534296662969588 0.003902427956826781 0.018757498747627693 0.047004427882727774 0.01699247062582562 -0.010145373131354232 -0.0018609297678265049 -0.0088456078418013354 0.0075641599273237664 0.0033418062966828082 0.0014287196033008656 0.0058373304286090093 0.010172370274472046 0.0451872748418558
leaf_weight=13535.626409851015 10206.517115570605 2415.5140341520309 7011.3290894031525 815.41694965958595 8499.5032108128071 7719.3791471123695 3057.3694739788771 195.81350710988045 4907.2586015015841 13138.867300450802 8657.4509260654449 16999.628626681864 7492.0486857295036 10375.974445894361 12323.367272645235 3353.3951561152935 8632.4253522455692 13192.668790280819 2789.4693557620049 6275.9297313690186 945.23887610435486 1435.6881574392319 3168.0882072150707 1447.8565702289343 2570.9400294721127 8308.2941943705082 9898.8537301421165 23410.043138682842 14694.572679683566 259.72810304164886
leaf_count=15226 7300 2646 1299 573 3437 3036 2255 137 3121 14853 2130 20934 8328 6133 13132 2254 4257 12163 1743 376 624 1727 3286 1704 2182 7753 9616 20677 11705 25
internal_value=0.00946328 0.000612901 0.0284958 -0.00448749 0.0381061 0.0215032 0.00784032 0.0095324 0.0255069 -0.00728087 0.0337763 -0.00921025 -0.000726118 0.0173679 -0.00106047 0.0127483 0.0227542 0.00256014 0.0123226 0.043697 0.00703444 -0.00457359 -0.00160293 0.000103555 0.00236127 4.83372e-05 -0.001183 0.00627027 0.0113281 0.032219
internal_weight=227734 155448 72285.8 91134.7 30444.2 41841.6 64313.8 48705.6 21259.1 52296.7 17157 30535.3 38838 20582.5 38022.6 21293 13539.7 15608.2 20837.4 13287.3 27412.7 21761.4 8622.57 7186.88 5739.03 30530.5 22222.2 24355.3 18048 455.542
internal_count=184632 153543 31089 99314 7242 23847 54229 39420 10414 59912 5567 36160 39402 13433 38829 15864 7378 14809 15702 1675 23556 23752 8899 7172 5468 30501 22748 21301 13959 162
is_linear=0
shrinkage=0.05


Tree=29
num_leaves=31
num_cat=0
split_feature=10 10 10 10 16 20 16 21 16 29 9 4 21 21 9 20 23 21 20 25 2 29 2 5 4 29 8 5 4 25
split_gain=14414.2 2134.25 1866.4 341.447 286.533 267.047 229.158 165.039 139.572 94.968 93.3913 101.5 85.7292 81.922 79.2798 78.1306 74.8213 74.2148 68.4573 53.3373 48.1261 51.2408 47.1003 46.9438 44.9313 43.5562 52.8854 49.1186 43.1919 43.9744
threshold=0.97118871682321395 0.030408887629788873 1.8840359389727344 -0.55780354119171072 2.6275139458723307 1.6336591796466455 0.65961881567192404 -0.13127236588252697 1.490140847879909 -3.4176241146047577 -1.6747553987675772 -0.91002235161315193 -0.19914310495438606 1.1657838607527011 -1.6747553987675772 1.6336591796466455 -0.69368839306376107 -0.69912793914338789 1.4257918542261392 -1.752104298992007 0.32343241555432412 1.8573506986305721 1.6227396193657435 -1.0000000180025095e-35 2.735867087057557 -1.3087806087892615 1.2116149787657384 -1.0665970890843621 0.4806464107498874 0.084705020301588177
decision_type=2 2 2 2 2 2 2 2 2 2 2 2 2 2 2 2 2 2 2 2 2 2 2 2 2 2 2 2 2 2
left_child=1 3 5 10 15 8 7 -3 12 -7 -1 19 -2 -8 -5 -4 23 -16 28 -12 21 25 -15 -13 -6 26 -19 -28 -9 -30
right_child=2 6 4 14 24 9 13 18 -10 -11 11 16 -14 22 17 -17 -18 20 -20 -21 -22 -23 -24 -25 -26 -27 27 -29 29 -31
leaf_value=0.0051985535606333573 0.0083176319884224834 0.00088281462150727674 0.030589875124089557 0.014006654333026766 0.039901607782057438 0.040392552406988066 0.010288218039838967 0.0050326365107065734 0.023614750308335319 0.026190543660996109 -0.021164518546636715 -0.011367435245124596 0.017645850793558581 0.016173646994714658 -0.0052369070280435838 0.037235178855942658 -0.0029652711901138511 -0.00063021956843128772 0.013849343750546106 -0.0096827793254477025 0.0030588233146268294 0.014960139361321787 0.032963512299851803 -0.0058310442563153219 0.046303614027673003 -0.0022953957872581853 0.030513198275656451 0.0035038467119191917 0.0055017149543694797 0.012144648662626161
leaf_weight=1514.4600315988064 2869.3187530487776 13338.508609972894 9510.5003838688135 873.77262130379677 4495.7651713788509 1363.5255253314972 17460.813038945198 15874.84665761888 9713.760633289814 8610.0244054198265 1074.973899140954 6204.4307181686163 17394.986850395799 3781.0756596326828 8948.7269817143679 8268.8193288743496 14050.716321632266 1197.901186555624 3793.845372825861 17123.867410197854 8813.1578521132469 475.17312245070934 469.5803564786911 9999.8129635937512 7020.3707275390625 20595.503372594714 333.55909787118435 339.81305634975433 4457.4751564264297 5647.8144399225712
leaf_count=1357 2392 13103 3692 629 908 262 13868 14277 5126 4100 1530 7615 11256 2558 9886 2111 14884 1213 2743 20440 8274 333 160 11166 519 21541 130 316 3967 4276
internal_value=0.00908285 0.000672709 0.0280742 -0.00424275 0.0376602 0.021045 0.00761444 0.00550477 0.0186871 0.0281322 -0.0070282 -0.00741036 0.016325 0.0118036 -0.000895185 0.0336805 -0.00563551 -0.00121508 0.00757538 -0.010361 -8.1707e-05 -0.00128814 0.0180285 -0.00795087 0.0438043 -0.00163179 0.0056719 0.0168831 0.0066592 0.00921443
internal_weight=225617 156370 69247.1 91545.9 29295.5 39951.6 64824 43112.5 29978.1 9973.55 49968.3 48453.8 20264.3 21711.5 41577.6 17779.3 30255 40703.8 29774 18198.8 31755.1 22941.9 4250.66 16204.2 11516.1 22466.8 1871.27 673.372 25980.1 10105.3
internal_count=184632 154266 30366 99314 7230 23136 54952 38366 18774 4362 56992 55635 13648 16586 42322 5803 33665 41693 25263 21970 31807 23533 2718 18781 1427 23200 1659 446 22520 8243
is_linear=0
shrinkage=0.05


Tree=30
num_leaves=31
num_cat=0
split_feature=10 10 16 16 16 25 29 19 29 20 19 18 20 20 21 20 10 16 19 8 8 32 10 28 4 29 15 5 16 25
split_gain=13547.5 2206.35 1567.66 310.61 284.548 268.796 200.815 159.085 121 114.653 112.463 88.6772 72.5542 70.3106 67.9737 67.9034 63.766 59.7276 59.1634 56.5527 67.1808 51.8593 48.9203 48.068 42.6517 42.5348 41.9079 41.8484 41.3522 40.9443
threshold=1.0674842547377426 0.030408887629788873 2.0446965193012425 -0.79247160330041611 0.65961881567192404 1.062783890097194 -1.9639944025134659 -0.14859529186671425 -4.3271377947710503 0.46106614092438047 2.0110120330920815 0.10659590215459962 -0.71693178151232761 1.396542778342581 0.68796510483168039 -0.068822483322348804 2.3511182737617973 1.4290968249646239 -1.0129972357562382 0.79174686527241656 1.6314830922590604 0.31764552868397106 1.5541279312365825 2.3148043502077447 0.4806464107498874 -0.39127087661665488 2.928700644736264 1.0000000180025095e-35 0.019417976228941026 0.084705020301588177
decision_type=2 2 2 2 2 2 2 2 2 2 2 2 2 2 2 2 2 2 2 2 2 2 2 2 2 2 2 2 2 2
left_child=1 3 5 15 7 12 26 28 -6 11 17 18 -2 24 -10 19 -8 -7 -5 27 25 -20 -14 -17 -9 -21 -4 -1 -3 -26
right_child=2 4 6 9 8 10 16 13 14 -11 -12 -13 22 -15 -16 23 -18 -19 21 20 -22 -23 -24 -25 29 -27 -28 -29 -30 -31
leaf_value=-0.010008800307729923 0.0094576987502108852 -0.0040492968888019157 0.040579461127040146 -0.0089713050743194314 0.045065677715327788 0.020244603382398939 0.030477919017570184 0.0046979556940272768 0.0094415312790048049 0.0026581942498071632 0.031280125782030828 0.00059068194156708614 0.016994355991778343 0.013277178226971243 0.014700551659183417 -0.0043911893292860769 0.037847819308546179 0.026655303500566066 -0.0009663327398710818 -0.0048256557376154686 -0.0013857149831154574 -0.0053425467854550084 0.022899438152636408 0.012313271700074393 0.005553393713322803 -0.014682350613215947 0.046714762915493688 -0.0050206856268527819 0.0023946835807312356 0.011738095472385926
leaf_weight=7215.6083387583494 2239.6360644102097 3321.0422770231962 5419.0105745196342 5576.4409405887127 273.59380161762238 6839.0955251157284 5562.9315341114998 15563.315314352512 14733.051292747259 11673.614716097713 7219.5997907519341 13072.433005407453 9869.5241324156523 4284.80144572258 10539.824774056673 6160.0050287693739 6212.8766595721245 7751.2252188026905 12595.569773584604 1272.2146060615778 1358.3541664779186 14636.117172427475 5440.8466114550829 463.02772262692451 5105.0016839802265 7835.9860983639956 5722.570145368576 10077.119068002328 9944.2674828767776 5624.3933164030313
leaf_count=8660 1816 3590 1021 6577 27 4070 2172 14101 11951 11053 2703 12918 6515 3147 7441 6701 1510 3619 12839 1395 1396 16200 2949 349 4538 10137 376 11089 9468 4304
internal_value=0.00871435 0.00106765 0.0285227 -0.00401229 0.00779824 0.0224695 0.0389189 0.00535415 0.0119928 -0.00176601 0.026176 -0.00289168 0.0178633 0.00733793 0.0116348 -0.00777243 0.0343663 0.0236503 -0.00427923 -0.00885779 -0.0117586 -0.0033184 0.0190928 -0.00322335 0.00637004 -0.0133056 0.0437307 -0.00710204 0.000781398 0.00879544
internal_weight=223603 161326 62277.3 91936.5 69389.3 39359.9 22917.4 43842.8 25546.5 57554.2 21809.9 45880.6 17550 30577.5 25272.9 34382.3 11775.8 14590.3 32808.1 27759.3 10466.6 27231.7 15310.4 6623.03 26292.7 9108.2 11141.6 17292.7 13265.3 10729.4
internal_count=184632 157881 26751 99314 58567 21672 5079 39148 19419 59587 10392 48534 11280 26090 19392 39727 3682 7689 35616 32677 12928 29039 9464 7050 22943 11532 1397 19749 13058 8842
is_linear=0
shrinkage=0.05


Tree=31
num_leaves=31
num_cat=0
split_feature=10 10 16 10 10 16 29 19 20 29 20 20 20 9 21 9 2 20 21 29 28 10 5 19 20 5 5 21 21 4
split_gain=12722.5 2002.82 1552.11 333.296 288.439 219.361 171.85 131.675 119.62 117.012 101.311 89.1893 84.4846 69.0347 64.9235 63.169 61.5657 60.6231 56.7311 53.5232 51.3719 50.7304 46.1327 45.8362 44.0188 42.5676 58.0845 46.9795 53.1675 42.2716
threshold=1.0674842547377426 0.10058567771847433 2.1255147836909312 -0.50438728152113599 1.5541279312365825 0.65961881567192404 -1.9639944025134659 -0.14859529186671425 1.0823729394910406 -4.3271377947710503 1.9862780268978308 -0.43161789303907983 0.71740828421630398 -0.83502489441752281 0.800830904786069 -1.622272242245699 -0.5144965978173961 1.396542778342581 -1.1736363499360711 -3.012356386587963 -1.7669317065419203 2.3511182737617973 -1.0665970890843621 0.022291665684648264 -1.7821075743324026 1.0000000180025095e-35 1.0731953774504845 -0.2773433123692528 -0.20817830402331872 -0.17188057861701053
decision_type=2 2 2 2 2 2 2 2 2 2 2 2 2 2 2 2 2 2 2 2 2 2 2 2 2 2 2 2 2 2
left_child=1 3 4 11 8 7 -4 -3 23 -7 -6 13 18 15 -11 -1 -13 -9 -5 -10 -15 -8 -22 -2 -24 -18 27 -27 -29 -20
right_child=2 5 6 12 10 9 21 17 19 14 -12 16 -14 20 -16 -17 25 -19 29 -21 22 -23 24 -25 -26 26 -28 28 -30 -31
leaf_value=-0.00048680598839924525 0.01004971967831741 0.0010244890690733739 0.043744326491676797 -0.0087961975505373279 0.024574567610522874 0.044838222435534342 0.030323192259119898 0.006454639941607475 0.034543558269541967 0.0092998306096051669 0.032923810921795992 -0.005987140383579434 0.0045845688316107375 0.031429405576611245 0.014636991398857484 -0.013773500658638957 -0.0053960711323502207 0.013082950205336591 -0.0029468149938076684 0.021540119534222812 -0.011328881784799823 0.037569391138264734 -0.013486867493972704 0.016953828722443318 -0.0047404617460074456 -0.0001040608369921776 -0.0054411095242641056 0.026702452541355295 0.0062817014606593273 0.00069155372463006193
leaf_weight=1031.9527849853039 3183.9576325491071 11318.922245636582 10286.662232816219 2320.7283058464527 13923.067055031657 261.53781139850616 4172.4247693419456 23194.204807192087 883.12693709135056 15853.742371097207 4916.202310860157 14271.134309336543 7543.6914550662041 88.850144654512405 8894.8879727125168 6719.0917151719332 3463.241994291544 4052.3281482458115 13007.392418503761 7614.2273286581039 4267.1575346291065 5735.8413352370262 1581.4294207543135 9813.5423058867455 15919.668424008414 2469.859686344862 2107.6418025195599 390.59905385971069 1732.6840836256742 20667.858691513538
leaf_count=1042 2544 11087 1287 2729 7080 27 1642 20200 273 12905 1679 15980 6852 33 6291 8570 3837 2992 13774 4334 5234 1426 2008 6486 17429 2475 2337 182 1515 20382
internal_value=0.00835763 0.00101689 0.0279023 -0.00348217 0.0222369 0.00792255 0.0392176 0.00555738 0.0182785 0.0115696 0.0267533 -0.006105 -0.000226608 -0.00795026 0.0112181 -0.0120045 -0.00386909 0.00744046 -0.00123489 0.0228916 -0.00651251 0.034518 -0.00666738 0.0152626 -0.0055308 -0.000895183 0.00143106 0.00458447 0.0100383 -0.000713801
internal_weight=221688 161159 60529.1 97583 40334.1 63575.6 20194.9 38565.5 21494.9 25010.2 18839.3 54043.3 43539.7 29608.2 24748.6 7751.04 24435.2 27246.5 35996 8497.35 21857.1 9908.27 21768.3 12997.5 17501.1 10164 6700.78 4593.14 2123.28 33675.3
internal_count=184632 157881 26751 104379 22396 53502 4355 34279 13637 19223 8759 60642 43737 34316 19196 9612 26326 23192 36885 4607 24704 3068 24671 9030 19437 10346 6509 4172 1697 34156
is_linear=0
shrinkage=0.05


Tree=32
num_leaves=31
num_cat=0
split_feature=10 10 16 10 25 21 32 29 20 9 18 18 1 25 16 24 9 1 19 16 10 8 29 5 29 20 8 1 9 29
split_gain=11945.5 1979.37 1388.73 342.763 253.743 215.327 175.631 129.898 105.489 90.4542 89.9109 87.2696 80.6024 74.6831 72.0781 71.0337 67.9856 65.3311 63.8752 63.3883 60.5186 53.201 52.3488 64.1428 52.0335 50.5897 48.3098 45.4518 49.061 44.6724
threshold=1.1284570006606831 0.16325274001847687 2.1255147836909312 -0.49400702906513966 1.062783890097194 0.39685678334281904 -2.5688145039938228 -3.012356386587963 1.9862780268978308 -1.622272242245699 0.74035177684166342 -0.21139439370358742 -0.99226138209170833 -0.87599596521435463 1.490140847879909 1.9046256214024124 -1.6747553987675772 1.4846509032658053 -1.4511038260472118 1.7133695670608124 2.3511182737617973 1.6314830922590604 -1.1933269813600369 -1.0000000180025095e-35 1.4952529830325567 0.80219590404260765 1.2640984929524037 -0.39554736605653312 -0.7825417378956443 -4.3271377947710503
decision_type=2 2 2 2 2 2 2 2 2 2 2 2 2 2 2 2 2 2 2 2 2 2 2 2 2 2 2 2 2 2
left_child=1 3 4 11 14 10 -4 17 19 -5 25 16 -9 -11 -2 21 -1 -7 -18 -6 -8 -14 26 -24 -25 -3 -15 -20 -29 -10
right_child=2 5 6 9 8 7 20 12 29 13 -12 -13 15 22 -16 -17 18 -19 27 -21 -22 -23 23 24 -26 -27 -28 28 -30 -31
leaf_value=0.004291528547882428 0.014536070790468378 0.0021612084831234089 0.043901488460604148 0.011165582894716081 0.02082059908521695 0.015041286793664892 0.029724391184726306 0.017151993037816005 0.041334742465623513 -0.0056797538656110785 0.0089788351869066665 -0.001647555121085947 0.008433954565676147 0.0029214114569004216 0.021485400070213493 0.018239594863049904 -0.012187086465119144 0.044052272187699922 -0.0022094432954978247 0.027877418462019989 0.0374952524474041 0.02055135425686546 -0.0029285788099935759 0.00094846364917128506 0.013356657227916929 0.0099654010285915445 0.016005265258095352 -0.009363328797983685 -0.0054007742720162434 0.029303720693780889
leaf_weight=1364.0797422677279 9154.371989749372 16565.008757509291 9002.1965532898903 1769.049338310957 9054.3325687497854 348.98309761285782 4194.6952522844076 4087.0059545338154 882.83584225177765 5759.7237355262041 10111.853277876973 10588.110100626945 24481.52067348361 3449.5511655956507 6298.5277942866087 2204.0021080076694 5299.3317229002714 437.1417230963707 5696.28751270473 4906.7510336041451 6221.6369957327843 940.62050342559814 13545.612148806453 21122.681923680007 880.10529346764088 2374.1963814944029 886.90205401182175 13413.162906743586 18703.709712998942 6121.8733116090298
leaf_count=1247 6493 15849 1098 1374 5284 244 1701 2685 153 6414 8296 10937 20352 3248 3592 1400 6591 52 5948 2171 1556 554 14339 20722 645 1901 603 15925 20724 2534
internal_value=0.00801258 0.00121279 0.0279878 -0.00304391 0.0222299 0.00829998 0.0387865 0.0110961 0.025813 7.23691e-05 0.00517203 -0.00572719 0.0105984 -0.000357571 0.0173686 0.00962882 -0.00669839 0.0311735 -0.00704611 0.0233008 0.0343659 0.0088823 0.000410999 -0.000221671 0.00144479 0.00313953 0.00559735 -0.00632563 -0.00705568 0.03082
internal_weight=219866 164029 55837.2 102478 36418.7 61550.3 19418.5 32499.3 20965.8 47413.6 29051.1 55064.7 31713.1 45644.6 15452.9 27626.1 44476.6 786.125 43112.5 13961.1 10416.3 25422.1 39884.9 35548.4 22002.8 18939.2 4336.45 37813.2 32116.9 7004.71
internal_count=184632 160050 24582 108717 20227 51333 4355 25287 10142 47345 26046 61372 24991 45971 10085 22306 50435 296 49188 7455 3257 20906 39557 35706 21367 17750 3851 42597 36649 2687
is_linear=0
shrinkage=0.05


Tree=33
num_leaves=31
num_cat=0
split_feature=16 16 10 19 20 25 16 4 29 10 4 2 2 24 20 24 5 9 9 4 21 28 4 20 5 29 25 28 28 32
split_gain=11225.5 1707.63 1488.17 295.77 290.207 261.245 219.224 122.971 109.72 109.298 97.0159 91.4775 89.8443 89.388 75.7035 73.2094 71.9301 80.358 49.6895 48.5938 48.1962 58.0545 46.7004 46.6912 46.5068 45.1423 44.0295 43.3254 42.1468 43.631
threshold=1.0745479085503651 0.080830160114770747 2.0102817247023039 1.7789327153145937 -0.039618148921874721 0.39299063984161159 2.6275139458723307 -0.23462345182417868 -3.4176241146047577 1.2917642984724738 0.46974840096903675 0.98169358277841567 0.27203539355597034 1.4975377495907483 0.69129888104293025 -0.92547406322197745 1.0000000180025095e-35 -0.15274385963310347 0.42457086210755912 2.735867087057557 1.1657838607527011 0.86744389771392849 2.735867087057557 1.7229069481235302 1.0731953774504845 -0.39956680929706395 -0.71622850297725005 -1.7669317065419203 3.1315240060345997 -0.20311854313791458
decision_type=2 2 2 2 2 2 2 2 2 2 2 2 2 2 2 2 2 2 2 2 2 2 2 2 2 2 2 2 2 2
left_child=1 4 3 9 7 11 23 15 24 22 13 26 14 -7 28 -1 17 -9 -17 -8 -12 -22 -2 -4 -5 -19 -3 -20 29 -6
right_child=2 5 6 8 12 10 19 16 -10 -11 20 -13 -14 -15 -16 18 -18 25 27 -21 21 -23 -24 -25 -26 -27 -28 -29 -30 -31
leaf_value=-0.0097972668667070557 0.013653325290685945 -0.0027103505200522984 0.029845994064745557 0.042451839060453918 0.0023713336442411563 0.0058405295059298168 0.038297821014658354 -0.013320565236353178 0.025465998755063887 0.020552093859621104 0.011776697821060125 0.0079053937224979332 0.0053017132377519679 0.013060384522434311 0.0030345061567364374 -0.0067006817290714161 -0.00064657825454826406 0.0032735868478231361 0.034836201280955714 0.045568294311305116 0.016674075052281988 0.037737672507368099 0.043053059839396168 0.036003392248201836 0.020544456796800562 -0.0060038533997240004 0.0033661004507692656 -0.0016927558752201513 0.038610722441026112 -0.003994901183705323
leaf_weight=15569.273463528603 11018.889709368348 3485.084015853703 6810.0605187267065 1609.6636052727699 3273.2388267219067 12394.849711731076 3806.9833208918571 2770.8217603340745 6435.9660996794701 14967.108282878995 7526.822221070528 11512.163738831878 7331.3771919608116 6553.9393599331379 8253.9321591109037 15647.078183040023 16034.646916676313 1929.3156482726336 82.433170050382614 5799.1215493679047 3702.8229613602161 358.82258003950119 136.750852227211 5619.2186923623085 285.17552471160889 4092.5755341202021 20616.976266436279 5307.3200553804636 61.461317986249924 15139.392461173236
leaf_count=18620 8010 3674 2745 243 3118 10947 891 3509 3158 8815 5754 9692 6554 4842 7753 17744 16242 1803 25 514 2468 88 19 1573 168 4584 19229 5487 14 16349
internal_value=0.00767909 0.00097385 0.0268663 0.0203761 -0.00330346 0.00714835 0.0370141 -0.00535582 0.0285795 0.0177599 0.0105416 0.00423879 0.000398424 0.00833771 -0.000946526 -0.00719811 -0.00263951 -0.00627387 -0.00527448 0.0426869 0.0141454 0.0185349 0.0140137 0.0326297 0.0391548 -0.00303151 0.00248746 -0.00113407 -0.00272519 -0.00286317
internal_weight=218133 161644 56488.9 34453.6 95492.9 66151.5 22035.4 61433.5 8330.81 26122.7 30537.3 35614.2 34059.4 18948.8 26728 36606.1 24827.4 8792.71 21036.8 9606.1 11588.5 4061.65 11155.6 12429.3 1894.84 6021.89 24102.1 5389.75 18474.1 18412.6
internal_count=184632 158496 26136 20413 101802 56694 5723 68014 3569 16844 24099 32595 33788 15789 27234 41876 26138 9896 23256 1405 8310 2556 8029 4318 411 6387 22903 5512 19481 19467
is_linear=0
shrinkage=0.05


Tree=34
num_leaves=31
num_cat=0
split_feature=10 10 16 18 19 19 32 20 29 16 16 32 11 4 20 1 20 10 1 2 21 5 29 21 9 24 6 28 20 8
split_gain=10524.1 1641.19 1356.46 291.621 239.375 182.191 181.901 153.461 114.159 98.0163 90.868 78.3547 70.2271 69.6835 66.3528 64.6802 63.7234 60.9034 59.9511 55.1745 51.9503 47.3041 53.3101 45.6635 43.5005 43.0113 52.0061 39.4139 39.3837 40.9642
threshold=1.1284570006606831 0.18427232222038739 2.1255147836909312 -0.21139439370358742 1.213687191648338 0.5106440568774181 -2.5688145039938228 -0.039618148921874721 -3.012356386587963 0.698778996701794 1.490140847879909 -1.1206458576549225 -0.93917653551708369 -0.23462345182417868 1.6336591796466455 1.4846509032658053 0.70448391368879359 2.4865809904371239 -0.99226138209170833 0.32343241555432412 -0.28347244728034254 1.0000000180025095e-35 -0.51592137007864147 -0.35418981391649768 -1.6747553987675772 -1.8713447490595676 -0.96917281313937365 3.1315240060345997 -1.3814124954538878 0.79174686527241656
decision_type=2 2 2 2 2 2 2 2 2 2 2 2 2 2 2 2 2 2 2 2 2 2 2 2 2 2 2 2 2 2
left_child=1 3 4 7 10 9 -4 13 15 23 20 -6 -5 28 18 -7 24 -8 -10 27 -2 22 -15 -3 -14 26 -23 -9 -1 -30
right_child=2 5 6 12 11 8 17 19 14 -11 -12 -13 16 21 -16 -17 -18 -19 -20 -21 -22 25 -24 -25 -26 -27 -28 -29 29 -31
leaf_value=-0.012046175413364951 0.0054561124772899774 -0.00025418493920839152 0.043355810009984369 0.0081104609813133187 0.02898855538108628 0.013871312068350223 0.029453365479061373 -0.0022929370837978503 0.015430685254872401 0.0087284574140242804 0.021226496991650523 0.021923249316147919 0.013992171314903899 0.0013349751479977952 0.016153407292351828 0.04354318941487479 0.0046831135093295569 0.03736891032999147 0.0081271725961935236 0.005248812595519816 0.015612223349033639 0.043804179014428957 -0.010096556266482287 0.0047869714823378096 -0.0010843293326165033 -0.0019935884970201621 -0.0076803179145631898 0.040034696300895858 -0.0054316856842885394 -0.009566790721584251
leaf_weight=4503.9037173241377 1451.3775882869959 7223.2790272459388 8262.8582109212875 2929.132256552577 8114.6253037452698 337.6817901134491 5042.1882886439562 15631.174023874104 3254.3312196433544 11467.950320571661 8200.2528521120548 7598.8137860298157 486.00542077422142 1350.0455465465784 3908.8129535317421 402.6755884885788 6243.8093621581793 4690.8066896796227 20569.425408124924 3007.741421148181 9506.2848476171494 112.97937685251236 4169.9560786187649 11880.425131052732 30758.943500444293 9641.5734004974365 86.684681637212634 55.191492348909378 16037.758708752692 9559.0175846740603
leaf_count=5589 1293 7260 1098 2454 3410 244 2072 16348 2250 9466 4719 4267 350 1314 2646 52 5659 1185 17226 2692 6538 14 5012 10743 31426 10026 100 11 17780 11388
internal_value=0.007357 0.00109049 0.0267512 -0.00267231 0.0209977 0.0077548 0.0379 -0.00476804 0.0106328 0.0050744 0.0172459 0.0255719 0.000654278 -0.00633616 0.0101155 0.0300097 7.16992e-05 0.0332683 0.00912483 -0.00095456 0.014267 -0.00359594 -0.00730071 0.00288087 -0.000849819 -0.00151791 0.021452 -0.00214401 -0.00773458 -0.00697592
internal_weight=216486 163618 52867.2 104574 34871.4 59044.6 17995.9 64156 28472.9 30571.7 19157.9 15713.4 40417.9 45461.9 27732.6 740.357 37488.8 9732.99 23823.8 18694.1 10957.7 15361.2 5520 19103.7 31244.9 9841.24 199.664 15686.4 30100.7 25596.8
internal_count=184632 160050 24582 110163 20227 49887 4355 70274 22418 27469 12550 7677 39889 51223 22122 296 37435 3257 19476 19051 7831 16466 6326 18003 31776 10140 114 16359 34757 29168
is_linear=0
shrinkage=0.05


Tree=35
num_leaves=31
num_cat=0
split_feature=16 10 16 29 10 16 20 10 4 21 25 25 1 25 2 20 11 3 29 20 20 2 29 20 29 8 11 28 9 5
split_gain=9863.97 1441.51 1414.81 282.684 260.634 224.434 203.721 164.462 92.68 89.6199 82.13 69.7972 67.0639 66.5275 66.1661 58.9766 57.9748 57.705 62.7482 53.7986 49.956 46.0826 53.9408 42.2215 40.1787 52.5228 48.4864 40.0709 39.9122 38.8111
threshold=1.0745479085503651 2.0102817247023039 0.0099258315500530634 -3.012356386587963 0.58220331251216351 2.9113238709620717 -0.039618148921874721 1.2917642984724738 -0.81504442304069236 0.44409576849896715 0.084705020301588177 1.8944017200957433 1.2797768867823514 -0.99684640721459183 0.27203539355597034 1.3200222596003404 0.64747370468423682 -1.0925980049725312 -0.77353294106965709 0.69129888104293025 2.2310911147635006 0.94764334450090049 0.92147709659478505 0.78715491240962898 -1.0927946835633973 1.2116149787657384 -0.18260537290187975 3.1315240060345997 -1.5697890857238204 0.35993122193886878
decision_type=2 2 2 2 2 2 2 2 2 2 2 2 2 2 2 2 2 2 2 2 2 2 2 2 2 2 2 2 2 2
left_child=2 3 6 12 9 11 8 -5 16 17 -6 -3 -2 -10 19 -9 -1 -4 -19 24 28 -11 -23 -20 25 -8 -27 -26 -12 -14
right_child=1 5 4 7 10 -7 14 15 13 21 20 -13 29 -15 -16 -17 -18 18 23 -21 -22 22 -24 -25 27 26 -28 -29 -30 -31
leaf_value=-0.0084180569324918235 0.026994538597381487 0.029085123565513467 0.0077952926242401983 0.013148005743497192 0.0057904170205796655 0.044082332801772865 -0.0027957376649165966 0.018623504135846083 -0.0064364972271081754 0.0058654141665900744 0.022529178483410586 0.03604783632954521 0.046679001491962649 -0.0021204261322543467 0.0046433703873315522 0.02446519298343007 0.0032334245566863757 0.0062901810761642959 -0.0010381397578924231 0.0025185112443670554 0.023681981116038642 0.011751002975572576 0.041928476434077717 0.0068126620116103044 -0.0035318413196699394 0.026399053277398828 -0.00058847586201796632 0.038550382982574523 0.010675828145954832 0.022869157593958071
leaf_weight=18712.536112360656 1325.7721457481384 7050.0058094710112 3664.2831964641809 11649.301728561521 8516.2531446367502 6100.3768794536591 946.09910254180431 12118.944122597575 13459.375353503972 13772.645389810205 738.9658882021904 7353.6981567144394 1099.0670952796936 26520.312725655735 6225.1098143607378 6714.3644417226315 1132.2188873440027 4581.3504787385464 16810.957535624504 7193.3296279460192 828.32982409000397 1291.5371343493462 167.25466951727867 1906.808890491724 15866.25789412111 406.76334404945374 281.68470692634583 56.770458996295929 18225.43149022758 202.72131189703941
leaf_count=21863 610 2949 3093 8586 7530 722 999 7605 15192 12157 406 2052 73 27645 5647 3429 1059 4005 17160 6831 436 988 27 1647 16987 192 285 13 14334 110
internal_value=0.00704605 0.0256259 0.00087049 0.0191741 0.00618464 0.0360442 -0.00325579 0.0178177 -0.00495998 0.00369457 0.00989612 0.0326399 0.03491 -0.00357345 3.55355e-05 0.0207062 -0.0077533 0.00196266 0.00104535 -0.00112338 0.0116627 0.00676048 0.0152109 -0.000238366 -0.00261547 0.00484988 0.0153569 -0.00338181 0.0111377 0.0429712
internal_weight=214919 53614.3 161304 33110.2 70503.8 20504.1 90800.5 30482.6 59824.4 42194.8 28309 14403.7 2627.56 39979.7 30976 18833.3 19844.8 26963.4 23299.1 24750.9 19792.7 15231.4 1458.79 18717.8 17557.6 1634.55 688.448 15923 18964.4 1301.79
internal_count=184632 26136 158496 20413 61783 5723 96713 19620 65759 39077 22706 5001 793 42837 30954 11034 22922 25905 22812 25307 15176 13172 1015 18807 18476 1476 477 17000 14740 183
is_linear=0
shrinkage=0.05


Tree=36
num_leaves=31
num_cat=0
split_feature=10 10 16 18 20 10 29 29 20 16 25 20 9 21 11 27 1 2 28 10 9 2 14 20 15 8 1 21 29 19
split_gain=9231.99 1495.09 1187.94 245.939 203.157 190.356 187.651 125.856 123.116 111.369 82.0456 65.1436 63.2133 62.8154 61.2809 56.9732 55.3891 52.4099 66.5642 50.6484 50.0233 46.8541 45.677 44.775 44.2459 43.4742 45.2337 40.1329 39.0456 38.8698
threshold=1.1941432312481204 0.19438436378624571 2.1255147836909312 -0.21139439370358742 1.9862780268978308 0.70364482715743237 -1.9639944025134659 -4.3271377947710503 -0.039618148921874721 1.5574997139450388 0.44850267568119317 -0.33848080880978043 -1.6747553987675772 0.42924111139708826 -0.96263410663149618 0.26083398398953611 -0.99226138209170833 0.91586560314467469 0.30120826780346449 2.3511182737617973 -0.7825417378956443 0.32343241555432412 -0.43511220500505049 0.70448391368879359 2.928700644736264 1.5789995780723951 -1.4514519560184282 -0.81498480336961909 -2.7037185081695623 -1.1243363808402516
decision_type=2 2 2 2 2 2 2 2 2 2 2 2 2 2 2 2 2 2 2 2 2 2 2 2 2 2 2 2 2 2
left_child=1 3 4 8 9 10 24 -7 15 13 16 -9 -5 -2 -14 -1 22 -12 -19 -8 -17 -10 -3 -16 -4 26 -13 -22 -6 -18
right_child=2 5 6 12 28 7 19 11 21 -11 17 25 14 -15 23 20 29 18 -20 -21 27 -23 -24 -25 -26 -27 -28 -29 -30 -31
leaf_value=-0.0036933906381292196 0.010005908883503082 0.048564290819833079 0.03843965038957186 0.014163068204140506 0.035639817724522509 0.043459797139653006 0.027203993365521165 0.0055861597453889002 -0.0019754285818973172 0.022120518115783347 0.0068357268371565753 0.018242290772706279 0.0076393525486366971 0.017483447982620866 -0.00091745022462246483 -0.010512705404935225 -0.0093242665540565536 0.0086567530214072888 0.029932008827684854 0.035062121276985651 -0.0082676606722424158 0.0048196783164380537 0.0076867792540517626 0.0037670093943641793 0.045734106141380078 0.0226428816364906 0.010358377151084924 -0.003517016414272699 0.026230865170686991 0.0022179997830790135
leaf_weight=20190.566980876029 3985.5887594744563 69.651988983154297 3944.5174034833908 848.28690230846405 1417.1129229068756 290.51086729764938 3594.9278850257397 5575.9645760580897 15793.039556629956 10615.333576574922 13326.993776619434 2037.3006007671356 2704.1607453227043 9510.5409699827433 31330.123423963785 8036.328842766583 766.12830853462219 1002.5821141004562 580.52646228671074 4773.1007509827614 8427.4878081697971 3022.3335078805685 3625.3444517850876 6093.0516559183598 4395.3273326158524 868.14699220657349 17007.376372590661 9409.1568169891834 4968.6284624934196 15218.073685280979
leaf_count=21682 3188 2 912 608 407 38 1639 4953 16417 5919 11505 1294 2291 6185 31905 9726 909 829 233 1426 9821 2731 3068 5634 375 475 13484 10071 2362 14543
internal_value=0.00674611 0.00120445 0.02626 -0.00237659 0.0203891 0.00748369 0.0369762 0.0107359 -0.00429191 0.0182889 0.0050598 0.010363 0.000656028 0.0152752 0.00037049 -0.00568395 0.00294016 0.00785743 0.0164584 0.0316862 -0.00723733 -0.000883923 0.00845733 -0.00015475 0.042284 0.0117006 0.0112018 -0.00576161 0.0283189 0.00166477
internal_weight=213428 166223 47205.1 105855 30497.2 60368.6 16707.9 25779.3 64878.9 24111.5 34589.3 25488.8 40975.6 13496.1 40127.3 46063.5 19679.2 14910.1 1583.11 8368.03 25873 18815.4 3695 37423.2 8339.84 19912.8 19044.7 17836.6 6385.74 15984.2
internal_count=184632 162219 22413 110886 18061 51333 4352 20244 70448 15292 31089 20206 40438 9373 39830 51300 18522 12567 1062 3065 29618 19148 3070 37539 1287 15253 14778 19892 2769 15452
is_linear=0
shrinkage=0.05


Tree=37
num_leaves=31
num_cat=0
split_feature=16 16 10 29 10 21 16 10 4 21 20 3 29 1 27 5 29 20 20 2 25 32 2 3 29 24 30 28 14 8
split_gain=8643.47 1284.83 1267.14 283.171 233.531 197.26 168.521 167.377 108.58 88.1551 78.0061 63.8373 66.4596 60.799 57.5535 54.0344 57.3561 53.4218 51.5459 46.5741 51.3294 46.1349 44.0248 43.5281 64.6328 49.5383 51.8169 42.8249 43.2651 42.2105
threshold=1.1369030491126153 0.080830160114770747 2.1590284964731041 -3.012356386587963 0.66181040066101116 0.14429510848576088 2.9113238709620717 1.4274327553375106 -0.23462345182417868 0.93916024552015431 1.5951428612005076 -1.0925980049725312 -0.77353294106965709 1.2797768867823514 -0.27169464644834496 1.0000000180025095e-35 -0.77353294106965709 2.0611697630248655 -0.81167692775254408 0.94764334450090049 0.62897103550175049 -2.1318435543125287 0.32343241555432412 0.28081040834172971 0.29650694144326389 -1.8713447490595676 0.45481041270974354 1.7769379724814454 -0.39552887499783335 1.6314830922590604
decision_type=2 2 2 2 2 2 2 2 2 2 2 2 2 2 2 2 2 2 2 2 2 2 2 2 2 2 2 2 2 2
left_child=1 5 3 13 9 8 21 -5 14 11 18 -3 -13 -2 -1 16 -10 -9 -6 -11 -21 -4 -7 24 -17 -26 -27 -24 -29 -14
right_child=2 4 6 7 10 22 -8 17 15 19 -12 12 29 -15 -16 23 -18 -19 -20 20 -22 -23 27 -25 25 26 -28 28 -30 -31
leaf_value=-0.0023212653024740938 0.027603137104736625 0.0085428861525976164 0.036969307218389681 0.013582476880169862 0.0032331790192636073 0.00033539482169135589 0.04360282416289684 0.019819939172440199 0.0031321733023444106 0.0074455593784946636 0.016692913803586531 0.0066160085060422997 0.00046956353073486262 0.042015976812512214 -0.0065977431726153852 -0.00047007871005482708 -0.0063554750248432205 0.027061966698892631 0.0099236608802934032 0.0072560148409579394 0.032030852960578837 0.030162529725318899 0.0033934590888144663 -0.0035803431015387563 0.034284281910303027 0.0030699437517118658 0.01991587108532776 0.029107294062176176 0.0065889408487991592 0.014063777223425618
leaf_weight=10343.786546126008 1620.7627001404762 4328.5695320516825 4098.0169744491577 12794.664770796895 3404.1227661222219 18467.88063198328 5572.7716406285763 13179.231223657727 1956.56608261168 6830.0745100975037 3748.4515842795372 6256.9162109941244 22695.136168032885 1333.9139599502087 32864.384621970356 10627.088633462787 8571.483066380024 3156.3298814892769 18656.893722578883 408.24457380175591 428.51226958632469 6341.5343900769949 3252.7623178213835 6411.8663685694337 165.43946814537048 2467.5018353462219 560.09598922729492 361.3701406121254 520.60466574132442 585.75994983315468
leaf_count=10824 726 3589 1068 9319 3184 18344 713 7955 1834 5813 2497 5429 22482 213 37201 10727 9661 1448 14954 349 154 2516 3032 6871 52 2316 337 151 452 421
internal_value=0.00645692 0.000988177 0.0250942 0.019361 0.00628924 -0.00270846 0.0365822 0.017865 -0.00395764 0.00396817 0.0100244 0.00287214 0.00204113 0.0341099 -0.00557398 -0.00168719 -0.00459226 0.0212192 0.00889129 0.00880958 0.0199435 0.0328345 0.00137953 -0.000175484 0.00140421 0.00764221 0.00618639 0.00604315 0.0158154 0.000811601
internal_weight=212011 163914 48097.2 32084.9 67342.7 96570.8 16012.3 29130.2 73968.2 41533.2 25809.5 33866.4 29537.8 2954.68 43208.2 30760 10528 16335.6 22061 7666.83 836.757 10439.6 22602.6 20232 13820.1 3193.04 3027.6 4134.74 881.975 23280.9
internal_count=184632 160674 23958 19661 58872 101802 4297 18722 79823 38237 20635 31921 28332 939 48025 31798 11495 9403 18138 6316 503 3584 21979 20303 13432 2705 2653 3635 603 22903
is_linear=0
shrinkage=0.05


Tree=38
num_leaves=31
num_cat=0
split_feature=10 16 16 21 32 20 10 4 29 16 25 1 27 10 21 20 20 2 8 3 28 1 8 1 11 24 1 2 24 29
split_gain=8085.87 1245.58 1148.87 229.112 192.937 191.521 178.387 129.57 116.961 101.572 70.6075 63.7617 61.3382 60.2253 58.648 56.4401 51.1144 48.6205 67.0942 45.9689 45.8574 44.7166 44.6106 42.7973 42.3243 42.2635 40.3643 39.0723 49.1512 40.0322
threshold=1.1941432312481204 0.23178092221463029 2.1255147836909312 0.14429510848576088 -2.5688145039938228 1.9862780268978308 0.66181040066101116 -0.10082503325137634 -4.3271377947710503 1.5574997139450388 0.47677286586886636 1.3688024695589422 0.30537720115696293 2.4865809904371239 0.42924111139708826 -0.33848080880978043 0.33007692979675235 -0.37951249872347043 -1.0976596454475318 -1.5540970420678788 0.86744389771392849 -0.91602109827934342 1.5789995780723951 -1.4514519560184282 0.70201584892600521 -0.66711414360179366 1.2797768867823514 0.32343241555432412 1.4585817220385366 -1.6561564200354002
decision_type=2 2 2 2 2 2 2 2 2 2 2 2 2 2 2 2 2 2 2 2 2 2 2 2 2 2 2 2 2 2
left_child=1 3 5 7 26 9 10 12 -8 14 19 -12 24 -6 -2 -10 17 18 -9 -3 -13 -19 23 -17 -1 -14 -4 28 29 -5
right_child=2 6 4 27 13 -7 8 16 15 -11 11 20 25 -15 -16 22 -18 21 -20 -21 -22 -23 -24 -25 -26 -27 -28 -29 -30 -31
leaf_value=-0.0039270738347237403 0.0090699478083493008 0.010778784713621266 0.038005957212178115 0.009357964307847912 0.026973091872713892 0.027111027375998277 0.042914827288782986 0.041281226989614173 0.0052947366074909399 0.020874979400977347 0.006796411303292671 0.014606844945625858 -0.0089006877836552822 0.035379453321035322 0.016390018089964233 0.017212380433608062 0.0045344753691972011 0.0026690505194547965 0.00079577654146372389 0.0019965090528666707 0.046124155559356943 -0.0028575270455839272 0.021825007832464664 0.0096316072489276341 0.0030424739252029979 -0.0047919335946550144 0.04563008386399927 0.005467901293581265 0.0073044367385207325 -0.00055125597074043829
leaf_weight=22141.012209258974 3894.4489789679646 1620.2965541183949 3189.0831688642502 1078.9321753531694 4492.5701391547918 6048.7642790675163 268.16565698385239 154.83830162882805 5631.3279639109969 10161.36620670557 10830.118836119771 370.12806847691536 11994.766552332789 4052.5160581469536 9201.1355583071709 2086.1532812416553 3816.0782555192709 4395.6439128816128 301.80336041748524 18530.943942777812 167.70538944005966 21873.895063849166 901.50868363678455 17310.572757586837 2416.0131375789642 13087.692894935608 3810.1417341828346 5808.1700040102005 2609.1704045683146 18417.940011426806
leaf_count=23880 3188 1271 765 877 2069 2769 38 27 5035 5919 9358 262 14130 1185 6185 1368 3470 4161 297 17791 13 23124 508 13976 2269 14342 333 5173 2228 18621
internal_value=0.00617833 0.00108371 0.0250134 -0.00208289 0.0360013 0.0191852 0.00701434 -0.00344109 0.0100633 0.0171238 0.00448012 0.00763089 -0.00501769 0.0309598 0.0142131 0.00972358 -0.000878686 -0.0016516 0.0145236 0.00270266 0.0244345 -0.00193277 0.0109523 0.0104469 -0.00324138 -0.00675679 0.0421563 0.00181845 0.00085959 -2.89229e-06
internal_weight=210663 165813 44850 108096 15544.3 29305.7 57716.9 80181.7 26197.7 23257 31519.2 11368 49639.5 8545.09 13095.6 25929.6 30542.3 26726.2 456.642 20151.2 537.833 26269.5 20298.2 19396.7 24557 25082.5 6999.22 27914.2 22106 19496.9
internal_count=184632 162219 22413 112599 4352 18061 49620 85700 20925 15292 28695 9633 54621 3254 9373 20887 31079 27609 324 19062 275 27285 15852 15344 26149 28472 1098 26899 21726 19498
is_linear=0
shrinkage=0.05


Tree=39
num_leaves=31
num_cat=0
split_feature=10 10 16 18 32 20 29 16 20 30 21 21 9 30 10 10 11 3 3 24 20 1 9 19 29 9 20 4 11 2
split_gain=7550.11 1210.39 1047.16 219.269 193.657 175.504 163.516 132.212 96.6896 86.1521 82.2229 70.848 62.9691 61.477 60.0795 59.1412 53.8305 53.4051 51.5804 50.9687 63.1739 41.4164 39.3688 39.2477 38.0792 37.8207 36.418 34.8584 46.9945 41.956
threshold=1.2411303791053123 0.25755990328840295 2.1255147836909312 -0.21139439370358742 -2.5688145039938228 1.9862780268978308 -3.012356386587963 0.698778996701794 -0.039618148921874721 0.2429104732318946 -0.35418981391649768 2.7653271687796583 -1.6747553987675772 1.2532498649528629 1.7005965419424485 2.4865809904371239 -0.93917653551708369 -1.1612815500523548 -0.30361482402003986 1.5860345742940554 0.77327573578166975 1.2797768867823514 -1.6747553987675772 -1.4511038260472118 -2.7037185081695623 0.79195295776070807 1.8412660681006734 -0.1512528575099655 0.6738029360221488 -0.37951249872347043
decision_type=2 2 2 2 2 2 2 2 2 2 2 2 2 2 2 2 2 2 2 2 2 2 2 2 2 2 2 2 2 2
left_child=1 3 5 8 21 9 11 10 18 -2 -8 -3 -5 17 -11 -6 -14 -9 -1 27 -21 -4 -10 -20 -7 -25 -12 28 -18 -29
right_child=2 6 4 12 15 24 7 13 22 14 26 -13 16 -15 -16 -17 19 -19 23 20 -22 -23 -24 25 -26 -27 -28 29 -30 -31
leaf_value=-0.0018322690149142635 0.010036691395422195 0.040314000872103489 0.037541338991328443 0.013885222453365315 0.026386648036882201 0.034404230293979751 -0.00071812510844779243 0.013613859159635956 0.0098767136297804835 0.01589069075553828 0.0054057504254085061 0.011090302596613193 0.0066866825249851511 0.013975902342670286 0.021850575650779636 0.034852927197765622 -0.0029871212034670086 0.0069191501939123937 -0.01003093798461566 0.027777271489412655 0.0013409638426464996 0.045426064896104248 -0.0011899710642485715 -0.0058563945962925032 0.024598115197655718 -0.00088932958779861209 0.014952245368763512 0.016508804303594915 0.0038947503319698585 0.00083752959954424243
leaf_weight=10603.433161109686 3754.6941256448627 521.37108105421066 3070.1533474326134 908.21548092365265 4364.0564061179757 1275.9870383739471 6023.4876422286034 3616.7616823613644 839.91126111149788 10086.689152851701 22364.991212934256 344.38715556263924 3336.1563665270805 5685.0834028124809 7280.7883221805096 3911.6468739509583 14829.075110971928 16891.495947852731 4753.3823333382607 366.74164444208145 588.79094681143761 3640.1915749907494 18605.206840127707 27320.059072906151 4416.9950698018074 4457.7124889343977 1045.7160646021366 435.93546688556671 2979.0533805042505 21062.814618662
leaf_count=10992 3001 101 765 656 2061 398 6110 2632 674 6881 19947 268 2890 4096 4099 1185 15715 14554 5707 163 573 333 19048 30520 2244 4537 733 292 2747 20710
internal_value=0.00591004 0.00116804 0.0249206 -0.00186229 0.0355065 0.0190045 0.00712677 0.00679118 -0.00367852 0.0169044 0.00449171 0.0286892 0.000854682 0.00937517 0.0183892 0.0303884 0.000583239 0.0080998 -0.00490236 7.75055e-05 0.0114874 0.0418186 -0.000711957 -0.00579347 0.026796 -0.00515963 0.00583218 -0.000199865 -0.00183588 0.0011553
internal_weight=209381 167580 41801.2 111086 14986 26815.2 56493.3 55627.5 66579.7 21122.2 29434.2 865.758 44506.8 26193.3 17367.5 8275.7 43598.6 20508.3 47134.6 40262.4 955.533 6710.34 19445.1 36531.2 5692.98 31777.8 23410.7 39306.9 17808.1 21498.8
internal_count=184632 163665 20967 115224 4344 16623 48441 48072 71478 13981 26790 369 43746 21282 10980 3246 43090 17186 51756 40200 736 1098 19722 40764 2642 35057 20680 39464 18462 21002
is_linear=0
shrinkage=0.05


Tree=40
num_leaves=31
num_cat=0
split_feature=16 10 16 29 25 16 25 10 20 4 4 3 1 24 1 21 9 21 10 21 4 32 9 13 5 29 5 5 8 8
split_gain=7053.82 1157.98 998.259 261.202 199.508 175.422 158.308 138.905 106.295 105.585 68.766 65.1386 61.9506 56.7412 53.9443 55.3001 50.6775 50.6432 47.3532 46.0552 45.7956 45.1209 43.8607 43.1652 42.1318 40.7104 57.0353 88.0739 72.897 80.1938
threshold=1.1574816740737039 2.1590284964731041 0.23178092221463029 -3.012356386587963 -0.72568946412155133 2.9113238709620717 0.47677286586886636 1.5541279312365825 0.69129888104293025 -0.96224146490552842 0.2155382449833057 -1.5540970420678788 1.2797768867823514 1.4975377495907483 -0.91602109827934342 -1.0362320714086928 -1.6747553987675772 1.2311794766862609 0.68905893379225625 1.1807102729391772 -0.23462345182417868 -2.1318435543125287 0.68698664471695126 0.60429297670031001 0.35993122193886878 -1.0927946835633973 -1.0000000180025095e-35 0.35993122193886878 0.47684578015242507 1.106647950392408
decision_type=2 2 2 2 2 2 2 2 2 2 2 2 2 2 2 2 2 2 2 2 2 2 2 2 2 2 2 2 2 2
left_child=2 3 4 12 16 21 11 19 9 -6 13 -4 -2 -8 -11 -16 -1 22 -13 -5 -18 -3 23 25 -14 -17 -27 28 -28 -30
right_child=1 5 6 7 8 -7 10 -9 -10 14 -12 18 24 -15 15 17 20 -19 -20 -21 -22 -23 -24 -25 -26 26 27 -29 29 -31
leaf_value=0.0073666764279197196 0.025883634597572643 0.035458912260097862 0.011119997653088621 0.011185319390482361 -0.0050952323983260508 0.042754570526491002 0.0037716467359457302 0.020252957000870344 0.0037595222974274307 0.005279396017317123 0.011805972530409025 0.0017435957313290545 0.04586142112454894 0.010709835258102221 -0.0081129444366689462 0.0036476032150884381 -0.0067622487435128583 0.011188037166100747 0.0061567524948781815 0.017330628217970066 -0.0031467860499848894 0.028379454822866301 0.0027195703751950718 -0.020376770987021189 0.022168508568643733 -0.0048179021397442585 -0.00099003363685826748 -0.0030666868872559401 0.015600144666479422 -0.0011665584530141711
leaf_weight=822.12684890627861 1484.469131231308 3672.3525104522705 2847.2220563590527 10253.85225237906 13781.591739557683 4920.3432424366474 7278.0009717196226 12130.617482386529 12823.180673673749 4227.357932522893 12979.778069466352 18699.072462156415 954.43381443619728 4951.620874658227 2341.991122841835 3780.8185155242682 20135.742066074163 952.02605596184731 9005.9478376954794 4338.926411062479 15501.407728563994 5813.9144486784935 8325.8549687564373 296.26252709329128 233.54838845133781 10170.035308912396 2966.265935972333 9293.0240961909294 2100.2995258420706 1079.8068442642689
leaf_count=701 716 1068 2214 7960 15186 713 6729 7217 11859 3781 9915 18047 79 3891 2722 3505 22859 739 7897 2835 16477 2514 7873 417 130 11150 3025 9863 1445 1105
internal_value=0.00565183 0.0234809 0.000900293 0.0177897 -0.00189194 0.0350936 0.00633827 0.0162992 -0.000368378 -0.00126077 0.00927114 0.00391828 0.0326938 0.00658083 -0.000100208 -0.000650765 -0.00490647 -0.000202244 0.00317816 0.0130125 -0.0051896 0.0311201 -0.000487515 -0.00138697 0.0412036 -0.00119555 -0.00191056 4.52223e-06 0.00464805 0.009907
internal_weight=208162 43802.5 164359 29395.8 108598 14406.6 55761.6 26723.4 72138.5 59315.3 25209.4 30552.2 2672.45 12229.6 45533.7 41306.4 36459.3 38964.4 27705 14592.8 35637.1 9486.27 38012.4 29686.5 1187.98 29390.3 25609.4 15439.4 6146.37 3180.11
internal_count=184632 23232 161400 18937 112707 4295 48693 18012 72670 60811 20535 28158 925 10620 45625 41844 40037 39122 25944 10795 39336 3582 38383 30510 209 30093 26588 15438 5575 2550
is_linear=0
shrinkage=0.05


Tree=41
num_leaves=31
num_cat=0
split_feature=10 16 10 20 10 21 16 29 4 28 21 29 30 9 25 20 1 25 25 4 28 32 32 29 9 1 8 3 3 1
split_gain=6596.71 1070.57 929.665 190.927 182.193 181.358 149.446 121.146 117.557 75.6757 78.5525 72.8767 70.529 62.9765 61.0895 60.4355 59.877 57.2823 53.707 49.2277 48.1193 46.567 51.6152 77.5247 51.2061 43.5322 42.8993 43.853 41.2994 41.0224
threshold=1.2917642984724738 0.23178092221463029 2.2469083887921717 1.6749896086434124 0.70364482715743237 0.5209213086733232 2.9113238709620717 -4.3271377947710503 -0.10082503325137634 2.1968823071068675 0.53852784473565662 -3.4176241146047577 0.2429104732318946 -1.6747553987675772 0.47677286586886636 -0.20885457383301298 1.3688024695589422 -0.90185719554021893 -0.49198647472165541 2.735867087057557 0.86744389771392849 -0.72454832322156448 -0.10769629658942982 -1.6994675209361152 0.42457086210755912 -0.20638969766196 1.6314830922590604 -0.6887830825001876 -1.1612815500523548 -0.96577023576719512
decision_type=2 2 2 2 2 2 2 2 2 2 2 2 2 2 2 2 2 2 2 2 2 2 2 2 2 2 2 2 2 2
left_child=1 5 3 12 14 8 -4 -6 13 -7 -11 -5 -2 -1 28 -9 -16 -15 -10 26 -18 -19 23 -23 25 -24 27 -17 -3 -14
right_child=2 4 6 11 7 9 -8 15 18 10 -12 -13 29 17 16 19 20 21 -20 -21 -22 22 24 -25 -26 -27 -28 -29 -30 -31
leaf_value=0.0061472836581445995 0.0092679179711381756 0.0080097160086379498 0.031190417045050718 0.035168301132853054 0.042309267951203121 0.0022069915764928909 0.042496551447385247 0.0050664830396696253 -0.0022087026660635098 0.043164102844693054 0.0092579798476025692 0.022939714267461841 0.021664454332329382 -0.0067444612743679149 0.0060709801849487127 0.014112554585391603 0.013336196992284248 -0.0071651418580213101 0.0016572533266726215 0.039050874664883821 0.044967363310637158 0.046905636732665464 -0.00062716280480515536 0.0016641672808744646 0.00089261097917040042 -0.0056922195165844108 0.023107311194886272 0.0085900509524656152 0.0015369587405178221 0.015747308096990199
leaf_weight=1474.2530304044485 3252.9640926718712 2849.4686975181103 7735.4186992198229 1513.6499401330948 279.55727422237396 14856.775574401021 4697.8398409187794 6591.9611894339323 19216.144985351712 212.11555290222168 877.4724435210228 6245.3146830499172 4079.6814480721951 16944.385023128241 11598.255599558353 4764.8975282013416 417.30531947314739 6346.5249652415514 16871.19694814086 150.69696831703186 168.89754915237427 96.950477242469788 5749.8778140991926 4062.2037288099527 5873.8614628314972 16177.304623164237 639.57903718948364 14637.786670476198 18234.513912089169 10386.045007452369
leaf_count=1293 2650 2393 2910 449 43 14201 705 5924 20065 29 715 3380 2312 19230 10190 3420 306 7256 16312 33 17 6 5822 3927 5769 18019 344 12123 17674 7115
internal_value=0.00540352 0.00117717 0.0242541 0.0187844 0.00651876 -0.00178603 0.0354624 0.00956508 -0.00263234 0.00313979 0.0158587 0.0253253 0.0159202 -0.00405166 0.00404053 0.00922333 0.00685898 -0.0043238 -0.000401329 0.0105803 0.0224498 -0.00325305 -0.00247621 0.00271875 -0.0032534 -0.00436403 0.0103663 0.00994626 0.00241174 0.0174161
internal_weight=207003 169092 37910.9 25477.7 60332.9 108759 12433.3 27064.5 92812.7 15946.4 1089.59 7758.96 17718.7 56725.4 33268.4 26784.9 12184.5 55251.1 36087.3 20193 586.203 38306.7 31960.2 4159.15 27801 21927.2 20042.3 19402.7 21084 14465.7
internal_count=184632 165111 19521 15906 52467 112644 3615 21887 97699 14945 744 3829 12077 61322 30580 21844 10513 60029 36377 15920 323 40799 33543 3933 29610 23841 15887 15543 20067 9427
is_linear=0
shrinkage=0.05


Tree=42
num_leaves=31
num_cat=0
split_feature=10 10 10 20 18 29 16 18 1 20 29 19 23 9 24 20 1 29 11 9 9 20 20 32 3 11 9 11 20 9
split_gain=6148.12 979.342 909.42 183.29 177.919 164.07 150.796 119.501 82.9828 75.1246 71.6897 69.8543 66.7565 60.0262 50.8011 63.4682 49.6243 51.0885 45.7518 42.874 54.282 42.8537 41.2876 40.4101 36.9077 36.8898 36.6934 36.0769 35.8453 35.7608
threshold=1.2917642984724738 0.29010191737554164 2.2469083887921717 1.6749896086434124 -0.21139439370358742 -3.012356386587963 2.9113238709620717 0.75412237721239095 1.4846509032658053 -0.039618148921874721 -2.7037185081695623 -0.057310809324923419 0.61090304538416895 -1.6747553987675772 1.6270136925359178 0.77327573578166975 -0.8259369896124612 -1.0927946835633973 -1.0448460332444316 -0.7825417378956443 -1.622272242245699 -0.32870592392356984 0.6264807656591016 -2.1318435543125287 -0.92934169309395298 0.91632553245869364 -1.622272242245699 -2.0779326647363381 -1.598815827871473 -1.622272242245699
decision_type=2 2 2 2 2 2 2 2 2 2 2 2 2 2 2 2 2 2 2 2 2 2 2 2 2 2 2 2 2 2
left_child=1 4 3 12 9 8 23 11 -3 19 -5 -7 -2 -6 16 22 -15 18 -18 20 -1 -9 -16 -4 -23 -19 -13 -14 -21 -26
right_child=2 5 6 10 13 7 -8 21 -10 -11 -12 26 27 14 15 -17 17 25 -20 28 -22 24 -24 -25 29 -27 -28 -29 -30 -31
leaf_value=0.0016207742847442681 0.010559202500697171 0.012316677311779725 0.035015270555493756 0.033680003785742332 0.013393080411311157 0.00049373708113945481 0.042170808184215675 0.0047501231834558635 0.042765806452535568 -0.00056592466956633346 0.022056655641182903 0.017216301442919659 0.023300690527608796 0.0045221300073768475 0.0057030568746206274 0.0016550753881750865 0.029483537843480574 -0.0014832130775387679 0.0038699396949877052 -0.0079095693046248479 -0.0076487604903225925 0.014521508329106161 0.038627869431045292 0.027546647376009821 0.021753667062113499 0.0040927924049459479 0.0053643773057319953 0.016131031311183732 -0.0026666907586843061 0.0084564235666925568
leaf_weight=1803.4600311815739 5096.2458301335573 439.18632528185844 3059.7816228866577 1715.6866738200188 936.98132365942001 9014.0110325664282 4502.3804270923138 4858.5767653882504 456.16695058345795 19790.006936855614 5849.335638910532 674.11552023887634 2118.0323041081429 6133.7525248378515 148.99447980523109 647.43094047904015 182.78005075454712 30859.573537647724 3777.3633719086647 3661.7436919212341 12709.726866535842 3662.7825469970703 263.80280873179436 4438.0899987667799 523.96181932091713 3281.619768768549 20903.707485705614 10224.698703706264 29722.771207096055 14443.869578570127
leaf_count=1745 4020 331 917 560 686 8925 705 4397 66 20014 3269 442 1131 5579 132 626 75 31775 3485 4241 14654 2599 60 1993 296 3013 18661 6926 31308 12001
internal_value=0.00516478 0.00112062 0.0236233 0.0181931 -0.00152431 0.00660136 0.0349378 0.0062499 0.02783 -0.00315736 0.0246927 0.00419039 0.0153735 0.000866601 0.000607477 0.0114234 0.000348241 -0.000323694 0.00505213 -0.00422807 -0.0064969 0.00893217 0.026744 0.0305945 0.0100228 -0.000947253 0.00573464 0.0173614 -0.00324175 0.00892191
internal_weight=205901 168896 37004.3 25004 113920 54976.4 12000.3 54081 895.353 67687.7 7565.02 30591.8 17439 46232.3 45295.3 1060.23 44235.1 38101.3 3960.14 47897.7 14513.2 23489.2 412.797 7497.87 18630.6 34141.2 21577.8 12342.7 33384.5 14967.8
internal_count=184632 165111 19521 15906 117393 47718 3615 47321 397 71962 3829 28028 12077 45431 44745 818 43927 38348 3560 51948 16399 19293 192 2910 14896 34788 19103 8057 35549 12297
is_linear=0
shrinkage=0.05


Tree=43
num_leaves=31
num_cat=0
split_feature=16 16 10 29 10 21 4 10 4 20 25 28 21 21 1 11 20 2 21 27 3 2 5 20 29 8 29 4 24 15
split_gain=5737.27 922.471 872.235 202.89 177.384 152.671 147.635 106.485 102.6 75.7461 74.5006 70.8216 75.9847 57.5087 49.4722 46.6936 45.5938 43.5809 43.4299 43.2319 42.2484 49.3855 38.5674 36.5843 36.1698 36.1531 35.1433 53.5317 34.953 33.6666
threshold=1.2953923262901039 0.23178092221463029 2.2469083887921717 -3.012356386587963 0.80757463218222303 0.5209213086733232 2.735867087057557 1.662514713634293 -0.81504442304069236 1.5572352193230794 -0.72568946412155133 2.1968823071068675 0.53852784473565662 0.78302559718103526 1.2797768867823514 -1.1389346778573148 1.2477420826834258 0.94764334450090049 -0.33110687889255164 -0.40717178104323631 -0.31204854108012964 -1.0809640638256151 0.35993122193886878 1.2018086973851576 -4.3271377947710503 1.6314830922590604 -1.3913834733802817 -0.77571971822536312 0.43054853128563919 2.928700644736264
decision_type=2 2 2 2 2 2 2 2 2 2 2 2 2 2 2 2 2 2 2 2 2 2 2 2 2 2 2 2 2 2
left_child=1 5 3 14 13 8 23 -5 19 18 -10 -7 -13 15 -2 -3 20 -15 -6 -1 -12 26 -16 -4 -11 -17 -22 -28 -14 -8
right_child=2 4 6 7 9 11 29 -9 10 24 16 12 28 17 22 25 -18 -19 -20 -21 21 -23 -24 -25 -26 -27 27 -29 -30 -31
leaf_value=-0.00094424562925564447 0.025330499002475689 0.0083042080285359466 0.024473499515222191 0.012989082681878825 0.0022179754090960462 0.0020048127278753532 0.035465039679773991 0.02008521946772435 -0.0034531297881131074 0.039201993955576581 0.0021096240716533543 0.042856195382943704 -4.9447857319111378e-06 0.0058681572700260975 0.044813014994760543 0.0016978664010379744 0.013269759998048056 0.01537683975912027 0.0091801464182278882 -0.0059586608523932924 0.047727720708249655 -0.0016629646478047077 0.021552357796891422 0.032341923234529293 0.014764743417112267 0.014447005339160138 0.027704265456543087 -0.0059178772686154886 0.020192286310430508 0.044399361247785651
leaf_weight=5345.0590263903141 1418.7559052705765 3346.8605243265629 2158.5410854369402 11589.823522500694 2604.5359321534634 14826.486586555839 1596.151582300663 9720.9471448808908 25430.690495919436 157.43647402524948 13136.25102712214 202.97307538986206 486.95184302330017 8906.2675746530294 809.71894213557243 23444.098962597549 637.07724291086197 1393.5758489370346 16002.017225921154 21950.132139831781 66.013011932373047 26211.232929483056 228.48993843793869 4680.5777012705803 3961.9407853335142 569.57227337360382 210.80265128612518 270.03886327147484 382.4513393342495 3106.7884907126427
leaf_count=5446 700 2791 1102 8579 2489 14232 464 5816 27187 34 12582 29 487 7861 84 22648 468 965 13064 24566 3 27083 130 1653 2792 405 94 302 228 348
internal_value=0.00493533 0.00111667 0.0232709 0.0177946 0.00607531 -0.0016265 0.0345478 0.016226 -0.00239858 0.00956381 -0.00133174 0.00290229 0.0153107 0.00397019 0.0313998 0.00277139 -7.20771e-07 0.00715469 0.00820559 -0.00497672 -0.000212639 -0.0013527 0.0396938 0.0298585 0.0156987 0.00200026 0.0135186 0.00882219 0.00887984 0.0413671
internal_weight=204852 169542 35309.8 23767.7 60386.3 109156 11542.1 21310.8 93257.3 22725.9 65962.1 15898.9 1072.38 37660.4 2456.96 27360.5 40531.4 10299.8 18606.6 27295.2 39894.3 26758.1 1038.21 6839.12 4119.38 24013.7 546.855 480.842 869.403 4702.94
internal_count=184632 165756 18876 15309 53049 112707 3567 14395 97731 18379 67719 14976 744 34670 914 25844 40532 8826 15553 30012 40064 27482 214 2755 2826 23053 399 396 715 812
is_linear=0
shrinkage=0.05


Tree=44
num_leaves=31
num_cat=0
split_feature=10 10 10 20 18 19 4 4 20 29 18 16 32 5 8 5 25 8 8 9 9 9 32 28 19 29 6 3 21 21
split_gain=5352.26 873.759 804.645 201.817 168.644 139.003 102.973 94.0111 86.7891 80.703 78.104 77.7997 68.2461 66.1546 82.1351 54.2336 64.801 60.8539 136.038 54.2948 51.0406 47.2311 47.1608 46.3111 87.721 46.2751 69.0976 44.524 47.9543 41.6609
threshold=1.3446953498218723 0.34485546107427395 2.4865809904371239 1.5572352193230794 0.10659590215459962 0.87591127161366567 1.9997854493505687 2.735867087057557 0.30649889658172363 -3.4176241146047577 0.90852036449444518 1.6718592202266396 -1.7114005693639285 -1.0000000180025095e-35 0.21442820921909891 0.35993122193886878 -0.72568946412155133 0.47684578015242507 0.79174686527241656 0.73946980123882966 -1.622272242245699 -1.622272242245699 0.38369353882949236 1.4294992029063465 0.52741966427801767 -1.0927946835633973 0.76453463306280522 -0.6887830825001876 -0.74417732900170863 -1.1512107930690938
decision_type=2 2 2 2 2 2 2 2 2 2 2 2 2 2 2 2 2 2 2 2 2 2 2 2 2 2 2 2 2 2
left_child=1 4 3 11 8 10 22 -4 13 -5 27 -2 -8 14 29 16 -15 -18 -19 20 -17 -6 -7 -22 -25 26 -16 -3 -29 -1
right_child=2 5 7 9 21 6 12 -9 -10 -11 -12 -13 -14 15 25 19 17 18 -20 -21 23 -23 -24 24 -26 -27 -28 28 -30 -31
leaf_value=-0.0077146201300212092 0.011993412162810885 0.0070702591222601505 0.031270391570900488 0.03362334904278063 0.012034258333252825 0.010499570866534781 0.041440260803708426 0.042018701327769803 0.00087354904410306446 0.022118118406289085 0.0080273722249570457 0.018920463083834969 0.0097316489686969238 -0.0033018635499585283 -0.0013516463432902918 0.0061720707099098123 -0.00037999931348089061 0.01888195919889751 0.00010827625681835195 0.0017931606240974955 -0.0056434638406335225 0.0015634937490340399 0.0031818606865152486 -0.00062396928118792141 0.038736442303504939 -0.0082695918981678055 0.043795658029691806 -0.0059652882676566512 0.00268488576244022 -0.0010165804421059493
leaf_weight=2883.1516095995903 8573.5136604011059 5236.4630091041327 4047.0680465251207 1938.7358231246471 1118.1132821142673 14104.910048142076 426.41486287117004 4090.8130018115044 16666.174414381385 7128.285056322813 11631.389930099249 7688.3384939804673 281.85906937718391 6722.0914281457663 685.46974770724773 1097.4737064242363 5266.9710903018713 1635.7070942223072 2353.0956857204437 4371.786304473877 18320.211026294157 29281.632997959852 2609.0314970612526 1592.1311813443899 155.36830940842628 13869.154966339469 96.706467747688293 1776.9943318292499 16288.664040207863 11917.694102331996
leaf_count=3328 6517 4496 1516 635 849 11143 73 653 16375 3975 9764 4779 227 7166 704 962 5307 1018 2348 4215 20388 28366 2443 1612 35 16163 12 1989 15414 12160
internal_value=0.00471496 0.00112439 0.0229956 0.0186011 -0.00126027 0.00650046 0.0101486 0.0366734 -0.00237342 0.0245782 0.00468105 0.0152684 0.0288218 -0.00313596 -0.0049484 -0.00185014 0.000434555 0.00314816 0.00780689 -0.00327962 -0.00432743 0.00194861 0.00935728 -0.00490163 0.00287552 -0.00760227 0.00423026 0.00301072 0.00183403 -0.00232133
internal_weight=203855 170389 33466.8 25328.9 118033 52355.7 17422.2 8137.88 87633.2 9067.02 34933.5 16261.9 708.274 70967 29452.2 41514.8 15977.9 9255.77 3988.8 25537 21165.2 30399.7 16713.9 20067.7 1747.5 14651.3 782.176 23302.1 18065.7 14800.8
internal_count=184632 166557 18075 15906 121008 45549 13886 2169 91793 4610 31663 11296 300 75418 32367 43051 15839 8673 3366 27212 22997 29215 13586 22035 1647 16879 716 21899 17403 15488
is_linear=0
shrinkage=0.05


Tree=45
num_leaves=31
num_cat=0
split_feature=16 10 10 25 18 19 4 29 9 29 5 9 8 5 9 10 24 20 8 28 10 3 20 32 9 3 19 10 20 24
split_gain=4980.32 821.72 772.772 210.539 151.53 145.576 91.3606 89.6597 83.3513 80.6964 89.5669 64.4452 74.6811 155.892 64.3322 64.159 62.2173 58.9214 56.2568 55.0533 82.3757 50.9017 48.7588 44.2071 42.8672 40.1382 39.4222 36.2487 36.2187 36.0583
threshold=1.3464460511383785 0.34485546107427395 2.4865809904371239 1.7847187923945602 0.10659590215459962 0.87591127161366567 3.2296704523871269 -3.4176241146047577 -1.6747553987675772 -0.8425215567435419 1.0000000180025095e-35 -0.93999120746127962 0.52932929433909037 0.35993122193886878 -0.20522701615498187 1.6238401696848255 -0.33959603668206478 2.2310911147635006 0.79174686527241656 1.5383769224316859 -0.39159854739665984 -0.98020096376668875 0.43736427761227492 0.38369353882949236 -1.622272242245699 -0.30361482402003986 -1.3040908476282227 1.828939050688009 -1.8385492631823444 1.5860345742940554
decision_type=2 2 2 2 2 2 2 2 2 2 2 2 2 2 2 2 2 2 2 2 2 2 2 2 2 2 2 2 2 2
left_child=1 4 3 15 8 16 -4 -5 -1 -10 14 -12 28 18 22 -2 26 23 -14 -15 -21 -18 -11 -7 -6 -26 -3 -9 -13 -27
right_child=2 5 6 7 24 17 -8 27 9 10 11 12 13 19 -16 -17 21 -19 -20 20 -22 -23 -24 -25 25 29 -28 -29 -30 -31
leaf_value=0.0074289295064237136 0.011898330367879059 -0.015520620162567412 0.031747041131024514 0.034785176771500274 0.011531348882224634 0.010270508840294601 0.042710849818545851 0.017232349688446252 0.0023101963325080836 -0.0084156057826841359 -0.004641988408083911 -0.0094258051827465651 0.015915972783021603 -0.0041390343907023392 -0.0025896292514461065 0.018110079886358415 0.010715049539619907 0.020225779778319967 0.001353629169196428 -0.0090927399659907031 0.03023953578395119 0.0046753984423627114 -0.0017388174813546765 0.0032393245455234788 0.0040380212612738482 -0.00030883973431563953 0.0014443069505249897 0.025441279630273591 -0.0012848202831945953 0.010612044046761433
leaf_weight=2170.4880541414022 8084.9475362747908 357.13947640359402 4571.8615131676197 1843.5968399047852 1102.1961735486984 14087.771677866578 3251.4078090190887 2287.3168906271458 7935.6585905104876 13794.259068459272 12413.530689299107 1448.8655178397894 2455.695728957653 4091.317890048027 14722.484470665455 8555.9950882345438 4145.3533276319504 1294.7442396879196 908.59809896349907 238.60799139738083 301.10628859698772 22018.94701372087 3410.3987775743008 2657.1472460180521 10092.037216618657 18348.664068892598 8316.2235894799232 3263.606523424387 23949.581835836172 788.31204265356064
leaf_count=1848 6161 468 1669 561 848 11194 474 1499 7569 16116 13566 1722 1674 4430 15485 5457 3257 771 884 282 119 19960 3529 2485 9277 18462 8076 1603 24565 621
internal_value=0.00450349 0.00112281 0.0226543 0.0182116 -0.00119538 0.00630358 0.0363037 0.0252317 -0.00224748 -0.00249264 -0.00298295 -0.00156601 -0.000422574 0.00379175 -0.00501589 0.0150921 0.00441571 0.00994936 0.0119831 -0.002159 0.0128507 0.00563229 -0.0070921 0.00915477 0.00185157 0.00148656 0.000745749 0.0220587 -0.00174923 0.000141026
internal_weight=202908 171049 31858.7 24035.5 118172 52877.3 7823.27 7394.52 87840.6 85670.1 77734.4 45807.3 33393.8 7995.33 31927.1 16640.9 34837.7 18039.7 3364.29 4631.03 539.714 26164.3 17204.7 16744.9 30331.2 29229 8673.36 5550.92 25398.4 19137
internal_count=184632 167208 17424 15281 120997 46211 2143 3663 91789 89941 82372 47242 33676 7389 35130 11618 31761 14450 2558 4831 401 23217 19645 13679 29208 28360 8544 3102 26287 19083
is_linear=0
shrinkage=0.05


Tree=46
num_leaves=31
num_cat=0
split_feature=10 16 10 20 20 21 4 4 29 30 29 18 5 23 28 27 5 2 3 8 8 21 26 10 9 9 1 11 8 24
split_gain=4643.55 778.573 710.559 181.209 171.257 137.173 119.403 96.174 93.1367 74.1133 69.9381 67.7555 61.2527 59.5523 46.3717 45.5096 44.9494 42.654 41.5235 39.0339 37.8713 37.6138 38.4663 37.5128 37.4622 55.7068 40.2477 38.0583 36.6816 33.7466
threshold=1.3995342012442087 0.48459533010628347 2.4865809904371239 0.70448391368879359 1.5198670040293158 1.1657838607527011 -0.25527690660438601 2.735867087057557 -4.3271377947710503 -0.52305464936881629 -3.4176241146047577 1.0587666114896963 -1.0665970890843621 0.61090304538416895 1.7769379724814454 -0.24030255920140745 1.0000000180025095e-35 -0.81427786121395129 -0.79432742837732462 1.6839666064457255 1.6314830922590604 1.2034403161074507 0.8409536410973808 2.0102817247023039 -0.83502489441752281 -1.3073733031144286 -0.37621680577285971 -1.1389346778573148 0.26691172340576413 -1.8713447490595676
decision_type=2 2 2 2 2 2 2 2 2 2 2 2 2 2 2 2 2 2 2 2 2 2 2 2 2 2 2 2 2 2
left_child=1 3 4 6 13 11 15 -4 -7 16 -6 18 17 -2 -10 -1 -8 -11 -3 -20 -5 -14 -23 -15 25 26 -17 -28 -24 -18
right_child=2 5 7 20 10 8 9 -9 14 12 -12 -13 21 23 -16 24 29 -19 19 -21 -22 22 28 -25 -26 -27 27 -29 -30 -31
leaf_value=-0.00088595587706337723 0.0092373612839878796 0.0078306053740591925 0.030054785336195447 0.0030610284579729477 0.032368243509345938 0.041293759024169194 -0.0048232877960841022 0.041329367032107087 0.010646677870252232 0.042060749256930152 0.021238172279155445 0.0084124531131344864 0.0025195857256757074 0.014600513208827826 0.033073557292831693 0.0069618130841076365 0.016251888032331532 -0.0042243625716494784 0.0023865022539729316 0.022635560393641549 0.011447804387694167 0.0043996997203986045 0.0045077556712236093 0.021165676491370116 -0.0030551810995526839 -0.0094362194958540913 0.038968458323154008 -0.0049050902189859144 0.038545267549434867 -0.00068419107259159149
leaf_weight=14861.664415031672 3785.3290370777249 4920.6302778571844 3800.410340115428 16844.212264612317 1795.0565491020679 264.17830795049667 8530.1341620311141 3765.5843914747238 9351.1800231188536 50.382587254047394 6604.2395404577255 11783.57553216815 21917.458295211196 7276.9416475892067 236.31663736701012 877.12802793085575 299.27600093185902 4131.9065725505352 17984.396041706204 241.18893176317215 1462.9516972005367 494.51428857445717 124.19699349999428 3103.9396417737007 27501.555365927517 6852.7238693386316 49.857038676738739 5760.850201793015 218.25040364265442 17116.777080070227
leaf_count=15125 3086 4150 1516 15813 633 46 9353 653 7360 8 3799 9801 20813 5152 80 755 202 4481 17126 132 1128 451 113 1790 29182 8146 11 6326 50 17351
internal_value=0.00430055 0.00112649 0.022406 -0.000871073 0.0179599 0.00679574 -0.00164557 0.0356661 0.0120065 5.75766e-05 0.0236168 0.0053261 0.00189464 0.0146059 0.0111995 -0.00325669 -0.00184962 -0.00366678 0.00375486 0.00265447 0.00373123 0.00291684 0.0133197 0.0165635 -0.00411515 -0.00626799 -0.00302164 -0.00452865 0.0262007 -0.000393163
internal_weight=202007 171875 30131.5 127094 22565.5 44781.5 108787 7565.99 9851.67 52882.9 8399.3 34929.8 26936.7 14166.2 9587.5 55903.8 25946.2 4182.29 23146.2 18225.6 18307.2 22754.4 836.962 10380.9 41042.1 13540.6 6687.84 5810.71 342.447 17416.1
internal_count=184632 168003 16629 129308 14460 38695 112367 2169 7486 52822 4432 31209 25916 10028 7440 59545 26906 4489 21408 17258 16941 21427 614 6942 44420 15238 7092 6337 163 17553
is_linear=0
shrinkage=0.05


Tree=47
num_leaves=31
num_cat=0
split_feature=16 16 10 21 29 30 4 10 16 1 29 27 25 1 32 3 28 10 25 5 20 19 9 10 25 5 27 6 20 11
split_gain=4321.5 844.005 592.199 166.358 159.06 157.915 92.4361 84.7341 83.7427 76.9081 61.4787 61.392 59.6502 45.2988 43.4905 40.8613 41.161 37.1598 35.0322 33.3588 32.5923 32.1229 32.0755 30.649 32.3942 30.4759 29.8376 29.4292 31.533 28.4935
threshold=1.490140847879909 0.48459533010628347 2.4865809904371239 -0.52743274661487938 -3.012356386587963 1.2532498649528629 3.2296704523871269 2.0102817247023039 -0.21600052773858516 -1.5719542655966972 -4.3271377947710503 0.23739252206398184 -0.26690580410166181 1.2797768867823514 0.14267470528557716 -0.14852166004806197 2.3148043502077447 1.0264538262105403 -0.10013049172889923 0.35993122193886878 2.2310911147635006 2.44857694879112 1.1068518968919785 1.2917642984724738 0.73567028349540875 1.0000000180025095e-35 -0.16838518003553749 -0.65788831436774831 -1.8385492631823444 -1.9441451509415957
decision_type=2 2 2 2 2 2 2 2 2 2 2 2 2 2 2 2 2 2 2 2 2 2 2 2 2 2 2 2 2 2
left_child=1 3 4 11 13 9 20 21 15 -3 -7 27 -11 -2 26 18 25 -14 -5 -15 -4 29 -16 24 -12 -17 -10 -1 -29 -6
right_child=2 5 6 8 7 10 -8 -9 14 12 23 -13 17 19 22 16 -18 -19 -20 -21 -22 -23 -24 -25 -26 -27 -28 28 -30 -31
leaf_value=-0.0034058467146701327 0.024513020505832123 0.01166110373793857 0.027206734173142677 -0.00075700968864363268 0.018672842293191959 0.035346462732069699 0.04207179073253043 0.021953138884795904 0.0065198176251427932 0.00061927197434333259 0.027523544221012178 -0.0047204860441207057 0.004307516704861819 0.043350090719409477 4.5978567640353619e-06 -0.0047695701632906318 0.0064708169039963508 0.0084032469259061621 0.0047594608956690997 0.022669861368394315 0.036214060089128405 0.022631780257928585 0.005832298122702956 0.015173810148151754 0.0090266693383263923 -0.0011388765269774231 0.0023590351906203283 -0.0084622959415325775 0.00076070341132833223 0.011947268847898158
leaf_weight=9586.9653137922287 1443.8745106458664 4245.0361359715462 2658.6800010800362 7734.8922397196293 1966.3450003862381 276.38378089666367 2989.3257386684418 5125.3507251143456 7357.3748456537724 7571.7798203825951 244.70050176978111 26421.548935705796 16400.947070017457 781.96554201841354 18760.72517362982 10148.883740007877 1289.9392060637474 8361.2295289188623 4583.2787139862776 259.7864605486393 1613.9632155895233 1013.9497665166855 2701.0687628090382 3738.5657305717468 7246.1768403202295 13426.184665992856 10398.613926768303 992.9476613253355 13900.482904188335 7908.7621554210782
leaf_count=10240 736 3255 1212 7852 1232 81 474 2875 6398 7478 110 28916 14988 104 18759 11117 1123 6956 4147 142 445 555 2386 2604 5938 13732 9908 1161 13689 6019
internal_value=0.00410583 0.00129705 0.023228 -0.00083466 0.0184784 0.00694067 0.0353277 0.0166519 0.000640673 0.00533365 0.0120497 -0.00304905 0.00450294 0.0302464 0.00225253 -0.00105938 -0.002226 0.00569049 0.00129553 0.038193 0.0306092 0.0141567 0.000738042 0.0114763 0.0096309 -0.00270186 0.0040831 -0.00124509 0.000145804 0.0132865
internal_weight=201150 175388 25762 127303 18500 48084.8 7261.97 16014.4 76401 36579 11505.8 50901.9 32334 2485.63 39217.8 37183.2 24865 24762.2 12318.2 1041.75 4272.64 10889.1 21461.8 11229.4 7490.88 23575.1 17756 24480.4 14893.4 9875.11
internal_count=184632 170838 13794 129428 11663 41410 2131 10681 75422 32677 8733 54006 29422 982 37451 37971 25972 21944 11999 246 1657 7806 21145 8652 6048 24849 16306 25090 14850 7251
is_linear=0
shrinkage=0.05


Tree=48
num_leaves=31
num_cat=0
split_feature=16 16 10 29 20 30 4 4 10 30 1 29 25 3 8 11 1 21 9 32 2 23 11 3 15 5 20 28 4 25
split_gain=4018.84 767.67 578.444 153.558 153.416 146.163 93.1608 90.8947 81.0994 74.9927 70.9704 58.9659 54.4392 52.9705 47.8256 46.5755 44.9702 38.3699 39.6658 44.3201 44.6512 54.9832 68.2335 37.9511 35.3053 33.4921 32.3877 30.1333 30.022 37.9537
threshold=1.490140847879909 0.48459533010628347 2.4865809904371239 -3.012356386587963 0.53495698532481051 1.2532498649528629 3.2296704523871269 -0.81504442304069236 1.8840359389727344 -0.53078032167124256 -1.5719542655966972 -4.3271377947710503 -0.26690580410166181 -0.39650192088494751 1.6839666064457255 0.79692704395212843 1.2797768867823514 1.3177017407850775 1.1068518968919785 0.52835873908323272 -0.93984193387008041 -0.5031230291466241 -0.89412563661708433 -0.26705748683527358 1.1650863077105214 0.35993122193886878 2.2310911147635006 2.8199283323520068 0.4806464107498874 0.73567028349540875
decision_type=2 2 2 2 2 2 2 2 2 2 2 2 2 2 2 2 2 2 2 2 2 2 2 2 2 2 2 2 2 2
left_child=1 4 3 16 7 10 26 15 -5 13 -3 -7 -12 -9 23 -1 -2 18 19 20 21 -11 -23 -6 -14 -18 -4 -21 -13 -30
right_child=2 5 6 8 14 11 -8 9 -10 17 12 28 24 -15 -16 -17 25 -19 -20 27 -22 22 -24 -25 -26 -27 -28 -29 29 -31
leaf_value=-0.0044648470440734151 0.023880537350175281 0.011211413042541037 0.026578091001745924 0.013058971324944947 0.00550041523321931 0.034819249590281841 0.041731120783133825 0.00070008346625307911 0.020336080012981178 0.041741853717705162 0.00058868237888613252 0.0088687425863879458 0.0042674468892419182 -0.0034082084583182482 0.013712842567156689 0.0055420256437204536 0.043055476935834842 0.012144064525040041 0.0048320302915160328 -0.0026502934418413762 0.0010786924676966347 0.044242109030875804 0.00011738156778627845 0.0010481638877603613 0.0085009318435612432 0.022043214789576247 0.03570566522447291 0.012878044621698035 0.037202181398293913 0.013250585958436065
leaf_weight=27244.178222373128 1408.911066442728 4195.8218358755112 2587.3211219906807 9184.9093567505479 6732.6470972448587 266.78522831201553 2866.168347299099 10941.194998770952 6565.2145812064409 139.25642821192741 7567.0922792702913 6560.7038816809654 17815.537174984813 27735.436978789046 961.77277183532715 1214.6302390396595 748.79151171445847 746.25021448731422 4960.3734994381666 12294.328441113234 16907.765591077507 104.20482468605042 550.2918815612793 16557.090897589922 6806.1769188791513 253.96339127421379 1556.5607192516327 320.56500993669033 171.90429618954659 4368.7771448791027
leaf_count=29677 736 3255 1212 6786 5992 81 474 10788 3895 23 7478 5397 16295 29626 698 1080 104 565 4481 12946 16543 12 549 16210 5649 142 445 238 44 3211
internal_value=0.0039191 0.0012345 0.0226003 0.0178914 -0.000791937 0.00664128 0.0348004 -0.00163318 0.0160923 -0.000717093 0.00509505 0.0115901 0.00429778 -0.00224602 0.00278645 -0.00403775 0.0296406 0.000924458 0.000687117 8.92614e-06 0.0016228 0.0132127 0.00714264 0.00233523 0.00543771 0.0377338 0.0300067 -0.00225569 0.0110319 0.0141574
internal_weight=200335 175163 25171.8 18161.8 127410 47752.8 7010.05 103158 15750.1 74699.7 36384.6 11368.2 32188.8 38676.6 24251.5 28458.8 2411.67 36023 35276.8 30316.4 17701.5 793.753 654.497 23289.7 24621.7 1002.75 4143.88 12614.9 11101.4 4540.68
internal_count=184632 170838 13794 11663 129428 41410 2131 106528 10681 75771 32677 8733 29422 40414 22900 30757 982 35357 34792 30311 17127 584 561 22202 21944 246 1657 13184 8652 3255
is_linear=0
shrinkage=0.05


Tree=49
num_leaves=31
num_cat=0
split_feature=10 10 16 18 20 25 4 29 9 18 19 29 5 5 9 9 25 29 2 11 7 3 20 2 20 25 25 23 28 9
split_gain=3739.85 726.572 523.159 169.431 141.082 119.076 98.775 88.4161 75.8889 71.3182 70.8038 54.1863 59.7416 63.652 60.096 47.5303 44.6624 41.8704 54.6993 40.7629 40.5162 38.6655 38.1835 37.8722 37.1446 36.8755 35.0449 32.9506 39.349 32.4384
threshold=1.5541279312365825 0.56928094101480153 2.4544599903792812 0.15567702153803781 1.5572352193230794 1.8195866227388111 2.735867087057557 -4.3271377947710503 -1.6747553987675772 1.3099514147015778 -1.0904644283575222 -0.8425215567435419 1.0000000180025095e-35 1.0731953774504845 -0.20522701615498187 -1.622272242245699 -0.55584228984240536 0.94140676608652807 0.35447751982158182 -1.1389346778573148 0.33315906634608988 -0.50065224024890886 1.9862780268978308 2.4053761629119559 0.56075109813684454 0.80316624119472324 0.54795415877852538 0.91545065691661143 0.30120826780346449 -1.622272242245699
decision_type=2 2 2 2 2 2 2 2 2 2 2 2 2 2 2 2 2 2 2 2 2 2 2 2 2 2 2 2 2 2
left_child=1 3 5 8 9 26 -4 -6 -1 16 -10 -12 14 25 24 -5 -3 -15 -19 -17 -20 -18 -7 -9 -13 -14 -2 -21 -29 -23
right_child=2 4 6 15 7 22 -8 23 10 -11 11 12 13 17 -16 19 21 18 20 27 -22 29 -24 -25 -26 -27 -28 28 -30 -31
leaf_value=0.0073422945645755912 0.0094739493080722992 -0.0017292511605064597 0.028258465869068484 0.0117463211196799 0.041216546923180303 0.018881699433725807 0.04029589066974152 0.011753024133349936 -0.0047538127879062511 0.010033498531879063 0.002426010009993847 -0.0070503640218110945 0.0001789003800550484 -0.0043496879671154924 -0.00098049586586969285 0.0077953381858159258 0.0081605309909471135 0.00074107683839077024 -0.0085058965082769455 0.00073808507535252151 0.042826373102109502 0.021267602766540369 0.027085031769116585 0.042256569322641095 -0.00093424681133919734 0.0058277425985034242 0.016176316118896143 0.0037663086528526833 0.019974742557536517 0.0036300858232491597
leaf_weight=2263.365999981761 2532.9386470764875 2623.2740056291223 3509.4119580835104 1275.6942989826202 273.24105942249298 2517.8110147118568 3313.029464006424 6749.5532491505146 17869.075231160969 7279.8465994596481 8833.6084551736712 11461.802410289645 23680.729831114411 11581.483229249716 12266.455813348293 2735.4798040986061 7433.1727277338505 1057.6763909459114 52.131497740745544 27807.485802650452 146.36947283148766 264.50977611541748 3248.9680679142475 103.31338012218475 3168.7913385182619 3290.5268752872944 8479.2656279802322 5286.1883366554976 402.99404707551003 18051.575359843671
leaf_count=1931 2053 2714 1526 976 48 1567 643 5163 19568 5819 8405 13078 23596 12589 12507 2309 6220 1042 61 27397 21 152 1489 16 3228 2907 5736 4888 242 16741
internal_value=0.00374018 0.00123334 0.0224296 -0.000587604 0.0069024 0.0176828 0.0341039 0.013325 -0.00170425 0.00561867 -0.00192346 -0.00125393 -0.00174125 -0.000511296 -0.00356164 0.00226065 0.00448591 -0.00340926 0.00526109 0.00192667 0.0293452 0.00511909 0.0235034 0.0122129 -0.00572569 0.000868066 0.0146347 0.00144741 0.00491444 0.0038848
internal_weight=199560 175958 23601.4 133180 42778.5 16779 6822.44 7126.11 95672 35652.4 93408.7 75539.6 66706 39808.9 26897 37507.8 28372.5 12837.7 1256.18 36232.1 198.501 25749.3 5766.78 6852.87 14630.6 26971.3 11012.2 33496.7 5689.18 18316.1
internal_count=184632 171618 13014 134745 36873 10845 2169 5227 98933 31646 97002 77434 69029 40216 28813 35812 25827 13713 1124 34836 82 23113 3056 5179 16306 26503 7789 32527 5130 16893
is_linear=0
shrinkage=0.05


Tree=50
num_leaves=31
num_cat=0
split_feature=16 16 10 29 20 20 4 4 10 10 26 5 29 20 1 3 1 32 9 29 9 15 21 8 21 8 28 8 5 20
split_gain=3479.74 635.573 551.63 145.12 130.525 129.904 93.9436 90.2492 74.5387 68.1036 59.2564 68.8462 55.335 45.0627 45.0349 39.1729 38.7533 38.6554 38.4137 80.7612 56.2761 47.8904 39.8789 53.5918 38.3284 36.2838 38.5173 63.5433 34.0013 32.266
threshold=1.490140847879909 0.48459533010628347 2.4865809904371239 -3.012356386587963 0.70448391368879359 1.5572352193230794 3.2296704523871269 -0.10082503325137634 2.0102817247023039 0.97118871682321395 -0.026018835766061125 -1.0665970890843621 -4.3271377947710503 -1.3814124954538878 1.2797768867823514 -0.79432742837732462 -1.1839319204796619 0.58122127478597929 -0.7825417378956443 -1.0927946835633973 -1.622272242245699 -0.9889392314209583 1.2311794766862609 0.47684578015242507 0.42924111139708826 1.106647950392408 2.2537844959010331 0.63429632271242087 0.35993122193886878 2.2310911147635006
decision_type=2 2 2 2 2 2 2 2 2 2 2 2 2 2 2 2 2 2 2 2 2 2 2 2 2 2 2 2 2 2
left_child=1 4 3 14 7 9 29 13 -5 15 16 -12 -7 -1 -2 -3 -9 25 19 21 -21 -15 -20 -24 -11 26 -13 -28 -16 -4
right_child=2 5 6 8 -6 12 -8 10 -10 24 11 17 -14 18 28 -17 -18 -19 22 20 -22 -23 23 -25 -26 -27 27 -29 -30 -31
leaf_value=-0.006514220465199257 0.022640167885867798 0.0070979903440491973 0.025338524267818581 0.012621489096474406 0.0032062679666485013 0.036814186984321588 0.041034395384812961 0.0038306994695960182 0.020141621057486809 0.0043933699103885287 -0.0053385416838214574 0.0068806017268492423 0.011718788367919763 0.024342871395996363 0.042530479633331578 0.0023768844786154529 -0.0016071368518866234 0.00049863379263412463 -0.0013789413074847101 0.002471508470929154 -0.0055658502375708187 0.00049014466903137932 0.0015345274886265209 0.034628490026690543 0.0095925690078892331 -0.0014040662318037978 -0.002586281084081106 0.044794034351765821 0.020816520780648613 0.034729423835513029
leaf_weight=6561.1804766505957 1345.0374982655048 5654.7467592656612 2457.2738681137562 10441.828485235572 18149.866719067097 227.51725578308105 2643.4357828497887 3730.8340839445591 4814.3939745724201 5636.2419154196978 2182.9270611554384 6897.1277857422829 6360.8227075487375 381.96012471616268 696.1624903678894 19703.666795775294 26898.411431845278 4477.6541945189238 36150.024754591286 2497.4493465721607 17021.245888255537 468.59357210993767 386.87335520982742 178.9023979306221 9552.6983665823936 1313.1256924271584 119.80311006307602 172.87858989834785 243.2883332669735 1457.0504688024521
leaf_count=7416 736 4852 1212 7806 16986 60 474 3445 2875 5141 2416 5948 4870 196 104 18767 27763 4433 37147 2374 18916 464 375 55 7720 1350 126 18 142 445
internal_value=0.00356876 0.00111219 0.0213799 0.0167545 -0.00072073 0.00607363 0.0337521 -0.001372 0.0149946 0.00501556 0.000320752 0.00287703 0.0125854 -0.00258992 0.0285072 0.00342966 -0.000944774 0.00425863 -0.00213887 -0.00388024 -0.00453746 0.0112017 -0.00117279 0.0119991 0.00766327 0.00623864 0.00763448 0.0253999 0.0369072 0.0288342
internal_weight=198823 174725 24098.5 17540.7 127589 47135.7 6557.76 109439 15256.2 40547.4 45792.8 15163.5 6588.34 63646.2 2284.49 25358.4 30629.2 12980.6 57085 20369.2 19518.7 850.554 36715.8 565.776 15188.9 8502.94 7189.81 292.682 939.451 3914.32
internal_count=184632 170838 13794 11663 129428 41410 2131 112442 10681 36480 45499 14291 4930 66943 982 23619 31208 11875 59527 21950 21290 660 37577 430 12861 7442 6092 144 246 1657
is_linear=0
shrinkage=0.05


Tree=51
num_leaves=31
num_cat=0
split_feature=10 18 16 16 20 25 1 29 4 19 9 13 21 9 16 20 29 5 5 8 8 32 8 2 2 1 8 21 8 32
split_gain=3236.08 610.29 499.656 140.575 138.561 128.761 82.4215 76.7034 72.8386 67.2404 72.7076 50.5736 49.5804 48.0857 44.9355 44.3942 42.6479 40.2456 81.3396 95.3967 158.813 77.1756 56.2612 49.5906 65.4105 52.4934 47.5285 44.4962 39.4424 38.7598
threshold=1.5541279312365825 0.44247756185709636 2.6275139458723307 1.0350415892626985 0.69129888104293025 1.8195866227388111 -0.96577023576719512 -4.3271377947710503 2.735867087057557 -1.0721183389806079 0.68698664471695126 0.98740883850483308 1.286324116991227 -1.622272242245699 1.918588635090811 1.9862780268978308 -1.0351167071203073 -1.0000000180025095e-35 0.35993122193886878 0.47684578015242507 0.79174686527241656 -0.39671224804892796 1.1591314645790731 0.074045054617255746 -0.71252819421994418 0.52308660555582021 1.6314830922590604 -0.7602310856425053 1.6839666064457255 0.34798759878992752
decision_type=2 2 2 2 2 2 2 2 2 2 2 2 2 2 2 2 2 2 2 2 2 2 2 2 2 2 2 2 2 2
left_child=1 4 5 13 6 14 -1 -5 -4 -8 11 16 -9 -3 -2 28 -11 -18 19 29 23 22 -22 24 -21 27 -20 -26 -6 -19
right_child=2 3 8 7 15 -7 9 12 -10 10 -12 -13 -14 -15 -16 -17 17 18 26 20 21 -23 -24 -25 25 -27 -28 -29 -30 -31
leaf_value=0.0035444216844219608 0.011544042188278283 0.01431620164560043 0.028350399090306767 0.038302738852961871 0.0022056579326098238 0.023009618225528675 -0.00457181219030819 0.0073452850511668139 0.040620450109051187 0.0022577878060263392 0.0015391597900140731 -0.024962872139449685 0.013553032800511129 0.0035387640583052454 0.017966176935961472 0.015026661559432671 -0.0040600810844682233 0.0014627276370229444 -0.0037792261035504574 0.0091410716507672393 0.024993341262722985 -0.003201154329350254 -0.0026523444637321283 -0.0037294688530411426 -0.0075176284283698692 -0.014249807038534998 0.0072007350351751325 0.032225423478330968 0.014306579986279169 -0.0069649526753105305
leaf_weight=7449.0515988469124 6828.5908153578639 1066.3102495074272 2136.2980307340622 226.54875794053078 16628.537307679653 6318.9176584482193 19101.436405694112 12002.190152600408 2787.9802336096764 5350.6108795329928 17861.844658344984 240.7858644425869 4394.055589735508 35205.692800939083 4531.148204959929 762.0090351998806 22186.426218822598 2635.0883312523365 19317.868162833154 955.72746376693249 475.87325084209442 3342.9725776314735 300.08160454034805 274.52346581220627 75.628987640142441 73.151970729231834 1038.5692390352488 1023.934377849102 701.81002482771873 2828.932396158576
leaf_count=6921 5252 761 925 53 15895 3411 20848 10239 523 5109 17312 361 3203 32714 2903 533 23988 2558 20778 781 238 3557 316 295 87 94 889 364 501 3223
internal_value=0.00340461 0.00111146 0.0212117 0.00560055 -0.000824929 0.0172882 -0.00152416 0.00940815 0.0352973 -0.00191307 -0.00126182 -0.00209399 0.00900891 0.00385559 0.0141057 0.00321505 -0.00200203 -0.00242003 -0.00129497 0.00197279 0.00605571 9.62318e-05 0.014302 0.0162709 0.0188505 0.0267633 -0.00321904 0.0294919 0.0026957 -0.0029006
internal_weight=198123 175520 22602.9 52894.8 122625 17678.7 104533 16622.8 4924.28 97083.5 77982 60120.2 16396.2 36272 11359.7 18092.4 59879.4 54528.8 32342.4 11985.9 6521.89 4118.93 775.955 2402.97 2128.44 1172.72 20356.4 1099.56 17330.3 5464.02
internal_count=184632 171618 13014 46970 124648 11566 107719 13495 1448 100798 79950 62638 13442 33475 8155 16929 62277 57168 33180 11513 5732 4111 554 1621 1326 545 21667 451 16396 5781
is_linear=0
shrinkage=0.05


Tree=52
num_leaves=31
num_cat=0
split_feature=16 16 29 16 20 10 15 21 3 20 1 9 1 29 26 8 24 23 2 5 8 5 8 20 11 29 29 10 27 11
split_gain=3017.14 679.276 391.44 138.443 129.336 123.903 95.595 64.4214 58.9372 49.7878 46.7486 46.3191 44.0361 40.3932 39.1117 41.7674 38.8794 42.4831 39.6275 35.4684 50.5064 116.215 43.5533 34.6281 32.0469 31.8186 31.6456 31.579 30.9106 29.7614
threshold=1.6718592202266396 0.65961881567192404 -2.3886502097514595 -0.088432232959324647 1.6336591796466455 2.1590284964731041 2.928700644736264 0.68796510483168039 -0.15554822681840857 1.2231613925713622 -1.1839319204796619 -1.6747553987675772 1.2051627043312976 -0.79573187080582286 -0.37979550262850337 0.84423037945908175 1.6270136925359178 1.7260881867468425 0.91586560314467469 1.0000000180025095e-35 0.52932929433909037 0.35993122193886878 0.42436226596575982 2.3605703234018311 -2.2355265538319347 -4.3271377947710503 0.014164066871314503 -0.19103493545320013 -0.38564969165014118 -0.65183642491365845
decision_type=2 2 2 2 2 2 2 2 2 2 2 2 2 2 2 2 2 2 2 2 2 2 2 2 2 2 2 2 2 2
left_child=1 3 6 8 7 24 12 -3 -1 13 -9 -10 -2 -5 -13 19 18 27 28 22 -21 26 -16 -7 -4 -6 -22 -18 -15 -17
right_child=2 4 5 9 25 23 -8 10 11 -11 -12 14 -14 16 15 29 17 -19 -20 20 21 -23 -24 -25 -26 -27 -28 -29 -30 -31
leaf_value=0.00018925524446320317 0.023897903238463261 0.0038274909828906328 0.020105679490025747 0.0041441559865489702 0.031110916780949578 0.021559819793910244 0.041941224702683966 0.014590653454663319 0.0065419253268970013 0.0059392459233580221 0.0069855665576006283 -0.0067228158374646949 0.035779335744737781 0.0013929985994366812 -0.0016375909575840079 0.0086657358086325645 0.046625670916074335 -0.00059230169614467928 0.003640810421868665 -0.0012433374910109677 0.0050007189323144153 -0.0026783608884653714 -0.0081897550555716705 0.0316910820432241 0.011961297770833327 0.012862106735445487 0.018824158404914824 0.012512008147563466 -0.0019830476736026957 -0.0046640551212698599
leaf_weight=29472.556724578142 2059.2215480208397 19145.591588526964 1511.9928931891918 8719.7173853516579 248.82097125053406 4453.2066654711962 2146.7281945347786 2401.9082032442093 1363.3829959928989 5958.8176721781492 12731.772947564721 5667.9132591802627 1255.2156275212765 10650.729016765952 10505.912260442972 429.42581233382225 74.088801741600037 789.64582706987858 6210.2034748792648 14915.10969915241 620.00990590453148 2230.5173872858286 3343.3720398396254 1040.4765591621399 6004.4109423235059 5969.6439593881369 1246.1572150588036 804.25753644108772 18656.082000255585 16830.072298258543
leaf_count=29361 1075 17680 904 7997 94 2533 346 1701 1185 5251 10953 6430 357 10354 10850 355 5 799 5758 15286 558 2350 3891 381 4568 4434 777 603 19396 18400
internal_value=0.00324753 0.00126203 0.022487 -0.000403656 0.00695809 0.0177712 0.0337214 0.0057546 -0.00162689 0.00163944 0.00819259 -0.00256346 0.0283975 0.00108129 -0.00278598 -0.00234078 0.000363058 0.00782354 1.26904e-05 -0.00129473 0.000107287 0.00502461 -0.00321936 0.0234786 0.0135996 0.0135923 0.0142315 0.0153895 -0.000756119 -0.0043324
internal_weight=197457 178986 18471.3 138488 40497.7 13010.1 5461.17 34279.3 86624.4 51863.5 15133.7 57151.9 3314.44 45904.7 55788.5 50120.6 37185 1667.99 35517 32861.1 19011.8 4096.68 13849.3 5493.68 7516.4 6218.46 1866.17 878.346 29306.8 17259.5
internal_count=184632 174468 10164 139606 34862 8386 1778 30334 89443 50163 12654 60082 1432 44912 58897 52467 36915 1407 35508 33712 18971 3685 14741 2914 5472 4528 1335 608 29750 18755
is_linear=0
shrinkage=0.05


Tree=53
num_leaves=31
num_cat=0
split_feature=16 16 29 20 10 30 15 4 5 9 2 1 25 29 29 8 2 1 11 11 32 24 4 8 5 29 8 5 6 19
split_gain=2801.14 618.534 381.18 139.369 118.316 117.47 95.9605 88.3756 61.8705 67.2969 62.5755 56.9618 53.1462 49.8316 47.478 46.2308 43.6948 43.497 42.4822 40.1667 40.7111 38.1259 37.2221 36.6837 35.7175 34.4756 90.6289 37.1584 43.8518 35.6964
threshold=1.6718592202266396 0.698778996701794 -2.3886502097514595 0.70448391368879359 2.1590284964731041 1.2532498649528629 2.928700644736264 -0.10082503325137634 1.0000000180025095e-35 -0.25771017267686025 -0.37951249872347043 -1.1839319204796619 -0.10013049172889923 -0.81922843386550703 -4.3271377947710503 0.26691172340576413 0.44712723997616272 1.2051627043312976 0.55122314137353923 1.7737165126951731 0.26528185806063359 1.9046256214024124 -1.4892976417133037 -0.047989361714227276 -1.0665970890843621 0.8247689414492857 0.63429632271242087 0.35993122193886878 -0.80211076732845454 0.52741966427801767
decision_type=2 2 2 2 2 2 2 2 2 2 2 2 2 2 2 2 2 2 2 2 2 2 2 2 2 2 2 2 2 2
left_child=1 3 6 7 -4 11 17 18 9 -9 15 -3 -12 24 23 -10 21 -2 22 20 -13 -5 -1 -7 -11 27 -27 28 -14 -28
right_child=2 5 4 16 -6 14 -8 8 10 13 12 19 25 -15 -16 -17 -18 -19 -20 -21 -22 -23 -24 -25 -26 26 29 -29 -30 -31
leaf_value=-0.0060231523364810101 0.023266604580457491 0.0097707976521998509 0.013101397841305035 0.0014798599883970929 0.022848791589404394 0.0006342498342639699 0.041596041717948548 -0.0067554292020214598 0.036545816512726245 -0.00098454191275471883 0.00025882846216144947 0.005003869658226719 0.01896986367501708 -0.0016821416301957617 0.010695299715898656 0.0031246618849557987 0.0071988017310458735 0.035261317880848624 0.0010503162276235343 0.010010723522280135 0.00027022729354456864 0.011781173747128094 -0.0022319464951602308 0.039875083938854868 0.010074719764593371 0.0023315696492611187 0.015563191702154991 0.0010286874175763677 0.0048430201500467068 0.047078848892193347
leaf_weight=7439.7812790200114 2010.5938323736191 5279.7467406988144 7414.9150340855122 16536.432084530592 5366.2436605095863 79.002141654491425 2058.5537816286087 5047.975215986371 222.97896999120712 1217.0355505496264 24033.410618841648 12035.47940479219 688.04080274701118 9733.5362756252289 10505.104920342565 193.0652736723423 5361.9994166344404 1211.0987872481346 8570.024719029665 2451.9073248803616 7295.4284765571356 949.79369002580643 49883.26444676891 241.97731566429138 1824.6584504842758 670.25492018461227 159.71282666921616 5411.3313695639372 2724.9386559575796 205.3984808921814
leaf_count=8336 1075 4248 5472 16047 2914 78 346 5730 60 1241 23909 10831 427 10061 8258 181 4590 357 8390 1961 7256 726 52110 49 1457 639 110 5300 2461 12
internal_value=0.00309711 0.00120111 0.0218627 -0.00032418 0.0171939 0.0068723 0.0331637 -0.00101613 0.000522073 -0.00186777 0.00176357 0.00511142 0.00152699 6.35224e-05 0.0112741 0.0210367 0.0032502 0.0277757 -0.00223311 0.00398207 0.00321741 0.00203939 -0.002724 0.0302168 0.00564971 0.00461819 0.0132497 0.00360544 0.00769093 0.0332928
internal_weight=196824 178762 18061.4 140874 12781.2 37888.6 5280.25 118025 52132.3 17823.2 34309.1 27062.6 33893.1 12775.2 10826.1 416.044 22848.2 3221.69 65893.1 21782.8 19330.9 17486.2 57323 320.979 3041.69 9859.68 1035.37 8824.31 3412.98 365.111
internal_count=184632 174468 10164 141787 8386 32681 1778 120424 51588 18489 33099 24296 32858 12759 8385 241 21363 1432 68836 20048 18087 16773 60446 127 2698 8949 761 8188 2888 122
is_linear=0
shrinkage=0.05


Tree=54
num_leaves=31
num_cat=0
split_feature=10 18 16 25 18 21 27 4 20 28 21 29 1 9 3 18 29 26 20 1 29 3 9 30 8 8 6 3 1 28
split_gain=2599.57 469.407 462.385 115.943 112.739 106.041 76.1185 73.0441 60.0666 46.8464 61.7355 43.5665 42.0604 41.3537 40.7496 39.0798 38.7875 38.691 38.6849 38.1204 35.3881 34.3951 33.8783 33.2132 29.1228 34.0154 27.0577 26.599 26.5801 31.534
threshold=1.5541279312365825 0.44247756185709636 2.6275139458723307 1.8195866227388111 1.3347109054112958 0.5209213086733232 0.24529008062945365 2.735867087057557 2.2310911147635006 2.082179105755694 0.53852784473565662 -3.012356386587963 -0.99226138209170833 -1.622272242245699 -1.1257805364138029 1.6517944197237926 -0.8425215567435419 0.79670288917736165 1.9862780268978308 1.2797768867823514 -3.012356386587963 -0.27441124330453398 -1.622272242245699 0.580132231040554 0.79174686527241656 1.2116149787657384 -0.62089809151685094 1.2772406453881773 1.3688024695589422 0.86744389771392849
decision_type=2 2 2 2 2 2 2 2 2 2 2 2 2 2 2 2 2 2 2 2 2 2 2 2 2 2 2 2 2 2
left_child=1 5 3 15 8 6 12 -4 13 20 -11 19 -1 -3 -15 -2 -8 -12 -5 -6 -7 -18 -14 -16 -22 -26 -24 -9 -25 -30
right_child=2 4 7 18 11 9 16 27 -10 10 17 -13 22 14 23 -17 21 -19 -20 -21 24 -23 26 28 25 -27 -28 -29 29 -31
leaf_value=0.0045934326637609973 0.0098430939103752845 0.013179924686498444 0.026587888236682008 0.016665649918050869 0.010123553657383585 0.022912533704697216 0.0016768127222814393 0.030885619790012909 0.017046288490664117 0.039701859866910029 0.0008339143706281478 0.0091418968462724064 0.0058185412030959732 0.0074202101082857935 0.0012565638211048792 0.015852304696843744 -0.00092989934120630332 0.020171226033400307 0.024809079835954848 0.041005548006481513 0.0031014080343931649 -0.0040027211081091049 -0.0024574456938488815 0.0037682461522940483 -0.0049421181182356024 0.0019775108030725005 0.00014888023004131548 0.04258950251343404 0.0079082377507162013 0.029853099469137057
leaf_weight=4481.7305506765842 5911.8100180327892 1087.7218369841576 1975.4732224196196 2575.4214445352554 194.35031747817993 197.50832119584084 4479.2161381542683 661.80540281534195 842.090276658535 169.93359744548798 759.66999435424805 9081.4299050122499 2037.0536080896854 5232.5293396413326 18843.56278629601 4988.6236365363002 12365.035231649876 392.23871529102325 3362.3225921392441 205.6823462843895 12608.054419010878 34559.369634104893 15463.009864777327 15423.381998121738 3010.4409068673849 4331.3040109276772 27971.287433899939 1821.7400249242783 991.88054177165031 196.05993577837944
leaf_count=4070 4748 801 925 1717 155 107 4329 253 555 35 747 7421 1800 4456 18370 3407 12595 234 1694 37 11826 37326 16223 14261 3308 4160 27888 270 835 79
internal_value=0.00295322 0.000945134 0.0194467 0.0156554 0.00492209 -0.000741761 -0.00141791 0.0337632 0.00382501 0.00245038 0.0115688 0.00985324 -2.79448e-05 0.0035585 0.00330128 0.0125932 -0.00276866 0.0074185 0.021277 0.026002 0.00185213 -0.003193 -0.000483435 0.0026934 0.00164362 -0.000859844 -0.000778996 0.0394707 0.00432332 0.0115301
internal_weight=196222 174925 21297.2 16838.2 52098.7 122826 101357 4459.02 42617.2 21469.1 1321.84 9481.46 49953.1 41775.1 40687.4 10900.4 51403.6 1151.91 5937.74 400.033 20147.3 46924.4 45471.4 35454.9 19949.8 7341.74 43434.3 2483.55 16611.3 1187.94
internal_count=184632 171618 13014 11566 46970 124648 104231 1448 39357 20417 1016 7613 49981 38802 38001 8155 54250 981 3411 192 19401 49921 45911 33545 19294 7468 44111 523 15175 914
is_linear=0
shrinkage=0.05


Tree=55
num_leaves=31
num_cat=0
split_feature=16 10 10 20 18 29 3 9 1 29 5 9 8 5 28 10 29 29 8 20 1 25 9 9 10 2 2 1 11 3
split_gain=2417.63 516.341 364.151 112.436 110.662 100.952 92.7293 59.1664 54.3809 50.1893 60.6667 49.0044 59.8898 128.911 49.5521 76.5518 48.8296 47.5105 45.851 44.6209 43.6738 42.8668 41.7561 40.1503 38.9983 37.8824 46.5355 40.1261 36.4548 32.9674
threshold=1.6718592202266396 0.63461191031466468 2.4865809904371239 1.5572352193230794 0.14568471850718187 -3.012356386587963 3.5347725708111133 -1.6747553987675772 -0.99226138209170833 -0.79573187080582286 1.0000000180025095e-35 -0.93999120746127962 0.52932929433909037 0.35993122193886878 1.5383769224316859 -0.39159854739665984 -4.3271377947710503 -3.012356386587963 0.79174686527241656 2.2310911147635006 1.2051627043312976 -0.55584228984240536 -1.622272242245699 -0.20522701615498187 2.0102817247023039 0.074045054617255746 -0.57382840926694467 0.52308660555582021 -0.93917653551708369 -1.0641447528921348
decision_type=2 2 2 2 2 2 2 2 2 2 2 2 2 2 2 2 2 2 2 2 2 2 2 2 2 2 2 2 2 2
left_child=1 4 5 8 7 20 19 -1 -3 -9 23 -12 29 18 -15 -16 -5 -6 25 -4 -2 -10 -19 -11 -7 26 -14 -28 -24 -13
right_child=2 3 6 16 17 24 -8 9 21 10 11 12 13 14 15 -17 -18 22 -20 -21 -22 -23 28 -25 -26 -27 27 -29 -30 -31
leaf_value=0.0067347776467156679 0.02011728253378604 0.0087532986158057446 0.022399357936912223 0.032026855585357249 0.033480951951905383 0.011140539812999346 0.041535805954193032 0.0019065141339029311 -0.0036763870557265706 -0.0050888932962606754 -0.0033741082261869331 0.0062272288056751087 0.010726463797258478 -0.0031368371427312573 -0.0080233769348234275 0.029370295167689728 0.010775888744950911 0.010425134142601048 0.0020116712384704812 0.032968029425712676 0.036178095179283949 0.0042980586829905907 0.0055203014613309362 -0.0016937175656171434 0.017513350536284191 -0.0022794033348533765 0.028235025041491904 -0.011240748704612908 0.0008487604415090143 -0.0013281053913462998
leaf_weight=2235.0515004247427 1027.3496739566326 6846.6081049442291 2217.3397203087807 280.97476530075073 118.04554444551468 5962.5120583102107 1553.6033204197884 9723.7701056748629 1807.1260979473591 18420.228461042047 13240.502250052989 1526.0628502964973 1247.6594869941473 4320.9195783287287 246.45239141583443 307.8085732832551 7123.1696826070547 1330.3898562192917 959.60833007097244 1817.1708267331123 719.87183746695518 24984.715470522642 4754.9782671630383 16514.57934333384 4018.5738479942083 285.00707831978798 889.04306341707706 69.398236960172653 34305.34031316638 26795.261380653828
leaf_count=1934 614 5648 1224 101 39 4634 263 9353 1940 20295 14134 1336 980 4592 286 127 5588 1053 921 619 199 22837 4230 17074 2611 298 387 85 33723 27507
internal_value=0.00281553 0.00108356 0.0206521 0.00600424 -0.000387462 0.0156472 0.0311564 -0.00130585 0.00477645 -0.00149593 -0.00188598 -0.000766999 0.00017494 0.00390286 -0.00133143 0.0127432 0.0115823 0.00180671 0.0112979 0.0271596 0.0267345 0.00376018 0.00171414 -0.00348391 0.0137064 0.0148751 0.0170913 0.0253767 0.00141745 -0.000920995
internal_weight=195649 178333 17316.4 41042.6 137290 11728.3 5588.11 96781.4 33638.4 94546.3 84822.5 49887.7 36647.2 8325.9 4875.18 554.261 7404.14 40508.8 3450.72 4034.51 1747.22 26791.8 40390.7 34934.8 9981.09 2491.11 2206.1 958.441 39060.3 28321.3
internal_count=184632 174468 10164 36114 138354 8058 2106 99309 30425 97375 88022 50653 36519 7676 5005 413 5689 39045 2671 1843 813 24777 39006 37369 7245 1750 1452 472 37953 28843
is_linear=0
shrinkage=0.05


Tree=56
num_leaves=31
num_cat=0
split_feature=16 16 10 29 21 20 4 10 21 1 24 27 1 9 20 8 3 1 5 5 3 25 9 28 9 21 21 24 3 25
split_gain=2239.71 500.635 333.428 138.168 113.527 102.736 64.2524 63.2251 52.0459 48.7597 48.3574 44.1183 40.3086 36.3568 33.8861 44.7417 32.6623 32.5817 32.3902 29.2028 28.5785 28.9881 28.2743 30.8715 28.1367 27.8759 30.3626 27.8448 26.2788 25.0345
threshold=1.7133695670608124 0.698778996701794 2.9742935776777331 -3.012356386587963 -0.52743274661487938 1.6336591796466455 0.45722340635429409 2.0102817247023039 0.68796510483168039 1.2051627043312976 1.4585817220385366 0.87505307300431834 -1.1839319204796619 -1.6747553987675772 0.71740828421630398 0.47684578015242507 -0.39650192088494751 3.4076219123276772 -1.0665970890843621 0.35993122193886878 -0.15554822681840857 -0.34133585040299746 0.58202033167319445 2.3148043502077447 -1.622272242245699 -0.52115110587702984 0.50473240590148383 -0.91269137808084344 0.49720297410372044 1.7847187923945602
decision_type=2 2 2 2 2 2 2 2 2 2 2 2 2 2 2 2 2 2 2 2 2 2 2 2 2 2 2 2 2 2
left_child=1 4 3 9 11 8 10 -5 -3 -2 13 16 -10 -6 15 18 -1 -4 -8 -11 21 -15 23 -22 28 -25 -27 -26 -18 -9
right_child=2 5 17 7 6 -7 14 29 12 19 -12 -13 -14 20 -16 -17 24 -19 -20 -21 22 -23 -24 25 27 26 -28 -29 -30 -31
leaf_value=0.0012612665725874573 0.021982194283215344 0.0032178495562217415 0.031945355571498218 0.010902660834780933 0.0075933505189571746 0.012146274032899595 -0.0028099536859189167 0.015518066743472753 0.013309531842915329 0.040812804852653893 0.0046063488432237371 -0.0046694730699301593 0.0061103960537548145 -0.0016786364078435973 0.0065490226460131048 -0.0024611567403258951 0.0013073386480399838 0.043105081467221813 0.00443514639255904 0.021452702002296733 -0.0024102508399566811 0.0024333769108538317 0.0013244137879214026 0.036439392679887071 -0.0038377263829083154 -0.0015961386221556963 0.013336361625993118 -0.00079424928067089659 0.018362451108368337 0.022172893122807603
leaf_weight=9532.4594503194094 1450.8630831837654 17648.825287491083 1537.0006357729435 5157.6399991437793 1390.1121808588505 6041.6773836761713 1783.7546398043633 3108.8744104206562 2316.6779857575893 800.02654877305031 5258.4446065872908 12759.405954632908 12098.537064000964 6567.5107492357492 5424.5039856135845 4215.4998818784952 1011.4460510760546 1138.5196062326431 11412.304855585098 257.46744799613953 29430.3113463521 12337.432460278273 7805.7611562311649 66.368709355592728 15808.61707233265 1029.1467810124159 508.67837560176849 14325.440580517054 290.7937039732933 2590.9987729489803
leaf_count=9292 813 16513 555 4033 1179 4574 1884 2144 1700 147 4774 13951 10620 6788 4714 4423 985 157 10400 147 30849 11737 7599 18 17022 1062 373 14553 184 1442
internal_value=0.00268396 0.00108054 0.0205824 0.0173572 -0.000294062 0.00616537 0.000819576 0.0149137 0.00503842 0.0279338 1.14657e-05 -0.0021021 0.00726737 -0.000397122 0.00309831 0.00202325 -0.00130251 0.0366942 0.0034558 0.0360992 -0.000589478 0.00100488 -0.00136551 -0.00204207 -0.00207992 0.00471246 0.0033432 -0.00239089 0.00511579 0.0185432
internal_weight=195105 179064 16041.4 13365.9 140958 38105.7 87229.8 10857.5 32064 2508.36 64393.8 53728.2 14415.2 59135.3 22836.1 17411.6 40968.8 2675.52 13196.1 1057.49 57745.2 18904.9 38840.3 31034.5 31436.3 1604.19 1537.83 30134.1 1302.24 5699.87
internal_count=184632 175194 9438 8726 141787 33407 85800 7619 28833 1107 64379 55987 12320 59605 21421 16707 42036 712 12284 294 58426 18525 39901 32302 32744 1453 1435 31575 1169 3586
is_linear=0
shrinkage=0.05


Tree=57
num_leaves=31
num_cat=0
split_feature=10 18 16 20 20 21 32 3 27 2 20 18 25 29 11 3 8 17 8 8 26 2 4 5 21 8 30 23 20 1
split_gain=2078.25 394.243 383.626 112.536 93.7669 77.0787 72.8095 65.8128 51.9465 46.361 45.3229 44.2533 34.2453 33.7592 33.9231 33.2757 31.4797 31.0667 29.2488 35.6543 29.4469 28.5756 27.2739 26.6122 26.5256 28.904 26.0696 25.8577 25.109 24.9562
threshold=1.6238401696848255 0.67370983457217115 2.6275139458723307 0.70448391368879359 1.2717190332981276 1.7119750721198996 -2.6844669624062258 -0.30361482402003986 -0.045436392166749696 2.4053761629119559 2.1396816605240003 1.3347109054112958 1.8944017200957433 -0.95775386939146767 -0.63757808770616264 1.2772406453881773 1.6839666064457255 1.1723207478843165 0.84423037945908175 1.6314830922590604 -0.36608763972850994 -0.76260562268027499 0.45722340635429409 1.0731953774504845 1.2311794766862609 0.47684578015242507 0.50974833017570398 0.13284743859153156 -0.56602357648966262 -1.1839319204796619
decision_type=2 2 2 2 2 2 2 2 2 2 2 2 2 2 2 2 2 2 2 2 2 2 2 2 2 2 2 2 2 2
left_child=1 3 4 7 17 11 15 29 27 -7 16 28 -6 14 21 -4 22 -2 20 -20 -15 -10 -5 -21 -22 -26 -19 -9 -3 -1
right_child=2 5 6 10 12 9 -8 8 13 -11 -12 -13 -14 18 -16 -17 -18 26 19 23 24 -23 -24 -25 25 -27 -28 -29 -30 -31
leaf_value=0.003812982596487006 -0.037419796041575269 0.00023355635273684204 0.030521244164369243 0.001006055718999874 0.015049097866841285 0.010415805302324645 0.024372758122520398 -0.0010115720010279456 0.045409411862816024 0.035243417423942096 0.015884592961645586 0.0077127480304305177 0.022161642110421653 -0.0051224124496900914 0.00064791814361431829 0.042770158045899294 0.012292720829348172 0.0051995110256455096 -0.0058896761317981565 -0.0013187281863249198 -0.0017462886205022285 0.0081230393749582991 0.0050382884105611304 0.014242359139696443 0.0026062854301050985 0.029119296991043816 0.012557714871023874 0.0021828386731575435 0.0042690297208159977 0.00027035347066754149
leaf_weight=6188.9685874283314 33.173264220356941 4739.1371162086725 916.38296034932137 14989.607606962323 3082.8961056023836 4350.2211239337921 1726.6782100051641 20903.100180864334 76.242964267730713 196.52246487140656 652.19799262285233 8345.304636053741 3752.0172787606716 7139.5641569476575 3728.312829606235 1403.9034516215324 791.62434035539627 1507.7960431948304 12152.51272008568 1343.5640842020512 28729.596644684672 157.60456126928329 5822.7320672422647 345.38072896003723 395.62208139896393 138.88421207666397 5969.1869515776634 9089.8327732235193 20652.306174784899 25266.618352204561
leaf_count=5717 58 4717 357 14688 2155 3444 885 21326 7 58 445 7058 2089 7871 3680 203 597 1351 13584 1379 29733 132 5236 247 375 58 4470 8693 18889 25130
internal_value=0.0025581 0.000888632 0.0185516 -0.000357486 0.0147161 0.00537763 0.0321471 -0.000984038 -0.00171305 0.0114889 0.00289844 0.00455401 0.0189535 -0.00263684 0.00180659 0.0379325 0.0025064 0.0108597 -0.00298723 -0.00494364 -0.00224336 0.0202798 0.00213417 0.00186344 -0.00154096 0.00949533 0.0110739 -4.34553e-05 0.00351584 0.000967375
internal_weight=194587 176195 18392 137912 14345.1 38283.5 4046.96 115656 84200.2 4546.74 22256.2 33736.7 6834.91 54207.3 3962.16 2320.29 21604 7510.16 50245.1 13841.5 36403.7 233.848 20812.3 1688.94 29264.1 534.506 7476.98 29992.9 25391.4 31455.6
internal_count=184632 173064 11568 138898 10123 34166 1445 117932 87085 3502 20966 30664 4244 57066 3819 560 20521 5879 53247 15210 38037 139 19924 1626 30166 433 5821 30019 23606 30847
is_linear=0
shrinkage=0.05


Tree=58
num_leaves=31
num_cat=0
split_feature=16 10 29 18 20 1 10 21 9 20 9 9 1 11 20 13 10 5 8 16 30 9 29 5 28 5 21 28 21 11
split_gain=1930.87 467.218 284.468 102.511 97.6842 83.2628 82.227 55.3713 46.0646 42.8125 40.8731 40.3098 39.1092 37.9857 36.1671 38.325 34.3826 34.0404 33.2356 32.4435 32.1485 31.5509 31.2254 30.9184 53.9086 43.3179 49.1722 26.1302 68.4943 26.0258
threshold=1.8078679500712969 0.77669774340702913 -2.7037185081695623 0.10659590215459962 2.1396816605240003 1.2797768867823514 2.6696209297177393 0.44409576849896715 -1.6747553987675772 -1.598815827871473 -1.622272242245699 0.63450348819507285 -1.5719542655966972 -1.2129942003999428 0.30649889658172363 0.49449521538665525 2.6696209297177393 0.35993122193886878 -1.6749783015008493 -0.098047658173063865 0.40973649515122573 -0.57260911180813068 -3.012356386587963 -1.0665970890843621 -1.7669317065419203 1.0731953774504845 1.3177017407850775 2.3148043502077447 0.5209213086733232 -1.1084039682698756
decision_type=2 2 2 2 2 2 2 2 2 2 2 2 2 2 2 2 2 2 2 2 2 2 2 2 2 2 2 2 2 2
left_child=1 3 5 8 7 16 20 18 -1 -10 -5 14 -9 -12 15 23 -2 -7 -3 21 -4 -20 -15 24 -11 26 -25 -27 -29 -26
right_child=2 4 6 10 -6 17 -8 12 9 11 13 -13 -14 22 -16 -17 -18 -19 19 -21 -22 -23 -24 25 29 27 -28 28 -30 -31
leaf_value=0.0060509877871323964 0.018335898694277996 -0.0047460827829416763 0.0049895613353936772 0.0097205180469207668 0.014912080839952638 0.041073984215596673 0.025602013454277924 0.013332902743880047 -0.0056066562311033212 0.040315719105789877 0.0064300107206338875 0.0013674175320369192 0.0062331185443499776 0.024722486276722147 0.00039072108836788079 -0.016607295770466331 0.032085893909891576 0.020973315524962757 -0.10276604482021889 0.0038573166289322608 0.014939333407850875 -0.014680054572774215 0.00094074359452430984 -0.00072203452522575772 0.019696929657665081 -0.0048124135666964551 0.024595981917377122 -0.0067596330155949465 0.043596609426670083 -0.0048653515421233674
leaf_weight=2178.6610253453255 1061.1385940611362 1336.1686584204435 919.78663772344589 1529.31460519135 2958.2831500172615 1848.5291105210781 1807.5261988043785 2165.429118335247 5444.4920888319612 67.119077205657959 3497.8204678893089 14547.859972164035 18605.392319649458 138.4629847407341 18673.925929740071 454.90512175858021 795.46252137422562 237.71230173110962 12.43731878697872 10336.416631899774 6918.0087977051735 55.658580079674721 43739.961777880788 33498.261968279257 108.89985573291779 9511.5315329879522 192.88287335634232 201.72787269949913 101.5087223649025 11150.024249978364
leaf_count=1915 672 1463 828 1232 2076 330 882 1588 6055 13 3048 14150 16286 70 18528 606 285 138 38 9539 4851 72 42917 33982 66 10427 98 229 13 12235
internal_value=0.0024378 0.00106953 0.0206141 -0.000188448 0.00621344 0.0319293 0.0159887 0.00542193 -0.00113656 -0.00130324 0.00167523 -0.00103852 0.0069733 0.00141553 -0.00151176 -0.00215434 0.0242271 0.0387837 0.00267736 0.0036307 0.0137717 -0.0307684 0.00101579 -0.00203444 -0.00436144 -0.00142864 -0.000577088 -0.00435177 0.0100972 -0.00462778
internal_weight=194095 180507 13588.2 145037 35469.8 3942.84 9645.32 32511.5 96131.8 93953.1 48905.6 88508.6 20770.8 47376.2 73960.8 55286.9 1856.6 2086.24 11740.7 10404.5 7837.8 68.0959 43878.4 54832 11326 43505.9 33691.1 9814.77 303.237 11258.9
internal_count=184632 176646 7986 145584 31062 1425 6561 28986 98317 96402 47267 90347 17874 46035 76197 57669 957 468 11112 9649 5679 110 42987 57063 12314 44749 34080 10669 242 12301
is_linear=0
shrinkage=0.05


Tree=59
num_leaves=31
num_cat=0
split_feature=10 18 16 20 25 21 9 20 2 18 12 20 9 32 20 13 5 29 9 4 9 13 3 32 32 5 28 21 21 6
split_gain=1790.78 406.712 290.745 107.734 95.9818 81.6589 62.7841 61.0842 45.1842 45.1761 44.8856 42.1524 37.3232 37.2406 33.5677 46.167 31.1778 30.7419 30.4125 29.2791 28.9159 27.2609 27.2355 25.9648 26.7575 25.3347 27.3487 95.2974 27.3218 26.2294
threshold=1.7819152345322962 0.75412237721239095 2.9113238709620717 0.70448391368879359 1.8195866227388111 1.7119750721198996 0.68698664471695126 -1.1071965579980656 2.4053761629119559 1.3347109054112958 -0.57050986537695425 2.1396816605240003 -1.6747553987675772 -2.6844669624062258 -0.42221572553107906 -0.55535188918573686 -1.0665970890843621 -4.3271377947710503 -0.7825417378956443 3.2296704523871269 -1.622272242245699 0.78932426444863835 -0.57487996139649133 0.62991971492548271 -0.49218796866878523 1.0731953774504845 2.2537844959010331 0.5209213086733232 1.2311794766862609 0.80505928358058243
decision_type=2 2 2 2 2 2 2 2 2 2 2 2 2 2 2 2 2 2 2 2 2 2 2 2 2 2 2 2 2 2
left_child=1 3 4 6 -2 9 10 -8 -7 -3 -1 19 -12 -4 15 18 -16 -6 -14 20 -5 -17 -22 24 -20 28 -27 -28 -18 -30
right_child=2 5 13 11 17 8 7 -9 -10 -11 12 -13 14 -15 16 21 25 -19 23 -21 22 -23 -24 -25 -26 26 27 -29 29 -31
leaf_value=0.0014532759437817285 0.012120698640916604 0.0034735634019963622 0.039530794180171969 0.0089686657654380712 0.029155770526358628 0.010479582594314701 -0.0020010766325169542 0.0025394490906748557 0.031761535278646988 0.0075765072364873086 0.005122285722805724 0.014172591153800224 -0.0050151563192754331 0.02644998017949439 -0.0040395438733456558 -0.0073284707893551352 -0.00016597885505718283 0.019361850649589049 -0.0054448060368366795 0.047251927456527891 0.005855457615761654 -0.047806987061918195 0.0010975974124105281 -0.0042856748667438119 0.001116058465369338 -0.0038216950967364053 -0.0077210189208315573 0.042085577148202852 0.014197899071363956 -0.0099744417167165599
leaf_weight=10783.425869807601 6527.3115096613765 21866.063128694892 1619.0339777469635 1547.5977363586426 988.28311058878899 4764.6257929056883 11202.652672126889 21863.420890301466 263.18004840612411 9678.5996010303497 1797.1057853549719 791.29361885786057 8232.2768898457289 819.53221748769283 8281.8981808498502 5360.3383364677429 26367.471155188978 4233.2844153344631 1859.5069111436605 36.389123916625977 3611.9980310052633 41.91929566860199 17981.734095588326 5007.7667947113514 9460.161874031648 7480.2549270689487 283.25903189182281 145.30434101819992 593.54058820009232 138.39228495955467
leaf_count=10470 4945 20347 339 1270 412 3766 11651 20753 96 8212 1613 567 9058 386 8951 6146 26455 2594 2062 2 3189 82 17587 5437 9249 8052 327 23 425 166
internal_value=0.00232292 0.000970846 0.0194237 -0.000233535 0.0161627 0.00567567 -0.000850011 0.00100114 0.0115936 0.00473244 -0.00156315 0.00282451 -0.00199656 0.0351347 -0.00217121 -0.00345777 -0.00128075 0.0212155 -0.00253726 0.00243708 0.00236661 -0.00764257 0.00189345 -0.00128791 3.82908e-05 -0.000628106 -0.00311792 0.0091659 9.85336e-05 0.00962745
internal_weight=193628 179440 14187.4 142868 11748.9 36572.5 118899 33066.1 5027.81 31544.7 85832.6 23969 75049.2 2438.57 73252.1 29962 43290.1 5221.57 24559.7 23177.7 23141.3 5402.26 21593.7 16327.4 11319.7 35008.2 7908.82 428.563 27099.4 731.933
internal_count=184632 175956 8676 143535 7951 32421 120920 32404 3862 28559 88516 22615 78046 725 76433 32034 44399 3006 25806 22048 22046 6228 20776 16748 11311 35448 8402 350 27046 591
is_linear=0
shrinkage=0.05


Tree=60
num_leaves=31
num_cat=0
split_feature=16 16 4 4 25 20 27 3 25 3 21 6 29 8 21 8 1 1 17 10 17 28 14 3 30 1 9 20 14 5
split_gain=1662.16 391.535 268.474 106.91 81.1342 79.7534 66.2464 62.2179 56.8461 41.7407 40.9265 38.3891 36.2858 34.2303 32.5024 31.4852 30.4631 29.2614 28.7164 28.1426 26.2504 26.2065 25.4216 25.5476 25.3299 35.9248 25.3061 23.9283 22.2545 22.0126
threshold=1.8078679500712969 0.89379685247891449 2.735867087057557 0.45722340635429409 1.7847187923945602 1.5572352193230794 -0.055210915239449133 1.8403915893796274 0.084705020301588177 -0.31948530457135393 0.68796510483168039 -0.62089809151685094 -4.3271377947710503 0.58181280852575556 -0.73677745678557638 -1.5175277589408536 -2.4750516848629371 -0.80602634384073168 1.217997106906531 2.6696209297177393 -0.93879670744545141 1.5383769224316859 -0.28480191119389814 -1.8217903693999511 1.3118582239491967 -0.22974958291214326 -1.6747553987675772 2.2310911147635006 2.3311541182756752 0.35993122193886878
decision_type=2 2 2 2 2 2 2 2 2 2 2 2 2 2 2 2 2 2 2 2 2 2 2 2 2 2 2 2 2 2
left_child=1 3 4 6 16 10 11 28 -5 -8 22 -1 18 29 20 -13 -2 -12 -7 27 -11 -10 -3 -24 25 -23 -17 -6 -4 -9
right_child=2 5 7 8 19 12 9 13 21 14 17 15 -14 -15 -16 26 -18 -19 -20 -21 -22 24 23 -25 -26 -27 -28 -29 -30 -31
leaf_value=-0.0019312875860579498 0.020525456384923858 0.020853149207018747 0.012732876844553938 0.00084938739232631635 0.014007860563317001 0.044986088668181781 0.00057641513182851354 0.042577494257878948 0.0044849018446583237 -0.0027479677455182153 0.011409053107661687 -0.0065449959233804048 0.01052452440592009 0.022606173792780019 -0.0015944253823230844 0.010490346460921111 0.0099520540252768415 0.005585478619104153 0.013426846616941636 0.027006778775146453 -0.0068085654885306941 0.023556334685443589 0.0091057440904149505 0.0017565430333822932 0.043701413652861065 -0.0057764964524230147 0.0016051288916010317 0.022727484496809815 0.027747544964027916 0.020245299850512408
leaf_weight=10495.599580898881 793.90542644262314 193.84598538279533 347.49127143621445 24920.3404635638 1694.8145026564598 139.61156171560287 14775.334527999163 1468.5067756772041 12387.098405256867 11016.538168409839 2924.2609827816486 1161.9065306037664 5751.6723206788301 304.81320548057556 37681.396495841444 822.58377812802792 4799.2473830729723 8221.4102238118649 149.0164078772068 1215.5756539106369 6231.4546580985188 255.25961995124817 1335.1508353352547 10344.407948859036 71.44460141658783 176.59768256545067 31064.242249816656 1468.5114079415798 851.59143501520157 119.30888164043427
leaf_count=10901 468 113 259 24497 1220 14 14605 218 11276 11622 2257 1314 4541 167 38883 650 3844 7303 109 559 7080 135 1092 9981 9 197 30067 801 379 71
internal_value=0.00221317 0.000964132 0.0194345 -5.83223e-05 0.0154434 0.00627917 -0.000826914 0.0323075 0.00224373 -0.00178272 0.00493737 0.000703113 0.0113926 0.0379533 -0.00241729 0.00153975 0.0114529 0.00711339 0.0286923 0.0205406 -0.004215 0.00493934 0.00289472 0.00259667 0.0161237 0.0115614 0.00183434 0.0180558 0.0233963 0.0408994
internal_weight=193183 180119 13063.8 151060 9972.05 29059.4 113249 3091.71 37810.7 69704.7 23019.1 43544.3 6040.3 1892.63 54929.4 33048.7 5593.15 11145.7 288.628 4378.9 17248 12890.4 11873.4 11679.6 503.302 431.857 31886.8 3163.33 1199.08 1587.82
internal_count=184632 176646 7986 151236 6892 25410 115122 1094 36114 72190 20746 42932 4664 456 57585 32031 4312 9560 123 2580 18702 11617 11186 11073 341 332 30717 2021 638 289
is_linear=0
shrinkage=0.05


Tree=61
num_leaves=31
num_cat=0
split_feature=10 18 16 20 25 21 9 20 29 8 3 1 32 20 26 11 12 20 5 5 29 28 24 11 4 19 3 8 26 32
split_gain=1539.51 340.39 274.017 90.9181 86.4653 70.8987 54.8855 52.7825 47.6263 45.8953 41.1264 38.8037 37.4558 37.0417 34.4061 31.9963 31.2083 29.956 26.9373 40.2384 36.1358 38.711 28.9914 40.6388 26.6951 26.5142 30.3693 25.9845 24.3618 26.9905
threshold=1.7819152345322962 0.75412237721239095 2.9113238709620717 0.70448391368879359 1.8195866227388111 1.286324116991227 0.68698664471695126 -1.1071965579980656 -4.3271377947710503 0.056977666659103185 -0.15554822681840857 -2.0412350809493094 -2.6844669624062258 2.1396816605240003 -0.4083551137619178 2.3541822794167842 -1.6590808789286708 2.2310911147635006 1.0731953774504845 1.0000000180025095e-35 -1.1243430135732799 -1.7669317065419203 -1.8713447490595676 0.16149079138194058 3.2296704523871269 2.44857694879112 3.5347725708111133 1.6839666064457255 -0.51604756193148082 -0.6297448291919564
decision_type=2 2 2 2 2 2 2 2 2 2 2 2 2 2 2 2 2 2 2 2 2 2 2 2 2 2 2 2 2 2
left_child=1 3 4 6 -2 11 10 28 9 -7 18 -3 -4 24 -12 16 -13 -6 19 20 -1 -22 23 -21 27 26 -10 -5 -8 -30
right_child=2 5 12 13 17 8 7 -9 25 -11 14 15 -14 -15 -16 -17 -18 -19 -20 22 21 -23 -24 -25 -26 -27 -28 -29 29 -31
leaf_value=0.0069063558121336176 0.011251636546725001 0.010455837506503411 0.038714125406444748 0.001848626974233201 0.016215396074836397 -0.0054933270392905796 -0.0057295774319229796 0.0023800354885661658 0.0070427610751339119 0.042562693353759146 -0.0070979505594595017 0.0075108712015868224 0.025198148388837258 0.01335582975519355 -0.0019502264173844588 0.011725414676078929 0.002394050456553473 0.023945403225119483 -0.0030609381262125656 -0.0049990205112944381 0.029725111270068594 -0.0025497420975553178 0.0023529892407179818 0.043176028378363117 0.046993641144582508 0.015624283804184062 0.037740194084053658 0.010974152132209017 -0.0079503975825759871 0.00064072604761602819
leaf_weight=1189.2705049812794 6380.9146508947015 2160.8752020895481 1501.8773971796036 22237.164442360401 2542.5782721340656 66.674683153629303 2962.5202191770077 21790.23043577373 6585.6187954843044 194.96303915977478 3464.22241121158 3463.2388133257627 778.16770739853382 773.65648558735847 51522.393353577703 1126.0735962986946 21354.473748728633 2471.7327476143837 5829.1468451470137 76.364995956420898 93.711981683969498 10808.806615263224 12929.457493402064 102.57955813407898 33.262828826904297 1154.8850331604481 81.567358672618866 808.43855263292789 1046.5847091376781 7228.6314500421286
leaf_count=1025 4945 1709 339 21415 1718 74 3302 20753 5658 29 3956 2943 386 567 53532 862 20332 1288 6186 84 38 11360 12321 14 2 794 20 631 1213 7136
internal_value=0.00210834 0.000873556 0.0182785 -0.000223434 0.0151126 0.00520522 -0.000787978 0.000944604 0.00933179 0.0303163 -0.00145325 0.0040183 0.0341012 0.00259411 -0.00227454 0.00348212 0.00310809 0.0200258 2.156e-06 0.000710691 -0.00136957 -0.00227233 0.00262962 0.0226172 0.00223335 0.00862988 0.00741832 0.00216875 -0.00183873 -0.000445812
internal_weight=192760 179085 13675.3 142896 11395.2 36188.4 119044 33028 8083.71 261.638 86016 28104.7 2280.05 23852.5 54986.6 25943.8 24817.7 5014.31 31029.3 25200.2 12091.8 10902.5 13108.4 178.945 23078.9 7822.07 6667.19 23045.6 11237.7 8275.22
internal_count=184632 175956 8676 143535 7951 32421 120920 32404 6575 103 88516 25846 725 22615 57488 24137 23275 3006 31028 24842 12423 11398 12419 98 22048 6472 5678 22046 11651 8349
is_linear=0
shrinkage=0.05


Tree=62
num_leaves=31
num_cat=0
split_feature=16 10 10 29 20 25 1 29 24 21 1 25 1 5 5 8 8 32 20 21 28 21 8 15 1 32 19 22 4 25
split_gain=1426.33 327.398 256.03 100.562 77.0099 75.1114 59.1442 56.5035 46.9278 45.6724 41.8929 40.1446 38.5972 38.2158 47.1981 72.4916 100.481 49.7374 48.2557 48.8735 45.5472 51.3986 41.771 36.2992 34.6574 33.5857 32.2851 32.2033 31.0265 30.7026
threshold=1.8078679500712969 0.77669774340702913 2.9742935776777331 -3.4176241146047577 2.1396816605240003 -0.72568946412155133 -0.8259369896124612 -0.79573187080582286 1.4975377495907483 -0.73677745678557638 -1.1839319204796619 1.0383560369424198 1.2051627043312976 1.0000000180025095e-35 0.35993122193886878 0.47684578015242507 0.79174686527241656 -0.39671224804892796 0.15031653345443019 0.14429510848576088 1.4294992029063465 0.5209213086733232 1.2116149787657384 -1.0032001597273965 3.4076219123276772 0.28337329079217194 -1.6802382595468452 0.39623811547768645 -0.10082503325137634 -0.37989970210828866
decision_type=2 2 2 2 2 2 2 2 2 2 2 2 2 2 2 2 2 2 2 2 2 2 2 2 2 2 2 2 2 2
left_child=1 5 3 12 9 -1 -7 23 13 -3 -11 -5 -2 26 15 -15 18 22 19 -17 -16 27 28 -8 -4 -12 -9 -22 29 -18
right_child=2 4 24 11 -6 6 7 8 -10 10 25 -13 -14 14 20 16 17 -19 -20 -21 21 -23 -24 -25 -26 -27 -28 -29 -30 -31
leaf_value=-0.0019583565635066733 0.019404018714550261 -0.0048789225332018524 0.028541895473346471 0.0074189548146653076 0.013156255005162241 0.0039701667105836325 0.014356603054108944 -0.01651399921603091 0.0043097709252921954 0.0090029687946084676 0.0051937470043738479 0.014977260727583867 0.03484722922871699 -0.00059028907268397855 -0.0018519405183011581 0.01455979496147089 0.047395354364361757 -0.001088502708692992 0.00521766634303579 0.034926264799091625 -0.00017220797669658254 0.018064669949287262 -7.2632117210476776e-05 0.0024905874768725387 0.041310263040465492 0.0011214832644649661 -0.0018705074261399911 0.017099852448233289 0.026579685487386318 -0.00052551287670240165
leaf_weight=41947.054216241464 893.90825256705284 1239.0913834422827 1290.887549161911 2431.8332153633237 2817.3031772375107 11266.606090337038 677.54484970867634 381.12277576327324 4969.3338002562523 5197.9373576045036 18461.708903893828 6328.7453990355134 739.13874650001526 8901.9060382395983 22786.996745161712 1059.5311163216829 38.392938613891602 3459.6825230121613 844.08285599946976 407.99442920088768 2615.9901159927249 566.77040502429008 544.20945852994919 13217.380862802267 903.3645201921463 6976.4801148474216 30392.029654681683 300.9105042219162 441.9240415096283 258.28535391390324
leaf_count=43590 547 1360 554 2071 2076 10372 483 507 4541 4262 16544 4433 224 9007 23631 751 2 3535 756 123 2625 362 545 12559 157 6820 31529 198 207 261
internal_value=0.00200827 0.000868962 0.018279 0.0150026 0.00523243 -0.000174476 0.000551094 0.000131764 -0.000391717 0.00453208 0.00491271 0.0128792 0.0263938 -0.000711763 0.000264852 0.00240978 0.0061957 0.00202946 0.0147432 0.020222 -0.00103791 0.00428673 0.0104385 0.0030692 0.0337986 0.00407692 -0.00205187 0.0016096 0.0181831 0.00567589
internal_weight=192358 179770 12587.9 10393.6 34692.5 145078 103131 91864.1 77969.2 31875.2 30636.1 8760.58 1633.05 72999.8 42226.7 15956 7054.1 4742.49 2311.61 1467.53 26270.7 3483.67 1282.81 13894.9 2194.25 25438.2 30773.2 2916.9 738.602 296.678
internal_count=184632 176646 7986 7275 31062 145584 101994 91622 78580 28986 27626 6504 771 74039 42003 15187 6180 4550 1630 874 26816 3185 1015 13042 711 23364 32036 2823 470 263
is_linear=0
shrinkage=0.05


Tree=63
num_leaves=31
num_cat=0
split_feature=18 10 19 4 29 3 2 27 24 30 25 29 8 5 20 5 1 26 8 6 3 9 26 28 14 8 32 13 11 20
split_gain=1318.91 343.146 206.479 95.9702 94.8343 87.6297 78.0218 60.4569 54.5171 40.7335 40.4323 37.2876 40.3195 53.617 36.9961 36.7734 32.419 31.6239 33.2694 29.1056 28.8397 26.3357 25.3045 26.6726 26.2957 24.0711 23.825 27.7716 23.6901 28.1036
threshold=1.4714965665706108 2.4865809904371239 0.87591127161366567 0.45722340635429409 -4.3271377947710503 3.5347725708111133 0.91586560314467469 -0.418281669058857 1.9046256214024124 -0.52305464936881629 1.062783890097194 -1.0927946835633973 1.2116149787657384 -1.0665970890843621 2.2310911147635006 -1.0665970890843621 1.2051627043312976 0.7677437463780431 0.47684578015242507 -0.79249055956884185 -0.31948530457135393 -1.6747553987675772 -0.4083551137619178 2.3148043502077447 -0.25531290640174381 1.5789995780723951 -0.65998146649805201 0.31943032475154914 -2.2355265538319347 2.7122881250082007
decision_type=2 2 2 2 2 2 2 2 2 2 2 2 2 2 2 2 2 2 2 2 2 2 2 2 2 2 2 2 2 2
left_child=2 4 3 7 16 14 8 19 -4 -5 -6 12 -9 -14 -3 -11 -2 18 -17 -1 -13 -21 -22 -24 -25 -20 27 -8 -12 -30
right_child=1 5 6 9 10 -7 26 11 -10 15 28 20 13 -15 -16 17 -18 -19 25 21 22 -23 23 24 -26 -27 -28 -29 29 -31
leaf_value=-0.0027141259154399838 0.015919375249315217 0.017883762046689972 0.0021229577685757911 -0.00022977347685795426 0.006871934315556826 0.039008749293818736 0.02979298719760505 2.8983443974187577e-06 0.009893880894019394 -0.0018097273820137695 0.018126833339008271 8.0102805475081961e-06 0.026478316834273305 0.0020458252692578207 0.028857526701182447 0.0044440994104489595 0.03891625105238862 0.011012147776162728 -0.0014836612344850261 0.01341367444568446 -0.005536773482083231 0.001569403392462379 -0.0022631367733303757 0.0084499986129611803 -0.0030148358043119881 0.0079768257032865088 0.0062873297751085706 0.011208560184968987 0.0098863426122368873 0.020694640457814384
leaf_weight=4199.0642227232456 255.277009755373 1726.540956556797 17934.483007371426 14646.691577218473 5841.9035533890128 1132.7191201150417 215.27179747819901 2149.1245774030685 2581.9002770483494 3374.8488707393408 1457.3387220799923 16045.570588804781 393.25416980683804 523.41636951267719 1383.4710580408573 16046.219929024577 383.44427108764648 1418.3905176520348 4593.690394282341 479.68741744756699 5734.0385494362563 21711.481458604336 52564.774508781731 1172.081788495183 872.39730666577816 787.66063103079796 3050.6029345989227 3036.7524535655975 5590.3653383255005 673.93815410137177
leaf_count=4427 174 1109 17173 14714 5039 249 87 2149 2071 3497 929 16043 185 502 585 14620 85 1106 4730 351 6369 21030 54944 974 925 662 2667 2356 4485 395
internal_value=0.00191284 0.0146246 0.000561686 -0.00017572 0.0108971 0.027102 0.00459564 -0.000970339 0.0031009 0.0018823 0.0100105 -0.00165902 0.00374772 0.0125274 0.0227654 0.00306209 0.0297251 0.00378177 0.00330315 0.00110312 -0.00187602 0.00182543 -0.00237699 -0.00204521 0.00355785 -9.89433e-05 0.00946135 0.0124388 0.0123849 0.0110491
internal_weight=191976 18445 173531 146712 14202.3 4242.73 26819 105845 20516.4 40867.5 13563.5 79454.7 3065.8 916.671 3110.01 26220.8 638.721 22846 21427.6 26390.2 76388.9 22191.2 60343.3 54609.3 2044.48 5381.35 6302.63 3252.02 7721.64 6264.3
internal_count=184632 13050 171582 147228 11107 1943 24354 107899 19244 39329 10848 82091 2836 687 1694 24615 259 21118 20012 25808 79255 21381 63212 56843 1899 5392 5110 2443 5809 4880
is_linear=0
shrinkage=0.05


Tree=64
num_leaves=31
num_cat=0
split_feature=10 18 16 20 1 20 29 21 5 24 23 29 32 11 10 9 8 5 9 5 5 4 2 2 20 24 35 19 9 20
split_gain=1225.26 295.983 219.371 86.8839 69.9888 66.9366 59.5893 56.6031 50.4057 48.9768 45.5981 37.8709 37.5545 36.5563 35.588 30.6164 51.2541 127.487 48.0425 46.2395 43.1084 37.0349 36.1818 43.5509 35.2185 43.5079 34.0997 30.7078 30.6936 38.2466
threshold=1.8840359389727344 0.90852036449444518 2.9113238709620717 1.2231613925713622 -1.1839319204796619 1.2018086973851576 -0.79573187080582286 2.3393023904778327 -1.0000000180025095e-35 1.6270136925359178 1.7260881867468425 -3.012356386587963 -2.6844669624062258 -1.5760490471691901 -0.19103493545320013 -0.83502489441752281 0.52932929433909037 0.35993122193886878 -1.622272242245699 1.0731953774504845 1.0731953774504845 -0.44710199031034131 0.074045054617255746 -0.61811042249025339 0.15031653345443019 -0.20432273770778692 1.0000000180025095e-35 -0.41946513427940862 0.79195295776070807 -1.8385492631823444
decision_type=2 2 2 2 2 2 2 2 2 2 2 2 2 2 2 2 2 2 2 2 2 2 2 2 2 2 2 2 2 2
left_child=1 3 5 4 -1 -2 11 13 -8 15 14 -6 -4 -3 -11 18 28 22 20 21 -10 -20 23 -18 25 27 -23 -25 -17 -30
right_child=2 7 12 -5 6 -7 8 -9 9 10 -12 -13 -14 -15 -16 16 17 -19 19 -21 -22 26 -24 24 -26 -27 -28 -29 29 -31
leaf_value=0.0040369670629683344 0.0095659588343602088 0.0093079072191053734 0.037450545223309289 0.0043741671833921591 0.026637876786252724 0.018203818137125152 -0.0023251892539570772 0.013299845910320013 -0.0012422774173454117 0.040391505656183983 -0.0004478040186414638 0.0019040797579535297 0.023321575636267855 0.0040680648956016143 0.01199417138355547 -0.0014586389840884927 0.0083490699777586351 -0.0015469713198222985 -0.0042592638618732049 -0.0071682179388657674 0.012355077603301727 0.0011516106236808593 -0.0011259334403499958 0.019562877192828603 0.0043708662861160832 0.036529447133022891 0.033014656623056741 -0.02070543761265628 -0.0065591818218840433 0.0021437634107174925
leaf_weight=8404.5802806764841 3912.5448635742068 3890.1906767040491 1350.6562897264957 10277.072680950165 156.23579859733582 5255.3479790985584 47285.065483503044 2125.3316734135151 1405.0897718369961 130.09322249889374 772.08514320850372 16406.797002032399 721.55685344338417 23059.119934588671 726.20439979434013 26742.8371030204 1433.3413438349962 4182.5929720029235 5313.3783855214715 4985.2874571308494 996.15028050541878 5122.9938864335418 453.78144627809525 397.54086089134216 241.07404869794846 467.68681305646896 85.367718011140823 53.74409818649292 1388.8107548207045 13870.710433930159
leaf_count=7726 3164 3166 339 9378 73 3342 49484 1560 1440 25 779 15782 385 21183 552 27523 1194 4312 5766 5700 750 5005 464 242 220 126 29 76 1571 13276
internal_value=0.00182171 0.000823616 0.0178384 -6.42698e-05 -0.000387725 0.0145175 -0.00066814 0.00544399 -0.00106854 -0.000204475 0.0083636 0.00213739 0.0325308 0.00482445 0.0163084 -0.00041228 0.000231678 0.0041202 -0.0021826 -0.00320169 0.00439856 -0.00132231 0.0118991 0.0141781 0.0213804 0.0258426 0.00167386 0.0147673 -0.000437644 0.00135168
internal_weight=191613 180373 11240.1 151299 141021 9167.89 132617 29074.6 116054 68768.8 1628.38 16563 2072.21 26949.3 856.298 67140.4 49232.1 7229.76 17908.3 15507 2401.24 10521.7 3047.17 2593.39 1160.05 918.972 5208.36 451.285 42002.4 15259.5
internal_count=184632 177402 7230 151493 142115 6506 134389 25909 118534 69050 1356 15855 724 24349 577 67694 49004 6634 18690 16500 2190 10800 2322 1858 664 444 5034 318 42370 14847
is_linear=0
shrinkage=0.05


Tree=65
num_leaves=31
num_cat=0
split_feature=16 16 10 29 4 25 27 25 25 1 1 20 3 6 1 8 14 26 28 25 24 1 21 1 19 28 14 21 24 4
split_gain=1132.94 269.168 217.921 85.4121 73.971 62.7922 54.0761 38.8035 36.1894 35.2415 34.2234 30.6919 30.4468 28.8862 27.3167 27.2099 26.7533 25.5582 25.525 24.3072 24.2133 31.5248 23.3455 23.0336 21.4008 20.8815 21.697 20.4889 20.1549 20.0325
threshold=1.8615423531764608 0.89379685247891449 2.9742935776777331 -4.3271377947710503 0.4806464107498874 1.062783890097194 -0.055210915239449133 0.084705020301588177 1.2044257486806955 3.4076219123276772 1.2797768867823514 2.1396816605240003 -0.31948530457135393 -0.62089809151685094 -2.0412350809493094 -1.5175277589408536 -0.44497272989191133 -0.4083551137619178 1.5383769224316859 -0.55584228984240536 1.0296796003285269 -0.22974958291214326 -1.983083711852899 -1.4514519560184282 3.022297671503765 2.3148043502077447 -0.25531290640174381 0.50473240590148383 -0.757497086190417 1.7549193034596331
decision_type=2 2 2 2 2 2 2 2 2 2 2 2 2 2 2 2 2 2 2 2 2 2 2 2 2 2 2 2 2 2
left_child=1 4 3 10 6 14 13 -6 -5 -4 -2 23 -8 -1 -3 -15 -16 -14 28 -18 21 -20 -19 -7 -12 -24 27 -27 -9 -30
right_child=2 5 9 8 7 11 12 18 -10 -11 24 -13 17 15 16 -17 19 22 20 -21 -22 -23 25 -25 -26 26 -28 -29 29 -31
leaf_value=-0.0015787438708949261 0.019217112584738495 0.0090711529614312704 0.026735987166774746 0.007356423197056503 0.00072878719704992483 0.013202632403274905 0.00044985482740644335 -0.0091217077140110479 0.01455711014621467 0.04027424649327821 0.044205363418794406 0.013192712559996645 -0.0058025885776607604 -0.0059784970494580966 0.022264892630820467 0.0016857149180788116 -0.0050976828067636109 -0.0092133846861123161 0.022333472867972309 0.0028369886484309569 0.042795252039717319 -0.0058392766532192591 -0.0018353841688352611 0.0058342009702361261 0.017669866637170847 0.0035774010137812071 -0.0025994401432263628 0.018186409816798785 0.0035958521405802303 0.013520156573542889
leaf_weight=10676.878859773278 493.78083792328835 1772.5884137749672 1188.5309812128544 2530.2755553126335 24013.007446601987 1205.2492590546608 15023.164870157838 297.69099493324757 5621.7199200093746 807.1354153752327 345.14675891399384 2238.6871102452278 4272.2032408285886 1201.3541538119316 169.46031427383423 32137.493034020066 1037.2487034648657 1034.3945094048977 243.97713515162468 13895.423148259521 69.398685216903687 167.44486303627491 48316.416286099702 8837.1547400057316 97.432322829961777 837.95394624769688 886.89156849682331 336.3342512845993 10980.699425578117 533.17114798724651
leaf_count=11014 304 1451 553 2158 23663 887 14888 352 3985 157 40 1648 4768 1345 94 31054 1143 1225 135 13107 10 187 50090 7806 63 778 933 214 10191 389
internal_value=0.00173482 0.000780392 0.0172502 0.0139649 -6.87041e-05 0.00517875 -0.000691193 0.00189833 0.0123221 0.0322115 0.0282669 0.00789869 -0.00154768 0.000684671 0.00319923 0.00140954 0.00251002 -0.00208659 0.00418301 0.00228583 0.0154757 0.0108674 -0.0017778 0.00671853 0.0383637 -0.00162513 0.00330344 0.00776165 0.00372331 0.00405542
internal_weight=191268 180184 11084 9088.36 151028 29155.8 114723 36305.4 8152 1995.67 936.36 12281.1 70707.4 44015.7 16874.7 33338.8 15102.1 55684.2 12292.4 14932.7 480.821 411.422 51412 10042.4 442.579 50377.6 2061.18 1174.29 11811.6 11513.9
internal_count=184632 177372 7260 6550 151236 26136 116309 34927 6143 710 407 10341 72896 43413 15795 32399 14344 58008 11264 14250 332 322 53240 8693 103 52015 1925 992 10932 10580
is_linear=0
shrinkage=0.05


Tree=66
num_leaves=31
num_cat=0
split_feature=18 15 10 29 27 19 32 11 4 20 29 28 21 21 26 17 11 9 1 4 20 2 19 26 12 9 20 14 5 8
split_gain=1048.04 252.368 211.796 86.7748 71.7826 56.1943 49.3152 44.0195 41.2663 38.5999 37.6008 39.1184 48.3105 54.0164 36.3251 33.2346 31.9566 31.0388 29.9785 29.9766 27.8672 26.6732 26.2371 25.1262 25.0653 23.6072 21.6438 21.1688 20.9535 20.6252
threshold=1.6517944197237926 2.928700644736264 0.97118871682321395 -4.3271377947710503 0.2532374813538894 0.87591127161366567 0.45097200250777802 -2.2355265538319347 3.2296704523871269 0.71740828421630398 -0.93412963783615821 1.4294992029063465 0.5209213086733232 0.53852784473565662 0.8409536410973808 0.34044365029159845 -1.0448460332444316 1.1068518968919785 1.2797768867823514 1.9997854493505687 2.7122881250082007 2.6354203034584542 -0.28519767579507321 -0.058491536473267318 -0.32752709157311 -1.6747553987675772 0.99176394931618017 0.09632464768733788 0.35993122193886878 0.79174686527241656
decision_type=2 2 2 2 2 2 2 2 2 2 2 2 2 2 2 2 2 2 2 2 2 2 2 2 2 2 2 2 2 2
left_child=2 3 4 18 6 15 9 -5 -3 16 -6 24 -13 -14 -15 -4 -1 -8 -2 -11 -9 -7 -17 -19 -12 -26 -16 -25 -20 -27
right_child=1 8 5 7 10 21 17 20 -10 19 11 12 13 14 26 22 -18 23 28 -21 -22 -23 -24 27 25 29 -28 -29 -30 -31
leaf_value=0.0057089307740320486 0.018448508105038904 0.022326436711753453 -0.05459173223363846 0.016983684498135539 0.0022778974360091334 0.0070357048153904742 -0.0013449365932394586 0.0084484487565257369 0.037779764973261853 0.0039784087624961349 -0.00021682382436316659 -0.00014855549055082859 0.039216971267771267 0.00036756876050477561 0.027530373267536809 -0.0023765792535372266 0.00064688638345470814 0.000550296075488622 0.042697129937907537 0.030863069935611956 0.018594381189710078 0.020984741967323403 0.0037889887898098756 0.015936173573055979 0.0059780721309801114 -0.0020959581353808417 0.005434447722463237 0.003706525384265324 0.016231607149057362 -0.0045171331347692335
leaf_weight=3407.0073868334293 459.56622463464737 679.34872534871101 25.336610741913319 2453.3325064778328 6849.0276495367289 11472.31666880846 25870.126405119896 7542.4380129277706 1186.5565559566021 13125.361024513841 13597.036771595478 6047.0335972309113 143.74439984560013 789.80616292357445 260.35145509243011 2082.0374582484365 36730.205393716693 3094.05290132761 335.48453414440155 104.50997278094292 743.49752679467201 353.26241245865822 10075.520699709654 578.32610294222832 771.2065691947937 28173.970732830465 192.97416010499001 911.5755597949028 96.243845462799072 12788.640194416046
leaf_count=3018 290 376 53 1620 6537 9858 26566 6268 290 12081 13656 6065 31 784 117 2181 36255 3060 49 40 467 205 9312 394 679 29355 172 844 65 13944
internal_value=0.0016518 0.0150835 0.000630181 0.0123449 -5.31312e-05 0.00499714 0.00093244 0.0111007 0.0321534 0.0018486 -0.00123985 -0.00162371 0.00178177 0.0101983 0.00684287 0.00261389 0.00107657 -0.000673012 0.0273363 0.00419079 0.00935884 0.0074524 0.00273311 0.00311908 -0.00208125 -0.00268869 0.0181245 0.00845363 0.0367973 -0.00285186
internal_weight=190940 13496.5 177443 11630.6 153435 24008.5 83821.2 10739.3 1865.91 53367.1 69613.8 62764.8 7433.91 1386.88 1243.13 12182.9 40137.2 30454.1 891.295 13229.9 8285.94 11825.6 12157.6 4583.95 55330.9 41733.8 453.326 1489.9 431.728 40962.6
internal_count=184632 9425 175207 8759 153598 21609 82258 8355 666 51394 71340 64803 7169 1104 1073 11546 39273 30864 404 12121 6735 10063 11493 4298 57634 43978 289 1238 114 43299
is_linear=0
shrinkage=0.05


Tree=67
num_leaves=31
num_cat=0
split_feature=10 18 16 2 25 24 29 9 29 1 27 19 8 32 9 9 15 8 5 3 11 12 13 24 5 28 5 8 32 24
split_gain=973.209 226.493 196.399 72.5497 58.8469 57.502 49.9169 47.4956 41.1063 40.8273 40.3831 39.463 38.8585 37.463 36.6262 34.3075 32.1919 36.0768 30.302 28.6234 28.2974 28.8627 26.7797 26.5513 26.3794 43.1182 28.1655 94.593 29.8049 27.7116
threshold=1.8840359389727344 0.90852036449444518 2.9113238709620717 0.91586560314467469 1.8195866227388111 1.4585817220385366 -4.3271377947710503 -1.622272242245699 -1.0351167071203073 -2.0412350809493094 -0.24030255920140745 1.1427444463294523 0.056977666659103185 -2.6844669624062258 -0.83502489441752281 -1.622272242245699 -1.0032001597273965 0.94919740783241224 1.0731953774504845 0.40946444834201584 2.3541822794167842 -1.6590808789286708 -0.49361885926555854 -1.0072568104885 1.0000000180025095e-35 -1.7669317065419203 0.35993122193886878 0.47684578015242507 0.35406625472288272 -1.8713447490595676
decision_type=2 2 2 2 2 2 2 2 2 2 2 2 2 2 2 2 2 2 2 2 2 2 2 2 2 2 2 2 2 2
left_child=1 3 4 5 -2 7 12 18 16 -8 -10 -5 -3 -4 -12 -11 17 -9 -1 -20 21 -17 24 -24 25 -16 27 28 -26 -28
right_child=2 6 13 11 -6 -7 9 8 10 15 14 -13 -14 -15 22 20 -18 -19 19 -21 -22 -23 23 -25 26 -27 29 -29 -30 -31
leaf_value=0.0018668663675363924 0.0092881694498603787 -0.0014980032553228453 0.036078386512712418 0.0021802457144743342 0.017482240239400339 0.0038014860851699542 0.010753805518682366 0.00024383297846508395 0.00026852708335423325 0.015332806594832516 -0.0035601286481580564 0.010073078291570271 0.039653052163414935 0.021374807953482698 0.032463039604623309 0.007102960147984067 0.0013397257835030181 0.020578924064828707 0.0058485186760283553 0.022516995760958738 0.010599607105079638 0.0025036075508194449 -0.0059926273302466117 -0.0015849426160449848 0.0043560207832273158 -0.002044091729500549 0.013471885104979138 0.013174562122575555 -0.0039849795384698785 -0.00094854087246696434
leaf_weight=3663.7963667809963 4729.5834541544318 84.469294160604477 1217.5312891602516 15359.761064872146 4082.3845444917679 7468.8549598306417 2444.8230300545692 397.9406213760376 34028.752838551998 650.47088447213173 21361.039065137506 1765.7259059250355 178.79669135808945 672.48457281291485 91.235878765583038 4122.6620851606131 8380.5528551116586 482.64720299839973 832.36165192723274 372.95776942372322 1404.8083245754242 19760.448134034872 3930.8746597915888 26120.025177411735 1980.5459925979376 11667.991115242243 346.30858932062984 1925.2995774149895 2332.1301801353693 8770.6142737194896
leaf_count=3527 3851 87 339 14690 2655 6901 1919 396 33846 451 22882 1410 37 385 32 3537 8156 284 735 205 1107 18771 4402 26948 1808 12145 253 1418 2518 8937
internal_value=0.00157267 0.00070137 0.0162212 -7.05926e-05 0.0130843 -0.00046181 0.00477804 -0.000713157 -0.000906713 0.00457702 -0.00117018 0.00299404 0.0264497 0.0308467 -0.00179363 0.00399483 0.00229529 0.0113894 0.00412925 0.0110062 0.00370319 0.00329754 -0.00113354 -0.0021615 5.76381e-06 -0.00177636 0.00137057 0.00395942 -0.000154473 -0.000400777
internal_weight=190628 179926 10702 151279 8811.97 134154 28646.5 126685 121816 28383.2 112555 17125.5 263.266 1890.02 78526.1 25938.4 9261.14 880.588 4869.12 1205.32 25287.9 23883.1 57165 30050.9 27114.1 11759.2 15354.9 6237.98 4312.68 9116.92
internal_count=184632 177402 7230 151493 6506 135393 25909 128492 124025 25785 115189 16100 124 724 81343 23866 8836 680 4467 940 23415 22308 58461 31350 27111 12177 14934 5744 4326 9190
is_linear=0
shrinkage=0.05


Tree=68
num_leaves=31
num_cat=0
split_feature=16 18 10 29 20 25 1 9 9 23 13 1 32 1 5 5 29 4 32 25 5 26 22 19 25 19 29 6 8 2
split_gain=896.055 204.779 195.535 76.0367 58.2704 56.9416 46.366 38.721 40.4182 43.3045 39.9258 35.5872 34.6602 33.6413 32.8407 50.9838 50.4324 45.6411 42.5239 50.5917 51.2815 44.0694 34.7399 36.8311 31.8386 29.8861 33.7954 35.1483 35.8946 28.463
threshold=1.8615423531764608 0.67370983457217115 2.9742935776777331 -4.3271377947710503 1.2950060810148358 1.1373248797226674 -1.1839319204796619 -1.6747553987675772 0.42457086210755912 -0.92690559446517939 1.4452875107474226 3.4076219123276772 -0.72454832322156448 1.2797768867823514 1.0731953774504845 1.0000000180025095e-35 -1.0351167071203073 0.97097359801017513 0.32949160820560325 -1.6190724903578471 0.35993122193886878 0.59772227696142988 -1.6415379190547663 -0.32094433938844408 0.97132159188172451 2.3245715063382004 -2.7037185081695623 0.14900872017360592 -0.047989361714227276 -0.81427786121395129
decision_type=2 2 2 2 2 2 2 2 2 2 2 2 2 2 2 2 2 2 2 2 2 2 2 2 2 2 2 2 2 2
left_child=1 4 3 13 6 -3 -1 -8 10 -10 14 -4 -11 -2 15 16 17 29 19 -17 21 -21 23 -22 -5 26 27 28 -7 -9
right_child=2 5 11 24 -6 25 7 8 9 12 -12 -13 -14 -15 -16 18 -18 -19 -20 20 22 -23 -24 -25 -26 -27 -28 -29 -30 -31
leaf_value=0.0034756975459173224 0.017451253115498073 0.0024873712564128202 0.024875112400160136 0.005218161644531703 0.0042704821715915655 -0.0037343710458095066 0.0056355184872847932 0.020488092403718929 -0.0024957617801634399 -0.0027860072151085617 -0.029281619500536388 0.039150975809584328 0.0021073270140325871 0.037184167724797018 -0.0034455142320654643 0.032093324049776807 -0.0028892052395178484 -0.011086000240133205 -0.0011634049658133336 0.0026314560617173954 0.03223918954619958 0.010990542456822244 -0.0017997832746807635 -0.0030299161539961168 0.012742593860500787 0.012418357801434654 0.0048254855416348663 0.006293678222805358 0.037893755369580395 0.0043501246643117067
leaf_weight=7002.7917176932096 466.99186259508133 27776.825553655624 1100.5024307668209 1832.215982042253 6776.8044528216124 66.065721482038498 2362.2500820308924 308.35010920464993 9238.8410702347755 4210.3961192071438 128.65529341995716 723.56737840175629 25753.417447432876 401.84670826792717 15962.986086755991 142.40498871356249 31053.595771022141 445.27387395501137 18058.805904630572 5976.5400433391333 157.65046352148056 2141.7883085608482 6541.5331648252904 139.54387521743774 6041.7517846301198 1824.0288608074188 10664.198741048574 393.53574773669243 239.5457963347435 2398.6922033280134
leaf_count=6516 304 26395 553 1641 6198 71 2096 182 9700 4445 204 157 24668 103 17063 51 32848 544 18479 5662 56 1671 6777 148 4502 1371 9635 344 58 2190
internal_value=0.00149723 0.00066546 0.0156474 0.0125406 -0.000251325 0.00377183 -0.00048343 -0.000705193 -0.000827307 0.000496975 -0.00144938 0.030538 0.00141974 0.0265779 -0.00140641 -0.000923207 -0.00227751 0.00374829 0.000473889 0.00243208 0.00214967 0.00483676 -0.0010402 0.015679 0.0109917 0.00647731 0.00552366 0.0161731 0.0288948 0.00618835
internal_weight=190331 179765 10566.9 8742.81 138800 40964.2 132024 125021 122658 39202.7 83455.8 1824.07 29963.8 868.839 83327.2 67364.2 34205.9 3152.32 33158.3 15099.5 14957.1 8118.33 6838.73 297.194 7873.97 13187.4 11363.3 699.147 305.612 2707.04
internal_count=184632 177372 7260 6550 139498 37874 133300 126784 124688 38813 85875 710 29113 407 85671 68608 35764 2916 32844 14365 14314 7333 6981 204 6143 11479 10108 473 129 2372
is_linear=0
shrinkage=0.05


Tree=69
num_leaves=31
num_cat=0
split_feature=18 15 10 29 27 32 19 21 4 25 11 24 1 3 13 8 11 29 21 22 32 29 21 20 12 9 26 21 32 2
split_gain=831.484 223.055 161.781 75.1115 64.2668 47.7691 45.5852 41.1196 40.8111 39.6702 39.3078 30.9039 29.1508 28.0558 27.529 27.4314 27.4721 28.4295 31.9485 25.4222 39.3427 24.798 26.0915 24.4317 24.1881 24.1417 35.7705 24.1144 23.1929 22.578
threshold=1.6517944197237926 2.928700644736264 1.0865471555055854 -4.3271377947710503 0.2532374813538894 0.3237787164137132 0.67796324887819626 -0.83862665430520855 3.2296704523871269 -1.6190724903578471 -2.2355265538319347 -0.66711414360179366 1.2797768867823514 -1.9206978636775098 0.45790783444957928 1.6314830922590604 -0.96263410663149618 -3.012356386587963 2.7653271687796583 0.59162105917663477 0.38369353882949236 -0.1235833832381313 -0.7081951600904689 2.7122881250082007 -0.45577574431505674 1.1068518968919785 -0.062870961442973203 -0.91515916394968355 0.56984998952150401 2.6354203034584542
decision_type=2 2 2 2 2 2 2 2 2 2 2 2 2 2 2 2 2 2 2 2 2 2 2 2 2 2 2 2 2 2
left_child=2 3 4 12 5 7 14 9 -3 -1 -5 -6 -2 -7 -4 16 -9 18 -18 21 24 -13 -23 -12 -21 -15 -27 28 -28 -8
right_child=1 8 6 10 11 13 29 15 -10 -11 23 19 -14 25 -16 -17 17 -19 -20 20 -22 22 -24 -25 -26 26 27 -29 -30 -31
leaf_value=0.027201335688505704 0.016682528441997059 0.020465881707377717 -0.052344098630360526 0.015625754315925632 -0.0025210063342028157 0.0088878282054453556 0.0063581714976359898 0.0058886340836815576 0.03645340969573925 -0.0016872145755325162 0.0074311752807381991 0.0019999801110812837 0.035475093162051885 -0.0011231986804758388 0.0019163904129948783 0.0088116887713998761 0.03347849973203243 0.0017337000496025802 -0.013160962708771071 0.0058847022948161909 -0.0073900340175651856 -0.0044983015551800978 -3.6898379152632032e-05 0.01713958632372185 -0.0022994127449089802 -0.0002048163112713027 0.031811347078152287 0.0054601708716545475 0.0051231484277291144 0.01906438565353363
leaf_weight=120.62110170722008 435.2070939540863 636.55192840099335 23.45030178129673 2356.4153453707695 25222.288997493684 799.03343945741653 11658.53992138803 4810.5515582412481 1070.3800572454929 8035.8363927304745 7362.1952713802457 12591.661444306374 392.42937389016151 32185.975106619298 7341.3789663389325 1721.3621532469988 139.21253940463066 32900.802445009351 49.872577279806137 1250.133238658309 3037.9839109554887 3860.6707719266415 21681.999377518892 710.581438601017 3249.5584726333618 4223.6983531862497 189.6786992251873 1488.5553295016289 142.61250042915344 360.42600858211517
leaf_count=55 290 376 48 1620 26494 657 10176 4244 290 8307 6268 12088 114 32909 7060 1418 46 31760 63 1103 3487 4208 21698 467 3399 4241 69 1326 128 223
internal_value=0.00142533 0.0136487 0.000530506 0.0110947 6.68486e-07 0.000912828 0.00484114 0.00197293 0.0304913 -0.00126 0.00994416 -0.00111624 0.0255931 -0.000384896 0.00174362 0.00263845 0.00235807 0.0018448 0.021177 -0.000340463 -0.00299379 0.000183996 -0.000711221 0.00828573 -2.56494e-05 -0.0005787 0.00232065 0.00817879 0.0203573 0.00673921
internal_weight=190050 12963.8 177086 11256.8 157702 86807.8 19383.8 47778.3 1706.93 8156.46 10429.2 70894.3 827.636 39029.6 7364.83 39621.8 37900.4 33089.9 189.085 45672 7537.68 38134.3 25542.7 8072.78 4499.69 38230.5 6044.54 1820.85 332.291 12019
internal_count=184632 9425 175207 8759 157700 85223 17507 45893 666 8362 8355 72477 404 39330 7108 37531 36113 31869 109 45983 7989 37994 25906 6735 4502 38673 5764 1523 197 10399
is_linear=0
shrinkage=0.05


Tree=70
num_leaves=31
num_cat=0
split_feature=10 15 18 20 20 3 4 4 21 20 13 25 29 27 12 14 20 21 1 8 32 29 9 14 20 28 29 11 21 32
split_gain=768.24 173.796 173.32 69.6808 64.0246 59.6521 44.9395 37.4092 36.9173 32.6196 31.3454 31.1444 27.6262 26.5404 24.8442 26.9759 23.5158 22.6333 39.5215 22.0942 23.4738 30.8641 21.4496 28.8657 32.1068 31.7781 25.2703 35.7534 25.2232 23.7215
threshold=1.8840359389727344 2.928700644736264 1.0587666114896963 1.3700878590079395 2.2310911147635006 -0.30361482402003986 3.2296704523871269 0.69106074012131458 2.3393023904778327 -1.6408974725870589 2.1532177089730804 0.03717925183324837 -3.012356386587963 -0.61990514383606665 -2.4132527290971537 -0.2162946094236641 2.2310911147635006 2.7653271687796583 1.2797768867823514 1.6314830922590604 0.99306490674709269 -1.7978969658419717 0.84443611428258647 -0.26529120848928162 -0.19995448584813397 2.3148043502077447 -1.6561564200354002 -0.65183642491365845 0.50473240590148383 0.34194519513597121
decision_type=2 2 2 2 2 2 2 2 2 2 2 2 2 2 2 2 2 2 2 2 2 2 2 2 2 2 2 2 2 2
left_child=2 4 3 5 -2 11 -3 9 14 -7 13 -1 -9 -11 -4 -16 -5 18 -10 20 -14 -22 23 25 -25 -15 27 -26 -27 -30
right_child=1 6 8 16 -6 7 -8 12 17 10 -12 -13 19 22 15 -17 -18 -19 -20 -21 21 -23 -24 24 26 28 -28 -29 29 -31
leaf_value=0.00038965333402539377 0.0090940793435886347 0.019173574820967047 0.0097045266985466838 0.003547039913609642 0.01883943186798967 -0.0054401199413693559 0.035672102219633496 0.024679890332552006 0.010845682041267603 0.00085980654038248546 -0.051727641817997362 0.0032595145461008068 0.00048324646687988263 -0.0013265801653907974 0.015054905069126987 0.0032861912481074612 0.012100358877096647 0.0054391042827551302 0.033820170713183328 0.013642744897636573 0.031023922293041045 0.0047494152987911722 0.00071128945788053767 -0.0084443679550529113 0.037692052600617226 0.0022637777784753153 -0.0029218154250053932 0.0018137196380313626 0.045366846543580669 0.011924510730742159
leaf_weight=27644.434925809503 6193.4799684733152 682.85569569468498 1843.8795707821846 7427.9442982673645 2315.4263327419758 4396.6355107277632 1043.4189468920231 126.3817593306303 716.396080493927 15608.404169693589 30.473526656627655 14366.560246855021 14575.874799668789 43341.091350538656 500.78559012711048 17586.876812130213 901.06394016742706 787.68614150583744 253.40193068981171 349.31129774451256 137.0146156847477 606.62199567258358 10173.72932818532 2773.5777703151107 89.373151183128357 892.40409107506275 13747.638740070164 311.29192563891411 64.750715374946594 292.83930993080139
leaf_count=27429 5067 421 1486 6901 1443 4875 299 64 561 15340 62 13430 14435 44491 350 16431 683 702 82 254 52 549 10029 3242 22 852 14551 300 6 223
internal_value=0.00135672 0.0146806 0.000597184 2.13539e-05 0.011746 -0.000226576 0.0291458 -0.000850832 0.0047882 -0.00123786 -0.00102629 0.00137106 0.00139664 -0.00100859 0.00417565 0.00361203 0.00447237 0.0117351 0.0168488 0.00120884 0.000925328 0.00959048 -0.0014154 -0.00176713 -0.00352537 -0.0010999 -0.00256107 0.00981681 0.0067598 0.0179801
internal_weight=189782 10235.2 179546 157857 8508.91 149528 1726.27 107517 21689 91722.2 87325.6 42011 15795.2 87295.1 19931.5 18087.7 8329.01 1757.48 969.798 15668.8 15319.5 743.637 71686.7 61513 16921.9 44591.1 14148.3 400.665 1249.99 357.59
internal_count=184632 7230 177402 157790 6510 150206 720 109347 19612 93993 89118 40859 15354 89056 18267 16781 7584 1345 643 15290 15036 601 73716 63687 18115 45572 14873 322 1081 229
is_linear=0
shrinkage=0.05


Tree=71
num_leaves=31
num_cat=0
split_feature=16 10 32 3 9 19 5 21 28 9 25 29 8 20 32 14 27 8 29 2 8 19 19 24 3 19 28 19 23 26
split_gain=708.574 197.437 141.087 59.7782 54.9265 51.4683 51.3343 52.618 47.5268 39.9671 39.6668 43.6199 54.0749 54.9089 41.1826 35.8586 34.7294 32.6956 70.4018 45.2213 39.9951 32.4219 31.9467 28.4364 28.0214 27.2764 26.4569 26.3929 26.1968 25.6225
threshold=2.0446965193012425 0.97118871682321395 -2.6844669624062258 3.5347725708111133 -1.6747553987675772 2.0110120330920815 -1.0665970890843621 0.42924111139708826 2.082179105755694 -0.7825417378956443 0.80316624119472324 -1.5703362491332935 0.47684578015242507 0.80219590404260765 -0.6297448291919564 -0.36528842436096204 0.26083398398953611 1.2116149787657384 -1.0351167071203073 -0.44515106003996624 0.37187875177909463 -0.27818296144722215 0.50030107986720618 2.0863703353406691 -1.7257123194351875 0.99097814458395816 -1.7669317065419203 0.50030107986720618 0.36011549493298706 -0.79128215258212897
decision_type=2 2 2 2 2 2 2 2 2 2 2 2 2 2 2 2 2 2 2 2 2 2 2 2 2 2 2 2 2 2
left_child=1 4 3 -2 -1 21 17 16 9 22 -11 -12 -13 14 -14 -10 24 20 19 27 26 -3 -9 -15 -8 -16 28 -19 -6 -22
right_child=2 5 -4 -5 6 -7 7 8 15 10 11 12 13 23 25 -17 -18 18 -20 -21 29 -23 -24 -25 -26 -27 -28 -29 -30 -31
leaf_value=0.0066528426667756841 0.020911582168708923 -0.0019044382469910208 0.011709783094478744 0.037908779070015601 0.041905549937244053 0.0098330791002147668 0.0066292134493339721 -0.0064656466026170008 0.022391986848720343 0.00084252132378543677 0.020080456770975839 0.0022899789018396865 -0.0013530326882667139 0.00379871044557977 0.035179287020175545 0.005860083442047471 -0.0013015942648175313 0.035284454351425153 -0.00085442774100687115 0.0040824500184220023 0.04580932093738916 0.0042803685738123471 0.00060494721575332579 0.030970082256165987 0.00038572769054187633 -0.0011651001518923579 -0.0016267951773462177 -0.0024108901715530658 -0.011304151098623962 -0.0060869310334363156
leaf_weight=3014.0384754538536 1579.6665310412645 2350.4733723774552 5193.2325250282884 769.15308859944344 67.947790861129761 3949.7675332725048 1866.4637308716774 2092.4226852655411 454.57816782593727 9392.2636450827122 489.64651292562485 5766.0842271447182 124.62749855220318 1149.3185708224773 431.82807776331902 1178.0720057189465 44403.103495212272 288.81022238731384 4021.2821026742458 372.40662979334593 23.862481117248535 21514.827866539359 6754.7250398248434 105.09766912460327 48368.138618208468 58.633716970682144 16398.46125009656 55.332012012600899 35.071034491062164 7257.4839223176241
leaf_count=2613 919 2440 3977 186 11 3173 1619 2363 251 9234 293 5502 128 1062 128 1040 45559 85 4090 342 2 19673 6673 40 47995 60 16932 58 43 8141
internal_value=0.00129133 0.000668948 0.0163089 0.0264775 -3.05833e-05 0.00454622 -0.000163851 0.000280509 0.00218467 0.00167203 0.00305552 0.0056136 0.00468588 0.0120755 0.0243127 0.0104631 -0.000282812 -0.00207454 0.00171841 0.0161572 -0.00283014 0.00367123 -0.00106731 0.00607519 0.000617704 0.0308344 -0.00146811 0.0292237 0.0237912 -0.00591686
internal_weight=189527 181985 7542.05 2348.82 154170 27815.1 151156 122635 27997.3 26364.6 17517.5 8125.24 7635.59 1869.51 615.089 1632.65 94637.7 28520.7 4737.83 716.549 23782.8 23865.3 8847.15 1254.42 50234.6 490.462 16501.5 344.142 103.019 7281.35
internal_count=184632 179550 5082 1105 154264 25286 151651 121947 26774 25483 16447 7213 6920 1418 316 1291 95173 29704 4575 485 25129 22113 9036 1102 49614 188 16986 143 54 8143
is_linear=0
shrinkage=0.05


Tree=72
num_leaves=31
num_cat=0
split_feature=18 10 19 25 1 29 9 5 9 21 28 5 28 2 20 1 5 28 8 4 24 19 14 9 20 3 32 32 26 3
split_gain=658.357 172.313 152.873 65.5259 61.9618 53.1164 46.9085 42.1153 52.9301 45.0947 41.6924 41.2436 35.874 34.6814 34.6611 31.1479 29.7073 29.6 50.5361 29.3895 27.8206 27.7581 26.7661 46.9721 28.9489 27.5198 25.7834 25.6699 28.245 25.1756
threshold=1.7866970913236537 2.9742935776777331 0.87591127161366567 1.3844758358809486 -0.91602109827934342 -3.4176241146047577 -1.622272242245699 -1.0665970890843621 -0.83502489441752281 0.42924111139708826 -0.36503308757741065 1.0731953774504845 -1.7669317065419203 0.90248373456594433 -1.8385492631823444 3.4076219123276772 1.0731953774504845 2.1393360586422738 0.58181280852575556 0.69106074012131458 1.062737857431066 2.44857694879112 -0.51509526631744407 0.89691927080446487 -0.44069593415041214 0.28081040834172971 0.31764552868397106 -0.69130325028155071 -0.41888409344234895 0.40946444834201584
decision_type=2 2 2 2 2 2 2 2 2 2 2 2 2 2 2 2 2 2 2 2 2 2 2 2 2 2 2 2 2 2
left_child=2 5 4 13 -1 -2 16 12 11 14 21 -9 -8 -4 -10 -3 19 -11 20 -6 -19 -5 25 24 -24 -16 -21 -25 -29 -18
right_child=1 15 3 10 6 -7 7 8 9 17 -12 -13 -14 -15 22 -17 29 18 -20 26 -22 -23 23 27 -26 -27 -28 28 -30 -31
leaf_value=0.0028082104369597737 0.021225719133679773 0.02322221711647484 0.00060031476150259147 0.0045559063124214682 0.00050628558179943457 0.0093707081403725714 0.027219122513280049 -0.0011294220330232505 -0.0055963045590071252 0.0023930304001559314 0.014201339606442598 -0.0060060202230912017 -0.0026474049933746767 0.0055665672851725433 0.0027329839274282978 0.03764510305318769 0.0065525555762100118 0.0014629641511352939 0.032984994040528424 0.022030916965405486 0.035277831462352985 0.012586634405570209 -0.0051850097836152569 -0.0042042541991084816 -0.0011151658024026369 -0.00073723802879099376 -0.0027647780153693272 -0.0001734925728147529 0.0042277738788078769 0.0230131635004748
leaf_weight=16147.936050310731 1084.301643371582 937.34422132372856 13217.695558682084 8821.8284773230553 3121.6085068136454 7346.9161393493414 100.96187222003937 19212.030198954046 2784.3577222973108 13256.46235075593 1610.3954563140869 5599.3980433195829 24221.516711466014 4789.1865896433592 14962.865417651832 623.23466563224792 737.67284621298313 582.02977302670479 214.51652806997299 318.2085008919239 67.924777507781982 1225.4978727400303 5994.3814694881439 1870.7018763124943 16117.525733672082 9241.7328585069627 156.35430152714252 7323.5882407873869 7257.6762809455395 339.05419015884399
leaf_count=15241 624 502 13059 8018 3090 5970 46 19646 3096 12622 1153 6272 25504 4256 14145 154 641 565 73 178 20 917 6616 2028 16477 9378 165 7349 6644 183
internal_value=0.00122907 0.0137202 0.000532956 0.00381196 -0.000117122 0.0108953 -0.000471017 -0.000649546 -0.000213336 0.000414668 0.00673254 -0.00222996 -0.00252343 0.00192116 -0.000137424 0.0289822 0.00445011 0.00297761 0.011942 0.00226868 0.00499685 0.00553543 0.000104728 -0.000713267 -0.00221847 0.00140799 0.0138615 0.00130977 0.00201719 0.0117359
internal_weight=189285 9991.8 179293 29664.6 149629 8431.22 133481 128808 104485 79673.8 11657.7 24811.4 24322.5 18006.9 65552.8 1560.58 4672.9 14120.9 864.471 3596.17 649.955 10047.3 62768.5 38563.9 22111.9 24204.6 474.563 16452 14581.3 1076.73
internal_count=184632 7250 177382 27403 149979 6594 134738 130481 104931 79013 10088 25918 25550 17315 65733 656 4257 13280 658 3433 585 8935 62637 39114 23093 23523 343 16021 13993 824
is_linear=0
shrinkage=0.05


Tree=73
num_leaves=31
num_cat=0
split_feature=16 18 32 2 1 24 30 24 9 3 26 9 32 5 5 9 8 35 29 29 20 21 20 19 20 23 28 8 1 4
split_gain=606.208 179.915 120.923 60.8592 58.8312 41.1249 39.934 36.0927 34.3363 32.542 30.9341 28.4331 32.0715 28.9494 72.8888 40.9476 80.585 31.8764 30.05 29.9101 45.722 39.4857 35.5813 40.1091 30.685 28.3239 28.2961 27.6897 27.5179 27.4245
threshold=2.1255147836909312 1.0587666114896963 -2.5688145039938228 0.91586560314467469 1.2797768867823514 1.4975377495907483 1.4298519278789554 -0.29245559234687507 -1.622272242245699 -0.30361482402003986 -0.4083551137619178 -0.20522701615498187 -0.65998146649805201 1.0000000180025095e-35 0.35993122193886878 -0.99247436398315803 0.47684578015242507 1.0000000180025095e-35 -2.0636278377884669 0.0068387545290347603 0.14018408690267334 1.0000000180025095e-35 -0.41288493450935032 -0.77897117725091347 -0.16318595792121374 0.02987056729980983 3.1315240060345997 0.52932929433909037 -0.47626770603794649 0.69106074012131458
decision_type=2 2 2 2 2 2 2 2 2 2 2 2 2 2 2 2 2 2 2 2 2 2 2 2 2 2 2 2 2 2
left_child=1 3 4 5 -2 8 -3 -5 -1 -10 -11 13 -13 -12 15 17 18 -15 -17 -18 21 22 23 -21 -23 -25 -24 -6 -16 -14
right_child=2 6 -4 7 27 -7 -8 -9 9 10 11 12 29 14 28 16 19 -19 -20 20 -22 24 26 25 -26 -27 -28 -29 -30 -31
leaf_value=0.0035514080870957193 0.017996920405712876 0.0033502828425182579 0.011225093458186002 0.00023830386348462287 0.037368393729606868 0.0031204688121710933 0.0078196606086878943 0.0045478831495002802 0.00064074491565257671 -0.0038388344137438666 -0.003321277276884175 -0.0034983324583012284 0.00021409970039197942 -0.0018961641624441351 0.01517636702683723 0.031666332078164237 0.0038569976294038524 0.031493519942637098 -0.0052258279001275148 0.0066415021415179775 0.0021592816073935767 0.0012885900707245363 -0.0015485468804581567 0.033522450065315082 0.037594277808288508 -0.00060050763098837669 0.043429670741804829 0.013458068233863037 -0.0029356031541796931 0.0053363453211606598
leaf_weight=4892.5056805312634 1195.1974758505821 17110.500313960016 4201.1706628873944 8762.7640138715506 914.37301930785179 8066.420254394412 7060.1612996906042 10903.782580435276 32636.229960650206 9882.2718886546791 17749.949899889529 5431.0104013234377 31968.890586555004 3553.249125123024 212.49936753511429 57.271681845188141 1463.9272812157869 72.947420880198479 1523.7435679584742 363.250592187047 702.330590903759 70.825294971466064 431.63195310533047 418.75157523155212 326.46225196123123 71.145531624555588 38.04984712600708 139.56569191813469 15988.294258952141 2845.7142838388681
leaf_count=4545 765 15964 3258 8721 231 7563 5956 9912 32218 10641 18929 5811 31832 3688 148 21 1351 27 1683 315 672 69 445 138 81 72 5 102 16927 2542
internal_value=0.00116974 0.000637602 0.0162342 2.45907e-05 0.0255906 -0.000344327 0.00465577 0.00262768 -0.000558162 -0.000717977 -0.00119391 -0.000880091 7.53067e-05 -0.00177337 -0.000687148 0.00289537 0.00562782 -0.00122447 -0.00388942 0.00949953 0.0129094 0.0172987 0.0131472 0.0192316 0.031122 0.0285669 0.00209523 0.0342021 -0.00269804 0.000632787
internal_weight=189055 182605 6450.31 158434 2249.14 138767 24170.7 19666.5 130701 125808 93172.2 83289.9 40245.6 43044.3 25294.4 9093.59 5467.39 3626.2 1581.02 3886.37 2422.45 1720.12 1322.83 853.148 397.288 489.897 469.682 1053.94 16200.8 34814.6
internal_count=184632 180276 4356 158356 1098 139723 21920 18633 132160 127615 95397 84756 40185 44571 25642 8567 4852 3715 1704 3148 1797 1125 975 525 150 210 450 333 17075 34374
is_linear=0
shrinkage=0.05


Tree=74
num_leaves=31
num_cat=0
split_feature=18 3 20 20 1 9 23 32 20 8 22 25 13 29 8 32 26 32 20 20 19 20 28 7 4 7 6 5 5 4
split_gain=561.391 160.951 131.517 71.287 70.4746 50.2225 57.6595 49.3037 43.0498 36.4171 36.017 37.2561 34.9555 34.3743 33.6732 33.0808 43.2076 42.672 57.8517 45.9526 50.6559 44.6859 38.2964 37.4934 32.2105 30.0219 28.9024 26.2019 26.4121 31.6032
threshold=1.7866970913236537 3.5347725708111133 1.2950060810148358 2.3605703234018311 -1.1839319204796619 1.0543687403701003 0.13284743859153156 0.44531190099134749 2.2310911147635006 0.52932929433909037 0.65325523432636545 -0.34935007166783894 0.3304060957342333 -3.012356386587963 -1.5175277589408536 -0.72454832322156448 0.28298148207271029 -0.098202819145417633 0.29479497018555384 -0.15430394870940931 0.67796324887819626 -1.2195578685150139 0.12023441049355156 2.5236993153152008 1.7549193034596331 0.30680955146992311 1.8059928541979369 -1.0665970890843621 0.35993122193886878 -0.10082503325137634
decision_type=2 2 2 2 2 2 2 2 2 2 2 2 2 2 2 2 2 2 2 2 2 2 2 2 2 2 2 2 2 2
left_child=2 3 4 -2 -1 7 14 13 -4 -3 11 -9 -13 -6 -7 27 23 18 19 -18 22 -19 25 -17 -23 -21 -5 -15 29 -29
right_child=1 9 8 26 5 6 -8 10 -10 -11 -12 12 -14 15 -16 16 17 21 -20 20 -22 24 -24 -25 -26 -27 -28 28 -30 -31
leaf_value=0.0037141237458707928 0.0081985700645125018 0.036380196972630181 0.0036762255559322308 0.014877506793302509 0.021316481101269397 -0.0039148126143326552 0.0042920376452633751 -0.0021963340175517455 0.01077156094218578 0.013151363058730476 -0.0050094985139833769 0.0024909147282115539 -0.0040658053734450505 -0.0066821212079843893 0.001117027816801943 -8.647434113823768e-05 -0.00027203522698825546 0.040285302680525638 0.0033828556183759895 0.032975004646749427 -0.0056836986637557735 0.00046141613026554984 -0.00395429444330963 -0.060347772214546805 0.03241210088823282 0.0050771544673589748 0.028010721643781378 -0.0018285573528038124 -0.0039852012986766744 0.0050281219350621015
leaf_weight=12163.5376855582 6803.5950089544058 811.31863042712212 13457.452629417181 1298.3132978379726 191.74774217605591 4566.4630554914474 11955.247435733676 31969.678172916174 2541.5235044360161 213.03366017341614 7712.3044444024563 9393.9926997870207 2594.0610526502132 2505.1991172581911 12228.184442967176 42517.466601010412 346.11687964200974 72.055773973464966 3345.3357574641705 678.4142738878727 154.44376364350319 8740.6616440415382 99.158001184463501 25.82743588835001 79.600182592868805 112.41496276855469 618.48323228955269 4247.6582621484995 4612.3751314654946 2780.626585662365
leaf_count=11260 5688 221 12468 912 110 4924 10929 33374 1994 157 8485 8926 2805 2840 11955 42591 348 14 3119 231 172 8660 107 57 28 101 272 4403 4980 2501
internal_value=0.00111321 0.0128005 0.000477283 0.0105981 5.29059e-05 -0.000242156 0.00163808 -0.000684594 0.00480336 0.0315493 -0.00185791 -0.00130497 0.00107212 0.000175227 -0.000251129 0.000117577 0.000661808 0.00311193 0.00694573 0.0155172 0.0207496 0.00107012 0.0253367 -0.000123058 0.000749761 0.0290094 0.0191151 -0.0020435 -0.00104522 0.000884176
internal_weight=188836 9744.74 179092 8720.39 163093 150929 28749.9 122179 15999 1024.35 51670 43957.7 11988.1 70509.1 16794.6 70317.4 56171.5 13628.2 4735.88 1390.55 1044.43 8892.32 889.987 42543.3 8820.26 790.829 1916.8 14145.9 11640.7 7028.28
internal_count=184632 7250 177382 6872 162920 151660 27808 123852 14462 378 53590 45105 11731 70262 16879 70152 55428 12780 4078 959 611 8702 439 42648 8688 332 1184 14724 11884 6904
is_linear=0
shrinkage=0.05


Tree=75
num_leaves=31
num_cat=0
split_feature=10 18 16 27 29 29 8 3 20 32 20 1 5 9 8 5 28 25 29 4 21 23 26 8 24 15 4 5 32 3
split_gain=520.365 130.593 125.726 57.0056 49.8754 43.2475 37.7962 35.2923 34.0136 38.528 32.2504 31.0047 29.1269 27.3393 43.4264 93.0761 34.0277 45.7822 29.2279 28.7527 25.889 24.7274 40.0391 23.6784 23.5647 22.627 22.3038 47.2472 31.0898 40.9447
threshold=2.0102817247023039 1.2171075349744986 2.9113238709620717 -0.25085200952391845 -4.3271377947710503 -0.81922843386550703 0.056977666659103185 3.5347725708111133 -0.43161789303907983 0.0085670378619502763 1.2018086973851576 -2.0412350809493094 1.0000000180025095e-35 -0.88750805093940122 0.52932929433909037 0.35993122193886878 1.5383769224316859 -0.15666580103996927 1.0368570767723178 0.54901400305778514 1.3177017407850775 -1.2187612325570245 -0.33878055923967992 1.2640984929524037 0.038535154092194247 -1.2354006959804107 -0.36352190915835159 0.35993122193886878 -0.431878460650086 0.20431571973876994
decision_type=2 2 2 2 2 2 2 2 2 2 2 2 2 2 2 2 2 2 2 2 2 2 2 2 2 2 2 2 2 2
left_child=1 3 10 8 6 25 -3 -4 -1 -10 -2 -6 -7 23 19 18 -17 -18 20 -15 21 22 -16 26 -19 -5 -14 28 29 -28
right_child=2 4 7 5 11 12 -8 -9 9 -11 -12 -13 13 14 15 16 17 24 -20 -21 -22 -23 -24 -25 -26 -27 27 -29 -30 -31
leaf_value=-0.00036815601101935455 0.0062695570885529794 -0.0011705733190063453 0.020499571413678704 0.01296714433146838 0.010540586162632978 -0.0019961936303938168 0.03789854190740731 0.036123601165460838 0.0041423105120625458 0.00085191390140497945 0.013476373675319701 0.0035915967415062547 -0.0074150767780729269 -0.0011597415940276582 0.0013115610971725811 -0.0024191158206615256 -0.0030339441399688293 0.041282962559371202 0.021355280667137069 0.0021647490003204655 0.029295180273819228 0.004561007266617895 0.030937308799900351 -0.00032184642681578951 0.010170583182767135 0.0016478813277571213 0.026469357424673042 -0.0061244933648595531 0.0010294224224203048 -0.016363254934373628
leaf_weight=18041.160769402981 2638.8939257711172 90.872540652751923 949.13875292241573 456.3515211045742 1801.8513960838318 39553.856853596866 194.19147273898125 583.72492861747742 15802.148087456822 20357.86292681843 3770.162326797843 14706.388331152499 3102.8435381799936 25576.75154889375 208.46838071942329 3767.7094864100218 265.86745852231979 131.92555484175682 532.38433852791786 8721.6015681028366 140.06400537490845 1839.8295144885778 251.80075442790985 8238.9663563817739 112.98182010650635 13566.106674604118 299.60932511091232 2028.5261073857546 828.04822865128517 68.562037795782089
leaf_count=18174 2308 93 560 338 1422 41133 47 162 14493 20011 2754 13650 3563 26170 203 3950 282 23 305 8344 58 1672 96 8292 90 13119 141 2277 811 91
internal_value=0.0010594 0.000508817 0.0135856 7.85348e-05 0.00470814 -0.000576953 0.0254441 0.0264493 0.00140511 0.00228984 0.010509 0.00435007 -0.000957043 -0.000224589 0.000428868 0.00394448 -0.000777328 0.0113333 0.0107407 -0.000314369 0.0084249 0.00715401 0.017519 -0.0020885 0.0269301 0.00201626 -0.0043888 -0.00147693 0.00640433 0.0184929
internal_weight=188629 180687 7941.92 163893 16793.3 109692 285.064 1532.86 54201.2 36160 6409.06 16508.2 95669.8 56115.9 41549.4 7251.03 4278.48 510.775 2972.55 34298.4 2440.16 2300.1 460.269 14566.6 244.907 14022.5 6327.59 3224.75 1196.22 368.171
internal_count=184632 178848 5784 163636 15212 110958 140 722 52678 34504 5062 15072 97501 56368 41193 6679 4345 395 2334 34514 2029 1971 299 15175 113 13457 6883 3320 1043 232
is_linear=0
shrinkage=0.05


Tree=76
num_leaves=31
num_cat=0
split_feature=18 10 3 9 20 30 27 2 32 8 3 11 20 29 1 29 10 9 9 24 22 12 32 13 26 2 29 32 6 24
split_gain=482.808 147.468 122.197 49.2134 48.7849 48.1535 42.8803 37.238 34.473 31.2424 30.4512 27.1969 26.1784 24.016 32.5311 24.333 28.5323 23.563 23.3949 22.2332 24.5858 29.0122 22.0166 21.2974 21.1553 21.0723 21.0532 21.0508 20.4897 19.6324
threshold=2.032547540297498 1.0865471555055854 3.5347725708111133 -1.6747553987675772 2.3605703234018311 0.2278806218198268 0.2532374813538894 2.6354203034584542 0.45097200250777802 0.47684578015242507 -2.0531538144580996 -1.1389346778573148 2.1396816605240003 -3.012356386587963 1.4846509032658053 1.5462252100105569 -0.19103493545320013 0.58202033167319445 1.1068518968919785 -0.66711414360179366 0.59162105917663477 -0.45577574431505674 0.54616986210290663 0.9694997052865103 -0.19477959932850986 0.52756871098831459 -0.1235833832381313 -0.18069956518183214 1.8501612300586807 -1.0677976800400539
decision_type=2 2 2 2 2 2 2 2 2 2 2 2 2 2 2 2 2 2 2 2 2 2 2 2 2 2 2 2 2 2
left_child=1 3 4 25 -2 29 8 10 11 -4 -7 -5 17 14 -13 -15 27 -12 -10 23 26 -22 -23 -8 -9 -1 -21 -17 -6 -3
right_child=2 5 9 6 28 7 19 24 18 -11 12 13 -14 15 -16 16 -18 -19 -20 20 21 22 -24 -25 -26 -27 -28 -29 -30 -31
leaf_value=0.0043582210089811438 0.0090093208494497999 -0.01440997932536002 0.037168488157986561 0.0051033868739064382 0.015459091736827643 0.011978446248361826 -0.0021165237299090502 0.012367121814867661 -0.0013284165335515107 0.014406578521537074 -1.9756029862514444e-05 -0.0037313458310150268 0.0091117506249486484 0.00069503976147505873 0.03672250830146314 0.034882280958528279 0.0038915360235334422 0.0046395524142657466 0.0024234282005333751 0.001821252419109293 0.0023193703049442216 -0.002788102000487935 -0.009678153996262033 -0.018773896304485102 0.034394030031579266 0.015254274555118503 -0.00069536441285611764 0.0056422429194817924 0.028081904827211065 0.0003355134823298789
leaf_weight=2496.6160943508148 3882.5899743288755 238.31710845977068 678.01831644773483 4484.7480924278498 924.99015220999718 1397.8913244009018 24799.236550411209 522.14980563521385 25702.137129463255 193.85604709386826 3573.5880034118891 91.194440335035324 2434.6848182380199 47038.877795830369 109.20737338066101 135.60246434807777 2674.1294170469046 11274.139192447066 4956.2209109216928 12393.431336909533 1902.2399785965681 3901.4473379552364 1649.6823950707912 193.38732711970806 137.76778966188431 539.6347274184227 25225.186069577932 112.71985703706741 492.74354982376099 4274.6842775419354
leaf_count=2279 3183 307 174 4027 639 1063 25849 393 26385 138 3575 98 1991 46385 29 41 2466 10228 4716 11942 1814 4119 1969 266 43 375 25576 100 216 4246
internal_value=0.00100809 0.000542339 0.0147613 -9.56427e-06 0.011908 0.00420744 -0.000132765 0.00529265 0.000620034 0.0321075 0.00488028 0.0013729 0.00430615 0.00103937 0.0183137 0.00097008 0.00539704 0.00351814 -0.000721894 -0.00104931 -0.000386063 -0.00300958 -0.00483568 -0.00224541 0.0169656 0.00629478 0.000133734 0.0216095 0.0198462 -0.000443149
internal_weight=188431 182259 6172.2 158406 5300.32 23853.2 155369 19340.2 85304.8 871.874 18680.3 54646.5 17282.4 50161.7 200.402 49961.3 2922.45 14847.7 30658.4 70064.6 45072 7453.37 5551.13 24992.6 659.918 3036.25 37618.6 248.322 1417.73 4513
internal_count=184632 180282 4350 158436 4038 21846 155782 17293 84247 312 16857 53146 15794 49119 127 48992 2607 13803 31101 71535 45420 7902 6088 26115 436 2654 37518 141 855 4553
is_linear=0
shrinkage=0.05


Tree=77
num_leaves=31
num_cat=0
split_feature=10 18 18 2 29 24 24 3 27 29 8 25 1 9 14 26 5 28 8 8 5 5 11 3 2 2 24 32 23 29
split_gain=445.091 130.573 96.2052 56.9091 46.4549 38.7526 34.9584 34.5028 33.9785 33.3233 29.7523 27.4882 27.0074 24.0632 23.9939 21.7455 23.2596 29.1598 24.22 31.7068 40.0232 110.966 26.1045 29.8854 31.219 31.6823 29.1279 25.6161 23.4047 21.7412
threshold=2.1590284964731041 1.3099514147015778 2.7669016548541308 0.91586560314467469 -4.3271377947710503 1.9046256214024124 -0.27358523673801921 3.5347725708111133 -0.40717178104323631 -1.0351167071203073 1.0000000180025095e-35 2.1425436258797297 -2.0412350809493094 -1.6747553987675772 -0.058442777064019701 -0.4083551137619178 -1.0665970890843621 -1.7669317065419203 0.84423037945908175 0.52932929433909037 1.0000000180025095e-35 0.35993122193886878 -0.09571671473964663 0.54859477200855922 -0.57382840926694467 0.074045054617255746 1.6270136925359178 0.24445806711289228 -1.1353651839604992 0.43980616671660122
decision_type=2 2 2 2 2 2 2 2 2 2 2 2 2 2 2 2 2 2 2 2 2 2 2 2 2 2 2 2 2 2
left_child=1 3 11 5 10 8 -5 -4 13 -10 -3 -2 -6 -1 -14 29 17 -17 19 -18 -21 22 28 24 26 -26 -24 -27 -22 -11
right_child=2 4 7 6 12 -7 -8 -9 9 15 -12 -13 14 -15 -16 16 18 -19 -20 20 21 -23 23 -25 25 27 -28 -29 -30 -31
leaf_value=0.0094970707729046949 0.0082810437072442494 0.004173157105478692 0.019904815040467313 0.00015852275819821539 0.010424696788310844 0.0058697249815954367 0.0040981931213284377 0.036594400378060714 0.0024044393023966541 -0.0048537392599072166 0.034588642368420769 0.016342322122479797 0.016958192638741709 0.00074352443602217861 0.0034193989879467064 0.020516982423566251 -0.0003789744411765048 -0.0026089115896975076 -0.0018062741450019062 -0.003029429141494548 0.021571466931301658 -0.00065887321244582724 0.008617777789919066 -0.0024723129121300333 0.030712641421213289 0.019167668118013705 0.038545634245828048 -0.032535610199629951 0.0022872084275198882 0.0002134853339390801
leaf_weight=802.41110056638718 3171.2202776968479 128.74550434947014 814.08371779322624 9804.0834049582481 1727.087209045887 2536.8072161525488 13228.237437099218 499.79114615917206 7408.2539413794875 6867.3531684111804 214.12779226899147 1586.562214449048 335.93804036080837 36390.139159470797 12654.409501418471 137.36721494793892 39325.929563451558 17712.778537392616 21359.382014103234 2081.8628776222467 196.98519170284271 3706.1621811389923 718.90774472057819 186.76516072452068 609.20731034874916 68.110319584608078 91.66810530424118 36.953746244311333 781.76100665330887 3060.0655819624662
leaf_count=650 2646 118 490 9773 1367 2239 12144 134 7052 7534 66 1068 222 35849 11789 81 39624 18637 22131 2208 112 3755 595 196 235 42 21 61 746 3047
internal_value=0.000959174 0.000515311 0.0142766 0.000113455 0.00497436 -0.00025546 0.00242121 0.0262534 -0.00036524 -0.00082774 0.0231679 0.0109692 0.0045505 0.000932378 0.00376952 -0.00107474 -0.0008218 -0.00243094 -0.000406503 0.000218927 0.00299222 0.00495207 0.0126816 0.0164059 0.0187182 0.0263395 0.0120023 0.000982289 0.00616841 -0.0032918
internal_weight=188243 182172 6071.66 167111 15060.3 144079 23032.3 1313.87 141542 104350 342.873 4757.78 14717.4 37192.6 12990.3 96941.3 87013.8 17850.1 69163.7 47804.3 8478.38 6396.52 2690.36 1711.61 1524.85 714.271 810.576 105.064 978.746 9927.42
internal_count=184632 180294 4338 166732 13562 144815 21917 624 142576 106077 184 3714 13378 36499 12011 99025 88444 18718 69726 47595 7971 5763 2008 1150 954 338 616 103 858 10581
is_linear=0
shrinkage=0.05


Tree=78
num_leaves=31
num_cat=0
split_feature=20 18 16 1 3 9 19 9 5 5 29 24 21 1 13 29 20 2 29 11 29 8 8 5 21 23 26 20 4 24
split_gain=417.959 162.565 102.102 50.2113 43.6435 39.3401 36.5954 41.8066 38.958 38.4389 57.7099 45.4011 43.23 33.9266 32.9682 46.0631 41.4454 37.9111 32.5374 32.1682 28.7411 28.6495 56.3976 109.121 43.0193 36.233 36.3097 32.0885 31.5065 28.6179
threshold=2.2310911147635006 1.3347109054112958 2.9113238709620717 -0.99226138209170833 3.5347725708111133 -1.6747553987675772 -1.0721183389806079 0.68698664471695126 1.0731953774504845 1.0000000180025095e-35 -3.012356386587963 -1.8713447490595676 -1.0731865390004225 -2.0412350809493094 0.64291357618435196 -1.0351167071203073 -0.34794818591642562 -0.81427786121395129 -4.3271377947710503 -0.62475278087744879 -2.7037185081695623 0.42436226596575982 0.79174686527241656 0.35993122193886878 1.0734756510911312 -1.2398790589577124 -0.33878055923967992 0.78715491240962898 -0.44710199031034131 1.9796740764569876
decision_type=2 2 2 2 2 2 2 2 2 2 2 2 2 2 2 2 2 2 2 2 2 2 2 2 2 2 2 2 2 2
left_child=1 3 18 -1 13 -5 -7 8 9 14 -11 12 -12 -3 15 17 -16 19 -2 -8 -6 -13 23 24 25 26 -23 -26 -24 -29
right_child=2 4 -4 5 20 6 7 -9 -10 10 11 21 -14 -15 16 -17 -18 -19 -20 -21 -22 22 28 -25 27 -27 -28 29 -30 -31
leaf_value=0.002799645007817137 0.02273160220042765 0.010744314647696889 0.029347969666031148 0.0056992945639955496 0.033114119701004217 -0.0022700608986084268 0.041634349426908787 0.0014803392186932261 -0.002634631938557514 0.029952836333525336 0.042304394036653585 -0.00070952492910250696 -0.013174661050269097 0.0040016916186145432 -0.058186202663396649 -0.00138433402941202 -0.0055632895427017237 0.0030054717215009827 0.0097724528278583852 0.0084013391034702418 0.003885981597259005 -0.016295622081438959 -0.0025692735545088836 -0.001729016269938927 0.033235344041798495 0.0074347658566474295 0.036941017616401506 0.0015355633214778834 0.0022445086102465799 0.036078438492700232
leaf_weight=15155.60634636879 559.25544440746307 2166.5651554465294 992.63847529888153 2757.292436927557 230.96219664812088 20862.80331780389 119.53643393516541 34353.084359377623 18208.543782114983 172.09416925907135 123.44705617427826 16934.688330948353 49.070306837558746 13430.928690284491 37.897623673081398 30973.448040783405 2948.8894800245762 3371.6691222116351 3616.9244762063026 186.30407516658306 132.28081619739532 38.464078307151794 5761.9209763929248 2760.5396370738745 351.93087488412857 2986.0049520730972 191.43911695480347 218.7170786857605 8289.0990822613239 82.605675756931305
leaf_count=14307 305 1701 410 2443 78 21810 20 33336 19168 69 19 17175 62 12356 82 31831 3277 3169 2910 155 122 51 6058 2856 118 2542 50 212 7917 23
internal_value=0.000912625 0.000516369 0.014934 5.54396e-05 0.00533728 -0.000218577 -0.000328073 -1.19405e-05 -0.000558433 -5.83575e-05 0.00106431 0.000932741 0.0265241 0.00493827 -0.00119063 -0.000756173 -0.00623099 0.00453445 0.0115079 0.0213903 0.0224702 0.00081537 0.00206405 0.00586528 0.0112836 0.00890741 0.0280342 0.0229814 0.000270514 0.0110053
internal_weight=188065 182896 5168.82 166935 15960.7 151779 149022 128159 93806.3 75597.8 37960 37787.9 172.517 15597.5 37637.7 34651 2986.79 3677.51 4176.18 305.841 363.243 37615.4 20680.7 6629.7 3869.16 3215.91 229.903 653.254 14051 301.323
internal_count=184632 181007 3625 166750 14257 152443 150000 128190 94854 75686 37152 37083 81 14057 38534 35175 3359 3344 3215 175 200 37002 19827 5852 2996 2643 101 353 13975 235
is_linear=0
shrinkage=0.05


Tree=79
num_leaves=31
num_cat=0
split_feature=20 18 18 12 11 3 1 29 29 19 9 23 28 26 22 11 27 3 8 23 8 3 14 13 9 5 5 3 1 8
split_gain=383.789 147.627 97.7439 46.5756 41.139 40.7695 31.2501 31.1375 27.5748 24.3401 24.3113 29.2035 26.4484 27.8953 27.1997 24.1719 23.667 23.1159 22.5234 21.5765 21.543 20.9258 23.3786 20.8229 20.359 29.0369 34.1263 24.3946 25.7882 25.1015
threshold=2.2310911147635006 1.3347109054112958 2.7669016548541308 -0.55883537689057061 0.83346634217492344 3.5347725708111133 -2.0412350809493094 -4.3271377947710503 -2.7037185081695623 3.022297671503765 0.52953717515131593 -0.92690559446517939 1.4294992029063465 0.92286775474456828 0.28942549639789927 2.3541822794167842 -0.46583688108681559 -0.057948010749947487 -0.99269261707420131 1.3402186810107566 -0.10047287590089249 -1.0338862297312899 -0.058442777064019701 0.83392106087890061 -1.5697890857238204 1.0731953774504845 -1.0665970890843621 0.24483852896410754 0.47278515001965665 0.58181280852575556
decision_type=2 2 2 2 2 2 2 2 2 2 2 2 2 2 2 2 2 2 2 2 2 2 2 2 2 2 2 2 2 2
left_child=1 3 7 17 10 6 -3 9 -7 20 12 -12 24 14 21 19 -6 -1 -4 -8 -2 -14 -23 -16 -5 26 -26 28 -28 -30
right_child=2 5 18 4 16 8 15 -9 -10 -11 11 -13 13 -15 23 -17 -18 -19 -20 -21 -22 22 -24 -25 25 -27 27 -29 29 -31
leaf_value=0.0029256737148573449 0.0021295052161029045 0.010320265233654861 0.037634202213307689 0.0014032381565037976 0.0039729355206577143 0.032545597630040654 0.0013647547736282215 0.0095111025259750417 0.0037064348661879072 0.010362880892555179 -0.0022551982714952732 0.0012666072664567201 0.010728572500911377 0.016505427607357175 0.018016932629260726 0.0096948769821285277 0.00018671126123092296 0.00014112523242364842 0.02172535596799317 0.0057563768589615266 0.036942946854669756 0.0011411925463309846 -0.0062324963867465416 -0.01573549201954871 -0.0032662153186965486 -0.0036786386828447045 0.0001770403599887598 -0.0022405568645060387 -0.00075351038812812674 0.027073105831883257
leaf_weight=18483.535895884037 53.26872056722641 2143.4115056991577 432.64495170116425 6010.688551992178 7884.4915302544832 223.43933287262917 7294.0929654613137 3630.6249174177647 131.76777347922325 249.7658808529377 7606.8987113386393 26024.250088706613 453.2557412981987 304.5269503891468 353.31195202469826 1546.94975066185 8661.3434090167284 12489.250967308879 458.00753471255302 4536.2469362169504 268.05435651540756 5212.980286732316 1354.1991730481386 52.483063355088234 14194.738550707698 13900.315252423286 30377.561083883047 13236.84205211699 149.74333697557449 176.64843764901161
leaf_count=17402 51 1701 107 5842 7258 78 7095 2940 122 198 7950 25365 356 204 226 1247 8629 12454 259 4014 70 5094 1523 69 15122 14923 30270 13830 152 81
internal_value=0.000868393 0.000491232 0.0144075 5.30366e-05 -0.000345602 0.00509863 0.00471532 0.0112182 0.0218474 0.0220709 -0.000669365 0.000470024 -0.00111609 0.00167356 0.00106535 0.00381725 0.00199094 0.00180285 0.0294533 0.00304869 0.0311716 0.000337837 -0.000379315 0.0136516 -0.00139241 -0.00162568 -0.00113482 -0.000446288 0.000327243 0.0143067
internal_weight=187895 182803 5092.37 166927 135954 15875.9 15520.7 4201.71 355.207 571.089 119408 33631.1 85777.3 7730.76 7426.23 13377.3 16545.8 30972.8 890.652 11830.3 321.323 7020.44 6567.18 405.795 78046.5 72035.8 58135.5 43940.8 30704 326.392
internal_count=184632 181007 3625 166750 136894 14257 14057 3259 200 319 121007 33315 87692 7472 7268 12356 15887 29856 366 11109 121 6973 6617 295 80220 74378 59455 44333 30503 233
is_linear=0
shrinkage=0.05


Tree=80
num_leaves=31
num_cat=0
split_feature=18 20 3 12 11 20 1 29 5 8 19 5 24 23 8 29 4 8 28 6 29 13 9 13 19 5 8 26 3 28
split_gain=355.813 114.814 104.552 53.4899 39.3552 37.8422 34.148 33.9432 31.9054 31.3641 29.5689 28.2833 32.941 42.6297 30.1983 52.9361 42.2387 32.6298 23.7192 37.4933 23.5177 22.8777 21.8476 36.0383 34.3661 30.3399 67.8423 26.8645 23.6294 22.2321
threshold=2.032547540297498 1.2950060810148358 3.5347725708111133 -1.2297902963130993 1.7737165126951731 2.3605703234018311 -1.5719542655966972 -4.3271377947710503 1.0731953774504845 0.47684578015242507 2.44857694879112 -1.0665970890843621 1.5860345742940554 1.7260881867468425 1.2116149787657384 -1.6561564200354002 0.022536566068924086 0.37187875177909463 -0.284103562059495 0.80505928358058243 -3.012356386587963 1.4758908297928981 0.52953717515131593 1.4452875107474226 -0.76468591201187197 1.0731953774504845 1.6314830922590604 -0.19879696749129297 0.40946444834201584 2.2537844959010331
decision_type=2 2 2 2 2 2 2 2 2 2 2 2 2 2 2 2 2 2 2 2 2 2 2 2 2 2 2 2 2 2
left_child=1 3 5 -1 6 -2 -5 8 21 -4 18 14 20 -14 17 16 -16 -8 19 -9 -13 -3 23 25 -25 -22 29 -24 -28 -27
right_child=2 7 9 4 -6 -7 11 10 -10 -11 -12 12 13 -15 15 -17 -18 -19 -20 -21 22 -23 27 24 -26 26 28 -29 -30 -31
leaf_value=0.0036563133437848999 0.0077796290266508687 0.036686712936417468 0.035489527715273056 0.0035780394600431718 0.0049377337506906708 0.017616412414172201 -0.0014491960987407376 -0.0022710045381842516 -0.014607527851345614 0.011698070112008137 0.0097317209858095461 0.018564277071047668 0.0097964820494550273 -0.00080886559665663445 0.032142335405777073 0.00033472141367557763 -0.0087498493867857394 -0.005595455083671679 0.006452283964358806 0.0040299056634852488 -0.00016066004458764295 0.012881336744771385 -0.00046982505641147352 -0.081482595415977133 -0.013749104888125741 -0.003625299304323953 0.0048501216379916506 0.0022429054517639933 0.021047404593336538 0.0055590933129346107
leaf_weight=9577.3563110679388 3769.5073829889297 169.0040922164917 599.56697803735733 5424.1569512784481 3648.2852225750685 1320.1131575107574 16845.744261756539 3525.8553319424391 67.329615384340286 180.14758092164993 1951.9085929691792 165.41690409183502 1884.1634724736214 1906.1633992195129 237.99304486811161 4312.8722154274583 85.957666963338852 6605.7557980492711 4025.4694395661354 7145.9500958621502 58205.972525522113 250.5478150844574 21332.548679046333 20.154758855700493 264.31743629276752 16500.607203155756 753.04743303358555 15950.509707793593 321.21472403407097 686.30463042855263
leaf_count=8877 3183 45 174 5036 3288 855 17334 3686 87 138 1572 104 1515 1937 85 4284 101 7345 3506 6570 58393 186 21533 53 337 17697 680 15235 186 610
internal_value=0.000826154 0.000435106 0.012943 2.99105e-05 -0.000193944 0.010331 -0.000317518 0.00433024 0.0173432 0.0299927 0.00394969 -0.000462167 -0.000122713 0.00446303 -0.00188811 0.00179889 0.0212919 -0.0026171 0.0031818 0.00194815 -0.000274915 0.0224706 -0.000302243 -0.000784597 -0.018548 -0.000718513 -0.00249662 0.000690741 0.00969327 -0.00325855
internal_weight=187734 181865 5869.34 164729 155151 5089.62 151503 17136.1 486.882 779.715 16649.2 146079 117990 3790.33 28088.3 4636.82 323.951 23451.5 14697.3 10671.8 114200 419.552 114035 76751.6 284.472 76467.1 18261.2 37283.1 1074.26 17186.9
internal_count=184632 180282 4350 164630 155753 4038 152465 15652 318 312 15334 147429 118280 3452 29149 4470 186 24679 13762 10256 114828 231 114724 77956 390 77566 19173 36768 866 18307
is_linear=0
shrinkage=0.05


Tree=81
num_leaves=31
num_cat=0
split_feature=10 20 10 3 29 8 11 12 1 5 5 8 9 2 4 21 19 29 8 1 15 3 25 21 2 8 20 21 20 32
split_gain=328.887 93.2279 79.3517 53.3312 49.1471 45.7273 40.2083 36.4621 31.0387 26.8955 30.0991 47.2346 41.9162 42.8309 125.636 38.9156 26.8264 26.2618 25.9633 26.9021 21.8207 21.6451 20.9799 20.7949 20.2719 22.5308 53.5344 20.6593 19.7734 24.7646
threshold=2.1590284964731041 1.2950060810148358 2.9742935776777331 -1.9206978636775098 -4.3271377947710503 0.056977666659103185 1.7737165126951731 -1.2297902963130993 3.4076219123276772 -1.0000000180025095e-35 1.0731953774504845 1.6314830922590604 1.1068518968919785 -0.16352356059407575 -0.10082503325137634 1.2311794766862609 2.5791992265670127 -0.81922843386550703 1.6314830922590604 -1.5719542655966972 -0.90488872508673202 0.40946444834201584 2.2126518039712764 3.1111435666435683 1.6227396193657435 0.21442820921909891 0.35338888457591361 1.2503373638109203 -0.95449372188326598 0.35948612589309531
decision_type=2 2 2 2 2 2 2 2 2 2 2 2 2 2 2 2 2 2 2 2 2 2 2 2 2 2 2 2 2 2
left_child=1 3 22 -1 5 -3 7 -5 -4 17 15 12 -12 14 -14 28 -7 20 19 -6 -9 -13 -2 -21 25 -17 -27 -28 -11 -30
right_child=2 4 8 6 18 16 -8 9 -10 10 11 21 13 -15 -16 24 -18 -19 -20 23 -22 -23 -24 -25 -26 26 27 -29 29 -31
leaf_value=0.0056614195835570308 0.0072514811870342706 -0.00019801527541533884 0.017555134994679557 0.0029941152246133326 0.010354624822847363 0.045560737172504889 0.0049617443916630359 0.0099706591108758274 0.033447847191229202 -0.001478438035425226 -0.0024735592043041467 0.0044761044065882135 -0.001529348190493504 0.00078128017040220805 0.044170960476813445 0.0010745004361117064 0.012025346457056279 -0.00161671313065316 0.011065963618704175 0.0026849662464326508 0.00067249860992251755 0.0199515776827409 0.015072584968382234 -0.010635028748858348 0.018949032148432462 0.037169851667820157 0.027939086004923244 0.002462965078525536 0.0020600315563643976 -0.00022999448066281711
leaf_weight=4129.5864299535751 3279.6457956433296 160.36490619182587 872.24896340072155 8370.2285739034414 1150.1972146034241 168.94696378707886 3840.0687937736511 693.24149271845818 474.25854724645615 10145.024208720773 22778.138522356749 762.23705330491066 428.88180753588676 4124.4469708353281 231.59903907775879 1337.7482191026211 92.166738957166672 52297.014595098794 1067.1896327137947 13882.47979414463 7025.492683827877 321.14830726385117 1160.9791336506605 299.33192752301693 304.33833837509155 163.67698621749878 90.658074408769608 651.07131826877594 24450.370699264109 22827.993754662573
leaf_count=3662 2804 161 566 7869 912 15 3459 555 157 10445 23905 694 442 4060 27 1309 70 53988 831 13137 6931 193 811 363 189 42 40 619 23443 22933
internal_value=0.000786002 0.000412458 0.0125203 5.09071e-05 0.00395845 0.020817 -9.31405e-05 -0.000216775 0.0231528 -0.000397596 0.000155914 -0.00117737 -0.00157989 0.00267431 0.0144956 0.000792786 0.0337236 -0.00121489 0.00352517 0.00300029 0.00150759 0.0090635 0.00929627 0.00240382 0.00683992 0.00519702 0.0112881 0.00557679 0.000524515 0.00095431
internal_weight=187581 181794 5787.13 164973 16820.7 421.479 160843 157003 1346.51 148633 88617.3 28646.5 27563.1 4784.93 660.481 59970.9 261.114 60015.7 16399.2 15332 7718.73 1083.39 4440.62 14181.8 2547.49 2243.15 905.406 741.729 57423.4 47278.4
internal_count=184632 180294 4338 164805 15489 246 161143 157684 723 149815 88341 29321 28434 4529 469 59020 85 61474 15243 14412 7486 887 3615 13500 2199 2010 701 659 56821 46376
is_linear=0
shrinkage=0.05


Tree=82
num_leaves=31
num_cat=0
split_feature=20 18 16 27 3 29 3 29 29 8 8 20 32 28 26 8 12 15 11 8 14 24 9 3 8 8 26 22 23 29
split_gain=306.109 112.143 86.5383 39.954 33.7346 29.2868 27.7062 26.4154 25.8532 23.8195 23.6362 23.5637 25.8378 23.4005 39.1749 22.9701 22.4598 20.5401 19.469 18.883 25.5124 20.8642 20.8706 18.7341 18.083 19.699 18.0889 24.9244 20.2836 17.9696
threshold=2.2310911147635006 1.3347109054112958 2.9113238709620717 -0.40717178104323631 3.5347725708111133 -0.79573187080582286 -2.4229820270182243 -4.3271377947710503 -2.7037185081695623 0.37187875177909463 -0.94020910288753601 -0.18155449538737078 -0.12725507314779944 1.4294992029063465 0.92286775474456828 -0.10047287590089249 -0.35926332261906185 -1.2747682321922145 2.3541822794167842 0.84423037945908175 -0.82318433579990791 -0.91269137808084344 0.84443611428258647 0.27366833735194801 -0.46785747520754911 1.3690655213257341 0.2019963218536085 -0.37485067668676025 0.63625009469639615 -0.356636819576091
decision_type=2 2 2 2 2 2 2 2 2 2 2 2 2 2 2 2 2 2 2 2 2 2 2 2 2 2 2 2 2 2
left_child=1 3 7 11 6 17 -3 9 -6 15 -4 -1 -13 16 -15 -2 23 -5 -8 20 -18 -22 -23 -7 26 -26 -19 28 -28 -21
right_child=2 4 10 5 8 13 18 -9 -10 -11 -12 12 -14 14 -16 -17 19 24 -20 29 21 22 -24 -25 25 -27 27 -29 -30 -31
leaf_value=-9.7477921279400541e-06 0.0090529485628187186 0.010873764306443786 0.035054948255384806 0.011895611527038989 0.031115126197691648 0.0010824435894246183 0.0027970787033158133 0.0083727892616313592 0.0025550625915553536 0.0067942160457622235 0.018808460166175989 0.0042202455278266982 0.0010064274863135845 0.00080448640146589935 0.016139891394515809 0.037944898234006763 0.00081595067412577611 0.001769944827073481 0.0087975363722019844 0.00071057839571957268 -0.0039467499369714 -0.0019189369376122784 0.0010578386531945683 -0.0024715844044950596 -0.00091029144020684767 0.0047255395559429713 0.035271831078507877 0.0043354991252497581 0.011335355546248337 -0.0033913006406496994
leaf_weight=19801.139649778605 100.12930998206139 1381.4260205030441 458.34569007158279 465.82560947537422 206.51448406279087 18154.013925947249 12420.841417551041 3495.3098532408476 128.57009267807007 196.73291885852814 437.61866390705109 10339.723428830504 15826.565822817385 11109.752898201346 432.66252228617668 219.82394331693649 14765.966003073379 3437.6904521435499 1516.8995839953423 3170.0514004528522 7770.6256694942713 19434.142132177949 8447.7266342490911 4659.664897352457 8781.1322081312537 1882.960043348372 129.00449413061142 1055.524511218071 281.91129592061043 16926.914861239493
leaf_count=19805 82 1081 137 355 78 17761 11726 2910 122 170 273 9467 15508 10931 293 53 14525 3316 1250 3125 8384 20180 8269 4890 8941 1705 38 964 218 18075
internal_value=0.000747781 0.000416445 0.0130702 3.68539e-05 0.00446285 -0.000440191 0.00411957 0.00993266 0.0201568 0.020485 0.0271196 0.0012916 0.00227638 -0.000744472 0.00137933 0.0289032 -0.00100713 0.00154998 0.00345013 -0.00144832 -0.000931742 -0.00165557 -0.00101703 0.000356538 0.00124042 8.48279e-05 0.00375327 0.00840267 0.0188501 -0.00274428
internal_weight=187435 182527 4907.96 166873 15654.3 120906 15319.2 4012 335.085 516.686 895.964 45967.4 26166.3 104872 11542.4 319.953 93329.1 16034 13937.7 70515.4 50418.5 35652.5 27881.9 22813.7 15568.2 10664.1 4904.13 1466.44 410.916 20097
internal_count=184632 181007 3625 166750 14257 121970 14057 3215 200 305 410 44780 24975 106433 11224 135 95209 15537 12976 72558 51358 36833 28449 22651 15182 10646 4536 1220 256 21200
is_linear=0
shrinkage=0.05


Tree=83
num_leaves=31
num_cat=0
split_feature=18 20 3 1 11 12 20 8 28 6 32 8 32 8 25 10 20 29 29 8 28 25 14 9 12 26 20 13 4 29
split_gain=282.895 94.6241 77.7168 45.8273 34.6443 31.8588 29.9007 29.4308 29.3484 35.1402 33.87 31.0516 28.7241 27.1934 26.2505 26.8857 24.5061 24.0874 23.5269 21.8588 21.4657 36.0197 26.2358 27.6521 20.7944 20.6103 19.9229 39.0655 20.3008 19.3025
threshold=2.1132317970388406 1.3700878590079395 3.5347725708111133 -0.8259369896124612 0.62159298765524162 -0.55883537689057061 2.3605703234018311 0.47684578015242507 -0.36503308757741065 1.0543301165675241 -2.1318435543125287 0.37187875177909463 -0.92634654676399408 1.0000000180025095e-35 1.3844758358809486 -0.19103493545320013 0.14018408690267334 -3.012356386587963 0.10579835566348751 0.056977666659103185 -0.82566091152428955 -0.1793422696637185 -0.47547442446211424 0.84443611428258647 0.81352255910097238 0.26134363317183201 0.07975270171703748 0.69933453027814418 -1.5185084387275787 0.52328702792158743
decision_type=2 2 2 2 2 2 2 2 2 2 2 2 2 2 2 2 2 2 2 2 2 2 2 2 2 2 2 2 2 2
left_child=1 3 6 16 5 -5 -2 -4 9 18 11 13 -7 -10 20 -16 -1 19 -3 -6 25 22 -22 26 -19 -14 27 -24 -28 -18
right_child=2 8 7 4 17 12 -8 -9 10 -11 -12 -13 14 -15 15 -17 29 24 -20 -21 21 -23 23 -25 -26 -27 28 -29 -30 -31
leaf_value=0.00078504474158561349 0.0074790208531575631 0.0033059208857837774 0.034141863226941981 0.001142992026453291 0.0036162717885958153 -0.0035547189663687087 0.016981733698867064 0.0097643274783997102 0.013306604913739216 0.0054675497907729622 0.0052239559589504674 0.0041181369978274219 -0.0056671897814072301 0.034090561814220745 0.02818224621222324 0.0037327656878005152 0.0027781135853508989 0.00028511703034317962 -0.0035364026564447208 0.040107261775694132 -0.00018768124244254768 0.0017998743778496037 -0.0047318182842503867 -8.5523483641464281e-05 0.0032447068081359349 -0.0014196195135762245 -0.021363902564253259 -0.031829459687384848 -0.00084318976853383395 0.007983742571381916
leaf_weight=12456.579446360469 3031.4447767585516 2392.1662478595972 517.08471417427063 20700.203344427049 89.471031099557877 10004.720595352352 1138.7636083960533 162.79086712002754 365.18833877146244 5601.5332369953394 3508.5725700855255 372.69628775119781 4010.4413548707962 276.56539061665535 121.46071660518646 1514.0304163396358 6418.6338754147291 19000.346443891525 2645.8632437437773 75.813185691833496 35245.700864750892 13784.196436151862 8842.2057806104422 8417.6019496619701 8631.108317553997 9920.3378918170929 123.31164161860943 135.03694200515747 5328.1472227573395 2464.5222181081772
leaf_count=12261 2578 2234 164 20227 83 10716 752 131 268 4989 3142 342 4465 88 53 1401 6062 18892 2833 15 35378 13288 9679 8432 8071 10202 176 221 5418 2071
internal_value=0.000711316 0.000394487 0.0126295 5.16696e-05 -0.000264781 -0.000638442 0.0100739 0.0283049 0.00417668 0.00274242 0.00755051 0.0155971 -0.00101686 0.0222635 -0.000726494 0.00554852 0.0022159 0.00132343 -0.000287518 0.0203541 -0.000846097 -0.000497939 -0.00104317 -0.00236296 0.00120959 -0.00264242 -0.00369159 -0.00513942 -0.00130737 0.00422235
internal_weight=187297 182446 4850.08 167284 145944 118147 4170.21 679.876 15162.6 10639.6 4523.02 1014.45 97447.2 641.754 87442.5 1635.49 21339.7 27796.7 5038.03 165.284 85807 71876.2 58092 22846.3 27631.5 13930.8 14428.7 8977.24 5451.46 8883.16
internal_count=184632 181007 3625 167111 146717 119656 3330 295 13896 10056 3840 698 99429 356 88713 1454 20394 27061 5067 98 87259 72592 59304 23926 26963 14667 15494 9900 5594 8133
is_linear=0
shrinkage=0.05


Tree=84
num_leaves=31
num_cat=0
split_feature=10 19 3 29 8 19 1 5 12 8 24 11 29 8 4 29 8 20 8 5 13 1 32 19 21 5 8 9 2 4
split_gain=260.635 85.6942 59.598 47.285 50.002 44.4298 36.4216 36.1307 32.4461 32.2177 28.7799 28.5656 24.6171 27.9887 31.427 32.2275 23.4474 21.5461 21.322 24.5146 21.2424 20.2819 19.8523 19.009 18.9601 18.3452 34.8418 24.1204 41.7247 94.5229
threshold=2.3511182737617973 0.87591127161366567 3.5347725708111133 -4.3271377947710503 0.056977666659103185 3.022297671503765 -1.5083213222154634 1.0000000180025095e-35 -0.67387148576470801 0.52932929433909037 1.9046256214024124 0.85433180979536572 -0.81922843386550703 1.316582007139069 0.022536566068924086 -1.6994675209361152 0.16194469503243367 1.0261378816306015 -0.62530801776754463 -1.0665970890843621 0.5186310778254769 0.5649044106146065 0.26528185806063359 2.5791992265670127 -2.1458731770471009 1.0731953774504845 1.6314830922590604 1.1068518968919785 -0.16352356059407575 -0.10082503325137634
decision_type=2 2 2 2 2 2 2 2 2 2 2 2 2 2 2 2 2 2 2 2 2 2 2 2 2 2 2 2 2 2
left_child=1 7 17 4 -3 -6 -5 12 -9 -4 -8 25 13 16 15 -15 18 -2 -1 -20 21 -21 -23 -12 -14 -10 27 -27 29 -29
right_child=2 3 9 6 5 -7 10 8 11 -11 23 -13 24 14 -16 -17 -18 -19 19 20 -22 22 -24 -25 -26 26 -28 28 -30 -31
leaf_value=-0.00065205036632118209 0.0031958052649327887 0.0002371714547906521 0.033710279488202717 0.0081716266425115452 0.043399268014412462 -0.00019285307778419233 0.001353096848301461 0.0026947912265187371 0.0003338651802684765 0.0079358485221268042 0.0042180828688916086 0.0027950902306009637 -0.012746960197054942 0.032216902599183722 0.00080028602935656643 0.0073317210661218591 -0.0037289344278338982 0.012850343022957173 -0.00026801844287666787 0.009439231323803355 -0.0030011095286213429 -0.00020818909716822009 0.032145390134481179 0.012861659603281542 -0.0013595580394963783 -0.0025628406108782562 0.0081896089790619939 -0.0021898637481568761 -0.00020551021480566301 0.043991136455023915
leaf_weight=2348.3748243898153 746.72794026136398 230.09142276644707 484.96841534972191 2609.4727382957935 212.09768486022949 80.688778400421143 24480.489456728101 14568.163166284561 46793.454116880894 161.65784281492233 3282.9555741846561 8852.8926720321178 368.145323574543 222.1210341155529 573.17406364530325 314.05063173174858 2290.1998957023025 2555.8782407641411 794.73990046977997 621.29000082612038 213.20308364927769 59.751209080219269 229.63257506489754 788.94209095835686 51607.72602134198 17630.32569745183 902.88560266792774 280.7058476805687 2676.9969967007637 183.06290030479431
leaf_count=2379 699 229 158 2183 28 81 23818 13783 46481 136 3006 8358 462 79 564 268 2461 1899 799 504 226 60 82 586 53011 18534 755 293 2688 22
internal_value=0.00067664 0.000402704 0.0133853 0.00276748 0.0176789 0.0313858 0.00251728 -9.17649e-05 0.000530255 0.0272666 0.00200051 0.000122428 -0.00105008 0.00159483 0.00893976 0.017641 0.00035222 0.0106674 0.00254268 0.006453 0.0112057 0.0145318 0.0254651 0.0058928 -0.00144022 -0.000223149 -0.00142573 -0.00184369 0.00219319 0.0160391
internal_weight=187165 183216 3949.23 31684.7 522.878 292.786 31161.9 151531 91888.5 646.626 28552.4 77320.3 59642.4 7666.54 1109.35 536.172 6557.19 3302.61 4266.99 1918.62 1123.88 910.674 289.384 4071.9 51975.9 68467.4 21674 20771.1 3140.77 463.769
internal_count=184632 181740 2892 29931 338 109 29593 151809 90914 294 27410 77131 60895 7422 911 347 6511 2598 4050 1671 872 646 142 3592 53473 68773 22292 21537 3003 315
is_linear=0
shrinkage=0.05


Tree=85
num_leaves=31
num_cat=0
split_feature=20 18 18 3 10 9 5 9 8 5 4 28 28 25 29 8 9 9 3 25 1 22 3 32 8 13 28 1 8 26
split_gain=243.063 86.1469 76.6529 35.6691 26.812 25.9443 25.6564 27.9256 39.0553 107.932 37.9488 34.3348 33.3606 34.5098 33.1096 40.0951 29.8202 26.2315 27.7576 25.2942 24.9503 28.5374 24.7327 23.1354 23.535 23.1133 23.088 22.9671 21.9615 21.5359
threshold=2.2310911147635006 1.3347109054112958 2.7669016548541308 -0.30361482402003986 2.6696209297177393 -1.622272242245699 1.0000000180025095e-35 -0.83502489441752281 0.52932929433909037 0.35993122193886878 1.6647746321311343 -1.2973845298745126 2.3148043502077447 -0.10013049172889923 -2.7037185081695623 0.056977666659103185 0.31960454906380226 -0.31019332919873871 0.21031120244208409 0.03717925183324837 -0.3855228478905946 -1.6415379190547663 0.40946444834201584 -2.5688145039938228 0.37187875177909463 0.9694997052865103 3.1315240060345997 0.29049620320495473 -0.99269261707420131 -0.16340193755507609
decision_type=2 2 2 2 2 2 2 2 2 2 2 2 2 2 2 2 2 2 2 2 2 2 2 2 2 2 2 2 2 2
left_child=1 3 23 19 -3 22 17 20 14 11 12 -10 -11 -14 15 -9 -16 18 25 -1 21 -8 -5 24 -2 -7 -13 -24 -4 -19
right_child=2 4 28 5 -6 6 7 8 9 10 -12 26 13 -15 16 -17 -18 29 -20 -21 -22 -23 27 -25 -26 -27 -28 -29 -30 -31
leaf_value=0.00024333086679483181 0.02220583952073573 0.0033822545411073498 0.035217303001786493 0.0010708563201364161 0.011948118887792731 -0.0010859918865741677 0.03496340134976568 -0.0011779905147881243 0.025345325862296476 -0.0016164862034537897 -0.046164714962069191 0.0086276104208021214 -0.0057309405325895717 0.037819216981432008 -0.0016545450616218733 0.033777941650937934 0.0010195271462850426 -0.0020656509382060658 -0.0051941934984193316 0.0025988782473339873 -0.0020466657277824186 0.0036608625677368718 0.024607922229863161 0.0067661441693449165 0.0069615208940316574 -0.021425347875295146 0.043718085286163111 0.0063288595672835292 0.018303104139872219 0.00073346377795950818
leaf_weight=28693.640981674194 573.86155086755753 14495.552997291088 361.90960341691971 3040.1104294061661 974.98464891314507 11428.768999546766 89.780942529439926 168.04098653793335 381.26644875109196 3928.9772488251328 46.274769350886345 2542.7586127966642 77.156421989202499 110.83031326532364 17391.499603787437 160.2755925655365 26029.760968111455 12235.513981670141 7797.9217183068395 18905.670728102326 16402.587717935443 385.20354361832142 210.69563791155815 2949.0776978731155 453.08292457461357 141.40638156235218 47.756140232086182 931.9655864238739 408.55735722184181 15674.940011277795
leaf_count=28554 319 13515 107 2975 742 11677 27 172 188 4056 89 2104 86 27 17967 52 25499 12741 8608 17923 17074 357 107 2550 390 202 6 814 259 15445
internal_value=0.000643668 0.000352822 0.0118139 2.18207e-05 0.00392209 -0.000440143 -0.000580785 4.29217e-05 0.000627495 0.00405759 -0.00113807 0.0113363 -0.000631971 0.0199447 6.80888e-05 0.0158866 -5.15179e-05 -0.00147472 -0.00288852 0.00117892 -0.00171952 0.00957763 0.00342801 0.00901683 0.0154801 -0.00133457 0.0092745 0.00969934 0.0262482 -0.000493625
internal_weight=187040 182293 4746.49 166823 15470.5 119223 115041 67762.2 50884.6 7135.02 4163.24 2971.78 4116.96 187.987 43749.6 328.317 43421.3 47278.6 19368.1 47599.3 16877.6 474.984 4182.77 3976.02 1026.94 11570.2 2590.51 1142.66 770.467 27910.5
internal_count=184632 181007 3625 166750 14257 120273 116377 67704 50246 6556 4258 2298 4169 113 43690 224 43466 48673 20487 46477 17458 384 3896 3259 709 11879 2110 921 366 28186
is_linear=0
shrinkage=0.05


Tree=86
num_leaves=31
num_cat=0
split_feature=18 20 3 1 24 23 8 20 9 32 13 26 32 7 28 6 32 8 8 32 29 10 20 22 25 23 32 5 28 5
split_gain=223.773 74.3424 67.937 38.7138 30.547 32.9588 27.7005 26.2445 34.86 29.9136 37.1619 28.4726 32.7579 27.3456 25.3466 30.5317 27.5651 26.991 25.8799 24.9932 26.8521 24.9121 24.5597 24.378 36.3537 24.0823 23.2031 23.9227 32.0818 32.7916
threshold=2.1132317970388406 1.3700878590079395 3.5347725708111133 -1.1839319204796619 1.4975377495907483 1.7260881867468425 0.47684578015242507 -1.8385492631823444 1.1068518968919785 0.44531190099134749 0.34192912756065325 -0.3074126436514279 -0.20311854313791458 2.5236993153152008 -0.36503308757741065 1.0543301165675241 -2.0491891250802028 0.37187875177909463 1.0000000180025095e-35 -0.92634654676399408 -3.012356386587963 -0.79722343919755156 2.3605703234018311 0.65325523432636545 -0.34935007166783894 0.9519240312279631 -0.14786835299547144 0.35993122193886878 2.3148043502077447 1.0000000180025095e-35
decision_type=2 2 2 2 2 2 2 2 2 2 2 2 2 2 2 2 2 2 2 2 2 2 2 2 2 2 2 2 2 2
left_child=1 3 22 -1 7 -6 -4 -5 9 13 23 -10 -13 19 15 -3 17 18 -16 20 25 -14 -2 24 -11 -9 27 28 29 -21
right_child=2 14 6 4 5 -7 -8 8 11 10 -12 12 21 -15 16 -17 -18 -19 -20 26 -22 -23 -24 -25 -26 -27 -28 -29 -30 -31
leaf_value=0.0026935358097744918 0.0066680111212652467 -0.00045175884892398592 0.032690786574899926 -0.0044556978574482537 0.0062356179876128272 -0.00053628531305872993 0.0085065119213597867 0.03674553440946389 0.00015104323906389204 -0.0014026633926550504 -0.0052939821198062492 -0.0010347595663662442 0.030437846484125765 -0.043584065977858327 0.012006157007190895 0.0049325104217874706 0.0047208212042470733 0.0038407872624717948 0.032629699317399348 0.0015162521157917135 -0.0021932943515392549 0.0052467693858583644 0.015446652268595812 -0.003971687995806032 0.0021657498818356902 -0.0093777952859162503 -2.0173299281880086e-05 -0.00040666499984050623 0.03816626985406682 0.0079548743340734623
leaf_weight=12631.466131255031 2974.7076777815819 5021.6286953538656 473.7361444234848 3775.5461450815201 3754.1944500505924 3446.0387986749411 157.85609504580498 82.99089777469635 14381.444398313761 30335.97671494633 5704.0565405339003 2574.71576577425 99.68227618932724 35.796692065894604 368.4807546287775 5535.0320654064417 3428.7282620072365 395.37069419026375 259.0628736615181 6128.8578722029924 11834.853648692369 6353.7312481999397 1088.1724216938019 6044.835954092443 9333.270594984293 42.945346742868423 42496.853965112939 5173.9189620167017 67.603366434574127 2919.4822954237461
leaf_count=11951 2578 5067 164 4112 3286 3483 131 22 14338 31187 6308 2628 39 67 280 4989 3105 365 90 5943 12354 5687 752 6525 8929 51 42514 5216 16 2455
internal_value=0.000612301 0.000334629 0.0113908 3.20725e-05 -0.000185399 0.00299458 0.0266463 -0.000340749 -0.000232567 -0.000576348 -0.00148864 0.00153265 0.00373349 0.000105624 0.00370563 0.0023713 0.00686985 0.0140732 0.02052 0.000128373 -0.00194891 0.00563588 0.00901922 -0.00101382 -0.000563097 0.0210171 0.000565904 0.00230885 0.00385009 0.0035937
internal_weight=186921 182227 4694.47 167218 154587 7200.23 631.592 147387 143611 120201 51418.1 23409.6 9028.13 68783.3 15008.3 10556.7 4451.64 1022.91 627.544 68747.5 11960.8 6453.41 4062.88 45714.1 39669.2 125.936 56786.7 14289.9 9115.94 9048.34
internal_count=184632 181007 3625 167111 155160 6769 295 148391 144279 121587 52949 22692 8354 68638 13896 10056 3840 735 370 68571 12427 5726 3330 46641 40116 73 56144 13630 8414 8398
is_linear=0
shrinkage=0.05


Tree=87
num_leaves=31
num_cat=0
split_feature=20 18 18 27 3 32 25 20 21 3 1 29 8 32 29 19 8 14 23 26 9 28 26 14 7 25 25 30 14 19
split_gain=206.627 71.9332 69.5746 32.7723 31.7457 27.8011 25.7565 38.7393 30.4993 24.208 24.0396 23.011 21.4359 21.4016 20.812 21.923 21.9651 19.4576 18.8775 18.6581 24.1246 18.6244 29.3471 22.269 26.0231 35.3823 24.2343 23.111 18.5715 18.5188
threshold=2.2310911147635006 1.3347109054112958 2.7669016548541308 0.30537720115696293 -1.9206978636775098 0.3237787164137132 -1.6190724903578471 -0.60625065531118949 -0.87144959178885706 3.5347725708111133 -2.4750516848629371 -2.7037185081695623 -0.99269261707420131 -0.72454832322156448 -4.3271377947710503 3.022297671503765 -0.10047287590089249 -0.058442777064019701 1.3402186810107566 -0.4083551137619178 0.52953717515131593 1.4294992029063465 0.88794289922589564 -0.11622101616123555 0.25567328035636405 -0.10013049172889923 0.096572729809204158 -0.028866644285259247 -1.2244721136150312 2.0110120330920815
decision_type=2 2 2 2 2 2 2 2 2 2 2 2 2 2 2 2 2 2 2 2 2 2 2 2 2 2 2 2 2 2
left_child=1 3 14 4 -1 6 7 -6 -8 10 -3 29 -4 -5 15 16 -2 -12 -19 -15 21 -21 23 24 -23 -26 -25 -28 -10 -11
right_child=2 9 12 13 5 -7 8 -9 28 11 17 -13 -14 19 -16 -17 -18 18 -20 20 -22 22 -24 26 25 -27 27 -29 -30 -31
leaf_value=0.0059958874696917561 -0.0031070780196404478 0.0097024955470499021 0.034294812909412081 -0.0032016444118814417 -0.014269141874727338 -0.00051302002903121893 -0.0017902100887881229 0.046017493684955224 0.0061793868133954528 0.039847495309548918 0.015755244928663269 0.00085377430873598737 0.017172873536452426 -0.0026364586282536782 0.0069504512547537761 0.0064702354877789123 0.034196726653399213 0.00090917694663192024 0.0047495975835000854 -0.0010444517958730904 0.0020799698387053036 0.0014463991127198607 0.015304613564484204 -0.0072652868648385854 0.0050487955911856603 0.034897272013044774 0.034239341040079897 -0.0026438116924497892 0.0014241778362323247 0.006018350201071671
leaf_weight=2658.8423976004124 48.016198426485062 1338.7925811707973 340.65178465843201 8268.5414104610682 41.232851684093475 41523.947662591934 7508.1757594719529 75.329447031021118 2155.3783276230097 123.12233078479767 278.87482424080372 124.11939907073975 394.4908193051815 8698.3435424976051 3414.6699361652136 227.43058970570564 221.47310239076614 8178.7180392369628 5256.3068445920944 37376.246242497116 9951.9970757961273 3049.2074169814587 391.98295086622238 1113.2398616373539 328.13358780741692 142.35839152336121 72.966494292020798 101.62637946009636 43343.579294234514 60.252400666475296
leaf_count=2340 51 1079 107 8798 53 41950 7777 6 1889 25 191 122 259 9157 2940 198 70 8030 4757 38157 9538 2961 272 1275 295 43 23 107 42109 53
internal_value=0.000582429 0.000316839 0.0109941 1.53264e-05 0.000607609 0.000456241 0.00121386 0.0246916 0.00116223 0.00359106 0.00330736 0.0174791 0.0251069 -0.000813988 0.00834175 0.0179023 0.0275501 0.00268304 0.0024117 -0.000491537 -0.000136348 -0.000654408 0.00214938 0.00107677 0.0031352 0.0140802 -0.00454901 0.0127705 0.00164944 0.0287321
internal_weight=186808 182161 4646.73 166801 97306.5 94647.6 53123.7 116.562 53007.1 15360.2 15052.7 307.494 735.143 69494.6 3911.59 496.92 269.489 13713.9 13435 61226.1 52527.8 42575.8 5199.52 4807.53 3519.7 470.492 1287.83 174.593 45499 183.375
internal_count=184632 181007 3625 166750 96124 93784 51834 59 51775 14257 14057 200 366 70626 3259 319 121 12978 12787 61828 52671 43133 4976 4704 3299 338 1405 130 43998 78
is_linear=0
shrinkage=0.05


Tree=88
num_leaves=31
num_cat=0
split_feature=10 11 11 3 9 5 29 8 8 5 8 9 26 4 5 1 8 29 2 28 8 1 19 4 2 4 20 9 28 6
split_gain=190.569 63.3305 54.8252 49.5244 34.5507 30.8853 35.2525 43.7516 78.3854 32.9711 29.5194 29.1537 38.3437 26.5419 26.4483 24.2373 28.0422 57.8764 34.4592 41.6651 29.593 30.6176 29.1709 27.8869 23.831 23.7672 23.6133 23.5647 22.6657 21.9189
threshold=2.3511182737617973 -1.344923172969944 1.6832853786057742 3.5347725708111133 -1.622272242245699 -1.0665970890843621 -2.7037185081695623 0.52932929433909037 0.056977666659103185 0.35993122193886878 0.52932929433909037 -0.83502489441752281 -0.4083551137619178 0.10035138282986671 1.0731953774504845 0.5458023584910765 1.1591314645790731 -1.0351167071203073 0.14485733754864191 0.44017954421349997 0.31939523759242944 0.39528026361431573 0.50030107986720618 0.022536566068924086 -0.65262078117274169 -0.80200272592634259 -0.019969029879432169 -0.047777546589346659 -1.7669317065419203 -1.2046915832940439
decision_type=2 2 2 2 2 2 2 2 2 2 2 2 2 2 2 2 2 2 2 2 2 2 2 2 2 2 2 2 2 2
left_child=1 -1 4 -2 13 15 7 8 -7 -10 -5 14 27 -3 -8 16 20 22 -19 -20 21 28 23 26 25 -23 -18 -13 -6 -29
right_child=3 2 -4 10 5 6 11 -9 9 -11 -12 12 -14 -15 -16 -17 17 18 19 -21 -22 24 -24 -25 -26 -27 -28 29 -30 -31
leaf_value=0.004046584186547319 0.0092150412331858857 0.0013124954954457288 0.0046819391394156166 0.031729802278882745 0.02321191545585588 0.0016372981270296521 -0.00047943998813328279 -0.0086557763322665428 0.038567842636418159 -0.00022790849651329074 0.0063434915336356631 -0.0067138808900079859 0.0009625952875169509 0.0085018850807833512 -0.0038982575500808555 -0.0048674378767135174 -0.0059354342236180649 -0.0013307033701397087 -0.0027920595674864822 0.029136330719091337 -0.0045561670425906314 0.0045954103837925076 0.0014257914396389583 -0.005234672871962334 0.0010281809721932587 0.023940734531920749 0.035277027181659829 0.010851229335524543 -0.0015196719991200755 -0.0012015372776613467
leaf_weight=10756.545322880149 3184.9977048039436 3828.4977232664824 6269.0237533301115 432.39816907048225 93.32507461309433 524.16426375508308 23938.458908125758 276.18763270974159 306.15393757820129 66.695988237857819 155.76142537593842 1962.4825228191912 77811.010227061808 1931.4130307435989 7407.4750877022743 4918.217626363039 39.331061273813248 3423.8767121732235 194.1579867452383 215.68593317270279 6640.8624309375882 345.7800227701664 201.75315880775452 65.176451370120049 963.81961902976036 293.56161299347878 298.85268625617027 385.70815047621727 12646.625548839569 17122.532768256962
leaf_count=9886 2598 3728 5682 158 50 507 24168 324 70 67 136 2226 76313 1603 7985 5397 44 3515 205 90 7246 314 196 72 944 153 88 302 13031 17534
internal_value=0.000553971 0.000324548 9.20103e-05 0.0116767 -8.14319e-05 -0.000218277 0.000117437 0.00874538 0.0141031 0.031628 0.0250068 3.87427e-05 0.000466035 0.00372324 -0.00128735 -0.00165448 -0.00103291 0.00257764 0.000309368 0.0140107 -0.00179667 -0.000519023 0.0169483 0.0247124 0.0059932 0.0134781 0.030484 -0.00151837 -0.0013385 -0.000936014
internal_weight=186701 182927 172171 3773.16 165902 160142 129801 1173.2 897.014 372.85 588.16 128628 97281.7 5759.91 31345.9 30341 25422.8 4438.83 3833.72 409.844 20984 14343.1 605.113 403.36 1603.16 639.342 338.184 19470.7 12740 17508.2
internal_count=184632 181740 171854 2892 166172 160841 129496 968 644 137 294 128528 96375 5331 32153 31345 25948 4210 3810 295 21738 14492 400 204 1411 467 132 20062 13081 17836
is_linear=0
shrinkage=0.05


Tree=89
num_leaves=31
num_cat=0
split_feature=20 6 12 11 3 29 9 5 30 32 19 10 29 5 9 2 4 8 29 1 6 8 4 8 29 2 8 21 22 4
split_gain=180.264 63.1096 62.6826 49.3371 39.2394 26.9184 26.5571 27.9794 28.4669 23.9354 22.6951 27.0727 35.7405 21.8963 29.8321 31.1483 106.842 29.3531 22.5453 21.8354 38.7248 21.5307 20.8833 20.4646 46.7942 47.7147 26.6914 21.0441 49.0268 50.9644
threshold=2.2310911147635006 1.9022440695334921 -1.6590808789286708 1.8854813219026523 -1.9206978636775098 -4.3271377947710503 -1.6747553987675772 -1.0665970890843621 1.3118582239491967 -2.5688145039938228 0.53521196378800329 -0.19103493545320013 1.3221900804281257 1.0731953774504845 1.1068518968919785 -0.16352356059407575 -0.10082503325137634 -1.6749783015008493 -3.012356386587963 1.3688024695589422 0.13475364960403205 0.47684578015242507 -1.6443735858394792 1.2116149787657384 -1.6561564200354002 -0.42276553676371481 0.37187875177909463 -0.82312944871108862 -0.13526040781845766 -0.78927530218684083
decision_type=2 2 2 2 2 2 2 2 2 2 2 2 2 2 2 2 2 2 2 2 2 2 2 2 2 2 2 2 2 2
left_child=2 9 -1 4 -4 -3 -6 23 13 21 -10 12 -12 17 -15 16 -16 -9 -19 -13 -21 -2 -20 26 25 -25 -8 28 -28 -30
right_child=1 5 3 -5 6 -7 7 8 10 -11 11 19 -14 14 15 -17 -18 18 22 20 -22 -23 -24 24 -26 -27 27 -29 29 -31
leaf_value=0.0048923267791387125 0.019699349345004395 0.038283843173377227 0.0048581406677671735 0.0051687471734073124 0.0045991698672864746 0.017570073559216925 -0.0011356552885891369 -0.0086264543923889568 -0.0043696231231483999 0.0050776599972991512 -0.0029054755881947713 0.00214841985148176 0.030336591951952509 -0.0020876017876279604 -0.0014024555690707061 0.0006941801929452446 0.043726057091836849 0.022485758985529507 -0.0035941684766056161 0.031285954027456236 0.0032279318452083424 0.0048380863035791801 0.00043120541861009758 0.03927638092568083 -9.4672570011505156e-07 0.0027111532520463517 -0.0032461181216837478 -0.0060915276189017088 -0.0080775770732464374 0.039019991154191802
leaf_weight=7081.9436555057764 638.60015177726746 209.11293774843216 3985.2146707177162 4661.9263772219419 2877.7006833404303 627.50681832432747 18828.349700450897 927.90874892473221 1096.2003525197506 2700.2155215442181 134.20160934329033 9328.8455378562212 203.42353677749634 23872.283567249775 417.29523953795433 4293.6107906848192 191.26727890968323 114.48616674542427 3344.5802990198135 181.68171685934067 380.56901821494102 394.13741639256477 87917.207533739507 158.52857095003128 4331.9179746434093 204.06503218412399 1444.2367382198572 5808.3638280928135 92.979085654020309 150.27309688925743
leaf_count=6389 387 49 3598 4180 2613 407 19256 1088 1192 2426 142 8928 80 24869 429 4234 24 63 3585 68 356 356 87159 34 4332 193 1538 6516 108 33
internal_value=0.000526969 0.0103355 0.000280741 9.40619e-05 -4.48686e-05 0.0227475 -0.000162364 -0.00024621 7.04518e-05 0.00755371 0.00246766 0.00320041 0.0171233 -0.000153768 -0.00135805 0.00219467 0.0127811 0.000221649 0.0003115 0.00272516 0.0122944 0.0140276 0.000283683 -0.00159788 0.0014433 0.0186977 -0.00214023 -0.00466356 0.000251525 0.0210177
internal_weight=186599 4569.57 182029 174947 170285 836.62 166300 163422 132404 3732.95 11324.9 10228.7 337.625 121079 28774.5 4902.17 608.563 92304.2 91376.3 9891.1 562.251 1032.74 91261.8 31018.7 4694.51 362.594 26324.2 7495.85 1687.49 243.252
internal_count=184632 3625 181007 174618 170438 456 166840 164227 132217 3169 10766 9574 222 121451 29556 4687 453 91895 90807 9352 424 743 90744 32010 4559 227 27451 8195 1679 141
is_linear=0
shrinkage=0.05


Tree=90
num_leaves=31
num_cat=0
split_feature=18 20 3 27 12 8 11 11 20 27 22 32 24 9 6 1 8 13 2 21 13 25 4 9 2 23 11 29 12 10
split_gain=164.676 56.0441 55.3453 31.3036 26.7208 25.3205 22.1128 21.425 21.2027 17.2899 16.7347 28.392 26.8627 20.7629 17.4493 16.8714 16.285 15.9578 21.5626 19.5774 18.4111 19.6358 17.9824 15.9893 15.934 14.9824 14.8564 14.854 14.8323 14.6037
threshold=2.1132317970388406 1.2950060810148358 3.5347725708111133 -0.045436392166749696 -1.2297902963130993 0.47684578015242507 0.87392494793924069 -3.8672903796279781 2.7122881250082007 -0.5145439034630287 0.59162105917663477 0.40115259535855935 0.35317910347369497 -0.7825417378956443 -1.4391551757288743 1.3688024695589422 0.47684578015242507 -0.48327213320492024 -0.45557811667790066 -1.3631628758432612 1.172707770853429 -0.35713286346668588 0.24684074281004129 0.31960454906380226 0.98169358277841567 1.9907039118023142 -0.20859312727534371 -2.7037185081695623 0.47520802597889406 0.19438436378624571
decision_type=2 2 2 2 2 2 2 2 2 2 2 2 2 2 2 2 2 2 2 2 2 2 2 2 2 2 2 2 2 2
left_child=1 3 7 4 26 27 24 -2 9 -3 12 -12 17 -14 16 -16 -15 22 20 -20 23 -22 -5 -19 -6 -9 -1 -4 -8 -24
right_child=2 8 5 10 6 -7 28 25 -10 -11 11 -13 13 14 15 -17 -18 18 19 -21 21 -23 29 -25 -26 -27 -28 -29 -30 -31
leaf_value=0.0055263582762322362 0.016511047529764806 0.0046418203510618624 0.034670290972805544 -0.00041612641158984555 -0.00030082538478404995 0.0068848851243076938 0.00049827836082280935 0.0039690792108076217 0.010049698826695257 0.0012613458439506965 -0.0004799613498903503 -0.00520230717095995 -0.0015176625780124904 0.0054175318277891529 0.0022389196738185411 0.011728939704956143 0.030545908562480087 -0.0073277365549741904 -0.0076537433706962326 -0.00075742758496490179 -0.098202177610149211 -0.011932550072706181 0.0027336108018503995 -0.0010117681995611277 0.0021464386366947131 0.011154791122849861 0.00011441754373432331 0.0087767326103239517 0.0041530023879039731 0.045104534240720869
leaf_weight=4325.0337202996016 600.19793090224266 6136.7101214826107 358.78045606613159 33485.317502940074 45450.546446539462 151.91888093948364 5066.4904513657093 2283.2478293478489 1003.7471233904362 9859.7306056469679 8591.5279725342989 5055.9480998143554 3137.7588170319796 154.76935777068138 7313.4861627817154 500.37808835506439 110.51659953594208 2347.0314391329885 1071.0492732226849 26279.897605799139 10.79606267809868 16.953928142786026 4565.6121345087886 1748.6161189228296 7791.4786125421524 1063.1941789388657 1794.1055438965559 65.496991842985153 6141.0782553255558 20.427065253257751
leaf_count=3847 402 5567 110 33764 45724 131 5016 2102 802 9611 8674 5582 3233 138 6986 383 43 2691 1235 26678 32 21 4316 1784 7457 826 1790 54 5631 2
internal_value=0.000501294 0.000267066 0.00992559 -1.46021e-05 0.000782027 0.0244011 0.000482232 0.00781221 0.00300052 0.0025582 -0.000610059 -0.00222944 -0.000336412 0.00193417 0.00327479 0.00284663 0.0158859 -0.000702631 -0.00153562 -0.00102748 -0.00490618 -0.0454955 -1.39781e-05 -0.00463117 5.73091e-05 0.00625204 0.0039396 0.030673 0.00250085 0.00292234
internal_weight=186502 181979 4522.84 164979 70568.7 576.196 64449.6 3946.64 17000.2 15996.4 94410.1 13647.5 80762.6 11216.9 8079.15 7813.86 265.286 69545.7 31474.3 27350.9 4123.4 27.75 38071.4 4095.65 53242 3346.44 6119.14 424.277 11207.6 4586.04
internal_count=184632 181007 3625 165027 69465 295 63828 3330 15980 15178 95562 14256 81306 10783 7550 7369 181 70523 32441 27913 4528 53 38082 4475 53181 2928 5637 164 10647 4318
is_linear=0
shrinkage=0.05


Tree=91
num_leaves=31
num_cat=0
split_feature=20 6 3 11 12 29 5 32 5 26 4 25 20 9 20 22 20 21 8 8 32 28 26 29 15 22 17 9 20 20
split_gain=152.875 57.8436 55.1399 43.8365 33.1773 28.0568 25.9051 30.9024 27.4884 43.3913 61.6336 27.7935 43.9738 28.259 36.6561 25.0309 46.364 24.9649 23.2431 45.2019 39.63 23.0965 25.0046 21.4091 24.2663 21.4801 20.5392 22.1211 20.6968 20.1698
threshold=2.2310911147635006 1.8059928541979369 -1.9206978636775098 2.3541822794167842 -1.6590808789286708 -4.3271377947710503 1.0000000180025095e-35 0.31764552868397106 0.35993122193886878 0.59772227696142988 1.7549193034596331 -1.6190724903578471 -0.60625065531118949 0.58202033167319445 -0.29266500349607866 -1.6415379190547663 -0.22803706273170585 0.21465217051682803 0.31939523759242944 0.84423037945908175 -0.72454832322156448 1.1702746288814285 0.96284171728342505 -0.81922843386550703 -0.90488872508673202 1.0014172540638533 -1.1273040017448561 0.89691927080446487 -1.8385492631823444 0.77327573578166975
decision_type=2 2 2 2 2 2 2 2 2 2 2 2 2 2 2 2 2 2 2 2 2 2 2 2 2 2 2 2 2 2
left_child=2 -2 -1 4 -4 -3 23 8 9 -8 17 12 -10 14 -13 16 -16 -11 -19 20 -20 26 -23 24 25 -6 -9 -28 -29 -22
right_child=1 5 3 -5 6 -7 7 21 11 10 -12 13 -14 -15 15 -17 -18 18 19 -21 29 22 -24 -25 -26 -27 27 28 -30 -31
leaf_value=0.0053164819162792865 0.0066646466166605679 0.03628807396187396 0.0037779258304087605 0.0064067888917153648 0.0074220783610982298 0.015858927425780978 0.0013129529067613258 0.001306654947933826 -0.0044858858997199628 0.012988041956763563 0.034121886655673263 -0.0045869469995695831 0.04494965519074097 0.0022326201328748611 0.040429067732212338 2.9091910241717391e-05 0.001788168956365676 -0.00018835486777547665 -0.0010940452269595422 0.00031612343582709758 0.031606631542932244 0.0014643135210429649 0.017747798424999458 -0.0012380193516611192 0.00061189198515270121 0.037236497410047469 -0.0022592036499731959 -0.0071852699734153763 0.0016448600863307129 0.014188289361365678
leaf_weight=5220.0455553531647 3542.1425692886114 218.78764498233795 5634.7536242157221 2714.8722681105137 650.57191464304924 724.93328669667244 13246.849809102714 7799.8338305354118 90.849215969443321 933.48208805918694 198.38629034161568 4902.2708682492375 89.102817296981812 12104.494780093431 109.70718120038509 16843.800365000963 265.49499812722206 1828.1133191883564 256.38995583355427 1002.3372479528189 301.73918333649635 7514.0587588995695 243.39423549175262 58045.764407478273 8470.6626130342484 66.596143782138824 25329.509590141475 733.58051855862141 6956.8612677007914 369.99070516228676
leaf_count=4665 3070 60 5209 2367 554 495 12899 7596 99 691 63 5352 9 11564 21 16834 256 1835 262 996 111 7294 157 59483 8367 17 26474 839 6728 265
internal_value=0.00047674 0.00959529 0.000251895 0.000102281 3.90707e-06 0.0205951 -0.000122408 0.000383329 0.00122377 0.0027989 0.00682392 0.000393423 0.019992 0.000290378 -0.000772394 0.000313614 0.0130866 0.00566972 0.00385213 0.00767842 0.0156294 -0.000525721 0.00197522 -0.000883044 0.00135957 0.0101906 -0.001001 -0.00154611 0.000802566 0.0220126
internal_weight=186409 4485.86 181924 176703 173989 943.721 168354 101120 52543 18137.3 4890.44 34405.7 179.952 34225.8 22121.3 17219 375.202 4692.05 3758.57 1930.46 928.12 48577.2 7757.45 67233.6 9187.83 717.168 40819.8 33020 7690.44 671.73
internal_count=184632 3625 181007 176342 173975 555 168766 100345 51257 17122 4223 34135 108 34027 22463 17111 277 4160 3469 1634 638 49088 7451 68421 8938 571 41637 34041 7567 376
is_linear=0
shrinkage=0.05


Tree=92
num_leaves=31
num_cat=0
split_feature=17 20 3 1 20 9 32 32 26 32 9 13 22 29 28 29 5 13 22 32 20 19 25 2 19 32 8 22 9 26
split_gain=143.022 53.1951 39.2847 34.6545 27.0248 40.9447 36.3078 35.2278 29.8527 32.062 30.5564 28.5538 28.8372 28.3302 25.9666 23.7999 31.3867 23.0008 27.1213 34.8519 42.7632 23.6667 41.0705 26.9632 23.753 23.5215 22.369 20.6763 20.2603 20.1445
threshold=2.4830770001122522 1.6336591796466455 3.5347725708111133 -2.4750516848629371 -0.43161789303907983 1.1593350534138571 0.12220133420753113 -0.54021712563396596 -0.51604756193148082 1.2146320698515098 1.0543687403701003 0.40951280664409978 0.66853368883523123 0.35333351842526678 1.7769379724814454 -4.3271377947710503 1.0731953774504845 -0.54545602611523758 -0.32741385481225305 -0.25054186014829899 -0.98280071370736544 -0.69049134137896007 -0.72568946412155133 -1.5803390233885268 -1.0488260449533215 0.35948612589309531 0.52932929433909037 -1.5280443680612046 0.1096719229762886 -0.020921740732968579
decision_type=2 2 2 2 2 2 2 2 2 2 2 2 2 2 2 2 2 2 2 2 2 2 2 2 2 2 2 2 2 2
left_child=1 3 -2 -1 7 6 27 13 -9 10 17 12 28 -5 -14 16 -3 18 -10 20 -20 22 29 -24 -25 -26 -4 -6 -8 -21
right_child=2 15 26 4 5 -7 11 8 9 -11 -12 -13 14 -15 -16 -17 -18 -19 19 21 -22 -23 23 24 25 -27 -28 -29 -30 -31
leaf_value=0.0057574153304028389 0.0088196332578819227 0.019897089494819081 0.029957424694190916 -0.0058756431280069434 0.0072563588371751661 0.0033001802725092393 -0.00014883726509059517 -0.0031308643820820332 -0.00052781833537708211 -0.0068817978215174845 0.0027727109768763839 -0.0030101277109790057 -0.0029590853359169767 0.0013955716974878337 0.029658439799674269 0.0033433853669584839 -0.020197310808492436 -0.0025038596007094065 0.033150810627668711 -0.00059088114245771416 -0.00095440921136703957 -0.0017029997780610704 -0.007415800856261888 0.0023920602055454323 0.024593515388035843 0.0068263932562617653 0.0057846729459182329 0.0010588895825877618 0.0026877919237155113 0.014137651640323859
leaf_weight=2647.9013565480709 2310.5670902431011 401.95448988676071 391.66623777151108 5505.082050293684 1393.1896853297949 11429.380310997367 28941.847498685122 8494.1211662590504 19370.517714273185 1591.8976447731256 10022.80693218112 10707.387892663479 8652.9062396883965 1770.4148146659136 61.450547337532043 9174.4761880040169 55.557683795690536 9206.9421919733286 207.72512724995613 2215.8143399655819 164.8532513231039 2291.9366471543908 158.49295583367348 296.1690853536129 574.65643951296806 275.6313601732254 126.65291371941566 39576.135144799948 8044.4353631138802 259.32490274310112
leaf_count=2343 1903 242 157 6152 1191 10675 29028 9026 19575 1811 9467 11352 9165 1721 25 8561 78 9668 70 2242 168 2370 182 282 292 238 112 38738 7612 186
internal_value=0.000453488 0.000281485 0.0116103 8.11052e-05 -6.68193e-06 0.000469058 0.000136763 -0.000836143 -0.000404592 9.19538e-05 0.000338408 -0.000686048 -0.00014153 -0.00410627 -0.00272908 0.00389841 0.0150283 -0.000358254 0.000406974 0.00321668 0.0180604 0.00230587 0.00473652 0.0119142 0.0145865 0.0188341 0.0240507 0.00126964 0.000468123 0.000952254
internal_weight=186322 183493 2828.89 173861 171213 108807 97377.4 62406.4 55130.9 46636.8 45044.9 56408 45700.6 7275.5 8714.36 9631.99 457.512 35022.1 25815.1 6444.6 372.578 6072.03 3780.09 1304.95 1146.46 850.288 518.319 40969.3 36986.3 2475.14
internal_count=184632 182460 2172 173579 171236 107786 97111 63450 55577 46551 44740 57182 45830 7873 9190 8881 320 35273 25605 6030 238 5792 3422 994 812 530 269 39929 36640 2428
is_linear=0
shrinkage=0.05


Tree=93
num_leaves=31
num_cat=0
split_feature=18 20 3 1 29 20 5 4 8 5 32 28 5 21 11 27 22 20 32 32 26 25 20 8 20 20 25 9 13 26
split_gain=132.422 57.3751 38.9384 32.8291 28.4885 27.8251 25.7892 26.0183 25.7041 27.5388 25.7346 26.6193 26.5314 26.3401 24.2929 23.3459 22.6564 44.3145 21.8573 28.3574 32.387 40.9558 30.6377 26.1638 39.496 25.0056 23.9353 21.9809 34.4765 25.4996
threshold=2.5051785714429489 1.4869329112117013 3.5347725708111133 -0.22974958291214326 -4.3271377947710503 -0.46842930195588345 1.0731953774504845 2.4208473525090581 -1.2026266738208622 1.0731953774504845 0.54616986210290663 1.4838998159100756 -1.0665970890843621 -0.60965553960250007 0.62159298765524162 -0.61990514383606665 -1.6097381078780992 -0.22803706273170585 -0.69130325028155071 -0.25054186014829899 0.21201356905129951 0.61192324354530736 0.07975270171703748 0.58181280852575556 0.78715491240962898 -0.12586864243957671 0.97132159188172451 0.26712139254192385 0.3525100372422732 -0.19879696749129297
decision_type=2 2 2 2 2 2 2 2 2 2 2 2 2 2 2 2 2 2 2 2 2 2 2 2 2 2 2 2 2 2
left_child=1 3 -2 5 6 -1 7 -3 -7 10 11 12 -10 -13 18 -6 17 -14 -5 20 -20 22 25 -23 26 -22 -25 28 -21 -29
right_child=2 4 -4 14 15 8 -8 -9 9 -11 -12 13 16 -15 -16 -17 -18 -19 19 27 21 23 -24 24 -26 -27 -28 29 -30 -31
leaf_value=-0.00057258378432856845 0.0095625827256675695 0.033261263736459365 0.026465586451538788 -0.0029563574145442329 0.0057374037160986069 0.0052454639931974224 -0.013917207583291957 0.010084114962461185 -0.0016197426707782192 -0.0015752900049859156 -0.00040887952911828219 0.024582528532088772 0.03445067386266961 0.0064616735429818238 0.00086812469965416833 0.0012666642257696927 0.0029263393379088238 0.0038629691630161578 7.1119630079301242e-05 -0.0011451244064632504 0.005751420362755378 -0.00050545273395257351 0.0021427196530927105 0.0055650390785498167 0.0028497339212382408 0.040395533875646761 0.038664619129924561 -0.0011716502341054492 -0.006871968474142235 0.0020179850974234312
leaf_weight=18427.968870699406 1538.1793463528156 179.22499907016754 437.65696641802788 10765.468544661999 4713.9123675227165 4719.0747366249561 73.532624125480652 373.28497165441513 3342.7132907509804 6662.1050477176905 7854.7669333964586 230.15664646029472 170.42539373040199 1558.3970594704151 27053.720047816634 7673.3922263979912 13877.187174871564 387.9746852517128 4147.8999416232109 41955.123294917867 70.05874639749527 1083.0513753890991 131.64141300320625 81.017287254333496 430.53839924931526 203.0305469930172 167.61677572131157 13186.012115225196 2803.665922254324 11939.890424981713
leaf_count=18639 1244 60 206 11402 4173 4224 94 298 3451 6872 7919 117 53 1357 26584 7479 13065 358 4142 42916 62 1094 126 72 406 39 38 13495 3189 11458
internal_value=0.000431352 0.000293291 0.0133067 5.00745e-05 0.0034939 0.00102722 0.0139002 0.0176024 0.00178699 0.00130814 0.00200867 0.00297916 0.00239421 0.00879352 -0.000440395 0.00296798 0.00332369 0.0131984 -0.000847459 -0.000549514 0.00265924 0.00761332 0.0219567 0.00431908 0.0120126 0.0315079 0.0278791 -0.00083946 -0.00150385 0.000344072
internal_weight=186239 184263 1975.84 171250 13013.3 57230.8 626.043 552.51 38802.8 34083.7 27421.6 19566.9 17778.3 1788.55 114019 12387.3 14435.6 558.4 86965 76199.5 6314.85 2166.95 404.731 1762.22 679.172 273.089 248.634 69884.7 44758.8 25125.9
internal_count=184632 183182 1450 171078 12104 56055 452 358 37416 33192 26320 18401 16927 1474 115023 11652 13476 411 88439 77037 5979 1837 227 1610 516 101 110 71058 46105 24953
is_linear=0
shrinkage=0.05


Tree=94
num_leaves=31
num_cat=0
split_feature=20 6 3 11 12 9 5 9 29 26 21 29 5 3 1 5 29 22 32 25 32 8 1 8 2 1 32 22 26 10
split_gain=121.798 52.1896 44.6833 36.6372 27.8164 25.7348 25.0723 30.1018 31.8447 28.346 25.833 24.4421 23.3789 22.6073 21.5377 20.7481 23.6165 29.4689 30.1748 21.8638 18.7861 19.3456 17.9023 53.1499 22.8939 17.9012 17.6679 18.8164 19.1613 23.6275
threshold=2.2310911147635006 1.9022440695334921 -1.9206978636775098 2.3541822794167842 -1.3551729712676757 -1.622272242245699 -1.0665970890843621 -0.83502489441752281 -2.0636278377884669 -0.4697361511652714 -0.29476797936621796 -4.3271377947710503 1.0731953774504845 0.49720297410372044 0.32565175931496759 1.0731953774504845 -0.32193948248035797 -0.60126175482447941 1.0794773189289015 -1.4265342431249695 -2.5688145039938228 0.42436226596575982 1.4846509032658053 -0.047989361714227276 0.71740929186426095 0.86858787352921263 1.0794773189289015 -0.89284838510489895 1.4451303155978639 -0.19103493545320013
decision_type=2 2 2 2 2 2 2 2 2 2 2 2 2 2 2 2 2 2 2 2 2 2 2 2 2 2 2 2 2 2
left_child=2 20 -1 4 -4 13 25 15 12 10 -10 -3 22 -6 -15 16 17 18 -8 -19 21 -2 24 -24 -9 -7 27 -11 -29 -30
right_child=1 11 3 -5 5 6 7 8 9 26 -12 -13 -14 14 -16 -17 -18 19 -20 -21 -22 -23 23 -25 -26 -27 -28 28 29 -31
leaf_value=0.0047979515932110549 0.017863464414015821 0.036498575129772844 0.0027303904946273617 0.005876766548472398 0.0017317632412738549 -0.0012080993446432946 0.0054593458915744818 0.018317238606435405 -0.003720647934404334 0.0024144547400167544 0.00033200196069545999 0.015515624810845775 -0.0057363396603635044 0.029695984348312228 0.0072950587568917924 -0.0036594479636165769 -0.0016245991570737813 0.040699270592797099 0.033558000347062945 -0.00060793172751124431 0.0039259785614428619 0.0035540199455187729 -0.0048062004819451887 0.038629148282735545 0.0026839242097984242 -0.0056694758513677924 -0.0024389605872285462 0.00024827884022178944 0.017475847786854494 0.0027442782388281159
leaf_weight=5160.1643741726875 580.33635574579239 181.46232908964157 8781.5406972467899 2682.2603604793549 4603.4414122104645 27882.308035649359 1994.8068032860756 321.94163423776627 7535.2776950635016 15935.51141987741 8223.6050577163696 590.12233471870422 295.13958238065243 123.12835294008255 834.79801288247108 7321.1711084991693 16638.385849706829 32.255535006523132 100.35275441408157 4669.2285554260015 2632.7200508117676 398.31218999624252 119.51202517747879 171.49111250042915 859.11604684591293 2445.6849633008242 4217.2842018306255 56808.08490806818 293.62794667482376 3726.5328598171473
leaf_count=4665 373 49 8302 2367 4444 28556 1777 204 8096 15166 8169 407 329 50 713 7857 17179 6 33 4726 2426 370 131 39 813 2723 4423 56526 191 3522
internal_value=0.000410294 0.0086466 0.000211702 7.77071e-05 -1.17209e-05 -0.000157525 -0.000274038 2.95231e-05 0.000455868 0.000334363 -0.00160582 0.0204504 0.0071073 0.00318598 0.0101744 -0.00133599 -0.000610135 0.0018733 0.0068052 -0.000324535 0.00612467 0.0120395 0.00968237 0.0207907 0.00694537 -0.00156787 0.000711921 0.000885025 0.000484352 0.00382026
internal_weight=186160 4382.95 181777 176616 173934 165153 159591 129263 98507.1 96739.9 15758.9 771.585 1767.2 5561.37 957.926 30756.2 23435 6796.64 2095.16 4701.48 3611.37 978.649 1472.06 291.003 1181.06 30328 80981 76763.8 60828.2 4020.16
internal_count=184632 3625 181007 176342 173975 165673 160466 129187 97609 96093 16265 456 1516 5207 763 31578 23721 6542 1810 4732 3169 743 1187 170 1017 31279 79828 75405 60239 3713
is_linear=0
shrinkage=0.05


Tree=95
num_leaves=31
num_cat=0
split_feature=18 24 27 3 3 19 20 29 13 9 20 13 32 20 9 26 9 28 28 8 22 26 20 28 7 8 15 2 1 32
split_gain=113.786 50.9318 37.5626 35.8566 27.0304 21.8817 19.4321 19.4117 20.9816 21.1689 34.871 27.2325 17.946 18.4722 18.081 19.0487 17.9292 19.9888 18.1548 17.0641 17.0509 25.0192 22.2627 51.8324 20.7564 16.7829 16.5723 17.0201 15.8274 15.7676
threshold=2.5051785714429489 1.9046256214024124 -0.25085200952391845 3.5347725708111133 -1.9206978636775098 2.5791992265670127 -1.1071965579980656 -0.8425215567435419 -0.48327213320492024 0.84443611428258647 0.07975270171703748 1.3376257673268102 -0.12725507314779944 -0.19067491056637112 1.1068518968919785 -0.062870961442973203 -0.20522701615498187 3.1315240060345997 -1.7669317065419203 -1.6749783015008493 -0.62280954856785331 0.87182247597587692 0.17136777592180755 2.1393360586422738 0.25567328035636405 0.47684578015242507 1.0852314910996308 0.40463940530575215 0.10985245542401408 0.12220133420753113
decision_type=2 2 2 2 2 2 2 2 2 2 2 2 2 2 2 2 2 2 2 2 2 2 2 2 2 2 2 2 2 2
left_child=1 2 4 -2 -1 -3 -6 -4 16 10 11 -10 13 -8 -14 -16 17 28 -18 -11 21 22 23 -12 -25 -5 27 -13 -9 -22
right_child=3 5 7 25 6 -7 12 8 9 19 20 26 14 -15 15 -17 18 -19 -20 -21 29 -23 -24 24 -26 -27 -28 -29 -30 -31
leaf_value=0.0056256632725184032 0.0088780624034573465 0.0032355664547820602 0.0012627309129066152 0.030899252651335276 -0.0017852335331050872 0.010628252021471952 -0.00055732392081834484 0.00026346499252883964 -0.0041179427206433881 -0.0062030565626638723 -0.0012143718559108601 -0.12125139918224632 -9.3169716179505635e-05 0.0031771764527456499 0.0012583922982122703 0.0073136811700666776 0.024945872089849525 0.027929105097054027 0.0013339633556633335 0.0004276364106683406 -0.0002351495857921225 0.012723725423538139 -0.00081623987227911826 0.0067967405180158888 0.039098709588081537 0.0071632294466246992 -0.0089249820377880727 -0.038093848810478975 -0.0021219749739684888 -0.0031065937145196842
leaf_weight=3118.9198586642742 1512.5746434181929 4494.8689455389977 14791.555075213313 321.97693374752998 6260.4719109386206 1287.725399851799 4224.9071653038263 17509.261556610465 11739.174998678267 1028.4138188958168 421.75661197304726 9.6349578052759188 27895.020578689873 15311.977050125599 5274.7541936933994 1723.0345014035702 81.822844356298447 61.166527450084686 16068.701167048886 17170.857680633664 9613.7864436507225 456.05415922403336 4300.7904663532972 74.068484663963318 151.35823348164558 96.879386007785797 21.213413447141647 17.027295351028442 11534.482344850898 9510.1185140907764
leaf_count=2768 1244 4204 14418 123 6484 1014 4272 17417 12706 1156 432 33 27947 14339 5142 1471 41 27 15640 17024 9659 340 4371 64 33 83 25 30 12024 10101
internal_value=0.000390241 0.000263619 0.000113901 0.0124631 0.00108612 0.00488184 0.000852828 -0.000427612 -0.000678217 -0.00133887 -0.00203637 -0.00427142 0.00115626 0.00236958 0.000476902 0.00274936 0.000117593 -0.00062376 0.00145359 5.29458e-05 -0.000962305 0.00151765 0.000484782 0.00913059 0.0284852 0.0254092 -0.0419047 -0.0681446 -0.000683893 -0.00166309
internal_weight=186084 184153 178370 1931.43 63809.1 5782.59 60690.2 114561 99769.7 54514.3 36315 11787.1 54429.7 19536.9 34892.8 6997.79 45255.4 29104.9 16150.5 18199.3 24527.9 5404.03 4947.97 647.183 225.427 418.856 47.8757 26.6623 29043.7 19123.9
internal_count=184632 183182 177964 1450 62423 5218 59655 115541 101123 55974 37794 12794 53171 18611 34560 6613 45149 29468 15681 18180 25000 5240 4900 529 97 206 88 63 29441 19760
is_linear=0
shrinkage=0.05


Tree=96
num_leaves=31
num_cat=0
split_feature=17 27 20 3 8 29 21 15 12 11 14 5 29 5 17 3 9 32 6 22 20 1 20 21 2 9 29 22 1 21
split_gain=105.457 40.8795 34.1974 31.7856 20.7379 20.2613 17.0096 16.9845 16.3221 18.4995 16.5818 16.1099 16.5843 16.948 22.2076 19.873 18.8864 18.4132 28.9307 34.9199 23.0171 19.7565 17.8238 16.9524 16.3116 15.6798 18.3517 24.1188 15.5914 14.7122
threshold=2.4830770001122522 -0.39629671201679079 1.0261378816306015 3.5347725708111133 0.52932929433909037 -0.79573187080582286 2.3393023904778327 -1.2354006959804107 -1.2297902963130993 0.87392494793924069 -0.53581707877260432 1.0000000180025095e-35 0.96110753714028807 1.0731953774504845 -1.17661826282128 0.25682534064032086 -1.622272242245699 0.57571657848509805 -1.2046915832940439 -0.89284838510489895 -0.019969029879432169 -0.40488248126279208 -0.61710781718382357 -0.78600754557944397 0.062399850876570379 -0.10026070311122508 -0.32193948248035797 -0.41275285752247626 -0.047948464725588814 -2.1458731770471009
decision_type=2 2 2 2 2 2 2 2 2 2 2 2 2 2 2 2 2 2 2 2 2 2 2 2 2 2 2 2 2 2
left_child=1 2 8 -2 -5 7 -4 -3 -1 -10 -11 29 13 15 -15 17 -16 18 19 20 21 22 -13 -23 -24 26 27 -17 -25 -7
right_child=3 5 6 4 -6 11 -8 -9 9 10 -12 12 -14 14 16 25 -18 -19 -20 -21 -22 23 24 28 -26 -27 -28 -29 -30 -31
leaf_value=0.0035966087576369161 0.0076456548136630753 0.010446453557757595 0.0030062322878463351 0.02794326050557111 0.0040450929576598318 -0.011344050782086864 0.008552915213671625 0.0010150103619426599 -0.0001350343126016182 0.0065062262368787193 0.0012533571696824808 0.009099513719498754 0.0019354360014853429 0.0020890877961514897 0.0078472996135168505 0.009549762290781437 -0.0027841015393774383 -0.00084018516462340878 0.0012902289911643045 -0.004368727544601313 -0.0038877059291279239 0.0025144925857761933 0.039824544116798533 0.0036393633645320465 0.012859816757906962 0.00025519325728045852 -0.0048731001538341485 -0.0046456304866717693 0.024199088103523409 -0.0011761316048876274
leaf_weight=4451.18329885602 2246.5227543413639 490.47435131669044 9885.3533648401499 355.90029090642929 121.85858687758446 358.63298484683037 1606.8681425750256 17840.158923596144 32074.377169512212 1985.3416370749474 6175.8099135458469 139.36264619231224 9264.6216512620449 3282.1332908421755 430.57739707827568 571.07204651832581 14012.742060467601 8444.1077157258987 14724.971711844206 438.67129252851009 200.41677048802376 394.85731682181358 176.8962496817112 141.2836509346962 82.121297150850296 6498.1657638158649 4350.9479016400874 628.59554706513882 265.49449333548546 44373.224958479404
leaf_count=4131 1903 388 9291 157 112 440 1332 17478 32161 1727 6021 114 8906 3145 363 462 14793 8586 14345 477 216 375 36 131 61 6465 4775 687 137 45417
internal_value=0.000371143 0.000226 0.0013492 0.0101363 0.0218477 -0.000270424 0.00378178 0.00126737 0.000723607 0.000405772 0.00253121 -0.000529562 -2.1048e-05 -0.000351922 -0.00162351 0.000256314 -0.00246716 0.00106002 0.00202871 0.00794147 0.0117975 0.0144171 0.0235178 0.00989449 0.0312754 -0.00141184 -0.00336345 0.00211173 0.0170582 -0.00125765
internal_weight=186013 183288 56178.9 2724.28 477.759 127110 11492.2 18330.6 44686.7 40235.5 8161.15 108779 64047 54782.4 17725.5 37057 14443.3 25008.2 16564.1 1839.1 1400.43 1200.02 398.38 801.635 259.018 12048.8 5550.62 1199.67 406.778 44731.9
internal_count=184632 182460 54663 2172 269 127797 10623 17866 44040 39909 7748 109931 64074 55168 18301 36867 15156 24478 15892 1547 1070 854 211 643 97 12389 5924 1149 268 45857
is_linear=0
shrinkage=0.05


Tree=97
num_leaves=31
num_cat=0
split_feature=18 24 1 3 9 5 32 9 14 28 5 29 8 9 4 26 25 20 8 22 28 20 28 21 24 6 20 17 8 8
split_gain=97.3373 43.6663 33.7931 32.1975 25.8416 24.7439 26.6833 22.4346 25.6156 28.5022 21.4642 59.9487 66.909 32.8006 34.2505 30.2066 28.2018 43.3769 26.6639 36.856 25.3271 24.0212 22.401 49.0768 21.8837 39.1361 25.787 22.0475 29.9229 35.545
threshold=2.5051785714429489 1.9046256214024124 -2.7334044263942037 3.5347725708111133 -1.6747553987675772 1.0000000180025095e-35 0.3237787164137132 0.89691927080446487 -0.70219667580344802 2.8199283323520068 0.35993122193886878 -3.012356386587963 1.0000000180025095e-35 -0.46764279876437392 1.5912716763988524 -0.19095242860880854 -1.6190724903578471 -0.60625065531118949 1.3690655213257341 -1.6415379190547663 1.2069527662367496 0.50999066121931425 2.2537844959010331 0.5209213086733232 -1.2913877444837307 -0.52435450942611284 -0.99717195504908018 0.12102399017803307 1.1591314645790731 0.056977666659103185
decision_type=2 2 2 2 2 2 2 2 2 2 2 2 2 2 2 2 2 2 2 2 2 2 2 2 2 2 2 2 2 2
left_child=1 2 -1 -2 -4 -6 10 8 9 -8 11 12 -7 14 18 -13 17 -15 22 -20 24 -18 -12 -24 25 -17 -26 28 29 -28
right_child=3 -3 4 -5 5 6 7 -9 -10 -11 13 15 -14 16 -16 20 21 -19 19 -21 -22 -23 23 -25 26 -27 27 -29 -30 -31
leaf_value=0.0063105195272966045 0.0082614808222221479 0.0045303148614096378 0.0046387372577656859 0.02424034004774786 -0.000796058781916955 -0.01234369724047288 0.00041115808584794145 0.0016031118021915007 -0.0020421364333042947 0.025337511644953792 -0.0032771528022612581 -0.0003043537774899949 0.038418340452919912 -0.015922111024852595 -0.016404753125511554 -0.011898787294979465 0.00028359713014256812 0.046895727396072069 0.028435582746255225 0.0014958439234420769 -0.0092703923556288325 0.0035892201176293661 -0.003717881727600915 0.036473796920363143 -0.0058002445840696151 0.038182608768563914 0.0025583854822200649 0.0021705089660322948 -0.0011769366127917481 0.012119179382629582
leaf_weight=2162.99207213521 1490.230157725513 5737.8888642638922 2980.5166740715504 399.84999766945839 68455.114106245339 90.626643002033234 15119.328687245026 10658.743139848113 23046.709493249655 115.56011527776718 7860.7804257571697 7420.8288608491421 228.81004023551941 41.715897150337696 382.50273873656988 58.159459441900253 16482.487729899585 80.5341796875 132.16216063499451 3224.4659570902586 358.52639400959015 8244.8517593592405 225.25087821483612 114.59239798784256 637.99003607034683 118.46946030855179 1523.978488355875 4918.5135540664196 947.69251969456673 2684.7359298467636
leaf_count=1890 1244 5218 2704 206 69545 113 14995 10317 23988 57 8376 7466 53 55 508 72 16389 5 57 3128 425 7653 242 31 712 28 1446 4705 970 2034
internal_value=0.000352957 0.00023703 9.88802e-05 0.0116418 2.26075e-05 -5.68417e-05 0.000426391 -0.00042568 -0.000990556 0.00060023 0.00117401 0.00253927 0.0240168 0.000469353 -0.00168448 0.00217178 0.00150423 0.0254601 -0.00119729 0.00255656 0.00380539 0.00138579 -0.00273379 0.00983443 0.0042359 0.0216921 0.00394809 0.0045654 0.0068498 0.00865721
internal_weight=185945 184055 178317 1890.08 176154 173173 104718 48940.3 38281.6 15234.9 55777.7 18988.3 319.437 36789.3 11939.8 18668.9 24849.6 122.25 11557.3 3356.63 11248.1 24727.3 8200.62 339.843 10889.5 176.629 10712.9 10074.9 5156.41 4208.71
internal_count=184632 183182 177964 1450 176074 173370 103825 49357 39040 15052 54468 18024 166 36444 12342 17858 24102 60 11834 3185 10392 24042 8649 273 9967 100 9867 9155 4450 3480
is_linear=0
shrinkage=0.05


Tree=98
num_leaves=31
num_cat=0
split_feature=20 6 12 11 3 29 9 2 25 5 9 5 21 20 28 24 13 6 26 10 9 9 14 22 29 28 28 6 10 28
split_gain=91.9783 45.0635 35.3696 29.5377 24.8692 22.4504 20.286 25.1721 17.4781 17.9835 19.4323 17.8987 17.7414 17.4232 20.1789 23.5501 21.8346 20.9435 20.712 24.1595 19.6459 18.5846 20.4175 33.9099 25.5337 22.2276 21.1767 27.6886 26.8018 28.3975
threshold=2.2310911147635006 1.9022440695334921 -1.6590808789286708 1.7737165126951731 -0.22336278856030728 -4.3271377947710503 -1.622272242245699 0.44712723997616272 0.03717925183324837 1.0731953774504845 -0.62509226833000908 -1.0665970890843621 -1.0248047760311565 -1.6408974725870589 -0.7726188356664504 0.34317728814125653 0.42151055826502409 -1.4153730275402485 0.27219133619222918 -1.7642549255877944 0.73946980123882966 0.94940242732634328 -0.70219667580344802 -0.28033503810690125 -0.39127087661665488 3.1315240060345997 -0.30175680087857054 -0.33837858362688361 -0.96932456933790012 -0.5470566506252762
decision_type=2 2 2 2 2 2 2 2 2 2 2 2 2 2 2 2 2 2 2 2 2 2 2 2 2 2 2 2 2 2
left_child=2 -2 -1 4 8 -3 7 -6 -4 11 -11 -10 -13 -8 18 16 21 -17 20 -20 -15 22 23 25 -24 -16 27 28 29 -25
right_child=1 5 3 -5 6 -7 13 -9 9 10 -12 12 -14 14 15 17 -18 -19 19 -21 -22 -23 24 26 -26 -27 -28 -29 -30 -31
leaf_value=0.0036773187835142788 0.0052510435274906696 0.035126473406417932 2.1050747496927024e-05 0.0037255848826409236 0.0013731657510107997 0.014160347969648596 -0.0036474998211754196 0.012821488933180967 -0.00056398299591372918 -0.0064075165125073779 0.00098170483276831385 -0.0056953909727254183 0.0035332822600109611 -0.0066060758900308453 -0.00050931143825696536 0.014214140511849261 -0.0027661243638168139 0.0014815818834545279 0.027906054152845829 -0.0010268705772892206 -0.00095064251607244609 0.0023718995511573431 0.0012028374360256971 0.0050297483708798864 -0.0026066813149444997 0.029628136217666409 0.0015051090362006724 3.5433285456841993e-05 0.0025072061545816189 0.023755137574509505
leaf_weight=6896.1897597461939 3540.8646928369999 164.72219628095627 33274.008854046464 5235.0742702931166 3246.1500403881073 567.80685256421566 4627.4290658086538 563.49755251407623 3933.6299903988838 1235.6509246230125 3178.4051114618778 539.54195167124271 14972.006502360106 3633.8855275213718 21138.676602616906 331.13638038933277 9169.7088977470994 13089.874424114823 72.418027967214584 19573.020823091269 2659.4365296363831 6536.0574278831482 6020.8418807163835 310.20506815612316 16324.922585107386 61.359137505292892 3211.6785276085138 718.50918264687061 470.59770873188972 582.97123669087887
leaf_count=6389 3169 49 33260 4845 3157 407 4965 419 3978 1394 3116 601 13914 4114 21354 237 9677 12702 32 19975 2710 6226 5876 279 17176 25 3115 718 447 306
internal_value=0.000335775 0.0075864 0.00016516 2.65279e-05 -8.77353e-05 0.018875 -0.000519672 0.00306653 0.000761591 0.00179435 -0.0010868 0.00244837 0.00321228 -0.000645552 -0.00051186 -0.000109958 -0.00050621 0.00179573 -0.0017199 -0.000920217 -0.0042162 -0.00013199 -0.000467076 0.0004718 -0.00158024 -0.000422085 0.00405142 0.00797882 0.0121638 0.0172517
internal_weight=185880 4273.39 181607 174711 169476 732.529 112342 3809.65 57133.2 23859.2 4414.06 19445.2 15511.5 108533 103905 77966.5 64545.5 13421 25938.8 19645.4 6293.32 55375.8 48839.8 26494 22345.8 21200 5293.96 2082.28 1363.77 893.176
internal_count=184632 3625 181007 174618 169773 456 113510 3576 56263 23003 4510 18493 14515 109934 104969 78138 65199 12939 26831 20007 6824 55522 49296 26244 23052 21379 4865 1750 1032 585
is_linear=0
shrinkage=0.05


Tree=99
num_leaves=31
num_cat=0
split_feature=10 27 1 11 29 2 8 8 3 1 21 8 13 24 8 8 29 8 1 15 13 4 5 19 25 32 11 19 24 32
split_gain=85.1373 37.4364 25.7513 21.8963 21.4006 21.1038 24.802 20.2653 19.3077 17.9086 17.5289 15.6072 15.352 15.2713 22.1783 24.4667 21.5805 43.2496 38.2169 20.259 18.9594 18.0213 16.514 23.4567 14.9022 13.9496 13.723 13.6972 17.236 15.6107
threshold=2.6696209297177393 -0.96417689417585362 3.4076219123276772 -2.2355265538319347 -4.3271377947710503 0.86053277226735225 -1.5175277589408536 1.6839666064457255 -0.15554822681840857 1.2051627043312976 -1.2915137304442352 -0.94020910288753601 2.0089097994505885 -0.28285223142008603 0.52932929433909037 1.0541644362057427 -2.7037185081695623 -0.047989361714227276 1.2797768867823514 -0.49477514859117772 0.42151055826502409 1.5912716763988524 0.35993122193886878 0.18274785645922745 0.01249914863349252 1.5446652490105028 0.83346634217492344 2.5791992265670127 2.1628766228611362 -0.65998146649805201
decision_type=2 2 2 2 2 2 2 2 2 2 2 2 2 2 2 2 2 2 2 2 2 2 2 2 2 2 2 2 2 2
left_child=1 3 12 -1 9 6 10 13 -8 -5 -3 -4 -2 20 16 21 17 -15 -19 24 -7 -16 -23 -24 -18 27 -6 29 -29 -10
right_child=2 5 11 4 26 7 8 -9 25 -11 -12 -13 -14 14 15 -17 19 18 -20 -21 -22 22 23 -25 -26 -27 -28 28 -30 -31
leaf_value=0.0066193895694038885 -0.028702232257669776 -0.014189455349123135 0.031611978740744062 -0.0021366626086907173 0.00061720869000310473 0.0015246394468586858 0.00060496870513840383 0.013256519447844034 -0.0024483138255374675 0.03469326205520315 -0.0032132494469205158 0.011141730621063148 0.0087079134137775811 0.0020700736570976241 -0.0031042140105533508 0.001904987207402945 0.0022663105434220366 0.0063996647145309546 0.035221158772499317 0.0019252174607275602 -0.003005375522290769 -0.0080173264480057418 -0.078210443227509974 -0.020821041873018059 0.032788632604818534 -0.009856806655434874 0.0031395166922108032 -0.0017558409012368539 0.021910981996431194 -0.00041499911476960852
leaf_weight=2253.3108448088169 27.953463688492775 412.06144888699055 212.09459814429283 52.745992302894592 17986.022587731481 4887.0188339650631 43835.380668818951 342.91797703504562 10914.554891869426 88.196453452110291 3101.6711395531893 165.98783493041992 1447.0084917843342 818.90382382273674 1020.6346327364445 1959.6626466959715 70.181040957570076 223.62213340401649 236.82505676150322 12598.080906882882 4379.744464084506 268.02338103950024 20.669143028557301 128.49288496375084 92.961818218231201 413.48680992424488 7701.5850989967585 156.50407543778419 151.30468395352364 69851.23599505052
leaf_count=1955 44 529 78 55 17764 4738 43305 252 11449 27 3301 129 1195 785 1084 1885 67 195 70 12113 4643 311 53 182 32 495 7218 162 85 70431
internal_value=0.000319355 0.000211941 0.0109831 0.00189243 0.00148005 -9.07924e-05 -0.000357353 0.00117891 -0.000241191 0.0209101 -0.00450045 0.022625 0.00799892 0.00102382 0.00189544 -0.00172948 0.00277259 0.00896357 0.0212236 0.00215192 -0.000616379 -0.00668303 -0.0154385 -0.0287734 0.0196585 -0.000696376 0.00137344 -0.000649657 0.00987768 -0.000689778
internal_weight=185819 183966 1853.04 28081.9 25828.6 155884 128836 27047.7 125322 140.942 3513.73 378.082 1474.96 26704.8 17438.1 3397.48 14040.6 1279.35 460.447 12761.2 9266.76 1437.82 417.185 149.162 163.143 81487.1 25687.6 81073.6 307.809 80765.8
internal_count=184632 183186 1446 27019 25064 156167 129757 26410 125927 82 3830 207 1239 26158 16777 3515 13262 1050 265 12212 9381 1630 546 235 99 82622 24982 82127 247 81880
is_linear=0
shrinkage=0.05


Tree=100
num_leaves=31
num_cat=0
split_feature=10 11 11 9 5 5 29 1 9 4 2 2 4 3 1 29 4 19 32 8 21 23 18 2 29 29 30 24 21 1
split_gain=78.7639 39.4187 33.016 26.0668 23.1955 31.5845 38.0912 42.8815 34.4756 30.3393 28.1395 27.5302 113.416 23.9878 20.3514 21.966 29.1392 26.7214 28.0545 22.6966 20.9177 20.4212 19.0948 18.9695 18.7036 18.166 17.9897 17.2395 17.0984 16.448
threshold=2.9742935776777331 -2.2355265538319347 1.6832853786057742 -1.6747553987675772 1.0000000180025095e-35 1.0731953774504845 -3.012356386587963 1.1347424148085581 1.1068518968919785 1.6647746321311343 1.4524172800144968 -0.16352356059407575 -0.10082503325137634 -0.98020096376668875 0.58381117426596651 -1.1590890110177476 0.70353755563017595 0.32405767839464805 -0.20311854313791458 1.0016809220190774 0.46800406576237369 0.37324615194203231 2.7669016548541308 0.52756871098831459 0.92147709659478505 -4.3271377947710503 2.0323130246474004 -0.37033378237016962 -0.087460493654210561 0.28250222664276681
decision_type=2 2 2 2 2 2 2 2 2 2 2 2 2 2 2 2 2 2 2 2 2 2 2 2 2 2 2 2 2 2
left_child=1 -1 3 23 14 6 7 -6 9 -7 -11 12 -10 24 15 16 17 18 21 29 -19 27 -2 -3 -8 -4 -15 -5 -21 -20
right_child=22 2 25 4 5 8 13 -9 11 10 -12 -13 -14 26 -16 -17 -18 20 19 28 -22 -23 -24 -25 -26 -27 -28 -29 -30 -31
leaf_value=0.0052338771786755193 0.0062097009704550031 0.0026455927813848691 0.019393474357425607 0.023602760195751412 0.0019663832850920059 -0.0014001844376087802 0.0028075858040656205 0.02874470908147014 -0.0017115981673554615 -0.061208499087616233 -0.010722101302253774 0.0013816845927101913 0.043154642957960052 0.00046106963398143472 -0.0027890910574011082 -0.00074008461791659171 -0.00060763349109578871 -0.0069657707976623299 -0.0036052727898778871 0.003948150328467675 0.00759581376304323 0.035979154523397693 0.020118982293724965 0.012658038309826253 0.011948460721380625 0.0031344864341060008 0.0086485377345692348 -0.01597722812563751 0.02595208131093369 0.015779034056965732
leaf_weight=3850.009543210268 428.17702528834343 2423.2169039696455 176.43296274542809 75.765496253967285 349.75505006313324 26822.860949933529 6812.5355679988861 261.111456990242 452.50970590114594 29.224385112524033 496.52431964874268 5113.2993374764919 204.51818704605103 61322.478663809597 10901.873636931181 51976.65749425441 2913.5920745581388 458.16987435519695 423.46580466628075 145.4881838709116 534.1453757584095 178.30593699216843 582.30948114395142 587.81057474017143 609.69938042759895 6536.7895635515451 678.33151146769524 43.196722313761711 224.55165642499924 147.57035300135612
leaf_count=3447 375 2295 108 40 336 27574 6430 111 468 65 603 4972 28 60757 11510 52746 2949 522 454 134 453 50 348 439 464 6127 561 57 108 101
internal_value=0.000303718 0.000227575 0.000121029 -1.15799e-05 -9.27027e-05 0.000379945 0.000981604 0.0134126 -0.000892334 -0.00163334 -0.0135284 0.00261967 0.0122543 0.000872221 -0.000809447 -0.00043162 0.00268505 0.00698581 0.0118846 0.00765485 0.000872467 0.0252748 0.0142252 0.00460022 0.00355846 0.0035618 0.000550646 0.00923075 0.0173008 0.00140413
internal_weight=185760 184750 180900 174187 171176 103153 70033.9 610.867 33118.9 27348.6 525.749 5770.33 657.028 69423 68022.8 57120.9 5144.25 2230.66 1238.34 941.076 992.315 297.268 1010.49 3011.03 7422.23 6713.22 62000.8 118.962 370.04 571.036
internal_count=184632 183909 180462 174227 171493 102369 68659 447 33710 28242 668 5468 496 68212 69124 57614 4868 1919 944 797 975 147 723 2734 6894 6235 61318 97 242 555
is_linear=0
shrinkage=0.05


Tree=101
num_leaves=31
num_cat=0
split_feature=20 6 1 11 12 29 11 1 1 2 32 23 23 8 28 23 12 24 15 4 14 9 24 8 32 2 8 8 19 5
split_gain=73.7353 39.093 30.8875 23.8388 24.0037 22.0752 21.8933 31.5038 18.2342 14.6761 18.6189 35.1709 17.1722 15.4643 15.5663 34.1151 14.0856 13.9563 19.0054 13.102 12.3774 13.653 12.0007 11.6152 11.5473 15.4495 13.4134 18.6243 16.1295 16.2678
threshold=2.2310911147635006 1.8059928541979369 -2.7334044263942037 2.3541822794167842 -0.55883537689057061 -4.3271377947710503 0.43267110812428705 0.31152728886265096 0.12123779654620548 -1.0620255638431784 -0.078338700257599272 -0.64182173205106108 -0.69368839306376107 1.6314830922590604 1.039768555519897 0.81918307865789719 0.021302770792105498 0.43054853128563919 -0.71910909818741708 0.65986539607286565 -0.54599216114446991 0.31960454906380226 2.0275217752175463 -0.99269261707420131 -2.1318435543125287 1.3527005669317975 0.42436226596575982 -0.15295639008755771 3.022297671503765 1.0000000180025095e-35
decision_type=2 2 2 2 2 2 2 2 2 2 2 2 2 2 2 2 2 2 2 2 2 2 2 2 2 2 2 2 2 2
left_child=2 24 23 4 8 -3 16 20 17 10 11 12 -9 14 -11 -16 -6 18 -4 -17 -8 -22 -7 -1 26 -26 27 -2 29 -29
right_child=1 5 3 -5 6 22 7 9 -10 13 -12 -13 -14 -15 15 19 -18 -19 -20 -21 21 -23 -24 -25 25 -27 -28 28 -30 -31
leaf_value=0.0022321268131622637 0.0044765675072060366 0.03252672452170282 0.0036839283697387838 0.0048005338466818454 -3.2509863671668827e-05 0.0041747540619759878 0.0046836998423141147 0.011712321952923684 -0.00059170307793072032 -0.0014173633572160714 0.00055066884578358003 0.0035628737361137089 0.044775477922197437 0.008109579836482592 0.0009908852429569028 0.0059523498285842195 -0.001204686930047241 0.0032421971891844121 -0.00035037269728006404 0.031766456976533873 -0.00090818509087366563 0.0031459803838409144 0.017940388397568081 0.0094584064156876691 0.0046072317701724673 -0.0053331320662396327 0.0023620078757678274 0.015600433627876867 -0.0017896868909884349 0.039925930661697806
leaf_weight=1069.7566489875317 317.41894698143005 171.69076335430145 4159.4632962793112 2618.3937544822693 46862.530120581388 265.13769268989563 4865.7988239973783 66.60106173157692 10438.470495559275 19018.867100885138 1198.1961865723133 395.15795865654945 95.702534317970276 489.37203194200993 2969.8557240813971 79.459403187036514 56562.205005772412 10869.843520432711 9791.3873077183962 128.88334393501282 3449.3470875918865 5218.3356253355742 393.01786169409752 1158.0699182152748 1697.4069442451 507.8331713527441 506.94831761717796 154.07170966267586 61.788363337516785 124.08093720674515
leaf_count=1022 289 60 3853 2367 46893 243 4410 51 10562 19558 1185 367 10 410 2911 70 57925 10165 9860 47 3512 4890 252 939 1541 562 483 106 64 25
internal_value=0.000288924 0.00683902 0.000137378 6.46679e-05 -5.52571e-06 0.0165601 -0.000296565 0.000730176 0.00116163 -0.000341429 0.0040628 0.0116117 0.0312081 -0.000682263 -0.000876094 0.00236295 -0.000673565 0.00189901 0.000852459 0.0219213 0.00266554 0.00153261 0.0123949 0.0059885 0.00444493 0.00231812 0.0084732 0.0131861 0.0213186 0.0264518
internal_weight=185705 4199.39 181506 179278 176659 829.846 141400 37975.6 35259.2 24442.1 1755.66 557.462 162.304 22686.4 22197.1 3178.2 103425 24820.7 13950.9 208.343 13533.5 8667.68 658.156 2227.83 3369.55 2205.24 1164.31 657.36 339.941 278.153
internal_count=184632 3625 181007 179046 176679 555 142239 37421 34440 24609 1613 428 61 22996 22586 3028 104818 23878 13713 117 12812 8402 495 1961 3070 2103 967 484 195 131
is_linear=0
shrinkage=0.05


Tree=102
num_leaves=31
num_cat=0
split_feature=2 24 11 8 9 23 32 13 1 5 19 13 29 20 22 32 4 8 5 32 21 32 21 32 14 32 10 21 29 35
split_gain=68.0152 37.101 34.2172 27.3072 25.7546 29.6526 28.7749 34.0143 21.2313 20.8521 20.1278 19.6054 18.923 18.875 20.3368 18.6121 18.5289 16.9494 16.5874 16.4893 15.1921 15.086 25.5026 23.3277 21.5362 20.7598 26.1341 18.2553 33.1412 17.8418
threshold=2.2071093333243881 1.9046256214024124 3.7690520744478802 -1.6749783015008493 1.1068518968919785 0.13284743859153156 0.48912312378082962 0.34192912756065325 -1.5719542655966972 0.35993122193886878 2.5791992265670127 1.8219717050734177 -0.77353294106965709 0.57364316930209414 0.63823056479916052 -0.72454832322156448 -1.5476705093111283 -1.4650442447541883 1.0731953774504845 -2.6844669624062258 2.4192380787172363 -0.92634654676399408 1.286324116991227 -0.14786835299547144 -0.47547442446211424 -2.1318435543125287 -1.7642549255877944 2.9117863374795019 -3.012356386587963 1.0000000180025095e-35
decision_type=2 2 2 2 2 2 2 2 2 2 2 2 2 2 2 2 2 2 2 2 2 2 2 2 2 2 2 2 2 2
left_child=1 3 -2 -1 6 15 8 13 9 -5 -3 21 20 14 16 -6 -8 -17 -11 -4 -12 22 25 -23 -25 26 -10 28 -24 -28
right_child=2 10 19 4 5 -7 7 -9 11 18 12 -13 -14 -15 -16 17 -18 -19 -20 -21 -22 23 27 24 -26 -27 29 -29 -30 -31
leaf_value=-0.0053932009685483707 0.0055699289415791012 0.0025217292974440454 0.028854366469041239 0.00053036335047129527 -0.0061688320214787025 0.0032347382231343795 -0.0041971466834135971 -0.0044333119040471615 0.026854220669469749 0.011400799885422259 -0.009668332878453454 -0.0072295922375472839 0.018162383571928228 0.00190842784495513 -0.0043272047987217488 -0.001807271427315908 -0.00027589231727064722 0.0016734252571441112 0.0012065077462334191 0.0057131539326308383 0.0083035660578981239 0.0020600402956336221 0.030365040400876109 0.0011954786560947933 -0.00085718306635757977 -0.0034226995537383221 -0.00018419463579002636 -0.0095855587750753243 0.0037396045319848452 0.031289688112809293
leaf_weight=2303.5318039655685 2988.9666356891394 4588.414796218276 253.00731799006462 2026.4955820739269 1125.1791740506887 12869.595444366336 3327.6659575626254 6762.4031504243612 92.889505743980408 1177.4855410754681 141.61615744233131 882.41062200069427 430.30859369039536 6295.2818210422993 4203.23484146595 5299.449138045311 31816.441767588258 10286.265944331884 603.56409555673599 110.64233335852623 693.10483610630035 19243.862649738789 124.77744176983833 22376.000618988648 29791.268588863313 8633.9702764302492 5088.2554099857807 225.72583463788033 1844.9907137751579 45.429494142532349
leaf_count=2552 2656 4357 107 2005 1264 12037 3607 7362 43 909 169 1010 274 6055 4567 5491 31992 9942 589 98 578 18451 49 21841 30302 9225 5107 269 1707 17
internal_value=0.000274771 0.000144987 0.00733183 1.50684e-05 8.66082e-05 0.00143082 -0.000188447 -0.00112391 0.000343504 0.00399923 0.00406124 0.000185955 0.00964521 -0.000633592 -0.0010403 4.15725e-05 -0.000647181 0.00048992 0.00794615 0.0218135 0.00525451 0.000260767 -0.00112407 0.000572132 2.32609e-05 -0.00191715 0.000569918 0.00388282 0.00542623 9.4327e-05
internal_weight=185652 182300 3352.62 176446 174143 29580.5 144562 52405 92157.1 3807.55 5853.44 88349.6 1265.03 45642.6 39347.3 16710.9 35144.1 15585.7 1781.05 363.65 834.721 87467.2 16056 71411.1 52167.3 13860.5 5226.57 2195.49 1969.77 5133.68
internal_count=184632 181771 2861 176393 173841 28734 145107 53583 91524 3503 5378 88021 1021 46221 40166 16697 35599 15433 1498 205 747 87011 16417 70594 52143 14392 5167 2025 1756 5124
is_linear=0
shrinkage=0.05


Tree=103
num_leaves=31
num_cat=0
split_feature=10 27 20 4 18 24 23 22 26 9 4 22 26 21 19 9 27 19 8 12 11 14 24 11 19 19 17 12 22 28
split_gain=63.5536 33.2293 30.4566 18.5984 16.8622 16.1933 25.3678 18.6539 15.577 18.3706 22.3076 14.9151 22.4999 14.6042 14.5878 13.8385 13.7926 13.5874 13.4506 13.053 14.4745 16.7935 12.9255 12.8943 12.4024 12.2079 14.1879 12.5738 12.1042 18.1959
threshold=2.9742935776777331 -0.045436392166749696 1.0261378816306015 0.9382510865409871 2.7669016548541308 1.5860345742940554 1.7260881867468425 0.42433282311740911 -0.43556627656597247 0.47705401862943747 3.2296704523871269 0.48331155194346603 0.27219133619222918 -2.1458731770471009 0.99097814458395816 -0.57260911180813068 1.9887781558581978 2.5791992265670127 -1.6749783015008493 -1.2297902963130993 0.93915849362857062 -0.37538713456150763 2.1628766228611362 -0.15701663437842553 0.83020699330143499 -0.53907974688658389 0.22306409825592791 -0.45577574431505674 1.0846602545504536 -1.7669317065419203
decision_type=2 2 2 2 2 2 2 2 2 2 2 2 2 2 2 2 2 2 2 2 2 2 2 2 2 2 2 2 2 2
left_child=1 2 5 17 -2 18 7 14 16 10 11 13 -13 -10 24 -8 -3 -4 -1 23 -21 -22 -19 -20 -7 26 -14 -27 29 -11
right_child=4 8 3 -5 -6 6 15 -9 9 28 -12 12 25 -15 -16 -17 -18 22 19 20 21 -23 -24 -25 -26 27 -28 -29 -30 -31
leaf_value=-0.0047106904926518282 0.0054305485808072681 -0.0018400259880846583 0.0013253343393036031 0.0052110166707954562 0.018698556232621819 0.011426733133805338 -0.019501501549299929 0.0063669867881787218 -0.0077162868204460784 0.031389474655799103 0.038847013451035257 -0.0068120096818210865 0.0025838558894605381 -0.00016609676668456213 -4.0226192716210339e-06 0.00096701780796401397 -0.016037458612028776 0.0027305072406997879 0.0044020578208018154 -0.00014056921706476609 0.0053911135027455495 0.00056587083907258572 0.020616956778928032 -0.0014136958667003291 0.037794474751972486 0.0014223120025245548 0.024767064607287184 -0.0028001700374676503 -0.001963198721779994 0.0014957553342012343
leaf_weight=1315.0994697511196 420.69173800945282 12787.416429251432 10701.665701672435 5553.8210830241442 555.88490504026413 69.99666440486908 87.767887949943542 1025.5995810776949 647.99733506143093 51.046384036540985 35.864832997322083 2165.9152813255787 639.02286022901535 55175.709856420755 59.995173186063766 1395.9991198778152 173.38644223287702 229.53493689000607 3621.8739732354879 48860.633974246681 2663.1464991569519 5584.1987067013979 180.37614351511002 1293.4296779930592 122.8951615691185 2401.3081891983747 81.243024468421936 6633.5013606846333 2776.9653028845787 18290.151847824454
leaf_count=1439 375 13258 10418 4975 348 54 122 895 748 19 8 2461 606 55359 60 1369 229 217 3303 48998 2376 5521 106 1330 30 2333 41 7005 2886 17743
internal_value=0.000261349 0.000194058 0.000938207 0.00284841 0.0129829 0.000456604 0.00420406 0.00936602 -0.0004106 -0.00017451 -0.000575709 -0.00059658 -0.00220204 -0.000253739 0.0215288 -0.000243737 -0.00202996 0.00166753 0.000293173 0.000399272 0.000186471 0.00212399 0.0106012 0.00287168 0.0282261 -0.00117849 0.00508603 -0.0016779 0.00111317 0.00157895
internal_weight=185602 184626 82766 16665.4 976.577 66100.6 2762.25 1278.49 101860 88898.7 67780.6 67744.7 11921 55823.7 252.887 1483.77 12960.8 11111.6 63338.4 62023.3 57108 8247.35 409.911 4915.3 192.892 9755.08 720.266 9034.81 21118.2 18341.2
internal_count=184632 183909 81213 15716 723 65497 2530 1039 102696 89209 68561 68553 12446 56107 144 1491 13487 10741 62967 61528 56895 7897 323 4633 84 9985 647 9338 20648 17762
is_linear=0
shrinkage=0.05


Tree=104
num_leaves=31
num_cat=0
split_feature=2 24 6 8 11 11 19 29 5 9 13 9 20 30 29 13 15 18 24 2 19 2 2 8 32 32 20 24 21 14
split_gain=58.6303 31.8482 30.6867 23.0294 23.4078 19.8601 17.4694 17.7995 17.2896 16.7603 17.1766 24.0301 30.0021 24.8487 25.5111 24.3297 19.0518 18.5016 17.6981 17.1626 18.0107 16.3861 16.1597 16.1029 16.0781 25.1642 21.2443 20.6 31.067 20.0854
threshold=2.2071093333243881 1.9046256214024124 2.2743579501012396 -1.6749783015008493 -1.5760490471691901 1.3244213205590503 2.5791992265670127 1.4952529830325567 -1.0665970890843621 -1.6747553987675772 0.40951280664409978 0.84443611428258647 0.14018408690267334 -0.86225833852033251 0.48003993269119455 1.4452875107474226 1.2604906907629643 0.63673410930932361 0.40896907206596084 0.94764334450090049 1.1859959018988231 0.52756871098831459 0.40463940530575215 0.47684578015242507 -0.65998146649805201 -0.25054186014829899 -1.2402837149381807 -1.3724834536380393 -1.6117968699382705 -1.0824331223987722
decision_type=2 2 2 2 2 2 2 2 2 2 2 2 2 2 2 2 2 2 2 2 2 2 2 2 2 2 2 2 2 2
left_child=1 3 -2 -1 -5 9 -3 -8 -4 21 19 12 15 14 -14 17 22 -12 -13 24 -21 -6 -17 -9 26 27 -11 -26 -29 -30
right_child=2 6 8 4 5 -7 7 23 -10 10 11 18 13 -15 -16 16 -18 -19 -20 20 -22 -23 -24 -25 25 -27 -28 28 29 -31
leaf_value=-0.004937201361884371 0.0053384402887192341 0.0023385028457852341 0.035653519966085546 0.0030370859932186928 0.0019165896911056024 0.0022578623890010543 0.0062237369617323228 0.0090129678256251223 0.011277941688828098 -0.0075353169205643715 -0.011221670248784758 -0.0013119782281958729 0.0042088595572949564 -0.0019935476979279962 0.039285076321438871 -0.12705604406803292 -0.0023099740686894055 -0.0015539134411782698 0.0018767578919564891 0.0021272727379157523 0.016458221497513255 0.012028556617401636 -0.045082313398813641 0.035890844440693043 -0.011337796804309597 -7.6663718514390815e-05 -0.0010330260927509849 0.035160219140803389 0.011975194298586764 0.0023606540780527446
leaf_weight=2322.6519892066717 3020.4946001768112 4570.77542732656 132.43666562438011 6422.0887155234814 2312.6479431539774 8912.4622556120157 1022.2434908747673 117.1102109849453 161.40670803189278 1404.3548273742199 1208.7223316282034 9677.0776983350515 199.82031334936619 15886.586636096239 69.995834648609161 8.1894973143935221 18.160972416400909 837.95772311091423 7906.7823180407286 5660.843146070838 228.07377284765244 484.57468020915985 22.611986637115479 106.31394731998444 236.39584030210972 94477.140627916902 11905.035756960511 77.494405537843704 602.23844531178474 5541.6377987116575
leaf_count=2552 2698 4357 38 6032 2224 8510 895 96 125 1616 1480 9931 183 16520 15 29 19 864 7610 5420 153 368 43 30 290 94622 12151 23 458 5280
internal_value=0.000248533 0.000128673 0.00683904 8.65687e-06 7.46388e-05 -3.88228e-05 0.003769 0.00901796 0.0222641 -0.000167749 -0.000236547 -0.00119726 -0.00246809 -0.001738 0.0133083 -0.00809674 -0.0429283 -0.00726347 0.000121873 5.00339e-05 0.0026823 0.00366833 -0.0668775 0.0218025 -8.56508e-05 0.000129741 -0.00171912 0.00314944 0.00369991 0.0033031
internal_weight=185554 182240 3314.34 176424 174101 167679 5816.44 1245.67 293.843 158766 155969 35835.9 18252 16156.4 269.816 2095.64 48.9625 2046.68 17583.9 120133 5888.92 2797.22 30.8015 223.424 114244 100935 13309.4 6457.77 6221.37 6143.88
internal_count=184632 181771 2861 176393 173841 167809 5378 1021 163 159299 156707 36694 19153 16718 198 2435 91 2344 17541 120013 5573 2592 72 126 114440 100673 13767 6051 5761 5738
is_linear=0
shrinkage=0.05


Tree=105
num_leaves=31
num_cat=0
split_feature=18 27 20 11 20 32 26 3 9 10 26 9 4 13 20 8 28 24 22 23 26 20 6 20 20 4 25 25 14 32
split_gain=54.5134 27.1124 24.5684 23.4174 14.5875 20.6628 20.2285 16.6679 15.6936 24.5683 13.9682 16.6507 20.1619 14.6148 19.2546 14.8568 13.6689 29.587 20.588 18.7407 21.3582 20.2697 27.2769 25.6548 17.0684 16.5309 16.8806 15.5402 17.8482 13.6075
threshold=2.5051785714429489 -0.045436392166749696 1.4869329112117013 3.7690520744478802 -0.38533369067005668 -0.65998146649805201 -0.17116336688289707 -1.9206978636775098 1.1068518968919785 -0.8095104362900517 -0.43556627656597247 0.47705401862943747 3.2296704523871269 0.69933453027814418 -0.11675219102800719 1.6314830922590604 1.4294992029063465 0.50285257701841757 0.32862742653134847 0.096644305320924315 0.039487978581637467 0.18177593319946886 -0.5437335274626468 0.020271150308965528 -0.16318595792121374 0.69106074012131458 -0.049360923092407673 0.072449073645909176 -0.10685484328771012 0.0085670378619502763
decision_type=2 2 2 2 2 2 2 2 2 2 2 2 2 2 2 2 2 2 2 2 2 2 2 2 2 2 2 2 2 2
left_child=1 2 4 -2 5 -1 -7 -6 -8 -10 -3 12 13 16 -15 -16 -12 18 19 20 27 22 23 24 -22 26 -19 28 -18 -9
right_child=3 10 -4 -5 7 6 8 29 9 -11 11 -13 -14 14 15 -17 17 25 -20 -21 21 -23 -24 -25 -26 -27 -28 -29 -30 -31
leaf_value=-0.0044712597431785682 0.0059650889929079472 -0.0019287412818299729 0.0034667040221312926 0.019978162739657274 0.0053034436571828322 -0.00098394880703698445 0.00075199092488185959 0.0018387004359822147 0.038424449003787373 0.0049128579383881238 -0.00062798929797778971 0.0010575403406418414 0.03724190422262242 -0.033634722084940449 -0.0036245976272067555 0.011653907508898172 0.0013298228969382043 0.027526103247282132 0.019127351318574314 -0.0046489279797478624 0.016705493779488632 0.00063879933712653243 -0.0075682624007795702 0.029592489442509584 -0.0086854944627091906 0.041100954779693118 0.0044444760941501462 0.017312090290073988 -0.0073864874315757063 0.00010607024524743895
leaf_weight=2804.2310875803232 1387.5354466810822 12918.664760552347 7971.7112677842379 379.72359639406204 2203.7491929829121 15087.101294152439 5485.5009397491813 19910.177020281553 56.15283465385437 2102.5950099229813 56973.425968363881 21096.201684072614 35.271723031997681 52.011890277266502 4063.4337536990643 165.59705486893654 2347.433413207531 109.01536241173744 150.61875793337822 1398.9295463860035 193.72565412521362 581.42832136154175 126.80598101019859 259.70830819010735 100.5359168946743 50.567226469516754 289.75629848241806 122.36940386891365 783.28543895483017 26301.796759091318
leaf_count=3055 1222 13417 7419 228 1970 15384 5403 19178 13 1896 57689 20650 9 87 4358 127 2285 49 93 1529 129 574 146 106 118 9 264 80 899 26246
internal_value=0.000236393 0.000152334 0.000829447 0.00897602 0.000545159 -0.000421801 7.77562e-05 0.00105516 0.00217319 0.00578455 -0.000392469 -0.000169223 -0.000550912 -0.000570582 -0.00339821 -0.00302633 -0.000379912 0.00178979 0.000872576 0.000407678 0.00197432 0.00749499 0.0133506 0.0181391 0.00803054 0.0141696 0.0107545 -0.000167714 -0.000850941 0.000852565
internal_weight=185509 183742 81923 1767.26 73951.3 25535.6 22731.4 48415.7 7644.25 2158.75 101819 88900.1 67803.9 67768.6 4281.04 4229.03 63487.6 6514.18 6064.84 5914.22 4515.29 1262.2 680.776 553.97 294.262 449.339 398.772 3253.09 3130.72 46212
internal_count=184632 183182 80564 1450 73145 25751 22696 47394 7312 1909 102618 89201 68551 68542 4572 4485 63970 6281 5959 5866 4337 1073 499 353 247 322 313 3264 3184 45424
is_linear=0
shrinkage=0.05


Tree=106
num_leaves=31
num_cat=0
split_feature=20 6 5 4 23 13 24 22 29 4 14 30 1 29 29 8 2 4 29 32 29 21 30 20 24 1 11 14 21 13
split_gain=51.3142 31.2212 24.3316 26.207 27.984 21.6417 33.133 30.5115 19.6814 19.0208 16.9825 18.6999 16.9581 16.0326 15.7493 24.6765 20.4375 20.264 20.8892 15.423 15.0381 14.8766 14.8416 14.4752 14.4365 15.3504 13.9485 14.3912 13.0542 13.6789
threshold=2.2310911147635006 1.8059928541979369 1.0000000180025095e-35 -0.25527690660438601 0.86910465076754362 -0.78850003873868291 -1.8713447490595676 -1.0389075611761924 -4.3271377947710503 3.2296704523871269 -0.29485334471956021 2.0323130246474004 0.58381117426596651 0.43024892814780746 -1.0087117598110702 1.316582007139069 2.0975612136785839 0.022536566068924086 -1.6994675209361152 0.96989224591152556 -1.3913834733802817 -0.52743274661487938 1.9479255641402615 1.4869329112117013 0.44293667110215179 1.2797768867823514 0.79692704395212843 -0.5567674358304896 -2.1458731770471009 -0.7772062514954724
decision_type=2 2 2 2 2 2 2 2 2 2 2 2 2 2 2 2 2 2 2 2 2 2 2 2 2 2 2 2 2 2
left_child=2 -2 9 10 5 6 7 -5 -3 12 13 21 14 -4 15 -1 26 18 -17 24 -20 -12 -15 -13 25 -6 28 -28 -16 -30
right_child=1 8 3 4 19 -7 -8 -9 -10 -11 11 23 -14 22 16 17 -18 -19 20 -21 -22 -23 -24 -25 -26 -27 27 -29 29 -31
leaf_value=0.00078276849532108903 0.0036310653623159031 0.03066730765587454 -0.00045603654269278909 0.042600741912160837 0.0042728232952017218 0.00029931789899829162 0.0029487875839889549 -0.0033132807768558748 0.010792085186101551 0.023750809731841079 -0.0056932918937869451 0.00099015433866958959 -0.0023397252113357605 0.0024471481989761811 -0.010391740475188878 0.029586175130227505 0.013240345585832272 0.0024858216587085517 -0.019724843258520339 -0.010350819661835625 0.013295982722960568 -0.0013292273687427645 -0.026031037719301993 0.026601067782746186 0.0031148823193884751 0.035020756114894983 0.0073853708567957052 0.00042702608501456966 0.00038733848820796135 -0.0013846233273507747
leaf_weight=5177.0486113578081 3310.4060104489326 155.17756021022797 19267.268429093063 101.36151218414307 90.755657494068146 48421.87066164054 5299.5446274727583 56.271157201379538 631.25009568035603 80.00246649980545 2350.3728291839361 122.42438068985939 12214.431721389294 7430.6794798076153 356.83687597513199 195.94564065337181 266.59663093090057 468.28127557039261 41.592062368988991 210.43624724447727 201.61280828714371 11545.079296961427 46.033831894397736 100.431934684515 14449.147902533412 73.434947460889816 1012.5630745589733 2791.8438013643026 16341.59457474947 32655.683578163385
leaf_count=5096 3070 60 19443 15 83 48132 4987 60 495 42 2618 120 12786 7067 431 80 196 445 58 254 148 11852 70 47 13549 22 863 2768 16215 33560
internal_value=0.000224834 0.00575852 9.98367e-05 0.000568663 0.00116503 0.000635728 0.00362071 0.0262105 0.0147139 -0.000615541 -0.000434031 -0.00183695 -0.00064272 0.000306577 -0.000294407 0.00211588 -0.00056891 0.00972149 0.0174371 0.00308887 0.00764887 -0.0020674 0.00227181 0.0125319 0.00328241 0.018025 -0.000638165 0.00227903 -0.000863033 -0.000793638
internal_weight=185466 4096.83 181369 109565 68702.8 53879 5457.18 157.633 786.428 71804 40862.3 14118.3 71724 26744 59509.6 6084.48 53425.1 907.432 439.151 14823.8 243.205 13895.5 7476.71 222.856 14613.3 164.191 53158.5 3804.41 49354.1 48997.3
internal_count=184632 3625 181007 108319 67102 53194 5062 75 555 72688 41217 14637 72646 26580 59860 5827 54033 731 286 13908 206 14470 7137 167 13654 105 53837 3631 50206 49775
is_linear=0
shrinkage=0.05


Tree=107
num_leaves=31
num_cat=0
split_feature=10 11 5 24 4 2 8 14 9 8 26 29 20 14 19 3 8 17 21 9 9 2 29 2 11 29 14 2 29 32
split_gain=47.6009 26.6827 22.9802 23.7383 21.1667 50.3639 45.0272 20.2123 20.0806 19.5873 22.5891 20.2092 21.3206 26.0913 19.636 19.4014 18.8786 18.7401 18.1986 17.3876 54.4901 23.2491 20.668 19.9581 34.8195 25.0872 18.5888 21.8302 18.2129 38.9099
threshold=2.9742935776777331 -2.2355265538319347 1.0000000180025095e-35 1.8722560185292396 -0.11002554268111665 -0.37951249872347043 0.26691172340576413 -0.29485334471956021 -1.622272242245699 0.84423037945908175 1.4451303155978639 -0.36534491632821003 -0.84865421175078348 -0.78702870513009493 -2.30556567616649 0.26768372923120415 1.2116149787657384 0.13114843059713507 -0.57072907825585706 -1.1499238335487931 -0.31019332919873871 -0.52648074490478702 -0.54126990633661409 -0.43323528826047147 -0.11999250479883565 -1.6561564200354002 0.057824655980559324 2.2071093333243881 -1.7978969658419717 0.89185692499475189
decision_type=2 2 2 2 2 2 2 2 2 2 2 2 2 2 2 2 2 2 2 2 2 2 2 2 2 2 2 2 2 2
left_child=1 -1 19 4 7 6 -6 9 -7 10 11 17 -13 15 -11 -14 -16 -4 -9 22 21 -21 23 24 25 -3 28 -28 29 -22
right_child=-2 2 3 -5 5 8 -8 18 -10 14 -12 12 13 -15 16 -17 -18 -19 -20 20 26 -23 -24 -25 -26 -27 27 -29 -30 -31
leaf_value=0.0043183559661830783 0.011450388778672415 0.037847994770040812 -0.0046326447611617552 0.004653218604156544 0.033425472044847346 0.0065339685706338208 0.0040637337445847488 -0.0054244807714164765 0.00072975003158781053 -0.031791446930150014 0.01473866506347018 -0.0005057729879549026 0.0079015172079925158 0.00043736715083755331 -0.0038750251084560434 0.0015907646126125316 0.00045508581956948502 0.027476717794285718 -0.0010449122521604083 -0.0016255956564233791 0.00054079401626185573 -0.0053548605011502796 -2.6796157521493811e-06 0.0019802242872499431 -0.00022379668389309042 0.012821635109530972 -0.0012835477191312566 0.0092200543132761898 0.00086129000836303099 0.03637910434146896
leaf_weight=3772.8502061665058 937.75264954566956 139.89460748434067 1799.2905231565237 3377.3069504648447 223.23411092162132 1529.9303370714188 314.56627115607262 2855.236490920186 57308.416376294568 52.572733953595161 310.5384418964386 6600.2355822063982 3314.8463046550751 4649.6722821295261 4013.9192407056689 1925.2524691671133 6750.4405943602324 46.618429630994797 14015.108819149435 8794.08739541471 226.44924871623516 7964.0702920109034 9806.4744428247213 1845.0731745734811 379.30226780474186 352.3554632216692 21411.350199341774 506.3763484954834 20088.032431155443 113.79574853181839
leaf_count=3447 723 34 1966 3063 74 1330 289 3165 56472 86 219 6667 2791 4609 4325 1864 6689 21 14308 9080 224 8817 9807 1772 381 262 21961 413 19742 31
internal_value=0.000213847 0.000156731 6.98471e-05 0.000526728 0.000394892 0.00101989 0.0162514 -0.000406041 0.000880673 0.000384183 0.00136609 0.00113961 0.00169499 0.00316373 -0.00130845 0.0055829 -0.00115957 -0.00382172 -0.00178614 -0.000625976 -0.000984565 -0.00339787 0.00106643 0.0049257 0.0111613 0.019934 -2.9514e-05 -0.00104088 0.00105559 0.012527
internal_weight=185425 184487 180714 109087 105710 59376.1 537.8 46333.7 58838.3 29463.4 18646.5 18335.9 16490 9889.77 10816.9 5240.1 10764.4 1845.91 16870.3 71627.3 59104.2 16758.2 12523.1 2716.63 871.552 492.25 42346 21917.7 20428.3 340.245
internal_count=184632 183909 180462 107938 104875 58165 363 46710 57802 29237 18137 17918 15931 9264 11100 4655 11014 1987 17473 72524 60268 17897 12256 2449 677 296 42371 22374 19997 255
is_linear=0
shrinkage=0.05


Tree=108
num_leaves=31
num_cat=0
split_feature=11 11 29 9 5 5 29 8 8 9 2 4 4 8 9 9 2 2 26 11 29 2 20 24 38 3 29 8 8 14
split_gain=45.97 34.0079 23.5056 21.3453 20.2877 24.5104 37.6876 40.2492 59.5057 35.8749 25.204 110.401 22.4191 30.5741 18.9347 41.4972 22.1824 21.7285 21.8438 19.4074 22.8695 44.009 18.8012 27.2874 18.4756 17.5856 20.5124 19.367 16.3857 16.357
threshold=3.7690520744478802 -2.7162251586424988 -3.012356386587963 -1.6747553987675772 1.0000000180025095e-35 1.0731953774504845 -3.012356386587963 1.0000000180025095e-35 0.37187875177909463 1.1068518968919785 -0.16352356059407575 -0.10082503325137634 1.6647746321311343 0.58181280852575556 -0.25771017267686025 -1.1499238335487931 -0.52648074490478702 2.2071093333243881 -0.35262747903542729 -0.084559408433727071 -1.0623302737609699 -0.44515106003996624 -0.60625065531118949 -1.9391018954958896 1.0000000180025095e-35 -1.0925980049725312 -0.16073590162372195 -0.25792341846088812 0.89671389364574694 -0.70219667580344802
decision_type=2 2 2 2 2 2 2 2 2 2 2 2 2 2 2 2 2 2 2 2 2 2 2 2 2 2 2 2 2 2
left_child=1 -1 -2 -3 14 6 7 -6 -9 12 11 -11 -7 -14 15 19 -17 18 -16 20 21 -5 -8 -24 -21 26 -25 -28 -29 -27
right_child=2 3 -4 4 5 9 22 8 -10 10 -12 -13 13 -15 17 16 -18 -19 -20 24 -22 -23 23 25 -26 29 27 28 -30 -31
leaf_value=0.0059595544510066501 0.02465781542095612 0.0042156651284846417 0.0065685467756370942 0.027445637921161826 -0.0017077824011190919 -0.0012144645001542253 -0.00050458376696808905 0.034987362103385031 -0.00083449407430088215 -0.0012101139940548407 0.0016102118185122142 0.042632306443984774 -0.005195503308964588 -0.032068600499026143 -0.0019271921308831757 -0.0014367585433182966 -0.0049541300891168096 0.0092702467303462672 0.00061854590130856833 -0.0014371867717725216 0.0016834911661229156 0.0017201658069068164 0.029779072286359481 0.0011652810701239422 0.021461346153852055 0.0029219119362749804 0.0017134560361060675 0.014703782864398829 0.0035678666896410125 0.00052717196193777585
leaf_weight=2482.944908156991 242.67836838960648 3050.1698968708515 690.74363920092583 266.02392917871475 335.53943246603012 27593.766978636384 19371.509026851505 293.08639883995056 191.79889836907387 487.20844569802284 5826.6425754576921 203.59152626991272 540.80492489039898 131.59722408652306 11838.691341623664 9317.2667489796877 8638.1132643446326 626.07794147729874 29234.659582585096 6229.9285769462585 4331.8527161628008 443.24924458563328 84.071315765380859 2880.1230585873127 89.352497220039368 8734.424375012517 916.40437150001526 983.10818669199944 497.50029274821281 38833.437999345362
leaf_count=2187 123 2793 600 120 347 28264 19567 88 195 499 5639 30 597 216 12295 9585 9494 510 28873 6409 4186 428 34 2813 51 8224 885 694 462 38424
internal_value=0.000203458 0.000147448 0.0112715 6.81433e-05 -2.56236e-06 0.000429368 0.000949114 0.0116053 0.0208178 -0.000663227 0.00268083 0.0117111 -0.00143428 -0.0104549 -0.000658862 -0.00163259 -0.00312892 2.56944e-05 -0.00011522 0.000732399 0.0030462 0.0113689 0.000828194 0.00131598 -0.00111341 0.0012707 0.00400914 0.00742618 0.010962 0.000966895
internal_weight=185386 184453 933.422 181970 178920 107905 73121 820.425 484.885 34783.6 6517.44 690.8 28266.2 672.402 71015.2 29315.8 17955.4 41699.4 41073.4 11360.4 5041.13 709.273 72300.6 52929.1 6319.28 52845 5277.14 2397.01 1480.61 47567.9
internal_count=184632 183909 723 181722 178929 106978 71733 630 283 35245 6168 529 29077 813 71951 30273 19079 41678 41168 11194 4734 548 71103 51536 6460 51502 4854 2041 1156 46648
is_linear=0
shrinkage=0.05


Tree=109
num_leaves=31
num_cat=0
split_feature=20 8 27 5 8 29 4 8 2 4 32 8 26 8 5 4 21 32 3 32 1 3 13 29 15 32 2 10 2 4
split_gain=42.9047 36.7737 25.398 17.1163 19.4367 27.0863 40.7654 21.0674 20.3272 44.7463 23.5398 16.8046 25.0816 22.9699 27.7957 25.5235 26.6805 31.6108 49.6238 23.2157 20.9966 19.8374 19.4293 19.3712 18.8742 20.8479 18.6175 18.101 17.1831 33.5498
threshold=2.7122881250082007 -0.94020910288753601 -0.96417689417585362 -1.0665970890843621 1.2116149787657384 -1.6561564200354002 0.022536566068924086 0.47684578015242507 0.14485733754864191 0.11112396763584743 0.25963395573286224 0.84423037945908175 -0.36608763972850994 1.2640984929524037 0.35993122193886878 -0.32131056793164992 0.15588098625742741 -0.51587107519410536 0.20431571973876994 -1.2785005942551626 -0.99226138209170833 -0.45528480230655161 -0.71861114636923118 1.1285076793326236 -0.20585679152661812 1.0794773189289015 2.6354203034584542 -0.69784843081922576 0.39451647646541116 0.44698592768753465
decision_type=2 2 2 2 2 2 2 2 2 2 2 2 2 2 2 2 2 2 2 2 2 2 2 2 2 2 2 2 2 2
left_child=2 -2 -1 4 7 6 -6 -4 -7 -10 -11 12 -5 14 15 22 17 18 21 -16 28 -17 -13 -18 25 -19 -14 -26 -21 -30
right_child=1 -3 3 11 5 8 -8 -9 9 10 -12 13 26 -15 19 16 23 24 -20 20 -22 -23 -24 -25 27 -27 -28 -29 29 -31
leaf_value=0.0015016313559983753 0.026959472645809852 0.0052241642363778139 -0.00093399675720042333 -0.00094132666854058349 0.03013686968277228 -0.0006131748341147564 -0.0045890614365192515 -0.0042914444965709867 0.037893622806227462 0.010055786898094766 -0.01464571405561119 -0.00038274023180791223 0.0009251369784782868 0.00036685670337141031 -0.014907481096735882 0.003682395880054281 -0.0048515006739430116 -0.00316260895692827 -0.013709433032619307 -0.0057542983064341668 -0.0046768388824285816 0.028685059501512806 -0.0075422755254435274 0.011520112816529614 0.043273910226481277 0.020244964254449528 0.033212504603485349 0.0073664588145273451 0.040704605156501573 0.00368972499141711
leaf_weight=28155.586235113442 223.51919037103653 1504.159526437521 18742.884139254689 23583.013608684763 196.34367437660694 3972.2858848944306 148.3813750743866 6223.8167242631316 111.51147240400314 317.94342777132988 138.44691979885101 2495.8944143354893 69411.299187980592 17677.703677967191 508.41597005724907 101.47329688072205 1325.3967379778624 1093.8138862997293 113.01309205591679 205.36533224582672 5848.9116532504559 363.59472420811653 1527.5725381970406 209.20019671320915 37.168698072433472 104.18404477834702 44.676111936569214 629.78582710027695 80.685113310813904 253.72339203953743
leaf_count=27310 103 1347 19093 24027 78 4021 162 6758 27 254 179 2515 68127 17548 660 94 1454 1163 144 229 6396 155 1758 161 5 62 15 537 15 235
internal_value=0.000193626 0.00803618 0.000119836 -0.000130412 -0.00120661 0.00167774 0.0151896 -0.00177096 0.00065182 0.00950004 0.00256254 0.00012534 0.00046754 -0.000852006 -0.00229827 -0.000293101 0.00254713 0.00579267 0.0160082 -0.0046244 -0.00380606 0.0232297 -0.00310097 -0.00261968 0.00262614 -0.00112697 0.000945905 0.00936754 0.00562956 0.0126206
internal_weight=185350 1727.68 183622 155467 29851.6 4884.91 344.725 24966.7 4540.19 567.902 456.39 125615 93039 32575.9 14898.2 8001.1 3977.63 2443.03 578.081 6897.1 6388.69 465.068 4023.47 1534.6 1864.95 1198 69456 666.955 539.774 334.409
internal_count=184632 1450 183182 155872 30572 4721 240 25851 4481 460 433 125300 92169 33131 15583 8048 3775 2160 393 7535 6875 249 4273 1615 1767 1225 68142 542 479 250
is_linear=0
shrinkage=0.05


Tree=110
num_leaves=31
num_cat=0
split_feature=11 11 29 20 32 29 32 28 12 32 26 26 9 13 22 19 25 24 23 28 29 24 29 26 23 9 14 8 20 23
split_gain=40.6263 30.0516 21.5027 19.6982 26.7046 24.2218 23.5284 24.4239 23.7152 23.0306 22.628 22.1797 21.3134 18.99 21.5681 28.7692 54.6209 34.4315 30.4691 28.9415 19.8003 19.6455 17.6622 17.5632 17.6513 17.4071 23.7751 20.1547 22.8412 18.8542
threshold=3.7690520744478802 -2.7162251586424988 -3.012356386587963 -0.43161789303907983 -0.54021712563396596 0.35333351842526678 -0.017112964446490533 -0.42916361653498897 -0.48483018920369936 1.2146320698515098 -0.51604756193148082 0.92286775474456828 1.0543687403701003 -0.54545602611523758 -0.33723645859733736 -0.66300697347437221 -0.72568946412155133 -0.57761258399394688 -0.92690559446517939 -1.7669317065419203 -0.36534491632821003 -0.93760263530121057 0.37720216862219014 -0.020921740732968579 -0.49558202871851814 0.057188766454410164 -0.36528842436096204 1.1591314645790731 0.44912183786927523 -0.028488133291847056
decision_type=2 2 2 2 2 2 2 2 2 2 2 2 2 2 2 2 2 2 2 2 2 2 2 2 2 2 2 2 2 2
left_child=1 -1 -2 4 5 -3 -5 8 -8 10 -6 25 13 14 -12 16 23 18 21 -19 -20 -18 -17 -16 -25 26 29 -28 -29 -9
right_child=2 3 -4 6 9 -7 7 11 -10 -11 12 -13 -14 -15 15 22 17 19 20 -21 -22 -23 -24 24 -26 -27 27 28 -30 -31
leaf_value=0.0056170391180899353 0.0237465330900682 -0.0050857148387213717 0.0061974626859944912 0.0012936636089497583 -0.0024269092729460335 0.0016089701534767846 0.0012678173413003481 0.0020056186476233146 -0.0022821446792551867 -0.0060088043967855796 -0.0003736169249290838 0.0082328982529398746 0.0023831037821898647 -0.0021611309504211413 -0.00028800356463342389 -0.0030713925033348673 0.0010971838765723677 0.041671052850203005 -0.0014220472348599302 0.0038990128320805909 0.032347508500592995 0.043605398252679783 0.011172921829234682 0.028266245337448804 0.0021791964663213821 0.0016573019129838035 -0.0032309762469616525 -0.0036083929480596379 0.0039910230861615117 -0.0021499806413092823
leaf_weight=2463.7833494544029 234.25477468967438 5624.8702763020992 684.8918325304985 47853.116715230048 8758.8607906848192 1778.2221252173185 6272.0359206348658 11257.567759662867 18824.782455816865 1701.5181995332241 19294.822554023936 919.38387659192085 10029.003103375435 9346.9982515573502 2425.03164242208 2055.721449919045 207.55450987815857 54.028434574604034 48.617278695106506 826.44651088118553 405.04197263717651 31.276381373405457 243.38684314489365 112.72787624597549 152.65322709083557 16872.248184204102 9099.9646082445979 1637.8032463043928 2495.1652416288853 3603.0694091767073
leaf_count=2187 123 6197 600 46615 9184 1721 6113 10806 19684 1906 19439 768 9551 9751 2439 2182 203 9 50 762 143 4 189 49 146 16313 9688 1756 2296 3758
internal_value=0.00018424 0.000131972 0.01067 5.76916e-05 -0.000656308 -0.00347765 0.000436797 -0.000140866 -0.00139496 -0.00028128 -0.000100782 0.000545058 0.000349643 -0.00022965 0.00046855 0.00294466 0.00537576 0.0127773 0.0211187 0.00621681 0.0287285 0.0066639 -0.00156347 0.0010484 0.0132604 0.000387871 -0.000374516 -0.00191593 0.000979544 0.000998063
internal_weight=185315 184396 919.147 181932 63096.8 7403.09 118835 70982 25096.8 55693.7 53992.2 45885.2 45233.3 35204.3 25857.3 6562.49 4263.38 1572.97 692.49 880.475 453.659 238.831 2299.11 2690.41 265.381 44965.8 28093.6 13232.9 4132.97 14860.6
internal_count=184632 183909 723 181722 63925 7918 117797 71182 25797 56007 54101 45385 44917 35366 25615 6176 3805 1171 400 771 193 207 2371 2634 195 44617 28304 13740 4052 14564
is_linear=0
shrinkage=0.05


Tree=111
num_leaves=31
num_cat=0
split_feature=11 12 4 9 15 1 5 26 11 12 9 14 29 28 26 5 5 4 3 4 9 8 2 29 4 4 21 24 32 20
split_gain=38.0882 28.9966 21.1797 19.4269 21.1927 18.8871 17.1199 18.349 16.4377 20.2415 15.0493 19.5583 19.7804 18.0134 17.2321 17.1535 63.2028 39.3741 60.1389 47.8094 29.2533 61.6614 33.2138 28.2714 26.4655 29.6744 28.5775 38.8921 28.1315 27.5844
threshold=2.6074592670081795 -2.063033681581278 3.2296704523871269 -1.622272242245699 0.55016979357617002 -0.22974958291214326 1.0731953774504845 -0.23241428639997111 0.26757758887385424 -0.25308356648972002 -0.20522701615498187 -0.26529120848928162 -0.79573187080582286 1.0698067462586416 0.34027789700588801 1.0000000180025095e-35 0.35993122193886878 -0.33149660119597241 -0.080832474344350091 0.022536566068924086 -0.93999120746127962 0.47684578015242507 -0.3562111276372128 -3.012356386587963 -1.6443735858394792 -1.4620351493378105 -0.58137535726496703 -1.0177274315210325 0.73384227092009591 0.77327573578166975
decision_type=2 2 2 2 2 2 2 2 2 2 2 2 2 2 2 2 2 2 2 2 2 2 2 2 2 2 2 2 2 2
left_child=1 -1 -2 4 6 8 -3 -8 9 -5 15 13 -13 14 -12 -7 17 20 19 -19 -17 -22 24 -20 -23 -26 -27 -28 -29 -30
right_child=2 3 -4 5 -6 10 7 -9 -10 -11 11 12 -14 -15 -16 16 -18 18 23 -21 21 22 -24 -25 25 26 27 28 29 -31
leaf_value=0.0040304964527854946 0.0045487104169234203 -3.8094270172266393e-05 0.018323007190731048 0.0014128779533391983 0.0099752390345936286 -0.0022313449816344336 0.01724539721932352 0.0030466579905844456 0.0031650782748593748 -0.00057588324486365801 -1.7803131926382029e-05 0.0016928046045635186 -0.0011604093116095013 0.005047098077278921 0.0035892001657316704 -0.0038235884466337453 -0.0021073656291698789 0.027517142899605929 0.035258005632705917 0.0049282679849432512 -0.0063068537842897697 -0.0072815700657878867 -0.019436428687056136 0.002687790093041582 0.025501200038107331 -0.00099012482742768691 0.034355442346898468 0.0030960570750205355 0.023590145499698935 -0.024116034309775956
leaf_weight=4556.2815285399556 2162.754917383194 3852.0651667863131 320.42183083295822 24011.506568774581 879.45559725165367 20553.749864168465 312.93311735987663 833.80646085739136 5782.0103003978729 27387.559268027544 17017.940547894686 7447.1307446807623 32955.170273333788 2663.8992116898298 4111.11208319664 2759.0133651345968 19177.711026217788 520.39649748802185 67.833428800106049 425.98762404918671 1212.1082139164209 235.67789801955223 110.17271675169468 3744.2765849530697 281.64644744992256 593.25212641060352 172.58398172259331 736.61184649169445 363.50067791342735 33.056274980306625
leaf_count=4189 1966 3855 203 23333 704 21471 205 783 5416 27703 17024 7195 33720 2395 3816 2970 19986 234 20 384 1365 270 153 3543 138 605 54 691 192 49
internal_value=0.000175308 9.17539e-05 0.00632611 -8.92945e-06 0.00281767 -0.000105327 0.00155842 0.00692134 0.000637515 0.000353183 -0.000474102 3.52463e-05 -0.000634492 0.00117251 0.000684017 -0.00111539 -0.000361721 0.00261244 0.00606803 0.0173494 8.17495e-05 0.0029638 0.00741147 0.00326735 0.0086356 0.0103559 0.00810964 0.012244 0.00887638 0.0196134
internal_weight=185282 182798 2483.18 178242 5878.26 172364 4998.8 1146.74 57181.1 51399.1 115183 64195.3 40402.3 23793 21129.1 50987.6 30433.8 11256.1 4758.49 946.384 6497.62 3738.61 2526.5 3812.11 2416.33 2180.65 1899 1305.75 1133.17 396.557
internal_count=184632 182463 2169 178274 5547 172727 4843 988 56452 51036 116275 64150 40915 23235 20840 52125 30654 10668 4181 618 6487 3517 2152 3563 1999 1729 1591 986 932 241
is_linear=0
shrinkage=0.05


Tree=112
num_leaves=31
num_cat=0
split_feature=20 6 1 30 32 9 13 20 22 25 14 28 20 20 19 1 9 3 29 22 11 12 25 20 14 21 32 2 19 29
split_gain=35.3176 24.9667 19.6642 18.1528 17.073 17.6005 30.4751 18.2324 17.2964 16.2994 20.7817 17.987 15.9795 27.7539 22.1928 15.681 15.5311 17.3133 18.7933 15.4533 16.9394 26.6443 23.8008 15.2352 19.353 13.8604 13.7044 18.558 20.9602 20.7598
threshold=2.2310911147635006 1.9022440695334921 -2.7334044263942037 1.9081869222323296 0.48912312378082962 1.1068518968919785 0.34192912756065325 0.57364316930209414 0.63823056479916052 -0.90185719554021893 -0.71445055099120836 2.8199283323520068 0.050298123071896579 0.12006129925249222 -0.59068002341730719 -0.21394711629508434 0.057188766454410164 0.53773286154042343 -1.1590890110177476 -1.6097381078780992 0.12476053357150162 -0.25308356648972002 -1.6190724903578471 -1.8385492631823444 0.086564429294993764 -0.35418981391649768 -0.92634654676399408 2.4053761629119559 2.0793654395151866 -2.3886502097514595
decision_type=2 2 2 2 2 2 2 2 2 2 2 2 2 2 2 2 2 2 2 2 2 2 2 2 2 2 2 2 2 2
left_child=2 -2 -1 -3 15 6 7 8 9 12 11 -11 -6 14 -14 19 -12 -18 -19 -4 21 -21 -22 -7 -25 -13 27 -17 29 -29
right_child=1 3 4 -5 5 23 -8 -9 -10 10 16 25 13 -15 -16 26 17 18 -20 20 22 -23 -24 24 -26 -27 -28 28 -30 -31
leaf_value=0.0047962994923083837 0.0031014704549324947 -0.00019124844589903336 0.007427423789134001 0.019013398617378253 -0.0022243053508859433 -0.0045355325589388059 -0.0041067404255469104 0.0019450851494997496 -0.0039695968695140742 0.0019648308182329834 -0.0025317126090294265 0.041708091082175158 0.028774605400995752 -0.0042270734005088748 -0.0017860870223101678 -0.001722218894449787 -0.00038455313534292007 0.01947844585938905 0.0033109862032843075 0.001952108649851914 0.030583188717745943 -0.00085314669585765843 0.0030961392778536155 0.0066386698101197532 0.00076998574173380073 0.0086915579739144187 0.00026723774929854674 0.031836048125915895 -0.0020102688332488041 -0.0028579362939442471
leaf_weight=2169.0702055990696 3378.5707479864359 167.35985398292542 958.36342513561249 464.71698646247387 13712.006220541894 979.17811472713947 6932.5928142666817 6314.6506572365761 4230.1594425365329 8001.4290940463543 7024.3283809572458 48.239795207977295 171.96382185816765 289.52327671647072 90.757967114448547 14420.301683425903 4598.63163626194 224.43155756592751 902.78197410702705 17184.937292285264 79.827732264995575 16680.383715972304 5857.7267574369907 1802.2971079796553 6369.0820460766554 93.201288819313049 61698.764781612903 134.88254222273827 206.68995240330696 63.377427071332932
leaf_count=1961 3169 168 816 288 14322 1068 7502 6069 4566 7687 7380 8 73 314 94 14917 4634 137 843 16514 31 16965 5495 1563 6271 77 61369 49 215 67
internal_value=0.000166863 0.0048078 6.41639e-05 0.0139284 6.84382e-06 -0.00066581 -0.00101768 -0.000549094 -0.000948964 -0.000585519 0.000304034 0.00227727 -0.00188846 0.00645049 0.0182173 0.000361194 -0.000956169 0.00097667 0.00652998 0.00115335 0.00100228 0.000570378 0.00346569 0.00135815 0.0020644 0.0199522 -6.07545e-05 -0.00142577 0.00913075 0.0207455
internal_weight=185250 4010.65 181240 632.077 179071 61785.3 52634.7 45702.1 39387.5 35157.3 20893 8142.87 14264.3 552.245 262.722 117285 12750.2 5725.85 1127.21 40761.2 39802.9 33865.3 5937.55 9150.56 8171.38 141.441 76524 14825.3 404.95 198.26
internal_count=184632 3625 181007 456 179046 62608 53706 46204 40135 35569 20766 7772 14803 481 167 116438 12994 5614 980 39821 39005 33479 5526 8902 7834 85 76617 15248 331 116
is_linear=0
shrinkage=0.05


Tree=113
num_leaves=31
num_cat=0
split_feature=11 11 29 9 8 1 29 2 9 13 30 32 25 29 20 29 8 19 8 29 1 32 16 21 9 3 32 8 25 14
split_gain=33.5609 26.4547 18.9219 18.2014 17.111 18.9299 18.0863 14.973 14.1369 19.8613 29.4387 26.1269 16.4599 15.816 15.2211 14.3334 41.4084 36.1774 15.036 14.1855 13.7683 22.2103 16.1603 13.9606 13.0809 12.9993 12.9982 12.8272 12.6519 15.3226
threshold=2.6074592670081795 -3.8672903796279781 -4.3271377947710503 -1.6747553987675772 -1.6749783015008493 -0.8259369896124612 0.52328702792158743 0.52756871098831459 0.94940242732634328 0.34192912756065325 -1.5872590359910186 0.22565002005269302 1.7168023708728715 1.5462252100105569 -1.8385492631823444 -4.3271377947710503 -0.047989361714227276 3.022297671503765 1.5789995780723951 -3.012356386587963 0.30442129628628728 -0.72454832322156448 -1.2876116815921106 -0.7602310856425053 -0.52012595528625227 -0.3694075435016439 0.17500689386275345 0.10946118084576842 -1.8058256656575915 -1.1678072836425473
decision_type=2 2 2 2 2 2 2 2 2 2 2 2 2 2 2 2 2 2 2 2 2 2 2 2 2 2 2 2 2 2
left_child=1 -1 24 7 -5 6 -6 -3 9 13 27 15 -13 19 -10 16 -12 -18 -17 -7 21 23 -23 -16 -2 -9 -20 -11 -21 -30
right_child=2 3 -4 4 5 8 -8 25 14 10 11 12 -14 -15 20 18 17 -19 26 28 -22 22 -24 -25 -26 -27 -28 -29 29 -31
leaf_value=0.0087147523397320386 -0.0079319096946141761 0.0021153492144096561 0.004698308509578062 -0.0043160655852620125 0.0006587162897925096 0.021864519150585446 0.004139602374428137 0.0014432854523909343 -0.0035425090290170831 -0.029320766878952687 -0.019378918989020735 -0.0041637548992005894 0.01993201619144732 0.0038064087701381783 -0.0099318382308009184 -0.0010131531372257914 0.032283072840092852 -0.0090567848769195821 0.0049595427802395656 -0.0039439928622073232 -7.4899067118298524e-05 0.02272314368357926 0.0028032438189862924 -0.00038521260222292432 0.027197969097978249 0.016515677769809247 0.034679373043823673 -0.11548989964727757 0.0011580798235938587 -0.00044175381507001845
leaf_weight=882.88195073604584 31.934041231870651 2421.4439906030893 2274.7495006322861 2294.9011241048574 18442.973743662238 72.861736923456192 4678.328385040164 228.59866198897362 1900.3592073619366 10.085631012916567 90.805681183934212 8034.8934625387192 71.504628032445908 2543.6428928077221 475.54022631049156 16551.613612353802 177.79606741666794 75.351206392049789 607.23184843361378 2210.6261244118214 13597.631006553769 102.6511255800724 12507.215486481786 1966.8469169735909 155.68788585066795 382.26845076680183 39.16288810968399 7.5533310472965232 18787.140158053488 73595.775713620707
leaf_count=729 37 2319 2061 2493 18200 41 4291 222 2035 16 126 8704 43 2350 570 16887 63 89 547 2385 13618 56 11806 1982 71 256 12 25 18352 74246
internal_value=0.000158745 8.06219e-05 0.00595709 3.87089e-05 -2.64221e-05 2.9338e-05 0.00136303 0.00388006 -0.00017165 -0.000410965 -0.0016481 -0.00160369 -0.00395121 -8.43294e-05 0.0007909 -0.000518866 0.0095875 0.019978 -0.000720989 -0.000188872 0.00107834 0.00212013 0.0029654 -0.00224397 0.0212187 0.0108753 0.00676017 -0.06622 -0.000205859 -0.000116409
internal_weight=185220 182758 2462.37 181875 178842 176548 23121.3 3032.31 153426 122876 25666 25648.4 8106.4 97210 30550.2 17542 343.953 253.147 17198 94666.4 28649.9 15052.3 12609.9 2442.39 187.622 610.867 646.395 17.639 94593.5 92382.9
internal_count=184632 182463 2169 181734 178937 176444 22491 2797 153953 123886 26512 26471 8747 97374 30067 17724 278 152 17446 95024 28032 14414 11862 2552 108 478 559 41 94983 92598
is_linear=0
shrinkage=0.05


Tree=114
num_leaves=31
num_cat=0
split_feature=20 8 27 3 20 20 29 10 32 26 32 9 32 28 26 4 26 14 22 2 17 29 9 23 25 20 21 29 32 15
split_gain=31.3592 32.2087 21.2559 18.9001 15.7023 15.2481 22.9468 27.6249 25.6858 25.283 19.6019 18.3855 18.3414 22.5336 26.8839 26.1496 23.0012 22.7 17.7757 16.8214 16.1511 18.1398 15.7702 16.0194 38.4019 33.6289 25.9937 19.0253 17.4429 17.1347
threshold=2.7122881250082007 -0.94020910288753601 -2.3055647465732769 -3.0001278068992181 2.3605703234018311 -0.43161789303907983 0.74306771300676644 -1.8210481331646782 -0.54021712563396596 -0.37979550262850337 1.2146320698515098 1.2118182099357353 0.12220133420753113 -0.44085027613250621 0.26134363317183201 1.7549193034596331 0.92286775474456828 -0.32476508423528944 -1.5280443680612046 -2.3827182564328733 -1.5115756995657486 -0.11663100238662479 0.21463823602004542 -0.028488133291847056 -0.1793422696637185 0.20302219687814424 0.65708558093999947 -1.0927946835633973 0.71393930145929152 -0.90488872508673202
decision_type=2 2 2 2 2 2 2 2 2 2 2 2 2 2 2 2 2 2 2 2 2 2 2 2 2 2 2 2 2 2
left_child=2 -2 4 -4 -1 6 8 -8 -5 -10 -11 12 18 14 -14 -16 17 22 -7 -12 21 -20 23 24 27 -26 -25 29 -29 -15
right_child=1 -3 3 5 -6 11 7 -9 9 10 19 -13 13 16 15 -17 -18 -19 20 -21 -22 -23 -24 26 25 -27 -28 28 -30 -31
leaf_value=0.002967352726228765 0.025326833766988101 0.0043420858432570604 0.0060385300037522315 -0.0038598585276525309 0.021383371713573223 0.0064253822180311039 0.027173414572780837 0.0022107670711469384 -0.0021928645778579582 0.00045322023590274206 -0.029393499578671947 0.0022735443768915013 -0.0049757043057664001 0.020492776631086618 -0.00089428894494523949 0.036294273768882425 0.0082633081530637132 -0.0011005354668073249 0.022806360175249039 -0.00418159175115459 0.00056662067770717683 0.0020976384333397089 0.0058095970291133009 -0.0037103484483283337 0.032084162261903464 0.0029965755444012676 0.0072439180705442356 -0.00068102659633042823 0.0039721537816135933 0.0041970720143881188
leaf_weight=4487.3085448071361 208.72878456115723 1475.1002360284328 1287.49107208848 6638.5246762484312 118.81204003095627 1376.9483970403671 113.90227401256561 4109.7123329341412 16120.97758570686 33506.718463912606 69.275192812085152 10687.99250176549 5159.5519072413445 220.28504380583763 14435.804394125938 47.425432920455933 866.14435371756554 20389.218828774989 172.83453133702278 1470.9793030023575 45362.061639949679 272.42915803194046 1795.6387471109629 3270.31950122118 192.56704968214035 205.30418998003006 649.03047028183937 7059.8412140607834 2817.8594209998846 602.5815649330616
leaf_count=4221 103 1347 1132 7151 68 1200 52 3928 16828 33203 110 10202 5673 130 14694 13 723 20838 94 1594 44848 261 1587 3513 69 193 555 7156 2594 552
internal_value=0.000151025 0.00694337 8.86993e-05 2.35304e-06 0.00344238 -4.14021e-05 -0.000673794 0.00288396 -0.00093374 -0.000554106 0.000199693 0.000297982 9.66892e-05 -0.000501137 -0.00187656 -0.000772515 0.000208557 2.10281e-05 0.000827896 -0.00531553 0.000659638 0.010136 0.00138112 0.000851618 0.00182205 0.0170748 -0.00189636 0.00125492 0.000646409 0.0085595
internal_weight=185191 1683.83 183508 178901 4606.12 177614 62030.1 4223.61 57806.5 51168 35047 115584 104896 57711.6 19642.8 14483.2 38068.8 37202.6 47184.3 1540.25 45807.3 445.264 16813.4 15017.8 11098.4 397.871 3919.35 10700.6 9877.7 822.867
internal_count=184632 1450 183182 178893 4289 177761 62866 3980 58886 51735 34907 114895 104693 58290 20380 14707 37910 37187 46403 1704 45203 355 16349 14762 10694 262 4068 10432 9750 682
is_linear=0
shrinkage=0.05


Tree=115
num_leaves=31
num_cat=0
split_feature=11 11 20 28 32 26 30 3 19 25 21 29 25 14 9 26 12 15 18 29 11 8 23 19 28 22 20 24 4 20
split_gain=29.5774 22.7329 18.1407 24.2962 22.458 21.7843 20.1285 19.0879 18.2752 28.6472 19.1017 17.5229 17.4127 20.039 20.3878 23.6518 20.6838 21.4836 18.1987 17.5387 29.3666 26.1078 16.994 33.3403 20.7069 21.5714 46.3766 22.1622 18.0215 19.7651
threshold=3.7690520744478802 -3.8672903796279781 0.50999066121931425 -0.32396657030262194 -0.72454832322156448 -0.020921740732968579 1.2033700768723141 0.17525234422955746 -0.58275652203930461 0.17380712766096199 -0.69912793914338789 -3.012356386587963 0.44850267568119317 -0.70219667580344802 0.63450348819507285 -0.44774834065451674 -0.25308356648972002 -0.65485914650604271 0.4532407248641756 -1.1590890110177476 0.62159298765524162 0.056977666659103185 1.7260881867468425 2.5791992265670127 -1.3172990633207557 0.3820619454997784 0.81668384620390921 1.9046256214024124 1.0000000180025095e-35 0.83234977118186404
decision_type=2 2 2 2 2 2 2 2 2 2 2 2 2 2 2 2 2 2 2 2 2 2 2 2 2 2 2 2 2 2
left_child=1 -1 4 6 5 -3 -4 8 10 -10 -7 -2 13 18 16 -16 17 -15 -6 20 -18 -22 24 -24 25 26 -8 -27 -26 -30
right_child=11 2 3 -5 12 7 22 -9 9 -11 -12 -13 -14 14 15 -17 19 -19 -20 -21 21 -23 23 -25 28 27 -28 -29 29 -31
leaf_value=0.008157868742025981 0.021613502873890605 -0.0047729480353328069 -0.0014125109341124346 0.0021168071289359605 0.00056770000286559717 0.0012266828748172167 0.033531150029221045 -0.0038610335001496008 0.033979949590576507 -0.002024385135304113 0.010503692183659291 0.0052569651102682222 0.0020028484742571138 0.0023687102789408999 -0.0013132798942720181 0.0013687179747028505 -0.00067025449732360798 -0.001713336487849181 0.0095856760588281173 -0.0029992402939398718 0.024595618205808863 -0.0085098784735611523 -0.0018397330835872778 0.0081981012699842062 -0.0021333668843117946 0.0021361380007293602 0.0042286803046094187 0.020968211809384074 0.010306148262376552 0.0015228578412994013
leaf_weight=871.13153579831123 216.65230545401573 5049.0252921283245 14589.834001019597 21894.947622425854 37744.551646655425 1748.9070867300034 212.52242916822433 3089.4319922029972 56.179598689079285 3330.1691049039364 812.73419536650181 670.49541914463043 9673.4907251298428 5494.2875043749809 14991.24595823884 18200.219349309802 1720.9307658821344 7797.7950644418597 567.86796842515469 19404.995126828551 230.27523510158062 80.328316047787666 6762.1875945329666 942.54091623425484 2586.6351604312658 1681.8534207344055 370.31923294067383 172.22500973939896 788.53521603345871 3411.9172975420952
leaf_count=729 123 5531 15002 20968 37316 1706 70 3328 18 3465 642 600 9286 5234 15385 17702 1744 8065 459 20569 117 94 7011 788 2697 1610 339 100 626 3308
internal_value=0.000143719 9.98725e-05 6.15991e-05 0.000837352 -0.000257155 -0.00214232 -5.14454e-05 -0.000672637 0.000983441 -0.00142707 0.00417001 0.00925143 -2.80453e-05 -0.000212978 -0.000728741 0.000157368 -0.00157563 -2.60209e-05 0.000701365 -0.00253649 0.00188366 0.0160339 0.00112157 -0.000611777 0.00256942 0.00652299 0.0149133 0.00388545 0.00114989 0.00317171
internal_weight=185164 184277 183406 53413.5 129992 14086.4 31518.6 9037.42 5947.99 3386.35 2561.64 887.148 115906 106232 67920.1 33191.5 34728.6 13292.1 38312.4 21436.5 2031.53 310.604 16928.7 7704.73 9224.01 2436.92 582.842 1854.08 6787.09 4200.45
internal_count=184632 183909 183180 52519 130661 14690 31551 9159 5831 3483 2348 723 115971 106685 68910 33087 35823 13299 37775 22524 1955 211 16549 7799 8750 2119 409 1710 6631 3934
is_linear=0
shrinkage=0.05


Tree=116
num_leaves=31
num_cat=0
split_feature=11 12 29 9 15 5 9 26 23 4 2 8 21 20 29 23 13 4 1 15 9 20 5 28 24 23 5 5 5 22
split_gain=27.2247 22.0236 16.091 16.0219 17.763 16.7593 19.5877 21.4945 18.6747 20.1946 21.5952 20.5971 27.1885 42.4318 31.1824 23.6864 18.7043 18.5986 18.2296 17.8985 17.6039 19.3624 17.5628 17.5237 17.2901 44.3697 21.6105 19.2122 17.2898 18.6694
threshold=2.6074592670081795 -2.063033681581278 -4.3271377947710503 -1.622272242245699 0.63929232770230149 -1.0665970890843621 -0.83502489441752281 -0.34335736915418014 -1.2398790589577124 0.44698592768753465 0.34346365430035747 0.47684578015242507 1.2311794766862609 0.99176394931618017 1.9633876455092012 2.0959554781282743 0.040165517385038561 0.79633030954292394 0.52308660555582021 0.55016979357617002 -0.047777546589346659 0.19254049483626454 1.0731953774504845 1.0698067462586416 -0.20432273770778692 -0.33693161209653666 1.0000000180025095e-35 0.35993122193886878 0.35993122193886878 -1.0389075611761924
decision_type=2 2 2 2 2 2 2 2 2 2 2 2 2 2 2 2 2 2 2 2 2 2 2 2 2 2 2 2 2 2
left_child=1 -1 -2 4 -3 -5 22 20 28 11 17 -10 14 16 18 -15 -14 -11 19 24 23 -22 -7 -8 -13 26 -26 -28 29 -9
right_child=2 3 -4 5 -6 6 7 8 9 10 -12 12 13 15 -16 -17 -18 -19 -20 -21 21 -23 -24 -25 25 -27 27 -29 -30 -31
leaf_value=0.0035189814309460818 0.019823885180730871 0.0014873408893036511 0.0042463534137139715 -0.0011271816799673746 0.009676488896678697 -0.00029134695953957946 -0.0024402387598635752 0.014927133744091018 -0.00023992222196868318 0.0083030655926116109 0.0016176935925706086 -0.00034567044579287979 0.0017787733677857639 -0.0013273748027256877 0.021059964453468957 0.031436363731096602 0.030980853820745349 -0.033015351838612039 -0.004467060551726746 -0.0107931666584642 -0.0009556279915137535 0.0021750476154260754 -0.0030062068062083232 -0.012176240819942598 -0.0022353334790211404 0.0022954726107597069 0.02825688214629421 0.0091123204015818703 -0.00038901470964348539 0.0029589449097133925
leaf_weight=4506.1404974758625 178.94947770237923 5084.2399578541517 2252.2794948369265 32674.400293715298 761.34243083000183 25086.820620842278 3651.7758985310793 668.60802945494652 42156.713357597589 1604.4344965219498 19775.824492499232 3347.8549119085073 69.47148060798645 503.62988796830177 198.68669456243515 61.949070036411285 260.26405003666878 27.705718785524368 1293.4422982037067 267.29977840185165 19981.109838323668 6560.3829027861357 7812.2926516234875 529.141027957201 128.26566925644875 3753.3125242888927 326.54010531306267 218.89234343916178 761.07858391106129 635.61499544978142
leaf_count=4189 108 4933 2061 33411 614 25233 3830 469 42359 1338 19136 3371 67 517 115 23 99 46 1409 325 20363 6275 8282 658 134 3581 142 179 767 598
internal_value=0.00013678 6.68377e-05 0.00539293 -2.04561e-05 0.00255391 -0.000107768 0.000130695 0.000459346 0.0009102 0.000779308 0.00207391 0.000252273 0.00224174 0.0105725 0.00145944 0.00226131 0.0248283 0.00760168 0.00104229 0.00192837 -0.000656834 -0.000181804 -0.000936023 -0.00367244 0.00236574 0.00441619 0.0162312 0.0205738 0.00559971 0.00909442
internal_weight=185138 182707 2431.23 178201 5845.58 172356 139681 106782 76059.6 73994.3 21408 52586.3 10429.6 895.314 9534.29 565.579 329.736 1632.14 9335.61 8042.17 30722.4 26541.5 32899.1 4180.92 7774.87 4427.01 673.698 545.432 2065.3 1304.22
internal_count=184632 182463 2169 178274 5547 172727 139316 105801 74675 72841 20520 52321 9962 706 9256 540 166 1384 9141 7732 31126 26638 33515 4488 7407 4036 455 321 1834 1067
is_linear=0
shrinkage=0.05


Tree=117
num_leaves=31
num_cat=0
split_feature=20 8 27 22 24 20 29 28 14 6 28 2 3 3 8 23 30 21 21 2 8 32 14 8 23 8 27 10 32 1
split_gain=25.5356 29.4523 19.2874 22.1202 19.7234 18.1612 15.7227 15.2984 15.0566 20.0503 15.1689 19.1763 14.9068 14.6912 21.3305 13.2101 24.5912 15.2009 30.5185 12.9975 15.5315 12.6983 20.813 12.5698 17.5532 11.9582 11.8726 11.8146 24.3252 12.6366
threshold=2.7122881250082007 -0.94020910288753601 0.46653891652715368 -0.89284838510489895 0.36387373691952468 1.0261378816306015 1.5462252100105569 0.34407848998980667 -1.2244721136150312 -0.82161466051384413 -1.038241605849356 -2.2084017655152115 -2.0531538144580996 3.5347725708111133 0.37187875177909463 -0.49558202871851814 -0.47127413252612643 -0.0096255088310862272 0.039072721403412516 1.1478048380030486 -1.6749783015008493 1.0057691841126928 0.38603099880933239 1.5789995780723951 1.2529210546136398 1.0541644362057427 1.547809039220249 -0.19103493545320013 -0.16969654943037657 -0.5227118474811776
decision_type=2 2 2 2 2 2 2 2 2 2 2 2 2 2 2 2 2 2 2 2 2 2 2 2 2 2 2 2 2 2
left_child=2 -2 5 4 -4 6 8 12 9 10 11 -1 -7 -9 -15 16 17 -11 -19 20 -10 23 -23 -21 -25 -12 -5 28 -8 -29
right_child=1 -3 3 26 -6 7 27 13 19 15 25 -13 -14 14 -16 -17 -18 18 -20 21 -22 22 -24 24 -26 -27 -28 29 -30 -31
leaf_value=0.043182381953266596 0.024285036139478609 0.0038370214869598075 5.9612694652460382e-05 -0.0012099740508840111 0.0050456919615914451 0.0073745244660226783 0.032395091310223029 0.004120696719702022 -0.0068232679237851292 0.0044026385133205323 0.0010784125128082487 0.0035086818943163775 0.00085235578572416385 0.029332600402001471 -0.016214063263388697 0.00056568540776423147 0.038550329429205159 0.040171982793973784 0.003459982018874712 0.000751981430057402 -0.00034300557966457151 0.02637743957788646 0.0031749658260399986 0.0064516872517339924 0.043427496284015238 -0.0039574178210171722 -0.004918765726768564 0.0095703345640749497 0.0025513090832925264 0.0010893289208120428
leaf_weight=44.003638505935669 200.27249604463577 1458.9613183885813 21765.950536414981 33560.844971319661 2182.2157707512379 921.98384743928909 105.08432972431183 3181.1729819774628 936.23619170486927 3039.6495673209429 3168.3354496657848 98.943204253911972 17592.908348575234 123.38272079825401 32.470443338155746 1755.8653474152088 56.770191252231598 91.574931859970093 148.25950434803963 11914.184919551015 74596.26132260263 129.11386150121689 384.4097563624382 205.51886934041977 38.037254571914673 1877.4063717275858 2306.1334018073976 534.26116070151329 194.94742268323898 2468.7864068895578
leaf_count=6 103 1347 21740 34373 1962 786 37 2919 1064 2772 3100 92 17293 51 43 1736 13 18 138 11735 75108 61 360 179 5 2026 2533 432 185 2415
internal_value=0.000130176 0.00630513 7.4327e-05 -0.000662755 0.000513956 0.000430917 0.000150141 0.00173879 3.63358e-05 0.00184717 -0.000340272 0.0157215 0.00117714 0.00485501 0.0198434 0.0040761 0.00592362 0.00535883 0.0174776 -0.000174731 -0.000423329 0.00130715 0.0090087 0.000981848 0.0122264 -0.000795306 -0.00144844 0.00354335 0.0130039 0.00259815
internal_weight=185114 1659.23 183455 59815.1 23948.2 123640 101788 21851.9 98484.6 10280.8 5188.69 142.947 18514.9 3337.03 155.853 5092.12 3336.25 3279.48 239.834 88203.8 75532.5 12671.3 513.524 12157.7 243.556 5045.74 35867 3303.08 300.032 3003.05
internal_count=184632 1450 183182 60608 23702 122574 101482 21092 98413 9901 5224 98 18079 3013 94 4677 2941 2928 156 88512 76172 12340 421 11919 184 5126 36906 3069 222 2847
is_linear=0
shrinkage=0.05


Tree=118
num_leaves=31
num_cat=0
split_feature=11 1 32 29 27 9 13 20 22 4 23 14 1 29 8 8 22 11 25 12 28 24 25 1 32 19 32 23 24 13
split_gain=24.0359 19.8955 15.9074 15.0159 14.5245 14.3557 26.0076 15.4819 14.6479 14.2249 13.1076 17.2606 12.8891 14.4063 25.8455 35.377 13.5596 14.4531 22.6986 19.7266 13.7772 21.4601 13.0919 11.8695 11.614 14.2878 13.9519 16.665 27.3836 12.8693
threshold=3.7690520744478802 -2.7334044263942037 0.48912312378082962 -3.012356386587963 -2.3055647465732769 1.1068518968919785 0.34192912756065325 0.57364316930209414 0.63823056479916052 -1.5476705093111283 -0.91291837413158283 0.32215965148384756 -0.21394711629508434 -4.3271377947710503 1.0000000180025095e-35 0.37187875177909463 -1.6097381078780992 0.12476053357150162 -1.6190724903578471 -0.25308356648972002 -0.25197838178761528 -0.32971920921155018 -0.32465235709698231 -0.28841311661599173 -0.72454832322156448 0.66884861846710686 -0.25054186014829899 -0.98320671293672224 -1.3219244117500393 1.691733032205607
decision_type=2 2 2 2 2 2 2 2 2 2 2 2 2 2 2 2 2 2 2 2 2 2 2 2 2 2 2 2 2 2
left_child=1 -1 4 -2 -3 6 7 8 9 -4 -7 -12 16 14 -14 -16 20 19 -19 23 21 22 -6 -18 25 -15 27 -26 -29 -28
right_child=3 2 5 -5 12 10 -8 -9 -10 -11 11 -13 13 24 15 -17 17 18 -20 -21 -22 -23 -24 -25 26 -27 29 28 -30 -31
leaf_value=0.0045913022130572327 0.020196825490770232 0.0036857092145280443 -0.0036339397784868176 0.0047521244938286628 0.0078020096303179883 -0.0032814595490216199 -0.00378183652807884 0.0017939320246295233 -0.0036469341281407165 -0.00021440141453568751 0.0055624200123730498 0.00043606352705918085 -0.0071555206792159112 -0.0024861575080899439 0.032184565145331565 -0.0090264528844573883 0.0012361171915003877 0.030012134831031063 0.0027804153127371119 -0.00077038757103123595 0.0033396082003385205 -0.0017643089227879164 0.039126424448101944 0.005857867005875636 -0.0061261692630016525 0.00039021793043609205 -6.6222552455902196e-05 0.032221440422327954 0.0020810389932146853 -0.0058121041455943719
leaf_weight=2416.9378429949284 206.35385692119598 3196.6375289037824 3362.6095844954252 663.01455315947533 49.765403419733047 1379.4667147547007 6997.7156699895859 6294.8506849706173 4255.6019988805056 31825.531219191849 2369.6159900724888 5347.6381976902485 146.09262400865555 10311.290173247457 168.3933065533638 75.389927536249161 15403.818494185805 77.547051101922989 5791.0293293297291 16663.256688565016 691.16436477005482 92.727983713150024 101.16267138719559 1526.8858892470598 621.81332680583 7426.9626774638891 46615.260365825146 75.934160530567169 9940.7414094209671 995.3038118481636
leaf_count=2195 123 2961 3607 600 42 1470 7527 6069 4566 31962 2106 5301 167 10824 60 89 15023 31 5469 16920 645 96 22 1348 698 7369 46677 27 9527 1111
internal_value=0.000123862 8.47202e-05 2.48089e-05 0.00841809 0.000360577 -0.000626663 -0.00094308 -0.000508768 -0.000876257 -0.000541175 0.00120769 0.00201013 0.000269553 -0.00011248 0.00947428 0.0194401 0.000991844 0.000850854 0.00314025 0.000450916 0.0069436 0.0171668 0.0287978 0.00165293 -0.000161668 -0.00128183 0.000179448 0.00181647 0.00230953 -0.000186341
internal_weight=185091 184221 181804 869.368 119971 61833 52736.3 45738.6 39443.7 35188.1 9096.72 7717.25 116775 76377.2 389.876 243.783 40397.4 39462.5 5868.58 33594 934.82 243.656 150.928 16930.7 75987.3 17738.3 58249.1 10638.5 10016.7 47610.6
internal_count=184632 183909 181714 723 119106 62608 53731 46204 40135 35569 8877 7407 116145 76549 316 149 39596 38791 5500 33291 805 160 64 16371 76233 18193 58040 10252 9554 47788
is_linear=0
shrinkage=0.05


Tree=119
num_leaves=31
num_cat=0
split_feature=24 28 3 19 13 21 11 12 11 1 1 15 21 12 32 9 10 3 2 18 2 6 5 8 22 14 13 23 5 30
split_gain=22.6412 18.9153 15.4157 12.9009 17.7447 17.0522 12.4136 14.179 21.3151 24.3405 15.0053 14.105 15.0071 12.4304 11.8172 11.7107 11.3472 42.3185 11.1283 11.3268 11.0335 11.9551 10.8735 12.0593 10.7333 10.6937 10.6039 10.5615 16.3759 11.6445
threshold=1.9046256214024124 0.2363710759795308 -3.0001278068992181 -2.118871167500143 -1.10743780543616 -2.1458731770471009 1.6070809300883082 0.021302770792105498 0.24705712050817899 0.30442129628628728 1.9867002109246543 -0.71910909818741708 -0.83862665430520855 -0.57050986537695425 0.30628372613946986 1.0543687403701003 -0.98249099602751078 0.53773286154042343 -1.0620255638431784 -0.23163549884991599 -1.837511465036237 -1.916963909188518 0.35993122193886878 -1.3075937021941926 -0.060701942727945282 -0.29485334471956021 0.6841017865950475 1.6992966493666286 0.35993122193886878 1.9869839797733451
decision_type=2 2 2 2 2 2 2 2 2 2 2 2 2 2 2 2 2 2 2 2 2 2 2 2 2 2 2 2 2 2
left_child=2 27 22 4 20 -6 7 11 -9 25 18 13 -13 -5 16 26 17 -14 -11 -20 21 -4 -1 -24 -19 -10 -16 28 -2 -29
right_child=1 -3 3 6 5 -7 -8 8 9 10 -12 12 14 -15 15 -17 -18 24 19 -21 -22 -23 23 -25 -26 -27 -28 29 -30 -31
leaf_value=0.00071842697662777072 -0.00070006087264035501 0.014801217023852781 -0.048702233872731766 0.0034913373792787462 -0.0062965595700244202 -0.028730092596844406 0.002153574861971405 -0.0012624129513227368 0.0031624426694673055 0.0026392312475572062 0.0051680728374057967 -0.0022110435544369076 -0.0063120453092489516 0.00078838074477137043 -0.00079215256530073587 0.0014667499170860753 0.00077077182994162059 0.01451064198385809 -0.0031516292532859759 -0.00050238502774609692 0.00060991358095674204 -0.0082801579198495609 -0.00091734582624672747 0.013302903050053961 0.043586446369606575 0.00045814942356038249 -0.0046586284530782465 -0.0012130200812936931 0.019737583746925625 0.0035984370973478502
leaf_weight=711.21918088197708 181.45934870839119 326.7158414721489 21.27611418068409 5360.2917413860559 242.46597126126289 130.19164174795151 6513.5482767522335 45654.308197274804 7991.4500520974398 1855.9664946347475 1022.7086565792561 7060.7667462844402 164.26325759291649 20599.809874240309 16245.619820140302 5244.8578969687223 31686.460617333651 53.537175685167313 6208.6525778546929 11522.228105276823 915.16340985894203 130.40458838641644 206.21656179428101 538.18971064686775 77.959899485111237 6737.7378125190735 1990.5365927368402 1963.3679060935974 213.13565745949745 3497.7270117104053
leaf_count=701 184 230 42 4986 273 205 6233 46807 7486 1758 917 7373 185 20275 16503 5091 31198 38 6600 11638 904 152 210 395 10 6676 2176 2011 129 3246
internal_value=0.000117858 0.00309269 1.50462e-05 -2.6995e-05 -0.00474116 -0.0141339 1.15642e-05 -7.07601e-05 -0.00054878 0.000373165 -0.000736173 0.000366791 -3.9983e-05 0.00134649 0.000236405 -0.00061536 0.000861762 0.01061 -0.00104446 -0.00143005 -0.00146019 -0.0139501 0.00513956 0.00936359 0.0317486 0.00192539 -0.00121419 0.00243942 0.0103391 0.00186863
internal_weight=185068 6182.41 178886 177430 1439.5 372.658 175991 169477 80993.1 35338.7 20609.6 88484.1 62524 25960.1 55463.2 23481 31982.2 295.76 19586.8 17730.9 1066.84 151.681 1455.63 744.406 131.497 14729.2 18236.2 5855.69 394.595 5461.09
internal_count=184632 5800 178832 177526 1576 478 175950 169717 81882 35075 20913 87835 62574 25261 55201 23770 31431 233 19996 18238 1098 194 1306 605 48 14162 18679 5570 313 5257
is_linear=0
shrinkage=0.05


Tree=120
num_leaves=31
num_cat=0
split_feature=11 11 5 4 2 8 8 21 5 8 28 1 14 20 9 8 8 5 28 20 21 2 19 9 17 21 20 2 22 5
split_gain=20.9981 17.8957 15.4946 17.1957 41.353 38.8551 17.4427 15.1053 15.4274 21.732 16.073 14.0282 13.8916 19.0993 16.5931 36.1877 29.0441 45.7154 26.3217 19.0789 34.7292 25.1913 18.0528 15.3062 20.1604 15.7477 16.387 14.9019 14.4151 16.1648
threshold=3.7690520744478802 -3.8672903796279781 1.0000000180025095e-35 -0.11002554268111665 -0.37951249872347043 -1.0976596454475318 1.6314830922590604 1.1657838607527011 1.0731953774504845 0.68677983689908606 2.2537844959010331 0.58381117426596651 -1.1678072836425473 -1.0432738520187603 -0.83502489441752281 1.1591314645790731 0.52932929433909037 0.35993122193886878 -1.2973845298745126 0.15031653345443019 -0.52743274661487938 -0.67441728687869706 0.92041525571557048 0.63450348819507285 -0.51862731409015506 -0.88043913155142828 -0.89970144047360501 -0.64125718489003047 -0.25272119502759843 0.35993122193886878
decision_type=2 2 2 2 2 2 2 2 2 2 2 2 2 2 2 2 2 2 2 2 2 2 2 2 2 2 2 2 2 2
left_child=1 -1 11 12 5 -5 7 -6 -9 10 -10 -3 28 -14 15 -15 23 18 22 20 -20 -22 -18 -16 25 26 -25 -19 -4 -30
right_child=-2 2 3 4 6 -7 -8 8 9 -11 -12 -13 13 14 16 -17 17 27 19 -21 21 -23 -24 24 -26 -27 -28 -29 29 -31
leaf_value=0.0072986061185043487 0.0079117950571658633 -0.00020577600883908546 0.00035625393334056028 0.03852532858248895 0.00036937467455714853 0.0071135291589301229 0.0059714369532562813 0.0039511162246392024 0.0010780864353493681 -0.0084835428257452258 0.024229754729416474 -0.002037030078474293 -0.0039647836235243766 -0.0062116463606293713 -0.0014150624143310893 0.00012302199022782556 0.010650067381070815 -0.0039862204866015494 -0.0012004843221354413 -0.00016502846635458874 0.0070324146297328629 0.028288696365101274 0.032802412453515006 0.036874225673336168 0.00081638725103605828 0.0042536733992776894 0.0069218035494687559 0.0042608590679404238 0.010986673289475578 0.0018348613236948406
leaf_weight=853.60211127996445 858.9104720056057 60204.228287987411 8418.9859367385507 130.72269797325134 51886.309775492176 398.72714278101921 1611.4539072066545 6326.9720349609852 2202.4894840419292 652.32026167213917 77.608885049819946 12656.371797904372 4143.4429057016969 3436.1206703037024 12736.540015935898 6556.1309657096863 179.16167928278446 1318.8550588414073 334.95776878297329 562.14460216462612 245.53392733633518 322.41269737482071 188.97999465465546 99.041776955127716 5189.7366986125708 281.989854991436 84.729637980461121 936.83438567817211 730.5196049362421 1421.1523502022028
leaf_count=729 723 60452 8359 30 51503 342 1419 5827 2155 763 40 13172 4472 3863 13097 6540 141 1424 343 564 211 140 65 26 5105 258 73 857 570 1369
internal_value=0.00011213 7.57587e-05 4.21292e-05 0.000415426 0.000954076 0.0148692 0.000836681 0.000701358 0.00256167 -0.000436182 0.00186611 -0.000523877 -0.000307 -0.00076794 -0.000360036 -0.00205533 0.000393485 0.00420506 0.0100696 0.00706628 0.0115685 0.0190992 0.0220216 -0.000453898 0.00171071 0.0116756 0.0230644 -0.000561038 0.00128969 0.00494202
internal_weight=185047 184188 183334 110474 63286.6 529.45 62757.2 61145.7 9259.39 2932.42 2280.1 72860.6 47187.3 36616.6 32473.2 9992.25 22480.9 4088.88 1833.19 1465.05 902.904 567.947 368.142 18392 5655.5 465.761 183.771 2255.69 10570.7 2151.67
internal_count=184632 183909 183180 109556 62079 372 61707 60288 8785 2958 2195 73624 47477 37179 32707 10403 22304 3745 1464 1258 694 351 206 18559 5462 357 99 2281 10298 1939
is_linear=0
shrinkage=0.05


Tree=121
num_leaves=31
num_cat=0
split_feature=20 8 27 22 24 32 2 13 9 1 29 8 22 24 21 21 28 29 12 11 14 12 15 13 21 4 14 21 6 28
split_gain=20.3258 26.4762 15.9293 20.0832 17.8563 14.6165 15.0348 14.3021 13.8872 13.7278 23.8083 28.8893 14.0954 21.7071 14.5719 18.2036 23.0348 18.9251 14.2678 12.2833 12.042 12.842 11.8581 11.8328 16.216 14.1325 10.707 10.3934 10.1026 9.75592
threshold=2.7122881250082007 -0.94020910288753601 0.46653891652715368 -0.89284838510489895 0.40896907206596084 0.52835873908323272 1.1478048380030486 0.3975851556751146 0.52953717515131593 -0.21394711629508434 -4.3271377947710503 0.056977666659103185 -1.1339383510567866 -1.8713447490595676 -1.0248047760311565 -0.99309227256588328 -0.38822604220946505 -0.10969566550087066 -0.93711423120228809 1.0000000180025095e-35 -1.2435120475935519 0.61712266236509061 0.46604509447754616 -0.35264016143128801 -1.309163539620773 -0.9350997378048892 -0.82318433579990791 3.4053802840547092 -1.3515627163517554 0.67322175200865553
decision_type=2 2 2 2 2 2 2 2 2 2 2 2 2 2 2 2 2 2 2 2 2 2 2 2 2 2 2 2 2 2
left_child=2 -2 5 4 -4 9 7 -7 26 12 11 29 13 -1 -14 16 17 -16 -17 -20 21 -12 -3 28 -25 -26 -9 -22 -5 -11
right_child=1 22 3 23 -6 6 -8 8 -10 10 20 -13 14 -15 15 18 -18 -19 19 -21 27 -23 -24 24 25 -27 -28 -29 -30 -31
leaf_value=0.032580636595280231 0.023120728083182825 0.029614855644490186 0.00014086723217891477 -0.0067666040848002361 0.0055646377066035577 -0.00030709808256342989 0.002919830978327874 0.025233996921591936 -0.0013229430399960248 -0.010747227647860553 0.0015250981924485271 0.030909393998339835 -0.0020843512490701255 0.004904383714587692 0.045982431934315691 0.0034038946818228202 0.0035852183496577284 0.0076656559366732437 0.00019624092200147848 0.0031097458957612921 -2.3721228548403261e-05 0.0090178922021990921 0.0025571394613271899 -0.010586475028660558 -0.0065319355405904561 -0.0015337086300546993 -0.0069178565071851472 -0.014568217411987461 -9.5051067377505724e-05 0.02200458456318985
leaf_weight=74.629592299461365 191.59745103120804 41.697030276060104 22317.877159357071 589.25490665435791 1628.2077199518681 25257.867147743702 2936.4805361777544 26.245656609535217 3890.0730963498354 90.539112061262131 4440.4422093331814 138.81172516942024 2885.7036018967628 1398.1403308808804 74.672038435935974 7288.1627727076411 249.92038363218307 56.691560372710228 16437.514262720942 4638.4905409663916 50891.855658262968 656.38400435447693 1401.6861390769482 556.22975298762321 1535.4153224527836 17922.24981302768 1930.852755472064 123.12559193372726 15325.865199608728 30.362113773822784
leaf_count=26 103 17 22255 669 1447 25413 2765 13 3993 110 4305 53 3006 1261 6 6792 232 48 16373 4350 50916 538 1330 674 1736 18472 2198 159 15355 17
internal_value=0.000106753 0.00565697 5.7272e-05 -0.000612024 0.000509655 0.000381715 -0.000500096 -0.000822956 -0.00305129 0.000717205 0.000242605 0.0153464 0.00152539 0.00630682 0.00130276 0.00164278 0.0124951 0.0294464 0.0014969 0.000837457 0.000172698 0.00249004 0.00333879 -0.0013596 -0.00216876 -0.00192812 -0.00648668 -5.88246e-05 -0.000342064 -0.00252221
internal_weight=185027 1634.98 183392 59875.1 23946.1 123517 34041.5 31105 5847.17 89475.4 56371.5 259.713 33103.9 1472.77 31631.2 28745.5 381.284 131.364 28364.2 21076 56111.8 5096.83 1443.38 35929 20013.9 19457.7 1957.1 51015 15915.1 120.901
internal_count=184632 1450 183182 60608 23702 122574 34382 31617 6204 88192 56098 180 32094 1287 30807 27801 286 54 27515 20723 55918 4843 1347 36906 20882 20208 2211 51075 16024 127
is_linear=0
shrinkage=0.05


Tree=122
num_leaves=31
num_cat=0
split_feature=11 12 9 5 9 26 9 21 9 4 4 29 5 4 13 2 29 32 29 5 1 8 29 30 32 2 3 28 26 14
split_gain=18.9495 16.4495 14.6742 13.9398 14.7607 20.3446 20.5882 21.0654 17.9033 23.6897 39.1319 30.69 21.1859 32.5224 20.0068 19.7521 18.3655 17.2794 16.9374 25.9464 17.3184 55.3943 16.0924 15.2944 15.0749 14.8152 14.7753 25.6048 22.9868 23.694
threshold=2.6074592670081795 -3.8977616674362632 -1.6747553987675772 -1.0665970890843621 -0.83502489441752281 -0.4697361511652714 1.0000000180025095e-35 -0.29476797936621796 -1.2024069900706715 0.20444622957739281 0.30549632740816363 0.36139386390591877 1.0731953774504845 0.64699858188642301 -1.0176716066999958 0.062399850876570379 -0.45873122157732343 0.16876223977401514 -2.0636278377884669 1.0731953774504845 1.4846509032658053 -0.047989361714227276 0.086566157264465662 2.0323130246474004 1.0057691841126928 -0.08057790673001114 0.28081040834172971 1.0698067462586416 1.4451303155978639 -0.8495891876310514
decision_type=2 2 2 2 2 2 2 2 2 2 2 2 2 2 2 2 2 2 2 2 2 2 2 2 2 2 2 2 2 2
left_child=1 -1 -3 -4 8 6 -6 -8 22 14 11 15 17 -14 16 -11 25 -12 19 20 24 -22 -5 -24 -7 -10 28 -28 29 -20
right_child=-2 2 3 4 5 18 7 -9 9 10 12 -13 13 -15 -16 -17 -18 -19 26 -21 21 -23 23 -25 -26 -27 27 -29 -30 -31
leaf_value=0.0072458453182010583 0.0045295196846713561 0.0034756988187757266 -0.00095862058058998286 0.0015413621831641285 -0.006671405548568609 0.0045146118947251334 -0.0024415563317454676 0.0009037888261539007 0.0053993762656940674 -0.014472073462115995 -0.0022768255720913787 0.024541602725974273 0.00073868466983118019 -0.017004927266564437 -0.0051014671091721107 0.010407790545054009 -0.0017883996923245789 0.0047006147690712543 0.0031056830570522199 -0.0088331285985606516 -0.011039855097457313 0.037120752141512378 -0.001510360552497684 0.015917084243437497 0.031440488688685396 0.031635711343832099 -0.00084484689049179034 0.0036157673706593545 0.0052425380981594794 0.00040729397256786259
leaf_weight=789.39696767926216 2385.0638760328293 3008.105362072587 33894.167074650526 11070.265780761838 1463.7011248320341 1475.1990212202072 8192.929996445775 11055.842950344086 382.2816494256258 115.55390714108944 1950.1949272155762 282.81434544920921 577.53228458762169 467.12982466816902 6452.6412563100457 257.62644186615944 3022.8777294158936 1628.0574155002832 9924.4435220062733 282.15395696461201 94.200747936964035 163.05300137400627 9254.4489104524255 127.62992504239082 53.88072806596756 62.621536999940872 24530.509506065398 3702.7668735533953 3216.2234791666269 45124.579392597079
leaf_count=675 2169 2799 34544 10729 1659 1342 8593 10856 341 149 2039 144 569 626 7111 204 3131 1475 9308 332 115 42 9534 87 20 23 24945 3435 2879 44757
internal_value=0.000101589 4.37595e-05 1.24929e-05 -4.57633e-05 0.000167721 0.000455934 -0.000954801 -0.000520103 -0.000715708 -0.00201545 0.00069057 0.0121186 -0.000931074 -0.00719553 -0.00345539 0.00270383 -0.000392457 0.000897817 0.000785851 0.00525716 0.00748274 0.0194854 0.000250203 -0.00127328 0.00546341 0.00909222 0.000678926 -0.000259842 0.00113382 0.00089377
internal_weight=185008 182623 181833 178825 144931 109279 20712.5 19248.8 35651.7 15199.3 5278.91 655.995 4622.91 1044.66 9920.42 373.18 3467.78 3578.25 88567 2068.49 1786.33 257.254 20452.3 9382.08 1529.08 444.903 86498.5 28233.3 58265.2 55049
internal_count=184632 182463 181788 178989 144445 108283 21108 19449 36162 15812 5206 497 4709 1195 10606 353 3495 3514 87175 1851 1519 157 20350 9621 1362 364 85324 28380 56944 54065
is_linear=0
shrinkage=0.05


Tree=123
num_leaves=31
num_cat=0
split_feature=20 8 27 8 9 1 13 20 16 9 1 20 13 21 22 19 24 19 20 29 4 20 5 24 36 28 8 21 9 32
split_gain=17.89 24.6863 14.5683 13.1611 15.1533 21.3812 16.785 28.0965 16.6613 16.2244 15.1078 15.1033 22.6554 18.8643 15.4539 24.6622 31.2868 27 31.6094 24.43 22.5927 20.0258 19.624 25.3017 30.6931 16.5664 16.4603 15.1522 14.3535 15.5604
threshold=2.7122881250082007 -0.94020910288753601 -2.3055647465732769 -1.6749783015008493 1.1068518968919785 -2.7334044263942037 0.44578319704479408 -0.13546383028202683 -0.80485263443371258 -1.622272242245699 0.30442129628628728 -0.43161789303907983 -0.54545602611523758 1.0539175781750278 -0.33723645859733736 -0.66300697347437221 -0.93760263530121057 -0.697977674425727 -1.0909823164814307 0.36883846378529139 -1.6057630796391396 -0.99717195504908018 0.35993122193886878 -0.59334254040556211 1.0000000180025095e-35 -0.36182310792521344 -0.57282450358087955 -1.0113282552268306 0.21463823602004542 -0.060769704297022872
decision_type=2 2 2 2 2 2 2 2 2 2 2 2 2 2 2 2 2 2 2 2 2 2 2 2 2 2 2 2 2 2
left_child=2 -2 -1 -4 5 -5 11 8 -8 -9 -6 12 14 -14 -7 16 -16 20 -19 26 -18 -22 23 24 25 27 -17 -23 29 -13
right_child=1 -3 3 4 10 6 7 9 -10 -11 -12 28 13 -15 15 19 17 18 -20 -21 21 22 -24 -25 -26 -27 -28 -29 -30 -31
leaf_value=0.0028450891219558975 0.022424064877048851 0.0030995322223136535 -0.0036125376816838802 0.0066859838397785622 0.001961392340790063 -0.0006305521574816996 -0.046546902592177287 0.0059789202046785341 -0.0065619726006156511 -0.0010988114620172601 -0.00033799943330176883 0.001442509747168286 -0.0027674566182709012 0.017237577533519087 0.00046441243322495221 0.0041677855168600888 -0.010295153965056784 0.039617665906194088 0.0017772071676976206 0.010563432381942134 -0.0009383036476448706 0.014668127397214958 0.0024540841688316705 0.0064297905756969219 -0.0049342612311494595 0.012840663546256986 -0.0061165621211641862 0.041173484403521324 0.0019214764924463592 -0.00036719022355356258
leaf_weight=4547.776593722403 186.75704008340836 1436.0197946727276 2514.3372414708138 1125.5017282664776 18139.57652837038 23180.667600899935 26.412033200263977 834.82731768488884 1916.4819575697184 26892.014911919832 11784.338012307882 16457.811053395271 11725.029769584537 119.03881657123566 2709.163383230567 499.64856144785881 179.94812685251236 139.66031154990196 91.243159711360931 338.51830425858498 442.69240319728851 70.75764188170433 426.95570534467697 423.45447273552418 81.916092172265053 119.75455892086029 1757.948032990098 226.58997848629951 13909.536964088678 42685.525848500431
leaf_count=4289 103 1347 2696 975 17428 23473 51 735 2168 27483 11864 15983 12374 78 2684 458 217 29 88 267 451 50 406 369 90 89 1973 40 13375 42999
internal_value=9.67361e-05 0.00532349 5.04799e-05 -2.05933e-05 3.06325e-05 -0.000178951 -0.000232144 -0.00129301 -0.00710553 -0.000885708 0.00105587 4.01696e-05 -0.000708877 -0.0025664 8.0132e-06 0.00197949 0.00406275 0.00848791 0.0246647 -0.00196226 0.00659381 0.00828964 0.011317 0.015419 0.0230471 0.0285424 -0.00384044 0.0348662 0.000476281 0.000136395
internal_weight=184990 1622.78 183367 178819 176305 146381 145256 29669.7 1942.89 27726.8 29923.9 115586 42533 11844.1 30688.9 7508.25 4912.14 2202.97 230.903 2596.11 1972.07 1792.12 1349.43 922.473 499.018 417.102 2257.6 297.348 73052.9 59143.3
internal_count=184632 1450 183182 178893 176197 146905 145930 30437 2219 28218 29292 115493 43136 12452 30684 7211 4513 1829 117 2698 1712 1495 1044 638 269 179 2431 90 72357 58982
is_linear=0
shrinkage=0.05


Tree=124
num_leaves=31
num_cat=0
split_feature=24 28 8 9 1 13 20 24 32 10 20 13 21 2 9 17 22 2 28 19 24 19 24 21 29 25 30 8 9 35
split_gain=17.3951 15.2652 12.652 15.8185 19.0318 17.0319 22.3037 16.257 14.7974 14.6658 13.9294 18.1134 18.6419 15.1123 14.8148 14.5224 14.4566 23.2414 18.0713 25.0873 30.5058 23.1344 24.2231 34.0802 17.283 15.1938 14.5416 13.9411 16.9302 19.2023
threshold=1.9046256214024124 0.14766856526775282 -1.6749783015008493 1.1068518968919785 -2.7334044263942037 0.3304060957342333 -0.029922035618811963 -0.28285223142008603 0.24445806711289228 1.0264538262105403 -0.43161789303907983 -0.54545602611523758 1.0539175781750278 0.59243211264404894 0.21463823602004542 0.54111147557545947 -0.33723645859733736 -1.6585668891144765 -0.38822604220946505 -0.67987803712169748 -0.91269137808084344 -0.697977674425727 -0.59334254040556211 -1.0113282552268306 0.36883846378529139 -0.63209056609212932 -1.2329508912238112 1.2640984929524037 -0.88750805093940122 1.0000000180025095e-35
decision_type=2 2 2 2 2 2 2 2 2 2 2 2 2 2 2 2 2 2 2 2 2 2 2 2 2 2 2 2 2 2
left_child=2 -2 -1 4 -4 9 -7 -5 -8 10 11 16 -13 -14 15 27 -6 25 19 20 26 22 23 -22 -21 -18 -19 28 29 -12
right_child=1 -3 3 7 5 6 8 -9 -10 -11 14 12 13 -15 -16 -17 17 18 -20 24 21 -23 -24 -25 -26 -27 -28 -29 -30 -31
leaf_value=-0.0035162551794761738 0.0020732390841983425 0.012474903934349628 0.0059144192030632127 -0.00028519729636918966 -0.00060342767599867188 -0.0047613867439044799 3.8507603574076868e-06 0.0020699772373151282 -0.0024106132531027491 -0.041359429554934421 -0.0022248741372980791 -0.0024946355926246224 0.033342482828979052 -0.0033672215031645553 0.0021146595702269361 0.031312559718017052 0.0017242041044543293 0.015949844321731174 0.00067829286056254293 -0.0024696260607200179 0.0042862986376186541 0.036790171139157744 0.005763884577548898 0.032087222561223316 0.016885587358203762 -0.011766222630993341 -0.004116310038627607 0.0014223255846550025 0.00030459957801462706 0.016570498601563368
leaf_weight=2518.8608493208885 5756.7003236562014 375.7485386133194 1277.0615459680557 12508.651324525476 23290.912374805659 3889.6020123362541 20706.594721496105 17688.287029922009 9149.8643159717321 21.344266511499882 10925.828150808811 11576.420968726277 66.036249399185181 48.719044029712677 12161.341962695122 37.458314120769501 369.75050714612007 113.06849858164787 3909.0293305516243 945.30881524831057 185.93987622857094 102.1966298520565 654.44263817369938 270.75644749403 131.36273965239525 479.22632636129856 448.10889662802219 15926.040291577578 29300.498386152089 137.60300867259502
leaf_count=2696 5518 282 1126 12580 23572 4260 20705 16956 9591 39 11412 12154 22 52 11647 14 357 77 3856 992 170 27 579 97 87 592 485 15473 29122 92
internal_value=9.2112e-05 0.00271057 2.32485e-06 5.25899e-05 -0.000162698 -0.000216278 -0.00120005 0.00109438 -0.00073609 8.25344e-05 9.04976e-05 -0.000619517 -0.00229585 0.0177575 0.000532036 0.000190341 1.47299e-05 0.00190684 0.00288611 0.00591306 0.00956637 0.0140248 0.011931 0.0207683 -0.000108132 -0.00589081 -7.32927e-05 0.00016963 -0.000324634 -0.0019911
internal_weight=184973 6132.45 178840 176321 146125 144847 33746.1 30196.9 29856.5 111101 111080 42591.3 11691.2 114.755 68488.8 56327.4 30900.1 7609.19 6760.21 2851.18 1774.51 1213.34 1111.14 456.696 1076.67 848.977 561.177 56290 40363.9 11063.4
internal_count=184632 5800 178832 176136 146600 145474 34556 29536 30296 110918 110879 43119 12228 74 67760 56113 30891 7319 6370 2514 1435 873 846 267 1079 949 562 56099 40626 11504
is_linear=0
shrinkage=0.05


Tree=125
num_leaves=31
num_cat=0
split_feature=20 8 1 32 32 26 20 32 8 25 10 20 22 6 21 10 25 15 4 10 29 22 25 17 9 26 20 27 2 23
split_gain=16.5461 15.5438 15.6027 14.2019 16.482 15.3133 20.2794 19.4125 50.3911 42.3789 31.6986 17.898 16.9649 16.7939 15.2653 14.9608 15.0697 14.5022 14.1124 25.2552 14.7556 13.8875 20.9746 14.4959 21.6515 18.5727 17.6842 14.3601 13.8173 13.6101
threshold=1.2717190332981276 -1.3600772163808579 3.4076219123276772 -0.72454832322156448 0.48912312378082962 0.28298148207271029 0.19254049483626454 -0.069501741968237205 -0.15295639008755771 0.51811423813573676 -0.57868579892585059 -1.2849715020852694 -0.78395817398794498 -1.0009166226798658 -1.0731865390004225 -1.7642549255877944 1.1822847772576119 -0.90488872508673202 -0.10082503325137634 -1.2099439627820228 -0.79573187080582286 0.63823056479916052 -0.90185719554021893 -0.60192241778360034 0.057188766454410164 1.8115580514395688 0.74485672072303755 0.53423071601520544 2.928398773702384 0.18562645631661809
decision_type=2 2 2 2 2 2 2 2 2 2 2 2 2 2 2 2 2 2 2 2 2 2 2 2 2 2 2 2 2 2
left_child=3 2 -2 14 5 28 7 8 13 -10 -11 17 -8 -7 -1 16 -16 -9 20 -20 -17 22 -6 -24 25 -25 -27 -23 -5 -3
right_child=1 29 -4 4 21 6 12 11 9 10 -12 -13 -14 -15 15 18 -18 -19 19 -21 -22 27 23 24 -26 26 -28 -29 -30 -31
leaf_value=-0.004959312947841959 0.005524024251595829 0.0061534606609177714 0.025865382240930431 0.00023547578243393328 -0.0016231647069990176 0.035649065314110009 0.0098572935226343365 0.042023793744146574 0.0015622061601321736 0.0070503082441551197 0.035499551882125967 0.0014784081995958761 0.00045441800123752072 0.00028994219298531453 0.0037098791783179725 -0.019908104775448392 0.031951879732049958 0.0034146347532741173 0.040846988708152426 0.00013547105158818169 -0.0022541483670361104 -0.0014450886259702934 0.0020510896383715729 -0.0022364542093432482 0.0011426802658349529 0.036701100825909279 -0.0014746264199301845 -0.0068190349296623756 -0.038971626581261867 0.00082603808348329566
leaf_weight=2500.0312491804361 599.19989609718323 1287.444820702076 111.87249889969826 67658.639423174784 16842.245238177478 34.840934604406357 500.71362239122391 50.149157881736755 233.28890809416771 136.20586660504341 348.26509442925453 2692.6156988292933 11429.878851726651 928.38355208933353 163.10175696015358 120.15774157643318 66.48891618847847 47.225131571292877 38.238780200481415 10054.241173610091 7921.8590887486935 8866.7356189936399 10767.710799947381 9437.8534507080913 13107.55488306284 60.155357003211975 61.195199072360992 1445.8182917535305 22.47907643020153 17421.821760252118
leaf_count=2748 533 1129 54 67340 17389 10 402 8 226 117 101 2613 11326 923 151 168 24 44 7 10027 8279 9123 10326 9860 12808 16 63 1643 40 17134
internal_value=8.76995e-05 0.00146841 0.00872432 -7.4282e-05 0.000101593 0.000554624 0.00192532 0.00479733 0.00904186 0.0190704 0.0275012 0.00223997 0.000849046 0.00156892 -0.0012938 -0.000794792 0.0118887 0.0232989 -0.00095537 0.00028972 -0.00251792 -0.000527099 -0.000184265 0.000540564 -0.000177002 -0.00198655 0.0174497 -0.00219851 0.000222454 0.00119264
internal_weight=184956 19420.3 711.072 165536 144672 84082.7 16401.6 4470.97 1680.98 717.76 484.471 2789.99 11930.6 963.224 20864.1 18364.1 229.591 97.3743 18134.5 10092.5 8042.02 60589.3 50276.7 33434.5 22666.8 9559.2 121.351 10312.6 67681.1 18709.3
internal_count=184632 18850 587 165782 144378 83150 15770 4042 1377 444 218 2665 11728 933 21404 18656 175 52 18481 10034 8447 61228 50462 33073 22747 9939 79 10766 67380 18263
is_linear=0
shrinkage=0.05


Tree=126
num_leaves=31
num_cat=0
split_feature=27 20 6 5 8 29 2 29 8 2 15 14 1 28 4 2 4 32 23 10 4 13 19 8 2 8 4 5 19 9
split_gain=15.9099 16.6506 15.0391 11.2964 17.0293 21.2494 23.8191 22.5914 17.9061 14.5717 14.5543 14.4865 14.4429 20.9963 19.9802 18.0096 15.442 14.0279 15.7111 13.609 12.422 17.5642 20.2133 15.3144 34.779 15.1792 21.3874 16.1377 16.8912 14.3591
threshold=-1.1914228717872271 2.3605703234018311 2.1034486337259826 -1.0665970890843621 1.2116149787657384 -0.79573187080582286 -0.44515106003996624 -1.6561564200354002 0.31939523759242944 2.4053761629119559 -0.84175285206181305 0.04833495807778173 -0.22974958291214326 0.35036905211446828 -0.77571971822536312 0.14485733754864191 0.11112396763584743 -2.1318435543125287 0.27228363783315629 -0.33998827163442941 0.4806464107498874 -1.0478153446500318 -1.8922920395251202 0.47684578015242507 0.36465122730408089 1.106647950392408 1.5912716763988524 0.35993122193886878 -0.49188159622418631 -0.73005858137376589
decision_type=2 2 2 2 2 2 2 2 2 2 2 2 2 2 2 2 2 2 2 2 2 2 2 2 2 2 2 2 2 2
left_child=1 -1 -3 4 8 6 7 -6 9 11 17 -2 13 14 -7 -15 -17 18 -10 -8 21 -5 -23 24 -22 26 -25 -28 29 -29
right_child=3 2 -4 20 5 12 19 -9 10 -11 -12 -13 -14 15 -16 16 -18 -19 -20 -21 23 22 -24 25 -26 -27 27 28 -30 -31
leaf_value=0.0010966146989407621 0.00060865601201703316 0.0040541021090357201 0.019083630478693509 0.0011199772437121909 0.035534831564352068 0.0077581099255595162 -0.013174206448369039 0.0092890014526016522 0.033642615062073944 0.0096755757713581202 -0.0051845224961968384 -0.0022123002323992612 -0.0017581748979063152 0.0056791420890170306 -0.0075487296958976005 0.038301669852205456 0.0072179004066337694 -0.0015512981552385906 -2.8356883102040019e-05 0.0061242135737327834 0.0093055179324629932 -0.012241978516277294 -0.00051710844092233148 -0.0014130846433935067 0.0010464780218485408 0.0010496794634169697 -0.0049024450379456805 -0.10051273907219696 -0.016783868594008922 -0.014926027127497908
leaf_weight=20239.907603047788 9274.9045208692551 573.50059881806374 234.50360110402107 19412.838748853654 127.8934298157692 415.46436467766762 114.76202741265297 228.43949617445469 61.134468138217926 339.74446651339531 4740.4596083685756 8935.633902579546 2913.5494120270014 294.44375866651535 437.88977098464966 102.57874071598053 65.447933375835419 3172.5680194497108 79.954655081033707 447.85521984100342 1331.8759033679962 369.52552868425846 70085.16737749055 4800.3344219326973 29677.129270225763 5738.4711006432772 456.26383192837238 11.62692277133465 248.56301930546761 8.4711790978908521
leaf_count=19796 9162 527 145 18978 37 351 145 186 20 274 5232 9331 3016 261 504 24 56 3271 80 393 1084 460 70810 4936 29056 5618 501 35 332 11
internal_value=8.3514e-05 0.0013776 0.00841606 -8.26786e-05 -0.000929489 0.00170273 0.00859406 0.018709 -0.00143886 -0.000584134 -0.00340747 -0.000775544 0.000205397 0.00455321 -9.64351e-05 0.0131328 0.0261943 -0.00086525 0.0145614 0.00218774 0.000120806 -0.000211683 -0.000578604 0.000827644 0.00140121 -0.000751392 -0.00262196 -0.010627 -0.0203488 -0.0644387
internal_weight=184941 21047.9 808.004 163893 31752.7 5148.32 918.95 356.333 26604.4 18550.3 8054.12 18210.5 4229.37 1315.82 853.354 462.47 168.027 3313.66 141.089 562.617 132140 89867.5 70454.7 42272.7 31009 11263.7 5525.26 724.925 268.661 20.0981
internal_count=184632 20468 672 164164 32343 4973 761 223 27370 18767 8603 18493 4212 1196 855 341 80 3371 100 538 131821 90248 71270 41573 30140 11433 5815 879 378 46
is_linear=0
shrinkage=0.05


Tree=127
num_leaves=31
num_cat=0
split_feature=11 29 19 12 28 20 14 9 32 12 1 26 30 32 21 4 32 8 15 25 23 25 24 5 21 3 25 5 8 7
split_gain=15.2538 17.6696 16.9702 15.4935 17.3066 22.9072 16.98 21.8982 16.0557 15.9356 15.5051 14.9774 17.4257 29.1794 22.6103 19.3194 16.5612 15.2048 14.1018 19.7692 13.8912 15.0955 13.7162 14.3541 22.3207 23.3819 14.7629 13.4794 12.6152 13.2449
threshold=1.6070809300883082 -4.3271377947710503 3.022297671503765 -0.55883537689057061 -0.7992824994672415 0.44912183786927523 -0.42513781215855401 0.42457086210755912 -0.69130325028155071 1.6851064859756575 -1.1482845523649283 0.26134363317183201 0.3203128024032646 -0.30360389587028019 0.21465217051682803 -2.234318619315244 0.95803495855330556 -0.73027504614087524 -0.71910909818741708 0.44850267568119317 -0.64959104693531533 -0.41663858966247708 0.35317910347369497 1.0000000180025095e-35 0.50473240590148383 0.48033777742539235 0.54795415877852538 -1.0665970890843621 0.79174686527241656 0.50961791053094319
decision_type=2 2 2 2 2 2 2 2 2 2 2 2 2 2 2 2 2 2 2 2 2 2 2 2 2 2 2 2 2 2
left_child=3 2 -2 18 11 6 9 22 -9 10 -6 17 13 14 15 -13 27 20 -1 -20 21 -5 -8 24 25 26 -24 -14 -12 -30
right_child=1 -3 -4 4 5 -7 7 8 -10 -11 28 12 16 -15 -16 -17 -18 -19 19 -21 -22 -23 23 -25 -26 -27 -28 -29 29 -31
leaf_value=0.0032009522359293038 0.021652541553621039 0.0018292047124854795 -0.011394500999478814 -0.0042762559371609865 0.0091839159877405412 0.0015018302853857621 -0.0031703822717470548 -0.0039339258511409533 0.00021240356195852207 0.01738046919845777 0.00080779525838793663 0.039790444162968085 -0.0033817820983964918 0.0015015571416346059 0.038289190614817177 -0.0032973540908516788 -0.0072974474967516028 -0.0052075705190300177 -0.00071254489238265037 0.0018055273979659687 -0.0012906611519763109 0.030609749724688828 0.0010053955289567309 -0.0028317189747850326 -0.0038040472527393248 0.02951735626968572 0.034347117214431365 -0.00016126253186011285 -0.0010375079211550561 0.010508305914625836
leaf_weight=5630.4564478397369 202.84005436301231 7331.2055184096098 48.049906015396118 54.35157522559166 482.65286964178085 21516.27590085566 12868.066222436726 2595.7687629014254 23219.638678088784 136.42133650183678 29715.073921931908 34.281607270240784 4103.4598548710346 2228.937541231513 98.199874818325043 107.88528034090996 1042.8038698136806 4264.8136459290981 16421.972146011889 14836.763657093048 2944.9805615097284 72.201233685016632 247.98649045825005 793.08416965603828 294.58750486373901 156.2298324406147 38.331595361232758 15604.671023830771 17582.167250990868 251.95171511173248
leaf_count=5270 115 7063 59 59 394 20870 13684 2800 23121 89 29235 7 4381 2162 23 115 1195 4709 16656 14301 3021 28 243 838 317 64 12 15655 17947 199
internal_value=7.9521e-05 0.00227573 0.0153234 -1.43747e-05 -0.000253882 3.87796e-05 -0.000317395 -0.00107589 -0.000204515 0.000315838 0.00026737 -0.00130645 -0.000684233 0.00328644 0.0198378 0.00709268 -0.00115673 -0.00327583 0.000897542 0.000482642 -0.000593623 0.015627 -0.00263821 0.00183698 0.00686003 0.0139587 0.00546911 -0.000831812 0.000176862 -0.000874394
internal_weight=184926 7582.1 250.89 177344 140455 109898 88382 40213.7 25815.4 48168.3 48031.8 30556.6 23220.2 2469.3 240.367 142.167 20750.9 7336.35 36889.2 31258.7 3071.53 126.553 14398.3 1530.22 737.135 442.548 286.318 19708.1 47549.2 17834.1
internal_count=184632 7237 174 177395 141168 109813 88943 41079 25921 47864 47775 31355 23538 2307 145 122 21231 7817 36227 30957 3108 87 15158 1474 636 319 255 20036 47381 18146
is_linear=0
shrinkage=0.05


Tree=128
num_leaves=31
num_cat=0
split_feature=27 20 1 5 9 1 20 29 5 8 5 5 5 10 10 3 8 8 28 26 9 13 19 25 9 16 2 28 12 32
split_gain=14.5784 15.4291 11.9956 15.0294 19.239 18.1883 16.6976 14.991 24.3174 16.228 29.3728 22.9521 13.7031 19.3216 12.8794 12.4785 13.8883 14.3696 28.7953 20.6648 12.3246 17.9892 20.0814 19.6157 17.3477 16.2569 13.4193 17.1441 12.4644 12.097
threshold=-2.3055647465732769 2.2310911147635006 -0.22974958291214326 1.0731953774504845 1.2118182099357353 -0.24507792304438603 -0.46842930195588345 -4.3271377947710503 0.35993122193886878 1.0000000180025095e-35 1.0000000180025095e-35 -1.0665970890843621 0.35993122193886878 -1.4670316102866627 -1.1420881211412282 -1.1612815500523548 1.3690655213257341 0.21442820921909891 0.30120826780346449 -0.29863076936187594 0.42457086210755912 0.66979822193304128 -0.73380731626108131 0.024620709164350985 -1.5697890857238204 0.26334610388284624 -1.3091099346826403 -1.7669317065419203 1.6067536940339424 -0.13770382756973651
decision_type=2 2 2 2 2 2 2 2 2 2 2 2 2 2 2 2 2 2 2 2 2 2 2 2 2 2 2 2 2 2
left_child=1 -1 3 6 -5 -6 14 8 9 11 -11 -4 13 -8 -2 16 17 -14 -19 -20 21 28 23 -23 25 -24 27 -22 -9 -26
right_child=2 -3 7 4 5 -7 12 20 -10 10 -12 -13 15 -15 -16 -17 -18 18 19 -21 26 22 24 -25 29 -27 -28 -29 -30 -31
leaf_value=0.0021065250146409084 0.0027411679888766742 0.014150974756621613 0.023362844572009069 -0.0019549495505412494 0.0024431616918003784 0.030549458504081767 0.017653373530849104 -0.00051356679365537278 -0.0078820641399272012 -0.0078231661765953836 0.038637130251945179 -0.020489957480713764 0.0043474811473108808 0.00081345801419907483 -0.0011591649344566063 0.0020221910899416904 -0.0073834214262429188 0.0046614850799102919 4.6451164617277044e-05 0.029879044964641666 0.035879589189749386 -0.012987903231098023 -0.031646619446433238 -0.06291131318753336 -0.0017283081347977841 0.007742069399081875 0.00022235081245865464 0.0046405556975811441 0.0060717083820280501 -0.0060455521004392655
leaf_weight=4366.9831879809499 2584.7020508944988 283.13182646036148 63.820628374814987 9777.7017235159874 2176.3431656360626 59.124320924282074 171.57894393801689 68446.958302708343 145.12267458438873 45.829382747411728 132.00890672206879 56.036350801587105 1818.0815009772778 23496.264485657215 11686.078157901764 7052.2186791300774 182.97967791557312 507.29495912790298 74.0688117146492 268.37692233920097 46.032657504081726 95.256385445594788 27.557785272598267 24.798223748803139 4256.8567971736193 530.07801654934883 42231.805526331067 956.80184751749039 726.18348804116249 2621.9743483364582
leaf_count=4183 2443 203 34 10160 2070 23 111 69150 168 53 30 79 1660 23114 11957 6767 210 460 74 108 13 120 45 56 4404 448 42044 868 638 2939
internal_value=7.57251e-05 0.00283988 4.41988e-06 0.000582922 -0.000998199 0.00318653 0.000979946 -0.000283155 0.00889959 0.0170804 0.0266642 0.00286048 0.00158897 0.000935538 -0.000452743 0.00315066 0.00594222 0.0068562 0.0122238 0.0234264 -0.000317051 -0.000697473 -0.00301381 -0.0233 -0.00268631 0.00579552 0.000358093 0.00607451 -0.000444434 -0.00337389
internal_weight=184912 4650.12 180262 59854.8 12013.2 2235.47 47841.6 120407 442.818 297.695 177.838 119.857 33570.9 23667.8 14270.8 9903.02 2850.8 2667.82 849.741 342.446 119964 76729.7 7556.52 120.055 7436.47 557.636 43234.6 1002.83 69173.1 6878.83
internal_count=184632 4386 180246 59157 12253 2093 46904 121089 364 196 83 113 32504 23225 14400 9279 2512 2302 642 182 120725 77800 8012 176 7836 493 42925 881 69788 7343
is_linear=0
shrinkage=0.05


Tree=129
num_leaves=31
num_cat=0
split_feature=12 11 9 6 5 1 8 29 2 2 4 19 20 8 4 32 20 21 22 4 25 14 28 24 21 21 22 8 23 1
split_gain=13.9287 13.0674 12.4845 12.4638 11.7653 14.5146 12.8701 19.8083 25.0721 21.2315 37.3186 21.0496 20.047 16.5136 13.9963 13.4574 12.8797 12.2672 24.4093 36.1977 20.1947 11.8558 13.836 13.5551 13.1401 20.3799 25.2894 31.039 15.3076 11.7005
threshold=-3.8977616674362632 2.3541822794167842 -1.6747553987675772 -0.90777575028654289 -1.0665970890843621 0.86858787352921263 1.1591314645790731 -0.79573187080582286 -0.44515106003996624 0.14485733754864191 0.11112396763584743 0.50030107986720618 -0.039618148921874721 0.47684578015242507 -0.10082503325137634 0.48367642912939462 0.18177593319946886 -0.82312944871108862 -0.13526040781845766 -0.78927530218684083 1.3215757624196167 0.057824655980559324 -0.87750921740737697 0.74286345954111155 -0.82715424727528697 -0.7602310856425053 -0.091148021908594376 -0.047989361714227276 -1.816669386744747 -0.89307217803663275
decision_type=2 2 2 2 2 2 2 2 2 2 2 2 2 2 2 2 2 2 2 2 2 2 2 2 2 2 2 2 2 2
left_child=-1 2 3 -2 5 6 13 8 11 14 -11 12 -8 21 -9 29 -10 18 20 -20 -15 24 -23 -24 28 26 -26 -28 -4 -12
right_child=1 -3 4 -5 -6 -7 7 9 16 10 15 -13 -14 17 -16 -17 -18 -19 19 -21 -22 22 23 -25 25 -27 27 -29 -30 -31
leaf_value=0.0065537601883824993 -0.0037695004663479944 0.0032876988135385117 0.0063350872054652001 0.0046980601454771039 0.00013140798764825864 -0.0043801900797977118 -0.00061862124916573663 2.0926017553976369e-05 -0.023025299426728065 0.036134527713512464 -0.011320450700712314 -0.0021081331799902066 0.032423350179904713 -0.0027588102507721756 -0.010345417167161869 -0.01921867851587419 0.0039449430547778891 -0.004524126151901597 -0.0068120344710876461 0.039356989343369529 0.03750173799048355 -0.0047360778858505032 -0.0017096799842739726 0.0035296368485868233 0.0027635418893926511 0.0013007948666667343 0.0036232818685883357 0.043928433014885332 -0.0032422797532680042 0.012590954825691831
leaf_weight=825.15771597623825 528.18046878278255 3051.6586904972792 491.24110653996468 2452.4336090236902 144237.07807456516 2759.2768595218658 58.278947740793228 3605.50897783041 48.61328911781311 108.18239545822144 66.86186970770359 93.075681179761887 216.19591999053955 1162.8389584571123 357.93936026096344 59.232566505670547 495.05964210629463 4759.3610093221068 77.44837948679924 93.958374947309494 32.004448562860489 2602.4882573336363 5108.3278825879097 1627.9192803502083 300.61525636911392 6500.1060950756073 86.250173896551132 107.05638301372528 2768.4764924049377 217.86175000667572
leaf_count=717 568 2851 429 2222 143858 3001 59 3604 71 30 82 97 76 1227 432 82 456 5190 88 20 8 2849 5283 1513 284 6331 80 13 2948 163
internal_value=7.21173e-05 4.30617e-05 -1.16363e-05 0.00319756 -6.5362e-05 -0.000904948 -0.000596068 0.00164085 0.0083527 0.000255764 0.010521 0.0184397 0.0254076 -0.00105939 -0.000915259 0.00246488 0.00153336 -0.00332529 0.000850875 0.018496 -0.00168041 -0.000350949 -0.00163975 -0.000443517 0.000822848 0.0020448 0.0118361 0.0259449 -0.00179897 0.00697582
internal_weight=184899 184074 181022 2980.61 178041 33804.2 31044.9 5326.81 911.223 4415.59 452.139 367.551 274.475 25718.1 3963.45 343.956 543.673 6125.61 1366.25 171.407 1194.84 19592.5 9338.74 6736.25 10253.7 6994.03 493.922 193.307 3259.72 284.724
internal_count=184632 183915 181064 2790 178274 34416 31415 5152 759 4393 357 232 135 26263 4036 327 527 6533 1343 108 1235 19730 9645 6796 10085 6708 377 93 3377 245
is_linear=0
shrinkage=0.05


Tree=130
num_leaves=31
num_cat=0
split_feature=20 28 32 8 8 3 26 3 19 25 21 27 30 23 19 28 22 20 24 19 24 20 22 19 25 26 11 29 4 20
split_gain=13.5652 23.1508 17.7499 16.9449 33.4736 20.2013 16.6525 14.9804 16.3596 24.6602 16.6503 14.6174 13.494 15.7183 28.1365 18.9414 17.6195 39.7377 19.0264 13.9594 13.8691 13.8328 16.5989 13.5879 13.5223 13.4509 13.2153 13.0854 12.9407 16.1753
threshold=0.50999066121931425 -0.32396657030262194 -0.72454832322156448 0.37187875177909463 1.1591314645790731 3.5347725708111133 -0.020921740732968579 0.17525234422955746 -0.58275652203930461 0.14789440803581341 -0.69912793914338789 -0.56640459708745083 1.2033700768723141 1.7260881867468425 2.5791992265670127 -1.3172990633207557 0.3820619454997784 0.81668384620390921 1.9046256214024124 2.7090795102277379 1.0462924593410106 0.87857628581696445 0.3820619454997784 0.66884861846710686 1.6887250218539653 0.96284171728342505 0.21323949236264197 -0.32193948248035797 -1.0000000180025095e-35 0.83234977118186404
decision_type=2 2 2 2 2 2 2 2 2 2 2 2 2 2 2 2 2 2 2 2 2 2 2 2 2 2 2 2 2 2
left_child=2 12 6 5 -5 25 -1 8 10 -10 -8 -7 20 15 23 16 17 -14 -18 -16 21 22 24 -15 -2 -3 -27 -24 -17 -30
right_child=1 3 -4 4 -6 11 7 -9 9 -11 -12 -13 13 14 19 28 18 -19 -20 -21 -22 -23 27 -25 -26 26 -28 -29 29 -31
leaf_value=-0.0041379216552137549 0.0010457065046412242 0.0026591839736381379 -3.8588644325564568e-06 -0.0019978733479610695 0.0034152599339644756 0.023995346825564333 0.0011831243599985755 -0.0033881417312039484 0.034295169024970103 -0.0018897193176227256 0.009891356615354412 0.0012917052574554348 0.032029976116382509 -0.0096753049824142654 0.016301981244152674 -0.0018960476012637205 0.0020763662582970605 0.0041200155420899635 0.019829961958071997 0.0032589314210607111 -0.0032538799728209313 0.0019238571842517861 -0.007430840906611013 -0.0013068604076074382 0.020622169446015932 0.0030055429162032603 0.021831265746490525 -0.0010018343211213782 0.0090033518164655286 0.0010983300293351732
leaf_weight=5172.8989859372377 1529.9985885173082 10356.813446551561 116184.03322790936 5922.3575902879238 5515.7547196596861 199.96421253681183 1747.3465660661459 3120.5431483983994 47.756002724170685 3350.3746455460787 800.32624650001526 109.83755487203598 194.76880165934563 524.50506900250912 289.334517121315 2614.8426762372255 1688.1023771166801 369.44214808940887 165.72733470797539 704.94751325249672 5425.8957273513079 4486.6328175663948 1500.9357100129128 6451.3789637982845 93.608001172542572 188.32008150219917 184.60183387994766 1674.4495796561241 795.18696013092995 3475.3414368778467
leaf_count=5601 1498 9806 116193 6159 5139 104 1706 3332 15 3477 642 107 70 626 195 2714 1618 339 100 659 5779 4314 1724 6620 55 177 104 1708 652 3399
internal_value=6.86981e-05 0.000731461 -0.000208061 0.00196117 0.00061248 0.00335855 -0.00187424 -0.000582668 0.000889732 -0.00138119 0.00391873 0.015946 -0.000132721 0.000815053 -0.0008145 0.00221108 0.00601811 0.0137547 0.00366349 0.00705444 -0.00124555 -7.20216e-05 -0.00193799 -0.00193607 0.00217437 0.00299511 0.0123246 -0.00404069 0.000874107 0.00257027
internal_weight=184886 54462.7 130423 22477.6 11438.1 11039.5 14239.2 9066.35 5945.8 3398.13 2547.67 309.802 31985.1 17273.6 7970.17 9303.41 2418.04 564.211 1853.83 994.282 14711.5 9285.62 4798.99 6975.88 1623.61 10729.7 372.922 3175.39 6885.37 4270.53
internal_count=184632 53666 130966 21596 11298 10298 14773 9172 5840 3492 2348 211 32070 16992 8100 8892 2127 409 1718 854 15078 9299 4985 7246 1553 10087 281 3432 6765 4051
is_linear=0
shrinkage=0.05


Tree=131
num_leaves=31
num_cat=0
split_feature=27 20 22 22 24 27 29 28 25 9 24 20 17 22 28 19 2 30 23 5 28 14 23 4 29 10 32 30 13 4
split_gain=13.1073 15.7843 12.6271 10.8523 16.1571 15.1846 12.0982 19.0236 14.5065 11.708 13.5182 41.5356 12.6174 11.5693 17.6171 20.398 16.3325 20.4548 18.4141 11.998 11.5389 11.3184 10.8423 10.5945 10.5886 15.4559 15.9307 10.3709 10.308 10.9668
threshold=-0.418281669058857 1.0261378816306015 1.7572667344043331 -0.81134395626783384 0.40896907206596084 0.90142629233838478 -0.15332732967508306 1.5383769224316859 -1.8058256656575915 -0.93999120746127962 -1.8713447490595676 -0.61710781718382357 -1.0073888556027917 -1.2163946771539775 -0.15423586753023674 -1.8038355382079032 -0.43323528826047147 -0.48019148460675803 -0.53525304308219523 0.35993122193886878 3.1315240060345997 -1.3495810644248365 -1.6570420406768556 -1.5476705093111283 1.5961150998236653 -0.19103493545320013 -0.19176991908943528 -1.8830889338162649 -0.35264016143128801 -0.9891864036103778
decision_type=2 2 2 2 2 2 2 2 2 2 2 2 2 2 2 2 2 2 2 2 2 2 2 2 2 2 2 2 2 2
left_child=1 -1 -3 4 6 21 7 -2 23 13 11 -11 20 14 15 -10 -17 18 -18 -19 -12 -5 -16 27 -23 26 -26 -8 -7 -30
right_child=3 2 -4 5 -6 28 8 -9 9 10 12 -13 -14 -15 22 16 17 19 -20 -21 -22 24 -24 -25 25 -27 -28 -29 29 -31
leaf_value=0.00026072107611845523 0.0021561399404848827 0.0015249569062350994 0.0056508454188205909 0.0021584534771402764 0.0045877539350303717 -0.00054305000433661516 -0.0026664022962991809 -0.011223214294991171 0.03423201957631522 -0.00019367073513069976 0.0022635769581739944 0.040244993290982668 -0.00047559368756198907 -0.0046931124747659481 0.0098834610763506234 0.00021111160802436942 0.0039628263564250501 0.0064252193410903428 0.03762443143239666 -0.030399275363020152 0.031875302071051229 -0.00053120318822182512 -0.0035644144484191682 -0.0030550850801195953 0.029061210965546994 0.0012366503291910786 0.0043121668648233016 -0.021937112411045522 -0.01036603960590813 -0.0027625638771391786
leaf_weight=43409.354682937264 9193.447171792388 9920.5687954574823 2280.7650102078915 4661.2205544859171 2281.3229655325413 6366.8496471792459 118.67148193717003 273.58903285861015 53.906711757183075 234.09326018765569 5299.9362716376781 87.13474252820015 11997.87770116888 2329.3609401732683 159.53519788384438 1151.8634335696697 66.250808507204056 97.533479779958725 105.04567503929138 28.607223063707352 33.103998064994812 69318.555230490863 2477.3910324275494 946.18640099465847 102.68024584650993 3997.879578217864 177.29008853435516 169.59257306158543 508.56409023702145 7025.8147603869438
leaf_count=43183 8797 9618 2023 4460 2072 6436 125 335 17 235 5060 17 12112 2548 128 1147 61 85 26 46 12 70055 2654 1004 43 3899 162 244 614 7414
internal_value=6.5448e-05 0.000707318 0.0022962 -0.000210692 0.000511327 -0.000501387 0.000244273 0.00176949 -0.000325186 -5.46387e-05 0.000612237 0.0107755 0.000423861 -0.00187422 -0.000288233 0.00403162 0.00290832 0.0133536 0.0246054 -0.00192614 0.00244739 -0.000230888 -0.00275081 -0.00561179 -0.000382216 0.00203198 0.013389 -0.0140038 -0.00202418 -0.00327579
internal_weight=184874 55610.7 12201.3 129263 37104.5 92158.9 34823.1 9467.04 25356.1 24121.6 17652.1 321.228 17330.9 6469.49 4140.13 1503.21 1449.3 297.437 171.296 126.141 5333.04 78257.6 2636.93 1234.45 73596.4 4277.85 279.97 288.264 13901.2 7534.38
internal_count=184632 54824 11641 129808 36725 93083 34653 9132 25521 24148 17436 252 17184 6712 4164 1382 1365 218 87 131 5072 78619 2782 1373 74159 4104 205 369 14464 8028
is_linear=0
shrinkage=0.05


Tree=132
num_leaves=31
num_cat=0
split_feature=27 27 9 25 22 20 1 29 5 8 8 5 5 9 1 5 24 22 3 11 2 8 29 2 3 8 8 2 1 13
split_gain=12.3291 11.3772 12.366 14.8793 20.5485 20.1101 12.8367 16.3228 24.7857 14.6991 26.0332 20.5619 13.3761 17.7151 16.9676 15.5496 17.2771 25.6517 13.1845 13.0957 12.7942 12.2558 17.6718 15.3474 18.3152 13.923 12.2486 13.0272 12.066 13.9806
threshold=-2.4314675912682824 1.4511473371482428 -1.622272242245699 -1.5528188849545448 -0.87865653678780586 -0.15430394870940931 -0.22974958291214326 -4.3271377947710503 0.35993122193886878 0.42436226596575982 1.0000000180025095e-35 -1.0665970890843621 1.0731953774504845 1.2118182099357353 -0.24507792304438603 0.35993122193886878 -1.8713447490595676 -1.1339383510567866 -1.1612815500523548 -0.13207761148806149 -0.5144965978173961 -1.0451761312608665 0.15453409917016317 1.0000000180025095e-35 -2.6779254888846649 0.73926335108575125 0.21442820921909891 0.87453091274593098 1.9867002109246543 0.40951280664409978
decision_type=2 2 2 2 2 2 2 2 2 2 2 2 2 2 2 2 2 2 2 2 2 2 2 2 2 2 2 2 2 2
left_child=-1 2 3 4 -2 -5 12 8 9 10 11 -8 15 -14 -15 19 17 -17 21 -4 -7 -18 23 -23 -25 26 -24 -28 29 -9
right_child=1 -3 6 5 -6 20 7 28 -10 -11 -12 -13 13 14 -16 16 18 -19 -20 -21 -22 22 25 24 -26 -27 27 -29 -30 -31
leaf_value=0.0028525293495298819 -0.0023977995753378936 -0.0016544887032957666 -0.00017234112734642031 -0.0036762442680536283 0.022933944525389632 -5.7619814250150952e-05 0.023200812040629688 -7.1176828206797045e-05 -0.0078342403476074334 -0.011613441626141745 0.036639771165347612 -0.019077536689406517 -0.0018578964909189187 0.0023943914305486159 0.029946247699414865 0.042411914671032502 0.00013829602862012048 -0.0039022860285395245 0.0013326068461993381 0.0020869439499349969 0.0057774544067005426 0.025682889195112347 0.01065802946209512 0.012027106322547306 -0.00015276557808578976 -0.0021727494638757445 0.0086656167331023159 0.033024959591849208 0.0026479268797754306 -0.0013557161586743845
leaf_weight=3876.135827742517 134.54763519763947 9797.7932402156293 22930.961044535041 1283.6218502521515 197.66455984115601 1530.2365605831146 65.300486117601395 77448.748867666349 140.91998037695885 37.329516708850861 138.47068348526955 51.391525715589523 9169.2882309854031 2186.7171344459057 57.345875859260559 65.89277583360672 929.57112166285515 54.7286616563797 8528.2973474860191 8904.6709827780724 2433.1480344980955 78.134282946586609 385.08492982387543 416.08627799153328 1195.3478386998177 122.66940250992775 82.255975335836411 164.94806265830994 3298.6940136402845 29156.442783668637
leaf_count=3655 141 10122 23010 1378 107 1532 35 77559 163 46 37 71 9510 2082 23 10 927 59 8301 8533 2152 38 303 316 1199 128 68 56 3124 29947
internal_value=6.23289e-05 2.57193e-06 9.7412e-05 0.00241269 0.0126745 0.00176297 1.94125e-05 -0.000292151 0.00939201 0.0176914 0.0219787 0.0045813 0.000641374 -0.00088339 0.00309846 0.00103816 0.00257014 0.0213981 0.00237933 0.000459598 0.00352457 0.00502502 0.00688327 0.00404152 0.00299218 0.013243 0.0162338 0.0249195 -0.000330341 -0.000422497
internal_weight=184862 180986 171189 5579.22 332.212 5247.01 165609 110337 433.412 292.492 255.163 116.692 55272 11413.4 2244.06 43858.6 12023 120.621 11902.4 31835.6 3963.38 3374.1 2444.53 1689.57 1611.43 754.958 632.289 247.204 109904 106605
internal_count=184632 180977 170855 5310 248 5062 165545 110982 352 189 143 106 54563 11615 2105 42948 11405 69 11336 31543 3684 3035 2108 1553 1515 555 427 124 110630 107506
is_linear=0
shrinkage=0.05


Tree=133
num_leaves=31
num_cat=0
split_feature=24 26 24 14 8 9 1 13 32 8 20 23 32 25 10 24 2 29 23 23 20 22 11 14 12 12 9 28 10 32
split_gain=11.8886 11.4193 16.14 11.9491 11.5286 12.827 14.3738 17.3759 18.5652 17.9383 15.4533 20.8839 14.7751 14.0637 14.0624 13.661 13.4148 14.0255 14.4729 16.3085 18.5945 16.767 15.4214 13.2939 18.1454 16.4807 12.9204 15.9587 13.8763 13.6484
threshold=1.9046256214024124 2.0380484899211271 1.8190927332180611 -0.60047354636070283 -1.6749783015008493 1.1068518968919785 -2.7334044263942037 0.65557047503158017 0.26528185806063359 1.5789995780723951 0.70448391368879359 1.6992966493666286 0.15571979322195093 1.0894634729347941 1.1284570006606831 -0.28285223142008603 0.38442721798150392 1.1285076793326236 1.6992966493666286 1.4608351260691355 0.77327573578166975 0.36952382993860994 0.076498100410592282 -0.31484938568354176 1.6851064859756575 -0.25998577406428264 -0.20522701615498187 1.0698067462586416 0.47294275841344641 0.38957881340432815
decision_type=2 2 2 2 2 2 2 2 2 2 2 2 2 2 2 2 2 2 2 2 2 2 2 2 2 2 2 2 2 2
left_child=1 4 -3 -4 -1 6 -6 10 9 -9 11 23 -11 -13 16 -7 17 -12 19 -19 21 -21 -23 24 26 -25 28 -28 -8 -29
right_child=-2 2 3 -5 5 15 7 8 -10 12 14 13 -14 -15 -16 -17 -18 18 -20 20 -22 22 -24 25 -26 -27 27 29 -30 -31
leaf_value=-0.0033311757454568842 0.0022352729357989261 -0.0083933085524383402 0.028358579190440908 0.0003982719718829018 0.0051986418027381255 -0.00025476842443206864 -0.00036248166278432964 -0.00099431668548113396 -0.0040555613127576913 0.0050615571410852723 -0.0003809215078277017 0.040817137853842764 0.030699873766704425 0.0073029232849829212 -0.039297250469374219 0.0019054989761867218 0.0035987345220655116 0.0021159118018626221 -0.0074433219368648237 0.042660923727044178 0.0068435915012833156 0.029567341738824089 -0.025416761872407812 0.00029802123292959064 0.014177355354376173 -0.0018229926811681556 0.00061185535273121155 0.0090874081756150138 -0.039851022244050655 0.0018758042306336719
leaf_weight=2527.6022520214319 6071.4258773475885 925.61975586414337 41.586918324232101 470.74972760677338 1256.6583284139633 12516.225221201777 40864.745597925037 13830.953052155674 5372.250199124217 584.13239085674286 10420.611300379038 49.004329323768616 62.175758987665176 86.656986549496651 21.277250841259956 17621.557182788849 5041.8883505165577 3109.592464774847 307.25938946008682 74.941312670707703 755.39186570048332 29.364755213260651 22.541407883167267 15376.651373803616 231.6970200240612 22648.248192586005 21731.936026073992 1063.2423452734947 22.259067967534065 1713.2753823548555
leaf_count=2696 5800 1081 18 467 1126 12580 41161 14106 5808 525 10500 9 24 74 38 16950 4679 2978 353 11 652 12 34 15285 166 23474 21466 870 40 1649
internal_value=5.93777e-05 -1.45164e-05 -0.00445228 0.00266784 2.14666e-05 6.99417e-05 -0.000125537 -0.000172188 -0.00154535 -0.000613855 4.83871e-05 -0.000195728 0.007528 0.0194091 0.0013291 0.00100834 0.00137284 0.000610415 0.00301333 0.00381819 0.00981816 0.0275321 0.00568927 -0.000221387 0.000209635 -0.000965289 0.000160148 0.0010679 -0.000383979 0.00463742
internal_weight=184852 178780 1437.96 512.337 177342 174815 144677 143420 19849.5 14477.3 123571 103788 646.308 135.661 19782.9 30137.8 19761.6 14719.7 4299.09 3991.83 882.239 126.847 51.9062 103652 65627.2 38024.9 65395.5 24508.5 40887 2776.52
internal_count=184632 178832 1566 485 177266 174570 145040 143914 20463 14655 123451 104194 549 83 19257 29530 19219 14540 4040 3687 709 57 46 104111 65352 38759 65186 23985 41201 2519
is_linear=0
shrinkage=0.05


Tree=134
num_leaves=31
num_cat=0
split_feature=20 29 10 32 26 32 27 22 2 26 9 21 6 17 19 30 9 32 11 19 25 6 29 29 1 26 32 3 23 11
split_gain=11.5443 20.3984 22.8339 17.5242 17.1902 16.7268 15.1048 13.7946 13.5554 12.8311 19.2816 12.5951 11.7967 17.3154 22.4183 25.9479 21.983 21.4913 26.5073 23.1027 17.8593 18.9781 16.1227 14.3122 13.7305 13.5831 13.293 11.9255 11.1028 10.8571
threshold=-0.43161789303907983 0.74306771300676644 -1.8210481331646782 -0.54021712563396596 -0.37979550262850337 1.2146320698515098 -0.17823925695446705 0.71510707642877003 -2.3827182564328733 0.27219133619222918 0.94940242732634328 0.5209213086733232 -0.76272524169144096 -0.78918828954935039 -0.67325278394319676 -0.69848313922901684 0.63450348819507285 0.5116693394546995 0.14353601138568026 -0.92578096709013025 -0.58939931041843774 -0.44421789823999669 0.34587388505773814 0.15453409917016317 2.4005633025938402 -0.11843293312539881 -0.034393372196357193 -0.12926799582333084 -0.41046862464421935 -0.3162900025928635
decision_type=2 2 2 2 2 2 2 2 2 2 2 2 2 2 2 2 2 2 2 2 2 2 2 2 2 2 2 2 2 2
left_child=1 3 -3 -1 -5 11 -2 -8 -7 10 -9 12 26 14 15 20 -15 18 25 -20 23 -22 28 -14 -18 -17 -6 -24 -16 -19
right_child=6 2 -4 4 5 8 7 9 -10 -11 -12 -13 13 16 22 17 24 29 19 -21 21 -23 27 -25 -26 -27 -28 -29 -30 -31
leaf_value=-0.0031072662241802378 0.00099052255222592403 0.025660128726586042 0.0022510839142454923 -0.0017380371969914377 -0.0062418810448957212 -0.025874490089580777 0.00023917117410568911 -0.0060627417284238871 -0.003826596070009439 -0.00050534140710856623 0.00058814693959925637 0.0077988801203345073 -0.0012898377382868382 -0.0032541182358096932 -0.00030837285202867234 0.041816960804201379 0.00127961609141168 0.015713542210116761 0.0067556339846309293 0.03613442138297402 -0.0055005979653935423 0.03062762386187716 0.027466496914452593 0.0057606225992095101 0.024431671774172409 0.0026474245604718211 -0.00031678798047553173 0.0015256155962444964 -0.009510360819422586 0.0013973274306981742
leaf_weight=6863.4675821363926 51634.910864286125 106.82061132788658 4202.1896297037601 16794.220405096188 1013.4796166568995 73.14711457490921 54186.195518732071 2982.3728686571121 1485.3252072632313 10860.237446367741 1717.1993110179901 571.07489176094532 1597.7823995687068 3505.8321554213762 1076.3615858182311 24.440797567367554 8369.1869216114283 180.82941225171089 93.653818190097809 234.39339619874954 54.053471714258194 110.98277232050896 77.662137657403946 1309.9189775586128 64.532964140176773 234.41174885630608 14347.100220248103 103.1472609937191 471.34649454057217 494.82875587046146
leaf_count=7290 50612 52 4013 17378 1140 111 53927 3344 1599 10970 1697 482 1639 3734 1083 4 8155 124 81 65 60 43 35 1159 33 222 14438 100 561 481
internal_value=5.65638e-05 -0.000489921 0.0028314 -0.00073187 -0.000420068 0.000203547 0.000342276 -0.000137639 -0.00486142 -0.00144986 -0.00363254 0.000436157 0.000310133 0.00117857 0.00335443 0.0052741 7.35038e-05 0.0113087 0.018308 0.0277471 0.00279454 0.0187947 -0.00146028 0.00188639 0.00145677 0.0063458 -0.000707721 0.0126679 -0.00311079 0.00522884
internal_weight=184841 63460.2 4309.01 59151.2 52287.7 35493.5 121381 69746 1558.47 15559.8 4699.57 33935 33363.9 18003.4 6063.81 4335.3 11939.6 1262.56 586.9 328.047 3072.74 165.036 1728.52 2907.7 8433.72 258.853 15360.6 180.809 1547.71 675.658
internal_count=184632 64082 4065 60017 52727 35349 120550 69938 1710 16011 5041 33639 33157 17579 5657 3878 11922 977 372 146 2901 103 1779 2798 8188 226 15578 135 1644 605
is_linear=0
shrinkage=0.05


Tree=135
num_leaves=31
num_cat=0
split_feature=11 12 11 1 1 29 19 11 14 1 20 24 15 4 24 22 32 20 19 15 14 12 20 28 19 6 2 28 18 7
split_gain=11.2765 13.5559 16.6749 14.6328 14.3764 13.2285 13.8831 12.2422 12.4359 12.1968 11.512 10.2796 11.4319 18.624 10.5627 9.73945 9.12267 8.86091 8.77564 11.292 8.21925 8.20564 8.00232 8.86835 7.91072 21.1119 7.73571 8.56508 9.11742 7.79086
threshold=1.6070809300883082 0.021302770792105498 -0.030880915555652259 0.31152728886265096 1.9867002109246543 -4.3271377947710503 3.022297671503765 0.45973847710242388 -0.34507333791608291 0.12123779654620548 2.2310911147635006 1.8722560185292396 -0.71910909818741708 -0.88198086925841179 -1.9391018954958896 1.309426812142767 1.0464581369463926 3.2015470327121074 0.7926540665103492 -0.039882658941057296 0.12682834730125306 -0.91540789439364367 0.40181502649685802 -0.93652723835367568 0.44419286439126737 0.79197055425297169 -1.0620255638431784 -0.42526361515141259 -0.23163549884991599 1.241219813516411
decision_type=2 2 2 2 2 2 2 2 2 2 2 2 2 2 2 2 2 2 2 2 2 2 2 2 2 2 2 2 2 2
left_child=1 9 22 7 26 6 10 16 -9 11 -2 12 21 18 -15 -16 -4 -12 -14 -20 -7 -1 -3 -24 25 -17 -5 -28 -29 -30
right_child=5 2 3 4 -6 20 -8 8 -10 -11 17 -13 13 14 15 24 -18 -19 19 -21 -22 -23 23 -25 -26 -27 27 28 29 -31
leaf_value=0.0049985736788134717 -0.0076186530979635673 -0.0019885942120630843 0.00041751729051680897 0.0015843047305274063 0.0048287206255459916 0.0044771068925024615 -0.010185240950993595 0.0044479950236056467 0.0007023534740302111 -0.00040629469644223073 0.034569411999094059 0.0041735869881583199 -0.0043779901231357585 0.020716005747009408 0.00016730588251386941 0.035004120287151649 -0.0040245551855796246 0.010165301815711635 0.0058546084494223403 -0.0039314290004259103 0.00060058514051634557 0.0013453781473916071 -0.0023628477163721764 0.0007168806764310385 0.00096485354735726346 0.0040614741890521383 -0.0028172872867513838 -0.0021002873922540189 0.00082379098337567258 -0.0042328122120464471
leaf_weight=1678.8356769531965 32.107658058404922 20364.082091279328 17168.361759066582 2513.6476797014475 1086.9738611280918 1823.2584602087736 49.015339225530624 3996.5309997648001 4973.8682722747326 31706.357495695353 97.209514200687408 2179.9655137360096 3037.99385599792 64.881858587265015 29551.884082794189 56.682236671447754 1239.2512961626053 60.248981148004532 559.51480293273926 623.01334443688393 5468.6882579028606 18208.958706378937 3480.521167576313 7118.055933624506 3300.6937225162983 2007.03001062572 6828.2567809522152 6615.1266567856073 8099.4449934512377 840.81938977539539
leaf_count=1511 37 21174 17025 2434 982 1660 59 3641 4904 31964 30 1998 3304 38 29453 17 1339 48 494 672 5403 17719 3645 7016 3237 1844 7213 6893 7966 912
internal_value=5.39087e-05 -2.65785e-05 -0.000485657 4.99245e-05 -0.000799966 0.00194892 0.0135345 0.000856549 0.00237113 0.000389785 0.0196676 0.000801748 0.000677353 0.000182 0.000560547 0.000523094 0.000118465 0.0252316 -0.00295553 0.000698848 0.00156986 0.00165376 -0.0014087 -0.000294487 0.00248309 0.00491135 -0.0010457 -0.00134105 -0.000693036 0.000348225
internal_weight=184831 177301 84324.9 53362.3 25984.3 7530.53 238.581 27378 8970.4 92975.8 189.566 61269.5 59089.5 39201.7 34981.2 34916.3 18407.6 157.458 4220.52 1182.53 7291.95 19887.8 30962.7 10598.6 5364.41 2063.71 24897.3 22383.6 15555.4 8940.26
internal_count=184632 177395 85144 53309 26400 7237 174 26909 8545 92251 115 60287 58289 39059 34589 34551 18364 78 4470 1166 7063 19230 31835 10661 5098 1861 25418 22984 15771 8878
is_linear=0
shrinkage=0.05


Tree=136
num_leaves=31
num_cat=0
split_feature=12 5 27 1 26 3 2 29 14 4 8 8 3 9 28 10 2 29 6 21 5 24 20 32 22 19 28 4 30 19
split_gain=10.8448 10.7895 13.4894 12.5006 16.3122 24.1261 18.5532 12.036 16.006 21.2139 24.696 29.7256 16.3273 18.176 19.2935 17.2162 16.1842 15.5608 14.3951 14.2052 16.9157 17.5723 49.8812 16.7797 25.8014 39.9435 16.0149 14.8009 14.1618 13.8504
threshold=-3.8977616674362632 1.0000000180025095e-35 2.2893376023158312 1.3688024695589422 0.62262292353253201 1.4331478902930372 1.2061163915173705 0.37720216862219014 -0.29485334471956021 0.13188363827557317 1.1591314645790731 0.68677983689908606 -0.98020096376668875 1.0543687403701003 -1.2973845298745126 -0.19103493545320013 -0.010455538401712042 0.8247689414492857 -0.58183772713517257 -0.52115110587702984 1.0731953774504845 -1.2766618433212678 -0.049559353244548222 0.2712678234239298 -1.5811972700674399 -0.3611035700627459 -0.15423586753023674 -1.0666887740308824 1.9479255641402615 0.54663799071567853
decision_type=2 2 2 2 2 2 2 2 2 2 2 2 2 2 2 2 2 2 2 2 2 2 2 2 2 2 2 2 2 2
left_child=-1 -2 3 7 -5 6 -6 19 9 28 11 16 -10 14 15 -14 -11 18 -13 -3 21 22 27 24 25 26 -23 -21 -9 -17
right_child=1 2 -4 4 5 -7 -8 8 12 10 -12 17 13 -15 -16 29 -18 -19 -20 20 -22 23 -24 -25 -26 -27 -28 -29 -30 -31
leaf_value=0.0058189855594772202 -0.00044479633175358659 -0.0010390890726303514 -0.010009405888789631 0.0015092049930111062 0.010049319860754184 0.0027199821372815604 0.035075342616088065 0.0020727754234652119 0.0040050547440177529 0.030667140721233711 -0.011103944983180264 -0.0052378660810128014 0.024209371464208991 0.0023714825420194799 -0.001908891697935824 -0.008323256277425568 0.0030107867672058879 0.03790668981907204 0.027584389856394682 0.027639217427548903 -0.001013451743513835 0.041779183400265318 0.035324113925499279 -0.00038557443447001082 0.001617628426726689 0.0024961853098362822 0.012930582364260292 -0.0021335687940027066 -0.024522166348615648 0.0037796401553786552
leaf_weight=811.43451465666294 73270.193735413253 26765.759838227183 314.11742420494556 5531.9777666181326 183.97684219479561 563.66307032108307 123.9559431374073 9535.2903106063604 2576.3700635433197 59.484216839075089 122.74166560173035 56.120922297239304 93.057056903839111 4986.5083473473787 12218.523243688047 270.90394175052643 477.76922512054443 140.57358646392822 82.531769394874573 46.957210779190063 14133.527045473456 121.64240950345993 143.09187109768391 13600.122810944915 15874.583552159369 355.7609021961689 79.580424040555954 375.95738056302071 50.32059833407402 1855.2430238574743
leaf_count=717 73922 27322 377 5365 147 533 37 9140 2370 23 150 62 48 4750 12685 316 449 34 37 21 14420 20 42 13705 15361 338 59 392 75 1715
internal_value=5.13307e-05 2.5897e-05 0.000337327 0.000366759 0.00251089 0.00886855 0.0201234 0.000234767 0.00103217 0.00263582 0.00980713 0.0129507 0.000265006 -0.000231063 -0.00112993 0.00315888 0.00607287 0.0261842 0.0142993 -0.000127989 0.000417185 0.00107802 0.00980611 0.000913519 0.00198876 0.0125662 0.03037 0.00117217 0.00193316 0.00223754
internal_weight=184822 184010 110740 110426 6403.57 871.596 307.933 104022 32525.4 10524.8 939.221 816.48 22000.6 19424.2 14437.7 2219.2 537.253 279.226 138.653 71497 44731.2 30597.7 566.006 30031.7 16431.6 556.984 201.223 422.915 9585.61 2126.15
internal_count=184632 183915 109993 109616 6082 717 184 103534 31854 9970 755 605 21884 19514 14764 2079 472 133 99 71680 44358 29938 455 29483 15778 417 79 413 9215 2031
is_linear=0
shrinkage=0.05


Tree=137
num_leaves=31
num_cat=0
split_feature=11 8 11 9 5 7 2 12 26 21 14 12 20 28 32 10 19 6 24 6 17 1 25 22 29 29 7 20 26 24
split_gain=10.6336 10.3265 12.0021 10.2804 14.7329 12.5846 14.8328 13.585 11.6179 31.1357 11.1392 15.2007 14.7201 16.9987 16.5941 15.1041 14.3911 12.5681 12.3564 19.322 11.8354 11.3465 11.2727 16.771 18.9247 14.8236 20.227 20.0996 14.1916 12.027
threshold=3.7690520744478802 -1.6749783015008493 -3.8672903796279781 0.63450348819507285 0.35993122193886878 0.44485652351556443 1.6227396193657435 -0.57050986537695425 0.62262292353253201 2.9117863374795019 -1.1678072836425473 0.504316234050182 -0.39457074754769988 -0.32942469627216175 -0.078338700257599272 -0.98249099602751078 -2.0057705471375402 -1.592412183287983 -1.9391018954958896 -0.95894946728969088 -1.3802791936783965 0.57399523463408542 -0.24903744818563903 -1.5040770010016227 -0.047538396079765004 0.8247689414492857 0.31513619798572995 0.19254049483626454 0.24172552853528911 -0.56197976871652988
decision_type=2 2 2 2 2 2 2 2 2 2 2 2 2 2 2 2 2 2 2 2 2 2 2 2 2 2 2 2 2 2
left_child=1 -1 -3 5 -5 6 7 -4 -8 -10 11 17 15 14 20 -12 -17 -9 19 -18 -14 -19 -15 24 28 -25 -27 -28 -24 -26
right_child=-2 2 3 4 -6 -7 8 10 9 -11 12 -13 13 22 -16 16 18 21 -20 -21 -22 -23 23 25 29 26 27 -29 -30 -31
leaf_value=-0.0031359714542939635 0.0057413219496742149 0.0064597427310295096 0.0013131324570282241 -5.6631839792286147e-05 0.0016056968261076799 -0.0013450987358172208 0.0027749049697109686 -0.0042668593043640457 0.029140128412560102 -0.005479920278820433 -6.5953137873076762e-05 0.0044707355793751754 0.024457749303004407 -0.00018936222191946102 -0.0023137172954309387 -0.027042858274901639 0.040372202369421184 0.0011198012934838289 -0.0030959802623121303 -0.0078715300422279172 0.00028188083403587636 -0.0028624448916381648 0.0054634654712401205 0.0003557838267955755 0.046642819230663574 0.0036746741646805458 0.045020233452999825 0.0081432996242262624 -0.017676796028173621 0.013712480494795766
leaf_weight=2550.0615934729576 816.78896772861481 731.50693118572235 15101.608246766031 33316.264784544706 22217.491104260087 20401.168285012245 1791.4204288423061 1434.5772157013416 148.61069259047508 115.35705146193504 6905.8907002042979 2386.3772307485342 50.896060883998871 16100.025266095996 13498.371682733297 62.302984237670898 41.546365261077881 14140.69538294524 10212.637514203787 41.471168994903564 9485.475471124053 2047.7675640061498 373.850372210145 8240.6377147734165 29.786897659301758 1933.0678897947073 60.243788868188858 95.564150243997574 80.529816865921021 400.96430248022079
leaf_count=2710 723 637 14705 33354 21504 20950 1692 1557 62 128 6915 2173 26 16161 14123 96 8 13824 10845 48 9432 2165 333 8182 2 1791 6 80 109 291
internal_value=4.8957e-05 2.36876e-05 6.80938e-05 4.22213e-05 0.000608419 -0.00020896 1.22524e-05 -7.18974e-05 0.00421789 0.0140108 -0.000310605 0.000725702 -0.000617289 -0.000185292 -0.00118572 -0.00187719 -0.00308479 0.000218578 -0.00293981 0.0162722 0.000410909 0.000616065 0.000658383 0.00187543 0.00848074 0.00130942 0.00507153 0.0224019 0.00136232 0.0159896
internal_weight=184813 183996 181446 180715 55533.8 125181 104780 102724 2055.39 263.968 87622.7 20009.4 67613.3 50349.4 23034.7 17263.8 10358 17623 10295.7 83.0175 9536.37 16188.5 27314.7 11214.6 885.131 10329.5 2088.88 155.808 454.38 430.751
internal_count=184632 183909 181199 180562 54858 125704 104754 102872 1882 190 88167 19719 68448 50536 23581 17912 10997 17546 10901 56 9458 15989 26955 10794 735 10059 1877 86 442 293
is_linear=0
shrinkage=0.05


Tree=138
num_leaves=31
num_cat=0
split_feature=27 26 16 9 8 8 14 20 9 20 5 2 26 1 5 3 12 32 3 11 25 12 3 8 21 14 29 22 29 16
split_gain=10.125 12.8974 11.5795 11.3647 11.2583 12.4334 11.2296 15.5429 14.9986 17.2689 16.2538 17.7196 18.0391 26.8525 16.0513 15.6652 14.2768 13.9553 14.2814 13.8912 22.3991 13.5992 13.0997 12.8204 17.9312 13.5399 12.7937 19.0775 12.4833 11.7269
threshold=1.0915075186117129 -0.51604756193148082 -0.75691911484249619 -1.6747553987675772 0.84423037945908175 1.2640984929524037 -1.2244721136150312 -1.8385492631823444 0.63450348819507285 2.7122881250082007 1.0731953774504845 1.6227396193657435 0.62262292353253201 1.4846509032658053 0.35993122193886878 0.24483852896410754 -0.25998577406428264 -0.11762400060558284 -0.0096323214139746021 0.22727968177929406 -1.6190724903578471 0.504316234050182 0.23831346915804102 0.52932929433909037 1.0057877474113359 -0.32476508423528944 -0.26656793133984452 -0.53011307067397129 -1.9639944025134659 -0.89427125069308833
decision_type=2 2 2 2 2 2 2 2 2 2 2 2 2 2 2 2 2 2 2 2 2 2 2 2 2 2 2 2 2 2
left_child=3 2 -2 -1 -3 -6 21 -8 10 14 11 15 17 -14 -10 16 22 23 -19 -18 -21 -5 -9 24 -13 -25 27 -17 -12 -16
right_child=1 4 -4 6 5 -7 7 8 9 -11 28 12 13 -15 29 26 19 18 -20 20 -22 -23 -24 25 -26 -27 -28 -29 -30 -31
leaf_value=0.0033627818393603191 -0.031639486177102848 0.00013606003204382885 -0.0048604693935284712 0.00081595995561334507 -0.004646391821787446 -0.00024772825446811076 -0.0038958272269884161 0.0012920064682153342 -5.5243420382072427e-05 0.014362979057607514 -0.010366248378936344 -0.0074487938479687339 0.0037005287086678863 0.032727953660663729 0.010304888996630271 0.0046090804675355691 -0.0009939643836859404 0.012098956396613052 -7.669490166105846e-05 0.030761879505714147 0.0012721661019785037 0.0051196687873294924 0.016944354153822502 0.0316802988898734 0.0079083026950426665 -0.0060110852886448652 -0.0022983972509802715 -0.0010828609906577212 -0.0014628013341845955 0.0015728481439467369
leaf_weight=2761.7427700161934 41.646514013409615 14202.648252751678 1315.1546247601509 12978.803688064218 3125.5494530573487 3305.6220807731152 2525.2418793439865 18963.006538897753 30649.136742115021 231.50083222985268 402.54282222688198 262.84276837110519 212.74541008472443 127.37344008684158 391.73589929938316 1912.276748239994 21636.874352738261 587.05507507920265 408.37359616160393 64.975164741277695 7168.3875997513533 2137.9075732380152 134.62148094177246 24.563719868659973 686.59621465206146 794.48558670282364 12645.703016420826 6395.4914371669292 17901.279683977365 20808.574547305703
leaf_count=2576 68 14164 1443 12767 3416 3322 2722 18473 30683 165 486 302 197 44 311 1736 22067 445 409 25 6986 1919 89 9 578 890 13227 6534 18425 20154
internal_value=4.666e-05 -0.000960362 -0.00568244 0.000182674 -0.000649856 -0.00238548 0.000127801 -7.45692e-06 6.14923e-05 0.000737264 -0.000328136 9.97714e-06 0.00370543 0.0145712 0.000676427 -0.000156456 0.000341755 0.00236832 0.00710391 -0.000359822 0.00153706 0.00142462 0.00140234 -0.000297195 0.00365684 -0.0048807 -0.00129699 0.000227306 -0.00165861 0.0017342
internal_weight=184804 21990.6 1356.8 162814 20633.8 6431.17 160052 144935 142410 52080.9 90329.2 72025.4 3104.04 340.119 51849.4 68921.3 47967.9 2763.92 995.429 28870.2 7233.36 15116.7 19097.6 1768.49 949.439 819.049 20953.5 8307.77 18303.8 21200.3
internal_count=184632 22413 1511 162219 20902 6738 159643 144957 142235 51313 90922 72011 2874 241 51148 69137 47640 2633 854 29078 7011 14686 18562 1779 880 899 21497 8270 18911 20465
is_linear=0
shrinkage=0.05


Tree=139
num_leaves=31
num_cat=0
split_feature=27 20 37 19 13 4 22 26 29 1 8 4 22 2 9 32 2 8 2 4 5 19 35 15 6 5 5 32 8 4
split_gain=9.69272 10.3235 9.44453 9.06993 13.9005 12.6192 10.0835 9.36899 14.5401 17.0254 17.8141 17.6063 16.956 13.906 13.0602 16.1928 12.2438 16.4902 12.1626 77.8352 27.9169 21.0711 10.3683 10.2754 14.6308 12.387 20.5464 21.598 20.1947 17.0856
threshold=-2.4314675912682824 2.2310911147635006 1.0000000180025095e-35 -2.118871167500143 -1.1595131090260919 0.25974270101145336 -1.6097381078780992 -0.4083551137619178 0.43980616671660122 -0.41491353045659157 -0.25792341846088812 -0.22581658888353009 -1.1339383510567866 1.1080896441076704 1.1068518968919785 0.03268777753841446 2.6354203034584542 0.52932929433909037 -0.16352356059407575 -0.10082503325137634 1.0731953774504845 -0.93689077464513693 1.0000000180025095e-35 -1.3610798787511136 -1.916963909188518 1.0731953774504845 1.0000000180025095e-35 0.22565002005269302 1.6314830922590604 1.6647746321311343
decision_type=2 2 2 2 2 2 2 2 2 2 2 2 2 2 2 2 2 2 2 2 2 2 2 2 2 2 2 2 2 2
left_child=1 -1 3 4 6 -6 -2 8 13 10 -10 -12 -13 -5 16 22 23 -18 19 -17 21 -21 -16 -9 -25 26 -26 -28 29 -27
right_child=2 -3 -4 7 5 -7 -8 14 9 -11 11 12 -14 -15 15 18 17 -19 -20 20 -22 -23 -24 24 25 28 27 -29 -30 -31
leaf_value=0.0018871443196002116 -0.014474669182058156 0.013002837349582037 0.0072786039148924168 -0.0024586606937550205 -0.019047200236685199 -0.0011887263325155572 0.00087534868167842602 0.0013841950881929575 0.0020582463406627442 -0.00061666319451411525 -0.0054900446161473887 0.036447348138109084 0.011568620925566805 -0.00011721240908612929 -0.00068292541825181992 0.0019998342929448036 0.029537904854268351 -0.0050965389881184962 0.0019576968704265491 0.032671549312898882 0.041708956696629634 -0.0041718302127522373 0.018491454104095247 0.0062222152073899487 -0.00067299018437374592 -0.0013859735274562839 0.0019379797247043224 -0.00018938217098222833 0.0058862144020288944 -0.013585033376442169
leaf_weight=3627.9284888654947 120.97774337232113 221.63861677050591 443.57164800167084 13308.574616275728 242.58767844736576 167.02896568179131 925.1974048614502 12326.238363455981 2433.1608898937702 5583.1416390538216 124.34662884473801 81.164926528930664 438.4438029229641 12112.605045065284 5553.152227550745 1669.7859036326408 80.63690510392189 59.8948695063591 6341.2863303869963 72.135703206062317 180.91812682151794 83.991993069648743 71.409198731184006 898.85772460699081 47133.591108262539 21272.341935828328 22242.094563350081 25735.523016668856 953.2167641967535 290.948969617486
leaf_count=3491 156 164 379 13963 335 171 909 11985 2333 5652 138 22 337 12141 5629 1603 33 66 6093 25 30 91 45 787 47768 21862 21380 25833 841 370
internal_value=4.44792e-05 0.00252713 -8.33816e-06 -2.62452e-05 -0.00395689 -0.0117651 -0.000899699 5.71392e-06 -0.000740231 0.00102917 0.00401539 0.0114104 0.0154548 -0.00134301 0.000181085 0.00163419 2.60869e-05 0.0147766 0.00303133 0.00642385 0.0283412 0.0128509 -0.000439488 1.02453e-05 -0.000132639 -0.0001812 6.84508e-05 0.000796848 -0.00123574 -0.00155057
internal_weight=184796 3849.57 180947 180503 1455.79 409.617 1046.18 179047 34081.4 8660.26 3077.12 643.955 519.609 25421.2 144966 13972.7 130993 140.532 8348.12 2006.83 337.046 156.128 5624.56 130853 118527 117628 95111.2 47977.6 22516.5 21563.3
internal_count=184632 3655 180977 180598 1571 506 1065 179027 34586 8482 2830 497 359 26104 144441 13516 130925 99 7842 1749 146 116 5674 130826 118841 118054 94981 47213 23073 22232
is_linear=0
shrinkage=0.05


Tree=140
num_leaves=31
num_cat=0
split_feature=20 29 10 32 26 32 28 26 6 11 26 22 1 25 13 14 3 32 26 19 23 21 12 9 17 23 20 24 32 25
split_gain=9.53025 17.3836 21.2264 15.9485 14.5935 14.5623 12.5406 17.9897 15.1576 14.9654 15.1915 21.8626 21.6839 16.3891 14.7129 12.5311 14.507 12.34 15.5634 12.7933 12.7927 15.5448 12.2398 12.0403 15.1279 16.9227 16.9561 16.9486 29.2423 30.3627
threshold=-0.43161789303907983 0.74306771300676644 -1.8210481331646782 -0.54021712563396596 -0.37979550262850337 1.2146320698515098 -0.17829357962411355 0.94099525482330304 -0.1367598160623931 -0.59913249492860121 0.26134363317183201 -1.6415379190547663 -0.40488248126279208 -0.32465235709698231 0.3525100372422732 -1.2435120475935519 -0.23823308592265222 -0.22549659480182424 -2.103521558048564 -0.93689077464513693 -1.2398790589577124 1.0000000180025095e-35 -0.21090223120107529 0.1096719229762886 0.54111147557545947 1.0000000180025095e-35 0.70448391368879359 1.0000000180025095e-35 0.31764552868397106 -0.063260634016295517
decision_type=2 2 2 2 2 2 2 2 2 2 2 2 2 2 2 2 2 2 2 2 2 2 2 2 2 2 2 2 2 2
left_child=1 3 -3 -1 -5 -6 9 8 14 22 11 12 13 -11 23 16 -13 -10 19 -19 21 -20 -2 24 25 27 -27 -8 29 -29
right_child=6 2 -4 4 5 -7 7 -9 17 10 -12 15 -14 -15 -16 -17 -18 18 20 -21 -22 -23 -24 -25 -26 26 -28 28 -30 -31
leaf_value=-0.0029386254156078219 0.0023720481460787067 0.024953991572280929 0.0020658449812744626 -0.0015908476421395618 0.00041419554180355858 -0.0045138034516241923 -0.00013028666656411642 0.0069939279846209157 0.0033029010523435254 0.0031468897723612131 4.6967465654082879e-05 0.016600958983255899 0.0025214902836477818 0.040901756094710646 -0.0023518193606644499 -0.0025200994817766355 0.0005970554719079296 -0.045465827520817376 0.0065196537314306524 -0.0056798848408238442 0.00094756637167390124 0.038291327958009422 -0.00065316841025493374 0.0025719601721353805 0.038306957381712581 -0.004553799520012624 0.00340028928627283 0.043336416385736105 0.0024284680009748517 0.0080757738806482172
leaf_weight=6885.3317815959454 8911.7835946381092 103.80895641446114 4185.9504977464676 16842.134591504931 33919.990164089948 1568.4101033806801 14018.471601247787 1160.3012708425522 7640.7316092774272 45.888095527887344 31522.610745996237 160.18423932790756 366.48159572482109 76.937924861907959 5560.4562298506498 15282.7204798311 1220.5750192552805 20.949904784560204 390.98124724626541 568.42789980769157 16356.986614525318 42.703394919633865 5351.0966548770666 5449.3080636262894 25.656282544136047 3342.571950674057 837.98803739249706 90.041640073060989 2649.6939416229725 189.62782898545265
leaf_count=7290 8489 52 4013 17378 33639 1710 14055 998 7136 43 31493 107 348 14 5822 16053 1206 40 340 633 16047 10 5421 5169 6 3647 781 12 2521 159
internal_value=4.24273e-05 -0.000453798 0.00261972 -0.000676452 -0.000378809 0.000196403 0.000302258 0.000830319 0.000705257 -0.000187264 -0.00060462 -0.00180208 0.00861499 0.0267964 -1.2723e-05 -0.00210796 0.0024537 0.00162821 0.000891968 -0.00709411 0.00117229 0.0096481 0.00123706 0.000476179 -6.36964e-05 -0.00011029 -0.00295941 0.000592509 0.00405145 0.0194282
internal_weight=184789 63505.6 4289.76 59215.9 52330.5 35488.4 121283 58344.9 57184.6 62938.3 48675.4 17152.8 489.308 122.826 32163.8 16663.5 1380.76 25020.8 17380 589.378 16790.7 433.685 14262.9 26603.4 21154.1 21128.4 4180.56 16947.8 2929.36 279.669
internal_count=184632 64082 4065 60017 52727 35349 120550 57376 56378 63174 49264 17771 405 57 32172 17366 1313 24206 17070 673 16397 350 13910 26350 21181 21175 4428 16747 2692 171
is_linear=0
shrinkage=0.05


Tree=141
num_leaves=31
num_cat=0
split_feature=11 12 11 1 1 11 1 12 29 15 4 6 19 24 27 15 32 13 28 5 23 24 4 30 26 3 19 8 23 14
split_gain=9.36803 10.7384 14.7259 12.9254 11.0602 10.94 9.93678 9.55132 9.32999 8.47702 14.6158 12.2062 11.5041 9.26028 8.46918 8.3638 8.29889 8.14137 7.89521 8.6501 10.3436 21.3692 21.281 14.5623 11.7925 11.2985 12.6147 10.6944 9.08857 7.42368
threshold=1.7737165126951731 0.021302770792105498 -0.030880915555652259 0.30442129628628728 1.9867002109246543 0.25364227800562461 0.12123779654620548 3.6968789703269178 -3.4176241146047577 -0.71910909818741708 -0.91002235161315193 0.82090883062140463 0.7926540665103492 -1.9391018954958896 -0.80380453692892473 -0.039882658941057296 1.0464581369463926 -0.22600757762004012 -0.34026921620128764 0.35993122193886878 -0.60151806960514598 -0.72078272535503729 -0.80200272592634259 -0.51450221389572592 0.28298148207271029 0.21031120244208409 -1.6802382595468452 1.0016809220190774 0.85878780607158778 0.24832582585220905
decision_type=2 2 2 2 2 2 2 2 2 2 2 2 2 2 2 2 2 2 2 2 2 2 2 2 2 2 2 2 2 2
left_child=1 6 -3 5 -5 16 9 29 -9 18 12 13 -11 -12 17 -14 -4 -13 19 20 25 22 -22 -24 -23 -1 -27 -25 -26 -2
right_child=7 2 3 4 -6 -7 -8 8 -10 10 11 14 15 -15 -16 -17 -18 -19 -20 -21 21 24 23 27 28 26 -28 -29 -30 -31
leaf_value=1.4545637944253293e-05 0.004492896589363418 -0.0012990834660141452 7.3644310086334595e-05 -0.00092681843383015576 0.0038879760088001781 0.0017308837096222636 -0.0003674617374522287 0.02238682685415291 0.0050833584198967429 -0.0041999600020856728 0.019335780462433887 0.019516004920905626 0.0060949194583871874 -1.6992355685226131e-05 0.00093220540365136306 -0.0019853080341179267 -0.0050601993912511812 0.0034507826426271419 0.00085901072139826264 0.0002129247857902535 0.00051436309157474279 -0.0014939914511288338 0.010147054111414765 0.018348822002627933 0.0077142317814090939 0.042532657700626725 0.0039286878684713982 0.043618797819458335 -0.0016856910533180167 0.00034108948483303867
leaf_weight=1585.4612315744162 1455.8166747391224 31028.819469667971 11260.585556864738 25946.054382070899 1250.2162146866322 15146.330735638738 32034.570425553247 101.40087722241879 336.17829540371895 2942.8065953403711 61.961466014385223 80.370044499635696 554.60552018880844 25744.250891759992 7039.2403573691845 757.90644453465939 846.34637336432934 4200.9299174398184 13182.477794080973 1995.4978198707104 143.47597512602806 675.80700218677521 112.9151154756546 71.087401866912842 1592.7344537675381 33.479113698005676 57.519524782896042 101.86169165372849 306.66127642989159 4134.2026594728231
leaf_count=1585 1325 31835 11244 26427 1153 14622 32270 56 302 3190 38 49 487 25753 6908 788 932 3911 12956 1987 142 696 90 45 1347 5 53 13 317 4106
internal_value=4.04725e-05 -2.49022e-05 -0.000429727 6.56877e-05 -0.000705482 0.000835244 0.000346082 0.00197922 0.00909312 0.000719329 0.000311815 0.00062994 -0.00246376 2.94742e-05 0.00199876 0.00142901 -0.000285242 0.00375236 0.00156851 0.00296937 0.00414444 0.00590011 0.0162272 0.0241136 0.00417836 0.000997932 0.0181314 0.0332321 0.0061966 0.00142235
internal_weight=184782 178754 85478.4 54449.5 27196.3 27253.3 93275.6 6027.6 437.579 61241 41382.1 37126.8 4255.32 25806.2 11320.5 1312.51 12106.9 4281.3 19859 6676.5 4681 3004.54 429.34 285.864 2575.2 1676.46 90.9986 172.949 1899.4 5590.02
internal_count=184632 178843 86213 54378 27580 26798 92630 5789 358 60360 41124 36659 4465 25791 10868 1275 12176 3960 19236 6280 4293 2650 290 148 2360 1643 58 58 1664 5431
is_linear=0
shrinkage=0.05


Tree=142
num_leaves=31
num_cat=0
split_feature=27 26 8 9 3 1 4 17 28 5 21 6 32 6 28 22 24 27 29 14 9 3 8 5 10 30 28 20 21 26
split_gain=9.13529 9.88021 10.4073 9.72039 15.1773 23.5766 11.6739 11.6643 13.9621 11.6016 9.63348 9.41304 9.985 10.8672 11.712 9.34273 15.0754 11.7879 14.0567 14.1154 13.9437 16.7879 15.4837 21.0373 13.0568 14.6367 14.0206 13.0984 12.4864 15.0765
threshold=1.4511473371482428 -0.54048022740205648 0.84423037945908175 -1.622272242245699 0.40946444834201584 0.29049620320495473 -0.40462499997679841 0.61923764790676172 -0.27660237622927325 1.0731953774504845 1.4314146848762859 -1.0232714990025287 0.77041926254298287 -0.67714099892917168 0.26396305175404994 -0.81134395626783384 -0.10596031429954592 0.53423071601520544 1.5462252100105569 -1.2244721136150312 -0.31019332919873871 3.5347725708111133 0.21442820921909891 -1.0665970890843621 -0.19103493545320013 2.0323130246474004 -1.3299044716697048 1.4869329112117013 -0.83862665430520855 0.031517433719357869
decision_type=2 2 2 2 2 2 2 2 2 2 2 2 2 2 2 2 2 2 2 2 2 2 2 2 2 2 2 2 2 2
left_child=3 -2 -3 4 7 -6 -7 8 -1 -8 -11 -10 -13 14 -14 16 -5 18 19 -17 -21 28 23 -23 -20 -26 27 -27 29 -22
right_child=1 2 -4 15 5 6 9 -9 11 10 -12 12 13 -15 -16 17 -18 -19 24 20 21 22 -24 -25 25 26 -28 -29 -30 -31
leaf_value=-0.0036188648062393685 -0.0083109118725722027 3.3279867429191556e-05 -0.0035841778458692813 5.0221189973911418e-05 0.022606893200503225 -0.006816600507214967 0.0026575410497059748 0.0077048788721043654 -0.0037213448612752999 0.020291771360420527 -0.0096997051462258677 0.0020245980964095087 -0.0075877171643211547 0.0040013035491353937 0.026124310193250361 0.0021690281253394267 0.0023187594524631001 -0.0010723478413175124 0.011633601668699053 -0.0011052521540850988 -0.0022244352582365934 0.020201741900651118 0.032611971484635648 -0.0055375804776830488 0.0010709780713544891 -0.0033513774865584797 0.0044711181272492524 0.030158778319694712 0.00042425704893207848 0.0039799287364456889
leaf_weight=1641.2134116441011 497.33401654660702 6470.3066178746521 2870.2502535432577 21848.945592561737 206.25626960396767 198.88553526997566 513.28132423758507 546.16228596866131 493.28623649477959 196.91514176130295 30.988427847623825 1400.7178094536066 31.256665080785751 247.83311012387276 146.59262183308601 6703.8152799159288 11015.862715139985 26623.996293533593 351.87040442228317 29656.443048588932 8599.42281024158 144.30373719334602 66.13745641708374 176.45709258317947 6265.1977853775024 38.42450013756752 388.76421517133713 120.96029406785965 56177.675497770309 1104.9526572525501
leaf_count=1760 580 6466 3076 21827 113 226 486 462 530 117 37 1344 36 228 70 6413 10505 27195 270 30312 8982 86 23 196 6131 41 354 48 55701 1017
internal_value=3.8563e-05 -0.00144395 -0.00107833 0.000121935 0.00216144 0.00729839 0.00393962 0.000854904 -8.96279e-05 0.00682589 0.0162138 0.00240736 0.00406264 0.0107689 0.0201995 5.38238e-05 0.000810606 -0.000128494 0.000100381 -4.91051e-05 -0.000204121 0.00019915 0.010584 0.00604201 0.0022415 0.00175646 0.00959128 0.0220801 0.000138164 -0.001518
internal_weight=184775 9837.89 9340.56 174937 5653.39 1146.33 940.07 4507.06 3960.9 741.185 227.904 2319.69 1826.4 425.682 177.849 169283 32864.8 136418 109794 102629 95925.4 66268.9 386.898 320.761 7165.22 6813.35 548.149 159.385 65882.1 9704.38
internal_count=184632 10122 9542 174510 5409 979 866 4430 3968 640 154 2208 1678 334 106 169101 32332 136769 109574 102730 96317 66005 305 282 6844 6574 443 89 65700 9999
is_linear=0
shrinkage=0.05


Tree=143
num_leaves=31
num_cat=0
split_feature=5 8 8 2 2 14 20 29 32 21 30 4 3 24 14 22 5 24 29 27 4 2 8 12 14 30 8 29 20 10
split_gain=8.4091 12.5437 29.6744 21.3023 17.8729 17.5709 15.9316 14.4753 33.8927 13.6768 11.8596 11.7967 29.3719 14.1501 13.4527 30.2433 16.9148 14.5662 12.1056 11.5591 11.6331 34.6822 34.2672 12.7474 13.0534 12.691 12.4265 20.3189 15.5011 16.5785
threshold=1.0000000180025095e-35 0.26691172340576413 1.1591314645790731 2.2071093333243881 -0.52648074490478702 0.057824655980559324 -1.5601994637202996 -1.7978969658419717 0.89185692499475189 0.800830904786069 -1.280809463054746 -0.78927530218684083 0.1622740053533582 -1.623377907858639 -1.1864081552874672 -0.47069843966191366 -1.0665970890843621 1.4975377495907483 0.74306771300676644 2.2893376023158312 -0.11002554268111665 -0.37951249872347043 0.26691172340576413 1.4821560334370689 -0.29485334471956021 2.0323130246474004 0.89671389364574694 -0.36534491632821003 -0.84865421175078348 -1.0101548125539586
decision_type=2 2 2 2 2 2 2 2 2 2 2 2 2 2 2 2 2 2 2 2 2 2 2 2 2 2 2 2 2 2
left_child=1 3 4 5 11 7 -4 8 -1 -9 -7 13 14 18 15 -13 -16 -18 -3 20 23 22 -22 24 26 -26 27 -2 -29 -30
right_child=19 2 6 -5 -6 10 -8 9 -10 -11 -12 12 -14 -15 16 -17 17 -19 -20 -21 21 -23 -24 -25 25 -27 -28 28 29 -31
leaf_value=0.00031382197470173056 -0.0038740261232824828 0.0030146043085781831 -0.017937084926648066 0.0080459824724809694 -0.0040584188798739734 -0.0089357415464130282 0.00089431478927541944 0.00061201020688130122 0.035097935544419201 0.0064647540233085847 -0.00077761433822890911 0.0026509268812124577 -0.005743582634154319 -0.0024873404175687554 -0.0037950219187132938 0.029920328644279338 0.0045422408209913638 0.022150670066381471 0.026066944340202874 -0.0092015990517934753 0.030140437446253276 0.00067478779218546441 0.0035328926243400798 0.0051552326781804875 -0.0016505419390079362 0.009760444552724859 -0.0011440297041161764 -0.00030900470799606985 0.0056514890283344641 0.0013838844622587841
leaf_weight=214.34532544016838 1907.2270523607731 257.52683013677597 113.34015911817551 842.58914908766747 8796.0397263169289 454.73254962265491 12409.968366324902 18388.073772296309 104.01243686676025 1055.4666427969933 21898.429344907403 254.49283716082573 812.64959701150656 6589.2079352587461 506.55244615674019 169.32548063993454 580.75893965363503 147.22077733278275 73.120625376701355 318.40356194972992 196.37894853949547 63111.74064752087 315.27678021788597 1063.6692486554384 16710.376456104219 247.26913431286812 10221.134368062019 6677.7309950403869 3384.5555718392134 6946.2563218921423
leaf_count=213 2055 242 154 707 9510 536 12188 18163 31 919 22239 241 906 6917 545 68 528 82 35 377 78 62260 293 954 17262 199 10455 6719 3002 6754
internal_value=3.67683e-05 -0.000377469 -0.00114912 0.000174182 -0.00243886 1.66925e-05 0.000723884 0.00110288 0.0116783 0.000929719 -0.000943576 -0.000921878 0.00204371 -0.00198086 0.00585975 0.0135457 0.00322115 0.00810323 0.00811249 0.00031144 0.000338782 0.000779899 0.0137452 -0.000256351 -0.000381227 -0.00148415 0.000260673 0.0010197 0.00156846 0.00278203
internal_weight=184768 73667.9 30710.2 42957.6 18186.9 42115.1 12523.3 19761.9 318.358 19443.5 22353.2 9390.86 2471 6919.86 1658.35 423.818 1234.53 727.98 330.647 111100 110782 63623.4 511.656 47158.2 46094.5 16957.6 29136.9 18915.8 17008.5 10330.8
internal_count=184632 74224 31416 42808 19074 42101 12342 19326 244 19082 22775 9564 2370 7194 1464 309 1155 610 277 110408 110031 62631 371 47400 46446 17461 28985 18530 16475 9756
is_linear=0
shrinkage=0.05


Tree=144
num_leaves=31
num_cat=0
split_feature=20 29 10 32 25 17 26 32 2 4 28 26 6 13 3 12 11 29 8 17 2 25 20 28 26 1 29 9 19 21
split_gain=8.4725 15.2779 19.0557 14.5999 14.0498 17.1178 12.7688 12.5609 16.6368 12.0921 11.3216 16.3225 13.7827 13.4013 13.2946 14.2922 12.3894 11.5775 14.9005 11.2368 16.5984 11.1195 37.6036 11.4584 19.0968 10.9704 10.9657 12.7376 12.5521 18.0527
threshold=-0.43161789303907983 0.74306771300676644 -1.8210481331646782 -0.034393372196357193 -0.85172464054353081 -1.0961145701371551 0.711612125427319 0.37181467891231618 0.17759983861408074 -1.3631005952372415 -0.17829357962411355 0.92286775474456828 -0.1367598160623931 0.3525100372422732 0.19864980129104429 0.32254970172624947 0.27459883281470382 -4.3271377947710503 1.0000000180025095e-35 -1.3802791936783965 -0.11010655677225661 -1.6190724903578471 -0.60625065531118949 1.3331569858378689 -0.19879696749129297 2.7400278986449842 -0.27454012615978068 -0.7825417378956443 0.54663799071567853 0.20261221144468869
decision_type=2 2 2 2 2 2 2 2 2 2 2 2 2 2 2 2 2 2 2 2 2 2 2 2 2 2 2 2 2 2
left_child=1 3 -3 6 5 9 -1 21 -9 -5 14 12 13 26 15 19 -17 18 -16 20 -2 22 -7 -23 -25 -6 -12 -28 29 -29
right_child=10 2 -4 4 25 7 -8 8 -10 -11 11 -13 -14 -15 17 16 -18 -19 -20 -21 -22 23 -24 24 -26 -27 27 28 -30 -31
leaf_value=-0.001811690287396078 0.0052287517654479023 0.024016723666565591 0.0019373765494872274 -0.0025717704288952203 0.00068804837219841415 -0.014373384400454024 -0.0099107244892012152 -0.0052397922360174027 -0.0010053379116647481 0.0013333910616356547 0.0018142998211100624 0.0063235997940854459 0.0015384735527348833 -0.0022609299423997434 -0.0062596994209513125 -0.0023369207208052134 0.0011818204724951653 -0.0012256670667748968 0.026878794269826225 0.00078638297126782633 0.042107481310175825 -0.0012180347772045976 0.043166162480092835 0.0039028279737540403 0.040075843014553594 0.017755979889546619 -0.0018683665352607071 0.00049320580304034714 -0.0043304190388014424 0.0066636587132456286
leaf_weight=12370.760278306901 829.77360227704048 100.06436195969582 4174.7617086023092 2549.8475492298603 19990.08287614584 55.147014847025275 506.58709809184074 4889.5911640524864 4413.2635760605335 8905.4900193996727 9369.999774672091 1299.3286942541599 24907.387119673193 5560.5593009293079 57.767816662788391 7399.1743286848068 3779.3297870457172 22982.619200259447 82.175645470619202 27778.897029146552 31.675566375255585 4998.2394104786217 58.532266139984131 385.05616092681885 40.305690169334412 94.591183364391327 7445.7714036852121 7255.5697812139988 1032.5707224458456 1416.8247296661139
leaf_count=12819 743 52 4013 2681 19715 71 607 5402 4502 8668 9030 1135 24141 5812 65 7745 3690 23546 38 27342 5 5120 8 355 8 61 7724 7184 1122 1228
internal_value=3.51114e-05 -0.000432598 0.00245421 -0.000640852 -0.00022731 -0.000987864 -0.0021303 -0.00210869 -0.00323097 0.00046414 0.000280223 0.000782332 0.000655992 -2.91514e-05 -0.000184765 0.000368984 -0.00114727 -0.00113836 0.0131994 0.000960788 0.00658479 -0.000223209 0.0152531 -0.000547595 0.00733045 0.000768432 0.000438782 -0.000312708 0.000880813 0.00150128
internal_weight=184762 63532.3 4274.83 59257.5 46380.1 26295.5 12877.3 14840.1 9302.85 11455.3 121229 58288 56988.7 32081.3 62941.4 39818.9 11178.5 23122.6 139.943 28640.3 861.449 5537.28 113.679 5423.6 425.362 20084.7 26520.7 17150.7 9704.97 8672.39
internal_count=184632 64082 4065 60017 46591 26815 13426 15466 9904 11349 120550 57376 56241 32100 63174 39525 11435 23649 103 28090 748 5562 79 5483 363 19776 26288 17258 9534 8412
is_linear=0
shrinkage=0.05


Tree=145
num_leaves=31
num_cat=0
split_feature=32 22 25 14 9 12 25 6 14 6 8 21 3 4 28 21 29 23 29 1 4 23 27 11 15 20 21 18 19 19
split_gain=8.18953 10.5317 15.1706 13.9805 16.0567 14.3109 11.6982 17.1409 16.6116 11.4865 17.74 16.9117 14.9427 13.0184 11.4313 11.4831 11.032 12.1184 10.8899 13.6928 11.2979 10.7586 10.177 9.84205 9.60168 15.5588 13 12.7107 12.9891 25.5641
threshold=0.48912312378082962 0.68481818441528974 -0.90185719554021893 0.16590436026024999 1.0543687403701003 2.0036422444597339 -0.36487859286106394 -1.4928453527994316 -0.82318433579990791 -0.99007501122490327 1.3690655213257341 -0.82715424727528697 0.53773286154042343 -1.5476705093111283 2.8199283323520068 -0.35418981391649768 -2.0636278377884669 0.37324615194203231 -1.7978969658419717 -0.71562467826744702 0.69106074012131458 0.22925342173043636 -2.3055647465732769 0.16149079138194058 -0.71910909818741708 -0.14494704063273459 -1.983083711852899 0.11641877196817642 -0.39442570880921396 -0.47214929222067864
decision_type=2 2 2 2 2 2 2 2 2 2 2 2 2 2 2 2 2 2 2 2 2 2 2 2 2 2 2 2 2 2
left_child=22 2 9 4 5 6 8 -8 14 11 -11 13 -12 -2 -4 -16 17 -3 19 -9 -21 -10 -1 -14 27 26 -26 28 29 -24
right_child=1 16 3 -5 -6 -7 7 18 21 10 12 -13 23 -15 15 -17 -18 -19 -20 20 -22 -23 24 -25 25 -27 -28 -29 -30 -31
leaf_value=0.0028667038286282515 -0.0078210564310722264 0.028042082592935919 0.001676625130510573 -0.0010678141387243469 0.0064492021058317559 0.018860219839557397 0.012865299458900454 -0.020101275140890579 -0.0006218623931457262 -0.0010905614035227706 0.0027425364654073596 -0.0068893862622484529 0.030736859279938501 -0.00022416929527780622 0.040575643617681734 0.0064644703955266175 -0.0020344153908225158 -0.011400682918978925 0.0013204890507751163 0.0076438666543529911 0.028629343811245433 -0.0049503487028057765 0.0010355514225720082 0.0088593922339662481 -0.02226423303003007 0.00042292167162310954 -0.00088543688198600601 0.0053810610065117732 -0.001122950932226509 0.0095071991721509402
leaf_weight=3664.0764431878924 660.65897710621357 61.48124036192894 5328.6841167062521 10568.300386831164 1330.6300405412912 109.18510013818741 358.15557615458965 33.522928059101105 7037.4732045084238 9262.9633933529258 995.60993148386478 1969.611686617136 83.060183644294739 3851.7312054783106 37.137813329696655 73.503182888031006 10337.389127090573 28.501311510801315 8062.9404898285866 230.19098478555679 88.906955122947693 1803.4462453722954 15218.184242404997 134.90320917963982 71.266237750649452 62430.060497656465 31926.619869366288 1603.5791444182396 6448.180197685957 945.84714466333389
leaf_count=3454 764 27 5150 10794 1159 68 266 47 7125 9465 941 2241 32 3869 7 64 10758 35 7850 195 38 1982 14903 111 103 61902 32492 1431 6593 766
internal_value=3.3504e-05 -0.00043237 -0.00014166 0.000452165 0.00110799 0.000801158 0.000715629 0.00215255 -0.000167208 -0.0013694 -0.000345836 -0.00302374 0.0053385 -0.00133643 0.00200691 0.0179142 -0.00188268 0.0155489 0.00169663 0.0102973 0.0134908 -0.00150482 0.00027137 0.0171963 0.000191218 -3.65641e-05 -0.000933052 0.00107944 0.000774386 0.00153127
internal_weight=184756 62448 52020.6 35062.1 24493.8 23163.1 23054 8773.72 14280.2 16958.5 10476.5 6482 1213.57 4512.39 5439.33 110.641 10427.4 89.9826 8415.56 352.621 319.098 8840.92 122308 217.963 118644 94427.9 31997.9 24215.8 22612.2 16164
internal_count=184632 62988 52168 34745 23951 22792 22724 8396 14328 17423 10549 6874 1084 4633 5221 71 10820 62 8130 280 233 9107 121644 143 118190 94497 32595 23693 22262 15669
is_linear=0
shrinkage=0.05


Tree=146
num_leaves=31
num_cat=0
split_feature=9 20 26 32 13 30 16 9 13 20 5 21 5 29 8 8 32 19 30 8 4 29 2 20 13 20 19 2 22 23
split_gain=8.53323 13.7049 19.4394 13.5583 11.7197 19.7242 16.3082 16.9032 15.3534 12.3368 12.0321 13.7488 12.6403 34.8135 56.8561 15.0718 15.548 23.7587 12.7435 12.3981 31.1006 16.7384 12.0516 11.1091 11.4036 15.841 15.4896 11.4844 11.2882 13.4974
threshold=0.63450348819507285 0.22521880510329004 -0.66958117887441759 -0.72454832322156448 0.66979822193304128 -1.45206947695887 0.24225924082164826 -1.622272242245699 1.4452875107474226 0.49788318085428501 1.0000000180025095e-35 -0.77087088399791981 0.35993122193886878 -3.4176241146047577 0.056977666659103185 0.37187875177909463 -0.92634654676399408 2.5791992265670127 -0.40190418084691903 0.21442820921909891 1.4356488915133301 -0.18504187231232697 2.2071093333243881 0.70448391368879359 -0.7772062514954724 -0.88686617012995572 -2.0057705471375402 2.0084646681555847 -1.5280443680612046 0.84847286289500945
decision_type=2 2 2 2 2 2 2 2 2 2 2 2 2 2 2 2 2 2 2 2 2 2 2 2 2 2 2 2 2 2
left_child=4 2 -2 -4 23 -6 8 -8 9 -7 11 -9 13 14 22 18 -17 -18 -15 -14 -21 -22 -12 24 -1 26 -26 -27 29 -25
right_child=1 -3 3 -5 5 6 7 10 -10 -11 12 -13 19 15 -16 16 17 -19 -20 20 21 -23 -24 28 25 27 -28 -29 -30 -31
leaf_value=0.00037990737204471868 -0.0019895404421104161 0.001803622081961737 -0.0020275663390848966 0.00098579002396456021 -0.04907053169664629 -0.015546598364260712 0.0066091488148378079 0.014820847488208184 -0.034482727605598507 -0.0023101318146407424 -0.013689698616375782 -0.0036918993783890686 0.00048678504665498396 -0.028706870561868509 0.033519141316321742 -0.0036252846237883915 0.0047740926657626583 0.03413586232145055 -0.0023756669821422844 -0.0014361032972696067 -0.01076837664395352 -0.035298745579286611 -0.073363907793665306 0.005289815893496478 -0.030457547616773453 -0.00060199347953364206 -0.0039989613988283814 0.013215227874522556 0.00080357483273071776 0.031072777627540384
leaf_weight=38612.382560845464 9049.8972706198692 15515.688779249787 4258.3194935470819 30252.451297268271 21.701710492372513 253.25494216382504 697.15156756341457 102.33333531022072 51.489814788103104 577.32601678371429 24.336745798587799 5025.8978205472231 3269.8341244906187 47.645141497254372 175.96170529723167 551.04602609574795 1389.6901930049062 72.490545630455017 1291.6303316056728 2521.5751521885395 544.69119986891747 79.719812259078026 12.969757750630377 597.17937752604485 56.551561906933784 46109.843496263027 2530.6042260210961 150.87765136361122 20850.092200472951 55.475652158260345
leaf_count=38319 9410 14956 4431 29656 43 332 605 72 87 604 31 5397 3238 75 58 591 1257 23 1353 2594 662 136 32 534 91 46665 2733 111 20515 21
internal_value=3.19647e-05 0.000527586 7.30798e-05 0.000613969 -0.000201015 -0.00143397 -0.00137203 -0.00100281 -0.00798854 -0.0063461 -0.00135401 -0.00332248 -0.000342677 0.00204402 0.021632 0.000797945 0.00353231 0.00622976 -0.00331241 -0.00166915 -0.00390996 -0.0139002 -0.0344357 -1.19276e-05 -0.000262257 -0.000769863 -0.00457731 -0.000556929 0.00100626 0.00748137
internal_weight=184750 59076.4 43560.7 34510.8 125674 16710.7 16689 15807 882.071 830.581 15109.8 5128.23 9981.59 3565.77 213.268 3352.5 2013.23 1462.18 1339.28 6415.82 3145.99 624.411 37.3065 108963 87460.3 48847.9 2587.16 46260.7 21502.7 652.655
internal_count=184632 58453 43497 34087 126179 17190 17147 16124 1023 936 15519 5469 10050 3420 121 3299 1871 1280 1428 6630 3392 798 63 108989 87919 49600 2824 46776 21070 555
is_linear=0
shrinkage=0.05


Tree=147
num_leaves=31
num_cat=0
split_feature=27 26 8 16 21 19 21 28 9 3 1 4 5 15 28 32 21 1 29 5 8 8 5 22 24 15 6 28 1 22
split_gain=7.77089 8.26668 9.28582 9.1123 8.18975 15.0226 13.4119 8.17192 8.10773 13.5376 21.8636 10.4639 10.793 10.07 12.15 9.24358 9.02207 8.81971 13.3437 20.5037 12.9 22.2481 19.9999 11.0849 14.9032 15.1844 12.1143 11.9359 11.5508 9.69847
threshold=1.4511473371482428 -0.54048022740205648 0.84423037945908175 -0.79247160330041611 0.67516818035819459 0.48712097576229524 0.9523228567751304 3.1315240060345997 -1.622272242245699 0.40946444834201584 0.29049620320495473 -0.40462499997679841 1.0731953774504845 0.53813587838608712 -0.27660237622927325 0.77041926254298287 1.4314146848762859 -0.22974958291214326 -4.3271377947710503 0.35993122193886878 0.42436226596575982 1.0000000180025095e-35 -1.0665970890843621 -1.2002588414328701 -1.8713447490595676 -0.81773643399804186 0.70745810048915003 -1.4082023122993139 -0.28841311661599173 0.43967816281556366
decision_type=2 2 2 2 2 2 2 2 2 2 2 2 2 2 2 2 2 2 2 2 2 2 2 2 2 2 2 2 2 2
left_child=8 3 4 -2 7 6 -6 -3 9 13 -11 -12 -13 14 -1 -16 -14 23 19 20 21 22 -19 24 25 -10 28 29 -25 -28
right_child=1 2 -4 -5 5 -7 -8 -9 17 10 11 12 16 -15 15 -17 -18 18 -20 -21 -22 -23 -24 26 -26 -27 27 -29 -30 -31
leaf_value=-0.0034718375957575273 -0.048593079286845406 -0.00073024163051003022 -0.0033599444013134722 -0.0064723642690024787 0.023314446878403578 -0.00049059800582623497 -0.00060689245173327355 0.020206141959439448 0.0025686687327400415 0.021832033883063675 -0.0065006608417909235 0.0023874706059364165 0.019601592092976756 0.0068721799534153102 0.00025983549628014809 0.0074446952320032476 -0.0094068873485113336 0.022528414176809362 -0.00024565615934544159 -0.0069370356437157875 -0.0096875484348964772 0.034477603624786406 -0.018367486645179367 -0.00050155041800633681 0.0024182006022569302 0.045177820002838376 0.018786379506622757 0.0010456086231441194 0.0025051483598556275 0.0045558646629839297
leaf_weight=1627.959760248661 13.185509711503981 5740.165835775435 2882.311846986413 490.50540687143803 164.88322257995605 429.78298600018024 90.896709322929382 46.98955050110817 42.166220963001251 200.58246293663979 199.99766057729721 510.36986112594604 192.44428861141205 583.15027119219303 1674.7029441744089 610.96965734660625 31.141170412302017 69.162370055913925 111902.2106372416 144.89690062403679 41.88478285074234 132.06723415851593 52.65660884976387 31471.311007022858 5072.3176316469908 41.475017547607422 132.95477738976479 15392.898960366845 3555.1221699714661 1203.6756688058376
leaf_count=1741 26 5824 3076 554 88 434 92 28 40 113 226 486 117 503 1666 520 37 38 112452 165 50 41 72 31787 4827 4 83 15071 3377 1094
internal_value=3.05392e-05 -0.00133526 -0.000999301 -0.00757499 5.18971e-05 0.00521928 0.0148135 -0.000560246 0.000107532 0.00197394 0.00685459 0.00363792 0.00640062 0.00074256 -0.000170783 0.00218038 0.0155613 4.54345e-05 -0.00021146 0.00847213 0.016021 0.0202623 0.00485104 0.000552539 0.00276339 0.0236972 0.000332293 0.00143916 -0.000196376 0.00597138
internal_weight=184745 9858.72 9355.03 503.691 6472.72 685.563 255.78 5787.16 174886 5631.32 1134.54 933.953 733.955 4496.78 3913.63 2285.67 223.585 169255 112343 440.668 295.771 253.886 121.819 56911.9 5155.96 83.6412 51756 16729.5 35026.4 1336.63
internal_count=184632 10122 9542 580 6466 614 180 5852 174510 5409 979 866 640 4430 3927 2186 154 169101 112818 366 201 151 110 56283 4871 44 51412 16248 35164 1177
is_linear=0
shrinkage=0.05


Tree=148
num_leaves=31
num_cat=0
split_feature=9 20 5 26 13 24 16 26 9 2 20 28 28 24 21 23 24 10 20 4 10 24 20 20 21 3 1 24 15 20
split_gain=7.85467 13.8421 14.0397 13.0572 11.2135 16.8847 15.231 14.8725 14.4629 11.5571 10.5047 18.3199 14.4416 14.3435 10.4822 10.4507 14.4323 18.3098 14.253 25.5525 20.8144 19.9761 15.5126 13.6685 15.3771 11.4179 15.3101 10.9569 16.2162 11.4593
threshold=0.68698664471695126 2.7122881250082007 0.35993122193886878 -0.66958117887441759 0.66979822193304128 -1.51728551827864 0.24225924082164826 0.4418099600464791 -1.5697890857238204 2.0084646681555847 1.4562652476545013 0.28830019334713092 -1.6876754861571028 1.2749083247712436 -1.2915137304442352 1.8404867692626448 1.4585817220385366 1.1064384547855119 0.77327573578166975 -0.1512528575099655 0.3336772104760698 1.6270136925359178 0.47294542192561945 0.70448391368879359 1.1807102729391772 0.19864980129104429 0.20771344737945768 1.1519316631020109 0.019398720135860938 0.75882809318631705
decision_type=2 2 2 2 2 2 2 2 2 2 2 2 2 2 2 2 2 2 2 2 2 2 2 2 2 2 2 2 2 2
left_child=4 2 3 14 9 -6 7 -7 -8 10 15 12 -12 -13 -2 16 17 27 19 20 21 -18 -21 24 -23 26 -20 29 -29 -1
right_child=1 -3 -4 -5 5 6 8 -9 -10 -11 11 13 -14 -15 -16 -17 18 -19 25 22 -22 23 -24 -25 -26 -27 -28 28 -30 -31
leaf_value=-0.00024588708372252866 -0.012505036486860063 0.013059896350031873 0.0014399082602658776 0.00036347987920665984 -0.057213343424324686 -0.013170271660307457 0.0048371607767306209 -0.00035268173629233042 -0.0013524401134771364 0.013101246674142294 0.02046105510961202 0.0087337047378654633 0.00047093033219688376 0.042497063476911172 -0.0016583597673255632 -0.0060891490725668435 -0.0097676144388193602 -0.043859598484147062 0.0018859366367771997 -0.005180645614922986 -0.011367361839166468 -0.0028701485094704392 0.029557660173102802 0.03226495798401114 0.021836916621874952 -0.0041271733196385834 0.018742074969110959 0.00044052233139780465 -0.0061562387423117751 0.0014638072102395219
leaf_weight=88945.58857178688 229.58149960637093 219.27388441562653 22475.245840460062 25856.969759330153 13.524436041712759 519.23158179223537 1005.251237526536 401.17029097676277 15433.541201896966 168.0273574590683 93.097435086965561 562.20215359330177 3060.8287409096956 33.320287227630615 7475.0728010982275 726.52198627591133 104.57168260216713 23.971975550055504 1097.3922447264194 38.962936460971832 167.02689695358276 127.67128881812096 183.44279649853706 87.397592723369598 124.27616423368454 671.56656819581985 153.56105741858482 1885.613090634346 1841.2914088368416 11014.460950955749
leaf_count=89383 287 162 21828 25669 29 656 908 404 15851 124 55 464 3032 5 7723 815 125 45 1056 43 205 135 75 31 70 727 96 1869 2068 10692
internal_value=2.91371e-05 0.000521849 0.000472787 -0.000174866 -0.000186595 -0.0013679 -0.00132439 -0.00758354 -0.000973939 -1.89307e-06 -2.17383e-05 0.00257969 0.001061 0.0106228 -0.00198157 -0.000112732 -7.19496e-05 -0.000166845 0.00349924 0.00896079 0.00367821 0.00933922 0.0234719 0.0152271 0.00931691 0.00113184 0.00395512 -0.000156744 -0.00281863 -5.74982e-05
internal_weight=184740 56256.1 56036.9 33561.6 128484 17372.7 17359.2 920.402 16438.8 111111 110943 3749.45 3153.93 595.522 7704.65 107193 106467 103711 2755.87 833.349 610.944 443.917 222.406 339.345 251.947 1922.52 1250.95 103687 3726.9 99960
internal_count=184632 55669 55507 33679 128963 17848 17819 1060 16759 111115 110991 3556 3087 469 8010 107435 106620 104057 2563 684 566 361 118 236 205 1879 1152 104012 3937 100075
is_linear=0
shrinkage=0.05


Tree=149
num_leaves=31
num_cat=0
split_feature=37 29 30 21 26 5 22 28 3 5 8 21 25 19 9 19 17 4 13 29 21 19 14 12 1 10 9 28 2 12
split_gain=7.5157 7.31092 13.1218 10.3696 17.907 17.0626 21.2947 13.0505 10.3434 9.90655 16.0873 9.55588 16.0048 10.665 8.88089 8.92938 10.146 8.29433 15.8563 11.1803 11.256 10.809 10.5912 18.6482 12.5151 16.5753 11.7769 12.878 12.5903 10.9998
threshold=1.0000000180025095e-35 1.5462252100105569 2.0323130246474004 1.3177017407850775 1.4451303155978639 -1.0665970890843621 0.42433282311740911 -1.6876754861571028 0.31353724405977362 1.0000000180025095e-35 0.52932929433909037 1.2503373638109203 1.2531250546737158 0.12586390734736189 0.89691927080446487 1.3202772378017864 0.32915377496900294 -1.6057630796391396 1.1282132212155418 -0.50327482200779394 -1.983083711852899 -2.30556567616649 -0.31484938568354176 1.6851064859756575 -0.96577023576719512 0.19438436378624571 -0.20522701615498187 1.0698067462586416 0.7052606713279076 -0.27424418998608052
decision_type=2 2 2 2 2 2 2 2 2 2 2 2 2 2 2 2 2 2 2 2 2 2 2 2 2 2 2 2 2 2
left_child=1 17 3 4 11 -6 7 -7 -8 -4 -11 13 -13 -3 15 -5 -17 18 19 -1 -21 -22 23 24 25 -19 28 -28 -26 -24
right_child=-2 2 9 14 5 6 8 -9 -10 10 -12 12 -14 -15 -16 16 -18 22 -20 20 21 -23 29 -25 26 -27 27 -29 -30 -31
leaf_value=-0.011453026572159367 0.0064486135174569087 0.0076472246455075972 0.0037398997148509502 -0.0088603259437525003 -0.0026573823122668146 -0.010458534366276147 0.0076542637944319245 0.020830459140325688 -0.0050246484150739349 0.001819581254075144 0.028914119235011967 0.037537742097311561 0.0030206765280505954 -0.0013480041823033307 0.0033453565703505609 0.0080918591383544302 -0.0030241546450320272 0.0041256704107014196 -0.044385464145897495 -0.012643496474655243 -0.030965012805785421 -0.00070431154824961801 0.00032493803780844874 0.010957997017864277 -0.00036756286476450869 0.039603023748750861 0.0007612250279700355 0.0043248180367194923 0.0056759607473560476 -0.00073338522785071055
leaf_weight=276.63405600190163 454.63535362482071 368.33477562665939 406.39773625135422 523.27267110347748 403.55215212702751 36.388576298952103 688.38099417090416 395.96097919344902 209.9059297144413 98.587768882513046 123.30526077747345 44.133254885673523 140.48733627796173 3126.7038040906191 688.03440862894058 242.19637927412987 1346.5561185181141 1496.4796371608973 21.719446167349815 208.32170432806015 29.64243321120739 6593.1276800185442 41092.047382324934 423.90243130922318 37333.551459122449 33.663633599877357 23203.258016446605 2846.1846121400595 882.13982027769089 60997.309490352869
leaf_count=340 396 312 376 616 425 44 583 231 231 95 52 11 132 3211 642 203 1428 1373 41 261 48 6686 40825 331 37608 7 22850 2600 782 61892
internal_value=2.78278e-05 1.19872e-05 0.0014148 0.000882086 0.00215972 0.00634846 0.00907973 0.018197 0.00469154 0.00837914 0.0168759 0.000185604 0.0112719 -0.000400016 -0.00158819 -0.00319539 -0.00132958 -5.87154e-05 -0.00172913 -0.00159878 -0.00119972 -0.000839753 1.20423e-05 0.000504521 0.000437172 0.00490618 0.000330766 0.00115059 -0.000228059 -0.000307399
internal_weight=184735 184280 8842.2 8213.91 5413.85 1734.19 1330.64 432.35 898.287 628.291 221.893 3679.66 184.621 3495.04 2800.06 2112.03 1588.75 175438 7129.45 7107.73 6831.09 6622.77 168309 66219.2 65795.3 1530.14 64265.1 26049.4 38215.7 102089
internal_count=184632 184236 8592 8069 5180 1514 1089 275 814 523 147 3666 143 3523 2889 2247 1631 175644 7376 7335 6995 6734 168268 65551 65220 1380 63840 25450 38390 102717
is_linear=0
shrinkage=0.05


Tree=150
num_leaves=31
num_cat=0
split_feature=32 1 26 13 25 22 9 6 8 21 20 24 17 25 30 4 4 2 28 26 25 24 24 29 20 9 29 26 4 20
split_gain=7.3521 9.81827 14.5626 10.3995 10.8724 14.5779 13.189 11.868 15.6535 14.9869 11.5995 21.7514 11.3323 12.1837 11.4216 11.0203 10.9708 18.5959 10.7171 10.4984 20.9384 12.312 11.9337 11.3299 17.0167 10.4573 12.4331 13.3261 10.8151 10.2517
threshold=0.48912312378082962 2.4005633025938402 -0.44774834065451674 0.3525100372422732 -0.90185719554021893 0.63823056479916052 1.0543687403701003 -0.99007501122490327 1.5265160638857298 -0.82715424727528697 0.050298123071896579 -1.2913877444837307 -0.60192241778360034 -0.35713286346668588 0.59338450329405257 -1.5476705093111283 -1.3631005952372415 -1.7435329133005593 1.7769379724814454 0.18093499705013547 -0.34133585040299746 0.50285257701841757 0.3051196434443057 0.28938446033200754 0.35338888457591361 1.2118182099357353 -1.2285053290548948 0.64833439131331994 1.6647746321311343 -0.059067858495783852
decision_type=2 2 2 2 2 2 2 2 2 2 2 2 2 2 2 2 2 2 2 2 2 2 2 2 2 2 2 2 2 2
left_child=-1 3 -3 4 7 6 12 9 10 15 29 -12 19 14 -14 -2 -10 -18 -7 20 -6 -21 -22 24 -23 26 27 -5 -28 -9
right_child=1 2 -4 25 5 18 -8 8 16 -11 11 -13 13 -15 -16 -17 17 -19 -20 21 22 23 -24 -25 -26 -27 28 -29 -30 -31
leaf_value=0.00025203817270283082 -0.0071908400201691064 -0.0015012087792819152 0.018276255953309919 -0.01029533531931108 0.0024664897654537426 -0.0018837378422269177 0.0051575359092378616 -0.00080497972870630661 -0.0054392307698206662 -0.0064823746086325133 0.03056634346477078 0.0016998083200504346 -0.0013064061629753506 0.0011269752131537808 -0.010193828416746816 -0.0002330665550430935 0.035236262038372927 0.0067955095766615908 0.030503312720256744 -0.00059361116576519667 0.0088241632719707648 0.0016940247755678789 0.027193236479218341 -0.00067390517253247684 0.022832827731821669 5.7892627043474429e-05 -0.002674057232903032 0.015723914932863011 0.0060200376826887794 -0.012930545318858157
leaf_weight=122260.28518177383 667.93913123011589 200.96615725755692 173.37171679735184 781.98420760035515 4788.2009772211313 6407.5954014360905 1700.3971929699183 8477.5154371708632 146.10592319071293 1977.6080728173256 82.331392586231232 314.69854457676411 6707.7393611371517 7277.0204309821129 382.09897263348103 3846.0721836686134 64.346847891807556 538.13850611448288 25.645381689071655 4772.3416908532381 331.50510339438915 189.41756084561348 120.57826808094978 299.95714655518532 191.40747979283333 4909.6846914887428 6486.1151354461908 52.51474916934967 378.58149838447571 177.9739865064621
leaf_count=121644 764 207 110 943 4552 6649 1525 8614 162 2234 32 304 6883 7113 460 3864 19 465 10 4829 273 183 55 304 104 4904 6833 36 333 224
internal_value=2.65626e-05 -0.000414718 0.00765857 -0.000463387 -0.000136769 0.000382457 0.000896211 -0.00119461 -9.63634e-05 -0.00285276 -0.000670977 0.00768581 0.000607071 -0.000310232 -0.00178538 -0.00126261 0.00685229 0.00983305 -0.00175463 0.00183949 0.00343764 0.000303715 0.0137235 0.00659405 0.0123187 -0.00174528 -0.00289514 -0.00865795 -0.00219459 -0.00105431
internal_weight=184730 62469.9 374.338 62095.5 49486.6 33193.9 26760.7 16292.7 9801.11 6491.62 9052.52 397.03 25060.3 14366.9 7089.84 4514.01 748.591 602.485 6433.24 10693.4 5240.28 5453.12 452.083 680.782 380.825 12608.9 7699.2 834.499 6864.7 8655.49
internal_count=184632 62988 317 62671 49622 32940 26281 16682 9820 6862 9174 336 24756 14456 7343 4628 646 484 6659 10300 4880 5420 328 591 287 13049 8145 979 7166 8838
is_linear=0
shrinkage=0.05


Tree=151
num_leaves=31
num_cat=0
split_feature=11 12 11 1 1 11 14 27 29 11 6 15 15 24 25 2 24 3 28 21 21 25 4 13 21 32 29 25 8 22
split_gain=7.22648 9.14815 11.8617 10.9095 10.8853 9.46566 10.5624 8.52137 9.72618 8.48038 10.8374 16.546 11.5392 9.46731 8.23605 8.03088 12.7676 7.52034 9.1106 9.21895 14.7532 15.4874 8.55384 10.2944 9.38029 8.23561 7.58128 19.9195 7.38659 10.1007
threshold=1.6070809300883082 0.021302770792105498 -0.030880915555652259 0.31152728886265096 1.9867002109246543 0.45973847710242388 -0.34507333791608291 -2.1977499951413528 -4.3271377947710503 -0.066613336506968504 0.70745810048915003 -0.60023684348659712 -1.0176135853170301 0.38678428822825545 -1.1192805788548033 0.94764334450090049 0.12339493854899003 0.28081040834172971 -0.66826137045796807 -0.78600754557944397 -0.77718490094997505 -0.16834133468089943 -0.85464811310694699 0.10931042410610721 0.56885973168118131 -0.47067274639818918 -0.33048962578864766 -1.4265342431249695 -0.15295639008755771 -0.051313151892802361
decision_type=2 2 2 2 2 2 2 2 2 2 2 2 2 2 2 2 2 2 2 2 2 2 2 2 2 2 2 2 2 2
left_child=1 9 -3 5 -5 -4 -7 8 -2 10 11 15 -12 -14 -13 -1 -17 22 -19 25 21 -21 23 24 -11 -20 27 -22 29 -16
right_child=7 2 3 4 -6 6 -8 -9 -10 17 12 14 13 -15 28 16 -18 18 19 20 26 -23 -24 -25 -26 -27 -28 -29 -30 -31
leaf_value=0.0011777042853531308 0.029355237598183721 -0.0011916344961159044 8.7171220422674602e-05 -0.00090720205089473132 0.0042361628202856232 0.0039985576488008184 0.00053453956574915792 0.00082495455161699929 0.0046101465584583627 -0.0012182079609966141 0.010021404333261704 -0.0048123262422763453 -0.001526404457769818 0.0021917655349430513 0.0017379510957780562 0.0041883249183652512 0.027244578984771291 -0.0031856747008179934 -0.010345778420775402 -0.0004529538575029131 0.04311470287004554 0.041955632959905065 0.0010017898887177488 -0.0065830753738071891 0.0045971514591524026 -0.0018969307838633807 -0.0010425025740511749 0.0015531264423759386 -0.00148538609868142 -0.0014184301872083797
leaf_weight=19297.535805206746 41.172670900821686 31093.947593048215 18396.072162970901 24965.033407777548 1072.899544686079 3957.4846095889807 4956.9941891431808 6309.0943240970373 1118.0912941098213 5179.7985624819994 423.97687323391438 1146.6398961693048 2006.738117992878 11656.987677425146 6228.4964438080788 349.25594772398472 72.510194092988968 3908.0072037428617 321.48064893484116 42.613957077264786 29.047402709722519 43.508706122636795 15059.733790583909 769.66477572917938 800.61055943369865 2805.560902569443 5329.8718981742859 3840.2890916019678 9228.8324105218053 4273.7594108879566
leaf_count=18843 17 31835 18364 25418 982 3641 4904 6205 1015 5306 339 1257 2068 11146 6012 320 33 4157 388 43 4 7 14758 871 727 2912 5441 3721 9503 4395
internal_value=2.53647e-05 -3.88272e-05 -0.000415412 3.70057e-05 -0.000695268 0.000735157 0.00207235 0.00154892 0.005489 0.000303788 0.000702877 0.000288236 0.00189776 0.00164569 -0.000692776 0.00132688 0.00815216 -0.00026857 -0.00108031 -0.000417436 0.000373336 0.0209716 0.000338856 -0.00114018 -0.000439693 -0.00276553 0.000180496 0.00186513 -0.000453375 0.000453502
internal_weight=184726 177257 84442.4 53348.5 26037.9 27310.6 8914.48 7468.36 1159.26 92814.9 54684.7 40597 14087.7 13663.7 20877.7 19719.3 421.766 38130.2 16320.4 12412.4 9285.33 86.1227 21809.8 6750.07 5980.41 3127.04 9199.21 3869.34 19731.1 10502.3
internal_count=184632 177395 85144 53309 26400 26909 8545 7237 1032 92251 53916 40363 13553 13214 21167 19196 353 38335 16673 12516 9216 50 21662 6904 6033 3300 9166 3725 19910 10407
is_linear=0
shrinkage=0.05


Tree=152
num_leaves=31
num_cat=0
split_feature=5 3 8 8 1 29 19 21 2 4 8 32 1 28 29 4 28 2 28 13 10 6 28 19 21 22 6 24 20 22
split_gain=7.29368 12.095 16.6182 12.4177 17.2038 22.7886 19.8635 19.426 18.1214 34.5045 14.8341 12.8603 12.0492 13.2891 11.7172 11.0197 10.3319 10.2367 10.1075 15.1607 26.798 28.2336 27.3363 9.97009 9.94936 16.5872 31.4663 16.8511 9.67037 9.18826
threshold=-1.0665970890843621 3.5347725708111133 -1.4650442447541883 1.1591314645790731 0.63138641208950463 -0.79573187080582286 0.50030107986720618 0.21465217051682803 0.14485733754864191 0.11112396763584743 0.47684578015242507 0.48367642912939462 -0.89307217803663275 -0.36182310792521344 -1.2285053290548948 -0.08158857074377833 1.0698067462586416 -0.42276553676371481 -0.74126087829009446 -0.45311655884965368 -0.48375711037681685 0.19279976080874764 -1.7669317065419203 -0.88941083642707197 -0.82312944871108862 -0.13526040781845766 -0.52435450942611284 -0.011760879257671296 0.94174013754354113 0.46865079977617108
decision_type=2 2 2 2 2 2 2 2 2 2 2 2 2 2 2 2 2 2 2 2 2 2 2 2 2 2 2 2 2 2
left_child=1 3 -3 10 5 6 7 14 15 -10 18 12 -11 -14 16 -7 -5 -9 19 20 22 29 -1 -21 25 27 -27 -12 -8 -22
right_child=-2 2 -4 4 -6 8 28 17 9 11 24 -13 13 -15 -16 -17 -18 -19 -20 23 21 -23 -24 -25 -26 26 -28 -29 -30 -31
leaf_value=0.034287057311679747 0.00017663114771635356 0.027215780741707038 -0.0019459402352828355 -0.014156711712910594 -0.0081885646623471118 0.00047125147283097989 -0.011811952109775146 0.037588594744576403 0.035518335726921618 -0.010307609043690892 -0.0024671819854301495 -0.016599381379529717 -0.0052264334457748233 0.021151865777047085 0.015069722924196442 -0.0085886212506032875 0.021184974851342589 0.014372912044386184 8.5554207602798587e-05 -0.035873475598526168 0.019741641316670618 0.0017760232588036183 -0.0049703527102513984 -0.0034727782054350658 -0.0042285357242203628 0.042359383244628061 -0.0017965035797166654 0.034340428628602156 0.0057870426933026931 0.046238297612701443
leaf_weight=47.73135232925415 149526.21973637305 92.169056564569473 103.95422574877739 81.051535502076149 438.23043517023325 3931.0502629131079 109.20218120515347 116.8280223608017 103.57925492525101 72.959284514188766 1190.2678534090519 69.069710820913315 68.807629764080048 155.98928973078728 210.4191732108593 366.96545454859734 27.763293385505676 79.995311379432678 16979.052588164806 23.872330695390701 64.445002138614655 157.59795275330544 624.88229213654995 4373.2532302290201 5163.3332232534885 65.439743280410767 105.21945747733116 31.929355472326279 273.67542743682861 66.459271430969238
leaf_count=15 148998 42 108 104 510 3894 135 29 30 88 1249 92 76 90 147 430 16 57 16950 41 39 152 687 4677 5600 10 109 10 242 5
internal_value=2.42021e-05 -0.00062339 0.0117587 -0.000692776 0.00135602 0.00209406 0.00939639 0.0157984 0.000717438 0.0100345 -0.00112571 0.00283866 0.00734766 0.0130778 0.00818115 -0.000302282 -0.00513954 0.028153 -0.000511938 -0.00240525 0.00328347 0.0160315 -0.00218449 -0.00364868 -0.00321689 0.000533307 0.0151352 -0.0015056 0.000767557 0.0331938
internal_weight=184721 35195.2 196.123 34999.1 6105.59 5667.36 898.935 516.057 4768.42 470.405 28893.5 366.826 297.756 224.797 319.234 4298.02 108.815 196.823 22337.3 5358.24 961.116 288.502 672.614 4397.13 6556.19 1392.86 170.659 1222.2 382.878 130.904
internal_count=184632 35634 150 35484 5940 5430 730 353 4700 376 29544 346 254 166 267 4324 120 86 22566 5616 898 196 702 4718 6978 1378 119 1259 377 44
is_linear=0
shrinkage=0.05


Tree=153
num_leaves=31
num_cat=0
split_feature=9 20 26 32 24 13 30 5 5 29 8 8 23 24 29 19 32 28 13 20 26 29 38 1 28 20 2 4 5 4
split_gain=6.86182 11.9401 16.3303 12.1522 10.0927 9.8008 15.1995 12.8346 12.8355 28.676 51.1469 16.9943 14.3673 13.6706 15.6347 13.493 12.2864 18.262 12.461 12.156 17.1166 16.0795 10.4689 9.65907 12.1499 9.5759 9.38476 22.1597 35.7592 30.0522
threshold=0.63450348819507285 0.22521880510329004 -0.66958117887441759 -0.72454832322156448 -1.0177274315210325 0.66979822193304128 -1.4195751266077699 1.0000000180025095e-35 0.35993122193886878 -3.4176241146047577 1.0000000180025095e-35 0.37187875177909463 -0.38799938868193501 2.0863703353406691 -0.59997794512017266 -0.74056495256540389 -0.16969654943037657 2.7284431364563546 2.9794137009963091 0.71740828421630398 0.35948437612723871 -0.65279498478447728 1.0000000180025095e-35 0.61852270266975606 1.4294992029063465 1.9862780268978308 0.92979639389977653 0.83763823550507566 0.35993122193886878 0.69106074012131458
decision_type=2 2 2 2 2 2 2 2 2 2 2 2 2 2 2 2 2 2 2 2 2 2 2 2 2 2 2 2 2 2
left_child=5 2 4 -4 -2 25 -7 16 9 10 -9 12 -11 19 -15 -10 17 18 22 20 21 -13 -8 -14 -25 26 -1 28 -28 -30
right_child=1 -3 3 -5 -6 6 7 8 15 11 -12 13 23 14 -16 -17 -18 -19 -20 -21 -22 -23 -24 24 -26 -27 27 -29 29 -31
leaf_value=-0.00015854963377825179 -0.0049390675495419294 0.0016611474964231101 -0.0019576857579737031 0.0008937887545931195 -0.00094501655604624769 -0.039799575889564225 -0.00081963742222143166 -0.034230509950504202 -0.023603031884102111 -0.024894264901826866 0.03168906220937228 -0.014495623116941478 -0.004647615274651129 0.0052357836230704363 0.031776388026562984 -0.0013210815815216902 -0.0064507240576527824 0.04033516667823106 -0.030317831062172382 -0.00040415304039464881 0.024775700079583109 0.0077313284531628258 -0.011378144503571636 0.0015480396229620589 0.029982004284149339 0.0058236802209652881 -0.01218573349760808 0.00094969436144792081 -0.00074799658711530333 0.028869050615752991
leaf_weight=102697.34747300483 2040.4423498213291 15469.957628458738 4264.0467285215855 30195.772843077779 7035.0355004221201 25.612593099474907 3485.8572181016207 35.616547867655754 68.611303731799126 72.769256681203842 169.29771834611893 96.905800774693489 998.21373343467712 150.79008510708809 87.798182725906372 6970.8195742666721 1907.8586092442274 25.866973876953125 37.974132910370827 1367.9428357705474 120.91515105962753 507.46804438531399 251.71826460957527 326.09619635343552 42.461792588233948 698.33793675899506 118.19431214034557 5058.0724569410086 127.09861382842064 262.64792484045029
leaf_count=103023 2242 14956 4431 29656 7168 46 3543 60 101 109 62 125 1091 135 32 7155 2154 5 61 1379 61 429 309 316 17 617 147 4962 129 111
internal_value=2.31564e-05 0.000467971 4.39843e-05 0.000540948 -0.001843 -0.000185625 -0.00131161 -0.00125267 -0.000255516 0.0020154 0.0202315 0.00102564 -0.00324614 0.00366281 0.0150025 -0.00153826 -0.00317663 -0.00153342 -0.00182027 0.0023703 0.00760311 0.00416744 -0.00153073 -0.00209356 0.00482393 -1.25279e-05 -5.01736e-05 0.00194945 0.011905 0.0192108
internal_weight=184718 59005.3 43535.3 34459.8 9075.48 125712 16750.6 16725 11015.7 3976.28 204.914 3771.36 1439.54 2331.82 238.588 7039.43 5709.28 3801.42 3775.55 2093.23 725.289 604.374 3737.58 1366.77 368.558 108962 108263 5566.01 507.941 389.747
internal_count=184632 58453 43497 34087 9410 126179 17190 17144 11072 3816 122 3694 1533 2161 167 7256 6072 3918 3913 1994 615 554 3852 1424 333 108989 108372 5349 387 240
is_linear=0
shrinkage=0.05


Tree=154
num_leaves=31
num_cat=0
split_feature=27 22 24 11 29 14 12 20 9 20 1 29 16 9 29 15 3 20 32 9 4 21 4 2 32 5 4 32 25 26
split_gain=6.79173 11.0891 10.3657 10.4623 9.75817 9.14969 12.9969 11.8072 9.42292 17.8335 11.6792 11.6159 10.4241 10.39 17.0796 17.2235 13.3654 12.3447 13.1394 11.4809 20.9986 27.8336 21.2327 27.0153 17.7221 14.5724 16.8736 13.2574 26.8062 13.4173
threshold=1.0915075186117129 -0.89284838510489895 0.34317728814125653 0.24029686326282429 -1.0351167071203073 -1.2244721136150312 0.504316234050182 -1.8385492631823444 1.1068518968919785 2.7122881250082007 -2.7334044263942037 0.072990119425277014 -1.2876116815921106 -1.2024069900706715 -0.54126990633661409 -0.9889392314209583 1.2330264264519737 0.050298123071896579 0.84005007709788848 -0.83502489441752281 0.20444622957739281 1.7119750721198996 0.30549632740816363 0.32343241555432412 -0.47067274639818918 1.0731953774504845 0.64699858188642301 0.30628372613946986 -1.6190724903578471 -0.73634933089063048
decision_type=2 2 2 2 2 2 2 2 2 2 2 2 2 2 2 2 2 2 2 2 2 2 2 2 2 2 2 2 2 2
left_child=5 2 -2 -4 -5 6 -1 -7 10 12 11 -9 -10 14 15 -12 -17 -16 -19 20 -15 22 23 24 -22 -24 -27 28 -21 -29
right_child=1 -3 3 4 -6 7 -8 8 9 -11 13 -13 -14 19 17 16 -18 18 -20 27 21 -23 25 -25 -26 26 -28 29 -30 -31
leaf_value=0.00070647889289698288 -0.0003440263568252931 -0.002097023186158654 0.00077917267401154044 -0.0033186762323497384 0.012976972920481434 -0.0033591259255421912 0.0048850830971225029 0.0012544161413149302 0.020781459666151473 0.020176207636077474 0.011449084824517201 0.01123510687934619 0.0007405860693676298 -0.0033290688199356755 -0.0022853775777270284 0.0013695470631970312 0.010024131042881029 0.00019813870762537024 0.0054300104265272518 0.031357822119674042 0.020424661320262789 -0.0091924857300580212 0.0023228260204034598 0.02746428502914755 -0.0017732910931889873 0.00086958631893068686 -0.013750277097798753 -0.0099089860571472919 0.00033370734374579581 -0.00080811041229416269
leaf_weight=13393.240837916732 11186.034188985825 9441.9982171021402 877.67724311351776 116.281957000494 437.56551802158356 2552.5155785232782 2161.1477258950472 885.20839378237724 65.02720445394516 119.03248119354248 575.86181446909904 434.67164653539658 29744.568261533976 8236.5960991606116 4288.9620481729507 4204.1557864919305 499.05106541514397 8783.8082468509674 1389.9487224966288 69.734341949224472 123.41363301873207 618.32172702252865 3045.4825209230185 173.05863034725189 331.25187957286835 474.24799144268036 338.03774608671665 409.78827467560768 45187.588602811098 34549.602139916271
leaf_count=13204 11263 9838 864 124 324 2724 1950 863 38 71 444 337 29304 8785 4485 4089 399 8749 1239 26 73 732 2904 78 343 466 431 491 44886 35108
internal_value=2.21641e-05 -0.000801111 0.00016865 0.00417473 0.00955565 0.000133819 0.00128706 1.18745e-05 7.14019e-05 0.000861429 -0.000134886 0.00454132 0.000784304 -0.000189361 0.000852982 0.00328721 0.00228787 -3.55431e-05 0.000912922 -0.00040931 -0.00176752 0.000752517 0.00212343 0.0106515 0.00425208 0.000735766 -0.00521456 -0.000183432 0.000381511 -0.000914789
internal_weight=184714 22059.6 12617.6 1431.52 553.847 162654 15554.4 147100 144547 29928.6 114619 1319.88 29809.6 113299 19741.8 5279.07 4703.21 14462.7 10173.8 93557.1 13340.4 5103.81 4485.49 627.724 454.666 3857.77 812.286 80216.7 45257.3 34959.4
internal_count=184632 22413 12575 1312 448 162219 15154 147065 144341 29413 114928 1200 29342 113728 19405 4932 4488 14473 9988 94323 13812 5027 4295 494 416 3801 897 80511 44912 35599
is_linear=0
shrinkage=0.05


Tree=155
num_leaves=31
num_cat=0
split_feature=37 8 1 9 20 1 4 19 3 8 4 10 4 5 9 26 5 29 26 3 29 4 2 18 1 32 8 8 5 5
split_gain=6.7413 6.77996 10.9535 9.49766 14.3782 11.9144 12.1843 16.5784 13.1608 12.2743 11.5709 11.0327 14.0837 10.3987 20.8118 16.4049 15.715 18.8629 15.9455 15.9326 17.8515 15.119 23.6244 14.7303 14.6848 14.3955 13.9949 34.5123 37.279 31.7353
threshold=1.0000000180025095e-35 -1.6749783015008493 2.1711207667732926 1.1068518968919785 2.7122881250082007 0.31152728886265096 0.2155382449833057 -1.741746260497101 -0.39650192088494751 -1.5700112731275186 0.50327890248641904 -0.8095104362900517 -0.10082503325137634 1.0731953774504845 -1.622272242245699 -0.23241428639997111 1.0000000180025095e-35 -2.7037185081695623 -0.9362336518995128 -0.98020096376668875 0.15453409917016317 1.6647746321311343 1.4524172800144968 0.68647852335539883 -3.0681152969860075 0.62991971492548271 0.58181280852575556 0.056977666659103185 0.35993122193886878 0.35993122193886878
decision_type=2 2 2 2 2 2 2 2 2 2 2 2 2 2 2 2 2 2 2 2 2 2 2 2 2 2 2 2 2 2
left_child=1 2 -1 13 5 6 7 -5 9 -9 -8 12 -10 16 15 25 18 26 23 20 -19 -16 -23 -3 -24 -15 27 29 -29 -18
right_child=-2 3 -4 4 -6 -7 10 8 11 -11 -12 -13 -14 14 21 -17 17 19 -20 -21 -22 22 24 -25 -26 -27 -28 28 -30 -31
leaf_value=-0.0034781418789003129 0.0061248249400788143 -0.02426253576013334 0.0079971725796104606 -0.0078384544632120554 0.018531920930212525 -0.00045018466621041465 -0.0028670681024069691 -0.0062499449072590547 0.00026352211326159393 0.0082160274117367219 0.0012851248213247111 0.0018986655278365643 0.034276715702653414 0.0063943635481760117 -0.0010664375402856363 0.0019641900653376205 -0.017009851777403766 0.0010607463260451718 -0.00038655335957336239 0.0002511139158568106 0.0066968450227019374 -0.047355870896711783 0.013496903920839269 -0.0046447792752460004 -0.0090522998489375346 0.027981128260952334 -0.0017285512816474181 0.03252462411791375 -0.0085859974754725534 0.01234549663822364
leaf_weight=2435.574525013566 451.28025144338608 107.05263319611549 227.36564627289772 325.90774008631706 114.40164494514465 12112.938811928034 2031.5104233026505 159.11126723885536 61.323200523853302 1870.334369212389 9637.7132910937071 4705.6906551271677 60.419946312904358 191.48900601267815 26994.246442317963 915.98330616950989 147.73947009444237 4335.9876593053341 59160.625234685838 53982.113197598606 2078.3705022335052 36.977739155292511 82.184809803962708 901.27548575401306 594.38836589455605 129.43442463874817 294.80817905068398 248.92168760299683 70.836038768291473 244.32668522000313
leaf_count=2605 396 159 191 377 72 12222 2148 179 61 1563 9390 4527 19 167 27570 880 198 4244 59618 53711 1800 72 60 985 702 57 305 87 83 184
internal_value=2.12042e-05 6.25543e-06 -0.00249836 4.29834e-05 0.000838742 0.000773374 0.00155954 0.00317973 0.00370343 0.00708188 0.000562264 0.00228314 0.0171439 -0.000121328 -0.000973055 0.00537254 8.14565e-05 0.000644188 -0.000492818 0.00053105 0.00288695 -0.00125633 -0.00844012 -0.00672757 -0.0063132 0.0151007 0.00743231 0.0112264 0.0234174 0.00128373
internal_weight=184710 184259 2662.94 181596 31079.4 30964.9 18852 7182.79 6856.88 2029.45 11669.2 4827.43 121.743 150517 28944.7 1236.91 121572 61403.1 60169 60396.5 6414.36 27707.8 713.551 1008.33 676.573 320.923 1006.63 711.824 319.758 392.066
internal_count=184632 184236 2796 181440 30558 30486 18264 6726 6349 1742 11538 4607 80 150882 29508 1104 121374 60612 60762 59755 6044 28404 834 1144 762 224 857 552 170 382
is_linear=0
shrinkage=0.05


Tree=156
num_leaves=31
num_cat=0
split_feature=20 28 9 17 20 13 16 20 9 8 16 2 5 13 17 15 21 2 20 7 20 9 2 8 28 4 23 32 24 13
split_gain=6.59152 24.0556 10.7244 19.4054 12.9478 10.5238 13.7154 15.498 12.7321 10.2018 10.348 10.15 9.2813 9.26939 9.74 8.95289 8.91867 10.5242 9.95585 9.38683 8.87463 8.84156 10.0298 9.32705 8.65262 16.3839 13.2521 9.35529 11.0021 17.1293
threshold=-0.99717195504908018 -1.7669317065419203 0.68698664471695126 0.070185934610460118 0.22521880510329004 0.66979822193304128 0.24225924082164826 0.47294542192561945 -1.622272242245699 -1.2026266738208622 1.3464460511383785 2.0084646681555847 1.0000000180025095e-35 2.9794137009963091 0.34044365029159845 -0.97478384288423892 -0.77087088399791981 0.558363302550129 0.94174013754354113 1.7486695930441731 2.7122881250082007 -0.15274385963310347 2.0084646681555847 -0.41537396102088381 -0.60558506659434264 -2.234318619315244 0.20071591091324323 1.0621807295027865 -0.28285223142008603 -1.0925421525818464
decision_type=2 2 2 2 2 2 2 2 2 2 2 2 2 2 2 2 2 2 2 2 2 2 2 2 2 2 2 2 2 2
left_child=1 -1 5 -4 9 11 7 -7 -8 10 -5 20 13 14 -10 -11 17 19 -18 -16 -2 -20 -23 -24 25 26 -3 28 29 -26
right_child=2 24 3 4 -6 6 8 -9 12 15 -12 -13 -14 -15 16 -17 18 -19 21 -21 -22 22 23 -25 27 -27 -28 -29 -30 -31
leaf_value=0.036990320441302231 7.1064848650487201e-05 -0.0011659902373264721 0.0034074997270822707 0.0013444622712381182 0.0015309899136674598 -0.016921544328761754 0.0057719800582323698 -0.0028642156187454605 -0.039528143973002992 0.025294934291919875 -0.0020292748530735031 0.012481187270949101 -0.0003174771350212066 -0.024705696464791 -0.021666458772891067 -0.0019087208261923342 -0.0068665775844603122 0.02914205453315788 -0.0037604586741719994 0.020442218644050419 0.027678019803690487 -0.00062106666776304276 -0.013890801692491149 0.013438000218724403 0.0013943795947294357 -0.0044301508526046005 0.040560482219135822 -0.0044861258689744511 0.0028494805343320124 -0.0016355951038024787
leaf_weight=42.276213765144348 99195.986962258816 39.088464736938477 6248.8597592711449 8951.7045821100473 14261.690074518323 282.42026071250439 685.08606269955635 641.26554548740387 17.871475100517273 30.358146667480469 3046.3618901968002 165.2504318356514 10390.028073623776 48.189096197485924 30.000086963176727 8090.1627548485994 1186.1097133904696 47.943361043930054 2230.2637092769146 23.682426571846008 29.119280397891998 1531.9708783179522 35.998922169208527 235.21689414978027 6998.1618828326464 2263.451380982995 37.078165233135223 1378.3325375765562 2555.6452258229256 13987.4440998137
leaf_count=11 99055 40 5823 8711 13825 378 606 678 32 15 3170 124 10456 72 43 8399 1349 20 2398 14 13 1551 46 172 6803 2464 7 1502 2410 14445
internal_value=2.03074e-05 -0.000696889 0.000144703 0.000844391 0.000378527 -9.87343e-05 -0.00123361 -0.00716229 -0.000900962 -0.000438432 0.000487856 9.97867e-05 -0.00119072 -0.00287488 -0.00267784 -0.00180702 -0.00255407 0.0121159 -0.0028397 -0.00308991 7.91666e-05 -0.00165553 0.000947952 0.0098106 -0.000755338 -0.00366261 0.0191466 -0.000482384 -0.000247966 -0.000625176
internal_weight=184707 27301.5 157406 40629.1 34380.3 116776 17386 923.686 16462.4 20118.6 11998.1 99390.4 15777.3 5387.25 5339.06 8120.52 5321.19 101.626 5219.56 53.6825 99225.1 4033.45 1803.19 271.216 27259.2 2339.62 76.1666 24919.6 23541.3 20985.6
internal_count=184632 27682 156950 39943 34120 117007 17815 1056 16759 20295 11881 99192 16153 5697 5625 8414 5593 77 5516 57 99068 4167 1769 218 27671 2511 47 25160 23658 21248
is_linear=0
shrinkage=0.05


Tree=157
num_leaves=31
num_cat=0
split_feature=20 32 32 26 20 20 32 19 2 19 22 20 15 30 20 28 6 21 32 19 19 32 24 28 22 14 9 22 32 29
split_gain=6.51281 14.2263 9.71509 12.5697 15.9902 16.1425 35.1158 37.027 26.8826 16.5219 14.6291 13.726 13.6181 13.3594 13.2535 12.5364 14.8799 11.685 10.9725 10.9152 12.7222 16.8985 13.4514 10.9388 18.6552 14.7795 23.6903 15.8705 18.772 26.6949
threshold=1.2018086973851576 -0.72454832322156448 0.48912312378082962 0.28298148207271029 0.19254049483626454 -0.16318595792121374 -0.060769704297022872 0.61103665783190486 -0.56232651152526236 0.18274785645922745 -0.78395817398794498 -1.2849715020852694 -0.74254435351333414 0.46794583671683804 0.63963229892801887 0.13020299905247604 0.80505928358058243 -0.25226855851440072 -0.16969654943037657 -2.118871167500143 -1.8038355382079032 -0.36371291061319061 -1.496436436349226 0.30673810178221872 -1.6415379190547663 -1.0994353704549489 0.47705401862943747 -0.25272119502759843 -0.13770382756973651 -0.081111780610053127
decision_type=2 2 2 2 2 2 2 2 2 2 2 2 2 2 2 2 2 2 2 2 2 2 2 2 2 2 2 2 2 2
left_child=1 -1 3 19 5 11 7 8 9 -7 14 12 -5 -9 -6 16 -10 -18 -11 -3 21 -21 -23 24 -22 27 -27 -26 29 -29
right_child=-2 2 -4 4 10 6 -8 13 15 18 -12 -13 -14 -15 -16 -17 17 -19 -20 20 23 22 -24 -25 25 26 -28 28 -30 -31
leaf_value=-0.0013270700158315748 0.00083992827335717792 -0.016635825345929594 -0.00039455223100277512 0.037857993542584421 0.017056588071341423 0.038847599858547466 0.0018323520563919224 -0.031114859339906115 0.027083175861106812 -0.012141193487508577 0.00033154163429907602 0.00021076740510250094 0.0010376568448274793 0.0029045730143127217 0.00029211620013354134 -0.0044097611676254525 0.03649262114356297 -0.00022255306282473056 0.028559882389832258 0.02721481563758715 0.00630070772394495 0.0076183310680290051 -0.0094235816546363697 0.000915250337636293 0.00015754313039793158 -0.0023296491929671254 0.00032716195627459322 -0.0028619224748190385 0.002746214246354991 0.023990707862267938
leaf_weight=20288.514419794083 21384.224290549755 96.79477921128273 60356.722401753068 49.415227174758911 254.98269534111023 219.68365836143494 1320.3883268982172 32.669723212718964 170.18064826726913 29.770911991596222 10712.029672116041 2014.491780847311 51.059648126363754 247.37008953094482 219.28111159801483 88.219464749097824 25.911763072013855 132.41063231229782 37.31322854757309 87.776335656642914 1010.3138466477394 530.88990096747875 148.08935689926147 25090.277704574168 4879.3742382638156 16795.449876761064 16766.708581641316 139.04148110747337 1247.5190944671631 276.82414364814758
leaf_count=20827 21025 129 60833 12 168 49 1272 53 78 37 10641 2006 50 233 218 96 7 133 16 40 883 450 176 24631 4864 17578 16657 147 1179 144
internal_value=1.94092e-05 -8.80254e-05 8.77294e-05 0.000439821 0.00171795 0.00426448 0.00715994 0.0143122 0.0204331 0.0322156 0.000712003 0.00111034 0.0191465 -0.00106417 0.00930535 0.012325 0.0168192 0.00578642 0.0104974 0.000142435 0.000166684 0.00657025 0.00390139 9.25217e-05 -0.000409543 -0.000578586 -0.00100238 0.00159534 0.00581299 0.0150127
internal_weight=184704 163319 143031 82674.2 15605.2 4418.89 2303.92 983.53 703.49 286.768 11186.3 2114.97 100.475 280.04 474.264 416.723 328.503 158.322 67.0841 67069.1 66972.3 766.756 678.979 66205.5 41115.2 40104.9 33562.2 6542.76 1663.38 415.866
internal_count=184632 163607 142780 81947 15069 4042 1974 702 416 102 11027 2068 62 286 386 314 218 140 53 66878 66749 666 626 66083 41452 40569 34235 6334 1470 291
is_linear=0
shrinkage=0.05


Tree=158
num_leaves=31
num_cat=0
split_feature=5 8 1 29 19 21 2 4 8 3 8 32 28 1 29 4 2 28 13 10 6 28 22 28 29 26 21 4 24 20
split_gain=6.4299 10.4009 15.441 20.0338 17.701 17.9241 16.5724 32.722 13.4596 13.238 11.7911 11.422 10.786 11.7685 10.7637 9.77524 9.68483 9.64428 12.6882 23.9737 25.7133 22.7407 13.6512 9.35978 9.35851 9.11991 11.9647 11.8805 15.5722 8.79007
threshold=-1.0665970890843621 1.1591314645790731 0.63138641208950463 -0.79573187080582286 0.50030107986720618 0.21465217051682803 0.14485733754864191 0.11112396763584743 0.47684578015242507 3.5347725708111133 -1.5175277589408536 0.48367642912939462 -0.36182310792521344 -0.89307217803663275 -1.2285053290548948 -0.08158857074377833 -0.42276553676371481 -0.74126087829009446 -0.45311655884965368 -0.50438728152113599 0.19279976080874764 -1.7669317065419203 0.43967816281556366 1.0698067462586416 1.7132701645125648 -0.98096224229793572 0.73453610834013083 0.39434736298147649 -0.27358523673801921 0.94174013754354113
decision_type=2 2 2 2 2 2 2 2 2 2 2 2 2 2 2 2 2 2 2 2 2 2 2 2 2 2 2 2 2 2
left_child=1 8 3 4 5 14 15 -8 9 17 -11 12 -9 -14 23 -5 -7 18 19 21 22 -1 -21 -3 -20 -19 -27 28 -28 -6
right_child=-2 2 -4 6 29 16 7 11 -10 10 -12 -13 13 -15 -16 -17 -18 25 24 20 -22 -23 -24 -25 -26 26 27 -29 -30 -31
leaf_value=0.032607898170733507 0.00016180100519352559 -0.013360594052687302 -0.0077133366998611026 0.00046918662326608703 -0.011116678593268592 0.036814533966494319 0.035005568804319369 -0.0071840871213261813 -0.0029627031332434949 0.027511325964286688 -0.00044051895597089656 -0.015366718412598563 -0.0071845233439687285 0.020447620739813349 0.014460414172261786 -0.0080262715309568043 0.013852359520985303 -0.0038795387407217366 -0.0045130963474169375 0.012127858764444624 0.0019682618488459712 -0.0049620291335991384 0.045325324430822961 0.0205147497061514 0.0016425420341846923 -0.00010471867640787179 0.022433841350511866 0.00021802353280606933 0.0052183018480018873 0.0056045114286369969
leaf_weight=43.123023480176926 149481.72588631138 82.069937512278557 441.83894784748554 3930.886388361454 110.4444831609726 109.96957066655159 100.03714203834534 91.808757543563843 6627.3052430003881 80.040291041135788 71.371192634105682 70.372203320264816 51.587384879589081 152.27200302481651 206.81163838505745 370.52182441949844 78.84332050383091 1336.3143346011639 3668.8431477546692 52.809266000986099 171.76142933964729 610.42142215371132 74.871505856513977 27.132210254669189 742.38807228207588 13648.415118142962 155.9883648455143 1006.3883269429207 831.81302985548973 272.55021622776985
leaf_count=15 148998 104 510 3894 135 29 30 105 7020 36 72 92 59 90 147 430 57 1440 4000 40 165 671 7 16 718 13677 86 1002 745 242
internal_value=1.86046e-05 -0.000589171 0.00128869 0.001992 0.00888813 0.0150375 0.00070777 0.00966336 -0.000982331 -0.000398878 0.0143356 0.00273745 0.00704644 0.0134552 0.00775501 -0.000262609 0.0272261 -0.000498728 -0.00234687 0.00288496 0.0146008 -0.00248304 0.0315947 -0.00494397 -0.00347713 8.5162e-05 0.000423858 0.00404148 0.00793689 0.000782609
internal_weight=184701 35219 6097.15 5655.31 887.821 504.827 4767.49 466.077 29121.9 22494.5 151.411 366.04 295.668 203.859 316.014 4301.41 188.813 22343.1 5364.22 952.987 299.442 653.544 127.681 109.202 4411.23 16978.9 15642.6 1994.19 987.801 382.995
internal_count=184632 35634 5940 5430 730 353 4700 376 29694 22674 108 346 254 149 267 4324 86 22566 5616 898 212 686 47 120 4718 16950 15510 1833 831 377
is_linear=0
shrinkage=0.05


Tree=159
num_leaves=31
num_cat=0
split_feature=14 12 20 9 8 9 21 20 32 5 38 30 23 9 28 2 26 1 21 13 20 24 21 15 23 28 13 23 9 20
split_gain=6.34582 16.6153 13.6072 11.9335 14.1811 13.3597 11.7959 11.7915 11.663 12.5537 12.902 11.5006 11.3951 11.3895 12.6052 11.9896 12.0103 12.1495 12.3336 11.253 11.3612 24.7992 11.3391 10.8588 10.5329 21.9705 10.0816 12.9578 12.8319 15.0792
threshold=-0.31484938568354176 1.6851064859756575 0.47294542192561945 1.0018855838482217 1.2640984929524037 -0.83502489441752281 1.7119750721198996 2.7122881250082007 0.81532066705294148 1.0000000180025095e-35 1.0000000180025095e-35 0.16916663707918692 -0.014977971317708968 -0.20522701615498187 1.1311037275732294 0.7052606713279076 -0.4083551137619178 0.31152728886265096 1.5449339625391427 -0.42329779271988205 -1.598815827871473 -0.24511353028912269 -0.55599062350830597 0.45386666261298209 -1.9635430603194104 0.65632875889584696 0.9694997052865103 -0.98320671293672224 0.84443611428258647 -1.198355580402233
decision_type=2 2 2 2 2 2 2 2 2 2 2 2 2 2 2 2 2 2 2 2 2 2 2 2 2 2 2 2 2 2
left_child=1 13 11 4 5 6 -4 -5 9 10 -7 12 26 15 -15 16 -1 18 24 -13 21 -21 23 -22 25 -18 28 -28 -2 -30
right_child=2 -3 3 7 -6 8 -8 -9 -10 -11 -12 19 -14 14 -16 -17 17 -19 -20 20 22 -23 -24 -25 -26 -27 27 -29 29 -31
leaf_value=-0.0045404248328044065 -0.0015860204541361799 0.009986561281243006 -0.0014601242701910973 0.0020969840612197104 0.001963164367770426 -0.00067241181410186419 -0.007287051887306599 0.016835717849257269 -0.0036127819299865758 0.0012569447364115566 -0.010615172612374345 0.005255925824962389 -0.0037965640949184456 0.00075829290226381025 0.0042845017872775197 0.0054223664488404393 0.0013704250163681956 -0.0015362634037840743 0.014199845382743749 0.043517941082298173 -0.0013496400424469574 0.0031630903514762057 0.00021975871022953094 -0.0091240442218476891 0.0002352448143553566 0.038937987576709361 -0.011709163772353379 -0.0023357098766055152 -0.0017732990807377063 0.0015432117448317046
leaf_weight=1602.4811007082462 16988.129586867988 447.3497052937746 5493.5739822983742 6272.0476823300123 8252.0006752610207 9252.5692605227232 1031.6467344760895 138.70343935489655 1934.2402374595404 16295.654748395085 338.19915270805359 1049.3009596019983 3858.98251080513 24968.671327697113 2820.7064327001572 937.68997274339199 137.77623990178108 11274.58534630388 160.61383113265038 46.28159087896347 1569.6312553882599 214.57436221837997 18868.932249203324 629.18564730882645 30674.319491066039 54.239677488803864 409.17747749388218 3726.9008164405823 5201.5228826850653 10048.127777859569
leaf_count=1748 17527 358 5654 6009 7928 9377 1182 92 2074 15886 410 939 4152 24590 2579 836 134 11621 115 6 1612 201 18786 744 30530 12 505 3901 5386 9738
internal_value=1.78173e-05 0.000380025 -0.000219324 0.000404659 0.000101983 -0.000345188 -0.00238137 0.00241587 0.00013239 0.00041223 -0.00102302 -0.000707748 -0.00121314 0.000320857 0.00111621 -0.000172043 -0.000291527 -0.000130569 0.000380233 0.000200881 -4.78111e-05 0.0103229 -0.000176219 -0.00357427 0.000308322 0.0119823 -0.000939056 -0.00326301 -0.000640894 0.000411979
internal_weight=184698 73078.4 111619 49008.6 42597.9 34345.9 6525.22 6410.75 27820.7 25886.4 9590.77 62610.7 40232.8 72631.1 27789.4 44841.7 43904 42301.5 31026.9 22377.9 21328.6 260.856 21067.7 2198.82 30866.3 192.016 36373.9 4136.08 32237.8 15249.7
internal_count=184632 72523 112109 48612 42511 34583 6836 6101 27747 25673 9787 63497 41209 72165 27169 44996 44160 42412 30791 22288 21349 207 21142 2356 30676 146 37057 4406 32651 15124
is_linear=0
shrinkage=0.05


Tree=160
num_leaves=31
num_cat=0
split_feature=11 12 1 12 14 9 27 29 5 14 4 32 29 32 11 15 6 22 10 24 15 29 6 28 4 13 22 18 32 2
split_gain=6.11348 13.9374 13.8872 12.0123 10.3746 8.93667 9.36828 8.44507 9.21484 8.97388 8.2899 14.2252 10.6198 7.72316 7.50961 9.81915 12.6022 9.91353 9.74028 9.08099 9.49915 8.62765 12.2253 11.2321 8.45127 8.79756 8.87924 8.37953 7.60504 9.21627
threshold=0.62159298765524162 0.021302770792105498 0.81381387266351157 2.1516249322005261 -0.26529120848928162 -0.99247436398315803 1.9052244311071445 -3.012356386587963 0.35993122193886878 0.11632396673921939 0.67536410932511781 0.92416600265284277 -1.6994675209361152 0.79273014529748398 -0.066613336506968504 -1.409203760317818 0.70745810048915003 -1.3561942408621788 -1.327201043378835 0.34317728814125653 0.2874615966841893 -0.46923424297574201 -1.1503302465429106 -0.42916361653498897 0.45722340635429409 0.3525100372422732 0.79429430554157154 0.97301306040364499 -2.0491891250802028 -2.1030597455116435
decision_type=2 2 2 2 2 2 2 2 2 2 2 2 2 2 2 2 2 2 2 2 2 2 2 2 2 2 2 2 2 2
left_child=1 14 4 10 5 -2 -7 8 -5 13 -4 -12 -13 -9 15 21 17 -17 -18 -20 -21 22 23 -1 -16 26 27 -26 29 -23
right_child=2 -3 3 7 -6 6 -8 9 -10 -11 11 12 -14 -15 24 16 18 -19 19 20 -22 28 -24 -25 25 -27 -28 -29 -30 -31
leaf_value=0.041484830533887275 -0.00047823174928071839 -0.00066019186824971439 -0.0023299202857164458 0.018423432219982994 0.00058974302307565575 0.0036746423758929159 0.026605544567598807 0.0058288495120881086 -0.0071088792567908891 9.4076238706546403e-05 -0.00031462233690750366 0.024263133804994879 0.0044839296077737083 0.027894349953856024 -0.00078649795083557492 0.0024199073149763447 0.03872030286868898 -0.00038278226449777635 -0.0015943589920741231 0.004153615839019454 0.0011605615404258972 0.032383685290818115 0.0032907199635355427 0.012234142152491904 0.0031910503186446115 -0.0005650966595039809 -0.0078505684946224893 0.018008772391757216 0.0015633511600629804 0.0056561563675128004
leaf_weight=41.103118121623993 1495.6942279562354 66521.658849418163 6215.3735042959452 169.42943501472473 11932.745062723756 5851.0071788877249 44.882428377866745 147.15487223863602 44.65155041217804 894.68336798250675 6550.7795695513487 97.136924892663956 225.19518788158894 54.284765124320984 23058.293977892026 3513.0238419920206 17.730973720550537 30970.897797070444 1879.0813917815685 3946.8761498034 8073.3933971226215 42.574171304702759 434.60314452648163 162.84550073742867 3076.3347836881876 3407.4887926131487 177.18062713742256 98.464492976665497 5417.3855215720832 133.05116379261017
leaf_count=7 1510 67400 6505 107 11792 5421 21 130 51 893 6592 50 205 24 23421 3343 4 31208 1939 3619 7886 15 406 123 2880 3446 205 63 5248 118
internal_value=1.70567e-05 -0.0001189 0.000625712 -0.00054974 0.00150155 0.00297354 0.0038492 0.00401479 0.0130981 0.00224076 -0.00100667 0.000189955 0.0104445 0.0117751 0.000307476 0.000655805 0.000415284 -9.72604e-05 0.00168527 0.00163803 0.00214334 0.00252395 0.00803003 0.0181292 -0.000330738 0.00122398 0.00304268 0.00365061 0.00189532 0.0121353
internal_weight=184695 150972 33723 14398.7 19324.3 7391.58 5895.89 1310.2 214.081 1096.12 13088.5 6873.11 322.332 201.44 84450.3 54632.6 48401 34483.9 13917.1 13899.4 12020.3 6231.56 638.552 203.949 29817.8 6759.47 3351.98 3174.8 5593.01 175.625
internal_count=184632 151331 33301 14557 18744 6952 5442 1205 158 1047 13352 6847 255 154 83931 53916 47999 34551 13448 13444 11505 5917 536 130 30015 6594 3148 2943 5381 133
is_linear=0
shrinkage=0.05


Tree=161
num_leaves=31
num_cat=0
split_feature=27 22 24 29 9 14 6 28 25 26 19 1 13 15 22 21 23 28 6 4 25 21 23 19 22 30 8 2 10 20
split_gain=6.06239 7.47292 14.857 10.842 12.2968 10.7066 15.1424 10.505 13.8111 12.769 16.0979 15.9332 12.5758 12.3694 14.8127 11.8281 15.9215 12.2319 11.5907 16.4416 11.6489 13.3439 13.0897 15.1239 12.5481 11.2674 38.2272 17.6984 11.1128 17.7431
threshold=1.4511473371482428 -0.81134395626783384 -0.10596031429954592 -0.14576672090992607 -0.93999120746127962 -1.2244721136150312 -0.34904340759680291 -0.063123067723250312 -0.50709933158918308 0.27219133619222918 -0.55589241294550829 -0.42382520065795443 0.95163786920214088 -0.31298252592625292 -0.19582740141608102 0.34946624331784659 0.9519240312279631 -1.7669317065419203 0.62323601606774959 1.7549193034596331 0.83682142699970818 0.70358695574957741 1.6992966493666286 2.5791992265670127 0.57554408159288861 -0.78376065078509061 -0.15295639008755771 0.92979639389977653 -0.9178653887414262 0.07975270171703748
decision_type=2 2 2 2 2 2 2 2 2 2 2 2 2 2 2 2 2 2 2 2 2 2 2 2 2 2 2 2 2 2
left_child=1 2 3 -1 -5 -3 -7 9 12 11 15 -8 -9 14 -12 16 17 -11 19 -15 -20 -22 -23 -24 -25 26 -10 -28 -16 -30
right_child=-2 5 -4 4 -6 6 7 8 25 10 13 -13 -14 18 28 -17 -18 -19 20 -21 21 22 23 24 -26 -27 27 -29 29 -31
leaf_value=0.0017246105566030253 -0.0011882103106685303 0.0015065110880216341 0.0022183531040216907 -0.002954021388430551 0.00015334039018248936 -0.0011867559911066961 0.00075304776653661127 -0.00010982895517084703 0.00092134815909139512 0.033821856587910933 0.012364354916696749 -0.0020525971293898818 -0.0053794959760929684 -0.002368622397494656 -0.0057963658444326049 -0.012915755113506814 0.020056719618079217 0.0034960621006177098 -0.0019008082230728756 0.021407713986058299 -0.0023315822632388981 0.002991283096943442 -0.00096834949801262004 0.026774462431024316 0.0045831389741933922 0.0011485352962503242 0.027129403569009742 -0.0059847304713534343 0.0066474835027615104 0.00034689688983293083
leaf_weight=6533.3496767580509 9887.0422855503857 9929.1680342927575 11430.120884880424 4370.7728733867407 11723.955122321844 29809.468693986535 7224.8125838935375 11646.417721807957 877.1634586751461 33.996483355760574 328.14636266231537 16890.607742883265 1254.0742536783218 7250.524889588356 485.69471527636051 89.007912144064903 175.33149272203445 1517.0758287608624 5129.0145361870527 73.446383267641068 2761.2388878166676 6951.9021512418985 5778.0956782251596 71.042489945888519 616.51112180948257 25972.609167143703 247.04209349304438 48.227435767650604 1544.3163494765759 4042.0434440821409
leaf_count=6308 10122 9630 10923 4629 11688 30517 7116 11672 861 11 247 17584 1389 7594 542 112 105 1411 5324 42 2890 6536 5890 33 560 25376 113 54 1339 4014
internal_value=1.6303e-05 8.44307e-05 0.00074901 6.80054e-06 -0.000690512 -7.63853e-05 -0.000196528 9.57065e-05 0.000724843 -0.000317563 0.000267846 -0.00121205 -0.0006221 2.99398e-05 0.00201713 0.00485872 0.00577512 0.00416074 -0.000414267 -0.00213019 0.000175534 0.000833778 0.00148519 -0.000134176 0.00687609 0.00136497 0.00615954 0.0217208 0.00145795 0.00208866
internal_weight=184692 174805 34058.2 22628.1 16094.7 140747 130818 101008 40045.5 60962.8 36847.4 24115.4 12900.5 35032 6400.2 1815.41 1726.4 1551.07 28631.8 7323.97 21307.8 16178.8 13417.6 6465.65 687.554 27145 1172.43 295.27 6072.05 5586.36
internal_count=184632 174510 33548 22625 16317 140962 131332 100815 39465 61350 36650 24700 13061 35011 6142 1639 1527 1422 28869 7636 21233 15909 13019 6483 593 26404 1028 167 5895 5353
is_linear=0
shrinkage=0.05


Tree=162
num_leaves=31
num_cat=0
split_feature=32 21 22 27 21 14 29 30 16 12 8 4 32 9 5 2 4 9 2 5 21 13 8 5 4 21 1 8 25 20
split_gain=6.01351 7.41165 6.69383 13.266 11.6285 9.56934 10.2939 12.2715 12.6628 9.88172 9.7882 9.14806 11.5723 11.0005 10.922 19.0559 16.6319 12.2872 36.4535 23.87 18.1222 11.2424 11.399 12.7839 17.747 11.497 11.1631 14.9277 10.7272 14.3788
threshold=1.5446652490105028 -0.3421892849564761 -1.2002588414328701 0.62449102579983518 -2.1458731770471009 -1.2244721136150312 1.5462252100105569 2.0323130246474004 0.17128353942468924 0.61712266236509061 1.1591314645790731 -0.10082503325137634 -0.72454832322156448 -1.622272242245699 -1.0665970890843621 0.10515310320526758 0.49172351133976872 1.1068518968919785 -0.15187607853746013 1.0731953774504845 -0.98084480456507717 -0.1687817970776844 0.47684578015242507 1.0731953774504845 1.4356488915133301 -0.087460493654210561 3.4076219123276772 -1.5175277589408536 0.53257292771648446 0.17136777592180755
decision_type=2 2 2 2 2 2 2 2 2 2 2 2 2 2 2 2 2 2 2 2 2 2 2 2 2 2 2 2 2 2
left_child=2 -2 4 5 -1 9 11 8 -8 -4 -9 12 -7 -13 26 17 -17 28 19 20 -19 -18 25 -24 -25 -23 -15 -28 -16 -30
right_child=1 -3 3 -5 -6 6 7 10 -10 -11 -12 13 -14 14 15 16 21 18 -20 -21 -22 22 23 24 -26 -27 27 -29 29 -31
leaf_value=-0.0080992647220074852 -0.0012487938400401648 -0.01276101379433961 0.0011131291520738726 -0.00094171031779622608 0.0010090833068995473 -0.0027968572406429238 0.0054329134355877145 0.005587710571423034 0.00017255583255084566 0.006251963087574682 0.021954448834190766 0.0043596923979751156 -0.00034429856740917709 -0.0016037715569791129 0.00064951118291794812 -0.0014866140008087953 0.0031616164292915523 0.02971955269580805 0.0018093688934285954 0.041193391157174505 -0.0058021308957890792 -0.00071604834352251236 -0.00048551718786104593 -0.0039422741128772448 -0.022287320663985019 0.0015358103214622035 0.027987474145099861 -0.0024808993336225336 0.012959778557767249 0.0029091806940183432
leaf_weight=356.28678144514561 460.49864274263382 200.76157474517822 8633.1972765177488 34859.449919678271 21272.310669854283 5529.6851953864098 1434.9154236018658 458.20650686323643 5643.4762933552265 1049.1899350583553 114.10009291768074 1607.1320257484913 36940.627898529172 9485.7407786548138 4975.6346074864268 12806.241250559688 3864.351972848177 66.566579341888428 646.391203135252 113.55109095573425 77.954012423753738 8565.3361054062843 4950.9248128831387 1083.5657377243042 150.09547865390778 16757.7340208143 74.957323163747787 86.698209404945374 433.31274437904358 1990.8339108973742
leaf_count=414 472 252 8441 35516 20843 5839 1279 407 5624 918 64 1467 37195 9790 4911 13187 3620 27 623 20 87 8688 4999 1169 217 16243 33 91 321 1875
internal_value=1.56284e-05 -0.00474396 3.27308e-05 -7.73183e-05 0.000859042 0.000158938 3.48017e-05 0.00180832 0.00123892 0.00166998 0.00885073 -8.83176e-05 -0.000663625 0.000272393 0.000173061 0.000438626 5.73385e-05 0.00265072 0.00815196 0.0240382 0.0105593 0.000616318 0.000304142 -0.00162027 -0.00617426 0.000774136 -0.00138174 0.0116468 0.00197831 0.00470571
internal_weight=184690 661.26 184028 162400 21628.6 127540 117858 7650.7 7078.39 9682.39 572.307 110207 42470.3 67737 66129.9 56482.5 48178.2 8304.24 904.463 258.072 144.521 35372 31507.7 6184.59 1233.66 25323.1 9647.4 161.656 7399.78 2424.15
internal_count=184632 724 183908 162651 21257 127135 117776 7374 6903 9359 471 110402 43034 67368 65901 55987 48123 7864 757 134 114 34936 31316 6385 1386 24931 9914 124 7107 2196
is_linear=0
shrinkage=0.05


Tree=163
num_leaves=31
num_cat=0
split_feature=4 29 1 21 19 28 15 19 29 8 21 21 8 6 29 9 9 5 1 24 29 2 29 9 8 19 20 22 14 21
split_gain=6.04766 10.5582 9.62084 9.16458 8.92782 8.88081 7.90265 12.2978 12.1297 13.6933 11.4744 11.0482 10.2724 9.74916 9.14443 8.90264 9.29662 16.0199 12.8263 21.215 11.8163 14.4568 10.7399 22.4604 20.2105 10.8709 18.6041 16.9091 29.4321 25.3571
threshold=-1.6057630796391396 -0.50327482200779394 0.72936766953780696 -1.983083711852899 -2.30556567616649 2.7284431364563546 -1.180257274210345 -1.0904644283575222 -1.0927946835633973 0.89671389364574694 -0.13127236588252697 -0.14146079531329384 -1.5175277589408536 -1.916963909188518 0.33111822131503849 -1.6747553987675772 0.63450348819507285 1.0731953774504845 -0.22974958291214326 -1.8713447490595676 0.68217393772151314 0.074045054617255746 -4.3271377947710503 0.1096719229762886 0.42436226596575982 -0.67987803712169748 -0.40371786398123294 -0.29844955778076843 -0.70219667580344802 -1.0248047760311565
decision_type=2 2 2 2 2 2 2 2 2 2 2 2 2 2 2 2 2 2 2 2 2 2 2 2 2 2 2 2 2 2
left_child=1 -1 3 -3 -5 -6 8 12 9 -2 11 -10 -8 14 -9 -15 17 18 19 -17 22 -22 23 24 -20 27 -27 -24 29 -29
right_child=6 2 -4 4 5 -7 7 13 10 -11 -12 -13 -14 15 -16 16 -18 -19 20 -21 21 -23 25 -25 -26 26 -28 28 -30 -31
leaf_value=-0.010892629990615285 -0.0016016032420965113 -0.011328487359859174 0.028388350275204918 -0.027611230429148904 -0.00058969611142725383 -0.031499167484498353 -0.0057598020348708038 0.0030588586977849455 0.0012235405676378432 0.016659151487484605 -0.0030533907664699053 0.024526329164092923 -0.0010310235712424878 0.0033337042326150885 0.017020728082172306 0.030046274621023418 0.00055477023911150219 -0.0016158575681013703 0.025077867476077143 0.00091134657462101597 -0.0010613278864869847 -0.005952515429640922 -0.00013991665268000343 -0.033312350268279438 -0.0054221732984983742 -0.0034294992726610477 4.601444993477822e-05 -0.0069259556794754361 0.00010633533210540679 0.014963269462085597
leaf_weight=279.1799264550209 170.53733670711517 212.78855133056641 27.762804090976715 30.923359721899033 7267.2901425659657 23.31312170624733 1265.2483941614628 1057.7075588107109 15400.871828820556 257.94184505939484 1677.5553577840328 51.033085018396378 12441.451405514032 2049.659147515893 131.90103268623352 62.644943177700043 51098.96369586885 18177.553260847926 160.49990898370743 24040.178695954382 9239.8693756759167 1805.9956610947847 3910.0583532452583 27.006800323724747 82.097105473279953 4490.964791432023 26996.844902291894 156.34344428777695 1232.6214238852262 860.52549736201763
leaf_count=340 176 261 12 48 7353 38 1411 993 15024 172 1780 26 12698 1913 87 25 50532 18765 80 23602 9436 2021 3921 45 91 4799 26972 178 1230 603
internal_value=1.49801e-05 -0.0013438 -0.000991275 -0.00109953 -0.000802246 -0.000688535 7.52278e-05 -3.57417e-05 0.00108196 0.00939126 0.000874109 0.0013005 -0.00146753 9.90633e-05 0.00460692 6.19242e-05 1.48121e-05 -0.000287581 4.2873e-05 0.00098707 -0.000421925 -0.00186104 -2.68715e-06 0.00994122 0.0147564 -7.38984e-05 -0.000449682 0.00184712 0.00530099 0.0115978
internal_weight=184687 7841.26 7562.08 7534.32 7321.53 7290.6 176846 159288 17557.9 428.479 17129.5 15451.9 13706.7 145581 1189.61 144392 142342 91243.2 73065.7 24102.8 48962.8 11045.9 37917 269.604 242.597 37647.4 31487.8 6159.55 2249.49 1016.87
internal_count=184632 8052 7712 7700 7439 7391 176580 159402 17178 348 16830 15050 14109 145293 1080 144213 142300 91768 73003 23627 49376 11457 37919 216 171 37703 31771 5932 2011 781
is_linear=0
shrinkage=0.05


Tree=164
num_leaves=31
num_cat=0
split_feature=37 13 16 2 19 19 32 19 20 28 9 4 21 6 9 24 28 32 29 12 4 32 1 4 5 4 8 3 29 8
split_gain=6.05726 6.21899 13.6423 11.7184 11.7889 17.2374 12.1621 10.2067 9.53856 9.4026 8.99004 8.90469 16.7508 29.4523 8.36748 12.3281 11.6161 10.4167 9.96356 9.3729 9.26633 9.20494 9.0082 12.0131 8.65821 12.4519 20.8915 10.651 11.0766 16.4661
threshold=1.0000000180025095e-35 0.40951280664409978 -0.2829704190328462 0.90248373456594433 1.1859959018988231 1.5479517692623992 -0.59809963934293608 -1.3040908476282227 1.9862780268978308 2.3739746075184076 -1.6747553987675772 0.85028848627155462 0.29590130938898118 -0.44421789823999669 1.2118182099357353 0.24915343917787272 0.43105333702061033 0.54616986210290663 -1.2285053290548948 2.9846058763976289 1.6647746321311343 -3.2435534015380725 0.20132780677557571 0.034560800027259343 1.0731953774504845 1.6647746321311343 0.58181280852575556 -0.64133065282160717 -4.3271377947710503 -0.10047287590089249
decision_type=2 2 2 2 2 2 2 2 2 2 2 2 2 2 2 2 2 2 2 2 2 2 2 2 2 2 2 2 2 2
left_child=1 3 -3 8 9 6 -6 -4 -1 11 -9 12 -5 -14 17 -16 22 24 19 -19 -20 -18 23 -17 27 -26 -27 -12 29 -29
right_child=-2 2 7 4 5 -7 -8 10 -10 -11 14 -13 13 -15 15 16 21 18 20 -21 -22 -23 -24 -25 25 26 -28 28 -30 -31
leaf_value=5.7161346266592287e-05 0.0058201398169264494 -0.0071255862826896501 -0.0074351436600668137 0.0031095554532231556 0.033197812807997391 -0.0070290198232066843 0.0080075029020301603 0.0062132285533604906 0.0091192976488713457 -0.0052571284030148808 0.0016412783751803943 0.0014842528997140725 0.035195631861206195 -0.0024739486162711033 -0.00086113264223135774 0.0065190242293794044 0.017517447180941215 -0.0095815692706378141 -0.0025551186890644876 0.024149114756092216 0.0061456418462121111 0.0037153599549550674 -0.001298934579908469 0.00058948548271536101 -0.0013138695395169316 -0.0043672721910472693 -0.027132043582231088 -0.013567763201292691 -0.00082906365119106223 0.014506063628010359
leaf_weight=118322.26922413148 448.16800943017006 750.10171051323414 502.30569955706596 711.2323272228241 95.225698292255402 80.66068822145462 96.445800721645355 528.69849090278149 291.09088933467865 447.00115114450455 7005.9751052707434 5548.7138939797878 121.58573549985886 90.521108776330948 9236.9158060252666 1146.478411346674 126.22160550951958 643.65541979670525 4720.7580584138632 21.275866985321045 327.2194747030735 2813.0282524824142 3436.7185487300158 3350.5014413744211 5394.2531037479639 554.56157383322716 123.16541312634945 66.071225225925446 17434.90705177933 249.33836352825165
leaf_count=118187 396 857 577 667 32 92 81 463 238 494 6776 5384 36 95 9396 997 82 767 4962 11 287 2604 3526 3311 5536 603 190 84 17724 177
internal_value=1.43664e-05 2.43466e-07 -0.000426006 0.000198222 0.00215804 0.0123621 0.0205225 -0.000338885 7.94009e-05 0.00175641 -0.000276546 0.00224081 0.00678728 0.0191193 -0.000337112 0.000482012 0.00162306 -0.000787905 -0.00274896 -0.00850229 -0.00199112 0.00430807 0.000628322 0.00210119 -0.000424494 -0.00211644 -0.00850438 -9.50921e-06 -0.000661068 0.00862523
internal_weight=184685 184237 58432.2 125805 7191.39 272.332 191.671 57682 118613 6919.05 57179.7 6472.05 923.339 212.107 56651 20109.9 10872.9 36541.2 5712.91 664.931 5047.98 2939.25 7933.7 4496.98 30828.3 6071.98 677.727 24756.3 17750.3 315.41
internal_count=184632 184236 58930 125306 6881 205 113 58073 118425 6676 57496 6182 798 131 57033 19916 10520 37117 6027 778 5249 2686 7834 4308 31090 6329 793 24761 17985 261
is_linear=0
shrinkage=0.05


Tree=165
num_leaves=31
num_cat=0
split_feature=11 12 12 14 28 26 20 22 24 28 26 8 19 23 32 25 20 25 22 30 32 10 21 16 26 30 23 15 6 4
split_gain=5.83139 13.9684 11.2655 9.29582 6.77435 8.64344 9.51427 18.4511 7.73257 7.20867 7.18676 8.7546 11.6095 7.63886 9.48223 8.04351 7.49084 6.78153 10.1251 22.0296 11.9832 6.74664 9.28901 6.73975 6.62411 7.70792 10.7956 6.38539 8.85823 8.57296
threshold=0.83346634217492344 0.81352255910097238 0.021302770792105498 -0.44497272989191133 -0.7992824994672415 -0.026018835766061125 -1.5261520343921546 0.42433282311740911 -1.0775993559519836 0.043655399377393954 0.26134363317183201 -0.73027504614087524 2.3245715063382004 0.2978690045382299 -0.30360389587028019 0.5950627277900552 -1.2622287715199849 -0.30818195763591821 -1.6415379190547663 -0.40190418084691903 0.99306490674709269 -0.75272154076405828 0.67516818035819459 1.3188357054830815 0.11860409372013865 -0.4621512577652907 -0.49558202871851814 -0.71910909818741708 1.1966896460645255 -1.4892976417133037
decision_type=2 2 2 2 2 2 2 2 2 2 2 2 2 2 2 2 2 2 2 2 2 2 2 2 2 2 2 2 2 2
left_child=2 -2 27 23 10 -6 7 -7 9 -8 11 -4 -13 14 15 -12 -16 21 19 -19 -21 22 24 -3 25 -10 -27 -1 29 -29
right_child=1 3 4 -5 5 6 8 -9 17 -11 13 12 -14 -15 16 -17 -18 18 -20 20 -22 -23 -24 -25 -26 26 -28 28 -30 -31
leaf_value=0.0009359908319610138 -0.00022083907407505888 0.005061633519534061 -0.00065551934862046282 0.0015259806385466278 -0.00073516344250028831 0.0026448266334830853 0.018971113924354736 0.033459444249051611 -0.00096359950286432992 -0.0028640484010983504 0.035798165327455722 -0.00589489342041488 0.018342155710876409 -0.0012607425933227917 0.020966176273898057 0.0053448898078174868 0.00081464536080625176 0.035652557454446551 0.00071434721968996039 0.00097950145755074081 0.026042872104172887 -0.0027606938586473852 0.021671230381474574 0.022616080791488895 -0.0018783126852778096 0.028085771536860683 0.0045742674531459781 -0.0039936280517542536 0.001387601848195712 -0.00014266060365462121
leaf_weight=26542.877822212875 14394.422974586487 1607.7575937211514 1772.7584516108036 7458.6346429884434 37751.923325784504 206.94676619768143 106.35251232981682 63.480333834886551 743.66803577542305 58.64098733663559 38.72739189863205 2204.1369547694921 50.540396511554718 10989.891512483358 48.21962183713913 49.266477584838867 1057.2252743244171 62.728949844837189 12118.131065964699 393.71284648776054 54.26360023021698 2923.5779252201319 51.184714078903198 56.602562367916107 1756.9962320625782 52.477320730686188 701.1444455832243 1488.1385599449277 9778.3696769922972 50100.053923213854
leaf_count=26046 14458 1445 1796 7231 38307 196 66 21 758 62 11 2464 32 11267 28 44 1040 18 11945 386 26 3085 29 31 1823 23 637 1607 9507 50243
internal_value=1.37676e-05 0.00074927 -9.35576e-05 0.00227992 -0.000551494 -0.000295179 0.000565755 0.00987828 0.000433369 0.0112106 -0.00145346 -0.00328452 -0.0053516 -0.000848166 0.00295108 0.0187478 0.00169366 0.000339076 0.00100499 0.00790137 0.00401544 -0.001011 0.000536546 0.00565864 0.000204131 0.00264778 0.00621146 0.000288046 7.79102e-06 -0.000253748
internal_weight=184683 23517.4 161165 9122.99 73256 57045.2 19293.3 270.427 19022.9 164.993 16210.8 4027.44 2254.68 12183.3 1193.44 87.9939 1105.44 18857.9 12628.8 510.705 447.976 6229.05 3305.47 1664.36 3254.29 1497.29 753.622 87909.4 61366.6 51588.2
internal_count=184632 23165 161467 8707 74064 57382 19075 217 18858 128 16682 4292 2496 12390 1123 55 1068 18730 12375 430 412 6355 3270 1476 3241 1418 660 87403 61357 51850
is_linear=0
shrinkage=0.05


Tree=166
num_leaves=31
num_cat=0
split_feature=5 8 1 29 19 21 2 4 8 32 2 8 26 38 8 8 8 1 28 29 2 2 4 29 28 13 10 6 28 22
split_gain=5.66093 8.85721 13.6361 17.4727 16.2192 16.9023 15.1008 31.106 12.0562 10.1993 10.134 10.6811 10.5153 10.0317 11.4566 12.0815 16.4488 9.955 11.3929 9.86877 9.31775 9.09653 9.08947 11.5117 8.80895 9.95746 21.9175 24.0029 19.4441 13.3069
threshold=-1.0665970890843621 1.1591314645790731 0.63138641208950463 -0.79573187080582286 0.50030107986720618 0.21465217051682803 0.14485733754864191 0.11112396763584743 0.47684578015242507 0.48367642912939462 2.4053761629119559 0.16194469503243367 -1.5488519992764822 1.0000000180025095e-35 -1.5175277589408536 -0.15295639008755771 -0.88772558870087093 -0.89307217803663275 0.40688717605049346 -1.2285053290548948 -0.42276553676371481 0.7439532753721454 -2.234318619315244 0.96110753714028807 -0.74126087829009446 -0.45311655884965368 -0.50438728152113599 0.19279976080874764 -1.7669317065419203 0.43967816281556366
decision_type=2 2 2 2 2 2 2 2 2 2 2 2 2 2 2 2 2 2 2 2 2 2 2 2 2 2 2 2 2 2
left_child=1 8 3 4 5 19 22 -8 10 17 12 13 -1 14 -12 16 -16 -9 21 -3 -7 -19 23 -5 25 26 28 29 -14 -28
right_child=-2 2 -4 6 -6 20 7 9 -10 -11 11 -13 24 -15 15 -17 -18 18 -20 -21 -22 -23 -24 -25 -26 -27 27 -29 -30 -31
leaf_value=-0.00712729369588261 0.00014760474961884794 -0.004859796816105052 -0.0072430590867030038 0.0014695841042564495 0.00058749289031292799 0.036144253678878149 0.034473481394880892 -0.009100879041508636 -0.0027895919205932901 -0.014373916300839571 0.032088070193540305 -0.025384392125943175 0.031229062005339231 -0.0033357489102203135 0.013452348587111621 0.025416624683585493 -0.019714628607132509 -0.0077766386087496937 0.026410507377312306 0.013773141290673325 0.01328134244637256 0.018750159389951379 -0.00066517301336957999 0.033300891892766721 0.00024193841362865921 -0.0031237050978915834 0.011673660719018625 0.0017951549490562964 -0.0047705126583636633 0.045013041322079728
leaf_weight=585.53447669744492 149439.15858279541 109.3697085827589 445.46885594725609 77.271128177642822 381.48236419260502 104.64972200989723 96.608908414840698 74.448977112770081 6649.0379492938519 71.457513719797134 66.99445629119873 23.877621710300446 39.955382168292999 118.11965012550354 98.50154185295105 73.220214605331421 60.24560546875 79.616954505443573 84.783510893583298 202.88814043998718 77.617216065526009 54.400277853012085 4178.4126504212618 44.912579357624054 16201.394799903035 4335.1644934415817 52.183433592319489 171.14462196826935 612.55588698387146 70.183055818080902
leaf_count=669 148998 120 510 75 377 29 30 88 7020 92 24 36 15 126 72 36 84 92 40 147 57 34 4234 15 16123 4606 40 165 671 7
internal_value=1.31742e-05 -0.000556869 0.00117853 0.00184394 0.00833367 0.0143092 0.00065008 0.00924704 -0.000918933 0.00256469 -0.000366352 0.00713888 -0.000516319 0.00900082 0.013875 0.00861487 0.000865259 0.0066922 0.0120659 0.00724687 0.0264082 0.00299112 -0.000272098 0.0131702 -0.000336129 -0.0021095 0.00253812 0.0138855 -0.00256614 0.0307954
internal_weight=184681 35241.5 6083.39 5637.92 876.007 494.525 4761.91 461.316 29158.1 364.707 22509.1 440.959 22068.1 417.081 298.962 231.967 158.747 293.25 218.801 312.258 182.267 134.017 4300.6 122.184 21482.6 5281.19 946.022 293.511 652.511 122.366
internal_count=184632 35634 5940 5430 730 353 4700 376 29694 346 22674 378 22296 342 216 192 156 254 166 267 86 126 4324 90 21627 5504 898 212 686 47
is_linear=0
shrinkage=0.05


Tree=167
num_leaves=31
num_cat=0
split_feature=29 30 16 28 20 30 25 10 8 24 1 2 14 12 4 2 29 25 1 10 20 9 28 2 26 23 13 24 21 20
split_gain=5.57159 10.225 9.42393 9.17482 14.109 8.89882 9.13157 12.9336 12.9694 8.90792 7.75073 6.51623 6.48319 13.9974 12.0038 13.9089 18.1141 11.5257 10.9328 15.3256 10.6852 10.1656 12.3421 10.1933 9.93581 12.1655 27.6601 22.7871 26.7374 25.8652
threshold=1.5462252100105569 2.0323130246474004 0.17128353942468924 -1.3645190661148141 1.4869329112117013 1.1770126909994543 1.5274943267577308 -0.17088066301723007 0.79174686527241656 1.4050265380339686 -0.45560090778234247 1.6227396193657435 -0.31484938568354176 1.6851064859756575 -0.58378083498853139 -0.81427786121395129 -1.6561564200354002 1.3215757624196167 -0.96577023576719512 0.19438436378624571 0.47294542192561945 -0.20522701615498187 1.0698067462586416 0.7052606713279076 -0.4083551137619178 -1.2398790589577124 -0.18840636610632966 -1.0677976800400539 -1.309163539620773 -0.88686617012995572
decision_type=2 2 2 2 2 2 2 2 2 2 2 2 2 2 2 2 2 2 2 2 2 2 2 2 2 2 2 2 2 2
left_child=12 2 5 4 -3 9 7 8 -7 -2 -9 -5 13 18 17 16 -16 -14 19 -1 -17 23 -23 24 -20 26 27 28 -26 -30
right_child=1 3 -4 11 -6 6 -8 10 -10 -11 -12 -13 14 -15 15 20 -18 -19 21 -21 -22 22 -24 -25 25 -27 -28 -29 29 -31
leaf_value=0.0037291508503063476 0.0012784726991484445 -0.0062870094995645075 -0.00016278307034371436 0.0017733341621946038 0.027617117169745287 0.03566039670944305 0.0013806454064380889 0.025743315559248844 0.0033452405263289416 -0.017932662243822294 0.0049834240140046379 0.020085384074546037 -0.0012238500834671781 0.0094635881329684247 0.041293302248301855 -0.00058359587869686582 0.0057223746658701174 -0.0061944513203962496 -0.0043449280059703428 0.038921765432030762 0.00052671834400135574 0.00056446344288405264 0.0040354870364814567 0.0050379665683332386 0.0053256117084328185 -0.00061474442408046819 0.043644541892991856 0.011945999914815639 -0.0079443746868144809 0.0012163755325813414
leaf_weight=1484.7360981851816 677.31866952776909 42.638612627983093 6281.5494009107351 407.45093350112438 109.45864230394363 87.171170890331268 492.60217916965485 49.470899701118469 48.226590722799301 66.242067635059357 493.15167829394341 55.156982898712158 11910.46746250242 415.67566549777985 40.198934733867645 53776.327149957418 326.34993207454681 1292.8322697281837 1548.4425694197416 31.593481197953224 36292.316588684916 24119.289151776582 2865.2538977712393 875.18283943831921 1917.2058815509081 35103.407519884408 39.336267471313477 484.83733546733856 1203.7406620830297 2141.0873255133629
leaf_count=1374 660 48 6302 393 49 25 479 24 45 90 444 33 12202 337 7 54404 289 1453 1683 7 35910 23847 2634 787 1713 35535 5 369 1395 2089
internal_value=1.26487e-05 0.00123965 0.000773162 0.00745928 0.0181125 0.00384454 0.00656157 0.0103257 0.0241502 -0.000433002 0.0068761 0.00395669 -4.88203e-05 0.000314821 -0.000302256 -9.66479e-05 0.00962339 -0.00171056 0.000261866 0.00446241 -0.000136205 0.00017126 0.000933021 -0.000303325 -0.000413476 -0.000264597 0.00185966 0.00157365 0.000617954 -0.00208041
internal_weight=184679 8810.44 8195.73 614.705 152.097 1914.18 1170.62 678.02 135.398 743.561 542.623 462.608 175868 72229.8 103638 90435.2 366.549 13203.3 71814.1 1516.33 90068.6 70297.8 26984.5 43313.2 42438.1 40889.6 5786.21 5746.87 5262.03 3344.83
internal_count=184632 8592 8069 523 97 1767 1017 538 70 750 468 426 176040 71775 104265 90610 296 13655 71438 1381 90314 70057 26481 43576 42789 41106 5571 5566 5197 3484
is_linear=0
shrinkage=0.05


Tree=168
num_leaves=31
num_cat=0
split_feature=37 7 4 38 1 11 8 20 2 32 15 12 19 10 14 2 9 21 4 1 5 26 5 3 13 10 5 20 22 21
split_gain=5.42176 5.62338 8.98399 10.3661 10.3375 14.3082 12.1002 10.5369 10.3488 18.1114 9.88528 12.3243 9.84739 10.2873 26.5602 8.48906 8.32591 11.3302 9.17703 14.7862 8.29023 8.10343 11.265 9.8201 10.6534 11.9228 12.1652 13.8852 8.87948 14.6207
threshold=1.0000000180025095e-35 0.44485652351556443 0.45722340635429409 1.0000000180025095e-35 0.81381387266351157 0.70201584892600521 1.6314830922590604 1.0000000180025095e-35 -1.046135753080325 -0.043042353114146212 -0.34267295026442474 -1.3551729712676757 0.80876850815459267 0.52037094959623065 0.27925855898129198 0.44712723997616272 0.89691927080446487 -0.46077581072813867 0.045102873431835645 -0.29698823142187591 1.0731953774504845 1.4451303155978639 -1.0665970890843621 0.32591465282430526 0.06883321868486468 0.41374613466120502 0.35993122193886878 0.97477987710385106 -0.94833768602141799 0.50473240590148383
decision_type=2 2 2 2 2 2 2 2 2 2 2 2 2 2 2 2 2 2 2 2 2 2 2 2 2 2 2 2 2 2
left_child=1 2 3 4 5 10 -6 8 9 -7 11 -1 13 -13 -15 -14 -3 -18 19 -19 -8 28 -23 24 -24 26 27 -26 29 -12
right_child=-2 16 -4 -5 6 7 20 -9 -10 -11 21 12 15 14 -16 -17 17 18 -20 -21 -22 22 23 -25 25 -27 -28 -29 -30 -31
leaf_value=0.0076794375171688719 0.0055233887630974747 -0.0011120240853081395 0.00081802933306074517 0.013810251432370796 -0.0022336452553566072 0.020487906465683936 0.00033708813185771456 0.00045444208138986511 0.0027014831254422926 0.0038041133833872478 -0.00045241348708678858 5.0854422741576775e-05 0.0031709396264429424 -0.088856833306903221 0.0075199002748745263 0.027710159415920362 -0.0019561133303514235 0.0095295060220400261 0.00035406037732119139 0.0013873363312644038 0.020990631675541195 -0.0043218883034980239 -0.00099472374624461589 -0.0037253038314511628 0.027230539162380232 0.0036939531004208607 0.0027627789689233704 0.0038174978126586305 -0.0015166346463453694 0.0074235117813659171
leaf_weight=549.37832990288734 445.17780098319054 24166.52484421432 36958.665450207889 134.0158531665802 7236.714919116348 243.96778294444084 99.671965181827545 4652.2838740646839 2859.497695595026 488.13869953155518 2950.3048469275236 57077.052415972576 1953.9149245023727 11.522659450769426 18.832347631454468 35.890790492296219 4075.555048853159 763.51922020316124 9871.9050060808659 2067.3625442385674 94.796961784362793 682.96594841778278 682.42354267835617 469.05272218585014 193.24128794670105 1117.5646267235279 172.53343451023102 94.191518604755402 23773.874371021986 736.3218846321106
leaf_count=465 396 24704 36354 97 7560 144 99 4610 2705 451 2977 57019 1830 32 16 16 4235 618 9802 2010 55 742 696 504 88 1035 163 87 24495 627
internal_value=1.21464e-05 -1.17094e-06 0.000146496 -8.69227e-05 -0.000104461 3.08586e-05 -0.0019029 0.00202506 0.00405953 0.00936383 -0.000150761 0.000225152 0.000155856 3.53784e-05 -0.0290644 0.00361356 -0.000517932 0.000337762 0.00107373 0.00358337 0.010405 -0.000877037 0.00142107 0.00285831 0.00422474 0.00648263 0.0132582 0.0195581 -0.00116258 0.00112063
internal_weight=184677 184232 143287 106328 106194 98763 7431.18 8243.89 3591.6 732.106 90519.1 59646.6 59097.2 57107.4 30.355 1989.81 40944.9 16778.3 12702.8 2830.88 194.469 30872.5 3411.97 2729.01 2259.95 1577.53 459.966 287.433 27460.5 3686.63
internal_count=184632 184236 142867 106513 106416 98702 7714 7910 3300 595 90792 59378 58913 57067 48 1846 41369 16665 12430 2628 154 31414 3315 2573 2069 1373 338 175 28099 3604
is_linear=0
shrinkage=0.05


Tree=169
num_leaves=31
num_cat=0
split_feature=19 13 21 22 25 8 28 15 32 32 2 6 21 21 13 9 20 5 5 4 1 9 9 4 29 8 29 8 2 3
split_gain=5.41694 11.5847 10.9853 8.04799 7.15833 6.56931 6.48093 6.32662 10.3878 10.6613 9.66409 7.73142 7.65358 8.61411 10.5218 7.35113 11.8594 11.5649 36.9899 34.3152 29.7943 33.7845 28.4763 25.0955 24.0704 22.2364 42.0757 31.9268 32.1834 24.5396
threshold=-2.118871167500143 -1.1595131090260919 -2.1458731770471009 -1.6097381078780992 -1.226922696941358 -0.52034098939421425 0.093272367127678266 -1.3610798787511136 -2.1318435543125287 -1.1206458576549225 -2.2084017655152115 -1.916963909188518 -0.25226855851440072 0.0985181517686433 -1.0478153446500318 -0.20522701615498187 2.7122881250082007 1.0000000180025095e-35 0.35993122193886878 1.4356488915133301 -1.5719542655966972 -1.3598564596363067 -1.4123396161581854 1.1220121498834075 -3.4176241146047577 0.47684578015242507 -2.0636278377884669 0.84423037945908175 0.031778527241501785 0.53773286154042343
decision_type=2 2 2 2 2 2 2 2 2 2 2 2 2 2 2 2 2 2 2 2 2 2 2 2 2 2 2 2 2 2
left_child=1 3 4 -1 5 -3 -5 8 10 -10 -2 12 -9 -14 -15 17 -17 -13 22 20 -20 -22 23 -19 -24 26 -26 28 29 -27
right_child=7 2 -4 6 -6 -7 -8 11 9 -11 -12 15 13 14 -16 16 -18 18 19 -21 21 -23 24 -25 25 27 -28 -29 -30 -31
leaf_value=-0.012076957313626464 0.027807063242872465 0.0071670131878304958 -0.020647704610631472 -0.0024848507024649831 -0.01782230577658794 -0.011810329351253824 0.005854893552160588 0.011264262144353648 -0.0050913363743446266 0.001222343787636766 0.0056167617350371566 -0.0012903278961707608 -0.0053583093243547535 0.02986088172035949 0.0033410361779077687 0.00016200147969307283 0.0078918154567542819 -0.0051284874755378688 0.009580539865147765 -0.010064610629673546 0.0021730956086499654 -0.0020009251524219225 0.029071491868201377 0.0060367915332020404 0.028423780690126178 0.011898787372749159 -0.002727140530526577 0.0015669840719811869 0.0010611517323262849 -0.00712272036401274
leaf_weight=125.65048813819885 63.083134114742279 135.40965449810028 153.57894596457481 500.14432176947594 69.298734903335571 68.758734375238419 436.06192295253277 273.64910501241684 707.00771670043468 12318.140039358288 220.8040771484375 26534.242530032992 293.54220137000084 39.723686635494232 639.74845454096794 98747.946250002831 498.71540027856827 2146.8029595464468 686.55048412084579 1015.573052033782 6434.6627503484488 19658.304091624916 88.396170377731323 657.36785413324833 113.55094307661057 2468.4253805875778 2389.6611648201942 5677.94499117136 1330.2315483540297 182.06415858864784
leaf_count=156 28 116 217 525 94 85 385 212 779 12017 196 27219 325 16 597 98428 420 2367 555 1220 6155 20445 37 578 49 1881 2520 5500 1302 208
internal_value=1.16532e-05 -0.00299204 -0.00994669 -0.000195095 -0.00393701 0.000775926 0.0013996 3.60666e-05 0.00108586 0.000879636 0.0105477 -4.61795e-05 0.00387689 0.00179927 0.00489145 -7.51822e-05 0.000200844 -0.00047001 3.79649e-05 -0.00104319 -0.000701063 -0.00097159 0.0020341 -0.00251107 0.00307452 0.00288557 -0.00131407 0.00397398 0.00740721 0.0105922
internal_weight=184675 1488.9 427.046 1061.86 273.467 204.168 936.206 183186 13309 13025.1 283.887 169877 1246.66 973.014 679.472 168630 99246.7 69383.8 42849.5 27795.1 26779.5 26093 15054.4 2804.17 12250.3 12161.9 2503.21 9658.67 3980.72 2650.49
internal_count=184632 1578 512 1066 295 201 910 183054 13020 12796 224 170034 1150 938 613 168884 98848 70036 42817 28375 27155 26600 14442 2945 11497 11460 2569 8891 3391 2089
is_linear=0
shrinkage=0.05


Tree=170
num_leaves=31
num_cat=0
split_feature=20 28 9 17 13 23 27 20 23 28 20 2 8 16 9 3 26 15 20 21 19 12 15 2 20 10 25 19 8 29
split_gain=5.39196 17.1721 8.5068 17.5679 10.1017 12.4847 9.76731 11.4945 9.82652 12.3308 9.61475 9.27298 9.09656 9.57155 8.78885 8.30135 8.2367 8.21207 8.17109 10.9417 8.44768 8.37815 10.3568 11.2153 11.5828 17.4169 13.0421 10.156 14.8477 12.4474
threshold=-0.99717195504908018 -1.7669317065419203 0.68698664471695126 0.070185934610460118 0.66979822193304128 -1.453775649966276 0.17157557704360182 0.099521616393701856 -0.86444393208622605 2.5753157116821526 0.22521880510329004 2.0084646681555847 -1.2026266738208622 1.2953923262901039 -1.5697890857238204 -0.040041719277764773 -0.79128215258212897 -0.97478384288423892 1.2018086973851576 0.73453610834013083 0.21381207781086511 1.6067536940339424 -0.30360094200217297 -0.38858585552131558 -0.049559353244548222 -0.72007508426836508 -1.152034336490662 -0.37208913254700243 0.21442820921909891 -0.6723185659204004
decision_type=2 2 2 2 2 2 2 2 2 2 2 2 2 2 2 2 2 2 2 2 2 2 2 2 2 2 2 2 2 2
left_child=1 -1 4 -4 11 15 14 -8 -9 -10 12 16 13 -5 -7 -6 -2 -14 21 -20 -21 22 -18 -24 27 26 -26 29 -29 -25
right_child=2 -3 3 10 5 6 7 8 9 -11 -12 -13 17 -15 -16 -17 18 -19 19 20 -22 -23 23 24 25 -27 -28 28 -30 -31
leaf_value=0.034322337558685474 0.019134244094269802 -0.00068188071640266521 0.0031927366172926973 0.0013662456748717469 -0.011252229792079934 0.0047589165022516641 -0.01201148667391016 0.017706877372446618 -0.0021780725372818385 -0.01784341372521547 0.0013013966547885318 0.012010338042623145 0.024621372353611868 -0.0017672311313928467 -0.00072142270382695775 -0.071272577067705165 0.00033615550559305514 -0.0017838437337098631 0.0044758303369119611 -0.019746737523442776 0.00057983147835850087 0.0052025497828651467 -0.0020664586710438387 0.0065832449797211604 0.043995863401048191 0.0003116896934103835 0.0094975924822662955 -0.0022256102870577702 -0.010646872488031438 -0.0014498527181108568
leaf_weight=35.08176189661026 56.697137206792831 27298.710710940883 6220.1884695291519 8593.8255448788404 13.060749113559725 782.47462940216064 327.35870508849621 60.384373277425766 4827.6984487622976 128.97346302866936 14194.452251404524 163.20229426026344 29.55242520570755 3401.7658666670322 11245.741338700056 10.307359099388121 54075.555913612247 8109.6722416132689 2354.7930856645107 51.615317329764366 5274.1625052541494 750.04268988966942 11253.886184416711 572.35967846214771 33.310368061065674 18579.822785556316 154.31181558966637 2337.93342448771 674.39586482942104 3062.2050752490759
leaf_count=11 35 27671 5823 8359 16 708 406 39 5038 175 13825 124 15 3522 11408 25 53712 8399 2144 72 5213 672 11719 497 4 18464 125 2442 818 3151
internal_value=1.12475e-05 -0.000636954 0.000123856 0.000747799 -9.2776e-05 -0.0012043 -0.00115518 -0.00293376 -0.00234145 -0.00258569 0.000304796 0.000101763 -0.000397778 0.00047764 -0.000364909 -0.0377264 8.21778e-05 -0.00168797 7.12859e-05 0.00163771 0.000382834 -6.02096e-05 -0.000103709 -0.000752388 -0.000170496 0.000464754 0.0156224 -0.00196412 -0.00411095 -0.000184826
internal_weight=184674 27333.8 157340 40549.5 116790 17396 17372.6 5344.41 5017.06 4956.67 34329.3 99394.3 20134.8 11995.6 12028.2 23.3681 99231.1 8139.22 99174.4 7680.57 5325.78 91493.8 90743.8 36668.2 25414.3 18767.4 187.622 6646.89 3012.33 3634.56
internal_count=184632 27682 156950 39943 117007 17815 17774 5658 5252 5213 34120 99192 20295 11881 12116 41 99068 8414 99033 7429 5285 91604 90932 37220 25501 18593 129 6908 3260 3648
is_linear=0
shrinkage=0.05


Tree=171
num_leaves=31
num_cat=0
split_feature=20 29 10 32 28 32 26 4 21 25 23 28 21 21 26 29 29 4 26 19 2 28 29 19 29 4 2 21 4 4
split_gain=5.33634 13.0927 15.2412 12.1742 11.6762 10.5931 10.4509 13.8105 12.5467 10.3101 11.7202 8.99825 17.6869 51.9732 26.3861 12.9219 10.8606 14.6023 10.4406 11.5206 21.7661 9.7944 9.71133 13.6128 12.6703 10.8862 10.7561 8.8986 18.3493 18.0023
threshold=-0.43161789303907983 0.74306771300676644 -1.8210481331646782 -0.034393372196357193 -1.2720194888985097 1.2146320698515098 -0.37979550262850337 0.50327890248641904 -1.1200799143751219 -1.6604035172199014 0.20071591091324323 -0.27660237622927325 -0.96621299433107266 -1.0113282552268306 -0.11843293312539881 -1.5703362491332935 -0.10969566550087066 -0.41535516616416129 0.88794289922589564 0.069231129329254168 -0.60720632295683974 -1.1883322596278374 0.17331740581107444 -1.8038355382079032 0.31703805318706485 -1.2410946573211457 -0.11010655677225661 0.39090232824496107 0.25974270101145336 0.011138366655999944
decision_type=2 2 2 2 2 2 2 2 2 2 2 2 2 2 2 2 2 2 2 2 2 2 2 2 2 2 2 2 2 2
left_child=1 3 9 4 -1 6 7 8 -5 -3 -11 12 13 22 -15 -13 -16 -18 19 -14 -21 -22 26 -24 25 -25 -8 -6 29 -29
right_child=-2 2 -4 5 27 -7 11 -9 -10 10 -12 15 18 14 16 -17 17 -19 -20 20 21 -23 23 24 -26 -27 -28 28 -30 -31
leaf_value=-0.011348681690358306 0.00020565468284636948 0.039815889503653341 0.0018684423274018314 -0.0005214917038484948 -0.0020532868891821343 -0.0039965121356424571 -0.0034428869208354071 0.00071600095269923651 -0.0043972452794516772 -0.01721776648457856 0.031436598086937877 0.0073411155909253734 0.00011378296702324032 0.0018727518953944669 0.043479196413853449 -0.00033725917561693058 -0.0050152049211707461 0.038208275585955354 -0.01823152847750293 0.017858310294041582 0.011065204864146914 -0.004635557246565088 0.02624866735951106 0.018982095673425542 -0.00053143390909179131 0.0038895640126568511 0.010587806500660537 -0.0073083116609475862 -0.00030166955405248468 0.027858073751992375
leaf_weight=319.48526746034622 121047.8812796548 44.186480075120926 4168.7825966626406 4196.233976194635 11641.916129276156 1744.5571246743202 795.24147096648812 5860.9286118000746 4156.4604739844799 25.290932595729828 24.241247534751892 563.77470549941063 7165.3057920485735 87.268650963902473 130.3520320057869 19501.459075465798 33.627067357301712 46.642881274223328 73.279905885457993 273.78772220015526 142.54601711034775 327.62546798586845 75.785221546888351 207.9444163441658 600.61624425649643 280.8474857211113 164.92357885837555 51.475953698158264 795.20223248004913 124.19876888394356
leaf_count=392 120550 9 4013 4240 12120 1884 850 5777 4522 34 9 481 7149 84 17 19633 37 11 100 176 111 358 36 129 607 259 130 59 800 55
internal_value=1.07945e-05 -0.000359937 0.00231673 -0.000552137 -0.00190887 -0.000174235 -2.50077e-05 -0.0011446 -0.00245014 0.0222574 0.00659387 0.000497239 0.00169038 0.00543174 0.0249908 -0.000121519 0.0345695 0.0201009 0.000554616 0.000728671 0.00665085 0.000124581 0.00269033 0.00575842 0.004333 0.0103103 -0.00103289 -0.00166976 0.00292915 0.0175537
internal_weight=184672 63624 4262.5 59361.5 12932.3 46429.2 44684.7 14213.6 8352.69 93.7187 49.5322 30471 10405.8 2423.25 297.891 20065.2 210.622 80.2699 7982.54 7909.26 743.959 470.171 2125.36 1165.19 1089.41 488.792 960.165 12612.8 970.877 175.675
internal_count=184632 64082 4065 60017 13426 46591 44707 14539 8762 52 43 30168 10054 2160 149 20114 65 48 7894 7794 645 469 2011 1031 995 388 980 13034 914 114
is_linear=0
shrinkage=0.05


Tree=172
num_leaves=31
num_cat=0
split_feature=27 8 26 13 18 7 25 21 21 19 32 12 8 20 10 3 13 28 22 6 24 22 24 29 25 21 24 19 14 6
split_gain=5.1601 7.87619 9.24414 8.60498 6.73571 8.1601 6.70018 6.6686 16.2071 11.3087 7.01538 5.93861 6.8083 6.06151 6.88058 6.56699 5.78441 9.3954 9.01467 15.3472 6.30958 5.774 12.9567 10.0388 11.0151 12.6749 11.4575 26.4486 9.03698 13.8031
threshold=1.4827848387084051 0.79174686527241656 -0.51604756193148082 1.1077566151306619 0.53053734271421227 0.6233880248807887 -0.55584228984240536 0.74521250906581249 0.93916024552015431 0.48712097576229524 0.28337329079217194 -0.12177106845382525 1.2640984929524037 -1.7821075743324026 -1.5925056067120666 0.68264118188718537 -0.38310343666449703 2.8199283323520068 -0.051313151892802361 -0.31633536708547422 0.40896907206596084 -0.81134395626783384 -0.10596031429954592 0.19189667680573361 -1.752104298992007 -0.96621299433107266 -1.8713447490595676 -0.96578973874996465 -1.2244721136150312 -0.34904340759680291
decision_type=2 2 2 2 2 2 2 2 2 2 2 2 2 2 2 2 2 2 2 2 2 2 2 2 2 2 2 2 2 2
left_child=21 2 -2 4 5 11 -6 16 9 -9 -11 12 -3 -13 -15 -16 17 18 20 -20 -4 22 23 -1 -25 26 27 -26 -23 -30
right_child=1 3 7 -5 6 -7 -8 8 -10 10 -12 13 -14 14 15 -17 -18 -19 19 -21 -22 28 -24 24 25 -27 -28 -29 29 -31
leaf_value=0.00088981293469698889 -0.0071157109326394283 -0.0040782634954314584 4.0925452520786453e-05 -0.024858105718490581 0.024910739997607421 -0.017337226997373775 0.001080058185188904 0.026813129158142435 -0.001009224511339984 0.014785147831144027 -0.014687016737136072 -0.0277558992690175 0.004092645834845198 0.0020035660420715043 -0.0074605172667097227 0.0030479105863743822 -0.0023083064045894969 0.024371644857832331 0.041651588052228392 0.0023798085914193082 0.018647055694929717 0.0013825372406193834 0.0020163043362668746 -0.0075867026299899984 -0.005003929806861972 -0.0022833171369528817 0.00088517219635938973 0.036058662064067902 -0.0011239780285293691 9.8090879645585435e-05
leaf_weight=12821.168842811137 440.33418518304825 505.7484884262085 3085.5255302898586 45.419262960553169 39.857692003250122 102.46932181715965 113.45066666603088 118.60160076618195 338.17412722110748 49.694940626621246 34.009915858507156 28.293673157691956 514.07885497808456 332.31635576486588 1119.0292566269636 171.45136861503124 1944.2418826520443 42.921209216117859 35.934978306293488 80.8480584025383 46.247650325298309 9941.9009716026485 11552.882540628314 636.4316481500864 81.812336385250092 5666.2433874756098 3598.7095535695553 75.315585643053055 29945.8308820948 101161.46034267545
leaf_count=12593 503 547 3083 68 20 138 111 55 345 35 44 44 472 319 1286 161 2034 22 6 77 29 9667 11087 733 90 5925 3535 21 30619 100963
internal_value=1.03983e-05 -0.00114462 -0.000132437 -0.00326174 -0.00292658 -0.00349055 0.00727565 0.000399916 0.00568758 0.0168819 0.00281038 -0.00295932 4.05628e-05 -0.00481225 -0.00441223 -0.00606438 -0.000145927 0.00113137 0.000824308 0.014464 0.000315687 7.0878e-05 0.000651366 -3.78472e-05 -0.0012203 -0.000790267 0.00146222 0.0146785 -7.08291e-05 -0.000181038
internal_weight=184670 9188.65 6216.53 2972.11 2926.7 2773.39 153.308 5776.2 540.481 202.306 83.7049 2670.92 1019.83 1651.09 1622.8 1290.48 5235.72 3291.48 3248.56 116.783 3131.77 175482 34432.6 22879.7 10058.5 9422.08 3755.84 157.128 141049 131107
internal_count=184632 9399 6233 3166 3098 2967 131 5730 479 134 79 2829 1019 1810 1766 1447 5251 3217 3195 83 3112 175233 33984 22897 10304 9571 3646 111 141249 131582
is_linear=0
shrinkage=0.05


Tree=173
num_leaves=31
num_cat=0
split_feature=13 19 10 2 19 19 20 32 32 28 4 21 6 16 9 8 29 9 24 19 32 29 20 12 4 5 13 26 28 24
split_gain=5.0922 11.8859 11.2256 10.6195 10.2925 12.7021 10.2491 10.2456 9.09422 11.4513 9.71686 20.3297 22.9021 8.91014 8.72823 7.3162 7.38275 7.06129 10.2712 11.2697 9.40625 8.92772 8.69367 8.3776 8.17579 8.09347 7.2515 7.11995 7.13818 9.60463
threshold=0.40951280664409978 -1.3040908476282227 1.2168458615735598 0.94764334450090049 1.1859959018988231 1.5479517692623992 1.9862780268978308 -0.59809963934293608 1.0464581369463926 2.3739746075184076 0.83763823550507566 0.29590130938898118 -0.44421789823999669 -0.2829704190328462 -1.6747553987675772 1.4740325496990645 0.11836494799735879 1.2118182099357353 -1.0278364490529832 -1.2755940757692192 0.54616986210290663 -1.2285053290548948 2.7122881250082007 2.9846058763976289 1.6647746321311343 1.0731953774504845 0.81899346395009098 -1.1541655195804632 0.34407848998980667 0.33390697756049431
decision_type=2 2 2 2 2 2 2 2 2 2 2 2 2 2 2 2 2 2 2 2 2 2 2 2 2 2 2 2 2 2
left_child=2 -2 3 6 8 7 -1 -6 9 10 11 -5 -13 15 -15 16 -3 20 26 -20 -16 23 25 -22 -23 27 -19 -21 -29 -30
right_child=1 13 -4 4 5 -7 -8 -9 -10 -11 -12 12 -14 14 17 -17 -18 18 19 22 21 24 -24 -25 -26 -27 -28 28 29 -31
leaf_value=6.722056860570291e-05 -0.0076748527485521511 -0.009607572268714273 -0.035907026755353268 0.002638411690558153 0.032158494369094348 -0.005396033169704423 0.0093732488415383241 0.0076217728499549664 0.014895551074488398 -0.0068822098155221674 0.0013040920873257302 0.036309917460663033 -0.0017486446708347017 0.0061303523693737169 -0.00036421369433633035 -0.026085340093791418 0.00088136896960327137 -0.00091856061353762046 0.023435489572856637 -0.0016836813908559863 -0.0089839901905690474 -0.0023759607550064513 0.016720015338380249 0.02336515953931069 0.005823876840607204 0.0026485204935117915 -0.0087006974690504429 -0.00022515574277091611 0.00081232443819641276 0.0061532103566377576
leaf_weight=119214.27300946601 552.23374673724174 350.626593708992 21.534908905625343 502.51692977547646 84.073622524738312 71.30474466085434 296.60259938240051 86.129134148359299 129.61320167779922 380.61109229922295 4864.8851615190506 109.56836739182472 61.837368160486221 533.39840473234653 31153.072489120066 42.058036297559738 321.67020240426064 780.6583596765995 54.58410507440567 4127.0279963463545 650.17642706632614 4736.9059446901083 84.134653329849243 20.649644672870636 324.83610978722572 3869.995236903429 485.51382285356522 6791.417465493083 2754.7551008462906 1212.175402879715
leaf_count=119054 637 418 37 476 30 79 241 73 91 433 4738 30 64 468 31380 64 316 795 29 4266 767 4962 56 11 287 3665 570 6822 2710 1063
internal_value=9.97458e-06 -0.000373952 0.000189532 0.000195711 0.00219806 0.01232 9.03163e-05 0.019742 0.00179394 0.00150706 0.00208355 0.00771028 0.0225797 -0.000304788 -0.000235934 -0.0058546 -0.00458899 -0.000295461 0.000456993 0.000749149 -0.000706724 -0.00256806 0.00068342 -0.00798821 -0.00184974 0.000611481 -0.00390262 8.18789e-05 0.000759168 0.00244434
internal_weight=184669 58845.9 125823 125801 6290.54 241.508 119511 170.203 6049.03 5919.42 5538.81 673.923 171.406 58293.7 57579.3 714.355 672.297 57045.9 20160.3 18894.1 36885.6 5732.57 18839.5 670.826 5061.74 18755.4 1266.17 14885.4 10758.3 3966.93
internal_count=184632 59286 125346 125309 6014 182 119295 103 5832 5741 5308 570 94 58649 57851 798 734 57383 19976 18611 37407 6027 18582 778 5249 18526 1365 14861 10595 3773
is_linear=0
shrinkage=0.05


Tree=174
num_leaves=31
num_cat=0
split_feature=32 21 20 14 12 20 32 30 28 11 24 1 10 19 8 38 21 24 22 6 29 21 28 32 23 6 26 3 26 20
split_gain=5.04203 6.64341 5.76537 5.58766 12.4841 9.90044 11.3838 11.6328 11.6775 11.4793 10.7304 9.26297 15.4198 9.68253 9.66197 15.1406 12.804 10.1659 10.1283 9.22081 12.3468 19.1328 18.397 11.6061 11.5667 11.9952 17.271 11.9628 11.2449 17.6677
threshold=1.5446652490105028 -0.3421892849564761 1.0823729394910406 -0.31484938568354176 1.2451883861593716 0.47294542192561945 -0.72454832322156448 0.18311380059391411 -0.42916361653498897 -0.63757808770616264 -1.0278364490529832 -0.96577023576719512 0.19438436378624571 -1.8038355382079032 0.84423037945908175 1.0000000180025095e-35 0.62580274073476927 1.3178868664719954 -1.7478171206929443 -0.8115608516333388 -0.3822371654622862 0.039072721403412516 -0.46583015158930779 -0.060769704297022872 -1.2398790589577124 -0.12719739149094336 -0.39373767634040385 0.48825883525767039 0.36913473912882633 -0.82404296632579299
decision_type=2 2 2 2 2 2 2 2 2 2 2 2 2 2 2 2 2 2 2 2 2 2 2 2 2 2 2 2 2 2
left_child=3 -2 -3 4 11 6 10 8 9 -8 -5 12 13 -1 16 17 -13 19 -18 20 21 22 23 -16 25 -21 -27 -28 -22 -30
right_child=1 2 -4 5 -6 -7 7 -9 -10 -11 -12 14 -14 -15 15 -17 18 -19 -20 24 28 -23 -24 -25 -26 26 27 -29 29 -31
leaf_value=0.018293073098786177 -0.0010189719199267763 -0.014954968965385528 0.010976301212865903 -0.012449568281441057 0.0051541839654194004 0.00033622439231251286 0.00096310093634228988 0.00070505314645462336 -0.00055025197600059455 -0.0049109073205334747 -0.0021196937906759437 0.00043909474695014638 0.041025216238630327 0.0023584585705734291 0.033236852049538211 0.024675074763518882 0.024882737712401917 -0.0073986892508098373 0.0036834913248036472 0.0021696995731639115 -0.0029355441615366022 -0.0055967018644321569 0.0033185996824054535 0.0036966159854755808 -0.00015520713030207141 -0.0059861568672171014 0.012495923959483166 0.036672513079698793 0.022085469519384573 0.00026322057848568827
leaf_weight=102.50126075744629 462.5730218142271 179.35502344369888 24.344181537628174 261.01061107218266 1336.8025244474411 48908.887222208083 1136.8989681899548 17265.461358889937 34027.525726057589 3098.6557720899582 6827.5535446405411 41493.390586551279 27.85582447052002 1363.3060166835785 89.481999456882477 59.23018491268158 57.729221940040588 543.56642007827759 2345.8158451169729 1427.9651081115007 8430.0635221004486 574.67437671124935 1285.3084853589535 52.911899745464325 11256.059590429068 91.987024024128914 181.31362479925156 71.281254887580872 98.514999449253082 1585.3459122627974
leaf_count=65 472 233 19 326 1199 48580 1115 17022 34402 3403 7117 41129 5 1299 30 30 29 624 2173 1366 8925 639 1200 49 11291 103 136 19 55 1577
internal_value=9.57698e-06 -0.00433215 -0.0118559 2.52985e-05 0.000367095 -0.000196818 -0.000613166 -0.000372293 -0.000858425 -0.00333422 -0.00250005 0.000277138 0.00417307 0.00347274 0.000193583 -0.000575383 0.000644619 -0.000633603 0.00419266 -0.00048736 -0.00148023 0.00210692 0.00520775 0.02226 0.000435989 0.00419021 0.0125633 0.0193185 -0.00219042 0.00153994
internal_weight=184667 666.272 203.699 184001 72475.1 111526 62617.1 55528.5 38263.1 4235.55 7088.56 71138.3 1493.66 1465.81 69644.6 25747.7 43896.9 25688.5 2403.55 25144.9 12116.3 2002.38 1427.7 142.394 13028.6 1772.55 344.582 252.595 10113.9 1683.86
internal_count=184632 724 252 183908 71943 111965 63385 55942 38920 4518 7443 70744 1369 1364 69375 26044 43331 26014 2202 25390 12475 1918 1279 79 12915 1624 258 155 10557 1632
is_linear=0
shrinkage=0.05


Tree=175
num_leaves=31
num_cat=0
split_feature=9 31 4 5 26 32 21 5 28 21 8 20 29 12 13 30 32 30 29 2 28 24 29 20 13 15 21 14 26 20
split_gain=5.2379 10.0898 9.93004 9.48091 11.6092 10.117 10.2657 19.3897 12.9709 11.006 9.56314 9.05539 8.95086 8.77984 10.8207 11.6394 8.8748 22.2133 15.8331 15.4368 16.8001 15.7241 10.122 9.5426 14.1167 8.4921 9.30936 8.43792 8.35136 8.4694
threshold=0.47705401862943747 1.0000000180025095e-35 -0.71407290907815746 0.35993122193886878 -0.66958117887441759 0.81532066705294148 -1.6117968699382705 1.0000000180025095e-35 -0.2462176644094069 -1.2915137304442352 -0.73027504614087524 2.5142430413062717 -0.081111780610053127 -2.063033681581278 0.66979822193304128 -1.45206947695887 -0.18069956518183214 -0.76553766768105014 0.48003993269119455 1.5817037578343356 2.5753157116821526 -0.38130140516064998 -1.4340764231272185 1.2018086973851576 1.6519388867286968 -1.5561205683674986 -0.45357977841238395 -0.53581707877260432 -0.79128215258212897 0.70448391368879359
decision_type=2 2 2 2 2 2 2 2 2 2 2 2 2 2 2 2 2 2 2 2 2 2 2 2 2 2 2 2 2 2
left_child=1 2 -1 4 10 6 7 -6 -9 12 11 -2 -8 -3 28 -16 17 18 -17 21 -21 -18 -23 24 27 -5 -27 -19 -15 -30
right_child=3 13 -4 25 5 -7 9 8 -10 -11 -12 -13 -14 14 15 16 19 23 -20 20 -22 22 -24 -25 -26 26 -28 -29 29 -31
leaf_value=-0.007385546900242167 -0.0017487417725676102 0.0033816438648526753 -0.042433810139811734 0.013054251429087208 9.7882472419612526e-05 -0.0020639789447830289 -0.010031462783746954 0.033281453394301296 0.0099739183044696353 0.00068438746986223414 -0.010495149736560024 0.0089139441120907863 -0.0012393395828997106 0.018353643667147652 -0.03604429064787195 0.0051364574008728016 -0.015393360324254238 0.025992406153555997 0.03897413993534949 0.0052387549833460244 -0.023945421209646597 -0.013137020251776217 -0.0027996729950034507 0.0001471001546674122 -0.02108202550003821 -0.00023612524826724471 0.0017173880210945862 -0.0032790252517687969 -0.00029033143880007116 0.00084190276110509459
leaf_weight=182.97290168702602 7638.8330712169409 1711.7720727398992 22.718959659337997 147.51359015703201 593.16120168566704 3961.4720993489027 416.44828961789608 74.767265379428864 296.05695873498917 26060.712505474687 304.9831283390522 204.44892629981041 949.46578767895699 61.618467777967453 24.406035378575325 83.586800932884216 290.54937495291233 24.992091655731201 58.952317476272583 758.46862778067589 52.741602391004562 251.0413062274456 4175.2152512222528 6195.2263727337122 113.2494460195303 9451.3658790290356 17191.489150434732 1653.5587822347879 80964.867077514529 20749.379193618894
leaf_count=210 7906 1596 42 109 592 4125 500 25 237 25704 369 168 973 39 42 75 380 12 13 679 78 317 4409 6177 161 9496 16601 1762 81435 20400
internal_value=9.21515e-06 -0.00019241 -0.0112567 0.00036091 -0.00012179 0.000303047 0.000633329 0.00570472 0.0146733 0.000455081 -0.00180857 -0.0014708 -0.00391994 -0.000172986 -0.000225687 -0.00154587 -0.00148422 -0.000433198 0.0191313 -0.00302987 0.00334132 -0.00412561 -0.00338597 -0.000782352 -0.00399597 0.00109063 0.00102439 -0.0028432 -4.82115e-05 -5.93593e-05
internal_weight=184666 117375 205.692 67290.7 40500.3 32352.1 28390.6 963.985 370.824 27426.6 8148.27 7843.28 1365.91 117170 115458 13682 13657.6 8129.57 142.539 5528.02 811.21 4716.81 4426.26 7987.03 1791.8 26790.4 26642.9 1678.55 101776 101714
internal_count=184632 117827 252 66805 40599 32156 28031 854 262 27177 8443 8074 1473 117575 115979 14105 14063 8200 88 5863 757 5106 4726 8112 1935 26206 26097 1774 101874 101835
is_linear=0
shrinkage=0.05


Tree=176
num_leaves=31
num_cat=0
split_feature=4 29 1 32 2 8 21 1 19 17 20 23 21 20 32 23 30 28 28 29 15 29 8 21 21 19 17 25 22 6
split_gain=4.93235 9.67149 8.602 8.01543 12.2298 11.5629 9.19338 8.87162 7.36431 7.60239 8.90653 7.24879 9.29328 9.27293 7.54374 7.45578 7.76691 7.35774 7.20701 6.6941 6.46655 10.3265 12.2433 10.2348 10.2995 9.6368 8.75961 8.43672 7.97026 7.68919
threshold=-1.6057630796391396 -0.50327482200779394 0.72936766953780696 0.65508919024126289 -2.2084017655152115 1.0541644362057427 -1.1200799143751219 -0.13772997922967337 1.1236616986779764 0.20259617392308865 1.0261378816306015 -1.2187612325570245 -0.74417732900170863 -0.60625065531118949 0.040702538185043415 -0.83200993279094448 -0.6751145537564881 2.3148043502077447 -0.61998416414508917 0.8814786719323614 -1.180257274210345 -1.0927946835633973 0.89671389364574694 -0.13127236588252697 -0.14146079531329384 -1.0904644283575222 -1.1273040017448561 -2.0401602030169657 0.77956937834737805 -1.916963909188518
decision_type=2 2 2 2 2 2 2 2 2 2 2 2 2 2 2 2 2 2 2 2 2 2 2 2 2 2 2 2 2 2
left_child=1 -1 3 4 5 -3 -5 -7 9 10 -8 14 -13 15 -6 18 -17 -15 -14 -9 21 22 -2 24 28 26 -22 -28 -23 -27
right_child=20 2 -4 6 11 7 8 19 -10 -11 -12 12 13 17 -16 16 -18 -19 -20 -21 25 23 -24 -25 -26 29 27 -29 -30 -31
leaf_value=-0.010310752976268713 -0.0016344367879451813 -0.0016330996012219722 0.027481258964669721 -0.0092033469090327166 0.020809306554264453 0.024452913906795395 -0.0023654854566664781 0.0040781407067742251 0.019631516210509556 -0.019901642422111204 0.013861967618644687 -0.0060646772176937138 0.034483655418541523 -0.00091376127981206623 0.0022819662432408769 -0.012155574569537111 0.0092773477518140034 -0.02019972318258681 0.0085834795786799874 0.019106885497433085 0.0016777170897582909 0.00095957236322342801 0.015731107311586175 -0.0029191552262330996 0.023891968778318614 0.0041081045544419893 -0.029019931997167889 -0.001770040749547839 0.0094558370242873273 4.9804354983669819e-05
leaf_weight=281.87344938516617 170.42889496684074 341.83498793840408 26.644473910331726 516.86267052590847 61.663488805294037 90.029838889837265 1875.2810022681952 351.68436548113823 39.514649927616119 58.653843730688095 88.549369722604752 936.41848266124725 41.891310036182404 2241.044406875968 504.00232557952404 65.159079283475876 120.3261507153511 50.569999814033508 74.849358826875687 93.872049599885941 2091.1677570641041 15085.512825276703 250.95645934343338 1681.8106715232134 49.793107181787491 1176.6783557385206 28.473828703165054 11631.244467142969 281.1748760342598 144356.79193425179
leaf_count=340 176 353 12 612 36 46 1964 323 24 82 64 1050 13 2282 481 81 98 71 62 58 2021 14796 172 1780 26 1080 45 12043 228 144213
internal_value=8.86972e-06 -0.00121665 -0.000878419 -0.000978473 0.000194495 0.00555157 -0.00324055 0.0101371 -0.00174591 -0.00216357 -0.00163379 -0.000953086 -0.00179507 -0.000253672 0.00430164 0.00797845 0.00174818 -0.00133935 0.0178775 0.00724447 6.33564e-05 0.000975123 0.00870763 0.000784556 0.0011886 -3.69288e-05 -0.00130215 -0.00183659 0.00111503 8.26168e-05
internal_weight=184665 7860.73 7578.85 7552.21 4973.35 877.421 2578.86 535.586 2062 2022.48 1963.83 4095.92 3530.26 2593.84 565.666 302.226 185.485 2291.61 116.741 445.556 176804 17519.7 421.385 17098.3 15416.5 159284 13750.9 11659.7 15366.7 145533
internal_count=184632 8052 7712 7700 4954 780 2746 427 2134 2110 2028 4174 3657 2607 517 254 179 2353 75 381 176580 17178 348 16830 15050 159402 14109 12088 15024 145293
is_linear=0
shrinkage=0.05


Tree=177
num_leaves=31
num_cat=0
split_feature=9 20 26 32 35 1 28 21 29 5 2 4 5 24 7 4 2 28 8 5 19 8 32 13 20 28 22 24 29 32
split_gain=4.98916 10.1192 9.26431 9.86094 10.9708 9.68055 11.1844 9.45237 9.26764 11.6205 9.01292 34.3645 23.9295 8.79973 8.64684 11.3756 19.0571 19.488 19.2553 19.002 15.8602 13.8109 11.9221 11.1246 10.6791 11.7687 11.6558 11.2784 9.26758 10.5137
threshold=0.94940242732634328 2.7122881250082007 -0.6893818773673025 -0.54021712563396596 1.0000000180025095e-35 0.30442129628628728 0.63724582052593359 -0.77087088399791981 -1.4340764231272185 0.35993122193886878 -0.053180361974325706 1.0000000180025095e-35 1.0731953774504845 1.1328942719505199 0.43587630739078131 0.2155382449833057 0.074045054617255746 0.38737323655781947 1.2116149787657384 -1.0665970890843621 0.73089909662664454 0.21442820921909891 1.0464581369463926 -0.68538289986370338 -0.10718424448721217 2.8199283323520068 -0.010876917039721851 -0.28285223142008603 1.170939467349841 -1.1559564399212847
decision_type=2 2 2 2 2 2 2 2 2 2 2 2 2 2 2 2 2 2 2 2 2 2 2 2 2 2 2 2 2 2
left_child=14 2 13 4 7 10 -7 -4 9 -8 11 -5 -13 -2 15 16 -1 21 22 -20 -21 -18 -19 28 26 -26 27 -25 29 -17
right_child=1 -3 3 5 -6 6 8 -9 -10 -11 -12 12 -14 -15 -16 23 17 18 19 20 -22 -23 -24 24 25 -27 -28 -29 -30 -31
leaf_value=-6.52126044775007e-05 -0.0013103826353930142 0.013798999382411407 -0.0053455569761055831 0.0030401526177725488 0.017018881554638734 -0.0010218437466812656 -0.00096698081762902925 -0.00018065131632223426 0.0019674272446403157 0.022489921138208701 0.0014282072624531869 0.0058785172683979434 0.037654577123134872 0.0019633377353978384 -0.00096854196125765275 -0.0093600304783445065 -0.0036904020899943325 -0.0009961296367460824 0.028560741249707918 -0.0042197476891515789 0.019623403670348455 -0.011489250844768031 -0.013623705517968959 -0.0013833445050600538 0.0011398287624175424 -0.015697530521774125 -0.0049614290341841059 0.0033043304966763618 0.032091103662557567 0.0037416266675072748
leaf_weight=77229.273557078093 10453.050095900893 142.26126059889793 1119.3310435563326 3646.7324655205011 83.381041049957275 6429.599085226655 90.254512518644333 4246.6567168235779 2353.6111724674702 127.22610026597977 10674.919963777065 112.1902462542057 125.55260384082794 2554.2990329116583 25429.410970196128 160.04034924507141 1678.1397880092263 2393.3188811987638 100.28331759572029 213.02201725542545 103.69825381040573 857.87351816892624 202.75461678206921 4820.6282074600458 22346.421891048551 104.26571530103683 1545.6293900310993 1748.5561473220587 27.91908472776413 3543.1423152983189
leaf_count=77330 10727 103 1239 3425 55 6561 92 4262 2261 70 10370 99 31 2454 25922 190 1802 2441 43 231 63 1055 258 4954 21837 137 1699 1633 10 3278
internal_value=8.51369e-06 0.000486331 0.000441257 0.000938409 -0.000978381 0.00138176 9.272e-05 -0.00125804 0.00287994 0.0127553 0.00217865 0.00424092 0.0226595 -0.000667511 -0.000132846 4.86727e-05 -0.00026857 -0.00309879 -0.00038039 0.00959267 0.0035868 -0.00632857 -0.00198235 0.000814371 0.000499749 0.00106163 -0.00105478 -0.0001356 0.00339178 0.00317541
internal_weight=184663 42159.1 42016.8 29009.5 5449.37 23560.1 9000.69 5365.99 2571.09 217.481 14559.4 3884.48 237.743 13007.3 142504 117075 82778.4 5549.09 3013.08 417.004 316.72 2536.01 2596.07 34296.6 30565.5 22450.7 8114.81 6569.18 3731.1 3703.18
internal_count=184632 41749 41646 28465 5556 22909 8984 5501 2423 162 13925 3555 130 13181 142883 116961 83223 5893 3036 337 294 2857 2699 33738 30260 21974 8286 6587 3478 3468
is_linear=0
shrinkage=0.05


Tree=178
num_leaves=31
num_cat=0
split_feature=14 18 4 2 29 1 6 23 13 19 20 2 2 4 19 3 7 2 38 8 8 1 21 20 6 25 24 28 19 4
split_gain=4.94789 16.6733 10.142 13.5519 12.9281 13.0747 9.22197 8.54895 17.2042 11.662 10.1233 9.61331 9.69213 12.1912 9.26597 8.16421 10.7595 8.15937 11.6486 11.9634 12.1051 18.9971 12.0613 11.4596 11.38 17.0219 11.5544 11.0741 10.9436 10.508
threshold=1.0000000180025095e-35 1.0952199738588004 -0.58378083498853139 -0.81427786121395129 -1.3913834733802817 -0.23644637525245416 0.6788937406086808 0.61090304538416895 2.1532177089730804 -0.93689077464513693 0.77327573578166975 0.98169358277841567 0.042023820304875219 0.17313716710295343 1.5727921088435883 -0.38745194041015235 1.7486695930441731 0.32343241555432412 1.0000000180025095e-35 0.79174686527241656 1.2640984929524037 -0.37621680577285971 0.62580274073476927 -0.029922035618811963 -1.2486277604784755 -0.29955676790511099 -0.4976072427092087 -1.7669317065419203 0.18937477751373896 0.24684074281004129
decision_type=2 2 2 2 2 2 2 2 2 2 2 2 2 2 2 2 2 2 2 2 2 2 2 2 2 2 2 2 2 2
left_child=1 17 6 4 -4 -6 -2 8 10 -10 11 12 13 15 -12 16 -5 18 19 22 27 24 28 -19 25 -22 -27 -21 -1 -23
right_child=2 -3 3 7 5 -7 -8 -9 9 -11 14 -13 -14 -15 -16 -17 -18 23 -20 20 21 29 -24 -25 -26 26 -28 -29 -30 -31
leaf_value=0.00049674560156731488 -0.0034786439767065698 0.007913148598116709 0.039613576460383861 0.0022390065568162715 0.02036958954903284 -0.0019421490681818547 -0.00045774369076457102 0.0004583120509612844 -0.048585400773025193 -0.0083872637584039358 0.0020524365587367525 0.0002651027409601425 -0.0019932630384897473 0.0091961108676428798 -0.0064716156063020286 -0.0015734301341853601 0.029623735662785484 0.00026346234296453877 0.018314907393257026 -0.021807943284936175 0.0057060077520844424 -0.00020897926988660957 0.0030114804625332049 0.0032467811650353749 0.0027025952192838657 0.045317403538124246 0.013122507893113949 -0.0017209499217801295 -0.0019581483907527195 -0.0062358221766537127
leaf_weight=41311.425373539329 4369.9686937257648 705.68358063697815 33.697839438915253 1405.9590299129486 107.99715343117714 167.49403232336044 5988.1789822429419 35808.226837769151 18.765455946326256 468.42407336086035 5118.091148480773 13464.388922229409 17231.078558772802 372.51351010799408 339.99381425976753 3290.4540113061666 36.807533830404282 9195.4531127661467 86.791605085134506 68.933878034353256 305.91056102514267 12837.345216825604 4244.6538452059031 4952.6001820862293 1930.3384710997343 53.389182806015015 58.301143825054169 14822.813600949943 5100.2587320506573 766.41539714485407
leaf_count=40901 4674 594 7 1343 64 174 6043 35480 37 547 4908 13393 17918 304 384 3394 15 9147 55 99 271 12891 3989 4631 1826 5 43 15333 5300 862
internal_value=8.21864e-06 0.000255761 -0.000262384 -6.68526e-05 0.0103802 0.00680443 -0.00173222 -0.000108502 -0.00059469 -0.00993561 -0.000484392 -0.000790195 -0.00142632 0.000487041 0.00152146 -0.000198379 0.00293764 0.000199317 7.09492e-06 -1.24016e-05 -0.000788745 0.000168321 0.000460296 0.00130779 0.00432165 0.0118056 0.028512 -0.00181393 0.000226973 -0.000548523
internal_weight=184662 96440.3 88222 77863.9 309.189 275.491 10358.1 77554.7 41746.5 487.19 41259.3 35801.2 22336.8 5105.73 5458.08 4733.22 1442.77 95734.6 81586.6 81499.8 30843.4 15951.7 50656.3 14148.1 2347.94 417.601 111.69 14891.7 46411.7 13603.8
internal_count=184632 95947 88685 77968 245 238 10717 77723 42243 584 41659 36367 22974 5056 5292 4752 1358 95353 81575 81520 31330 15898 50190 13778 2145 319 48 15432 46201 13753
is_linear=0
shrinkage=0.05


Tree=179
num_leaves=31
num_cat=0
split_feature=9 5 32 15 21 25 17 25 10 13 19 13 5 21 24 29 26 20 2 3 9 21 2 20 1 5 29 2 9 8
split_gain=4.91978 8.7912 11.4727 8.57949 8.12648 11.1268 10.7496 7.51871 10.7366 7.24332 10.1067 16.6514 9.70061 10.8726 12.6437 10.3539 10.138 9.19275 8.81053 8.26769 7.60962 9.90728 9.23475 7.53688 7.51593 15.206 21.7016 18.058 12.3359 14.2033
threshold=0.73946980123882966 0.35993122193886878 0.80756294729942335 -1.0176135853170301 -0.92472448076520375 -0.77398731135793841 0.040178620697500701 -1.1192805788548033 -0.61166529277946469 0.66979822193304128 -0.94687720809478626 1.2874886774779315 1.0000000180025095e-35 -0.77718490094997505 -0.60907284902861925 -0.36534491632821003 -3.447179681364974 0.94174013754354113 1.810410148753727 -3.0001278068992181 -0.15274385963310347 2.9117863374795019 2.0084646681555847 2.7122881250082007 1.2051627043312976 0.35993122193886878 -3.012356386587963 1.7567555467069653 -0.10026070311122508 -0.047989361714227276
decision_type=2 2 2 2 2 2 2 2 2 2 2 2 2 2 2 2 2 2 2 2 2 2 2 2 2 2 2 2 2 2
left_child=9 2 -2 -3 5 7 -6 -5 -9 18 11 -11 13 -12 15 -15 -16 -18 23 -14 21 -19 -22 -1 -21 26 28 -27 -26 -30
right_child=1 3 -4 4 6 -7 -8 8 -10 10 12 -13 19 14 16 -17 17 20 -20 24 22 -23 -24 -25 25 27 -28 -29 29 -31
leaf_value=-3.8992993142777905e-05 0.00021625636835196765 0.0084484215195381081 -0.0028533490191533679 -0.0016475162187831573 0.0045876233542126018 -0.0065758122532886352 0.00098671291753043427 0.023211065972095657 0.0025669427881408672 -0.0072523461987943436 0.013291603044348919 -0.054190867211734807 0.0069952172877945432 -0.0080911454667462277 -0.020617482677004462 -0.03953577895583768 -0.0057506286216096741 -0.0021473441299866476 0.0078353436080170879 -0.00093467388666261238 -0.00020160161138327022 -0.014700075832094048 0.0097834885292957703 0.026219592992870102 0.027683151281215249 0.0029561647952989515 0.0029442886941589558 -0.011371848636110753 -0.036038550050898351 0.026078828477135448
leaf_weight=112799.03257393278 28662.971004649997 400.70680004358292 3405.6498490571976 1513.1414971500635 2394.7216154932976 757.39080500602722 15406.02651385963 69.058365285396576 715.7455587387085 151.0855113863945 106.24272236227989 21.594982981681824 394.14220803976059 73.160891324281693 76.468315824866295 40.765826046466827 1452.0015648752451 2347.1952804923058 356.93401269614697 9536.7254342660308 1681.2212607562542 168.4696633964777 268.54641550779343 27.333426296710968 165.79401645064354 714.22748377919197 600.35220429301262 317.73525522649288 18.01518052816391 18.811787784099579
leaf_count=112887 28539 333 3600 1563 2175 857 15102 37 679 173 78 45 339 85 108 73 1619 2448 301 9715 1688 218 216 13 74 672 565 390 31 9
internal_value=7.92478e-06 0.000412948 -0.000109732 0.00120148 0.00106224 -0.00132005 0.00147114 0.000412225 0.00438351 -0.000156524 -0.00108372 -0.0131224 -0.000968095 -0.00256618 -0.00284201 -0.0193428 -0.00252838 -0.00229462 -7.81917e-06 -0.000124073 -0.00117085 -0.00298798 0.00117367 -3.26316e-05 -0.000370828 0.00255965 0.00771963 -0.00145535 0.0218687 -0.00430803
internal_weight=184661 53325.4 32068.6 21256.8 20856.1 3055.34 17800.7 2297.95 784.804 131336 18152.6 172.68 17979.9 6214.07 6107.83 113.927 5993.9 5917.43 113183 11765.8 4465.43 2515.66 1949.77 112826 11371.7 1834.94 802.973 1031.96 202.621 36.827
internal_count=184632 52885 32139 20746 20413 3136 17277 2279 716 131747 18546 218 18328 6533 6455 158 6297 6189 113201 11795 4570 2666 1904 112900 11456 1741 679 1062 114 40
is_linear=0
shrinkage=0.05


Tree=180
num_leaves=31
num_cat=0
split_feature=27 16 21 9 20 13 2 31 32 21 13 2 32 21 6 32 22 2 24 6 29 25 21 30 13 32 19 6 30 9
split_gain=4.87394 6.60607 8.53886 8.36196 15.2121 12.8268 8.94943 8.90997 8.84698 8.98859 8.41903 8.09463 8.04442 7.60932 15.0566 12.2467 9.29369 7.55019 8.97903 11.2784 7.4504 8.51597 7.38634 7.20888 7.47986 7.38974 17.2705 12.613 19.4483 10.3161
threshold=-2.4314675912682824 1.3987799891128625 0.9523228567751304 0.47705401862943747 0.87857628581696445 1.8790793318574128 -1.3091099346826403 1.0000000180025095e-35 -0.72454832322156448 -0.65399379920051659 -0.88607552684484159 -0.91146160795674191 -1.0524582487143497 0.53852784473565662 -0.85022056982574912 -0.11762400060558284 1.720753365783106 0.10515310320526758 1.2126973214258379 -0.30569819809544324 1.6530798856498461 2.2999326429657168 0.9523228567751304 0.79234580583054159 1.7304216193153443 -0.34667144738103745 -1.8038355382079032 -1.0009166226798658 -0.2745498841091854 0.73946980123882966
decision_type=2 2 2 2 2 2 2 2 2 2 2 2 2 2 2 2 2 2 2 2 2 2 2 2 2 2 2 2 2 2
left_child=-1 3 -3 5 6 7 -5 11 9 12 -11 -2 -8 23 15 -15 17 18 19 -16 21 -12 -21 24 25 26 29 28 -28 -10
right_child=1 2 -4 4 -6 -7 8 -9 13 10 20 -13 -14 14 16 -17 -18 -19 -20 22 -22 -23 -24 -25 -26 -27 27 -29 -30 -31
leaf_value=0.0017821612542633113 -0.0066766989459962033 -0.0025497024483764419 -5.5948822266567254e-05 0.0055450760096182623 0.0040954097237000655 -0.016227421055023193 -0.0030074795055090517 -0.00015466934811996815 0.04135801880037325 0.022250691537999575 -0.00035490770613825492 -0.035862967995549937 -0.012264643334361357 0.027849346475046607 -0.011468309346168699 0.0045196460112702039 -0.0033997977770204198 0.0010254126290693934 0.00050755533957997853 0.010594525759841846 -0.01220330838976583 0.015802531569427795 0.00096270936758503529 -0.0030723238534742714 -0.0079755221728307329 0.00027738304573340493 0.0036688077736732657 0.0011633502767058733 0.040577957709269641 0.0068075830516840718
leaf_weight=3790.0910726115108 179.96813915669918 5755.5035707354546 8505.4825663268566 821.05640365183353 2883.1539340615273 124.57075715065002 1701.6466522365808 110593.89028117247 46.285683035850525 41.442474186420441 3800.0268213301897 27.36919116973877 272.22512020170689 99.319868981838226 74.835310369729996 129.72634321451187 817.41882561147213 4024.5362029969692 769.81446984410286 935.14925792813301 129.41433849930763 83.339501887559891 252.86878347396851 1571.4405178129673 265.62934520840645 35041.397783264518 108.99784287810326 1720.0197077095509 53.067050814628601 40.5163713991642
leaf_count=3655 204 6049 8515 730 2647 165 1804 110936 8 23 3827 47 339 44 92 118 873 3942 762 737 161 57 248 1668 308 34847 101 1680 10 35
internal_value=7.63679e-06 -2.9548e-05 -0.00106239 5.88584e-05 0.000558811 -0.000192111 0.000365695 -0.000174083 0.000283882 -0.00151711 -0.000169908 -0.0105294 -0.00428417 0.000520144 0.00202479 0.014636 0.00160462 0.00227996 0.00476388 0.00735847 -0.000401459 -8.15882e-06 0.0085444 0.000245003 0.000384851 0.000444855 0.00342546 0.00241978 0.0157545 0.025231
internal_weight=184660 180870 14261 166609 55683.3 110926 52800.2 110801 51979.1 6028.09 4054.22 207.337 1973.87 45951 7103.67 229.046 6874.62 6057.2 2032.67 1262.85 4012.78 3883.37 1188.02 38847.4 37275.9 37010.3 1968.89 1882.08 162.065 86.8021
internal_count=184632 180977 14564 166413 55061 111352 52414 111187 51684 6211 4068 251 2143 45473 6816 162 6654 5781 1839 1077 4045 3884 985 38657 36989 36681 1834 1791 111 43
is_linear=0
shrinkage=0.05


Tree=181
num_leaves=31
num_cat=0
split_feature=9 8 1 1 21 4 3 1 5 2 4 4 16 19 3 20 5 8 26 32 10 16 5 19 23 21 19 26 24 19
split_gain=4.80769 8.95581 13.9126 13.645 10.3602 9.20006 14.7575 10.2992 10.3914 21.5257 49.0356 8.68902 8.47851 7.65816 7.61825 7.38268 7.31056 16.7846 14.8403 14.3229 13.7015 11.7804 10.2019 13.842 13.7008 21.9714 13.5077 12.9963 12.4002 18.5937
threshold=1.1068518968919785 -1.5175277589408536 2.4005633025938402 0.31152728886265096 0.42924111139708826 0.2155382449833057 -0.39650192088494751 -0.96577023576719512 1.0731953774504845 -0.28179162039066274 -0.10082503325137634 0.50327890248641904 0.72674277125656073 -0.099611250775217555 -0.41494308266743601 0.35338888457591361 1.0731953774504845 1.6314830922590604 -0.23241428639997111 0.63638987822095128 -1.2849734704264302 -0.96327399943688841 -1.0000000180025095e-35 1.3023104976107556 1.750116661994902 0.77255603136999473 1.3471822704055307 -0.9362336518995128 1.6270136925359178 0.99097814458395816
decision_type=2 2 2 2 2 2 2 2 2 2 2 2 2 2 2 2 2 2 2 2 2 2 2 2 2 2 2 2 2 2
left_child=16 2 4 5 -2 6 14 -8 -9 10 -10 -7 13 -13 -3 -14 22 20 19 -19 -18 -20 27 24 28 -26 -25 -1 -24 -30
right_child=1 3 -4 -5 -6 11 7 8 9 -11 -12 12 15 -15 -16 -17 17 18 21 -21 -22 -23 23 26 25 -27 -28 -29 29 -31
leaf_value=-0.0059905765041495728 -0.002112080597536935 0.0067059237177963032 0.0070137271790375981 -0.00045239128252918246 0.0012782266102235704 -0.0025344266440216101 0.017082392086293519 0.00027088989865124675 0.0001747917149000869 -0.00020692383655500414 0.04062596018251062 0.0019010005780947959 -0.0017045602550770503 0.0072810327197622747 0.021995814291208053 0.0025872337287619288 0.0021259921390849065 0.0061363741135860867 -0.0086074698365096389 0.028499469153228259 -0.0014502525052683384 0.0048706690864543092 0.00026772971642493091 0.0095578230938394813 0.017741149404958408 -0.0094264514706963402 0.0019788117496394009 -0.00030757063179827256 0.011134858591154775 -0.0039174828710075195
leaf_weight=1023.3864979296923 7126.9463023394346 1649.186356574297 565.29674249887466 8645.7745424211025 3295.2413029074669 1433.3458052277565 109.36396086215973 3173.1917101591825 180.63145792484283 448.14536044001579 128.01311421394348 1863.8641383647919 2186.460913553834 1025.3056852817535 85.701473772525787 1849.7127871513367 2997.4511493742466 192.64253431558609 211.57712563872337 113.95067402720451 25151.480059489608 693.56224444508553 53983.057374129072 667.61984853446484 83.697961002588272 671.41818250715733 4922.8269573450089 59257.482775300741 614.94694399833679 307.87787300348282
leaf_count=1146 7428 1428 486 8724 3211 1506 72 3156 180 450 24 1793 2261 876 48 1754 2870 169 248 49 25881 626 53694 540 54 798 4728 59622 478 332
internal_value=7.35405e-06 0.000546674 -0.000625783 0.00111222 -0.00104015 0.00206936 0.00360423 0.00194766 0.00152649 0.00679118 0.0169523 0.00100907 0.00174247 0.00381026 0.00746123 0.000262299 -0.000113333 -0.000821399 0.00494055 0.014448 -0.00106943 0.00172014 5.77272e-05 0.000512188 0.000273978 -0.00641516 0.00288391 -0.000404051 0.000365974 0.00611301
internal_weight=184659 33766.2 10987.5 22778.7 10422.2 14132.9 5774.23 4039.35 3929.98 756.79 308.645 8358.69 6925.34 2889.17 1734.89 4036.17 150893 29360.7 1211.73 306.593 28148.9 905.139 121532 61251.4 55661 755.116 5590.45 60280.9 54905.9 922.825
internal_count=184632 33397 11125 22272 10639 13548 5358 3882 3810 654 204 8190 6684 2669 1476 4015 151235 29843 1092 218 28751 874 121392 60624 55356 852 5268 60768 54504 810
is_linear=0
shrinkage=0.05


Tree=182
num_leaves=31
num_cat=0
split_feature=37 13 10 25 2 19 19 4 28 4 5 8 4 20 16 17 29 32 2 9 9 1 20 30 29 14 13 15 16 24
split_gain=4.75724 5.08678 9.79384 9.77429 8.6666 9.47425 10.3642 11.8269 7.85231 7.91625 14.8124 19.2443 13.012 7.71431 7.5976 9.31746 7.93094 7.06094 7.04772 6.93449 6.36303 8.6035 9.2505 17.0505 20.0198 9.23223 9.87318 9.31366 9.12875 7.54779
threshold=1.0000000180025095e-35 0.40951280664409978 1.2168458615735598 -1.3127191764051986 0.90248373456594433 0.9343819069778343 1.5479517692623992 0.89367336058719815 2.3739746075184076 0.85028848627155462 0.35993122193886878 0.21442820921909891 0.69106074012131458 1.9862780268978308 -0.22514678145740688 0.8324367878845681 0.48003993269119455 0.99306490674709269 -0.36805427507651184 -1.6747553987675772 1.2118182099357353 -2.4750516848629371 0.14018408690267334 -0.86225833852033251 0.48003993269119455 -0.40595968058930015 1.3633222374093983 1.6446679077217645 1.3188357054830815 0.24915343917787272
decision_type=2 2 2 2 2 2 2 2 2 2 2 2 2 2 2 2 2 2 2 2 2 2 2 2 2 2 2 2 2 2
left_child=1 2 4 18 13 8 7 -7 9 10 -6 -12 -13 -1 15 16 -5 -10 -3 -16 21 -21 25 24 -24 28 -27 -28 -23 -22
right_child=-2 3 -4 14 5 6 -8 -9 17 -11 11 12 -14 -15 19 -17 -18 -19 -20 20 29 22 23 -25 -26 26 27 -29 -30 -31
leaf_value=5.8049529400670369e-05 0.0051889989450053034 -0.036783334413491547 -0.032958512634295556 -0.0067726634896363193 -0.00081985458994950674 0.032773361904599389 -0.0064388283350277145 0.0086286605659184248 -0.006948337660824571 0.001160166539373174 0.0048568585028988349 0.0014458501407409322 0.03340716564666317 0.0082897514349597971 0.0054934219377227866 -0.026693938820822972 0.0035949337892975924 0.015053101909392245 -0.0067915005670011342 0.0030110780656945925 -0.00064810164035817815 0.003191345688959046 0.0042246124599290133 -0.00066060415014545593 0.033316008437931005 -0.0027130232969392711 -0.020431720892689631 0.002689083150350035 0.033675600190397829 0.001294338103941234
leaf_weight=118293.33744795807 441.85578352212906 20.741309523582458 22.300303280353546 618.25529742240906 410.27271974086761 63.85459366440773 81.504172116518021 246.547492146492 406.50879263877869 5397.2338016629219 324.5232717692852 42.220901787281036 129.57400533556938 285.30158585309982 517.90097126364708 46.287882164120674 262.90232908725739 40.060780346393585 352.16537331044674 1488.6487535536289 9308.3449241667986 123.90871050953865 280.718541033566 29449.905408710241 74.922118246555328 4878.3011135309935 150.50036923587322 61.296635180711746 30.628997623920441 10807.778388559818
leaf_count=118156 396 36 37 702 417 22 92 204 463 5272 293 41 43 238 461 71 244 28 400 1399 9429 116 257 29839 25 5143 212 58 10 10528
internal_value=7.12201e-06 -5.30707e-06 0.000173862 -0.0003906 0.000179739 0.00187125 0.00942907 0.0135956 0.00143247 0.00188635 0.00620958 0.0120203 0.0255522 7.78551e-05 -0.00033881 -0.00482802 -0.00367939 -0.00497464 -0.00845967 -0.000265987 -0.000318636 -0.000711804 -0.000869921 -0.000529187 0.0103532 -0.00280634 -0.00317186 -0.0137403 0.00923325 0.000395512
internal_weight=184658 184216 125743 58473.2 125721 7142.3 391.906 310.402 6750.39 6303.82 906.591 496.318 171.795 118579 58100.3 927.446 881.158 446.57 372.907 57172.9 56655 36538.8 35050.2 29805.5 355.641 5244.64 5090.1 211.797 154.538 20116.1
internal_count=184632 184236 125306 58930 125269 6875 318 226 6557 6066 794 377 84 118394 58494 1017 946 491 436 57477 57016 37059 35660 30121 282 5539 5413 270 126 19957
is_linear=0
shrinkage=0.05


Tree=183
num_leaves=31
num_cat=0
split_feature=11 1 12 12 14 9 27 25 28 21 8 16 10 9 13 27 2 4 23 25 18 32 22 25 6 2 15 22 20 28
split_gain=4.68875 12.6665 10.2378 8.25051 7.65591 7.17347 7.98498 6.69109 6.56492 12.4825 7.30189 6.46951 14.0503 6.20186 9.09403 8.31734 7.34938 16.9833 7.3506 9.17669 8.71609 6.76786 11.2108 9.4125 14.1902 9.16278 8.19456 7.16808 6.75976 12.5506
threshold=0.62159298765524162 0.81381387266351157 0.021302770792105498 2.1516249322005261 -0.26529120848928162 -0.99247436398315803 1.9052244311071445 0.37922685790580485 2.7284431364563546 -0.36645134597726653 0.42436226596575982 1.5232400578555254 1.2917642984724738 1.0018855838482217 1.9430085082198307 0.11053100741036041 -0.071474914647085649 -0.08158857074377833 0.17151913484213957 -0.24903744818563903 -0.62313525744355125 0.50016236508375356 0.68481818441528974 -0.36487859286106394 -1.5228002724557077 0.7973281525630509 -0.84175285206181305 -1.2002588414328701 -0.92656141585893459 -1.5009156708356917
decision_type=2 2 2 2 2 2 2 2 2 2 2 2 2 2 2 2 2 2 2 2 2 2 2 2 2 2 2 2 2 2
left_child=2 4 8 -3 5 7 -7 -2 -1 10 -10 13 -13 14 21 -16 17 -15 20 -20 -19 27 23 -23 26 -26 -25 -4 29 -29
right_child=1 3 11 -5 -6 6 -8 -9 9 -11 -12 12 -14 16 15 -17 -18 18 19 -21 -22 22 -24 24 25 -27 -28 28 -30 -31
leaf_value=0.00030260122891435546 0.001984948448498179 -0.00095750760197420206 0.0017732540675011348 0.0032358039027007507 0.0005969037290509228 0.0032823970046245358 0.025113214090213949 -0.0050490298830161637 -0.00013405081193089785 -0.0064041010279808049 0.019774213204758223 -0.013856486749260002 -0.0017769892002882004 0.0016784150208178058 -0.0043745445918314712 -0.053600159924550764 -4.632280195868719e-05 0.027506831458173849 0.0388209783024277 0.010602718522965337 -0.0011570770839675949 -0.0016614411422045867 -0.0043873124349956532 0.034106593512788892 0.0012119477140222117 -0.0060142581413122776 0.0085794094727553796 0.033367798935746859 -0.00022660818224543535 -0.0028835214137826032
leaf_weight=83339.371923089027 980.94240060448647 13101.111719340086 3940.7593505829573 1288.3788218200207 11934.474641814828 5801.8815715610981 42.191064715385437 515.9037329852581 116.68716013431549 827.06751969456673 76.093966364860535 261.52393963932991 3027.4066214561462 2006.3497532904148 19.310506552457809 15.443991661071776 8036.5544849038124 37.789251148700714 58.144624143838882 57.110539734363556 88.941750764846802 12216.07423043251 2705.5942532271147 44.043421238660812 4184.4261128753424 490.05379976332188 109.84874832630157 24.04973241686821 26010.117890045047 3299.7046236544847
leaf_count=82835 942 13352 3801 1205 11792 5421 21 568 117 933 46 334 3135 1939 21 32 8044 17 13 45 91 12622 2943 14 4083 549 91 8 26128 3490
internal_value=6.86465e-06 0.00054045 -0.000112102 -0.000582055 0.00137842 0.00264898 0.00344 -0.000439386 0.000253808 -0.00373346 0.00772408 -0.000575353 -0.00273751 -0.00046309 -0.000680909 -0.0262491 0.000660631 0.0031876 0.0157005 0.0248384 0.00739006 -0.000664151 -0.00139736 -0.000922745 0.0009462 0.000454381 0.0158852 -0.000228956 -0.000497936 -0.00262122
internal_weight=184657 33664.9 150992 14389.5 19275.4 7340.92 5844.07 1496.85 84359.2 1019.85 192.781 66633.2 3288.93 63344.3 53059.4 34.7545 10284.9 2248.34 241.986 115.255 126.731 53024.7 19750 17044.4 4828.37 4674.48 153.892 33274.6 29333.9 3323.75
internal_count=184632 33301 151331 14557 18744 6952 5442 1510 83931 1096 163 67400 3469 63931 53782 53 10149 2105 166 58 108 53729 20302 17359 4737 4632 105 33427 29626 3498
is_linear=0
shrinkage=0.05


Tree=184
num_leaves=31
num_cat=0
split_feature=20 26 29 10 25 23 21 24 19 14 23 28 21 26 28 13 21 26 30 14 17 25 23 3 25 28 15 23 9 20
split_gain=4.46175 12.3586 12.6654 13.5926 10.1453 10.5087 8.37393 16.9682 25.0829 21.5663 13.1807 12.9128 12.7213 18.4374 12.9334 12.9266 11.7023 10.7736 11.6322 10.4274 10.136 9.61641 9.58668 9.44199 9.39876 15.6231 9.70952 16.0114 11.453 11.2274
threshold=-0.43161789303907983 0.75359949484479094 0.74306771300676644 -1.8210481331646782 -1.6604035172199014 0.20071591091324323 -0.41344860885209905 -1.2614821103661398 -0.85183885787171088 -1.2844476287472253 -1.0515608321853156 2.7284431364563546 -0.41989565060306738 0.46325480810641245 2.7284431364563546 1.4452875107474226 -0.37910326421652246 0.61006452848945758 0.71333192390538247 -0.72736485240885052 0.20259617392308865 -0.54746243476202672 0.22925342173043636 -0.20951596445432652 -0.26690580410166181 -0.32396657030262194 -0.49477514859117772 0.57167695968594801 0.37208770558568066 0.07975270171703748
decision_type=2 2 2 2 2 2 2 2 2 2 2 2 2 2 2 2 2 2 2 2 2 2 2 2 2 2 2 2 2 2
left_child=1 2 -1 4 -4 -6 12 8 -8 10 -10 16 14 -14 15 17 21 22 23 -16 -11 -9 -2 -19 -18 26 29 28 -28 -26
right_child=6 -3 3 -5 5 -7 7 11 9 20 -12 -13 13 -15 19 -17 24 18 -20 -21 -22 -23 -24 -25 25 -27 27 -29 -30 -31
leaf_value=-0.00043100235729680585 0.0010919282223010114 -0.0057920373030386522 0.039401554297109669 0.0020135762678669062 -0.015955927252082294 0.030497102725603888 0.031454332308101983 0.00084820333923133558 0.0082148963069259128 -0.0067178962948594243 0.042584514957412528 -0.0045159311187225075 0.0052263974752307617 0.034359247142954047 0.029101368326149471 -0.0077364674264724809 -0.00094528131234932692 0.021470068285431961 0.00062338746907135824 0.0064177887605815333 0.01734743315553328 -0.0090409692757022521 -0.0019095616853722947 0.0068529271168192227 0.004888757020667365 0.0012260747106633645 -0.0046031638165597265 -0.00010534890401876697 -0.0001175096411885144 8.7975330222589776e-05
leaf_weight=58559.216802801937 17745.537049338222 1019.8587957024574 42.459056317806244 3988.6281358897686 25.774787336587906 23.073494553565979 99.753755539655685 397.74741360545158 68.206124752759933 274.1639062166214 47.198529303073883 1604.1182489544153 360.70360836386681 63.935540914535522 62.205030143260956 441.66193641722202 18496.315570935607 148.96635782718658 585.29734034836292 273.047183573246 52.063287802040577 643.62087008357048 3129.481252476573 427.60722160339355 1862.0635241568089 28930.417055994272 3727.8059674203396 35733.709852263331 2301.5908145904541 3520.1938055455685
leaf_count=59064 17358 1138 9 3828 34 9 37 391 57 311 7 1749 323 20 26 510 18846 85 578 238 34 760 3249 369 1680 28221 4071 35809 2307 3514
internal_value=6.61291e-06 -0.00033223 -0.000243336 0.00245023 0.0215247 0.00598617 0.000184885 -1.79172e-05 0.0088094 0.00369446 0.0222715 -6.70747e-05 0.00103803 0.00961277 0.000878423 0.000733035 7.56425e-06 0.00090278 0.00558887 0.0106267 -0.00287726 -0.00526383 0.000641959 0.0106295 6.56095e-05 0.000311388 -0.000249904 -0.000507497 -0.00289086 0.00174887
internal_weight=184656 63659 62639.2 4079.94 91.3073 48.8483 120997 97759 541.386 441.632 115.405 97217.6 23238.4 424.639 22813.8 22478.6 95613.5 22036.9 1161.87 335.252 326.227 1041.37 20875 576.574 94572.1 76075.8 47145.4 41763.1 6029.4 5382.26
internal_count=184632 64082 62944 3880 52 43 120550 97794 446 409 64 97348 22756 343 22413 22149 95599 21639 1032 264 345 1151 20607 454 94448 75602 47381 42187 6378 5194
is_linear=0
shrinkage=0.05


Tree=185
num_leaves=31
num_cat=0
split_feature=27 22 6 24 11 29 14 12 20 32 19 10 1 29 8 6 13 26 21 21 32 19 19 25 28 24 22 1 15 14
split_gain=4.40858 7.79909 8.2636 7.7391 9.21519 8.37092 6.37478 9.58931 7.45605 7.97333 9.15651 7.57169 7.4521 9.46275 9.38473 8.92849 7.99303 8.17227 11.0701 17.6524 8.28606 7.75621 7.4458 6.91818 6.37346 14.5598 9.63804 9.92378 9.85401 9.29535
threshold=1.0915075186117129 -0.89284838510489895 -1.3720384852646472 0.34317728814125653 0.24029686326282429 -1.0351167071203073 -1.2244721136150312 0.504316234050182 -1.8385492631823444 0.79273014529748398 -1.6802382595468452 -1.7642549255877944 -0.17511266939463019 -0.10969566550087066 1.0541644362057427 -1.2803966084129612 -2.1240914533312205 -0.43556627656597247 -1.3936866241890717 -1.433976073292204 0.37785458095541796 -1.3289021754011183 -1.6322047537363742 -1.8736075624143675 0.30120826780346449 0.47091507416533746 -1.2002588414328701 -0.51062329339421308 -0.9889392314209583 -0.47547442446211424
decision_type=2 2 2 2 2 2 2 2 2 2 2 2 2 2 2 2 2 2 2 2 2 2 2 2 2 2 2 2 2 2
left_child=6 3 -3 -2 -5 -6 7 12 9 -8 11 -11 13 -1 -14 -16 -17 -18 19 -19 -21 -20 -12 -23 26 29 27 -10 -29 -26
right_child=1 2 -4 4 5 -7 8 -9 24 10 22 -13 14 -15 15 16 17 18 21 20 -22 23 -24 -25 25 -27 -28 28 -30 -31
leaf_value=0.0082313645142473996 -0.0002809849567336821 -0.0122304198090265 -0.0015301021316761268 0.00045898644412601075 -0.0031067820559045455 0.012004096734858798 -0.0014757371204473433 0.0041789564156471514 0.0057513470718735553 0.011881522683997076 0.025208756090055708 -0.020956902749576563 0.0011780744131961625 0.00097987668004531842 -0.0065859651413638313 -0.0094925236123781075 -0.021617917673169833 0.0010475096341543951 -0.010440428299889625 0.0043319103778518431 0.030330468273414027 0.017106936554727833 -0.0053455405348148419 -0.00063103998979531441 0.0014542142210842001 0.0025995043516489247 -0.00030569773565391876 0.0046351557219913688 -0.00065879325288144557 -0.00031859040227415192
leaf_weight=666.7682491093874 11200.05903750658 183.99361662566662 9323.6764525696635 872.00476902723312 116.74591733515263 426.36175495386124 2184.5243244171143 2127.8432887792587 1244.1056695282459 19.675497353076935 22.185252666473389 162.77486132085323 7064.4489315748215 1383.1054559499025 791.71575337648392 240.36633716523647 43.285257339477539 338.0829017162323 201.02438603341579 44.889112114906311 96.596098005771637 56.242860794067383 196.94450338184834 2428.3522519171238 10014.25751028955 7176.0852949768305 93195.208721179515 1187.0425400733948 3387.3684903234243 28259.933128118515
leaf_count=557 11263 229 9609 864 124 324 2249 1950 1101 15 11 231 6898 1356 896 286 62 331 243 41 38 37 218 2459 9723 6803 93765 1077 3432 28440
internal_value=6.40875e-06 -0.000655789 -0.00173718 0.000159219 0.00364326 0.00875588 9.65426e-05 0.00106157 -5.06433e-06 -0.00266609 -0.00914137 -0.0174156 0.000564878 0.00333859 6.19367e-05 -0.00179747 -0.000698217 -3.93821e-05 0.000255713 0.0072532 0.0220819 -0.000993821 -0.00225215 -0.000229512 4.25716e-05 0.000532754 -0.000182437 0.00179184 0.000714967 0.000145255
internal_weight=184656 22122.8 9507.67 12615.2 1415.11 543.108 162533 15482.7 147050 2586.1 401.58 182.45 13354.9 2049.87 11305 4240.55 3448.84 3208.47 3165.19 479.568 141.485 2685.62 219.13 2484.6 144464 45450.3 99013.7 5818.52 4574.41 38274.2
internal_count=184632 22413 9838 12575 1312 448 162219 15154 147065 2724 475 246 13204 1913 11291 4393 3497 3211 3149 410 79 2739 229 2496 144341 44966 99375 5610 4509 38163
is_linear=0
shrinkage=0.05


Tree=186
num_leaves=31
num_cat=0
split_feature=9 20 8 1 1 21 4 3 1 5 2 4 19 16 20 4 20 7 18 24 1 8 3 11 15 20 13 12 27 2
split_gain=4.48343 8.53935 7.92213 12.0811 9.82969 8.80133 8.74492 13.387 9.49328 9.33185 19.5617 46.5254 8.10021 7.78033 10.5721 7.90451 7.46367 7.133 9.86947 8.13853 7.66355 11.1576 6.8089 6.72696 10.1065 13.847 18.6243 13.2709 8.64032 8.58715
threshold=1.1068518968919785 2.7122881250082007 -1.5175277589408536 0.31152728886265096 2.4005633025938402 -0.20817830402331872 0.2155382449833057 -0.39650192088494751 -0.96577023576719512 1.0731953774504845 -0.28179162039066274 -0.10082503325137634 0.21381207781086511 1.1787165341610872 0.25973803128186701 0.50327890248641904 0.41360963032927756 2.0027978289356003 0.4532407248641756 -0.37033378237016962 -3.0681152969860075 -0.10047287590089249 -0.41494308266743601 0.83346634217492344 -0.28400003375673344 0.07975270171703748 1.4452875107474226 -1.2297902963130993 -1.3086635733698797 0.94764334450090049
decision_type=2 2 2 2 2 2 2 2 2 2 2 2 2 2 2 2 2 2 2 2 2 2 2 2 2 2 2 2 2 2
left_child=17 2 4 6 5 -2 7 22 -9 -10 11 -11 -6 14 15 -8 -15 20 19 -19 21 -1 -4 24 27 26 -26 -22 -25 -29
right_child=1 -3 3 -5 12 -7 13 8 9 10 -12 -13 -14 16 -16 -17 -18 18 -20 -21 23 -23 -24 28 25 -27 -28 29 -30 -31
leaf_value=0.0094181655132973118 -0.0025424582409470662 0.014763542703785089 0.0064026473417904397 -0.00045812164055460065 0.013190026015217397 0.00037212568288507374 -0.0025736067115219954 0.016503375241320829 0.00025442521371189997 0.00017216498076199274 -0.00017492879439799127 0.040152674177887038 0.00077548560070283927 -0.0045585087480261707 0.0091910344484448635 0.0023017921585533185 0.00078602873170224212 -0.046821214653088555 -0.0019697731304068834 -0.010827453904933608 0.0047119670117707069 -0.0028310266552276225 0.021082394142772343 0.0032685049218858331 -0.0017575561977802784 -0.00019691542703314819 -0.027981631428810917 2.3839436785922857e-05 0.00029878716168372241 0.0047004273225721956
leaf_weight=496.52757835388184 4771.3793442547321 105.00488236546516 1637.7141197174788 8612.0922801941633 225.48236593604088 5666.1705507785082 1046.1523077338934 107.47351521253586 3172.1414577811956 180.621935069561 448.43113017082214 121.86049509048462 314.88375690579414 1069.4940405488014 463.13352435827255 4049.4183884263039 1678.3851798921824 17.558135405182838 2079.0931624770164 148.78150290250778 1587.6158727258444 297.17385840415955 82.994422346353531 3083.5735032558441 17695.966876193881 42733.701499842107 67.964723348617554 69791.275700844824 11907.154091194272 995.59437991678715
leaf_count=403 5014 74 1428 8691 166 5624 1100 72 3156 180 450 24 310 1167 378 3863 1652 34 2161 181 1438 314 48 2882 18318 42902 106 69758 11836 902
internal_value=6.17763e-06 0.000527117 0.000482689 0.00101657 -0.000619808 -0.000960235 0.00192 0.00341872 0.00184254 0.00144091 0.00645304 0.016279 0.00595579 0.000882333 0.00195823 0.00130084 -0.0012941 -0.000110343 -0.00290739 -0.0146268 -6.80938e-05 0.00483188 0.00711069 -9.4396e-05 -0.000207674 -0.000684628 -0.00185789 0.000191011 0.000909654 8.96141e-05
internal_weight=184655 33752.8 33647.8 22669.9 10977.9 10437.5 14057.8 5751.24 4030.53 3923.06 750.914 302.482 540.366 8306.58 5558.7 5095.57 2747.88 150902 2245.43 166.34 148657 793.701 1720.71 147863 132872 60497.6 17763.9 72374.5 14990.7 70786.9
internal_count=184632 33397 33323 22209 11114 10638 13518 5358 3882 3810 654 204 476 8160 5341 4963 2819 151235 2376 215 148859 717 1476 148142 133424 61326 18424 72098 14718 70660
is_linear=0
shrinkage=0.05


Tree=187
num_leaves=31
num_cat=0
split_feature=29 30 16 28 20 30 25 10 20 24 1 28 12 20 15 24 26 32 24 26 23 7 32 25 32 29 24 3 9 29
split_gain=4.36469 9.44833 8.8769 8.65977 13.137 8.03031 8.0283 11.9959 12.2856 7.66431 6.95084 6.02876 12.5034 11.0778 10.9985 9.15291 8.55498 8.14068 7.63952 7.24809 8.25223 11.565 9.75178 12.1832 11.0038 14.6362 9.25567 9.06018 8.57044 14.4831
threshold=1.5462252100105569 2.0323130246474004 0.17128353942468924 -1.3645190661148141 1.4869329112117013 1.1770126909994543 1.5274943267577308 -0.17088066301723007 0.77327573578166975 1.4050265380339686 -0.45560090778234247 -1.0021477366242562 -0.87393625337536551 2.2310911147635006 -1.0941727434023725 1.0462924593410106 2.2714896516398952 0.95803495855330556 1.8190927332180611 -0.020921740732968579 -0.38799938868193501 0.046455682772709256 -1.4239037046026568 0.27211721869864119 -0.88115556773985482 -0.41790476500596668 0.34317728814125653 1.3813332359800585 -0.25771017267686025 -0.13820694156897137
decision_type=2 2 2 2 2 2 2 2 2 2 2 2 2 2 2 2 2 2 2 2 2 2 2 2 2 2 2 2 2 2
left_child=11 2 5 4 -3 9 7 8 -7 -2 -9 12 -1 14 -14 -15 17 -16 -18 -13 21 22 23 -21 25 -24 27 -26 -22 -30
right_child=1 3 -4 -5 -6 6 -8 10 -10 -11 -12 19 13 15 16 -17 18 -19 -20 20 28 -23 24 -25 26 -27 -28 -29 29 -31
leaf_value=0.0019204112952088768 0.0011840033429057213 -0.0057532419686291318 -0.00026247690120300668 0.0037018414491718542 0.026980917106106752 0.033521157440048382 0.0013876269924203066 0.024748047476646804 0.00035843941429000324 -0.01646052707778586 0.0047202172088607001 -0.00018348146561792322 0.0026190524146262675 0.029832259317592202 -0.0012401253197442223 0.0047629561309123943 -0.01390302863989111 -0.0053960365932531461 -0.0011411526795035887 0.031472809216849279 -0.00028530802999930655 0.014718311583009836 0.036950768093619822 -0.0071002772267342073 0.0015872209464674809 0.0072118046253859466 0.025691196390275374 0.033940342972154709 0.0024634172569381677 -2.1063291128144132e-05
leaf_weight=3721.9536378830671 676.00791198015213 43.046823889017105 6269.0901759564877 460.06149412691593 106.43343302607536 91.025812357664108 492.67292422056198 47.521077752113342 40.288822144269943 67.709363698959351 490.28503715991974 97415.521155217662 1614.5730274319649 42.146516621112823 18176.18505834043 267.47990068793297 266.8105156570673 1260.0179395228624 209.2248497903347 21.589888721704483 24897.928419873118 191.31737387180328 49.811360061168671 394.91927349567413 3054.9785169810057 244.22623798251152 41.137360036373138 21.793743491172791 10232.119599804282 13746.209190070629
leaf_count=3579 660 48 6302 426 49 30 479 24 40 90 444 97773 1530 17 18627 242 341 1396 214 8 25040 135 13 451 2958 209 20 7 9728 13752
internal_value=5.98049e-06 0.00109369 0.00064591 0.00709892 0.0175542 0.00363448 0.00623147 0.00979799 0.0233465 -0.000422387 0.0064899 -4.83472e-05 -0.00075828 -0.00121486 -0.00134992 0.0081754 -0.00167174 -0.00150955 -0.00829399 7.23671e-05 0.000543548 0.00272122 0.0021217 -0.00510083 0.00300338 0.0122497 0.00213139 0.00181639 0.000364448 0.00103912
internal_weight=184654 8784.14 8174.6 609.542 149.48 1905.51 1161.79 669.121 131.315 743.717 537.806 175870 25558.4 21836.4 21526.8 309.626 19912.2 19436.2 476.035 150312 52896 4019.77 3828.46 416.509 3411.95 294.038 3117.91 3076.77 48876.3 23978.3
internal_count=184632 8592 8069 523 97 1767 1017 538 70 750 468 176040 25946 22367 22108 259 20578 20023 555 150094 52321 3801 3666 459 3207 222 2985 2965 48520 23480
is_linear=0
shrinkage=0.05


Tree=188
num_leaves=31
num_cat=0
split_feature=37 14 18 10 9 4 28 3 22 29 10 29 1 3 14 24 13 9 28 24 26 1 3 22 29 29 25 23 4 20
split_gain=4.30406 4.68399 14.8504 8.16385 7.83744 8.76535 11.1946 11.473 9.81802 12.9105 8.78205 8.62532 8.53039 9.32856 7.77957 7.7464 9.77592 7.84923 10.8825 12.1453 8.41466 11.9821 19.5254 15.9507 11.5036 10.7491 7.77511 7.7227 9.54386 12.3169
threshold=1.0000000180025095e-35 0.029167397211343562 1.0952199738588004 1.3173136538524561 -0.15274385963310347 0.44698592768753465 1.0698067462586416 0.89078468692934221 0.34157716475758626 -1.1590890110177476 -0.93066023478392867 1.1930090237992623 0.31152728886265096 0.71322452889704235 -1.1512074991659189 -1.0278364490529832 2.1532177089730804 1.2118182099357353 2.7284431364563546 -0.98526346360276251 0.30303768327668462 1.3688024695589422 1.4331478902930372 -0.34659660065175052 -1.7470616608607206 -4.3271377947710503 -0.40242456595437598 -0.028488133291847056 -0.89522792863456069 -0.078372750853207565
decision_type=2 2 2 2 2 2 2 2 2 2 2 2 2 2 2 2 2 2 2 2 2 2 2 2 2 2 2 2 2 2
left_child=1 2 3 4 12 6 7 14 11 -10 -7 -8 13 -1 -6 16 26 18 20 -20 -17 -22 23 -23 -24 -25 -3 -14 -29 -30
right_child=-2 15 -4 -5 5 10 8 -9 9 -11 -12 -13 27 -15 -16 17 -18 -19 19 -21 21 22 24 25 -26 -27 -28 28 29 -31
leaf_value=0.00016072282073230175 0.0049479343706936019 -0.00147197343285356 0.007312528493863016 -0.031588946526261999 0.0021657923311535375 0.014072393540656007 0.0029501397812382747 -0.0038673882511129362 0.040486371960663473 0.0076481490935799007 0.0021114899632207217 -0.0069390355235092981 -0.00034822501174794324 0.026945638023319802 -7.1694787178624417e-05 -0.00094691616532511201 -0.029668809661428937 0.00066945029297983411 0.028979396678932484 -0.0072875536863306395 4.3449034844066499e-05 0.033018702347123292 -0.0098217181247496066 0.032585801061375951 0.0043306384485502893 0.0045077897981841194 -0.0095526466716945868 0.00043490547676851418 -0.010789076009538254 -0.0028625342899456516
leaf_weight=42280.910144418478 439.49150115251541 4999.8083003461361 734.40751698613167 20.223327845335007 4678.6601239778101 157.26068508625031 3495.22823792696 1749.6671543121338 36.789330005645752 160.55968910455704 6357.4748892188072 235.33942672610283 10027.165799863636 32.531804025173187 22897.167852425948 30338.440799705684 32.007507085800171 21283.971210464835 23.786186665296555 782.89256797730923 26758.252411469817 91.276888161897659 190.56624129414558 40.197083592414856 582.44738155603409 224.21421048045158 316.5266537964344 1736.1007928103209 573.29379388689995 3376.6826031208038
leaf_count=42145 396 5147 627 33 4476 113 3289 1885 7 136 6089 268 10097 15 22930 30913 51 20999 10 897 26735 31 228 14 532 204 377 1721 697 3570
internal_value=5.77897e-06 -6.01187e-06 0.000229054 0.000175871 0.000182439 0.000723126 0.000394564 5.88142e-05 0.00290124 0.0137698 0.00240022 0.00232629 -0.000188116 0.000181316 0.000307929 -0.000276435 -0.00211895 -0.00015374 -0.00045054 -0.00621817 -0.000370633 0.00025631 0.00530263 0.0149974 0.000841746 0.00877634 -0.00195308 -0.00118294 -0.00265493 -0.00401298
internal_weight=184653 184214 98549.5 97815.1 97794.8 39768.1 33253.4 29325.5 3927.92 197.349 6514.74 3730.57 58026.7 42313.4 27575.8 85664.4 5348.34 80316 59032.1 806.679 58225.4 27887 1128.7 355.688 773.014 264.411 5316.33 15713.2 5686.08 3949.98
internal_count=184632 184236 98098 97471 97438 39193 32991 29291 3700 143 6202 3557 58245 42160 27406 86138 5575 80563 59564 907 58657 27744 1009 249 760 218 5524 16085 5988 4267
is_linear=0
shrinkage=0.05


Tree=189
num_leaves=31
num_cat=0
split_feature=4 29 1 21 19 13 6 26 23 8 26 24 8 20 9 23 20 25 10 25 25 21 19 32 20 23 28 20 4 5
split_gain=4.31861 8.61972 7.85966 7.33144 7.13099 6.95085 14.9868 7.57675 12.1896 7.24998 8.79856 7.04003 6.61873 5.96921 5.77913 12.0212 5.7463 5.63448 11.046 6.7767 9.37566 8.27031 10.1124 9.88319 12.2778 10.3735 7.12675 7.3688 6.17694 5.943
threshold=-1.6057630796391396 -0.50327482200779394 0.72936766953780696 -1.983083711852899 -2.30556567616649 0.57915699831973433 0.95616266406251926 0.9046244098354157 1.3704226979037937 1.2116149787657384 1.4451303155978639 -1.496436436349226 1.5265160638857298 -0.31082811375107061 -0.7825417378956443 0.096644305320924315 0.97477987710385106 0.71886251658215061 -1.7642549255877944 -0.34133585040299746 -0.27472882187927555 -0.81498480336961909 -0.91120285928496481 0.49481057176233134 -0.79941182540972966 -1.2187612325570245 0.0086440078805935881 -0.98280071370736544 -1.9201768900089178 1.0731953774504845
decision_type=2 2 2 2 2 2 2 2 2 2 2 2 2 2 2 2 2 2 2 2 2 2 2 2 2 2 2 2 2 2
left_child=1 14 3 -3 -5 7 -7 11 9 10 -9 -6 -10 -11 -1 -16 -15 19 -19 21 -21 -13 23 24 -23 -26 27 -25 -20 -22
right_child=-2 2 -4 4 5 6 -8 8 12 13 -12 17 -14 16 15 -17 -18 18 28 20 29 22 -24 26 25 -27 -28 -29 -30 -31
leaf_value=-0.0047216577184838078 5.6618984177831509e-05 -0.0099571942137542599 0.026735520800910507 -0.024046468947822929 0.0050187004336982415 -0.027965277444596016 -0.0014424332596565176 0.00038848441368336721 -0.007306163638469085 0.033651531629776625 0.028619787166174651 -0.0035205961580121806 0.012638911614496616 0.0046435747075533875 -0.044199715990323532 -0.0066027229341753049 0.019857432397169063 0.025256677366599978 0.0076712516444804313 -0.016750601256941802 -0.0019809746118294477 0.040353504008019569 -0.00023454453608908046 0.021260861871373448 0.028572755844913492 -0.0049023421175494776 -0.012623196996678909 0.00061778179836592716 -0.0036424975126226884 -0.0098103600602392239
leaf_weight=191.88015159964561 176780.18227499723 217.65528199076653 25.790389716625214 32.41207891702652 467.97225046157837 71.826846316456795 206.05557185411453 299.32566760480404 260.00693508982658 33.642295718193054 30.401943445205688 1301.3681653439999 49.516758978366852 143.30935399234295 32.908804178237915 60.067781865596771 109.47972589731216 52.539426505565643 209.07776284217834 138.57553118467331 1495.7395581454039 46.649061918258667 1473.0898972451687 64.372146129608154 39.669123858213425 55.553185507655144 57.486685007810593 131.62632712721825 285.22161900997162 289.24754813313484
leaf_count=210 176580 261 12 48 421 112 212 297 298 11 13 1393 37 130 62 68 66 26 177 185 1555 9 1480 37 17 61 72 130 306 346
internal_value=5.59162e-06 -0.00114025 -0.000819684 -0.000913664 -0.000645645 -0.000541913 -0.00829804 -0.000235496 0.00397991 0.00804654 0.0029915 -0.000874332 -0.0041154 0.0138657 -0.00967912 -0.0199101 0.0112325 -0.00136328 0.00345978 -0.0018811 -0.00422231 -0.000460365 0.00167108 0.00877139 0.0193384 0.00904321 0.0028572 0.00739763 0.00114297 -0.00324968
internal_weight=184653 7872.47 7587.61 7561.82 7344.17 7311.75 277.882 7033.87 925.683 616.159 329.728 6108.19 309.524 286.431 284.857 92.9766 252.789 5640.22 546.839 5093.38 1923.56 3169.81 1868.45 395.357 141.871 95.2223 253.485 195.998 494.299 1784.99
internal_count=184632 8052 7712 7700 7439 7391 324 7067 852 517 310 6215 335 207 340 130 196 5794 509 5285 2086 3199 1806 326 87 78 239 167 483 1901
is_linear=0
shrinkage=0.05


Tree=190
num_leaves=31
num_cat=0
split_feature=20 28 28 4 23 21 13 21 19 29 29 23 21 30 26 6 6 21 35 28 10 25 9 20 15 9 25 4 2 19
split_gain=4.26494 15.1417 8.17607 11.8429 10.7403 7.69128 7.96442 7.34892 17.2009 16.0799 15.0724 12.899 11.6157 28.3493 33.0238 32.3078 16.617 10.5994 11.5658 11.4431 10.7363 11.4627 13.7745 10.5106 12.2003 10.4751 10.4269 10.4217 10.39 10.2287
threshold=-0.99717195504908018 -1.7669317065419203 -0.60558506659434264 -2.234318619315244 0.20071591091324323 -0.43128159983596087 -0.46312434921965129 -0.21599095321899128 -0.22737062842086045 0.86286204798791266 0.56004224088893451 0.9519240312279631 -0.2773433123692528 -0.3906144393228338 -0.058491536473267318 -0.99007501122490327 -1.6974725046910601 -0.19914310495438606 1.0000000180025095e-35 -0.17176353108820838 -1.34834149527189 1.5699723512366603 -0.10026070311122508 0.13025282467618385 -1.0032001597273965 -0.31019332919873871 -0.18809424580272166 0.76770731614441046 -0.41213646364752426 -0.21340346691850606
decision_type=2 2 2 2 2 2 2 2 2 2 2 2 2 2 2 2 2 2 2 2 2 2 2 2 2 2 2 2 2 2
left_child=1 -1 3 4 -3 6 -5 9 10 11 17 12 -2 14 16 -16 -14 19 20 -9 -19 -22 -23 25 28 27 -18 -15 -25 -10
right_child=7 2 -4 5 -6 -7 -8 8 29 -11 -12 -13 13 23 15 -17 26 18 -20 -21 21 22 -24 24 -26 -27 -28 -29 -30 -31
leaf_value=0.033305759534474809 8.3162328969626131e-05 -0.00054415727303302281 -0.0003463054737000103 -0.0036557905698982999 0.038734523167934319 0.0011353865091627325 -0.011344645739491732 -0.023960426630171575 0.0068833516822216032 0.0035154753043429698 -0.0058991984957607324 0.014795071101894739 0.031349546187583843 -0.0081253143917314977 0.039163548604948112 0.0042099139883153766 0.0017305978022305547 0.0088501846437427263 0.022263189515130545 -0.0037722123910629186 -0.0015049843780533473 0.024477068758041311 -0.014819001873694124 -0.00022342248817387923 0.0013958511378119173 -0.00071766820125351675 0.014687692338231915 -0.038616694280551596 0.03326307101522942 2.651635488872748e-05
leaf_weight=32.945493251085281 51973.444654718041 39.569360733032227 24986.937727194279 1278.519974052906 31.068372428417206 543.3379739522934 457.25261986255646 100.72954329848289 547.35237897932529 4222.9107691496611 2062.6413816064596 153.38761377334595 56.298898339271545 349.24542319774628 152.26387405395508 116.83751726150513 1083.5021300464869 270.96111732721329 54.079758048057556 231.53222516179085 7776.9172185957432 86.19699627161026 30.083770871162415 37.830954104661942 692.32772967219353 930.64215222001076 181.23992493748665 30.468299686908722 59.748118966817856 86081.651430755854
leaf_count=11 51887 40 25160 1372 7 531 561 149 472 3926 2306 108 21 406 33 107 1046 223 30 249 8011 44 39 38 673 944 128 54 20 86036
internal_value=5.3954e-06 -0.000570648 -0.000611475 -0.00343125 0.0167317 -0.00405618 -0.00568126 0.000105636 -0.00016292 0.000540595 -0.00206281 0.000315527 0.000275627 0.00298619 0.00802263 0.0239875 0.00477052 -0.00113736 -0.000783386 -0.00989254 -0.000936048 -0.00127199 0.0143105 -0.000826976 0.00372872 -0.00357323 0.00358737 -0.0105719 0.0202805 6.98402e-05
internal_weight=184652 27369.6 27336.7 2349.75 70.6377 2279.11 1735.77 157282 97242.1 60040.1 10613.1 55817.2 55663.8 3690.41 1590.14 269.101 1321.04 8550.5 8218.24 332.262 8164.16 7893.2 116.281 2100.26 789.907 1310.36 1264.74 379.714 97.5791 86629
internal_count=184632 27682 27671 2511 47 2464 1933 156950 97559 59391 11051 55465 55357 3470 1335 140 1195 8745 8347 398 8317 8094 83 2135 731 1404 1174 460 58 86508
is_linear=0
shrinkage=0.05


Tree=191
num_leaves=31
num_cat=0
split_feature=9 5 32 15 20 21 16 4 7 4 2 28 8 5 19 29 13 19 20 8 25 8 29 22 19 29 19 25 2 3
split_gain=4.31356 7.71776 10.1765 7.26424 8.74125 8.11076 7.09532 6.2858 6.27199 9.0337 15.5287 20.7963 16.3707 17.7299 14.559 13.191 9.42019 13.2011 9.70648 9.39921 8.75574 15.7148 12.0192 11.1222 12.6273 10.8863 8.55579 8.31478 8.21219 7.81775
threshold=0.73946980123882966 0.35993122193886878 0.80756294729942335 1.0000000180025095e-35 -1.1071965579980656 -0.26180865484761184 -1.1718503152113144 -0.022722483307024723 0.44485652351556443 0.2155382449833057 0.074045054617255746 0.38737323655781947 1.2116149787657384 -1.0665970890843621 0.73089909662664454 1.1079021302948078 -0.68538289986370338 -2.0057705471375402 -0.42221572553107906 0.21442820921909891 -0.58939931041843774 1.0016809220190774 1.170939467349841 -0.54982842729695969 -0.21893911296582114 -0.48030321140426696 0.36080121180960439 -0.049360923092407673 0.38442721798150392 0.24483852896410754
decision_type=2 2 2 2 2 2 2 2 2 2 2 2 2 2 2 2 2 2 2 2 2 2 2 2 2 2 2 2 2 2
left_child=8 2 -2 4 6 -5 7 -3 9 10 29 19 15 -14 -15 -13 20 -18 -19 -12 -11 23 27 26 -25 -26 -22 -23 -16 -1
right_child=1 3 -4 5 -6 -7 -8 -9 -10 16 11 12 13 14 28 -17 17 18 -20 -21 21 22 -24 24 25 -27 -28 -29 -30 -31
leaf_value=0.00023460154883557472 0.00020273814423383036 0.004582518843452019 -0.0026841644616551578 -0.00092400821326786586 0.0053300493162140748 0.0014161545357107726 -4.4496732286644499e-05 0.024149213727915751 -0.0009154925825418771 0.0015446074404361233 -0.0039569660123204373 -0.00065792802532637946 0.027797242872586239 -0.0040721184367366638 0.004738518888944547 -0.01513287148116374 -0.020990298849099823 -0.0021197280263628711 0.00081390063228317937 -0.010702341501747589 0.0074077892857552716 0.002081337554113773 0.034587339898803936 0.0069102175686274669 0.0064460345206994191 0.032585248621432819 -0.020641210210370416 -0.013875003179543589 0.033196790581119011 -0.00089613766261619019
leaf_weight=51744.788147412241 28655.1900049299 169.53824391961098 3416.5864058434963 5495.4433030337095 2040.5216188877821 11349.451539799571 2114.1185728013515 54.156959563493729 22166.141236141324 2519.843376159668 1267.67691045627 2058.9077360630035 96.834820002317429 213.60361616313457 50.815836012363434 170.42086017131805 71.84080196917057 3192.6490472257137 24132.834589421749 871.46555927395821 254.74141380190849 263.98900443315506 22.708604335784912 156.6496661901474 53.956051826477051 152.16984647512436 30.435492187738419 118.19960287213326 50.585574209690094 21695.162947170436
leaf_count=51502 28539 154 3600 5597 1823 11028 2116 28 22572 2442 1368 2086 43 231 46 222 102 3328 23740 1058 217 253 7 135 47 53 43 151 17 22084
internal_value=5.26056e-06 0.000384658 -0.000104802 0.00112431 0.00293874 0.000652705 0.000851517 0.00931965 -0.000148672 6.99673e-06 -0.000279172 -0.00304048 -7.25352e-05 0.00908604 0.00333408 -0.00176446 0.000729766 0.000414866 0.000471142 -0.00670497 0.00314459 0.00697391 -0.000753622 0.0118028 0.0176108 0.025743 0.00441426 -0.00285349 0.0189353 -9.94342e-05
internal_weight=184651 53295 32071.8 21223.2 4378.34 16844.9 2337.81 223.695 131356 109190 78220.3 4780.31 2641.17 411.84 315.005 2229.33 30970 27397.3 27325.5 2139.14 3572.69 1052.85 404.897 647.952 362.776 206.126 285.177 382.189 101.401 73440
internal_count=184632 52885 32139 20746 4121 16625 2298 182 131747 109175 78657 5071 2645 337 294 2308 30518 27170 27068 2426 3348 906 411 495 235 100 260 404 63 73586
is_linear=0
shrinkage=0.05


Tree=192
num_leaves=31
num_cat=0
split_feature=13 16 10 2 19 19 32 32 28 8 9 20 25 25 28 21 21 21 8 19 19 29 10 8 8 4 4 2 32 15
split_gain=4.20972 8.48625 8.04438 7.99485 8.44064 13.4269 10.8207 7.72352 8.92904 7.12277 7.09788 6.93991 6.80561 8.2269 15.341 7.69925 6.63145 7.28296 6.58467 5.86589 6.79924 9.01239 5.71622 5.66944 13.1286 12.3523 24.3962 18.8333 12.5813 12.1559
threshold=0.40951280664409978 -0.33162630483242428 1.2168458615735598 0.90248373456594433 1.1859959018988231 1.5479517692623992 -0.59809963934293608 1.0464581369463926 2.3739746075184076 1.4740325496990645 -1.6747553987675772 1.9862780268978308 0.24360727109165184 0.061155738166147042 1.5383769224316859 0.29590130938898118 -0.65399379920051659 -0.35418981391649768 0.21442820921909891 -1.3040908476282227 -1.2755940757692192 0.20489364875057989 -0.17088066301723007 0.89671389364574694 1.2640984929524037 0.2155382449833057 0.30549632740816363 0.27203539355597034 -0.431878460650086 -0.86660361212638348
decision_type=2 2 2 2 2 2 2 2 2 2 2 2 2 2 2 2 2 2 2 2 2 2 2 2 2 2 2 2 2 2
left_child=2 9 3 11 7 6 -6 8 12 22 -3 23 13 -5 -15 -16 -14 -18 -10 -12 21 -21 -2 -1 25 29 27 28 -27 -25
right_child=1 10 -4 4 5 -7 -8 -9 18 -11 19 -13 16 14 15 -17 17 -19 -20 20 -22 -23 -24 24 -26 26 -28 -29 -30 -31
leaf_value=0.00028289784530335796 -0.027828794932043606 0.00549586367483726 -0.029164452802251769 0.0017245084481166953 0.031213971032547888 -0.0061165764389137008 0.0065610002770037784 0.013006800584918019 -0.0022498535440993819 -0.027199098385174064 -0.0056031172110656184 0.0079010760593909816 -0.022084567705990012 0.0027201192100258969 0.0091468827911643964 0.034542400364161133 0.0083953084846934613 -0.0046632349929121462 -0.016708430506143398 0.02282188615586625 -0.00030783895318175613 -0.010917953315318063 -0.0037257824231140459 -0.00064497183034385708 0.00035728258266969743 0.019037532096290628 -0.0009705776397137784 0.022464765239854002 -0.0013441357176464206 -0.0038374502058100765
leaf_weight=83025.756145711988 25.697429984807968 526.91731329262257 23.369074493646622 5258.3617853969336 85.169675022363663 81.972213894128799 93.23419114947319 141.91797609627247 322.48894259333611 37.565205514431 523.35195283591747 282.6675580739975 43.005044102668762 283.41864997148514 51.403665900230408 71.162407577037811 137.00378024578094 483.8718389570713 104.18473294377327 68.069476723670959 57096.469654820859 27.906387388706207 575.14285728335381 5682.6964184641838 20249.697278574109 101.73607668280602 2470.0524450093508 207.00749570131302 296.04159893095493 6273.5140461623669
leaf_count=82556 40 469 37 5077 32 92 81 105 337 58 582 238 62 268 42 22 114 529 139 37 57448 34 618 5756 20105 63 2518 114 304 6755
internal_value=5.10513e-06 -0.000343811 0.000168456 0.000173907 0.00179676 0.0106339 0.0183303 0.00146313 0.0012206 -0.00607721 -0.000280967 7.59635e-05 0.00169263 0.00225398 0.00911176 0.0238916 -0.00309689 -0.00178171 -0.00578033 -0.000333706 -0.000285487 0.0130115 -0.00475665 5.72671e-05 -0.000473707 -0.00159321 0.0012332 0.0102338 0.0038687 -0.00232009
internal_weight=184651 58881.1 125770 125746 7157.19 260.376 178.404 6896.82 6754.9 638.405 58242.7 118589 6328.23 5664.35 405.985 122.566 663.881 620.876 426.674 57715.8 57192.4 95.9759 600.84 118307 35280.7 15031 3074.84 604.785 397.778 11956.2
internal_count=184632 59286 125346 125309 6900 205 113 6695 6590 716 58570 118409 6114 5409 332 64 705 643 476 58101 57519 71 658 118171 35615 15510 2999 481 367 12511
is_linear=0
shrinkage=0.05


Tree=193
num_leaves=31
num_cat=0
split_feature=32 21 20 6 13 13 22 27 21 32 25 24 22 29 13 9 28 14 28 24 13 22 10 32 26 19 19 5 24 11
split_gain=4.13012 5.74771 5.26133 4.78925 6.10099 5.38552 4.70674 9.6734 8.68244 7.96464 7.80838 7.60789 8.8497 8.35703 8.32776 7.42551 18.4641 7.22502 7.82586 10.5897 9.75356 11.5216 13.1722 9.87062 8.77293 8.58464 14.7717 22.9804 13.7373 10.2304
threshold=1.5446652490105028 -0.3421892849564761 0.99176394931618017 -0.45449650292756472 -1.2286689038996552 -1.8453846228631858 -1.2002588414328701 0.98517665623429573 -2.1458731770471009 1.4302602575935639 0.35247089097188605 -0.54584788370075066 -0.3084495965723773 -0.356636819576091 0.48219712041874663 0.79195295776070807 -0.80592119980785959 -1.2244721136150312 0.30120826780346449 1.1328942719505199 1.691733032205607 0.21509524390933585 -0.83333138700425058 1.0794773189289015 0.30303768327668462 0.010971203173827725 -0.016666571963516338 -1.0665970890843621 1.062737857431066 -0.59913249492860121
decision_type=2 2 2 2 2 2 2 2 2 2 2 2 2 2 2 2 2 2 2 2 2 2 2 2 2 2 2 2 2 2
left_child=6 3 -3 4 5 -2 8 9 -1 17 -11 14 13 -13 15 -9 -17 -8 24 20 21 -20 -23 -24 -19 26 28 -28 29 -26
right_child=1 2 -4 -5 -6 -7 7 11 -10 10 -12 12 -14 -15 -16 16 -18 18 19 -21 -22 22 23 -25 25 -27 27 -29 -30 -31
leaf_value=-0.0069489918671768822 -0.013050743597750892 -0.014122770976123987 0.0084858533938803864 0.013835315487680562 -0.0089328584485274219 0.0070274388057607945 0.0012738423309121766 -0.0027416556304848249 0.00084464231190404962 -0.0060495872134854033 -0.036939202365559115 0.0038788948683296381 -0.0020849782239353862 -0.0002617007696719371 -0.0095617711130455627 0.041258803510311276 0.00060048350131620271 -0.00071015520838922598 5.8888815447192331e-05 0.0058039199090119467 -0.0027321304508470898 0.022996520705779948 0.0021221258356825291 -0.0061639818236663658 0.0066314611451912461 -7.3614652300240085e-05 0.036070751522428522 0.0034900015393569805 -0.0056497816499193262 0.0012136831340211066
leaf_weight=363.48316828906536 41.236627012491226 177.00420391559601 30.1102175116539 49.772313177585602 197.68258799612522 175.69350746273994 11582.074743106961 5859.6946962960064 21201.147734731436 232.8295473754406 22.4294673204422 1729.1433033943176 4023.2329394966364 4127.3971414119005 384.47479930520058 28.600200951099396 1180.1734949350357 52273.553273979574 26924.711286790669 935.60333782434464 2308.8390129804611 74.064530342817307 10514.251285120845 372.12461268901825 1038.7714483737946 32515.128207474947 78.97052013874054 172.00602641701698 629.83176207542419 5406.2289786189795
leaf_count=414 52 227 25 36 233 151 11287 6181 20843 261 39 1595 4191 4149 458 5 1166 53016 26893 827 2435 40 10068 418 901 32563 22 160 701 5275
internal_value=4.94583e-06 -0.0039092 -0.0108359 -0.000819898 -0.00257919 0.00321074 1.9232e-05 -7.29202e-05 0.000713277 6.0455e-05 -0.00876384 -0.00118932 -0.000279493 0.00096081 -0.00239541 -0.00200561 0.00156248 7.6008e-05 -2.81122e-05 0.000545342 0.000422937 0.000615217 0.00198186 0.00183889 -0.000284163 0.000274764 0.00182102 0.0137416 0.00139814 0.00208689
internal_weight=184650 671.499 207.114 464.385 414.613 216.93 183979 162414 21564.6 145081 255.259 17332.7 9879.77 5856.54 7452.94 7068.47 1208.77 144826 133244 41129.6 40194 37885.2 10960.4 10886.4 92114.5 39840.9 7325.81 250.977 7074.83 6445
internal_count=184632 724 252 472 436 203 183908 162651 21257 144906 300 17745 9935 5744 7810 7352 1171 144606 133319 40681 39854 37419 10526 10486 92638 39622 7059 182 6877 6176
is_linear=0
shrinkage=0.05


Tree=194
num_leaves=31
num_cat=0
split_feature=5 8 29 4 19 20 1 2 28 8 29 2 2 32 32 1 28 8 4 2 1 3 32 20 32 8 32 29 28 4
split_gain=4.17782 7.85179 11.8705 15.4115 14.0014 13.6178 11.4542 7.94538 7.77174 7.10848 10.676 16.0824 12.8752 11.7455 11.2646 9.45954 9.20525 12.969 8.88398 8.76088 18.0286 15.0922 13.1474 23.717 11.3206 10.4745 13.5316 12.8763 9.22579 8.98433
threshold=-1.0665970890843621 1.316582007139069 -1.0087117598110702 0.022536566068924086 0.50030107986720618 -0.029922035618811963 1.0452537037468932 0.77042918070046318 0.32118595022624974 0.31939523759242944 -1.3087806087892615 -0.73780759898261239 0.558363302550129 1.018111639861865 0.38369353882949236 3.4076219123276772 2.4393979014196661 1.0541644362057427 0.4806464107498874 -0.64125718489003047 0.39528026361431573 0.18189180917682965 -0.13770382756973651 -0.95449372188326598 -0.47067274639818918 -0.36289044683421862 -0.28897098948431682 -0.20749169114833935 -1.7669317065419203 -0.39470958776752957
decision_type=2 2 2 2 2 2 2 2 2 2 2 2 2 2 2 2 2 2 2 2 2 2 2 2 2 2 2 2 2 2
left_child=1 9 3 4 5 -3 -4 -5 -9 15 11 -11 18 -13 16 19 17 -14 -12 20 24 29 23 -23 -1 28 27 -27 -26 -22
right_child=-2 2 6 7 -6 -7 -8 8 -10 10 12 13 14 -15 -16 -17 -18 -19 -20 -21 21 22 -24 -25 25 26 -28 -29 -30 -31
leaf_value=-0.0060236458092501298 0.00012040253484865314 -0.0069877280006800258 0.00065699737836203765 -0.0086388964287576041 -0.0056539180917296351 0.026802065734952175 -0.02735981024011392 0.012976606473025336 -0.0053847695439997161 0.034510229215468882 -0.0015366245133687248 -0.0072388700878863316 0.0013404258788069518 -0.042959093707850032 -0.0090709072053862805 0.013180393777463799 0.03306568024082944 0.021034266255076272 -0.010726099998251519 -0.0008989625514366521 0.0088987373201891568 0.038408512015633806 0.0010544911149192317 0.0053943321663783017 0.030491552380130682 0.033467534827002522 -0.0025932040700876804 0.0021605676350128981 0.0038467364838926836 0.034163841230907689
leaf_weight=665.79030126333237 149357.66082105413 35.095275193452835 3736.0920538306236 137.28089176118374 58.396607458591461 198.2935166656971 36.840834885835648 159.35870391130447 90.277526542544365 22.595558047294617 8208.7254261821508 834.22331656515598 271.27241060137749 23.666323572397232 98.187081813812256 130.36532726883888 38.383590221405029 120.83243030309677 271.71183404326439 15925.668409749866 65.691412329673767 73.329670995473862 660.93908828496933 210.73555120825768 33.318899363279343 51.413991272449493 1664.6637441962957 90.929172784090042 1302.1831069588661 75.775951385498047
leaf_count=746 148998 40 3687 161 65 92 57 118 100 7 8461 955 264 44 116 96 13 70 330 16212 54 17 647 188 13 17 1751 87 1202 24
internal_value=4.79254e-06 -0.000484475 0.00147851 0.00756609 0.0162423 0.021721 0.000383427 0.0010231 0.00633647 -0.00076782 -0.00187268 -0.00712759 -0.00135911 -0.00822427 0.00621133 -0.00024628 0.00969694 0.00740935 -0.00183105 -0.00033035 0.00151969 0.00720091 0.00492084 0.0139167 -0.000101105 0.00115368 -0.00132797 0.0134686 0.00451149 0.0224318
internal_weight=184650 35292 4451.64 678.703 291.785 233.389 3772.93 386.917 249.636 30840.4 9889.6 880.485 9009.11 857.89 528.676 20950.8 430.488 392.105 8480.44 20820.4 4894.77 1086.47 945.004 284.065 3808.3 3142.51 1807.01 142.343 1335.5 141.467
internal_count=184632 35634 4320 576 197 132 3744 379 218 31314 10260 1006 9254 999 463 21054 347 334 8791 20958 4746 930 852 205 3816 3070 1855 104 1215 78
is_linear=0
shrinkage=0.05


Tree=195
num_leaves=31
num_cat=0
split_feature=29 30 16 28 20 30 29 20 21 2 30 3 11 4 28 12 20 13 24 32 30 29 8 26 25 29 32 30 24 19
split_gain=4.12689 8.6759 8.13902 8.07652 12.3183 7.24361 7.57057 8.75476 6.99562 5.7333 5.73155 9.71997 6.0192 5.59555 5.19687 11.135 9.85104 9.56103 8.56515 8.53261 8.37891 8.38729 13.1163 8.25097 7.74638 7.01681 14.5449 7.94294 13.1126 11.3268
threshold=1.5462252100105569 2.0323130246474004 0.17128353942468924 -1.3645190661148141 1.4869329112117013 1.1770126909994543 1.6530798856498461 0.33007692979675235 1.1248053484900036 1.6227396193657435 1.7989120031787953 -0.54971211903347739 -0.47935439316125789 1.3059737720958331 -1.0021477366242562 -0.91540789439364367 2.2310911147635006 -0.44329995941180816 1.0462924593410106 0.95803495855330556 0.12926323074382506 -0.087749014738940659 -0.67779153195420994 2.2714896516398952 0.27211721869864119 -0.37352220968583932 -0.56843986238735567 0.013499613347545262 0.88418696233655669 0.67796324887819626
decision_type=2 2 2 2 2 2 2 2 2 2 2 2 2 2 2 2 2 2 2 2 2 2 2 2 2 2 2 2 2 2
left_child=14 2 5 4 -3 8 -7 -8 -2 -5 11 12 -4 -13 15 -1 17 25 -18 20 21 -19 24 -22 -23 26 -17 -27 29 -29
right_child=1 3 10 9 -6 6 7 -9 -10 -11 -12 13 -14 -15 -16 16 18 19 -20 -21 23 22 -24 -25 -26 27 -28 28 -30 -31
leaf_value=0.0019029105461851742 0.0015622606670122122 -0.0053497837209102606 0.002395751449558389 0.0015416964036987734 0.026384445260998975 0.015089670351116323 0.024392120923007143 0.0030594098000047434 -0.012666767701638172 0.018996468183625187 -0.0030641605609629963 -0.00018999604825335444 0.011841524529421553 -0.020801944289304604 6.4002493885949541e-05 -0.015407902048332957 0.028661019917786947 -0.010129921256551903 0.0044254539897842842 -0.0067943554672811081 -0.0011011419620122599 0.0020226746532103963 -0.0082281155517893896 -0.0082716186424002924 0.024701373529797704 -0.0025367535172787677 -0.00066974081477850882 0.0057923649427883035 -0.0015248695410651754 -0.011997837683895965
leaf_weight=3524.1217687129974 645.15810286998749 43.360603153705597 449.53970873355865 405.50325836241245 103.74518215656281 190.48803216218948 50.765625834465027 913.92118953168392 99.733881801366806 53.219743251800537 1391.7114538550377 4128.3127364069223 269.92692691087723 33.191178798675537 150286.37404636294 185.75737196207047 42.176336288452148 555.46389019489288 268.79038959741592 845.15441000461578 13390.111722633243 103.17373803257942 231.84676116704941 413.58041149377823 59.291756570339203 933.63210777938366 1694.3050914257765 2051.6817949265242 1191.6575543284416 93.551649957895279
leaf_count=3390 625 48 428 393 49 133 26 858 125 33 1477 4144 206 47 150094 243 18 668 245 960 13685 99 270 482 30 981 1717 1814 1228 116
internal_value=4.67059e-06 0.00106269 0.000634724 0.00683599 0.0170305 0.00350164 0.00598069 0.00418202 -0.00034287 0.00356675 -0.000233696 0.000573355 0.00593958 -0.000354392 -4.81403e-05 -0.000706885 -0.0011238 -0.00125014 0.00771252 -0.00190843 -0.00162854 -0.00617113 -0.00059442 -0.00131598 0.0102993 0.000419355 -0.00212593 0.00153989 0.0026805 0.00501655
internal_weight=184649 8778.58 8172.75 605.829 147.106 1900.07 1155.17 964.687 744.892 458.723 6272.68 4880.97 719.467 4161.5 175871 25584.3 22060.2 21749.2 310.967 15598.6 14753.5 949.776 394.312 13803.7 162.465 6150.59 1880.06 4270.52 3336.89 2145.23
internal_count=184632 8592 8069 523 97 1767 1017 884 750 426 6302 4825 634 4191 176040 25946 22556 22293 263 16194 15234 1067 399 14167 129 6099 1960 4139 3158 1930
is_linear=0
shrinkage=0.05


Tree=196
num_leaves=31
num_cat=0
split_feature=9 5 32 25 15 26 31 21 17 2 8 21 5 21 30 20 8 29 29 19 13 20 19 23 19 24 4 9 5 3
split_gain=4.08744 7.22878 9.89699 7.59878 9.13976 7.45373 7.20638 7.10955 8.85896 7.01659 6.64983 6.61133 14.8506 9.23545 8.54643 8.36352 8.12527 10.5743 7.75105 6.93562 6.5783 12.7806 12.1572 11.1332 9.9268 7.98989 8.3398 7.6224 8.75037 9.66983
threshold=0.58202033167319445 0.35993122193886878 0.79996772057540066 -1.9474546727699473 -0.9889392314209583 -0.66958117887441759 1.0000000180025095e-35 -0.45357977841238395 0.050194701288247441 -0.9244648452056331 0.37187875177909463 -1.6117968699382705 1.0000000180025095e-35 -1.2915137304442352 -1.7916470730536311 -0.10718424448721217 -0.83524207451420562 -0.20035428249398454 0.22418419305377563 -1.8922920395251202 -0.7772062514954724 -0.88686617012995572 -2.0057705471375402 -1.9635430603194104 1.1146732991443213 -0.66711414360179366 1.0703828178952601 -1.6747553987675772 1.0731953774504845 -0.27441124330453398
decision_type=2 2 2 2 2 2 2 2 2 2 2 2 2 2 2 2 2 2 2 2 2 2 2 2 2 2 2 2 2 2
left_child=6 2 5 -3 -5 -2 9 -6 -9 10 -1 12 14 15 -7 -13 18 -18 -14 -15 24 22 -22 -23 -8 26 -24 -25 29 -29
right_child=1 3 -4 4 7 11 20 8 -10 -11 -12 13 16 19 -16 -17 17 -19 -20 -21 21 23 25 27 -26 -27 -28 28 -30 -31
leaf_value=0.0088564721104035116 -0.0011827670616271629 -0.011582176075732043 -0.0023833747371122299 0.0074384223766807492 -0.00027776806811977888 0.0090238432028534789 0.0003459165422731663 0.0052157737763419559 0.001156686141056524 -0.028667228723502299 -0.011543750276123216 -0.0043102777659405015 0.00080573563522724301 -0.03727666673489255 -0.004683661414086336 0.026109486013633006 0.038459541852421231 0.0067099952110903464 0.021020392405411648 0.00069674852167568579 -0.026704967897833026 -0.031730758770313276 -0.0066809611825460018 0.0029284628481665979 0.013558178745324291 0.0007334583622329886 0.0049990286559957013 0.00077345080437537324 -0.0014093488505998375 -0.00052619468030828313
leaf_weight=58.332382187247276 7611.9370287656784 119.3527163118124 4217.9413040429354 549.7916503995657 8172.5982676446438 168.39060872793198 38457.058643661439 1484.8978246450424 14187.202814474702 38.135320723056793 126.73910744488239 1219.8427771776915 137.2111177444458 12.030706927180288 350.19600921869278 23.02168995141983 60.656171917915344 46.200040936470032 72.46474876999855 23218.549799904227 57.362646996974945 28.141179978847504 1430.8155382256955 1814.259851321578 142.69319751858711 781.46341590583324 171.10741889476776 21522.938688963652 15646.959509044886 42720.414897032082
leaf_count=48 7792 147 4419 468 8218 138 38191 1330 13859 60 156 1325 135 21 383 11 14 40 42 22895 88 46 1622 1708 104 770 154 21190 16088 43170
internal_value=4.52402e-06 0.000336796 -0.000103071 0.00100319 0.00106477 0.000189093 -0.000162028 0.000917812 0.00154128 -0.00913798 -0.00511384 0.000601701 0.00497646 0.000452419 -0.000232688 -0.00374681 0.0135108 0.0247324 0.007792 0.000677083 -0.00014571 -0.000393554 -0.00395885 -0.000287086 0.000394759 -0.0034114 -0.00543338 -0.000276256 -0.000349033 -9.07848e-05
internal_weight=184649 61652.3 37138.4 24513.8 24394.5 32920.5 122996 23844.7 15672.1 223.207 185.071 25308.6 835.119 24473.4 518.587 1242.86 316.532 106.856 209.676 23230.6 122773 84173.5 2440.75 81732.7 38599.8 2383.39 1601.92 81704.6 79890.3 64243.4
internal_count=184632 61237 37215 24022 23875 32796 123395 23407 15189 264 204 25004 752 24252 521 1336 231 54 177 22916 123131 84836 2634 82202 38295 2546 1776 82156 80448 64360
is_linear=0
shrinkage=0.05


Tree=197
num_leaves=31
num_cat=0
split_feature=11 1 12 4 32 14 29 14 4 29 13 23 9 30 28 25 28 10 24 28 20 8 28 23 23 28 15 13 29 19
split_gain=4.20541 11.5135 8.93537 7.1047 15.4178 11.866 8.21477 6.73636 6.15915 9.04794 12.8743 7.4643 9.70888 8.06925 13.0641 9.82576 9.1827 6.71927 6.31293 6.30135 6.24924 6.9867 6.17389 5.9991 9.37706 9.7571 8.34685 7.78232 7.31498 7.70749
threshold=0.62159298765524162 0.81381387266351157 1.0011464610664547 0.69106074012131458 0.92416600265284277 0.1362925564641905 -1.4340764231272185 -0.26529120848928162 -1.4892976417133037 0.4497497788873715 -1.0925421525818464 -0.44154841880195983 -1.0449575205050363 -0.8113007340214361 -0.71370567588782474 -1.6604035172199014 0.65632875889584696 -0.48375711037681685 -0.09297757682628098 -0.36182310792521344 -0.45006661072199233 -0.20543990427422296 1.0101230321261949 0.12052226530675363 -0.39881388703489656 -0.13698659191029686 -1.3173185288211082 -0.96310856187654137 -0.18504187231232697 -0.69049134137896007
decision_type=2 2 2 2 2 2 2 2 2 2 2 2 2 2 2 2 2 2 2 2 2 2 2 2 2 2 2 2 2 2
left_child=2 7 8 -3 -5 6 -6 -2 9 17 11 12 18 14 -14 16 -16 23 19 -11 21 -19 -22 24 25 27 -25 -1 -27 -30
right_child=1 3 -4 4 5 -7 -8 -9 -10 10 -12 -13 13 -15 15 -17 -18 20 -20 -21 22 -23 -24 26 -26 28 -28 -29 29 -31
leaf_value=0.0022884794057619088 0.0025040584517292937 -0.0017667114147097065 -0.0016216088536439397 -2.2866386723299001e-05 0.030546940785703382 0.001106782192902056 0.0094297034636176297 0.00057719297467226285 7.814509602773888e-05 -0.024455870155801016 -0.0012821773903892496 0.010650350470020536 0.037217857617913436 -0.0073773483350141307 0.0070278089281490298 0.00075247116115186735 0.035369542644999447 -0.010727480933052858 0.015702735687482591 -0.0037429925952092249 -0.0041604014518877531 -0.046248232947742149 -0.029320993868331757 0.0072610449032380455 -0.0072088286293110178 -0.014702645572150584 -0.0018431273547943946 -0.0067574986158663326 -0.0060061821430648843 0.0027185483791928042
leaf_weight=1493.3500143885612 7318.520041897893 6600.7669929713011 9161.8608997315168 7440.5972086638212 87.389854252338409 169.75769565999508 97.361871629953384 11929.714958816767 132268.72303622402 42.978478282690048 2723.1683042496443 387.55110108852386 39.117074310779572 82.785282731056213 70.976134479045868 231.48369580507278 47.84539395570755 37.8741215467453 34.988213181495667 252.12589359283447 308.34335669875145 21.818582400679588 26.474706053733826 376.70551264286041 976.24792023003101 163.05361095070839 759.02056902647018 282.78201815485954 855.26272639632225 359.54902920126915
leaf_count=1425 6952 6834 9459 7444 34 166 79 11792 132062 64 2793 305 10 95 61 228 14 46 24 271 334 42 42 322 1117 211 787 321 958 340
internal_value=4.38518e-06 0.000509909 -0.000108247 -0.000559627 0.000462512 0.0106498 0.0194184 0.00130982 -1.04959e-05 -0.00123517 0.000613587 0.00495235 0.00219994 0.00679866 0.00981227 0.006752 0.0184401 -0.00251319 -0.00437868 -0.00675958 -0.00880701 -0.0237109 -0.0061499 -0.00204168 -0.00292664 -0.00160118 0.00117661 0.000848249 -0.00475862 -0.00342392
internal_weight=184648 33644.1 151004 14395.9 7795.11 354.509 184.752 19248.2 141842 9573.5 3913.02 1189.85 802.3 472.208 389.422 350.305 118.822 5660.48 330.093 295.104 394.511 59.6927 334.818 5265.97 4130.25 3154 1135.73 1776.13 1377.87 1214.81
internal_count=184632 33301 151331 14557 7723 279 113 18744 141872 9810 3865 1072 767 408 313 303 75 5945 359 335 464 88 376 5481 4372 3255 1109 1746 1509 1298
is_linear=0
shrinkage=0.05


Tree=198
num_leaves=31
num_cat=0
split_feature=20 26 29 24 26 19 4 6 20 28 6 28 32 32 28 24 8 26 1 5 21 24 19 14 23 21 26 25 28 13
split_gain=4.06601 11.0029 10.5213 11.9385 12.9424 9.45996 11.8297 7.97368 15.5299 7.49602 7.4889 8.17924 7.45749 8.70827 9.34902 14.9077 12.1523 7.58636 7.48354 7.92201 7.43391 15.4807 23.5097 19.7183 12.8256 11.5506 17.3644 11.4421 11.2954 10.5087
threshold=-0.43161789303907983 0.75359949484479094 0.74306771300676644 -1.7108869417655967 -0.4083551137619178 -1.2118677775161657 -2.234318619315244 -1.3515627163517554 -0.52642058092158983 -0.96134302377956382 -0.84054452288023251 1.6592821557967297 1.2146320698515098 1.0000000180025095e-35 -1.3645190661148141 0.44293667110215179 -0.10047287590089249 0.68583247761234201 2.4005633025938402 0.35993122193886878 -0.41344860885209905 -1.2614821103661398 -0.85183885787171088 -1.2844476287472253 -1.0515608321853156 -0.41989565060306738 0.46325480810641245 -0.26690580410166181 2.7284431364563546 1.4452875107474226
decision_type=2 2 2 2 2 2 2 2 2 2 2 2 2 2 2 2 2 2 2 2 2 2 2 2 2 2 2 2 2 2
left_child=1 2 12 4 -4 -5 -7 8 -8 -3 -9 -12 13 -1 15 -15 -17 18 -16 -20 25 22 -22 24 -24 28 -27 -23 29 -2
right_child=20 9 3 5 -6 6 7 10 -10 -11 11 -13 -14 14 17 16 -18 -19 19 -21 21 27 23 -25 -26 26 -28 -29 -30 -31
leaf_value=-0.0014261874678322521 0.00084682002472445607 -0.010479317372679701 0.0060813300829358806 -0.0088527153400349851 0.033362556557264854 0.028560444571684187 -0.00052243062050105326 -0.0038994771373033394 0.028647624652012878 -0.0018198457526699418 0.0037231421331878969 -0.0029469414847136128 -0.0038425691239132326 -0.0041737413694700985 -0.00012725135145216359 0.018936499345188967 -0.014901690305154673 0.013087955956042972 -0.0062506229870294659 0.013702207089754706 0.030813489923283057 -0.0011311285233410841 0.0078125487587014149 -0.0026501693476206258 0.04224180848275904 0.0049847014835869875 0.033739959227270799 0.00021226397448874049 0.010009554624471288 -0.00688632804004056
leaf_weight=13432.844897523522 22011.800670623779 430.72576069831848 157.10858254134655 205.59799048304558 60.105387419462204 41.97848179936409 106.88321867585182 573.2894204556942 79.616435676813126 595.3317606151104 2259.2285819500685 576.99272432923317 1536.8880309462547 167.97806030511856 42828.00157754682 226.95445865392685 30.045442432165146 109.72028613090515 67.554807186126709 188.71670934557915 96.421913325786591 19939.908027745783 67.555633544921875 327.63427400588989 45.113606691360474 358.76691997051239 61.500460624694824 77285.096843034029 330.07884532213211 448.26236572861671
leaf_count=13816 21639 521 138 242 20 18 108 618 34 617 2091 611 1655 182 42937 141 39 81 76 137 37 20391 57 345 7 323 20 76957 264 510
internal_value=4.25193e-06 -0.000319147 -0.000235034 0.00222617 0.0136303 0.00158168 0.00217138 0.00186332 0.0119302 -0.00545498 0.00131266 0.0023662 -0.000405621 -0.000313035 2.97707e-05 0.00740956 0.0149805 -4.28377e-05 -7.62771e-05 0.00844251 0.000174478 -1.65043e-05 0.00845175 0.00355477 0.0215983 0.000978891 0.00919265 -6.32528e-05 0.000827423 0.00069248
internal_weight=184648 63675.6 62649.5 4060.8 217.214 3843.59 3637.99 3596.01 186.5 1026.06 3409.51 2836.22 58588.7 57051.8 43619 424.978 257 43194 43084.3 256.272 120972 97761.7 536.725 440.304 112.669 23210.4 420.267 97225 22790.1 22460.1
internal_count=184632 64082 62944 3880 158 3722 3480 3462 142 1138 3320 2702 59064 57409 43593 362 180 43231 43150 213 120550 97794 446 409 64 22756 343 97348 22413 22149
is_linear=0
shrinkage=0.05


Tree=199
num_leaves=31
num_cat=0
split_feature=9 20 16 20 24 4 1 32 21 7 18 21 1 8 11 15 20 13 12 27 24 2 32 29 25 25 25 19 21 25
split_gain=4.0581 7.53909 6.96436 11.3726 8.96935 6.982 12.8381 6.28633 9.02084 6.20202 8.39912 6.90097 6.78715 10.2878 6.04771 8.33644 12.6286 16.0543 11.7449 7.99222 7.5954 15.9986 16.7515 10.8727 16.9926 12.4985 10.1633 8.8381 8.05129 7.82621
threshold=1.1068518968919785 2.7122881250082007 1.1998128366150922 0.28352941525145464 -1.0582289518450179 0.034560800027259343 -0.31425114605597831 -0.22549659480182424 -0.77087088399791981 2.0027978289356003 0.4532407248641756 -0.25226855851440072 -3.0681152969860075 -0.10047287590089249 0.83346634217492344 -0.28400003375673344 0.07975270171703748 1.3376257673268102 -1.2297902963130993 -0.2187030630269656 -0.011760879257671296 0.98169358277841567 0.34798759878992752 -0.37352220968583932 -0.62326265587936336 1.0383560369424198 0.80316624119472324 0.48712097576229524 -0.060311430556544587 -0.36487859286106394
decision_type=2 2 2 2 2 2 2 2 2 2 2 2 2 2 2 2 2 2 2 2 2 2 2 2 2 2 2 2 2 2
left_child=9 2 3 7 -4 6 -6 8 -2 12 11 -11 13 -1 15 18 17 -17 -14 -16 -20 23 -23 24 28 26 29 -27 -22 -26
right_child=1 -3 4 -5 5 -7 -8 -9 -10 10 -12 -13 14 -15 19 16 -18 -19 20 -21 21 22 -24 -25 25 27 -28 -29 -30 -31
leaf_value=0.0090001157269529973 -0.0046318930378688068 0.014017830836911164 -0.016233157791923941 0.0054429253031730053 0.0094954744081637253 -0.0010608489263051848 -0.00038295970193865601 0.0010903155969215824 0.00037099023158235266 -0.039262607700307053 -0.001839387377156929 -0.0094755960181605193 0.004429735893885154 -0.0027810962190120054 0.0018473696873769823 -0.0016325610111491116 -0.00016616237604297193 -0.02077550791169382 -0.00023748806437039541 -0.00049150111886099221 0.0083199532883860804 0.03033734454489986 -0.0006933325461171224 0.0015754654613708754 -0.0086147981401433187 -0.018362243728527718 0.010579078197153381 -0.00066549552466326151 0.038793853016245383 -0.00077972639769674544
leaf_weight=491.4648026227951 1240.1181104183197 102.82870888710022 91.343976110219955 1318.53359785676 469.08338430523872 8486.9329270422459 1100.5705150663853 17629.432912498713 3295.4516068249941 22.405798390507698 2084.3224716335535 147.11916449666023 1577.7832646071911 297.45498156547546 8657.8863298594952 17690.387265428901 42759.898270994425 110.20761635899544 52500.634509058669 6317.8949525952339 55.182280421257019 94.086988359689713 80.878486603498459 12923.201147168875 344.62287150323391 181.38667361438274 185.18085536360741 115.4631954729557 35.694695115089417 4239.8810548633337
leaf_count=403 1355 74 121 1175 380 8667 1109 17245 3271 40 2161 175 1438 314 8338 18268 42902 156 52750 6380 46 37 82 12516 404 248 146 117 8 4306
internal_value=4.15209e-06 0.00049993 0.000458599 0.000931581 -0.000635938 -0.000494269 0.00256916 0.000663214 -0.000996901 -0.000106671 -0.00270987 -0.0134125 -6.7204e-05 0.00455812 -9.18811e-05 -0.000199222 -0.000632018 -0.00175108 0.000163129 0.000860661 6.79889e-05 0.0009465 0.0159933 0.000800893 -0.00113999 -0.00152437 -0.000904831 -0.0114789 0.0202895 -0.0013687
internal_weight=184647 33734.3 33631.5 23483.5 10147.9 10056.6 1569.65 22165 4535.57 150913 2253.85 169.525 148659 788.92 147870 132894 60560.5 17800.6 72334 14975.8 70756.2 18255.6 174.965 18080.6 5157.41 5066.53 4769.68 296.85 90.877 4584.5
internal_count=184632 33397 33323 23046 10277 10156 1489 21871 4626 151235 2376 215 148859 717 148142 133424 61326 18424 72098 14718 70660 17910 119 17791 5275 5221 4856 365 54 4710
is_linear=0
shrinkage=0.05


Tree=200
num_leaves=31
num_cat=0
split_feature=37 14 12 4 32 29 1 11 8 5 2 10 4 28 17 8 7 21 20 8 30 24 23 25 29 29 15 23 9 28
split_gain=3.9946 4.31894 15.0182 7.77577 14.9793 24.8399 10.1529 9.15447 9.02711 10.6657 8.40352 8.25162 7.63265 8.15882 7.6191 7.55971 7.47697 7.10216 7.05635 10.9689 9.38354 7.90149 9.14951 7.36369 6.921 7.56854 8.67732 6.42467 7.27798 10.1525
threshold=1.0000000180025095e-35 0.12682834730125306 1.8784244757431268 0.67536410932511781 0.91303592712474124 -1.7978969658419717 0.81381387266351157 0.46910742385596427 1.6314830922590604 1.0731953774504845 0.27203539355597034 0.44837023738664 0.70353755563017595 2.3148043502077447 -0.11003796010827419 0.94919740783241224 0.13047123028921873 -0.41344860885209905 -0.10718424448721217 0.58181280852575556 -1.0870861687995574 0.31488263529150579 -1.1054612403474848 -1.5242056720679547 0.29650694144326389 0.14833137535641383 -0.62113138063015338 -1.3678515318688309 1.2118182099357353 2.7284431364563546
decision_type=2 2 2 2 2 2 2 2 2 2 2 2 2 2 2 2 2 2 2 2 2 2 2 2 2 2 2 2 2 2
left_child=1 2 3 6 10 -6 7 11 -8 -10 -5 -1 13 -12 -13 -9 18 -7 19 -14 23 22 -20 -21 25 -24 -27 -3 29 -29
right_child=-2 27 -4 4 5 17 8 15 9 -11 12 14 16 -15 -16 -17 -18 -19 21 20 -22 -23 24 -25 -26 26 -28 28 -30 -31
leaf_value=-2.7217832138646361e-05 0.0047744008751175755 -0.0040137469471151635 0.0079554663362505548 -0.020807836553140228 0.031439381802393078 0.0097442181804332922 -0.0020296085565118596 0.0019202996805379358 -0.0012943405939329462 0.020220767658584184 0.0052915528589154697 -0.03711976258319899 0.0015414873637448461 0.032599668955212012 -0.0067059191346335277 -0.00076964370005841269 -0.0016380352922743425 -0.0031675832573471933 -0.010109662094980511 -0.020543715997837119 -0.011389394311338083 -0.003494907579162679 0.0057607164022885991 0.0057186333461669119 -0.0032677334279547694 0.035333450000621491 0.0063301128030867834 -0.00046419937355618657 0.00052704629267734068 -0.006420787998963823
leaf_weight=73345.074111811817 437.80514588952065 1140.4504128992558 620.77035394310951 43.780464738607407 105.06115746498108 255.86386680603027 7417.8916723541915 11460.13798417151 134.51776388287544 100.74134796857834 568.12530055642128 23.530826240777969 2566.112604662776 28.735085546970367 164.88578540086746 3382.9270310252905 2326.773265466094 182.44199541211128 97.322124063968658 31.186335489153862 339.63521219789982 326.19927389919758 1717.9301712810993 185.17946901917458 198.99476331472397 47.727654159069061 56.102732300758362 54249.349720135331 22366.766425281763 724.91011625528336
leaf_count=73385 396 1232 522 62 39 206 7719 11020 138 60 508 41 2487 10 187 3435 2403 194 117 44 417 349 1520 164 212 14 49 54753 22131 818
internal_value=4.0429e-06 -7.29469e-06 0.000201295 0.000155498 0.00155429 0.00960373 2.32774e-05 0.000174569 -0.00172379 0.00791874 0.00104177 -5.40633e-05 0.00115444 0.00660627 -0.0105042 0.00130723 0.000742184 0.00436976 0.00173713 0.000161968 -0.00620493 0.0037491 0.00486473 0.00193325 0.00558591 0.00655302 0.0196621 -0.000288299 -0.000233365 -0.000542745
internal_weight=184647 184209 105728 105107 9077.17 543.367 96029.7 88376.6 7653.15 235.259 8533.8 73533.5 8490.02 596.86 188.417 14843.1 7893.16 438.306 5566.39 3122.11 556.001 2444.28 2118.08 216.366 2020.76 1821.76 103.83 78481.5 77341 54974.3
internal_count=184632 184236 105302 104780 8795 439 95985 88068 7917 198 8356 73613 8294 518 228 14455 7776 400 5373 3112 625 2261 1912 208 1795 1583 63 78934 77702 55571
is_linear=0
shrinkage=0.05


Tree=201
num_leaves=31
num_cat=0
split_feature=20 32 26 28 32 25 25 26 26 8 10 9 22 30 24 15 24 25 20 25 5 23 1 21 26 26 17 22 20 32
split_gain=3.91421 9.98083 7.02437 12.2098 7.50647 12.4387 18.6286 23.1821 11.8623 22.3406 13.7239 7.77011 9.72107 11.7236 21.4905 16.7241 15.151 12.7698 14.3876 22.3139 12.4862 12.0525 16.9779 10.978 10.8462 13.0267 10.4482 10.7548 12.0319 24.7738
threshold=1.0443027023190434 -0.72454832322156448 -2.103521558048564 -1.0619889458257254 -0.41371128184525752 -0.56405647828153327 -0.49941467371597081 -0.22833175308544565 0.88794289922589564 0.42436226596575982 -0.2501069991326626 0.94940242732634328 1.491064453402619 1.8319003078694804 1.6270136925359178 0.56243305863265836 1.2522679616819399 0.64574441062389287 0.23701876611171477 0.99230077634991221 -1.0665970890843621 1.2529210546136398 0.79795791226692703 0.81285124425674582 1.5649184326035297 1.6840204700782662 -0.52939293231466023 -0.44110249363570969 -1.0275489066598305 -0.19176991908943528
decision_type=2 2 2 2 2 2 2 2 2 2 2 2 2 2 2 2 2 2 2 2 2 2 2 2 2 2 2 2 2 2
left_child=1 -1 3 -3 5 -4 7 -7 -8 -10 -11 12 13 14 16 20 17 26 19 -19 -16 23 -23 -20 -22 -26 27 -6 29 -29
right_child=-2 2 4 -5 11 6 8 -9 9 10 -12 -13 -14 -15 15 -17 -18 18 21 -21 24 22 -24 -25 25 -27 -28 28 -30 -31
leaf_value=-0.0011660938448102209 0.00055865691907952639 0.021215345659636106 -0.020160870439329751 -0.0048185751195102995 -0.00024902851317713391 -0.0057166289700209608 0.00095236065260404759 0.044645361749845042 0.00080235203569910913 -0.0065579200313662482 0.026810846578501892 0.00071199574151743935 -0.0030984215199611849 -0.010962407748962587 -0.0051344467838540034 -0.0025895479256489041 -0.0050689041369941486 0.0061630322516560325 -0.0020793725248720923 0.034603888191339464 -0.0038293762565132974 -0.0010904910978808749 0.032953351480857145 0.0045817504168458659 0.027275887296926121 0.010927967285176567 -0.00076413804695542277 0.017653371556386976 0.0018464061008509236 -0.003220691950870787
leaf_weight=19004.77302506566 27128.106082901359 46.899989485740662 63.425666853785515 1133.7397946715355 31280.206730941311 38.588120579719543 5008.3959841281176 56.026193737983704 354.69175437092781 37.130078315734863 181.11916056275368 30441.484136238694 2810.818020015955 248.5138067305088 108.82488793134689 340.37181694805622 1552.6003531813622 598.80966490507126 1588.9208330959082 77.941757082939148 83.597475826740265 76.33514404296875 70.395067095756531 1012.8087378144264 167.22325125336647 449.17038482427597 43472.618362933397 151.48410302400589 14756.946311801672 2304.5547808855772
leaf_count=19448 26825 27 89 1243 31436 43 4913 6 349 42 84 30008 2985 303 120 358 1710 525 1655 24 90 78 24 920 76 351 44137 98 14212 2453
internal_value=3.93224e-06 -9.16034e-05 5.58221e-05 -0.0037844 8.88361e-05 0.00185889 0.00210494 0.0241054 0.001732 0.00854721 0.0211339 1.16364e-05 -0.000199135 -0.000116267 -8.87885e-05 0.00670856 -0.000169366 -8.96198e-05 0.00290801 0.00943858 0.0106215 0.0013 0.0152423 0.000513688 0.013071 0.015363 -0.000201265 0.000303333 0.00130711 -0.00193322
internal_weight=184647 157518 138514 1180.64 137333 5739.38 5675.95 94.6143 5581.34 572.941 218.249 131594 101152 98341.3 98092.8 1149.19 96943.6 95391 3425.21 676.751 808.816 2748.46 146.73 2601.73 699.991 616.394 91965.8 48493.2 17213 2456.04
internal_count=184632 157807 138359 1270 137089 5526 5437 49 5388 475 126 131563 101555 98570 98267 995 97272 95562 3226 549 637 2677 102 2575 517 427 92336 48199 16763 2551
is_linear=0
shrinkage=0.05


Tree=202
num_leaves=31
num_cat=0
split_feature=13 25 10 3 2 20 19 4 32 28 4 21 6 6 28 23 19 21 20 8 23 9 24 13 30 18 19 14 8 6
split_gain=3.89185 7.74397 6.99164 14.1846 6.83496 7.55501 7.49864 11.0096 7.82626 8.10514 6.81329 15.8661 20.1871 6.39563 6.71313 10.2709 8.08774 9.03993 7.83384 9.06101 8.02552 7.03116 12.5171 10.9331 10.7965 10.1981 9.14761 6.87847 6.83518 7.70714
threshold=0.40951280664409978 -1.3127191764051986 1.1064384547855119 -0.15554822681840857 0.94764334450090049 1.9862780268978308 1.1859959018988231 0.85028848627155462 1.0464581369463926 2.3739746075184076 0.83763823550507566 0.29590130938898118 -0.44421789823999669 -0.43290156243947392 -0.079577645680379658 0.57167695968594801 -0.55589241294550829 0.065669117577995054 0.66563874203076689 -0.46785747520754911 0.9519240312279631 -0.52012595528625227 0.53559982769578884 2.1532177089730804 0.2847124050573589 -0.69672252468791296 -0.71545443060582081 -0.53581707877260432 -0.67779153195420994 0.1648613365222544
decision_type=2 2 2 2 2 2 2 2 2 2 2 2 2 2 2 2 2 2 2 2 2 2 2 2 2 2 2 2 2 2
left_child=2 -2 4 -4 5 -1 8 -8 9 10 11 -6 -13 -3 15 27 18 -18 19 -17 -21 24 23 -23 25 -16 -25 -15 -29 -30
right_child=1 13 3 -5 6 -7 7 -9 -10 -11 -12 12 -14 14 21 16 17 -19 -20 20 -22 22 -24 26 -26 -27 -28 28 29 -31
leaf_value=6.3807361839916558e-05 -0.007451387898876412 -0.0020834749177824157 0.01411079984595495 -0.046527899208100715 0.0020668066761684216 0.0081707684924001 0.031647390334347887 0.0049554660098598642 0.013788567633637267 -0.0058072436842325085 0.0010228670267977296 0.034488343241363927 -0.0021846068727762002 0.012461002508667805 -0.025325558901743175 0.0045781447854169486 -0.0050627124236677316 -0.00012799004997933707 -0.0061932651426055869 0.0098731946967964106 0.037389504237649342 0.00030308125469349987 0.0028268699880516354 -0.035678373943883644 -0.004630639913671789 0.0022102023136627729 -0.0058529387461350108 -0.0017701205696566515 -0.00053403118346049736 -0.0085736132779415403
leaf_weight=119188.10155336186 379.4512335062027 4559.9876046180725 16.718121215701103 22.791338175535202 496.52439859509468 288.07605427503586 49.039346992969513 182.04206594824791 125.65092539787292 387.9424704015255 4835.9302693456411 96.70146980881691 61.320764601230621 74.589099168777466 34.516836553812027 238.87179255485535 965.2630187869072 24084.348856553435 95.207138866186142 59.810393273830414 47.579413533210754 14126.630339205265 5693.9193983078003 27.428158298134804 1554.0729537010193 1301.533025868237 410.00528362393379 3898.0013523995876 446.2339431643486 898.01528331637383
leaf_count=119036 436 4750 12 44 476 241 18 164 91 433 4737 30 64 56 52 217 1063 24146 107 48 12 14041 5372 47 1698 1244 458 4036 451 1052
internal_value=3.87333e-06 -0.000331549 0.000160969 -0.0208691 0.000167578 8.33545e-05 0.00178145 0.0106199 0.00144127 0.00117735 0.00167086 0.00645841 0.0202574 -0.00028538 -0.000133418 -0.000616854 -0.000199912 -0.000318145 0.00650881 0.0100013 0.0220644 0.00050999 0.000839134 6.20149e-05 -0.00179711 0.00149882 -0.00772307 -0.00261584 -0.00283036 -0.00590481
internal_weight=184646 58895.5 125751 39.5095 125711 119476 6235.15 231.081 6004.07 5878.42 5490.48 654.547 158.022 58516 53956 30807.9 25491.1 25049.6 441.469 346.262 107.39 23148.1 20258 14564.1 2890.12 1336.05 437.433 5316.84 5242.25 1344.25
internal_count=184632 59286 125346 56 125290 119277 6013 182 5831 5740 5307 570 94 58850 54100 31188 25593 25209 384 277 60 22912 19918 14546 2994 1296 505 5595 5539 1503
is_linear=0
shrinkage=0.05


Tree=203
num_leaves=31
num_cat=0
split_feature=27 16 9 20 13 2 32 25 29 2 19 19 31 21 25 19 2 4 28 8 21 32 10 23 19 19 19 20 4 6
split_gain=3.86548 6.45085 7.26306 13.7051 9.21877 7.8381 6.92494 7.01845 7.12956 10.0089 12.0133 6.89695 6.79247 6.475 6.36411 24.4932 11.7512 15.9905 10.2391 14.0642 8.51487 8.51399 12.6804 8.77531 8.42349 41.3312 11.9395 7.96657 7.41776 15.1304
threshold=-2.4314675912682824 1.3987799891128625 0.47705401862943747 0.87857628581696445 1.8790793318574128 -1.3091099346826403 -0.72454832322156448 2.2999326429657168 -0.48030321140426696 0.35447751982158182 0.31110613378632929 -0.62329924965528438 1.0000000180025095e-35 0.9523228567751304 -0.55584228984240536 -1.741746260497101 0.022399160944510738 0.10035138282986671 0.093272367127678266 -1.2551101880075273 1.7564384711199492 0.79996772057540066 0.040341546511075473 1.1224540862460015 -0.98438786584380444 -1.0488260449533215 -0.71545443060582081 -0.52642058092158983 0.64699858188642301 -0.76272524169144096
decision_type=2 2 2 2 2 2 2 2 2 2 2 2 2 2 2 2 2 2 2 2 2 2 2 2 2 2 2 2 2 2
left_child=-1 2 4 5 12 11 7 8 9 10 -7 -4 -2 -3 -8 -16 17 24 20 -20 28 22 -21 -24 25 -17 27 -26 -18 -30
right_child=1 13 3 -5 -6 6 14 -9 -10 -11 -12 -13 -14 -15 15 16 18 -19 19 21 -22 -23 23 -25 26 -27 -28 -29 29 -31
leaf_value=0.0015873405321040865 -0.0090934484536705114 -0.0023407165234125139 0.0085212346947773701 0.0038890192201908552 -0.013485171198323098 0.022846136005333015 -0.00023959891680535718 0.012231331980908549 -0.0024938845219481913 -4.2308727670754729e-05 -0.0036382674874738982 -0.0011776275539630166 -0.00014292882174859897 -0.00017071922672568256 0.030285833691011607 -0.0012004237577107829 -0.0025866573383786676 0.012822049569352326 0.0033500477908166592 0.006879860685069468 0.0096293463602320477 -0.0041921204955230051 -0.00088999077790216674 0.016052347787067624 -0.0082100667788134706 0.029456951711922714 0.0021973754195648647 0.0039309380037373994 0.010787075712403619 -0.00057406451249211385
leaf_weight=3774.8391015604138 212.37548796832561 5778.4841334223747 536.41905070841312 2870.2490714788437 129.95160707831383 110.48151415586472 18574.989048957825 93.993253767490387 4565.2936953008175 1210.9753048270941 69.91277277469635 278.4419811964035 110619.78488109075 8486.0254442840815 71.014922469854355 360.34858053922653 4771.1722416132689 356.39404281973839 4554.1311391890049 681.81597857177258 183.30146569013596 1167.1438476890326 3653.9601822644472 78.061362773180008 481.87541532516479 158.20436948537827 6677.4576234966516 187.76158338785172 318.77245134115219 3632.2965499162674
leaf_count=3655 251 6049 445 2647 165 60 18664 71 4793 1212 75 285 110936 8515 28 369 5018 265 4249 588 148 1265 3719 53 561 65 6384 173 250 3674
internal_value=3.77158e-06 -2.9278e-05 5.80948e-05 0.000524282 -0.000175685 0.000341283 0.000264974 -0.00132501 -0.00153892 0.00159446 0.012582 0.00520709 -0.00016008 -0.00104977 0.00047453 0.000959825 0.000883436 0.00246314 0.000201294 0.00128816 -0.00103563 -0.000394363 0.000609872 -0.000535614 0.00199378 0.00815278 0.00155908 -0.00480581 -0.00125976 0.000342553
internal_weight=184646 180871 166607 55644.5 110962 52774.2 51959.4 6050.66 5956.66 1391.37 180.394 814.861 110832 14264.5 45908.7 27333.7 27262.7 8222.04 19040.7 10135.1 8905.54 5580.98 4413.84 3732.02 7865.65 518.553 7347.09 669.637 8722.24 3951.07
internal_count=184632 180977 166413 55061 111352 52414 51684 6211 6140 1347 135 730 111187 14564 45473 26809 26781 7817 18964 9874 9090 5625 4360 3772 7552 434 7118 734 8942 3924
is_linear=0
shrinkage=0.05


Tree=204
num_leaves=31
num_cat=0
split_feature=15 11 6 29 26 19 22 29 29 29 8 32 25 29 9 20 28 28 24 28 21 29 22 19 21 10 22 8 5 10
split_gain=3.87236 7.35386 9.54497 9.53976 9.63409 11.5455 10.7586 8.87946 10.6644 7.19365 8.2274 9.649 8.04546 7.08498 7.05213 6.88437 12.7536 8.20796 8.72788 12.6832 19.0697 10.3323 8.21494 17.0302 7.43175 11.8622 7.31927 12.1698 7.29772 7.14514
threshold=-1.3610798787511136 -0.19507418074866265 -1.3720384852646472 0.43024892814780746 -0.40351795170516253 -1.8038355382079032 -0.94833768602141799 0.7585612515832385 0.51230471117379495 -0.46923424297574201 0.89671389364574694 -0.31723102253118479 -1.5528188849545448 -1.0623302737609699 -0.10026070311122508 -0.99717195504908018 -1.7669317065419203 -0.63429241504990519 -0.28285223142008603 -0.32396657030262194 -0.98084480456507717 -0.074570334055864398 -1.4145674943031576 -0.47214929222067864 0.2258003190636729 0.10058567771847433 -0.030859721309440823 -1.4125607305675232 -1.0665970890843621 0.26849746871374713
decision_type=2 2 2 2 2 2 2 2 2 2 2 2 2 2 2 2 2 2 2 2 2 2 2 2 2 2 2 2 2 2
left_child=1 9 7 -4 -5 -6 -7 8 -3 10 -1 -12 14 -13 -11 16 -2 -18 22 20 -20 -22 23 -19 -24 -26 -23 -28 -27 -21
right_child=15 2 3 4 5 6 -8 -9 -10 12 11 13 -14 -15 -16 -17 17 18 19 29 21 26 24 -25 25 28 27 -29 -30 -31
leaf_value=0.00068339002941881274 0.031673950477788849 -0.0030297030076015066 -0.00021070856434880406 -0.0040417150642313559 0.030321332061246761 -0.0035268977101364667 0.010113633957771768 0.012415998491018668 -0.017834116209391942 0.008383413452266111 0.030783630092803341 0.017563787813253389 0.00062204012460216835 0.0031641050157646491 -0.0012546988730126752 5.8619201225815459e-05 -0.004282624084741094 0.0014546205885792045 0.030845984110534977 -0.0032246006441124008 -0.0054286428847070689 0.0038862451480040413 -0.0014607775283565353 0.027697757861118701 0.022267313098414971 -0.023157037957138912 -0.0017971972553107369 0.029233382737637856 0.0037243525468705937 0.0022866317530440329
leaf_weight=333.5590178668499 30.011922806501389 1669.8188925981522 4500.036078248173 217.42463204264641 53.357270419597626 202.70182752609253 503.93159222602844 85.142609864473343 131.20241728425026 672.80866515636444 54.640912711620331 132.56788352131844 5072.1010015793145 240.20038466155529 264.36600577831268 148958.63671871275 1694.8333204835653 447.00443723797798 80.922977685928345 946.93054151535034 168.6853489279747 220.10786268115044 15878.112207515165 71.741668105125427 84.737551689147949 28.705372214317322 48.265159577131271 91.492995083332062 209.61349046230316 1551.9759493768215
leaf_count=329 11 1771 4519 235 21 217 402 64 178 560 21 86 5009 225 271 148784 1840 434 31 1008 187 203 16342 32 47 42 50 38 194 1481
internal_value=3.69268e-06 0.000799 -0.000294588 0.000761772 0.00523909 0.00789422 0.00620077 -0.00336228 -0.00410819 0.00198844 0.00656849 0.0111613 0.00140845 0.00828508 0.00566461 -6.2231e-05 -0.000897454 -0.000942872 -0.000657405 0.00177554 0.0082427 0.00478207 -0.00110971 0.005084 -0.00130803 0.0061996 0.00956829 0.018517 0.000486504 0.000198217
internal_weight=184646 14133.9 7363.62 5477.45 977.415 759.991 706.633 1886.16 1801.02 6770.24 760.968 427.409 6009.28 372.768 937.175 170512 21553.1 21523.1 19828.3 3108.38 609.474 528.551 16719.9 518.746 16201.2 323.056 359.866 139.758 238.319 2498.91
internal_count=184632 13908 7407 5394 875 640 619 2013 1949 6501 661 332 5840 311 831 170724 21940 21929 20089 2998 509 478 17091 466 16625 283 291 88 236 2489
is_linear=0
shrinkage=0.05


Tree=205
num_leaves=31
num_cat=0
split_feature=21 8 17 23 23 19 24 28 8 22 5 24 20 10 28 21 8 6 13 19 24 28 20 10 25 15 6 6 32 14
split_gain=3.8396 10.1504 8.41527 7.09659 8.36191 11.4339 11.2913 12.5948 12.6137 10.9263 11.4555 11.1622 9.9022 9.81936 8.38442 14.0289 7.92547 7.74154 7.65739 10.8348 8.32736 12.9495 10.9557 11.5602 10.6206 10.3667 11.4516 8.06462 9.21221 7.60828
threshold=3.1111435666435683 0.58181280852575556 0.80225524361703715 2.0374231698337928 1.7260881867468425 0.66884861846710686 1.4975377495907483 -1.3172990633207557 0.84423037945908175 0.36952382993860994 1.0000000180025095e-35 1.9046256214024124 0.77327573578166975 -0.3501297245323467 -1.4350710140661351 1.5449339625391427 1.2116149787657384 0.94160454393992921 1.8219717050734177 -0.92578096709013025 1.2522679616819399 0.30120826780346449 1.3700878590079395 2.2469083887921717 0.44850267568119317 -0.28400003375673344 0.70745810048915003 1.1234297078413957 1.1587352726065745 0.7335344567669273
decision_type=2 2 2 2 2 2 2 2 2 2 2 2 2 2 2 2 2 2 2 2 2 2 2 2 2 2 2 2 2 2
left_child=3 2 -2 4 6 -6 18 8 9 10 -8 -11 -12 -9 15 17 -17 -7 20 -20 22 24 23 -1 -22 27 -27 28 -26 -13
right_child=1 -3 -4 -5 5 14 7 13 -10 11 12 29 -14 -15 -16 16 -18 -19 19 -21 21 -23 -24 -25 25 26 -28 -29 -30 -31
leaf_value=2.1032963785174276e-05 0.020572606693482688 -0.010005818617972053 -0.0010794795200400611 0.0023291145815663235 -0.0090638994329973344 -0.017043356676691015 0.0047051830829305608 0.031034848688281377 -0.00058491662578535571 0.0037220543049496626 0.034248269025119314 0.0024961624928437603 0.011832015883875202 0.00042400864259603728 -0.00042594448040561138 -0.0026365894911206948 0.021161947467899296 -0.0052830914964684794 -0.024530634189240307 -0.0019092227931216763 -0.021882191331052347 0.020930281583905953 0.0024861193482871614 -0.038845214121152757 -0.00035109072282742647 -0.0063923631994811858 -0.0011307205043150918 0.018970285216288039 0.018158096005407475 0.029785947332092434
leaf_weight=153415.53567934781 47.574720561504364 348.29955616593361 790.92426857352257 3273.4865001291037 501.99868877232075 211.80323764681816 132.46548774838448 26.364145517349243 590.09685146808624 891.35330733656883 104.75039267539978 38.944221973419189 93.009889483451843 4164.3141005784273 4877.4495437145233 76.942674875259399 64.151349514722824 412.42266663908958 53.66920630633831 3855.7695379853249 66.775927484035492 61.920104622840881 4624.9642581045628 19.134401515126228 532.2625518143177 1434.5914119184017 3704.2310006469488 78.956575512886047 76.94263482093811 74.205800652503967
leaf_count=153351 28 418 808 3121 593 284 120 10 597 825 33 37 71 4129 4919 81 37 456 80 4003 96 36 4395 34 536 1618 3788 49 49 30
internal_value=3.6044e-06 -0.00283121 0.000149016 2.19429e-05 -1.99723e-05 -0.00183271 4.40293e-05 0.00215439 0.00550247 0.00819376 0.0160838 0.00559995 0.0237055 0.000616586 -0.0011894 -0.00605499 0.00818391 -0.00927341 -3.28262e-05 -0.00221977 1.93014e-05 -0.00181608 8.84585e-05 1.61861e-05 -0.00205505 -0.00182784 -0.0025996 0.00393525 0.00198662 0.0203933
internal_weight=184645 1186.8 838.499 183459 180185 6144.77 174040 6115.5 1924.83 1334.73 330.226 1004.5 197.76 4190.68 5642.77 765.32 141.094 624.226 167925 3909.44 164015 5955.68 158060 153435 5893.76 5826.98 5138.82 688.162 609.205 113.15
internal_count=184632 1254 836 183378 180257 6370 173887 5852 1713 1116 224 892 104 4139 5777 858 118 740 168035 4083 163952 6172 157780 153385 6136 6040 5406 634 585 67
is_linear=0
shrinkage=0.05


Tree=206
num_leaves=31
num_cat=0
split_feature=37 22 24 29 25 21 19 5 8 19 5 21 4 25 20 21 21 25 2 19 30 25 16 6 11 23 21 29 29 24
split_gain=3.75407 4.04612 8.92399 10.4669 10.7216 13.7639 11.1791 18.5639 24.727 22.4316 15.0497 13.1443 11.673 21.0352 10.7757 9.68837 11.8955 13.9013 12.4574 9.05705 14.7015 10.0797 11.5688 8.96845 8.94969 15.5804 37.9124 9.76574 14.0993 15.1689
threshold=1.0000000180025095e-35 -0.81134395626783384 -0.10596031429954592 0.26279092527348002 -1.752104298992007 -0.43128159983596087 -0.47214929222067864 0.35993122193886878 0.47684578015242507 -0.13188631821266805 1.0000000180025095e-35 -0.96621299433107266 -0.22581658888353009 -1.6190724903578471 -1.4929422625300293 -0.7174569297990282 -0.39981878265874393 -0.34133585040299746 0.074045054617255746 -1.4219738183396542 -0.58013600445002089 -1.6604035172199014 -1.6469355881570555 -0.64845933824283952 0.0048003322422046817 -0.19783738324091801 0.5209213086733232 -1.2285053290548948 -1.1590890110177476 0.33390697756049431
decision_type=2 2 2 2 2 2 2 2 2 2 2 2 2 2 2 2 2 2 2 2 2 2 2 2 2 2 2 2 2 2
left_child=1 2 3 -1 -5 6 11 8 -8 10 -10 12 14 -14 -6 -4 -17 18 -18 20 -16 22 -21 -13 -19 26 -26 -27 -29 -30
right_child=-2 -3 15 4 5 -7 7 -9 9 -11 -12 23 13 -15 19 16 17 24 -20 21 -22 -23 -24 -25 25 27 -28 28 29 -31
leaf_value=0.00063251525494638773 0.0046351577131477839 -0.00013265808864519431 -0.0028117214954543578 -0.0083387703674500362 -0.008173214323905718 -0.0040258306333447952 -0.00056184018996370273 -0.0011070683698494964 0.01576978740547591 -0.0072804881475510815 0.039010157676372108 -0.0059049780821805757 0.032104619213115221 0.0036037083980998727 0.0028255373693478825 0.0044154665008087103 6.5204517520339064e-05 0.00031655777223502969 -0.007560977256188684 0.026417944708954699 0.027292389711766826 -0.002532475982888493 -0.0021884731210837509 0.0035051972636442881 0.0064203646102354538 -0.0038646246327304376 0.044679234715492504 0.027102452534722848 -0.00097189454930043733 0.0071876647414719488
leaf_weight=17394.039912560955 436.46134340763092 143297.80771546438 1211.8521830141544 529.66491764783859 415.99901735782623 2682.9758729934692 279.85532054305077 747.45042565464973 169.440957903862 64.594421565532684 118.29105365276337 1481.0845641940832 69.850429981946945 884.76898792386055 341.28634721040726 3366.2733444273472 1827.3830727636814 3365.3062765449286 757.45760487020016 67.848199605941772 74.864768266677856 1296.3409537523985 73.771079391241074 305.41048002243042 466.96122747659683 500.32837331295013 75.177155375480652 63.325559437274933 1118.2633203268051 1160.8803786933422
leaf_count=17174 396 143678 1280 618 484 2899 283 764 116 74 26 1656 25 821 322 3069 1825 3344 872 32 34 1362 77 284 407 539 8 29 1140 994
internal_value=3.52441e-06 -7.44973e-06 0.000431117 -9.90133e-05 -0.00142397 -0.00102034 0.000241415 0.00422693 0.0105335 0.0193466 0.0253243 -0.00085583 0.00105016 0.00568915 -0.000900609 0.00145979 0.00186735 0.000948481 -0.00216956 0.000731114 0.00722708 -0.00114884 0.0115165 -0.00429626 0.00214246 0.00395777 0.0117256 0.00247639 0.00383077 0.00318417
internal_weight=184645 184209 40910.7 26997.5 9603.5 9073.83 6390.86 1379.63 632.182 352.326 287.732 5011.22 3224.73 954.619 2270.11 13913.2 12701.4 9335.08 2584.84 1854.11 416.151 1437.96 141.619 1786.5 6750.24 3384.94 542.138 2842.8 2342.47 2279.14
internal_count=184632 184236 40558 27051 9877 9259 6360 1263 499 216 142 5097 3157 846 2311 13507 12227 9158 2697 1827 356 1471 109 1940 6461 3117 415 2702 2163 2134
is_linear=0
shrinkage=0.05


Tree=207
num_leaves=31
num_cat=0
split_feature=9 5 32 13 21 25 15 30 24 2 32 29 13 5 24 2 21 20 16 38 21 10 21 8 36 2 23 20 24 25
split_gain=3.84213 6.33994 8.59639 6.78885 7.58258 6.6291 5.97967 5.85479 6.79852 5.84515 7.23091 5.77848 5.48018 7.87787 11.7072 7.79877 7.73265 8.74196 9.36586 7.66898 7.50289 10.4302 9.48854 8.85384 10.4849 9.14109 7.33207 7.13142 13.3979 17.0269
threshold=0.73946980123882966 0.35993122193886878 0.80756294729942335 -0.15904708348252752 -0.26180865484761184 -1.8058256656575915 -1.3851150303375455 0.36774252420158499 1.0000000180025095e-35 1.1278235407811887 1.0057691841126928 -0.31381693977053299 0.66979822193304128 1.0000000180025095e-35 -1.1398321252996755 1.810410148753727 -0.72485326203876466 0.94174013754354113 2.9113238709620717 1.0000000180025095e-35 1.5449339625391427 0.41374613466120502 1.5081815616827814 1.106647950392408 1.0000000180025095e-35 1.5817037578343356 -0.5031230291466241 0.75882809318631705 1.6270136925359178 1.0894634729347941
decision_type=2 2 2 2 2 2 2 2 2 2 2 2 2 2 2 2 2 2 2 2 2 2 2 2 2 2 2 2 2 2
left_child=12 2 -2 5 9 -3 -7 -8 -9 -5 11 -11 15 14 -14 27 26 -18 19 -19 22 -22 23 -15 -25 -26 -16 28 -1 -30
right_child=1 3 -4 4 -6 6 7 8 -10 10 -12 -13 13 20 16 -17 17 18 -20 -21 21 -23 -24 24 25 -27 -28 -29 29 -31
leaf_value=-0.00026994270965116456 0.00020169035775108549 -0.0057196234595752469 -0.002446287945708104 -0.0017990401317478522 0.0014045481808285768 0.016639996231483357 0.0027205910150854013 0.029514142489921652 0.0069170607285818364 -0.0035808096807917627 0.013311148448404156 0.0025073977427321459 -0.029209104406176908 -0.0017920498152445277 0.018828775307207998 0.0074045679321827389 -0.0056901792410955186 -0.00057511221101239518 -0.021418601970745937 -0.0092803203294806961 0.033925190395227296 0.0014458811470619861 -0.029278182529922949 -0.00084442376666495924 0.0028469782981520916 0.01512948759207172 -0.0074843099202610676 0.0008327140652321964 0.033924476638814365 0.0044300004956384182
leaf_weight=92557.296651786193 28654.587081551552 198.31433394551277 3432.08274962008 4258.7661754190922 11684.22102946043 86.930444002151489 2748.5538177937269 41.49203896522522 168.28007030487061 552.43659335374832 121.29025107622147 1323.3639988303185 40.399396419525146 6421.8350350111723 81.806218296289444 353.32427108287811 1555.9296308159828 4238.250607535243 57.408012494444847 269.06062412261963 24.883653342723846 3719.5608588457108 29.642455637454987 1059.1131921485066 430.51323658227921 233.7218291759491 39.141115099191666 19553.652015864849 52.875416159629822 656.13342891633511
leaf_count=93057 28539 221 3600 4412 11356 58 2599 17 145 592 89 1257 64 6652 51 301 1733 4287 82 319 8 3612 47 1077 406 163 45 19228 17 598
internal_value=3.48405e-06 0.000361663 -8.1545e-05 0.00103299 0.000652389 0.00313806 0.0037149 0.00333509 0.0113867 -0.000752439 0.00147942 0.000714377 -0.000141752 -0.000947006 -0.00237985 -1.22459e-05 -0.0022062 -0.00245359 -0.00135037 -0.00109476 -0.000191831 0.00166172 -0.00104084 -0.00093808 0.00224413 0.00716878 0.0103133 -3.54735e-05 -0.000217493 0.0066296
internal_weight=184645 53270.3 32086.7 21183.6 17940.1 3243.57 3045.26 2958.33 209.772 6255.86 1997.09 1875.8 131375 18201.3 6282 113173 6241.6 6120.65 4564.72 4507.31 11919.3 3744.44 8174.83 8145.18 1723.35 664.235 120.947 112820 93266.3 709.009
internal_count=184632 52885 32139 20746 17706 3040 2819 2761 162 6350 1938 1849 131747 18546 6581 113201 6517 6421 4688 4606 11965 3620 8345 8298 1646 569 96 112900 93672 615
is_linear=0
shrinkage=0.05


Tree=208
num_leaves=31
num_cat=0
split_feature=8 14 21 25 2 20 8 8 4 1 3 8 5 5 25 20 19 29 32 5 30 15 2 6 20 32 29 24 25 29
split_gain=3.72638 8.85878 8.98724 13.0086 9.96111 8.3029 8.44434 10.3703 9.58646 8.29484 11.938 13.8263 9.31431 10.1619 13.327 19.7994 23.8357 19.174 23.2645 14.2066 14.2846 13.9409 13.1605 16.1968 20.5279 27.5605 13.7368 16.6251 12.9181 15.3117
threshold=0.21442820921909891 -0.53581707877260432 -0.69912793914338789 -0.37267510905851853 1.0501400986660823 2.7122881250082007 -0.15295639008755771 -0.94020910288753601 1.5912716763988524 0.31152728886265096 0.49720297410372044 1.6314830922590604 1.0731953774504845 1.0000000180025095e-35 -0.47718190128037691 -1.1786217748749539 -0.47214929222067864 0.9007674075662353 0.74103188189047564 0.35993122193886878 -1.0734371060393824 -0.35297529402918421 -0.9533181095222284 -1.067218964810156 -0.11675219102800719 -1.0143364764464824 -0.37352220968583932 0.094879230809011103 -0.26690580410166181 0.092887535698938997
decision_type=2 2 2 2 2 2 2 2 2 2 2 2 2 2 2 2 2 2 2 2 2 2 2 2 2 2 2 2 2 2
left_child=1 -1 3 -3 -5 -4 7 -7 -9 10 12 -12 13 -2 15 16 19 -17 -19 20 -15 22 -16 24 25 -24 -25 -28 29 -27
right_child=9 2 5 4 -6 6 -8 8 -10 -11 11 -13 -14 14 21 17 -18 18 -20 -21 -22 -23 23 26 -26 28 27 -29 -30 -31
leaf_value=0.0011336121493429345 -0.00043618248614522566 -0.00037517618850979091 0.00016368014773111367 -0.0051117115160874615 0.0032973783122957445 0.012010645373687304 0.015355855984021503 0.0077365583370619497 -0.016361821576719792 -0.0011046984053806465 0.0035419923824753551 0.023914764340813431 -0.0013178974555806131 0.013987300281459301 0.00061354784721804332 -0.0020648852009478112 0.04218139809554361 -0.00057470061550715808 0.020153782832835199 -0.006841486205795947 -0.0021749006540275639 0.00066210228445783231 -0.0068752874546599251 -0.001350222691874533 0.0044140757962627423 0.027608637994411107 0.0012247606151516168 0.010096058762502684 0.036544763239623704 -0.0024883022072735976
leaf_weight=20449.639196945354 24012.523154363036 11378.620255753398 68882.493938922882 2713.5793095678091 404.68820181488991 135.56429293751717 178.96242326498032 69.800278633832932 100.96166518330574 21068.512946732342 426.19132888317108 103.50682801008224 11148.157434239984 402.6357399225235 2150.3873114585876 7106.5171579122543 44.765036404132843 348.98871852457523 221.1335523724556 200.55774012207985 206.99608135223389 8933.295108191669 79.999595761299133 926.96774354577065 491.37974852323532 118.34921035170555 992.3067641556263 1128.9611668884754 152.357037961483 65.728931307792664
leaf_count=19986 24222 11464 68657 2991 378 103 124 59 134 21534 396 54 11442 290 2124 7400 7 353 132 228 216 8815 91 952 448 53 968 901 41 69
internal_value=3.39243e-06 0.000200504 -2.70255e-05 -0.00115926 -0.00402038 0.000209595 0.00672679 0.0016855 -0.00651142 -0.000252571 5.03743e-05 0.00752298 -1.70203e-05 0.000287755 0.00102524 -0.000553273 0.00666437 -0.00135711 0.00746526 0.00470196 0.00849954 0.00192069 0.00376191 0.00547326 0.0113357 0.019503 0.00372733 0.00594616 0.0257754 0.0168619
internal_weight=184645 104314 83864.7 14496.9 3118.27 69367.8 485.289 306.326 170.762 80330.2 59261.7 529.698 58732 47583.8 23571.3 8531.59 854.955 7676.64 570.122 810.19 609.632 15039.7 6106.44 3956.05 907.815 416.435 3048.24 2121.27 336.435 184.078
internal_count=184632 103896 83910 14833 3369 69077 420 296 193 80736 59202 450 58752 47310 23088 8626 741 7885 485 734 506 14462 5647 3523 702 254 2821 1869 163 122
is_linear=0
shrinkage=0.05


Tree=209
num_leaves=31
num_cat=0
split_feature=27 22 28 4 16 12 15 11 8 2 21 29 13 11 6 22 24 8 17 4 25 4 24 20 29 21 20 23 21 21
split_gain=3.70147 6.10003 12.3123 8.93082 8.41354 7.91038 7.18678 6.00202 5.6863 6.60614 5.56315 5.60821 5.70458 5.51181 4.88686 4.37302 7.99614 8.24817 9.58114 12.0275 9.80012 10.565 11.9709 17.6928 9.39983 9.26052 17.6509 11.2397 8.21047 10.1248
threshold=1.6205707091087136 -1.4145674943031576 1.9593027005462305 -0.2926566849150955 -0.74479435952845496 -0.21090223120107529 -1.8740130993265864 -0.1759768438294638 -0.36289044683421862 -1.3531091368456611 -2.1458731770471009 0.045101446474492234 1.3115682153648067 0.27459883281470382 0.69371668113807516 -0.81134395626783384 -0.10596031429954592 0.79174686527241656 -1.0814739714517365 -0.91002235161315193 -0.85172464054353081 -0.68987447837691662 -1.9391018954958896 -0.59569599197843159 -0.29046522860763074 -0.12783922848640131 -0.37584170287094559 -0.6336571030250332 -0.7174569297990282 -0.39981878265874393
decision_type=2 2 2 2 2 2 2 2 2 2 2 2 2 2 2 2 2 2 2 2 2 2 2 2 2 2 2 2 2 2
left_child=15 2 5 13 -5 7 -3 -2 9 -8 -10 -12 14 -4 -13 16 17 18 19 -1 21 -20 23 -23 25 26 -19 -28 -18 -30
right_child=1 6 3 4 -6 -7 8 -9 10 -11 11 12 -14 -15 -16 -17 28 24 20 -21 -22 22 -24 -25 -26 -27 27 -29 29 -31
leaf_value=-0.00012854806195087686 -0.00070682252659011826 0.0065873255610308648 0.012011275539507111 0.017665376708788743 -0.022661806520808351 -0.0020917134386337203 0.024441331274568774 0.0090967642448513339 -0.02136567971516394 -0.00042084994721169493 -0.0016559790906875583 -0.0064414935710885267 -0.032257739775211208 0.035532349189745578 0.0089895842005785105 -7.9384072215878782e-05 -0.0027025720473985455 -0.0016279929064601734 -0.0080739972194745335 0.0046946817232418857 0.001036286980148535 -0.0044345011261875721 -0.0014466746895431472 0.04229176310437361 -0.0022252063647134192 -0.0027819176856432371 0.01662401020459027 0.0022182711814483099 0.0044735927494815135 0.0010654820020497679
leaf_weight=2437.7326840609312 287.92969593405724 214.2231521345675 51.331020295619965 26.287611782550812 25.460418462753296 1469.5235560536385 27.387968063354492 341.04881036281586 45.540097445249557 1092.8018879592419 1475.1438530646265 1177.325330555439 20.666748255491257 48.383805483579636 53.644908249378204 142075.42946356162 1024.6179251223803 561.71077674627304 619.89877884089947 2751.3326182216406 6543.6213929653168 42.252614885568619 3610.5346184764057 38.919406026601791 6206.7729835957289 667.84235143661499 340.06482264399529 224.98139442503452 2971.901546984911 8170.1019323170185
leaf_count=2444 292 186 39 17 37 1531 14 279 65 1102 1524 1329 34 14 44 142301 1080 580 720 2493 6408 46 3715 6 6483 705 227 215 2706 7996
internal_value=3.36165e-06 -0.00118223 0.000910346 0.0146778 -0.0021759 -8.33436e-05 -0.00232869 0.00460894 -0.00281938 0.000187015 -0.00403415 -0.00374469 -0.00620639 0.0234242 -0.00576902 4.56328e-05 0.000536124 7.61976e-06 0.000661581 0.00242881 -0.000183198 -0.00203398 -0.00101976 0.0179693 -0.0013037 0.00188341 0.00464861 0.0108882 0.00158064 0.00197453
internal_weight=184644 6356.7 2249.96 151.463 51.748 2098.5 4106.73 628.979 3892.51 1120.19 2772.32 2726.78 1251.64 99.7148 1230.97 178288 36212.3 24045.7 16044.3 5189.07 10855.2 4311.61 3691.71 81.172 8001.37 1794.6 1126.76 565.046 12166.6 11142
internal_count=184632 6507 2209 107 54 2102 4298 571 4112 1116 2996 2931 1407 53 1373 178125 35824 24042 15832 4937 10895 4487 3767 52 8210 1727 1022 442 11782 10702
is_linear=0
shrinkage=0.05


Tree=210
num_leaves=31
num_cat=0
split_feature=15 32 2 11 6 29 29 25 29 26 19 2 22 17 29 19 8 32 29 7 25 25 19 21 24 8 26 22 21 20
split_gain=3.69791 7.23988 6.77641 6.54149 7.78041 7.49622 8.76074 7.27426 7.25499 9.50332 9.7473 7.06047 7.25482 7.22551 6.85171 8.60763 7.52861 8.85901 7.52292 6.76275 6.20366 6.01182 6.4899 5.87954 7.49112 8.41998 5.8509 5.57938 5.34738 5.28249
threshold=-1.3610798787511136 -2.1318435543125287 -2.2084017655152115 -0.19507418074866265 -1.3720384852646472 0.7585612515832385 0.51230471117379495 0.30050623029726642 0.43024892814780746 -0.40351795170516253 -1.8038355382079032 -1.3306494689159141 -0.96322120874128581 -1.9996053677153356 -0.46923424297574201 -0.82007535346306248 0.89671389364574694 -0.11762400060558284 -1.0623302737609699 -1.2277725481130848 -2.0401602030169657 -1.4028648228002207 -0.099611250775217555 -0.82312944871108862 -1.3557108212106155 0.47684578015242507 -0.26735432464004355 -0.43106221064195038 -0.96621299433107266 -0.99717195504908018
decision_type=2 2 2 2 2 2 2 2 2 2 2 2 2 2 2 2 2 2 2 2 2 2 2 2 2 2 2 2 2 2
left_child=1 2 -1 14 5 6 21 8 -6 -10 -11 13 -13 -12 16 28 -3 -18 -19 -7 -2 -5 -23 26 25 -25 27 -17 -16 -22
right_child=20 3 -4 4 7 19 -8 -9 9 10 11 12 -14 -15 15 23 17 18 -20 -21 29 22 -24 24 -26 -27 -28 -29 -30 -31
leaf_value=0.024536747457874784 -0.0086558092189148277 0.00062179896921284183 0.0048870711001941331 -0.0069831704325496865 0.00014957966830066318 0.026280786909989664 -0.016226672901223187 -0.0071855826291665958 -0.0037132597906063 0.029372468715164263 -0.0018453980740156873 -0.012705817279515528 0.0055949983589691178 0.01716323767015699 0.0041701007746854299 0.0058115013032659368 0.0267770671294086 0.017100014975809135 0.0018848178249831476 -0.0024447880711354619 -0.00078513914482803652 0.00017790548463312729 -0.018615394667190904 -0.0036962844947377831 -0.00037116940394367188 0.023209655730653339 -0.0081496600704438846 -0.016953088317904239 -0.000362218218092271 5.501493840829859e-05
leaf_weight=54.981193065643311 209.69789928197861 333.14295873045921 217.23262491822243 579.99580660462379 4251.7194168716669 40.05191969871521 132.87697541713715 287.65991784632206 218.7541775405407 50.902843475341797 66.543996810913086 70.96630235016346 228.57785382866859 200.99423637986183 2333.6293930187821 166.33287391066551 71.050456404685974 127.65963414311409 223.42220287024975 41.948877513408661 21397.991982422769 1024.6458016335964 48.094163447618484 48.420482367277145 1843.3163438737392 72.787418246269226 458.30018526315689 32.112036347389221 902.46223533153534 148907.84309988469
leaf_count=28 246 329 196 661 4239 19 176 329 235 21 69 89 203 132 2139 147 33 84 215 44 21734 1021 66 52 1857 39 533 43 909 148744
internal_value=3.28072e-06 0.000780624 0.00885587 0.000621983 -0.000415999 -0.00319623 -0.00387506 0.000549827 0.000987124 0.00524294 0.00841325 0.00653189 0.00125927 0.0124353 0.00175903 0.00118109 0.00624112 0.0106758 0.00741734 0.0115857 -6.11285e-05 -0.00288202 -0.000664655 -0.000948599 0.000420566 0.0124612 -0.00504419 0.00212777 0.00290615 -5.05458e-05
internal_weight=184644 14128.6 272.214 13856.4 7243.73 1867.61 1785.61 5376.12 5088.46 836.739 617.985 567.082 299.544 267.538 6612.64 5857.36 755.275 422.132 351.082 82.0008 170516 1652.74 1072.74 2621.27 1964.52 121.208 656.745 198.445 3236.09 170306
internal_count=184632 13908 224 13684 7304 1987 1924 5317 4988 749 514 493 292 201 6380 5719 661 332 299 63 170724 1748 1087 2671 1948 91 723 190 3048 170478
is_linear=0
shrinkage=0.05


Tree=211
num_leaves=31
num_cat=0
split_feature=9 16 20 30 32 29 21 21 32 4 6 8 2 32 14 10 21 19 28 19 5 21 21 25 8 32 19 19 4 10
split_gain=3.67795 6.01048 9.37722 8.52978 7.70602 6.50989 15.4099 11.4183 9.18979 7.71767 7.27066 7.22611 6.65481 13.1826 12.0409 9.20125 14.6133 8.08918 7.87489 10.4731 9.04423 7.76977 12.2683 7.11774 7.28664 9.26375 6.63816 9.17389 7.69762 6.59177
threshold=0.84443611428258647 1.1787165341610872 0.50999066121931425 0.2278806218198268 -0.54021712563396596 0.94140676608652807 -0.087460493654210561 0.56885973168118131 -0.23782504799384538 0.15975261457916884 1.0000000180025095e-35 -1.2026266738208622 1.1478048380030486 1.0057691841126928 0.41901205851012341 0.16325274001847687 1.0539175781750278 -0.69049134137896007 -0.48697763402614241 -0.67325278394319676 1.0731953774504845 0.17815961186264342 -0.14146079531329384 -0.7543653419885733 -1.4125607305675232 0.96989224591152556 -0.92578096709013025 -0.93689077464513693 1.203285176354705 0.12148767157603554
decision_type=2 2 2 2 2 2 2 2 2 2 2 2 2 2 2 2 2 2 2 2 2 2 2 2 2 2 2 2 2 2
left_child=-1 2 4 -3 -2 12 8 11 -7 -9 -10 -8 15 -14 -15 16 17 23 19 -19 21 22 -21 24 25 -6 27 28 -26 -25
right_child=1 3 -4 -5 5 6 7 9 10 -11 -12 -13 13 14 -16 -17 -18 18 -20 20 -22 -23 -24 29 26 -27 -28 -29 -30 -31
leaf_value=-0.00012847820920865838 -0.0014804548344293353 -0.0029790852123933657 0.0041190964840240075 0.00014037372809271026 -0.0019736102132777095 0.025503468945194487 -0.00063757140462118158 0.0068134612581318785 0.010414956601818841 -0.0047380154549700841 0.001020665893061791 -0.011949000091000431 0.0015815399665059838 0.026887643670451267 0.0052857704622405813 -0.00078389549752853373 0.026165629514131789 0.027970074751960502 0.0017653874646553433 0.004639898831251754 -0.0083572069009400663 -0.013460990219004033 0.020158817538433974 -0.004358833063347319 0.0022662344815302647 -0.023448980074240823 -0.0024956613539782748 0.024703857417504034 0.027353143044592382 0.0087488083858657858
leaf_weight=136963.06463500485 4190.910914644599 2812.4305906742811 1918.0093071162701 9923.8609829545021 758.07702820003033 71.438686072826385 338.68133050203323 578.88408580422401 543.13443040847778 192.73625308275223 331.77258035540581 242.1346587240696 4983.6364039033651 97.350524663925171 191.21429765224457 11235.845424816012 58.738702118396759 56.74100136756897 3409.3774434179068 429.89321944117546 99.387895941734314 40.18216547369957 180.95797571539879 1201.2767056822777 2848.0887376070023 53.778827130794525 709.58244976401329 47.438062846660614 30.90936678647995 104.23941284418106
leaf_count=137315 4315 2980 1760 9896 788 35 343 500 430 211 325 300 4826 45 171 11412 28 25 3289 390 116 51 108 1306 2719 79 745 24 14 86
internal_value=3.18833e-06 0.000381401 0.000720312 -0.000548466 0.000522928 0.000814097 0.00336661 -5.78095e-05 0.0082605 0.00392812 0.00685256 -0.00535316 0.000592982 0.00218316 0.0125734 0.000198722 0.00129962 0.00115312 0.00281676 0.00725766 0.00569155 0.00783626 0.00923721 -6.61298e-05 0.000886654 -0.00339618 0.00184293 0.00289492 0.00253557 -0.00331225
internal_weight=184644 47680.7 34944.4 12736.3 33026.4 28835.5 2298.78 1352.44 946.346 771.62 874.907 580.816 26536.7 5272.2 288.565 21264.5 10028.7 9969.93 4216.54 807.162 750.421 651.033 610.851 5753.39 4447.87 811.856 3636.02 2926.44 2879 1305.52
internal_count=184632 47317 34441 12876 32681 28366 2144 1354 790 711 755 643 26222 5042 216 21180 9768 9740 3979 690 665 549 498 5761 4369 867 3502 2757 2733 1392
is_linear=0
shrinkage=0.05


Tree=212
num_leaves=31
num_cat=0
split_feature=14 18 4 2 5 8 19 24 28 19 8 2 38 8 21 10 8 1 1 3 19 29 22 20 19 19 29 6 2 8
split_gain=3.6632 11.8427 8.32604 11.3983 11.0552 9.45857 7.85731 7.85626 9.27338 6.87757 6.46156 6.39111 10.5449 9.33053 10.0375 9.61183 9.49642 13.0679 10.6855 9.74419 9.30301 9.2651 12.7248 9.26142 9.45841 13.2825 26.7928 14.7693 8.87785 8.78735
threshold=1.0000000180025095e-35 1.0952199738588004 -0.58378083498853139 -0.81427786121395129 0.35993122193886878 0.16194469503243367 0.87591127161366567 1.9046256214024124 -1.3645190661148141 0.85637317229987031 1.106647950392408 0.32343241555432412 1.0000000180025095e-35 0.79174686527241656 0.62580274073476927 -1.0390241154863165 1.2116149787657384 -0.37621680577285971 -0.40488248126279208 -0.22336278856030728 0.18937477751373896 0.16072167820396985 -1.9111894843080919 -0.049559353244548222 0.62004688460928137 0.5106440568774181 0.8247689414492857 0.39994049145632321 -2.2084017655152115 0.47684578015242507
decision_type=2 2 2 2 2 2 2 2 2 2 2 2 2 2 2 2 2 2 2 2 2 2 2 2 2 2 2 2 2 2
left_child=1 11 7 4 5 -4 -7 -2 9 10 -9 12 13 14 20 -16 18 28 -15 -20 -1 -22 29 -13 25 -25 27 -27 -18 -23
right_child=2 -3 3 -5 -6 6 -8 8 -10 -11 -12 23 -14 16 15 -17 17 -19 19 -21 21 22 -24 24 -26 26 -28 -29 -30 -31
leaf_value=0.00043600267718407011 -0.0019387478564391232 0.0067583428069477175 0.0023089247036031115 -9.0008905598779583e-05 -0.0074533806319180794 0.029781949546446404 0.0023620434995166853 -0.012761191950653963 0.00019112773304429199 0.020254306773614266 0.019846636848700947 0.00019566838782858541 0.01761097579914157 -0.005352319050370119 0.028207232062441401 0.0025102817640714698 0.027000751385303341 -0.00050354917529801455 0.0023109007122237963 -0.0017760501515254692 -0.0034748471681527839 0.0010264077051151007 4.6142951105587449e-05 0.0029982253645682837 -0.0015964862415416559 -1.7465265052925252e-05 0.039031067525966197 0.025629380183513347 0.0029999079434158897 0.03364420360207681
leaf_weight=41260.796345077455 9655.6043537259102 686.83769017457962 90.163619756698608 77583.336184978485 72.232476949691772 106.34061723947525 34.636246889829636 39.036862224340439 554.11814610660076 119.34500756859779 24.872847080230713 9056.4411890357733 84.905306667089462 1755.12068118155 36.709427118301392 4183.0107087641954 39.131712436676025 15174.181073576212 1716.3251414895058 9706.225148871541 3194.0250279307365 35.733543813228607 1834.6931640505791 3700.9240881502628 960.3367138504982 233.9182914942503 77.491588085889816 73.859426915645599 2504.2504143416882 48.912323147058487
leaf_count=40901 10030 594 86 77723 83 43 33 49 552 71 15 9021 55 1943 16 3973 18 15327 1637 10051 3416 35 1833 3479 991 234 17 36 2354 16
internal_value=3.11827e-06 0.000216279 -0.000229562 -5.21853e-05 0.00962066 0.0149564 0.0230452 -0.00155885 0.0034157 0.013166 -7.06392e-05 0.000169315 -6.0067e-07 -1.89506e-05 0.00039914 0.00273383 -0.000703613 5.23864e-05 -0.00172007 -0.00116195 0.000186699 -0.00182498 0.000920604 0.00115214 0.00286861 0.00391799 0.0127533 0.00613718 0.00336918 0.0198745
internal_weight=184644 96363.8 88279.7 77886.7 303.373 231.14 140.977 10393 737.373 183.255 63.9097 95677 81574 81489.1 50593.9 4219.72 30895.2 17717.6 13177.7 11422.6 46374.2 5113.36 1919.34 14103 5046.53 4086.19 385.269 307.778 2543.38 84.6459
internal_count=184632 95947 88685 77968 245 162 76 10717 687 135 64 95353 81575 81520 50190 3989 31330 17699 13631 11688 46201 5300 1884 13778 4757 3766 287 270 2372 51
is_linear=0
shrinkage=0.05


Tree=213
num_leaves=31
num_cat=0
split_feature=13 25 19 6 8 8 26 29 6 24 19 29 21 2 30 29 23 8 16 21 1 25 21 24 24 10 29 20 2 6
split_gain=3.68939 9.91436 7.31165 7.02214 6.82278 6.53818 8.09988 7.56233 7.47291 11.0846 15.1798 11.5102 14.9509 9.99405 9.86474 8.4802 8.46724 12.4676 12.0632 10.9604 9.63534 8.27711 7.88758 15.2082 7.79991 7.29567 7.28999 7.10381 7.0877 7.05008
threshold=-1.2676995906763662 -1.7031746970820054 -2.118871167500143 -1.592412183287983 1.6839666064457255 1.0016809220190774 -0.43556627656597247 1.1501649055526186 -0.870002884882627 -1.1503320234236345 -1.8038355382079032 -0.3822371654622862 -0.68657587189822655 -2.2084017655152115 -0.58013600445002089 0.86286204798791266 -1.1511609799958362 1.5789995780723951 -0.80485263443371258 -0.82312944871108862 0.28250222664276681 -1.752104298992007 -1.414594380311841 -1.7108869417655967 -0.43996303497367623 -1.5925056067120666 0.34587388505773814 -1.0748494574116376 -0.85289081244640974 -1.126343799020189
decision_type=2 2 2 2 2 2 2 2 2 2 2 2 2 2 2 2 2 2 2 2 2 2 2 2 2 2 2 2 2 2
left_child=3 4 -3 -1 -2 7 -7 29 9 -8 14 12 -12 15 -11 -13 17 22 19 -18 26 -15 -10 27 -23 -19 -21 -24 -28 -5
right_child=1 2 -4 5 -6 6 8 -9 16 10 11 13 -14 21 -16 -17 18 25 -20 20 -22 24 23 -25 -26 -27 28 -29 -30 -31
leaf_value=-0.0025250141665536649 -0.0042434049355755182 -0.0074671033548938202 -1.4384959566257329e-05 0.0038872674916748413 0.022048062324214423 -0.017290025743220371 -0.0047091063790698981 -0.020987965407175315 0.0082829828646199116 0.0062964369146505514 0.028049816074671843 0.0051965124338058978 0.0014163782723933785 0.02978132438486274 0.040681732984863828 0.034615882265753996 -0.0063633835133694366 0.0040454112924772261 0.029409470607319573 0.0018175346320295261 -0.0083435488511081988 -0.0058851299604575419 -0.051564795912419741 0.0012778922730453603 0.00075150358451077088 0.019639454601505645 0.0058188688536827769 -0.01402970191275682 0.025050721881838878 0.00094691224611560701
leaf_weight=1532.6031083762646 1683.1539269983768 329.75387436151505 165554.37015292048 3175.9124241620302 25.042987436056137 68.360799923539162 1530.8237629085779 35.921581655740738 274.46832945942879 46.906931757926941 79.725983858108521 150.65791517496109 155.40216532349586 19.783689320087433 37.560632109642029 29.250945389270782 565.08318012952805 119.68336898088455 33.996212244033813 740.93344305455685 183.39645451307297 934.05884529650211 19.199565947055817 330.44547411799431 841.65006119012833 200.91865825653076 142.59481060504913 36.701716989278793 72.146376252174377 5692.811862334609
leaf_count=1610 1826 379 165602 2929 14 92 1675 51 229 41 35 135 151 8 7 9 637 110 14 714 214 1044 39 322 829 122 126 47 36 5585
internal_value=3.06516e-06 -6.82248e-05 -2.91999e-05 0.000703766 -0.00385796 0.00102264 -0.000168215 0.00190713 1.06068e-05 -0.0014138 0.000784253 -1.06399e-05 0.0104471 -0.0012554 0.0215867 0.00997974 0.00201443 0.00572729 -8.197e-05 -0.000670295 0.002154 -0.00238117 0.00180195 -0.00280231 -0.0027395 0.0138181 0.0041685 -0.0269213 0.0122802 0.00199986
internal_weight=184643 167592 165884 17051 1708.2 15518.4 6613.75 8904.65 6545.39 3825.82 2295 2210.53 235.128 1975.4 84.4676 179.909 2719.57 981.417 1738.15 1704.15 1139.07 1795.49 660.815 386.347 1775.71 320.602 955.675 55.9013 214.741 8868.72
internal_count=184632 167821 165981 16811 1840 15201 6636 8565 6544 3934 2259 2211 186 2025 48 144 2610 869 1741 1727 1090 1881 637 408 1873 232 876 86 162 8514
is_linear=0
shrinkage=0.05


Tree=214
num_leaves=31
num_cat=0
split_feature=9 18 20 15 20 32 29 32 8 3 28 29 29 17 23 5 30 25 19 19 5 9 26 10 32 16 21 1 2 28
split_gain=3.61541 6.26531 7.92405 6.87224 6.26171 6.23694 7.38011 6.78818 7.0833 6.84863 6.79467 9.53234 7.35353 9.01544 9.989 15.9553 8.42249 6.61623 6.59194 6.08766 5.84272 13.4577 13.141 12.005 11.8045 9.96749 8.99412 9.4471 9.7219 8.82304
threshold=1.1068518968919785 0.61297177631821098 0.41360963032927756 1.3908414284807515 2.7122881250082007 -0.069501741968237205 0.072990119425277014 1.2491741716104536 -1.4650442447541883 0.30093198672565041 -1.2826587656912756 -0.18504187231232697 0.29650694144326389 0.040178620697500701 -0.79441085506320719 1.0731953774504845 -0.72251692573756487 -1.3570900734041953 -0.022448252632021364 -0.13188631821266805 1.0731953774504845 -1.622272242245699 -0.23241428639997111 -1.2849734704264302 0.62991971492548271 -0.96327399943688841 2.9117863374795019 1.6925104512255682 1.7567555467069653 0.48033777150612217
decision_type=2 2 2 2 2 2 2 2 2 2 2 2 2 2 2 2 2 2 2 2 2 2 2 2 2 2 2 2 2 2
left_child=20 5 -3 -4 -5 6 18 8 17 10 11 -10 -12 14 -14 16 -16 -7 -2 -18 -1 22 24 -23 -22 -24 27 -25 -29 -27
right_child=1 2 3 4 -6 7 -8 -9 9 -11 12 -13 13 -15 15 -17 19 -19 -20 -21 21 23 25 26 -26 29 -28 28 -30 -31
leaf_value=5.1483580680145578e-05 -0.0041972237899665895 -0.00084657431671997035 0.0051736254330234915 0.00026285312670423175 0.012940841783782138 -0.0051700590891841057 0.0019672303911981992 -0.0068148925637083737 0.024927623386900525 0.00082239870383739387 0.002218245845702013 -0.0035213998537374658 0.0052638513598979126 0.0028350094388754203 0.029614649865311565 0.031299741621665891 -5.3601441801400996e-05 0.00098593581917263257 0.0012526724984090075 0.024731811719462333 0.0057044575935035393 0.0020399028719898949 -0.0080360446566454333 -0.0013802768173590057 0.025758019981343489 0.001037896221653147 -0.0098596788027505503 0.0065755650281471125 -0.0097314003397618552 0.014076031129402726
leaf_weight=121517.12273337133 1561.8881201297045 12642.936294481158 1013.9120195508003 3974.8962767422199 99.840368628501892 505.70908236503601 1797.7310236394405 225.29304221272469 85.751744151115417 2812.2559136748314 3242.8696421086788 44.841876477003098 441.47743171453476 877.76970738172531 39.243867695331573 120.31919315457344 149.83936753869057 3187.8605153858662 860.55999678373337 29.681589901447296 195.27924337983131 2987.9005386978388 215.38338896632195 24137.66676838696 117.5646550655365 522.85335013270378 304.0443978458643 651.70680952072144 106.30924367904663 172.58672001957893
leaf_count=121392 1693 12857 909 3954 74 558 1727 256 43 2766 3099 48 395 828 16 45 150 3125 839 15 173 2866 250 24804 57 512 364 566 127 124
internal_value=3.00442e-06 0.000471126 -0.000176 0.00149007 0.000573493 0.00118904 -0.000459943 0.00178065 0.0019485 0.00279862 0.00390312 0.0151591 0.00360321 0.0063115 0.0102209 0.0166749 0.00863138 0.000143081 -0.00226118 0.00404436 -0.000101565 -0.00073391 0.00439937 -0.000956754 0.0132405 0.00136269 -0.00131206 -0.00120767 0.00428857 0.00427356
internal_weight=184643 33714.7 17731.6 5088.65 4074.74 15983.1 4220.18 11762.9 11537.6 7844.05 5031.79 130.594 4901.2 1658.33 780.561 339.084 218.765 3693.57 2422.45 179.521 150928 29411.3 1223.67 28187.6 312.844 910.823 25199.7 24895.7 758.016 695.44
internal_count=184632 33397 17794 4937 4028 15603 4259 11344 11088 7405 4639 91 4548 1449 621 226 181 3683 2532 165 151235 29843 1116 28727 230 886 25861 25497 693 636
is_linear=0
shrinkage=0.05


Tree=215
num_leaves=31
num_cat=0
split_feature=32 24 22 21 6 23 17 26 25 6 10 28 21 21 9 19 4 2 19 20 21 20 8 20 14 32 32 20 8 13
split_gain=3.63476 6.76518 10.5505 9.19404 9.51184 9.00991 8.48974 11.1249 13.3617 13.1848 10.6555 10.2948 9.38582 10.0583 9.33863 9.65931 8.90931 11.2375 12.7432 8.51724 9.40104 10.0518 15.4837 9.74916 10.2304 8.83318 8.42137 13.1014 17.5655 13.8956
threshold=0.48912312378082962 -0.52975612633891556 0.57554408159288861 -0.78600754557944397 -0.95894946728969088 -1.1353651839604992 -0.5614836505080899 0.16027576660763185 -0.34133585040299746 -0.02578507305278015 -1.2099439627820228 -0.18920149779858425 -0.076042962824401913 0.65708558093999947 0.1096719229762886 0.89223833513072648 1.5607492946599268 0.60619650812323056 -0.79795766015881131 0.70448391368879359 -0.23586549364316406 0.070068248891680215 1.3690655213257341 0.099521616393701856 -0.96104837420310218 1.0057691841126928 0.72724185348784276 1.0443027023190434 0.47684578015242507 1.0000000180025095e-35
decision_type=2 2 2 2 2 2 2 2 2 2 2 2 2 2 2 2 2 2 2 2 2 2 2 2 2 2 2 2 2 2
left_child=-1 3 5 -2 -5 -3 7 8 -7 19 -11 -10 -12 -14 15 16 17 -8 -19 20 21 -9 -23 -24 -25 -21 -17 28 -28 -30
right_child=1 2 -4 4 -6 6 14 9 11 10 12 -13 13 -15 -16 26 -18 18 -20 25 -22 22 23 24 -26 -27 27 -29 29 -31
leaf_value=0.00016182879893878271 -0.00045808383340029639 -0.02039755408024059 -0.0013088197756104271 -0.0067163341998292634 -0.001624524698231758 0.0023753012399791553 -0.0014082665726504685 -0.00084890596376357942 -0.014623709825877988 -0.012349408965696723 0.016115913826104028 0.013720299161588108 -0.0014710407459179867 0.012728838881147784 0.00080614106135742404 -0.0020852272203940717 0.0063938874103245825 0.012442225328547175 -0.0076920650774404357 -0.0013385662085569679 -0.0048606546400235609 -0.0021146161348180492 0.040007000217808203 0.022276181279458931 -0.0055338890522286218 0.019564654574537883 -0.0021831674020809529 2.0839220158151365e-05 0.0053202607762921012 0.028054762673004021
leaf_weight=122038.9884724319 11582.881387241185 51.848392605781555 11613.987665608525 1309.1466689705849 3063.4664597213268 5735.4693478941917 6947.3262494057417 3485.8173745125532 34.816942915320396 72.975832223892212 228.72093862295151 401.05071410536766 324.45429068803787 202.56948697566986 12379.593979611993 645.09654238820076 311.88288030028343 83.870783388614655 1247.1385790854692 100.31444936990738 1348.8719813227654 192.84417122602463 40.028020560741425 90.175168573856354 52.220365762710571 101.85526031255722 147.55715987086296 526.2193206846714 110.78847169876099 170.87990191578865
leaf_count=121644 11689 73 11918 1485 3163 5463 7143 3545 45 91 155 291 334 151 12180 672 272 63 1439 103 1480 201 8 50 58 62 154 526 99 75
internal_value=2.94007e-06 -0.000306795 -2.81437e-06 -0.00119553 -0.003149 0.00043013 0.000460999 0.00151136 0.00301666 2.28122e-05 0.00589587 0.0114562 0.00765766 0.0039869 -0.000116627 -0.00123759 -0.00190206 -0.0022146 -0.00642334 -0.000876487 -0.00126722 -1.18477e-05 0.00776349 0.0182059 0.0120775 0.0091927 0.00232863 0.00530878 0.0117916 0.0191126
internal_weight=184643 62603.9 46648.4 15955.5 4372.61 35034.4 34982.5 12412.2 6171.34 6240.85 828.721 435.868 755.745 527.024 22570.4 10190.8 8590.22 8278.34 1331.01 5412.13 5209.96 3861.09 375.268 182.424 142.396 202.17 1600.54 955.445 429.226 281.668
internal_count=184632 62988 46651 16337 4648 34733 34660 12037 5799 6238 731 336 640 485 22623 10443 8917 8645 1502 5507 5342 3862 317 116 108 165 1526 854 328 174
is_linear=0
shrinkage=0.05


Tree=216
num_leaves=31
num_cat=0
split_feature=27 6 16 9 20 13 2 19 29 13 26 22 23 5 20 6 32 25 23 21 28 6 21 15 22 31 10 2 25 24
split_gain=3.51187 5.92425 5.78955 6.31459 12.0816 7.76968 6.86433 6.1972 6.18142 9.48788 8.54453 19.8439 20.3311 8.38351 7.69335 8.50338 6.86668 8.07589 7.92512 7.00911 6.6834 6.05738 11.7465 8.85659 7.00495 5.97369 5.96922 5.84063 5.70863 7.52125
threshold=-2.4314675912682824 1.8501612300586807 1.3987799891128625 0.47705401862943747 0.87857628581696445 1.8790793318574128 -1.3091099346826403 -0.62329924965528438 -0.79573187080582286 -0.94837664651743536 0.21201356905129951 -0.37485067668676025 0.63625009469639615 0.35993122193886878 0.20302219687814424 -0.72396453194155519 -0.72454832322156448 2.2999326429657168 1.9168646610389526 1.8571629323940455 0.75416266792353215 -0.56273582985816761 1.0539175781750278 -1.6657206322579718 -0.7471808990486738 1.0000000180025095e-35 0.010719255500102694 -0.9244648452056331 -0.86342512490176837 -1.2477820930276124
decision_type=2 2 2 2 2 2 2 2 2 2 2 2 2 2 2 2 2 2 2 2 2 2 2 2 2 2 2 2 2 2
left_child=1 -1 3 5 6 25 7 -5 9 -8 -11 12 -12 -13 -14 -16 17 -10 -19 21 -15 22 26 -23 -25 27 28 -2 29 -18
right_child=2 -3 -4 4 -6 -7 8 -9 16 10 11 13 14 20 15 -17 19 18 -20 -21 -22 23 -24 24 -26 -27 -28 -29 -30 -31
leaf_value=0.0005042069356287097 -0.0048898549472005375 0.0054068937798798225 -0.0009947895018023701 0.0080587048984979738 0.0036566334461216772 -0.012264169543074001 0.022427668179200333 -0.0011509116575525468 -0.001998438818034048 0.00042394998364975867 0.033537240941034233 -0.00079497922981699998 0.00084851597746330115 0.0051564718669851652 0.036915390050604451 0.0073435097691674882 0.0005740717005889819 -0.0050282172483072912 0.027374495981653431 0.013875561000089668 0.023756659973295034 0.014900101917867928 0.021972395612711568 0.0029547900166243461 0.00025608064693769634 -0.0001330182322732433 -0.0035892145005568029 -0.027418384640368526 0.0011629593336463316 -0.0042452838413221507
leaf_weight=2993.1836791411042 180.36119771003723 775.90468418598175 14279.890305921435 530.50340841710567 2855.8564006090164 132.49996057152748 54.402362108230591 278.58741021156311 4804.9519525617361 5136.552830517292 103.26337206363678 997.14579680562019 167.8484408557415 383.55590310692787 38.212830781936646 66.81281042098999 1603.4094404876232 31.801866412162781 46.407807201147079 94.119109004735947 55.252113521099091 106.83791810274124 55.302621215581894 2621.945999905467 28999.524345517159 110641.6528537944 1918.2964515984058 34.22959566116333 3019.2247090339661 1635.1651921272278
leaf_count=2963 198 692 14564 445 2647 165 30 285 4997 5093 34 1013 165 344 10 57 1585 35 21 68 29 75 31 2467 28851 110936 2056 53 2949 1774
internal_value=2.8984e-06 0.00151347 -2.85793e-05 5.42411e-05 0.000489148 -0.000163646 0.000317659 0.00488764 0.000246471 0.00162819 0.00146535 0.00441731 0.0146406 0.00173939 0.00748955 0.018103 3.11407e-05 -0.00173902 0.0141988 0.00024695 0.0074985 0.00021485 -0.000993765 0.000528406 0.000479849 -0.000149183 -0.00114911 -0.0084834 -0.000401105 -0.00185923
internal_weight=184643 3769.09 180874 166594 55605 110989 52749.1 809.091 51940 7003.05 6948.64 1812.09 376.137 1435.95 272.874 105.026 44937 4883.16 78.2097 40053.8 438.808 39959.7 8231.4 31728.3 31621.5 110856 8176.1 214.591 6257.8 3238.57
internal_count=184632 3655 180977 166413 55061 111352 52414 730 51684 6775 6745 1652 266 1386 232 67 44909 5053 56 39856 373 39788 8395 31393 31318 111187 8364 251 6308 3359
is_linear=0
shrinkage=0.05


Tree=217
num_leaves=31
num_cat=0
split_feature=20 32 24 25 2 23 13 35 20 19 22 11 20 19 15 22 6 19 26 21 4 32 5 8 2 26 19 28 19 4
split_gain=3.5113 8.91956 7.64597 12.9996 8.58357 8.1607 7.67943 7.46281 10.4479 7.61881 7.30529 8.08309 8.51914 8.89026 11.6659 17.6476 12.109 11.3768 11.3849 12.1499 9.48549 8.71488 7.75726 9.8338 9.22739 9.12611 8.65357 8.37171 8.32924 11.2108
threshold=1.2018086973851576 -0.72454832322156448 1.062737857431066 1.2773434348978994 1.9315424408095441 1.01550775152103 1.5431182932574317 1.0000000180025095e-35 0.71740828421630398 -0.74056495256540389 -0.45064294762180307 1.1018121228444928 -1.2402837149381807 -0.30332465514483459 0.61287189208712045 1.4214779416427883 1.2319355508032663 0.66884861846710686 0.69831318976866263 -0.29476797936621796 0.53704687545134056 -2.1318435543125287 0.35993122193886878 0.68677983689908606 -1.3091099346826403 0.49536788832629081 -1.1064716128182124 0.70301082599063291 -0.94687720809478626 -2.234318619315244
decision_type=2 2 2 2 2 2 2 2 2 2 2 2 2 2 2 2 2 2 2 2 2 2 2 2 2 2 2 2 2 2
left_child=1 7 -2 4 6 -5 -4 10 9 -9 22 12 -12 14 15 -14 -17 18 19 -15 -21 -20 27 25 -25 26 -24 28 -1 -30
right_child=2 -3 3 5 -6 -7 -8 8 -10 -11 11 -13 13 17 -16 16 -18 -19 21 20 -22 -23 23 24 -26 -27 -28 -29 29 -31
leaf_value=-0.0011170817412977747 0.0020184372983243293 6.3687994866878253e-05 -0.0025631490590777043 0.018273703661389178 0.010650795072569387 0.00066616344279394441 -0.011616056518799914 0.011452199240278751 0.028261356599880511 -0.0070194415351469662 -0.0073922811744212185 0.0013135451069492647 0.00054098665923610909 -0.0091241052363851532 -0.0093505674318745853 0.038451034467533729 0.0057418165867353273 -0.00094714291736009847 -0.0014150066148521068 0.004106798485965811 -0.0035815189896330497 -0.0094976441145586486 0.0053998057100922937 0.00023339122173290404 -0.01205306768852785 0.0062145201965314667 -0.005698195202570578 -0.0043022295476820389 0.026444487620274373 0.0032369282085736393
leaf_weight=1345.9297281503677 6612.956772506237 142962.09938128665 2905.077090293169 66.191149592399597 114.36063319444656 11329.95199559629 254.80371350049973 116.73817735910416 48.301082015037537 106.98105484247208 770.13840779662132 1772.5669331848621 2575.8702278286219 488.80232462286949 278.85158902406693 51.952704668045044 62.135402172803879 4019.8525025397539 436.64294543862343 727.77664062380791 893.96495196223259 1411.8206049352884 238.78819808363914 244.13960017263889 408.52130210399628 412.23711797595024 664.29441663622856 582.84899687767029 53.066134512424469 2684.8107943683863
leaf_count=1376 6346 142780 3054 42 90 11179 314 90 21 122 884 1726 2548 578 331 12 55 4096 449 668 958 1680 213 243 507 361 740 633 25 2511
internal_value=2.83591e-06 -7.58662e-05 0.00060691 -2.93633e-05 -0.00280612 0.000768432 -0.00329315 -0.001054 0.00717232 0.00261918 -0.00116519 -0.00183325 -0.00230927 -0.00195169 0.000384159 0.0013933 0.0206367 -0.00282083 -0.00472331 -0.00221403 -0.000131291 -0.00758837 0.0001932 -0.00243954 -0.0074571 5.01677e-05 -0.00276372 0.00130346 0.00210351 0.00368674
internal_weight=184642 163359 21283.3 14670.4 3274.24 11396.1 3159.88 20397 272.02 223.719 20125 13490.4 11717.8 10947.7 2968.81 2689.96 114.088 7978.86 3959.01 2110.54 1621.74 1848.46 6634.64 1967.98 652.661 1315.32 903.083 4666.66 4083.81 2737.88
internal_count=184632 163607 21025 14679 3458 11221 3368 20827 233 212 20594 13985 12259 11375 2946 2615 67 8429 4333 2204 1626 2129 6609 2064 750 1314 953 4545 3912 2536
is_linear=0
shrinkage=0.05


Tree=218
num_leaves=31
num_cat=0
split_feature=13 16 8 20 29 9 32 32 5 10 3 9 20 13 8 10 4 28 19 22 6 2 20 25 26 30 19 19 27 1
split_gain=3.53484 6.61863 6.21232 6.05408 6.04815 5.99814 7.14677 11.5165 7.44419 5.79278 11.5103 5.53489 6.80348 12.3843 10.974 10.3869 8.81333 8.36423 15.6839 13.0797 24.2633 16.1265 13.4809 18.1411 17.3665 13.7051 13.354 12.2115 12.1697 11.5866
threshold=0.40951280664409978 -0.33162630483242428 0.73926335108575125 1.8412660681006734 -3.012356386587963 -1.5697890857238204 0.28337329079217194 0.17500689386275345 1.0731953774504845 1.1064384547855119 -0.15554822681840857 1.0018855838482217 -0.47770107624714825 -0.54545602611523758 -0.20543990427422296 -0.12053844868383266 1.087379130622719 -0.38822604220946505 -0.65437741556828433 -0.13526040781845766 -0.55290730964058354 -1.5803390233885268 -0.56602357648966262 -0.70680752254078305 -0.076586683745200057 -1.255484201512888 -1.0129972357562382 0.084533878935083476 0.2532374813538894 0.27588855673771567
decision_type=2 2 2 2 2 2 2 2 2 2 2 2 2 2 2 2 2 2 2 2 2 2 2 2 2 2 2 2 2 2
left_child=3 2 -2 4 -1 6 7 -3 -8 11 -11 12 13 15 -14 17 -15 18 19 22 -21 -22 25 24 -24 29 -23 -20 -29 -6
right_child=1 5 -4 -5 9 -7 8 -9 -10 10 -12 -13 14 16 -16 -17 -18 -19 27 20 21 26 23 -25 -26 -27 -28 28 -30 -31
leaf_value=0.015243276035313811 -0.0025522299651511431 0.0034693664400742849 -0.013938815284322762 0.0058123118244357867 0.0036924860473203426 -0.00034281854040441056 -0.0063546093544070677 0.024769154206684449 0.01858449317530628 0.013549758676321922 -0.040610221842566185 0.001103214446929474 0.0015740046443427171 -0.0025124652610139294 5.3973314181428312e-06 -0.029655962442711431 0.0032146204358319327 -0.00046601554638542694 -0.0026123706520053188 0.034119497331618023 -0.0071049571798831998 0.0011342225377643283 0.0050359107381610655 -0.0018913615701663515 0.03344833514397446 -0.00064457139966103206 0.013940459991512402 -0.0039434302070105341 0.026182232604898575 0.021967890395471125
leaf_weight=66.174246460199356 488.08585339784622 1091.7538889199495 158.74551269412041 470.719353556633 293.6888393163681 56787.642853327096 285.69091674685478 67.377843171358109 33.422984659671783 16.460796117782593 24.279821246862411 13068.343710556626 13678.603720903397 8881.700709477067 60317.511058032513 29.501872047781944 726.72275850176811 21371.808102818206 2285.584142036736 81.861389219760895 195.25450196862221 338.68283413350582 101.19186383485794 164.76730912923813 114.79207807779312 2732.7706832289696 510.26718372106552 60.248300850391388 75.573833823204041 123.07314768433571
leaf_count=46 513 1016 203 416 272 57177 322 34 21 12 44 12780 13248 9328 60311 47 680 21571 2405 26 223 331 91 171 38 2768 368 65 36 69
internal_value=2.78975e-06 -0.000316808 -0.00534673 0.000152543 0.000131273 -0.000260969 0.00288334 0.00470748 -0.00374257 0.000123285 -0.0187275 0.000129422 1.58829e-05 -0.00052709 0.000295363 -3.39533e-06 -0.0020793 2.7354e-05 0.00151712 0.00321443 0.00790655 0.00585156 0.00171776 0.0106042 0.0201367 0.000643471 0.0088315 -0.00174679 0.012819 0.00908936
internal_weight=184642 58912.7 646.831 125730 125259 58265.9 1478.25 1159.13 319.114 125193 40.7406 125152 112084 38087.5 73996.1 28479.1 9608.42 28449.6 7077.76 4656.35 1126.07 1044.2 3530.28 380.751 215.984 3149.53 848.95 2421.41 135.822 416.762
internal_count=184632 59286 716 125346 124930 58570 1393 1050 343 124884 56 124828 112048 38489 73559 28481 10008 28434 6863 4357 948 922 3409 300 129 3109 699 2506 101 341
is_linear=0
shrinkage=0.05


Tree=219
num_leaves=31
num_cat=0
split_feature=13 25 19 6 8 8 26 6 19 20 19 26 21 21 1 13 6 29 29 20 20 30 10 22 4 1 32 23 2 26
split_gain=3.41269 8.73421 6.34611 6.24059 6.08726 5.90386 7.20785 6.81766 7.24825 11.5283 7.18672 8.01075 7.16263 15.1977 6.7358 6.46741 7.26843 6.58037 6.56217 8.20712 14.4542 16.9515 7.56914 6.96448 6.36509 6.2955 6.21781 6.07591 14.3018 10.1868
threshold=-1.2676995906763662 -1.7031746970820054 -2.118871167500143 -1.592412183287983 1.6839666064457255 1.0016809220190774 -0.43556627656597247 -1.126343799020189 0.069231129329254168 -0.48733266448691387 -1.5781864671545482 -0.005765852936367763 -0.12783922848640131 -0.19914310495438606 -0.48754451950330263 -2.1240914533312205 -1.2338480233057532 0.77506870316798215 0.36139386390591877 -1.1071965579980656 -0.88686617012995572 -0.58859257642595597 -0.84577164203741872 -0.010876917039721851 -1.0035247849542974 -0.14386920575218234 -0.92634654676399408 -1.2398790589577124 -1.6585668891144765 -0.35704609744934829
decision_type=2 2 2 2 2 2 2 2 2 2 2 2 2 2 2 2 2 2 2 2 2 2 2 2 2 2 2 2 2 2
left_child=3 4 -3 -1 -2 7 -7 8 12 -10 11 -9 13 -5 24 17 -17 25 22 -20 21 -21 27 -22 -8 -16 -12 28 29 -18
right_child=1 2 -4 5 -6 6 14 10 9 -11 26 -13 -14 -15 15 16 18 -19 19 20 23 -23 -24 -25 -26 -27 -28 -29 -30 -31
leaf_value=-0.0023616401747715088 -0.0039717945369667339 -0.0069257090741431521 -1.5206959384649055e-05 0.0029489226732659175 0.021220735610542885 -0.016167608731157777 0.018307966260012017 0.0028225732745608681 0.029540728402006097 -0.0032687506304612413 -0.0059403797490800376 0.016556548563602273 -0.01345602712228209 0.023832750884350013 0.0019944513250212486 -0.0034412688824981743 -0.0030002724140462335 0.024650577391962025 -0.012262788382390109 0.0057289497023525595 0.0010188573360648435 0.034706188971961337 -0.023998867223943572 0.021056906732279803 0.0030420504094985385 -0.0095301668203747678 0.000436315099825801 -0.0010541714644449237 0.00041189141234256174 0.02179934965682526
leaf_weight=1537.3849965333939 1691.6243176758289 332.89001251757145 165551.64924446121 2907.4785915017128 24.323067188262939 69.520420342683792 85.194910913705826 1185.9485328644514 65.98475444316864 45.054557532072067 422.7715310305357 116.61475783586502 63.035777360200882 89.806918129324913 165.60585658252239 1133.0195056051016 56.603482753038406 17.751883804798126 65.84992578625679 124.23468479514122 616.56381100416183 85.001703202724457 32.43292909860611 46.64325213432312 343.92472746968269 416.59550620615482 3991.8339491039515 2448.3797592967749 754.21307824552059 154.25176194310188
leaf_count=1610 1826 379 165602 2736 14 92 54 1119 27 48 473 78 80 47 159 1211 60 9 82 110 604 26 48 27 323 496 3957 2500 748 87
internal_value=2.75891e-06 -6.57854e-05 -2.90747e-05 0.000676874 -0.0036147 0.000978168 -0.000152762 0.00181993 0.00367919 0.0162282 0.000788579 0.00405214 0.00322387 0.00357466 1.73135e-05 -0.000407485 0.000128633 -0.00533765 0.00105122 0.00475829 0.006043 0.0175009 4.18037e-05 0.00242813 0.00607286 -0.00625202 -0.000174359 0.000270226 0.00363023 0.015142
internal_weight=184642 167600 165885 17041.7 1715.95 15504.3 6615.79 8888.53 3171.36 111.039 5717.17 1302.56 3060.32 2997.29 6546.27 6117.15 5517.19 599.953 4384.17 938.293 872.443 209.236 3445.88 663.207 429.12 582.201 4414.61 3413.45 965.068 210.855
internal_count=184632 167821 165981 16811 1840 15201 6636 8565 2938 75 5627 1197 2863 2783 6544 6167 5503 664 4292 849 767 136 3443 631 377 655 4430 3395 895 147
is_linear=0
shrinkage=0.05


Tree=220
num_leaves=31
num_cat=0
split_feature=12 16 23 27 9 13 20 10 32 13 20 19 19 28 12 28 23 2 4 2 5 29 5 8 19 6 28 3 8 8
split_gain=3.3943 4.59743 9.27353 5.95962 5.65441 9.20829 8.99756 7.20456 6.56442 7.11208 9.36757 15.8504 8.51995 8.47221 7.893 7.36062 6.90036 9.05791 6.77573 8.51863 16.3751 13.588 25.8981 14.9144 12.9364 10.2108 9.12666 19.4198 21.1942 24.1578
threshold=-3.8977616674362632 1.3987799891128625 -0.97003378842046051 -1.8166044135023063 1.1068518968919785 1.9430085082198307 0.28352941525145464 2.1590284964731041 0.44531190099134749 0.2649520191647734 0.58588311617514 0.48712097576229524 0.67796324887819626 2.1393360586422738 1.6851064859756575 -1.3473966501752914 0.59897005206433607 -0.52648074490478702 0.077148452088832656 0.14485733754864191 -1.0665970890843621 -0.54126990633661409 1.0000000180025095e-35 0.26691172340576413 0.52741966427801767 0.70745810048915003 1.5383769224316859 0.80808243085330145 0.16194469503243367 0.94919740783241224
decision_type=2 2 2 2 2 2 2 2 2 2 2 2 2 2 2 2 2 2 2 2 2 2 2 2 2 2 2 2 2 2
left_child=-1 4 -3 -4 5 7 -6 8 18 10 11 14 13 -13 -10 -12 -15 -18 -2 20 -20 22 23 -22 -25 -23 -21 28 -28 -30
right_child=1 2 3 -5 6 -7 -8 -9 9 -11 15 12 -14 16 -16 -17 17 -19 19 26 21 25 -24 24 -26 -27 27 -29 29 -31
leaf_value=0.0033198277353819411 -0.00015683741879874894 -0.017271993247389112 0.0013618466278957837 -0.0012269286844541248 0.00047876775042169067 -0.01245365353914937 0.0040295618674186023 -0.029504317442622427 -0.00026433670086068139 -0.0017616678017364626 0.0079146673286115323 -0.0059800571562101321 -0.0015071381182105424 -0.007679788414710207 0.013295122455408849 0.0011317583515943063 -0.013348578669619641 -0.057922345436202276 -0.0038670684612447611 0.00020888640082030379 0.024464114073372775 1.0923381042717199e-05 0.0034272597830919205 -0.0054119388049709005 0.022546845656144714 0.006382762064326585 0.0003950926991867713 -0.0081845003345688144 0.018907550358139735 0.00072996765708543607
leaf_weight=767.99202570319176 47974.516015119851 85.473905645310879 2718.0308245718479 12210.374819174409 24003.845338240266 149.71101704239845 1927.325550287962 20.753589794039726 39696.137085825205 8820.2335708588362 430.07857790589333 1222.7568786591291 1455.1381188482046 43.342738717794418 107.61512592434883 5712.2988379299641 22.889227122068405 22.701508060097694 848.38476139307022 29734.22149091959 285.87220239639282 2290.5003979019821 1163.7709032148123 102.86591866612434 69.208805799484253 866.62984254956245 830.56298866868019 287.01801873743534 474.39169970154762 297.34098529815674
leaf_count=717 48125 115 2644 12510 23774 187 1772 33 39906 9131 362 1369 1499 50 79 5583 29 49 914 29610 146 2290 1084 114 38 756 824 334 295 293
internal_value=2.70328e-06 -1.11515e-05 -0.000849615 -0.000755588 6.3399e-05 -5.98408e-05 0.000742679 -4.68453e-05 -4.25629e-05 -0.000455223 -0.000218671 -0.000482046 -0.00414141 -0.00706377 -0.000227677 0.00160669 -0.0219639 -0.0355437 0.000236012 0.000741955 0.0025344 0.00367084 0.00739086 0.0174635 0.00583314 0.00175999 0.000423 0.00379274 0.00593822 0.0119039
internal_weight=184642 183874 15013.9 14928.4 168860 142929 25931.2 142779 142758 57533.2 48713 42570.6 2766.83 1311.69 39803.8 6142.38 88.9335 45.5907 85225.3 37250.8 5627.23 4778.85 1621.72 457.947 172.075 3157.13 31623.5 1889.31 1602.3 771.733
internal_count=184632 183915 15269 15154 168646 143100 25546 142913 142880 58057 48926 42981 2996 1497 39985 5945 128 78 84823 36698 5342 4428 1382 298 152 3046 31356 1746 1412 588
is_linear=0
shrinkage=0.05


Tree=221
num_leaves=31
num_cat=0
split_feature=37 14 18 4 2 29 1 20 28 10 32 19 21 5 19 26 29 21 25 6 2 38 20 19 19 29 6 20 8 21
split_gain=3.39305 3.702 10.941 7.07858 10.4623 11.5089 11.4028 7.48386 8.98942 8.53323 7.277 7.51171 6.19775 5.77988 6.59302 9.88889 13.7924 11.018 9.84653 5.74513 5.66499 9.52204 8.07483 8.57072 12.1117 24.9455 13.7667 8.01671 7.94804 9.17747
threshold=1.0000000180025095e-35 1.0000000180025095e-35 1.0952199738588004 -0.58378083498853139 -0.81427786121395129 -1.3913834733802817 -0.23644637525245416 1.396542778342581 -1.6876754861571028 0.46075603254184344 -0.65998146649805201 0.89223833513072648 0.81285124425674582 1.0731953774504845 1.5727921088435883 1.041089575998998 1.8573506986305721 1.1452231532629278 1.2531250546737158 1.6826009308912051 0.32343241555432412 1.0000000180025095e-35 -0.049559353244548222 0.62004688460928137 0.5106440568774181 0.8247689414492857 0.39994049145632321 0.87857628581696445 0.79174686527241656 0.62580274073476927
decision_type=2 2 2 2 2 2 2 2 2 2 2 2 2 2 2 2 2 2 2 2 2 2 2 2 2 2 2 2 2 2
left_child=1 2 20 7 5 -5 -7 10 9 -9 12 -12 19 14 15 -13 17 -17 -19 -3 21 28 -22 24 -24 26 -26 -25 29 -1
right_child=-2 3 -4 4 -6 6 -8 8 -10 -11 11 13 -14 -15 -16 16 -18 18 -20 -21 22 -23 23 27 25 -27 -28 -29 -30 -31
leaf_value=0.00016756133944980479 0.0044165961262491761 -0.0045948584293971136 0.0065223994312232194 0.03845096957054206 -0.00011415547599267268 0.01901488177164418 -0.0021232615129136148 0.031215198123110029 0.00063160537290444781 -0.00062270214719790896 -0.0024711283488990845 0.00071024914037440029 -0.010221098767886995 -0.004145863312041395 -0.0043599823844483526 0.031120223113429903 -0.00013691554898525389 0.02038199635145567 -0.0031800729175406753 0.007609675396841889 0.00019655231631313347 0.016915979273728978 0.0028252919978079744 -0.0050058546385531866 5.5808625391473103e-05 0.038405401459863812 0.02503928297906954 0.0044812901856480123 -0.00064702034891956847 0.0026061830846451917
leaf_weight=46356.35065536201 434.36861488223076 739.99642349779606 680.81034153699875 30.305576384067535 77164.824249193072 103.27538421750069 166.91204130649567 47.911072134971619 1800.7472326606512 37.532568097114563 5224.7780553400517 821.67183375358582 457.48086023330688 410.92705109715462 286.05601543188095 92.691773533821106 201.44837129116058 99.601580411195755 79.917152792215347 110.87435701489449 9056.6019224822521 83.121699064970016 3674.6385380625725 610.84406833350658 234.26147663593292 73.309998363256454 72.113312900066376 350.40536159276962 30929.756365276873 4208.3548674583435
leaf_count=46201 396 808 592 7 77341 64 174 18 1778 38 5483 810 551 445 311 35 202 59 85 94 9021 55 3467 672 234 17 36 319 31330 3989
internal_value=2.67784e-06 -7.73036e-06 0.000206356 -0.000242412 -7.78947e-05 0.00923366 0.0059565 -0.00146646 0.0013835 0.0172299 -0.002097 -0.00147503 -0.00552789 0.00113721 0.00251004 0.00402718 0.00978118 0.017121 0.00989277 -0.00300452 0.0001614 1.58351e-06 0.00108787 0.00269733 0.00370374 0.0122055 0.00593632 -0.00154749 -1.56686e-05 0.000370521
internal_weight=184642 184208 96330.6 87877 77465.3 300.493 270.187 10411.6 1886.19 85.4436 8525.44 7217.09 1308.35 1992.31 1581.39 1295.33 473.659 272.211 179.519 850.871 95649.8 81577.6 14072.2 5015.57 4054.32 379.685 306.375 961.249 81494.5 50564.7
internal_count=184632 184236 95933 88303 77586 245 238 10717 1834 56 8883 7430 1453 1947 1502 1191 381 179 144 902 95341 81575 13766 4745 3754 287 270 991 81520 50190
is_linear=0
shrinkage=0.05


Tree=222
num_leaves=31
num_cat=0
split_feature=14 12 10 23 24 13 2 29 1 11 2 25 23 3 32 2 29 17 24 11 29 19 1 28 22 29 27 22 19 9
split_gain=3.41668 9.26538 7.67301 6.53311 9.70292 9.11802 7.29411 7.24875 6.01477 11.291 8.94895 6.32014 7.63632 10.848 17.3154 14.7445 9.28621 8.07484 6.78914 6.01244 5.96037 6.48164 5.84671 8.03389 6.44525 8.15089 5.77359 5.76172 6.04092 5.58773
threshold=-0.53581707877260432 1.3736631333180924 0.67570520630698339 -0.97003378842046051 -0.34937772057366551 0.98740883850483308 0.2511400364919319 0.92147709659478505 0.5649044106146065 0.4154625436229184 0.63932531060969977 -1.152034336490662 -0.53525304308219523 0.47064549652770915 -0.15886953496696907 -1.046135753080325 1.0000000180025095e-35 -1.1606582560636107 -1.3724834536380393 0.44139987580132251 -1.2667910009763161 -0.67987803712169748 0.027895235483256387 2.082179105755694 -1.6097381078780992 1.2412786951482522 -0.70815087606212468 0.7312367722159353 -0.92578096709013025 1.2118182099357353
decision_type=2 2 2 2 2 2 2 2 2 2 2 2 2 2 2 2 2 2 2 2 2 2 2 2 2 2 2 2 2 2
left_child=1 2 8 4 5 6 7 27 9 -1 20 -11 13 17 15 -15 -14 19 -19 -13 21 -10 -18 -24 -25 -26 -4 -2 -29 -5
right_child=3 -3 26 29 -6 -7 -8 -9 10 11 -12 12 16 14 -16 -17 22 18 -20 -21 -22 -23 23 24 25 -27 -28 28 -30 -31
leaf_value=0.00014795426598181286 -0.0036228419195830351 0.0065505653680395419 -0.0026092469160508861 -0.00020153106136771041 -0.022611089051034469 -0.0079677402065775269 0.00014881392103611736 0.0033427610025173037 0.017219531687614944 -0.0014156748425153672 0.0041048026592442957 0.020478684039854044 -0.0015715266214776176 0.040500920475394581 0.0050635986881479925 0.0099060981108474652 -0.00082932510625634975 -0.014985694740573442 0.0024529591148695199 0.0062634278092602753 -0.001100498266012146 -0.0094643649879073682 0.003493754360027598 0.034475624569317971 0.0030290128809246138 0.027035641782627753 -0.04709533771365336 0.016000172015014507 -0.0021887699299330799 0.00066362539406631706
leaf_weight=38875.034542709589 3699.9157988727093 591.4921600073576 14.256049066781999 92870.67350037396 53.022204339504242 473.5392457768321 6734.0423847585917 476.88205444812775 24.404776751995087 1052.2083041407168 814.90008169412613 98.234102457761765 1603.5980589389801 78.955018699169159 327.12899932265282 78.565563589334488 681.69309648871422 57.705007523298264 1701.4728658050299 306.37974928319454 8008.7281661070883 337.17672748863697 1919.0970764309168 32.207416951656342 120.28701859712601 50.077602505683899 14.933775708079336 77.941571086645126 110.17695951461792 23357.006050407887
leaf_count=38760 3968 514 15 93245 77 549 6714 445 16 1082 748 58 1654 15 294 63 693 75 1618 268 8185 401 1785 10 113 23 29 53 115 23047
internal_value=2.63644e-06 0.000325362 0.000259839 -0.000140708 -0.00127082 -0.00117305 -0.000883151 -0.00247523 0.000273158 0.000501935 -0.000897041 0.00219923 0.00273834 0.00486024 0.0116218 0.0252413 0.00146314 0.00334579 0.00188093 0.00971468 -0.001384 -0.00766335 0.00319906 0.00449338 0.0139634 0.0100856 -0.0253687 -0.00318883 0.0053473 -2.767e-05
internal_weight=184642 56788.5 56197 127853 11625.5 11572.5 11099 4364.92 56167.9 46982.6 9185.21 8107.61 7055.4 2648.44 484.65 157.521 4406.96 2163.79 1759.18 404.614 8370.31 361.582 2803.36 2121.67 202.572 170.365 29.1898 3888.03 188.119 116228
internal_count=184632 56419 55905 128213 11921 11844 11295 4581 55861 46511 9350 7751 6669 2391 372 78 4278 2019 1693 326 8602 417 2624 1931 146 136 44 4136 168 116292
is_linear=0
shrinkage=0.05


Tree=223
num_leaves=31
num_cat=0
split_feature=15 11 29 25 25 6 29 19 20 21 22 23 29 20 28 28 24 28 21 29 10 21 19 22 29 21 10 23 22 22
split_gain=3.35085 7.0631 7.77415 10.6556 12.4865 7.77445 8.09656 6.04193 8.36028 7.98579 10.3408 6.8102 6.55477 5.58425 11.3483 7.32212 7.30191 11.1148 17.1287 9.3263 6.45223 6.44921 7.37868 6.57419 6.31611 6.28245 10.5075 7.19221 7.7459 8.70004
threshold=-1.409203760317818 -0.19507418074866265 0.74306771300676644 -1.6604035172199014 1.3215757624196167 -1.2803966084129612 0.51230471117379495 -1.5781864671545482 -0.45924194723281991 -2.1458731770471009 -1.3374663704670182 -0.79441085506320719 -0.13820694156897137 -0.99717195504908018 -1.7669317065419203 -0.63429241504990519 -0.28285223142008603 -0.32396657030262194 -0.98084480456507717 -0.074570334055864398 0.26849746871374713 -0.43128159983596087 -0.59068002341730719 0.17979752658180298 0.80845456036230434 0.2258003190636729 0.10058567771847433 -0.65686794996143461 -1.8432005589966691 -1.3208383393559182
decision_type=2 2 2 2 2 2 2 2 2 2 2 2 2 2 2 2 2 2 2 2 2 2 2 2 2 2 2 2 2 2
left_child=1 -1 5 -4 -5 6 -3 9 -9 -7 -11 12 -10 14 -2 21 25 18 -18 -20 -19 23 -23 -16 -21 27 -27 28 -17 -30
right_child=13 2 3 4 -6 7 -8 8 11 10 -12 -13 -14 -15 15 16 17 20 19 24 -22 22 -24 -25 -26 26 -28 -29 29 -31
leaf_value=0.0020024666389087359 0.030718632016389209 -0.0023502950119446342 0.026440162400566371 -0.001732118137792644 0.030911120742147542 -0.0038959715216956544 -0.014469603263413592 -0.0021469871046494496 0.019008152861191535 0.022220223925172963 0.0041451533048169646 -0.00033939230460789077 0.0040474698129783519 5.4079999743384291e-05 -0.0033379481155084989 -0.029385866043794215 0.029312969499958763 -0.0030364321394490633 -0.0050896708695024658 0.010914639323223688 0.0021796973309396697 0.0096772086089228961 -0.0032449268825603551 -0.011139339005555735 -0.014955707412763655 0.021374941933711422 0.00067710568424641821 -0.0031421734446791757 0.0047662821686379961 -0.00084129969200221724
leaf_weight=6150.316055405885 28.524946197867393 1978.0213252007961 59.423159956932068 209.73430842161179 34.051239609718323 267.18137861788273 148.13182508945465 2238.8637671619654 116.15958335995674 88.193654716014862 769.82047708332539 385.38407270610332 198.03044414520264 149950.18611011654 801.49314971268177 23.303896486759186 79.760118722915649 960.66039644181728 172.446120262146 331.32609641551971 1548.5054666996002 158.71917024254799 363.41490373015404 407.2664247751236 25.401925057172775 82.095903098583221 242.28099662065506 3458.6466452032328 731.75501817464828 12632.446527982131
leaf_count=5904 11 2071 28 217 13 288 191 2335 72 49 706 388 182 149788 855 37 33 1019 190 259 1481 128 387 498 33 47 239 3676 662 12845
internal_value=2.58477e-06 0.000788208 -0.000361965 0.00745505 0.00282739 -0.000744884 -0.00319466 0.000536876 -0.000656167 0.0036525 0.00600306 0.00411494 0.0095786 -5.51652e-05 -0.000798148 -0.000838976 -0.000572663 0.00165325 0.00771301 0.00445734 0.000182648 -0.00396057 0.000683165 -0.00596646 0.00907246 -0.00097688 0.00591548 -0.00110959 -0.00058448 -0.000534257
internal_weight=184642 12643.3 6493 303.209 243.786 6189.79 2126.15 4063.63 2938.44 1125.2 858.014 699.574 314.19 171998 22048 22019.5 20288.6 3118.1 608.934 529.174 2509.17 1730.89 522.134 1208.76 356.728 17170.5 324.377 16846.2 13387.5 13364.2
internal_count=184632 12444 6540 258 230 6282 2262 4020 2977 1043 755 642 254 172188 22400 22389 20521 3015 515 482 2500 1868 515 1353 292 17506 286 17220 13544 13507
is_linear=0
shrinkage=0.05


Tree=224
num_leaves=31
num_cat=0
split_feature=21 8 17 20 32 23 23 19 24 28 8 10 10 24 28 21 14 13 20 24 32 15 14 22 4 8 5 29 6 6
split_gain=3.26681 8.9458 7.7082 6.23236 6.633 6.12168 7.85938 9.7794 9.56487 11.0209 9.61796 9.85178 9.05645 8.10251 7.52999 12.3599 7.24789 7.22315 7.77236 8.81939 8.96736 7.33866 7.54864 7.1978 7.97049 7.1853 6.98419 6.91949 6.75009 6.74618
threshold=3.1111435666435683 0.58181280852575556 0.80225524361703715 2.3605703234018311 -3.0587691077969033 2.0374231698337928 1.7260881867468425 0.65853510086639655 1.4975377495907483 -1.2973845298745126 0.84423037945908175 -0.19103493545320013 -0.3501297245323467 1.9046256214024124 -1.4350710140661351 1.5449339625391427 0.7335344567669273 2.6601095430017083 1.396542778342581 1.2522679616819399 1.4302602575935639 -0.24434317024397015 1.1213808353293182 0.36952382993860994 -0.25527690660438601 1.2116149787657384 1.0000000180025095e-35 2.6285167352088901 0.94160454393992921 1.2686703287541123
decision_type=2 2 2 2 2 2 2 2 2 2 2 2 2 2 2 2 2 2 2 2 2 2 2 2 2 2 2 2 2 2
left_child=5 2 -2 -4 -5 6 8 -8 17 10 11 -10 -11 23 15 28 -15 18 19 -1 21 29 -23 24 -13 -17 -26 -7 -9 -21
right_child=1 -3 3 4 -6 27 7 14 9 12 -12 13 -14 16 -16 25 -18 -19 -20 20 -22 22 -24 -25 26 -27 -28 -29 -30 -31
leaf_value=-1.5041094037006757e-05 0.019961740049232634 -0.0092911062543972606 -0.0032465663011706281 0.0019852176698891468 0.025262219035355277 0.0014757864667822363 -0.0089412201069684494 -0.015992931215244463 0.029835875399600448 0.030286932175499066 -0.00011516294104002704 0.0055649368396615455 0.00031667288567702255 0.0024142355393287286 -0.00050504918748374981 -0.0025561962124671864 0.029010478508287987 -0.0059631596416312186 0.001656892499903024 0.0014536780859437178 -0.021920850511209275 -0.0042928181671121187 0.00033996661746771241 0.0032375028581568817 0.006425992668488284 0.020283453233840378 0.031984297001462908 0.0098478877413991622 -0.0050755382976961638 0.020429741902702445
leaf_weight=156003.07086367719 46.607227265834808 352.49806025624275 626.33146700263023 126.00286275148392 40.42399799823761 2993.3509343266487 441.96574023365974 215.1745610833168 47.113375037908554 25.36388623714447 624.56147330999374 175.5370526611805 4068.7693802416325 39.927907779812813 4941.0901232212782 77.060371369123459 71.464232385158539 511.05048784613609 6714.504235252738 610.75687858462334 57.007112145423889 2687.2799174487591 1306.885949999094 927.02491597831249 42.456503957509995 62.254878431558609 72.159271240234375 268.97713325917721 413.97688910365105 50.726644217967987
leaf_count=156050 28 418 667 121 20 2905 521 284 19 10 626 156 4043 38 4991 81 30 572 6492 593 82 2918 1298 867 37 37 26 216 456 30
internal_value=2.53853e-06 -0.00260669 0.000200482 -0.000961306 0.00763905 1.94906e-05 -1.93736e-05 -0.0017758 4.27097e-05 0.00198854 0.0050305 0.00736664 0.000502344 0.00656984 -0.00122114 -0.00582545 0.0194772 -2.7902e-05 -9.78569e-06 -7.94174e-05 -0.00221047 -0.00196912 -0.00277698 0.0053886 0.0122613 0.00765001 0.0225169 0.00216606 -0.00880937 0.00290888
internal_weight=184641 1191.86 839.366 792.758 166.427 183450 180187 6151.52 174036 6094.38 2000.24 1375.68 4094.13 1328.57 5709.56 768.467 111.392 167941 167430 160716 4712.66 4655.65 3994.17 1217.18 290.153 139.315 114.616 3262.33 629.151 661.484
internal_count=184632 1254 836 808 141 183378 180257 6370 173887 5852 1799 1173 4053 1154 5849 858 68 168035 167463 160971 4921 4839 4216 1086 219 118 63 3121 740 623
is_linear=0
shrinkage=0.05


Tree=225
num_leaves=31
num_cat=0
split_feature=9 5 32 15 20 16 21 4 3 8 28 8 21 28 20 3 10 21 1 19 13 25 21 14 32 2 29 30 22 17
split_gain=3.29871 5.87599 7.90468 6.46494 7.2859 5.86029 5.80867 5.54224 10.7524 9.75828 9.08047 6.69791 6.45442 6.44282 5.98353 6.68271 6.45173 8.04548 5.93739 5.88831 5.68412 9.53763 5.64382 7.84134 5.54168 7.73721 5.50566 9.42956 9.42084 11.956
threshold=0.73946980123882966 0.35993122193886878 0.80756294729942335 1.0000000180025095e-35 -1.1071965579980656 -1.1718503152113144 -0.26180865484761184 0.22683410457572614 -0.39650192088494751 -1.5700112731275186 -0.74126087829009446 -1.0976596454475318 -0.43128159983596087 0.44017954421349997 0.24876672321109661 -0.3606937377526323 -0.66544474802667819 -1.3631628758432612 0.97306163206624541 -2.0057705471375402 1.7304216193153443 1.7847187923945602 -0.69912793914338789 0.26853069974048444 0.57571657848509805 1.1857108044245959 -0.020640343780774128 0.080263901826054654 0.9360885973947537 0.36422495027287677
decision_type=2 2 2 2 2 2 2 2 2 2 2 2 2 2 2 2 2 2 2 2 2 2 2 2 2 2 2 2 2 2
left_child=-1 2 7 4 5 -3 -5 8 9 -2 12 -11 -9 22 15 16 -12 -18 -15 -17 24 -22 23 -10 -16 -26 -24 28 -28 -30
right_child=1 3 -4 6 -6 -7 -8 10 13 11 14 -13 -14 18 20 19 17 -19 -20 -21 21 -23 26 -25 25 -27 27 -29 29 -31
leaf_value=-0.00013203332755620727 -0.0079185837664413686 0.0085690853998137608 -0.0023575474124080749 -0.00079473794242971999 0.0048959309293676772 -1.1587382548970521e-05 0.0011855050022518991 -0.020841527304064855 -0.001084954915875289 0.0072528008322880477 0.014720246544686292 0.0018557342787578674 -0.0027327908748744486 0.0035452617400218559 0.0029797382715513717 0.016712546094435381 -0.014838633129778903 -0.0020299732807769169 -0.0034157781847304635 0.0003610902408966955 -0.0047358320708820048 0.0035644055412432625 -0.0017415234312321854 -0.0082990583445884444 0.0014408102012564853 0.021056822015254176 0.0031870559663925418 -0.00030983053560640871 0.029921026928915486 0.0048771606619104242
leaf_weight=131400.01639043353 163.16006684303284 219.64274966716766 3437.8997681438923 5509.4289545416832 2020.8819713890553 2115.5097362548113 11295.825146138668 50.111850202083588 2398.9450576901436 1231.6596392393112 55.272494941949844 1078.0100022852421 2723.1632861495018 2072.9855280518532 1379.1926634907722 55.576494187116623 127.23895606398582 3361.5239263772964 359.44435548782349 5897.5912530273199 643.08879020810127 749.4250992834568 1830.2514840215445 446.83397421240807 94.729751735925674 107.10641321539879 1213.3396262079477 2405.096555441618 79.685351967811584 118.56523394584656
leaf_count=131747 189 182 3600 5597 1823 2116 11028 71 2451 1053 39 1038 2872 1926 1297 37 165 3498 384 5855 704 696 1894 521 92 62 1136 2420 32 107
internal_value=2.49201e-06 0.000334502 -9.21175e-05 0.000981246 0.0026978 0.000795504 0.000536303 0.000179802 0.000921695 0.00389897 -0.000472248 0.00473379 -0.00306001 0.00024781 0.000103225 -0.000509607 -0.0022286 -0.00249712 0.00251662 0.000513741 0.00206055 -0.000268798 -0.000402008 -0.00221769 0.00411216 0.0118502 0.000513006 0.00159414 0.00483817 0.0149434
internal_weight=184641 53241.2 32079.9 21161.3 4356.03 2335.15 16805.3 28642 13398 2472.83 15244 2309.67 2773.28 10925.1 12470.7 9497.2 3544.04 3488.76 2432.43 5953.17 2973.54 1392.51 8492.72 2845.78 1581.03 201.836 5646.94 3816.69 1411.59 198.251
internal_count=184632 52885 32139 20746 4121 2298 16625 28539 13151 2280 15388 2091 2943 10871 12445 9594 3702 3663 2310 5892 2851 1400 8561 2972 1451 154 5589 3695 1275 139
is_linear=0
shrinkage=0.05


Tree=226
num_leaves=31
num_cat=0
split_feature=13 23 4 28 10 16 21 26 9 20 28 2 29 3 30 8 22 30 21 32 2 32 19 21 26 5 31 13 6 25
split_gain=3.29192 9.32957 7.63768 14.1521 7.52698 6.97754 5.76836 5.7728 4.94959 8.07952 11.8664 7.82109 11.0238 9.01664 7.63349 9.79098 11.9574 7.2792 7.06854 6.4723 6.15268 6.73553 6.47087 6.32368 5.74864 8.06933 5.58754 5.47471 10.6411 12.6065
threshold=1.0263476334885089 -0.98320671293672224 1.7549193034596331 -1.015947754817955 1.7405075233574254 -0.15731495258073536 2.9117863374795019 0.59772227696142988 0.47705401862943747 0.20302219687814424 -0.29655672610078093 1.0000000180025095e-35 -0.37352220968583932 0.95058983902311878 0.30778687889401335 -1.1501431596341969 -1.1666041556849989 1.9479255641402615 2.3393023904778327 -3.2435534015380725 -1.3091099346826403 1.2146320698515098 -0.62329924965528438 0.50473240590148383 -0.85802250853496276 1.0000000180025095e-35 1.0000000180025095e-35 -0.079665929755922252 0.73561823127171466 0.83682142699970818
decision_type=2 2 2 2 2 2 2 2 2 2 2 2 2 2 2 2 2 2 2 2 2 2 2 2 2 2 2 2 2 2
left_child=2 -2 4 -4 8 -3 7 -5 24 20 17 -12 14 -14 -13 -16 -17 18 -11 -19 22 -22 -10 -23 25 -1 -26 -28 -29 -30
right_child=1 5 3 6 -6 -7 -8 -9 9 10 11 12 13 -15 15 16 -18 19 -20 -21 21 23 -24 -25 26 -27 27 28 29 -31
leaf_value=0.027561783603302061 -0.0077987840397610256 -0.013875019139899879 0.033896221535775865 0.002827316468936606 -0.030182892291251252 -0.00033630185175716838 -0.010328013875234705 0.019268408883087007 0.0076090178679951428 -0.00054224420758217703 0.0088479965535169635 0.0038350795541490616 -0.0011030536466511607 0.0085223028466768474 0.032632579643376486 0.03707050946887086 0.0058335219730223844 0.031154247471832187 0.017865632600722318 0.0054979219371602533 0.0002185824680551343 -0.0032526360981781203 -0.0030730587998970878 -0.021430456133719127 -0.0081599519072221537 -0.0030888696203782064 0.00011406782241375756 -0.0013151853623670387 -0.001381483493649928 0.0020017717269660948
leaf_weight=44.566822022199631 430.80490940064192 95.498992711305618 37.258336782455444 1532.6666734665632 20.57795575261116 27392.755316719413 80.393828511238098 55.317668557167053 533.13225783407688 3669.2078638374805 714.42451271414757 579.44430008530617 1407.9393456876278 294.13397842645645 54.70012241601944 34.804154872894287 255.85014846920967 31.837412238121033 52.902862161397934 107.86013182997704 38417.949816673994 751.13652345538139 193.13000264763832 51.098651826381683 216.64392068982124 41.439947962760925 74787.617208816111 21453.688459903002 4747.8193220496178 6554.408593967557
leaf_count=20 498 122 12 1446 33 27577 97 34 452 3709 588 535 1439 244 19 9 226 12 34 96 38250 800 205 73 252 44 74617 22018 4879 6292
internal_value=2.43988e-06 -0.000497762 9.15477e-05 0.00341915 5.49343e-05 -0.000383338 0.00273853 0.00340004 5.89488e-05 0.000486274 0.00202763 0.00420939 0.00294784 0.000560297 0.00734207 0.0132262 0.00957397 0.000139938 -0.000280611 0.0113451 0.000208338 0.000123897 0.00476841 -0.00441048 -0.000127875 0.0127936 -0.000138188 -0.000122028 -0.000661077 0.00058054
internal_weight=184641 27919.1 156722 1705.64 155016 27488.3 1668.38 1587.98 154996 47149.6 7203.1 3341.3 2626.87 1702.07 924.799 345.354 290.654 3861.81 3722.11 139.698 39946.4 39220.2 726.262 802.235 107846 86.0068 107760 107544 32755.9 11302.2
internal_count=184632 28197 156435 1589 154846 27699 1577 1480 154813 46691 6911 3060 2472 1683 789 254 235 3851 3743 108 39780 39123 657 873 108122 64 108058 107806 33189 11171
is_linear=0
shrinkage=0.05


Tree=227
num_leaves=31
num_cat=0
split_feature=22 27 1 24 28 24 23 32 29 19 29 4 29 2 17 28 20 28 6 16 13 9 20 19 10 4 14 6 29 28
split_gain=3.25439 7.85732 6.86876 13.2542 9.3926 7.55041 11.68 9.46925 8.18253 9.38523 7.38009 6.80872 6.6677 9.89545 8.25694 7.85884 14.6168 6.64652 6.39779 8.81182 5.98537 6.95881 7.95249 7.12934 7.46627 5.84281 5.82662 7.12515 11.7052 10.652
threshold=-1.2002588414328701 0.62449102579983518 -0.51062329339421308 -1.8713447490595676 0.30120826780346449 0.34317728814125653 -0.46117418975554253 0.91303592712474124 -1.0623302737609699 -0.26829240514045932 0.18587792445258441 1.0703828178952601 0.33111822131503849 -1.1333963326440271 -0.10051996614685878 3.1315240060345997 0.020271150308965528 2.2537844959010331 -0.870002884882627 -0.20640983200316521 1.691733032205607 0.42457086210755912 -1.4929422625300293 -1.1518775986618117 -1.0531970563606772 2.096014600489486 -1.422583169050784 -0.41271507379741074 -0.10208393294945046 -0.38822604220946505
decision_type=2 2 2 2 2 2 2 2 2 2 2 2 2 2 2 2 2 2 2 2 2 2 2 2 2 2 2 2 2 2
left_child=2 26 3 -1 10 12 7 -7 17 -10 -5 -12 -4 14 -14 -15 -17 -8 -6 -20 21 22 23 24 -3 -22 -2 28 29 -28
right_child=1 20 5 4 18 6 8 -9 9 -11 11 -13 13 15 -16 16 -18 -19 19 -21 25 -23 -24 -25 -26 -27 27 -29 -30 -31
leaf_value=0.028091782471405504 0.0016062352114641467 -0.0026027184717391243 0.0006235553788565989 0.0069771046602526213 -0.0017458077179433934 0.039792019733645288 -0.0032297977391055155 0.0055425238672895463 -0.0049009001032018669 0.00674191437350801 -0.00080333759386047663 0.022569549116426418 0.00072499738798810791 -0.0033476483795035691 0.02095364804771151 -0.0057025258588423436 0.037001556923039879 -0.033460366135963017 0.020169147749679546 -0.00041805704619299095 -0.0090796513414283641 0.00039712980860647683 -0.00097991954286296258 -0.018206521614767709 -0.026662414756898942 0.00079916930373895387 0.0031597336073658153 0.0002438187285841022 -0.0015929825003220431 -0.00030634666002241897
leaf_weight=50.209469169378281 6170.2163724452257 480.01321557164192 11022.462315231562 1205.1722575724125 1431.0338008850813 39.185028582811356 226.37696406245232 41.612798392772675 215.84345573186874 873.8250767737627 619.05381420254707 32.810251772403717 2178.5894311070442 3692.758834540844 51.641597092151642 47.574144452810287 34.619529962539673 19.769862920045853 83.805852562189102 136.85572963953018 413.00175961852074 10885.458802551031 22899.212289780378 110.69322696328163 34.567134320735931 234.75213450193405 2821.2905277758837 92810.579125858843 15435.238697841763 10342.631388545036
leaf_count=22 5972 505 10885 1037 1481 8 241 37 237 756 629 18 2147 3940 30 53 9 33 50 138 488 10799 23348 151 53 231 2643 92358 15927 10406
internal_value=2.39788e-06 -7.48121e-05 0.000573099 0.00258421 0.0022192 0.000185041 0.00369237 0.0221527 0.00257578 0.00443569 0.00465894 0.000373089 -0.00010675 -0.00144722 0.0011934 -0.00300729 0.0122842 -0.00565784 -0.000523844 0.00740083 -0.000737786 -0.000648149 -0.00113183 -0.00669518 -0.00421894 -0.00549947 0.000107366 3.11918e-05 -0.000658829 0.000436503
internal_weight=184641 162638 22003.2 3558.94 3508.73 18444.3 1416.61 80.7978 1335.82 1089.67 1857.04 651.864 17027.6 6005.18 2230.23 3774.95 82.1937 246.147 1651.7 220.662 35057.7 34409.9 23524.5 625.274 514.58 647.754 127580 121410 28599.2 13163.9
internal_count=184632 162881 21751 3375 3353 18376 1312 45 1267 993 1684 647 17064 6179 2177 4002 62 274 1669 188 35575 34856 24057 709 558 719 127306 121334 28976 13049
is_linear=0
shrinkage=0.05


Tree=228
num_leaves=31
num_cat=0
split_feature=13 27 24 10 19 20 24 24 26 25 30 28 32 30 29 25 5 10 10 29 25 21 22 19 20 20 32 9 21 19
split_gain=3.32922 6.91521 7.24837 6.31503 8.05527 6.42077 11.7729 11.8629 13.3995 12.4913 11.1239 16.9184 16.3795 14.3452 10.4348 9.99521 14.1789 9.784 9.78346 9.52414 8.43013 8.91785 12.5316 8.80753 9.49296 14.387 12.5745 8.22475 15.6268 13.9565
threshold=0.44578319704479408 1.1585449686384137 -0.54584788370075066 1.1064384547855119 0.17601838500223188 0.75882809318631705 1.9796740764569876 1.6270136925359178 1.041089575998998 1.0894634729347941 0.96339753039031528 -1.015947754817955 -0.069501741968237205 1.0025488522901893 -1.0351167071203073 1.3844758358809486 1.0000000180025095e-35 -0.059597252698067232 0.23643611366204872 -0.52869042337317673 0.44850267568119317 0.21465217051682803 1.2681136509571698 0.3960940428893856 -0.029922035618811963 -0.19067491056637112 -1.2785005942551626 0.52953717515131593 0.55714647306435194 0.53521196378800329
decision_type=2 2 2 2 2 2 2 2 2 2 2 2 2 2 2 2 2 2 2 2 2 2 2 2 2 2 2 2 2 2
left_child=3 -2 -3 5 -5 6 7 8 10 -9 27 19 13 -13 -14 -11 -17 -18 20 -12 -10 22 -22 24 25 -23 -26 29 -29 -1
right_child=1 2 -4 4 -6 -7 -8 9 18 15 11 12 14 -15 -16 16 17 -19 -20 -21 21 23 -24 -25 26 -27 -28 28 -30 -31
leaf_value=-3.7871474876725728e-05 -0.00019660291145238932 -0.010260738443396897 -0.001900525754780387 -0.040730562967101411 0.00084888362817033642 0.0011118868673740867 -0.029065217137128369 0.030595756790808289 -0.014807493275072645 -0.0042833080327536101 -0.019775419789247201 0.029686998313835103 0.012657442263504333 0.005739326171520228 -0.010256782820202844 -0.0012844763173337596 0.039726619587159784 0.012854250321573349 -0.010273936569676576 0.00157025144580948 0.00024907208748078702 -0.008123997993695984 0.024331949428886741 0.00078608691992429242 -0.025348899838229702 0.012798188910550085 -0.0064668735519421046 0.00049638019383381352 0.0060293455905725581 -0.0024837589003776214
leaf_weight=73208.549684131518 54206.855484843254 292.89385566115379 2258.1659488976002 21.492206558585167 25.431772410869598 15291.038085579872 34.781413421034813 51.53511968255043 124.21403133869171 193.42962718009949 59.476532459259033 162.45752519369125 101.76057109236717 101.67039051651955 97.084506213665009 156.96757727861404 43.802521288394928 149.41144222021103 446.29572084546089 430.52050885558128 186.93118610978127 202.15402281284332 75.969929277896881 920.47141069173813 110.15422926843166 138.43412044644356 441.8519820868969 27431.32735401392 1338.3926367610693 6337.198536157608
leaf_count=73264 54420 353 2344 39 25 14951 55 20 161 210 83 66 76 90 117 161 9 111 538 417 186 235 39 906 166 103 499 27159 1177 6652
internal_value=2.36133e-06 -0.00031633 -0.00286038 0.000143805 -0.0181954 0.000150537 1.99221e-05 2.89135e-05 -8.52662e-06 0.00706938 7.66178e-05 0.00545505 0.0123088 0.0204689 0.00146976 0.00483904 0.00987795 0.0189463 -0.00352399 -0.00102072 -0.0021548 -0.00139774 0.00720825 -0.00264564 -0.00618454 0.000379952 -0.0102348 2.92978e-05 0.000753779 -0.000232729
internal_weight=184641 56757.9 2551.06 127883 46.924 127836 112545 112510 111915 595.146 109268 952.97 462.973 264.128 198.845 543.611 350.182 193.214 2646.48 489.997 2200.18 2075.97 262.901 1813.07 892.594 340.588 552.006 108315 28769.7 79545.7
internal_count=184632 57117 2697 127515 64 127451 112500 112445 111934 511 109101 849 349 156 193 491 281 120 2833 500 2295 2134 225 1909 1003 338 665 108252 28336 79916
is_linear=0
shrinkage=0.05


Tree=229
num_leaves=31
num_cat=0
split_feature=14 12 20 28 8 8 7 29 32 26 2 19 25 2 4 19 10 19 8 13 10 2 17 19 28 23 30 28 4 20
split_gain=3.2847 8.16972 6.36239 6.81703 10.8588 22.9652 9.7723 9.27161 8.51535 9.04113 12.3657 9.39465 9.09933 10.4373 12.4644 10.3892 8.10622 7.3148 7.05419 6.95151 8.66516 10.9499 6.89936 6.71437 7.43805 6.93144 16.2584 11.7642 11.4178 11.325
threshold=-0.31484938568354176 1.2451883861593716 0.47294542192561945 -0.32396657030262194 0.47684578015242507 1.1591314645790731 0.07204129138879109 -0.33849964001062566 0.5872510299764685 -0.32055406665287983 2.6354203034584542 0.33516835206611101 0.21442175168113295 0.98169358277841567 1.0054018765527315 0.28501301469343943 -0.6547038262549002 2.206429915713791 -0.88772558870087093 1.9430085082198307 0.49600162135948156 0.91586560314467469 0.61923764790676172 2.44857694879112 -1.3172990633207557 1.7260881867468425 1.4298519278789554 -1.3172990633207557 0.18433452200044456 0.87857628581696445
decision_type=2 2 2 2 2 2 2 2 2 2 2 2 2 2 2 2 2 2 2 2 2 2 2 2 2 2 2 2 2 2
left_child=1 -1 -2 23 8 -6 -7 17 9 -5 11 12 13 15 -15 -11 -9 -8 22 20 21 -18 -10 25 -25 26 28 29 -4 -28
right_child=2 -3 3 4 5 6 7 16 18 10 -12 -13 -14 14 -16 -17 19 -19 -20 -21 -22 -23 -24 24 -26 -27 27 -29 -30 -31
leaf_value=0.00019184764199155961 -0.00050064273593665497 0.0041772659816829072 -0.0021485236878903777 0.0010670409263593965 -0.0030045491032937906 0.0041694569639601567 0.0045531332907616986 0.028084434447658041 0.029658541250458033 0.0053655238718299057 0.025423483670954407 0.0026994615944978583 0.0023096799925175476 0.037679561016837976 0.0078338196611417946 0.029459898796613 -0.0061936935257142361 -0.009390859627481719 -0.0025521412513357248 -0.032289372719863756 0.002839371545662829 -0.031588351718652367 0.0033214719989415513 0.025165957807563307 0.0022797022120348838 -0.0018651848615603836 0.013044767209415734 0.00086396547194014122 0.00054125554156154152 0.0034945951566260286
leaf_weight=71597.717066988349 62867.516697958112 1309.3937158435583 7673.2757064551115 4976.1960981190205 4210.0160014480352 2538.7000104486942 739.32489638030529 18.251867085695267 27.03837513923645 358.46729606389999 67.137261211872101 3753.6570598185062 374.28979283571243 77.1076420545578 64.032359480857849 51.119514346122742 422.64529144763947 107.76068988442421 1542.2777850329876 23.696862906217575 245.96788448095322 47.188108444213867 309.56417548656464 36.240576863288879 1741.3973491489887 6392.5348204374313 427.54432448744774 3386.5166699886322 8120.9097472131252 1133.2016168534756
leaf_count=71323 63497 1200 8003 4870 4463 2327 672 8 11 320 33 3551 357 19 54 21 475 128 1621 39 232 77 289 18 1662 6631 316 3328 8033 1054
internal_value=2.35247e-06 0.000263425 -0.000167999 0.000259955 0.000970809 -0.000403711 0.00223886 -0.000815174 0.00196057 0.00255609 0.00411743 0.0038117 0.00832507 0.0124133 0.0241392 0.00837268 -0.00483339 0.00277927 -0.00112087 -0.00564585 -0.0047638 -0.00874423 0.00543706 -0.000230667 0.00274628 -0.000425697 1.79545e-05 0.0025192 -0.000765518 0.00611073
internal_weight=184641 72907.1 111734 48866.1 19954.4 8353.55 4143.54 1604.84 11600.9 9722.01 4745.81 4678.67 925.017 550.727 141.14 409.587 757.75 847.086 1878.88 739.498 715.801 469.833 336.603 28911.6 1777.64 27134 20741.4 4947.26 15794.2 1560.75
internal_count=184632 72523 112109 48612 19567 8421 3958 1631 11146 9225 4355 4322 771 414 73 341 831 800 1921 823 784 552 300 29045 1680 27365 20734 4698 16036 1370
is_linear=0
shrinkage=0.05


Tree=230
num_leaves=31
num_cat=0
split_feature=9 13 2 38 20 8 20 12 10 21 29 19 24 28 7 26 19 23 20 30 4 8 24 11 25 29 28 24 32 10
split_gain=3.25135 6.12484 10.0037 8.8288 8.53483 9.68953 8.36353 9.15692 7.34922 7.31547 13.5441 17.3989 16.976 9.85106 8.74812 8.07433 11.3988 11.3913 9.94599 9.36683 9.12204 8.32644 12.254 8.20669 7.84087 7.24985 7.23762 7.19247 6.95046 7.03185
threshold=1.1593350534138571 1.0000000180025095e-35 0.32343241555432412 1.0000000180025095e-35 -0.049559353244548222 0.056977666659103185 -0.13546383028202683 -2.4132527290971537 0.79253648680566913 -0.50409198624610407 0.43024892814780746 -0.24517895918438917 -0.59334254040556211 2.7284431364563546 2.6333751065418389 0.28298148207271029 -0.56604065036781614 0.93975707961229771 0.69129888104293025 0.16916663707918692 0.65986539607286565 1.0000000180025095e-35 -1.2614821103661398 -0.054549452085833706 0.061155738166147042 2.1987761886684773 -1.0262740306069202 1.9421228480837405 1.018111639861865 -0.75272154076405828
decision_type=2 2 2 2 2 2 2 2 2 2 2 2 2 2 2 2 2 2 2 2 2 2 2 2 2 2 2 2 2 2
left_child=1 2 3 8 5 -4 7 -3 -1 10 14 -12 -13 15 -8 18 17 23 21 24 27 26 -23 -17 -20 -22 -11 -21 29 -6
right_child=-2 6 4 -5 28 -7 9 -9 -10 13 11 12 -14 -15 -16 16 -18 -19 19 20 25 22 -24 -25 -26 -27 -28 -29 -30 -31
leaf_value=-5.6329385865447662e-05 0.00047030614440542613 0.013579121375248557 0.001725224845099823 0.016745768622398637 -0.0084208535938165765 -0.0018876693152777538 0.00038038440779004402 -0.0020485165929189494 -0.028828562432658647 -0.0060273108857711276 0.0014765233754560673 0.031685269221801836 0.0079231629632917459 -0.0068696640118735899 -0.032965347245928048 0.011025816295003633 0.00017083082766785663 0.02549334014918532 2.4709751815120149e-05 -0.0043472588528196479 -2.8972558984337262e-05 0.032402259782223372 -0.0044337378133101095 -0.010580068952507448 0.004897920740109564 0.018625690413765907 -0.00059290264867745308 0.0079505467988897262 -0.0057263718854203716 0.0037157504998737247
leaf_weight=80110.748220309615 30903.683845847845 94.725885540246964 5140.3657376915216 78.185539484024048 122.38780391216278 2904.3509187847376 1784.5764992833138 8962.7914588749409 22.200075060129166 681.8103406727314 435.87149035930634 120.12188756465912 200.82308027148247 576.75740775465965 19.887821361422539 128.29005071520805 26755.412987589836 85.690992683172226 1828.9038376957178 2096.7018822580576 5391.8756736665964 22.730190873146057 3357.2928709685802 66.85367077589035 1504.3652357906103 52.590798556804657 6042.3495011925697 126.04206682741642 217.13238428533077 4805.0903343260288
leaf_count=80201 30613 69 4963 52 143 3014 1771 9330 35 764 423 44 169 656 33 100 26664 42 1828 2279 5395 8 3655 81 1357 33 6114 106 242 4448
internal_value=2.33169e-06 -9.1739e-05 0.000161916 -4.79149e-05 0.00143801 0.000420877 -0.000484396 -0.00188508 -6.43005e-05 -0.00023699 0.00236758 0.00798189 0.0168167 -0.000373922 1.28659e-05 -0.000296099 0.000276014 0.0102969 -0.00102901 1.12699e-05 -0.000950734 -0.00216157 -0.00418602 0.00362392 0.00222408 0.000151222 -0.00114394 -0.0036499 0.00302851 0.0034143
internal_weight=184641 153737 93400.5 80211.1 13189.3 8044.72 60336.5 9057.52 80132.9 51278.9 2561.28 756.816 320.945 48717.7 1804.46 48140.9 27036.2 280.835 21104.7 11000.5 7667.21 10104.2 3380.02 195.144 3333.27 5444.47 6724.16 2222.74 5144.61 4927.48
internal_count=184632 154019 93098 80288 12810 7977 60921 9399 80236 51522 2440 636 213 49082 1804 48426 26887 223 21539 10998 7813 10541 3663 181 3185 5428 6878 2385 4833 4591
is_linear=0
shrinkage=0.05


Tree=231
num_leaves=31
num_cat=0
split_feature=1 11 12 12 9 2 4 28 26 19 4 3 29 29 8 29 10 8 4 25 26 29 7 21 32 19 6 24 11 21
split_gain=3.23617 11.8851 9.62011 7.44526 7.16278 10.347 12.224 11.012 10.9468 14.4731 10.4042 8.70491 19.2506 10.7831 9.12412 17.3155 12.8129 10.1486 9.71043 8.84124 7.88679 8.45353 7.74119 11.0287 8.25616 9.94134 7.3405 7.177 7.05964 6.96841
threshold=0.31152728886265096 0.45973847710242388 0.24968322180949348 -0.31943203723518671 -0.15274385963310347 -1.1333963326440271 -0.80200272592634259 0.32118595022624974 0.88794289922589564 0.73089909662664454 -0.77571971822536312 1.3340743548763261 -0.24421657797604743 -1.3087806087892615 0.37187875177909463 -3.012356386587963 -0.54630696397207557 1.1591314645790731 1.1220121498834075 0.21442175168113295 -0.27614937493376707 -0.05404979689276309 0.7098831171272878 -0.58137535726496703 1.018111639861865 -0.25192734182096593 -0.53421610572849854 -0.757497086190417 -0.072797838251866323 -0.48855817584053846
decision_type=2 2 2 2 2 2 2 2 2 2 2 2 2 2 2 2 2 2 2 2 2 2 2 2 2 2 2 2 2 2
left_child=1 2 -1 -3 11 6 -6 -7 20 -10 -8 13 14 -2 15 -13 27 18 19 -18 -9 22 -22 -24 25 26 -25 -16 -4 -17
right_child=4 3 28 -5 5 7 10 8 9 -11 -12 12 -14 -15 16 29 17 -19 -20 -21 21 -23 23 24 -26 -27 -28 -29 -30 -31
leaf_value=0.00024120041632726851 -0.0057344802943572306 -0.00079013569259954854 -0.0015042455921180807 0.0020155307643222589 0.0031502705763832872 -0.00075711861311631421 0.037748056593025971 -3.1793836812441849e-05 0.039511642127343254 0.00092345799371823458 0.0029478745020092172 0.026884898024673129 -0.0043744595081316034 -0.0010923851067747559 0.0025323985657793799 0.02329521750192529 -0.0048840223545495816 0.0066028604975871714 -0.0052992806824450379 0.0090310122536146533 0.003504738389473606 0.00070393683476363197 0.030677089218730344 -0.043059004807616874 0.02739636064009934 0.0086034167023043753 -0.001341723058053313 0.023851471994115053 6.3408153468156626e-05 -0.001727698614694475
leaf_weight=82852.682029090822 1346.5631970614195 2941.5160664021969 16331.663343250751 12054.942131131887 1299.9007820188999 20788.217076955363 48.971822679042816 7915.9664199948311 42.904714703559875 56.034917384386063 38.255444824695587 118.96983936429024 1005.9870108664036 17625.914273310453 63.201002329587936 33.70182853937149 179.46935313940048 615.24792471528053 662.75726328790188 313.65187960863113 1918.4750636219978 2946.4827564060688 62.102445065975189 17.193392634391785 44.240663409233093 205.33095502853394 27.26827085018158 105.16844350099564 12818.25563660264 159.48902013897896
leaf_count=82453 1501 2988 16823 11569 1218 21103 12 7921 9 55 36 55 1094 18011 60 18 197 534 733 257 1784 2905 24 32 20 170 28 55 12802 165
internal_value=2.30854e-06 0.000143331 -3.36595e-05 0.00146521 -0.000308401 0.000133213 0.00436615 -3.93592e-05 0.00108794 0.017657 0.0224857 -0.00101187 0.0013759 -0.00142186 0.00394502 0.0118786 0.00266811 0.0014151 -0.00134623 0.0039667 0.000963153 0.00247164 0.00476149 0.0115315 0.00748781 0.00396181 -0.0174739 0.0158489 -0.000814893 0.00263751
internal_weight=184641 126999 112003 14996.5 57641.5 35411.3 1387.13 34024.2 13236 98.9396 87.2273 22230.1 3257.64 18972.5 2251.66 312.161 1939.5 1771.13 1155.88 493.121 13137.1 5221.09 2274.61 356.136 294.033 249.793 44.4617 168.369 29149.9 193.191
internal_count=184632 126635 112078 14557 57997 35317 1266 34051 12948 64 48 22680 3168 19512 2074 238 1836 1721 1187 454 12884 4963 2058 274 250 230 60 115 29625 183
is_linear=0
shrinkage=0.05


Tree=232
num_leaves=31
num_cat=0
split_feature=15 19 12 24 6 24 21 8 10 19 22 26 22 24 20 2 28 28 32 14 28 28 26 6 14 29 25 2 26 23
split_gain=3.11171 9.5517 8.03537 7.76737 15.8298 6.24306 10.19 7.54344 7.42426 6.89929 19.1701 15.7301 14.3883 6.83103 6.3907 6.13547 6.00135 8.57305 9.26572 5.62922 5.38511 5.23238 10.2502 8.6289 9.19371 9.70978 22.8767 11.8155 13.286 29.4011
threshold=-0.71910909818741708 -1.0904644283575222 -0.52581271602245938 -1.9391018954958896 -0.95894946728969088 -1.3724834536380393 -1.433976073292204 0.52932929433909037 0.85457918599711524 -1.0294114991276377 0.11074443450679412 -0.1056223439766605 0.60749742232544712 -0.32011927823807323 -0.60625065531118949 1.4016708861350868 -1.2973845298745126 -0.7992824994672415 -1.2785005942551626 -0.56835155208315669 -0.284103562059495 -0.17176353108820838 0.94099525482330304 0.013738869076392924 0.1757799307546852 -0.27454012615978068 -1.3802633923775594 0.30142280034858837 0.54904399058013509 0.55783089248885565
decision_type=2 2 2 2 2 2 2 2 2 2 2 2 2 2 2 2 2 2 2 2 2 2 2 2 2 2 2 2 2 2
left_child=2 16 -1 4 -3 7 -7 8 15 10 14 13 -13 -12 20 -5 -2 18 -18 -20 -8 -11 23 24 25 26 -23 28 29 -28
right_child=1 3 -4 5 -6 6 9 -9 -10 21 11 12 -14 -15 -16 -17 17 -19 19 -21 -22 22 -24 -25 -26 -27 27 -29 -30 -31
leaf_value=0.0020567043219665002 0.017598448423211021 0.038598867479222428 0.00010013979454092577 -0.0020383236903906725 -0.0015456301231242366 -0.011886086728117994 0.013220413012646939 -0.011869880547978072 -0.023581372058849817 -0.00031438125307613104 0.007488369057646483 0.036032009296412058 0.0029440346280014875 -0.021134167554678486 -0.0057986236275177107 0.011230739594193727 0.003563218165877464 -0.0015143569079452135 -0.0074310584478389568 -0.02518184103970543 -0.00054458757133731559 0.03691871247755811 0.0052952473191134278 0.00093207659565749793 -0.0013015282136453804 -0.00043405943266720164 -0.00033640758424997717 0.003209171238624825 -0.010833363717194722 0.034131260038661397
leaf_weight=6065.4987476319075 40.121535897254944 39.469761103391647 38913.93667621538 1409.5381042212248 64.990959763526917 179.36180108785629 103.31818005442619 210.11839470267296 38.053109407424927 63942.950714990497 284.62798747420311 100.22915887832642 48.877968549728394 22.492707043886185 371.87297214567661 92.857071280479431 78.60148549079895 8636.4273384325206 82.707860976457596 97.097915321588516 227.521888256073 45.867044508457184 1021.1442238986492 26411.347979173064 13307.595771744847 14451.543425112963 3399.1301397383213 4599.1918871551752 290.9587592035532 63.016974985599518
leaf_count=5816 26 9 38836 1467 67 222 76 260 56 64345 242 28 46 32 415 72 73 8898 95 146 230 12 913 25919 13654 14577 3422 4304 354 20
internal_value=2.29325e-06 -0.000114193 0.000363983 -6.09022e-06 0.0136227 -1.69894e-05 2.32983e-05 -0.00298284 -0.00177064 3.98968e-05 0.0038803 0.0118612 0.0251856 0.00539213 -0.00130117 -0.00121822 -0.00169583 -0.00178286 -0.0107568 -0.0170168 0.00375409 4.99751e-06 0.00032615 0.000245052 -0.000256789 0.000351664 0.00170373 0.00151035 -0.000571448 0.000290963
internal_weight=184640 139661 44979.4 130726 104.461 130622 128871 1750.57 1540.45 128692 1158.94 456.228 149.107 307.121 702.713 1502.4 8934.96 8894.83 258.407 179.806 330.84 127533 63589.8 62568.7 36157.3 22849.7 8398.16 8352.3 3753.11 3462.15
internal_count=184632 139980 44652 130742 76 130666 128811 1855 1595 128589 1069 348 74 274 721 1539 9238 9212 314 241 306 127520 63175 62262 36343 22689 8112 8100 3796 3442
is_linear=0
shrinkage=0.05


Tree=233
num_leaves=31
num_cat=0
split_feature=4 29 28 15 10 28 20 32 21 19 10 10 24 32 19 25 24 28 22 6 24 2 22 28 28 4 20 8 17 6
split_gain=3.09723 6.66578 9.7391 8.46515 7.73206 7.61218 6.77273 6.85247 6.0984 5.65287 5.54784 5.50327 9.03676 5.50847 5.95027 4.72126 4.60125 4.43098 4.29563 8.78768 10.9689 10.8852 10.6645 11.2132 22.5442 21.2583 9.92999 12.4903 11.9977 10.7042
threshold=-1.6057630796391396 -0.13075831338728644 -1.4350710140661351 -1.8740130993265864 -0.029484930133926692 2.7284431364563546 -0.078372750853207565 -1.0524582487143497 -1.983083711852899 -2.30556567616649 -1.5574557825360664 -1.7642549255877944 -0.023583268115077872 0.65508919024126289 -1.5781864671545482 -0.18809424580272166 0.58042310074400472 0.158351340242529 -0.81134395626783384 -0.40205020097638683 0.40896907206596084 -0.64125718489003047 -0.36551264452756987 -0.38822604220946505 -0.41344160621380416 -0.80200272592634259 -0.41288493450935032 0.16194469503243367 -1.4047456290982754 -1.0009166226798658
decision_type=2 2 2 2 2 2 2 2 2 2 2 2 2 2 2 2 2 2 2 2 2 2 2 2 2 2 2 2 2 2
left_child=1 2 3 -1 6 8 7 10 -3 -10 -4 12 13 15 -15 -11 -5 -16 -2 20 21 22 -20 24 -24 -26 27 -23 29 -28
right_child=18 5 4 16 -6 -7 -8 -9 9 11 -12 -13 -14 14 17 -17 -18 -19 19 -21 -22 26 23 -25 25 -27 28 -29 -30 -31
leaf_value=0.029567536014966922 0.00051346560483488384 -0.0094032000773442582 0.010918328167344149 0.0081859766731805124 -0.036930419469014382 -0.028753141043016423 0.0014515847037223769 -0.010138596768295335 -0.020278784343322181 0.0089703327794505832 -0.0096938901486890282 -0.00053513645501895857 0.025762909323876693 0.0050680322358585281 -0.0020275648692791 -0.0012042996935549256 -0.0091395633329400816 -0.015738571980270219 -0.00055108286033751384 0.00014044985238779298 -0.0071575614265179666 -0.0013920672899381484 0.0036077579604980262 -5.730781410308527e-06 -0.0004891206564284589 0.032560848659012591 0.022528704383039097 -0.0054156994970617307 -0.00053658682178749312 0.00059336483189667609
leaf_weight=31.812119603157043 38397.314004739746 176.75815436244011 78.041697204113007 96.857458055019379 20.131042897701263 23.491126447916031 253.35533490777016 636.03080344200134 34.149708569049835 378.99405628442764 56.119646310806274 5360.6266657114029 43.322031021118164 203.64120334386826 195.08889165520668 163.07224342226982 63.409328401088715 84.425320386886597 5946.4601515978575 104960.83467395976 663.07937398552895 7512.8326294869184 1684.5488940477371 1747.7996726930141 75.263739049434662 137.62137740850449 107.38481348752975 2594.9325069338083 12797.65890263021 115.36911982297897
leaf_count=13 38003 210 61 81 35 37 246 765 48 311 67 5418 21 183 203 167 75 111 6012 104666 758 7722 1563 1748 76 48 59 2876 12935 114
internal_value=2.28192e-06 -0.000966368 -0.00433914 0.00600766 -0.00624337 -0.000340888 -0.00563982 -0.00797255 -0.000240372 1.02124e-05 0.00229624 0.000117981 0.00339451 0.00244931 -0.00143273 0.00590945 0.00133115 -0.00616888 4.55751e-05 -8.42879e-05 -0.000790896 -0.000661873 0.000754266 0.00288368 0.00554523 0.0208763 -0.00124917 -0.00242504 -0.000336346 0.0111679
internal_weight=184640 7899.33 1235.76 192.079 1043.68 6663.57 1023.55 770.192 6640.08 6463.32 134.161 6429.17 1068.54 1025.22 483.155 542.066 160.267 279.514 176741 138344 33383 32719.9 9591.69 3645.23 1897.43 212.885 23128.2 10107.8 13020.4 222.754
internal_count=184632 8052 1343 169 1174 6709 1139 893 6672 6462 128 6414 996 975 497 478 156 314 176580 138577 33911 33153 9447 3435 1687 124 23706 10598 13108 173
is_linear=0
shrinkage=0.05


Tree=234
num_leaves=31
num_cat=0
split_feature=21 8 17 23 23 19 24 28 28 21 8 19 1 8 29 6 13 20 24 8 20 26 19 8 10 22 26 24 6 25
split_gain=3.09816 7.31084 6.96139 5.38988 6.71842 8.74661 7.94476 7.95416 6.78802 11.0736 6.62909 6.30259 6.15735 6.09962 6.00781 6.46489 5.74488 6.02771 9.98574 15.8855 21.2308 11.6007 9.89162 9.52421 15.5878 9.92802 10.7695 9.5113 11.6454 12.1318
threshold=3.1111435666435683 0.58181280852575556 0.80225524361703715 2.0374231698337928 1.7260881867468425 0.66884861846710686 1.9046256214024124 -1.3645190661148141 -1.4350710140661351 1.5449339625391427 1.2116149787657384 1.6089689025468021 -1.2577125952739399 -0.10047287590089249 2.6285167352088901 2.5363485832117645 2.6601095430017083 0.75882809318631705 1.5860345742940554 0.31939523759242944 0.54760826848269273 1.041089575998998 0.54663799071567853 -0.57282450358087955 0.48399690342861307 1.1010644024126794 -0.56693530714532914 0.35317910347369497 0.14900872017360592 0.54795415877852538
decision_type=2 2 2 2 2 2 2 2 2 2 2 2 2 2 2 2 2 2 2 2 2 2 2 2 2 2 2 2 2 2
left_child=3 2 -2 4 6 -6 16 13 9 12 -11 -9 -7 -8 15 -5 17 18 21 -20 -21 22 27 25 -25 26 -24 -1 29 -29
right_child=1 -3 -4 14 5 8 7 11 -10 10 -12 -13 -14 -15 -16 -17 -18 -19 19 20 -22 -23 23 24 -26 -27 -28 28 -30 -31
leaf_value=-8.9434337884659919e-05 0.019085551327260478 -0.0085258969235558184 -0.0010713173086393253 0.00089313740438365602 -0.0078965793622270009 0.017896295202536765 0.026949590542625114 0.0067158418608561313 -0.00038300533418489586 -0.0023279272580559985 0.019706260433080491 -0.0065942055144104219 -0.009141774467245822 0.0069626642335383271 0.0092505696591702186 0.012153141927746363 -0.0048300395592610649 0.00068126346168173395 0.001892628057956838 -0.016624806057980036 0.026055731904002968 -0.003231344805403707 -0.0019216829860467346 -0.0016345945691901963 -0.0083512528363647066 -0.0023408087285160342 0.0028292511540239243 0.0024386423780000908 0.0005331263264134763 0.010337144090527751
leaf_weight=105830.70200300589 45.28626811504364 357.10687273740768 791.05067428946495 2854.9981104433537 512.1200647354126 21.804336935281754 67.243924617767334 266.84127590060234 4881.6063702255487 77.396529912948608 61.068723678588867 133.40588334202766 613.77935272455215 88.295428842306137 265.03437969088554 133.43247669935226 608.24322383850813 30063.624980330467 874.08640758693218 36.022619187831879 152.43731763958931 2959.722333163023 1794.048163369298 6831.6601127684116 988.83909317851067 3039.6931963264942 3559.4092598706484 2762.7470387965441 13378.650213003159 589.97264358401299
leaf_count=106020 28 418 808 2804 593 14 31 231 4919 81 37 151 726 76 216 101 667 29654 841 48 73 3151 1863 7055 1154 3182 3358 2628 13236 468
internal_value=2.25555e-06 -0.00253704 2.01439e-05 1.87753e-05 -1.7642e-05 -0.00163936 3.98347e-05 0.00600829 -0.00107277 -0.00542285 0.00739003 0.00227949 -0.00821421 0.0156036 0.00203575 0.00139589 2.07121e-05 3.77803e-05 -9.76938e-05 0.00473139 0.0178977 -0.000133896 -6.78354e-05 -0.00122844 -0.00248386 -5.86752e-05 0.00123712 8.57002e-05 0.00119348 0.00382853
internal_weight=184640 1193.44 836.337 183447 180193 6167.78 174026 555.787 5655.66 774.049 138.465 400.247 635.584 155.539 3253.46 2988.43 173470 172862 142798 1062.55 188.46 141735 138776 16213.6 7820.5 8393.15 5353.46 122562 16731.4 3352.72
internal_count=184632 1254 836 183378 180257 6370 173887 489 5777 858 118 382 740 107 3121 2905 173398 172731 143077 962 121 142115 138964 16612 8209 8403 5221 122352 16332 3096
is_linear=0
shrinkage=0.05


Tree=235
num_leaves=31
num_cat=0
split_feature=13 27 22 2 20 23 10 25 14 9 10 28 7 22 6 4 13 15 17 19 22 22 28 13 24 1 4 13 16 8
split_gain=3.10882 6.05471 6.6491 5.77847 5.63368 5.53983 5.31499 7.16901 5.02051 5.05569 5.06182 9.18051 9.12304 7.41963 9.37862 6.59767 7.45374 7.53439 8.26636 6.24256 5.95601 9.68333 5.54519 8.13109 7.73992 7.39772 8.97436 9.10601 6.77877 7.22662
threshold=0.44578319704479408 1.1585449686384137 -0.20535972382626813 1.810410148753727 2.5142430413062717 -1.453775649966276 1.1064384547855119 -0.26690580410166181 -0.86292602242452976 -1.6747553987675772 0.63461191031466468 -1.3172990633207557 1.7753634467765564 0.68481818441528974 1.1966896460645255 1.7549193034596331 0.93397668088061303 -0.63278808289967914 0.11087736826499366 -0.697977674425727 0.45374120510745081 0.25056883546471015 -0.079577645680379658 0.86584140325484205 -1.0072568104885 -0.91602109827934342 -0.28384032137889503 1.691733032205607 2.0446965193012425 0.89671389364574694
decision_type=2 2 2 2 2 2 2 2 2 2 2 2 2 2 2 2 2 2 2 2 2 2 2 2 2 2 2 2 2 2
left_child=3 8 5 4 6 -3 -1 -8 -2 -10 11 12 13 14 20 16 17 -13 -19 -15 21 -11 25 -24 28 26 27 -12 29 -25
right_child=1 2 -4 -5 -6 -7 7 -9 9 10 22 15 -14 19 -16 -17 -18 18 -20 -21 -22 -23 23 24 -26 -27 -28 -29 -30 -31
leaf_value=0.0001254191463079872 0.012438957118714407 -0.029325619501469176 -0.0064058190312875881 0.0080001694925759554 0.020503922683413126 -0.00065822364658956541 -0.045694094658849022 -0.003740034553983855 0.0048744104256710705 -0.0068336794159258793 0.0038935024682076494 0.0091219746692644595 0.030337009548915807 0.01988339327650818 0.025981107072289258 0.0043560105705869609 -0.0075640417831414428 -0.019821070665955148 -0.0016482722380659514 -0.0024738181647718897 -0.0048030299110293755 0.01636505679685038 0.0024819308283266814 -0.0061403519698775217 0.00030089562601890666 -0.00092535228465903988 0.00089520573425058052 0.0309584439684715 -0.035589290108461416 0.01441685769004783
leaf_weight=127554.95665564388 78.538820564746857 17.018461585044861 816.40513056516647 233.33427502214909 33.902813106775284 1726.2745051980019 14.629951879382132 33.494582206010818 484.20420117676258 64.222482740879059 82.417884290218353 161.4559383392334 30.514178454875946 33.204271614551544 60.369143724441528 437.07835885882378 552.42819970846176 63.018225640058517 8925.7584019303322 523.11802293360233 112.22007292509079 150.14147642254829 4562.4749412238598 547.73436367511749 12750.732800215483 19774.040924057364 4702.188521578908 49.890880018472672 18.109742306172848 46.370272368192673
leaf_count=127235 59 27 921 196 20 1749 28 36 437 73 76 132 12 20 29 399 636 88 9220 549 123 101 4336 615 12674 20140 4618 19 31 33
internal_value=2.23367e-06 -0.000305681 -0.00268199 0.000138937 0.000124566 -0.000938082 0.000119151 -0.0164942 -0.000193476 -0.000211804 -0.000257711 -0.00120786 0.00342937 0.00255893 0.00787604 -0.0016532 -0.0019239 -0.00158339 -0.00177568 -0.00113942 0.00452931 0.00941482 -9.45089e-06 0.00065946 3.72192e-05 -0.000496701 0.00125657 0.0140991 -0.00545443 -0.00453585
internal_weight=184640 56769.9 2559.7 127870 127637 1743.29 127603 48.1245 54210.2 54131.7 53647.5 11113.5 973.79 943.275 386.953 10139.7 9702.66 9150.23 8988.78 556.322 326.584 214.364 42534 17925.4 13362.9 24608.5 4834.5 132.309 612.214 594.105
internal_count=184632 57117 2697 127515 127319 1776 127299 64 54420 54361 53924 11382 907 895 326 10475 10076 9440 9308 569 297 174 42542 17689 13353 24853 4713 95 679 648
is_linear=0
shrinkage=0.05


Tree=236
num_leaves=31
num_cat=0
split_feature=9 20 13 2 38 29 29 21 20 21 24 10 19 10 29 27 5 21 21 21 17 28 22 25 13 18 28 4 2 1
split_gain=3.03109 5.64906 5.41879 8.85718 8.12378 8.04861 12.081 24.2613 7.70499 7.46284 7.45545 7.32589 7.21927 9.08281 6.39415 6.36815 8.23502 7.83453 9.98075 12.7098 9.48299 9.45563 8.91068 8.36531 8.21308 8.919 10.1446 7.50893 14.0921 8.14031
threshold=1.1593350534138571 2.7122881250082007 1.0000000180025095e-35 0.32343241555432412 1.0000000180025095e-35 1.0180961276000253 0.96110753714028807 0.5209213086733232 0.46106614092438047 0.93916024552015431 -1.496436436349226 0.82355065019160778 0.64842938066804112 -0.10028253045594042 0.86286204798791266 -0.7543521035777464 1.0731953774504845 0.45348635223302719 -0.62834459535562515 -0.65399379920051659 -0.051392724564742906 2.7284431364563546 -0.89284838510489895 -0.075132081930977312 1.172707770853429 1.0076924738979647 1.6592821557967297 1.6647746321311343 1.4524172800144968 3.4076219123276772
decision_type=2 2 2 2 2 2 2 2 2 2 2 2 2 2 2 2 2 2 2 2 2 2 2 2 2 2 2 2 2 2
left_child=2 -2 3 4 11 6 8 -8 12 -7 -4 -1 14 -14 -5 -12 17 18 19 24 -21 -19 -22 -23 25 -17 -27 -18 -29 -30
right_child=1 -3 10 5 -6 9 7 -9 -10 -11 15 -13 13 -15 -16 16 27 21 -20 20 22 23 -24 -25 -26 26 -28 28 29 -31
leaf_value=-5.5145706086733476e-05 0.00041797392228684919 0.013099024921559075 -0.010624241168382625 0.0012256652495453361 0.016194965177116865 -0.011609128791190313 -0.012632805356539271 0.036592448170544377 0.0043727197113211545 0.019583766735298772 0.00043915767677264462 -0.029825599576251152 -0.011791369541001505 0.0042712194162653396 -0.012084862122712915 -0.00014289133705055486 -0.0017465359220838663 0.00032677748777885392 -0.0017928809411424211 0.030488619136504958 0.015980764984473175 0.0015960481785283285 -0.0016777728973904678 -0.022968097665676795 -0.014050420384171081 0.0066410567143450538 0.040322680619909707 -0.039416909561185584 -0.0076180402975004101 0.014567198241271735
leaf_weight=80114.640434637666 30805.518062233925 88.07355335354805 179.79606494307518 10549.605701670051 76.911619901657104 186.66064974665642 39.915184825658798 67.126347959041595 1831.1413599550724 21.370167553424835 15677.699640646577 20.670060709118843 240.32482396066189 138.8622197508812 91.004470646381378 1872.6482982039452 7710.6610730588436 20344.965545654297 13246.994326785207 51.252138704061508 142.56640416383743 59.912463575601578 143.19502522051334 82.227715909481049 96.018105208873749 166.05570714175701 25.833600521087646 32.991522595286369 490.29782685637474 45.155898153781891
leaf_count=80203 30548 65 218 10291 52 230 50 18 1671 13 15540 33 297 127 113 1878 7980 20212 13722 20 97 58 148 120 123 144 5 59 565 32
internal_value=2.19237e-06 0.000454126 -8.86185e-05 0.000150053 -4.72359e-05 0.00135201 0.00150865 0.0182366 0.00136931 -0.00840481 -0.000457797 -6.28247e-05 0.000870239 -0.00590908 0.00111183 -0.000427428 -0.000732659 -0.000407559 -0.00124626 0.00165299 0.0106841 0.000236992 0.00713207 -0.0126142 0.000244282 0.000909104 0.0111755 -0.00215539 -0.00770125 -0.00574711
internal_weight=184640 30893.6 153747 93378.2 80212.2 13166 12958 107.042 12850.9 208.031 60368.3 80135.3 11019.8 379.187 10640.6 60188.5 44510.8 36231.7 15744.6 2497.57 337.014 20487.1 285.761 142.14 2160.56 2064.54 191.889 8279.11 568.445 535.454
internal_count=184632 30613 154019 93098 80288 12810 12567 68 12499 243 60921 80236 10828 424 10404 60703 45163 36527 16137 2415 265 20390 245 178 2150 2027 149 8636 656 597
is_linear=0
shrinkage=0.05


Tree=237
num_leaves=31
num_cat=0
split_feature=20 26 29 24 26 19 4 21 24 19 14 23 21 26 21 28 17 28 26 26 30 23 20 29 21 22 32 25 23 28
split_gain=2.9953 9.13896 8.45188 10.2528 10.7978 7.67704 8.3034 6.98408 13.2163 21.4727 17.1229 12.3143 10.5312 16.2246 10.221 9.48874 9.06285 8.97072 9.25416 9.16771 9.76017 9.4639 9.30474 18.798 12.6995 12.0489 8.69061 8.3657 8.4665 7.66312
threshold=-0.43161789303907983 0.75359949484479094 0.74306771300676644 -1.7108869417655967 -0.4083551137619178 -1.2118677775161657 -2.234318619315244 -0.41344860885209905 -1.2614821103661398 -0.85183885787171088 -1.2844476287472253 -1.0515608321853156 -0.41989565060306738 0.46325480810641245 -0.37910326421652246 2.7284431364563546 0.20259617392308865 2.7284431364563546 -0.010890130484905407 0.61006452848945758 0.71333192390538247 0.22925342173043636 0.23701876611171477 0.31703805318706485 -0.63877161366422619 -0.41275285752247626 1.1147564082332948 -0.54746243476202672 -0.64959104693531533 1.4838998159100756
decision_type=2 2 2 2 2 2 2 2 2 2 2 2 2 2 2 2 2 2 2 2 2 2 2 2 2 2 2 2 2 2
left_child=1 2 -1 4 -4 -5 -7 12 9 -9 11 -11 17 -14 27 -16 -12 19 -19 21 22 -2 23 -21 -25 -24 -23 28 -10 -29
right_child=7 -3 3 5 -6 6 -8 8 14 10 16 -13 13 -15 15 -17 -18 18 -20 20 -22 26 25 24 -26 -27 -28 29 -30 -31
leaf_value=-0.00035066444698567551 0.0008762345928076472 -0.0049334586551078108 0.0060418503812551816 -0.0078971999547150801 0.031797361327565138 0.025573422075948534 0.0017157362297529118 0.029836234335905779 -0.0054352021989196855 0.0070636981356172876 -0.0060167567411264162 0.041662993650188246 0.0047945876275029805 0.033077649517755742 3.9000550864190349e-05 -0.0038144091556522363 0.016859215370902344 0.0036388387040218479 0.022287651095949813 0.0229972385239199 0.000488249828823147 -0.0028599106986230203 -0.035038534054178255 0.023896593609242678 -0.0033552079494944594 0.0057760451650385354 0.0063955867535712618 -0.0065294475622537165 0.0093844491694796417 -0.023543952543751155
leaf_weight=58652.652006469667 18074.754503414035 1035.7986093461514 156.96748048067093 208.9911082983017 54.937089830636978 36.845112055540085 3585.0189417898655 91.748734354972839 231.80216707289219 66.377398431301117 277.59550660848618 41.981490433216095 357.25810632109642 59.093446850776672 94521.727983757854 1625.0294565707445 51.296311303973198 228.63965654373169 93.820988774299622 225.90282186865807 583.69982600212097 2948.3591256439686 24.106718510389328 55.54830601811409 185.54889759421349 72.35897371172905 277.49484661221504 574.92159281671047 164.9614454805851 74.785210937261581
leaf_count=59064 17758 1138 138 242 20 18 3462 37 257 57 311 7 323 20 94448 1749 34 212 52 122 578 3117 41 29 198 64 242 650 134 110
internal_value=2.17284e-06 -0.00027521 -0.000198251 0.00201298 0.0127191 0.00142077 0.00195844 0.000148382 -3.67228e-05 0.00784495 0.00323049 0.0204685 0.000928524 0.00880885 -7.96208e-05 -2.61281e-05 -0.00244886 0.000784433 0.00906477 0.000665487 0.00501957 0.000430993 0.00971361 0.0126338 0.00292355 -0.00442349 -0.00206373 -0.00499439 0.000726328 -0.00848792
internal_weight=184640 63731.2 62695.4 4042.76 211.905 3830.86 3621.86 120909 97722.2 528.999 437.251 108.359 23186.6 416.352 97193.2 96146.8 328.892 22770.2 322.461 22447.8 1147.17 21300.6 563.466 467 241.097 96.4657 3225.85 1046.47 396.764 649.707
internal_count=184632 64082 62944 3880 158 3722 3480 120550 97794 446 409 64 22756 343 97348 96197 345 22413 264 22149 1032 21117 454 349 227 105 3359 1151 391 760
is_linear=0
shrinkage=0.05


Tree=238
num_leaves=31
num_cat=0
split_feature=27 22 28 4 12 15 11 8 11 8 29 22 4 10 22 12 16 17 15 12 9 2 16 19 13 9 20 30 25 17
split_gain=2.99965 4.97015 10.066 7.87686 6.81212 5.7782 5.62587 6.2129 5.48327 4.81664 5.29096 4.58807 4.23195 4.222 4.08807 4.03887 3.68913 3.67542 3.58785 9.89651 7.53921 6.59914 6.39108 6.33139 6.15599 5.76243 6.79815 12.9024 9.28305 10.9759
threshold=1.6205707091087136 -1.4145674943031576 1.9593027005462305 0.011138366655999944 -0.21090223120107529 -1.8740130993265864 0.39780649609034441 0.79174686527241656 -0.1759768438294638 0.79174686527241656 -0.34709627988605868 -0.37485067668676025 0.4806464107498874 0.020261248299977812 -0.93346815321026666 0.037167242848044534 -0.54544590689993822 -0.60192241778360034 -0.28400003375673344 -1.3551729712676757 -1.6747553987675772 -0.85289081244640974 -0.7220344369029692 1.1146732991443213 -0.75432250072182028 1.2118182099357353 -0.18155449538737078 -0.74815351015004405 -1.4265342431249695 -0.46741898524053499
decision_type=2 2 2 2 2 2 2 2 2 2 2 2 2 2 2 2 2 2 2 2 2 2 2 2 2 2 2 2 2 2
left_child=18 2 4 6 8 15 7 -4 12 -7 11 14 -2 -12 -11 -3 -6 -18 19 21 22 -1 -20 -21 -25 26 -22 28 29 -28
right_child=1 5 3 -5 16 9 -8 -9 -10 10 13 -13 -14 -15 -16 -17 17 -19 20 23 25 -23 -24 24 -26 -27 27 -29 -30 -31
leaf_value=0.013285818715454509 -0.0041885752342332534 0.0097373039518289396 0.023685120535801834 -0.0091455201334558756 -0.0033928597983544362 -0.0014156794880080797 0.035970171349330192 -0.0045599134295450884 0.008644021020147134 -0.0031274559535838624 -0.0060549312813172051 -0.013486867799270347 0.0099504995056042631 -0.017171483977609644 0.0096676130617815298 -0.0067023050768483423 0.01313305574165779 9.5148045411778915e-05 -0.026007213892409328 0.00017592059725519949 -0.0013143298977907419 0.0031820521789156864 0.0042065908349361485 0.013278967249272557 0.0024918185626943484 0.00045618337766675077 0.038562292838010409 -0.00033206897470798043 0.0024615309199246043 0.0033119516340086906
leaf_weight=190.66202080249786 217.75807797908783 162.68160566315055 47.501642376184464 30.43341238796711 1090.9698455929756 2790.004945833236 35.638352990150452 32.991254851222038 337.3151920735836 127.05294996500015 727.85746166110039 49.616560369729996 69.913481563329697 96.767253115773201 122.73015202581882 48.498910307884216 65.098966956138611 318.60629555583 17.761472016572952 69313.874761624262 16204.050639092922 1060.4907372295856 1201.0461991578341 153.86277589201927 941.94302101433277 26061.779015868902 39.343550205230713 59900.180182650685 3133.2519284486771 50.334081023931503
leaf_count=140 236 131 25 36 1165 2869 10 36 279 135 816 63 56 130 99 55 48 318 27 69070 16630 993 1100 113 895 25824 9 60298 2979 47
internal_value=2.17091e-06 -0.00106384 0.000828646 0.0134973 -5.5679e-05 -0.00209432 0.0194311 0.0121085 0.00431903 -0.00252899 -0.0052924 0.000400746 -0.000752323 -0.00735943 0.00315936 0.00596185 -0.00190974 0.00230714 4.02708e-05 0.000313863 -0.000143635 0.00472176 0.00376629 0.000235536 0.00400645 -0.000188853 -0.00040077 -0.000166255 0.00291551 0.0187771
internal_weight=184640 6371.44 2246.23 146.565 2099.66 4125.21 116.131 80.4929 624.987 3914.03 1124.02 299.4 287.672 824.625 249.783 211.181 1474.68 383.705 178269 71660.8 106608 1251.15 1218.81 70409.7 1095.81 105389 79327.2 63123.1 3222.93 89.6776
internal_count=184632 6507 2209 107 2102 4298 71 61 571 4112 1243 297 292 946 234 186 1531 366 178125 71211 106914 1133 1127 70078 1008 105787 79963 63333 3035 56
is_linear=0
shrinkage=0.05


Tree=239
num_leaves=31
num_cat=0
split_feature=8 5 5 4 1 8 8 29 8 29 8 2 3 2 1 29 4 2 29 4 3 20 21 28 19 21 19 24 3 2
split_gain=3.01642 6.77601 29.4034 26.9651 25.3719 24.2325 22.5279 19.6709 22.5568 36.5703 32.4872 34.0268 35.6907 36.0876 24.6092 23.5935 20.486 25.9095 20.9688 19.4599 19.2507 18.6544 18.4559 19.8067 21.3157 23.5132 19.9276 16.2208 15.9245 15.7886
threshold=0.21442820921909891 0.35993122193886878 1.0000000180025095e-35 1.4356488915133301 -1.5719542655966972 1.4215490355123994 1.3690655213257341 -3.4176241146047577 0.47684578015242507 -2.0636278377884669 0.79174686527241656 0.074045054617255746 0.53773286154042343 -0.57382840926694467 -0.30518745338425574 0.035188203242715162 -0.44710199031034131 -0.58484950744553921 0.8814786719323614 0.077148452088832656 1.2330264264519737 0.71740828421630398 0.0788361436739618 -0.32396657030262194 -0.54885292608160363 1.0000000180025095e-35 -0.3611035700627459 -1.129004962636871 0.25682534064032086 -0.81427786121395129
decision_type=2 2 2 2 2 2 2 2 2 2 2 2 2 2 2 2 2 2 2 2 2 2 2 2 2 2 2 2 2 2
left_child=-1 2 29 4 -3 7 -6 -4 9 -9 11 12 13 15 -15 -10 -12 -18 22 -13 -8 27 23 26 25 -25 -19 -16 -28 -2
right_child=1 3 5 -5 6 -7 20 8 10 -11 16 19 -14 14 21 -17 17 18 -20 -21 -22 -23 -24 24 -26 -27 28 -29 -30 -31
leaf_value=0.0001795516308399702 0.00054737988521608107 0.0087025075185065259 0.027245161515151974 -0.0086262286111214049 -0.0015644335689668548 -0.002052881712252503 0.0011955902744419603 0.026967467408618002 -0.0026379102935469782 -0.0026460219925573364 -0.0017559669250328622 -0.022240228966278971 -0.013868674830342466 0.0062323152772164403 0.0017740352709952577 0.010327033176038352 0.021738196822557232 0.0016026124938510605 0.012346396571490927 0.001487010390703102 0.016935200500511231 0.0014374348285953072 -0.002827904309440436 0.0042507706384195152 -0.0060866412700495854 0.038605308273209835 0.025881660547025093 0.027308141916356388 -0.0042738048050609649 -0.0017010198202144985
leaf_weight=104270.43853301182 13461.369661897421 726.43635860085487 81.301389664411545 1064.3700165003538 21916.269053064287 3285.1207137703896 7259.5899028927088 108.54212176799774 504.3893246203661 2638.3759815245867 2817.0664909183979 95.514647483825684 150.30842591822147 329.00986389815807 68.427868485450745 1153.1781874746084 191.07061061263084 233.4836773276329 512.56714516878128 906.97358453273773 199.60804551839828 94.723167508840561 1441.4730423986912 920.23407946527004 566.97993059456348 52.656097888946533 263.28512528538704 683.06438218057156 52.511520117521286 18591.509474024177
leaf_count=103896 13314 600 37 1248 22602 3420 7086 50 531 2778 2916 138 192 288 66 915 108 226 386 880 132 92 1523 842 636 12 127 310 57 19224
internal_value=2.12534e-06 -0.000228066 0.000137325 -0.000804919 -0.000528366 0.0018083 -0.00075664 0.00272315 0.00257851 -0.00147587 0.00358758 0.00719579 0.00987397 0.0111338 0.017836 0.00638187 0.00154813 0.00374636 0.00289611 -0.000773663 0.00161678 0.0223475 0.00152414 0.00452697 0.0016193 0.00611015 0.0126784 0.0249831 0.0208673 -0.000756751
internal_weight=184640 80369.4 49203.1 31166.3 30101.9 17150.3 29375.5 13865.1 13783.8 2746.92 11036.9 3985.59 2983.1 2832.79 1175.23 1657.57 7051.33 4234.26 4043.19 1002.49 7459.2 846.215 3530.62 2089.15 1539.87 972.89 549.28 751.492 315.797 32052.9
internal_count=184632 80736 49068 31668 30420 16530 29820 13110 13073 2828 10245 3412 2394 2202 756 1446 6833 3917 3809 1018 7218 468 3423 1900 1490 854 410 376 184 32538
is_linear=0
shrinkage=0.05


Tree=240
num_leaves=31
num_cat=0
split_feature=20 28 21 25 29 29 26 21 10 23 21 30 26 6 6 25 32 25 3 28 20 15 2 6 32 6 5 26 23 19
split_gain=2.98771 10.208 6.78769 14.7122 14.6484 11.7146 10.536 14.6221 13.4294 10.3135 9.95738 24.6502 29.0833 30.164 14.2104 9.64236 9.24353 14.8952 9.58635 9.06738 8.99677 9.75778 9.25999 8.90606 11.6213 15.7877 9.51101 8.87461 11.0995 9.5585
threshold=-0.99717195504908018 -1.7669317065419203 -0.21599095321899128 -0.22885697820485526 0.68217393772151314 0.86286204798791266 0.080719691207874353 0.65708558093999947 -0.86989623800856197 0.9519240312279631 -0.2773433123692528 -0.3906144393228338 -0.058491536473267318 -0.99007501122490327 -1.6974725046910601 -0.18809424580272166 -0.41371128184525752 -0.39538362931091459 0.30750604940883536 0.34407848998980667 0.13025282467618385 -1.0032001597273965 -0.41213646364752426 -0.76272524169144096 0.7206732536678212 -1.2486277604784755 1.0000000180025095e-35 0.92286775474456828 1.3063067744310077 0.70730362773669408
decision_type=2 2 2 2 2 2 2 2 2 2 2 2 2 2 2 2 2 2 2 2 2 2 2 2 2 2 2 2 2 2
left_child=1 -1 5 4 6 9 16 -8 -9 10 -2 12 14 -14 -12 -16 17 18 -4 -5 -13 22 -22 24 -7 26 -26 -21 29 -29
right_child=2 -3 3 19 -6 23 7 8 -10 -11 11 20 13 -15 15 -17 -18 -19 -20 27 21 -23 -24 -25 25 -27 -28 28 -30 -31
leaf_value=0.029982097670693444 0.00010038594368792049 -0.00050992726409127334 0.0058211919756270738 -0.00012573145412170172 -0.0049691672445487459 -0.0025351556180597773 -0.0051419812968506139 0.028229967177168743 0.0014714275110473945 0.013497634178251769 0.030002398300129199 -0.0032711885786892154 0.038360227023004977 0.0040048987557874663 0.0016777241861103667 0.014210666667041228 -0.00053635086719772498 -0.00047923674911790602 0.031105350600972623 0.0010065234934928027 -0.00035198198655564736 0.0014504544201189417 0.031812327503937733 0.0047828941639384854 0.0027473583599225051 -0.0014868115194730791 0.028224707053505674 0.024399811124237614 -0.0032510561796130024 0.0069381502202310735
leaf_weight=27.475406274199486 51991.384080901742 27391.645062381402 69.037625268101692 61174.169645786285 2470.4758488535881 1132.574927508831 2471.8009184747934 52.824908435344696 417.27994468808174 147.93561694025993 52.506296455860138 1317.785502910614 141.75533938407898 116.31673446297646 1082.3165727853775 178.82423132658005 14827.940424740314 240.69302070140839 82.033806324005127 14896.881217762828 37.734363675117493 693.10638454556465 54.982296317815781 2681.5073134601116 56.081520736217499 205.87796586751938 105.62429583072662 115.23352497816086 161.49914449453354 244.99644076824188
leaf_count=11 51887 27671 61 61328 2716 1190 2726 23 405 108 21 1404 33 107 1046 128 14987 243 31 14597 38 673 20 2425 53 212 46 59 172 211
internal_value=2.24772e-06 -0.000479373 8.62415e-05 -0.000171835 -0.0013569 0.000504459 -0.000865533 -0.00360471 0.00447824 0.000313222 0.000278184 0.00279333 0.00753058 0.0228758 0.00451594 0.00345484 -0.000336061 0.00724472 0.0195508 0.00014739 -0.000746133 0.00348826 0.0187219 0.00305699 -2.80401e-05 0.00769672 0.0193889 0.00123101 0.00764085 0.0125239
internal_weight=184640 27419.1 157221 97224.9 20632.1 59996.3 18161.6 2941.91 470.105 55814.6 55666.7 3675.33 1571.72 258.072 1313.65 1261.14 15219.7 391.764 151.071 76592.8 2103.61 785.823 92.7167 4181.67 1500.16 367.584 161.706 15418.6 521.729 360.23
internal_count=184632 27682 156950 97559 21192 59391 18476 3154 428 55465 55357 3470 1335 140 1195 1174 15322 335 92 76367 2135 731 58 3926 1501 311 99 15039 442 270
is_linear=0
shrinkage=0.05


Tree=241
num_leaves=31
num_cat=0
split_feature=16 14 21 24 23 8 21 8 26 21 21 8 17 2 10 22 19 21 8 20 24 10 7 10 6 9 29 26 4 5
split_gain=3.04472 8.28114 6.82688 5.166 7.59683 11.5225 9.75407 6.55544 6.48643 9.50978 9.96115 13.6941 8.99401 8.58889 7.44768 6.54574 7.34856 6.11583 6.02268 5.9295 7.49375 5.89614 8.49548 5.76159 5.12077 5.08933 5.12077 5.56907 4.89861 4.81879
threshold=1.3188357054830815 -0.44497272989191133 0.9523228567751304 1.9046256214024124 1.7260881867468425 -0.15295639008755771 1.1452231532629278 -0.73027504614087524 1.9579628097603408 0.78302559718103526 1.5449339625391427 0.26691172340576413 0.02038599614204837 -0.019955156249206022 0.59538188273791648 0.32862742653134847 1.1236616986779764 1.0539175781750278 1.106647950392408 0.71740828421630398 1.9796740764569876 2.2469083887921717 0.65934587147379697 0.42551448103317935 0.5685199064191554 0.68698664471695126 -3.012356386587963 2.2714896516398952 -1.1940568897627555 -1.0665970890843621
decision_type=2 2 2 2 2 2 2 2 2 2 2 2 2 2 2 2 2 2 2 2 2 2 2 2 2 2 2 2 2 2
left_child=3 -2 -3 8 5 7 19 -5 21 -10 11 12 24 15 -12 -13 18 -15 -17 20 -6 -1 -23 -8 -11 26 -25 -28 -7 -29
right_child=1 2 -4 4 6 28 23 -9 9 10 14 13 -14 17 -16 16 -18 -19 -20 -21 -22 22 -24 25 -26 -27 27 29 -30 -31
leaf_value=7.3013428908364107e-05 0.018835033581759808 -0.0018013907033455131 0.00017240026660618132 0.0032859583250894396 -0.00074262166373241425 -0.013349226794844083 0.014787741331907488 0.024765491148411381 0.0088684410969797657 0.0007710117939559091 0.010028037079104947 -0.014238596733720668 -0.003298092493709433 -0.045085997307648909 -0.0034811518210776447 0.0077731451594144595 -0.012667987290321129 -0.016382876830744686 -0.0089611630399375041 -0.0035267572405329965 -0.035049223661527344 -0.048462958175774895 0.0023721844615623919 -0.0099513561606024929 0.02224438172053797 0.0089283481944805038 -0.00052065285871010479 -0.0018880865117384456 0.0048966554171281929 0.010149028656864264
leaf_weight=162323.0352425985 54.548430770635605 7685.1218568533659 10189.132181569934 50.30607283115387 27.590218216180801 44.98870986700058 90.877441763877869 120.86623194813728 158.02950808405876 50.78308692574501 192.63502368330956 287.21050810813904 456.86438047885895 26.817828670144081 216.89884498715401 142.08967307209969 154.78397232294083 60.25650280714035 86.49761563539505 239.13273787498474 37.625269949436188 15.234155282378195 17.846713840961456 103.41717687249184 61.24886155128479 220.34662917256355 927.34351727366447 118.52431713044643 201.75887332856655 278.53775283694267
leaf_count=162086 34 7962 10154 47 28 57 64 61 130 50 154 369 487 51 232 120 194 80 102 256 64 30 17 124 34 181 937 123 182 222
internal_value=2.26097e-06 -0.000616878 -0.000676241 6.88455e-05 0.00234255 0.00848487 0.00108631 0.0184528 3.47737e-05 -0.00287428 -0.00394317 -0.00604754 -0.000184891 -0.0104496 0.00287325 -0.00853127 -0.0042555 -0.0252231 0.00144087 -0.00717135 -0.0205354 6.87119e-05 -0.021038 0.00253147 0.0125107 0.00185568 0.000764197 0.00160093 0.00156994 0.00655591
internal_weight=184640 17928.8 17874.3 166712 2461.31 417.92 2043.4 171.172 164250 1894.12 1736.09 1326.55 568.896 757.656 409.534 670.582 383.371 87.0743 228.587 304.348 65.2155 162356 33.0809 1739.05 112.032 1648.17 1427.82 1324.41 246.748 397.062
internal_count=184632 18150 18116 166482 2346 347 1999 108 164136 2003 1873 1487 571 916 386 785 416 131 222 348 92 162133 47 1651 84 1587 1406 1282 239 345
is_linear=0
shrinkage=0.05


Tree=242
num_leaves=31
num_cat=0
split_feature=13 25 8 2 19 20 6 8 29 26 6 29 28 8 23 16 30 24 24 10 20 25 11 28 30 6 19 20 13 20
split_gain=2.99476 7.3967 5.54645 5.47456 5.45905 5.57912 5.17695 5.35515 6.55694 6.36898 6.14096 9.68634 11.6425 7.4441 11.2442 10.5982 8.004 9.39056 7.14343 7.33258 10.8803 6.43821 6.34076 6.31651 6.0013 5.66176 7.02191 10.3203 6.08454 5.61953
threshold=-1.2676995906763662 -1.7031746970820054 1.6839666064457255 0.17759983861408074 -2.118871167500143 -1.4069765253101336 -1.592412183287983 1.0016809220190774 1.1501649055526186 -0.43556627656597247 -0.870002884882627 -0.3822371654622862 -0.47680215875485543 1.5265160638857298 -1.1511609799958362 -0.80485263443371258 0.50974833017570398 0.3051196434443057 -0.41472300000451334 -1.6703142315236759 -0.48733266448691387 -0.71622850297725005 -0.22229931692585544 0.28830019334713092 0.81255698100043239 -1.126343799020189 0.069231129329254168 -0.48733266448691387 -2.3185342482002675 -0.81167692775254408
decision_type=2 2 2 2 2 2 2 2 2 2 2 2 2 2 2 2 2 2 2 2 2 2 2 2 2 2 2 2 2 2
left_child=6 2 3 -2 5 -3 -1 8 25 -9 11 12 -11 15 -15 24 -16 -18 19 22 -21 -22 23 -13 -12 26 -8 -28 -27 -20
right_child=1 4 -4 -5 -6 -7 7 9 -10 10 13 18 -14 14 16 -17 17 -19 29 20 21 -23 -24 -25 -26 28 27 -29 -30 -31
leaf_value=-0.0021265149366978871 -0.0055566272900691932 -0.011643547639255646 0.020633017828643015 0.00057366259078175778 -1.516239190442875e-05 0.0015133168893673315 0.0030540374669616845 -0.015098056496043406 -0.019359387397396552 0.025109266493260285 -0.0013660174509340585 0.0017500841121737669 0.0021592934037018298 0.011714606409411556 -0.001211615862558693 0.030291717764740062 0.028349252999088883 -0.0042600113534553572 0.011611298076096521 -0.010258235134892511 0.0028343723309024651 -0.0091542800961754902 -0.0023452102971299599 0.021280197442377455 0.014945509743498045 0.01217523377478234 0.028882468065054945 -0.0024059090122463406 0.00062110820128415416 0.00014802485685630763
leaf_weight=1544.3196245729923 1173.5773596763611 201.96761006116867 23.83629247546196 528.05854938924313 165551.79677595571 134.05742672085762 3040.7300668954849 70.662631899118423 36.765030711889267 68.298508763313293 1576.9180495738983 148.18678769469261 289.5024134516716 399.63021412491798 554.56168603897095 27.90704870223999 53.115950137376785 37.781046271324158 123.73432195186615 710.27636125683784 369.97281411290169 160.59700119495392 1120.44635386765 57.451647639274597 58.480382740497589 116.32590046525002 63.927925288677216 44.842271536588669 5566.1435486897826 786.32792194187641
leaf_count=1610 1304 249 14 522 165602 130 2855 92 51 34 1620 143 277 306 568 11 23 41 95 856 349 190 1173 33 41 88 27 47 5497 784
internal_value=2.22041e-06 -6.19599e-05 -0.00331874 -0.00365425 -2.80847e-05 -0.00639461 0.000634013 0.000909363 0.00171239 -0.000167443 -6.20106e-06 -0.0012935 0.00654008 0.00181647 0.00512343 -0.000261363 0.00104257 0.0147953 -0.00209961 -0.00344904 -0.00621164 -0.000794446 -0.000864018 0.00720644 -0.000782732 0.00180011 0.00350056 0.0159833 0.000857633 0.0017066
internal_weight=184640 167613 1725.47 1701.64 165888 336.025 17026.9 15482.6 8868.73 6613.85 6543.19 3834.79 357.801 2708.39 1045.09 1663.31 645.459 90.897 3476.99 2566.93 1240.85 530.57 1326.08 205.638 1635.4 8831.97 3149.5 108.77 5682.47 910.062
internal_count=184632 167821 1840 1826 165981 379 16811 15201 8565 6636 6544 3934 311 2610 938 1672 632 64 3623 2744 1395 539 1349 176 1661 8514 2929 74 5585 879
is_linear=0
shrinkage=0.05


Tree=243
num_leaves=31
num_cat=0
split_feature=9 18 20 19 1 32 19 20 2 4 29 2 19 7 4 1 18 32 29 24 19 2 28 6 6 8 26 29 21 23
split_gain=2.9989 5.45517 5.70294 5.64027 7.54633 7.1702 6.34914 8.50072 6.01768 8.1636 10.179 6.00875 5.93053 5.87938 5.5682 6.9216 7.07191 5.55231 6.26475 5.52388 5.19333 6.27425 7.32475 6.67014 4.89703 4.84694 8.47761 12.9722 20.2798 6.35824
threshold=0.84443611428258647 0.61297177631821098 0.39013439514630449 -0.69049134137896007 0.55507153039437152 -0.69130325028155071 -0.76468591201187197 -0.84865421175078348 0.010945321449970871 -0.51851267058984574 0.64062474538378289 -1.2095638230460517 -0.6492602695651587 1.699002799430315 0.50327890248641904 0.45440565529385918 -0.74646793268680012 0.94663766216680867 0.19861032066209791 -0.42729340804915827 2.7090795102277379 2.928398773702384 2.3148043502077447 1.3715949564908905 -1.1503302465429106 -1.1501431596341969 0.071109758979556834 -0.047538396079765004 -0.87144959178885706 -0.70114656026713662
decision_type=2 2 2 2 2 2 2 2 2 2 2 2 2 2 2 2 2 2 2 2 2 2 2 2 2 2 2 2 2 2
left_child=-1 3 -3 6 5 -5 11 -8 9 -7 13 19 -12 -11 15 24 -17 25 -19 -2 21 -4 23 -23 -10 26 -13 28 -28 -27
right_child=1 2 20 4 -6 8 7 -9 14 10 12 17 -14 -15 -16 16 -18 18 -20 -21 -22 22 -24 -25 -26 29 27 -29 -30 -31
leaf_value=-0.00011665232126835226 0.00099562929417319258 -0.00079663512267229969 0.00093089168498721722 -0.0014045313797149289 -0.0002732192067274501 0.0014746796728382085 -0.0072057223920731555 0.0022222262023212556 0.0166299976939101 0.0044572266546614924 0.034921014945091429 0.00077099864285064365 0.012571894910835031 0.028605260109113476 0.0030164136192506064 0.027186878306023593 0.004274358436840214 0.00058369956820543368 -0.011220838221550098 0.016769313791479157 -0.0045303129858519798 -0.0010899266859614426 -0.0074138683716989577 0.021763875506994108 -0.00090455612768161771 0.00039695299904424371 0.041363744717084858 0.0013987850461368279 0.0043899260351021449 -0.0046543962165128605
leaf_weight=136995.38340901211 117.33647221326828 14788.381128177047 7272.396260663867 1246.9717803001404 4498.4189137965441 1235.4374895989895 660.7730555832386 374.65119341015816 40.45549550652504 1293.2897054255009 33.15873047709465 4600.9464711844921 283.20963659882545 25.707253992557526 3947.1231160908937 41.642701506614685 176.0500174164772 226.6458618491888 222.96329843997955 105.32433745265007 421.7837518453598 45.018659383058548 47.026965200901031 109.78843832015991 2528.260921344161 1986.7731098234653 63.68501216173172 255.13765442371368 88.79617315530777 907.52077525854111
leaf_count=137315 115 15024 7137 1282 4523 1199 756 358 27 1178 10 4530 212 11 3709 19 161 224 273 70 460 46 54 62 2574 1971 11 248 81 992
internal_value=2.18203e-06 0.000343873 -0.000217341 0.000853915 0.00144864 0.00216244 -9.59705e-05 -0.00379437 0.00262556 0.00454233 0.00685979 0.000350602 0.0149143 0.00492787 0.00180835 9.70629e-05 0.00865732 0.000134501 -0.00527023 0.00845699 0.000867615 0.00117223 0.00986802 0.0151179 -0.000628399 0.000441987 0.00138328 0.00829437 0.0198323 -0.00118692
internal_weight=184640 47644.7 22684.4 24960.3 15349.7 10851.3 9610.55 1035.42 9604.34 2870.8 1635.37 8575.13 316.368 1319 6733.53 2786.41 217.693 8352.47 449.609 222.661 7896.01 7474.23 201.834 154.807 2568.72 7902.86 5008.57 407.619 152.481 2894.29
internal_count=184632 47317 22783 24534 14905 10382 9629 1114 9100 2610 1411 8515 222 1189 6490 2781 180 8330 497 185 7759 7299 162 108 2601 7833 4870 340 92 2963
is_linear=0
shrinkage=0.05


Tree=244
num_leaves=31
num_cat=0
split_feature=37 13 21 4 28 29 25 22 21 2 10 21 26 24 8 8 22 32 19 5 21 18 13 27 8 22 23 20 28 19
split_gain=2.98481 3.28835 8.89796 7.19572 13.2378 6.61789 6.6901 6.52766 6.42235 12.0378 4.88745 4.80272 5.01398 4.74358 5.06699 7.64126 8.61391 4.71769 4.65442 4.88685 6.22181 4.58049 4.56594 4.40496 5.39296 5.72452 4.84745 4.89831 4.49331 4.83095
threshold=1.0000000180025095e-35 1.0263476334885089 0.0084573288800682545 1.7549193034596331 -1.015947754817955 0.28938446033200754 0.94822705518921258 0.14550613927056091 0.039072721403412516 -0.50060598812833546 1.7405075233574254 2.9117863374795019 0.59772227696142988 -1.0677976800400539 -0.78275856032754032 1.0541644362057427 0.54390525152683289 -0.19176991908943528 -0.057310809324923419 1.0731953774504845 -0.52115110587702984 0.087586356453452377 1.8219717050734177 0.062339873374613296 0.58181280852575556 1.5706513488910203 0.2590901293638424 1.5198670040293158 1.9593027005462305 0.59701510647409739
decision_type=2 2 2 2 2 2 2 2 2 2 2 2 2 2 2 2 2 2 2 2 2 2 2 2 2 2 2 2 2 2
left_child=1 3 5 10 -5 7 18 -3 9 -4 -1 12 -6 -9 17 16 -16 -15 19 -7 -21 -18 -19 26 25 -25 27 -10 29 -26
right_child=-2 2 8 4 11 6 -8 13 23 -11 -12 -13 -14 14 15 -17 21 22 -20 20 -22 -23 -24 24 28 -27 -28 -29 -30 -31
leaf_value=4.9104582997445936e-05 0.0041539601207079089 -0.00044085336042040137 0.035643332519596768 0.033323137979607995 0.0027522174630159016 0.0014480011471518397 -0.011581132073405762 -0.012527171585161654 -0.0032155358546266605 0.0031045672957998086 -0.023241409713169708 -0.0091289210494046955 0.018305433811393323 -0.00021177132049799826 -0.025648331800026038 0.00099840442111669299 -0.029952120505710628 -0.0042779334505210799 -0.0033152487265302464 0.015589489710477229 -0.005228917604572972 -0.0065857754718877453 -0.0160939529256507 8.1626789797134493e-05 0.0036935743929834928 -0.004777324469126272 0.00051671943203906859 0.0082098946410820439 -0.020689683194016498 -0.0057496974641916901
leaf_weight=154812.03958838806 431.8802677989006 1164.730492785573 34.827022552490234 35.97799152135849 1528.114044457674 817.68003213405609 107.98762172460556 191.91656483709812 1408.4232893139124 154.59927727282047 22.528239205479622 82.024158701300621 53.636954009532928 810.56690511107445 89.889622777700424 157.13774105906487 22.513474181294441 822.61790651082993 388.25665363669395 142.39835250377655 47.982110232114792 306.6141605079174 90.77986341714859 3935.4247205555439 165.20385468006134 716.53736972808838 15203.114891603589 100.50225979089737 42.439007490873337 751.57358583807945
leaf_count=154660 396 1175 10 12 1444 794 133 240 1499 145 33 97 34 814 136 154 36 893 414 98 53 347 120 3929 153 785 15046 84 60 838
internal_value=2.14419e-06 -7.58985e-06 -0.00051002 8.12349e-05 0.00331675 -0.00238253 0.000408985 -0.0035309 -8.07429e-05 0.00908699 4.57158e-05 0.00266788 0.00327962 -0.00497512 -0.004345 -0.00840442 -0.0119306 -0.00298832 0.00133627 0.00312781 0.0103426 -0.00818411 -0.00545229 -0.000158537 -0.00137067 -0.000666793 0.000248445 -0.00245454 -0.0047843 -0.00404801
internal_weight=184640 184208 27673.7 156534 1699.75 5161.07 1504.3 3656.77 22512.6 189.426 154835 1663.78 1581.75 2492.04 2300.12 576.155 419.017 1723.96 1396.32 1008.06 190.38 329.128 913.398 22323.2 5611.18 4651.96 16712 1508.93 959.216 916.777
internal_count=184632 184236 27956 156280 1587 5407 1492 3915 22549 155 154693 1575 1478 2740 2500 673 519 1827 1359 945 151 383 1013 22394 5765 4714 16629 1583 1051 991
is_linear=0
shrinkage=0.05


Tree=245
num_leaves=31
num_cat=0
split_feature=20 29 10 23 32 21 28 21 19 1 20 5 3 29 32 21 15 21 20 20 13 4 28 24 21 28 23 26 21 2
split_gain=2.91901 6.93822 9.30389 8.17909 8.10983 7.1152 9.93194 6.75982 9.0136 7.09833 6.87577 6.86353 6.75295 7.23185 6.71375 6.47021 7.06996 7.85971 6.73996 6.64032 6.29517 6.08888 6.25307 13.1732 7.69157 7.49075 8.13956 13.4613 7.30432 7.27235
threshold=1.0443027023190434 0.10579835566348751 -0.47375266319713194 2.0374231698337928 -4.211848471191316 0.74521250906581249 2.8199283323520068 2.9117863374795019 3.022297671503765 1.3688024695589422 1.5572352193230794 1.0731953774504845 1.4331478902930372 -3.012356386587963 -0.72454832322156448 -0.69912793914338789 0.47824123212634767 0.67516818035819459 1.0823729394910406 1.2018086973851576 -0.32383155676503456 -2.234318619315244 -1.3645190661148141 0.79438501591667399 1.0057877474113359 0.34407848998980667 1.2779972898151868 0.54904399058013509 1.1030117989145551 -0.57382840926694467
decision_type=2 2 2 2 2 2 2 2 2 2 2 2 2 2 2 2 2 2 2 2 2 2 2 2 2 2 2 2 2 2
left_child=14 7 -3 4 -4 15 21 8 9 -2 -10 -9 13 -11 -1 -6 17 19 -19 20 -17 -7 23 -23 -25 -24 27 -27 29 -26
right_child=1 2 3 -5 5 6 -8 11 10 12 -12 -13 -14 -15 -16 16 -18 18 -20 -21 -22 22 25 24 28 26 -28 -29 -30 -31
leaf_value=-0.00095957598977938589 0.0014968909493411056 0.011859412474171993 -0.016570593925222976 0.0041903118215475049 -0.011949752222186584 0.018125044578351193 -0.031115246044050512 0.0001082435094476408 0.0062869824708234323 0.02828288240841581 -0.0086510532936407338 -0.0076781197884638504 0.0035661742193621999 0.0081843735962513122 4.0830200123092428e-05 0.011960629456337482 -0.00041528737997797684 0.032213021943522151 0.0093060061877574315 0.0059386804679835157 -0.0053939011199251423 0.033009196313181936 -0.0024404489964672191 -0.0044639624150411283 0.023363455054205739 -0.0012650155932716883 -0.0089675396558899362 0.010031799603044135 0.001569846679351045 -0.00024663018913113899
leaf_weight=19081.791415333748 9395.2740145772696 156.00179228186607 80.365814715623856 900.46454422175884 84.74610161781311 40.784370481967926 27.738312005996704 1150.4906599372625 99.512690752744675 55.255952388048172 340.999844789505 375.35897633433342 1285.700652629137 235.55787244439125 138472.07683861628 63.09252667427063 1356.7313310205936 39.354633569717407 174.47292307019234 676.33017483353615 304.18511143326759 32.370453357696533 7132.852734297514 498.4947621524334 80.716173529624939 657.36837467551231 155.17011651396751 440.35007429122925 1191.4065101444721 54.730038434267044
leaf_count=19448 9114 119 107 825 105 26 45 1148 87 24 400 433 1194 197 138359 48 1368 14 142 596 337 11 7481 543 43 674 183 352 1154 55
internal_value=2.09755e-06 0.000481575 -0.000283696 -0.000419087 -0.000736138 -0.000638331 -0.00123651 0.00131839 0.00173629 0.00201785 -0.00527652 -0.0018072 0.00512252 0.0120032 -8.03318e-05 0.0016472 0.00208798 0.00478893 0.013522 0.00299959 -0.00241267 -0.00115593 -0.00123269 0.00139198 0.00083128 -0.00181414 0.0017515 0.00326671 0.00282069 0.0138233
internal_weight=184640 27085.9 14147.7 13991.7 13091.3 13010.9 10312 12938.2 11412.3 10971.8 440.513 1525.85 1576.51 290.814 157554 2698.91 2614.17 1257.44 213.828 1043.61 367.278 10284.2 10243.5 1857.72 1825.35 8385.74 1252.89 1097.72 1326.85 135.446
internal_count=184632 26825 14228 14109 13284 13177 10567 12597 11016 10529 487 1581 1415 221 157807 2610 2505 1137 156 981 385 10522 10496 1806 1795 8690 1209 1026 1252 98
is_linear=0
shrinkage=0.05


Tree=246
num_leaves=31
num_cat=0
split_feature=4 1 29 8 30 28 21 23 26 8 8 30 23 19 13 22 13 21 24 21 5 26 5 22 2 8 24 6 20 20
split_gain=2.88784 6.24141 5.82061 8.29105 9.92435 5.77054 5.30003 5.3295 8.26536 7.1009 7.24331 5.73158 5.1733 4.87629 5.19182 8.27578 5.58994 4.288 8.5012 5.82419 9.50125 7.44926 7.21004 7.64891 7.42689 6.31404 5.25322 5.25302 5.55023 7.58734
threshold=-1.6057630796391396 0.72936766953780696 -0.13075831338728644 1.106647950392408 0.80290286529540089 2.7284431364563546 -1.983083711852899 1.3995557649564783 1.2772008382156803 1.5265160638857298 0.16194469503243367 1.5999083507881797 1.3402186810107566 -2.30556567616649 -0.93585184457106141 0.54390525152683289 0.80397981707839961 -0.85301203330758579 -1.496436436349226 -0.3421892849564761 1.0731953774504845 -0.049486233460341651 1.0731953774504845 -0.51018702252139769 -2.2084017655152115 0.68677983689908606 -1.4309130080644985 -0.28300063129506264 -1.0275489066598305 -1.0909823164814307
decision_type=2 2 2 2 2 2 2 2 2 2 2 2 2 2 2 2 2 2 2 2 2 2 2 2 2 2 2 2 2 2
left_child=1 2 3 -1 -5 6 -4 8 13 10 -9 -12 -10 -8 17 16 -16 18 27 22 21 -21 26 25 -25 -24 -19 28 29 -15
right_child=-2 -3 5 4 -6 -7 7 9 12 -11 11 -13 -14 14 15 -17 -18 19 -20 20 -22 -23 23 24 -26 -27 -28 -29 -30 -31
leaf_value=-0.0081181152566557006 4.3888216514226894e-05 0.024686107243977198 -0.0088337240937558185 -0.0020351022925954028 0.019751115959629237 -0.024875697542854729 -0.018683345740758417 0.0033929556197180642 0.022880329435259136 0.01087775048815519 -0.025067029952889942 -0.0079351463536232285 0.0045017240660061401 0.0038989922790963975 -0.0032360976407961369 0.0026732081732527939 -0.030288777237087911 -0.021092246903715011 -0.0024395674560156537 -0.0064961645166638181 -0.016167414843295379 0.007087808052477735 0.036168707598363901 0.022442389306022166 -0.0058628249087248107 0.01241893615969631 0.0037350148906672219 0.023350162068583785 -0.0062668215328103086 0.026598787117822764
leaf_weight=639.21549868583679 176735.13178129122 23.702399730682373 178.46906986832619 541.94185733795166 57.853374302387238 24.039842814207077 34.942968606948853 83.678338050842285 60.841446727514267 52.399850189685822 75.266065508127213 138.94847083091736 103.30061706900597 204.98467344045639 1755.3878700733185 771.23334607481956 19.305313318967819 21.80265861749649 1268.1264011859894 165.49796056747437 89.167757242918015 258.66774651408195 46.994885087013245 34.473236173391342 70.708919882774353 69.183778524398804 935.91297724843025 39.399864494800568 94.194053590297699 44.86946913599968
leaf_count=743 176580 12 210 564 35 36 48 78 33 41 113 161 94 189 1869 730 31 31 1330 187 118 222 13 19 79 52 866 21 106 21
internal_value=2.06957e-06 -0.000932944 -0.00101 -0.00415611 6.62919e-05 -0.000423096 -0.000334269 -9.87014e-05 0.000246313 -0.00609594 -0.00908164 -0.0139546 0.011314 -6.03063e-05 5.01783e-05 -0.00165114 -0.00353038 0.00134547 -0.000466995 0.0031142 -0.00133116 0.00178771 0.00504956 0.0131823 0.00341415 0.0220258 0.00316982 0.00605663 0.0040762 0.00797548
internal_weight=184640 7904.51 7880.81 1239.01 599.795 6641.8 6617.76 6439.29 6089 350.293 297.893 214.215 164.142 5924.85 5889.91 2545.93 1774.69 3343.98 1651.57 1692.41 513.333 424.166 1179.08 221.361 105.182 116.179 957.716 383.448 344.048 249.854
internal_count=184632 8052 8040 1342 599 6698 6662 6452 6059 393 352 274 127 5932 5884 2630 1900 3254 1667 1587 527 409 1060 163 98 65 897 337 316 210
is_linear=0
shrinkage=0.05


Tree=247
num_leaves=31
num_cat=0
split_feature=22 6 29 28 20 22 20 24 20 24 30 4 2 32 6 23 8 21 19 13 32 20 20 14 21 21 4 8 28 28
split_gain=2.83933 6.30974 10.4053 11.9897 14.2837 12.6058 13.3638 12.0098 11.2971 14.0457 24.1715 30.8006 32.0171 19.5082 11.2811 11.0341 10.4579 10.1635 9.91095 9.78295 13.1501 12.4241 9.28417 9.39997 8.82122 8.65637 8.64881 10.1376 7.91757 7.67092
threshold=-1.2002588414328701 -0.40205020097638683 0.099649930875583242 -0.38822604220946505 -0.23761744076132921 -0.29844955778076843 -0.69450786453480229 -0.06166608156779823 -1.0909823164814307 -0.59334254040556211 -0.65299723334719939 -0.89522792863456069 -0.52648074490478702 0.056432764336781703 -0.77266637085189116 -1.288187050910317 -0.73027504614087524 -1.2630968456217737 -1.0129972357562382 -1.2481556798255735 -0.88115556773985482 0.07975270171703748 -0.44069593415041214 -1.1678072836425473 1.0876804326403777 -0.82715424727528697 -0.86960150937234326 0.84423037945908175 1.9593027005462305 -0.16010352991260154
decision_type=2 2 2 2 2 2 2 2 2 2 2 2 2 2 2 2 2 2 2 2 2 2 2 2 2 2 2 2 2 2
left_child=-1 2 3 4 8 6 28 19 -2 10 15 -12 13 17 26 25 -17 -13 -15 20 -6 -21 -18 -24 -16 -10 -4 -28 29 -5
right_child=1 -3 14 5 7 -7 -8 -9 9 -11 11 12 -14 18 24 16 22 -19 -20 21 -22 -23 23 -25 -26 -27 27 -29 -30 -31
leaf_value=0.00053532997279670622 -0.0018262267836898134 0.00014158633403796943 -0.00081175954741030806 -0.0054678389056729707 0.036734397625929886 -0.0024824396823681497 0.001139877711884418 0.0039382309757597456 0.00047158961872204508 0.00079003915225220572 -0.0017555111556587996 0.027978706543692573 0.0053082359788701461 0.018895340704504705 -9.9885156145137466e-05 0.021499769905093176 -0.0031522084020597732 0.00079171380172979831 0.040329308378836012 -0.0099283962422786459 0.0012655533652850453 -0.00038724754812429927 0.018379064960603389 0.00042973644008211523 -0.012098614189081511 0.028221923325974941 -0.0025558005834470498 -0.0071969395221630553 -0.021035273109201256 -0.00074099230411076933
leaf_weight=21986.399562507868 755.40903589129448 111264.06942327693 4055.1636420786381 1044.7495556175709 30.153174489736557 5819.0892391353846 12175.573290199041 779.38821730017662 46.43799364566803 1284.2928315997124 247.31665697693825 59.033771276473999 269.62462297081947 72.336429536342621 10725.573490932584 59.648641586303711 719.63143417239189 82.303211361169815 211.98070216178894 693.32741329073906 195.95995509624481 671.79696524143219 117.01108831167221 193.66449302434921 155.39799299836159 71.172492027282715 4382.0091705620289 1608.4776691496372 52.790674686431885 4809.7206852436066
leaf_count=21751 783 110949 4121 1159 8 6108 11898 718 46 1264 256 26 241 45 10747 34 765 81 41 831 191 677 74 192 193 31 4606 1840 75 4881
internal_value=2.03194e-06 -7.00559e-05 -0.000528289 6.14078e-05 0.0019548 -0.000458282 0.000193095 -0.00114683 0.00370971 0.00492734 0.00739855 0.0133989 0.0187895 0.027329 -0.0013867 0.00271481 0.0011448 0.0121472 0.034876 -0.0036375 0.00599548 -0.00523306 -3.36299e-05 0.00719007 -0.000271247 0.0172648 -0.0025949 -0.00380197 -0.00175834 -0.00158451
internal_weight=184640 162653 51389 30462.4 6560.49 23901.9 18082.8 2370.63 4189.86 3434.45 2150.16 942.595 695.279 425.654 20926.6 1207.57 1089.96 141.337 284.317 1591.24 226.113 1365.12 1030.31 310.676 10881 117.61 10045.7 5990.49 5907.26 5854.47
internal_count=184632 162881 51932 30425 6304 24121 18013 2425 3879 3096 1832 690 434 193 21507 1142 1065 107 86 1707 199 1508 1031 266 10940 77 10567 6446 6115 6040
is_linear=0
shrinkage=0.05


Tree=248
num_leaves=31
num_cat=0
split_feature=14 12 10 13 27 24 6 21 22 20 27 28 7 4 26 15 9 21 29 29 17 20 32 21 29 4 10 6 8 28
split_gain=2.96277 7.67035 6.48777 7.18616 5.90691 5.38503 12.6889 9.03024 8.83179 7.41641 7.38208 7.33987 6.87208 6.82549 8.95384 7.04397 10.5784 19.7367 13.7336 12.3473 9.58287 7.4923 10.6674 8.08568 7.65523 7.14346 12.8652 7.08639 6.55436 9.57144
threshold=-0.53581707877260432 0.83056742346603518 0.48399690342861307 0.088761982658724328 -0.52697681941610985 -0.14856271159045034 0.05449377179098859 1.3177017407850775 -0.40343758765088544 2.7122881250082007 0.53423071601520544 2.7284431364563546 1.9681805963542105 0.4806464107498874 -0.50539757736512125 -0.70859485363110786 0.16215507949816702 0.81285124425674582 -0.18504187231232697 0.60003358375672411 0.080503087536255166 0.20302219687814424 0.64883693238354589 -0.087460493654210561 0.40335883642569714 -0.42552467364163077 0.21531663247249735 -0.31633536708547422 0.47684578015242507 2.2537844959010331
decision_type=2 2 2 2 2 2 2 2 2 2 2 2 2 2 2 2 2 2 2 2 2 2 2 2 2 2 2 2 2 2
left_child=1 2 -1 -4 -3 6 9 12 11 13 -10 -7 -8 15 -15 -2 21 19 -19 20 -18 25 23 -23 -24 26 -17 -27 -16 -30
right_child=5 4 3 -5 -6 8 7 -9 10 -11 -12 -13 -14 14 28 16 17 18 -20 -21 -22 22 24 -25 -26 27 -28 -29 29 -31
leaf_value=0.00018466663721196906 -0.00025981508412008871 0.0057907480964121483 -0.045594135311176245 -0.006566547606145519 0.0011414300137664961 0.0014464449723609566 0.0010167561208946653 -0.020398375291288604 8.0908347208230678e-05 0.024160330583042094 -0.0014161947653671203 -0.0039738005905689969 -0.0050737246187676638 -0.0023850845936984246 0.0012699917714145371 -0.0088268107052000555 -0.0015020194900102408 0.026099340113077036 -0.0095842839766452723 0.0023156678841494988 -0.0059234458383685554 0.00057639607059034061 0.017719262681797927 -0.0065592897145014904 -0.010630924382027047 -0.005893101372621278 -0.053482184683210914 0.0014911595455375612 -0.0010619348469606213 -0.021843372864964298
leaf_weight=53682.266473697498 5359.1522283405066 1047.292093783617 15.168294563889502 53.034879148006439 1964.8548873513937 14306.882361873984 12999.343231320381 50.427300244569778 57412.903663977981 29.025139451026917 9612.7300410419703 653.09464184939861 480.26531945168972 3836.9700394719839 7294.2733427882195 886.50054946541786 4715.3490764051676 106.69161540269852 36.08334031701088 1557.115234464407 1655.8350187093019 802.24825516343117 108.42379316687584 785.90095899999142 30.512482196092606 1428.6199550330639 16.427948474884033 420.5419028699398 3235.2867227643728 56.372631728649139
leaf_count=53484 5387 926 29 60 1920 13893 12735 71 57320 15 9885 705 529 4020 7109 1043 4857 51 43 1485 1852 793 70 889 37 1597 34 408 3304 81
internal_value=2.05628e-06 0.000302679 0.000165087 -0.0152462 0.00275795 -0.000131385 -0.000565067 0.000720751 0.000111368 -0.00110266 -0.000133804 0.00120982 0.000799758 -0.00112534 -0.000315808 -0.00177727 -0.00242525 -0.00134385 0.0170811 -0.00167565 -0.00265112 -0.00437384 -0.00179246 -0.00295472 0.0114931 -0.0059938 -0.00963927 -0.00421375 0.000434221 -0.00141784
internal_weight=184640 56762.6 53750.5 68.2032 3012.15 127877 45891.4 13530 81985.6 32361.3 67025.6 14960 13479.6 32332.3 14422.9 17909.4 12550.3 8071.07 142.775 7928.3 6371.18 4479.18 1727.09 1588.15 138.936 2752.09 902.928 1849.16 10585.9 3291.66
internal_count=184632 56419 53573 89 2846 128213 46410 13335 81803 33075 67205 14598 13264 33060 14514 18546 13159 8288 94 8194 6709 4871 1789 1682 107 3082 1077 2005 10494 3385
is_linear=0
shrinkage=0.05


Tree=249
num_leaves=31
num_cat=0
split_feature=5 22 8 29 4 20 19 1 28 2 21 2 25 21 15 2 28 2 29 29 8 4 4 2 2 5 2 2 2 29
split_gain=2.89062 7.34238 6.84176 10.7014 13.7224 12.8572 12.7561 8.80815 6.39329 9.42277 8.67137 7.25849 10.1903 7.03208 6.461 6.19115 6.89231 6.01916 5.79106 5.64798 5.54166 9.33899 14.1617 21.2446 15.4936 18.9184 12.2913 10.1563 21.9976 10.7827
threshold=-1.0665970890843621 -2.1563100100632213 1.316582007139069 -1.0087117598110702 0.022536566068924086 -0.029922035618811963 0.50030107986720618 1.0452537037468932 1.4294992029063465 -0.86564128511405503 -0.51426466154665607 -0.99876247450831979 -1.4975024005545321 -0.77718490094997505 0.49079836921353442 0.66208304269877127 0.32118595022624974 -1.9637359458469057 -1.3913834733802817 -0.25131675547954585 0.84423037945908175 0.11112396763584743 0.30549632740816363 0.39451647646541116 0.58145274396892133 0.35993122193886878 -0.031425140983244566 0.29206831672935785 0.27203539355597034 0.8814786719323614
decision_type=2 2 2 2 2 2 2 2 2 2 2 2 2 2 2 2 2 2 2 2 2 2 2 2 2 2 2 2 2 2
left_child=1 -1 -3 4 5 18 -7 8 9 11 -10 13 -13 -5 -11 -6 -17 -15 -4 -19 -2 26 23 27 25 -25 -22 28 29 -23
right_child=20 2 3 7 15 6 -8 -9 10 14 -12 12 -14 17 -16 16 -18 19 -20 -21 21 22 -24 24 -26 -27 -28 -29 -30 -31
leaf_value=0.0090299654577478128 0.00027576808404612267 -0.0007246000305059857 -0.031503543612465143 -0.0040903249504267401 -0.0077218158360614041 0.02588209489777964 -0.0013545598238864556 -0.023337506664123597 0.021972787260480492 -0.0044819665528083863 0.0027630660106349701 0.031339498069949893 0.0053989821876598183 0.010689348204048656 0.0057817189054430434 0.011737222457875916 -0.0057711370500392496 0.0081918818761974859 0.006955287962302859 -0.00062747020538454952 -0.00075917658135260296 0.0006284654195702217 -0.00014449629068998354 -0.0090772668108962708 -0.012229897974819763 0.028433670292510951 -0.0059035706541600477 -0.012775539558948217 0.024262845328009663 0.012210998027867005
leaf_weight=205.02789652347565 111464.76851971075 30710.9370790869 18.404107734560966 492.694396302104 132.53221265971661 190.72966811060905 55.496532171964645 38.861424893140793 76.711160004138947 1225.1760391145945 250.86302149295807 45.550756096839905 224.21012985706329 209.86678159236908 175.26687574386597 162.0373740196228 86.066023483872414 235.60017585754395 20.908491611480713 791.07251051068306 22754.506231322885 1795.5690605342388 11331.253517240286 40.624763637781143 38.56667098402977 194.74802142381668 1223.5354416072369 105.13649165630341 116.56300051510334 226.25630430877209
leaf_count=168 110850 31156 30 533 153 92 57 57 43 1335 237 17 200 165 155 124 96 197 18 801 23100 1773 11364 48 48 84 1368 132 60 171
internal_value=2.042e-06 -0.000404531 -0.000459573 0.00137688 0.00721841 0.0155038 0.0197433 0.000343523 0.000590444 -5.23959e-05 0.00726159 0.00215095 0.0097792 0.000960942 -0.00319746 0.00100301 0.00566365 0.0029736 -0.0110491 0.00139639 9.8307e-05 -0.000424621 0.000609146 0.00400133 0.017146 0.0219594 -0.00102168 0.00239634 0.00314228 0.00192463
internal_weight=184640 35348 35143 4432.05 666.174 285.539 246.226 3765.87 3727.01 3399.44 327.574 1998.99 269.761 1729.23 1400.44 380.636 248.103 1236.54 39.3126 1026.67 149292 37826.8 13848.7 2517.46 273.939 235.373 23978 2243.52 2138.39 2021.83
internal_count=184632 35634 35466 4310 570 197 149 3740 3683 3403 280 1913 217 1696 1490 373 220 1163 48 998 148998 38148 13680 2316 180 132 24468 2136 2004 1944
is_linear=0
shrinkage=0.05


Tree=250
num_leaves=31
num_cat=0
split_feature=15 32 32 16 27 2 25 21 21 2 28 8 32 8 14 20 22 1 4 22 6 24 14 22 24 23 20 8 21 25
split_gain=2.9369 5.24516 5.40721 5.32238 5.11937 5.21637 4.95967 4.57091 7.24405 5.0673 4.74599 4.34914 4.12316 4.06814 7.85506 7.09806 11.9363 6.85235 8.12745 11.3986 10.0691 14.0515 7.11926 6.67586 10.534 18.4469 19.7047 20.4672 10.225 9.72454
threshold=-1.3610798787511136 -2.1318435543125287 -1.4740238644545107 -2.0816258237451311 0.22968925178450664 -2.2084017655152115 -2.0401602030169657 -1.309163539620773 -1.1903232698671256 -1.2095638230460517 0.16713401902162303 0.52932929433909037 1.1847545372590151 0.21442820921909891 -0.53581707877260432 0.81668384620390921 -0.051313151892802361 0.5649044106146065 0.13188363827557317 -0.3084495965723773 -0.73379248687203524 -0.85417418334609196 -1.2435120475935519 1.1548154634741536 1.1519316631020109 0.9519240312279631 0.19254049483626454 0.79174686527241656 -0.85301203330758579 0.50400214880174743
decision_type=2 2 2 2 2 2 2 2 2 2 2 2 2 2 2 2 2 2 2 2 2 2 2 2 2 2 2 2 2 2
left_child=1 4 -3 7 5 -1 -2 -4 10 -10 -9 -11 -12 14 17 -16 -17 18 19 22 21 -21 -8 -15 25 28 27 -27 -25 -26
right_child=6 2 3 -5 -6 -7 13 8 9 11 12 -13 -14 23 15 16 -18 -19 -20 20 -22 -23 -24 24 29 26 -28 -29 -30 -31
leaf_value=0.030697082165435742 -0.0076755331468249845 -0.004849603944986642 0.0006569742514997641 0.0011303092949158766 0.00056351747811679391 0.0085267068748988272 0.0028298361273498759 -0.0087254184826836782 1.5234499400403008e-05 0.0023654141101513431 -0.017579495091473604 -0.013838654799480472 -0.050583439638600847 -0.00051343153627708129 -0.00026677419649022736 0.0048780418382345413 0.00043319414568248601 -0.00059343619994377164 0.0049506895419772741 0.028185059374854896 0.0025863024734586338 0.0032720022789398521 -0.00097392234183959884 0.013090894831481056 -0.026588036730314596 0.0398449810729503 0.005596031183431046 -0.0017251515163115216 2.5455244159481684e-05 -0.00087577938617269607
leaf_weight=36.263947486877441 213.26200751960278 446.67596891522408 904.88978548720479 11632.977239653468 129.45904859900475 98.858800411224365 1606.9479899704456 80.884906679391861 529.16123005747795 57.731161862611771 25.895428657531738 146.46298585832119 14.912991702556608 61775.648681253195 67707.746404469013 1695.4051440060139 13842.933557912707 4387.920976690948 1667.0621440801769 93.972292721271515 4421.7180065363646 142.31296747922897 5245.81958091259 157.14279595017433 37.212078094482422 88.626129925251007 1109.1350910961628 44.465795367956161 3181.6197764873505 3116.414174169302
leaf_count=14 246 490 893 11370 128 82 1516 95 529 55 35 187 30 62410 68069 1530 13723 4440 1502 41 4193 133 5348 116 57 18 985 46 3180 3171
internal_value=2.04157e-06 0.000695445 0.000562125 0.000742616 0.00766905 0.0144767 -5.53065e-05 -0.00181999 -0.00444134 -0.0025666 -0.015739 -0.00925733 -0.0296404 -4.57652e-05 0.000157144 -4.55967e-05 0.000918176 0.00111795 0.00168781 0.00121526 0.00312369 0.0131801 -8.19554e-05 -0.000340047 0.00104476 0.00257575 0.00777744 0.0259565 0.000640396 -0.00117918
internal_weight=184640 14104.2 13839.6 13392.9 264.582 135.123 170535 1759.94 855.049 733.355 121.693 204.194 40.8084 170322 100812 83246.1 15538.3 17565.8 13177.8 11510.8 4658 236.285 6852.77 69510.3 7734.62 4580.99 1242.23 133.092 3338.76 3153.63
internal_count=184632 13908 13684 13194 224 96 170724 1824 931 771 160 242 65 170478 100495 83322 15253 17173 12733 11231 4367 174 6864 69983 7573 4345 1049 64 3296 3228
is_linear=0
shrinkage=0.05


Tree=251
num_leaves=31
num_cat=0
split_feature=16 27 30 8 20 16 9 13 20 16 25 23 21 2 21 29 28 21 24 20 20 11 24 28 29 20 24 15 28 25
split_gain=2.95845 6.11654 5.72879 4.97533 4.83698 6.13184 5.33864 12.3727 8.75428 7.57622 8.24168 5.95907 10.6555 8.82947 8.19644 8.17767 11.294 13.095 8.0913 12.32 26.8424 15.9543 13.9196 12.4919 9.41097 15.0013 6.84408 9.86253 9.12895 10.1265
threshold=1.5939690171062397 -1.8166044135023063 1.9869839797733451 1.0016809220190774 1.8412660681006734 0.15080007542300214 0.47705401862943747 1.4161345297319154 0.87857628581696445 0.67298691192425808 -0.21861606170461972 1.7260881867468425 1.5449339625391427 0.21801680449936703 0.78302559718103526 1.5462252100105569 -1.4082023122993139 1.3177017407850775 1.4585817220385366 0.54760826848269273 0.80219590404260765 0.76275484051465947 1.5860345742940554 -0.54209959893439186 1.4536150072434317 0.70448391368879359 1.1519316631020109 0.019398720135860938 -0.42916361653498897 1.4059134178314554
decision_type=2 2 2 2 2 2 2 2 2 2 2 2 2 2 2 2 2 2 2 2 2 2 2 2 2 2 2 2 2 2
left_child=4 2 -2 -4 6 -6 7 11 -8 -9 -11 18 14 -14 -13 -16 -17 -18 26 -20 21 22 23 -21 -24 -26 -1 -28 -29 -30
right_child=1 -3 3 -5 5 -7 8 9 -10 10 -12 12 13 -15 15 16 17 -19 19 20 -22 -23 24 -25 25 -27 27 28 29 -31
leaf_value=-7.3702191084617225e-05 0.00025544623381569168 -0.0013753344271301882 0.0040463301091817885 0.017604060000518767 0.0095399189357950644 0.0012863140437746135 0.00024552033356625512 -0.017460548761424152 0.0028444231366978488 0.0091737216093024116 -0.0066750671321673992 0.0073391658008389541 0.0041996051468696219 -0.0055265534062683506 -0.0083675991001480234 -0.0074136936823017271 0.01458940560567356 -0.0072266353473229104 -0.0094728319970083085 -0.012508053384668866 0.0011097241205905871 -0.012289384000924837 0.030714679994259555 0.034015872617844327 -0.0010792558713097874 0.025984749801411067 0.0006895250749980609 -0.0045827276415477021 -0.0010769302837505179 0.025897322678458803
leaf_weight=98417.927664831281 1943.9313988983631 9020.865855678916 391.69885773956776 81.800373136997223 239.74247682094574 3667.3472041189671 55613.082853019238 131.18778571486473 3440.7383158653975 96.751410782337189 539.03773891925812 130.09590911865234 815.49515271186829 326.87063944339752 1056.2366949021816 333.54412138462067 176.50084885954857 112.70975401997566 205.97640235722065 62.391960352659225 2567.9953273832798 52.175824791193008 150.37344446778297 18.768618822097778 90.056127786636353 118.67459085583687 1999.5751423537731 2680.3350878953934 105.72287717461586 51.86145880818367
leaf_count=98563 1934 9269 360 53 194 3573 55340 177 3245 79 611 111 747 363 1233 383 125 129 245 78 2511 65 58 6 92 57 1972 2926 108 25
internal_value=2.02338e-06 -0.000776792 0.00145672 0.00638852 5.34567e-05 0.00179276 1.33158e-05 -0.000192187 0.000396944 -0.0065206 -0.00426327 -0.00014785 -0.00236404 0.00141661 -0.00475136 -0.00568819 -0.00114373 0.00608736 -8.64449e-05 0.00236364 0.00316027 0.0138535 0.0169517 -0.00174926 0.0211783 0.0143081 -0.000163952 -0.00200006 -0.00389512 0.00780037
internal_weight=184639 11438.3 2417.43 473.499 173201 3907.09 169294 110240 59053.8 766.977 635.789 109473 2951.45 1142.37 1809.09 1678.99 622.755 289.211 106522 3266.41 3060.44 492.441 440.265 81.1606 359.104 208.731 103255 4837.49 2837.92 157.584
internal_count=184632 11616 2347 413 173016 3767 169249 110664 58585 867 690 109797 3091 1110 1981 1870 637 254 106706 3112 2867 356 291 84 207 149 103594 5031 3059 133
is_linear=0
shrinkage=0.05


Tree=252
num_leaves=31
num_cat=0
split_feature=13 20 24 24 2 20 22 29 9 13 12 2 24 5 12 29 22 26 3 6 32 26 21 28 14 6 32 21 20 6
split_gain=2.91845 5.42869 9.11402 9.0783 5.71536 6.07731 10.525 7.30743 5.67841 7.90837 9.76215 8.70833 10.6468 9.09776 7.38858 7.29643 7.9117 18.1762 10.1632 9.0147 12.3215 7.10594 10.9769 8.35815 6.53763 6.92933 7.04824 6.9146 8.45347 7.06912
threshold=0.44578319704479408 0.75882809318631705 1.9796740764569876 1.8190927332180611 0.32343241555432412 0.81668384620390921 -0.82453584924929701 0.18587792445258441 0.47705401862943747 -0.14932240537592689 -1.3551729712676757 0.8222746268392539 0.025170597955004016 0.35993122193886878 1.6851064859756575 -0.75107651658250241 -0.78395817398794498 0.2019963218536085 0.80808243085330145 -1.0009166226798658 -0.34667144738103745 1.0123701322383181 0.55714647306435194 -1.2720194888985097 -0.27497550518189834 -0.90777575028654289 0.28337329079217194 0.92411859287054987 0.21414188358845898 0.76453463306280522
decision_type=2 2 2 2 2 2 2 2 2 2 2 2 2 2 2 2 2 2 2 2 2 2 2 2 2 2 2 2 2 2
left_child=1 2 3 8 -3 6 -6 -8 9 10 -1 14 -13 -14 -12 16 17 -10 -19 20 -18 22 -17 -23 -24 26 -26 28 -27 -30
right_child=-2 4 -4 -5 5 -7 7 -9 15 -11 11 12 13 -15 -16 21 19 18 -20 -21 -22 23 24 -25 25 27 -28 -29 29 -31
leaf_value=0.0087275556986600045 -0.00029627762246679432 0.00052385907541632173 -0.0248915878215102 0.012763091327779719 -0.0044505257838944089 0.0019779375864205986 0.016143574010013095 -0.0011268986517613696 0.0031461045704923641 -0.0012863534057907429 -0.00012435873498478791 0.002323721589703627 0.0018518726944012466 0.025938395483841938 0.017624732116016131 0.00020982272322905366 0.035035239651845455 0.012020770795427261 0.039254634656805246 0.0010105587643676256 0.0030213303496136618 0.0026752045364009931 0.013205282470351987 -0.01042652230648131 0.02756512559333496 -0.00035947221565184036 -0.0023061695492527694 -0.0041878621654757022 0.0030594200362824547 0.018115747021016242
leaf_weight=319.82598108053207 56780.543915346265 12114.930326327682 36.719745144248009 139.6463937163353 124.88400989770889 2687.3064901232719 282.07348293066025 78.236703276634216 445.00035245716572 14203.583445727825 65043.22613940388 1089.6404184401035 66.461567401885986 95.58797299861908 58.686773180961609 26481.126836836338 46.776559174060822 78.990543574094772 60.491195380687714 2560.7558865100145 84.080712020397186 195.45779123902321 203.83360725641251 322.70597785711288 55.716825187206268 345.5159323066473 30.589125663042068 294.34636077284813 148.05952498316765 164.65808445215225
leaf_count=264 57117 11988 55 104 136 2581 191 80 417 14569 65205 1039 64 46 38 26370 14 60 13 2509 79 185 150 390 25 348 32 319 139 105
internal_value=2.01979e-06 0.00013449 1.44281e-05 2.25548e-05 0.00101859 0.00290781 0.00805803 0.0123935 6.72521e-06 -0.000215134 1.30703e-05 -2.89337e-05 0.00410205 0.0160598 -0.000108359 0.000576027 0.00280967 0.00808255 0.0238317 0.00166467 0.0144651 0.000316922 0.000425349 -0.00548439 0.00501801 0.00341163 0.0169779 0.00218249 0.00503116 0.0109872
internal_weight=184639 127859 112571 112535 15287.4 3172.5 485.194 360.31 112395 80877 66673.4 66353.6 1251.69 162.05 65101.9 31518.1 3276.1 584.482 139.482 2691.61 130.857 28242 27723.8 518.164 1242.72 1038.89 86.306 952.58 658.234 312.718
internal_count=184632 127515 112539 112484 14976 2988 407 271 112380 81225 66656 66392 1149 110 65243 31155 3092 490 73 2602 93 28063 27488 575 1118 968 57 911 592 244
is_linear=0
shrinkage=0.05


Tree=253
num_leaves=31
num_cat=0
split_feature=13 25 8 2 26 28 29 24 19 20 32 6 8 29 26 1 4 13 2 21 6 29 23 26 29 24 2 10 23 19
split_gain=2.84771 6.58739 4.90016 4.83261 4.91046 5.58996 5.32701 7.43788 4.80702 4.9112 4.7492 4.63872 4.6069 5.80187 5.57589 5.64196 5.38412 5.18322 6.25932 5.60335 11.2283 10.1815 13.6763 7.71755 8.57334 6.30854 8.34797 13.6099 13.3016 8.12682
threshold=-1.2676995906763662 -1.7031746970820054 1.6839666064457255 0.18982627075367109 -0.46159473648547206 1.039768555519897 -0.040683215257593476 -1.5400650631740833 -2.118871167500143 -1.4069765253101336 1.5446652490105028 -1.592412183287983 1.0016809220190774 1.1501649055526186 -0.43556627656597247 -0.48754451950330263 -1.0035247849542974 -2.1240914533312205 -2.3827182564328733 -1.3936866241890717 -0.11483328040915733 0.41209881201533072 -0.60941105744785429 -0.19095242860880854 -0.29874446670468008 -1.2078127044692468 -0.45557811667790066 -1.1748186111597303 -0.59360565426647038 -0.4840184000002194
decision_type=2 2 2 2 2 2 2 2 2 2 2 2 2 2 2 2 2 2 2 2 2 2 2 2 2 2 2 2 2 2
left_child=11 2 3 -2 5 6 7 -5 9 -3 -10 -1 13 -13 -14 16 -16 -17 -19 20 21 23 -23 -20 -25 29 -27 28 -28 -21
right_child=1 8 -4 4 -6 -7 -8 -9 10 -11 -12 12 14 -15 15 17 -18 18 19 25 -22 22 -24 24 -26 26 27 -29 -30 -31
leaf_value=-0.001991117994808978 -0.0051923370072338333 -0.010853323974978776 0.019732495593142042 -0.031183821119488472 0.0062696560651122396 0.010050803767833596 -0.0003602871358451969 -0.0042343688234053826 -2.6521840097866938e-06 0.0014631288595893064 -0.0052426889605618858 0.0017088671801631862 -0.013965118065118973 -0.017999918834067846 0.017108288642813746 -0.0047401553827787959 0.0028509605391972095 0.0091452482103631574 0.0032501099506155708 -0.0067005270606605785 0.025083542175362419 0.0059260297857406325 0.041067114819557125 0.019080025752244812 -0.011384213161355211 -0.00063484496827474193 0.0034757142919067787 -0.0074836605881941839 0.028801454113831615 0.0036421475070029887
leaf_weight=1548.3413910269737 1190.3826440274715 204.59030263125896 23.12711426615715 43.727924332022667 219.52720111608505 60.076302468776703 133.04133862257004 61.768950015306473 165114.24171957746 133.91880950331688 433.54153193533421 8815.2829533442855 71.914195463061333 37.500044733285904 82.087549805641174 606.50175024569035 342.53083880245686 186.0248726606369 393.58381372690201 810.39811034500599 56.187762916088104 157.68944698572159 33.583774328231812 25.873243391513824 215.039002597332 3085.819662168622 111.76958322525024 96.549174398183823 96.704747438430786 248.07016223669052
leaf_count=1610 1314 249 14 71 192 48 134 67 165123 130 479 8514 92 51 54 664 323 152 368 919 28 139 6 16 264 3125 104 111 41 230
internal_value=2.0028e-06 -6.05711e-05 -0.00312847 -0.00343793 0.000592668 -0.00358078 -0.00701393 -0.0154048 -2.85459e-05 -0.00598077 -1.6375e-05 0.000618197 0.000879302 0.00162538 -0.000118365 3.36989e-05 0.0056072 -0.000352762 0.000129532 -0.000185055 0.00345578 0.00198417 0.0120961 -0.00106415 -0.00811245 -0.000906753 0.000145143 0.00803602 0.0152235 -0.00427654
internal_weight=184639 167618 1731.65 1708.52 518.142 298.615 238.538 105.497 165886 338.509 165548 17021.5 15473.1 8852.78 6620.33 6548.41 424.618 6123.8 5517.29 5331.27 881.957 825.769 191.273 634.496 240.912 4449.31 3390.84 305.024 208.474 1058.47
internal_count=184632 167821 1840 1826 512 320 272 138 165981 379 165602 16811 15201 8565 6636 6544 377 6167 5503 5351 821 793 145 648 280 4530 3381 256 145 1149
is_linear=0
shrinkage=0.05


Tree=254
num_leaves=31
num_cat=0
split_feature=9 18 24 4 1 2 2 14 19 29 32 4 20 16 29 26 21 21 4 32 6 29 5 22 21 5 10 8 28 1
split_gain=2.84969 5.09346 6.45416 5.78452 8.9879 7.35763 6.25469 9.95022 8.10288 7.43673 7.5366 6.23889 5.10495 4.84961 4.84358 8.25234 15.1295 20.0289 9.17627 6.97516 6.95122 5.895 5.19633 5.03659 4.87359 4.80866 10.3921 11.3027 14.2204 12.7906
threshold=1.1068518968919785 0.61297177631821098 0.24915343917787272 0.045102873431835645 -0.10075145787459973 0.062399850876570379 1.1478048380030486 1.0439499624805397 0.20473480334074007 -0.3822371654622862 0.50597697305316958 -0.34242299103650597 2.7122881250082007 1.5939690171062397 0.31703805318706485 0.031517433719357869 -0.99309227256588328 -1.0113282552268306 0.50327890248641904 1.2146320698515098 1.0000000180025095e-35 0.92147709659478505 0.35993122193886878 -0.96322120874128581 -1.6117968699382705 1.0731953774504845 -1.2849734704264302 1.6314830922590604 -0.29655672610078093 -0.66571959394210156
decision_type=2 2 2 2 2 2 2 2 2 2 2 2 2 2 2 2 2 2 2 2 2 2 2 2 2 2 2 2 2 2
left_child=25 14 -3 4 5 -4 -5 8 9 10 -8 13 -9 -7 15 18 17 -17 -2 20 21 -16 -20 -23 -24 -1 -27 -28 -29 -30
right_child=1 2 3 6 -6 11 7 12 -10 -11 -12 -13 -14 -15 19 16 -18 -19 22 -21 -22 23 24 -25 -26 26 27 28 29 -31
leaf_value=4.812520851015038e-05 -0.0016469906821827075 -0.0013141252360032588 0.0014870519371741509 -0.0015112072925231774 0.00031001285189629648 0.00605248007501678 0.0024884966100707107 0.00014153269393805417 0.0028385767460158313 0.00075769613413148313 0.028813136517549631 0.00792844045144399 0.012116567139223348 0.029413583387417893 0.0037606542555910696 0.0056234737980605676 0.0021519176279180185 0.043377168839320843 -0.00010333970797295211 -0.0089433273898690911 0.0010294941718335812 0.024797447275250309 0.015934224992486062 0.0083194083711356313 0.0028244227344512082 0.0020300885518422284 -0.0011960879589773539 -0.0031953128334239441 -0.0083647965786203295 0.012175362715333119
leaf_weight=121508.95288177393 4771.8172314465046 7235.8244086205959 382.37214577198029 3708.9016160517931 1367.4787221550941 32.993898451328278 36.833184897899628 3913.07656493783 320.17693570256233 58.892451554536819 103.83792722225189 415.95795860886574 91.06883293390274 68.006008803844452 1604.6939852982759 104.78512868285179 1873.6383056044579 52.847489297389984 2422.9921720474958 130.63395512104034 2487.2113894224167 55.549927353858948 73.387439101934433 280.70618733763695 2084.7651624530554 3191.5839593559504 25276.345350295305 387.25216425955296 89.094802111387253 507.60566183924675
leaf_count=121392 4929 7426 371 3821 1359 29 35 3902 302 58 44 350 69 28 1484 93 1793 7 2428 154 2436 28 50 234 1967 3062 25881 412 104 384
internal_value=1.97245e-06 0.000417847 -0.000165148 0.000626673 0.00286325 0.00674558 1.08561e-05 0.00125872 0.00776739 0.0156751 0.0219203 0.0106351 0.000413889 0.0217822 0.00106639 0.000514892 0.00340356 0.0182807 -0.000112467 0.00244358 0.0027795 0.00502203 0.00148593 0.0110416 0.00327022 -9.08067e-05 -0.000663995 -0.000991424 0.00426609 0.00910846
internal_weight=184639 33678.4 17735.4 10499.6 2266.81 899.33 8232.79 4523.89 519.74 199.564 140.671 516.958 4004.15 101 15943 11384.2 2031.27 157.633 9352.96 4558.8 4428.16 1940.95 4581.14 336.256 2158.15 150961 29451.9 26260.3 983.953 596.7
internal_count=184632 33397 17794 10368 2137 778 8231 4410 439 137 79 407 3971 57 15603 11267 1893 100 9374 4336 4182 1746 4445 262 2017 151235 29843 26781 900 488
is_linear=0
shrinkage=0.05


Tree=255
num_leaves=31
num_cat=0
split_feature=20 26 29 24 26 19 4 21 24 19 26 21 26 21 28 28 26 26 30 13 29 23 32 14 2 10 29 19 6 30
split_gain=2.8368 8.1359 6.99658 9.38265 9.90825 6.62021 7.15782 6.25247 10.7951 18.9911 15.5861 9.36987 14.5532 9.14323 7.89178 7.83391 8.54551 7.98328 8.6971 8.55602 9.89837 8.54057 7.79262 7.64917 7.39921 8.54084 16.0737 10.4629 8.17651 9.52891
threshold=-0.43161789303907983 0.75359949484479094 0.74306771300676644 -1.7108869417655967 -0.4083551137619178 -1.2118677775161657 -2.234318619315244 -0.41344860885209905 -1.2614821103661398 -0.85183885787171088 -0.19095242860880854 -0.41989565060306738 0.46325480810641245 -0.37910326421652246 2.7284431364563546 2.7284431364563546 -0.010890130484905407 0.61006452848945758 0.71333192390538247 -0.52468706482319249 0.072990119425277014 0.22925342173043636 1.1147564082332948 -1.4777446100186575 -0.98099288467753365 -1.2668383396034331 0.028036804226904719 -0.70874167805597643 0.067260594956387157 0.21385207355977462
decision_type=2 2 2 2 2 2 2 2 2 2 2 2 2 2 2 2 2 2 2 2 2 2 2 2 2 2 2 2 2 2
left_child=1 2 -1 4 -4 -5 -7 11 9 -9 23 15 -13 -10 -15 17 -17 21 19 20 -19 24 -23 -11 -2 26 27 -26 -27 -30
right_child=7 -3 3 5 -6 6 -8 8 13 10 -12 12 -14 14 -16 16 -18 18 -20 -21 -22 22 -24 -25 25 28 -28 -29 29 -31
leaf_value=-0.00033353597659812359 -0.0011269517144322841 -0.0046516744661508225 0.0058302125010366579 -0.0073521049797006122 0.030942581987326825 0.024269016853446488 0.0015398598212844061 0.028569667878480698 -0.0047053087691851297 0.019121243614866543 0.040398461494111221 0.0046349098011123037 0.032090416155745392 4.105703836183622e-05 -0.0034618214609420926 0.0033477869010555203 0.021470828044148613 0.022952832575166893 0.00044867229948073107 -0.0026584272551524028 0.0070453209874981673 -0.0026972313615658246 0.0060935898649437867 -0.0020177145720628345 0.02143370378243661 0.00041638205682693088 -0.0025023524809235777 0.0052118891541247589 0.0027070869831319917 0.015676378615217746
leaf_weight=58672.611462736502 3772.9611005187035 1041.1391896903515 156.21537704765797 210.97743502259254 52.473006248474121 34.977287948131561 3572.0078239738941 86.326238602399826 1052.0002767592669 48.577085196971893 26.037494957447052 356.00061494112015 55.836026042699814 94525.618847608566 1635.7467374950647 227.21322870254517 91.134786933660507 147.88979381322861 583.23361456394196 119.63896995782852 288.67635178565979 2957.4608779996634 275.58618301153183 359.49291683733463 197.78552956879139 10446.998856648803 271.41640907526016 199.82981818914413 3024.766096368432 148.58571913838387
leaf_count=59064 3858 1138 138 242 20 18 3462 37 1151 30 5 323 20 94448 1749 212 52 80 578 126 248 3117 242 374 113 10360 285 179 2861 102
internal_value=1.95385e-06 -0.000267961 -0.000195168 0.001821 0.0121445 0.00125672 0.00176027 0.000144258 -3.07982e-05 0.00715113 0.00289185 0.000882827 0.00835727 -6.92467e-05 -1.85285e-05 0.000747538 0.00853594 0.000637021 0.00471455 0.00918772 0.0124341 0.000418848 -0.0019479 0.000498689 0.000842481 0.00136249 0.00687798 0.0132811 0.00109157 0.00331435
internal_weight=184639 63740.4 62699.3 4026.65 208.688 3817.96 3606.99 120899 97733.8 520.434 434.107 23165 411.837 97213.4 96161.4 22753.2 318.348 22434.8 1139.44 556.205 436.566 21295.4 3233.05 408.07 18062.3 14289.4 669.032 397.615 13620.4 3173.35
internal_count=184632 64082 62944 3880 158 3722 3480 120550 97794 446 409 22756 343 97348 96197 22413 264 22149 1032 454 328 21117 3359 404 17758 13900 577 292 13323 2963
is_linear=0
shrinkage=0.05


Tree=256
num_leaves=31
num_cat=0
split_feature=1 11 12 28 29 12 8 2 4 4 28 26 19 3 29 29 5 5 10 8 2 24 10 29 32 28 30 19 29 2
split_gain=2.75625 10.7856 8.20618 7.14103 6.6064 6.51217 6.04923 8.7627 11.0195 9.77069 8.83411 9.34212 13.6188 7.45606 16.5156 8.77486 8.13762 17.4533 18.9299 14.4965 12.7686 9.47322 9.00294 7.71605 8.90774 7.55454 6.63991 11.8523 8.91482 18.8075
threshold=0.31152728886265096 0.45973847710242388 -0.30376336293533673 2.1393360586422738 0.86286204798791266 -0.31943203723518671 0.16194469503243367 -1.1333963326440271 -0.80200272592634259 -0.77571971822536312 0.32118595022624974 0.88794289922589564 0.73089909662664454 1.3340743548763261 -0.24421657797604743 -1.3087806087892615 1.0000000180025095e-35 0.35993122193886878 -0.37066945999821005 0.42436226596575982 1.810410148753727 -0.65392844020871899 1.0080316547934558 -1.6561564200354002 -0.098202819145417633 0.2597200831120523 -0.45266712193804853 0.25899109572822282 -0.95775386939146767 -0.16352356059407575
decision_type=2 2 2 2 2 2 2 2 2 2 2 2 2 2 2 2 2 2 2 2 2 2 2 2 2 2 2 2 2 2
left_child=1 2 3 -1 -5 -3 7 8 -2 -10 -9 26 -13 15 16 -8 23 19 21 20 25 -19 -21 -15 -25 -18 -12 28 29 -28
right_child=6 5 -4 4 -6 -7 13 10 9 -11 11 12 -14 14 -16 -17 17 18 -20 22 -22 -23 -24 24 -26 -27 27 -29 -30 -31
leaf_value=0.00065427968285087243 0.002836651198929457 -0.00071450145456954149 -0.00036446971053138397 -0.00057940139134219704 -0.0074671227220704439 0.0019084723628516158 -0.0051911753491600595 -0.00068440851525146396 0.036971779131653983 0.0027415008809392599 -0.0003902414266250982 0.038763079770302161 0.00051609155689562802 -0.0079390681464532372 -0.0040461759565283278 -0.0010197751402522875 -0.0017666904613497605 -6.3975230308764962e-05 -0.0028520546022187967 0.012782936734793761 0.035536405785131578 0.024452174308386448 -0.0019001999941996119 0.0074490820966987351 -0.0059171265103343 0.030273337492635801 0.026492549116572492 -0.00011799684794852578 0.0024351679141284737 0.0053751831714286555
leaf_weight=39836.281398043036 1373.9482365846634 2945.9029623121023 70539.807544156909 1114.0898953527212 506.37649247050285 12028.106167405844 1359.8188395798206 20989.689550299197 46.053871095180511 38.088387191295624 5945.5956469476223 40.046560049057007 55.573622018098831 238.18125550448895 1006.5467001795769 17298.194619145244 54.088835656642914 60.922049462795258 646.14328214526176 276.75477614998817 103.70865988731384 111.55548191070557 167.62941151857376 360.7442741394043 190.46043029427528 27.881046175956726 121.23815393447876 3707.2511228621006 2639.5552033185959 808.96690522134304
leaf_count=39315 1296 2988 71054 1127 582 11569 1501 21277 12 36 5992 9 55 276 1088 17651 56 61 683 206 30 57 174 307 213 11 57 3716 2511 722
internal_value=1.95012e-06 0.000132143 -3.63604e-05 0.000521927 -0.00273173 0.00139244 -0.000284698 0.000116042 0.00391233 0.0214769 -4.53004e-05 0.000961942 0.0165343 -0.000939089 0.00127313 -0.00132379 0.00366542 0.00589099 0.00107625 0.0121466 0.0238796 0.0157926 0.0072442 -0.000418936 0.00283059 0.00913133 0.00084933 0.00186211 0.00391847 0.00812751
internal_weight=184639 126971 111997 41456.7 1620.47 14974 57668.6 35766 1458.09 84.1423 34307.9 13318.2 95.6202 21902.6 3244.62 18658 2238.07 1448.68 818.621 630.063 185.679 172.478 444.384 789.386 551.205 81.9699 13222.6 7277.01 3569.76 930.205
internal_count=184632 126635 112078 41024 1709 14557 57997 35683 1344 48 34339 13062 64 22314 3162 19152 2074 1278 801 477 97 118 380 796 520 67 12998 7006 3290 779
is_linear=0
shrinkage=0.05


Tree=257
num_leaves=31
num_cat=0
split_feature=14 12 1 10 19 29 20 8 9 4 5 4 32 19 28 19 22 29 6 6 22 32 28 24 19 21 6 21 8 29
split_gain=2.78654 6.57847 6.00335 10.5845 7.63957 6.90152 5.14485 5.87623 12.5184 11.3745 8.90037 11.3355 7.46042 7.36843 10.1353 8.68159 12.5022 10.4726 10.95 7.21518 7.06193 8.17514 8.49726 7.39192 8.0938 6.78968 8.976 6.63309 7.13756 8.32042
threshold=-0.31484938568354176 1.5399595434204634 -0.96577023576719512 0.19438436378624571 -1.8038355382079032 -0.1235833832381313 0.47294542192561945 1.2116149787657384 -0.67757542485188749 1.1627618595070357 1.0731953774504845 0.63424863198761161 -2.5688145039938228 0.75604691286907166 -1.2973845298745126 0.97437465300438764 0.32862742653134847 2.1987761886684773 1.0717649459872118 1.3095095670954888 -0.051313151892802361 0.62991971492548271 2.5753157116821526 -0.42729340804915827 0.29736198339873582 1.1030117989145551 0.95616266406251926 2.3393023904778327 -0.99269261707420131 -1.7978969658419717
decision_type=2 2 2 2 2 2 2 2 2 2 2 2 2 2 2 2 2 2 2 2 2 2 2 2 2 2 2 2 2 2
left_child=1 2 3 4 5 -1 -2 8 9 10 11 12 -8 -14 15 16 -15 -17 -19 -16 21 23 -23 -10 -25 -12 -27 28 -22 -30
right_child=6 -3 -4 -5 -6 -7 7 -9 20 -11 25 -13 13 14 19 17 -18 18 -20 -21 27 22 -24 24 -26 26 -28 -29 29 -31
leaf_value=0.026798360335827689 -0.00045375523977151592 0.0055155393501782378 0.00013387038994903442 0.036978534227227737 0.0018412740521016675 -0.00022664721822956052 -0.013414091566298404 0.0013831922816128972 -0.0017188519523475847 -0.0060079521260719641 -0.002310120629215145 0.0044188436319161561 -0.0033104119660961047 0.034078847548548348 -0.0022095434440233428 -0.0013175012876467693 0.0046553012864685292 -0.0043859774999785396 0.029057453070348977 0.0060670809095946833 0.001459574047091607 -0.00021106207719537133 -0.01351633207922742 0.0078753883310266216 0.0025052407188005904 -0.016264173814729121 -0.0011157447924850185 0.0024320515593678452 -0.0063132499927891321 -0.00045496025599650814
leaf_weight=60.340563118457794 62925.94049666822 586.72173719108105 70811.591504333541 23.038880884647369 1355.9328789561987 38.824012994766235 121.42411550879478 9011.2868514209986 727.00762933492661 1324.8118729889393 1025.6141523867846 1132.0467501878738 1771.6989323347807 62.809524059295654 1598.3667814731598 325.42504191398621 84.905184715986252 38.612894475460052 66.849557459354401 315.25335249304771 5098.8427703529596 808.58676064014435 140.90864011645317 918.70283305644989 2969.8013480901718 235.42133074998856 167.26744422316551 2681.4273923486471 627.73858797550201 17582.017610102892
leaf_count=28 63497 522 70622 6 1306 39 154 8762 752 1484 1073 1032 1889 20 1669 334 77 42 28 277 4950 812 179 774 2821 312 171 2551 707 17742
internal_value=1.95447e-06 0.000242499 0.000199702 0.00335342 0.00282103 0.0162178 -0.000154896 0.000230182 -3.07083e-05 -0.00176224 -0.000952424 -4.17576e-05 -0.00119323 -0.000845216 0.000907269 0.00670601 0.0171664 0.00312001 0.0168128 -0.000846037 0.000423124 0.00203959 -0.00218561 0.0029088 0.003774 -0.00447024 -0.00997187 7.70033e-05 -0.000193922 -0.000656911
internal_weight=184639 72876.4 72289.7 1478.14 1455.1 99.1646 111763 48836.8 39825.5 8270.51 6945.7 5517.39 4385.35 4263.92 2492.22 578.602 147.715 430.887 105.462 1913.62 31555 5565.01 949.495 4615.51 3888.5 1428.3 402.689 25990 23308.6 18209.8
internal_count=184632 72523 72001 1379 1373 67 112109 48612 39850 8562 7078 5522 4490 4336 2447 501 97 404 70 1946 31288 5338 991 4347 3595 1556 483 25950 23399 18449
is_linear=0
shrinkage=0.05


Tree=258
num_leaves=31
num_cat=0
split_feature=16 14 23 9 20 10 13 20 21 19 6 24 4 19 29 28 21 13 20 10 8 7 28 13 13 19 8 14 23 19
split_gain=2.91098 7.26652 5.90576 4.80749 6.87835 6.75812 6.37044 5.23096 6.55996 9.92911 7.85695 6.56516 9.84273 12.1664 7.77081 6.61618 7.31093 6.36627 10.1587 9.19795 10.0696 7.43771 6.51043 16.6439 6.35327 5.92806 6.728 5.88288 5.77349 7.24569
threshold=1.3188357054830815 -0.44497272989191133 -0.97003378842046051 1.0543687403701003 0.49788318085428501 2.2469083887921717 1.9430085082198307 1.2231613925713622 0.77255603136999473 0.28501301469343943 1.0372765326877948 1.9046256214024124 0.20444622957739281 0.53521196378800329 -3.012356386587963 -1.5774748478263476 1.4314146848762859 -0.34252075226586742 -0.94113254908926769 0.29010191737554164 0.68677983689908606 0.27240302139512657 1.6592821557967297 -0.36236906976562805 0.40951280664409978 1.8135407753455637 1.106647950392408 0.086564429294993764 1.2779972898151868 1.3471822704055307
decision_type=2 2 2 2 2 2 2 2 2 2 2 2 2 2 2 2 2 2 2 2 2 2 2 2 2 2 2 2 2 2
left_child=3 -2 -3 5 -5 6 7 17 25 -10 11 12 13 24 -13 16 -15 19 -19 21 -21 27 -23 -24 -11 -9 -27 -1 -17 -30
right_child=1 2 -4 4 -6 -7 -8 8 9 10 -12 14 -14 15 -16 28 -18 18 -20 20 -22 22 23 -25 -26 26 -28 -29 29 -31
leaf_value=7.8012072520004499e-05 0.017892349888377995 -0.012063313791711437 -0.00058572723679751993 0.00050224575108456641 0.0043481002596068696 -0.029484332962046118 -0.01150968121960593 0.0032601847215352774 -0.020670856504354445 0.018845024780426625 0.0025108816486830192 -0.011926873139292783 0.0011449951883498607 -0.00035561176387954158 0.0044225414752502258 -0.0022840689533442662 0.023225744539676171 -0.0042453902021987238 -0.00040280206204262414 -0.00076445554835109482 -0.056386373109855718 0.0020932606238769406 0.0038308001013588177 0.035698335393086401 -0.0042316439859307114 -0.010784117919641959 0.0065178305402424676 0.0077325563958060093 -0.010539416648882553 -0.0030844835501174389
leaf_weight=66113.15247432515 52.946883350610733 112.78804789483547 17767.857633724809 26104.21461121738 1216.8168338537216 19.500698283314705 121.11914528906345 3409.298883870244 56.600417733192444 91.47816601395607 2834.3335194587708 79.125583827495575 2180.943391919136 140.00425711274147 891.88825687766075 1290.067919254303 42.951708316802979 1774.344323143363 56164.536178335547 17.728940367698669 15.039520204067228 2051.9033702909946 187.35434150695801 52.441447019577026 44.254605352878571 161.22632598876953 86.242246687412262 251.96697598695755 686.32970522344112 620.70868527889252
leaf_count=66010 34 140 17976 25842 1111 31 149 3187 80 57 2692 98 2131 141 813 1349 23 1925 56617 18 32 1966 173 15 48 196 75 213 831 659
internal_value=1.9403e-06 -0.000603358 -0.000658126 6.70561e-05 0.000673531 -5.18203e-05 -4.77019e-05 -3.77319e-05 0.000933195 0.000204752 0.000337482 -0.000677745 -0.00139561 -0.00329593 0.00309027 -0.00400958 0.00518047 -0.000134461 -0.000520479 0.00019114 -0.0262929 0.000203781 0.0030043 0.0108 0.0113211 0.0027178 -0.00475443 0.000107074 -0.00465698 -0.00699909
internal_weight=184639 17933.6 17880.6 166706 27321 139385 139365 139244 12615.5 8958.69 8902.09 6067.75 5096.74 2915.8 971.014 2780.06 182.956 126628 57938.9 68689.6 32.7685 68656.8 2291.7 239.796 135.733 3656.77 247.469 66365.1 2597.11 1307.04
internal_count=184632 18150 18116 166482 26953 139529 139498 139349 12380 8922 8842 6150 5239 3108 911 3003 164 126969 58542 68427 50 68377 2154 188 105 3458 271 66223 2839 1490
is_linear=0
shrinkage=0.05


Tree=259
num_leaves=31
num_cat=0
split_feature=13 16 20 2 20 24 24 25 26 30 28 32 30 29 29 10 22 25 10 25 21 22 19 20 20 32 24 9 19 21
split_gain=2.79269 5.25922 6.68098 5.16991 4.94123 8.03491 8.53866 10.4207 9.53308 9.78334 14.4564 14.1959 12.9973 9.29779 8.33196 8.21476 12.2988 8.80789 7.26886 7.3131 7.50014 11.2061 7.83275 8.42904 12.6896 10.4872 7.35398 6.71563 9.97871 9.45914
threshold=0.44578319704479408 -0.78017595024761743 0.37785002039563748 1.810410148753727 0.75882809318631705 1.9796740764569876 1.6270136925359178 1.0894634729347941 1.041089575998998 0.96339753039031528 -1.015947754817955 -0.069501741968237205 1.0025488522901893 -1.0351167071203073 -0.52869042337317673 -0.19103493545320013 0.16809334739391055 1.3636797745971034 0.23643611366204872 0.44850267568119317 0.21465217051682803 1.2681136509571698 0.3960940428893856 -0.029922035618811963 -0.19067491056637112 -1.2785005942551626 0.98306686600715765 0.79195295776070807 0.53521196378800329 0.56885973168118131
decision_type=2 2 2 2 2 2 2 2 2 2 2 2 2 2 2 2 2 2 2 2 2 2 2 2 2 2 2 2 2 2
left_child=3 2 -2 4 5 6 8 -8 9 27 14 12 -12 -13 -11 16 -9 -17 19 -10 21 -21 23 24 -22 -25 -26 28 -1 -29
right_child=1 -3 -4 -5 -6 -7 7 15 18 10 11 13 -14 -15 -16 17 -18 -19 -20 20 22 -23 -24 25 26 -27 -28 29 -30 -31
leaf_value=-2.2530291251271818e-05 -0.021227978129533073 -0.00026888755174818527 0.0043531622687371747 0.0076024689601788325 0.00096218612153932132 -0.023100351542660373 0.028661892971564757 -0.0055835847498981409 -0.013437237437274679 -0.018132317827492011 0.028527628796464661 0.012241610322112484 0.0054363231703356621 -0.0093650751220366122 0.0016237665932773507 -0.0090864008719380371 0.035136916217184115 0.0060623987157985559 -0.0086950040942298055 0.00037222946110205434 -0.007200850529921244 0.023422747590126677 0.001027693982088211 -0.022832047869538873 0.022121626815138296 -0.0058397458646571613 -0.0014095122973595818 0.00063225399929892913 -0.0019836456305289355 0.0066048070811865686
leaf_weight=81236.394402347505 65.985307246446609 56680.188049823046 41.623912930488586 231.14553500711918 15260.672140106559 37.619518160820007 46.864512711763382 30.584569185972214 126.89707669615746 60.910888314247131 153.68586504459381 100.63988560438156 100.97910016775131 98.542787700891495 430.99676245450974 137.08738219738007 47.096552819013596 319.77166682481766 459.15321776270866 187.39507907629013 205.41652575135231 73.371016025543213 925.01259875297546 113.96082107722759 80.707721352577209 446.81435418128967 56.409794092178345 19147.116825655103 7049.3324442207813 686.71200576424599
leaf_count=81273 94 56985 38 196 14967 55 20 34 161 83 66 76 90 117 417 162 14 281 539 186 235 39 906 166 45 499 58 18905 7329 596
internal_value=1.91951e-06 -0.000289853 -0.011333 0.000131516 0.000117985 3.32566e-06 1.10637e-05 0.00605471 -2.03824e-05 5.19464e-05 0.00511524 0.011551 0.0193715 0.00155201 -0.000822548 0.00407268 0.0191045 0.00151678 -0.00296923 -0.00178284 -0.00107492 0.00685789 -0.00220635 -0.00551809 0.000661838 -0.00929292 0.012441 7.65619e-06 -0.000179119 0.000839043
internal_weight=184639 56787.8 107.609 127851 127620 112359 112322 581.405 111740 109065 945.755 453.848 254.665 199.183 491.908 534.54 77.6811 456.859 2675.14 2215.98 2089.09 260.766 1828.32 903.309 342.534 560.775 137.118 108120 88285.7 19833.8
internal_count=184632 57117 132 127515 127319 112352 112297 511 111786 108952 849 349 156 193 500 491 48 443 2834 2295 2134 225 1909 1003 338 665 103 108103 88602 19501
is_linear=0
shrinkage=0.05


Tree=260
num_leaves=31
num_cat=0
split_feature=20 28 28 6 21 2 2 5 20 21 19 29 29 23 21 30 26 6 6 25 5 20 21 26 15 25 9 32 20 20
split_gain=2.75429 9.43542 6.52559 6.79654 7.30854 6.60943 6.60058 9.83608 6.36046 6.06125 13.9365 11.9801 10.4902 8.897 9.02193 22.7276 26.8997 28.9487 13.2999 9.01631 8.70841 12.5452 9.71782 10.5138 10.0309 8.45281 10.4106 8.67681 8.38985 8.34246
threshold=-0.99717195504908018 -1.7669317065419203 -0.60558506659434264 -1.1136507079315625 -0.43128159983596087 -2.2084017655152115 -0.40072990730275498 0.35993122193886878 -1.3564235292544062 -0.21599095321899128 -0.22737062842086045 0.56004224088893451 0.86286204798791266 0.9519240312279631 -0.2773433123692528 -0.3906144393228338 -0.058491536473267318 -0.99007501122490327 -1.6974725046910601 -0.18809424580272166 1.0731953774504845 -0.64961821034917555 -0.19914310495438606 -0.1227835404835808 -1.409203760317818 1.5699723512366603 0.1096719229762886 -2.3421301128787255 -0.46842930195588345 -0.049559353244548222
decision_type=2 2 2 2 2 2 2 2 2 2 2 2 2 2 2 2 2 2 2 2 2 2 2 2 2 2 2 2 2 2
left_child=1 -1 3 5 6 -3 -5 -8 -6 12 11 20 13 14 -2 16 18 -18 -16 -20 22 -22 23 -11 -24 27 -27 -26 -23 -21
right_child=9 2 -4 4 8 -7 7 -9 -10 10 -12 -13 -14 -15 15 -17 17 -19 19 29 21 28 24 -25 25 26 -28 -29 -30 -31
leaf_value=0.029312155073786275 9.5975962193672112e-05 0.02370766172384851 -0.00025193752457190456 -0.0037405573479750774 0.0086987439714045298 0.0011144904964905274 -0.016844612332247034 -0.0014916586684914047 -0.0028990637831578618 -0.027796496084840507 4.8730479781786758e-05 -0.0052654360413215973 0.0028977455826825014 0.012679590191281604 0.029396355078557115 -0.00072830519971348506 0.037857946608434757 0.0038441336406660706 0.0016293103855778816 0.0025689646712958054 0.0059293233182441916 -0.021295109113362909 0.00851200252450569 -0.0046878238473127155 -0.038357683630194116 0.022091939635300702 -0.013876495439831838 -0.00063622043376097566 -0.0063280815032376427 0.024301955199088641
leaf_weight=26.585659235715866 51986.789654031396 36.132198572158813 25033.860621474683 1041.1131334900856 175.53945532441139 310.93058371543884 275.26526693999767 167.98837333917618 362.0101865530014 59.771329343318939 86592.393792033195 2086.2949464470148 4167.5287626087666 144.69294553995132 50.961857080459595 2104.3478513211012 135.89134484529495 115.91159245371819 1081.2332919538021 85.387130409479141 187.19930285215378 110.10572943091393 322.98497787117958 278.85549128055573 15.278807073831556 82.413466036319733 26.613858371973038 6857.7393246591091 625.79798671603203 91.4466472864151
leaf_count=11 51887 19 25160 1119 145 304 368 173 383 93 86508 2306 3926 108 21 2135 33 107 1046 81 165 157 268 305 27 46 34 6945 705 47
internal_value=1.91334e-06 -0.000460408 -0.000489293 -0.00299751 -0.00410708 0.00346663 -0.0059161 -0.011026 0.000888257 8.25777e-05 -0.000161216 -0.00186775 0.000477944 0.000297206 0.000265013 0.00266262 0.00723434 0.0222005 0.00435548 0.00334112 -0.0010403 -0.00562759 -0.000486304 -0.00876676 -0.000102461 -0.00050096 0.0133119 -0.000720076 -0.00856744 0.0138078
internal_weight=184639 27429.4 27402.8 2368.98 2021.92 347.063 1484.37 443.254 537.55 157210 97245.4 10653.1 59964.2 55796.7 55652 3665.18 1560.83 251.803 1309.03 1258.07 8566.76 923.103 7643.66 338.627 7305.03 6982.05 109.027 6873.02 735.904 176.834
internal_count=184632 27682 27671 2511 2188 323 1660 541 528 156950 97559 11051 59391 55465 55357 3470 1335 140 1195 1174 8745 1027 7718 398 7320 7052 80 6972 862 128
is_linear=0
shrinkage=0.05


Tree=261
num_leaves=31
num_cat=0
split_feature=4 1 29 13 6 30 10 30 8 2 5 19 25 32 32 14 20 29 14 23 1 25 28 27 9 23 1 28 22 6
split_gain=2.6717 5.53414 5.27297 4.61719 9.56885 6.13165 6.95469 6.83999 6.59333 7.11362 7.28048 6.499 6.3004 5.26388 10.6347 7.73323 7.41803 6.71747 6.11257 5.3689 5.16588 4.90018 5.61866 5.13759 4.58477 9.63019 4.51542 4.39232 4.35453 5.6294
threshold=-1.6057630796391396 0.72936766953780696 -0.50327482200779394 0.57915699831973433 0.95616266406251926 0.042312778430952928 -1.5925056067120666 -0.3215394835373413 1.2640984929524037 -1.9637359458469057 -1.0665970890843621 1.390688966987393 -0.24903744818563903 0.2712678234239298 0.49481057176233134 -1.422583169050784 -0.039618148921874721 -0.17694933665786688 0.2578635996405268 -1.2009669800478473 -0.10075145787459973 -1.0247021859079324 -0.95311122630037337 1.7659630680304308 -0.7825417378956443 0.096644305320924315 -0.13772997922967337 1.4294992029063465 -0.71144611872106223 -1.1503302465429106
decision_type=2 2 2 2 2 2 2 2 2 2 2 2 2 2 2 2 2 2 2 2 2 2 2 2 2 2 2 2 2 2
left_child=1 2 24 5 -5 7 -7 13 20 10 -10 -11 -9 15 16 19 17 -15 -17 -4 27 23 -23 -16 -1 -26 -12 -8 -21 -30
right_child=-2 -3 3 4 -6 6 8 12 9 11 26 -13 -14 14 21 18 -18 -19 -20 28 -22 22 -24 -25 25 -27 -28 -29 29 -31
leaf_value=-0.0031361793588586609 4.2163626258740574e-05 0.023695624972343551 0.012160879969059381 -0.021897220544170537 -0.001330867512740316 0.010533544024814347 -0.0047095449668592068 -0.012568398631879196 0.018381284482719158 -0.0020039244634425502 0.017372659461614114 0.016610480185046416 -0.002729159225410842 -0.013272532927895994 -0.0027025509181404198 -0.0090584797628281196 -0.0068511796290319756 0.0086205219409339288 0.018638099786822321 -0.0084103908424114134 0.00032565958921271124 -0.02134568853938594 0.0030812653363828379 -0.018929072391883628 -0.037121817595654319 -0.0045228912324551604 0.001573528979006296 -0.025286471646412314 0.02675127660389124 4.522312258685451e-05
leaf_weight=197.60547518730164 176729.03072830848 22.80989396572113 84.568563252687454 77.888963669538498 206.50342577695847 191.30169767141342 369.22259315848351 246.92976546287537 134.41406241059303 445.15871171653271 55.168455183506012 52.41165554523468 476.96569366753101 37.140918791294098 1240.926650211215 513.05079399049282 106.4181969165802 618.66415800154209 20.725784957408905 151.51413768529892 1362.8766785264015 24.528461813926697 585.05414065718651 50.776833236217499 35.582361251115799 62.359128773212433 250.89583739638329 27.893457472324371 21.506556808948517 239.21636244654655
leaf_count=210 176580 12 64 112 212 151 404 309 85 463 36 35 503 47 1308 606 121 512 13 177 1354 35 549 70 62 68 243 42 10 239
internal_value=1.92542e-06 -0.000897087 -0.000968209 -0.000713128 -0.00696355 -0.00046987 0.00132112 -0.00164117 0.000667919 0.00405356 0.00868128 -4.31731e-05 -0.00608545 -0.000770263 0.000403779 -0.00380454 0.00539365 0.00738063 -0.00798306 0.000684938 -0.00113657 -0.00159665 0.00209837 -0.00334042 -0.00752047 -0.0163662 0.00442134 -0.00615487 -0.0016693 0.00224816
internal_weight=184639 7910.08 7887.27 7591.72 284.392 7307.33 2889.34 4417.99 2698.04 938.049 440.478 497.57 723.895 3694.09 2663.51 1030.58 762.223 655.805 533.777 496.806 1759.99 1901.29 609.583 1291.7 295.547 97.9415 306.064 397.116 412.237 260.723
internal_count=184632 8052 8040 7700 324 7376 2813 4563 2662 862 364 498 812 3751 2642 1109 680 559 619 490 1800 1962 584 1378 340 130 279 446 426 249
is_linear=0
shrinkage=0.05


Tree=262
num_leaves=31
num_cat=0
split_feature=15 19 24 6 12 30 19 22 20 25 16 21 28 28 32 29 19 22 28 24 28 20 21 6 5 2 3 2 20 14
split_gain=2.69421 7.66015 7.37696 15.5284 6.41563 5.47895 6.1529 15.3764 14.4696 6.01487 6.96613 5.88627 5.37009 7.35442 7.9603 4.94837 9.63263 10.535 9.81804 9.26694 4.9646 4.92447 8.3403 4.71123 4.82219 5.54521 4.68094 4.57734 4.57208 4.56562
threshold=-0.70859485363110786 -1.0904644283575222 -1.9391018954958896 -0.95894946728969088 -0.52581271602245938 -1.3055058102334385 -1.0294114991276377 0.087927361534866591 -1.4929422625300293 -0.7543653419885733 -1.0065091880683672 -1.4897478278657224 -1.2973845298745126 -0.7992824994672415 -1.2785005942551626 -1.1590890110177476 -0.29414938578127703 -0.86460518726460067 1.039768555519897 -0.68102049661614494 0.67322175200865553 -0.60625065531118949 -1.1736363499360711 -1.2974802386461202 -1.0665970890843621 -0.36805427507651184 -1.0925980049725312 -0.34484097763990024 -0.49674578141091047 -0.56835155208315669
decision_type=2 2 2 2 2 2 2 2 2 2 2 2 2 2 2 2 2 2 2 2 2 2 2 2 2 2 2 2 2 2
left_child=4 12 3 -3 -1 27 7 21 -9 -10 -11 -8 -2 14 -14 16 17 19 -19 -6 23 22 -7 -18 25 -25 -12 -4 -29 -16
right_child=1 2 5 -5 15 6 11 8 9 10 26 -13 13 -15 29 -17 20 18 -20 -21 -22 -23 -24 24 -26 -27 -28 28 -30 -31
leaf_value=0.0018349808474937416 0.016913620454188691 0.039221947091966407 -0.0073811257130386877 -0.0014080208129395224 0.0021642101888893744 -0.022276844567520937 -0.014439948619893834 0.030791330160084091 0.027193258573567095 0.031919363983538368 0.015536556970144331 5.8731813710591439e-07 0.0035021643801541702 -0.0013613202246687602 -0.0068937031624743562 7.3875756547348597e-06 0.020763022723029892 -0.001440754373108308 0.025014820633664076 0.027311268427055221 -0.0072589890184913191 -0.0052155936528081107 0.0081836687638367957 0.016743604935462446 -0.0024738723078188106 -0.0043168316491139806 -2.9250510515247893e-05 -0.0023960039259587501 0.004377508834492316 -0.022841468446506159
leaf_weight=6166.3008799850941 39.29109251499176 37.112454533576965 384.27269798517227 64.192317336797714 54.352609217166901 25.596026062965393 70.608374178409576 75.486746847629547 32.885014235973358 22.123115807771683 59.483319938182831 126481.48570419848 77.42295828461647 8562.8640041258186 81.731364905834198 38448.680857490748 32.493098974227905 211.89424866437912 42.024913549423218 112.39059194922447 185.99699710309505 351.3500210493803 184.13858303427696 84.194332957267761 302.05508467555046 49.708348572254181 256.84974160790443 1752.0420069694519 290.42692878842354 99.531217128038406
leaf_count=5940 26 8 441 66 52 37 91 29 15 8 41 126480 72 8796 93 38443 19 218 21 51 213 388 154 56 317 54 257 1836 265 145
internal_value=1.8917e-06 -0.000107632 -1.07416e-05 0.0134765 0.000334965 -2.12528e-05 2.35209e-05 0.00391465 0.010835 0.00677829 0.00479474 -7.46962e-06 -0.0015301 -0.00161225 -0.00991831 0.000100941 0.00344663 0.00934982 0.00293778 0.0191142 -0.000347785 -0.00159649 0.00446627 0.00239629 0.00102737 0.00892539 0.00289775 -0.00237476 -0.00143285 -0.0156506
internal_weight=184639 138949 130088 101.305 45690.1 129987 127560 1007.91 446.828 371.341 338.456 126552 8860.84 8821.55 258.686 39523.8 1075.11 420.662 253.919 166.743 654.448 561.085 209.735 468.451 435.958 133.903 316.333 2426.74 2042.47 181.263
internal_count=184632 139248 130116 74 45384 130042 127500 929 350 321 306 126571 9132 9106 310 39444 1001 342 239 103 659 579 191 446 427 110 298 2542 2101 238
is_linear=0
shrinkage=0.05


Tree=263
num_leaves=31
num_cat=0
split_feature=9 13 2 38 29 29 7 20 12 20 19 19 10 21 29 19 24 26 19 23 11 20 8 2 32 13 28 8 28 30
split_gain=2.65568 4.93854 7.47663 7.21064 6.92036 10.0896 22.6016 6.49465 7.82978 6.40506 6.32981 6.28492 8.10587 5.92599 11.5689 15.291 16.5009 7.5204 10.2108 9.63378 7.511 7.44908 8.02215 11.6321 12.2781 8.8429 8.42741 7.70224 7.36455 6.73316
threshold=1.1593350534138571 1.0000000180025095e-35 0.32343241555432412 1.0000000180025095e-35 1.0180961276000253 0.96110753714028807 0.33315906634608988 -0.13546383028202683 -2.4132527290971537 0.46106614092438047 1.0497149376883501 0.64842938066804112 -0.10028253045594042 -0.50409198624610407 0.41209881201533072 -0.24517895918438917 -0.59334254040556211 0.30303768327668462 -0.56604065036781614 0.93975707961229771 -0.054549452085833706 0.99176394931618017 -0.15295639008755771 1.2316803345802783 -0.83850859303709202 2.0089097994505885 -0.8646601731452821 0.73926335108575125 1.4838998159100756 -0.6751145537564881
decision_type=2 2 2 2 2 2 2 2 2 2 2 2 2 2 2 2 2 2 2 2 2 2 2 2 2 2 2 2 2 2
left_child=1 2 3 -1 5 9 -7 8 -3 11 -6 -4 -13 14 28 -16 -17 21 19 20 -19 22 25 29 27 26 -15 -25 -9 -24
right_child=-2 7 4 -5 10 6 -8 13 -10 -11 -12 12 -14 17 15 16 -18 18 -20 -21 -22 -23 23 24 -26 -27 -28 -29 -30 -31
leaf_value=-5.0786725658042022e-05 0.00042504116712573049 0.012789129267477045 0.0010442404047556625 0.015436717718433378 -0.010847173176268689 -0.007916763131865073 0.039018541278858877 0.00068180059449002208 -0.0018156478243552471 0.0040218268503615043 0.01649489329106869 -0.010975679447199273 0.0041722063898466345 -0.0042143593191421589 0.0014136151334677586 0.029824994715517274 0.0066169462741463682 0.011072578396975881 0.00012529299942174506 0.024251345098633734 -0.0097715143803242029 0.00019878486863004037 0.0011589919595753977 -0.0070492548292498515 0.0017530496786400257 -0.018022441472281863 0.00020645819936014809 -0.035743994664609778 -0.012831559819388211 -0.005073002704492951
leaf_weight=80154.584229718894 30875.466889083385 92.71484187245369 10625.92029979825 75.22433614730835 186.53290572762489 48.345243364572525 54.637549936771393 1639.3542508780956 9003.0718487650156 1817.166587293148 23.876957178115845 243.53972159326077 138.56220126152039 1287.4817835390568 477.50002571940422 123.91570663452148 200.53913390636444 122.02195286750793 26438.250546827912 81.557657569646835 66.921510249376297 7961.6531235873699 486.27169963717461 82.384950041770935 1504.7583215236664 72.770101636648178 6626.3613311201334 32.655348226428032 107.43008795380592 3987.4346679151058
leaf_count=80236 30613 69 10404 52 227 56 12 1617 9330 1671 16 297 127 1396 464 50 174 95 26372 42 80 7930 475 94 1452 99 6599 56 135 4392
internal_value=1.87009e-06 -8.3102e-05 0.000144797 -3.62655e-05 0.00125045 0.00139684 0.0169848 -0.000435426 -0.00166678 0.00127167 -0.00774444 0.000817687 -0.00548258 -0.000217096 0.0021332 0.00710482 0.0154806 -0.000339973 0.000224181 0.00988926 0.00368985 -0.00102358 -0.00171476 -0.00308111 0.000549408 -0.000672292 -0.000512753 -0.0151945 -0.000149293 -0.00439561
internal_weight=184639 153763 93368.4 80229.8 13138.6 12928.2 102.983 60395 9095.79 12825.2 210.41 11008 382.102 51299.3 2548.74 801.955 324.455 48750.5 26708.8 270.501 188.943 22041.8 14080.1 6093.5 1619.8 7986.61 7913.84 115.04 1746.78 4473.71
internal_count=184632 154019 93098 80288 12810 12567 68 60921 9399 12499 243 10828 424 51522 2440 688 224 49082 26589 217 175 22493 14563 6469 1602 8094 7995 150 1752 4867
is_linear=0
shrinkage=0.05


Tree=264
num_leaves=31
num_cat=0
split_feature=16 27 30 21 20 12 9 20 2 4 13 27 26 20 20 19 19 22 28 21 4 19 22 21 25 25 23 24 12 14
split_gain=2.67535 5.41669 5.10379 4.97686 4.6239 4.41364 4.45178 9.03842 5.78112 5.47496 5.0383 6.17653 5.99709 5.38107 4.9858 11.3267 14.0055 25.668 24.6146 10.6993 10.9285 9.33675 10.9951 9.05177 8.53751 8.491 7.76526 7.24647 6.67999 6.68263
threshold=1.5939690171062397 -1.8166044135023063 1.9869839797733451 1.8571629323940455 3.2015470327121074 3.6968789703269178 0.47705401862943747 0.87857628581696445 -1.5803390233885268 -1.3877912087601256 0.66979822193304128 1.343588701703581 -0.79128215258212897 2.7122881250082007 0.53495698532481051 0.54663799071567853 0.52741966427801767 -1.0864759110340267 -0.079577645680379658 1.3993850947315254 -1.2592731443813527 1.213687191648338 0.7312367722159353 1.5755520322915662 1.4443077032035065 0.39299063984161159 1.4608351260691355 1.2522679616819399 -0.57050986537695425 -0.7631629119729425
decision_type=2 2 2 2 2 2 2 2 2 2 2 2 2 2 2 2 2 2 2 2 2 2 2 2 2 2 2 2 2 2
left_child=4 2 -2 -4 5 6 10 8 9 -8 12 -12 -1 14 15 16 26 -18 -19 20 24 27 -23 -21 25 -17 28 -22 -14 -30
right_child=1 -3 3 -5 -6 -7 7 -9 -10 -11 11 -13 13 -15 -16 19 17 18 -20 23 21 22 -24 -25 -26 -27 -28 -29 29 -31
leaf_value=0.016106935841105091 0.00023543411072927484 -0.0013005637440063134 0.011323955145334247 0.0010277573909106771 0.012687372889053916 0.0120580183023246 0.0030763038652616417 0.0028062146943179361 0.00020079226478909504 0.01984160342567878 -0.0008889380938300797 -0.0065799517242157409 0.0012374529614893248 0.023413932649979218 0.00053716301355928673 0.0048457639656844416 0.042958466382153254 0.023126497105513108 -0.0054276505168889882 0.023740923043054765 -0.0041858908794592123 0.012731085429845124 -0.0080826468595067372 0.0017914316503872413 0.024488688107917204 -0.009126673795572221 -0.010565717415548979 -0.014102000241525948 0.00018483927960614099 -0.00085865558376825688
leaf_weight=57.533895432949066 1943.1496755927801 9034.0137851834297 228.82381159067154 240.95282056927681 72.361562252044678 76.43248575925827 161.96507528424263 3638.1908957660198 55340.237830847502 69.632347971200943 10978.810347154737 498.40975761413574 8037.9312347397208 24.448895573616028 26982.884144738317 446.24827632308006 49.705081164836884 115.35526332259178 218.3025948703289 64.739519327878952 3584.8815413117409 169.04168027639389 101.57939274609089 171.13140377402306 43.118127971887589 143.75914317369461 178.3187001645565 194.22170832753181 33375.381616551429 28397.329486563802
leaf_count=39 1934 9269 177 236 54 58 152 3434 55118 42 11174 564 7839 13 26693 403 7 62 242 34 3885 126 118 165 22 170 216 249 33252 28885
internal_value=1.86638e-06 -0.00073845 0.00136611 0.00604294 5.07968e-05 4.55149e-05 4.0209e-05 0.000391848 0.000233783 0.00811698 -0.000142695 -0.00113608 -3.13066e-05 -4.03829e-05 -4.59898e-05 -0.000254981 -9.28462e-05 0.00943792 0.00444435 -0.00257465 -0.00309801 -0.00405306 0.00491851 0.00781591 0.0030109 0.00144129 -0.000145051 -0.00469552 -0.000118433 -0.000294862
internal_weight=184639 11446.9 2412.93 469.777 173192 173120 173043 59210 55571.8 231.597 113833 11477.2 102356 102298 102274 75291 70372.3 383.363 333.658 4918.72 4682.85 4049.72 270.621 235.871 633.126 590.007 69989 3779.1 69810.6 61772.7
internal_count=184632 11616 2347 413 173016 172962 172904 58746 55312 194 114158 11738 102420 102381 102368 75675 70503 311 304 5172 4973 4378 244 199 595 573 70192 4134 69976 62137
is_linear=0
shrinkage=0.05


Tree=265
num_leaves=31
num_cat=0
split_feature=14 12 6 19 4 24 28 2 3 8 2 21 21 24 28 2 4 28 26 6 13 22 29 6 19 9 23 29 30 8
split_gain=2.61238 10.1767 5.28584 6.59593 5.19761 5.65708 8.3444 5.62156 13.2898 6.92646 6.50971 6.8555 9.61533 6.04064 6.01263 6.77825 6.11046 5.84546 8.91548 7.39035 5.74904 5.62798 7.5997 6.09098 8.80277 6.18423 5.61283 5.59576 5.21992 5.21324
threshold=0.12682834730125306 1.8784244757431268 -2.3173807816331196 -0.61343371320939066 -0.58378083498853139 1.9046256214024124 -1.3645190661148141 0.10515310320526758 -0.37896626899321056 0.73926335108575125 0.91586560314467469 2.3393023904778327 2.59108375700167 -0.98526346360276251 -1.3172990633207557 -0.60720632295683974 0.18433452200044456 -0.42526361515141259 0.28298148207271029 -0.67714099892917168 1.172707770853429 0.49806041282153973 -1.1243430135732799 -0.27216596280413102 1.213687191648338 -1.5173059292019422 0.22925342173043636 2.1987761886684773 -1.5872590359910186 1.1591314645790731
decision_type=2 2 2 2 2 2 2 2 2 2 2 2 2 2 2 2 2 2 2 2 2 2 2 2 2 2 2 2 2 2
left_child=1 2 3 -1 5 -2 -7 8 9 14 11 -9 -13 20 15 -6 -16 18 -15 -19 -10 22 -20 -24 -25 -26 -11 28 -12 -29
right_child=4 -3 -4 -5 7 6 -8 10 13 26 27 12 -14 17 16 -17 -18 19 21 -21 -22 -23 23 24 25 -27 -28 29 -30 -31
leaf_value=-0.011043829575139934 -0.0017817048095748215 0.0066408498669960807 0.0001063961657567814 0.0087976828490831313 0.024169893022448236 0.012834132785460049 -0.00010013555438699648 -0.00096394465160821454 -0.0052953894852452426 0.0062183797215698998 -0.0086443772788713773 0.01077527718759471 -0.00028801598281954095 -0.0045887426277687942 0.0024565009399000193 0.0071430884035596585 0.0094735322214775826 -0.0086536475444225873 0.0192933131173809 0.0023492470700414748 -0.033096115376433033 0.001126338938964952 0.0067621918905326059 -0.010041896023786277 0.021262132082286087 -0.0016311275253144747 -0.0020544163893926508 0.005629635779316443 0.00024076106661429842 0.03057132457619411
leaf_weight=48.325932681560516 7701.5618056803942 603.10222713649273 104703.80165435001 314.30271184444427 67.750398129224777 162.78377059102058 532.93269155919552 27571.452904641628 292.97198539972305 267.23542785644531 166.25634744763374 300.83067986369133 565.74115037918091 1294.2228858172894 2188.5221298485994 425.83563151955605 361.49214869737625 161.11529982089996 35.822815597057343 2891.8745589107275 19.856523901224136 3286.0235284715891 111.01395282149315 472.17029961943626 33.057428300380707 274.05948030948639 880.80903026461601 112.68782821297646 28765.512306407094 25.735157132148743
leaf_count=59 7976 523 104481 259 35 121 534 28103 324 234 195 236 569 1413 2081 365 293 189 22 2756 33 3212 96 567 19 283 917 100 28627 10
internal_value=1.85787e-06 0.000164443 0.000127267 0.00615349 -0.000215699 -0.00139165 0.00292623 -7.57737e-05 0.000860519 0.00318067 -0.000288466 -0.000826315 0.00355261 -0.000235631 0.00442897 0.00948021 0.00345124 1.37875e-05 -0.000959158 0.00176859 -0.00706002 0.000156066 -0.0032866 -0.00419514 -0.00575608 0.000833056 -0.000128721 0.000237686 0.000189703 0.0102667
internal_weight=184639 105670 105066 362.629 78969.3 8397.28 695.716 70572 13063.8 4191.64 57508.2 28438 866.572 8872.19 3043.6 493.586 2550.01 8559.36 5506.37 3052.99 312.829 4212.15 926.124 890.301 779.287 307.117 1148.04 29070.2 28931.8 138.423
internal_count=184632 105322 104799 318 79310 8631 655 70679 12839 3925 57840 28908 805 8914 2774 400 2374 8557 5612 2945 357 4199 987 965 869 302 1151 28932 28822 110
is_linear=0
shrinkage=0.05


Tree=266
num_leaves=31
num_cat=0
split_feature=5 6 8 1 3 29 4 32 21 28 8 28 2 2 1 24 30 22 14 21 23 19 28 30 2 3 30 28 25 20
split_gain=2.56117 6.68889 6.02196 8.8687 12.1342 9.68781 14.9325 15.263 16.3471 11.6456 7.95123 7.61935 21.4462 8.49908 8.97552 7.16912 14.2706 25.7561 13.6585 7.07732 7.06095 10.5485 7.69989 8.03068 13.1515 13.6649 10.5638 16.1904 10.2458 9.82643
threshold=-1.0665970890843621 -1.7818797742467016 1.1591314645790731 0.45440565529385918 0.68264118188718537 -1.0927946835633973 0.022536566068924086 0.65508919024126289 0.58753482641895716 -1.1087504013736169 0.37187875177909463 1.4294992029063465 0.14485733754864191 -0.86564128511405503 -0.2735326597319519 -0.72078272535503729 -0.47127413252612643 -0.13526040781845766 0.63646586253339554 0.61458895022855531 -1.816669386744747 -1.2118677775161657 -0.74126087829009446 -1.0031712214176347 -1.1170605753523237 0.5067920157090714 -0.84145310191253564 1.5986555605564365 -0.16834133468089943 0.34126193192845639
decision_type=2 2 2 2 2 2 2 2 2 2 2 2 2 2 2 2 2 2 2 2 2 2 2 2 2 2 2 2 2 2
left_child=1 -1 10 4 5 6 7 9 -9 -4 20 13 19 14 -7 16 18 -18 -12 -13 -3 -22 -23 29 25 -25 27 -26 -27 -24
right_child=-2 2 3 -5 -6 11 -8 8 -10 -11 15 12 -14 -15 -16 -17 17 -19 -20 -21 21 22 23 24 26 28 -28 -29 -30 -31
leaf_value=0.0051659281366898385 9.2473252484483496e-05 0.0053693895195953316 -0.0036115806017845151 -0.0043342691730825717 0.026127496856314478 0.0081725230631855758 -0.00076859150039031415 -0.008961269149164763 0.031962909210764522 0.030686366934456862 -0.0013600573485142032 0.0035015847083688894 0.026670642820867802 -0.00276623527329244 0.00045985244417477526 -0.0031609393901977541 -0.0040406609263523409 0.044059898495828365 0.023519181379517827 -0.018630945151658741 -0.0043587760199543446 -0.0017654074865191027 -0.0020052681985718891 0.0042392495040196121 0.0037582915278908755 0.0088525992877930594 0.00010521486677985571 0.027938601382590939 0.03678707394360161 -0.027957992891987939
leaf_weight=535.30716648697853 149274.07720441557 541.10843971371651 29.844298541545868 693.8530792593956 50.267038017511368 459.02840429544449 279.70049178600311 91.585545942187309 33.264787435531616 144.97531181573868 2112.5365819633007 277.42880880832672 105.01789569854736 1644.9913380146027 2116.4652364403009 5311.2304470688105 61.990359723567963 50.504187226295471 56.644774615764618 41.526457279920578 1568.2840247154236 5066.1245149970055 1867.1185334920883 767.03287518024445 681.2032046020031 71.693471342325211 10531.160693705082 77.057670772075653 60.546770036220551 37.199521258473396
leaf_count=480 148998 483 32 754 24 384 284 108 12 56 2170 258 49 1736 2097 5647 67 6 30 57 1705 5245 1942 702 630 59 10509 34 16 58
internal_value=1.83307e-06 -0.000380758 -0.000466008 0.000979806 0.00167892 0.00144366 0.00754012 0.0152952 0.00194246 0.0248312 -0.000764972 0.00068316 0.00707275 4.12865e-05 0.00183448 -0.00215394 0.000190121 0.017554 -0.000710375 0.000620035 -0.000269107 -0.000416305 -9.35918e-05 0.000507389 0.000979164 0.00679844 0.000515622 0.0062156 0.0216425 -0.00251224
internal_weight=184639 35364.7 34829.4 5967.95 5274.1 5223.83 579.37 299.67 124.85 174.82 28861.4 4644.46 423.973 4220.48 2575.49 7592.91 2281.68 112.495 2169.18 318.955 21268.5 20727.4 19159.1 14093 12188.7 899.273 11289.4 758.261 132.24 1904.32
internal_count=184632 35634 35154 5851 5097 5073 492 208 120 88 29303 4581 364 4217 2481 7920 2273 73 2200 315 21383 20900 19195 13950 11950 777 11173 664 75 2000
is_linear=0
shrinkage=0.05


Tree=267
num_leaves=31
num_cat=0
split_feature=11 1 16 11 24 4 22 2 8 4 1 22 24 20 16 2 21 26 10 13 6 8 13 25 28 32 5 15 19 3
split_gain=2.5627 4.69829 4.69092 6.12071 7.35933 6.13341 5.43163 5.12553 5.13169 5.10883 7.07525 4.74491 4.64803 4.64017 5.54527 4.94869 5.04482 7.67292 7.49678 4.74703 5.07121 4.98148 9.81081 9.13792 9.5357 10.9405 11.0007 8.99375 9.15804 7.70647
threshold=2.3541822794167842 1.0239170301975202 1.5939690171062397 -2.7162251586424988 0.64050432988608941 0.20444622957739281 2.2860609903924805 0.062399850876570379 1.3690655213257341 -0.28384032137889503 -0.89307217803663275 0.40968164385683442 0.8116891774489744 1.8412660681006734 1.0000000180025095e-35 1.5449933558407694 2.9117863374795019 0.62262292353253201 1.0472310424099154 0.40951280664409978 -0.37060015890731718 -0.73027504614087524 1.4161345297319154 -1.152034336490662 2.3739746075184076 -0.19176991908943528 1.0731953774504845 0.95708965866638884 -0.063476094246846151 -0.29707893146482905
decision_type=2 2 2 2 2 2 2 2 2 2 2 2 2 2 2 2 2 2 2 2 2 2 2 2 2 2 2 2 2 2
left_child=2 -2 13 4 -4 6 -6 8 11 10 -9 -5 -7 15 -15 19 17 -17 -19 -1 -21 -22 23 -23 -25 -26 -27 29 -29 -24
right_child=1 -3 3 7 5 12 -8 9 -10 -11 -12 -13 -14 14 -16 16 -18 18 -20 20 21 22 27 24 25 26 -28 28 -30 -31
leaf_value=9.7116238920699627e-05 0.0038724821469041252 -0.00017511987807924365 -0.0071010176581885577 -0.025742337961551939 0.0060240471607204199 0.011694931830696064 0.023665538333688674 0.029204579531144022 0.0083506853881445773 -0.0014588998185124102 0.0020863915206599032 -0.0060843227069802518 0.00053927447764637077 0.010820107449156367 0.0013662716034030607 0.00143383396900328 -0.0073594211574674641 0.029882170584482417 0.0024322779672089657 -0.0022406758200316226 0.00018737063345020946 -0.032700761780710227 -0.010112816862463479 -0.00094540936422593579 0.027425821357246832 -0.0022403327622240658 0.016665806319566868 0.012421942969673805 -0.0068917621188065818 -0.034433985948450638
leaf_weight=124565.94752934389 1201.0184514820576 1778.770038485527 210.15387311577797 32.346506118774414 186.46554456651211 101.8142027258873 56.959583342075348 31.25688225030899 58.824497997760773 7196.0341458171606 104.35448691248894 601.77244380116463 1126.146038338542 162.07293158769608 3611.6910211592913 5546.0420705229044 158.64874243736267 47.221793383359909 52.556647270917892 3938.5018839091063 19124.668028205633 22.369806036353111 101.47586366534233 13702.902942821383 55.373000204563141 250.76409977674484 110.99713456630707 73.181005865335464 380.54718685150146 47.966466993093491
leaf_count=124324 1108 1785 240 49 164 78 30 13 49 7406 100 675 1114 127 3513 5387 182 19 50 4115 19053 37 122 13962 25 262 74 55 433 81
internal_value=1.85357e-06 0.00145629 -2.20038e-05 -0.00109143 0.00165144 0.00290153 0.010152 -0.0016662 -0.00577656 -0.00127771 0.00833683 -0.00708708 0.00146423 3.83617e-05 0.00177229 -5.45789e-07 0.00143397 0.00168107 0.0154234 -5.18261e-05 -0.000542537 -0.000345073 -0.00103564 -0.000769293 -0.000718705 0.00672856 0.00356053 -0.00728065 -0.00377669 -0.0179192
internal_weight=184639 2979.79 181659 9706.13 1681.54 1471.39 243.425 8024.59 692.943 7331.65 135.611 634.119 1227.96 171953 3773.76 168179 5804.47 5645.82 99.7784 162375 37808.7 33870.2 14745.6 14142.4 14120 417.134 361.761 603.171 453.728 149.442
internal_count=184632 2893 181739 9918 1626 1386 194 8292 773 7519 113 724 1192 171821 3640 168181 5638 5456 69 162543 38219 34104 15051 14360 14323 361 336 691 488 203
is_linear=0
shrinkage=0.05


Tree=268
num_leaves=31
num_cat=0
split_feature=20 26 29 24 26 19 4 6 20 10 21 21 28 13 30 28 24 24 19 32 25 28 22 29 28 26 19 19 24 24
split_gain=2.62506 6.985 6.30322 8.44033 9.40643 5.85562 6.37595 5.63093 12.3558 6.64862 6.80019 7.52722 11.4753 7.37154 6.18754 5.61631 7.28536 5.86572 5.32952 5.28591 6.70565 8.26422 6.15278 7.41725 8.4195 10.0265 14.4984 18.0005 37.1343 20.8664
threshold=-0.43161789303907983 0.75359949484479094 0.74306771300676644 -1.7108869417655967 -0.4083551137619178 -1.2118677775161657 -2.234318619315244 -1.3515627163517554 -0.52642058092158983 -1.1582013254657186 -0.39981878265874393 -0.48855817584053846 -0.91555524835173119 0.2649520191647734 0.48201506366119995 -0.46583015158930779 1.4303198235738528 1.7148374535626461 -1.0721183389806079 1.0000000180025095e-35 0.28615885460160545 -1.3645190661148141 1.1186655253733437 -1.5703362491332935 -0.27660237622927325 -0.16746920831786694 -0.7536535415964053 -1.1518775986618117 -0.59334254040556211 -0.91269137808084344
decision_type=2 2 2 2 2 2 2 2 2 2 2 2 2 2 2 2 2 2 2 2 2 2 2 2 2 2 2 2 2 2
left_child=1 2 19 4 18 -5 -7 8 -8 -9 11 14 -13 -12 -11 16 -3 -18 -4 -1 22 -22 23 -21 25 -25 27 -27 29 -29
right_child=-2 15 3 5 -6 6 7 9 -10 10 13 12 -14 -15 -16 -17 17 -19 -20 20 21 -23 -24 24 -26 26 -28 28 -30 -31
leaf_value=-0.0011896776545185922 0.00013873928930204334 -0.0082499411276544202 0.010649122024445821 -0.0068664039423327163 0.030282437720984663 0.023309618955773288 -0.00065271365104854599 -0.0074844309674528629 0.026215778253646502 0.0029933642357601199 -0.0052717295825994333 0.039178269659377957 0.0075419768667995685 0.0020018129051159448 -0.011985546581700857 0.0012761966205059394 0.025969397553263586 -0.0044184585393118852 -0.011141046241622718 0.0051084549465982773 0.015325238738830356 0.0020466089164080303 -0.0033105766589259945 -0.00076456955932572537 -0.00049692622495325152 -0.00019652936869780951 6.3918597671044282e-05 0.0090897991344274093 0.0031727247348803007 0.028312995396254471
leaf_weight=13494.908185526729 120885.431191504 668.67020413279533 118.16762977838516 212.779412150383 50.716209203004837 33.720013618469238 106.60830590128899 215.71058124303818 71.475956529378891 1370.019339621067 585.29016973078251 32.342333793640137 252.01361829042435 860.44916473329067 72.597568809986115 315.0410875082016 29.129523515701294 34.914623647928238 36.800155341625214 690.55319830775261 145.63906994462013 599.54049924015999 1480.0064991414547 3889.5237705223262 32721.793646320701 1009.0339048206806 2901.7094637528062 281.10348489880562 1189.4777059704065 283.57996824383736
leaf_count=13816 120550 779 93 242 20 18 108 248 34 1288 647 7 214 826 90 307 14 38 45 620 101 575 1578 3949 33047 1013 2898 230 1114 123
internal_value=1.82694e-06 -0.000257779 -0.000190127 0.00172557 0.0115916 0.00119337 0.00166971 0.00146512 0.0101312 0.00100966 0.00158716 0.00370512 0.0111403 -0.000942793 0.00223957 -0.00430657 -0.00670696 0.009403 0.00547462 -0.000321307 -6.20008e-05 0.00464181 -0.000140863 -3.16813e-05 -0.000115642 0.00119017 0.0025323 0.00512441 0.00818514 0.0187436
internal_weight=184639 63753.3 62705.6 4018.69 205.684 3813.01 3600.23 3566.51 178.084 3388.42 3172.71 1726.97 284.356 1445.74 1442.62 1047.76 732.714 64.0441 154.968 58686.9 45192 745.18 44446.8 42966.8 42276.2 9554.43 5664.9 2763.2 1754.16 564.683
internal_count=184632 64082 62944 3880 158 3722 3480 3462 142 3320 3072 1599 221 1473 1378 1138 831 52 138 59064 45248 676 44572 42994 42374 9327 5378 2480 1467 353
is_linear=0
shrinkage=0.05


Tree=269
num_leaves=31
num_cat=0
split_feature=9 16 21 6 21 32 20 24 14 19 19 8 32 29 23 19 25 29 1 20 8 15 24 29 24 19 19 2 28 6
split_gain=2.59469 4.99508 7.38552 8.79381 7.42396 5.65989 6.17531 7.40451 5.32431 5.30804 7.27045 8.86424 11.5302 8.16634 7.09627 12.8993 8.06696 6.89299 5.43738 5.29172 5.55912 6.59917 5.22732 5.15503 5.98427 4.81136 4.76983 5.21448 6.50438 5.96864
threshold=0.84443611428258647 0.38277560358166712 0.78302559718103526 -0.77266637085189116 0.92411859287054987 -0.11762400060558284 -0.72895789978338821 1.1519316631020109 -0.40595968058930015 -0.69049134137896007 -0.92578096709013025 -1.4650442447541883 0.96989224591152556 -0.020640343780774128 0.13284743859153156 -1.0488260449533215 -0.37267510905851853 -1.5703362491332935 1.9867002109246543 0.39013439514630449 -1.3075937021941926 0.028807823277469859 1.2126973214258379 0.9007674075662353 -0.74572412920101427 1.507096267900224 2.7090795102277379 2.928398773702384 2.3148043502077447 1.2142829990398021
decision_type=2 2 2 2 2 2 2 2 2 2 2 2 2 2 2 2 2 2 2 2 2 2 2 2 2 2 2 2 2 2
left_child=-1 2 5 -4 22 6 -2 8 -8 10 11 12 18 17 16 -16 -13 -12 -7 20 -3 -22 -5 -10 -25 -23 27 -21 29 -29
right_child=1 19 3 4 -6 9 7 -9 23 -11 13 14 -14 -15 15 -17 -18 -19 -20 26 21 25 -24 24 -26 -27 -28 28 -30 -31
leaf_value=-0.00010867206572522739 -0.0024383993782517788 6.2048957499924155e-05 0.031278245343084675 0.018366332105431205 0.00046158669932424342 -0.0021640242022314838 0.01151061317467908 -0.024097923199313486 0.00025023463901977818 0.002213958938897042 0.013064246008526972 0.0023662233312013686 -0.024042279325092272 0.00027941425531200734 0.0015769413613507949 0.03024626859655934 -0.010086811964898853 -0.0074662279695085366 0.018774974772674199 0.00099588417896601176 0.0029184524511169986 -0.0020772464986435822 -0.0041355834367793731 0.029913000921458655 0.0031302864408245391 -0.017605398457277877 -0.0041596915537637467 -0.0042121659067395813 -0.0070095710557025936 0.019527380079536371
leaf_weight=137017.20112779737 2410.4473320245743 13357.576474308968 34.718967318534851 128.02815097570419 294.72078350186348 971.93421678245068 141.59747520089149 26.991310000419617 1056.2863900065422 7153.7627456188202 43.318460166454315 3684.360391035676 60.10079687833786 1203.7267685234547 103.25659185647964 63.279183864593506 134.80495512485504 727.38374307751656 32.025594174861908 8317.6686923205853 699.84955322742462 6163.9203600734472 32.326242238283157 32.359238505363464 58.673283100128174 50.291841417551041 438.5180059671402 34.125181555747986 47.360468298196793 118.13884055614471
leaf_count=137315 2528 13341 13 81 292 1014 109 40 1051 6837 32 3510 89 1197 100 25 162 836 20 8152 659 6420 35 13 55 68 475 37 54 72
internal_value=1.82876e-06 0.000319763 0.000965262 0.00702276 0.00517224 0.000799552 -0.000934492 0.00182033 0.00236309 0.00125531 0.00027897 0.00128483 -0.00276955 -0.0022936 0.00236723 0.0124705 0.00192667 -0.00631228 -0.00149609 -8.64779e-05 -0.000533656 -0.00168453 0.0138301 0.00123413 0.0126507 -0.00220292 0.000925718 0.00118754 0.00917335 0.0142069
internal_weight=184639 47621.6 18394.1 489.794 455.075 17904.3 3726.36 1315.91 1288.92 14178 7024.19 5049.76 1064.06 1974.43 3985.7 166.536 3819.17 770.702 1003.96 29227.4 20271.6 6914.06 160.354 1147.32 91.0325 6214.21 8955.81 8517.29 199.624 152.264
internal_count=184632 47317 18039 421 408 17618 3796 1268 1228 13822 6985 4920 1123 2065 3797 125 3672 868 1034 29278 20488 7147 116 1119 68 6488 8790 8315 163 109
is_linear=0
shrinkage=0.05


Tree=270
num_leaves=31
num_cat=0
split_feature=13 25 32 8 22 3 20 8 1 29 10 3 32 1 19 29 25 26 22 22 10 25 24 19 20 3 28 11 12 28
split_gain=2.55787 5.91168 5.2742 4.77954 4.78077 5.13765 4.73899 4.33462 7.35491 6.30393 6.11279 5.53298 6.61767 5.35129 6.07642 5.14843 8.14445 8.23948 4.92714 4.90779 4.78581 4.50263 8.38943 7.13743 9.45349 6.09925 4.87036 4.58184 4.57971 4.54735
threshold=-1.2676995906763662 -1.6604035172199014 0.96989224591152556 1.5265160638857298 -0.40343758765088544 0.4014453344434934 -1.8385492631823444 -0.20543990427422296 -0.089557893732487764 -0.49150319207152959 -0.74122466166997747 -0.16932599046296107 1.1847545372590151 0.13985098618026534 -2.30556567616649 -0.36534491632821003 -0.86342512490176837 0.062660829477287752 -1.0227593275443005 -2.0051752988947658 -1.2099439627820228 -1.6190724903578471 -1.0677976800400539 -0.82007535346306248 -0.84865421175078348 0.10706796556709822 2.1968823071068675 -0.030880915555652259 -0.3116031313554059 -0.75335346796978497
decision_type=2 2 2 2 2 2 2 2 2 2 2 2 2 2 2 2 2 2 2 2 2 2 2 2 2 2 2 2 2 2
left_child=7 2 3 -2 5 -5 -4 9 15 -1 11 12 -10 -11 -15 16 18 20 -9 -13 -18 -17 26 27 -25 -26 28 -24 -23 -29
right_child=1 -3 6 4 -6 -7 -8 8 10 13 -12 19 -14 14 -16 21 17 -19 -20 -21 -22 22 23 24 25 -27 -28 29 -30 -31
leaf_value=0.018506754472102607 -0.0023138110819269798 -2.3668174530984762e-05 -0.019605346085692418 -0.014208865165703535 0.027525047286725293 0.018127671410423967 -0.0045533873280057978 0.0065667116297732937 0.0034257857152440799 -0.00027337839801215721 -0.022382318569236937 -0.0079849526659658589 0.02853647807490365 0.018688779400097402 0.0038314418195498664 0.0045197872037603497 0.023353099792054459 0.0032650070669405181 -0.0071955151223059861 -0.00049846518763184714 0.0054162457725139088 0.0024343432495628854 0.0032663217578681757 -0.010787348587550474 0.0011359872979878891 0.022928658857510779 0.023128446442185334 -0.0037269224782769516 -0.0040923634458090346 0.013183459549447963
leaf_weight=61.918038845062256 1839.8583079278469 165482.66652893089 80.453590199351311 25.697386205196381 26.696385622024536 23.531383335590363 149.39493957161903 124.32860171794891 427.27505506575108 976.66004520654678 31.775716051459312 224.19609534740448 27.95440661907196 75.052967190742493 828.48591130971909 853.11826014518738 133.22375059127808 177.59711635112762 136.37432867288589 9288.4011040367186 51.588298201560974 347.94011321663857 580.95148995518684 173.5558505654335 937.29510635137558 33.245489001274109 18.607037365436554 46.531606018543243 1181.3127750456333 272.97513195872307
leaf_count=39 1925 165561 112 33 12 15 163 108 398 982 46 260 12 47 765 776 71 166 156 9381 46 331 543 211 916 18 10 50 1278 201
internal_value=1.80429e-06 -5.74788e-05 -0.00266514 -0.00180648 0.0104874 0.00124802 -0.00982201 0.000586008 0.000299462 0.00280923 -0.000487007 -0.000417209 0.00496777 0.00229228 0.00506557 0.00185104 0.00610742 0.0109557 -0.000632342 -0.000674909 0.0183462 0.00125444 0.00047899 0.00258136 -3.94876e-05 0.00188249 -0.00229801 0.00591134 -0.00260739 0.0107207
internal_weight=184639 167628 2145.63 1915.78 75.9252 49.2288 229.849 17010.4 15068.2 1942.12 9999.6 9967.83 455.229 1880.2 903.539 5068.64 623.112 362.409 260.703 9512.6 184.812 4445.53 3592.41 2044.55 1144.1 970.541 1547.86 900.458 1529.25 319.507
internal_count=184632 167821 2260 1985 60 48 275 16811 14978 1833 10097 10051 410 1794 812 4881 547 283 264 9641 117 4334 3558 1939 1145 934 1619 794 1609 251
is_linear=0
shrinkage=0.05


Tree=271
num_leaves=31
num_cat=0
split_feature=16 14 30 11 4 22 9 20 13 16 2 17 20 24 21 4 29 30 32 21 25 21 24 23 21 29 20 2 32 32
split_gain=2.51392 6.43797 5.67083 4.73243 7.10513 5.27326 4.39447 8.01967 5.9976 6.79059 5.24976 6.35429 11.219 8.15978 6.48716 5.68584 5.3695 5.41432 11.0771 5.89899 5.46461 5.13932 7.10364 5.0909 6.19404 5.42886 5.08184 4.91224 6.65524 6.61898
threshold=1.3188357054830815 -0.44497272989191133 0.36774252420158499 -2.7162251586424988 0.20444622957739281 2.2860609903924805 0.68698664471695126 1.0823729394910406 1.3376257673268102 0.67298691192425808 1.2061163915173705 0.090426881635512699 -1.1071965579980656 0.25802886727400259 0.23816085997899503 1.5279932135198764 0.94140676608652807 -0.63753173373126004 -0.31723102253118479 -0.5320840307890401 2.2999326429657168 -0.41989565060306738 0.40896907206596084 1.044674136590807 0.77255603136999473 1.2930371222186861 0.30649889658172363 -0.062940500532305113 -0.23782504799384538 0.47276867783008941
decision_type=2 2 2 2 2 2 2 2 2 2 2 2 2 2 2 2 2 2 2 2 2 2 2 2 2 2 2 2 2 2
left_child=6 -2 -3 4 5 -4 8 10 -1 26 11 12 13 14 -8 16 -13 18 -18 -19 27 -15 -23 24 -14 -25 -10 28 -21 -30
right_child=1 2 3 -5 -6 -7 7 -9 9 -11 -12 15 23 21 -16 -17 17 19 -20 20 -22 22 -24 25 -26 -27 -28 -29 29 -31
leaf_value=-6.0002576061873766e-05 0.017070849200082876 -0.0025294695637300365 0.0061732165229603977 -0.00052680101421945745 0.00086984976519309933 0.023520587191136075 -0.00029880653098192427 0.0054268868710485004 -0.026785386171929285 -0.0016128143644655727 0.0016543057061863481 -0.00073497663903930198 0.0023325759599451962 -0.020430472137062242 0.017008019254430583 0.026729346536482342 0.026764780886879599 -0.019770987328967597 0.0034980560479165122 -0.002059235779019529 0.017186718256586905 -0.012628880420321693 0.022928973109178595 -0.014952415504815332 0.013673561311969321 0.012256878508983495 -0.0077960149466254737 -0.0011999190257570981 0.0081335997628927299 -0.0015235745945247504
leaf_weight=120880.93664828502 51.625988975167274 3170.6012138873339 219.04413862526417 12983.208651259542 1469.5660353600979 54.759522914886475 7143.3106423467398 806.54003047943115 42.325762182474136 828.28267624974251 6968.5626603066921 18738.552052035928 7008.9795450568199 81.64079861342907 54.558712929487228 19.337659955024719 58.10145303606987 35.114882260560989 427.93909844756126 454.29018726944923 50.284516036510468 45.506162256002426 20.316924810409546 79.288814157247543 122.50030955672264 23.845404475927353 210.2221067994833 1714.846461802721 626.99443677067757 247.45953842997551
leaf_count=121026 34 3331 192 13120 1444 29 7186 719 65 855 6738 19014 6682 115 36 9 27 49 398 473 33 57 11 103 89 18 243 1756 525 255
internal_value=1.77185e-06 -0.000560468 -0.000611327 -0.000198354 0.00224765 0.00964261 6.23126e-05 0.00048624 -9.31574e-05 -0.00380122 0.000395513 0.000158131 0.00097033 -0.000406154 -0.000167624 -0.000371162 -0.000394607 0.00136971 0.00627937 0.000607065 0.000838352 -0.0120491 -0.00165361 0.00236788 0.00252738 -0.00866142 -0.0109785 0.000568254 0.00285022 0.00540074
internal_weight=184639 17948.8 17897.2 14726.6 1743.37 273.804 166690 44728 121962 1080.83 43921.4 36952.9 14579.9 7345.33 7197.87 22372.9 22353.6 3615.03 486.041 3128.99 3093.88 147.464 65.8231 7234.61 7131.48 103.134 252.548 3043.59 1328.74 874.454
internal_count=184632 18150 18116 14785 1665 221 166482 44293 122189 1163 43574 36836 14297 7405 7222 22539 22530 3516 425 3091 3042 183 68 6892 6771 121 308 3009 1253 780
is_linear=0
shrinkage=0.05


Tree=272
num_leaves=31
num_cat=0
split_feature=20 26 29 24 26 26 20 19 19 36 25 29 22 8 2 20 6 8 19 21 25 10 19 21 30 21 28 21 24 19
split_gain=2.51666 6.14737 5.62676 7.78707 8.9033 5.45214 7.13241 9.46763 9.04912 8.34381 6.64455 5.65949 5.56267 5.536 6.94223 16.3851 9.4203 6.19438 6.48519 9.48492 5.75583 5.50083 5.13687 5.10016 8.79433 5.56392 5.37447 4.95679 9.94414 17.5722
threshold=-0.43161789303907983 0.75359949484479094 0.74306771300676644 -1.7108869417655967 -0.4083551137619178 0.41028708377277329 -1.0909823164814307 -0.3843892872783426 -0.7536535415964053 1.0000000180025095e-35 1.1373248797226674 0.98012570899449181 0.032531843204323792 1.316582007139069 -1.1520681045333652 -0.50649223133838561 -1.0785907889269544 -0.94020910288753601 -0.63909651596425865 -0.21599095321899128 -0.43136321365738622 -0.36028521039261202 -0.85183885787171088 0.5209213086733232 0.96339753039031528 1.3177017407850775 -1.6332444674722202 -0.41344860885209905 -1.2614821103661398 -0.85183885787171088
decision_type=2 2 2 2 2 2 2 2 2 2 2 2 2 2 2 2 2 2 2 2 2 2 2 2 2 2 2 2 2 2
left_child=1 2 -1 4 -4 13 12 8 22 11 -9 -10 -7 14 15 20 -17 -16 -19 -20 -5 -22 -8 24 26 -25 -3 -2 29 -29
right_child=27 23 3 5 -6 6 7 10 9 -11 -12 -13 -14 -15 17 16 -18 18 19 -21 21 -23 -24 25 -26 -27 -28 28 -30 -31
leaf_value=-0.00031260307025164294 0.00079413881238105566 -0.026786770310237729 0.0052459310494134869 0.0044432102587913316 0.029674841548123162 -0.020708036296150714 0.015720326781099761 -0.017142101944657789 0.029446835960434625 -0.0020946233741633053 0.0057261154193335995 0.0091273315680486088 0.0073846915083127726 -0.010341375682688086 0.0016519994905831925 0.037199804223084512 0.006527573413886982 -0.0074807702779632352 0.0048563716607753398 -0.0096521296848065888 -0.020447290589348924 0.013112684113196861 -0.0055395687835028016 0.011542900045280356 -0.015067315048537443 -0.014160441054101972 -0.0021279112777855265 0.027878964834392728 -5.6692664999209702e-05 0.0028473216938080053
leaf_weight=58697.022606000304 23123.261593222618 22.790384292602539 154.17592565715313 274.3828107714653 49.200107932090759 41.720858693122864 43.7577103972435 52.128246068954468 121.63577285408974 38.391677886247635 81.312042951583862 47.709142565727234 30.505469799041748 116.83525432646275 1689.8320353925228 58.592855215072632 43.705865055322647 483.64000388979912 375.46826902031898 160.93306440114975 48.972784757614136 16.265754222869873 81.023315072059631 92.310652673244476 184.42439180612564 27.275373697280884 726.09853529930115 83.630806416273117 97237.746647417545 433.69752791523933
leaf_count=59064 22756 35 138 250 20 59 30 70 50 40 72 39 26 141 1634 15 38 556 339 192 69 12 90 71 240 35 757 37 97348 409
internal_value=1.74598e-06 -0.000252422 -0.000188805 0.00162323 0.0111557 0.00111396 0.00577723 0.00804342 0.0125584 0.0189511 -0.00320732 0.0237223 -0.00884281 0.00034615 0.00074233 0.00655323 0.0240955 -0.000205298 -0.00328215 0.000503479 0.00126926 -0.0120799 0.00191577 -0.00404125 -0.0052869 0.00568044 -0.00287834 0.000135813 -1.99095e-05 0.00689391
internal_weight=184638 63760.1 62707.2 4010.19 203.376 3806.81 538.184 465.958 332.518 207.737 133.44 169.345 72.2263 3268.63 3151.79 441.92 102.299 2709.87 1020.04 536.401 339.621 65.2385 124.781 1052.9 933.313 119.586 748.889 120878 97755.1 517.328
internal_count=184632 64082 62944 3880 158 3722 476 391 249 129 142 89 85 3246 3105 384 53 2721 1087 531 331 81 120 1138 1032 106 792 120550 97794 446
is_linear=0
shrinkage=0.05


Tree=273
num_leaves=31
num_cat=0
split_feature=9 1 8 19 28 2 5 32 10 8 19 19 11 25 4 32 29 21 4 5 24 18 26 29 26 7 10 30 3 24
split_gain=2.53296 4.44552 8.13688 7.49207 6.47353 7.74782 6.13609 8.87841 7.5077 6.95736 6.09888 7.93483 5.8644 5.68595 6.85578 5.46285 5.05198 5.32651 4.73449 4.61872 5.1947 4.59701 4.51413 4.46011 4.43038 6.58287 5.3997 4.64482 4.41182 4.3812
threshold=1.1593350534138571 0.20132780677557571 -1.5175277589408536 -1.0904644283575222 0.4173868875792533 0.81068807900290818 0.35993122193886878 1.0057691841126928 0.77669774340702913 -1.3075937021941926 -1.0294114991276377 -1.0488260449533215 0.43267110812428705 2.2126518039712764 0.71725843005813006 -0.34667144738103745 0.80845456036230434 1.3177017407850775 -1.1454495502307414 1.0731953774504845 0.38678428822825545 1.4714965665706108 -0.47795403391327457 0.7585612515832385 -0.82391087539839514 0.07204129138879109 -0.50438728152113599 -0.9225389840716357 0.21630904243218105 0.38678428822825545
decision_type=2 2 2 2 2 2 2 2 2 2 2 2 2 2 2 2 2 2 2 2 2 2 2 2 2 2 2 2 2 2
left_child=-1 2 3 -2 10 29 13 9 -9 16 11 24 -4 14 -7 -12 22 -18 -5 -20 23 -17 -8 -21 25 -3 27 -26 -14 -6
right_child=1 4 12 18 5 6 7 8 -10 -11 15 -13 28 -15 -16 21 17 -19 19 20 -22 -23 -24 -25 26 -27 -28 -29 -30 -31
leaf_value=-8.1242159031953438e-05 -0.0053347887116590512 0.021323145458681227 0.0012223813281950608 0.026461364975562514 -0.0021124763619905381 0.0065996549242950849 0.0049273006065117843 0.031685225642987189 0.005674963141372516 -0.0046840816912608356 0.00014361514131186928 0.021132161411801218 0.0030783809396795411 0.015012624017441457 -0.0018265094486885798 -0.0021521740423316098 -0.0087544965495832423 0.0188544675885172 -0.0007218446751817262 0.0011142124599254394 0.0072590153775732458 -0.0072588108848111029 0.013745265697494442 -0.017282371139265687 0.0017565432585628573 -0.0016877468697636408 -0.0019264783857641816 0.017816795998987073 0.0091252914323448533 0.0041122249714383753
leaf_weight=153769.14922381565 718.35460034012794 64.511956870555878 9299.3469619452953 16.993338465690613 1892.0613068938255 300.68885290622711 1005.042978823185 54.600726962089539 56.401532351970673 207.5558308660984 2665.6565753370523 53.692969411611557 1553.6548266112804 64.308908671140671 1224.2769320905209 4067.9032826721668 107.22583550214767 20.8697669506073 4141.2137372493744 580.94594413042068 424.65095639228821 494.24707812070847 169.63301771879196 34.927425503730774 126.44201737642288 59.975529819726944 687.51051649451256 69.912242949008942 374.31459653377533 332.33252257108688
leaf_count=154019 795 37 9072 8 1972 261 906 20 50 227 2658 31 1458 45 1269 4243 126 13 4201 568 363 566 123 47 122 62 714 45 306 305
internal_value=1.73366e-06 0.000415061 0.000951921 -0.00054853 -0.000255557 0.00108554 0.00265689 0.00482103 0.0184691 0.00381796 -0.00113481 0.00240316 0.0017427 0.000449095 -0.00016506 -0.00165467 0.0051725 -0.00425635 0.000112829 2.64203e-05 0.00300446 -0.00270541 0.00620069 7.0905e-05 0.00140587 0.010237 0.00016206 0.00747482 0.00425239 -0.00118248
internal_weight=184638 30869.3 17144.4 5917.09 13724.9 5435 3210.6 1621.33 111.002 1510.33 8289.85 1062.05 11227.3 1589.27 1524.97 7227.81 1302.77 128.096 5198.73 5181.74 1040.52 4562.15 1174.68 615.873 1008.35 124.487 883.865 196.354 1927.97 2224.39
internal_count=184632 30613 16818 5982 13795 5317 3040 1465 70 1395 8478 1011 10836 1575 1530 7467 1168 139 5187 5179 978 4809 1029 615 980 99 881 167 1764 2277
is_linear=0
shrinkage=0.05


Tree=274
num_leaves=31
num_cat=0
split_feature=22 6 29 28 20 22 20 20 26 5 24 32 22 6 23 24 19 32 14 32 21 4 17 13 28 4 4 20 21 25
split_gain=2.54358 5.91449 9.07026 10.2266 12.4536 10.7475 11.5952 10.243 9.75704 14.8859 23.1864 28.4389 17.3313 9.69279 9.6896 9.49081 9.07192 9.00979 8.64277 16.2409 8.30598 8.27148 7.93828 7.57851 7.84513 10.2567 7.71153 7.43861 7.38735 7.31031
threshold=-1.2002588414328701 -0.40205020097638683 0.099649930875583242 -0.38822604220946505 -0.23761744076132921 -0.29844955778076843 -0.69450786453480229 0.16088627972012901 -0.16746920831786694 0.35993122193886878 -0.59334254040556211 0.016883967637544895 -0.29844955778076843 -0.77266637085189116 -1.2622425937172534 -0.39176302506277055 -1.0129972357562382 0.60541999018685011 -1.0662850923196183 -0.6297448291919564 -0.82715424727528697 -1.0666887740308824 -1.7784940222307719 -1.0925421525818464 -0.16010352991260154 -1.3185364971417692 -0.010094044395226777 -0.44069593415041214 1.0876804326403777 0.71886251658215061
decision_type=2 2 2 2 2 2 2 2 2 2 2 2 2 2 2 2 2 2 2 2 2 2 2 2 2 2 2 2 2 2
left_child=-1 2 3 4 8 6 23 18 14 10 11 -10 -13 22 20 -12 -14 -9 19 -6 -2 -22 -4 24 -5 -26 -25 -16 -15 -30
right_child=1 -3 13 5 7 -7 -8 17 9 -11 15 12 16 28 27 -17 -18 -19 -20 -21 21 -23 -24 26 25 -27 -28 -29 29 -31
leaf_value=0.00050663101414756898 -0.00059261292590321397 0.00013843942718317809 0.0020863491907711228 -0.0044389532410539804 0.026105319857668625 -0.0023031151980537779 0.0010482402531790862 0.0014522943847797506 0.0046282074872757524 -0.00062071316123744414 -0.0053075950175659166 0.011452714021477337 0.011754996983518791 -0.00011746059569470872 -0.0035558260429430426 0.005733038487027867 0.033918555556282981 0.024010334713174531 -0.0066842765803071308 -0.0025075305635978407 0.036790512118471973 0.0060194443990739567 -0.002864100434796262 -0.0066123395858371714 -0.0069331474521052566 0.0032923157179525347 -0.001492170177833799 0.0056805952338484398 -8.5098455043951024e-05 -0.021584576862880917
leaf_weight=21973.650654911995 76.098065793514252 111257.04723200575 888.05589519441128 655.78042668104172 60.682962894439697 5839.0403497666121 12152.780676692724 1071.1113790273666 624.83755791187286 792.1658441722393 348.05346430838108 280.17536747455597 58.831215411424637 10721.812191486359 959.74618792533875 441.63862419128418 214.53296557068825 46.172198832035065 923.53652709722519 271.38964337110519 45.421896278858185 42.064043819904327 9189.6011804491282 1129.6123863458633 285.42247635126114 1741.6834373027086 2107.1164741329849 282.04349943995476 77.867471963167191 80.3245649933815
leaf_count=21751 77 110949 851 714 29 6108 11898 1040 567 802 385 216 45 10747 1028 391 69 24 1047 285 12 37 9716 1279 325 1627 2170 250 78 115
internal_value=1.70519e-06 -6.6503e-05 -0.000510042 4.09486e-05 0.00179324 -0.000438208 0.000164328 -0.00109797 0.00344018 0.00516686 0.00749641 0.0119392 0.0201918 -0.00131059 4.8873e-05 0.000866926 0.0291487 0.00238451 -0.0041968 0.00272118 0.0114877 0.0219955 -0.00242786 -0.00165032 0.000314705 0.00185254 -0.0032791 -0.00145799 -0.000275716 -0.0110018
internal_weight=184638 162665 51407.6 30449.9 6538.5 23911.4 18072.4 2372.89 4165.61 2760.24 1968.07 1178.38 553.54 20957.7 1405.37 789.692 273.364 1117.28 1255.61 332.073 163.584 87.4859 10077.7 5919.62 2682.89 2027.11 3236.73 1241.79 10880 158.192
internal_count=184632 162881 51932 30425 6304 24121 18013 2425 3879 2475 1673 897 330 21507 1404 776 114 1064 1361 314 126 49 10567 6115 2666 1952 3449 1278 10940 193
is_linear=0
shrinkage=0.05


end of trees

feature_importances:
Column_20=649
Column_29=572
Column_10=484
Column_8=482
Column_21=462
Column_19=411
Column_9=371
Column_28=356
Column_32=351
Column_2=339
Column_4=329
Column_25=319
Column_5=297
Column_24=290
Column_1=280
Column_26=224
Column_22=192
Column_3=190
Column_13=189
Column_16=182
Column_6=179
Column_23=167
Column_11=159
Column_14=135
Column_30=128
Column_12=107
Column_15=102
Column_27=93
Column_18=83
Column_17=56
Column_7=31
Column_38=13
Column_37=11
Column_35=8
Column_31=6
Column_36=3

parameters:
[boosting: gbdt]
[objective: custom]
[metric: custom]
[tree_learner: serial]
[device_type: cpu]
[data_sample_strategy: bagging]
[data: ]
[valid: ]
[num_iterations: 275]
[learning_rate: 0.05]
[num_leaves: 31]
[num_threads: 0]
[seed: 20260818]
[deterministic: 1]
[force_col_wise: 0]
[force_row_wise: 1]
[histogram_pool_size: -1]
[max_depth: -1]
[min_data_in_leaf: 20]
[min_sum_hessian_in_leaf: 0.001]
[bagging_fraction: 1]
[pos_bagging_fraction: 1]
[neg_bagging_fraction: 1]
[bagging_freq: 0]
[bagging_seed: 5611]
[bagging_by_query: 0]
[feature_fraction: 1]
[feature_fraction_bynode: 1]
[feature_fraction_seed: 31734]
[extra_trees: 0]
[extra_seed: 414]
[early_stopping_round: 0]
[early_stopping_min_delta: 0]
[first_metric_only: 0]
[max_delta_step: 0]
[lambda_l1: 0]
[lambda_l2: 0]
[linear_lambda: 0]
[min_gain_to_split: 0]
[drop_rate: 0.1]
[max_drop: 50]
[skip_drop: 0.5]
[xgboost_dart_mode: 0]
[uniform_drop: 0]
[drop_seed: 2883]
[top_rate: 0.2]
[other_rate: 0.1]
[min_data_per_group: 100]
[max_cat_threshold: 32]
[cat_l2: 10]
[cat_smooth: 10]
[max_cat_to_onehot: 4]
[top_k: 20]
[monotone_constraints: ]
[monotone_constraints_method: basic]
[monotone_penalty: 0]
[feature_contri: ]
[forcedsplits_filename: ]
[refit_decay_rate: 0.9]
[cegb_tradeoff: 1]
[cegb_penalty_split: 0]
[cegb_penalty_feature_lazy: ]
[cegb_penalty_feature_coupled: ]
[path_smooth: 0]
[interaction_constraints: ]
[verbosity: -1]
[saved_feature_importance_type: 0]
[use_quantized_grad: 0]
[num_grad_quant_bins: 4]
[quant_train_renew_leaf: 0]
[stochastic_rounding: 1]
[linear_tree: 0]
[max_bin: 255]
[max_bin_by_feature: ]
[min_data_in_bin: 3]
[bin_construct_sample_cnt: 200000]
[data_random_seed: 4752]
[is_enable_sparse: 1]
[enable_bundle: 1]
[use_missing: 1]
[zero_as_missing: 0]
[feature_pre_filter: 1]
[pre_partition: 0]
[two_round: 0]
[header: 0]
[label_column: ]
[weight_column: ]
[group_column: ]
[ignore_column: ]
[categorical_feature: ]
[forcedbins_filename: ]
[precise_float_parser: 0]
[parser_config_file: ]
[objective_seed: 2779]
[num_class: 1]
[is_unbalance: 0]
[scale_pos_weight: 1]
[sigmoid: 1]
[boost_from_average: 1]
[reg_sqrt: 0]
[alpha: 0.9]
[fair_c: 1]
[poisson_max_delta_step: 0.7]
[tweedie_variance_power: 1.5]
[lambdarank_truncation_level: 30]
[lambdarank_norm: 1]
[label_gain: ]
[lambdarank_position_bias_regularization: 0]
[eval_at: ]
[multi_error_top_k: 1]
[auc_mu_weights: ]
[num_machines: 1]
[local_listen_port: 12400]
[time_out: 120]
[machine_list_filename: ]
[machines: ]
[gpu_platform_id: -1]
[gpu_device_id: -1]
[gpu_device_id_list: ]
[gpu_use_dp: 0]
[num_gpu: 1]

end of parameters

pandas_categorical:null
