session_date,forecast__log_ridge_harq__B0,loss__log_ridge_harq__B0,forecast__log_ridge_harq__B1,loss__log_ridge_harq__B1,forecast__log_ridge_harq__B2,loss__log_ridge_harq__B2,forecast__lightgbm_qlike__B0,loss__lightgbm_qlike__B0,forecast__lightgbm_qlike__B1,loss__lightgbm_qlike__B1,forecast__lightgbm_qlike__B2,loss__lightgbm_qlike__B2,actual
2024-10-28,1.0170454851893915e-05,0.08690159329425488,9.630571738551796e-06,0.09878054576159633,1.0253526113391124e-05,0.09497765046613262,9.80941719713566e-06,0.09147618648585128,1.1036843058943009e-05,0.13916617538191117,1.1068380165227162e-05,0.1341312083496868,9.263764932669404e-06
2024-10-29,8.566347791027281e-06,0.07570554530808138,8.60572027387084e-06,0.09292984241602446,9.035169908099032e-06,0.08950725608265775,8.768897651054523e-06,0.08538728764027559,8.743428700209274e-06,0.09118766820799912,8.82406461355588e-06,0.09406281552397222,8.747729955858345e-06
2024-10-30,1.097038519050371e-05,0.14810783179123396,1.161409722322268e-05,0.15516168240559455,1.1795238185962578e-05,0.1464234441600019,1.0658029568923013e-05,0.1489381586702161,1.086439651167484e-05,0.1599489252097104,1.1138041566262696e-05,0.16490132192495538,1.0787520757461172e-05
2024-10-31,1.8485318707447633e-05,0.08289572639819899,1.8446751308640568e-05,0.08330913545481533,1.813543128925101e-05,0.08445279098176321,1.6164629070507064e-05,0.08642764242834326,1.680512499694559e-05,0.08224184799442401,1.6781451768962152e-05,0.08103353550537774,1.697469671427e-05
2024-11-01,1.6516584057531498e-05,0.07837769718055189,1.383549299749396e-05,0.07844132028945772,1.3618497803524677e-05,0.07715419760666327,1.5042024060020377e-05,0.06935323528191108,1.3400484958725876e-05,0.07167491102104057,1.3692193287174635e-05,0.0708508509494839,1.4755165663755705e-05
2024-11-04,1.1982680818869544e-05,0.0897334903074768,1.1293658019233755e-05,0.08425013232083689,1.1120980077125958e-05,0.08375497472186526,1.1541022800032041e-05,0.09100432958759043,1.180354719419839e-05,0.09321160485175306,1.111137657150746e-05,0.08821415461218855,1.1223898745333844e-05
2024-11-05,9.21296948478809e-06,0.0796220288382006,9.17575937410295e-06,0.07586787174125062,9.051871576686264e-06,0.07263809220199693,9.07365023925396e-06,0.08309838657705647,9.317581630569976e-06,0.08806559942969416,9.568443771658669e-06,0.08802484280632089,8.009038270878388e-06
2024-11-06,1.8513801495050596e-05,0.10530256695115657,1.920898182835208e-05,0.10747070133394672,1.8477687759444698e-05,0.10336388489239494,1.5461144441854006e-05,0.10945422524658406,1.5934418470362556e-05,0.09816074750443125,1.513912519690725e-05,0.09544317973282072,1.5020666053838904e-05
2024-11-07,1.2225307903324321e-05,0.08925394965349263,1.2617462574842095e-05,0.08734964618999502,1.2327230934599898e-05,0.08577415410499685,1.202564285606996e-05,0.09589856631621717,1.1944460348244421e-05,0.08712410206686362,1.2574762930906005e-05,0.08872242568329923,1.1066497796448899e-05
2024-11-08,1.4674014395218315e-05,0.14055822059359757,1.4622668835410202e-05,0.12901022598362458,1.4595070240675242e-05,0.12123675144682895,1.4246510252299708e-05,0.14409313323581954,1.4293019121066379e-05,0.14066137801849912,1.4509115864575177e-05,0.1240074812858985,2.205064030447887e-05
2024-11-11,2.7304232085714245e-05,0.14228777810645346,3.172850034299939e-05,0.12527117225577236,2.8659270006544356e-05,0.12737325237050465,2.245690948917507e-05,0.14971846482132498,2.205471453015099e-05,0.14465150433034413,2.1599969827950083e-05,0.14392608637772472,3.430320049865374e-05
2024-11-12,2.1889588767497345e-05,0.10401184470466607,2.3479232180595496e-05,0.10568848222455673,2.277287586894551e-05,0.10222081443341408,2.2402368715187468e-05,0.12037428696151314,2.229446759858625e-05,0.1252333167057981,2.238229386927711e-05,0.12364247370389758,2.533341667147701e-05
2024-11-13,2.1093998447537145e-05,0.06671475428884313,2.3994735298065468e-05,0.0695219838276301,2.3422506186380575e-05,0.06664919271184151,1.985797452535672e-05,0.08995610009591758,1.9735845331350302e-05,0.08639039670090966,1.9066517705274046e-05,0.09139518404824738,2.2944693496709307e-05
2024-11-14,1.9818762867433617e-05,0.7854547701672151,2.1055629732372484e-05,0.8406763001396295,2.082815559180624e-05,0.7502839253990129,1.94759221266459e-05,0.7971694296062322,2.0057462448788384e-05,0.7667286607097363,2.0167088989937552e-05,0.7785270285003557,2.4882929838217965e-05
2024-11-15,2.4001354592795677e-05,0.12807653098478097,2.4452084424565238e-05,0.1397078549928019,2.446377361284146e-05,0.15055681452820235,2.0888156162626715e-05,0.14071303927202114,2.2095821588657575e-05,0.1375181430149778,2.0056249247026886e-05,0.14882197503747407,2.4765028802992964e-05
2024-11-18,1.7010451687485508e-05,0.09431670491917399,1.8168412539775544e-05,0.08981973491216455,1.821286413555496e-05,0.09187653548559242,1.740026828910299e-05,0.08566998612903702,1.7246863277029716e-05,0.09014896287137503,1.7358540827592117e-05,0.09156870433959026,1.5687425490335e-05
2024-11-19,1.4195180559875554e-05,0.08226089852921499,1.552758219571209e-05,0.08740566909898141,1.5324955406253454e-05,0.08767418221230609,1.2865071658034773e-05,0.07720748480457618,1.4010913799785552e-05,0.07657215083553569,1.351541647167828e-05,0.07805754614571356,1.2469963269582508e-05
2024-11-20,1.4701607163281178e-05,0.08071751740967724,1.6275136079225866e-05,0.08164932046630681,1.6268760742525104e-05,0.07822117060466358,1.4640597079847604e-05,0.08343497765985418,1.5236248618840204e-05,0.08318745914238135,1.542341482652123e-05,0.08395215346122757,1.5187027565462564e-05
2024-11-21,2.759268566621685e-05,0.09973848784309446,2.9236443414156876e-05,0.10196473838879339,2.8663062638373797e-05,0.10223476832653063,2.3838807550889963e-05,0.12076362960233424,2.341223868581059e-05,0.1263105014091866,2.2827711760200854e-05,0.11796169316262672,2.7367635820429185e-05
2024-11-22,1.881603863238977e-05,0.12048965230740889,1.915898662226727e-05,0.11001747249254434,1.9417208291859374e-05,0.11760712353925672,1.7002693723849383e-05,0.09697737443622834,1.6032977823713196e-05,0.09925359832982876,1.6150387693757973e-05,0.1003584953751885,1.770838050234051e-05
2024-11-25,1.8697469233434867e-05,0.1850874076194231,1.824022164009144e-05,0.18974334288532027,1.811850188631508e-05,0.19557355148913444,1.7154552656316946e-05,0.16329278429046007,1.6240558080577e-05,0.15633689444768736,1.67081196934782e-05,0.15754125522221613,1.6683812121887337e-05
2024-11-26,1.653199198295319e-05,0.10021070218741397,1.4653448482887096e-05,0.1015974081620943,1.6116884178596644e-05,0.09724481909675588,1.4460370826192306e-05,0.0930950390623711,1.3914805404034077e-05,0.09505770837287499,1.3864188238555e-05,0.096510595663387,1.286857128922275e-05
2024-11-27,1.4186136392697337e-05,0.09192650640413752,1.4044363107560461e-05,0.10351150380581742,1.4774630915896092e-05,0.08946233544892605,1.4889697673718267e-05,0.11041631101653926,1.3772013713102658e-05,0.1017164503798726,1.3675775458886132e-05,0.1011477512860983,1.507563702936006e-05
2024-11-29,1.153689270254953e-05,0.07018244208642206,1.130373420238671e-05,0.05731502694631324,5.9498994415690685e-06,0.2480964120211093,1.1301299994722583e-05,0.07347591825441628,1.1840027158869285e-05,0.07341078494670225,1.1449027611717834e-05,0.07525470539469205,9.907159728951711e-06
2024-12-02,1.0762425301104177e-05,0.08488190494864174,1.0657211216334167e-05,0.0926228747084445,1.0998766482702192e-05,0.08307899878593024,1.0106195910772681e-05,0.09131953938695321,1.0903670619025391e-05,0.09100819747509685,1.1124007443101164e-05,0.08791157668060208,1.0492266661710629e-05
2024-12-03,1.0538984485205448e-05,0.19920954538333446,1.0797092909321531e-05,0.2026119956846981,1.087746504471177e-05,0.20688468981213545,1.0643410103759757e-05,0.21008650607226872,1.0562990381052101e-05,0.21267999530490014,1.07179855145628e-05,0.21532328018367278,1.0412121500479038e-05
2024-12-04,1.0076467042923944e-05,0.10475347530207572,1.0329701936056637e-05,0.11798242102686814,1.0909651577658148e-05,0.10855580136589225,1.0211620857238046e-05,0.11458513275530535,1.0526365203656737e-05,0.1147875873002522,1.0680301713889042e-05,0.11505687087479116,9.184892932656605e-06
2024-12-05,1.1100196449570794e-05,0.10578899115128874,1.1781531694846658e-05,0.11483946202465707,1.2055587490247726e-05,0.11102027691773804,1.1721391989086147e-05,0.10956871030626847,1.2285437949374848e-05,0.12305633477858742,1.2818539632147573e-05,0.11889769101256387,1.0866031433026492e-05
2024-12-06,1.0576661557839224e-05,0.09534590419378598,1.0351753924217941e-05,0.10239077091523689,1.0546923990541296e-05,0.0919378086360118,1.0205817220474404e-05,0.10987545685324489,1.0331086154690937e-05,0.0991464608557187,1.050966502555731e-05,0.10068467124989744,1.0308444292138395e-05
2024-12-09,1.7323303069520794e-05,0.10737262755395967,1.7459143803615046e-05,0.1132396875298017,1.7226092771268143e-05,0.10384208384498883,1.611714182569025e-05,0.11038970836282246,1.749868155680901e-05,0.1150607281650234,1.6459202360337718e-05,0.11267023403447977,1.9841741723907383e-05
2024-12-10,1.6368132167590267e-05,0.1092644862300909,1.6216049740110473e-05,0.11370326040506223,1.7235047341635163e-05,0.10595510506353033,1.5869356937983517e-05,0.1402909097533275,1.7048900838648977e-05,0.12944909801446652,1.7194651431417498e-05,0.11931501277578371,1.7578690401359417e-05
2024-12-11,1.5532373484751203e-05,0.08319788370895186,1.6858503438854556e-05,0.09737445729726706,1.7002523478017536e-05,0.09806263616492626,1.4034522145249614e-05,0.0817892141976631,1.5077076027339304e-05,0.08829123819815593,1.4934499087230275e-05,0.08682170222367148,1.2250558686186215e-05
2024-12-12,1.4641528046496913e-05,0.06582044119901213,1.5949561755134535e-05,0.07185097114526533,1.52024923455406e-05,0.0818187855194552,1.4092154863083816e-05,0.06259223578498842,1.4711410503130847e-05,0.09098035592177384,1.4699807162556346e-05,0.08819659745878139,1.274656368307537e-05
2024-12-13,1.521277845015898e-05,0.08294917518148183,1.5823061467150245e-05,0.08072212359538761,1.629868403037011e-05,0.0866209343193902,1.428009498676222e-05,0.09272861861311026,1.3814301949498626e-05,0.0940008010618562,1.5067903618451586e-05,0.08118245136793908,1.7797523544459056e-05
2024-12-16,1.6003740220939434e-05,0.08860944123355657,1.5986408496464295e-05,0.0897551111892912,1.592135550488653e-05,0.09248297613872931,1.5708573185926487e-05,0.09713495494057998,1.532702834131931e-05,0.0906229240041826,1.5435822372485018e-05,0.09461663758196297,1.6971573039337885e-05
2024-12-17,2.7137723967613622e-05,0.10236282270451418,2.8769925345484575e-05,0.10887637373687124,2.781051857774592e-05,0.11015743678686997,2.4771601476185082e-05,0.09924946470371639,2.3553387340916743e-05,0.10807027354939636,2.3213158919656534e-05,0.10434509873747033,3.0041065821956158e-05
2024-12-18,2.7102017429746227e-05,0.6048977484328786,2.936779357075148e-05,0.5604331341024512,2.9292880077311896e-05,0.5579819056969259,2.4620692062575705e-05,0.589931226613312,2.4802407446797385e-05,0.5826591295848841,2.4668289035930272e-05,0.5788558486219325,5.8009732306876603e-05
2024-12-19,4.0060735113527985e-05,0.10304312462128157,3.979484646596166e-05,0.11458126606616564,4.0085315195827887e-05,0.10889495247832802,3.615414745816487e-05,0.12423683874001812,3.690505391735728e-05,0.11599253378286432,3.630444595646825e-05,0.12228664689336273,4.445367988433463e-05
2024-12-20,2.964565629089246e-05,0.10194986459230292,2.8808487115255998e-05,0.10279913916022143,2.904939133023734e-05,0.10089585718325352,2.615144651896289e-05,0.09934097166305854,2.741817864062669e-05,0.09940221427449207,2.6805115703942167e-05,0.10044019853490171,2.801764938551501e-05
2024-12-23,2.509626678399013e-05,0.10570805193824373,2.307721867730907e-05,0.0957564992551763,2.4009591924078485e-05,0.09504352503473627,1.973058950346193e-05,0.1004607746618328,1.9422609023668032e-05,0.10063135891386861,1.99547454988047e-05,0.09877209265497207,1.720139546519487e-05
2024-12-24,1.6461055158559754e-05,0.16131610960468398,1.682528981680799e-05,0.16503400030635998,1.6992949479734845e-05,0.16403748496787524,1.3585742331503912e-05,0.11203555713521378,1.3539861181169765e-05,0.11701151149910068,1.4134437660023793e-05,0.12439608706831586,1.2139475627774931e-05
2024-12-26,1.2640139778372417e-05,0.09351679408089997,1.2920108769794038e-05,0.096321594735434,1.3244216868441612e-05,0.10201804245926473,1.171600149605611e-05,0.09969696768245385,1.17040765002573e-05,0.09408032609555544,1.2017866458023435e-05,0.10584355739501188,9.43432384225295e-06
2024-12-27,1.838857162390555e-05,0.05051498823319208,1.729979987321652e-05,0.04827678876807421,1.767644282927104e-05,0.05057500981673773,1.6393319520549945e-05,0.05967859619598063,1.628866973968977e-05,0.054808908673677735,1.673720459419627e-05,0.05431897318375767,1.6323558452025565e-05
2024-12-30,1.670995592254815e-05,0.08693962113297697,1.5719128329315754e-05,0.08825567570348802,1.5588920352053314e-05,0.0857858413542905,1.3766576084936168e-05,0.08829405253911847,1.4695170323231504e-05,0.10525123357461448,1.4411643538471555e-05,0.09861842205764858,1.4472303909001963e-05
2024-12-31,1.6351905503338123e-05,0.11015524777586151,1.5693387874381597e-05,0.11618065497805295,1.57047558837854e-05,0.11861480775159795,1.4339540470178065e-05,0.1283307581769527,1.4347061926248746e-05,0.13577130958408337,1.4750372611574344e-05,0.13227297601958402,1.804543136600964e-05
2025-01-02,3.0185420299319528e-05,0.09531881841231961,2.8711363869989048e-05,0.10930878966560098,2.8570171200139557e-05,0.11693271299712495,2.6474717424476994e-05,0.12924387170558982,2.4781087649971827e-05,0.15261381337486102,2.679543602129061e-05,0.13748052667280772,3.229245019088403e-05
2025-01-03,1.936424138908126e-05,0.12162364104872415,1.7982672130730164e-05,0.10195830506993897,1.832209388235081e-05,0.10261157582014246,1.8069153541941595e-05,0.09907810861951072,1.6343685713405168e-05,0.08372731461907627,1.6914276814409388e-05,0.08488280454037983,1.3754097248535062e-05
2025-01-06,1.8968855772550952e-05,0.11907937609978082,1.792465144353318e-05,0.11812701900168411,1.8050714978385634e-05,0.1182145568539937,1.7315093482013684e-05,0.10844473541308645,1.6807450102848053e-05,0.10784452780487719,1.732880032083065e-05,0.1111213950385042,1.9167374510611963e-05
2025-01-07,2.8461436084115373e-05,0.09000871874693239,2.806558205420942e-05,0.08962720724739687,2.9094318605057718e-05,0.0889981271447432,2.2585398831064825e-05,0.0934881235484785,2.2039800096151144e-05,0.09148016077889089,2.199804420589074e-05,0.09204587637316629,2.4243165702851452e-05
2025-01-08,2.6360438411793185e-05,0.09316577918754926,2.6285390138992056e-05,0.09530918606344956,2.6227772649285584e-05,0.09613379182973547,2.3619527179781087e-05,0.08981198317561005,2.1648245145350664e-05,0.0966170525560523,2.123442181268132e-05,0.09553459786726543,2.4788753063224677e-05
2025-01-10,2.934485900587263e-05,0.0781796628896826,2.7738295180846218e-05,0.08016863892812874,2.8398709821876442e-05,0.07871452231481214,2.340679983687987e-05,0.08666545107046773,2.2158446445729032e-05,0.09222443048031924,2.2348497308203244e-05,0.09043163553095236,2.6317776500391542e-05
2025-01-13,1.995363019576797e-05,0.053919136113893096,1.8421554520693153e-05,0.05194123899463726,1.8484514337695252e-05,0.05144464885224003,1.7815432095695434e-05,0.055989889506192846,1.747349227565592e-05,0.0570110121901119,1.7534495105244683e-05,0.05936309027558125,1.852248092677608e-05
2025-01-14,2.328198065607286e-05,0.11794498128253122,2.250957555373438e-05,0.1202697879057701,2.2440526922893212e-05,0.12083766330373097,2.0879482564197177e-05,0.14550418301713824,1.9706564889803985e-05,0.1415801512182743,1.9192070232671728e-05,0.14453044797170242,2.442113078900471e-05
2025-01-15,1.6946482225037652e-05,0.08890471459121713,1.673324884147471e-05,0.08717798752902044,1.689083344339036e-05,0.08836694046235549,1.5190509405210832e-05,0.10175456575367325,1.458379507614055e-05,0.0948136186802398,1.4987530878724098e-05,0.09393609449729974,1.4097358526633145e-05
2025-01-16,1.595387651937283e-05,0.09392312064378089,1.5270516569494727e-05,0.09927222263227524,1.532855049336152e-05,0.09422969149073979,1.5013868720562332e-05,0.08849226048384774,1.472059819418118e-05,0.09248704272599119,1.4726290151110274e-05,0.08661616408259633,1.5143760983587982e-05
2025-01-17,1.632272219989189e-05,0.1487092851808506,1.4376887643243473e-05,0.14354116245696077,1.4316504643280739e-05,0.13602961078875478,1.4746824588966894e-05,0.15212209711880156,1.4737877233855873e-05,0.13999177499880222,1.514187136037735e-05,0.13528319152339482,1.6478834178628178e-05
2025-01-21,1.9544455662488838e-05,0.13108053821134247,1.9025361174911717e-05,0.13427473116987793,1.9244450149017024e-05,0.13052298412248842,1.7268329878365304e-05,0.1311724319123419,1.7247174046656166e-05,0.13143705080178572,1.7081528752995494e-05,0.12682652230297023,1.642780808683426e-05
2025-01-22,1.491314080237531e-05,0.11822387380986081,1.521462250286771e-05,0.1185573477837573,1.5308643967789344e-05,0.12060049914998998,1.4131304534278656e-05,0.1250112747763157,1.4096811160400629e-05,0.11790998836026106,1.4209627166745275e-05,0.11884382160116991,1.1803694544172016e-05
2025-01-23,1.0531799552330956e-05,0.08331172321596021,1.0810422599968386e-05,0.08458787202810443,1.0789145233967447e-05,0.08305113215974456,1.0224139112163084e-05,0.08754515789430566,1.0284470975428625e-05,0.0907592182916543,1.0503792782578974e-05,0.09479654895381823,8.909751032483576e-06
2025-01-24,1.3185468507786008e-05,0.1814534601320803,1.2854926348055314e-05,0.1834128680119825,1.2715225804814242e-05,0.1789411401028654,1.2423562547290468e-05,0.16917281693511077,1.2877191744156347e-05,0.15956024308954206,1.2810672089696092e-05,0.15792438497451705,1.189764045446521e-05
2025-02-25,3.528469039293213e-05,0.0696901237872542,3.3373586941859204e-05,0.0799386249328342,3.465160214533778e-05,0.0741952323973447,3.131592877040465e-05,0.09685123407023798,3.0439230960848483e-05,0.10264306304664648,2.9009252984900033e-05,0.11321166806482001,4.2710707294968074e-05
2025-02-26,2.8778093390762098e-05,0.08840866938545126,2.880321526017846e-05,0.08837480335130872,3.0409992612113506e-05,0.08652360481414166,2.951273173162702e-05,0.0825347844027398,2.7360221135595416e-05,0.0863133884253358,2.797423442574493e-05,0.08473097670898759,3.28293149532682e-05
2025-02-27,4.2012718363809556e-05,0.07544410186597414,4.254021439137277e-05,0.0772798304783613,4.5042943527231734e-05,0.07349475216262699,3.834425407938043e-05,0.08235306599799962,3.4100716923220275e-05,0.0870405145153199,3.4930002767733944e-05,0.08457983029741704,3.983616165730263e-05
2025-02-28,4.278558316126086e-05,0.09629058057771195,4.208936229251084e-05,0.10710956447069747,4.365127740008844e-05,0.10425409038974064,4.268474194776806e-05,0.09978103200667286,3.8473525227028044e-05,0.10995209739715799,3.674591221907367e-05,0.11462027444042065,4.844780257984651e-05
2025-03-03,4.3597790091953135e-05,0.17958680477881442,4.227880574682646e-05,0.19047742960418587,4.398528354179412e-05,0.16816795924210695,4.2338906242240654e-05,0.17828344503684976,4.062479058933007e-05,0.18999511010504597,3.861821797252209e-05,0.1858785612987376,4.897732480813526e-05
2025-03-04,5.935032677020657e-05,0.11140467719994741,6.371491078081013e-05,0.10791807187952261,6.67959735560997e-05,0.08743292672636693,5.2200854606111384e-05,0.10999979218716488,5.4825699922325845e-05,0.107281177598612,5.064132694219257e-05,0.11861562202972836,6.996887261968836e-05
2025-03-05,5.0193356346250846e-05,0.10192008879332666,5.425957262110147e-05,0.10061256501934389,5.705073070842187e-05,0.08665180977467925,4.93217589401027e-05,0.09528845915377122,4.853051599466707e-05,0.09130380608259764,4.9159686960904836e-05,0.09024752852527451,4.962947612510908e-05
2025-03-06,3.7725922296698834e-05,0.11135115828869684,3.8856091762277635e-05,0.1054703632592563,4.049055227103736e-05,0.09629098608636098,4.098168195645329e-05,0.11691601018650277,3.996270159348845e-05,0.10723048488209362,3.8113695497730404e-05,0.10890017629994071,4.506631091504413e-05
2025-03-07,4.675072538921085e-05,0.1116400104834449,4.815728833224321e-05,0.11072904247839206,4.981469874229585e-05,0.0986249786458336,4.4412701692923466e-05,0.11673641757073668,4.5737141568401275e-05,0.10860704994945185,4.4471304869026e-05,0.10929525628391866,5.479215993276005e-05
2025-03-10,5.0377551957478e-05,0.1074052095458861,5.615198599280308e-05,0.08848072324122708,5.953840504280701e-05,0.07249618105709896,5.0905290537625406e-05,0.08887807028206655,5.391655415598029e-05,0.08248631875969624,5.5515640351389216e-05,0.07713657559041899,6.389005182446995e-05
2025-03-11,7.992637270111805e-05,0.06503086887437193,9.765879128219381e-05,0.05532945147401205,9.847589280596214e-05,0.05067567574024693,6.459276308670496e-05,0.1145997463619806,6.896766424691009e-05,0.09056641480638901,6.351274083860228e-05,0.107328045922299,9.406809900827922e-05
2025-03-12,4.3505825670426105e-05,0.08983335169163138,4.970116483553313e-05,0.08753423643393876,5.491230486736519e-05,0.09189743393368983,4.4042809279431517e-05,0.09519342961425988,4.7788345239295746e-05,0.08838484358100966,4.8288348851515304e-05,0.08773775349863451,4.509354218460137e-05
2025-03-13,3.956883253499429e-05,0.0451594339166125,4.3573173933142104e-05,0.05055962286026796,4.3916459244905014e-05,0.052319052700478284,3.8052716211479474e-05,0.04127833020022917,4.1370177633598794e-05,0.046030804628117254,4.142528238303667e-05,0.048825370449201426,3.865612345409136e-05
2025-03-14,2.482611681265168e-05,0.06012810161861015,2.6968722706628612e-05,0.06679390883873508,2.7110203338935546e-05,0.06874100646468628,2.284702289263333e-05,0.0475538871259353,2.581246532090376e-05,0.0538197864711542,2.5730701807544465e-05,0.057262939655380936,2.125097255008638e-05
2025-03-17,2.3517251485302183e-05,0.05579130273368785,2.422605029961603e-05,0.05668913714820493,2.5477466372653383e-05,0.063163770478153,2.2054151942742218e-05,0.052405481893213146,2.4026819906118883e-05,0.053875825374758934,2.346265764890103e-05,0.053920186544706296,2.110019241225309e-05
2025-03-18,2.7511053424917974e-05,0.08707869221599589,2.9213419693545033e-05,0.0879388299331355,3.0186479040360736e-05,0.086799475131755,2.5978521523806892e-05,0.08945421477841657,2.9137019033976996e-05,0.08529038019304341,2.841832047651772e-05,0.08632362225380906,2.8404040679798297e-05
2025-03-19,2.2246432540618997e-05,0.2869132619001089,2.4010080401532788e-05,0.2729382045509105,2.495095610830014e-05,0.26519124323537985,2.3926803308006998e-05,0.22696931510543986,2.545912026351806e-05,0.2055801490699859,2.46252778798969e-05,0.20989251937960607,2.7747416841527706e-05
2025-03-20,2.3920648035291882e-05,0.06247175052228554,2.5279048513175495e-05,0.06015969422068082,2.5591971457907298e-05,0.06005782602305778,2.3352235620443637e-05,0.06478980072723346,2.4773217738958433e-05,0.05584738728717237,2.4449880951789408e-05,0.05470403008447492,2.398529004643974e-05
2025-03-21,2.1287151155862093e-05,0.10367262774356739,2.2321815976259646e-05,0.10483655552537736,2.1815150602182733e-05,0.11200843027379188,1.951225719075612e-05,0.08091246113913692,2.1044864110407916e-05,0.07401067925611049,2.073474758360805e-05,0.0695693894798411,1.990852611245745e-05
2025-03-24,1.6900017045771527e-05,0.09418406981922477,1.7184842017536154e-05,0.09094377328208521,1.6929839062994733e-05,0.08972456253095636,1.6409220766037932e-05,0.08552941041645774,1.7037216053836947e-05,0.09107516392052577,1.7033662811022855e-05,0.09242566702359951,1.358571543943522e-05
2025-03-25,1.5976904205091536e-05,0.21963653016330845,1.6574793964694192e-05,0.2189722405600236,1.5940543347445273e-05,0.22929540267506135,1.5165706244207026e-05,0.21745466747738562,1.4999428243670299e-05,0.20542621077327372,1.4972463861026704e-05,0.20768308979435157,1.5353967054842194e-05
2025-03-26,2.098678497762597e-05,0.06223432191993483,2.263487554671874e-05,0.05822146091872335,2.2191326038895428e-05,0.057061452034237424,2.1037952176604445e-05,0.06347311479633037,2.0749766720460143e-05,0.05754775592790331,2.132055441312081e-05,0.0596725079304371,2.2199427132823792e-05
2025-03-27,2.6432407283853325e-05,0.07363323208267673,2.7327588575924653e-05,0.07180047045822707,2.6797805550865007e-05,0.07240814425795068,2.7024852314278874e-05,0.06510232836589903,2.6146223173332062e-05,0.06843278382219346,2.5632912861808173e-05,0.07005627523596657,3.207449356445621e-05
2025-03-28,2.92213182086952e-05,0.07308545800841704,3.138729846888067e-05,0.07318360867804462,3.0608194663309895e-05,0.07744969953926785,2.7539870663459262e-05,0.08243015600779634,3.053370027162905e-05,0.0739425251791149,2.941953704293398e-05,0.07567991763140895,2.8210863723175216e-05
2025-03-31,3.416273039078058e-05,0.16589910877744066,3.580057200102775e-05,0.16149052197100452,3.739305017559254e-05,0.15069724386247696,3.362853220086957e-05,0.13126505619511328,3.749343455333598e-05,0.10914058737254738,3.657960123919614e-05,0.11602999334987328,4.055052084748357e-05
2025-04-01,3.401531398648217e-05,0.05983491423755669,3.544376794589223e-05,0.05981163482518111,3.365801911600101e-05,0.0531240360693353,3.443958268054521e-05,0.05250174686368388,3.8766405628661784e-05,0.06799408704918818,3.627468973050813e-05,0.05618681967985273,3.134864117282091e-05
2025-04-02,4.350677672243376e-05,0.32512127204465324,4.765441125708465e-05,0.2976283656996761,4.441600701427461e-05,0.30140419874138435,4.036234538435984e-05,0.3559593564268078,4.198527330890912e-05,0.2951804592115345,3.962604415878547e-05,0.3036468928412145,5.937993059733585e-05
2025-04-03,5.2264989763544066e-05,0.05073595453165164,5.5029460574461204e-05,0.05590089377321303,5.611177865078796e-05,0.05501706123660107,4.874964168505013e-05,0.05791701336949082,4.948047057147341e-05,0.05452140693256704,4.866226322729854e-05,0.051523922554491126,4.7834037100703745e-05
2025-04-07,0.00035009242627766766,0.5536739081859493,0.00045226056759748795,0.4469673925884034,0.00037861969094485614,0.4337670273492544,0.00014012625725475848,1.2318194159166176,0.0001403805252651663,1.1585633009724203,0.0001283954557333478,1.3423837910718681,0.0004639338378779787
2025-04-08,0.00011681776660665583,0.08415051264496376,0.0001349975282753626,0.0974685560253644,0.0001270348286348746,0.09169623677243131,0.00010588404758596442,0.09526906820031554,0.00014240515281639776,0.12242051467580073,0.00013375667680592265,0.11694627218402305,0.00010555893016146361
2025-04-09,0.00021026304343103763,2.462439413230185,0.00025058726533201827,1.9599568116397341,0.0002374237349686611,2.036120240304062,0.00019302495229656731,2.5507802128639576,0.00019311412140316417,2.205589920721149,0.00019419516011196175,2.265737444184428,0.0003800906411908819
2025-04-10,0.00016010234791385028,0.10486939423170116,0.00016136551296567212,0.1114905918697362,0.00015562666606737643,0.11533020940109151,0.000183439017736752,0.1347426714656134,0.00018375241658929003,0.15578911491250155,0.00015588223699684794,0.19714783884121,0.00015742542790129439
2025-04-11,9.233766892596308e-05,0.08752930128138958,0.00010292020055558407,0.11453847935350929,9.680556248484682e-05,0.09872543410493208,0.0001256494390891613,0.23208331395259776,0.00015485687716192237,0.3493734387864695,0.00014484262779942446,0.30840736756155746,7.097774605543027e-05
2025-04-14,5.4045856968610923e-05,0.1305734240707476,4.9725080488211286e-05,0.11068192815377335,4.862133270543744e-05,0.10915164538670354,5.591288181599802e-05,0.14592944746341377,6.157587461652428e-05,0.15687828364009312,6.056753470170996e-05,0.14784293347078722,4.2186080070584134e-05
2025-04-15,3.452404918122325e-05,0.09013360636972484,3.145809705034123e-05,0.07029065203316676,3.0474711995758646e-05,0.0687627547321391,2.9574488508515468e-05,0.0799489118304348,3.213202162443726e-05,0.09038131885676731,3.0704148085028184e-05,0.08468679902716568,2.7826427745247524e-05
2025-04-16,2.821833010891005e-05,0.2394763996608773,2.8626799375252468e-05,0.23785125464359483,3.05902955035893e-05,0.22818839814261738,3.09582822022548e-05,0.18272019408659565,3.148919130447811e-05,0.22788097079438066,3.274643624743552e-05,0.22060216090381526,3.30159304235205e-05
2025-04-17,3.510065447439245e-05,0.07815535292436489,3.315304845759383e-05,0.08197008242367422,3.1121680604440125e-05,0.1000556462738066,3.16690879308914e-05,0.09763617614179776,2.993592023625054e-05,0.12210770050132243,3.090740706406642e-05,0.10441032873828902,3.559661432839672e-05
2025-04-21,2.3683245975569286e-05,0.07003101102813052,2.509190496947579e-05,0.06899596609449478,2.6788330220128272e-05,0.07921545949753218,2.0148859033308985e-05,0.04372432645168021,2.988559500198594e-05,0.12209591960940534,2.7410600817517435e-05,0.09806751983811324,1.8955332352534478e-05
2025-04-22,2.528702206574575e-05,0.27881328345622414,2.7066925919890413e-05,0.26572157881522457,2.7779545666471815e-05,0.2797769225133327,2.3305446146858736e-05,0.30384129511520963,2.6563097250470924e-05,0.24668810542087452,2.6810525623364453e-05,0.2611311180009676,2.692959418345632e-05
2025-04-23,4.140655553758647e-05,0.07505724216969682,4.705072305127077e-05,0.0726514621247832,4.2743287119287175e-05,0.07719020975846677,4.282743471518524e-05,0.08265596457587017,4.304479812845097e-05,0.07174386501688035,4.3563165214073457e-05,0.07341398432373285,3.780034563323363e-05
2025-04-24,2.1370665588961425e-05,0.06058420936621284,2.317347967692518e-05,0.08136521193219755,2.2245831554228773e-05,0.06821196278979957,1.9457453252576205e-05,0.04869187102606362,2.177772986893209e-05,0.05853054671505561,2.1184202515888007e-05,0.0523021259581497,1.6802159172238045e-05
2025-04-25,2.6159084264142066e-05,0.16659525551195695,2.7278174720797e-05,0.16395506562021817,2.9602640239248762e-05,0.14657932903107432,2.4860917723723027e-05,0.16748236189907875,2.5992289405409015e-05,0.17127375069047976,2.623419910072677e-05,0.16862595004527817,2.8966318935355546e-05
2025-04-28,2.767057494349465e-05,0.055918002253480786,2.8266770827641788e-05,0.060436874327507516,2.7410462484809015e-05,0.05464279115925955,2.2903563314796933e-05,0.07107004111850442,2.3389740927661417e-05,0.08348317729213524,2.3382805155078654e-05,0.09057788508911942,2.5002866718102713e-05
2025-04-29,2.1992365504941785e-05,0.11790346215396084,2.3269291894673658e-05,0.1294760698189807,2.2281631767178674e-05,0.1217205074454432,2.0205820805494465e-05,0.11272770673231707,2.1653645979011724e-05,0.12107473033905963,2.1019432171596652e-05,0.12218862092552725,1.903153950721552e-05
2025-04-30,2.4503754159414015e-05,0.1874716993100075,2.658442723706876e-05,0.16420451615810802,2.6221595910408613e-05,0.1680458352979742,2.3182231968026438e-05,0.18558723106631506,2.439055682524523e-05,0.16396186394493292,2.4244149583402485e-05,0.1691170374832841,2.682390761570366e-05
2025-05-01,2.5879660281627294e-05,0.11536944020415452,2.7322490243706237e-05,0.12074901538936839,2.713051296700062e-05,0.1187867127626862,2.2814560892437122e-05,0.1027723930562731,2.3333083937630624e-05,0.11128059431910925,2.3391089240695004e-05,0.10772472857368054,2.2431231111357536e-05
2025-05-02,2.483750483984271e-05,0.10344446869607782,2.3950330831617522e-05,0.09551278342982028,2.4255857581890322e-05,0.09169973313657599,2.276536612735972e-05,0.10603186020050576,2.1799583542539508e-05,0.09790918195212199,2.20560922349834e-05,0.096020749997129,2.3050713616257396e-05
2025-05-05,1.4117514150774512e-05,0.0768467578477972,1.4151647488105775e-05,0.0757991088055031,1.416354531723844e-05,0.07491388258309646,1.3963876133810922e-05,0.10064919893525333,1.450179057141986e-05,0.09909612840934512,1.4189409606141649e-05,0.09415142501152161,1.1383283817574161e-05
2025-05-06,1.4558587847669934e-05,0.15865381714964283,1.497803016336134e-05,0.1548740840772881,1.4804275639110308e-05,0.1541260484830558,1.4653160413282902e-05,0.1479131584954051,1.4439819870768595e-05,0.14218648132326056,1.4071740415851524e-05,0.15018460266589356,1.4078301052539068e-05
2025-05-07,1.7579875652617275e-05,0.4347072407621881,1.8759609194582252e-05,0.4053814106214681,1.8530934064345073e-05,0.42986177731717806,1.8405707537211302e-05,0.32498630837721104,1.881468132209787e-05,0.3019579590565569,1.9069169883137993e-05,0.3124475600732145,2.9058960707664512e-05
2025-05-08,1.8324490394508363e-05,0.10053151684528377,1.85504182952145e-05,0.087056563994941,1.8955255967848833e-05,0.1105926798138475,1.701974175195083e-05,0.0936627034738955,1.686580746444964e-05,0.08691376784213302,1.6831333144321278e-05,0.08512986025792735,1.6507642645961565e-05
2025-05-09,1.7264563904522452e-05,0.08623664777427807,1.7257108666545168e-05,0.07880631480276473,1.719562972185214e-05,0.07772546156434089,1.6562920725793562e-05,0.07810180397615242,1.679200715911184e-05,0.0877658004547174,1.6799275588021502e-05,0.08736768623832271,1.675052854925013e-05
2025-05-12,1.689420049359395e-05,0.10508824803757806,1.6699795713575685e-05,0.09628790367853128,1.6879205207421523e-05,0.09911896399113802,1.4639120749396255e-05,0.07753848384361266,1.4336616050586188e-05,0.07487363717231292,1.4832830153455482e-05,0.0801687066486163,1.3434397173780925e-05
2025-05-13,1.7258563804090305e-05,0.09996565987918445,1.6443709920107053e-05,0.09256938484275319,1.676844950164645e-05,0.08759743522981893,1.6265057177392545e-05,0.08872317594213175,1.5552830755789796e-05,0.09174820540940239,1.6482923553388722e-05,0.08260256574082966,1.6979596599279593e-05
2025-05-14,1.708866862614082e-05,0.12612915301807956,1.6940970749883558e-05,0.11620514999087017,1.7499086928404507e-05,0.11809349917583228,1.547455619071887e-05,0.11889710581187446,1.6304481294327528e-05,0.10875812324428513,1.702626992205592e-05,0.11271890667410289,1.5569454007496853e-05
2025-05-15,1.534146024481535e-05,0.35987290909198805,1.574311725988006e-05,0.3251592316235074,1.5398444185354684e-05,1.7906930637586387,1.4710988642366966e-05,0.44812533562495166,1.489203700804518e-05,0.4063769107720679,1.483566361987903e-05,0.36994054063108966,1.797431882768786e-05
2025-05-16,1.2255817919623398e-05,0.07943638742663751,1.2177691032854037e-05,0.08033369050520811,1.2804065899799398e-05,0.08438496651198629,1.116047746719357e-05,0.06609668693437622,1.162851088874957e-05,0.06887435817912922,1.1729449912518337e-05,0.06679482313796561,1.1055311462287678e-05
2025-05-19,1.1903758333320542e-05,0.08161707980796522,1.1723389345620654e-05,0.07884812377801541,1.2252121333474347e-05,0.09027679489372033,1.0538552701446637e-05,0.06501405110504156,1.0923804639845474e-05,0.0664494800832594,1.0980451875355424e-05,0.06544970843262492,9.242081834071314e-06
2025-05-20,1.167077621967194e-05,0.1544964036995944,1.207067541894258e-05,0.1543478841174102,1.227690372669751e-05,0.14808146793917337,1.1261255976053531e-05,0.16146918535990265,1.1779054428453025e-05,0.15340478675828945,1.1766021195833536e-05,0.1561583650312921,1.0406655593370114e-05
2025-05-21,1.6512729763255993e-05,0.7148101036439963,1.752258255296505e-05,0.6422673286624722,1.916212753703112e-05,0.5526104413360416,1.8856122382661853e-05,0.6464936387148594,1.912047062267378e-05,0.6163810535372302,1.9115103197196142e-05,0.5968354292359486,2.487919542149651e-05
2025-05-22,1.5864558079845733e-05,0.17472335658779403,1.674546421633291e-05,0.18006113416589345,1.5971995841025632e-05,0.18185274948649544,1.450630412633114e-05,0.16795800059689936,1.4788618933679085e-05,0.16228061680159553,1.4740478686142283e-05,0.16327914740332775,1.3518140571216119e-05
2025-05-23,1.5560497429262325e-05,0.0935848338677052,1.5635623993914467e-05,0.09283605518961806,1.5737927246937068e-05,0.09063305882941079,1.476087278983778e-05,0.09268984952272695,1.496957635494386e-05,0.09065715871329555,1.492570942160851e-05,0.08970110964544274,1.3178785416207354e-05
2025-05-27,9.657110372238974e-06,0.09498447091737512,1.0347840352201706e-05,0.10787301093297359,1.0872203090564214e-05,0.11221395758363162,9.845272528977638e-06,0.08873785681566919,9.950792245054766e-06,0.08841145073244083,1.0365392428262146e-05,0.09597037621574732,7.760223869477357e-06
2025-05-28,8.779965173233084e-06,0.11874600831080633,9.502159339761537e-06,0.12973761380016097,1.0037140127355629e-05,0.13240625769876832,9.228047861138798e-06,0.12728212905625666,9.782287296292666e-06,0.1589085932326784,9.784317243618113e-06,0.15541253648768114,7.6280290426741406e-06
2025-05-29,1.5117035361739052e-05,0.15365696116789285,1.511286247116772e-05,0.14619365415946992,1.5540122922911528e-05,0.14842465762992163,1.4376922619575009e-05,0.15743805828202356,1.4673449318263644e-05,0.15548905214054776,1.473053784579341e-05,0.1551757610155526,1.4585334525638298e-05
2025-05-30,1.5542255046359837e-05,0.2109815350725479,1.540364133043178e-05,0.21047360462803044,1.573093171432544e-05,0.19828966352685753,1.4836128995328963e-05,0.188574736196488,1.4720268554566314e-05,0.1932019753760775,1.4851815771288237e-05,0.1909225056700666,1.7109592311656565e-05
2025-06-02,1.4279889508422204e-05,0.10818084536064611,1.392840457191371e-05,0.10473975269519681,1.382446262797027e-05,0.10112147417935448,1.2510996586867718e-05,0.0889111650465172,1.2054916635805442e-05,0.08815784663619658,1.1923596346876915e-05,0.08570829210048814,1.1588717816213855e-05
2025-06-03,1.0632323933761418e-05,0.14353636689992305,1.0748097000678792e-05,0.14010377433155083,1.0994344997732737e-05,0.13972640851322657,1.035366195341746e-05,0.13132395197398364,1.039074302476489e-05,0.11919003486298663,1.0208472060153372e-05,0.11543021941806204,9.228134642222094e-06
2025-06-04,1.2318962303212235e-05,0.26632633229292946,1.2822225788103724e-05,0.2639601954473724,1.3270985261724954e-05,0.2749616738986064,1.2746874621479436e-05,0.31764188347469285,1.2590217109819622e-05,0.2858615625329727,1.211233816087196e-05,0.282149347114202,1.1252174122782822e-05
2025-06-05,2.3776993587713543e-05,0.34531477469369404,2.422470691732409e-05,0.3246018102142659,2.6394823439560314e-05,0.3036528509402265,2.2119036900741604e-05,0.35326124207253845,2.5181142750089627e-05,0.30863064740520463,2.3848358326613775e-05,0.3317136756800953,4.4975443469434246e-05
2025-06-06,1.9524659634907607e-05,0.11512326353075479,2.024196860349601e-05,0.11209782134374109,1.9759671247044695e-05,0.10933811709370052,1.7858104946016352e-05,0.1178896290701754,1.8205519283709087e-05,0.1111562421848729,1.876953413266092e-05,0.10730420635460174,1.6530054966075564e-05
2025-06-09,1.5357215886863286e-05,0.4305497240601257,1.5203765722323e-05,0.40798395930943304,1.5244548623204908e-05,0.3889352256070185,1.5530101986356357e-05,0.4251104427875258,1.5630880150868706e-05,0.39038812581838767,1.550287151393281e-05,0.3824527179181596,1.52426101829694e-05
2025-06-10,1.3292752450596982e-05,0.159418672501805,1.3453859131047442e-05,0.15394782421069497,1.32997272577452e-05,0.15250015279576123,1.4067738826595226e-05,0.1775371913171657,1.3742191739115557e-05,0.17752321716824548,1.3756249230409965e-05,0.17279069802927383,1.3377803684700122e-05
2025-06-11,1.4231109923620099e-05,0.16766098139236071,1.4620191487295915e-05,0.15387137669960094,1.4551386635200623e-05,0.15553760760252575,1.4551241314611416e-05,0.14472588073738582,1.414722910077523e-05,0.15120521335722517,1.3848387025359047e-05,0.15186622118613222,1.4675545213931849e-05
2025-06-12,1.191281751444869e-05,0.11337791246143321,1.2273584786955457e-05,0.12062251259892821,1.2202459749617e-05,0.12564061180683114,1.2197025221392192e-05,0.12608109374343837,1.1918911783411368e-05,0.1308413268465592,1.2069859132374794e-05,0.13887043144285915,1.2158104772193531e-05
2025-06-13,1.4792974103890318e-05,0.0978790215873464,1.4336546876766665e-05,0.10345191580123013,1.4365177941827521e-05,0.10645075059839663,1.4348349838190242e-05,0.10915327118986921,1.4565646187537371e-05,0.10016453354920152,1.4494335391689667e-05,0.10406254725107393,1.7190537996390042e-05
2025-06-16,1.0302253961136841e-05,0.10459739199822292,1.0178367016510794e-05,0.10256319877410673,1.0166713054447457e-05,0.10073239078982965,9.952533594860484e-06,0.0998974458384801,1.0009562646309384e-05,0.09492651082550287,1.0014239345568214e-05,0.09382165537697114,8.86833033387674e-06
2025-06-17,9.101658410146494e-06,0.08121710744917916,9.565131253239565e-06,0.08294189553664535,9.59215695711895e-06,0.08611081052445368,9.317921604015315e-06,0.0761399979258871,9.938953470524492e-06,0.07745780964804598,9.893744350375087e-06,0.08227338572723147,8.854618017762622e-06
2025-06-18,9.83977253524204e-06,0.19268356836975342,1.0711708315442992e-05,0.168646230652606,1.0768806535833506e-05,0.16626651353002134,1.0523038623476827e-05,0.1644585700130338,1.0759453782709246e-05,0.15768926519708984,1.0745083310020396e-05,0.16043699922158577,1.2598204156293323e-05
2025-06-20,1.3334085906468374e-05,0.09630254581136997,1.351818746835598e-05,0.09585028987179771,1.3273112661831388e-05,0.09814840685086786,1.1797412169260515e-05,0.07754145208907745,1.2391624779388983e-05,0.08376985346731658,1.23124331735294e-05,0.08277874852738289,1.2505257867904193e-05
2025-06-23,1.93457183888072e-05,0.1755659855612195,1.851818193708104e-05,0.17405511355897196,1.862025188304827e-05,0.1729403329543573,1.6984566871201098e-05,0.18841020564885602,1.7506804877745014e-05,0.1835302069456106,1.762608988716285e-05,0.186565596246705,2.2296153567294072e-05
2025-06-24,1.1968516601124622e-05,0.11139291338798697,1.1781533686940352e-05,0.11003651304444649,1.1755253749916844e-05,0.11210257620259757,1.1915924303522396e-05,0.12546832569380176,1.166637954369018e-05,0.12234817726237641,1.166853681610592e-05,0.12762410209307565,9.892042682704492e-06
2025-06-25,1.1151818647969371e-05,0.10719495807287395,1.1477133312913572e-05,0.10989786931818275,1.2283821672265645e-05,0.11055345695026919,1.1819981265825985e-05,0.11431434921068279,1.176284884722243e-05,0.0968426988560211,1.2276169957003158e-05,0.09472090019049899,1.0233377841791322e-05
2025-06-26,1.0728011172003008e-05,0.13705849198145056,1.0612550763617743e-05,0.13344297233933128,1.0936710004016117e-05,0.13472292717740844,1.1261816531919228e-05,0.1257279465741288,1.0693280288498433e-05,0.12316306689988643,1.0840348509798885e-05,0.12645009737671606,1.0030833839605374e-05
2025-06-27,1.1118207831959585e-05,0.15579954782105412,1.085057237445559e-05,0.1592708726426709,1.063993664673024e-05,0.16496926860977126,1.0427400308560843e-05,0.16469303438628305,1.0615896410765638e-05,0.16610386326417437,1.0635082086762152e-05,0.1794147525899851,1.1913611756072534e-05
2025-06-30,9.701575509270633e-06,0.4135982952103277,9.578119431523441e-06,0.41545415581232636,9.797762822893288e-06,0.4169777793985905,1.0133456095313841e-05,0.4445511594277638,1.0242013936244756e-05,0.40397079391599505,1.0344362928281018e-05,0.4021622214489022,1.0991626402326368e-05
2025-07-01,1.61542319969441e-05,0.1335883530974115,1.59675296160516e-05,0.12953315547788835,1.706575630983365e-05,0.12529093648257858,1.518149520102685e-05,0.12769807859800794,1.565177140109951e-05,0.11802545143355576,1.585618808762358e-05,0.11909555039542592,1.837918317398401e-05
2025-07-02,1.2837538738388242e-05,0.12678200789475427,1.2513626219793077e-05,0.12991444595880436,1.2657766432183662e-05,0.12738209661487246,1.3090932827539002e-05,0.13620370007082977,1.2666195501275323e-05,0.12914339548732356,1.3115764288061107e-05,0.14489408763060765,1.3106377072289718e-05
2025-07-03,1.1612402628286998e-05,0.07632168068434654,1.1671948349396743e-05,0.07566182525186063,1.1586700051026229e-05,0.07149968498591407,1.2422430235451715e-05,0.08136677819514147,1.2676345087973408e-05,0.07796778709113807,1.287893947304818e-05,0.08001438475234761,1.1792523308920316e-05
2025-07-07,1.160871940891554e-05,0.18516974805522932,1.1033508360012988e-05,0.18777158308229824,1.1554158882936897e-05,0.18738485889067336,1.1807765291914928e-05,0.18092223860849968,1.1307002246674476e-05,0.18568848004065006,1.1606031340456789e-05,0.18716787349682673,1.0847822149112061e-05
2025-07-08,9.85694577315888e-06,0.30517868731337633,9.819640880680131e-06,0.32060732290451527,1.0097946226455816e-05,0.29865771914941436,9.852072257221106e-06,0.32382652406667406,9.656648264449112e-06,0.3224219211990218,9.641282409082244e-06,0.3162809490014323,1.1634041087525693e-05
2025-07-09,9.25002928476152e-06,0.18980012094737453,9.493923094414978e-06,0.1899246534604316,9.728826010150133e-06,0.19955559919410581,9.773792600057958e-06,0.2003658662850555,9.54816689043956e-06,0.1973766037236094,9.615200329801315e-06,0.1896799293747852,8.979567144574984e-06
2025-07-10,9.535595204119233e-06,0.09355343414008611,9.660044368872743e-06,0.10050300317574064,9.50955655616924e-06,0.10070333661715813,9.98980198965855e-06,0.11606268257952573,9.746672330635802e-06,0.10570888940244944,9.988030913283921e-06,0.11582801546330379,8.303358422209233e-06
2025-07-11,7.901076412933778e-06,0.08561645418448781,7.645653570993997e-06,0.08193317817828626,7.545274832386744e-06,0.07959492141300943,7.851872032057145e-06,0.09481035570340347,7.899458604239032e-06,0.09379481548904096,8.01970197651438e-06,0.09358212970326152,7.111836469435659e-06
2025-07-14,7.686081663169339e-06,0.1066615419842114,7.32112538669818e-06,0.10766517285446979,7.168149281086475e-06,0.10427215903578561,7.761647663294798e-06,0.12894858765172418,8.11661611018216e-06,0.13679156145367002,8.131109030479883e-06,0.13778125537556832,6.972145799582051e-06
2025-07-15,9.124701339914764e-06,0.0714724112277458,8.93285020356229e-06,0.07069728896265902,8.94720372758413e-06,0.07518233353488622,8.818927339002855e-06,0.07790089055607784,8.623799291093697e-06,0.07501547348655023,8.731578811894195e-06,0.07355571642699531,8.434216060524699e-06
2025-07-16,1.2282084212634445e-05,0.19022967068822874,1.222494173352233e-05,0.19677366830018772,1.216343250885429e-05,0.19767890007968006,1.144955369408604e-05,0.2065445819446955,1.136052186177297e-05,0.19915183870024145,1.1435484599216135e-05,0.18820020161752082,1.3479121765983136e-05
2025-07-17,6.947832304990135e-06,0.1854136827801369,7.112893781944761e-06,0.18633314693262856,7.069656980782599e-06,0.1871588586173943,7.41976579312832e-06,0.1964101559223981,7.506715596576179e-06,0.18932224173537907,7.439571674053678e-06,0.18800528213855458,6.70607695359057e-06
2025-07-18,7.658158765466348e-06,0.14736815815381832,7.566232733287914e-06,0.1418613444731902,7.441761886968711e-06,0.1381122608954394,7.93609302316183e-06,0.12912921356882015,7.933559122728422e-06,0.12545638908659626,8.242483588545912e-06,0.11994079755230498,7.310285085962236e-06
2025-07-21,7.141556283626711e-06,0.10214685334828054,6.96162291523485e-06,0.09907395600762786,6.7711658113530105e-06,0.09488898277938924,7.423380363950869e-06,0.12404877179825073,7.232543467081522e-06,0.1364011339928979,7.148873406763821e-06,0.13418049705458057,5.910404525184769e-06
2025-07-22,9.898803771698505e-06,0.13052013847051483,1.0013850075058926e-05,0.1283582731745401,9.709917353290112e-06,0.1280740562383131,9.03952093107594e-06,0.12271800423526846,9.687144117264684e-06,0.12747488043821356,9.39425326965991e-06,0.13345071575385195,8.55149850001038e-06
2025-07-23,8.010171905724845e-06,0.18753570403669584,8.598447299055945e-06,0.18693710388504128,8.372636482771824e-06,0.1871496266530276,8.205781708176988e-06,0.1972264695661795,8.24957474508681e-06,0.1892527462696613,8.255705358234972e-06,0.1851070388130741,7.618741262631488e-06
2025-07-24,1.046378366306317e-05,0.08773857342625051,1.0260458443743828e-05,0.09004412033425176,1.0766647667435176e-05,0.08796665909065117,9.762333217536482e-06,0.07516627434315691,8.950325787112452e-06,0.06882838902784394,9.224446615606717e-06,0.06663434872400308,8.002189135772045e-06
2025-07-25,7.254386955997642e-06,0.08587302786767241,6.9772217365151264e-06,0.08871480886253785,6.856153935275829e-06,0.08733656090680442,7.806347179238564e-06,0.09455606419654178,8.131073595279382e-06,0.10548475872433165,8.12650930102559e-06,0.10707197019460542,7.596554044013443e-06
2025-07-28,7.598388656500395e-06,0.1051085082476821,7.1216538141733515e-06,0.1101323277554435,6.994626762716797e-06,0.10794294990483909,7.433753406494459e-06,0.10609063498904193,6.954583173898171e-06,0.1145670612800392,6.945896643619952e-06,0.11260339332875975,7.434005622841355e-06
2025-07-29,8.477301925453638e-06,0.10278600556082663,8.319519096455192e-06,0.10089891430794862,7.947194147108116e-06,0.0995831897409671,8.421727471541202e-06,0.10329381750718679,8.022394344232541e-06,0.10906124037786301,7.91482381487707e-06,0.10437370562109405,8.703110196081599e-06
2025-07-30,7.620464876593311e-06,0.2171727345714566,7.961405572420681e-06,0.20872008435541853,8.305347649176452e-06,0.1872676143412401,8.126635600174941e-06,0.23261023203470307,8.343623434767098e-06,0.22579875502690624,8.51669951664829e-06,0.2136889337510313,9.230566918517003e-06
2025-07-31,1.7422780581374803e-05,0.10776767634872624,1.6590234873712292e-05,0.11077199517233666,1.6724969003145526e-05,0.11237180875194275,1.5983489514105157e-05,0.11183984609668259,1.5622213534021794e-05,0.11788399197381534,1.575069843546703e-05,0.12042056630253546,1.917522637857357e-05
2025-08-01,2.3777267724945863e-05,0.0729381538364217,2.156017195653329e-05,0.058772839726676816,2.2033644046716966e-05,0.05749465194731368,2.0115477197667628e-05,0.05602183887910459,1.9681996031348992e-05,0.05227939581686203,1.9669908686442417e-05,0.053483582324743976,2.0567584364377198e-05
2025-08-04,1.265422689482269e-05,0.11266782407317245,1.1367315439461298e-05,0.10636085697810195,1.1407745017871872e-05,0.1058974516265856,1.1627389852200288e-05,0.10337162091997802,1.0908249833333794e-05,0.10763397331826763,1.0810449110286774e-05,0.10656013131944202,1.1770246958176235e-05
2025-08-05,1.2146563187895588e-05,0.08533621581836226,1.155519427190856e-05,0.07922818174694755,1.1318279542186136e-05,0.07525980695064906,1.120033604551856e-05,0.06610406068666651,1.0709864044265966e-05,0.06728479175765352,1.0665426480659431e-05,0.0672638428882698,1.11573279350577e-05
2025-08-06,1.2142882443125802e-05,0.0825171537249143,1.1984352898784618e-05,0.08288806620496278,1.1967179714635835e-05,0.08218951857920125,1.138239887607576e-05,0.08910287089282097,1.1093943963229344e-05,0.07843629159503396,1.0998787227180103e-05,0.07362654871293266,1.0613089400234052e-05
2025-08-07,1.4342490107860592e-05,0.08216807794237245,1.3560784125390358e-05,0.08014783152971199,1.335062304711269e-05,0.08388839072782879,1.3345884924394108e-05,0.08026629054996332,1.2943142173970713e-05,0.08207249122009538,1.2688996965686025e-05,0.08616913463467661,1.3371263111459315e-05
2025-08-08,1.176808910740465e-05,0.12358341881336649,1.0956890427797772e-05,0.1236560014185734,1.1029946074144582e-05,0.11861562979458003,1.1257404404014234e-05,0.1127101836903839,1.0885048303151511e-05,0.11839981529147818,1.0838532316386398e-05,0.11730200005976317,1.1294988090853664e-05
2025-08-11,1.0321551122675549e-05,0.07414862306023408,9.538717917934273e-06,0.06984105477002527,9.487320609780062e-06,0.07068596002885577,9.877348280402604e-06,0.07607088951512515,9.665433221854357e-06,0.07330615137867748,9.81140951614808e-06,0.07234339082736149,9.403153061612068e-06
2025-08-12,1.1987974157133683e-05,0.12864862108757266,1.1379464018729467e-05,0.12655149619186848,1.1301692898364086e-05,0.12100260405672285,1.0678771158322827e-05,0.12142784020152451,1.071658592885054e-05,0.1218963916300853,1.0447290400780309e-05,0.1148820556563697,1.0140446381895395e-05
2025-08-13,1.110766942358417e-05,0.3663230119304835,1.1033357319531347e-05,0.36946919047116616,1.0899943521483613e-05,0.3754743911382765,1.108574589301045e-05,0.3982020018984711,1.079035351937611e-05,0.3809464023615474,1.1047757907552682e-05,0.3785815465523128,1.3616823511755985e-05
2025-08-14,1.021427741472107e-05,0.2340631224892522,9.847501667755328e-06,0.21320756653171155,9.865271865162421e-06,0.48061158932500964,9.846578188201103e-06,0.15442963115497266,9.721801021412757e-06,0.15497197179439023,9.85174125844426e-06,0.14904684955931544,9.327652415440483e-06
2025-08-15,9.215163672080374e-06,0.13088123703303653,8.673720057479706e-06,0.1285820167614557,8.60602038969807e-06,0.12704561977322948,8.776798386394042e-06,0.11936543794188674,8.789364081454443e-06,0.11451378649207065,8.76291138945916e-06,0.1050508868275864,8.266909608440063e-06
2025-08-18,7.269279417443235e-06,0.12606145534450275,6.936497093900124e-06,0.11897030980881566,6.87955977748833e-06,0.11873546102747508,7.0808313669080495e-06,0.11083110300726429,7.096443050161573e-06,0.10925998686134812,7.118761363721341e-06,0.11207004881198886,5.943794124561538e-06
2025-08-19,1.064856155856584e-05,0.1269151959774484,1.0415699031518552e-05,0.12839766825125054,1.0445960885981135e-05,0.12996753106696776,1.0747734045438945e-05,0.13086089158162806,1.0534069311625622e-05,0.12987092509162038,1.0615052992744849e-05,0.1285543596356016,1.2042224147353821e-05
2025-08-20,1.790930296764851e-05,0.08196357604938373,1.839334970335274e-05,0.08295300821025627,1.8695904258394515e-05,0.08409071451444639,1.6076726303696015e-05,0.08386357969649892,1.776306345984569e-05,0.07479739552483851,1.6859581698662003e-05,0.08117724690405405,1.623929795693668e-05
2025-08-21,1.0728576168700456e-05,0.08555882668220728,1.0805648603356695e-05,0.09107068440582215,1.0451762880768973e-05,0.0898646468162651,1.033513378001564e-05,0.08077680683086795,1.05568113363398e-05,0.09089467564509124,1.0363717076605079e-05,0.08825744435008215,9.312063454919567e-06
2025-08-22,1.657103540720019e-05,0.17995706413517634,1.5539627972139354e-05,0.16778359975789628,1.5513934481022354e-05,0.16604664260041951,2.3600404291963112e-05,0.17957750954116414,1.786183601755894e-05,0.14842878618471547,1.780417217061785e-05,0.15388710800993455,1.1279925326250747e-05
2025-08-25,8.188080133731057e-06,0.12930618177717831,7.802913043995137e-06,0.12099806758363081,7.84776818956303e-06,0.122792097528153,8.033101726465153e-06,0.13066775048285176,7.665333095113192e-06,0.11927112101880961,7.91931475540421e-06,0.11771864234924441,6.635158514770459e-06
2025-08-26,6.359805652684097e-06,0.21561765149089737,6.450321106022894e-06,0.21640967702906985,6.455816090968242e-06,0.21463537783260303,6.232910053932494e-06,0.19557508545382674,6.412561998164544e-06,0.190167457857069,6.4955331355031455e-06,0.1744143689969215,6.3862472114177314e-06
2025-08-27,5.986912104755866e-06,0.18254921487112172,6.462528325559286e-06,0.18177366213109625,6.56438730678655e-06,0.17719355562916791,6.448817450633162e-06,0.1923169968094374,6.5521966034293426e-06,0.20608755186394792,6.6042547573565125e-06,0.20237775112272652,5.1553268501059285e-06
2025-08-28,9.718674061165719e-06,0.07858322885788453,9.716349000483162e-06,0.08183305530201208,9.792067897733426e-06,0.08162882614487117,9.116340021228276e-06,0.07020389048600582,9.220827346723701e-06,0.0655423277136969,9.411770862830952e-06,0.06423387320271107,8.363752583037565e-06
2025-08-29,1.0254838433985209e-05,0.13157152136908615,9.828432854995094e-06,0.13076591325708026,9.862647812785679e-06,0.13181972170829248,9.715911331584859e-06,0.11929542246634339,9.140164508888442e-06,0.11028744675387991,9.581634519334905e-06,0.11574374536520497,9.638504453618197e-06
2025-09-02,1.1335298538589985e-05,0.1294596180103317,1.119192394522657e-05,0.12576631415141695,1.1445835930306598e-05,0.12554338607890095,1.0549774619019471e-05,0.1388172014635536,1.0463533391148642e-05,0.13849083368241358,1.0874518249106504e-05,0.14530791591699135,1.0820959962717061e-05
2025-09-03,1.0774452883023505e-05,0.07381374871894793,1.0970431614554224e-05,0.0736882696257446,1.0999255361422088e-05,0.07302969969249773,1.1181199145849729e-05,0.07654395980073776,1.0362459231341073e-05,0.06659648238648015,1.0232935640114256e-05,0.06836275796116649,1.038663231995713e-05
2025-09-04,9.415431811034309e-06,0.06572546232365707,9.447491115363202e-06,0.06671217411684954,9.274036509925384e-06,0.06415609079409773,8.511892589362579e-06,0.058361270581025027,8.520316243666387e-06,0.05905165075636445,8.445366828057872e-06,0.05715497166150699,7.88832524239308e-06
2025-09-05,1.8179858931865062e-05,0.07746324987789699,1.6542559435557363e-05,0.07372960934908511,1.6527160111093017e-05,0.07059973608183708,1.6298604238984743e-05,0.07990147659913525,1.398323853333944e-05,0.10212431741629462,1.4632921761698141e-05,0.09573086693596133,1.8078906512273408e-05
2025-09-08,9.461792418583474e-06,0.09509846253240713,8.834468334154334e-06,0.0894345547774854,8.789974771846182e-06,0.09055968813123727,8.881767822581772e-06,0.08405472186227096,8.486326599945481e-06,0.08263139662309034,8.34988895225274e-06,0.07987267543506761,8.073174291460718e-06
2025-09-09,8.23356003923335e-06,0.20453033350117314,8.112675242794193e-06,0.20641147814466318,8.04136046901074e-06,0.19941645474786643,8.485064838367534e-06,0.19099231481079018,8.121213028512227e-06,0.19444182352819747,8.030372126931518e-06,0.19988720822894612,8.56707756958968e-06
2025-09-10,1.1264919544670037e-05,0.06399718799781744,1.1361598700897644e-05,0.06405672239506649,1.1458391406515258e-05,0.06385943018128261,1.1037322879308096e-05,0.0732109869045421,1.1006599074292443e-05,0.06898456580881764,1.0821231375661315e-05,0.07016127532103444,1.1328970500983502e-05
2025-09-11,9.445874886534398e-06,0.11209859024899023,9.55226868718519e-06,0.11318520721727725,9.529615325204755e-06,0.10894474704800722,9.25099931193496e-06,0.0961226959225952,9.083868487315736e-06,0.09320844768008253,9.361698191180122e-06,0.10522465384525193,8.964162406923887e-06
2025-09-12,1.0595665067110217e-05,0.2107602770593503,1.0620292453035633e-05,0.20308647411828332,1.061297842193288e-05,0.19972235751622094,1.077459087323247e-05,0.1926607839331019,1.118463688099163e-05,0.18879388583214385,1.1474398223585867e-05,0.18490896390552577,1.0947951192193096e-05
2025-09-15,1.2230957135465945e-05,0.13534407695138326,1.215756360535332e-05,0.13649183080244742,1.2155283154632989e-05,0.13429493090684247,1.2535789871774867e-05,0.14005839360321856,1.2357785253078607e-05,0.1448000305266225,1.2969297215547654e-05,0.13821592877843783,1.3635956912103557e-05
2025-09-16,9.677761401570803e-06,0.09982154783467596,1.0064616944214076e-05,0.10138972617204728,9.932740029902442e-06,0.0987257996991802,9.97824531545708e-06,0.09434594224541809,1.0284537097273942e-05,0.10974740668225223,1.004792151920373e-05,0.09610943074332588,8.684014766742605e-06
2025-09-17,1.2851335945907321e-05,0.682418249010183,1.363953646569995e-05,0.6077043490300819,1.3805933419626471e-05,0.5783789690370919,1.595970544197085e-05,0.5839107963469937,1.6129421353461024e-05,0.4493624440568211,1.6063085272839505e-05,0.47279283716949,2.0011285577139104e-05
2025-09-18,1.1189115946485847e-05,0.10585466571500846,1.1516954768372581e-05,0.09623103947609189,1.1105632577823766e-05,4.019650448306192,1.0351517203603338e-05,0.08669426502735665,1.0273316621825078e-05,0.08283060460974401,1.0233843979595632e-05,0.08581747313617795,1.0866771111756495e-05
2025-09-19,8.923542759855419e-06,0.2566631221862745,8.82674949892141e-06,0.243246563021435,8.805919402830454e-06,0.23563167168276133,8.728179059713959e-06,0.17517010011223946,9.012301334578781e-06,0.1552589298934973,8.808275804267036e-06,0.16949012297392063,8.821696728146098e-06
2025-09-22,1.0109950735499684e-05,0.3965125155724001,9.945484621876673e-06,0.4056192564490073,1.0234122562623752e-05,0.4029559601153616,1.0679786753736069e-05,0.3678154813406222,1.0902272007545346e-05,0.367467683594707,1.1060604306048975e-05,0.36022015332028867,1.1696656919886995e-05
2025-09-23,1.1200309993034134e-05,0.15674479486025178,1.1227465175169293e-05,0.15284869101070012,1.1721306496353186e-05,0.16150960615041599,1.0953884835327555e-05,0.15322758065734413,1.0987229041200963e-05,0.15750684542589607,1.1247314275195278e-05,0.15353295903482314,1.1954533682945678e-05
2025-09-24,1.01849153362774e-05,0.08743240245957434,1.051991237446958e-05,0.09140951140259611,1.1103174234026289e-05,0.09707695517102873,1.0038372199334232e-05,0.08418906229446317,1.026442936932999e-05,0.08408104626519809,1.0464884716805545e-05,0.08862833373166014,9.385727542622495e-06
2025-09-25,1.3574225481253549e-05,0.08954542502417644,1.3757150299463275e-05,0.09067899645871617,1.3808452395906956e-05,0.08992955389475325,1.2544785768954874e-05,0.09458407966380543,1.2674640323412309e-05,0.09547093818993922,1.2805875769081019e-05,0.08873646550569529,1.3307600900851741e-05
2025-09-26,1.177707642804261e-05,0.09436290675811272,1.1586688702537816e-05,0.08959452651064559,1.1852906814356823e-05,0.08354991527583266,1.0756311231331124e-05,0.07677079192145068,1.0841307329968584e-05,0.07021282757947085,1.0844256380213092e-05,0.07120755650934206,9.875419382373302e-06
2025-09-29,8.53013377219281e-06,0.11872526256428058,8.400756619043307e-06,0.11275352046320869,8.33920072641793e-06,0.10410475024288436,8.832899544718386e-06,0.11456118333373687,8.763736594808044e-06,0.10838872726343059,9.075462513443843e-06,0.12120629915254144,6.9074157307179335e-06
2025-09-30,9.975443199885212e-06,0.10263513261525199,9.999525392420759e-06,0.10189044685334374,1.0503586505611958e-05,0.10009163922345894,1.0027509622712446e-05,0.08698802967919252,9.996209386953758e-06,0.08740286021894933,1.0174133001636576e-05,0.08955328546370768,9.793127788277302e-06
2025-10-01,1.0307079560875393e-05,0.11249193833604398,1.0632210818876722e-05,0.11073198347120616,1.1466148393596527e-05,0.10441993728919667,1.0023262963350204e-05,0.09864588567255202,1.0738283460178782e-05,0.09901092669125527,1.0791670792207876e-05,0.09998607996500924,9.559469069994262e-06
2025-10-02,1.4063921823470275e-05,0.1381721838531151,1.4458018397695567e-05,0.1402090285173387,1.4370960928572493e-05,0.14261516273446426,1.291165985546592e-05,0.15416029944769463,1.3781419426013896e-05,0.1451014401324293,1.3955902613918435e-05,0.14902132236701862,1.5884310639005373e-05
2025-10-03,1.418207253385295e-05,0.1716730196254247,1.4134671362843928e-05,0.163322519583735,1.4696594604473944e-05,0.15850481430146166,1.3901272014293043e-05,0.1704153954618847,1.3742078310516386e-05,0.15784209563018078,1.4235185250759306e-05,0.1563150961594771,1.4734774774539702e-05
2025-10-06,1.1913239210149462e-05,0.1588346929819943,1.1793481696164868e-05,0.15816673522115668,1.1830226573910768e-05,0.15930399086649602,1.098866415164168e-05,0.16255522439546471,1.1347202116570584e-05,0.15369346565975148,1.1398036172286856e-05,0.15454463550642983,1.0530087901027671e-05
2025-10-07,1.2868356490129835e-05,0.2026979816917079,1.2913835756748558e-05,0.20980264982384952,1.298888304260312e-05,0.2061633355322979,1.308902600371262e-05,0.20875867392252756,1.3040587891949691e-05,0.22494353981261986,1.317440616230084e-05,0.2145738609846366,1.7044151483169438e-05
2025-10-08,9.302583151997292e-06,0.09548663044106122,9.751059944904147e-06,0.10418287437545502,9.768365593715109e-06,0.10044134622968798,9.192546110335008e-06,0.0847301615527427,9.597873276453486e-06,0.09811511407776248,9.548306368974348e-06,0.09708542076315606,8.28933976072833e-06
2025-10-09,1.1186555642419194e-05,0.13857984655568248,1.1427285353813438e-05,0.13415899936739184,1.1529025195584018e-05,0.13121613962851114,1.113218110666165e-05,0.1551325956235262,1.1101109652760682e-05,0.16182951167533774,1.1119537521710134e-05,0.15447375774463942,1.1215601832639075e-05
2025-10-10,2.9435122850114008e-05,0.5977124607812508,2.882021377020645e-05,0.6161667543872618,2.924234956604275e-05,0.6204100586827617,2.8373960683347835e-05,0.6974436608579135,2.808460982755842e-05,0.6911881047099518,2.886963077486447e-05,0.6988357977689351,4.2614071512893306e-05
2025-10-13,1.5742004414849884e-05,0.10684435225643535,1.4904297435261205e-05,0.09589753793497935,1.4685165069624947e-05,0.09074505535543174,1.2707874458872289e-05,0.06790763599424186,1.2940589986257484e-05,0.07768661468962439,1.2632746000209127e-05,0.073221067145563,1.2263845035674615e-05
2025-10-14,1.4081062450674699e-05,0.1721668537388281,1.4049094344396016e-05,0.16902639070357425,1.3793071480520321e-05,0.1766229621956706,1.2444458092737693e-05,0.18266293226357988,1.2736820224135122e-05,0.18631447060182774,1.2283674220293428e-05,0.19302578742338772,1.427009372269896e-05
2025-10-15,1.5221049512634697e-05,0.20184992469595853,1.5808997655482568e-05,0.19488130670064352,1.594243412547088e-05,0.19998428962159245,1.533153620312201e-05,0.17157473053066755,1.5216003336349785e-05,0.1861093352915838,1.4956234068600906e-05,0.18510775557470874,1.6370060403338924e-05
2025-10-16,1.9701470065718765e-05,0.1368077653850512,1.970853780554451e-05,0.13553801035652205,1.9540233065237705e-05,0.13614174898626677,1.8363977748240895e-05,0.17076252296756514,1.9148962967429487e-05,0.1547324501446,1.9061707502108504e-05,0.15666766025500803,2.2530205004074036e-05
2025-10-17,1.8769940831791227e-05,0.04768896497135717,1.8328742786639225e-05,0.04226699272960257,1.8374654516111554e-05,0.04377105884898034,1.562731634652642e-05,0.03668885581871215,1.6357045953774012e-05,0.03533664964122762,1.6341798665481103e-05,0.04040513854300253,1.6109003446308547e-05
2025-10-20,9.85696244726873e-06,0.12606632328422077,1.0289828077139225e-05,0.1628279094605254,1.0793923677710542e-05,0.20126393235423576,1.0132664302444434e-05,0.13253674138533572,9.241880872899454e-06,0.14163384132866208,9.240561796522805e-06,0.14646004741735918,8.915440053310733e-06
2025-10-21,9.204599822324971e-06,0.14185510374254706,9.576157486714487e-06,0.1460569620555224,9.633676763997125e-06,0.14252492809789383,8.740720797749622e-06,0.13055821659423159,8.725299832170182e-06,0.13921760185015078,8.805936324837774e-06,0.13165283084486049,7.164680641601691e-06
2025-10-22,1.6686025764686184e-05,0.3020932493039398,1.754448624499375e-05,0.2827085298265914,1.7483431944063625e-05,0.2913013013709887,1.719247584503489e-05,0.3189676879255177,1.7504508945541693e-05,0.3165257130364425,1.6750417886142503e-05,0.31889485505730913,1.94835579756317e-05
2025-10-23,1.4232071528254269e-05,0.1210403047902625,1.443856092140927e-05,0.12743054660815997,1.4443350668000919e-05,0.12527593980685922,1.3264072132231293e-05,0.1054929956718428,1.2728897505452318e-05,0.15007208073972475,1.2691488446935563e-05,0.14319516903982465,1.3289521314269977e-05
2025-10-24,1.0066364531093338e-05,0.12008499022927359,1.0190977651046337e-05,0.11947882822682866,1.0246070121037528e-05,0.12259511725960498,9.101714818279619e-06,0.1238005388946684,9.861053372121228e-06,0.13621027411236228,9.926770141657674e-06,0.13289076104517314,8.92611315786333e-06
2025-10-27,8.768836398014958e-06,0.2906279768288513,8.775358618914842e-06,0.2711197791153617,8.992269149208149e-06,0.2628611430976798,9.010391124633612e-06,0.2767038520347868,9.331167225010168e-06,0.26324684854483765,9.648387607668748e-06,0.2622168510082611,9.148501016124031e-06
2025-10-28,1.244407278260732e-05,0.21932259584622724,1.2904255154520436e-05,0.21074276370187853,1.3064234014451245e-05,0.20072262065793312,1.2859761382690021e-05,0.20222972642985312,1.3356398649735299e-05,0.19388208689481512,1.3715095525208484e-05,0.184560568777527,1.4254257470722366e-05
2025-10-29,1.607728285903275e-05,0.285081897152281,1.7145470052012954e-05,0.2663184342630312,1.7253300170111412e-05,0.26352335442048225,1.5993558022911805e-05,0.28959848372743585,1.6570304260215952e-05,0.2620001004680339,1.733383296972074e-05,0.26382411242765563,1.9685136075199488e-05
2025-10-30,2.3834585738703924e-05,0.08935246096974292,2.4041813517477957e-05,0.09164493484063559,2.5046150719073087e-05,0.08836815216769389,1.977578934281613e-05,0.10219861310097317,2.11851523880354e-05,0.10468255399813847,2.045912824470789e-05,0.10111121392970573,2.17747893761229e-05
2025-10-31,2.2118479115272623e-05,0.11302298602093658,2.115351337530421e-05,0.10655122963603214,2.1779894951981385e-05,0.10439206952022599,1.9731512930144032e-05,0.09513352646069369,1.923323679246848e-05,0.09485331228151844,1.9456030675898333e-05,0.09056636125457838,1.912555199194732e-05
2025-11-03,1.7889069628515814e-05,0.10092016475869853,1.7016612649625073e-05,0.08991169714291047,1.7070548333307282e-05,0.0888808526226093,1.571220977691359e-05,0.09427432802853836,1.548056595287818e-05,0.08452856431007533,1.5407779726578666e-05,0.08395178927063528,1.5607173538640945e-05
2025-11-04,1.6462036864302683e-05,0.05498987581735313,1.6192230636999974e-05,0.05279254879759491,1.6487064902310553e-05,0.05528498073910437,1.55162105595988e-05,0.060957440981429946,1.4852474584784719e-05,0.06154598874395487,1.509342223335831e-05,0.05988421259557584,1.5873501536343338e-05
2025-11-05,1.4811825965709976e-05,0.24250444188482267,1.5429725263211467e-05,0.2353478500471872,1.563771200115504e-05,0.24818219370204173,1.3995241376166412e-05,0.22038691085168052,1.3796599467079407e-05,0.2068046605211491,1.3841526308128617e-05,0.20464816152536972,1.44014227430725e-05
2025-11-06,2.8301910611208348e-05,0.08362197017465595,2.8359175858785786e-05,0.08367012532873558,2.9521549258560286e-05,0.08306271882262826,2.741096740002151e-05,0.09634975237154646,2.670112160417775e-05,0.09533710497675658,2.5834556938483084e-05,0.09784069939371202,3.432097560699032e-05
2025-11-07,2.8513054183608178e-05,0.06023921288937861,2.7514529611824378e-05,0.06066536397353394,2.8456781410552092e-05,0.05983819110137001,2.4031271374389527e-05,0.05846135412936829,2.2662613260731647e-05,0.0647600143789109,2.3673484642122168e-05,0.06258369669300581,2.588735368885567e-05
2025-11-10,1.593529180419736e-05,0.12838546589442548,1.4979280213916788e-05,0.12174799026289242,1.4981451369319731e-05,0.11977930870377086,1.4795053026979714e-05,0.11789823209074364,1.4363958064530036e-05,0.11754056158631081,1.4154478876886406e-05,0.11841491073571497,1.4851658788177362e-05
2025-11-11,1.1189255824113191e-05,0.08920196250962142,1.1138132502485562e-05,0.09189963185721957,1.1264649509320674e-05,0.09587840576325522,1.1033570597723004e-05,0.08242043266068656,1.0750783681257528e-05,0.0854825496823645,1.084185251781743e-05,0.08706026197904954,9.157803495709389e-06
2025-11-12,1.3831482033419789e-05,0.09456735321660303,1.4395948060757008e-05,0.08967524507447917,1.4663642019596195e-05,0.08867141989168616,1.429523705020892e-05,0.09950144034334095,1.3461319006106834e-05,0.09582009957312172,1.3310473009374907e-05,0.08896829919596505,1.4216439712049794e-05
2025-11-13,2.309480162849281e-05,0.05036898599114464,2.3147725766451197e-05,0.049995483121135366,2.374929120936335e-05,0.04743503827256417,2.139163211876415e-05,0.06057228789348812,2.1453701667136763e-05,0.05745078533225686,2.180043341322499e-05,0.055167640778638394,2.5831561329905206e-05
2025-11-14,2.716980602307312e-05,0.0742050219120396,2.6452630694369445e-05,0.06972871736125712,2.7081181824884905e-05,0.0709048736458413,2.3781345267953813e-05,0.057552720950416185,2.3411859271885724e-05,0.05595810772701437,2.3356114594185237e-05,0.05442305445065315,2.416064905224829e-05
2025-11-17,2.2473950474774285e-05,0.08250825478594866,2.1668559150926376e-05,0.08159298414969507,2.1747406563846964e-05,0.08078718451312651,2.033700640945874e-05,0.08857951436078708,1.9867513330396824e-05,0.08874481358391806,1.9361232997577036e-05,0.08568951086482357,2.125809180177418e-05
2025-11-18,3.476311424821377e-05,0.06387101317489309,3.5038443889087724e-05,0.06347122267436568,3.5557792638432075e-05,0.06321630514783257,3.154134419617019e-05,0.0874215659579853,3.089972491956458e-05,0.0894619801667596,3.0283864839855917e-05,0.08763046617059543,3.4615359737489356e-05
2025-11-19,2.2898750723767114e-05,0.07848775219739698,2.4233745064900604e-05,0.08462444996370623,2.5157387541253757e-05,0.08596672854605932,2.312542615361716e-05,0.08497720338938498,2.2597062997864254e-05,0.08306960680168007,2.19627223181162e-05,0.0791659387803378,2.1021122954880233e-05
2025-11-20,4.5851089328453975e-05,0.10786234018256341,4.595990145142781e-05,0.10552718478382019,4.693738179961239e-05,0.10201967565164625,4.9691792550168806e-05,0.1121085642096656,4.756625058059848e-05,0.10996084182108978,4.63348492224505e-05,0.1140865991399071,5.768936967559896e-05
2025-11-21,4.5225800448705685e-05,0.13721338149875476,4.412064554070956e-05,0.14086670336067295,4.634067411370873e-05,0.13888367855647074,4.168478323404311e-05,0.13528878075014097,4.0702501388833674e-05,0.13109248081524835,4.09390275266639e-05,0.13632144431785204,4.324988607390365e-05
2025-11-24,1.9803084480002356e-05,0.18403119773444773,1.8143037976222914e-05,0.1662890164923513,1.8652125223885606e-05,0.16715744453371084,1.712422093652737e-05,0.12443624431593077,1.5919690464923237e-05,0.10415570663123774,1.600265095713109e-05,0.10470418553031803,1.3358896311908833e-05
2025-11-25,2.0376981176974507e-05,0.14168313539121263,1.9329777933412015e-05,0.13197569573775073,2.0266663687895493e-05,0.1398674022686616,1.7932541303932715e-05,0.1069695932139384,1.631535509883723e-05,0.08178912018758583,1.6857752209255754e-05,0.08383251697822718,1.4706874757241075e-05
2025-11-26,1.2043981949401305e-05,0.1610245911752142,1.203031516123136e-05,0.15965690513007597,1.2202261811035799e-05,0.1608678292790752,1.2613310557669019e-05,0.17430039346373707,1.0471225082368461e-05,0.12595278511285501,1.0537099900959039e-05,0.12468970732024968,8.405442478705599e-06
2025-11-28,1.0536478210926916e-05,0.10254397844222445,1.04029206349811e-05,0.10008361779412277,1.0706085790246904e-05,0.10867583229130685,9.476407890117316e-06,0.08047619801464921,8.966619876938315e-06,0.06965708247241391,8.991500983949052e-06,0.0677731283129384,7.720740188718107e-06
2025-12-01,1.0274364993523542e-05,0.11310675512271796,9.647770491489772e-06,0.10420694177568822,9.49439082500513e-06,0.10170031185742183,9.023606282443527e-06,0.09528835638128007,8.883946457077963e-06,0.0928691794733546,8.720424261101775e-06,0.09654891122737942,7.616479509139074e-06
2025-12-02,1.2391235256792417e-05,0.18491520172808598,1.2101915878243316e-05,0.18076092780099173,1.214285525575428e-05,0.17327946522581925,1.1840364408404624e-05,0.15878029117087758,1.1463375013231308e-05,0.14889210178685833,1.1501178509845559e-05,0.14548018318398553,1.1773373180886377e-05
2025-12-03,1.1670270732025526e-05,0.1713887580300263,1.141956931150095e-05,0.18564723964462723,1.1540792617297747e-05,0.1795985828807549,1.1134506011187858e-05,0.18401285460092995,1.0652693890467641e-05,0.17611482847790258,1.0700884101383881e-05,0.17759049639177396,1.0852806732073536e-05
2025-12-04,1.2776328972810767e-05,0.11225162533844608,1.2730345574505569e-05,0.11234920014672622,1.2728812631841117e-05,0.11063441884500819,1.178388373030544e-05,0.10987305948087311,1.1704118914434936e-05,0.10929794236816877,1.1956252542850392e-05,0.11350510998283013,1.0702064224957223e-05
2025-12-05,8.891089712747761e-06,0.10847654779800851,8.774310641551647e-06,0.11432872752354782,8.795197208618059e-06,0.11441813127042204,8.256810958179107e-06,0.08616544379536789,8.238495374743524e-06,0.08954720183350794,8.29921071238749e-06,0.08923649364413062,7.203845577110956e-06
2025-12-08,9.94017350606008e-06,0.30362305795238104,9.574827824280088e-06,0.30906265937525473,9.606360031356593e-06,0.3101613947503767,9.562509570027974e-06,0.3416230004798811,9.70556325661653e-06,0.3305733375250099,9.612324929136847e-06,0.35003401334890455,1.0326798243134831e-05
2025-12-09,7.058538501744317e-06,0.12837762446900222,7.173659596768002e-06,0.1364581006711015,7.143810467670589e-06,0.13446014153053165,6.811795356815904e-06,0.11872541780749198,6.970699379462799e-06,0.1240619063646587,6.931117110892831e-06,0.12212238238495475,4.998253837601026e-06
2025-12-10,1.0298121396831595e-05,0.3198792803604134,1.0517726748487635e-05,0.28264846318160725,1.0597479425260368e-05,0.2797487128858585,1.063163666472846e-05,0.28143552609049,1.0796719484270479e-05,0.273082193328195,1.0862902342483331e-05,0.2763028098262233,1.2395922149576262e-05
2025-12-11,9.776278221196321e-06,0.12679728387752576,1.0003636492530801e-05,0.13294774050760697,1.0113282546852639e-05,0.13409040798121855,9.38996529978579e-06,0.11970122999406459,9.402207220184573e-06,0.10838556353573142,9.54431029279874e-06,0.11769820559831064,8.733458110781803e-06
2025-12-12,1.584239352586729e-05,0.12767308729772317,1.5229906014756577e-05,0.12471942772023252,1.5233123568951478e-05,0.13316800134565804,1.4838150552849087e-05,0.1279316333748143,1.472469658616299e-05,0.11997954077805713,1.485185595207449e-05,0.12098945850326791,1.8292082139571976e-05
2025-12-15,1.5372233790574517e-05,0.049942484853664225,1.4800464764046275e-05,0.04636018372737082,1.4988528107867129e-05,0.04875559600769914,1.3927207482994394e-05,0.03648518553534954,1.329134202190856e-05,0.03526642801571781,1.3697608736596212e-05,0.03612913950292073,1.3562951106436633e-05
2025-12-16,1.4748397192482619e-05,0.07448402237877177,1.4551162375004334e-05,0.07445888385971856,1.4794893128339571e-05,0.07755435506934193,1.3037790777309532e-05,0.05144680624774456,1.2406640273461545e-05,0.04630527905706703,1.2701264134064942e-05,0.049015828058390463,1.1266405381750808e-05
2025-12-17,1.6167242891177765e-05,0.07080284388227333,1.670595466931468e-05,0.07457664050919331,1.7040753246258965e-05,0.07202365867493983,1.547137356212447e-05,0.07877252976945023,1.4748990652312204e-05,0.0746535639537349,1.544728334295553e-05,0.07387976408000085,1.6140920238759236e-05
2025-12-18,1.4351469708270407e-05,0.10368891040063978,1.4455350583105714e-05,0.10347689252937399,1.4637336636709374e-05,0.10564156125296303,1.329435203639341e-05,0.10732009418821002,1.2696460946564575e-05,0.10889358211015558,1.2604297380886982e-05,0.10500937047512476,1.174365102319234e-05
2025-12-19,1.051440304076906e-05,0.22530923973587383,1.011880945010162e-05,0.22398468402865046,1.0249201756290329e-05,0.22454629218203193,9.670926382552607e-06,0.178273496646256,8.632670489446898e-06,0.17047094200643,9.238781081841494e-06,0.17571580660666605,8.97331931253961e-06
2025-12-22,7.663946923423077e-06,0.13311346555708142,7.151367804737214e-06,0.1233649963730881,7.2050743934461556e-06,0.1249239619835663,7.5834402160434395e-06,0.15901766238010567,6.93255240247568e-06,0.13578484606731647,7.1383074305552606e-06,0.1332622899991057,5.97038664213981e-06
2025-12-23,6.1891016210534e-06,0.11834458254897762,6.035843161471929e-06,0.11538394338128823,6.155210447129645e-06,0.11539062690948232,6.530513226663458e-06,0.14133737640854094,5.515179666560351e-06,0.10981340763363305,5.6990839645487216e-06,0.11254502451817117,4.728860161810821e-06
2025-12-24,5.056863631916945e-06,0.08988755322136033,5.388433433820116e-06,0.09171659798039371,5.5514041012047e-06,0.09315036461365173,5.568544321971026e-06,0.09448640583111427,4.6129288883291e-06,0.09099676542654701,4.969857159514661e-06,0.08898934502752048,4.779669598827537e-06
2025-12-26,4.442328819573928e-06,0.13068479368847186,4.376099651983951e-06,0.13046794096229938,4.4486819773802225e-06,0.13019983252346004,4.488219572980909e-06,0.13919970989101596,4.372405457559096e-06,0.13299013874309104,4.56002587660058e-06,0.13694688443870517,3.5351408925187784e-06
2025-12-29,5.586744189024091e-06,0.08182874861750357,5.460622269762202e-06,0.0804858015302959,5.5617949993092755e-06,0.08173302050729453,5.045442557366052e-06,0.08119067256822847,5.1096683849806465e-06,0.07479245393163954,5.002434561973561e-06,0.07256681210894365,4.224899058052083e-06
2025-12-30,4.461557560326365e-06,0.09247142385254414,4.557764300695027e-06,0.09945147799832733,4.687960185924816e-06,0.10201114500339444,4.439151868290945e-06,0.10198986299691794,4.346656965712984e-06,0.08937816661090629,4.215337664105043e-06,0.08721054932108774,3.4219483985079307e-06
2025-12-31,3.819898447349028e-06,0.09554393795108897,4.0887124615055725e-06,0.09672391481034653,4.275760435506477e-06,0.10297521486932121,3.899881986764124e-06,0.1295851006349347,3.8342921689717664e-06,0.14978583264777243,3.924628438589231e-06,0.12028306760122826,3.4548359720496594e-06
2026-01-02,1.2007659939036934e-05,0.0853226827680753,1.1563218762195776e-05,0.08633960990216936,1.197110158151933e-05,0.08768508697493264,1.0733344652779517e-05,0.09865928811028069,1.0780428510440205e-05,0.09991300535666542,1.0640961976650713e-05,0.10635630564226939,1.2807568709100957e-05
2026-01-05,8.75762640022648e-06,0.10399887784641515,8.551145173045584e-06,0.09977642923841949,8.588316073775383e-06,0.09866306470707542,7.640384941213602e-06,0.09992568530589209,8.075376417378294e-06,0.09064638474771565,8.013112610276724e-06,0.08798639951489172,7.546591752097697e-06
2026-01-06,8.8282787656949e-06,0.12477054023475788,8.954327087025714e-06,0.11914166733621602,9.112106702671816e-06,0.11398696574794416,8.881886228487324e-06,0.1362334590176355,8.973127603271938e-06,0.1310770441640022,9.11985199204564e-06,0.12490408878860852,1.0847532285335063e-05
2026-01-07,9.676933545843014e-06,0.11798251613783924,1.0133669777080485e-05,0.11985627291014976,1.016451125642022e-05,0.1206197930546608,9.281323330524782e-06,0.1188146570623102,9.00254209117168e-06,0.11589482000417395,9.175318535206964e-06,0.11212934863364936,9.904790427722961e-06
2026-01-08,1.0134118882633184e-05,0.08043261247562858,1.0419591823183899e-05,0.08424863782070975,1.0631073985063104e-05,0.08810991927955403,9.376265339407692e-06,0.07297670695135641,9.68294285529086e-06,0.07296003269719939,9.761477272596155e-06,0.07460427048585108,8.451629165110641e-06
2026-01-09,9.804408580336388e-06,0.10208967725368018,9.362960380288947e-06,0.09463191644237813,9.343196738860507e-06,0.09232400256726779,9.071767245514702e-06,0.08608484329025524,8.999883627892686e-06,0.07861428466065272,9.062153506360649e-06,0.07739463796619094,7.456685500446055e-06
2026-01-12,7.282769209212017e-06,0.14412408545229385,6.908606661345516e-06,0.14509884245255772,6.806601040588934e-06,0.1409103041117061,7.01543163611701e-06,0.1400382555248619,7.040134636222365e-06,0.14357159772600842,6.986257247566097e-06,0.14865895784045538,7.095560078537933e-06
2026-01-13,1.0341095996539053e-05,0.08053974454929287,1.0054179216118732e-05,0.07758109764070358,1.036463694087591e-05,0.08162722402675916,9.876600510164195e-06,0.07700743623501975,9.759424664522613e-06,0.0751139257006795,9.927596832166542e-06,0.07773462609429843,9.640788164172791e-06
2026-01-14,1.1021790522050208e-05,0.1464698674419472,1.1245360142496147e-05,0.14127475215048935,1.153636550872182e-05,0.14105190646557722,1.0894358125839259e-05,0.1660240632561486,1.07684229422834e-05,0.15784187160432808,1.0920905131738681e-05,0.15710521035040784,1.037343779843528e-05
2026-01-15,9.472502710190324e-06,0.10809970835837042,9.39827636518407e-06,0.10796005625584448,9.560066020901675e-06,0.11034098216964004,9.264977970859998e-06,0.11212063217852945,9.210978951967634e-06,0.11150717805005356,9.234814635762358e-06,0.11189555645729761,8.548818959066136e-06
2026-01-16,8.009462247794684e-06,0.12319422364823135,7.343346381942531e-06,0.11975597132283429,7.380237063464743e-06,0.11780121012715918,7.626720684354859e-06,0.11898787373205567,7.4319952494368795e-06,0.12579105946612293,7.491837425269966e-06,0.12399237619822441,6.929318568504807e-06
2026-01-20,1.094010449628447e-05,0.07989738487738694,1.0891012760437505e-05,0.07829887693029967,1.1411417181372873e-05,0.08431809009497239,9.791504122493624e-06,0.08681842849446124,1.024661589106763e-05,0.08463672703760074,1.0553562406427031e-05,0.08471412110247972,9.930764231217728e-06
2026-01-21,1.4687694517257942e-05,0.6253558702982857,1.4942736545566873e-05,0.5940494497469642,1.531809397973779e-05,0.5659659901633672,1.4707513191878463e-05,0.6522426149977926,1.4854325988157497e-05,0.6321816424839969,1.4688173933345385e-05,0.6063541923239478,2.0834190992079358e-05
2026-01-22,1.150502377445022e-05,0.1455732128428958,1.1729513723045138e-05,0.15108961836668156,1.1651000771118821e-05,0.14815576939745967,1.1395781819097262e-05,0.14847461781512844,1.1500328004087433e-05,0.14411890285674955,1.1641470912709766e-05,0.14662065653798248,9.585434417503418e-06
2026-01-23,1.0913658081234417e-05,0.10422853722744357,1.0832904287301074e-05,0.10107194972385121,1.075064007042401e-05,0.09722911892256109,1.0831900219217977e-05,0.10413033019543101,1.128711353947919e-05,0.11304128138668573,1.1025929191918523e-05,0.10752810519832755,9.661086383609942e-06
2026-01-26,7.865830297809871e-06,0.12192830620269994,7.940342787360878e-06,0.12425064198066275,7.88316515785206e-06,0.12218772619335556,8.219390720391407e-06,0.1349319963618965,8.77195093195599e-06,0.1516784857073805,8.528976587199153e-06,0.14349142932417505,6.873364809608574e-06
2026-01-27,7.358823670551729e-06,0.07915329006035224,7.893028894390958e-06,0.08572846822229674,7.80179155987282e-06,0.08147517263234082,8.296721878297091e-06,0.09118278505220105,8.614944975421515e-06,0.09937129229094167,8.527408380165503e-06,0.09646491045580367,6.672576025646344e-06
2026-01-28,9.544595486075123e-06,0.16808721690410952,1.0548847389186543e-05,0.14865868944515384,1.0443413775761402e-05,0.14607815922938563,1.0272435589900071e-05,0.12054421258276193,1.117966629948869e-05,0.1233855310499773,1.1007190541043572e-05,0.12620894544022512,1.048246099610804e-05
2026-01-29,2.5419111876497143e-05,0.10781482699946254,2.318034744727163e-05,0.10331913155755236,2.3908436583459338e-05,0.10232543546656346,1.947968242228088e-05,0.11706389206156163,2.004751404887087e-05,0.11886101301387018,1.9921218512599875e-05,0.12193737775914211,2.2459601918169993e-05
2026-01-30,2.3356790645327645e-05,0.05859037923190669,2.1545967580747025e-05,0.049951378006075624,2.0808102579347924e-05,0.047277407516026076,1.9538893333430204e-05,0.057338027041222726,1.92207764065554e-05,0.057179967329182235,1.898296102202308e-05,0.05297715111847514,2.102936455237035e-05
2026-02-02,1.4855617687919848e-05,0.2122731767192624,1.1531602816529783e-05,0.2715110870253934,1.1620244041259979e-05,0.25563970816805365,1.3233170448930844e-05,0.29947303924169527,1.27464938416617e-05,0.25894111403591497,1.2447138790652937e-05,0.2516032328070849,1.4994668308216466e-05
2026-02-03,2.2144445446574317e-05,0.06005649618304574,1.903981570361357e-05,0.09596303477203898,1.958617486591862e-05,0.08374463412633136,1.9531203848040054e-05,0.08662886177035799,1.9406018065555416e-05,0.08700657399365674,1.9579629447157764e-05,0.09793044963282442,2.4939693677972142e-05
2026-02-04,2.9680887824971327e-05,0.08117789078879416,2.7405348886302582e-05,0.08774753100002879,2.8320646997159695e-05,0.08117869476727452,2.4374254150814066e-05,0.10776861780963688,2.497292778285332e-05,0.09885316833797585,2.680853398243934e-05,0.08930110418319724,3.1314498252380474e-05
2026-02-05,3.4444772538289536e-05,0.057844026187414715,3.4181744482665474e-05,0.05756958462405836,3.585140969293905e-05,0.059594048961792746,3.019366665353401e-05,0.05882324193378815,3.120095459002899e-05,0.0565979628385976,3.086467116818403e-05,0.05324211141116483,3.0379797322818444e-05
2026-02-06,2.7425974051571852e-05,0.11906674886086684,2.5955455282215914e-05,0.1160192489608471,2.6901668481913537e-05,0.10903868393667926,2.3522284900822046e-05,0.11313396051401582,2.334648015542354e-05,0.11723614150916696,2.3365958531413033e-05,0.11529899044933413,2.535194593445637e-05
2026-02-09,1.7741679212727438e-05,0.13055743384794477,1.5384803348631535e-05,0.12046497857328949,1.57363766041392e-05,0.11845886763356389,1.630817762121185e-05,0.12564641247857863,1.6106674547593602e-05,0.1213510946311211,1.5549128145876258e-05,0.11601834137811749,1.4155819189340545e-05
2026-02-10,1.4883212660859952e-05,0.10781746921393719,1.3310741966275377e-05,0.0941762590532698,1.364211492266294e-05,0.09410982589660723,1.3897996177860577e-05,0.10660526515848284,1.3271397435259379e-05,0.09170136766706073,1.3690117942452279e-05,0.09426338992954146,1.2035454494675318e-05
2026-02-11,1.9825729386190725e-05,0.12869105912443676,1.7932715854003045e-05,0.12554986075092914,1.7753056272001274e-05,0.12840011968064524,1.94656518147625e-05,0.15497962007417523,1.7464687395534127e-05,0.13134215146836528,1.7202738618640302e-05,0.13295453589470876,1.8580837621899787e-05
2026-02-12,2.414487569657925e-05,0.05701791138356546,2.2553426340934804e-05,0.059370886177103455,2.3392055980011448e-05,0.06050480320909336,2.186940842251514e-05,0.06732824196106785,2.155661071463404e-05,0.059352530428045135,2.178999069008024e-05,0.05820718870645563,2.4675471472783998e-05
2026-02-13,2.465970923811565e-05,0.07598756506311961,2.345325971791943e-05,0.06891147316898155,2.360767923720562e-05,0.06994903640817851,2.082702506039938e-05,0.0707498956228686,2.0670961966805248e-05,0.0650164451774186,2.078892105942246e-05,0.06675827136471442,2.1513538204111878e-05
2026-02-17,2.344112960332004e-05,0.08118258607516521,2.2204098604071095e-05,0.07419605853026014,2.3160373370888693e-05,0.07941735625914219,2.1037570009492818e-05,0.0691973834435482,2.0989377833674082e-05,0.07154301798287958,2.17655747418965e-05,0.07480869155222504,1.9081210906313643e-05
2026-02-18,1.2383970816406555e-05,0.10046581809807414,1.1664751051597537e-05,0.08800387216029538,1.1693228523967697e-05,0.08674679667088886,1.2577011408667268e-05,0.11365425413289748,1.1909560313729187e-05,0.09479622418693162,1.1899707538617261e-05,0.09076627177655944,8.88719931863166e-06
2026-02-19,1.3452624916943751e-05,0.08011113638496249,1.3041146318429521e-05,0.07712134044398704,1.3430234002962938e-05,0.08345455859672148,1.2797254220522093e-05,0.08771584525286112,1.2498161250448588e-05,0.08459810406378619,1.2360554879083555e-05,0.08456933800289368,1.1273285026743344e-05
2026-02-20,2.2887028046465374e-05,0.15320023225641288,2.1594976496021644e-05,0.14552590060303827,2.175832225940788e-05,0.14625780531158902,2.1432398935572352e-05,0.1328629192952833,1.9628233517132086e-05,0.13415655823639105,1.9515262274176673e-05,0.13175249653938312,1.9172638507543877e-05
2026-02-23,1.3280942727521523e-05,0.0765337844582979,1.2222048972031157e-05,0.06419256728237548,1.2641389983566663e-05,0.0688289066065532,1.1706290408195261e-05,0.059740564562513025,1.2592346350771411e-05,0.0682224281813764,1.3311898934741854e-05,0.07601923273434023,1.0544327436734903e-05
2026-02-24,1.2148956308693353e-05,0.0846518120893182,1.1743887346442002e-05,0.08446259586558356,1.1961423889296261e-05,0.08646441497804917,1.0975182334952506e-05,0.0786108911291937,1.1697307893565481e-05,0.08828676978719467,1.1409904445128997e-05,0.08447617499881233,9.96689521312278e-06
2026-02-25,7.63215172870882e-06,0.09409688257705527,7.695765104654188e-06,0.10407683272203365,7.675940857017894e-06,0.10459393077795753,8.405787225563388e-06,0.12457617688967239,8.287159959739927e-06,0.12256095845401464,8.33705612497897e-06,0.12323301039787558,6.218711626956371e-06
2026-02-26,1.6592565066605638e-05,0.10139548804395349,1.6228275539152216e-05,0.09795328475293218,1.6468006219922163e-05,0.09970934517016576,1.5964683261104208e-05,0.0923250411742577,1.584717864439163e-05,0.0933744216483589,1.5878367926096192e-05,0.09185287197197574,1.6435841406993983e-05
2026-02-27,1.475494463342528e-05,0.08200225551890424,1.4552161928173887e-05,0.08123038806900153,1.5011088845557927e-05,0.08418297264431455,1.301951757636705e-05,0.07012990764455075,1.3297332035003011e-05,0.07171393741762888,1.3561261001964757e-05,0.07292877023737038,1.3591113139747951e-05
2026-03-02,1.6428209449638886e-05,0.09178109807532948,1.4693494123476024e-05,0.09924222264666367,1.4664980639036934e-05,0.10222175775422415,1.447395975910747e-05,0.1103409434194426,1.5447250897061834e-05,0.10582997599083525,1.467965188707456e-05,0.100515363331856,1.5787469214774148e-05
2026-03-03,2.3206776836166626e-05,0.07848769279429088,2.2245577880273112e-05,0.08178105146080375,2.246586941477803e-05,0.07963972525105568,2.0877503794903364e-05,0.09150632476804503,2.13992212419097e-05,0.08482044765654552,2.1582493742688235e-05,0.08648831450687854,2.301026939574865e-05
2026-03-04,1.6099694430820538e-05,0.11245262026874066,1.546473594237854e-05,0.10573090096450911,1.5254083143141492e-05,0.10267605275596338,1.495446630936864e-05,0.11180523296036994,1.5280385231407093e-05,0.10955992555614924,1.4761980670309049e-05,0.10398320975052505,1.3086383113195436e-05
2026-03-05,2.092120590681399e-05,0.10990982378163561,2.056032169540329e-05,0.11682848806204633,2.0682091164249956e-05,0.11335710098706081,2.022282739602922e-05,0.13496509688010772,2.0003098196692014e-05,0.14670131742824152,1.9536819667989814e-05,0.14883314293964037,2.415949844749957e-05
2026-03-06,1.7045491336297176e-05,0.0750654422632253,1.75196404421574e-05,0.07062508781909052,1.739933969275292e-05,0.06866403242146832,1.5690490128294105e-05,0.08590343946089302,1.688951516702241e-05,0.07562174303859148,1.7111832126436915e-05,0.07504627920759813,1.6946496238079633e-05
2026-03-09,1.7970131656001756e-05,0.3725330757723064,1.711847481564276e-05,0.3906261588411186,1.7390029937202793e-05,0.3943120627914422,1.6134211352386725e-05,0.4093329878983454,1.713478335014634e-05,0.38970632074932426,1.7281269657138405e-05,0.3899951141027022,2.0034463850065354e-05
2026-03-10,1.6439552258640758e-05,0.14876407693622543,1.588375767157919e-05,0.15311119758047181,1.5853730126550753e-05,0.15444505147047852,1.5520398045438096e-05,0.1426468143363284,1.5700424736973205e-05,0.13508256876943625,1.5273502098537085e-05,0.15157979764087548,1.5497103450109276e-05
2026-03-11,1.432685563947032e-05,0.14858003646512224,1.4174514367708877e-05,0.14582897210073967,1.3935515454784392e-05,0.145351756581094,1.3898743262024915e-05,0.15609727208293825,1.4343177819324784e-05,0.15610447458196727,1.4277188333023017e-05,0.15538695748833584,1.2263326645479527e-05
2026-03-12,1.4645052987676148e-05,0.09643094905017657,1.5234197263683051e-05,0.08936550586064379,1.5537222581902478e-05,0.08826813079313656,1.4762970538250986e-05,0.09657110787332153,1.5250108011181233e-05,0.09494420291199517,1.5058249830176068e-05,0.09401285250539836,1.6579322357303816e-05
2026-03-13,1.52887780189925e-05,0.08029208756458865,1.5922406764334995e-05,0.08094475320278811,1.6612793611124333e-05,0.08364751292486293,1.5076944065147045e-05,0.08741061333039742,1.5442577352133152e-05,0.09048227780671007,1.5605303867132378e-05,0.08956841409342693,1.531189409464924e-05
2026-03-16,1.1879089274013642e-05,0.7891726908247093,1.112870976557526e-05,0.8156998228407594,1.1268881967962922e-05,0.8045210169444004,1.2312714747389746e-05,0.7101532733144569,1.2762502662969871e-05,0.630154419874662,1.2958715446051627e-05,0.610051721366327,1.7942891455932756e-05
2026-03-17,9.394939961817635e-06,0.19015644408264187,9.178586595716118e-06,0.1834135207164489,9.400921331519213e-06,0.18937914835748174,1.1650271794899052e-05,0.2179219896052865,1.1569929226062347e-05,0.21023821426220032,1.1893466951561478e-05,0.22522609632032262,8.534572370545689e-06
2026-03-18,9.658526888211037e-06,0.08657787674117201,9.53476870515793e-06,0.08536046908656121,9.683008591087448e-06,0.08757861232842852,1.1577777026270442e-05,0.09210315809176402,1.195978740740232e-05,0.09664195690266246,1.2343084120279138e-05,0.10752598877409825,9.316770955485531e-06
2026-03-19,1.2573760958286851e-05,0.2427128594967464,1.2920488883571104e-05,0.23484275409007993,1.3906633396062064e-05,0.21559611568339843,1.3345393962414884e-05,0.19056558820569713,1.333344428491288e-05,0.1892713511058648,1.3577634590223295e-05,0.1841495165648769,1.5206690178251305e-05
2026-03-20,1.2947630222798615e-05,0.10758962918586296,1.323850223716112e-05,0.10454267291977948,1.3586835095827742e-05,0.10626743261075546,1.398888978556698e-05,0.12057222875834474,1.4300615769840313e-05,0.12282130181716544,1.42668871770505e-05,0.122653728041683,1.2628255516893295e-05
2026-03-23,1.467892499221476e-05,0.07232145889587933,1.3700952614352096e-05,0.06942722802242803,1.3698269761417856e-05,0.06822445960803235,1.53491816135296e-05,0.09979086866553498,1.5380834447577376e-05,0.1044488127324431,1.543964823642459e-05,0.10521085465694348,1.3250307811877968e-05
2026-03-24,1.5444083396284026e-05,0.13074792952846634,1.5220513481212036e-05,0.12637111778133128,1.5653889923216862e-05,0.12713221486579696,1.5300960699367896e-05,0.15987340257513058,1.5259222598348822e-05,0.1571107339792157,1.5070043946790317e-05,0.15332506729173997,1.5314806962479785e-05
2026-03-25,1.2551809826250528e-05,0.1749033926693211,1.2463616905031535e-05,0.1715611284611135,1.2320653754389676e-05,0.16601964246921028,1.3680840706845873e-05,0.191792162906827,1.2016017270736307e-05,0.14568459086265398,1.3420741165791084e-05,0.17409933082769682,1.1228045818830555e-05
2026-03-26,1.4139502780171766e-05,0.09848201406016512,1.5174238303272927e-05,0.10138160210839157,1.6023157707131065e-05,0.1077528109523506,1.4726675730936988e-05,0.11585896436863286,1.6269895077206126e-05,0.11550734589849775,1.4965905531994512e-05,0.11023069010050641,1.2927078870646025e-05
2026-03-27,1.5325992569063283e-05,0.10803993627924947,1.6007229276603573e-05,0.11341161445683408,1.667671049111663e-05,0.12422680507977753,1.4944960968653183e-05,0.13211310626126296,1.4941921772088527e-05,0.10541436716821771,1.530331957656698e-05,0.11176974664760204,1.2814060015851004e-05
2026-03-30,1.4670821733969669e-05,0.08574196056848805,1.4487503199276904e-05,0.08288656131609325,1.4885531262051707e-05,0.08369955010227705,1.4761072126251113e-05,0.07849495964955167,1.4921037733506583e-05,0.08410021833135349,1.5100153099730687e-05,0.08254696041718013,1.3761847692435043e-05
2026-03-31,1.832163258462119e-05,0.35167537736916166,1.8379836885391707e-05,0.34160201889762454,1.823689223626846e-05,0.33687764957216987,1.7528136513110748e-05,0.3346829517473755,1.805608232723039e-05,0.3258408047831056,1.8190871270584397e-05,0.3103259151299093,2.1597309372521026e-05
2026-04-01,1.2431757286607097e-05,0.06779611320870857,1.2531852923996864e-05,0.06783497061598619,1.21219206081147e-05,0.06360025609899818,1.2997173137703486e-05,0.08638505896825309,1.223790465469564e-05,0.06379951783559673,1.2292048775971518e-05,0.06721557715807645,1.0601376008405236e-05
2026-04-02,1.748100131420508e-05,0.2643222408768729,1.691097509917644e-05,0.2616605943766606,1.6837232751681072e-05,0.2607389136072229,1.5641987560550655e-05,0.30778244526160387,1.5634539516209357e-05,0.31874971816360276,1.575769571978831e-05,0.31583639078567144,2.0608371666821756e-05
2026-04-06,1.1621605586121718e-05,0.16439100244844218,1.0992791311407402e-05,0.15255756981009863,1.1102543630881498e-05,0.1473579863250543,1.156760106214876e-05,0.1765149981362907,1.1836519684739555e-05,0.18133539780669874,1.1987892711068607e-05,0.17464578287125934,8.852850423026839e-06
2026-04-07,1.2255168059807712e-05,0.2879009736619837,1.255460174197084e-05,0.2739129944440338,1.2956647910501557e-05,0.2643462654017416,1.1702717713082344e-05,0.30252414829879076,1.4303927319074525e-05,0.23353601654045128,1.4520766228401986e-05,0.24404592607716954,1.4003498293047716e-05
2026-04-08,1.579739104558396e-05,0.26489477550044666,1.538608644376098e-05,0.2622249723645737,1.5318016110292938e-05,0.26780410959579326,1.493165103659218e-05,0.24436909484279037,1.4678678166734594e-05,0.273003552908299,1.538416730359542e-05,0.2625650564313193,1.7182350602312816e-05
2026-04-09,1.408184883228101e-05,0.09496809474547939,1.4191720570804222e-05,0.09844298262735059,1.4689380949522086e-05,0.09746218916193962,1.3867596140119299e-05,0.11182247470128844,1.3494116728920812e-05,0.10547869214979404,1.356939611236542e-05,0.10546083326763238,1.4451615993791094e-05
2026-04-10,1.0908481591311876e-05,0.08908884060446327,1.0688299418322667e-05,0.08869132787620215,1.0768974453191108e-05,0.0907386581745772,1.0739323500644826e-05,0.09928192744229562,1.0057639921346788e-05,0.07044811163062524,1.0151612681153327e-05,0.0695829608342678,8.633442632841111e-06
2026-04-13,1.053429758943468e-05,0.14750504601489303,9.565716592431656e-06,0.13647016065288395,9.318220248665783e-06,0.13659413277775787,1.0799169519404642e-05,0.15169684100336833,1.0211817718039148e-05,0.13516068764082415,1.0095378405468099e-05,0.1335486358621791,8.729155767967253e-06
2026-04-14,9.8228021749089e-06,0.1291330359400449,9.465851057267613e-06,0.12481312984500076,9.529350061626504e-06,0.12355111504684439,9.549020077742467e-06,0.1275610998862011,9.538862480934952e-06,0.12294915836235239,9.681562847282537e-06,0.12548164363109124,8.001530225632489e-06
2026-04-15,1.2688761479031262e-05,0.172640861272518,1.2216594495164834e-05,0.17839245096958298,1.2201179342785765e-05,0.17258729467931733,1.2617901724767659e-05,0.16853567690702234,1.300130084399614e-05,0.16555701876723297,1.3268403771286502e-05,0.15543609182548773,1.5150195914700679e-05
2026-04-16,1.1647295668030726e-05,0.14342988628439324,1.1610606092387024e-05,0.13969805522427817,1.1807113712486271e-05,0.13908434389351532,1.0990080418690699e-05,0.15178790426660127,1.1031356415244613e-05,0.1471443259563734,1.1066642084121698e-05,0.14731713328423593,1.023677263097867e-05
2026-04-17,1.3577927285927016e-05,0.18633901679434847,1.3123842930659092e-05,0.18007601525966402,1.2838724754784548e-05,0.1802521596629227,1.240893226042677e-05,0.18041915851501,1.2233910010911186e-05,0.18237615870059712,1.2408380790286888e-05,0.1777522262380424,1.373784636777415e-05
2026-04-20,1.116016390459488e-05,0.10698800392758263,1.0286959927782575e-05,0.08778866570406503,9.91547291183564e-06,0.08235225939972964,1.0091201903937202e-05,0.0897372987507734,1.0350958988322462e-05,0.0930431625249432,1.0516395916741466e-05,0.08754888946305998,8.749352166718571e-06
2026-04-21,1.1647111059414598e-05,0.08528022533052675,1.1400497922255033e-05,0.08706737646888352,1.1395130353623705e-05,0.08372960265302891,1.1680427274263466e-05,0.0780686325750773,1.2218084493795284e-05,0.07692171359368043,1.2282351776148772e-05,0.07737404968580104,1.1414941868842469e-05
2026-04-22,8.393616754923636e-06,0.07824421850548102,8.470054016230714e-06,0.07890753156194123,8.504024418609289e-06,0.07813498233903494,8.36449985108515e-06,0.0871434393230297,8.464959290717615e-06,0.08877055858936606,8.453849426406466e-06,0.08732340386373283,7.109213986599909e-06
2026-04-23,1.7274834733833654e-05,0.2619655946260531,1.6993473702977063e-05,0.25442510334172597,1.7552918873144986e-05,0.24314919421412265,1.679986486156264e-05,0.24190482718577322,1.698170243646587e-05,0.2398504824589843,1.7103506094125387e-05,0.2273475067580073,1.8329257014882382e-05
2026-04-24,1.4747368435757475e-05,0.1151938323016418,1.4581886974644532e-05,0.12018245156568715,1.4439157594417866e-05,0.11553992838271372,1.3319804283250653e-05,0.10755128089184658,1.3072519405974144e-05,0.10777089602036923,1.3277227286261694e-05,0.10679386766030215,1.2815682968023863e-05
2026-04-27,1.158163152824722e-05,0.08547725496623405,1.1187298378899193e-05,0.09332428333539809,1.0941969420982788e-05,0.08862118609080914,1.1221249871759864e-05,0.08161029557226428,1.1315114051872273e-05,0.09404987305501994,1.1089974775190878e-05,0.08131549831201089,1.0869412163331872e-05
2026-04-28,1.2783005193158677e-05,0.0957031887573014,1.338435982242822e-05,0.10862665682055422,1.3026508037562858e-05,0.10460071135513549,1.2090483168134057e-05,0.09622731545190012,1.2774948035720955e-05,0.10335947252375492,1.2435578349409576e-05,0.09845344576573918,1.2286287898789807e-05
2026-04-29,1.1795264048130139e-05,0.0790377755261517,1.2561962934860664e-05,0.08935345590383119,1.2462791289396419e-05,0.08810318288938934,1.1712146126296826e-05,0.07602816235319221,1.2498373306215516e-05,0.09184356678152694,1.2313441692032108e-05,0.08734494574464295,1.0676497659875544e-05
2026-04-30,2.5080946838254228e-05,0.13646011641283254,2.438661817725246e-05,0.1376878496527406,2.4252843785875915e-05,0.13037995341544992,2.3763569847025293e-05,0.13497482726924626,2.3789823149547265e-05,0.13771138898826202,2.3317017747199876e-05,0.14014933142891284,2.6956990875460703e-05
2026-05-01,1.9826856446979298e-05,0.0920848379836229,1.819947925637052e-05,0.07842506251940035,1.7726419203203504e-05,0.07613193522589516,1.8314515376393635e-05,0.07819752400039534,1.7368321336667653e-05,0.0691334784150412,1.7870900508026796e-05,0.06675043543758086,1.737836971178049e-05
2026-05-04,1.7379975400413363e-05,0.15684524638197567,1.5073400149450409e-05,0.14742238354351325,1.4723553958772252e-05,0.14505466118714297,1.636915549012542e-05,0.14094268218070977,1.545978863552224e-05,0.1279568297944728,1.538222985633895e-05,0.126436255864571,1.6880352176192896e-05
2026-05-05,1.2712668987505652e-05,0.11827511493665967,1.2025362830103621e-05,0.11500343005043046,1.205615983521481e-05,0.11069660230692134,1.2294078877600245e-05,0.12084152739137732,1.1859927626940635e-05,0.12144507285251703,1.189886795374556e-05,0.11771012464482843,1.1600955072929122e-05
2026-05-06,1.6220858192608144e-05,0.1298287911411574,1.4855598503623839e-05,0.12950367482172917,1.4796555498427266e-05,0.12873963772271305,1.6112463094718735e-05,0.13215228799395015,1.5209524367871054e-05,0.1315842155351132,1.5358800128039922e-05,0.1325366149692118,1.6118804653764877e-05
2026-05-07,1.8599221272097348e-05,0.10569913502263278,1.7784413005299236e-05,0.10691619768091194,1.7826590071194358e-05,0.10842814960437297,1.8318415954157836e-05,0.11503031111299944,1.771446579163446e-05,0.11101285292013992,1.738940904745371e-05,0.12236036723822186,2.001811232750023e-05
2026-05-08,1.270115504220836e-05,0.08911803978226689,1.2284339750773266e-05,0.08176090476755843,1.2136942480950536e-05,0.07773446222195467,1.2245312169140988e-05,0.07951598242816262,1.2242912066786582e-05,0.08064260012077107,1.2545717762822496e-05,0.08108069301805647,1.1746292277199072e-05
2026-05-11,1.3314848202102698e-05,0.12820886369889495,1.2383920205687623e-05,0.13237611922938838,1.2261194284853115e-05,0.1391098357268152,1.3624498533249688e-05,0.1239100437532798,1.3615142383252382e-05,0.1214348205952917,1.4052809579412603e-05,0.11546458778464191,1.5817603549731126e-05
2026-05-12,1.6627073073026463e-05,0.057992374407103364,1.6484238781619216e-05,0.0581538462132635,1.641725888141739e-05,0.0581120226568231,1.571843799862508e-05,0.05941530984817215,1.6088659423101805e-05,0.055673025152279586,1.608935189850944e-05,0.057003129150193094,1.5830681362738596e-05
2026-05-13,1.4949772490098727e-05,0.09088624877180075,1.4901634122049344e-05,0.08881502719979806,1.4880263586037042e-05,0.08926942143245992,1.4760897489423287e-05,0.09998919620219127,1.4569645986795337e-05,0.09567276769693124,1.4906911186250512e-05,0.09583314834189245,1.5422491053177452e-05
2026-05-14,1.3580464806002732e-05,0.17297559759766748,1.3999130736964946e-05,0.17712389640536227,1.4283406318994643e-05,0.17401446406776333,1.3361101267242101e-05,0.1744745596967494,1.3813905777230252e-05,0.16314740870634614,1.4039674143095425e-05,0.16819839152015134,1.2535354744987767e-05
2026-05-15,1.6405133799476977e-05,0.08016347236027978,1.5702962629041057e-05,0.075544673067185,1.549524096046789e-05,0.0724523659758391,1.470328835567416e-05,0.07479191674740611,1.4855176130553346e-05,0.0739389515754343,1.4861555927398089e-05,0.07582578929551273,1.4451449075909876e-05
2026-05-18,2.1567740021616457e-05,0.25190551205687567,1.9780107300273434e-05,0.2786802281500702,1.9650462345052353e-05,0.29083629759531465,1.893958021086661e-05,0.33520369098575203,1.905692875539184e-05,0.34011701393289434,1.9360078670096822e-05,0.32684989488044464,2.4331687829828513e-05
2026-05-19,1.8361417627609357e-05,0.07416814818849989,1.803099144086342e-05,0.06963704444686608,1.822019526625612e-05,0.07008526912064181,1.6888725571354207e-05,0.06591481865731408,1.674760003376554e-05,0.06885118850519768,1.6370646360659674e-05,0.06500085760218989,1.486968682432571e-05
2026-05-20,1.5069803504114131e-05,0.14932201241147683,1.4523602546977802e-05,0.1443445029943866,1.4554375997969147e-05,0.14114330137138587,1.422825198987874e-05,0.16002214833197667,1.3871023880197099e-05,0.15271650668954007,1.3913489436403697e-05,0.15137148578643625,1.3243182059046441e-05
2026-05-21,1.810480388361389e-05,0.21350878178785618,1.740207355465571e-05,0.20671098933789658,1.742774486755156e-05,0.19886259795327374,1.698947974474011e-05,0.20211169838746526,1.6052151731652204e-05,0.21883996675950557,1.5744898105871685e-05,0.20885001765952368,1.559832785848688e-05
2026-05-22,1.173522223484534e-05,0.1274916980573935,1.1050657341431298e-05,0.11832685882608761,1.1004589946728066e-05,0.11463657555400301,1.082505516788919e-05,0.11788880662927331,1.0697674315744618e-05,0.1163316162935717,1.0799743347528708e-05,0.11151259079974124,9.860429645493955e-06
2026-05-26,1.1601475784164202e-05,0.054785771813511804,1.1452856819580377e-05,0.05977196958796483,1.1283381045141912e-05,0.05641605536772063,1.1583755577208155e-05,0.05878808012387857,1.1532644820591297e-05,0.06256510684476307,1.1775149909055374e-05,0.06572860177680993,1.1180102038519974e-05
2026-05-27,1.4842367381653276e-05,0.4415613829781188,1.4750739704870298e-05,0.4397556698037084,1.4794272824885377e-05,0.43155997582276034,1.4495813551212706e-05,0.37903199732450554,1.4260007040569619e-05,0.3631663974274624,1.428546767713692e-05,0.37787159946125876,1.6878172969894836e-05
2026-05-28,1.2557647662821562e-05,0.10510164646294691,1.2393318792329374e-05,0.10460721465821482,1.2386992794522732e-05,0.1053148886814883,1.2280391726097732e-05,0.0965760988262927,1.2040687111870607e-05,0.09608586384893324,1.2089354549770369e-05,0.09597775207550506,1.0823946700097914e-05
2026-05-29,1.3193999756222845e-05,0.23383269499405404,1.2577591280418914e-05,0.24254767372547906,1.2578583148685406e-05,0.2316231322506405,1.2478052172487216e-05,0.20396820903757265,1.2415836106313346e-05,0.19991455527481258,1.2469419299249976e-05,0.19739240588102833,1.4784246803498683e-05
2026-06-01,1.6104395896670376e-05,0.0970239831455124,1.4912235558683096e-05,0.10292821028238482,1.5181509706085704e-05,0.1005726619601079,1.5523608900719725e-05,0.10058278470150166,1.5856883890633884e-05,0.09431053651790955,1.59761334664033e-05,0.09568149280791195,1.5759415079402367e-05
2026-06-02,1.3258213175375316e-05,0.11593961623178987,1.3533886286361283e-05,0.11868066673624537,1.351474496127399e-05,0.11559318462037312,1.3818824100778147e-05,0.11122090326859053,1.4060025036163388e-05,0.11780240713074495,1.412090072972583e-05,0.11718234569323459,1.3653505160165354e-05
2026-06-03,1.6785667428922316e-05,0.07739938326230163,1.6410952685036817e-05,0.08810039718951311,1.6373655923927536e-05,0.0887437469826879,1.6210893944227466e-05,0.08285270031062268,1.54300883994388e-05,0.0835525109099211,1.6239787157352475e-05,0.07536829126551413,1.599788080018808e-05
2026-06-04,1.4568293960554187e-05,0.10463702929012396,1.4762060750577004e-05,0.10535617004191312,1.4448780814114936e-05,0.10955965573513614,1.4301533181458393e-05,0.1083462207179859,1.4241263353439746e-05,0.10848579538211599,1.418305105707407e-05,0.11013402582151822,1.3550299761873648e-05
2026-06-05,2.22495346802826e-05,0.8333723157179285,2.1924266778031292e-05,0.8831099116285595,2.1397921660042884e-05,0.8632184912310673,2.0985530613291942e-05,0.906191552003874,1.9251544478256626e-05,0.8928455728409516,1.9758243731438172e-05,0.8857095007355581,3.101249814243874e-05
2026-06-08,1.9171422510065583e-05,0.30873844760084385,1.821718365660799e-05,0.3152119867976095,1.8498626685674235e-05,0.329878103188463,1.7669543800959364e-05,0.28606443805341336,1.783230895237625e-05,0.28702886437400627,1.7487544442859476e-05,0.29398662925314717,2.0351700998533376e-05
2026-06-09,3.229743107846404e-05,0.12057193393483547,3.2091566021694855e-05,0.12173003209192869,3.248873241974169e-05,0.1191308627584965,2.48883726737484e-05,0.2115751341893497,2.3097876806381043e-05,0.24734799552099707,2.3278262061515473e-05,0.23987223379782366,3.840415987897835e-05
2026-06-10,2.7350743669918937e-05,0.10350211116008969,2.6798928674833238e-05,0.100451743369486,2.765120216338206e-05,0.10507374053690023,2.2986093097555286e-05,0.11986154186872912,2.134345038089805e-05,0.11914579179282488,2.121988177402455e-05,0.12323092283009633,2.5736346290750844e-05
2026-06-11,2.8801227715818147e-05,0.48454537261456765,2.916484379942022e-05,0.47148370798826306,2.9989287022881377e-05,0.44399288667010545,2.5734530798383475e-05,0.5087078115351976,2.6958763134191156e-05,0.5150104363671401,2.6702807893569168e-05,0.5236393036727401,3.377152751476827e-05
2026-06-12,2.787706467976255e-05,0.13189773423487963,2.7187435937590353e-05,0.12368500243896402,2.7274755482332465e-05,0.11445892928487271,2.3530684008694144e-05,0.1354091124795354,2.4735754421818256e-05,0.11529007858666636,2.4521597184687675e-05,0.11957773758841596,2.5788975847642687e-05
2026-06-15,1.408260974220855e-05,0.10717564517145144,1.3346083758555752e-05,0.095168929461796,1.31861528103494e-05,0.09502748921749948,1.3644872122626885e-05,0.09360564656459364,1.2990921546386484e-05,0.07930333543646327,1.3247292025445978e-05,0.08187174532312366,1.1035525702966754e-05
2026-06-16,1.4798125569037276e-05,0.11974165635082203,1.460509685486518e-05,0.11936630922224827,1.4559323127712344e-05,0.11208034037587448,1.4296838574148236e-05,0.11393843884715722,1.3725402630959138e-05,0.10563185257124248,1.3610667482193703e-05,0.10909100277894201,1.2572632719704586e-05
2026-06-17,1.7331649890209943e-05,0.39373256759424397,1.6376108027817544e-05,0.4234391127861062,1.5735681568255706e-05,0.45398836704221907,1.6812485597099136e-05,0.2949991550183429,1.544227296018391e-05,0.43561593335192494,1.5913774794595217e-05,0.41694023634244815,2.0493916401547106e-05
2026-06-18,1.699080318050583e-05,0.1576357563957154,1.5844416166918265e-05,0.15556171652133474,1.6030467286730415e-05,0.1548493027968769,1.5419223309025608e-05,0.1561822623185239,1.4689406599532505e-05,0.1492240155904708,1.5193936358232037e-05,0.1462250611414078,1.5846185654777217e-05
2026-06-22,1.758510926076932e-05,0.12147303286843679,1.7074160128372438e-05,0.12114527749891663,1.7187691558206642e-05,0.1208201540884513,1.645250330341314e-05,0.09316947241507652,1.603342005193159e-05,0.09914644271671176,1.651086517775438e-05,0.10811651204082322,1.6122010403970975e-05
2026-06-23,1.5761927004735022e-05,0.1336347986058571,1.589013273880117e-05,0.13121054534532825,1.6311282068794984e-05,0.13091204356733346,1.5164425964690216e-05,0.12850737207443616,1.4987389302723768e-05,0.12290667966121711,1.5266907180521366e-05,0.12150481822561171,1.3532972861097515e-05
2026-06-24,1.774647979904255e-05,0.07644772120712152,1.7747808157128825e-05,0.07577893504972893,1.8010927434808925e-05,0.07386078953830884,1.774560585490509e-05,0.072151483981976,1.6899826126772092e-05,0.07711248729518792,1.766628170122503e-05,0.07156030536490053,1.686483646003797e-05
2026-06-25,2.6818681514607047e-05,0.10529622475499285,2.7009149957861543e-05,0.1021351315313887,2.7962614443991798e-05,0.10169580482318401,2.4461007470023357e-05,0.10099451444527142,2.3679975993187952e-05,0.10750471837886799,2.4452717703277643e-05,0.10722740911596357,2.491952626145833e-05
2026-06-26,2.3032173630101185e-05,0.16306676878337753,2.2596926363736952e-05,0.16683353748850072,2.2540657490550856e-05,0.17240477055598172,2.086142283171612e-05,0.16245154067715187,2.031056093278228e-05,0.1714713314953058,2.0246796264056084e-05,0.1733241467641712,2.477839226658969e-05
2026-06-29,2.365756199710061e-05,0.09439357831587016,2.3317288387759234e-05,0.09051735275836137,2.270041934797117e-05,0.0910553370224531,2.161504910542649e-05,0.08466164812391953,2.1280935257503156e-05,0.08189583273294626,2.1474923746571275e-05,0.08380426855624107,2.03438063977014e-05
2026-06-30,1.583040944581269e-05,0.11106173866429973,1.5953052138538507e-05,0.11119334154374998,1.596195698402502e-05,0.1102391339724705,1.469177604521258e-05,0.11390502226596777,1.5157008345227535e-05,0.11170076806576412,1.4858706165987987e-05,0.11123802171023084,1.576571274600423e-05
2026-07-01,2.2823358070399443e-05,0.11019395698693533,2.3309332757509542e-05,0.11104511026863638,2.2812900099096044e-05,0.11414061397041281,2.273657710844455e-05,0.10680714503685369,2.057462608321587e-05,0.12233819504173388,2.1334419813765087e-05,0.11604239419815064,2.3550135984048335e-05
2026-07-02,2.7147520380009103e-05,0.10862534099421006,2.6275562962434358e-05,0.10520406579880137,2.5768999304234073e-05,0.10834986773856246,2.643529453913303e-05,0.10524453484803357,2.32335875103522e-05,0.11561669083996806,2.4670042934441263e-05,0.11307981835096552,2.5392434221722872e-05
2026-07-06,1.5379930769628563e-05,0.14711458760305973,1.5197258557884654e-05,0.14433587034821385,1.5079053550490454e-05,0.14413237021595202,1.4068004806985413e-05,0.13726103843451215,1.4199990866308971e-05,0.13177811966374567,1.4419554313858845e-05,0.13400329879602688,1.2220183387933774e-05
2026-07-07,1.757558477320666e-05,0.16996440419392125,1.8211378896029856e-05,0.1660089610503355,1.8043858034107937e-05,0.16572272420190523,1.7281483121543025e-05,0.180313874781158,1.7507285941089356e-05,0.1720010195173085,1.7329646862062348e-05,0.1703121985557007,1.7169362291775872e-05
2026-07-08,1.657828089331245e-05,0.20216852553738351,1.689165136004199e-05,0.208235990759383,1.708173789021332e-05,0.20624001855164512,1.6429675611195066e-05,0.22773902454205422,1.6337281120217904e-05,0.21321129831392296,1.6443286948865244e-05,0.21493001115285262,1.6110316259503757e-05
2026-07-09,1.6207103589448477e-05,0.14217060576799778,1.6982054392465715e-05,0.14457766114172613,1.7218381548906917e-05,0.1460561826449203,1.5652416728061966e-05,0.1438335973003647,1.5972125692573536e-05,0.13712027016866488,1.5580086113574957e-05,0.14595019878884832,1.5449313014648385e-05
2026-07-10,1.947278005964427e-05,0.12429127427702706,2.0777296556967183e-05,0.1307990275063335,2.0349921730200162e-05,0.1274068683811431,1.8150337211686004e-05,0.12293462456932126,1.7960989970448656e-05,0.12055767622103997,1.8218415056324038e-05,0.1227180196624923,1.8701491195827203e-05
2026-07-13,1.7374444000680924e-05,0.09726451388721467,1.729450008335323e-05,0.09384179417772089,1.72691689732599e-05,0.09402344675614206,1.5543453005656783e-05,0.09074298068298169,1.5742173452227885e-05,0.08289072199925963,1.6099156200664907e-05,0.0832875543759334,1.4860867286969833e-05
2026-07-14,1.4801193742997202e-05,0.10306862181559438,1.5325488254457105e-05,0.10660288144095338,1.5420690620860916e-05,0.10755058827820381,1.3888331715978977e-05,0.09945805722432012,1.4400436167409525e-05,0.0970340391962798,1.418596566875051e-05,0.09848840265573121,1.3361725232837598e-05
2026-07-15,1.964916632106359e-05,0.09346752376585261,2.0342142820125263e-05,0.09231115278278788,2.0249368534680805e-05,0.09055909727098023,1.957252719437439e-05,0.1002490046550717,1.901069267455789e-05,0.09518430744128038,1.9727212791745276e-05,0.09659583288397906,2.142596476145468e-05
2026-07-16,1.779161284079481e-05,0.1428813011639939,1.864180997697236e-05,0.1339408358738093,1.886514478094541e-05,0.13257716710028702,1.7180010278381073e-05,0.14134357034648262,1.752439557361674e-05,0.13857114426928446,1.7254803478762742e-05,0.1424295276423423,1.943114529395253e-05
2026-07-17,2.288210996910179e-05,0.2312224361891797,2.406376091347179e-05,0.22402235958008868,2.376263880850567e-05,0.22629538158892862,2.126058712380531e-05,0.26478745386636054,2.238409043063379e-05,0.2644469190796475,2.2073472339545725e-05,0.2533443901837579,2.4678233539120358e-05
2026-07-20,1.469760107002907e-05,0.09526704834797767,1.4799894090234526e-05,0.09469697312177551,1.485017315869271e-05,0.09345672255321712,1.3872491662058204e-05,0.09886611766038755,1.426894459615777e-05,0.10033470197841547,1.510447928670786e-05,0.10108311664298673,1.3350129990367274e-05
2026-07-21,1.0955941559564929e-05,0.13123620829085095,1.1659959956070062e-05,0.1352428210119835,1.1838248545402371e-05,0.13858851060030544,1.0911340967171873e-05,0.116275993062813,1.1166787423209535e-05,0.11461139686778599,1.137634630424523e-05,0.1227267117543619,9.675387373663955e-06
2026-07-22,1.0117375153182292e-05,0.12665181121160277,1.0846731100501407e-05,0.14050761216388588,1.105714393453064e-05,0.14124083874060547,1.0628500520143871e-05,0.1452598347639561,1.102508311456735e-05,0.13506953930846174,1.1433511848808017e-05,0.14158940140943196,9.541649329557888e-06
2026-07-23,1.880408986296549e-05,0.09428444824644862,1.966014323190415e-05,0.10707525799394929,2.030126660164658e-05,0.12443748813586591,1.835558663714551e-05,0.09102419911877117,1.977249040602693e-05,0.10450638342421303,1.9959976918794727e-05,0.10443595929964189,1.9295652889051945e-05
2026-07-24,1.880353577582258e-05,0.10089307662799522,1.9258082463509367e-05,0.1082533227979925,1.951430275960385e-05,0.10475638270507988,1.754680090641897e-05,0.09648422360352828,1.8109702807473787e-05,0.09976820686844058,1.8633130843270185e-05,0.09455274133766645,1.76878473267802e-05
2026-07-27,1.9954497131292955e-05,0.1012461102304743,2.0351896768732053e-05,0.10583637444833137,2.053294172902178e-05,0.10488912324074245,1.821104685122228e-05,0.10454955335025777,1.9107192470950438e-05,0.10174779094011695,1.9105337424379237e-05,0.10244879496759475,1.774990365439512e-05
2026-07-28,1.8424445487446203e-05,0.08177961552183169,1.9720966556900764e-05,0.09432776482965756,2.012828947881478e-05,0.09359220949064571,1.7020530609072362e-05,0.07913909261196546,1.7359467178721945e-05,0.08826822053764921,1.7523819741397563e-05,0.08235807871872891,1.6734810506878443e-05
2026-07-29,1.943837410914616e-05,0.13242758161723547,2.0952083752808303e-05,0.12359730119149766,2.128273225113407e-05,0.11920721134373913,1.9841041815553907e-05,0.1033162101221539,2.098932162354937e-05,0.1005649023732304,2.08348728119581e-05,0.10108096065083101,2.1286709018689405e-05
2026-07-30,2.4931189778195382e-05,0.11930006225308515,2.753870296359869e-05,0.1160992617155458,2.7832356280537188e-05,0.1133997767905841,2.446079602727589e-05,0.10063367227379723,2.566859559539517e-05,0.1052893995446207,2.64222879183658e-05,0.10104701157400696,2.330324618398648e-05
2026-07-31,2.954592004754972e-05,0.11836725252840025,2.957370451527032e-05,0.11892865117362394,2.9003671715439764e-05,0.11565579396755138,2.6217148918659898e-05,0.10579336626712847,2.627750276744057e-05,0.09994408376260439,2.6809585233194595e-05,0.10272728568958339,2.7090895660882568e-05
