claim_id,kind,source_document,source_passage_sha256,claim,artifact,artifact_sha256,selector,rendering,context,evidence_status,supporting_artifacts,test,revision_test
source_claim_0001,source_claim,README.md,538ff2a7efac32d3ec1446a722833cb7f1c73bd673c13dc00e9fc910a7a00d7a,"fuera de muestra walk-forward, partición fijada 2026-09-07.",docs/rp4/specification_v4.md,443a0c2628d80f82b0f1a90a7ce7f7c3a8caac38a505c8d12366c7c1c81d6ee9,[],literal,"Source passage 0 (zero based); aggregate evidence, specification or saved report.",stored_design_or_result,{},tests/contract/test_rp4_defense_package.py,tests/contract/test_rp4_defense_additions.py
source_claim_0002,source_claim,README.md,f3ec929d6e76b4f0e476390d716623e9063a6ae968df5ca5aff9818c4fd9f07e,![Tier 1 CI](../../actions/workflows/ci.yml),README.md,f5f4ca20883d44cbece6e3293aa17868881812a0b6d976c7f51c42f53422ac6e,[],literal,"Source passage 1 (zero based); aggregate evidence, specification or saved report.",navigation_only,{},tests/contract/test_rp4_defense_package.py,tests/contract/test_rp4_defense_additions.py
source_claim_0003,source_claim,README.md,27c7e35eeb3e2cd715ce9b11121c0fa0fa3e823a96caf7834a0918be5b30677e,El estado y la superficie de opciones mejoran el pronóstico medio de RV30 y RV15 en ambas familias bajo las pruebas de v3/v4.,artifacts/rp4_v4_b4/primary_statistics.csv,5c215fc38344839ecedea7b27f69efcb85fbefea84f1367d06229cb7407902d4,[],literal,"Source passage 2 (zero based); aggregate evidence, specification or saved report.",stored_design_or_result,{},tests/contract/test_rp4_defense_package.py,tests/contract/test_rp4_defense_additions.py
source_claim_0004,source_claim,README.md,1addff129d63753f7aa8a5576f94223ab6255a8a9d9b0ed90b871fc33c4e9187,"El flujo añade una mejora pequeña en la familia lineal a **15 minutos (+0,623 % de reducción de QLIKE)**, con **IC95 % positivo** de la diferencia QLIKE [0,000335; 0,001932], y a **5 minutos (+0,256 %, secundario)**; en árboles no supera la prueba de la media.",artifacts/rp4_v4_b4/primary_statistics.csv,5c215fc38344839ecedea7b27f69efcb85fbefea84f1367d06229cb7407902d4,[],literal,"Source passage 3 (zero based); aggregate evidence, specification or saved report.",stored_design_or_result,{},tests/contract/test_rp4_defense_package.py,tests/contract/test_rp4_defense_additions.py
source_claim_0005,source_claim,README.md,fec2b257ec525f042a8623432fd5d208f7f9629cdc41a4b8d64929282dcc269e,No es una ventaja universal ni evidencia de rentabilidad.,docs/rp4/specification_v4.md,443a0c2628d80f82b0f1a90a7ce7f7c3a8caac38a505c8d12366c7c1c81d6ee9,[],literal,"Source passage 4 (zero based); aggregate evidence, specification or saved report.",scope_or_limitation,"{""artifacts/rp4_v4_b4/primary_statistics.csv"": ""5c215fc38344839ecedea7b27f69efcb85fbefea84f1367d06229cb7407902d4""}",tests/contract/test_rp4_defense_package.py,tests/contract/test_rp4_defense_additions.py
source_claim_0006,source_claim,README.md,0ac124f222bb41a0922dca49d6633a63395f3748a5fa731ed197c10f84e559f3,"Seis activos: AAPL, AMZN, META, MSFT, NVDA y TSLA.",artifacts/rp4_v4_a1/specification.json,0a45b0a608110e2ca0dcf38accc2a0c2521ebbe9d223eb002e36ec51f78afd04,[],literal,"Source passage 5 (zero based); aggregate evidence, specification or saved report.",stored_design_or_result,{},tests/contract/test_rp4_defense_package.py,tests/contract/test_rp4_defense_additions.py
source_claim_0007,source_claim,README.md,fc5ad36d32103191649ecd555d5b83f25279f9a16016b6e8f79f1f63dfbdf7a2,B0 contiene historia de precios y volatilidad; B1 añade superficie de opciones; B2 añade composición y actividad del flujo.,artifacts/rp4_v4_a1/specification.json,0a45b0a608110e2ca0dcf38accc2a0c2521ebbe9d223eb002e36ec51f78afd04,[],literal,"Source passage 6 (zero based); aggregate evidence, specification or saved report.",stored_design_or_result,{},tests/contract/test_rp4_defense_package.py,tests/contract/test_rp4_defense_additions.py
source_claim_0008,source_claim,README.md,fd78ed6ac4389b14f28bc631720876ece9cc4f944c6465fd0d51f77ef0bf5642,Los conjuntos son anidados: 29/69/138 predictores en v3/v4.,artifacts/rp4_v4_a1/specification.json,0a45b0a608110e2ca0dcf38accc2a0c2521ebbe9d223eb002e36ec51f78afd04,[],literal,"Source passage 7 (zero based); aggregate evidence, specification or saved report.",stored_design_or_result,{},tests/contract/test_rp4_defense_package.py,tests/contract/test_rp4_defense_additions.py
source_claim_0009,source_claim,README.md,a4d15e10cc8d0efb6e625b99209820b656e838f7fe67f012056159bc6dccb93f,La familia lineal es winsorizada con filtro de rango (ridge nominal); la otra es LightGBM.,docs/rp4/specification_v4.md,443a0c2628d80f82b0f1a90a7ce7f7c3a8caac38a505c8d12366c7c1c81d6ee9,[],literal,"Source passage 8 (zero based); aggregate evidence, specification or saved report.",stored_design_or_result,"{""artifacts/rp4_closeout_audit/REPORT.md"": ""93ba2ae3f561d1e88bc2706d5cede0fcd504c4c5790453cb2dc0a32f5c11c412""}",tests/contract/test_rp4_defense_package.py,tests/contract/test_rp4_defense_additions.py
source_claim_0010,source_claim,README.md,07c34413c03247da28a4e3a77f6fe111b911f84c97999036c3ed1acf41061d9a,"QLIKE mide error de pronóstico, no beneficios de una estrategia.",docs/rp4/specification_v4.md,443a0c2628d80f82b0f1a90a7ce7f7c3a8caac38a505c8d12366c7c1c81d6ee9,[],literal,"Source passage 9 (zero based); aggregate evidence, specification or saved report.",scope_or_limitation,{},tests/contract/test_rp4_defense_package.py,tests/contract/test_rp4_defense_additions.py
source_claim_0011,source_claim,README.md,06a787eb0519fd6655a94b66d6b93eccf03cbc25e099e2597b8f5247da6deaf1,"Partición de calendario: 2026-08-01, fijada el 2026-09-07.",docs/rp4/specification_v4.md,443a0c2628d80f82b0f1a90a7ce7f7c3a8caac38a505c8d12366c7c1c81d6ee9,[],literal,"Source passage 10 (zero based); aggregate evidence, specification or saved report.",stored_design_or_result,{},tests/contract/test_rp4_defense_package.py,tests/contract/test_rp4_defense_additions.py
source_claim_0012,source_claim,README.md,6e9a0012132ec7c7aca219ed4c81f1bb24d5fe4a5b59c5e5c393acdb6ca4d37f,Entrenamiento expansivo sólo con el pasado; 60 sesiones de calentamiento; selección sobre las últimas diez sesiones de entrenamiento; purga/embargo de 60 minutos.,docs/rp4/specification_v4.md,443a0c2628d80f82b0f1a90a7ce7f7c3a8caac38a505c8d12366c7c1c81d6ee9,[],literal,"Source passage 11 (zero based); aggregate evidence, specification or saved report.",stored_design_or_result,"{""artifacts/rp4_closeout_audit/REPORT.md"": ""93ba2ae3f561d1e88bc2706d5cede0fcd504c4c5790453cb2dc0a32f5c11c412""}",tests/contract/test_rp4_defense_package.py,tests/contract/test_rp4_defense_additions.py
source_claim_0013,source_claim,README.md,2868d546495201d3283bc1dcdc0fa8076aa22a7557e21fa01a4323d8846f6801,"Primaria v2–v4: 419 sesiones, 160.832 orígenes.",artifacts/rp4_closeout_figures/comparison_v1_v4.csv,0d9554e1fc5151b4eb7b149b7bc529bbdfee1d12e92883163087aedc6942a9ba,[],literal,"Source passage 12 (zero based); aggregate evidence, specification or saved report.",stored_design_or_result,{},tests/contract/test_rp4_defense_package.py,tests/contract/test_rp4_defense_additions.py
source_claim_0014,source_claim,README.md,884b7f56dba6ba7225d23da0b83be153e11b97ff5a7e335f2c3612ac19c9956b,"Ventana final: 25 sesiones, 9.750 orígenes.",artifacts/rp4_closeout_figures/comparison_v1_v4.csv,0d9554e1fc5151b4eb7b149b7bc529bbdfee1d12e92883163087aedc6942a9ba,[],literal,"Source passage 13 (zero based); aggregate evidence, specification or saved report.",stored_design_or_result,{},tests/contract/test_rp4_defense_package.py,tests/contract/test_rp4_defense_additions.py
source_claim_0015,source_claim,README.md,d63b75d5040c75d0eee2c887c23ae77933a635e16032cd64d1fa9e8bcc1bd7c2,Cada celda muestra **reducción porcentual de QLIKE (p)**.,docs/rp4/specification_v4.md,443a0c2628d80f82b0f1a90a7ce7f7c3a8caac38a505c8d12366c7c1c81d6ee9,[],literal,"Source passage 14 (zero based); aggregate evidence, specification or saved report.",stored_design_or_result,"{""artifacts/rp4_closeout_figures/comparison_v1_v4.csv"": ""0d9554e1fc5151b4eb7b149b7bc529bbdfee1d12e92883163087aedc6942a9ba""}",tests/contract/test_rp4_defense_package.py,tests/contract/test_rp4_defense_additions.py
source_claim_0016,source_claim,README.md,62ac33ba257399e2231253ad0ee84391b17072108fd71d3e4ff9d937af370795,"En v1/v2 se usa p bilateral con Holm; en v3/v4, H1→H2 unilateral al 5 % por familia.",artifacts/rp4_closeout_figures/comparison_v1_v4.csv,0d9554e1fc5151b4eb7b149b7bc529bbdfee1d12e92883163087aedc6942a9ba,[],literal,"Source passage 15 (zero based); aggregate evidence, specification or saved report.",stored_design_or_result,"{""docs/rp4/specification_v4.md"": ""443a0c2628d80f82b0f1a90a7ce7f7c3a8caac38a505c8d12366c7c1c81d6ee9""}",tests/contract/test_rp4_defense_package.py,tests/contract/test_rp4_defense_additions.py
source_claim_0017,source_claim,README.md,71654f3bf87cbfb74446f0450862eaa6d169d7343e3b82bb0d6934014fbf7109,H2 sólo se abre cuando H1 rechaza.,docs/rp4/specification_v4.md,443a0c2628d80f82b0f1a90a7ce7f7c3a8caac38a505c8d12366c7c1c81d6ee9,[],literal,"Source passage 16 (zero based); aggregate evidence, specification or saved report.",stored_design_or_result,"{""artifacts/rp4_v4_b4/primary_statistics.csv"": ""5c215fc38344839ecedea7b27f69efcb85fbefea84f1367d06229cb7407902d4""}",tests/contract/test_rp4_defense_package.py,tests/contract/test_rp4_defense_additions.py
source_claim_0018,source_claim,README.md,3b75d059409fbbdf6548aaf43c6d0c2acd70774562720f6984098e684c319fb7,No se corrige la búsqueda entre versiones.,docs/rp4/specification_v4.md,443a0c2628d80f82b0f1a90a7ce7f7c3a8caac38a505c8d12366c7c1c81d6ee9,[],literal,"Source passage 17 (zero based); aggregate evidence, specification or saved report.",scope_or_limitation,{},tests/contract/test_rp4_defense_package.py,tests/contract/test_rp4_defense_additions.py
source_claim_0019,source_claim,README.md,d7bb60aba8fc35e26d57b8d213b698713ceea9c7b5b9ad3f15f1469bf3fcdec2,| Versión / objetivo | Lineal B1/B0 | Lineal B2/B1 | Árboles B1/B0 | Árboles B2/B1 | Sesiones |,artifacts/rp4_closeout_figures/comparison_v1_v4.csv,0d9554e1fc5151b4eb7b149b7bc529bbdfee1d12e92883163087aedc6942a9ba,[],literal,"Source passage 18 (zero based); aggregate evidence, specification or saved report.",navigation_only,{},tests/contract/test_rp4_defense_package.py,tests/contract/test_rp4_defense_additions.py
source_claim_0020,source_claim,README.md,60267eda15e2b3766fb0f91375a334d4aa01d5fa0bd5777293353ecaefb9b371,"| v1 · RV30 | +0,290 % (1,000) | −167.448,32 % (1,000) | +1,204 % (0,4724) | −0,073 % (1,000) | 418 |",artifacts/rp4_closeout_figures/comparison_v1_v4.csv,0d9554e1fc5151b4eb7b149b7bc529bbdfee1d12e92883163087aedc6942a9ba,[],literal,"Source passage 19 (zero based); aggregate evidence, specification or saved report.",stored_design_or_result,{},tests/contract/test_rp4_defense_package.py,tests/contract/test_rp4_defense_additions.py
source_claim_0021,source_claim,README.md,c317324d4cdc81eac0fc58d1f785ce57bfec7f742c74de0698d0d47bcdd6022d,"| v2 · RV30 | +1,715 % (0,1842) | −8,714 % (0,3752) | +2,091 % (0,0264) | −0,063 % (0,8858) | 419 |",artifacts/rp4_closeout_figures/comparison_v1_v4.csv,0d9554e1fc5151b4eb7b149b7bc529bbdfee1d12e92883163087aedc6942a9ba,[],literal,"Source passage 20 (zero based); aggregate evidence, specification or saved report.",stored_design_or_result,{},tests/contract/test_rp4_defense_package.py,tests/contract/test_rp4_defense_additions.py
source_claim_0022,source_claim,README.md,138c408158e153c3a8a1393fac83885a9bce01f59b00639c975c9fdd88e29108,"| v3 · RV30 | +1,729 % (0,0439) | +0,554 % (0,0525) | +2,091 % (0,0053) | −0,159 % (0,6631) | 419 |",artifacts/rp4_v4_b4/primary_statistics.csv,5c215fc38344839ecedea7b27f69efcb85fbefea84f1367d06229cb7407902d4,[],literal,"Source passage 21 (zero based); aggregate evidence, specification or saved report.",stored_design_or_result,"{""artifacts/rp4_closeout_figures/comparison_v1_v4.csv"": ""0d9554e1fc5151b4eb7b149b7bc529bbdfee1d12e92883163087aedc6942a9ba""}",tests/contract/test_rp4_defense_package.py,tests/contract/test_rp4_defense_additions.py
source_claim_0023,source_claim,README.md,94a67b14226c175e2bc88a940ab5a127af6933895ab15d468e0b53bf2b9bad49,"| v4 · RV15, primario | +0,880 % (0,0390) | +0,623 % (0,0032) | +1,170 % (0,0135) | −0,115 % (0,6280) | 419 |",artifacts/rp4_v4_b4/primary_statistics.csv,5c215fc38344839ecedea7b27f69efcb85fbefea84f1367d06229cb7407902d4,[],literal,"Source passage 22 (zero based); aggregate evidence, specification or saved report.",stored_design_or_result,"{""artifacts/rp4_closeout_figures/comparison_v1_v4.csv"": ""0d9554e1fc5151b4eb7b149b7bc529bbdfee1d12e92883163087aedc6942a9ba""}",tests/contract/test_rp4_defense_package.py,tests/contract/test_rp4_defense_additions.py
source_claim_0024,source_claim,README.md,0ac6e4db5b1b2a0c12f62d281ed240830d4d44b59d9d341b554d8e47cc1143f0,"| v4 · RV5, secundario | +0,377 % (0,0092) | +0,256 % (0,0172) | +0,536 % (0,0608) | +0,160 % (no abierta; nominal 0,1927) | 419 |",artifacts/rp4_v4_b4/primary_statistics.csv,5c215fc38344839ecedea7b27f69efcb85fbefea84f1367d06229cb7407902d4,[],literal,"Source passage 23 (zero based); aggregate evidence, specification or saved report.",stored_design_or_result,"{""artifacts/rp4_closeout_figures/comparison_v1_v4.csv"": ""0d9554e1fc5151b4eb7b149b7bc529bbdfee1d12e92883163087aedc6942a9ba""}",tests/contract/test_rp4_defense_package.py,tests/contract/test_rp4_defense_additions.py
source_claim_0025,source_claim,README.md,436b423544f45f9c1b808b3d8f328fcdefb1a44a03c2e006ecaa4b6a02abb887,"El flujo lineal es positivo en los tres bloques de ambos horizontes; por activo, en seis de seis a 15 minutos y **tres de seis a 5 minutos**.",artifacts/rp4_v4_b4/robustness.csv,09925f9cefe4fcf2c19f4a915ad2994c125bbafdb94dfd332cc821ce1f180acb,[],literal,"Source passage 24 (zero based); aggregate evidence, specification or saved report.",stored_design_or_result,{},tests/contract/test_rp4_defense_package.py,tests/contract/test_rp4_defense_additions.py
source_claim_0026,source_claim,README.md,53c4491ff10da264923621bf0e5ba956051b4ef497400974834c0ca44a88f963,"En árboles, la mediana pareada de B2 es positiva a 15/5 minutos: p bilateral 0,0435/0,0038 y Holm 0,0870/0,0096; no sustituye la media primaria.",artifacts/rp4_v4_b4/distribution_secondary.csv,62312356720ac370fe3928eb5212db5a99ad7aa63f8ce4fe568ae149faed96cb,[],literal,"Source passage 25 (zero based); aggregate evidence, specification or saved report.",stored_design_or_result,{},tests/contract/test_rp4_defense_package.py,tests/contract/test_rp4_defense_additions.py
source_claim_0027,source_claim,README.md,36912fd7e38ed704754baa895e524d56834c5146aa97edf8a11a217741156dec,La ventana final de 25 sesiones no confirma la secuencia completa.,artifacts/rp4_v4_b4/primary_statistics.csv,5c215fc38344839ecedea7b27f69efcb85fbefea84f1367d06229cb7407902d4,[],literal,"Source passage 26 (zero based); aggregate evidence, specification or saved report.",stored_design_or_result,{},tests/contract/test_rp4_defense_package.py,tests/contract/test_rp4_defense_additions.py
source_claim_0028,source_claim,README.md,7f0c46996e8e5ad9c5acef1a905d2069a6fe3c5668b1d73a9434198846ff171b,"El programa termina en v4, sin v5.",docs/rp4/specification_v4.md,443a0c2628d80f82b0f1a90a7ce7f7c3a8caac38a505c8d12366c7c1c81d6ee9,[],literal,"Source passage 27 (zero based); aggregate evidence, specification or saved report.",stored_design_or_result,{},tests/contract/test_rp4_defense_package.py,tests/contract/test_rp4_defense_additions.py
source_claim_0029,source_claim,README.md,3c2296a88539e1c7e8acbcfd658b919f1e66d802b0b61672bbe26e9d6008aaea,Resultado final y límites · Informe completo con ambas ventanas · Anexo de 40 paneles sin recorte · Datos agregados de las figuras,artifacts/rp4_closeout_figures/comparison_v1_v4.csv,0d9554e1fc5151b4eb7b149b7bc529bbdfee1d12e92883163087aedc6942a9ba,[],literal,"Source passage 28 (zero based); aggregate evidence, specification or saved report.",navigation_only,{},tests/contract/test_rp4_defense_package.py,tests/contract/test_rp4_defense_additions.py
source_claim_0030,source_claim,README.md,bf426ca33d3458b813e5f3b685896310cf90ec3afff9eefa2c7d9b4e19cc565a,"Verificación del informe contra los resultados guardados, sin datos licenciados, entrenamiento ni inferencia nueva:",artifacts/rp4_closeout_code/check_final.py,6cd799270fc602acf2f5a17bb10178674b7c45981a5fd3f5882408b3bea49c23,[],literal,"Source passage 29 (zero based); aggregate evidence, specification or saved report.",stored_design_or_result,{},tests/contract/test_rp4_defense_package.py,tests/contract/test_rp4_defense_additions.py
source_claim_0031,source_claim,README.md,c9ba16c582145da3179f4872ccee8bf03c9802cbc8dfeed59db03cf391531c57,Requiere el entorno Python 3.12 instalado con las dependencias fijadas en uv.lock.,artifacts/rp4_v4_a2/evaluation_release_rv15.json,7b5499579a66a468f040966d22824501ec1c65c29fefb848b40366bfd1f2351a,[],literal,"Source passage 30 (zero based); aggregate evidence, specification or saved report.",stored_design_or_result,"{""docs/rp4/RUNBOOK.md"": ""5890e0f3d68d34be9cb40575d6c1905da90dfd0574e00e1eeb7b9295d16ece31""}",tests/contract/test_rp4_defense_package.py,tests/contract/test_rp4_defense_additions.py
source_claim_0032,source_claim,README.md,ee61ddd825779278f32e3a8ca564ea01c555dcadb4defa4adcae3c407a14bd12,"El runbook separa verificación pública, ejecuciones históricas y reproducción con licencia y originales.",docs/rp4/RUNBOOK.md,5890e0f3d68d34be9cb40575d6c1905da90dfd0574e00e1eeb7b9295d16ece31,[],literal,"Source passage 31 (zero based); aggregate evidence, specification or saved report.",stored_design_or_result,{},tests/contract/test_rp4_defense_package.py,tests/contract/test_rp4_defense_additions.py
source_claim_0033,source_claim,README.md,1fb6a6c5ccb775c9e175dcdb2c06f1b0bff7f00b9ea7f39831003d63f87184af,No se declara una nueva ejecución completa ni CI remota aprobada.,README.md,f5f4ca20883d44cbece6e3293aa17868881812a0b6d976c7f51c42f53422ac6e,[],literal,Preserved source wording; this is not current publication or remote CI evidence. No remote re-audit.,historical_operational_snapshot_not_current,"{""docs/rp4/RUNBOOK.md"": ""5890e0f3d68d34be9cb40575d6c1905da90dfd0574e00e1eeb7b9295d16ece31""}",tests/contract/test_rp4_defense_package.py,tests/contract/test_rp4_defense_additions.py
source_claim_0034,source_claim,README.md,85e2b2f3dbc1de43c352e339a79a23fe087682a4599f6a78e804f715d479bc42,La proyección de publicación puede tener bytes distintos: sus hashes no se presentan como los del freeze.,docs/rp4/publication_projection_v1.md,98bd85355f3fe6ce8cbf155f232c78405e542ba2ad11eeb6f954f1bdf6114976,[],literal,"Source passage 33 (zero based); aggregate evidence, specification or saved report.",stored_design_or_result,{},tests/contract/test_rp4_defense_package.py,tests/contract/test_rp4_defense_additions.py
source_claim_0035,source_claim,README.md,12a02c23f0220f6b460a65557a7d8e78977ba0ab367bec7c9a5c0428ff4613f6,Las fuentes de proveedores y los derivados por origen no se redistribuyen.,data/DATA_ACCESS.md,aaa68a4b94af5bfa7059b11c18f400b680ec322edb641c382e56b6e3d034e66a,[],literal,"Source passage 34 (zero based); aggregate evidence, specification or saved report.",stored_design_or_result,{},tests/contract/test_rp4_defense_package.py,tests/contract/test_rp4_defense_additions.py
source_claim_0036,source_claim,README.md,fc3eca0016816aefedc66e53b8d2fc8bc1d2d2e1bff198aeea0b1460ce3c34a8,La licencia del código no concede derechos sobre esos datos. Acceso a datos · Estado generado · Estado legible por máquina.,data/DATA_ACCESS.md,aaa68a4b94af5bfa7059b11c18f400b680ec322edb641c382e56b6e3d034e66a,[],literal,"Source passage 35 (zero based); aggregate evidence, specification or saved report.",stored_design_or_result,{},tests/contract/test_rp4_defense_package.py,tests/contract/test_rp4_defense_additions.py
source_claim_0037,source_claim,README.md,e517a8b7cd1ac532a2581c3db145ed6a17eb3efd41695c40081560cce2ab2ff1,Cuarta evaluación de las mismas ventanas: v1 inicial; v2 corrige cobertura y estabilidad; v3 añade desbalance y ventanas vacías; v4 cambia el horizonte bajo un antecedente condicional.,docs/rp4/specification_v4.md,443a0c2628d80f82b0f1a90a7ce7f7c3a8caac38a505c8d12366c7c1c81d6ee9,[],literal,"Source passage 36 (zero based); aggregate evidence, specification or saved report.",stored_design_or_result,"{""artifacts/rp4_closeout_figures/comparison_v1_v4.csv"": ""0d9554e1fc5151b4eb7b149b7bc529bbdfee1d12e92883163087aedc6942a9ba""}",tests/contract/test_rp4_defense_package.py,tests/contract/test_rp4_defense_additions.py
source_claim_0038,source_claim,README.md,d18b425b4bda137622651009c9271ab8f9d7c74cc39ae1421e16e48e712ce8e0,"RV5 es secundario, no una réplica independiente.",docs/rp4/specification_v4.md,443a0c2628d80f82b0f1a90a7ce7f7c3a8caac38a505c8d12366c7c1c81d6ee9,[],literal,"Source passage 37 (zero based); aggregate evidence, specification or saved report.",scope_or_limitation,{},tests/contract/test_rp4_defense_package.py,tests/contract/test_rp4_defense_additions.py
source_claim_0039,source_claim,README.md,c320cdd1ab7e69a8523b5e7f3936e10b80152b94e3181f47f195e1f1e5ec4fb2,La ventana 20 de julio a 28 de agosto fue leída una vez por el puente de Fase 8 con otra especificación.,docs/rp4/specification_v4.md,443a0c2628d80f82b0f1a90a7ce7f7c3a8caac38a505c8d12366c7c1c81d6ee9,[],literal,Prior access is disclosed by the existing specification; the earlier study was not reopened.,prior_access_declared_not_reaudited,{},tests/contract/test_rp4_defense_package.py,tests/contract/test_rp4_defense_additions.py
source_claim_0040,source_claim,README.md,bd79ea3f24084a79922127344e35f3425aa0b1ab271b7b7f7f938bc0e0871aa9,"El PIT es proxy de tiempo fuente a 120 s, como en la literatura; no demuestra recepción histórica por el cliente.",docs/rp4/specification_v4.md,443a0c2628d80f82b0f1a90a7ce7f7c3a8caac38a505c8d12366c7c1c81d6ee9,[],literal,"Source passage 39 (zero based); aggregate evidence, specification or saved report.",scope_or_limitation,"{""artifacts/rp4_market_audit/REPORT.md"": ""74c6d6e5aaa43c51e73b0cacc8bde6a569aa1093686bafd5c10973d1abe3dcab""}",tests/contract/test_rp4_defense_package.py,tests/contract/test_rp4_defense_additions.py
source_claim_0041,source_claim,README.md,909d04092c11f7b60a9a93f13963d2cd1bb560896e3e2360be46a2e2ef823ede,El hueco UW 2025-01-25–2025-02-24 se acepta sin relleno.,artifacts/rp4_v4_a1/specification.json,0a45b0a608110e2ca0dcf38accc2a0c2521ebbe9d223eb002e36ec51f78afd04,[],literal,"Source passage 40 (zero based); aggregate evidence, specification or saved report.",stored_design_or_result,{},tests/contract/test_rp4_defense_package.py,tests/contract/test_rp4_defense_additions.py
source_claim_0042,source_claim,README.md,fc51f78314d75bd3d603255333d85cbde13d295b9cf691328d5b10391e61169f,"Las marcas de sucesos en las figuras son contexto temporal, no atribución causal.",artifacts/rp4_closeout_audit/REPORT.md,93ba2ae3f561d1e88bc2706d5cede0fcd504c4c5790453cb2dc0a32f5c11c412,[],literal,"Source passage 41 (zero based); aggregate evidence, specification or saved report.",scope_or_limitation,"{""artifacts/rp4_market_audit/REPORT.md"": ""74c6d6e5aaa43c51e73b0cacc8bde6a569aa1093686bafd5c10973d1abe3dcab""}",tests/contract/test_rp4_defense_package.py,tests/contract/test_rp4_defense_additions.py
source_claim_0043,source_claim,README.md,fc64d058b3c3432ce9183fcc7262e80ddb7bcd5802150f0f889d6b97733a7443,"- El programa de 2024 y programa previo distinguió superficie y flujo con resultados dependientes de modelo y muestra; su señal se estudió como absorbida por información de estado, no se presenta como réplica de RP4. Registro de resultados anteriores.",README.md,f5f4ca20883d44cbece6e3293aa17868881812a0b6d976c7f51c42f53422ac6e,[],literal,Hash proves what the source declares; no independent verification of the prior program in this task.,historical_declaration_not_reaudited,{},tests/contract/test_rp4_defense_package.py,tests/contract/test_rp4_defense_additions.py
source_claim_0044,source_claim,README.md,d1d284b78bbf3d32a0e8a06b16b45a38c002420dc86c4e98f633a394f97753da,"- El sucesor PIT v2.2 tiene una lectura de evaluación fechada 2026-09-02, cifras favorables y adversas y disposición histórica . Resultado y límites originales.",README.md,f5f4ca20883d44cbece6e3293aa17868881812a0b6d976c7f51c42f53422ac6e,[],literal,Hash proves what the source declares; no independent verification of the prior program in this task.,historical_declaration_not_reaudited,{},tests/contract/test_rp4_defense_package.py,tests/contract/test_rp4_defense_additions.py
source_claim_0045,source_claim,README.md,a871d23bf9cae6b4530993dde90e29fd621e103e26cfd493b1983974e9961688,"- El puente Fase 8 se abrió el 2026-08-30, con resultado mixto y correcciones descriptivas preservadas. Addendum.",README.md,f5f4ca20883d44cbece6e3293aa17868881812a0b6d976c7f51c42f53422ac6e,[],literal,Hash proves what the source declares; no independent verification of the prior program in this task.,historical_declaration_not_reaudited,{},tests/contract/test_rp4_defense_package.py,tests/contract/test_rp4_defense_additions.py
source_claim_0046,source_claim,README.md,395c0cc720ef5a5895fb7f63840558ad7d763ce3e4241c46f9645653fb99ea7c,"- cohorte reservada conserva su protocolo, contador de lectura cero y fecha **prevista** 2029-01-30; esa fecha no es una lectura realizada. Prerregistro.",README.md,f5f4ca20883d44cbece6e3293aa17868881812a0b6d976c7f51c42f53422ac6e,[],literal,Source declaration only. Reserved protocols and cohorts were not opened; no underlying result is certified.,reserved_cohort_metadata_not_audited,{},tests/contract/test_rp4_defense_package.py,tests/contract/test_rp4_defense_additions.py
source_claim_0047,source_claim,README.md,9c8d54011890725a2e64e4bfc4b1b20ab8f7852ee8524954090c5ad47a7e966f,cohorte inactiva permanece inactivo por decisión 128: no se inventa fecha de lectura.,README.md,f5f4ca20883d44cbece6e3293aa17868881812a0b6d976c7f51c42f53422ac6e,[],literal,Source declaration only. Reserved protocols and cohorts were not opened; no underlying result is certified.,reserved_cohort_metadata_not_audited,{},tests/contract/test_rp4_defense_package.py,tests/contract/test_rp4_defense_additions.py
source_claim_0048,source_claim,README.md,8d5e7d7abdc868bfabdaddaa7daaf08241db126e61892838f3592e9227c09c55,Fase 9 dejó de ser cohorte sellada para RP4; sus originales no se modifican.,README.md,f5f4ca20883d44cbece6e3293aa17868881812a0b6d976c7f51c42f53422ac6e,[],literal,Source declaration only. Reserved protocols and cohorts were not opened; no underlying result is certified.,reserved_cohort_metadata_not_audited,{},tests/contract/test_rp4_defense_package.py,tests/contract/test_rp4_defense_additions.py
source_claim_0049,source_claim,README.md,97fbfa2bb0682b992879bd17ea55877b434e6a8aeea6091a2bc7ed8d7b78d094,- v1 conserva su fallo numérico; v2 conserva sus resultados; la regla de ventana vacía de v3 acotó los apagones del proveedor sin eliminar todo el daño. Auditoría de instrumento y modelos.,artifacts/rp4_closeout_figures/comparison_v1_v4.csv,0d9554e1fc5151b4eb7b149b7bc529bbdfee1d12e92883163087aedc6942a9ba,[],literal,"Source passage 48 (zero based); aggregate evidence, specification or saved report.",stored_design_or_result,"{""artifacts/rp4_closeout_audit/REPORT.md"": ""93ba2ae3f561d1e88bc2706d5cede0fcd504c4c5790453cb2dc0a32f5c11c412"", ""docs/rp4/v3_window_empty_addendum.md"": ""5502cc7dce7917b233e85c360e45f176b6742b6759d3543d1d60841c05df1803""}",tests/contract/test_rp4_defense_package.py,tests/contract/test_rp4_defense_additions.py
source_claim_0050,source_claim,README.md,7bafda98b6e0eb5a847b2d7d024e6108c84df282d95cf74256a40646e44c5a39,El cambio de vencimientos del 26 de enero de 2026 y los extremos AMZN/TSLA se documentan con límites de verificación. Censo y barras.,artifacts/rp4_market_audit/REPORT.md,74c6d6e5aaa43c51e73b0cacc8bde6a569aa1093686bafd5c10973d1abe3dcab,[],literal,"Source passage 49 (zero based); aggregate evidence, specification or saved report.",stored_design_or_result,{},tests/contract/test_rp4_defense_package.py,tests/contract/test_rp4_defense_additions.py
source_claim_0051,source_claim,README.md,122d14702c3aa2cc266dd6a641fa994e7bf10b1025fab528b9f584552228ac85,El registro histórico registro histórico conserva el hash científico .,README.md,f5f4ca20883d44cbece6e3293aa17868881812a0b6d976c7f51c42f53422ac6e,[],literal,Hash proves what the source declares; no independent verification of the prior program in this task.,historical_declaration_not_reaudited,{},tests/contract/test_rp4_defense_package.py,tests/contract/test_rp4_defense_additions.py
source_claim_0052,source_claim,README.md,c29df2c78e3ed6186eed0edc213c3633b45ab7a313710b3a00a6ee1417fb732f,"Su disposición es , por ; no se presenta como una réplica de RP4.",README.md,f5f4ca20883d44cbece6e3293aa17868881812a0b6d976c7f51c42f53422ac6e,[],literal,Hash proves what the source declares; no independent verification of the prior program in this task.,historical_declaration_not_reaudited,{},tests/contract/test_rp4_defense_package.py,tests/contract/test_rp4_defense_additions.py
source_claim_0053,source_claim,README.md,a4a013134e329c4dea717f4a004b7c6bf5a3b5cfe5843b1cdc549ddba07c303b,El puente Fase 8 conserva : su auditoría concluyó «no aggregation change» y «not confirmatory»; la sensibilidad materializada mejoró sólo «one of eight B1-inclusive primary cells».,README.md,f5f4ca20883d44cbece6e3293aa17868881812a0b6d976c7f51c42f53422ac6e,[],literal,Hash proves what the source declares; no independent verification of the prior program in this task.,historical_declaration_not_reaudited,{},tests/contract/test_rp4_defense_package.py,tests/contract/test_rp4_defense_additions.py
source_claim_0054,source_claim,README.md,d93c6a78eb73d501de133e605ed48888eac7d7945e8d6a44155b80a8286492cb,"Son diagnósticos históricos, no la conclusión del programa cerrado en v4.",README.md,f5f4ca20883d44cbece6e3293aa17868881812a0b6d976c7f51c42f53422ac6e,[],literal,Hash proves what the source declares; no independent verification of the prior program in this task.,scope_or_limitation,"{""docs/rp4/specification_v4.md"": ""443a0c2628d80f82b0f1a90a7ce7f7c3a8caac38a505c8d12366c7c1c81d6ee9""}",tests/contract/test_rp4_defense_package.py,tests/contract/test_rp4_defense_additions.py
source_claim_0055,source_claim,README.md,7d06dfbf885230b6f51ce01000deff18ad3f2f592f9a1a18854ab72489bf4cb0,Estado canónico e historial · Límites PIT anteriores · Acceso a datos · Contrato de reproducción histórico.,README.md,f5f4ca20883d44cbece6e3293aa17868881812a0b6d976c7f51c42f53422ac6e,[],literal,"Source passage 54 (zero based); aggregate evidence, specification or saved report.",navigation_only,{},tests/contract/test_rp4_defense_package.py,tests/contract/test_rp4_defense_additions.py
source_claim_0056,source_claim,README.md,393ea569fdce20c5e3bf8c22631b9b68a5798a86da495573527c1919c2d03c4b,La ruta vigente de lectura es este README → RESULTADO_FINAL → RUNBOOK.,README.md,f5f4ca20883d44cbece6e3293aa17868881812a0b6d976c7f51c42f53422ac6e,[],literal,"Source passage 55 (zero based); aggregate evidence, specification or saved report.",navigation_only,"{""docs/rp4/RUNBOOK.md"": ""5890e0f3d68d34be9cb40575d6c1905da90dfd0574e00e1eeb7b9295d16ece31""}",tests/contract/test_rp4_defense_package.py,tests/contract/test_rp4_defense_additions.py
source_claim_0057,source_claim,README.md,5c70c875f8f0a86e1817a9e122562eeaafc0490fd6ac260b4723b0dc0ef93100,Los protocolos y recibos anteriores se conservan como historia; no autorizan volver a ejecutar campañas cerradas.,docs/rp4/RUNBOOK.md,5890e0f3d68d34be9cb40575d6c1905da90dfd0574e00e1eeb7b9295d16ece31,[],literal,"Source passage 56 (zero based); aggregate evidence, specification or saved report.",stored_design_or_result,{},tests/contract/test_rp4_defense_package.py,tests/contract/test_rp4_defense_additions.py
source_claim_0058,source_claim,README.md,74f1127670a49118a5857e730fb9864e8f813c39c9f1eb6e4204e84a4fcefe47,La preparación es local: no se ha publicado esta entrega ni abierto su PR.,README.md,f5f4ca20883d44cbece6e3293aa17868881812a0b6d976c7f51c42f53422ac6e,[],literal,Preserved source wording; this is not current publication or remote CI evidence. No remote re-audit.,historical_operational_snapshot_not_current,{},tests/contract/test_rp4_defense_package.py,tests/contract/test_rp4_defense_additions.py
source_claim_0059,source_claim,README.md,c6b2ad1981052d764e4844563e0975f95776abcdf3533946bbb11d3bd7ca4f18,Guía de desarrollo · Licencia · Citación · Seguridad.,README.md,f5f4ca20883d44cbece6e3293aa17868881812a0b6d976c7f51c42f53422ac6e,[],literal,"Source passage 58 (zero based); aggregate evidence, specification or saved report.",navigation_only,{},tests/contract/test_rp4_defense_package.py,tests/contract/test_rp4_defense_additions.py
source_claim_0060,source_claim,README.md,6b0f880017dedfcb79aa46fb90698163cc23a621cbf96e325ddfb60958a995e2,RESEARCH_ONLY · NOT INVESTMENT ADVICE · capital_go=false.,artifacts/rp4_v4_a1/specification.json,0a45b0a608110e2ca0dcf38accc2a0c2521ebbe9d223eb002e36ec51f78afd04,[],literal,"Source passage 59 (zero based); aggregate evidence, specification or saved report.",stored_design_or_result,{},tests/contract/test_rp4_defense_package.py,tests/contract/test_rp4_defense_additions.py
source_claim_0061,source_claim,README.md,b012b6cd29830c71eb054342eb797dc65727dd088fc6b4ecea52ae4b55a1fd36,Contribuir · Índice de documentación · Declaración de asistencia · Amenazas a la validez · Scripts · Índice de informes · Base de datos · Issues.,README.md,f5f4ca20883d44cbece6e3293aa17868881812a0b6d976c7f51c42f53422ac6e,[],literal,"Source passage 60 (zero based); aggregate evidence, specification or saved report.",navigation_only,{},tests/contract/test_rp4_defense_package.py,tests/contract/test_rp4_defense_additions.py
source_claim_0062,source_claim,docs/rp4/RESULTADO_FINAL.md,538ff2a7efac32d3ec1446a722833cb7f1c73bd673c13dc00e9fc910a7a00d7a,"fuera de muestra walk-forward, partición fijada 2026-09-07.",docs/rp4/specification_v4.md,443a0c2628d80f82b0f1a90a7ce7f7c3a8caac38a505c8d12366c7c1c81d6ee9,[],literal,"Source passage 0 (zero based); aggregate evidence, specification or saved report.",stored_design_or_result,{},tests/contract/test_rp4_defense_package.py,tests/contract/test_rp4_defense_additions.py
source_claim_0063,source_claim,docs/rp4/RESULTADO_FINAL.md,812ec133e66e0269aa1f6d3ee88fc322a8f42b74e4d63718fb0a71f0e54ec3e2,"Sí para el estado de opciones; para el flujo, la respuesta depende del horizonte, la familia y el estadístico.",artifacts/rp4_v4_b4/primary_statistics.csv,5c215fc38344839ecedea7b27f69efcb85fbefea84f1367d06229cb7407902d4,[],literal,"Source passage 1 (zero based); aggregate evidence, specification or saved report.",stored_design_or_result,"{""artifacts/rp4_v4_b4/distribution_secondary.csv"": ""62312356720ac370fe3928eb5212db5a99ad7aa63f8ce4fe568ae149faed96cb""}",tests/contract/test_rp4_defense_package.py,tests/contract/test_rp4_defense_additions.py
source_claim_0064,source_claim,docs/rp4/RESULTADO_FINAL.md,4e797683cf69507f564e3a165bebe3461963d1a7e80448253af003ff23124c7b,La regla de cierre de RP4 se cumplió en RV15 con la familia lineal.,artifacts/rp4_v4_b4/primary_statistics.csv,5c215fc38344839ecedea7b27f69efcb85fbefea84f1367d06229cb7407902d4,[],literal,"Source passage 2 (zero based); aggregate evidence, specification or saved report.",stored_design_or_result,{},tests/contract/test_rp4_defense_package.py,tests/contract/test_rp4_defense_additions.py
source_claim_0065,source_claim,docs/rp4/RESULTADO_FINAL.md,17d50ac11ae5fa6c84226aaaa49a66d4903d49ae188f51cb7ef3b174f3deb2ce,"El programa científico termina en v4, sin una v5.",docs/rp4/specification_v4.md,443a0c2628d80f82b0f1a90a7ce7f7c3a8caac38a505c8d12366c7c1c81d6ee9,[],literal,"Source passage 3 (zero based); aggregate evidence, specification or saved report.",stored_design_or_result,{},tests/contract/test_rp4_defense_package.py,tests/contract/test_rp4_defense_additions.py
source_claim_0066,source_claim,docs/rp4/RESULTADO_FINAL.md,b71267e4acbff1f26d8c6b38a91db8009701200a077922d7b5a045b4c61d62b9,"Se pronostica la variación realizada de AAPL, AMZN, META, MSFT, NVDA y TSLA con barras de un minuto y operaciones de opciones.",artifacts/rp4_v4_a1/specification.json,0a45b0a608110e2ca0dcf38accc2a0c2521ebbe9d223eb002e36ec51f78afd04,[],literal,"Source passage 4 (zero based); aggregate evidence, specification or saved report.",stored_design_or_result,{},tests/contract/test_rp4_defense_package.py,tests/contract/test_rp4_defense_additions.py
source_claim_0067,source_claim,docs/rp4/RESULTADO_FINAL.md,bdd34966e13ebab446a0144b480f3288591fee8548af0d8c5602bfee70fd0d60,"Los tres conjuntos son anidados: B0 usa precios e historia de volatilidad; B1 añade estado y superficie de opciones; B2 añade composición, actividad y desbalance firmado del flujo.",artifacts/rp4_v4_a1/specification.json,0a45b0a608110e2ca0dcf38accc2a0c2521ebbe9d223eb002e36ec51f78afd04,[],literal,"Source passage 5 (zero based); aggregate evidence, specification or saved report.",stored_design_or_result,{},tests/contract/test_rp4_defense_package.py,tests/contract/test_rp4_defense_additions.py
source_claim_0068,source_claim,docs/rp4/RESULTADO_FINAL.md,d733250d1b344382795cb8fdac670cb3a4d48457d75f92ee0b1505a98ec532a7,"En v3/v4 tienen 29, 69 y 138 predictores, respectivamente, más los efectos de activo y los indicadores de presencia que corresponden a cada familia.",artifacts/rp4_v4_a1/specification.json,0a45b0a608110e2ca0dcf38accc2a0c2521ebbe9d223eb002e36ec51f78afd04,[],literal,"Source passage 6 (zero based); aggregate evidence, specification or saved report.",stored_design_or_result,"{""artifacts/rp4_closeout_audit/REPORT.md"": ""93ba2ae3f561d1e88bc2706d5cede0fcd504c4c5790453cb2dc0a32f5c11c412""}",tests/contract/test_rp4_defense_package.py,tests/contract/test_rp4_defense_additions.py
source_claim_0069,source_claim,docs/rp4/RESULTADO_FINAL.md,32dea329f83c4b085e0d088d3966d48dd08cf06ed3aa9f8534a6783f55ae3dff,El desarrollo abarca 2024-08-02–2026-07-31.,docs/rp4/specification_v4.md,443a0c2628d80f82b0f1a90a7ce7f7c3a8caac38a505c8d12366c7c1c81d6ee9,[],literal,"Source passage 7 (zero based); aggregate evidence, specification or saved report.",stored_design_or_result,{},tests/contract/test_rp4_defense_package.py,tests/contract/test_rp4_defense_additions.py
source_claim_0070,source_claim,docs/rp4/RESULTADO_FINAL.md,d8c32b4f79ef1e33c6101ccc0a2bf90d03a9297883aa8a9feaeca3c9b14b82a5,"La partición de calendario es 2026-08-01, fijada el 2026-09-07.",docs/rp4/specification_v4.md,443a0c2628d80f82b0f1a90a7ce7f7c3a8caac38a505c8d12366c7c1c81d6ee9,[],literal,"Source passage 8 (zero based); aggregate evidence, specification or saved report.",stored_design_or_result,{},tests/contract/test_rp4_defense_package.py,tests/contract/test_rp4_defense_additions.py
source_claim_0071,source_claim,docs/rp4/RESULTADO_FINAL.md,fbb66920dc251cadac7e824c484168b3804148dde0be35840bfe3592bdbdb364,"Cada sesión se predice con entrenamiento expansivo exclusivamente anterior, después de 60 sesiones de calentamiento, con selección en las últimas diez sesiones de entrenamiento y purga/embargo de 60 minutos.",docs/rp4/specification_v4.md,443a0c2628d80f82b0f1a90a7ce7f7c3a8caac38a505c8d12366c7c1c81d6ee9,[],literal,"Source passage 9 (zero based); aggregate evidence, specification or saved report.",stored_design_or_result,"{""artifacts/rp4_closeout_audit/REPORT.md"": ""93ba2ae3f561d1e88bc2706d5cede0fcd504c4c5790453cb2dc0a32f5c11c412""}",tests/contract/test_rp4_defense_package.py,tests/contract/test_rp4_defense_additions.py
source_claim_0072,source_claim,docs/rp4/RESULTADO_FINAL.md,cad632d55052972b8609ef641b79905efdd64b698a2333c3babadfd4885e1f00,"La primaria v2–v4 tiene 419 sesiones y 160.832 orígenes; la ventana denominada confirmación, 2026-08-03–2026-09-04, tiene 25 sesiones y 9.750 orígenes.",artifacts/rp4_closeout_figures/comparison_v1_v4.csv,0d9554e1fc5151b4eb7b149b7bc529bbdfee1d12e92883163087aedc6942a9ba,[],literal,"Source passage 10 (zero based); aggregate evidence, specification or saved report.",stored_design_or_result,"{""artifacts/rp4_v4_b4/primary_statistics.csv"": ""5c215fc38344839ecedea7b27f69efcb85fbefea84f1367d06229cb7407902d4""}",tests/contract/test_rp4_defense_package.py,tests/contract/test_rp4_defense_additions.py
source_claim_0073,source_claim,docs/rp4/RESULTADO_FINAL.md,d29e0eec68ab6ee308c72cb8892ed75f87fbcc4aaebf7de8ad1b95e99fa3062f,Se comparan una familia lineal y LightGBM.,docs/rp4/specification_v4.md,443a0c2628d80f82b0f1a90a7ce7f7c3a8caac38a505c8d12366c7c1c81d6ee9,[],literal,"Source passage 11 (zero based); aggregate evidence, specification or saved report.",stored_design_or_result,{},tests/contract/test_rp4_defense_package.py,tests/contract/test_rp4_defense_additions.py
source_claim_0074,source_claim,docs/rp4/RESULTADO_FINAL.md,c6cdfb7b473acc674aef1aaea16433bca710b9b0665560f80c47c5706d014381,En v3/v4 la lineal es un **modelo lineal winsorizado con filtro de rango (ridge nominal)**.,docs/rp4/specification_v4.md,443a0c2628d80f82b0f1a90a7ce7f7c3a8caac38a505c8d12366c7c1c81d6ee9,[],literal,"Source passage 12 (zero based); aggregate evidence, specification or saved report.",stored_design_or_result,"{""artifacts/rp4_closeout_audit/REPORT.md"": ""93ba2ae3f561d1e88bc2706d5cede0fcd504c4c5790453cb2dc0a32f5c11c412""}",tests/contract/test_rp4_defense_package.py,tests/contract/test_rp4_defense_additions.py
source_claim_0075,source_claim,docs/rp4/RESULTADO_FINAL.md,44247c7720c8618a49542e8eff9646a6585572deb257d57db6dae1bff619f4e5,"La pérdida QLIKE mide error de pronóstico, no rentabilidad.",docs/rp4/specification_v4.md,443a0c2628d80f82b0f1a90a7ce7f7c3a8caac38a505c8d12366c7c1c81d6ee9,[],literal,"Source passage 13 (zero based); aggregate evidence, specification or saved report.",scope_or_limitation,{},tests/contract/test_rp4_defense_package.py,tests/contract/test_rp4_defense_additions.py
source_claim_0076,source_claim,docs/rp4/RESULTADO_FINAL.md,8c00d3ee8912b1717a1f2b666cca3901e1da8e53d95af7bc20eb34a418ee1aa3,"En v3/v4, H1 prueba B1 sobre B0 al 5 % unilateral; sólo si rechaza se prueba H2, B2 sobre B1, también al 5 %.",docs/rp4/specification_v4.md,443a0c2628d80f82b0f1a90a7ce7f7c3a8caac38a505c8d12366c7c1c81d6ee9,[],literal,"Source passage 14 (zero based); aggregate evidence, specification or saved report.",stored_design_or_result,"{""artifacts/rp4_v4_b4/primary_statistics.csv"": ""5c215fc38344839ecedea7b27f69efcb85fbefea84f1367d06229cb7407902d4""}",tests/contract/test_rp4_defense_package.py,tests/contract/test_rp4_defense_additions.py
source_claim_0077,source_claim,docs/rp4/RESULTADO_FINAL.md,451270058b6b3644a44805c248663e4ac4dd6636ebc5abe64a10675b68c87d8a,"La regla de cierre exige la secuencia en al menos una familia, no en ambas.",docs/rp4/specification_v4.md,443a0c2628d80f82b0f1a90a7ce7f7c3a8caac38a505c8d12366c7c1c81d6ee9,[],literal,"Source passage 15 (zero based); aggregate evidence, specification or saved report.",stored_design_or_result,{},tests/contract/test_rp4_defense_package.py,tests/contract/test_rp4_defense_additions.py
source_claim_0078,source_claim,docs/rp4/RESULTADO_FINAL.md,2bdb17626c304b78854160067ea8c270b919db6d497eee89d5dca785696a66d9,El bootstrap usa bloques de cinco sesiones; los p no corrigen la búsqueda entre versiones.,docs/rp4/specification_v4.md,443a0c2628d80f82b0f1a90a7ce7f7c3a8caac38a505c8d12366c7c1c81d6ee9,[],literal,"Source passage 16 (zero based); aggregate evidence, specification or saved report.",stored_design_or_result,"{""artifacts/rp4_v4_b4/primary_statistics.csv"": ""5c215fc38344839ecedea7b27f69efcb85fbefea84f1367d06229cb7407902d4""}",tests/contract/test_rp4_defense_package.py,tests/contract/test_rp4_defense_additions.py
source_claim_0079,source_claim,docs/rp4/RESULTADO_FINAL.md,d63b75d5040c75d0eee2c887c23ae77933a635e16032cd64d1fa9e8bcc1bd7c2,Cada celda muestra **reducción porcentual de QLIKE (p)**.,docs/rp4/specification_v4.md,443a0c2628d80f82b0f1a90a7ce7f7c3a8caac38a505c8d12366c7c1c81d6ee9,[],literal,"Source passage 17 (zero based); aggregate evidence, specification or saved report.",stored_design_or_result,"{""artifacts/rp4_closeout_figures/comparison_v1_v4.csv"": ""0d9554e1fc5151b4eb7b149b7bc529bbdfee1d12e92883163087aedc6942a9ba""}",tests/contract/test_rp4_defense_package.py,tests/contract/test_rp4_defense_additions.py
source_claim_0080,source_claim,docs/rp4/RESULTADO_FINAL.md,f351ead0fdbffc44f8cc704f1ea882235c501251c4565ac5f628ca240e8bdab9,Un signo negativo significa empeoramiento.,docs/rp4/specification_v4.md,443a0c2628d80f82b0f1a90a7ce7f7c3a8caac38a505c8d12366c7c1c81d6ee9,[],literal,"Source passage 18 (zero based); aggregate evidence, specification or saved report.",stored_design_or_result,{},tests/contract/test_rp4_defense_package.py,tests/contract/test_rp4_defense_additions.py
source_claim_0081,source_claim,docs/rp4/RESULTADO_FINAL.md,3a9b9cc3feccf53bfb551f95e3710632c06c7ee7427cbc1b241c53cd63367a83,"En v1/v2, p es bilateral con Holm; en v3/v4 es unilateral secuencial.",artifacts/rp4_closeout_figures/comparison_v1_v4.csv,0d9554e1fc5151b4eb7b149b7bc529bbdfee1d12e92883163087aedc6942a9ba,[],literal,"Source passage 19 (zero based); aggregate evidence, specification or saved report.",stored_design_or_result,"{""docs/rp4/specification_v4.md"": ""443a0c2628d80f82b0f1a90a7ce7f7c3a8caac38a505c8d12366c7c1c81d6ee9""}",tests/contract/test_rp4_defense_package.py,tests/contract/test_rp4_defense_additions.py
source_claim_0082,source_claim,docs/rp4/RESULTADO_FINAL.md,8694f4330133bdd96ea53252cdaa2945faddc779e83effeed56ef7fed0b90f35,"Por tanto, los p de distintas versiones no son intercambiables.",artifacts/rp4_closeout_figures/comparison_v1_v4.csv,0d9554e1fc5151b4eb7b149b7bc529bbdfee1d12e92883163087aedc6942a9ba,[],literal,"Source passage 20 (zero based); aggregate evidence, specification or saved report.",scope_or_limitation,"{""docs/rp4/specification_v4.md"": ""443a0c2628d80f82b0f1a90a7ce7f7c3a8caac38a505c8d12366c7c1c81d6ee9""}",tests/contract/test_rp4_defense_package.py,tests/contract/test_rp4_defense_additions.py
source_claim_0083,source_claim,docs/rp4/RESULTADO_FINAL.md,d7bb60aba8fc35e26d57b8d213b698713ceea9c7b5b9ad3f15f1469bf3fcdec2,| Versión / objetivo | Lineal B1/B0 | Lineal B2/B1 | Árboles B1/B0 | Árboles B2/B1 | Sesiones |,artifacts/rp4_closeout_figures/comparison_v1_v4.csv,0d9554e1fc5151b4eb7b149b7bc529bbdfee1d12e92883163087aedc6942a9ba,[],literal,"Source passage 21 (zero based); aggregate evidence, specification or saved report.",stored_design_or_result,{},tests/contract/test_rp4_defense_package.py,tests/contract/test_rp4_defense_additions.py
source_claim_0084,source_claim,docs/rp4/RESULTADO_FINAL.md,60267eda15e2b3766fb0f91375a334d4aa01d5fa0bd5777293353ecaefb9b371,"| v1 · RV30 | +0,290 % (1,000) | −167.448,32 % (1,000) | +1,204 % (0,4724) | −0,073 % (1,000) | 418 |",artifacts/rp4_closeout_figures/comparison_v1_v4.csv,0d9554e1fc5151b4eb7b149b7bc529bbdfee1d12e92883163087aedc6942a9ba,[],literal,"Source passage 22 (zero based); aggregate evidence, specification or saved report.",stored_design_or_result,{},tests/contract/test_rp4_defense_package.py,tests/contract/test_rp4_defense_additions.py
source_claim_0085,source_claim,docs/rp4/RESULTADO_FINAL.md,c317324d4cdc81eac0fc58d1f785ce57bfec7f742c74de0698d0d47bcdd6022d,"| v2 · RV30 | +1,715 % (0,1842) | −8,714 % (0,3752) | +2,091 % (0,0264) | −0,063 % (0,8858) | 419 |",artifacts/rp4_closeout_figures/comparison_v1_v4.csv,0d9554e1fc5151b4eb7b149b7bc529bbdfee1d12e92883163087aedc6942a9ba,[],literal,"Source passage 23 (zero based); aggregate evidence, specification or saved report.",stored_design_or_result,{},tests/contract/test_rp4_defense_package.py,tests/contract/test_rp4_defense_additions.py
source_claim_0086,source_claim,docs/rp4/RESULTADO_FINAL.md,138c408158e153c3a8a1393fac83885a9bce01f59b00639c975c9fdd88e29108,"| v3 · RV30 | +1,729 % (0,0439) | +0,554 % (0,0525) | +2,091 % (0,0053) | −0,159 % (0,6631) | 419 |",artifacts/rp4_v4_b4/primary_statistics.csv,5c215fc38344839ecedea7b27f69efcb85fbefea84f1367d06229cb7407902d4,[],literal,"Source passage 24 (zero based); aggregate evidence, specification or saved report.",stored_design_or_result,"{""artifacts/rp4_closeout_figures/comparison_v1_v4.csv"": ""0d9554e1fc5151b4eb7b149b7bc529bbdfee1d12e92883163087aedc6942a9ba""}",tests/contract/test_rp4_defense_package.py,tests/contract/test_rp4_defense_additions.py
source_claim_0087,source_claim,docs/rp4/RESULTADO_FINAL.md,94a67b14226c175e2bc88a940ab5a127af6933895ab15d468e0b53bf2b9bad49,"| v4 · RV15, primario | +0,880 % (0,0390) | +0,623 % (0,0032) | +1,170 % (0,0135) | −0,115 % (0,6280) | 419 |",artifacts/rp4_v4_b4/primary_statistics.csv,5c215fc38344839ecedea7b27f69efcb85fbefea84f1367d06229cb7407902d4,[],literal,"Source passage 25 (zero based); aggregate evidence, specification or saved report.",stored_design_or_result,"{""artifacts/rp4_closeout_figures/comparison_v1_v4.csv"": ""0d9554e1fc5151b4eb7b149b7bc529bbdfee1d12e92883163087aedc6942a9ba""}",tests/contract/test_rp4_defense_package.py,tests/contract/test_rp4_defense_additions.py
source_claim_0088,source_claim,docs/rp4/RESULTADO_FINAL.md,0ac6e4db5b1b2a0c12f62d281ed240830d4d44b59d9d341b554d8e47cc1143f0,"| v4 · RV5, secundario | +0,377 % (0,0092) | +0,256 % (0,0172) | +0,536 % (0,0608) | +0,160 % (no abierta; nominal 0,1927) | 419 |",artifacts/rp4_v4_b4/primary_statistics.csv,5c215fc38344839ecedea7b27f69efcb85fbefea84f1367d06229cb7407902d4,[],literal,"Source passage 26 (zero based); aggregate evidence, specification or saved report.",stored_design_or_result,"{""artifacts/rp4_closeout_figures/comparison_v1_v4.csv"": ""0d9554e1fc5151b4eb7b149b7bc529bbdfee1d12e92883163087aedc6942a9ba""}",tests/contract/test_rp4_defense_package.py,tests/contract/test_rp4_defense_additions.py
source_claim_0089,source_claim,docs/rp4/RESULTADO_FINAL.md,0ff68406eebc03864dae9049b85ce096c89d1582e358f74808f14f0324375bbf,v1 conserva su fallo numérico adverso y sus 92.261 orígenes.,artifacts/rp4_closeout_figures/comparison_v1_v4.csv,0d9554e1fc5151b4eb7b149b7bc529bbdfee1d12e92883163087aedc6942a9ba,[],literal,"Source passage 27 (zero based); aggregate evidence, specification or saved report.",stored_design_or_result,{},tests/contract/test_rp4_defense_package.py,tests/contract/test_rp4_defense_additions.py
source_claim_0090,source_claim,docs/rp4/RESULTADO_FINAL.md,3a1a71fcb7c30eaccac9cd90bc6061b8cacf513d42cf4a458812e2ee2144d7b2,"Las versiones cambian cobertura y especificación; esta tabla no es una comparación controlada que aísle el efecto de cada corrección. v1, v2, v3 y v4 con intervalos, N y ambas ventanas conservan todos los signos.",artifacts/rp4_closeout_figures/comparison_v1_v4.csv,0d9554e1fc5151b4eb7b149b7bc529bbdfee1d12e92883163087aedc6942a9ba,[],literal,"Source passage 28 (zero based); aggregate evidence, specification or saved report.",scope_or_limitation,"{""docs/rp4/specification_v4.md"": ""443a0c2628d80f82b0f1a90a7ce7f7c3a8caac38a505c8d12366c7c1c81d6ee9""}",tests/contract/test_rp4_defense_package.py,tests/contract/test_rp4_defense_additions.py
source_claim_0091,source_claim,docs/rp4/RESULTADO_FINAL.md,78988810aa711db347e2bfa2dc4345d4454384108de3e4958d4f2ee91f8bef8a,"El estado y la superficie de opciones mejoran el pronóstico medio de RV30 y RV15 en ambas familias bajo las pruebas registradas de v3/v4, sin que ello signifique mejora en todos los meses ni confirmación independiente en las 25 sesiones finales.",artifacts/rp4_v4_b4/primary_statistics.csv,5c215fc38344839ecedea7b27f69efcb85fbefea84f1367d06229cb7407902d4,[],literal,"Source passage 29 (zero based); aggregate evidence, specification or saved report.",stored_design_or_result,"{""artifacts/rp4_closeout_audit/descriptive_profiles.csv"": ""426bbe8b329ba936a5f7d8307f2bb7dd2373ac6dfe7fe39f855516e1fc0eddcd""}",tests/contract/test_rp4_defense_package.py,tests/contract/test_rp4_defense_additions.py
source_claim_0092,source_claim,docs/rp4/RESULTADO_FINAL.md,7e1be973838e3505079211e7e11569240eaeea590229c270dd449445a10f6a9e,"El flujo añade una mejora pequeña en la familia lineal a 15 minutos (+0,623 %, IC95 % de la diferencia QLIKE [0,000335; 0,001932]) y a 5 minutos (+0,256 %, secundario): es positiva en los tres bloques de ambos horizontes y en los seis activos a 15 minutos, **pero sólo en tres de los seis a 5 minutos**.",artifacts/rp4_v4_b4/primary_statistics.csv,5c215fc38344839ecedea7b27f69efcb85fbefea84f1367d06229cb7407902d4,[],literal,"Source passage 30 (zero based); aggregate evidence, specification or saved report.",stored_design_or_result,"{""artifacts/rp4_v4_b4/robustness.csv"": ""09925f9cefe4fcf2c19f4a915ad2994c125bbafdb94dfd332cc821ce1f180acb""}",tests/contract/test_rp4_defense_package.py,tests/contract/test_rp4_defense_additions.py
source_claim_0093,source_claim,docs/rp4/RESULTADO_FINAL.md,3057b3a2b0bd4d443ec5de1f43cea7e98eedd995db4ae5160f03fbf379064977,"En árboles, B2 no supera la prueba de la media; la mediana pareada es positiva a 15 y 5 minutos, con p bilateral 0,0435/0,0038 y Holm 0,0870/0,0096, un secundario que no sustituye la prueba primaria.",artifacts/rp4_v4_b4/primary_statistics.csv,5c215fc38344839ecedea7b27f69efcb85fbefea84f1367d06229cb7407902d4,[],literal,"Source passage 31 (zero based); aggregate evidence, specification or saved report.",stored_design_or_result,"{""artifacts/rp4_v4_b4/distribution_secondary.csv"": ""62312356720ac370fe3928eb5212db5a99ad7aa63f8ce4fe568ae149faed96cb""}",tests/contract/test_rp4_defense_package.py,tests/contract/test_rp4_defense_additions.py
source_claim_0094,source_claim,docs/rp4/RESULTADO_FINAL.md,19b0172f3ad97cfd1c5b2698a0674674ecafd6ca7aa1b264892be7da05d9d6d4,"La composición del flujo tiene mayor peso en la representación lineal que las exposiciones gamma: en RV15, las tres shares de prima tienen coeficientes medios absolutos de 0,250–0,312, frente a 0,00489 para desbalance gamma total; el conteo de operaciones con dirección identificada tiene pendiente media −0,04271; cuenta operaciones, no su saldo firmado.",artifacts/rp4_closeout_audit/b2_coefficient_summary.csv,150fdf4398072496ef64547df580053907a117921d2c214f9b3c82446254e9be,[],literal,"Source passage 32 (zero based); aggregate evidence, specification or saved report.",stored_design_or_result,"{""artifacts/rp4_closeout_audit/REPORT.md"": ""93ba2ae3f561d1e88bc2706d5cede0fcd504c4c5790453cb2dc0a32f5c11c412""}",tests/contract/test_rp4_defense_package.py,tests/contract/test_rp4_defense_additions.py
source_claim_0095,source_claim,docs/rp4/RESULTADO_FINAL.md,a4efc1c5da57090989342047780d52c99659f23184dee79a289e25cc8ad50d25,Esto no identifica una contribución causal ni reemplaza una ablación: el mecanismo de cobertura de dealers no queda probado. Coeficientes por columna y horizonte.,artifacts/rp4_closeout_audit/REPORT.md,93ba2ae3f561d1e88bc2706d5cede0fcd504c4c5790453cb2dc0a32f5c11c412,[],literal,"Source passage 33 (zero based); aggregate evidence, specification or saved report.",scope_or_limitation,{},tests/contract/test_rp4_defense_package.py,tests/contract/test_rp4_defense_additions.py
source_claim_0096,source_claim,docs/rp4/RESULTADO_FINAL.md,fa5f2e3ac9393e2ec9606277e9df16c3a5f4e6b7031bb5780ba3677fa15065c6,"Los perfiles intradía, meses y tamaños de entrenamiento son descriptivos: se distingue la primera hora de mercado del primer tramo observable, y el bloque registrado  de la última hora real, >= 330.",artifacts/rp4_closeout_audit/REPORT.md,93ba2ae3f561d1e88bc2706d5cede0fcd504c4c5790453cb2dc0a32f5c11c412,[],literal,"Source passage 34 (zero based); aggregate evidence, specification or saved report.",stored_design_or_result,"{""artifacts/rp4_closeout_audit/descriptive_profiles.csv"": ""426bbe8b329ba936a5f7d8307f2bb7dd2373ac6dfe7fe39f855516e1fc0eddcd""}",tests/contract/test_rp4_defense_package.py,tests/contract/test_rp4_defense_additions.py
source_claim_0097,source_claim,docs/rp4/RESULTADO_FINAL.md,b92ac5fd93bf078ce1b9a3b64241f05094a07652fdebc2c653d7f83ace55d73d,Las interrupciones de publicación del proveedor de 2025-05-15 y 2025-09-18 son hallazgos del instrumento.,docs/rp4/RESULTADO_FINAL.md,6d629b2416601af39a6e7f4fc0f04db1455b6c20ba4c298e7fb21a6ed00b2b19,[],literal,"Saved closure labels the dates; the census proves empty eligible windows, not their external cause.",provider_attribution_not_independently_demonstrated,"{""docs/rp4/v3_window_empty_addendum.md"": ""5502cc7dce7917b233e85c360e45f176b6742b6759d3543d1d60841c05df1803"", ""artifacts/rp4_v4_b4/empty_census.csv"": ""40969c25526b8a831a011aec8e03fae00c74adc7ee90e8ee1d84edd976219555"", ""artifacts/rp4_closeout_figures/manifest.json"": ""15bae2d6eeda608cecc6d24cbc34a9c0174eb2ae6a3a319d9e22519930b88c04""}",tests/contract/test_rp4_defense_package.py,tests/contract/test_rp4_defense_additions.py
source_claim_0098,source_claim,docs/rp4/RESULTADO_FINAL.md,430d12f1afc635ab9d743649220e84b0124cc8c97c2f1f59b200e89c482d2536,"La regla v3 conserva actividad cero, vuelve indefinidas las formas/ratios sin operaciones y añade indicadores; acota el daño sin eliminarlo.",docs/rp4/v3_window_empty_addendum.md,5502cc7dce7917b233e85c360e45f176b6742b6759d3543d1d60841c05df1803,[],literal,"Source passage 36 (zero based); aggregate evidence, specification or saved report.",stored_design_or_result,"{""artifacts/rp4_closeout_audit/REPORT.md"": ""93ba2ae3f561d1e88bc2706d5cede0fcd504c4c5790453cb2dc0a32f5c11c412""}",tests/contract/test_rp4_defense_package.py,tests/contract/test_rp4_defense_additions.py
source_claim_0099,source_claim,docs/rp4/RESULTADO_FINAL.md,bbda40323c6cfa8b3c24bf6b4104da79820af8f62a12d708fccf47fe8235652b,Quedan 412 ventanas vacías de cinco minutos en la primaria y ninguna en confirmación.,artifacts/rp4_v4_b4/empty_census.csv,40969c25526b8a831a011aec8e03fae00c74adc7ee90e8ee1d84edd976219555,[],literal,"Source passage 37 (zero based); aggregate evidence, specification or saved report.",stored_design_or_result,{},tests/contract/test_rp4_defense_package.py,tests/contract/test_rp4_defense_additions.py
source_claim_0100,source_claim,docs/rp4/RESULTADO_FINAL.md,b878ca3ed6737d5b4527a571ab6a9ccd3eb266c017e768ff8af98ddeee2c16d5,No se excluyen para mejorar el resultado.,docs/rp4/v3_window_empty_addendum.md,5502cc7dce7917b233e85c360e45f176b6742b6759d3543d1d60841c05df1803,[],literal,"Source passage 38 (zero based); aggregate evidence, specification or saved report.",stored_design_or_result,{},tests/contract/test_rp4_defense_package.py,tests/contract/test_rp4_defense_additions.py
source_claim_0101,source_claim,docs/rp4/RESULTADO_FINAL.md,b7b36bb22127d0f9f533d57e991be8ee5618729fa7331a2b2c4eb6395eaeef97,"En esas filas, el QLIKE lineal pasa de 0,103 en B1 a 0,202 en B2 con igual peso por sesión/activo; la reparación limita el daño, no lo elimina.",artifacts/rp4_closeout_audit/REPORT.md,93ba2ae3f561d1e88bc2706d5cede0fcd504c4c5790453cb2dc0a32f5c11c412,[],literal,"Source passage 39 (zero based); aggregate evidence, specification or saved report.",stored_design_or_result,"{""artifacts/rp4_closeout_audit/descriptive_profiles.csv"": ""426bbe8b329ba936a5f7d8307f2bb7dd2373ac6dfe7fe39f855516e1fc0eddcd""}",tests/contract/test_rp4_defense_package.py,tests/contract/test_rp4_defense_additions.py
source_claim_0102,source_claim,docs/rp4/RESULTADO_FINAL.md,0462b7da546851558e67d000338d554a38a9534804688aa8632ffff499fd2f17,Existe una ruptura de estructura de mercado documentada: Nasdaq anunció el inicio de vencimientos de lunes y miércoles para estos nombres el **2026-01-26**.,artifacts/rp4_market_audit/REPORT.md,74c6d6e5aaa43c51e73b0cacc8bde6a569aa1093686bafd5c10973d1abe3dcab,[],literal,"Source passage 40 (zero based); aggregate evidence, specification or saved report.",external_notice_archived_in_local_report_not_revisited,{},tests/contract/test_rp4_defense_package.py,tests/contract/test_rp4_defense_additions.py
source_claim_0103,source_claim,docs/rp4/RESULTADO_FINAL.md,f5ba800e0f6922d90d791dd5d85f0933a2f222f54bfbb8de28df572f9a50860e,La cinta verifica esa primera presencia en los seis activos; el salto de celdas se observa el 29 de enero y los primeros lunes/miércoles 0DTE el 2/4 de febrero.,artifacts/rp4_market_audit/REPORT.md,74c6d6e5aaa43c51e73b0cacc8bde6a569aa1093686bafd5c10973d1abe3dcab,[],literal,"First observed dates and zero-expiry dates are in the census. The January 29 cell jump is reported in the audit, without a separate daily cell-count validation.",mixed_census_and_reported_claim,"{""artifacts/rp4_market_audit/expiry_first_observed.csv"": ""8604ccb92868703f614dee3255099594c356b44eed193acdfda3a440974a007e""}",tests/contract/test_rp4_defense_package.py,tests/contract/test_rp4_defense_additions.py
source_claim_0104,source_claim,docs/rp4/RESULTADO_FINAL.md,c9c75c4369abc924ca35bf2540d4a8dda8c066e0f929536d36477ab9366a6ed7,"La cobertura media por origen pasa de 20,04 a 23,10 celdas antes/después del 26.",artifacts/rp4_market_audit/coverage_weekday.csv,e347f76f648da1511eb54a56e853d2ab656b28388de5d0acff70090e95f314a6,[],literal,"Source passage 42 (zero based); aggregate evidence, specification or saved report.",stored_design_or_result,"{""artifacts/rp4_market_audit/REPORT.md"": ""74c6d6e5aaa43c51e73b0cacc8bde6a569aa1093686bafd5c10973d1abe3dcab""}",tests/contract/test_rp4_defense_package.py,tests/contract/test_rp4_defense_additions.py
source_claim_0105,source_claim,docs/rp4/RESULTADO_FINAL.md,414784023e97921a8946230576544b9ee2f771abbd440ffdbbcbc408f496da5e,"La confirmación está enteramente en el régimen nuevo, con entrenamiento en gran parte del anterior: no es una réplica bajo una estructura de mercado estable. Aviso de Nasdaq del 16 de enero y censo diario y cobertura por día de semana.",artifacts/rp4_market_audit/REPORT.md,74c6d6e5aaa43c51e73b0cacc8bde6a569aa1093686bafd5c10973d1abe3dcab,[],literal,"Source passage 43 (zero based); aggregate evidence, specification or saved report.",scope_or_limitation,"{""docs/rp4/specification_v4.md"": ""443a0c2628d80f82b0f1a90a7ce7f7c3a8caac38a505c8d12366c7c1c81d6ee9""}",tests/contract/test_rp4_defense_package.py,tests/contract/test_rp4_defense_additions.py
source_claim_0106,source_claim,docs/rp4/RESULTADO_FINAL.md,b073a6a68f24ed6cb928ab0f29a2b66192d5f271e3c97e869b6040b956a7b413,"La penalización lineal se aplica a suma de errores, sin dividirla por N; la rejilla es poco restrictiva en muestras grandes y no garantiza estabilidad de coeficientes correlacionados.",artifacts/rp4_closeout_audit/REPORT.md,93ba2ae3f561d1e88bc2706d5cede0fcd504c4c5790453cb2dc0a32f5c11c412,[],literal,"Source passage 44 (zero based); aggregate evidence, specification or saved report.",stored_design_or_result,"{""docs/rp4/specification_v4.md"": ""443a0c2628d80f82b0f1a90a7ce7f7c3a8caac38a505c8d12366c7c1c81d6ee9""}",tests/contract/test_rp4_defense_package.py,tests/contract/test_rp4_defense_additions.py
source_claim_0107,source_claim,docs/rp4/RESULTADO_FINAL.md,447c44fe44c7914fc31b9c6491e802ca411ef4ee2c861064cdad35a818604f6a,"B2 eligió lambda 0,0001 en 111/419 sesiones; las podas fueron 88–97 columnas, incluidas presencias, no 88 constantes.",artifacts/rp4_closeout_audit/ridge_lambda_counts.csv,493b20562708215bf5ff74cf0f5fe621b6f4cfa20f1730bd9d224f659ac2ffea,[],literal,"Source passage 45 (zero based); aggregate evidence, specification or saved report.",stored_design_or_result,"{""artifacts/rp4_closeout_audit/ridge_bounds_pruning_summary.csv"": ""20f4b1c1b1022d7bba0318e9c4ac4b720ac6fce7a10bb5bbb875f1bca5d18c4e"", ""artifacts/rp4_closeout_audit/REPORT.md"": ""93ba2ae3f561d1e88bc2706d5cede0fcd504c4c5790453cb2dc0a32f5c11c412""}",tests/contract/test_rp4_defense_package.py,tests/contract/test_rp4_defense_additions.py
source_claim_0108,source_claim,docs/rp4/RESULTADO_FINAL.md,f8f01ff483777c59734dcfdb19041156d47482bf9e3a4cd3aa9f4fd947672631,Las cotas superiores tocaron 223/324/302 pronósticos RV15 de B0/B1/B2: más contactos en conjuntos ricos no prueban por sí solos la dirección del sesgo.,artifacts/rp4_closeout_audit/ridge_bounds_pruning_summary.csv,20f4b1c1b1022d7bba0318e9c4ac4b720ac6fce7a10bb5bbb875f1bca5d18c4e,[],literal,"Source passage 46 (zero based); aggregate evidence, specification or saved report.",stored_design_or_result,"{""artifacts/rp4_closeout_audit/REPORT.md"": ""93ba2ae3f561d1e88bc2706d5cede0fcd504c4c5790453cb2dc0a32f5c11c412""}",tests/contract/test_rp4_defense_package.py,tests/contract/test_rp4_defense_additions.py
source_claim_0109,source_claim,docs/rp4/RESULTADO_FINAL.md,1fcf3a552e5531f6c80041d64babceb0985a94bc8ee237a9c6fe3cc380307a1c,"Cambiar la escala de penalización, adaptar la rejilla al ciclo de vencimientos y distinguir indisponibilidad del proveedor de actividad nula quedan como trabajo futuro, sin reejecutar esta prueba.",docs/rp4/RESULTADO_FINAL.md,6d629b2416601af39a6e7f4fc0f04db1455b6c20ba4c298e7fb21a6ed00b2b19,[],literal,"Source passage 47 (zero based); aggregate evidence, specification or saved report.",future_proposal_not_executed,"{""artifacts/rp4_closeout_audit/REPORT.md"": ""93ba2ae3f561d1e88bc2706d5cede0fcd504c4c5790453cb2dc0a32f5c11c412"", ""docs/rp4/v3_window_empty_addendum.md"": ""5502cc7dce7917b233e85c360e45f176b6742b6759d3543d1d60841c05df1803""}",tests/contract/test_rp4_defense_package.py,tests/contract/test_rp4_defense_additions.py
source_claim_0110,source_claim,docs/rp4/RESULTADO_FINAL.md,e91780cc8b785cf6e10effc24b6f47c55888de79e730990cf6e869804f23b4e2,"El tramo octubre de 2024–febrero de 2025 contiene 64 sesiones evaluadas (15,27 %), no 84: la ganancia temprana de B1 lineal RV15 es negativa.",artifacts/rp4_closeout_audit/descriptive_profiles.csv,426bbe8b329ba936a5f7d8307f2bb7dd2373ac6dfe7fe39f855516e1fc0eddcd,[],literal,"Source passage 48 (zero based); aggregate evidence, specification or saved report.",stored_design_or_result,"{""artifacts/rp4_closeout_audit/REPORT.md"": ""93ba2ae3f561d1e88bc2706d5cede0fcd504c4c5790453cb2dc0a32f5c11c412""}",tests/contract/test_rp4_defense_package.py,tests/contract/test_rp4_defense_additions.py
source_claim_0111,source_claim,docs/rp4/RESULTADO_FINAL.md,49e28a72f8174f78d98fb359a39663812ce26afdf8a382e0fc92290d50a22b1c,El tiempo de aprendizaje y el régimen de mercado cambian juntos; no se identifica por separado que ampliar el calentamiento causaría una ventaja mayor.,artifacts/rp4_closeout_audit/REPORT.md,93ba2ae3f561d1e88bc2706d5cede0fcd504c4c5790453cb2dc0a32f5c11c412,[],literal,"Source passage 49 (zero based); aggregate evidence, specification or saved report.",scope_or_limitation,{},tests/contract/test_rp4_defense_package.py,tests/contract/test_rp4_defense_additions.py
source_claim_0112,source_claim,docs/rp4/RESULTADO_FINAL.md,e99f7826bada8710147a5a3a9fc2087eccbab1f49aae2223f76a7a7eee10f585,Se conservan los meses negativos.,artifacts/rp4_closeout_audit/descriptive_profiles.csv,426bbe8b329ba936a5f7d8307f2bb7dd2373ac6dfe7fe39f855516e1fc0eddcd,[],literal,"Source passage 50 (zero based); aggregate evidence, specification or saved report.",stored_design_or_result,{},tests/contract/test_rp4_defense_package.py,tests/contract/test_rp4_defense_additions.py
source_claim_0113,source_claim,docs/rp4/RESULTADO_FINAL.md,93d3fc9f0d81934e6504601691d59636c2dcc52f162e3de1363f0aad23ef9479,"Los perfiles por mes y tercil de entrenamiento incluyen octubre/noviembre de 2025, negativos para B2 lineal tanto en RV30 como en RV15.",artifacts/rp4_closeout_audit/descriptive_profiles.csv,426bbe8b329ba936a5f7d8307f2bb7dd2373ac6dfe7fe39f855516e1fc0eddcd,[],literal,"Source passage 51 (zero based); aggregate evidence, specification or saved report.",stored_design_or_result,{},tests/contract/test_rp4_defense_package.py,tests/contract/test_rp4_defense_additions.py
source_claim_0114,source_claim,docs/rp4/RESULTADO_FINAL.md,60c34f7e0e2b4024909897e6011f43b6035c6ded5c117c8cc10080d0b7c43533,"La auditoría descriptiva separa también los 288 orígenes de la primera hora **observable** de la semana arancelaria (0,18 % de la muestra, contraste B2 de árboles −0,3221 por origen) de la primera hora de mercado, que tiene otro denominador.",artifacts/rp4_closeout_audit/descriptive_profiles.csv,426bbe8b329ba936a5f7d8307f2bb7dd2373ac6dfe7fe39f855516e1fc0eddcd,[],literal,"Source passage 52 (zero based); aggregate evidence, specification or saved report.",stored_design_or_result,"{""artifacts/rp4_closeout_audit/REPORT.md"": ""93ba2ae3f561d1e88bc2706d5cede0fcd504c4c5790453cb2dc0a32f5c11c412""}",tests/contract/test_rp4_defense_package.py,tests/contract/test_rp4_defense_additions.py
source_claim_0115,source_claim,docs/rp4/RESULTADO_FINAL.md,f87d26bdfc2a8faedd5c8f48b01410ba5049e2a03d82478755b48291f405ecd2,No se excluye ninguno.,artifacts/rp4_closeout_audit/REPORT.md,93ba2ae3f561d1e88bc2706d5cede0fcd504c4c5790453cb2dc0a32f5c11c412,[],literal,"Source passage 53 (zero based); aggregate evidence, specification or saved report.",stored_design_or_result,{},tests/contract/test_rp4_defense_package.py,tests/contract/test_rp4_defense_additions.py
source_claim_0116,source_claim,docs/rp4/RESULTADO_FINAL.md,583536a9c473b748dc1521f96c0e6a32c003d3beab3a67cd4bd1f8889ea08378,"Los movimientos extremos de AMZN (31 de agosto, −152/+71 puntos básicos desde las 14:00 ET; volumen siguiente 11 veces la mediana) y TSLA (17 de agosto) se reprodujeron en barras de un minuto y volumen.",artifacts/rp4_market_audit/REPORT.md,74c6d6e5aaa43c51e73b0cacc8bde6a569aa1093686bafd5c10973d1abe3dcab,[],literal,"Source passage 54 (zero based); aggregate evidence, specification or saved report.",stored_design_or_result,{},tests/contract/test_rp4_defense_package.py,tests/contract/test_rp4_defense_additions.py
source_claim_0117,source_claim,docs/rp4/RESULTADO_FINAL.md,45c71b9cf17e8ad8348ba376f56cc5fa3fdefe17874ae63eb995e5c5ec1e96eb,"Es consistencia interna de FMP, no validación independiente del precio; la causa no está identificada.",artifacts/rp4_market_audit/REPORT.md,74c6d6e5aaa43c51e73b0cacc8bde6a569aa1093686bafd5c10973d1abe3dcab,[],literal,"Source passage 55 (zero based); aggregate evidence, specification or saved report.",scope_or_limitation,{},tests/contract/test_rp4_defense_package.py,tests/contract/test_rp4_defense_additions.py
source_claim_0118,source_claim,docs/rp4/RESULTADO_FINAL.md,948c50001cae27b643ce4d52916a2775dd0c5556fd927cfcd47dca3144d14b7e,"El secundario de saltos final usa 419 sesiones, no el cierre parcial de 418; su etiqueta jump30 > 0 no es un test de salto significativo.",docs/rp4/results_v3_revision2.md,05f263b019a74a8591f3840d69aa86947f5cc9bf343eb85d5a30601e8a0f142e,[],literal,"Source passage 56 (zero based); aggregate evidence, specification or saved report.",stored_design_or_result,"{""artifacts/rp4_closeout_audit/REPORT.md"": ""93ba2ae3f561d1e88bc2706d5cede0fcd504c4c5790453cb2dc0a32f5c11c412""}",tests/contract/test_rp4_defense_package.py,tests/contract/test_rp4_defense_additions.py
source_claim_0119,source_claim,docs/rp4/RESULTADO_FINAL.md,f69ac542e5e801d652108f1eed85634bfceebb2df165241d09377b0ca9fab234,"Sus AUC cercanas a 0,52 no demuestran ausencia de información sobre saltos económicamente importantes.",docs/rp4/results_v3_revision2.md,05f263b019a74a8591f3840d69aa86947f5cc9bf343eb85d5a30601e8a0f142e,[],literal,"Source passage 57 (zero based); aggregate evidence, specification or saved report.",scope_or_limitation,"{""artifacts/rp4_closeout_audit/REPORT.md"": ""93ba2ae3f561d1e88bc2706d5cede0fcd504c4c5790453cb2dc0a32f5c11c412""}",tests/contract/test_rp4_defense_package.py,tests/contract/test_rp4_defense_additions.py
source_claim_0120,source_claim,docs/rp4/RESULTADO_FINAL.md,fba7449a87b07aee27cc284ca2d691fc10bedd5d3366d92a7cab37229249a071,La recalibración MZ permanece NO VERIFICABLE como resultado útil; no afecta la primaria. Cierre corregido de secundarios.,docs/rp4/results_v3_revision2.md,05f263b019a74a8591f3840d69aa86947f5cc9bf343eb85d5a30601e8a0f142e,[],literal,"Source passage 58 (zero based); aggregate evidence, specification or saved report.",scope_or_limitation,{},tests/contract/test_rp4_defense_package.py,tests/contract/test_rp4_defense_additions.py
source_claim_0121,source_claim,docs/rp4/RESULTADO_FINAL.md,e40a17a11bdf715de87069069afacd48b1350c5790b64b79bc7a3fd9014efcff,Esta es la cuarta evaluación de las mismas ventanas: v1 inicial; v2 corrige cobertura/capacidad/estabilidad; v3 añade desbalance y regla de ventanas vacías; v4 cambia el horizonte mediante un antecedente condicional predeclarado.,docs/rp4/specification_v4.md,443a0c2628d80f82b0f1a90a7ce7f7c3a8caac38a505c8d12366c7c1c81d6ee9,[],literal,"Source passage 59 (zero based); aggregate evidence, specification or saved report.",stored_design_or_result,"{""artifacts/rp4_closeout_figures/comparison_v1_v4.csv"": ""0d9554e1fc5151b4eb7b149b7bc529bbdfee1d12e92883163087aedc6942a9ba""}",tests/contract/test_rp4_defense_package.py,tests/contract/test_rp4_defense_additions.py
source_claim_0122,source_claim,docs/rp4/RESULTADO_FINAL.md,dbabbb3a1bf00549bf0a3b417b4a20519b1b76063b1c468f973a5fd40090c935,"RV5 es secundario, no una réplica adicional; la búsqueda entre versiones no está corregida.",docs/rp4/specification_v4.md,443a0c2628d80f82b0f1a90a7ce7f7c3a8caac38a505c8d12366c7c1c81d6ee9,[],literal,"Source passage 60 (zero based); aggregate evidence, specification or saved report.",scope_or_limitation,{},tests/contract/test_rp4_defense_package.py,tests/contract/test_rp4_defense_additions.py
source_claim_0123,source_claim,docs/rp4/RESULTADO_FINAL.md,c320cdd1ab7e69a8523b5e7f3936e10b80152b94e3181f47f195e1f1e5ec4fb2,La ventana 20 de julio a 28 de agosto fue leída una vez por el puente de Fase 8 con otra especificación.,docs/rp4/specification_v4.md,443a0c2628d80f82b0f1a90a7ce7f7c3a8caac38a505c8d12366c7c1c81d6ee9,[],literal,Prior access is disclosed by the existing specification; the earlier study was not reopened.,prior_access_declared_not_reaudited,{},tests/contract/test_rp4_defense_package.py,tests/contract/test_rp4_defense_additions.py
source_claim_0124,source_claim,docs/rp4/RESULTADO_FINAL.md,d2c948ab938eef630b3675c91323d0b42e165b6732e5431709a320f78230e677,"El PIT es proxy de tiempo fuente a 120 s, como en la literatura; no prueba la disponibilidad histórica al cliente.",docs/rp4/specification_v4.md,443a0c2628d80f82b0f1a90a7ce7f7c3a8caac38a505c8d12366c7c1c81d6ee9,[],literal,"Source passage 62 (zero based); aggregate evidence, specification or saved report.",scope_or_limitation,"{""artifacts/rp4_market_audit/REPORT.md"": ""74c6d6e5aaa43c51e73b0cacc8bde6a569aa1093686bafd5c10973d1abe3dcab""}",tests/contract/test_rp4_defense_package.py,tests/contract/test_rp4_defense_additions.py
source_claim_0125,source_claim,docs/rp4/RESULTADO_FINAL.md,786ec96f229ee16d53fd4baa65d1928376c4092b4b7b1cd666d595a443843d69,"El hueco UW 2025-01-25–2025-02-24 se acepta y se declara, sin relleno.",artifacts/rp4_v4_a1/specification.json,0a45b0a608110e2ca0dcf38accc2a0c2521ebbe9d223eb002e36ec51f78afd04,[],literal,"Source passage 63 (zero based); aggregate evidence, specification or saved report.",stored_design_or_result,{},tests/contract/test_rp4_defense_package.py,tests/contract/test_rp4_defense_additions.py
source_claim_0126,source_claim,docs/rp4/RESULTADO_FINAL.md,6b0f880017dedfcb79aa46fb90698163cc23a621cbf96e325ddfb60958a995e2,RESEARCH_ONLY · NOT INVESTMENT ADVICE · capital_go=false.,artifacts/rp4_v4_a1/specification.json,0a45b0a608110e2ca0dcf38accc2a0c2521ebbe9d223eb002e36ec51f78afd04,[],literal,"Source passage 64 (zero based); aggregate evidence, specification or saved report.",stored_design_or_result,{},tests/contract/test_rp4_defense_package.py,tests/contract/test_rp4_defense_additions.py
package_number_0127,package_number,executive_summary.md,,29,artifacts/rp4_v4_a1/specification.json,0a45b0a608110e2ca0dcf38accc2a0c2521ebbe9d223eb002e36ec51f78afd04,"[""feature_sets"", ""B0"", ""@length""]",.0f|es,"[""feature_sets"", ""B0"", ""@length""]",verified_numeric_field,{},tests/contract/test_rp4_defense_package.py,tests/contract/test_rp4_defense_additions.py
package_number_0128,package_number,executive_summary.md,,69,artifacts/rp4_v4_a1/specification.json,0a45b0a608110e2ca0dcf38accc2a0c2521ebbe9d223eb002e36ec51f78afd04,"[""feature_sets"", ""B1"", ""@length""]",.0f|es,"[""feature_sets"", ""B1"", ""@length""]",verified_numeric_field,{},tests/contract/test_rp4_defense_package.py,tests/contract/test_rp4_defense_additions.py
package_number_0129,package_number,executive_summary.md,,138,artifacts/rp4_v4_a1/specification.json,0a45b0a608110e2ca0dcf38accc2a0c2521ebbe9d223eb002e36ec51f78afd04,"[""feature_sets"", ""B2"", ""@length""]",.0f|es,"[""feature_sets"", ""B2"", ""@length""]",verified_numeric_field,{},tests/contract/test_rp4_defense_package.py,tests/contract/test_rp4_defense_additions.py
package_number_0130,package_number,executive_summary.md,,60,artifacts/rp4_v4_a1/specification.json,0a45b0a608110e2ca0dcf38accc2a0c2521ebbe9d223eb002e36ec51f78afd04,"[""windows"", ""primary"", ""warmup_sessions""]",.0f|es,"[""windows"", ""primary"", ""warmup_sessions""]",verified_numeric_field,{},tests/contract/test_rp4_defense_package.py,tests/contract/test_rp4_defense_additions.py
package_number_0131,package_number,executive_summary.md,,60,artifacts/rp4_v4_a1/specification.json,0a45b0a608110e2ca0dcf38accc2a0c2521ebbe9d223eb002e36ec51f78afd04,"[""purge_minutes""]",.0f|es,"[""purge_minutes""]",verified_numeric_field,{},tests/contract/test_rp4_defense_package.py,tests/contract/test_rp4_defense_additions.py
package_number_0132,package_number,executive_summary.md,,419,artifacts/rp4_v4_b2_rv15/summary.json,451e53869bb5f5058a635302bb08ad920ce11b8771fd2c6780545255b1ac25f4,"[""N_sessions""]",.0f|es,"[""N_sessions""]",verified_numeric_field,{},tests/contract/test_rp4_defense_package.py,tests/contract/test_rp4_defense_additions.py
package_number_0133,package_number,executive_summary.md,,160.832,artifacts/rp4_v4_b2_rv15/summary.json,451e53869bb5f5058a635302bb08ad920ce11b8771fd2c6780545255b1ac25f4,"[""N_origins""]",",.0f|es","[""N_origins""]",verified_numeric_field,{},tests/contract/test_rp4_defense_package.py,tests/contract/test_rp4_defense_additions.py
package_number_0134,package_number,executive_summary.md,,2026-08-01,docs/rp4/RESULTADO_FINAL.md,6d629b2416601af39a6e7f4fc0f04db1455b6c20ba4c298e7fb21a6ed00b2b19,[],text_number:6," cada familia.  El desarrollo abarca 2024-08-02–2026-07-31. La partición de calendario es 2026-08-01, fijada el 2026-09-07. Cada sesión se predice con entrenamiento expansivo exclusivamente anterior, después de 60 sesion",reported_or_registered_text,{},tests/contract/test_rp4_defense_package.py,tests/contract/test_rp4_defense_additions.py
package_number_0135,package_number,executive_summary.md,,2026-09-07,docs/rp4/RESULTADO_FINAL.md,6d629b2416601af39a6e7f4fc0f04db1455b6c20ba4c298e7fb21a6ed00b2b19,[],text_number:0,"fuera de muestra walk-forward, partición fijada 2026-09-07.  # ¿Las opciones mejoran el pronóstico de volatilidad intradía?  Sí para el estado de opciones; para el flujo, la resp",reported_or_registered_text,{},tests/contract/test_rp4_defense_package.py,tests/contract/test_rp4_defense_additions.py
package_number_0136,package_number,executive_summary.md,,30,artifacts/rp4_closeout_figures/comparison_v1_v4.csv,0d9554e1fc5151b4eb7b149b7bc529bbdfee1d12e92883163087aedc6942a9ba,"[16, ""horizon_minutes""]",.0f|es,"[16, ""horizon_minutes""]",verified_numeric_field,{},tests/contract/test_rp4_defense_package.py,tests/contract/test_rp4_defense_additions.py
package_number_0137,package_number,executive_summary.md,,15,artifacts/rp4_v4_a1/specification.json,0a45b0a608110e2ca0dcf38accc2a0c2521ebbe9d223eb002e36ec51f78afd04,"[""primary_horizon_minutes""]",.0f|es,"[""primary_horizon_minutes""]",verified_numeric_field,{},tests/contract/test_rp4_defense_package.py,tests/contract/test_rp4_defense_additions.py
package_number_0138,package_number,executive_summary.md,,15,artifacts/rp4_v4_a1/specification.json,0a45b0a608110e2ca0dcf38accc2a0c2521ebbe9d223eb002e36ec51f78afd04,"[""primary_horizon_minutes""]",.0f|es,"[""primary_horizon_minutes""]",verified_numeric_field,{},tests/contract/test_rp4_defense_package.py,tests/contract/test_rp4_defense_additions.py
package_number_0139,package_number,executive_summary.md,,5,artifacts/rp4_v4_a1/specification.json,0a45b0a608110e2ca0dcf38accc2a0c2521ebbe9d223eb002e36ec51f78afd04,"[""secondary_horizon_minutes""]",.0f|es,"[""secondary_horizon_minutes""]",verified_numeric_field,{},tests/contract/test_rp4_defense_package.py,tests/contract/test_rp4_defense_additions.py
package_number_0140,package_number,executive_summary.md,,5,docs/rp4/prospective_confirmation_v1_amendment_1_receipt.json,ac3cc92dc48a0b2250be81500cc23d735283a31a951909c917dabcf8092f1837,"[""secondary_multiplicity"", ""alpha"", ""@percent""]",.0f|es,"[""secondary_multiplicity"", ""alpha"", ""@percent""]",verified_numeric_field,{},tests/contract/test_rp4_defense_package.py,tests/contract/test_rp4_defense_additions.py
package_number_0141,package_number,executive_summary.md,,15,artifacts/rp4_v4_a1/specification.json,0a45b0a608110e2ca0dcf38accc2a0c2521ebbe9d223eb002e36ec51f78afd04,"[""primary_horizon_minutes""]",.0f|es,"[""primary_horizon_minutes""]",verified_numeric_field,{},tests/contract/test_rp4_defense_package.py,tests/contract/test_rp4_defense_additions.py
package_number_0142,package_number,executive_summary.md,,"+0,623",artifacts/rp4_closeout_figures/comparison_v1_v4.csv,0d9554e1fc5151b4eb7b149b7bc529bbdfee1d12e92883163087aedc6942a9ba,"[25, ""percent_reduction""]",+.3f|es,"version=v4, target=RV15, horizon_minutes=15, window=primary, family=log_ridge_harq, contrast=B2_over_B1, field=percent_reduction",verified_numeric_field,{},tests/contract/test_rp4_defense_package.py,tests/contract/test_rp4_defense_additions.py
package_number_0143,package_number,executive_summary.md,,"0,000335",artifacts/rp4_closeout_figures/comparison_v1_v4.csv,0d9554e1fc5151b4eb7b149b7bc529bbdfee1d12e92883163087aedc6942a9ba,"[25, ""ci_low_qlike""]",.6f|es,"version=v4, target=RV15, horizon_minutes=15, window=primary, family=log_ridge_harq, contrast=B2_over_B1, field=ci_low_qlike",verified_numeric_field,{},tests/contract/test_rp4_defense_package.py,tests/contract/test_rp4_defense_additions.py
package_number_0144,package_number,executive_summary.md,,"0,001932",artifacts/rp4_closeout_figures/comparison_v1_v4.csv,0d9554e1fc5151b4eb7b149b7bc529bbdfee1d12e92883163087aedc6942a9ba,"[25, ""ci_high_qlike""]",.6f|es,"version=v4, target=RV15, horizon_minutes=15, window=primary, family=log_ridge_harq, contrast=B2_over_B1, field=ci_high_qlike",verified_numeric_field,{},tests/contract/test_rp4_defense_package.py,tests/contract/test_rp4_defense_additions.py
package_number_0145,package_number,executive_summary.md,,"0,0032",artifacts/rp4_closeout_figures/comparison_v1_v4.csv,0d9554e1fc5151b4eb7b149b7bc529bbdfee1d12e92883163087aedc6942a9ba,"[25, ""p_for_decision""]",.4f|es,"version=v4, target=RV15, horizon_minutes=15, window=primary, family=log_ridge_harq, contrast=B2_over_B1, field=p_for_decision",verified_numeric_field,{},tests/contract/test_rp4_defense_package.py,tests/contract/test_rp4_defense_additions.py
package_number_0146,package_number,executive_summary.md,,5,artifacts/rp4_v4_a1/specification.json,0a45b0a608110e2ca0dcf38accc2a0c2521ebbe9d223eb002e36ec51f78afd04,"[""secondary_horizon_minutes""]",.0f|es,"[""secondary_horizon_minutes""]",verified_numeric_field,{},tests/contract/test_rp4_defense_package.py,tests/contract/test_rp4_defense_additions.py
package_number_0147,package_number,executive_summary.md,,"+0,256",artifacts/rp4_closeout_figures/comparison_v1_v4.csv,0d9554e1fc5151b4eb7b149b7bc529bbdfee1d12e92883163087aedc6942a9ba,"[33, ""percent_reduction""]",+.3f|es,"version=v4, target=RV5, horizon_minutes=5, window=primary, family=log_ridge_harq, contrast=B2_over_B1, field=percent_reduction",verified_numeric_field,{},tests/contract/test_rp4_defense_package.py,tests/contract/test_rp4_defense_additions.py
package_number_0148,package_number,executive_summary.md,,"+0,184",artifacts/rp4_closeout_figures/comparison_v1_v4.csv,0d9554e1fc5151b4eb7b149b7bc529bbdfee1d12e92883163087aedc6942a9ba,"[25, ""ci_low_rescaled_percent""]",+.3f|es,"[25, ""ci_low_rescaled_percent""]",verified_numeric_field,{},tests/contract/test_rp4_defense_package.py,tests/contract/test_rp4_defense_additions.py
package_number_0149,package_number,executive_summary.md,,"+1,061",artifacts/rp4_closeout_figures/comparison_v1_v4.csv,0d9554e1fc5151b4eb7b149b7bc529bbdfee1d12e92883163087aedc6942a9ba,"[25, ""ci_high_rescaled_percent""]",+.3f|es,"[25, ""ci_high_rescaled_percent""]",verified_numeric_field,{},tests/contract/test_rp4_defense_package.py,tests/contract/test_rp4_defense_additions.py
package_number_0150,package_number,executive_summary.md,,100,artifacts/rp4_closeout_figures/README.md,51f46c4a6f1d00c320e7b01922cf9cf0ebb84b99c05d5540729d3a86bf1b8b4b,[],text_number:0,"ortan.  El intervalo porcentual es el IC95% guardado para la diferencia, multiplicado por 100 y dividido por la pérdida base media observada. No es un intervalo bootstrap del cociente: no incluye de nuevo la incer",reported_or_registered_text,{},tests/contract/test_rp4_defense_package.py,tests/contract/test_rp4_defense_additions.py
package_number_0151,package_number,executive_summary.md,,15,artifacts/rp4_v4_a1/specification.json,0a45b0a608110e2ca0dcf38accc2a0c2521ebbe9d223eb002e36ec51f78afd04,"[""primary_horizon_minutes""]",.0f|es,"[""primary_horizon_minutes""]",verified_numeric_field,{},tests/contract/test_rp4_defense_package.py,tests/contract/test_rp4_defense_additions.py
package_number_0152,package_number,executive_summary.md,,5,artifacts/rp4_v4_a1/specification.json,0a45b0a608110e2ca0dcf38accc2a0c2521ebbe9d223eb002e36ec51f78afd04,"[""secondary_horizon_minutes""]",.0f|es,"[""secondary_horizon_minutes""]",verified_numeric_field,{},tests/contract/test_rp4_defense_package.py,tests/contract/test_rp4_defense_additions.py
package_number_0153,package_number,executive_summary.md,,"0,0870",artifacts/rp4_v4_b4/distribution_secondary.csv,62312356720ac370fe3928eb5212db5a99ad7aa63f8ce4fe568ae149faed96cb,"[3, ""p_holm""]",.4f|es,"[3, ""p_holm""]",verified_numeric_field,{},tests/contract/test_rp4_defense_package.py,tests/contract/test_rp4_defense_additions.py
package_number_0154,package_number,executive_summary.md,,"0,0096",artifacts/rp4_v4_b4/distribution_secondary.csv,62312356720ac370fe3928eb5212db5a99ad7aa63f8ce4fe568ae149faed96cb,"[19, ""p_holm""]",.4f|es,"[19, ""p_holm""]",verified_numeric_field,{},tests/contract/test_rp4_defense_package.py,tests/contract/test_rp4_defense_additions.py
package_number_0155,package_number,executive_summary.md,,25,artifacts/rp4_v4_b3_rv15/summary.json,1a544479c861bfcb8201cd6ae95702f7cf3de08f4d824d1dc488ec159a36ab9c,"[""N_sessions""]",.0f|es,"[""N_sessions""]",verified_numeric_field,{},tests/contract/test_rp4_defense_package.py,tests/contract/test_rp4_defense_additions.py
package_number_0156,package_number,executive_summary.md,,9.750,artifacts/rp4_v4_b3_rv15/summary.json,1a544479c861bfcb8201cd6ae95702f7cf3de08f4d824d1dc488ec159a36ab9c,"[""N_origins""]",",.0f|es","[""N_origins""]",verified_numeric_field,{},tests/contract/test_rp4_defense_package.py,tests/contract/test_rp4_defense_additions.py
package_number_0157,package_number,executive_summary.md,,20,docs/rp4/prospective_confirmation_v1_amendment_2_receipt.json,eeeff2504758294cd973e898bcc5ff8f43d2ff5be89f31b3dec8e1d22a5d7f95,"[""primary_look_sessions""]",.0f|es,Registered primary prospective reading requires twenty complete sessions; secondary reading shares this checkpoint.,independently_reviewed_context,{},tests/contract/test_rp4_defense_package.py,tests/contract/test_rp4_defense_additions.py
package_number_0158,package_number,executive_summary.md,,40,docs/rp4/prospective_confirmation_v1_receipt.json,18d3fff1995532a4ff44cf4ae90d1917631798353aa314a24dd14f30d7bd4a66,"[""second_look_sessions""]",.0f|es,"[""second_look_sessions""]",verified_numeric_field,{},tests/contract/test_rp4_defense_package.py,tests/contract/test_rp4_defense_additions.py
package_number_0159,package_number,executive_summary.md,,20,docs/rp4/prospective_confirmation_v1_amendment_2_receipt.json,eeeff2504758294cd973e898bcc5ff8f43d2ff5be89f31b3dec8e1d22a5d7f95,"[""secondary_single_look_at_prospective_sessions""]",.0f|es,"Shared prospective-session checkpoint, one secondary reading",verified_numeric_field,{},tests/contract/test_rp4_defense_package.py,tests/contract/test_rp4_defense_additions.py
package_number_0160,package_number,executive_summary.md,,25,docs/rp4/prospective_confirmation_v1_amendment_2_receipt.json,eeeff2504758294cd973e898bcc5ff8f43d2ff5be89f31b3dec8e1d22a5d7f95,"[""secondary_D"", ""historical_sessions""]",.0f|es,Pooled D already observed historical sessions,verified_numeric_field,{},tests/contract/test_rp4_defense_package.py,tests/contract/test_rp4_defense_additions.py
package_number_0161,package_number,executive_summary.md,,20,docs/rp4/prospective_confirmation_v1_amendment_2_receipt.json,eeeff2504758294cd973e898bcc5ff8f43d2ff5be89f31b3dec8e1d22a5d7f95,"[""secondary_D"", ""prospective_sessions""]",.0f|es,"Secondary D prospective component: twenty new sessions, added to twenty-five observed historical sessions.",independently_reviewed_context,{},tests/contract/test_rp4_defense_package.py,tests/contract/test_rp4_defense_additions.py
package_number_0162,package_number,executive_summary.md,,20,docs/rp4/RESULTADO_FINAL.md,6d629b2416601af39a6e7f4fc0f04db1455b6c20ba4c298e7fb21a6ed00b2b19,[],text_number:126,"rio, no una réplica adicional; la búsqueda entre versiones no está corregida.  La ventana 20 de julio a 28 de agosto fue leída una vez por el puente de Fase 8 con otra especificación. El PIT es proxy de tiempo fu",reported_or_registered_text,{},tests/contract/test_rp4_defense_package.py,tests/contract/test_rp4_defense_additions.py
package_number_0163,package_number,executive_summary.md,,28,docs/rp4/RESULTADO_FINAL.md,6d629b2416601af39a6e7f4fc0f04db1455b6c20ba4c298e7fb21a6ed00b2b19,[],text_number:127,"plica adicional; la búsqueda entre versiones no está corregida.  La ventana 20 de julio a 28 de agosto fue leída una vez por el puente de Fase 8 con otra especificación. El PIT es proxy de tiempo fuente a 120 s, ",reported_or_registered_text,{},tests/contract/test_rp4_defense_package.py,tests/contract/test_rp4_defense_additions.py
package_number_0164,package_number,executive_summary.md,,120,artifacts/rp4_v4_a1/specification.json,0a45b0a608110e2ca0dcf38accc2a0c2521ebbe9d223eb002e36ec51f78afd04,"[""source_cutoff_seconds""]",.0f|es,"[""source_cutoff_seconds""]",verified_numeric_field,{},tests/contract/test_rp4_defense_package.py,tests/contract/test_rp4_defense_additions.py
package_number_0165,package_number,executive_summary.md,,2025-01-25,docs/rp4/RESULTADO_FINAL.md,6d629b2416601af39a6e7f4fc0f04db1455b6c20ba4c298e7fb21a6ed00b2b19,[],text_number:130," s, como en la literatura; no prueba la disponibilidad histórica al cliente.  El hueco UW 2025-01-25–2025-02-24 se acepta y se declara, sin relleno.  RESEARCH_ONLY · NOT INVESTMENT ADVICE · capital_go=false. ",reported_or_registered_text,{},tests/contract/test_rp4_defense_package.py,tests/contract/test_rp4_defense_additions.py
package_number_0166,package_number,executive_summary.md,,2025-02-24,docs/rp4/RESULTADO_FINAL.md,6d629b2416601af39a6e7f4fc0f04db1455b6c20ba4c298e7fb21a6ed00b2b19,[],text_number:131," la literatura; no prueba la disponibilidad histórica al cliente.  El hueco UW 2025-01-25–2025-02-24 se acepta y se declara, sin relleno.  RESEARCH_ONLY · NOT INVESTMENT ADVICE · capital_go=false. ",reported_or_registered_text,{},tests/contract/test_rp4_defense_package.py,tests/contract/test_rp4_defense_additions.py
package_number_0167,package_number,executive_summary.md,,29,artifacts/rp4_v4_a1/specification.json,0a45b0a608110e2ca0dcf38accc2a0c2521ebbe9d223eb002e36ec51f78afd04,"[""feature_sets"", ""B0"", ""@length""]",.0f|en,"[""feature_sets"", ""B0"", ""@length""]",verified_numeric_field,{},tests/contract/test_rp4_defense_package.py,tests/contract/test_rp4_defense_additions.py
package_number_0168,package_number,executive_summary.md,,69,artifacts/rp4_v4_a1/specification.json,0a45b0a608110e2ca0dcf38accc2a0c2521ebbe9d223eb002e36ec51f78afd04,"[""feature_sets"", ""B1"", ""@length""]",.0f|en,"[""feature_sets"", ""B1"", ""@length""]",verified_numeric_field,{},tests/contract/test_rp4_defense_package.py,tests/contract/test_rp4_defense_additions.py
package_number_0169,package_number,executive_summary.md,,138,artifacts/rp4_v4_a1/specification.json,0a45b0a608110e2ca0dcf38accc2a0c2521ebbe9d223eb002e36ec51f78afd04,"[""feature_sets"", ""B2"", ""@length""]",.0f|en,"[""feature_sets"", ""B2"", ""@length""]",verified_numeric_field,{},tests/contract/test_rp4_defense_package.py,tests/contract/test_rp4_defense_additions.py
package_number_0170,package_number,executive_summary.md,,60,artifacts/rp4_v4_a1/specification.json,0a45b0a608110e2ca0dcf38accc2a0c2521ebbe9d223eb002e36ec51f78afd04,"[""windows"", ""primary"", ""warmup_sessions""]",.0f|en,"[""windows"", ""primary"", ""warmup_sessions""]",verified_numeric_field,{},tests/contract/test_rp4_defense_package.py,tests/contract/test_rp4_defense_additions.py
package_number_0171,package_number,executive_summary.md,,60,artifacts/rp4_v4_a1/specification.json,0a45b0a608110e2ca0dcf38accc2a0c2521ebbe9d223eb002e36ec51f78afd04,"[""purge_minutes""]",.0f|en,"[""purge_minutes""]",verified_numeric_field,{},tests/contract/test_rp4_defense_package.py,tests/contract/test_rp4_defense_additions.py
package_number_0172,package_number,executive_summary.md,,419,artifacts/rp4_v4_b2_rv15/summary.json,451e53869bb5f5058a635302bb08ad920ce11b8771fd2c6780545255b1ac25f4,"[""N_sessions""]",.0f|en,"[""N_sessions""]",verified_numeric_field,{},tests/contract/test_rp4_defense_package.py,tests/contract/test_rp4_defense_additions.py
package_number_0173,package_number,executive_summary.md,,"160,832",artifacts/rp4_v4_b2_rv15/summary.json,451e53869bb5f5058a635302bb08ad920ce11b8771fd2c6780545255b1ac25f4,"[""N_origins""]",",.0f|en","[""N_origins""]",verified_numeric_field,{},tests/contract/test_rp4_defense_package.py,tests/contract/test_rp4_defense_additions.py
package_number_0174,package_number,executive_summary.md,,2026-08-01,docs/rp4/RESULTADO_FINAL.md,6d629b2416601af39a6e7f4fc0f04db1455b6c20ba4c298e7fb21a6ed00b2b19,[],text_number:6," cada familia.  El desarrollo abarca 2024-08-02–2026-07-31. La partición de calendario es 2026-08-01, fijada el 2026-09-07. Cada sesión se predice con entrenamiento expansivo exclusivamente anterior, después de 60 sesion",reported_or_registered_text,{},tests/contract/test_rp4_defense_package.py,tests/contract/test_rp4_defense_additions.py
package_number_0175,package_number,executive_summary.md,,2026-09-07,docs/rp4/RESULTADO_FINAL.md,6d629b2416601af39a6e7f4fc0f04db1455b6c20ba4c298e7fb21a6ed00b2b19,[],text_number:0,"fuera de muestra walk-forward, partición fijada 2026-09-07.  # ¿Las opciones mejoran el pronóstico de volatilidad intradía?  Sí para el estado de opciones; para el flujo, la resp",reported_or_registered_text,{},tests/contract/test_rp4_defense_package.py,tests/contract/test_rp4_defense_additions.py
package_number_0176,package_number,executive_summary.md,,30,artifacts/rp4_closeout_figures/comparison_v1_v4.csv,0d9554e1fc5151b4eb7b149b7bc529bbdfee1d12e92883163087aedc6942a9ba,"[16, ""horizon_minutes""]",.0f|en,"[16, ""horizon_minutes""]",verified_numeric_field,{},tests/contract/test_rp4_defense_package.py,tests/contract/test_rp4_defense_additions.py
package_number_0177,package_number,executive_summary.md,,15,artifacts/rp4_v4_a1/specification.json,0a45b0a608110e2ca0dcf38accc2a0c2521ebbe9d223eb002e36ec51f78afd04,"[""primary_horizon_minutes""]",.0f|en,"[""primary_horizon_minutes""]",verified_numeric_field,{},tests/contract/test_rp4_defense_package.py,tests/contract/test_rp4_defense_additions.py
package_number_0178,package_number,executive_summary.md,,15,artifacts/rp4_v4_a1/specification.json,0a45b0a608110e2ca0dcf38accc2a0c2521ebbe9d223eb002e36ec51f78afd04,"[""primary_horizon_minutes""]",.0f|en,"[""primary_horizon_minutes""]",verified_numeric_field,{},tests/contract/test_rp4_defense_package.py,tests/contract/test_rp4_defense_additions.py
package_number_0179,package_number,executive_summary.md,,5,artifacts/rp4_v4_a1/specification.json,0a45b0a608110e2ca0dcf38accc2a0c2521ebbe9d223eb002e36ec51f78afd04,"[""secondary_horizon_minutes""]",.0f|en,"[""secondary_horizon_minutes""]",verified_numeric_field,{},tests/contract/test_rp4_defense_package.py,tests/contract/test_rp4_defense_additions.py
package_number_0180,package_number,executive_summary.md,,5,docs/rp4/prospective_confirmation_v1_amendment_1_receipt.json,ac3cc92dc48a0b2250be81500cc23d735283a31a951909c917dabcf8092f1837,"[""secondary_multiplicity"", ""alpha"", ""@percent""]",.0f|en,"[""secondary_multiplicity"", ""alpha"", ""@percent""]",verified_numeric_field,{},tests/contract/test_rp4_defense_package.py,tests/contract/test_rp4_defense_additions.py
package_number_0181,package_number,executive_summary.md,,15,artifacts/rp4_v4_a1/specification.json,0a45b0a608110e2ca0dcf38accc2a0c2521ebbe9d223eb002e36ec51f78afd04,"[""primary_horizon_minutes""]",.0f|en,"[""primary_horizon_minutes""]",verified_numeric_field,{},tests/contract/test_rp4_defense_package.py,tests/contract/test_rp4_defense_additions.py
package_number_0182,package_number,executive_summary.md,,+0.623,artifacts/rp4_closeout_figures/comparison_v1_v4.csv,0d9554e1fc5151b4eb7b149b7bc529bbdfee1d12e92883163087aedc6942a9ba,"[25, ""percent_reduction""]",+.3f|en,"version=v4, target=RV15, horizon_minutes=15, window=primary, family=log_ridge_harq, contrast=B2_over_B1, field=percent_reduction",verified_numeric_field,{},tests/contract/test_rp4_defense_package.py,tests/contract/test_rp4_defense_additions.py
package_number_0183,package_number,executive_summary.md,,95,artifacts/rp4_v4_b4/primary_statistics.csv,5c215fc38344839ecedea7b27f69efcb85fbefea84f1367d06229cb7407902d4,"[9, ""interval""]",text_number:0,Saved two-sided percentile interval confidence level,verified_numeric_field,{},tests/contract/test_rp4_defense_package.py,tests/contract/test_rp4_defense_additions.py
package_number_0184,package_number,executive_summary.md,,0.000335,artifacts/rp4_closeout_figures/comparison_v1_v4.csv,0d9554e1fc5151b4eb7b149b7bc529bbdfee1d12e92883163087aedc6942a9ba,"[25, ""ci_low_qlike""]",.6f|en,"version=v4, target=RV15, horizon_minutes=15, window=primary, family=log_ridge_harq, contrast=B2_over_B1, field=ci_low_qlike",verified_numeric_field,{},tests/contract/test_rp4_defense_package.py,tests/contract/test_rp4_defense_additions.py
package_number_0185,package_number,executive_summary.md,,0.001932,artifacts/rp4_closeout_figures/comparison_v1_v4.csv,0d9554e1fc5151b4eb7b149b7bc529bbdfee1d12e92883163087aedc6942a9ba,"[25, ""ci_high_qlike""]",.6f|en,"version=v4, target=RV15, horizon_minutes=15, window=primary, family=log_ridge_harq, contrast=B2_over_B1, field=ci_high_qlike",verified_numeric_field,{},tests/contract/test_rp4_defense_package.py,tests/contract/test_rp4_defense_additions.py
package_number_0186,package_number,executive_summary.md,,0.0032,artifacts/rp4_closeout_figures/comparison_v1_v4.csv,0d9554e1fc5151b4eb7b149b7bc529bbdfee1d12e92883163087aedc6942a9ba,"[25, ""p_for_decision""]",.4f|en,"version=v4, target=RV15, horizon_minutes=15, window=primary, family=log_ridge_harq, contrast=B2_over_B1, field=p_for_decision",verified_numeric_field,{},tests/contract/test_rp4_defense_package.py,tests/contract/test_rp4_defense_additions.py
package_number_0187,package_number,executive_summary.md,,5,artifacts/rp4_v4_a1/specification.json,0a45b0a608110e2ca0dcf38accc2a0c2521ebbe9d223eb002e36ec51f78afd04,"[""secondary_horizon_minutes""]",.0f|en,"[""secondary_horizon_minutes""]",verified_numeric_field,{},tests/contract/test_rp4_defense_package.py,tests/contract/test_rp4_defense_additions.py
package_number_0188,package_number,executive_summary.md,,+0.256,artifacts/rp4_closeout_figures/comparison_v1_v4.csv,0d9554e1fc5151b4eb7b149b7bc529bbdfee1d12e92883163087aedc6942a9ba,"[33, ""percent_reduction""]",+.3f|en,"version=v4, target=RV5, horizon_minutes=5, window=primary, family=log_ridge_harq, contrast=B2_over_B1, field=percent_reduction",verified_numeric_field,{},tests/contract/test_rp4_defense_package.py,tests/contract/test_rp4_defense_additions.py
package_number_0189,package_number,executive_summary.md,,+0.184,artifacts/rp4_closeout_figures/comparison_v1_v4.csv,0d9554e1fc5151b4eb7b149b7bc529bbdfee1d12e92883163087aedc6942a9ba,"[25, ""ci_low_rescaled_percent""]",+.3f|en,"[25, ""ci_low_rescaled_percent""]",verified_numeric_field,{},tests/contract/test_rp4_defense_package.py,tests/contract/test_rp4_defense_additions.py
package_number_0190,package_number,executive_summary.md,,+1.061,artifacts/rp4_closeout_figures/comparison_v1_v4.csv,0d9554e1fc5151b4eb7b149b7bc529bbdfee1d12e92883163087aedc6942a9ba,"[25, ""ci_high_rescaled_percent""]",+.3f|en,"[25, ""ci_high_rescaled_percent""]",verified_numeric_field,{},tests/contract/test_rp4_defense_package.py,tests/contract/test_rp4_defense_additions.py
package_number_0191,package_number,executive_summary.md,,100,artifacts/rp4_closeout_figures/README.md,51f46c4a6f1d00c320e7b01922cf9cf0ebb84b99c05d5540729d3a86bf1b8b4b,[],text_number:0,"ortan.  El intervalo porcentual es el IC95% guardado para la diferencia, multiplicado por 100 y dividido por la pérdida base media observada. No es un intervalo bootstrap del cociente: no incluye de nuevo la incer",reported_or_registered_text,{},tests/contract/test_rp4_defense_package.py,tests/contract/test_rp4_defense_additions.py
package_number_0192,package_number,executive_summary.md,,15,artifacts/rp4_v4_a1/specification.json,0a45b0a608110e2ca0dcf38accc2a0c2521ebbe9d223eb002e36ec51f78afd04,"[""primary_horizon_minutes""]",.0f|en,"[""primary_horizon_minutes""]",verified_numeric_field,{},tests/contract/test_rp4_defense_package.py,tests/contract/test_rp4_defense_additions.py
package_number_0193,package_number,executive_summary.md,,5,artifacts/rp4_v4_a1/specification.json,0a45b0a608110e2ca0dcf38accc2a0c2521ebbe9d223eb002e36ec51f78afd04,"[""secondary_horizon_minutes""]",.0f|en,"[""secondary_horizon_minutes""]",verified_numeric_field,{},tests/contract/test_rp4_defense_package.py,tests/contract/test_rp4_defense_additions.py
package_number_0194,package_number,executive_summary.md,,0.0870,artifacts/rp4_v4_b4/distribution_secondary.csv,62312356720ac370fe3928eb5212db5a99ad7aa63f8ce4fe568ae149faed96cb,"[3, ""p_holm""]",.4f|en,"[3, ""p_holm""]",verified_numeric_field,{},tests/contract/test_rp4_defense_package.py,tests/contract/test_rp4_defense_additions.py
package_number_0195,package_number,executive_summary.md,,0.0096,artifacts/rp4_v4_b4/distribution_secondary.csv,62312356720ac370fe3928eb5212db5a99ad7aa63f8ce4fe568ae149faed96cb,"[19, ""p_holm""]",.4f|en,"[19, ""p_holm""]",verified_numeric_field,{},tests/contract/test_rp4_defense_package.py,tests/contract/test_rp4_defense_additions.py
package_number_0196,package_number,executive_summary.md,,25,artifacts/rp4_v4_b3_rv15/summary.json,1a544479c861bfcb8201cd6ae95702f7cf3de08f4d824d1dc488ec159a36ab9c,"[""N_sessions""]",.0f|en,"[""N_sessions""]",verified_numeric_field,{},tests/contract/test_rp4_defense_package.py,tests/contract/test_rp4_defense_additions.py
package_number_0197,package_number,executive_summary.md,,"9,750",artifacts/rp4_v4_b3_rv15/summary.json,1a544479c861bfcb8201cd6ae95702f7cf3de08f4d824d1dc488ec159a36ab9c,"[""N_origins""]",",.0f|en","[""N_origins""]",verified_numeric_field,{},tests/contract/test_rp4_defense_package.py,tests/contract/test_rp4_defense_additions.py
package_number_0198,package_number,executive_summary.md,,20,docs/rp4/prospective_confirmation_v1_amendment_2_receipt.json,eeeff2504758294cd973e898bcc5ff8f43d2ff5be89f31b3dec8e1d22a5d7f95,"[""primary_look_sessions""]",.0f|en,Registered primary prospective reading requires twenty complete sessions; secondary reading shares this checkpoint.,independently_reviewed_context,{},tests/contract/test_rp4_defense_package.py,tests/contract/test_rp4_defense_additions.py
package_number_0199,package_number,executive_summary.md,,40,docs/rp4/prospective_confirmation_v1_receipt.json,18d3fff1995532a4ff44cf4ae90d1917631798353aa314a24dd14f30d7bd4a66,"[""second_look_sessions""]",.0f|en,"[""second_look_sessions""]",verified_numeric_field,{},tests/contract/test_rp4_defense_package.py,tests/contract/test_rp4_defense_additions.py
package_number_0200,package_number,executive_summary.md,,20,docs/rp4/prospective_confirmation_v1_amendment_2_receipt.json,eeeff2504758294cd973e898bcc5ff8f43d2ff5be89f31b3dec8e1d22a5d7f95,"[""secondary_single_look_at_prospective_sessions""]",.0f|en,"Shared prospective-session checkpoint, one secondary reading",verified_numeric_field,{},tests/contract/test_rp4_defense_package.py,tests/contract/test_rp4_defense_additions.py
package_number_0201,package_number,executive_summary.md,,25,docs/rp4/prospective_confirmation_v1_amendment_2_receipt.json,eeeff2504758294cd973e898bcc5ff8f43d2ff5be89f31b3dec8e1d22a5d7f95,"[""secondary_D"", ""historical_sessions""]",.0f|en,Pooled D already observed historical sessions,verified_numeric_field,{},tests/contract/test_rp4_defense_package.py,tests/contract/test_rp4_defense_additions.py
package_number_0202,package_number,executive_summary.md,,20,docs/rp4/prospective_confirmation_v1_amendment_2_receipt.json,eeeff2504758294cd973e898bcc5ff8f43d2ff5be89f31b3dec8e1d22a5d7f95,"[""secondary_D"", ""prospective_sessions""]",.0f|en,"Secondary D prospective component: twenty new sessions, added to twenty-five observed historical sessions.",independently_reviewed_context,{},tests/contract/test_rp4_defense_package.py,tests/contract/test_rp4_defense_additions.py
package_number_0203,package_number,executive_summary.md,,20,docs/rp4/RESULTADO_FINAL.md,6d629b2416601af39a6e7f4fc0f04db1455b6c20ba4c298e7fb21a6ed00b2b19,[],text_number:126,"rio, no una réplica adicional; la búsqueda entre versiones no está corregida.  La ventana 20 de julio a 28 de agosto fue leída una vez por el puente de Fase 8 con otra especificación. El PIT es proxy de tiempo fu",reported_or_registered_text,{},tests/contract/test_rp4_defense_package.py,tests/contract/test_rp4_defense_additions.py
package_number_0204,package_number,executive_summary.md,,28,docs/rp4/RESULTADO_FINAL.md,6d629b2416601af39a6e7f4fc0f04db1455b6c20ba4c298e7fb21a6ed00b2b19,[],text_number:127,"plica adicional; la búsqueda entre versiones no está corregida.  La ventana 20 de julio a 28 de agosto fue leída una vez por el puente de Fase 8 con otra especificación. El PIT es proxy de tiempo fuente a 120 s, ",reported_or_registered_text,{},tests/contract/test_rp4_defense_package.py,tests/contract/test_rp4_defense_additions.py
package_number_0205,package_number,executive_summary.md,,120,artifacts/rp4_v4_a1/specification.json,0a45b0a608110e2ca0dcf38accc2a0c2521ebbe9d223eb002e36ec51f78afd04,"[""source_cutoff_seconds""]",.0f|en,"[""source_cutoff_seconds""]",verified_numeric_field,{},tests/contract/test_rp4_defense_package.py,tests/contract/test_rp4_defense_additions.py
package_number_0206,package_number,executive_summary.md,,2025-01-25,docs/rp4/RESULTADO_FINAL.md,6d629b2416601af39a6e7f4fc0f04db1455b6c20ba4c298e7fb21a6ed00b2b19,[],text_number:130," s, como en la literatura; no prueba la disponibilidad histórica al cliente.  El hueco UW 2025-01-25–2025-02-24 se acepta y se declara, sin relleno.  RESEARCH_ONLY · NOT INVESTMENT ADVICE · capital_go=false. ",reported_or_registered_text,{},tests/contract/test_rp4_defense_package.py,tests/contract/test_rp4_defense_additions.py
package_number_0207,package_number,executive_summary.md,,2025-02-24,docs/rp4/RESULTADO_FINAL.md,6d629b2416601af39a6e7f4fc0f04db1455b6c20ba4c298e7fb21a6ed00b2b19,[],text_number:131," la literatura; no prueba la disponibilidad histórica al cliente.  El hueco UW 2025-01-25–2025-02-24 se acepta y se declara, sin relleno.  RESEARCH_ONLY · NOT INVESTMENT ADVICE · capital_go=false. ",reported_or_registered_text,{},tests/contract/test_rp4_defense_package.py,tests/contract/test_rp4_defense_additions.py
package_number_0208,package_number,examiner_qa.md,,+0.6227941,artifacts/rp4_v4_b4/primary_statistics.csv,5c215fc38344839ecedea7b27f69efcb85fbefea84f1367d06229cb7407902d4,"[9, ""qlike_reduction_percent""]",+.7f|en,"horizon_minutes=15, window=primary, family=log_ridge_harq, contrast=B2_over_B1, statistic=mean, field=qlike_reduction_percent",verified_numeric_field,{},tests/contract/test_rp4_defense_package.py,tests/contract/test_rp4_defense_additions.py
package_number_0209,package_number,examiner_qa.md,,+0.0011337597,artifacts/rp4_v4_b4/primary_statistics.csv,5c215fc38344839ecedea7b27f69efcb85fbefea84f1367d06229cb7407902d4,"[9, ""estimate""]",+.10f|en,"horizon_minutes=15, window=primary, family=log_ridge_harq, contrast=B2_over_B1, statistic=mean, field=estimate",verified_numeric_field,{},tests/contract/test_rp4_defense_package.py,tests/contract/test_rp4_defense_additions.py
package_number_0210,package_number,examiner_qa.md,,95,artifacts/rp4_v4_b4/primary_statistics.csv,5c215fc38344839ecedea7b27f69efcb85fbefea84f1367d06229cb7407902d4,"[9, ""interval""]",text_number:0,Saved two-sided percentile interval confidence level,verified_numeric_field,{},tests/contract/test_rp4_defense_package.py,tests/contract/test_rp4_defense_additions.py
package_number_0211,package_number,examiner_qa.md,,0.00033503697,artifacts/rp4_v4_b4/primary_statistics.csv,5c215fc38344839ecedea7b27f69efcb85fbefea84f1367d06229cb7407902d4,"[9, ""ci_low""]",.11f|en,"horizon_minutes=15, window=primary, family=log_ridge_harq, contrast=B2_over_B1, statistic=mean, field=ci_low",verified_numeric_field,{},tests/contract/test_rp4_defense_package.py,tests/contract/test_rp4_defense_additions.py
package_number_0212,package_number,examiner_qa.md,,0.0019321616,artifacts/rp4_v4_b4/primary_statistics.csv,5c215fc38344839ecedea7b27f69efcb85fbefea84f1367d06229cb7407902d4,"[9, ""ci_high""]",.10f|en,"horizon_minutes=15, window=primary, family=log_ridge_harq, contrast=B2_over_B1, statistic=mean, field=ci_high",verified_numeric_field,{},tests/contract/test_rp4_defense_package.py,tests/contract/test_rp4_defense_additions.py
package_number_0213,package_number,examiner_qa.md,,0.0032,artifacts/rp4_v4_b4/primary_statistics.csv,5c215fc38344839ecedea7b27f69efcb85fbefea84f1367d06229cb7407902d4,"[9, ""p_for_decision""]",.4f|en,"horizon_minutes=15, window=primary, family=log_ridge_harq, contrast=B2_over_B1, statistic=mean, field=p_for_decision",verified_numeric_field,{},tests/contract/test_rp4_defense_package.py,tests/contract/test_rp4_defense_additions.py
package_number_0214,package_number,examiner_qa.md,,5,artifacts/rp4_v4_a1/specification.json,0a45b0a608110e2ca0dcf38accc2a0c2521ebbe9d223eb002e36ec51f78afd04,"[""inference"", ""fixed_sequence"", ""alpha"", ""@percent""]",.0f|en,"[""inference"", ""fixed_sequence"", ""alpha"", ""@percent""]",verified_numeric_field,{},tests/contract/test_rp4_defense_package.py,tests/contract/test_rp4_defense_additions.py
package_number_0215,package_number,examiner_qa.md,,5,artifacts/rp4_v4_a1/specification.json,0a45b0a608110e2ca0dcf38accc2a0c2521ebbe9d223eb002e36ec51f78afd04,"[""inference"", ""fixed_sequence"", ""alpha"", ""@percent""]",.0f|en,"[""inference"", ""fixed_sequence"", ""alpha"", ""@percent""]",verified_numeric_field,{},tests/contract/test_rp4_defense_package.py,tests/contract/test_rp4_defense_additions.py
package_number_0216,package_number,examiner_qa.md,,5,artifacts/rp4_v4_a1/specification.json,0a45b0a608110e2ca0dcf38accc2a0c2521ebbe9d223eb002e36ec51f78afd04,"[""inference"", ""fixed_sequence"", ""alpha"", ""@percent""]",.0f|en,"[""inference"", ""fixed_sequence"", ""alpha"", ""@percent""]",verified_numeric_field,{},tests/contract/test_rp4_defense_package.py,tests/contract/test_rp4_defense_additions.py
package_number_0217,package_number,examiner_qa.md,,−0.00021290307,artifacts/rp4_v4_b4/primary_statistics.csv,5c215fc38344839ecedea7b27f69efcb85fbefea84f1367d06229cb7407902d4,"[11, ""estimate""]",.11f|en,"horizon_minutes=15, window=primary, family=lightgbm_qlike, contrast=B2_over_B1, statistic=mean, field=estimate",verified_numeric_field,{},tests/contract/test_rp4_defense_package.py,tests/contract/test_rp4_defense_additions.py
package_number_0218,package_number,examiner_qa.md,,−0.0020441248,artifacts/rp4_v4_b4/primary_statistics.csv,5c215fc38344839ecedea7b27f69efcb85fbefea84f1367d06229cb7407902d4,"[11, ""ci_low""]",.10f|en,"horizon_minutes=15, window=primary, family=lightgbm_qlike, contrast=B2_over_B1, statistic=mean, field=ci_low",verified_numeric_field,{},tests/contract/test_rp4_defense_package.py,tests/contract/test_rp4_defense_additions.py
package_number_0219,package_number,examiner_qa.md,,0.0011041695,artifacts/rp4_v4_b4/primary_statistics.csv,5c215fc38344839ecedea7b27f69efcb85fbefea84f1367d06229cb7407902d4,"[11, ""ci_high""]",.10f|en,"horizon_minutes=15, window=primary, family=lightgbm_qlike, contrast=B2_over_B1, statistic=mean, field=ci_high",verified_numeric_field,{},tests/contract/test_rp4_defense_package.py,tests/contract/test_rp4_defense_additions.py
package_number_0220,package_number,examiner_qa.md,,0.628,artifacts/rp4_v4_b4/primary_statistics.csv,5c215fc38344839ecedea7b27f69efcb85fbefea84f1367d06229cb7407902d4,"[11, ""p_for_decision""]",.3f|en,"horizon_minutes=15, window=primary, family=lightgbm_qlike, contrast=B2_over_B1, statistic=mean, field=p_for_decision",verified_numeric_field,{},tests/contract/test_rp4_defense_package.py,tests/contract/test_rp4_defense_additions.py
package_number_0221,package_number,examiner_qa.md,,0.0608,artifacts/rp4_v4_b4/primary_statistics.csv,5c215fc38344839ecedea7b27f69efcb85fbefea84f1367d06229cb7407902d4,"[18, ""p_for_decision""]",.4f|en,"horizon_minutes=5, window=primary, family=lightgbm_qlike, contrast=B1_over_B0, statistic=mean, field=p_for_decision",verified_numeric_field,{},tests/contract/test_rp4_defense_package.py,tests/contract/test_rp4_defense_additions.py
package_number_0222,package_number,examiner_qa.md,,0.1927,artifacts/rp4_v4_b4/primary_statistics.csv,5c215fc38344839ecedea7b27f69efcb85fbefea84f1367d06229cb7407902d4,"[19, ""p_raw""]",.4f|en,"horizon_minutes=5, window=primary, family=lightgbm_qlike, contrast=B2_over_B1, statistic=mean, field=p_raw",verified_numeric_field,{},tests/contract/test_rp4_defense_package.py,tests/contract/test_rp4_defense_additions.py
package_number_0223,package_number,examiner_qa.md,,2025-04-07,docs/rp4/DEFENSE_PACKAGE/revision_2/additions_evidence.json,10085a652cf82144a3ba0a7f9fe632bd95fe910862c5780f2a5c687b43d61389,"[""events"", 0, ""session_date""]",literal,Observed session and window,verified_numeric_field,{},tests/contract/test_rp4_defense_package.py,tests/contract/test_rp4_defense_additions.py
package_number_0224,package_number,examiner_qa.md,,20,docs/rp4/DEFENSE_PACKAGE/revision_2/additions_evidence.json,10085a652cf82144a3ba0a7f9fe632bd95fe910862c5780f2a5c687b43d61389,"[""events"", 0, ""surface_cells_max""]",.0f|en,April surface upper mean,verified_numeric_field,{},tests/contract/test_rp4_defense_package.py,tests/contract/test_rp4_defense_additions.py
package_number_0225,package_number,examiner_qa.md,,0,docs/rp4/DEFENSE_PACKAGE/revision_2/additions_evidence.json,10085a652cf82144a3ba0a7f9fe632bd95fe910862c5780f2a5c687b43d61389,"[""events"", 0, ""atm_presence_min_percent""]",.0f|en,April near-expiry presence,verified_numeric_field,{},tests/contract/test_rp4_defense_package.py,tests/contract/test_rp4_defense_additions.py
package_number_0226,package_number,examiner_qa.md,,65,docs/rp4/DEFENSE_PACKAGE/revision_2/additions_evidence.json,10085a652cf82144a3ba0a7f9fe632bd95fe910862c5780f2a5c687b43d61389,"[""events"", 0, ""origins_per_asset_min""]",.0f|en,2025-04-07 primary episode: sixty-five origins per asset; both minimum and maximum equal sixty-five.,independently_reviewed_context,{},tests/contract/test_rp4_defense_package.py,tests/contract/test_rp4_defense_additions.py
package_number_0227,package_number,examiner_qa.md,,−0.344417,docs/rp4/DEFENSE_PACKAGE/revision_2/additions_evidence.json,10085a652cf82144a3ba0a7f9fe632bd95fe910862c5780f2a5c687b43d61389,"[""events"", 0, ""deltas"", 1, ""delta""]",.6f|en,"2025-04-07 primary, lightgbm_qlike, RV15, B2_over_B1: dated session delta, not an undated minimum.",independently_reviewed_context,{},tests/contract/test_rp4_defense_package.py,tests/contract/test_rp4_defense_additions.py
package_number_0228,package_number,examiner_qa.md,,+0.011539,docs/rp4/DEFENSE_PACKAGE/revision_2/additions_evidence.json,10085a652cf82144a3ba0a7f9fe632bd95fe910862c5780f2a5c687b43d61389,"[""events"", 0, ""deltas"", 0, ""delta""]",+.6f|en,April primary linear RV15 B2/B1,verified_numeric_field,{},tests/contract/test_rp4_defense_package.py,tests/contract/test_rp4_defense_additions.py
package_number_0229,package_number,examiner_qa.md,,2026-08-31,docs/rp4/DEFENSE_PACKAGE/revision_2/additions_evidence.json,10085a652cf82144a3ba0a7f9fe632bd95fe910862c5780f2a5c687b43d61389,"[""events"", 1, ""session_date""]",literal,Observed session and window,verified_numeric_field,{},tests/contract/test_rp4_defense_package.py,tests/contract/test_rp4_defense_additions.py
package_number_0230,package_number,examiner_qa.md,,20.4,docs/rp4/DEFENSE_PACKAGE/revision_2/additions_evidence.json,10085a652cf82144a3ba0a7f9fe632bd95fe910862c5780f2a5c687b43d61389,"[""events"", 1, ""surface_cells_min""]",.1f|en,"August full-six-asset minimum, MSFT",verified_numeric_field,{},tests/contract/test_rp4_defense_package.py,tests/contract/test_rp4_defense_additions.py
package_number_0231,package_number,examiner_qa.md,,24.0,docs/rp4/DEFENSE_PACKAGE/revision_2/additions_evidence.json,10085a652cf82144a3ba0a7f9fe632bd95fe910862c5780f2a5c687b43d61389,"[""events"", 1, ""surface_cells_max""]",.1f|en,"August full-six-asset maximum, TSLA",verified_numeric_field,{},tests/contract/test_rp4_defense_package.py,tests/contract/test_rp4_defense_additions.py
package_number_0232,package_number,examiner_qa.md,,100,docs/rp4/DEFENSE_PACKAGE/revision_2/additions_evidence.json,10085a652cf82144a3ba0a7f9fe632bd95fe910862c5780f2a5c687b43d61389,"[""events"", 1, ""atm_presence_min_percent""]",.0f|en,August near-expiry presence,verified_numeric_field,{},tests/contract/test_rp4_defense_package.py,tests/contract/test_rp4_defense_additions.py
package_number_0233,package_number,examiner_qa.md,,65,docs/rp4/DEFENSE_PACKAGE/revision_2/additions_evidence.json,10085a652cf82144a3ba0a7f9fe632bd95fe910862c5780f2a5c687b43d61389,"[""events"", 1, ""origins_per_asset_min""]",.0f|en,Observed origin count per asset,verified_numeric_field,{},tests/contract/test_rp4_defense_package.py,tests/contract/test_rp4_defense_additions.py
package_number_0234,package_number,examiner_qa.md,,14,artifacts/rp4_market_audit/summary.json,f59a01f7819b36c7ee726b0f47541a0f0a4c17868b8d3d6035cc083d72fc3fdb,"[""bars"", 0, ""event_bar_start_ny"", ""@hour""]",.0f|en,"[""bars"", 0, ""event_bar_start_ny"", ""@hour""]",verified_numeric_field,{},tests/contract/test_rp4_defense_package.py,tests/contract/test_rp4_defense_additions.py
package_number_0235,package_number,examiner_qa.md,,00,artifacts/rp4_market_audit/summary.json,f59a01f7819b36c7ee726b0f47541a0f0a4c17868b8d3d6035cc083d72fc3fdb,"[""bars"", 0, ""event_bar_start_ny"", ""@minute""]",literal,"[""bars"", 0, ""event_bar_start_ny"", ""@minute""]",verified_numeric_field,{},tests/contract/test_rp4_defense_package.py,tests/contract/test_rp4_defense_additions.py
package_number_0236,package_number,examiner_qa.md,,−151.7,docs/rp4/DEFENSE_PACKAGE/revision_2/additions_evidence.json,10085a652cf82144a3ba0a7f9fe632bd95fe910862c5780f2a5c687b43d61389,"[""events"", 1, ""AMZN_event"", 0, ""return_bp""]",.1f|en,AMZN first event minute,verified_numeric_field,{},tests/contract/test_rp4_defense_package.py,tests/contract/test_rp4_defense_additions.py
package_number_0237,package_number,examiner_qa.md,,+71.3,docs/rp4/DEFENSE_PACKAGE/revision_2/additions_evidence.json,10085a652cf82144a3ba0a7f9fe632bd95fe910862c5780f2a5c687b43d61389,"[""events"", 1, ""AMZN_event"", 1, ""return_bp""]",+.1f|en,AMZN next event minute,verified_numeric_field,{},tests/contract/test_rp4_defense_package.py,tests/contract/test_rp4_defense_additions.py
package_number_0238,package_number,examiner_qa.md,,3.0,docs/rp4/DEFENSE_PACKAGE/revision_2/additions_evidence.json,10085a652cf82144a3ba0a7f9fe632bd95fe910862c5780f2a5c687b43d61389,"[""events"", 1, ""AMZN_event"", 0, ""volume_over_session_median""]",.1f|en,AMZN first volume ratio,verified_numeric_field,{},tests/contract/test_rp4_defense_package.py,tests/contract/test_rp4_defense_additions.py
package_number_0239,package_number,examiner_qa.md,,11.1,docs/rp4/DEFENSE_PACKAGE/revision_2/additions_evidence.json,10085a652cf82144a3ba0a7f9fe632bd95fe910862c5780f2a5c687b43d61389,"[""events"", 1, ""AMZN_event"", 1, ""volume_over_session_median""]",.1f|en,AMZN next volume ratio,verified_numeric_field,{},tests/contract/test_rp4_defense_package.py,tests/contract/test_rp4_defense_additions.py
package_number_0240,package_number,examiner_qa.md,,+0.116,docs/rp4/DEFENSE_PACKAGE/revision_2/additions_evidence.json,10085a652cf82144a3ba0a7f9fe632bd95fe910862c5780f2a5c687b43d61389,"[""events"", 1, ""deltas"", 0, ""delta""]",+.3f|en,August confirmation linear RV15 B2/B1,verified_numeric_field,{},tests/contract/test_rp4_defense_package.py,tests/contract/test_rp4_defense_additions.py
package_number_0241,package_number,examiner_qa.md,,−0.080,docs/rp4/DEFENSE_PACKAGE/revision_2/additions_evidence.json,10085a652cf82144a3ba0a7f9fe632bd95fe910862c5780f2a5c687b43d61389,"[""events"", 1, ""deltas"", 1, ""delta""]",.3f|en,August confirmation trees RV15 B2/B1,verified_numeric_field,{},tests/contract/test_rp4_defense_package.py,tests/contract/test_rp4_defense_additions.py
package_number_0242,package_number,examiner_qa.md,,0.97,artifacts/rp4_v4_a1/specification.json,0a45b0a608110e2ca0dcf38accc2a0c2521ebbe9d223eb002e36ec51f78afd04,"[""grid"", ""moneyness_edges"", 1]",.2f|en,"Registered ATM moneyness lower boundary, 0.97.",independently_reviewed_context,{},tests/contract/test_rp4_defense_package.py,tests/contract/test_rp4_defense_additions.py
package_number_0243,package_number,examiner_qa.md,,1.03,artifacts/rp4_v4_a1/specification.json,0a45b0a608110e2ca0dcf38accc2a0c2521ebbe9d223eb002e36ec51f78afd04,"[""grid"", ""moneyness_edges"", 2]",.2f|en,"Registered ATM moneyness upper boundary, 1.03.",independently_reviewed_context,{},tests/contract/test_rp4_defense_package.py,tests/contract/test_rp4_defense_additions.py
package_number_0244,package_number,examiner_qa.md,,0,docs/rp4/DEFENSE_PACKAGE/revision_2/additions_evidence.json,10085a652cf82144a3ba0a7f9fe632bd95fe910862c5780f2a5c687b43d61389,"[""atm_definition"", ""dte_min""]",.0f|en,"ATM tenor lower boundary, parsed from registered grid.tenors[0]=dte_0_1.",independently_reviewed_context,{},tests/contract/test_rp4_defense_package.py,tests/contract/test_rp4_defense_additions.py
package_number_0245,package_number,examiner_qa.md,,1,docs/rp4/DEFENSE_PACKAGE/revision_2/additions_evidence.json,10085a652cf82144a3ba0a7f9fe632bd95fe910862c5780f2a5c687b43d61389,"[""atm_definition"", ""dte_max""]",.0f|en,"ATM tenor upper boundary, parsed from registered grid.tenors[0]=dte_0_1.",independently_reviewed_context,{},tests/contract/test_rp4_defense_package.py,tests/contract/test_rp4_defense_additions.py
package_number_0246,package_number,examiner_qa.md,,0.0435,artifacts/rp4_v4_b4/distribution_secondary.csv,62312356720ac370fe3928eb5212db5a99ad7aa63f8ce4fe568ae149faed96cb,"[3, ""p_raw""]",.4f|en,"horizon_minutes=15, window=primary, family=lightgbm_qlike, contrast=B2_over_B1, statistic=median, field=p_raw",verified_numeric_field,{},tests/contract/test_rp4_defense_package.py,tests/contract/test_rp4_defense_additions.py
package_number_0247,package_number,examiner_qa.md,,0.0038,artifacts/rp4_v4_b4/distribution_secondary.csv,62312356720ac370fe3928eb5212db5a99ad7aa63f8ce4fe568ae149faed96cb,"[19, ""p_raw""]",.4f|en,"horizon_minutes=5, window=primary, family=lightgbm_qlike, contrast=B2_over_B1, statistic=median, field=p_raw",verified_numeric_field,{},tests/contract/test_rp4_defense_package.py,tests/contract/test_rp4_defense_additions.py
package_number_0248,package_number,examiner_qa.md,,0.0870,artifacts/rp4_v4_b4/distribution_secondary.csv,62312356720ac370fe3928eb5212db5a99ad7aa63f8ce4fe568ae149faed96cb,"[3, ""p_holm""]",.4f|en,"[3, ""p_holm""]",verified_numeric_field,{},tests/contract/test_rp4_defense_package.py,tests/contract/test_rp4_defense_additions.py
package_number_0249,package_number,examiner_qa.md,,0.0096,artifacts/rp4_v4_b4/distribution_secondary.csv,62312356720ac370fe3928eb5212db5a99ad7aa63f8ce4fe568ae149faed96cb,"[19, ""p_holm""]",.4f|en,"[19, ""p_holm""]",verified_numeric_field,{},tests/contract/test_rp4_defense_package.py,tests/contract/test_rp4_defense_additions.py
package_number_0250,package_number,examiner_qa.md,,2,docs/rp4/prospective_confirmation_v1_amendment_2_receipt.json,eeeff2504758294cd973e898bcc5ff8f43d2ff5be89f31b3dec8e1d22a5d7f95,"[""schema""]",text_number:0,Amendment identifier 2 from the amendment 2 receipt schema.,independently_reviewed_context,{},tests/contract/test_rp4_defense_package.py,tests/contract/test_rp4_defense_additions.py
package_number_0251,package_number,examiner_qa.md,,20,docs/rp4/prospective_confirmation_v1_amendment_2_receipt.json,eeeff2504758294cd973e898bcc5ff8f43d2ff5be89f31b3dec8e1d22a5d7f95,"[""secondary_single_look_at_prospective_sessions""]",.0f|en,"Shared prospective-session checkpoint, one secondary reading",verified_numeric_field,{},tests/contract/test_rp4_defense_package.py,tests/contract/test_rp4_defense_additions.py
package_number_0252,package_number,examiner_qa.md,,95,artifacts/rp4_v4_b4/primary_statistics.csv,5c215fc38344839ecedea7b27f69efcb85fbefea84f1367d06229cb7407902d4,"[14, ""interval""]",text_number:0,Saved two-sided percentile interval confidence level,verified_numeric_field,{},tests/contract/test_rp4_defense_package.py,tests/contract/test_rp4_defense_additions.py
package_number_0253,package_number,examiner_qa.md,,0.0016443642,artifacts/rp4_v4_b4/primary_statistics.csv,5c215fc38344839ecedea7b27f69efcb85fbefea84f1367d06229cb7407902d4,"[14, ""ci_low""]",.10f|en,"horizon_minutes=15, window=confirmation, family=lightgbm_qlike, contrast=B1_over_B0, statistic=mean, field=ci_low",verified_numeric_field,{},tests/contract/test_rp4_defense_package.py,tests/contract/test_rp4_defense_additions.py
package_number_0254,package_number,examiner_qa.md,,0.016807137,artifacts/rp4_v4_b4/primary_statistics.csv,5c215fc38344839ecedea7b27f69efcb85fbefea84f1367d06229cb7407902d4,"[14, ""ci_high""]",.9f|en,"horizon_minutes=15, window=confirmation, family=lightgbm_qlike, contrast=B1_over_B0, statistic=mean, field=ci_high",verified_numeric_field,{},tests/contract/test_rp4_defense_package.py,tests/contract/test_rp4_defense_additions.py
package_number_0255,package_number,examiner_qa.md,,0.0568,artifacts/rp4_v4_b4/primary_statistics.csv,5c215fc38344839ecedea7b27f69efcb85fbefea84f1367d06229cb7407902d4,"[14, ""p_for_decision""]",.4f|en,"horizon_minutes=15, window=confirmation, family=lightgbm_qlike, contrast=B1_over_B0, statistic=mean, field=p_for_decision",verified_numeric_field,{},tests/contract/test_rp4_defense_package.py,tests/contract/test_rp4_defense_additions.py
package_number_0256,package_number,examiner_qa.md,,2025-05-15,docs/rp4/RESULTADO_FINAL.md,6d629b2416601af39a6e7f4fc0f04db1455b6c20ba4c298e7fb21a6ed00b2b19,[],text_number:84,"rado  de la última hora real, >= 330.  Las interrupciones de publicación del proveedor de 2025-05-15 y 2025-09-18 son hallazgos del instrumento. La regla v3 conserva actividad cero, vuelve indefinidas las formas/ratios s",reported_or_registered_text,{},tests/contract/test_rp4_defense_package.py,tests/contract/test_rp4_defense_additions.py
package_number_0257,package_number,examiner_qa.md,,2025-09-18,docs/rp4/RESULTADO_FINAL.md,6d629b2416601af39a6e7f4fc0f04db1455b6c20ba4c298e7fb21a6ed00b2b19,[],text_number:85,"ltima hora real, >= 330.  Las interrupciones de publicación del proveedor de 2025-05-15 y 2025-09-18 son hallazgos del instrumento. La regla v3 conserva actividad cero, vuelve indefinidas las formas/ratios sin operacione",reported_or_registered_text,{},tests/contract/test_rp4_defense_package.py,tests/contract/test_rp4_defense_additions.py
package_number_0258,package_number,examiner_qa.md,,412,artifacts/rp4_closeout_audit/descriptive_profiles.csv,426bbe8b329ba936a5f7d8307f2bb7dd2373ac6dfe7fe39f855516e1fc0eddcd,"[461, ""N_origins""]",.0f|en,"[461, ""N_origins""]",verified_numeric_field,{},tests/contract/test_rp4_defense_package.py,tests/contract/test_rp4_defense_additions.py
package_number_0259,package_number,examiner_qa.md,,0.102703519,artifacts/rp4_closeout_audit/descriptive_profiles.csv,426bbe8b329ba936a5f7d8307f2bb7dd2373ac6dfe7fe39f855516e1fc0eddcd,"[461, ""base_qlike_equal_session_asset""]",.9f|en,"[461, ""base_qlike_equal_session_asset""]",verified_numeric_field,{},tests/contract/test_rp4_defense_package.py,tests/contract/test_rp4_defense_additions.py
package_number_0260,package_number,examiner_qa.md,,0.202126323,artifacts/rp4_closeout_audit/descriptive_profiles.csv,426bbe8b329ba936a5f7d8307f2bb7dd2373ac6dfe7fe39f855516e1fc0eddcd,"[461, ""rich_qlike_equal_session_asset""]",.9f|en,"horizon_minutes=15, window=primary, family=log_ridge_harq, contrast=B2_over_B1, profile=window_empty_5m, stratum=inside, field=rich_qlike_equal_session_asset",verified_numeric_field,{},tests/contract/test_rp4_defense_package.py,tests/contract/test_rp4_defense_additions.py
package_number_0261,package_number,examiner_qa.md,,0.185885062,artifacts/rp4_closeout_audit/descriptive_profiles.csv,426bbe8b329ba936a5f7d8307f2bb7dd2373ac6dfe7fe39f855516e1fc0eddcd,"[461, ""base_qlike_pooled""]",.9f|en,"[461, ""base_qlike_pooled""]",verified_numeric_field,{},tests/contract/test_rp4_defense_package.py,tests/contract/test_rp4_defense_additions.py
package_number_0262,package_number,examiner_qa.md,,0.247087047,artifacts/rp4_closeout_audit/descriptive_profiles.csv,426bbe8b329ba936a5f7d8307f2bb7dd2373ac6dfe7fe39f855516e1fc0eddcd,"[461, ""rich_qlike_pooled""]",.9f|en,"horizon_minutes=15, window=primary, family=log_ridge_harq, contrast=B2_over_B1, profile=window_empty_5m, stratum=inside, field=rich_qlike_pooled",verified_numeric_field,{},tests/contract/test_rp4_defense_package.py,tests/contract/test_rp4_defense_additions.py
package_number_0263,package_number,examiner_qa.md,,26,artifacts/rp4_market_audit/expiry_first_observed.csv,8604ccb92868703f614dee3255099594c356b44eed193acdfda3a440974a007e,"[0, ""first_observed_session"", ""@day""]",.0f|en,"[0, ""first_observed_session"", ""@day""]",verified_numeric_field,{},tests/contract/test_rp4_defense_package.py,tests/contract/test_rp4_defense_additions.py
package_number_0264,package_number,examiner_qa.md,,2026-01-26,docs/rp4/RESULTADO_FINAL.md,6d629b2416601af39a6e7f4fc0f04db1455b6c20ba4c298e7fb21a6ed00b2b19,[],text_number:89,da: Nasdaq anunció el inicio de vencimientos de lunes y miércoles para estos nombres el **2026-01-26**. La cinta verifica esa primera presencia en los seis activos; el salto de celdas se observa el 29 de enero y los prim,reported_or_registered_text,{},tests/contract/test_rp4_defense_package.py,tests/contract/test_rp4_defense_additions.py
package_number_0265,package_number,examiner_qa.md,,2026-02-02,artifacts/rp4_market_audit/REPORT.md,74c6d6e5aaa43c51e73b0cacc8bde6a569aa1093686bafd5c10973d1abe3dcab,[],text_number:27,er miércoles 0DTE | | --- | --- | --- | --- | | AAPL | 2026-01-26T09:30:08.751944-05:00 | 2026-02-02 | 2026-02-04 | | AMZN | 2026-01-26T09:30:03.686235-05:00 | 2026-02-02 | 2026-02-04 | | META | 2026-01-26T09:30:02.38001,reported_or_registered_text,{},tests/contract/test_rp4_defense_package.py,tests/contract/test_rp4_defense_additions.py
package_number_0266,package_number,examiner_qa.md,,2026-02-04,artifacts/rp4_market_audit/REPORT.md,74c6d6e5aaa43c51e73b0cacc8bde6a569aa1093686bafd5c10973d1abe3dcab,[],text_number:28,0DTE | | --- | --- | --- | --- | | AAPL | 2026-01-26T09:30:08.751944-05:00 | 2026-02-02 | 2026-02-04 | | AMZN | 2026-01-26T09:30:03.686235-05:00 | 2026-02-02 | 2026-02-04 | | META | 2026-01-26T09:30:02.380014-05:00 | 202,reported_or_registered_text,{},tests/contract/test_rp4_defense_package.py,tests/contract/test_rp4_defense_additions.py
package_number_0267,package_number,examiner_qa.md,,20.036718,artifacts/rp4_market_audit/coverage_weekday.csv,e347f76f648da1511eb54a56e853d2ab656b28388de5d0acff70090e95f314a6,"{""operation"": ""weighted_mean"", ""where"": {""scope"": ""all_available_origins"", ""transition_date"": ""2026-01-26"", ""asset"": ""ALL"", ""period"": ""before""}, ""field"": ""surface_populated_cells_mean"", ""weight"": ""N_origins""}",.6f|en,"{""operation"": ""weighted_mean"", ""where"": {""scope"": ""all_available_origins"", ""transition_date"": ""2026-01-26"", ""asset"": ""ALL"", ""period"": ""before""}, ""field"": ""surface_populated_cells_mean"", ""weight"": ""N_origins""}",verified_numeric_field,{},tests/contract/test_rp4_defense_package.py,tests/contract/test_rp4_defense_additions.py
package_number_0268,package_number,examiner_qa.md,,23.095318,artifacts/rp4_market_audit/coverage_weekday.csv,e347f76f648da1511eb54a56e853d2ab656b28388de5d0acff70090e95f314a6,"{""operation"": ""weighted_mean"", ""where"": {""scope"": ""all_available_origins"", ""transition_date"": ""2026-01-26"", ""asset"": ""ALL"", ""period"": ""from_date""}, ""field"": ""surface_populated_cells_mean"", ""weight"": ""N_origins""}",.6f|en,"{""operation"": ""weighted_mean"", ""where"": {""scope"": ""all_available_origins"", ""transition_date"": ""2026-01-26"", ""asset"": ""ALL"", ""period"": ""from_date""}, ""field"": ""surface_populated_cells_mean"", ""weight"": ""N_origins""}",verified_numeric_field,{},tests/contract/test_rp4_defense_package.py,tests/contract/test_rp4_defense_additions.py
package_number_0269,package_number,examiner_qa.md,,60,artifacts/rp4_v4_a1/specification.json,0a45b0a608110e2ca0dcf38accc2a0c2521ebbe9d223eb002e36ec51f78afd04,"[""windows"", ""primary"", ""warmup_sessions""]",.0f|en,"[""windows"", ""primary"", ""warmup_sessions""]",verified_numeric_field,{},tests/contract/test_rp4_defense_package.py,tests/contract/test_rp4_defense_additions.py
package_number_0270,package_number,examiner_qa.md,,2024,artifacts/rp4_closeout_audit/descriptive_profiles.csv,426bbe8b329ba936a5f7d8307f2bb7dd2373ac6dfe7fe39f855516e1fc0eddcd,"[428, ""first_session"", ""@year""]",.0f|en,"[428, ""first_session"", ""@year""]",verified_numeric_field,{},tests/contract/test_rp4_defense_package.py,tests/contract/test_rp4_defense_additions.py
package_number_0271,package_number,examiner_qa.md,,2025,artifacts/rp4_closeout_audit/descriptive_profiles.csv,426bbe8b329ba936a5f7d8307f2bb7dd2373ac6dfe7fe39f855516e1fc0eddcd,"[428, ""last_session"", ""@year""]",.0f|en,"[428, ""last_session"", ""@year""]",verified_numeric_field,{},tests/contract/test_rp4_defense_package.py,tests/contract/test_rp4_defense_additions.py
package_number_0272,package_number,examiner_qa.md,,64,artifacts/rp4_closeout_audit/descriptive_profiles.csv,426bbe8b329ba936a5f7d8307f2bb7dd2373ac6dfe7fe39f855516e1fc0eddcd,"[428, ""N_sessions""]",.0f|en,"[428, ""N_sessions""]",verified_numeric_field,{},tests/contract/test_rp4_defense_package.py,tests/contract/test_rp4_defense_additions.py
package_number_0273,package_number,examiner_qa.md,,0.0001,artifacts/rp4_closeout_audit/ridge_lambda_counts.csv,493b20562708215bf5ff74cf0f5fe621b6f4cfa20f1730bd9d224f659ac2ffea,"[41, ""lambda""]",.4f|en,"[41, ""lambda""]",verified_numeric_field,{},tests/contract/test_rp4_defense_package.py,tests/contract/test_rp4_defense_additions.py
package_number_0274,package_number,examiner_qa.md,,111,artifacts/rp4_closeout_audit/ridge_lambda_counts.csv,493b20562708215bf5ff74cf0f5fe621b6f4cfa20f1730bd9d224f659ac2ffea,"[41, ""N_sessions""]",.0f|en,"[41, ""N_sessions""]",verified_numeric_field,{},tests/contract/test_rp4_defense_package.py,tests/contract/test_rp4_defense_additions.py
package_number_0275,package_number,examiner_qa.md,,419,artifacts/rp4_v4_b2_rv15/summary.json,451e53869bb5f5058a635302bb08ad920ce11b8771fd2c6780545255b1ac25f4,"[""N_sessions""]",.0f|en,"[""N_sessions""]",verified_numeric_field,{},tests/contract/test_rp4_defense_package.py,tests/contract/test_rp4_defense_additions.py
package_number_0276,package_number,examiner_qa.md,,88,artifacts/rp4_closeout_audit/ridge_bounds_pruning_summary.csv,20f4b1c1b1022d7bba0318e9c4ac4b720ac6fce7a10bb5bbb875f1bca5d18c4e,"[11, ""removed_min""]",.0f|en,"[11, ""removed_min""]",verified_numeric_field,{},tests/contract/test_rp4_defense_package.py,tests/contract/test_rp4_defense_additions.py
package_number_0277,package_number,examiner_qa.md,,97,artifacts/rp4_closeout_audit/ridge_bounds_pruning_summary.csv,20f4b1c1b1022d7bba0318e9c4ac4b720ac6fce7a10bb5bbb875f1bca5d18c4e,"[11, ""removed_max""]",.0f|en,"[11, ""removed_max""]",verified_numeric_field,{},tests/contract/test_rp4_defense_package.py,tests/contract/test_rp4_defense_additions.py
package_number_0278,package_number,examiner_qa.md,,−167448.32,artifacts/rp4_closeout_figures/comparison_v1_v4.csv,0d9554e1fc5151b4eb7b149b7bc529bbdfee1d12e92883163087aedc6942a9ba,"[1, ""percent_reduction""]",.2f|en,"version=v1, target=RV30, horizon_minutes=30, window=primary, family=log_ols_harq, contrast=B2_over_B1, field=percent_reduction",verified_numeric_field,{},tests/contract/test_rp4_defense_package.py,tests/contract/test_rp4_defense_additions.py
package_number_0279,package_number,examiner_qa.md,,1,artifacts/rp4_closeout_figures/comparison_v1_v4.csv,0d9554e1fc5151b4eb7b149b7bc529bbdfee1d12e92883163087aedc6942a9ba,"[1, ""p_holm_bilateral""]",.0f|en,"[1, ""p_holm_bilateral""]",verified_numeric_field,{},tests/contract/test_rp4_defense_package.py,tests/contract/test_rp4_defense_additions.py
package_number_0280,package_number,examiner_qa.md,,418,artifacts/rp4_b2/summary.json,d311d2773ae195968a59cea7d4e0c68dcf35d5d80e005c6cc0f1e028496d2eb2,"[""N_sessions""]",.0f|en,"[""N_sessions""]",verified_numeric_field,{},tests/contract/test_rp4_defense_package.py,tests/contract/test_rp4_defense_additions.py
package_number_0281,package_number,examiner_qa.md,,92261,artifacts/rp4_b2/summary.json,d311d2773ae195968a59cea7d4e0c68dcf35d5d80e005c6cc0f1e028496d2eb2,"[""N_origins""]",.0f|en,"[""N_origins""]",verified_numeric_field,{},tests/contract/test_rp4_defense_package.py,tests/contract/test_rp4_defense_additions.py
package_number_0282,package_number,examiner_qa.md,,25,artifacts/rp4_v4_b3_rv15/summary.json,1a544479c861bfcb8201cd6ae95702f7cf3de08f4d824d1dc488ec159a36ab9c,"[""N_sessions""]",.0f|en,"[""N_sessions""]",verified_numeric_field,{},tests/contract/test_rp4_defense_package.py,tests/contract/test_rp4_defense_additions.py
package_number_0283,package_number,examiner_qa.md,,0.3908,artifacts/rp4_v4_b4/primary_statistics.csv,5c215fc38344839ecedea7b27f69efcb85fbefea84f1367d06229cb7407902d4,"[12, ""p_for_decision""]",.4f|en,"horizon_minutes=15, window=confirmation, family=log_ridge_harq, contrast=B1_over_B0, statistic=mean, field=p_for_decision",verified_numeric_field,{},tests/contract/test_rp4_defense_package.py,tests/contract/test_rp4_defense_additions.py
package_number_0284,package_number,examiner_qa.md,,0.1758,artifacts/rp4_v4_b4/primary_statistics.csv,5c215fc38344839ecedea7b27f69efcb85fbefea84f1367d06229cb7407902d4,"[13, ""p_raw""]",.4f|en,"horizon_minutes=15, window=confirmation, family=log_ridge_harq, contrast=B2_over_B1, statistic=mean, field=p_raw",verified_numeric_field,{},tests/contract/test_rp4_defense_package.py,tests/contract/test_rp4_defense_additions.py
package_number_0285,package_number,examiner_qa.md,,0.0568,artifacts/rp4_v4_b4/primary_statistics.csv,5c215fc38344839ecedea7b27f69efcb85fbefea84f1367d06229cb7407902d4,"[14, ""p_for_decision""]",.4f|en,"horizon_minutes=15, window=confirmation, family=lightgbm_qlike, contrast=B1_over_B0, statistic=mean, field=p_for_decision",verified_numeric_field,{},tests/contract/test_rp4_defense_package.py,tests/contract/test_rp4_defense_additions.py
package_number_0286,package_number,examiner_qa.md,,2026-09-07,docs/rp4/RESULTADO_FINAL.md,6d629b2416601af39a6e7f4fc0f04db1455b6c20ba4c298e7fb21a6ed00b2b19,[],text_number:0,"fuera de muestra walk-forward, partición fijada 2026-09-07.  # ¿Las opciones mejoran el pronóstico de volatilidad intradía?  Sí para el estado de opciones; para el flujo, la resp",reported_or_registered_text,{},tests/contract/test_rp4_defense_package.py,tests/contract/test_rp4_defense_additions.py
package_number_0287,package_number,examiner_qa.md,,20,docs/rp4/RESULTADO_FINAL.md,6d629b2416601af39a6e7f4fc0f04db1455b6c20ba4c298e7fb21a6ed00b2b19,[],text_number:126,"rio, no una réplica adicional; la búsqueda entre versiones no está corregida.  La ventana 20 de julio a 28 de agosto fue leída una vez por el puente de Fase 8 con otra especificación. El PIT es proxy de tiempo fu",reported_or_registered_text,{},tests/contract/test_rp4_defense_package.py,tests/contract/test_rp4_defense_additions.py
package_number_0288,package_number,examiner_qa.md,,28,docs/rp4/RESULTADO_FINAL.md,6d629b2416601af39a6e7f4fc0f04db1455b6c20ba4c298e7fb21a6ed00b2b19,[],text_number:127,"plica adicional; la búsqueda entre versiones no está corregida.  La ventana 20 de julio a 28 de agosto fue leída una vez por el puente de Fase 8 con otra especificación. El PIT es proxy de tiempo fuente a 120 s, ",reported_or_registered_text,{},tests/contract/test_rp4_defense_package.py,tests/contract/test_rp4_defense_additions.py
package_number_0289,package_number,examiner_qa.md,,25,artifacts/rp4_v4_b3_rv15/summary.json,1a544479c861bfcb8201cd6ae95702f7cf3de08f4d824d1dc488ec159a36ab9c,"[""N_sessions""]",.0f|en,"[""N_sessions""]",verified_numeric_field,{},tests/contract/test_rp4_defense_package.py,tests/contract/test_rp4_defense_additions.py
package_number_0290,package_number,examiner_qa.md,,9750,artifacts/rp4_v4_b3_rv15/summary.json,1a544479c861bfcb8201cd6ae95702f7cf3de08f4d824d1dc488ec159a36ab9c,"[""N_origins""]",.0f|en,"[""N_origins""]",verified_numeric_field,{},tests/contract/test_rp4_defense_package.py,tests/contract/test_rp4_defense_additions.py
package_number_0291,package_number,examiner_qa.md,,60,artifacts/rp4_v4_a1/specification.json,0a45b0a608110e2ca0dcf38accc2a0c2521ebbe9d223eb002e36ec51f78afd04,"[""purge_minutes""]",.0f|en,"[""purge_minutes""]",verified_numeric_field,{},tests/contract/test_rp4_defense_package.py,tests/contract/test_rp4_defense_additions.py
package_number_0292,package_number,examiner_qa.md,,2026-09-07,docs/rp4/specification_v4.md,443a0c2628d80f82b0f1a90a7ce7f7c3a8caac38a505c8d12366c7c1c81d6ee9,[],text_number:1,"uste v4; no modifica v1/v2/v3. Etiqueta: «fuera de muestra walk-forward, partición fijada 2026-09-07». RESEARCH_ONLY; NOT INVESTMENT ADVICE; capital_go=false.  ## Antecedente, disparador y alcance  Se adopta íntegro el p",reported_or_registered_text,{},tests/contract/test_rp4_defense_package.py,tests/contract/test_rp4_defense_additions.py
package_number_0293,package_number,examiner_qa.md,,160832,artifacts/rp4_v4_b2_rv15/summary.json,451e53869bb5f5058a635302bb08ad920ce11b8771fd2c6780545255b1ac25f4,"[""N_origins""]",.0f|en,"[""N_origins""]",verified_numeric_field,{},tests/contract/test_rp4_defense_package.py,tests/contract/test_rp4_defense_additions.py
package_number_0294,package_number,examiner_qa.md,,160832,artifacts/rp4_v4_b2_rv15/summary.json,451e53869bb5f5058a635302bb08ad920ce11b8771fd2c6780545255b1ac25f4,"[""N_origins""]",.0f|en,"[""N_origins""]",verified_numeric_field,{},tests/contract/test_rp4_defense_package.py,tests/contract/test_rp4_defense_additions.py
package_number_0295,package_number,examiner_qa.md,,419,artifacts/rp4_v4_b2_rv15/summary.json,451e53869bb5f5058a635302bb08ad920ce11b8771fd2c6780545255b1ac25f4,"[""N_sessions""]",.0f|en,"[""N_sessions""]",verified_numeric_field,{},tests/contract/test_rp4_defense_package.py,tests/contract/test_rp4_defense_additions.py
package_number_0296,package_number,examiner_qa.md,,9999,artifacts/rp4_v4_a1/specification.json,0a45b0a608110e2ca0dcf38accc2a0c2521ebbe9d223eb002e36ec51f78afd04,"[""inference"", ""bootstrap"", ""replications""]",.0f|en,"[""inference"", ""bootstrap"", ""replications""]",verified_numeric_field,{},tests/contract/test_rp4_defense_package.py,tests/contract/test_rp4_defense_additions.py
package_number_0297,package_number,examiner_qa.md,,100,artifacts/rp4_v4_a1/specification.json,0a45b0a608110e2ca0dcf38accc2a0c2521ebbe9d223eb002e36ec51f78afd04,"[""inference"", ""percent_reduction""]",text_number:0,Multiplication by one hundred converts a ratio to percent; the ratio and denominator are separately bound in this paragraph.,independently_reviewed_context,{},tests/contract/test_rp4_defense_package.py,tests/contract/test_rp4_defense_additions.py
package_number_0298,package_number,examiner_qa.md,,100,artifacts/rp4_closeout_figures/README.md,51f46c4a6f1d00c320e7b01922cf9cf0ebb84b99c05d5540729d3a86bf1b8b4b,[],text_number:0,"ortan.  El intervalo porcentual es el IC95% guardado para la diferencia, multiplicado por 100 y dividido por la pérdida base media observada. No es un intervalo bootstrap del cociente: no incluye de nuevo la incer",reported_or_registered_text,{},tests/contract/test_rp4_defense_package.py,tests/contract/test_rp4_defense_additions.py
package_number_0299,package_number,examiner_qa.md,,+0.6227941,artifacts/rp4_v4_b4/primary_statistics.csv,5c215fc38344839ecedea7b27f69efcb85fbefea84f1367d06229cb7407902d4,"[9, ""qlike_reduction_percent""]",+.7f|en,"horizon_minutes=15, window=primary, family=log_ridge_harq, contrast=B2_over_B1, statistic=mean, field=qlike_reduction_percent",verified_numeric_field,{},tests/contract/test_rp4_defense_package.py,tests/contract/test_rp4_defense_additions.py
package_number_0300,package_number,examiner_qa.md,,0.00033503697,artifacts/rp4_v4_b4/primary_statistics.csv,5c215fc38344839ecedea7b27f69efcb85fbefea84f1367d06229cb7407902d4,"[9, ""ci_low""]",.11f|en,"horizon_minutes=15, window=primary, family=log_ridge_harq, contrast=B2_over_B1, statistic=mean, field=ci_low",verified_numeric_field,{},tests/contract/test_rp4_defense_package.py,tests/contract/test_rp4_defense_additions.py
package_number_0301,package_number,examiner_qa.md,,0.0019321616,artifacts/rp4_v4_b4/primary_statistics.csv,5c215fc38344839ecedea7b27f69efcb85fbefea84f1367d06229cb7407902d4,"[9, ""ci_high""]",.10f|en,"horizon_minutes=15, window=primary, family=log_ridge_harq, contrast=B2_over_B1, statistic=mean, field=ci_high",verified_numeric_field,{},tests/contract/test_rp4_defense_package.py,tests/contract/test_rp4_defense_additions.py
package_number_0302,package_number,examiner_qa.md,,249,docs/rp4/DEFENSE_PACKAGE/revision_2/additions_evidence.json,10085a652cf82144a3ba0a7f9fe632bd95fe910862c5780f2a5c687b43d61389,"[""frequency"", ""favorable_sessions""]",.0f|en,RV15 primary linear B2/B1 session frequency,verified_numeric_field,{},tests/contract/test_rp4_defense_package.py,tests/contract/test_rp4_defense_additions.py
package_number_0303,package_number,examiner_qa.md,,419,artifacts/rp4_v4_b2_rv15/summary.json,451e53869bb5f5058a635302bb08ad920ce11b8771fd2c6780545255b1ac25f4,"[""N_sessions""]",.0f|en,"[""N_sessions""]",verified_numeric_field,{},tests/contract/test_rp4_defense_package.py,tests/contract/test_rp4_defense_additions.py
package_number_0304,package_number,examiner_qa.md,,100,artifacts/rp4_v4_a1/specification.json,0a45b0a608110e2ca0dcf38accc2a0c2521ebbe9d223eb002e36ec51f78afd04,"[""inference"", ""percent_reduction""]",text_number:0,Multiplication by one hundred converts a ratio to percent; the ratio and denominator are separately bound in this paragraph.,independently_reviewed_context,{},tests/contract/test_rp4_defense_package.py,tests/contract/test_rp4_defense_additions.py
package_number_0305,package_number,examiner_qa.md,,249,docs/rp4/DEFENSE_PACKAGE/revision_2/additions_evidence.json,10085a652cf82144a3ba0a7f9fe632bd95fe910862c5780f2a5c687b43d61389,"[""frequency"", ""favorable_sessions""]",.0f|en,RV15 primary linear B2/B1 session frequency,verified_numeric_field,{},tests/contract/test_rp4_defense_package.py,tests/contract/test_rp4_defense_additions.py
package_number_0306,package_number,examiner_qa.md,,419,artifacts/rp4_v4_b2_rv15/summary.json,451e53869bb5f5058a635302bb08ad920ce11b8771fd2c6780545255b1ac25f4,"[""N_sessions""]",.0f|en,"[""N_sessions""]",verified_numeric_field,{},tests/contract/test_rp4_defense_package.py,tests/contract/test_rp4_defense_additions.py
package_number_0307,package_number,examiner_qa.md,,59.43,docs/rp4/DEFENSE_PACKAGE/revision_2/additions_evidence.json,10085a652cf82144a3ba0a7f9fe632bd95fe910862c5780f2a5c687b43d61389,"[""frequency"", ""favorable_percent""]",.2f|en,RV15 primary linear B2/B1 session frequency,verified_numeric_field,{},tests/contract/test_rp4_defense_package.py,tests/contract/test_rp4_defense_additions.py
package_number_0308,package_number,examiner_qa.md,,59,docs/rp4/DEFENSE_PACKAGE/revision_2/additions_evidence.json,10085a652cf82144a3ba0a7f9fe632bd95fe910862c5780f2a5c687b43d61389,"[""frequency"", ""favorable_percent""]",.0f|en,RV15 primary linear B2/B1 session frequency,verified_numeric_field,{},tests/contract/test_rp4_defense_package.py,tests/contract/test_rp4_defense_additions.py
package_number_0309,package_number,examiner_qa.md,,170,docs/rp4/DEFENSE_PACKAGE/revision_2/additions_evidence.json,10085a652cf82144a3ba0a7f9fe632bd95fe910862c5780f2a5c687b43d61389,"[""frequency"", ""adverse_sessions""]",.0f|en,RV15 primary linear B2/B1 session frequency,verified_numeric_field,{},tests/contract/test_rp4_defense_package.py,tests/contract/test_rp4_defense_additions.py
package_number_0310,package_number,examiner_qa.md,,6,docs/rp4/DEFENSE_PACKAGE/revision_2/additions_evidence.json,10085a652cf82144a3ba0a7f9fe632bd95fe910862c5780f2a5c687b43d61389,"[""frequency"", ""positive_assets""]",.0f|en,RV15 linear B2_over_B1 primary frequency: number of assets with positive mean delta.,independently_reviewed_context,{},tests/contract/test_rp4_defense_package.py,tests/contract/test_rp4_defense_additions.py
package_number_0311,package_number,examiner_qa.md,,6,docs/rp4/DEFENSE_PACKAGE/revision_2/additions_evidence.json,10085a652cf82144a3ba0a7f9fe632bd95fe910862c5780f2a5c687b43d61389,"[""frequency"", ""assets""]",.0f|en,RV15 linear B2_over_B1 primary frequency: total assets compared.,independently_reviewed_context,{},tests/contract/test_rp4_defense_package.py,tests/contract/test_rp4_defense_additions.py
package_number_0312,package_number,examiner_qa.md,,3,docs/rp4/DEFENSE_PACKAGE/revision_2/additions_evidence.json,10085a652cf82144a3ba0a7f9fe632bd95fe910862c5780f2a5c687b43d61389,"[""frequency"", ""positive_blocks""]",.0f|en,RV15 linear B2_over_B1 primary frequency: chronological blocks with positive mean delta.,independently_reviewed_context,{},tests/contract/test_rp4_defense_package.py,tests/contract/test_rp4_defense_additions.py
package_number_0313,package_number,examiner_qa.md,,3,docs/rp4/DEFENSE_PACKAGE/revision_2/additions_evidence.json,10085a652cf82144a3ba0a7f9fe632bd95fe910862c5780f2a5c687b43d61389,"[""frequency"", ""blocks""]",.0f|en,RV15 linear B2_over_B1 primary frequency: total chronological blocks compared.,independently_reviewed_context,{},tests/contract/test_rp4_defense_package.py,tests/contract/test_rp4_defense_additions.py
package_number_0314,package_number,examiner_qa.md,,2016,docs/rp4/DEFENSE_PACKAGE/revision_2/additions_evidence.json,10085a652cf82144a3ba0a7f9fe632bd95fe910862c5780f2a5c687b43d61389,"[""literature"", ""year""]",.0f|en,Primary publication year,verified_numeric_field,{},tests/contract/test_rp4_defense_package.py,tests/contract/test_rp4_defense_additions.py
package_number_0315,package_number,examiner_qa.md,,2.3,docs/rp4/DEFENSE_PACKAGE/revision_2/additions_evidence.json,10085a652cf82144a3ba0a7f9fe632bd95fe910862c5780f2a5c687b43d61389,"[""literature"", ""sections"", 0]",literal,"Section identifier in the cited Bollerslev, Patton and Quaedvlieg article; not an empirical effect size.",independently_reviewed_context,{},tests/contract/test_rp4_defense_package.py,tests/contract/test_rp4_defense_additions.py
package_number_0316,package_number,examiner_qa.md,,3.1,docs/rp4/DEFENSE_PACKAGE/revision_2/additions_evidence.json,10085a652cf82144a3ba0a7f9fe632bd95fe910862c5780f2a5c687b43d61389,"[""literature"", ""sections"", 1]",literal,"Section identifier in the cited Bollerslev, Patton and Quaedvlieg article; not an empirical effect size.",independently_reviewed_context,{},tests/contract/test_rp4_defense_package.py,tests/contract/test_rp4_defense_additions.py
package_number_0317,package_number,examiner_qa.md,,3.3,docs/rp4/DEFENSE_PACKAGE/revision_2/additions_evidence.json,10085a652cf82144a3ba0a7f9fe632bd95fe910862c5780f2a5c687b43d61389,"[""literature"", ""sections"", 2]",literal,"Section identifier in the cited Bollerslev, Patton and Quaedvlieg article; not an empirical effect size.",independently_reviewed_context,{},tests/contract/test_rp4_defense_package.py,tests/contract/test_rp4_defense_additions.py
package_number_0318,package_number,examiner_qa.md,,3.5,docs/rp4/DEFENSE_PACKAGE/revision_2/additions_evidence.json,10085a652cf82144a3ba0a7f9fe632bd95fe910862c5780f2a5c687b43d61389,"[""literature"", ""sections"", 3]",literal,"Section identifier in the cited Bollerslev, Patton and Quaedvlieg article; not an empirical effect size.",independently_reviewed_context,{},tests/contract/test_rp4_defense_package.py,tests/contract/test_rp4_defense_additions.py
package_number_0319,package_number,examiner_qa.md,,120,artifacts/rp4_v4_a1/specification.json,0a45b0a608110e2ca0dcf38accc2a0c2521ebbe9d223eb002e36ec51f78afd04,"[""source_cutoff_seconds""]",.0f|en,"[""source_cutoff_seconds""]",verified_numeric_field,{},tests/contract/test_rp4_defense_package.py,tests/contract/test_rp4_defense_additions.py
package_number_0320,package_number,examiner_qa.md,,2025,docs/rp4/RESULTADO_FINAL.md,6d629b2416601af39a6e7f4fc0f04db1455b6c20ba4c298e7fb21a6ed00b2b19,[],text_number:111,"s negativos. Los perfiles por mes y tercil de entrenamiento incluyen octubre/noviembre de 2025, negativos para B2 lineal tanto en RV30 como en RV15. La auditoría descriptiva separa también los 288 orígenes de la pr",reported_or_registered_text,{},tests/contract/test_rp4_defense_package.py,tests/contract/test_rp4_defense_additions.py
package_number_0321,package_number,examiner_qa.md,,2026-08-31,artifacts/rp4_market_audit/summary.json,f59a01f7819b36c7ee726b0f47541a0f0a4c17868b8d3d6035cc083d72fc3fdb,"[""bars"", 0, ""session_date""]",literal,Observed bar session for AMZN,verified_numeric_field,{},tests/contract/test_rp4_defense_package.py,tests/contract/test_rp4_defense_additions.py
package_number_0322,package_number,examiner_qa.md,,2026-08-17,artifacts/rp4_market_audit/summary.json,f59a01f7819b36c7ee726b0f47541a0f0a4c17868b8d3d6035cc083d72fc3fdb,"[""bars"", 1, ""session_date""]",literal,Observed bar session for TSLA,verified_numeric_field,{},tests/contract/test_rp4_defense_package.py,tests/contract/test_rp4_defense_additions.py
package_number_0323,package_number,examiner_qa.md,,419,artifacts/rp4_v3_secondary_closeout/evidence.json,e5951301b649caed3270906aa38c86831b28de8ad218eba5a899ad0397167cd1,"[""newton_final"", ""primary"", ""summary"", ""jump_secondary"", ""N_sessions""]",.0f|en,"[""newton_final"", ""primary"", ""summary"", ""jump_secondary"", ""N_sessions""]",verified_numeric_field,{},tests/contract/test_rp4_defense_package.py,tests/contract/test_rp4_defense_additions.py
package_number_0324,package_number,examiner_qa.md,,418,artifacts/rp4_v3_secondary_closeout/evidence.json,e5951301b649caed3270906aa38c86831b28de8ad218eba5a899ad0397167cd1,"[""first_pass"", ""primary"", ""summary"", ""jump_secondary"", ""N_sessions""]",.0f|en,"[""first_pass"", ""primary"", ""summary"", ""jump_secondary"", ""N_sessions""]",verified_numeric_field,{},tests/contract/test_rp4_defense_package.py,tests/contract/test_rp4_defense_additions.py
package_number_0325,package_number,examiner_qa.md,,0,artifacts/rp4_closeout_audit/REPORT.md,93ba2ae3f561d1e88bc2706d5cede0fcd504c4c5790453cb2dc0a32f5c11c412,[],text_number:258,"750 | 6268 | 64.2871795 |  La primaria final de salto ya tiene419 sesiones, no418. jump30>0 clasifica exceso positivo RV−BPV, no un test formal de salto. En estas ventanas cerradas las frecuencias son63,61% y64,",reported_or_registered_text,{},tests/contract/test_rp4_defense_package.py,tests/contract/test_rp4_defense_additions.py
package_number_0326,package_number,examiner_qa.md,,2026-09-09,docs/rp4/prospective_confirmation_v1_amendment_1.md,036f81894975a1e452fb2817c7f3989ed89dd6fe601a9378587d70559d3c7bb3,[],text_number:7,"1:58.752153+00:00.** Se añade antes de la primera ejecución del colector, prevista para **2026-09-09 a las 10:00 Australia/Sydney**. En la comprobación local, la tarea no registra ejecución y su directorio de adquisición",reported_or_registered_text,{},tests/contract/test_rp4_defense_package.py,tests/contract/test_rp4_defense_additions.py
package_number_0327,package_number,examiner_qa.md,,10,docs/rp4/prospective_confirmation_v1_amendment_1_receipt.json,ac3cc92dc48a0b2250be81500cc23d735283a31a951909c917dabcf8092f1837,"[""collector"", ""start_boundary"", ""@hour""]",.0f|en,"[""collector"", ""start_boundary"", ""@hour""]",verified_numeric_field,{},tests/contract/test_rp4_defense_package.py,tests/contract/test_rp4_defense_additions.py
package_number_0328,package_number,examiner_qa.md,,00,docs/rp4/prospective_confirmation_v1_amendment_1_receipt.json,ac3cc92dc48a0b2250be81500cc23d735283a31a951909c917dabcf8092f1837,"[""collector"", ""start_boundary"", ""@minute""]",literal,"[""collector"", ""start_boundary"", ""@minute""]",verified_numeric_field,{},tests/contract/test_rp4_defense_package.py,tests/contract/test_rp4_defense_additions.py
package_number_0329,package_number,examiner_qa.md,,2026-09-08,docs/rp4/prospective_confirmation_v1.md,317530c37d2785bb0ce0bfd6a947fc034c78a02bbd5bb102fd17efe8f91b977d,[],text_number:21,"6-09-09 08:00 Australia/Sydney**. Ese primer disparo corresponde a la sesión de mercado **2026-09-08 America/New_York**, cuyo inicio es posterior a este registro. Las fechas de la muestra son siempre sesiones XNYS, no fe",reported_or_registered_text,{},tests/contract/test_rp4_defense_package.py,tests/contract/test_rp4_defense_additions.py
package_number_0330,package_number,examiner_qa.md,,20,docs/rp4/prospective_confirmation_v1_amendment_2_receipt.json,eeeff2504758294cd973e898bcc5ff8f43d2ff5be89f31b3dec8e1d22a5d7f95,"[""primary_look_sessions""]",.0f|en,Registered primary prospective reading requires twenty complete sessions; secondary reading shares this checkpoint.,independently_reviewed_context,{},tests/contract/test_rp4_defense_package.py,tests/contract/test_rp4_defense_additions.py
package_number_0331,package_number,examiner_qa.md,,40,docs/rp4/prospective_confirmation_v1_receipt.json,18d3fff1995532a4ff44cf4ae90d1917631798353aa314a24dd14f30d7bd4a66,"[""second_look_sessions""]",.0f|en,"[""second_look_sessions""]",verified_numeric_field,{},tests/contract/test_rp4_defense_package.py,tests/contract/test_rp4_defense_additions.py
package_number_0332,package_number,examiner_qa.md,,2,docs/rp4/prospective_confirmation_v1_amendment_2_receipt.json,eeeff2504758294cd973e898bcc5ff8f43d2ff5be89f31b3dec8e1d22a5d7f95,"[""schema""]",text_number:0,Amendment identifier 2 from the amendment 2 receipt schema.,independently_reviewed_context,{},tests/contract/test_rp4_defense_package.py,tests/contract/test_rp4_defense_additions.py
package_number_0333,package_number,examiner_qa.md,,25,docs/rp4/prospective_confirmation_v1_amendment_2_receipt.json,eeeff2504758294cd973e898bcc5ff8f43d2ff5be89f31b3dec8e1d22a5d7f95,"[""secondary_D"", ""historical_sessions""]",.0f|en,Pooled D already observed historical sessions,verified_numeric_field,{},tests/contract/test_rp4_defense_package.py,tests/contract/test_rp4_defense_additions.py
package_number_0334,package_number,examiner_qa.md,,20,docs/rp4/prospective_confirmation_v1_amendment_2_receipt.json,eeeff2504758294cd973e898bcc5ff8f43d2ff5be89f31b3dec8e1d22a5d7f95,"[""secondary_D"", ""prospective_sessions""]",.0f|en,"Secondary D prospective component: twenty new sessions, added to twenty-five observed historical sessions.",independently_reviewed_context,{},tests/contract/test_rp4_defense_package.py,tests/contract/test_rp4_defense_additions.py
package_number_0335,package_number,examiner_qa.md,,45,docs/rp4/prospective_confirmation_v1_amendment_2_receipt.json,eeeff2504758294cd973e898bcc5ff8f43d2ff5be89f31b3dec8e1d22a5d7f95,"[""secondary_D"", ""pooled_sessions""]",.0f|en,"Pooled secondary D, previously observed plus prospective sessions",verified_numeric_field,{},tests/contract/test_rp4_defense_package.py,tests/contract/test_rp4_defense_additions.py
package_number_0336,package_number,examiner_qa.md,,20,docs/rp4/prospective_confirmation_v1_amendment_2_receipt.json,eeeff2504758294cd973e898bcc5ff8f43d2ff5be89f31b3dec8e1d22a5d7f95,"[""secondary_single_look_at_prospective_sessions""]",.0f|en,"Shared prospective-session checkpoint, one secondary reading",verified_numeric_field,{},tests/contract/test_rp4_defense_package.py,tests/contract/test_rp4_defense_additions.py
package_number_0337,package_number,examiner_qa.md,,40,docs/rp4/prospective_confirmation_v1_receipt.json,18d3fff1995532a4ff44cf4ae90d1917631798353aa314a24dd14f30d7bd4a66,"[""second_look_sessions""]",.0f|en,"[""second_look_sessions""]",verified_numeric_field,{},tests/contract/test_rp4_defense_package.py,tests/contract/test_rp4_defense_additions.py
package_number_0338,package_number,examiner_qa.md,,2,docs/rp4/prospective_confirmation_v1_amendment_2_receipt.json,eeeff2504758294cd973e898bcc5ff8f43d2ff5be89f31b3dec8e1d22a5d7f95,"[""schema""]",text_number:0,Amendment identifier 2 from the amendment 2 receipt schema.,independently_reviewed_context,{},tests/contract/test_rp4_defense_package.py,tests/contract/test_rp4_defense_additions.py
package_number_0339,package_number,examiner_qa.md,,138,artifacts/rp4_v4_a1/specification.json,0a45b0a608110e2ca0dcf38accc2a0c2521ebbe9d223eb002e36ec51f78afd04,"[""feature_sets"", ""B2"", ""@length""]",.0f|en,"[""feature_sets"", ""B2"", ""@length""]",verified_numeric_field,{},tests/contract/test_rp4_defense_package.py,tests/contract/test_rp4_defense_additions.py
package_number_0340,package_number,examiner_qa.md,,134,docs/rp4/prospective_confirmation_v1_amendment_1_receipt.json,ac3cc92dc48a0b2250be81500cc23d735283a31a951909c917dabcf8092f1837,"[""ablated_predictors""]",.0f|en,"[""ablated_predictors""]",verified_numeric_field,{},tests/contract/test_rp4_defense_package.py,tests/contract/test_rp4_defense_additions.py
package_number_0341,package_number,examiner_qa.md,,5,docs/rp4/prospective_confirmation_v1_amendment_2_receipt.json,eeeff2504758294cd973e898bcc5ff8f43d2ff5be89f31b3dec8e1d22a5d7f95,"[""secondary_C"", ""trim_each_tail"", ""@percent""]",.0f|en,Trim fraction per tail,verified_numeric_field,{},tests/contract/test_rp4_defense_package.py,tests/contract/test_rp4_defense_additions.py
package_number_0342,package_number,examiner_qa.md,,20,docs/rp4/prospective_confirmation_v1_amendment_2_receipt.json,eeeff2504758294cd973e898bcc5ff8f43d2ff5be89f31b3dec8e1d22a5d7f95,"[""secondary_single_look_at_prospective_sessions""]",.0f|en,"Shared prospective-session checkpoint, one secondary reading",verified_numeric_field,{},tests/contract/test_rp4_defense_package.py,tests/contract/test_rp4_defense_additions.py
package_number_0343,package_number,examiner_qa.md,,5,docs/rp4/prospective_confirmation_v1_amendment_2_receipt.json,eeeff2504758294cd973e898bcc5ff8f43d2ff5be89f31b3dec8e1d22a5d7f95,"[""secondary_multiplicity"", ""alpha"", ""@percent""]",.0f|en,Registered alpha for the Holm A/B/C secondary family.,independently_reviewed_context,{},tests/contract/test_rp4_defense_package.py,tests/contract/test_rp4_defense_additions.py
package_number_0344,package_number,examiner_qa.md,,0.05,docs/rp4/prospective_confirmation_v1_amendment_2_receipt.json,eeeff2504758294cd973e898bcc5ff8f43d2ff5be89f31b3dec8e1d22a5d7f95,"[""secondary_C"", ""trim_each_tail""]",.2f|en,"Secondary C trimming fraction in floor(trim_each_tail * sessions), not an inferential alpha.",independently_reviewed_context,{},tests/contract/test_rp4_defense_package.py,tests/contract/test_rp4_defense_additions.py
package_number_0345,package_number,examiner_qa.md,,20,docs/rp4/prospective_confirmation_v1_amendment_2_receipt.json,eeeff2504758294cd973e898bcc5ff8f43d2ff5be89f31b3dec8e1d22a5d7f95,"[""secondary_C"", ""sessions""]",.0f|en,Secondary C sample size in the registered trimming-count calculation.,independently_reviewed_context,{},tests/contract/test_rp4_defense_package.py,tests/contract/test_rp4_defense_additions.py
package_number_0346,package_number,examiner_qa.md,,1,docs/rp4/prospective_confirmation_v1_amendment_2_receipt.json,eeeff2504758294cd973e898bcc5ff8f43d2ff5be89f31b3dec8e1d22a5d7f95,"[""secondary_C"", ""removed_each_tail""]",.0f|en,Registered trimming counts at twenty sessions,verified_numeric_field,{},tests/contract/test_rp4_defense_package.py,tests/contract/test_rp4_defense_additions.py
package_number_0347,package_number,examiner_qa.md,,18,docs/rp4/prospective_confirmation_v1_amendment_2_receipt.json,eeeff2504758294cd973e898bcc5ff8f43d2ff5be89f31b3dec8e1d22a5d7f95,"[""secondary_C"", ""retained""]",.0f|en,Registered trimming counts at twenty sessions,verified_numeric_field,{},tests/contract/test_rp4_defense_package.py,tests/contract/test_rp4_defense_additions.py
package_number_0348,package_number,examiner_qa.md,,2,docs/rp4/prospective_confirmation_v1_amendment_2_receipt.json,eeeff2504758294cd973e898bcc5ff8f43d2ff5be89f31b3dec8e1d22a5d7f95,"[""schema""]",text_number:0,Amendment identifier 2 from the amendment 2 receipt schema.,independently_reviewed_context,{},tests/contract/test_rp4_defense_package.py,tests/contract/test_rp4_defense_additions.py
package_number_0349,package_number,examiner_qa.md,,1,docs/rp4/prospective_confirmation_v1_amendment_1_receipt.json,ac3cc92dc48a0b2250be81500cc23d735283a31a951909c917dabcf8092f1837,"[""schema""]",text_number:0,Amendment identifier 1 from the amendment 1 receipt schema.,independently_reviewed_context,{},tests/contract/test_rp4_defense_package.py,tests/contract/test_rp4_defense_additions.py
package_number_0350,package_number,examiner_qa.md,,25,docs/rp4/prospective_confirmation_v1_amendment_2_receipt.json,eeeff2504758294cd973e898bcc5ff8f43d2ff5be89f31b3dec8e1d22a5d7f95,"[""secondary_D"", ""historical_sessions""]",.0f|en,Pooled D already observed historical sessions,verified_numeric_field,{},tests/contract/test_rp4_defense_package.py,tests/contract/test_rp4_defense_additions.py
package_number_0351,package_number,examiner_qa.md,,20,docs/rp4/prospective_confirmation_v1_amendment_2_receipt.json,eeeff2504758294cd973e898bcc5ff8f43d2ff5be89f31b3dec8e1d22a5d7f95,"[""secondary_D"", ""prospective_sessions""]",.0f|en,"Secondary D prospective component: twenty new sessions, added to twenty-five observed historical sessions.",independently_reviewed_context,{},tests/contract/test_rp4_defense_package.py,tests/contract/test_rp4_defense_additions.py
package_number_0352,package_number,examiner_qa.md,,45,docs/rp4/prospective_confirmation_v1_amendment_2_receipt.json,eeeff2504758294cd973e898bcc5ff8f43d2ff5be89f31b3dec8e1d22a5d7f95,"[""secondary_D"", ""pooled_sessions""]",.0f|en,"Pooled secondary D, previously observed plus prospective sessions",verified_numeric_field,{},tests/contract/test_rp4_defense_package.py,tests/contract/test_rp4_defense_additions.py
package_number_0353,package_number,examiner_qa.md,,1,docs/rp4/prospective_confirmation_v1_amendment_2.md,b545c36faa4a48764a3433b008d859780a2116f5275a8553b95765d3a2d50cf9,[],text_number:38,Secondary D gives each of forty-five sessions weight 1/45; numerator from the direct registered statement.,independently_reviewed_context,{},tests/contract/test_rp4_defense_package.py,tests/contract/test_rp4_defense_additions.py
package_number_0354,package_number,examiner_qa.md,,45,docs/rp4/prospective_confirmation_v1_amendment_2_receipt.json,eeeff2504758294cd973e898bcc5ff8f43d2ff5be89f31b3dec8e1d22a5d7f95,"[""secondary_D"", ""pooled_sessions""]",.0f|en,"Pooled secondary D, previously observed plus prospective sessions",verified_numeric_field,{},tests/contract/test_rp4_defense_package.py,tests/contract/test_rp4_defense_additions.py
package_number_0355,package_number,examiner_qa.md,,5,docs/rp4/prospective_confirmation_v1_amendment_2_receipt.json,eeeff2504758294cd973e898bcc5ff8f43d2ff5be89f31b3dec8e1d22a5d7f95,"[""secondary_D"", ""alpha"", ""@percent""]",.0f|en,"Registered alpha for secondary D own H1-to-H2 sequence, separate from Holm A/B/C.",independently_reviewed_context,{},tests/contract/test_rp4_defense_package.py,tests/contract/test_rp4_defense_additions.py
package_number_0356,package_number,examiner_qa.md,,25,docs/rp4/prospective_confirmation_v1_amendment_2_receipt.json,eeeff2504758294cd973e898bcc5ff8f43d2ff5be89f31b3dec8e1d22a5d7f95,"[""secondary_D"", ""historical_sessions""]",.0f|en,Pooled D already observed historical sessions,verified_numeric_field,{},tests/contract/test_rp4_defense_package.py,tests/contract/test_rp4_defense_additions.py
package_number_0357,package_number,examiner_qa.md,,20,docs/rp4/prospective_confirmation_v1_amendment_2_receipt.json,eeeff2504758294cd973e898bcc5ff8f43d2ff5be89f31b3dec8e1d22a5d7f95,"[""secondary_single_look_at_prospective_sessions""]",.0f|en,"Shared prospective-session checkpoint, one secondary reading",verified_numeric_field,{},tests/contract/test_rp4_defense_package.py,tests/contract/test_rp4_defense_additions.py
package_number_0358,package_number,examiner_qa.md,,40,docs/rp4/prospective_confirmation_v1_receipt.json,18d3fff1995532a4ff44cf4ae90d1917631798353aa314a24dd14f30d7bd4a66,"[""second_look_sessions""]",.0f|en,"[""second_look_sessions""]",verified_numeric_field,{},tests/contract/test_rp4_defense_package.py,tests/contract/test_rp4_defense_additions.py
package_number_0359,package_number,examiner_qa.md,,20,docs/rp4/prospective_confirmation_v1_amendment_2_receipt.json,eeeff2504758294cd973e898bcc5ff8f43d2ff5be89f31b3dec8e1d22a5d7f95,"[""primary_look_sessions""]",.0f|en,Registered primary prospective reading requires twenty complete sessions; secondary reading shares this checkpoint.,independently_reviewed_context,{},tests/contract/test_rp4_defense_package.py,tests/contract/test_rp4_defense_additions.py
package_number_0360,package_number,examiner_qa.md,,1,docs/rp4/prospective_confirmation_v1_amendment_2_receipt.json,eeeff2504758294cd973e898bcc5ff8f43d2ff5be89f31b3dec8e1d22a5d7f95,"[""secondary_multiplicity"", ""unavailable_p_for_adjustment_only""]",.0f|en,Amendment 2 Holm A/B/C administrative placeholder for an unavailable secondary; not an estimated p value.,independently_reviewed_context,{},tests/contract/test_rp4_defense_package.py,tests/contract/test_rp4_defense_additions.py
package_number_0361,package_number,examiner_qa.md,,45,docs/rp4/prospective_confirmation_v1_amendment_2_receipt.json,eeeff2504758294cd973e898bcc5ff8f43d2ff5be89f31b3dec8e1d22a5d7f95,"[""secondary_D"", ""pooled_sessions""]",.0f|en,"Pooled secondary D, previously observed plus prospective sessions",verified_numeric_field,{},tests/contract/test_rp4_defense_package.py,tests/contract/test_rp4_defense_additions.py
package_number_0362,package_number,examiner_qa.md,,40,docs/rp4/prospective_confirmation_v1_receipt.json,18d3fff1995532a4ff44cf4ae90d1917631798353aa314a24dd14f30d7bd4a66,"[""second_look_sessions""]",.0f|en,"[""second_look_sessions""]",verified_numeric_field,{},tests/contract/test_rp4_defense_package.py,tests/contract/test_rp4_defense_additions.py
package_number_0363,package_number,examiner_qa.md,,1,docs/rp4/DEFENSE_PACKAGE/revision_2/additions_evidence.json,10085a652cf82144a3ba0a7f9fe632bd95fe910862c5780f2a5c687b43d61389,"[""bonferroni_parameters"", ""cap""]",.0f|en,"Declared Bonferroni sensitivity p-value cap in min(1,m*p).",independently_reviewed_context,{},tests/contract/test_rp4_defense_package.py,tests/contract/test_rp4_defense_additions.py
package_number_0364,package_number,examiner_qa.md,,2,docs/rp4/DEFENSE_PACKAGE/revision_2/additions_evidence.json,10085a652cf82144a3ba0a7f9fe632bd95fe910862c5780f2a5c687b43d61389,"[""bonferroni_parameters"", ""factors"", 0]",.0f|en,Declared Bonferroni sensitivity multiplier two; RV5 example remains outside the RV30/RV15 pair.,independently_reviewed_context,{},tests/contract/test_rp4_defense_package.py,tests/contract/test_rp4_defense_additions.py
package_number_0365,package_number,examiner_qa.md,,4,docs/rp4/DEFENSE_PACKAGE/revision_2/additions_evidence.json,10085a652cf82144a3ba0a7f9fe632bd95fe910862c5780f2a5c687b43d61389,"[""bonferroni_parameters"", ""factors"", 1]",.0f|en,Declared Bonferroni illustrative sensitivity multiplier four.,independently_reviewed_context,{},tests/contract/test_rp4_defense_package.py,tests/contract/test_rp4_defense_additions.py
package_number_0366,package_number,examiner_qa.md,,2,docs/rp4/DEFENSE_PACKAGE/revision_2/additions_evidence.json,10085a652cf82144a3ba0a7f9fe632bd95fe910862c5780f2a5c687b43d61389,"[""bonferroni_parameters"", ""factors"", 0]",.0f|en,Declared Bonferroni sensitivity multiplier two; RV5 example remains outside the RV30/RV15 pair.,independently_reviewed_context,{},tests/contract/test_rp4_defense_package.py,tests/contract/test_rp4_defense_additions.py
package_number_0367,package_number,examiner_qa.md,,4,docs/rp4/DEFENSE_PACKAGE/revision_2/additions_evidence.json,10085a652cf82144a3ba0a7f9fe632bd95fe910862c5780f2a5c687b43d61389,"[""bonferroni_parameters"", ""factors"", 1]",.0f|en,Declared Bonferroni illustrative sensitivity multiplier four.,independently_reviewed_context,{},tests/contract/test_rp4_defense_package.py,tests/contract/test_rp4_defense_additions.py
package_number_0368,package_number,examiner_qa.md,,0.0032,docs/rp4/DEFENSE_PACKAGE/revision_2/additions_evidence.json,10085a652cf82144a3ba0a7f9fe632bd95fe910862c5780f2a5c687b43d61389,"[""bonferroni"", 5, ""p_raw""]",.4f|en,Bonferroni 15 log_ridge_harq B2_over_B1 p_raw,verified_numeric_field,{},tests/contract/test_rp4_defense_package.py,tests/contract/test_rp4_defense_additions.py
package_number_0369,package_number,examiner_qa.md,,0.0064,docs/rp4/DEFENSE_PACKAGE/revision_2/additions_evidence.json,10085a652cf82144a3ba0a7f9fe632bd95fe910862c5780f2a5c687b43d61389,"[""bonferroni"", 5, ""times_2""]",.4f|en,Bonferroni 15 log_ridge_harq B2_over_B1 times_2,verified_numeric_field,{},tests/contract/test_rp4_defense_package.py,tests/contract/test_rp4_defense_additions.py
package_number_0370,package_number,examiner_qa.md,,0.0128,docs/rp4/DEFENSE_PACKAGE/revision_2/additions_evidence.json,10085a652cf82144a3ba0a7f9fe632bd95fe910862c5780f2a5c687b43d61389,"[""bonferroni"", 5, ""times_4""]",.4f|en,Bonferroni 15 log_ridge_harq B2_over_B1 times_4,verified_numeric_field,{},tests/contract/test_rp4_defense_package.py,tests/contract/test_rp4_defense_additions.py
package_number_0371,package_number,examiner_qa.md,,0.0390,docs/rp4/DEFENSE_PACKAGE/revision_2/additions_evidence.json,10085a652cf82144a3ba0a7f9fe632bd95fe910862c5780f2a5c687b43d61389,"[""bonferroni"", 4, ""p_raw""]",.4f|en,Bonferroni 15 log_ridge_harq B1_over_B0 p_raw,verified_numeric_field,{},tests/contract/test_rp4_defense_package.py,tests/contract/test_rp4_defense_additions.py
package_number_0372,package_number,examiner_qa.md,,0.0780,docs/rp4/DEFENSE_PACKAGE/revision_2/additions_evidence.json,10085a652cf82144a3ba0a7f9fe632bd95fe910862c5780f2a5c687b43d61389,"[""bonferroni"", 4, ""times_2""]",.4f|en,Bonferroni 15 log_ridge_harq B1_over_B0 times_2,verified_numeric_field,{},tests/contract/test_rp4_defense_package.py,tests/contract/test_rp4_defense_additions.py
package_number_0373,package_number,examiner_qa.md,,0.1560,docs/rp4/DEFENSE_PACKAGE/revision_2/additions_evidence.json,10085a652cf82144a3ba0a7f9fe632bd95fe910862c5780f2a5c687b43d61389,"[""bonferroni"", 4, ""times_4""]",.4f|en,Bonferroni 15 log_ridge_harq B1_over_B0 times_4,verified_numeric_field,{},tests/contract/test_rp4_defense_package.py,tests/contract/test_rp4_defense_additions.py
package_number_0374,package_number,examiner_qa.md,,0.0135,docs/rp4/DEFENSE_PACKAGE/revision_2/additions_evidence.json,10085a652cf82144a3ba0a7f9fe632bd95fe910862c5780f2a5c687b43d61389,"[""bonferroni"", 6, ""p_raw""]",.4f|en,Bonferroni 15 lightgbm_qlike B1_over_B0 p_raw,verified_numeric_field,{},tests/contract/test_rp4_defense_package.py,tests/contract/test_rp4_defense_additions.py
package_number_0375,package_number,examiner_qa.md,,0.0270,docs/rp4/DEFENSE_PACKAGE/revision_2/additions_evidence.json,10085a652cf82144a3ba0a7f9fe632bd95fe910862c5780f2a5c687b43d61389,"[""bonferroni"", 6, ""times_2""]",.4f|en,Bonferroni 15 lightgbm_qlike B1_over_B0 times_2,verified_numeric_field,{},tests/contract/test_rp4_defense_package.py,tests/contract/test_rp4_defense_additions.py
package_number_0376,package_number,examiner_qa.md,,0.0540,docs/rp4/DEFENSE_PACKAGE/revision_2/additions_evidence.json,10085a652cf82144a3ba0a7f9fe632bd95fe910862c5780f2a5c687b43d61389,"[""bonferroni"", 6, ""times_4""]",.4f|en,Bonferroni 15 lightgbm_qlike B1_over_B0 times_4,verified_numeric_field,{},tests/contract/test_rp4_defense_package.py,tests/contract/test_rp4_defense_additions.py
package_number_0377,package_number,examiner_qa.md,,0.0053,docs/rp4/DEFENSE_PACKAGE/revision_2/additions_evidence.json,10085a652cf82144a3ba0a7f9fe632bd95fe910862c5780f2a5c687b43d61389,"[""bonferroni"", 2, ""p_raw""]",.4f|en,Bonferroni 30 lightgbm_qlike B1_over_B0 p_raw,verified_numeric_field,{},tests/contract/test_rp4_defense_package.py,tests/contract/test_rp4_defense_additions.py
package_number_0378,package_number,examiner_qa.md,,0.0106,docs/rp4/DEFENSE_PACKAGE/revision_2/additions_evidence.json,10085a652cf82144a3ba0a7f9fe632bd95fe910862c5780f2a5c687b43d61389,"[""bonferroni"", 2, ""times_2""]",.4f|en,Bonferroni 30 lightgbm_qlike B1_over_B0 times_2,verified_numeric_field,{},tests/contract/test_rp4_defense_package.py,tests/contract/test_rp4_defense_additions.py
package_number_0379,package_number,examiner_qa.md,,0.0212,docs/rp4/DEFENSE_PACKAGE/revision_2/additions_evidence.json,10085a652cf82144a3ba0a7f9fe632bd95fe910862c5780f2a5c687b43d61389,"[""bonferroni"", 2, ""times_4""]",.4f|en,Bonferroni 30 lightgbm_qlike B1_over_B0 times_4,verified_numeric_field,{},tests/contract/test_rp4_defense_package.py,tests/contract/test_rp4_defense_additions.py
package_number_0380,package_number,examiner_qa.md,,0.0092,docs/rp4/DEFENSE_PACKAGE/revision_2/additions_evidence.json,10085a652cf82144a3ba0a7f9fe632bd95fe910862c5780f2a5c687b43d61389,"[""bonferroni"", 8, ""p_raw""]",.4f|en,Bonferroni 5 log_ridge_harq B1_over_B0 p_raw,verified_numeric_field,{},tests/contract/test_rp4_defense_package.py,tests/contract/test_rp4_defense_additions.py
package_number_0381,package_number,examiner_qa.md,,0.0184,docs/rp4/DEFENSE_PACKAGE/revision_2/additions_evidence.json,10085a652cf82144a3ba0a7f9fe632bd95fe910862c5780f2a5c687b43d61389,"[""bonferroni"", 8, ""times_2""]",.4f|en,Bonferroni 5 log_ridge_harq B1_over_B0 times_2,verified_numeric_field,{},tests/contract/test_rp4_defense_package.py,tests/contract/test_rp4_defense_additions.py
package_number_0382,package_number,examiner_qa.md,,0.0368,docs/rp4/DEFENSE_PACKAGE/revision_2/additions_evidence.json,10085a652cf82144a3ba0a7f9fe632bd95fe910862c5780f2a5c687b43d61389,"[""bonferroni"", 8, ""times_4""]",.4f|en,Bonferroni 5 log_ridge_harq B1_over_B0 times_4,verified_numeric_field,{},tests/contract/test_rp4_defense_package.py,tests/contract/test_rp4_defense_additions.py
package_number_0383,package_number,examiner_qa.md,,0.0032,docs/rp4/DEFENSE_PACKAGE/revision_2/additions_evidence.json,10085a652cf82144a3ba0a7f9fe632bd95fe910862c5780f2a5c687b43d61389,"[""bonferroni"", 5, ""p_raw""]",.4f|en,Bonferroni 15 log_ridge_harq B2_over_B1 p_raw,verified_numeric_field,{},tests/contract/test_rp4_defense_package.py,tests/contract/test_rp4_defense_additions.py
package_number_0384,package_number,examiner_qa.md,,2,docs/rp4/DEFENSE_PACKAGE/revision_2/additions_evidence.json,10085a652cf82144a3ba0a7f9fe632bd95fe910862c5780f2a5c687b43d61389,"[""bonferroni_parameters"", ""factors"", 0]",.0f|en,Declared Bonferroni sensitivity multiplier two; RV5 example remains outside the RV30/RV15 pair.,independently_reviewed_context,{},tests/contract/test_rp4_defense_package.py,tests/contract/test_rp4_defense_additions.py
package_number_0385,package_number,examiner_qa.md,,0.0064,docs/rp4/DEFENSE_PACKAGE/revision_2/additions_evidence.json,10085a652cf82144a3ba0a7f9fe632bd95fe910862c5780f2a5c687b43d61389,"[""bonferroni"", 5, ""times_2""]",.4f|en,Bonferroni 15 log_ridge_harq B2_over_B1 times_2,verified_numeric_field,{},tests/contract/test_rp4_defense_package.py,tests/contract/test_rp4_defense_additions.py
package_number_0386,package_number,examiner_qa.md,,0.0032,docs/rp4/DEFENSE_PACKAGE/revision_2/additions_evidence.json,10085a652cf82144a3ba0a7f9fe632bd95fe910862c5780f2a5c687b43d61389,"[""bonferroni"", 5, ""p_raw""]",.4f|en,Bonferroni 15 log_ridge_harq B2_over_B1 p_raw,verified_numeric_field,{},tests/contract/test_rp4_defense_package.py,tests/contract/test_rp4_defense_additions.py
package_number_0387,package_number,examiner_qa.md,,4,docs/rp4/DEFENSE_PACKAGE/revision_2/additions_evidence.json,10085a652cf82144a3ba0a7f9fe632bd95fe910862c5780f2a5c687b43d61389,"[""bonferroni_parameters"", ""factors"", 1]",.0f|en,Declared Bonferroni illustrative sensitivity multiplier four.,independently_reviewed_context,{},tests/contract/test_rp4_defense_package.py,tests/contract/test_rp4_defense_additions.py
package_number_0388,package_number,examiner_qa.md,,0.0128,docs/rp4/DEFENSE_PACKAGE/revision_2/additions_evidence.json,10085a652cf82144a3ba0a7f9fe632bd95fe910862c5780f2a5c687b43d61389,"[""bonferroni"", 5, ""times_4""]",.4f|en,Bonferroni 15 log_ridge_harq B2_over_B1 times_4,verified_numeric_field,{},tests/contract/test_rp4_defense_package.py,tests/contract/test_rp4_defense_additions.py
package_number_0389,package_number,examiner_qa.md,,0.05,artifacts/rp4_v4_a1/specification.json,0a45b0a608110e2ca0dcf38accc2a0c2521ebbe9d223eb002e36ec51f78afd04,"[""inference"", ""fixed_sequence"", ""alpha""]",.2f|en,Historical v4 fixed-sequence alpha 0.05; not a rounded p value.,independently_reviewed_context,{},tests/contract/test_rp4_defense_package.py,tests/contract/test_rp4_defense_additions.py
package_number_0390,package_number,examiner_qa.md,,0.0390,docs/rp4/DEFENSE_PACKAGE/revision_2/additions_evidence.json,10085a652cf82144a3ba0a7f9fe632bd95fe910862c5780f2a5c687b43d61389,"[""bonferroni"", 4, ""p_raw""]",.4f|en,Bonferroni 15 log_ridge_harq B1_over_B0 p_raw,verified_numeric_field,{},tests/contract/test_rp4_defense_package.py,tests/contract/test_rp4_defense_additions.py
package_number_0391,package_number,examiner_qa.md,,0.0780,docs/rp4/DEFENSE_PACKAGE/revision_2/additions_evidence.json,10085a652cf82144a3ba0a7f9fe632bd95fe910862c5780f2a5c687b43d61389,"[""bonferroni"", 4, ""times_2""]",.4f|en,Bonferroni 15 log_ridge_harq B1_over_B0 times_2,verified_numeric_field,{},tests/contract/test_rp4_defense_package.py,tests/contract/test_rp4_defense_additions.py
package_number_0392,package_number,examiner_qa.md,,5,artifacts/rp4_v4_a1/specification.json,0a45b0a608110e2ca0dcf38accc2a0c2521ebbe9d223eb002e36ec51f78afd04,"[""inference"", ""fixed_sequence"", ""alpha"", ""@percent""]",.0f|en,Historical v4 fixed-sequence alpha stated as percent.,independently_reviewed_context,{},tests/contract/test_rp4_defense_package.py,tests/contract/test_rp4_defense_additions.py
package_number_0393,package_number,examiner_qa.md,,0.0270,docs/rp4/DEFENSE_PACKAGE/revision_2/additions_evidence.json,10085a652cf82144a3ba0a7f9fe632bd95fe910862c5780f2a5c687b43d61389,"[""bonferroni"", 6, ""times_2""]",.4f|en,Bonferroni 15 lightgbm_qlike B1_over_B0 times_2,verified_numeric_field,{},tests/contract/test_rp4_defense_package.py,tests/contract/test_rp4_defense_additions.py
package_number_0394,package_number,examiner_qa.md,,0.0106,docs/rp4/DEFENSE_PACKAGE/revision_2/additions_evidence.json,10085a652cf82144a3ba0a7f9fe632bd95fe910862c5780f2a5c687b43d61389,"[""bonferroni"", 2, ""times_2""]",.4f|en,Bonferroni 30 lightgbm_qlike B1_over_B0 times_2,verified_numeric_field,{},tests/contract/test_rp4_defense_package.py,tests/contract/test_rp4_defense_additions.py
package_number_0395,package_number,examiner_qa.md,,0.0092,docs/rp4/DEFENSE_PACKAGE/revision_2/additions_evidence.json,10085a652cf82144a3ba0a7f9fe632bd95fe910862c5780f2a5c687b43d61389,"[""bonferroni"", 8, ""p_raw""]",.4f|en,Bonferroni 5 log_ridge_harq B1_over_B0 p_raw,verified_numeric_field,{},tests/contract/test_rp4_defense_package.py,tests/contract/test_rp4_defense_additions.py
package_number_0396,package_number,examiner_qa.md,,2,docs/rp4/DEFENSE_PACKAGE/revision_2/additions_evidence.json,10085a652cf82144a3ba0a7f9fe632bd95fe910862c5780f2a5c687b43d61389,"[""bonferroni_parameters"", ""factors"", 0]",.0f|en,Declared Bonferroni sensitivity multiplier two; RV5 example remains outside the RV30/RV15 pair.,independently_reviewed_context,{},tests/contract/test_rp4_defense_package.py,tests/contract/test_rp4_defense_additions.py
package_number_0397,package_number,examiner_qa.md,,0.0184,docs/rp4/DEFENSE_PACKAGE/revision_2/additions_evidence.json,10085a652cf82144a3ba0a7f9fe632bd95fe910862c5780f2a5c687b43d61389,"[""bonferroni"", 8, ""times_2""]",.4f|en,Bonferroni 5 log_ridge_harq B1_over_B0 times_2,verified_numeric_field,{},tests/contract/test_rp4_defense_package.py,tests/contract/test_rp4_defense_additions.py
package_number_0398,package_number,examiner_qa.md,,0.018,docs/rp4/DEFENSE_PACKAGE/revision_2/additions_evidence.json,10085a652cf82144a3ba0a7f9fe632bd95fe910862c5780f2a5c687b43d61389,"[""bonferroni"", 8, ""times_2""]",.3f|en,Bonferroni 5 log_ridge_harq B1_over_B0 times_2,verified_numeric_field,{},tests/contract/test_rp4_defense_package.py,tests/contract/test_rp4_defense_additions.py
package_number_0399,package_number,defense_slides.md,,30,artifacts/rp4_closeout_figures/comparison_v1_v4.csv,0d9554e1fc5151b4eb7b149b7bc529bbdfee1d12e92883163087aedc6942a9ba,"[16, ""horizon_minutes""]",.0f|es,"[16, ""horizon_minutes""]",verified_numeric_field,{},tests/contract/test_rp4_defense_package.py,tests/contract/test_rp4_defense_additions.py
package_number_0400,package_number,defense_slides.md,,15,artifacts/rp4_v4_a1/specification.json,0a45b0a608110e2ca0dcf38accc2a0c2521ebbe9d223eb002e36ec51f78afd04,"[""primary_horizon_minutes""]",.0f|es,"[""primary_horizon_minutes""]",verified_numeric_field,{},tests/contract/test_rp4_defense_package.py,tests/contract/test_rp4_defense_additions.py
package_number_0401,package_number,defense_slides.md,,15,artifacts/rp4_v4_a1/specification.json,0a45b0a608110e2ca0dcf38accc2a0c2521ebbe9d223eb002e36ec51f78afd04,"[""primary_horizon_minutes""]",.0f|es,"[""primary_horizon_minutes""]",verified_numeric_field,{},tests/contract/test_rp4_defense_package.py,tests/contract/test_rp4_defense_additions.py
package_number_0402,package_number,defense_slides.md,,5,artifacts/rp4_v4_a1/specification.json,0a45b0a608110e2ca0dcf38accc2a0c2521ebbe9d223eb002e36ec51f78afd04,"[""secondary_horizon_minutes""]",.0f|es,"[""secondary_horizon_minutes""]",verified_numeric_field,{},tests/contract/test_rp4_defense_package.py,tests/contract/test_rp4_defense_additions.py
package_number_0403,package_number,defense_slides.md,,30,artifacts/rp4_closeout_figures/comparison_v1_v4.csv,0d9554e1fc5151b4eb7b149b7bc529bbdfee1d12e92883163087aedc6942a9ba,"[16, ""horizon_minutes""]",.0f|es,"[16, ""horizon_minutes""]",verified_numeric_field,{},tests/contract/test_rp4_defense_package.py,tests/contract/test_rp4_defense_additions.py
package_number_0404,package_number,defense_slides.md,,15,artifacts/rp4_v4_a1/specification.json,0a45b0a608110e2ca0dcf38accc2a0c2521ebbe9d223eb002e36ec51f78afd04,"[""primary_horizon_minutes""]",.0f|es,"[""primary_horizon_minutes""]",verified_numeric_field,{},tests/contract/test_rp4_defense_package.py,tests/contract/test_rp4_defense_additions.py
package_number_0405,package_number,defense_slides.md,,15,artifacts/rp4_v4_a1/specification.json,0a45b0a608110e2ca0dcf38accc2a0c2521ebbe9d223eb002e36ec51f78afd04,"[""primary_horizon_minutes""]",.0f|es,"[""primary_horizon_minutes""]",verified_numeric_field,{},tests/contract/test_rp4_defense_package.py,tests/contract/test_rp4_defense_additions.py
package_number_0406,package_number,defense_slides.md,,5,artifacts/rp4_v4_a1/specification.json,0a45b0a608110e2ca0dcf38accc2a0c2521ebbe9d223eb002e36ec51f78afd04,"[""secondary_horizon_minutes""]",.0f|es,"[""secondary_horizon_minutes""]",verified_numeric_field,{},tests/contract/test_rp4_defense_package.py,tests/contract/test_rp4_defense_additions.py
package_number_0407,package_number,defense_slides.md,,15,artifacts/rp4_v4_a1/specification.json,0a45b0a608110e2ca0dcf38accc2a0c2521ebbe9d223eb002e36ec51f78afd04,"[""primary_horizon_minutes""]",.0f|es,"[""primary_horizon_minutes""]",verified_numeric_field,{},tests/contract/test_rp4_defense_package.py,tests/contract/test_rp4_defense_additions.py
package_number_0408,package_number,defense_slides.md,,29,artifacts/rp4_v4_a1/specification.json,0a45b0a608110e2ca0dcf38accc2a0c2521ebbe9d223eb002e36ec51f78afd04,"[""feature_sets"", ""B0"", ""@length""]",.0f|es,"[""feature_sets"", ""B0"", ""@length""]",verified_numeric_field,{},tests/contract/test_rp4_defense_package.py,tests/contract/test_rp4_defense_additions.py
package_number_0409,package_number,defense_slides.md,,69,artifacts/rp4_v4_a1/specification.json,0a45b0a608110e2ca0dcf38accc2a0c2521ebbe9d223eb002e36ec51f78afd04,"[""feature_sets"", ""B1"", ""@length""]",.0f|es,"[""feature_sets"", ""B1"", ""@length""]",verified_numeric_field,{},tests/contract/test_rp4_defense_package.py,tests/contract/test_rp4_defense_additions.py
package_number_0410,package_number,defense_slides.md,,138,artifacts/rp4_v4_a1/specification.json,0a45b0a608110e2ca0dcf38accc2a0c2521ebbe9d223eb002e36ec51f78afd04,"[""feature_sets"", ""B2"", ""@length""]",.0f|es,"[""feature_sets"", ""B2"", ""@length""]",verified_numeric_field,{},tests/contract/test_rp4_defense_package.py,tests/contract/test_rp4_defense_additions.py
package_number_0411,package_number,defense_slides.md,,60,artifacts/rp4_v4_a1/specification.json,0a45b0a608110e2ca0dcf38accc2a0c2521ebbe9d223eb002e36ec51f78afd04,"[""windows"", ""primary"", ""warmup_sessions""]",.0f|es,"[""windows"", ""primary"", ""warmup_sessions""]",verified_numeric_field,{},tests/contract/test_rp4_defense_package.py,tests/contract/test_rp4_defense_additions.py
package_number_0412,package_number,defense_slides.md,,60,artifacts/rp4_v4_a1/specification.json,0a45b0a608110e2ca0dcf38accc2a0c2521ebbe9d223eb002e36ec51f78afd04,"[""purge_minutes""]",.0f|es,"[""purge_minutes""]",verified_numeric_field,{},tests/contract/test_rp4_defense_package.py,tests/contract/test_rp4_defense_additions.py
package_number_0413,package_number,defense_slides.md,,419,artifacts/rp4_v4_b2_rv15/summary.json,451e53869bb5f5058a635302bb08ad920ce11b8771fd2c6780545255b1ac25f4,"[""N_sessions""]",.0f|es,"[""N_sessions""]",verified_numeric_field,{},tests/contract/test_rp4_defense_package.py,tests/contract/test_rp4_defense_additions.py
package_number_0414,package_number,defense_slides.md,,160.832,artifacts/rp4_v4_b2_rv15/summary.json,451e53869bb5f5058a635302bb08ad920ce11b8771fd2c6780545255b1ac25f4,"[""N_origins""]",",.0f|es","[""N_origins""]",verified_numeric_field,{},tests/contract/test_rp4_defense_package.py,tests/contract/test_rp4_defense_additions.py
package_number_0415,package_number,defense_slides.md,,25,artifacts/rp4_v4_b3_rv15/summary.json,1a544479c861bfcb8201cd6ae95702f7cf3de08f4d824d1dc488ec159a36ab9c,"[""N_sessions""]",.0f|es,"[""N_sessions""]",verified_numeric_field,{},tests/contract/test_rp4_defense_package.py,tests/contract/test_rp4_defense_additions.py
package_number_0416,package_number,defense_slides.md,,9.750,artifacts/rp4_v4_b3_rv15/summary.json,1a544479c861bfcb8201cd6ae95702f7cf3de08f4d824d1dc488ec159a36ab9c,"[""N_origins""]",",.0f|es","[""N_origins""]",verified_numeric_field,{},tests/contract/test_rp4_defense_package.py,tests/contract/test_rp4_defense_additions.py
package_number_0417,package_number,defense_slides.md,,2026-08-01,docs/rp4/specification_v4.md,443a0c2628d80f82b0f1a90a7ce7f7c3a8caac38a505c8d12366c7c1c81d6ee9,[],text_number:14,"aves y filas no elegibles permanecen en el archivo de objetivos y en el censo.  Partición 2026-08-01. Primaria: 2024-08-02 a 2026-07-31, primeras 60 sesiones sólo entrenamiento; programación heredada de 419 sesiones eval",reported_or_registered_text,{},tests/contract/test_rp4_defense_package.py,tests/contract/test_rp4_defense_additions.py
package_number_0418,package_number,defense_slides.md,,2026-09-07,docs/rp4/specification_v4.md,443a0c2628d80f82b0f1a90a7ce7f7c3a8caac38a505c8d12366c7c1c81d6ee9,[],text_number:1,"uste v4; no modifica v1/v2/v3. Etiqueta: «fuera de muestra walk-forward, partición fijada 2026-09-07». RESEARCH_ONLY; NOT INVESTMENT ADVICE; capital_go=false.  ## Antecedente, disparador y alcance  Se adopta íntegro el p",reported_or_registered_text,{},tests/contract/test_rp4_defense_package.py,tests/contract/test_rp4_defense_additions.py
package_number_0419,package_number,defense_slides.md,,2024-08-02,docs/rp4/specification_v4.md,443a0c2628d80f82b0f1a90a7ce7f7c3a8caac38a505c8d12366c7c1c81d6ee9,[],text_number:15,"les permanecen en el archivo de objetivos y en el censo.  Partición 2026-08-01. Primaria: 2024-08-02 a 2026-07-31, primeras 60 sesiones sólo entrenamiento; programación heredada de 419 sesiones evaluables. Confirmación: ",reported_or_registered_text,{},tests/contract/test_rp4_defense_package.py,tests/contract/test_rp4_defense_additions.py
package_number_0420,package_number,defense_slides.md,,2026-07-31,docs/rp4/specification_v4.md,443a0c2628d80f82b0f1a90a7ce7f7c3a8caac38a505c8d12366c7c1c81d6ee9,[],text_number:16,"n en el archivo de objetivos y en el censo.  Partición 2026-08-01. Primaria: 2024-08-02 a 2026-07-31, primeras 60 sesiones sólo entrenamiento; programación heredada de 419 sesiones evaluables. Confirmación: 2026-08-03 a ",reported_or_registered_text,{},tests/contract/test_rp4_defense_package.py,tests/contract/test_rp4_defense_additions.py
package_number_0421,package_number,defense_slides.md,,2026-08-03,docs/rp4/specification_v4.md,443a0c2628d80f82b0f1a90a7ce7f7c3a8caac38a505c8d12366c7c1c81d6ee9,[],text_number:19,"iones sólo entrenamiento; programación heredada de 419 sesiones evaluables. Confirmación: 2026-08-03 a 2026-09-04, 25 sesiones. No se lee ningún dato nuevo del proveedor. Fase 9 y archivos congelados no se modifican.  ##",reported_or_registered_text,{},tests/contract/test_rp4_defense_package.py,tests/contract/test_rp4_defense_additions.py
package_number_0422,package_number,defense_slides.md,,2026-09-04,docs/rp4/specification_v4.md,443a0c2628d80f82b0f1a90a7ce7f7c3a8caac38a505c8d12366c7c1c81d6ee9,[],text_number:20,"trenamiento; programación heredada de 419 sesiones evaluables. Confirmación: 2026-08-03 a 2026-09-04, 25 sesiones. No se lee ningún dato nuevo del proveedor. Fase 9 y archivos congelados no se modifican.  ## Derivación y",reported_or_registered_text,{},tests/contract/test_rp4_defense_package.py,tests/contract/test_rp4_defense_additions.py
package_number_0423,package_number,defense_slides.md,,30,artifacts/rp4_closeout_figures/comparison_v1_v4.csv,0d9554e1fc5151b4eb7b149b7bc529bbdfee1d12e92883163087aedc6942a9ba,"[16, ""horizon_minutes""]",.0f|es,"[16, ""horizon_minutes""]",verified_numeric_field,{},tests/contract/test_rp4_defense_package.py,tests/contract/test_rp4_defense_additions.py
package_number_0424,package_number,defense_slides.md,,1,docs/rp4/specification_v4.md,443a0c2628d80f82b0f1a90a7ce7f7c3a8caac38a505c8d12366c7c1c81d6ee9,[],text_number:48,"ronda y hojas elegidas por sesión.  ## Inferencia y secundarios  QLIKE = y/f − log(y/f) − 1. Media de orígenes por activo/sesión, luego media igual de activos y sesiones. Delta = pérdida base − ampliada. Reducci",reported_or_registered_text,{},tests/contract/test_rp4_defense_package.py,tests/contract/test_rp4_defense_additions.py
package_number_0425,package_number,defense_slides.md,,5,artifacts/rp4_v4_a1/specification.json,0a45b0a608110e2ca0dcf38accc2a0c2521ebbe9d223eb002e36ec51f78afd04,"[""inference"", ""fixed_sequence"", ""alpha"", ""@percent""]",.0f|es,"[""inference"", ""fixed_sequence"", ""alpha"", ""@percent""]",verified_numeric_field,{},tests/contract/test_rp4_defense_package.py,tests/contract/test_rp4_defense_additions.py
package_number_0426,package_number,defense_slides.md,,5,artifacts/rp4_v4_a1/specification.json,0a45b0a608110e2ca0dcf38accc2a0c2521ebbe9d223eb002e36ec51f78afd04,"[""inference"", ""fixed_sequence"", ""alpha"", ""@percent""]",.0f|es,"[""inference"", ""fixed_sequence"", ""alpha"", ""@percent""]",verified_numeric_field,{},tests/contract/test_rp4_defense_package.py,tests/contract/test_rp4_defense_additions.py
package_number_0427,package_number,defense_slides.md,,9.999,artifacts/rp4_v4_a1/specification.json,0a45b0a608110e2ca0dcf38accc2a0c2521ebbe9d223eb002e36ec51f78afd04,"[""inference"", ""bootstrap"", ""replications""]",",.0f|es","[""inference"", ""bootstrap"", ""replications""]",verified_numeric_field,{},tests/contract/test_rp4_defense_package.py,tests/contract/test_rp4_defense_additions.py
package_number_0428,package_number,defense_slides.md,,5,artifacts/rp4_v4_a1/specification.json,0a45b0a608110e2ca0dcf38accc2a0c2521ebbe9d223eb002e36ec51f78afd04,"[""inference"", ""fixed_sequence"", ""alpha"", ""@percent""]",.0f|es,"[""inference"", ""fixed_sequence"", ""alpha"", ""@percent""]",verified_numeric_field,{},tests/contract/test_rp4_defense_package.py,tests/contract/test_rp4_defense_additions.py
package_number_0429,package_number,defense_slides.md,,95,artifacts/rp4_v4_b4/primary_statistics.csv,5c215fc38344839ecedea7b27f69efcb85fbefea84f1367d06229cb7407902d4,"[9, ""interval""]",text_number:0,Saved two-sided percentile interval confidence level,verified_numeric_field,{},tests/contract/test_rp4_defense_package.py,tests/contract/test_rp4_defense_additions.py
package_number_0430,package_number,defense_slides.md,,"+0,290",artifacts/rp4_closeout_figures/comparison_v1_v4.csv,0d9554e1fc5151b4eb7b149b7bc529bbdfee1d12e92883163087aedc6942a9ba,"[0, ""percent_reduction""]",+.3f|es,"version=v1, target=RV30, horizon_minutes=30, window=primary, family=log_ols_harq, contrast=B1_over_B0, field=percent_reduction",verified_numeric_field,{},tests/contract/test_rp4_defense_package.py,tests/contract/test_rp4_defense_additions.py
package_number_0431,package_number,defense_slides.md,,"1,000",artifacts/rp4_closeout_figures/comparison_v1_v4.csv,0d9554e1fc5151b4eb7b149b7bc529bbdfee1d12e92883163087aedc6942a9ba,"[0, ""p_holm_bilateral""]",.3f|es,"version=v1, target=RV30, horizon_minutes=30, window=primary, family=log_ols_harq, contrast=B1_over_B0, field=p_holm_bilateral",verified_numeric_field,{},tests/contract/test_rp4_defense_package.py,tests/contract/test_rp4_defense_additions.py
package_number_0432,package_number,defense_slides.md,,"−167.448,32",artifacts/rp4_closeout_figures/comparison_v1_v4.csv,0d9554e1fc5151b4eb7b149b7bc529bbdfee1d12e92883163087aedc6942a9ba,"[1, ""percent_reduction""]",",.2f|es","version=v1, target=RV30, horizon_minutes=30, window=primary, family=log_ols_harq, contrast=B2_over_B1, field=percent_reduction",verified_numeric_field,{},tests/contract/test_rp4_defense_package.py,tests/contract/test_rp4_defense_additions.py
package_number_0433,package_number,defense_slides.md,,"1,000",artifacts/rp4_closeout_figures/comparison_v1_v4.csv,0d9554e1fc5151b4eb7b149b7bc529bbdfee1d12e92883163087aedc6942a9ba,"[1, ""p_holm_bilateral""]",.3f|es,"version=v1, target=RV30, horizon_minutes=30, window=primary, family=log_ols_harq, contrast=B2_over_B1, field=p_holm_bilateral",verified_numeric_field,{},tests/contract/test_rp4_defense_package.py,tests/contract/test_rp4_defense_additions.py
package_number_0434,package_number,defense_slides.md,,"+1,204",artifacts/rp4_closeout_figures/comparison_v1_v4.csv,0d9554e1fc5151b4eb7b149b7bc529bbdfee1d12e92883163087aedc6942a9ba,"[2, ""percent_reduction""]",+.3f|es,"version=v1, target=RV30, horizon_minutes=30, window=primary, family=lightgbm_qlike, contrast=B1_over_B0, field=percent_reduction",verified_numeric_field,{},tests/contract/test_rp4_defense_package.py,tests/contract/test_rp4_defense_additions.py
package_number_0435,package_number,defense_slides.md,,"0,4724",artifacts/rp4_closeout_figures/comparison_v1_v4.csv,0d9554e1fc5151b4eb7b149b7bc529bbdfee1d12e92883163087aedc6942a9ba,"[2, ""p_holm_bilateral""]",.4f|es,"version=v1, target=RV30, horizon_minutes=30, window=primary, family=lightgbm_qlike, contrast=B1_over_B0, field=p_holm_bilateral",verified_numeric_field,{},tests/contract/test_rp4_defense_package.py,tests/contract/test_rp4_defense_additions.py
package_number_0436,package_number,defense_slides.md,,"−0,073",artifacts/rp4_closeout_figures/comparison_v1_v4.csv,0d9554e1fc5151b4eb7b149b7bc529bbdfee1d12e92883163087aedc6942a9ba,"[3, ""percent_reduction""]",.3f|es,"version=v1, target=RV30, horizon_minutes=30, window=primary, family=lightgbm_qlike, contrast=B2_over_B1, field=percent_reduction",verified_numeric_field,{},tests/contract/test_rp4_defense_package.py,tests/contract/test_rp4_defense_additions.py
package_number_0437,package_number,defense_slides.md,,"1,000",artifacts/rp4_closeout_figures/comparison_v1_v4.csv,0d9554e1fc5151b4eb7b149b7bc529bbdfee1d12e92883163087aedc6942a9ba,"[3, ""p_holm_bilateral""]",.3f|es,"version=v1, target=RV30, horizon_minutes=30, window=primary, family=lightgbm_qlike, contrast=B2_over_B1, field=p_holm_bilateral",verified_numeric_field,{},tests/contract/test_rp4_defense_package.py,tests/contract/test_rp4_defense_additions.py
package_number_0438,package_number,defense_slides.md,,418,artifacts/rp4_closeout_figures/comparison_v1_v4.csv,0d9554e1fc5151b4eb7b149b7bc529bbdfee1d12e92883163087aedc6942a9ba,"[3, ""N_sessions""]",.0f|es,"version=v1, target=RV30, horizon_minutes=30, window=primary, family=lightgbm_qlike, contrast=B2_over_B1, field=N_sessions",verified_numeric_field,{},tests/contract/test_rp4_defense_package.py,tests/contract/test_rp4_defense_additions.py
package_number_0439,package_number,defense_slides.md,,"+1,715",artifacts/rp4_closeout_figures/comparison_v1_v4.csv,0d9554e1fc5151b4eb7b149b7bc529bbdfee1d12e92883163087aedc6942a9ba,"[8, ""percent_reduction""]",+.3f|es,"version=v2, target=RV30, horizon_minutes=30, window=primary, family=log_ridge_harq, contrast=B1_over_B0, field=percent_reduction",verified_numeric_field,{},tests/contract/test_rp4_defense_package.py,tests/contract/test_rp4_defense_additions.py
package_number_0440,package_number,defense_slides.md,,"0,1842",artifacts/rp4_closeout_figures/comparison_v1_v4.csv,0d9554e1fc5151b4eb7b149b7bc529bbdfee1d12e92883163087aedc6942a9ba,"[8, ""p_holm_bilateral""]",.4f|es,"version=v2, target=RV30, horizon_minutes=30, window=primary, family=log_ridge_harq, contrast=B1_over_B0, field=p_holm_bilateral",verified_numeric_field,{},tests/contract/test_rp4_defense_package.py,tests/contract/test_rp4_defense_additions.py
package_number_0441,package_number,defense_slides.md,,"−8,714",artifacts/rp4_closeout_figures/comparison_v1_v4.csv,0d9554e1fc5151b4eb7b149b7bc529bbdfee1d12e92883163087aedc6942a9ba,"[9, ""percent_reduction""]",.3f|es,"version=v2, target=RV30, horizon_minutes=30, window=primary, family=log_ridge_harq, contrast=B2_over_B1, field=percent_reduction",verified_numeric_field,{},tests/contract/test_rp4_defense_package.py,tests/contract/test_rp4_defense_additions.py
package_number_0442,package_number,defense_slides.md,,"0,3752",artifacts/rp4_closeout_figures/comparison_v1_v4.csv,0d9554e1fc5151b4eb7b149b7bc529bbdfee1d12e92883163087aedc6942a9ba,"[9, ""p_holm_bilateral""]",.4f|es,"version=v2, target=RV30, horizon_minutes=30, window=primary, family=log_ridge_harq, contrast=B2_over_B1, field=p_holm_bilateral",verified_numeric_field,{},tests/contract/test_rp4_defense_package.py,tests/contract/test_rp4_defense_additions.py
package_number_0443,package_number,defense_slides.md,,"+2,091",artifacts/rp4_closeout_figures/comparison_v1_v4.csv,0d9554e1fc5151b4eb7b149b7bc529bbdfee1d12e92883163087aedc6942a9ba,"[10, ""percent_reduction""]",+.3f|es,"version=v2, target=RV30, horizon_minutes=30, window=primary, family=lightgbm_qlike, contrast=B1_over_B0, field=percent_reduction",verified_numeric_field,{},tests/contract/test_rp4_defense_package.py,tests/contract/test_rp4_defense_additions.py
package_number_0444,package_number,defense_slides.md,,"0,0264",artifacts/rp4_closeout_figures/comparison_v1_v4.csv,0d9554e1fc5151b4eb7b149b7bc529bbdfee1d12e92883163087aedc6942a9ba,"[10, ""p_holm_bilateral""]",.4f|es,"version=v2, target=RV30, horizon_minutes=30, window=primary, family=lightgbm_qlike, contrast=B1_over_B0, field=p_holm_bilateral",verified_numeric_field,{},tests/contract/test_rp4_defense_package.py,tests/contract/test_rp4_defense_additions.py
package_number_0445,package_number,defense_slides.md,,"−0,063",artifacts/rp4_closeout_figures/comparison_v1_v4.csv,0d9554e1fc5151b4eb7b149b7bc529bbdfee1d12e92883163087aedc6942a9ba,"[11, ""percent_reduction""]",.3f|es,"version=v2, target=RV30, horizon_minutes=30, window=primary, family=lightgbm_qlike, contrast=B2_over_B1, field=percent_reduction",verified_numeric_field,{},tests/contract/test_rp4_defense_package.py,tests/contract/test_rp4_defense_additions.py
package_number_0446,package_number,defense_slides.md,,"0,8858",artifacts/rp4_closeout_figures/comparison_v1_v4.csv,0d9554e1fc5151b4eb7b149b7bc529bbdfee1d12e92883163087aedc6942a9ba,"[11, ""p_holm_bilateral""]",.4f|es,"version=v2, target=RV30, horizon_minutes=30, window=primary, family=lightgbm_qlike, contrast=B2_over_B1, field=p_holm_bilateral",verified_numeric_field,{},tests/contract/test_rp4_defense_package.py,tests/contract/test_rp4_defense_additions.py
package_number_0447,package_number,defense_slides.md,,419,artifacts/rp4_closeout_figures/comparison_v1_v4.csv,0d9554e1fc5151b4eb7b149b7bc529bbdfee1d12e92883163087aedc6942a9ba,"[11, ""N_sessions""]",.0f|es,"version=v2, target=RV30, horizon_minutes=30, window=primary, family=lightgbm_qlike, contrast=B2_over_B1, field=N_sessions",verified_numeric_field,{},tests/contract/test_rp4_defense_package.py,tests/contract/test_rp4_defense_additions.py
package_number_0448,package_number,defense_slides.md,,"+1,729",artifacts/rp4_closeout_figures/comparison_v1_v4.csv,0d9554e1fc5151b4eb7b149b7bc529bbdfee1d12e92883163087aedc6942a9ba,"[16, ""percent_reduction""]",+.3f|es,"version=v3, target=RV30, horizon_minutes=30, window=primary, family=log_ridge_harq, contrast=B1_over_B0, field=percent_reduction",verified_numeric_field,{},tests/contract/test_rp4_defense_package.py,tests/contract/test_rp4_defense_additions.py
package_number_0449,package_number,defense_slides.md,,"0,0439",artifacts/rp4_closeout_figures/comparison_v1_v4.csv,0d9554e1fc5151b4eb7b149b7bc529bbdfee1d12e92883163087aedc6942a9ba,"[16, ""p_raw""]",.4f|es,"version=v3, target=RV30, horizon_minutes=30, window=primary, family=log_ridge_harq, contrast=B1_over_B0, field=p_raw",verified_numeric_field,{},tests/contract/test_rp4_defense_package.py,tests/contract/test_rp4_defense_additions.py
package_number_0450,package_number,defense_slides.md,,"+0,554",artifacts/rp4_closeout_figures/comparison_v1_v4.csv,0d9554e1fc5151b4eb7b149b7bc529bbdfee1d12e92883163087aedc6942a9ba,"[17, ""percent_reduction""]",+.3f|es,"version=v3, target=RV30, horizon_minutes=30, window=primary, family=log_ridge_harq, contrast=B2_over_B1, field=percent_reduction",verified_numeric_field,{},tests/contract/test_rp4_defense_package.py,tests/contract/test_rp4_defense_additions.py
package_number_0451,package_number,defense_slides.md,,"0,0525",artifacts/rp4_closeout_figures/comparison_v1_v4.csv,0d9554e1fc5151b4eb7b149b7bc529bbdfee1d12e92883163087aedc6942a9ba,"[17, ""p_raw""]",.4f|es,"version=v3, target=RV30, horizon_minutes=30, window=primary, family=log_ridge_harq, contrast=B2_over_B1, field=p_raw",verified_numeric_field,{},tests/contract/test_rp4_defense_package.py,tests/contract/test_rp4_defense_additions.py
package_number_0452,package_number,defense_slides.md,,"+2,091",artifacts/rp4_closeout_figures/comparison_v1_v4.csv,0d9554e1fc5151b4eb7b149b7bc529bbdfee1d12e92883163087aedc6942a9ba,"[18, ""percent_reduction""]",+.3f|es,"version=v3, target=RV30, horizon_minutes=30, window=primary, family=lightgbm_qlike, contrast=B1_over_B0, field=percent_reduction",verified_numeric_field,{},tests/contract/test_rp4_defense_package.py,tests/contract/test_rp4_defense_additions.py
package_number_0453,package_number,defense_slides.md,,"0,0053",artifacts/rp4_closeout_figures/comparison_v1_v4.csv,0d9554e1fc5151b4eb7b149b7bc529bbdfee1d12e92883163087aedc6942a9ba,"[18, ""p_raw""]",.4f|es,"version=v3, target=RV30, horizon_minutes=30, window=primary, family=lightgbm_qlike, contrast=B1_over_B0, field=p_raw",verified_numeric_field,{},tests/contract/test_rp4_defense_package.py,tests/contract/test_rp4_defense_additions.py
package_number_0454,package_number,defense_slides.md,,"−0,159",artifacts/rp4_closeout_figures/comparison_v1_v4.csv,0d9554e1fc5151b4eb7b149b7bc529bbdfee1d12e92883163087aedc6942a9ba,"[19, ""percent_reduction""]",.3f|es,"version=v3, target=RV30, horizon_minutes=30, window=primary, family=lightgbm_qlike, contrast=B2_over_B1, field=percent_reduction",verified_numeric_field,{},tests/contract/test_rp4_defense_package.py,tests/contract/test_rp4_defense_additions.py
package_number_0455,package_number,defense_slides.md,,"0,6631",artifacts/rp4_closeout_figures/comparison_v1_v4.csv,0d9554e1fc5151b4eb7b149b7bc529bbdfee1d12e92883163087aedc6942a9ba,"[19, ""p_raw""]",.4f|es,"version=v3, target=RV30, horizon_minutes=30, window=primary, family=lightgbm_qlike, contrast=B2_over_B1, field=p_raw",verified_numeric_field,{},tests/contract/test_rp4_defense_package.py,tests/contract/test_rp4_defense_additions.py
package_number_0456,package_number,defense_slides.md,,419,artifacts/rp4_closeout_figures/comparison_v1_v4.csv,0d9554e1fc5151b4eb7b149b7bc529bbdfee1d12e92883163087aedc6942a9ba,"[19, ""N_sessions""]",.0f|es,"version=v3, target=RV30, horizon_minutes=30, window=primary, family=lightgbm_qlike, contrast=B2_over_B1, field=N_sessions",verified_numeric_field,{},tests/contract/test_rp4_defense_package.py,tests/contract/test_rp4_defense_additions.py
package_number_0457,package_number,defense_slides.md,,"+0,880",artifacts/rp4_closeout_figures/comparison_v1_v4.csv,0d9554e1fc5151b4eb7b149b7bc529bbdfee1d12e92883163087aedc6942a9ba,"[24, ""percent_reduction""]",+.3f|es,"version=v4, target=RV15, horizon_minutes=15, window=primary, family=log_ridge_harq, contrast=B1_over_B0, field=percent_reduction",verified_numeric_field,{},tests/contract/test_rp4_defense_package.py,tests/contract/test_rp4_defense_additions.py
package_number_0458,package_number,defense_slides.md,,"0,0390",artifacts/rp4_closeout_figures/comparison_v1_v4.csv,0d9554e1fc5151b4eb7b149b7bc529bbdfee1d12e92883163087aedc6942a9ba,"[24, ""p_raw""]",.4f|es,"version=v4, target=RV15, horizon_minutes=15, window=primary, family=log_ridge_harq, contrast=B1_over_B0, field=p_raw",verified_numeric_field,{},tests/contract/test_rp4_defense_package.py,tests/contract/test_rp4_defense_additions.py
package_number_0459,package_number,defense_slides.md,,"+0,623",artifacts/rp4_closeout_figures/comparison_v1_v4.csv,0d9554e1fc5151b4eb7b149b7bc529bbdfee1d12e92883163087aedc6942a9ba,"[25, ""percent_reduction""]",+.3f|es,"version=v4, target=RV15, horizon_minutes=15, window=primary, family=log_ridge_harq, contrast=B2_over_B1, field=percent_reduction",verified_numeric_field,{},tests/contract/test_rp4_defense_package.py,tests/contract/test_rp4_defense_additions.py
package_number_0460,package_number,defense_slides.md,,"0,0032",artifacts/rp4_closeout_figures/comparison_v1_v4.csv,0d9554e1fc5151b4eb7b149b7bc529bbdfee1d12e92883163087aedc6942a9ba,"[25, ""p_raw""]",.4f|es,"version=v4, target=RV15, horizon_minutes=15, window=primary, family=log_ridge_harq, contrast=B2_over_B1, field=p_raw",verified_numeric_field,{},tests/contract/test_rp4_defense_package.py,tests/contract/test_rp4_defense_additions.py
package_number_0461,package_number,defense_slides.md,,"+1,170",artifacts/rp4_closeout_figures/comparison_v1_v4.csv,0d9554e1fc5151b4eb7b149b7bc529bbdfee1d12e92883163087aedc6942a9ba,"[26, ""percent_reduction""]",+.3f|es,"version=v4, target=RV15, horizon_minutes=15, window=primary, family=lightgbm_qlike, contrast=B1_over_B0, field=percent_reduction",verified_numeric_field,{},tests/contract/test_rp4_defense_package.py,tests/contract/test_rp4_defense_additions.py
package_number_0462,package_number,defense_slides.md,,"0,0135",artifacts/rp4_closeout_figures/comparison_v1_v4.csv,0d9554e1fc5151b4eb7b149b7bc529bbdfee1d12e92883163087aedc6942a9ba,"[26, ""p_raw""]",.4f|es,"version=v4, target=RV15, horizon_minutes=15, window=primary, family=lightgbm_qlike, contrast=B1_over_B0, field=p_raw",verified_numeric_field,{},tests/contract/test_rp4_defense_package.py,tests/contract/test_rp4_defense_additions.py
package_number_0463,package_number,defense_slides.md,,"−0,115",artifacts/rp4_closeout_figures/comparison_v1_v4.csv,0d9554e1fc5151b4eb7b149b7bc529bbdfee1d12e92883163087aedc6942a9ba,"[27, ""percent_reduction""]",.3f|es,"version=v4, target=RV15, horizon_minutes=15, window=primary, family=lightgbm_qlike, contrast=B2_over_B1, field=percent_reduction",verified_numeric_field,{},tests/contract/test_rp4_defense_package.py,tests/contract/test_rp4_defense_additions.py
package_number_0464,package_number,defense_slides.md,,"0,6280",artifacts/rp4_closeout_figures/comparison_v1_v4.csv,0d9554e1fc5151b4eb7b149b7bc529bbdfee1d12e92883163087aedc6942a9ba,"[27, ""p_raw""]",.4f|es,"version=v4, target=RV15, horizon_minutes=15, window=primary, family=lightgbm_qlike, contrast=B2_over_B1, field=p_raw",verified_numeric_field,{},tests/contract/test_rp4_defense_package.py,tests/contract/test_rp4_defense_additions.py
package_number_0465,package_number,defense_slides.md,,419,artifacts/rp4_closeout_figures/comparison_v1_v4.csv,0d9554e1fc5151b4eb7b149b7bc529bbdfee1d12e92883163087aedc6942a9ba,"[27, ""N_sessions""]",.0f|es,"version=v4, target=RV15, horizon_minutes=15, window=primary, family=lightgbm_qlike, contrast=B2_over_B1, field=N_sessions",verified_numeric_field,{},tests/contract/test_rp4_defense_package.py,tests/contract/test_rp4_defense_additions.py
package_number_0466,package_number,defense_slides.md,,"+0,377",artifacts/rp4_closeout_figures/comparison_v1_v4.csv,0d9554e1fc5151b4eb7b149b7bc529bbdfee1d12e92883163087aedc6942a9ba,"[32, ""percent_reduction""]",+.3f|es,"version=v4, target=RV5, horizon_minutes=5, window=primary, family=log_ridge_harq, contrast=B1_over_B0, field=percent_reduction",verified_numeric_field,{},tests/contract/test_rp4_defense_package.py,tests/contract/test_rp4_defense_additions.py
package_number_0467,package_number,defense_slides.md,,"0,0092",artifacts/rp4_closeout_figures/comparison_v1_v4.csv,0d9554e1fc5151b4eb7b149b7bc529bbdfee1d12e92883163087aedc6942a9ba,"[32, ""p_raw""]",.4f|es,"version=v4, target=RV5, horizon_minutes=5, window=primary, family=log_ridge_harq, contrast=B1_over_B0, field=p_raw",verified_numeric_field,{},tests/contract/test_rp4_defense_package.py,tests/contract/test_rp4_defense_additions.py
package_number_0468,package_number,defense_slides.md,,"+0,256",artifacts/rp4_closeout_figures/comparison_v1_v4.csv,0d9554e1fc5151b4eb7b149b7bc529bbdfee1d12e92883163087aedc6942a9ba,"[33, ""percent_reduction""]",+.3f|es,"version=v4, target=RV5, horizon_minutes=5, window=primary, family=log_ridge_harq, contrast=B2_over_B1, field=percent_reduction",verified_numeric_field,{},tests/contract/test_rp4_defense_package.py,tests/contract/test_rp4_defense_additions.py
package_number_0469,package_number,defense_slides.md,,"0,0172",artifacts/rp4_closeout_figures/comparison_v1_v4.csv,0d9554e1fc5151b4eb7b149b7bc529bbdfee1d12e92883163087aedc6942a9ba,"[33, ""p_raw""]",.4f|es,"version=v4, target=RV5, horizon_minutes=5, window=primary, family=log_ridge_harq, contrast=B2_over_B1, field=p_raw",verified_numeric_field,{},tests/contract/test_rp4_defense_package.py,tests/contract/test_rp4_defense_additions.py
package_number_0470,package_number,defense_slides.md,,"+0,536",artifacts/rp4_closeout_figures/comparison_v1_v4.csv,0d9554e1fc5151b4eb7b149b7bc529bbdfee1d12e92883163087aedc6942a9ba,"[34, ""percent_reduction""]",+.3f|es,"version=v4, target=RV5, horizon_minutes=5, window=primary, family=lightgbm_qlike, contrast=B1_over_B0, field=percent_reduction",verified_numeric_field,{},tests/contract/test_rp4_defense_package.py,tests/contract/test_rp4_defense_additions.py
package_number_0471,package_number,defense_slides.md,,"0,0608",artifacts/rp4_closeout_figures/comparison_v1_v4.csv,0d9554e1fc5151b4eb7b149b7bc529bbdfee1d12e92883163087aedc6942a9ba,"[34, ""p_raw""]",.4f|es,"version=v4, target=RV5, horizon_minutes=5, window=primary, family=lightgbm_qlike, contrast=B1_over_B0, field=p_raw",verified_numeric_field,{},tests/contract/test_rp4_defense_package.py,tests/contract/test_rp4_defense_additions.py
package_number_0472,package_number,defense_slides.md,,"+0,160",artifacts/rp4_closeout_figures/comparison_v1_v4.csv,0d9554e1fc5151b4eb7b149b7bc529bbdfee1d12e92883163087aedc6942a9ba,"[35, ""percent_reduction""]",+.3f|es,"version=v4, target=RV5, horizon_minutes=5, window=primary, family=lightgbm_qlike, contrast=B2_over_B1, field=percent_reduction",verified_numeric_field,{},tests/contract/test_rp4_defense_package.py,tests/contract/test_rp4_defense_additions.py
package_number_0473,package_number,defense_slides.md,,"0,1927",artifacts/rp4_closeout_figures/comparison_v1_v4.csv,0d9554e1fc5151b4eb7b149b7bc529bbdfee1d12e92883163087aedc6942a9ba,"[35, ""p_raw""]",.4f|es,"version=v4, target=RV5, horizon_minutes=5, window=primary, family=lightgbm_qlike, contrast=B2_over_B1, field=p_raw",verified_numeric_field,{},tests/contract/test_rp4_defense_package.py,tests/contract/test_rp4_defense_additions.py
package_number_0474,package_number,defense_slides.md,,419,artifacts/rp4_closeout_figures/comparison_v1_v4.csv,0d9554e1fc5151b4eb7b149b7bc529bbdfee1d12e92883163087aedc6942a9ba,"[35, ""N_sessions""]",.0f|es,"version=v4, target=RV5, horizon_minutes=5, window=primary, family=lightgbm_qlike, contrast=B2_over_B1, field=N_sessions",verified_numeric_field,{},tests/contract/test_rp4_defense_package.py,tests/contract/test_rp4_defense_additions.py
package_number_0475,package_number,defense_slides.md,,92.261,artifacts/rp4_b2/summary.json,d311d2773ae195968a59cea7d4e0c68dcf35d5d80e005c6cc0f1e028496d2eb2,"[""N_origins""]",",.0f|es","[""N_origins""]",verified_numeric_field,{},tests/contract/test_rp4_defense_package.py,tests/contract/test_rp4_defense_additions.py
package_number_0476,package_number,defense_slides.md,,"0,0525",artifacts/rp4_closeout_figures/comparison_v1_v4.csv,0d9554e1fc5151b4eb7b149b7bc529bbdfee1d12e92883163087aedc6942a9ba,"[17, ""p_for_decision""]",.4f|es,"version=v3, target=RV30, horizon_minutes=30, window=primary, family=log_ridge_harq, contrast=B2_over_B1, field=p_for_decision",verified_numeric_field,{},tests/contract/test_rp4_defense_package.py,tests/contract/test_rp4_defense_additions.py
package_number_0477,package_number,defense_slides.md,,15,artifacts/rp4_v4_a1/specification.json,0a45b0a608110e2ca0dcf38accc2a0c2521ebbe9d223eb002e36ec51f78afd04,"[""primary_horizon_minutes""]",.0f|es,"[""primary_horizon_minutes""]",verified_numeric_field,{},tests/contract/test_rp4_defense_package.py,tests/contract/test_rp4_defense_additions.py
package_number_0478,package_number,defense_slides.md,,"+0,623",artifacts/rp4_v4_b4/primary_statistics.csv,5c215fc38344839ecedea7b27f69efcb85fbefea84f1367d06229cb7407902d4,"[9, ""qlike_reduction_percent""]",+.3f|es,"horizon_minutes=15, window=primary, family=log_ridge_harq, contrast=B2_over_B1, statistic=mean, field=qlike_reduction_percent",verified_numeric_field,{},tests/contract/test_rp4_defense_package.py,tests/contract/test_rp4_defense_additions.py
package_number_0479,package_number,defense_slides.md,,"0,000335",artifacts/rp4_v4_b4/primary_statistics.csv,5c215fc38344839ecedea7b27f69efcb85fbefea84f1367d06229cb7407902d4,"[9, ""ci_low""]",.6f|es,"horizon_minutes=15, window=primary, family=log_ridge_harq, contrast=B2_over_B1, statistic=mean, field=ci_low",verified_numeric_field,{},tests/contract/test_rp4_defense_package.py,tests/contract/test_rp4_defense_additions.py
package_number_0480,package_number,defense_slides.md,,"0,001932",artifacts/rp4_v4_b4/primary_statistics.csv,5c215fc38344839ecedea7b27f69efcb85fbefea84f1367d06229cb7407902d4,"[9, ""ci_high""]",.6f|es,"horizon_minutes=15, window=primary, family=log_ridge_harq, contrast=B2_over_B1, statistic=mean, field=ci_high",verified_numeric_field,{},tests/contract/test_rp4_defense_package.py,tests/contract/test_rp4_defense_additions.py
package_number_0481,package_number,defense_slides.md,,"0,0032",artifacts/rp4_v4_b4/primary_statistics.csv,5c215fc38344839ecedea7b27f69efcb85fbefea84f1367d06229cb7407902d4,"[9, ""p_for_decision""]",.4f|es,"horizon_minutes=15, window=primary, family=log_ridge_harq, contrast=B2_over_B1, statistic=mean, field=p_for_decision",verified_numeric_field,{},tests/contract/test_rp4_defense_package.py,tests/contract/test_rp4_defense_additions.py
package_number_0482,package_number,defense_slides.md,,5,artifacts/rp4_v4_a1/specification.json,0a45b0a608110e2ca0dcf38accc2a0c2521ebbe9d223eb002e36ec51f78afd04,"[""secondary_horizon_minutes""]",.0f|es,"[""secondary_horizon_minutes""]",verified_numeric_field,{},tests/contract/test_rp4_defense_package.py,tests/contract/test_rp4_defense_additions.py
package_number_0483,package_number,defense_slides.md,,"+0,256",artifacts/rp4_v4_b4/primary_statistics.csv,5c215fc38344839ecedea7b27f69efcb85fbefea84f1367d06229cb7407902d4,"[17, ""qlike_reduction_percent""]",+.3f|es,"horizon_minutes=5, window=primary, family=log_ridge_harq, contrast=B2_over_B1, statistic=mean, field=qlike_reduction_percent",verified_numeric_field,{},tests/contract/test_rp4_defense_package.py,tests/contract/test_rp4_defense_additions.py
package_number_0484,package_number,defense_slides.md,,15,artifacts/rp4_v4_a1/specification.json,0a45b0a608110e2ca0dcf38accc2a0c2521ebbe9d223eb002e36ec51f78afd04,"[""primary_horizon_minutes""]",.0f|es,"[""primary_horizon_minutes""]",verified_numeric_field,{},tests/contract/test_rp4_defense_package.py,tests/contract/test_rp4_defense_additions.py
package_number_0485,package_number,defense_slides.md,,"−0,115",artifacts/rp4_v4_b4/primary_statistics.csv,5c215fc38344839ecedea7b27f69efcb85fbefea84f1367d06229cb7407902d4,"[11, ""qlike_reduction_percent""]",.3f|es,"horizon_minutes=15, window=primary, family=lightgbm_qlike, contrast=B2_over_B1, statistic=mean, field=qlike_reduction_percent",verified_numeric_field,{},tests/contract/test_rp4_defense_package.py,tests/contract/test_rp4_defense_additions.py
package_number_0486,package_number,defense_slides.md,,"0,6280",artifacts/rp4_v4_b4/primary_statistics.csv,5c215fc38344839ecedea7b27f69efcb85fbefea84f1367d06229cb7407902d4,"[11, ""p_for_decision""]",.4f|es,"horizon_minutes=15, window=primary, family=lightgbm_qlike, contrast=B2_over_B1, statistic=mean, field=p_for_decision",verified_numeric_field,{},tests/contract/test_rp4_defense_package.py,tests/contract/test_rp4_defense_additions.py
package_number_0487,package_number,defense_slides.md,,15,artifacts/rp4_v4_a1/specification.json,0a45b0a608110e2ca0dcf38accc2a0c2521ebbe9d223eb002e36ec51f78afd04,"[""primary_horizon_minutes""]",.0f|es,"[""primary_horizon_minutes""]",verified_numeric_field,{},tests/contract/test_rp4_defense_package.py,tests/contract/test_rp4_defense_additions.py
package_number_0488,package_number,defense_slides.md,,5,artifacts/rp4_v4_a1/specification.json,0a45b0a608110e2ca0dcf38accc2a0c2521ebbe9d223eb002e36ec51f78afd04,"[""secondary_horizon_minutes""]",.0f|es,"[""secondary_horizon_minutes""]",verified_numeric_field,{},tests/contract/test_rp4_defense_package.py,tests/contract/test_rp4_defense_additions.py
package_number_0489,package_number,defense_slides.md,,"0,0435",artifacts/rp4_v4_b4/distribution_secondary.csv,62312356720ac370fe3928eb5212db5a99ad7aa63f8ce4fe568ae149faed96cb,"[3, ""p_raw""]",.4f|es,"horizon_minutes=15, window=primary, family=lightgbm_qlike, contrast=B2_over_B1, statistic=median, field=p_raw",verified_numeric_field,{},tests/contract/test_rp4_defense_package.py,tests/contract/test_rp4_defense_additions.py
package_number_0490,package_number,defense_slides.md,,"0,0038",artifacts/rp4_v4_b4/distribution_secondary.csv,62312356720ac370fe3928eb5212db5a99ad7aa63f8ce4fe568ae149faed96cb,"[19, ""p_raw""]",.4f|es,"horizon_minutes=5, window=primary, family=lightgbm_qlike, contrast=B2_over_B1, statistic=median, field=p_raw",verified_numeric_field,{},tests/contract/test_rp4_defense_package.py,tests/contract/test_rp4_defense_additions.py
package_number_0491,package_number,defense_slides.md,,"0,0870",artifacts/rp4_v4_b4/distribution_secondary.csv,62312356720ac370fe3928eb5212db5a99ad7aa63f8ce4fe568ae149faed96cb,"[3, ""p_holm""]",.4f|es,"[3, ""p_holm""]",verified_numeric_field,{},tests/contract/test_rp4_defense_package.py,tests/contract/test_rp4_defense_additions.py
package_number_0492,package_number,defense_slides.md,,"0,0096",artifacts/rp4_v4_b4/distribution_secondary.csv,62312356720ac370fe3928eb5212db5a99ad7aa63f8ce4fe568ae149faed96cb,"[19, ""p_holm""]",.4f|es,"[19, ""p_holm""]",verified_numeric_field,{},tests/contract/test_rp4_defense_package.py,tests/contract/test_rp4_defense_additions.py
package_number_0493,package_number,defense_slides.md,,−3,artifacts/rp4_closeout_figures_revision2/manifest.json,a7c6c8533f32acbae30bc34567e1306699255f6b84a3c2a898746c25613796c0,"[""scale_percent"", 0]",.0f|es,"[""scale_percent"", 0]",verified_numeric_field,{},tests/contract/test_rp4_defense_package.py,tests/contract/test_rp4_defense_additions.py
package_number_0494,package_number,defense_slides.md,,+3,artifacts/rp4_closeout_figures_revision2/manifest.json,a7c6c8533f32acbae30bc34567e1306699255f6b84a3c2a898746c25613796c0,"[""scale_percent"", 1]",+.0f|es,"[""scale_percent"", 1]",verified_numeric_field,{},tests/contract/test_rp4_defense_package.py,tests/contract/test_rp4_defense_additions.py
package_number_0495,package_number,defense_slides.md,,100,artifacts/rp4_closeout_figures/README.md,51f46c4a6f1d00c320e7b01922cf9cf0ebb84b99c05d5540729d3a86bf1b8b4b,[],text_number:0,"ortan.  El intervalo porcentual es el IC95% guardado para la diferencia, multiplicado por 100 y dividido por la pérdida base media observada. No es un intervalo bootstrap del cociente: no incluye de nuevo la incer",reported_or_registered_text,{},tests/contract/test_rp4_defense_package.py,tests/contract/test_rp4_defense_additions.py
package_number_0496,package_number,defense_slides.md,,15,artifacts/rp4_v4_a1/specification.json,0a45b0a608110e2ca0dcf38accc2a0c2521ebbe9d223eb002e36ec51f78afd04,"[""primary_horizon_minutes""]",.0f|es,"[""primary_horizon_minutes""]",verified_numeric_field,{},tests/contract/test_rp4_defense_package.py,tests/contract/test_rp4_defense_additions.py
package_number_0497,package_number,defense_slides.md,,5,artifacts/rp4_v4_a1/specification.json,0a45b0a608110e2ca0dcf38accc2a0c2521ebbe9d223eb002e36ec51f78afd04,"[""secondary_horizon_minutes""]",.0f|es,"[""secondary_horizon_minutes""]",verified_numeric_field,{},tests/contract/test_rp4_defense_package.py,tests/contract/test_rp4_defense_additions.py
package_number_0498,package_number,defense_slides.md,,2024,artifacts/rp4_closeout_audit/descriptive_profiles.csv,426bbe8b329ba936a5f7d8307f2bb7dd2373ac6dfe7fe39f855516e1fc0eddcd,"[428, ""first_session"", ""@year""]",.0f|es,"[428, ""first_session"", ""@year""]",verified_numeric_field,{},tests/contract/test_rp4_defense_package.py,tests/contract/test_rp4_defense_additions.py
package_number_0499,package_number,defense_slides.md,,2025,artifacts/rp4_closeout_audit/descriptive_profiles.csv,426bbe8b329ba936a5f7d8307f2bb7dd2373ac6dfe7fe39f855516e1fc0eddcd,"[428, ""last_session"", ""@year""]",.0f|es,"[428, ""last_session"", ""@year""]",verified_numeric_field,{},tests/contract/test_rp4_defense_package.py,tests/contract/test_rp4_defense_additions.py
package_number_0500,package_number,defense_slides.md,,64,artifacts/rp4_closeout_audit/descriptive_profiles.csv,426bbe8b329ba936a5f7d8307f2bb7dd2373ac6dfe7fe39f855516e1fc0eddcd,"[428, ""N_sessions""]",.0f|es,"[428, ""N_sessions""]",verified_numeric_field,{},tests/contract/test_rp4_defense_package.py,tests/contract/test_rp4_defense_additions.py
package_number_0501,package_number,defense_slides.md,,"15,27",artifacts/rp4_closeout_audit/descriptive_profiles.csv,426bbe8b329ba936a5f7d8307f2bb7dd2373ac6dfe7fe39f855516e1fc0eddcd,"{""operation"": ""share_of_primary_sessions"", ""row"": 428}",.2f|es,"{""operation"": ""share_of_primary_sessions"", ""row"": 428}",verified_numeric_field,{},tests/contract/test_rp4_defense_package.py,tests/contract/test_rp4_defense_additions.py
package_number_0502,package_number,defense_slides.md,,419,artifacts/rp4_v4_b2_rv15/summary.json,451e53869bb5f5058a635302bb08ad920ce11b8771fd2c6780545255b1ac25f4,"[""N_sessions""]",.0f|es,"[""N_sessions""]",verified_numeric_field,{},tests/contract/test_rp4_defense_package.py,tests/contract/test_rp4_defense_additions.py
package_number_0503,package_number,defense_slides.md,,"15,27",artifacts/rp4_closeout_audit/descriptive_profiles.csv,426bbe8b329ba936a5f7d8307f2bb7dd2373ac6dfe7fe39f855516e1fc0eddcd,"{""operation"": ""share_of_primary_sessions"", ""row"": 428}",.2f|es,"{""operation"": ""share_of_primary_sessions"", ""row"": 428}",verified_numeric_field,{},tests/contract/test_rp4_defense_package.py,tests/contract/test_rp4_defense_additions.py
package_number_0504,package_number,defense_slides.md,,100,artifacts/rp4_closeout_figures/README.md,51f46c4a6f1d00c320e7b01922cf9cf0ebb84b99c05d5540729d3a86bf1b8b4b,[],text_number:0,"ortan.  El intervalo porcentual es el IC95% guardado para la diferencia, multiplicado por 100 y dividido por la pérdida base media observada. No es un intervalo bootstrap del cociente: no incluye de nuevo la incer",reported_or_registered_text,{},tests/contract/test_rp4_defense_package.py,tests/contract/test_rp4_defense_additions.py
package_number_0505,package_number,defense_slides.md,,64,artifacts/rp4_closeout_audit/descriptive_profiles.csv,426bbe8b329ba936a5f7d8307f2bb7dd2373ac6dfe7fe39f855516e1fc0eddcd,"[428, ""N_sessions""]",.0f|es,"[428, ""N_sessions""]",verified_numeric_field,{},tests/contract/test_rp4_defense_package.py,tests/contract/test_rp4_defense_additions.py
package_number_0506,package_number,defense_slides.md,,419,artifacts/rp4_v4_b2_rv15/summary.json,451e53869bb5f5058a635302bb08ad920ce11b8771fd2c6780545255b1ac25f4,"[""N_sessions""]",.0f|es,"[""N_sessions""]",verified_numeric_field,{},tests/contract/test_rp4_defense_package.py,tests/contract/test_rp4_defense_additions.py
package_number_0507,package_number,defense_slides.md,,26,artifacts/rp4_market_audit/expiry_first_observed.csv,8604ccb92868703f614dee3255099594c356b44eed193acdfda3a440974a007e,"[0, ""first_observed_session"", ""@day""]",.0f|es,"[0, ""first_observed_session"", ""@day""]",verified_numeric_field,{},tests/contract/test_rp4_defense_package.py,tests/contract/test_rp4_defense_additions.py
package_number_0508,package_number,defense_slides.md,,2026,artifacts/rp4_market_audit/expiry_first_observed.csv,8604ccb92868703f614dee3255099594c356b44eed193acdfda3a440974a007e,"[0, ""first_observed_session"", ""@year""]",.0f|es,"[0, ""first_observed_session"", ""@year""]",verified_numeric_field,{},tests/contract/test_rp4_defense_package.py,tests/contract/test_rp4_defense_additions.py
package_number_0509,package_number,defense_slides.md,,15,artifacts/rp4_v4_a1/specification.json,0a45b0a608110e2ca0dcf38accc2a0c2521ebbe9d223eb002e36ec51f78afd04,"[""primary_horizon_minutes""]",.0f|es,"[""primary_horizon_minutes""]",verified_numeric_field,{},tests/contract/test_rp4_defense_package.py,tests/contract/test_rp4_defense_additions.py
package_number_0510,package_number,defense_slides.md,,5,artifacts/rp4_v4_a1/specification.json,0a45b0a608110e2ca0dcf38accc2a0c2521ebbe9d223eb002e36ec51f78afd04,"[""secondary_horizon_minutes""]",.0f|es,"[""secondary_horizon_minutes""]",verified_numeric_field,{},tests/contract/test_rp4_defense_package.py,tests/contract/test_rp4_defense_additions.py
package_number_0511,package_number,defense_slides.md,,2025,docs/rp4/RESULTADO_FINAL.md,6d629b2416601af39a6e7f4fc0f04db1455b6c20ba4c298e7fb21a6ed00b2b19,[],text_number:111,"s negativos. Los perfiles por mes y tercil de entrenamiento incluyen octubre/noviembre de 2025, negativos para B2 lineal tanto en RV30 como en RV15. La auditoría descriptiva separa también los 288 orígenes de la pr",reported_or_registered_text,{},tests/contract/test_rp4_defense_package.py,tests/contract/test_rp4_defense_additions.py
package_number_0512,package_number,defense_slides.md,,31,docs/rp4/RESULTADO_FINAL.md,6d629b2416601af39a6e7f4fc0f04db1455b6c20ba4c298e7fb21a6ed00b2b19,[],text_number:115,"do, que tiene otro denominador. No se excluye ninguno.  Los movimientos extremos de AMZN (31 de agosto, −152/+71 puntos básicos desde las 14:00 ET; volumen siguiente 11 veces la mediana) y TSLA (17 de agosto) se ",reported_or_registered_text,{},tests/contract/test_rp4_defense_package.py,tests/contract/test_rp4_defense_additions.py
package_number_0513,package_number,defense_slides.md,,2026,artifacts/rp4_market_audit/summary.json,f59a01f7819b36c7ee726b0f47541a0f0a4c17868b8d3d6035cc083d72fc3fdb,"[""bars"", 0, ""session_date"", ""@year""]",.0f|es,"[""bars"", 0, ""session_date"", ""@year""]",verified_numeric_field,{},tests/contract/test_rp4_defense_package.py,tests/contract/test_rp4_defense_additions.py
package_number_0514,package_number,defense_slides.md,,−152,artifacts/rp4_market_audit/summary.json,f59a01f7819b36c7ee726b0f47541a0f0a4c17868b8d3d6035cc083d72fc3fdb,"[""bars"", 0, ""event_close_to_close_log_return_bp""]",.0f|es,"[""bars"", 0, ""event_close_to_close_log_return_bp""]",verified_numeric_field,{},tests/contract/test_rp4_defense_package.py,tests/contract/test_rp4_defense_additions.py
package_number_0515,package_number,defense_slides.md,,+71,artifacts/rp4_market_audit/summary.json,f59a01f7819b36c7ee726b0f47541a0f0a4c17868b8d3d6035cc083d72fc3fdb,"[""bars"", 0, ""next_close_to_close_log_return_bp""]",+.0f|es,"[""bars"", 0, ""next_close_to_close_log_return_bp""]",verified_numeric_field,{},tests/contract/test_rp4_defense_package.py,tests/contract/test_rp4_defense_additions.py
package_number_0516,package_number,defense_slides.md,,14,artifacts/rp4_market_audit/summary.json,f59a01f7819b36c7ee726b0f47541a0f0a4c17868b8d3d6035cc083d72fc3fdb,"[""bars"", 0, ""event_bar_start_ny"", ""@hour""]",.0f|es,"[""bars"", 0, ""event_bar_start_ny"", ""@hour""]",verified_numeric_field,{},tests/contract/test_rp4_defense_package.py,tests/contract/test_rp4_defense_additions.py
package_number_0517,package_number,defense_slides.md,,00,artifacts/rp4_market_audit/summary.json,f59a01f7819b36c7ee726b0f47541a0f0a4c17868b8d3d6035cc083d72fc3fdb,"[""bars"", 0, ""event_bar_start_ny"", ""@minute""]",literal,"[""bars"", 0, ""event_bar_start_ny"", ""@minute""]",verified_numeric_field,{},tests/contract/test_rp4_defense_package.py,tests/contract/test_rp4_defense_additions.py
package_number_0518,package_number,defense_slides.md,,11,artifacts/rp4_market_audit/summary.json,f59a01f7819b36c7ee726b0f47541a0f0a4c17868b8d3d6035cc083d72fc3fdb,"[""bars"", 0, ""next_volume_over_session_median""]",.0f|es,"[""bars"", 0, ""next_volume_over_session_median""]",verified_numeric_field,{},tests/contract/test_rp4_defense_package.py,tests/contract/test_rp4_defense_additions.py
package_number_0519,package_number,defense_slides.md,,2025-05-15,docs/rp4/RESULTADO_FINAL.md,6d629b2416601af39a6e7f4fc0f04db1455b6c20ba4c298e7fb21a6ed00b2b19,[],text_number:84,"rado  de la última hora real, >= 330.  Las interrupciones de publicación del proveedor de 2025-05-15 y 2025-09-18 son hallazgos del instrumento. La regla v3 conserva actividad cero, vuelve indefinidas las formas/ratios s",reported_or_registered_text,{},tests/contract/test_rp4_defense_package.py,tests/contract/test_rp4_defense_additions.py
package_number_0520,package_number,defense_slides.md,,2025-09-18,docs/rp4/RESULTADO_FINAL.md,6d629b2416601af39a6e7f4fc0f04db1455b6c20ba4c298e7fb21a6ed00b2b19,[],text_number:85,"ltima hora real, >= 330.  Las interrupciones de publicación del proveedor de 2025-05-15 y 2025-09-18 son hallazgos del instrumento. La regla v3 conserva actividad cero, vuelve indefinidas las formas/ratios sin operacione",reported_or_registered_text,{},tests/contract/test_rp4_defense_package.py,tests/contract/test_rp4_defense_additions.py
package_number_0521,package_number,defense_slides.md,,412,artifacts/rp4_closeout_audit/descriptive_profiles.csv,426bbe8b329ba936a5f7d8307f2bb7dd2373ac6dfe7fe39f855516e1fc0eddcd,"[461, ""N_origins""]",.0f|es,"[461, ""N_origins""]",verified_numeric_field,{},tests/contract/test_rp4_defense_package.py,tests/contract/test_rp4_defense_additions.py
package_number_0522,package_number,defense_slides.md,,2026-01-26,docs/rp4/RESULTADO_FINAL.md,6d629b2416601af39a6e7f4fc0f04db1455b6c20ba4c298e7fb21a6ed00b2b19,[],text_number:89,da: Nasdaq anunció el inicio de vencimientos de lunes y miércoles para estos nombres el **2026-01-26**. La cinta verifica esa primera presencia en los seis activos; el salto de celdas se observa el 29 de enero y los prim,reported_or_registered_text,{},tests/contract/test_rp4_defense_package.py,tests/contract/test_rp4_defense_additions.py
package_number_0523,package_number,defense_slides.md,,"20,04",artifacts/rp4_market_audit/coverage_weekday.csv,e347f76f648da1511eb54a56e853d2ab656b28388de5d0acff70090e95f314a6,"{""operation"": ""weighted_mean"", ""where"": {""scope"": ""all_available_origins"", ""transition_date"": ""2026-01-26"", ""asset"": ""ALL"", ""period"": ""before""}, ""field"": ""surface_populated_cells_mean"", ""weight"": ""N_origins""}",.2f|es,"{""operation"": ""weighted_mean"", ""where"": {""scope"": ""all_available_origins"", ""transition_date"": ""2026-01-26"", ""asset"": ""ALL"", ""period"": ""before""}, ""field"": ""surface_populated_cells_mean"", ""weight"": ""N_origins""}",verified_numeric_field,{},tests/contract/test_rp4_defense_package.py,tests/contract/test_rp4_defense_additions.py
package_number_0524,package_number,defense_slides.md,,"23,10",artifacts/rp4_market_audit/coverage_weekday.csv,e347f76f648da1511eb54a56e853d2ab656b28388de5d0acff70090e95f314a6,"{""operation"": ""weighted_mean"", ""where"": {""scope"": ""all_available_origins"", ""transition_date"": ""2026-01-26"", ""asset"": ""ALL"", ""period"": ""from_date""}, ""field"": ""surface_populated_cells_mean"", ""weight"": ""N_origins""}",.2f|es,"{""operation"": ""weighted_mean"", ""where"": {""scope"": ""all_available_origins"", ""transition_date"": ""2026-01-26"", ""asset"": ""ALL"", ""period"": ""from_date""}, ""field"": ""surface_populated_cells_mean"", ""weight"": ""N_origins""}",verified_numeric_field,{},tests/contract/test_rp4_defense_package.py,tests/contract/test_rp4_defense_additions.py
package_number_0525,package_number,defense_slides.md,,"0,0001",artifacts/rp4_closeout_audit/ridge_lambda_counts.csv,493b20562708215bf5ff74cf0f5fe621b6f4cfa20f1730bd9d224f659ac2ffea,"[41, ""lambda""]",.4f|es,"[41, ""lambda""]",verified_numeric_field,{},tests/contract/test_rp4_defense_package.py,tests/contract/test_rp4_defense_additions.py
package_number_0526,package_number,defense_slides.md,,111,artifacts/rp4_closeout_audit/ridge_lambda_counts.csv,493b20562708215bf5ff74cf0f5fe621b6f4cfa20f1730bd9d224f659ac2ffea,"[41, ""N_sessions""]",.0f|es,"[41, ""N_sessions""]",verified_numeric_field,{},tests/contract/test_rp4_defense_package.py,tests/contract/test_rp4_defense_additions.py
package_number_0527,package_number,defense_slides.md,,419,artifacts/rp4_v4_b2_rv15/summary.json,451e53869bb5f5058a635302bb08ad920ce11b8771fd2c6780545255b1ac25f4,"[""N_sessions""]",.0f|es,"[""N_sessions""]",verified_numeric_field,{},tests/contract/test_rp4_defense_package.py,tests/contract/test_rp4_defense_additions.py
package_number_0528,package_number,defense_slides.md,,88,artifacts/rp4_closeout_audit/ridge_bounds_pruning_summary.csv,20f4b1c1b1022d7bba0318e9c4ac4b720ac6fce7a10bb5bbb875f1bca5d18c4e,"[11, ""removed_min""]",.0f|es,"[11, ""removed_min""]",verified_numeric_field,{},tests/contract/test_rp4_defense_package.py,tests/contract/test_rp4_defense_additions.py
package_number_0529,package_number,defense_slides.md,,97,artifacts/rp4_closeout_audit/ridge_bounds_pruning_summary.csv,20f4b1c1b1022d7bba0318e9c4ac4b720ac6fce7a10bb5bbb875f1bca5d18c4e,"[11, ""removed_max""]",.0f|es,"[11, ""removed_max""]",verified_numeric_field,{},tests/contract/test_rp4_defense_package.py,tests/contract/test_rp4_defense_additions.py
package_number_0530,package_number,defense_slides.md,,"0,103",artifacts/rp4_closeout_audit/descriptive_profiles.csv,426bbe8b329ba936a5f7d8307f2bb7dd2373ac6dfe7fe39f855516e1fc0eddcd,"[461, ""base_qlike_equal_session_asset""]",.3f|es,"[461, ""base_qlike_equal_session_asset""]",verified_numeric_field,{},tests/contract/test_rp4_defense_package.py,tests/contract/test_rp4_defense_additions.py
package_number_0531,package_number,defense_slides.md,,"0,202",artifacts/rp4_closeout_audit/descriptive_profiles.csv,426bbe8b329ba936a5f7d8307f2bb7dd2373ac6dfe7fe39f855516e1fc0eddcd,"[461, ""rich_qlike_equal_session_asset""]",.3f|es,"horizon_minutes=15, window=primary, family=log_ridge_harq, contrast=B2_over_B1, profile=window_empty_5m, stratum=inside, field=rich_qlike_equal_session_asset",verified_numeric_field,{},tests/contract/test_rp4_defense_package.py,tests/contract/test_rp4_defense_additions.py
package_number_0532,package_number,defense_slides.md,,26,artifacts/rp4_market_audit/expiry_first_observed.csv,8604ccb92868703f614dee3255099594c356b44eed193acdfda3a440974a007e,"[0, ""first_observed_session"", ""@day""]",.0f|es,"[0, ""first_observed_session"", ""@day""]",verified_numeric_field,{},tests/contract/test_rp4_defense_package.py,tests/contract/test_rp4_defense_additions.py
package_number_0533,package_number,defense_slides.md,,29,docs/rp4/RESULTADO_FINAL.md,6d629b2416601af39a6e7f4fc0f04db1455b6c20ba4c298e7fb21a6ed00b2b19,[],text_number:90,"inta verifica esa primera presencia en los seis activos; el salto de celdas se observa el 29 de enero y los primeros lunes/miércoles 0DTE el 2/4 de febrero. La cobertura media por origen pasa de 20,04 a 23,10 cel",reported_or_registered_text,{},tests/contract/test_rp4_defense_package.py,tests/contract/test_rp4_defense_additions.py
package_number_0534,package_number,defense_slides.md,,2,artifacts/rp4_market_audit/REPORT.md,74c6d6e5aaa43c51e73b0cacc8bde6a569aa1093686bafd5c10973d1abe3dcab,[],text_number:3,"a válida del **26 de enero de 2026**, no del 29. En esa primera sesión aparecen los lunes 2 y 9 de febrero y el miércoles 4 de febrero. En el intervalo revisado, los primeros 0DTE de lunes y miércoles ocurren el",reported_or_registered_text,{},tests/contract/test_rp4_defense_package.py,tests/contract/test_rp4_defense_additions.py
package_number_0535,package_number,defense_slides.md,,4,artifacts/rp4_market_audit/REPORT.md,74c6d6e5aaa43c51e73b0cacc8bde6a569aa1093686bafd5c10973d1abe3dcab,[],text_number:5,"26**, no del 29. En esa primera sesión aparecen los lunes 2 y 9 de febrero y el miércoles 4 de febrero. En el intervalo revisado, los primeros 0DTE de lunes y miércoles ocurren el **2 y 4 de febrero**, respectiv",reported_or_registered_text,{},tests/contract/test_rp4_defense_package.py,tests/contract/test_rp4_defense_additions.py
package_number_0536,package_number,defense_slides.md,,88,artifacts/rp4_closeout_audit/ridge_bounds_pruning_summary.csv,20f4b1c1b1022d7bba0318e9c4ac4b720ac6fce7a10bb5bbb875f1bca5d18c4e,"[11, ""removed_min""]",.0f|es,"[11, ""removed_min""]",verified_numeric_field,{},tests/contract/test_rp4_defense_package.py,tests/contract/test_rp4_defense_additions.py
package_number_0537,package_number,defense_slides.md,,"0,250",artifacts/rp4_closeout_audit/b2_coefficient_summary.csv,150fdf4398072496ef64547df580053907a117921d2c214f9b3c82446254e9be,"[829, ""absolute_mean""]",.3f|es,"horizon_minutes=15, window=primary, column=b2_5m_sell_premium_share, field=absolute_mean",verified_numeric_field,{},tests/contract/test_rp4_defense_package.py,tests/contract/test_rp4_defense_additions.py
package_number_0538,package_number,defense_slides.md,,"0,312",artifacts/rp4_closeout_audit/b2_coefficient_summary.csv,150fdf4398072496ef64547df580053907a117921d2c214f9b3c82446254e9be,"[826, ""absolute_mean""]",.3f|es,"horizon_minutes=15, window=primary, column=b2_5m_passive_premium_share, field=absolute_mean",verified_numeric_field,{},tests/contract/test_rp4_defense_package.py,tests/contract/test_rp4_defense_additions.py
package_number_0539,package_number,defense_slides.md,,"0,00489",artifacts/rp4_closeout_audit/b2_coefficient_summary.csv,150fdf4398072496ef64547df580053907a117921d2c214f9b3c82446254e9be,"[974, ""absolute_mean""]",.5f|es,"horizon_minutes=15, window=primary, column=rp4_gamma_imb_total, field=absolute_mean",verified_numeric_field,{},tests/contract/test_rp4_defense_package.py,tests/contract/test_rp4_defense_additions.py
package_number_0540,package_number,defense_slides.md,,"−0,04271",artifacts/rp4_closeout_audit/b2_coefficient_summary.csv,150fdf4398072496ef64547df580053907a117921d2c214f9b3c82446254e9be,"[973, ""mean""]",.5f|es,"horizon_minutes=15, window=primary, column=rp4_gamma_imb_signed_trades, field=mean",verified_numeric_field,{},tests/contract/test_rp4_defense_package.py,tests/contract/test_rp4_defense_additions.py
package_number_0541,package_number,defense_slides.md,,134,docs/rp4/prospective_confirmation_v1_amendment_1_receipt.json,ac3cc92dc48a0b2250be81500cc23d735283a31a951909c917dabcf8092f1837,"[""ablated_predictors""]",.0f|es,"[""ablated_predictors""]",verified_numeric_field,{},tests/contract/test_rp4_defense_package.py,tests/contract/test_rp4_defense_additions.py
package_number_0542,package_number,defense_slides.md,,138,artifacts/rp4_v4_a1/specification.json,0a45b0a608110e2ca0dcf38accc2a0c2521ebbe9d223eb002e36ec51f78afd04,"[""feature_sets"", ""B2"", ""@length""]",.0f|es,"[""feature_sets"", ""B2"", ""@length""]",verified_numeric_field,{},tests/contract/test_rp4_defense_package.py,tests/contract/test_rp4_defense_additions.py
package_number_0543,package_number,defense_slides.md,,25,artifacts/rp4_v4_b3_rv15/summary.json,1a544479c861bfcb8201cd6ae95702f7cf3de08f4d824d1dc488ec159a36ab9c,"[""N_sessions""]",.0f|es,"[""N_sessions""]",verified_numeric_field,{},tests/contract/test_rp4_defense_package.py,tests/contract/test_rp4_defense_additions.py
package_number_0544,package_number,defense_slides.md,,"0,3908",artifacts/rp4_v4_b4/primary_statistics.csv,5c215fc38344839ecedea7b27f69efcb85fbefea84f1367d06229cb7407902d4,"[12, ""p_for_decision""]",.4f|es,"horizon_minutes=15, window=confirmation, family=log_ridge_harq, contrast=B1_over_B0, statistic=mean, field=p_for_decision",verified_numeric_field,{},tests/contract/test_rp4_defense_package.py,tests/contract/test_rp4_defense_additions.py
package_number_0545,package_number,defense_slides.md,,"0,1758",artifacts/rp4_v4_b4/primary_statistics.csv,5c215fc38344839ecedea7b27f69efcb85fbefea84f1367d06229cb7407902d4,"[13, ""p_raw""]",.4f|es,"horizon_minutes=15, window=confirmation, family=log_ridge_harq, contrast=B2_over_B1, statistic=mean, field=p_raw",verified_numeric_field,{},tests/contract/test_rp4_defense_package.py,tests/contract/test_rp4_defense_additions.py
package_number_0546,package_number,defense_slides.md,,"0,0568",artifacts/rp4_v4_b4/primary_statistics.csv,5c215fc38344839ecedea7b27f69efcb85fbefea84f1367d06229cb7407902d4,"[14, ""p_for_decision""]",.4f|es,"horizon_minutes=15, window=confirmation, family=lightgbm_qlike, contrast=B1_over_B0, statistic=mean, field=p_for_decision",verified_numeric_field,{},tests/contract/test_rp4_defense_package.py,tests/contract/test_rp4_defense_additions.py
package_number_0547,package_number,defense_slides.md,,"0,7554",artifacts/rp4_v4_b4/primary_statistics.csv,5c215fc38344839ecedea7b27f69efcb85fbefea84f1367d06229cb7407902d4,"[15, ""p_raw""]",.4f|es,"horizon_minutes=15, window=confirmation, family=lightgbm_qlike, contrast=B2_over_B1, statistic=mean, field=p_raw",verified_numeric_field,{},tests/contract/test_rp4_defense_package.py,tests/contract/test_rp4_defense_additions.py
package_number_0548,package_number,defense_slides.md,,25,artifacts/rp4_v4_b3_rv15/summary.json,1a544479c861bfcb8201cd6ae95702f7cf3de08f4d824d1dc488ec159a36ab9c,"[""N_sessions""]",.0f|es,"[""N_sessions""]",verified_numeric_field,{},tests/contract/test_rp4_defense_package.py,tests/contract/test_rp4_defense_additions.py
package_number_0549,package_number,defense_slides.md,,9.750,artifacts/rp4_v4_b3_rv15/summary.json,1a544479c861bfcb8201cd6ae95702f7cf3de08f4d824d1dc488ec159a36ab9c,"[""N_origins""]",",.0f|es","[""N_origins""]",verified_numeric_field,{},tests/contract/test_rp4_defense_package.py,tests/contract/test_rp4_defense_additions.py
package_number_0550,package_number,defense_slides.md,,2026-08-03,docs/rp4/RESULTADO_FINAL.md,6d629b2416601af39a6e7f4fc0f04db1455b6c20ba4c298e7fb21a6ed00b2b19,[],text_number:12,"primaria v2–v4 tiene 419 sesiones y 160.832 orígenes; la ventana denominada confirmación, 2026-08-03–2026-09-04, tiene 25 sesiones y 9.750 orígenes.  Se comparan una familia lineal y LightGBM. En v3/v4 la lineal es un **",reported_or_registered_text,{},tests/contract/test_rp4_defense_package.py,tests/contract/test_rp4_defense_additions.py
package_number_0551,package_number,defense_slides.md,,2026-09-04,docs/rp4/RESULTADO_FINAL.md,6d629b2416601af39a6e7f4fc0f04db1455b6c20ba4c298e7fb21a6ed00b2b19,[],text_number:13,"–v4 tiene 419 sesiones y 160.832 orígenes; la ventana denominada confirmación, 2026-08-03–2026-09-04, tiene 25 sesiones y 9.750 orígenes.  Se comparan una familia lineal y LightGBM. En v3/v4 la lineal es un **modelo line",reported_or_registered_text,{},tests/contract/test_rp4_defense_package.py,tests/contract/test_rp4_defense_additions.py
package_number_0552,package_number,defense_slides.md,,15,artifacts/rp4_v4_a1/specification.json,0a45b0a608110e2ca0dcf38accc2a0c2521ebbe9d223eb002e36ec51f78afd04,"[""primary_horizon_minutes""]",.0f|es,"[""primary_horizon_minutes""]",verified_numeric_field,{},tests/contract/test_rp4_defense_package.py,tests/contract/test_rp4_defense_additions.py
package_number_0553,package_number,defense_slides.md,,"+0,0047673133",artifacts/rp4_v4_b4/primary_statistics.csv,5c215fc38344839ecedea7b27f69efcb85fbefea84f1367d06229cb7407902d4,"[13, ""estimate""]",+.10f|es,"horizon_minutes=15, window=confirmation, family=log_ridge_harq, contrast=B2_over_B1, statistic=mean, field=estimate",verified_numeric_field,{},tests/contract/test_rp4_defense_package.py,tests/contract/test_rp4_defense_additions.py
package_number_0554,package_number,defense_slides.md,,"−0,0011087291",artifacts/rp4_v4_b4/primary_statistics.csv,5c215fc38344839ecedea7b27f69efcb85fbefea84f1367d06229cb7407902d4,"[13, ""ci_low""]",.10f|es,"horizon_minutes=15, window=confirmation, family=log_ridge_harq, contrast=B2_over_B1, statistic=mean, field=ci_low",verified_numeric_field,{},tests/contract/test_rp4_defense_package.py,tests/contract/test_rp4_defense_additions.py
package_number_0555,package_number,defense_slides.md,,"0,014742153",artifacts/rp4_v4_b4/primary_statistics.csv,5c215fc38344839ecedea7b27f69efcb85fbefea84f1367d06229cb7407902d4,"[13, ""ci_high""]",.9f|es,"horizon_minutes=15, window=confirmation, family=log_ridge_harq, contrast=B2_over_B1, statistic=mean, field=ci_high",verified_numeric_field,{},tests/contract/test_rp4_defense_package.py,tests/contract/test_rp4_defense_additions.py
package_number_0556,package_number,defense_slides.md,,20,docs/rp4/RESULTADO_FINAL.md,6d629b2416601af39a6e7f4fc0f04db1455b6c20ba4c298e7fb21a6ed00b2b19,[],text_number:126,"rio, no una réplica adicional; la búsqueda entre versiones no está corregida.  La ventana 20 de julio a 28 de agosto fue leída una vez por el puente de Fase 8 con otra especificación. El PIT es proxy de tiempo fu",reported_or_registered_text,{},tests/contract/test_rp4_defense_package.py,tests/contract/test_rp4_defense_additions.py
package_number_0557,package_number,defense_slides.md,,28,docs/rp4/RESULTADO_FINAL.md,6d629b2416601af39a6e7f4fc0f04db1455b6c20ba4c298e7fb21a6ed00b2b19,[],text_number:127,"plica adicional; la búsqueda entre versiones no está corregida.  La ventana 20 de julio a 28 de agosto fue leída una vez por el puente de Fase 8 con otra especificación. El PIT es proxy de tiempo fuente a 120 s, ",reported_or_registered_text,{},tests/contract/test_rp4_defense_package.py,tests/contract/test_rp4_defense_additions.py
package_number_0558,package_number,defense_slides.md,,120,artifacts/rp4_v4_a1/specification.json,0a45b0a608110e2ca0dcf38accc2a0c2521ebbe9d223eb002e36ec51f78afd04,"[""source_cutoff_seconds""]",.0f|es,"[""source_cutoff_seconds""]",verified_numeric_field,{},tests/contract/test_rp4_defense_package.py,tests/contract/test_rp4_defense_additions.py
package_number_0559,package_number,defense_slides.md,,2025-01-25,docs/rp4/specification_v4.md,443a0c2628d80f82b0f1a90a7ce7f7c3a8caac38a505c8d12366c7c1c81d6ee9,[],text_number:71,"ión. El PIT es proxy de tiempo fuente a 120 s, como en la literatura.  Hueco UW aceptado: 2025-01-25 a 2025-02-24, sin relleno. La fijación local de v4 no elimina la búsqueda adaptativa previa ni demuestra disponibilidad",reported_or_registered_text,{},tests/contract/test_rp4_defense_package.py,tests/contract/test_rp4_defense_additions.py
package_number_0560,package_number,defense_slides.md,,2025-02-24,docs/rp4/specification_v4.md,443a0c2628d80f82b0f1a90a7ce7f7c3a8caac38a505c8d12366c7c1c81d6ee9,[],text_number:72,"s proxy de tiempo fuente a 120 s, como en la literatura.  Hueco UW aceptado: 2025-01-25 a 2025-02-24, sin relleno. La fijación local de v4 no elimina la búsqueda adaptativa previa ni demuestra disponibilidad histórica al",reported_or_registered_text,{},tests/contract/test_rp4_defense_package.py,tests/contract/test_rp4_defense_additions.py
package_number_0561,package_number,defense_slides.md,,20,docs/rp4/prospective_confirmation_v1_amendment_2_receipt.json,eeeff2504758294cd973e898bcc5ff8f43d2ff5be89f31b3dec8e1d22a5d7f95,"[""primary_look_sessions""]",.0f|es,Registered primary prospective reading requires twenty complete sessions; secondary reading shares this checkpoint.,independently_reviewed_context,{},tests/contract/test_rp4_defense_package.py,tests/contract/test_rp4_defense_additions.py
package_number_0562,package_number,defense_slides.md,,5,docs/rp4/prospective_confirmation_v1_receipt.json,18d3fff1995532a4ff44cf4ae90d1917631798353aa314a24dd14f30d7bd4a66,"[""alpha"", ""@percent""]",.0f|es,Unchanged primary prospective H1-to-H2 sequence alpha.,independently_reviewed_context,{},tests/contract/test_rp4_defense_package.py,tests/contract/test_rp4_defense_additions.py
package_number_0563,package_number,defense_slides.md,,40,docs/rp4/prospective_confirmation_v1_receipt.json,18d3fff1995532a4ff44cf4ae90d1917631798353aa314a24dd14f30d7bd4a66,"[""second_look_sessions""]",.0f|es,"[""second_look_sessions""]",verified_numeric_field,{},tests/contract/test_rp4_defense_package.py,tests/contract/test_rp4_defense_additions.py
package_number_0564,package_number,defense_slides.md,,5,docs/rp4/prospective_confirmation_v1_amendment_2_receipt.json,eeeff2504758294cd973e898bcc5ff8f43d2ff5be89f31b3dec8e1d22a5d7f95,"[""secondary_C"", ""trim_each_tail"", ""@percent""]",.0f|es,Trim fraction per tail,verified_numeric_field,{},tests/contract/test_rp4_defense_package.py,tests/contract/test_rp4_defense_additions.py
package_number_0565,package_number,defense_slides.md,,5,docs/rp4/prospective_confirmation_v1_amendment_2_receipt.json,eeeff2504758294cd973e898bcc5ff8f43d2ff5be89f31b3dec8e1d22a5d7f95,"[""secondary_multiplicity"", ""alpha"", ""@percent""]",.0f|en,Registered alpha for the Holm A/B/C secondary family.,independently_reviewed_context,{},tests/contract/test_rp4_defense_package.py,tests/contract/test_rp4_defense_additions.py
package_number_0566,package_number,defense_slides.md,,25,docs/rp4/prospective_confirmation_v1_amendment_2_receipt.json,eeeff2504758294cd973e898bcc5ff8f43d2ff5be89f31b3dec8e1d22a5d7f95,"[""secondary_D"", ""historical_sessions""]",.0f|es,Pooled D already observed historical sessions,verified_numeric_field,{},tests/contract/test_rp4_defense_package.py,tests/contract/test_rp4_defense_additions.py
package_number_0567,package_number,defense_slides.md,,20,docs/rp4/prospective_confirmation_v1_amendment_2_receipt.json,eeeff2504758294cd973e898bcc5ff8f43d2ff5be89f31b3dec8e1d22a5d7f95,"[""secondary_D"", ""prospective_sessions""]",.0f|es,"Secondary D prospective component: twenty new sessions, added to twenty-five observed historical sessions.",independently_reviewed_context,{},tests/contract/test_rp4_defense_package.py,tests/contract/test_rp4_defense_additions.py
package_number_0568,package_number,defense_slides.md,,45,docs/rp4/prospective_confirmation_v1_amendment_2_receipt.json,eeeff2504758294cd973e898bcc5ff8f43d2ff5be89f31b3dec8e1d22a5d7f95,"[""secondary_D"", ""pooled_sessions""]",.0f|es,"Pooled secondary D, previously observed plus prospective sessions",verified_numeric_field,{},tests/contract/test_rp4_defense_package.py,tests/contract/test_rp4_defense_additions.py
package_number_0569,package_number,defense_slides.md,,20,docs/rp4/prospective_confirmation_v1_amendment_2_receipt.json,eeeff2504758294cd973e898bcc5ff8f43d2ff5be89f31b3dec8e1d22a5d7f95,"[""secondary_single_look_at_prospective_sessions""]",.0f|es,"Shared prospective-session checkpoint, one secondary reading",verified_numeric_field,{},tests/contract/test_rp4_defense_package.py,tests/contract/test_rp4_defense_additions.py
package_number_0570,package_number,defense_slides.md,,2026-09-09,docs/rp4/prospective_confirmation_v1_amendment_1.md,036f81894975a1e452fb2817c7f3989ed89dd6fe601a9378587d70559d3c7bb3,[],text_number:7,"1:58.752153+00:00.** Se añade antes de la primera ejecución del colector, prevista para **2026-09-09 a las 10:00 Australia/Sydney**. En la comprobación local, la tarea no registra ejecución y su directorio de adquisición",reported_or_registered_text,{},tests/contract/test_rp4_defense_package.py,tests/contract/test_rp4_defense_additions.py
package_number_0571,package_number,defense_slides.md,,10,docs/rp4/prospective_confirmation_v1_amendment_1_receipt.json,ac3cc92dc48a0b2250be81500cc23d735283a31a951909c917dabcf8092f1837,"[""collector"", ""start_boundary"", ""@hour""]",.0f|es,"[""collector"", ""start_boundary"", ""@hour""]",verified_numeric_field,{},tests/contract/test_rp4_defense_package.py,tests/contract/test_rp4_defense_additions.py
package_number_0572,package_number,defense_slides.md,,00,docs/rp4/prospective_confirmation_v1_amendment_1_receipt.json,ac3cc92dc48a0b2250be81500cc23d735283a31a951909c917dabcf8092f1837,"[""collector"", ""start_boundary"", ""@minute""]",literal,"[""collector"", ""start_boundary"", ""@minute""]",verified_numeric_field,{},tests/contract/test_rp4_defense_package.py,tests/contract/test_rp4_defense_additions.py
package_number_0573,package_number,defense_slides.md,,2026-09-08,docs/rp4/prospective_confirmation_v1.md,317530c37d2785bb0ce0bfd6a947fc034c78a02bbd5bb102fd17efe8f91b977d,[],text_number:21,"6-09-09 08:00 Australia/Sydney**. Ese primer disparo corresponde a la sesión de mercado **2026-09-08 America/New_York**, cuyo inicio es posterior a este registro. Las fechas de la muestra son siempre sesiones XNYS, no fe",reported_or_registered_text,{},tests/contract/test_rp4_defense_package.py,tests/contract/test_rp4_defense_additions.py
package_number_0574,package_number,defense_slides.md,,40,docs/rp4/prospective_confirmation_v1_receipt.json,18d3fff1995532a4ff44cf4ae90d1917631798353aa314a24dd14f30d7bd4a66,"[""second_look_sessions""]",.0f|es,"[""second_look_sessions""]",verified_numeric_field,{},tests/contract/test_rp4_defense_package.py,tests/contract/test_rp4_defense_additions.py
package_number_0575,package_number,defense_slides.md,,5,docs/rp4/prospective_confirmation_v1_amendment_2_receipt.json,eeeff2504758294cd973e898bcc5ff8f43d2ff5be89f31b3dec8e1d22a5d7f95,"[""secondary_multiplicity"", ""alpha"", ""@percent""]",.0f|es,Nominal alpha shared by the secondary family and primary registration; global_control_claimed=false explicitly denies control over their union.,independently_reviewed_context,{},tests/contract/test_rp4_defense_package.py,tests/contract/test_rp4_defense_additions.py
package_number_0576,package_number,defense_slides.md,,15,artifacts/rp4_v4_a1/specification.json,0a45b0a608110e2ca0dcf38accc2a0c2521ebbe9d223eb002e36ec51f78afd04,"[""primary_horizon_minutes""]",.0f|es,"[""primary_horizon_minutes""]",verified_numeric_field,{},tests/contract/test_rp4_defense_package.py,tests/contract/test_rp4_defense_additions.py
package_number_0577,package_number,defense_slides.md,,2,docs/rp4/prospective_confirmation_v1_amendment_2_receipt.json,eeeff2504758294cd973e898bcc5ff8f43d2ff5be89f31b3dec8e1d22a5d7f95,"[""schema""]",text_number:0,Amendment identifier 2 from the amendment 2 receipt schema.,independently_reviewed_context,{},tests/contract/test_rp4_defense_package.py,tests/contract/test_rp4_defense_additions.py
package_number_0578,package_number,defense_slides.md,,2,docs/rp4/prospective_confirmation_v1_amendment_2_receipt.json,eeeff2504758294cd973e898bcc5ff8f43d2ff5be89f31b3dec8e1d22a5d7f95,"[""schema""]",text_number:0,Amendment identifier 2 from the amendment 2 receipt schema.,independently_reviewed_context,{},tests/contract/test_rp4_defense_package.py,tests/contract/test_rp4_defense_additions.py
