window,session,model,selected_lambda,selected_rounds,selected_leaves,validation_qlike,train_rows,prediction_rows,lower_bound,upper_bound,linear_lower_touches,linear_upper_touches,lgb_log_low_touches,lgb_log_high_touches,lgb_variance_floor_touches,columns_kept,columns_removed
primary,2024-10-28,lightgbm_qlike__B0,,62,31,0.14028299589392862,21450,,,,,,0,0,0,,
primary,2024-10-28,lightgbm_qlike__B1,,87,31,0.14202695705895427,21450,,,,,,0,0,0,,
primary,2024-10-28,lightgbm_qlike__B2,,74,63,0.14338550766441344,21450,,,,,,0,0,0,,
primary,2024-10-28,log_ridge_harq__B0,1.0,,,0.13465771353735143,21450,390,5.3432911513296554e-08,0.004419966478997281,0,0,,,,29,6
primary,2024-10-28,log_ridge_harq__B1,1.0,,,0.14546653276677907,21450,390,5.3432911513296554e-08,0.004419966478997281,0,0,,,,93,22
primary,2024-10-28,log_ridge_harq__B2,100.0,,,0.14480484054470738,21450,390,5.3432911513296554e-08,0.004419966478997281,0,0,,,,151,90
primary,2024-10-29,lightgbm_qlike__B0,,59,31,0.13943897843550798,21840,,,,,,0,0,0,,
primary,2024-10-29,lightgbm_qlike__B1,,107,31,0.14933325341173959,21840,,,,,,0,0,0,,
primary,2024-10-29,lightgbm_qlike__B2,,111,31,0.14607466808925923,21840,,,,,,0,0,0,,
primary,2024-10-29,log_ridge_harq__B0,1.0,,,0.13208998968025315,21840,390,5.3432911513296554e-08,0.004419966478997281,0,0,,,,29,6
primary,2024-10-29,log_ridge_harq__B1,1.0,,,0.14706961299180998,21840,390,5.3432911513296554e-08,0.004419966478997281,0,0,,,,93,22
primary,2024-10-29,log_ridge_harq__B2,100.0,,,0.1465455954942997,21840,390,5.3432911513296554e-08,0.004419966478997281,0,0,,,,151,90
primary,2024-10-30,lightgbm_qlike__B0,,54,31,0.13059184390743095,22230,,,,,,0,0,0,,
primary,2024-10-30,lightgbm_qlike__B1,,93,15,0.15522604124185282,22230,,,,,,0,0,0,,
primary,2024-10-30,lightgbm_qlike__B2,,88,31,0.1515555307624722,22230,,,,,,0,0,0,,
primary,2024-10-30,log_ridge_harq__B0,0.0001,,,0.12512101272527612,22230,390,5.3432911513296554e-08,0.004419966478997281,0,0,,,,29,6
primary,2024-10-30,log_ridge_harq__B1,0.0001,,,0.14884246988371946,22230,390,5.3432911513296554e-08,0.004419966478997281,0,0,,,,93,22
primary,2024-10-30,log_ridge_harq__B2,10000.0,,,0.14662102474477226,22230,390,5.3432911513296554e-08,0.004419966478997281,0,0,,,,151,90
primary,2024-10-31,lightgbm_qlike__B0,,57,63,0.139060547168684,22620,,,,,,0,0,0,,
primary,2024-10-31,lightgbm_qlike__B1,,83,63,0.16261304550600106,22620,,,,,,0,0,0,,
primary,2024-10-31,lightgbm_qlike__B2,,84,63,0.1602222444240281,22620,,,,,,0,0,0,,
primary,2024-10-31,log_ridge_harq__B0,0.0001,,,0.13043492981676524,22620,390,5.3432911513296554e-08,0.004419966478997281,0,0,,,,29,6
primary,2024-10-31,log_ridge_harq__B1,0.0001,,,0.15276305882801736,22620,390,5.3432911513296554e-08,0.004419966478997281,0,0,,,,93,22
primary,2024-10-31,log_ridge_harq__B2,100.0,,,0.15181821987826633,22620,390,5.3432911513296554e-08,0.004419966478997281,0,0,,,,151,90
primary,2024-11-01,lightgbm_qlike__B0,,69,15,0.13455036478156565,23010,,,,,,0,0,0,,
primary,2024-11-01,lightgbm_qlike__B1,,208,31,0.1582905827424092,23010,,,,,,0,0,0,,
primary,2024-11-01,lightgbm_qlike__B2,,78,31,0.16160748759820728,23010,,,,,,0,0,0,,
primary,2024-11-01,log_ridge_harq__B0,0.0001,,,0.12704233723285197,23010,390,5.3432911513296554e-08,0.004419966478997281,0,0,,,,29,6
primary,2024-11-01,log_ridge_harq__B1,0.0001,,,0.15135617118108272,23010,390,5.3432911513296554e-08,0.004419966478997281,0,0,,,,93,22
primary,2024-11-01,log_ridge_harq__B2,100.0,,,0.14907042598710651,23010,390,5.3432911513296554e-08,0.004419966478997281,0,0,,,,151,90
primary,2024-11-04,lightgbm_qlike__B0,,68,15,0.1271134753840066,23400,,,,,,0,0,0,,
primary,2024-11-04,lightgbm_qlike__B1,,86,15,0.1458428049856504,23400,,,,,,0,0,0,,
primary,2024-11-04,lightgbm_qlike__B2,,305,15,0.14275675720273479,23400,,,,,,0,0,0,,
primary,2024-11-04,log_ridge_harq__B0,1.0,,,0.12146141500940107,23400,390,5.3432911513296554e-08,0.004419966478997281,0,0,,,,29,6
primary,2024-11-04,log_ridge_harq__B1,100.0,,,0.14632632607657056,23400,390,5.3432911513296554e-08,0.004419966478997281,0,0,,,,93,22
primary,2024-11-04,log_ridge_harq__B2,100.0,,,0.14424743273506196,23400,390,5.3432911513296554e-08,0.004419966478997281,0,0,,,,151,90
primary,2024-11-05,lightgbm_qlike__B0,,48,63,0.12444694718575941,23790,,,,,,0,0,0,,
primary,2024-11-05,lightgbm_qlike__B1,,66,31,0.1421846341033375,23790,,,,,,0,0,0,,
primary,2024-11-05,lightgbm_qlike__B2,,68,15,0.1399797740125337,23790,,,,,,0,0,0,,
primary,2024-11-05,log_ridge_harq__B0,0.0001,,,0.12094741536747941,23790,390,5.3432911513296554e-08,0.004419966478997281,0,0,,,,29,6
primary,2024-11-05,log_ridge_harq__B1,100.0,,,0.1350994655533252,23790,390,5.3432911513296554e-08,0.004419966478997281,0,0,,,,93,22
primary,2024-11-05,log_ridge_harq__B2,100.0,,,0.13195621571804086,23790,390,5.3432911513296554e-08,0.004419966478997281,0,0,,,,151,90
primary,2024-11-06,lightgbm_qlike__B0,,59,31,0.12362682489265689,24180,,,,,,0,0,0,,
primary,2024-11-06,lightgbm_qlike__B1,,141,15,0.14104777502726765,24180,,,,,,0,0,0,,
primary,2024-11-06,lightgbm_qlike__B2,,61,15,0.13901288407492446,24180,,,,,,0,0,0,,
primary,2024-11-06,log_ridge_harq__B0,100.0,,,0.1193596881784321,24180,390,5.3432911513296554e-08,0.004419966478997281,0,0,,,,29,6
primary,2024-11-06,log_ridge_harq__B1,100.0,,,0.12838727415368872,24180,390,5.3432911513296554e-08,0.004419966478997281,0,0,,,,93,22
primary,2024-11-06,log_ridge_harq__B2,100.0,,,0.12469947597310083,24180,390,5.3432911513296554e-08,0.004419966478997281,0,0,,,,151,90
primary,2024-11-07,lightgbm_qlike__B0,,71,31,0.10311179403464285,24570,,,,,,0,0,0,,
primary,2024-11-07,lightgbm_qlike__B1,,72,15,0.13349431168379766,24570,,,,,,0,0,0,,
primary,2024-11-07,lightgbm_qlike__B2,,128,15,0.12486406612840846,24570,,,,,,0,0,0,,
primary,2024-11-07,log_ridge_harq__B0,0.0001,,,0.10049964278556178,24570,390,5.3432911513296554e-08,0.004419966478997281,0,0,,,,29,6
primary,2024-11-07,log_ridge_harq__B1,100.0,,,0.11241240071585097,24570,390,5.3432911513296554e-08,0.004419966478997281,0,0,,,,93,22
primary,2024-11-07,log_ridge_harq__B2,100.0,,,0.10855113247580934,24570,390,5.3432911513296554e-08,0.004419966478997281,0,0,,,,151,90
primary,2024-11-08,lightgbm_qlike__B0,,63,63,0.1009691950873742,24960,,,,,,0,0,0,,
primary,2024-11-08,lightgbm_qlike__B1,,221,15,0.12840928662245138,24960,,,,,,0,0,0,,
primary,2024-11-08,lightgbm_qlike__B2,,243,15,0.12093328645270593,24960,,,,,,0,0,0,,
primary,2024-11-08,log_ridge_harq__B0,0.0001,,,0.10055205298701622,24960,390,5.3432911513296554e-08,0.004419966478997281,0,0,,,,29,6
primary,2024-11-08,log_ridge_harq__B1,100.0,,,0.10789029702287445,24960,390,5.3432911513296554e-08,0.004419966478997281,0,0,,,,93,22
primary,2024-11-08,log_ridge_harq__B2,100.0,,,0.10455162380732544,24960,390,5.3432911513296554e-08,0.004419966478997281,0,0,,,,151,90
primary,2024-11-11,lightgbm_qlike__B0,,108,31,0.09611858068489396,25350,,,,,,0,0,0,,
primary,2024-11-11,lightgbm_qlike__B1,,174,15,0.1111692224461667,25350,,,,,,0,0,0,,
primary,2024-11-11,lightgbm_qlike__B2,,160,15,0.11162774190069231,25350,,,,,,0,0,0,,
primary,2024-11-11,log_ridge_harq__B0,1.0,,,0.09824635209170103,25350,390,5.3432911513296554e-08,0.004419966478997281,0,0,,,,29,6
primary,2024-11-11,log_ridge_harq__B1,100.0,,,0.10331246535230357,25350,390,5.3432911513296554e-08,0.004419966478997281,0,0,,,,93,22
primary,2024-11-11,log_ridge_harq__B2,100.0,,,0.1001504076743446,25350,390,5.3432911513296554e-08,0.004419966478997281,0,0,,,,151,90
primary,2024-11-12,lightgbm_qlike__B0,,112,31,0.10286922820059016,25740,,,,,,0,0,0,,
primary,2024-11-12,lightgbm_qlike__B1,,106,31,0.10581207908603922,25740,,,,,,0,0,0,,
primary,2024-11-12,lightgbm_qlike__B2,,127,31,0.10512478232672842,25740,,,,,,0,0,0,,
primary,2024-11-12,log_ridge_harq__B0,100.0,,,0.10433135622092482,25740,390,5.3432911513296554e-08,0.0044575165375222905,0,0,,,,29,6
primary,2024-11-12,log_ridge_harq__B1,100.0,,,0.10397915762005058,25740,390,5.3432911513296554e-08,0.0044575165375222905,0,0,,,,93,22
primary,2024-11-12,log_ridge_harq__B2,100.0,,,0.10269285902135714,25740,390,5.3432911513296554e-08,0.0044575165375222905,0,0,,,,151,90
primary,2024-11-13,lightgbm_qlike__B0,,142,15,0.10916665009265339,26130,,,,,,0,0,0,,
primary,2024-11-13,lightgbm_qlike__B1,,113,15,0.11259032831408253,26130,,,,,,0,0,0,,
primary,2024-11-13,lightgbm_qlike__B2,,146,15,0.10858979723526549,26130,,,,,,0,0,0,,
primary,2024-11-13,log_ridge_harq__B0,100.0,,,0.10695704521734135,26130,390,5.3432911513296554e-08,0.0044575165375222905,0,0,,,,29,6
primary,2024-11-13,log_ridge_harq__B1,100.0,,,0.10445367532747427,26130,390,5.3432911513296554e-08,0.0044575165375222905,0,0,,,,93,22
primary,2024-11-13,log_ridge_harq__B2,100.0,,,0.10416843672426142,26130,390,5.3432911513296554e-08,0.0044575165375222905,0,0,,,,151,90
primary,2024-11-14,lightgbm_qlike__B0,,112,15,0.10221802341253912,26520,,,,,,0,0,0,,
primary,2024-11-14,lightgbm_qlike__B1,,105,15,0.10450340756448233,26520,,,,,,0,0,0,,
primary,2024-11-14,lightgbm_qlike__B2,,106,15,0.1037648008170206,26520,,,,,,0,0,0,,
primary,2024-11-14,log_ridge_harq__B0,100.0,,,0.0985920261915978,26520,390,5.3432911513296554e-08,0.0044575165375222905,0,0,,,,29,6
primary,2024-11-14,log_ridge_harq__B1,100.0,,,0.09601767774078739,26520,390,5.3432911513296554e-08,0.0044575165375222905,0,0,,,,93,22
primary,2024-11-14,log_ridge_harq__B2,100.0,,,0.09554255584400331,26520,390,5.3432911513296554e-08,0.0044575165375222905,0,0,,,,151,90
primary,2024-11-15,lightgbm_qlike__B0,,106,31,0.17120201987340714,26910,,,,,,0,0,0,,
primary,2024-11-15,lightgbm_qlike__B1,,95,15,0.17240600697302697,26910,,,,,,0,0,0,,
primary,2024-11-15,lightgbm_qlike__B2,,81,63,0.1702055600913041,26910,,,,,,0,0,0,,
primary,2024-11-15,log_ridge_harq__B0,100.0,,,0.1690904820457546,26910,390,5.3432911513296554e-08,0.0044575165375222905,0,0,,,,29,6
primary,2024-11-15,log_ridge_harq__B1,100.0,,,0.17516082436773123,26910,390,5.3432911513296554e-08,0.0044575165375222905,0,0,,,,93,22
primary,2024-11-15,log_ridge_harq__B2,100.0,,,0.16647378520558528,26910,390,5.3432911513296554e-08,0.0044575165375222905,0,0,,,,151,90
primary,2024-11-18,lightgbm_qlike__B0,,126,31,0.17769104406784833,27300,,,,,,0,0,0,,
primary,2024-11-18,lightgbm_qlike__B1,,89,31,0.1797752533787451,27300,,,,,,0,0,0,,
primary,2024-11-18,lightgbm_qlike__B2,,89,63,0.1780256576689974,27300,,,,,,0,0,0,,
primary,2024-11-18,log_ridge_harq__B0,100.0,,,0.1749469112919646,27300,390,5.3432911513296554e-08,0.0044575165375222905,0,0,,,,29,6
primary,2024-11-18,log_ridge_harq__B1,100.0,,,0.1816512353989677,27300,390,5.3432911513296554e-08,0.0044575165375222905,0,0,,,,93,22
primary,2024-11-18,log_ridge_harq__B2,100.0,,,0.17290427522212995,27300,390,5.3432911513296554e-08,0.0044575165375222905,0,0,,,,151,90
primary,2024-11-19,lightgbm_qlike__B0,,108,31,0.17926174385455437,27690,,,,,,0,0,0,,
primary,2024-11-19,lightgbm_qlike__B1,,88,15,0.18006911839359924,27690,,,,,,0,0,0,,
primary,2024-11-19,lightgbm_qlike__B2,,81,63,0.18163084935955498,27690,,,,,,0,0,0,,
primary,2024-11-19,log_ridge_harq__B0,100.0,,,0.1753094792827779,27690,390,5.3432911513296554e-08,0.0044575165375222905,0,0,,,,29,6
primary,2024-11-19,log_ridge_harq__B1,100.0,,,0.18186476742120763,27690,390,5.3432911513296554e-08,0.0044575165375222905,0,0,,,,93,22
primary,2024-11-19,log_ridge_harq__B2,100.0,,,0.17307892678642306,27690,390,5.3432911513296554e-08,0.0044575165375222905,0,0,,,,151,90
primary,2024-11-20,lightgbm_qlike__B0,,134,15,0.1800447494910971,28080,,,,,,0,0,0,,
primary,2024-11-20,lightgbm_qlike__B1,,100,15,0.17975978288071767,28080,,,,,,0,0,0,,
primary,2024-11-20,lightgbm_qlike__B2,,105,15,0.18268044224938804,28080,,,,,,0,0,0,,
primary,2024-11-20,log_ridge_harq__B0,100.0,,,0.17568758202578838,28080,390,5.3432911513296554e-08,0.0044575165375222905,0,0,,,,29,6
primary,2024-11-20,log_ridge_harq__B1,100.0,,,0.18299151694021248,28080,390,5.3432911513296554e-08,0.0044575165375222905,0,0,,,,93,22
primary,2024-11-20,log_ridge_harq__B2,100.0,,,0.17417439443402832,28080,390,5.3432911513296554e-08,0.0044575165375222905,0,0,,,,151,90
primary,2024-11-21,lightgbm_qlike__B0,,107,31,0.18000414868145,28470,,,,,,0,0,0,,
primary,2024-11-21,lightgbm_qlike__B1,,88,15,0.18504249457640182,28470,,,,,,0,0,0,,
primary,2024-11-21,lightgbm_qlike__B2,,105,31,0.17915461288981052,28470,,,,,,0,0,0,,
primary,2024-11-21,log_ridge_harq__B0,100.0,,,0.1737594315827164,28470,390,5.3432911513296554e-08,0.0044575165375222905,0,0,,,,29,6
primary,2024-11-21,log_ridge_harq__B1,100.0,,,0.1798606462452335,28470,390,5.3432911513296554e-08,0.0044575165375222905,0,0,,,,93,22
primary,2024-11-21,log_ridge_harq__B2,100.0,,,0.1701337779929058,28470,390,5.3432911513296554e-08,0.0044575165375222905,0,0,,,,151,90
primary,2024-11-22,lightgbm_qlike__B0,,124,15,0.1791400809754013,28860,,,,,,0,0,0,,
primary,2024-11-22,lightgbm_qlike__B1,,83,15,0.18497280095761717,28860,,,,,,0,0,0,,
primary,2024-11-22,lightgbm_qlike__B2,,101,15,0.18566561591458758,28860,,,,,,0,0,0,,
primary,2024-11-22,log_ridge_harq__B0,100.0,,,0.1742162919099681,28860,390,5.3432911513296554e-08,0.0044575165375222905,0,0,,,,29,6
primary,2024-11-22,log_ridge_harq__B1,100.0,,,0.1811180129445587,28860,390,5.3432911513296554e-08,0.0044575165375222905,0,0,,,,93,22
primary,2024-11-22,log_ridge_harq__B2,100.0,,,0.1715703731487863,28860,390,5.3432911513296554e-08,0.0044575165375222905,0,0,,,,151,90
primary,2024-11-25,lightgbm_qlike__B0,,138,15,0.17267407456803346,29250,,,,,,0,0,0,,
primary,2024-11-25,lightgbm_qlike__B1,,89,15,0.18390453324099984,29250,,,,,,0,0,0,,
primary,2024-11-25,lightgbm_qlike__B2,,99,15,0.1778776858098527,29250,,,,,,0,0,0,,
primary,2024-11-25,log_ridge_harq__B0,100.0,,,0.17077271202334474,29250,390,5.3432911513296554e-08,0.0044575165375222905,0,0,,,,29,6
primary,2024-11-25,log_ridge_harq__B1,100.0,,,0.17706824474141497,29250,390,5.3432911513296554e-08,0.0044575165375222905,0,0,,,,93,22
primary,2024-11-25,log_ridge_harq__B2,100.0,,,0.16879403386415331,29250,390,5.3432911513296554e-08,0.0044575165375222905,0,0,,,,151,90
primary,2024-11-26,lightgbm_qlike__B0,,120,15,0.17545513231458304,29640,,,,,,0,0,0,,
primary,2024-11-26,lightgbm_qlike__B1,,90,15,0.18255210121064108,29640,,,,,,0,0,0,,
primary,2024-11-26,lightgbm_qlike__B2,,94,15,0.17985950427061909,29640,,,,,,0,0,0,,
primary,2024-11-26,log_ridge_harq__B0,1.0,,,0.17451178371897652,29640,390,5.3432911513296554e-08,0.0044575165375222905,0,0,,,,29,6
primary,2024-11-26,log_ridge_harq__B1,10000.0,,,0.18173919572364156,29640,390,5.3432911513296554e-08,0.0044575165375222905,0,0,,,,93,22
primary,2024-11-26,log_ridge_harq__B2,100.0,,,0.17507307778776687,29640,390,5.3432911513296554e-08,0.0044575165375222905,0,0,,,,151,90
primary,2024-11-27,lightgbm_qlike__B0,,127,15,0.17092000588142206,30030,,,,,,0,0,0,,
primary,2024-11-27,lightgbm_qlike__B1,,105,15,0.17192795694202967,30030,,,,,,0,0,0,,
primary,2024-11-27,lightgbm_qlike__B2,,86,15,0.17078023242546217,30030,,,,,,0,0,0,,
primary,2024-11-27,log_ridge_harq__B0,100.0,,,0.17398103583741814,30030,390,5.3432911513296554e-08,0.0044575165375222905,0,0,,,,29,6
primary,2024-11-27,log_ridge_harq__B1,10000.0,,,0.1791836775175512,30030,390,5.3432911513296554e-08,0.0044575165375222905,0,0,,,,93,22
primary,2024-11-27,log_ridge_harq__B2,100.0,,,0.17432277478266095,30030,390,5.3432911513296554e-08,0.0044575165375222905,0,0,,,,151,90
primary,2024-11-29,lightgbm_qlike__B0,,75,15,0.17604344916809647,30420,,,,,,0,0,0,,
primary,2024-11-29,lightgbm_qlike__B1,,178,15,0.16842533171048862,30420,,,,,,0,0,0,,
primary,2024-11-29,lightgbm_qlike__B2,,72,31,0.16863878072343677,30420,,,,,,0,0,0,,
primary,2024-11-29,log_ridge_harq__B0,100.0,,,0.17625045472865195,30420,174,5.3432911513296554e-08,0.0044575165375222905,0,0,,,,29,6
primary,2024-11-29,log_ridge_harq__B1,10000.0,,,0.18112341407895444,30420,174,5.3432911513296554e-08,0.0044575165375222905,0,0,,,,93,22
primary,2024-11-29,log_ridge_harq__B2,100.0,,,0.17531091300825072,30420,174,5.3432911513296554e-08,0.0044575165375222905,0,0,,,,151,90
primary,2024-12-02,lightgbm_qlike__B0,,99,31,0.10494235957303304,30594,,,,,,0,0,0,,
primary,2024-12-02,lightgbm_qlike__B1,,126,15,0.10352814561471788,30594,,,,,,0,0,0,,
primary,2024-12-02,lightgbm_qlike__B2,,82,15,0.10383249347239568,30594,,,,,,0,0,0,,
primary,2024-12-02,log_ridge_harq__B0,100.0,,,0.10533248295494776,30594,390,5.3432911513296554e-08,0.0044575165375222905,0,0,,,,30,5
primary,2024-12-02,log_ridge_harq__B1,10000.0,,,0.11074871088146376,30594,390,5.3432911513296554e-08,0.0044575165375222905,0,0,,,,94,21
primary,2024-12-02,log_ridge_harq__B2,100.0,,,0.10832799684002392,30594,390,5.3432911513296554e-08,0.0044575165375222905,0,0,,,,152,89
primary,2024-12-03,lightgbm_qlike__B0,,91,15,0.10017252969650219,30984,,,,,,0,0,0,,
primary,2024-12-03,lightgbm_qlike__B1,,99,31,0.1001524518074464,30984,,,,,,0,0,0,,
primary,2024-12-03,lightgbm_qlike__B2,,90,15,0.09924120100205942,30984,,,,,,0,0,0,,
primary,2024-12-03,log_ridge_harq__B0,100.0,,,0.10113212461332884,30984,390,5.3432911513296554e-08,0.0044575165375222905,0,0,,,,30,5
primary,2024-12-03,log_ridge_harq__B1,10000.0,,,0.1052324789292042,30984,390,5.3432911513296554e-08,0.0044575165375222905,0,0,,,,94,21
primary,2024-12-03,log_ridge_harq__B2,100.0,,,0.10205964183190035,30984,390,5.3432911513296554e-08,0.0044575165375222905,0,0,,,,152,89
primary,2024-12-04,lightgbm_qlike__B0,,93,31,0.11361650404211114,31374,,,,,,0,0,0,,
primary,2024-12-04,lightgbm_qlike__B1,,112,31,0.11072118618884874,31374,,,,,,0,0,0,,
primary,2024-12-04,lightgbm_qlike__B2,,121,31,0.1121298754455109,31374,,,,,,0,0,0,,
primary,2024-12-04,log_ridge_harq__B0,100.0,,,0.11150454942905945,31374,390,5.3432911513296554e-08,0.0044575165375222905,0,0,,,,30,5
primary,2024-12-04,log_ridge_harq__B1,10000.0,,,0.11574828670908655,31374,390,5.3432911513296554e-08,0.0044575165375222905,0,0,,,,94,21
primary,2024-12-04,log_ridge_harq__B2,100.0,,,0.11344005728566853,31374,390,5.3432911513296554e-08,0.0044575165375222905,0,0,,,,152,89
primary,2024-12-05,lightgbm_qlike__B0,,149,31,0.11667567797904783,31764,,,,,,0,0,0,,
primary,2024-12-05,lightgbm_qlike__B1,,81,63,0.1138279895631487,31764,,,,,,0,0,0,,
primary,2024-12-05,lightgbm_qlike__B2,,98,15,0.11558227691730676,31764,,,,,,0,0,0,,
primary,2024-12-05,log_ridge_harq__B0,100.0,,,0.11375755946444022,31764,390,5.3432911513296554e-08,0.0044575165375222905,0,0,,,,30,5
primary,2024-12-05,log_ridge_harq__B1,10000.0,,,0.11769221438935369,31764,390,5.3432911513296554e-08,0.0044575165375222905,0,0,,,,94,21
primary,2024-12-05,log_ridge_harq__B2,10000.0,,,0.11833689433551761,31764,390,5.3432911513296554e-08,0.0044575165375222905,0,0,,,,152,89
primary,2024-12-06,lightgbm_qlike__B0,,98,15,0.11865172737012339,32154,,,,,,0,0,0,,
primary,2024-12-06,lightgbm_qlike__B1,,106,63,0.11811623897608503,32154,,,,,,0,0,0,,
primary,2024-12-06,lightgbm_qlike__B2,,108,31,0.11666781358003489,32154,,,,,,0,0,0,,
primary,2024-12-06,log_ridge_harq__B0,100.0,,,0.11626095752510482,32154,390,5.3432911513296554e-08,0.0044575165375222905,0,0,,,,30,5
primary,2024-12-06,log_ridge_harq__B1,10000.0,,,0.12078496232313711,32154,390,5.3432911513296554e-08,0.0044575165375222905,0,0,,,,94,21
primary,2024-12-06,log_ridge_harq__B2,100.0,,,0.11743650774790071,32154,390,5.3432911513296554e-08,0.0044575165375222905,0,0,,,,152,89
primary,2024-12-09,lightgbm_qlike__B0,,76,31,0.11581078944616308,32544,,,,,,0,0,0,,
primary,2024-12-09,lightgbm_qlike__B1,,198,31,0.11488381263719691,32544,,,,,,0,0,0,,
primary,2024-12-09,lightgbm_qlike__B2,,87,31,0.11641213120941449,32544,,,,,,0,0,0,,
primary,2024-12-09,log_ridge_harq__B0,1.0,,,0.11575748852605736,32544,390,5.3432911513296554e-08,0.0044575165375222905,0,0,,,,30,5
primary,2024-12-09,log_ridge_harq__B1,100.0,,,0.11420508389014665,32544,390,5.3432911513296554e-08,0.0044575165375222905,0,0,,,,94,21
primary,2024-12-09,log_ridge_harq__B2,100.0,,,0.11677611333671796,32544,390,5.3432911513296554e-08,0.0044575165375222905,0,0,,,,152,89
primary,2024-12-10,lightgbm_qlike__B0,,74,31,0.11613635985036216,32934,,,,,,0,0,0,,
primary,2024-12-10,lightgbm_qlike__B1,,240,15,0.11853320062006145,32934,,,,,,0,0,0,,
primary,2024-12-10,lightgbm_qlike__B2,,248,15,0.11746061551828199,32934,,,,,,0,0,0,,
primary,2024-12-10,log_ridge_harq__B0,1.0,,,0.11417746894464524,32934,390,5.3432911513296554e-08,0.0044575165375222905,0,0,,,,30,5
primary,2024-12-10,log_ridge_harq__B1,10000.0,,,0.12159425384567073,32934,390,5.3432911513296554e-08,0.0044575165375222905,0,0,,,,94,21
primary,2024-12-10,log_ridge_harq__B2,100.0,,,0.11458636055484535,32934,390,5.3432911513296554e-08,0.0044575165375222905,0,0,,,,152,89
primary,2024-12-11,lightgbm_qlike__B0,,82,15,0.11524524392608063,33324,,,,,,0,0,0,,
primary,2024-12-11,lightgbm_qlike__B1,,110,15,0.11619937965525344,33324,,,,,,0,0,0,,
primary,2024-12-11,lightgbm_qlike__B2,,148,15,0.11337244296328615,33324,,,,,,0,0,0,,
primary,2024-12-11,log_ridge_harq__B0,1.0,,,0.10699311169267386,33324,390,5.3432911513296554e-08,0.0044575165375222905,0,0,,,,30,5
primary,2024-12-11,log_ridge_harq__B1,100.0,,,0.10645641129976244,33324,390,5.3432911513296554e-08,0.0044575165375222905,0,0,,,,95,20
primary,2024-12-11,log_ridge_harq__B2,100.0,,,0.10613052632262347,33324,390,5.3432911513296554e-08,0.0044575165375222905,0,0,,,,153,88
primary,2024-12-12,lightgbm_qlike__B0,,152,15,0.1130455779756813,33714,,,,,,0,0,0,,
primary,2024-12-12,lightgbm_qlike__B1,,158,15,0.11337523083084151,33714,,,,,,0,0,0,,
primary,2024-12-12,lightgbm_qlike__B2,,145,15,0.11106394308069127,33714,,,,,,0,0,0,,
primary,2024-12-12,log_ridge_harq__B0,1.0,,,0.10507522094924618,33714,390,5.3432911513296554e-08,0.0044575165375222905,0,0,,,,30,5
primary,2024-12-12,log_ridge_harq__B1,100.0,,,0.10639974064082536,33714,390,5.3432911513296554e-08,0.0044575165375222905,0,0,,,,95,20
primary,2024-12-12,log_ridge_harq__B2,10000.0,,,0.11000106748660363,33714,390,5.3432911513296554e-08,0.0044575165375222905,0,0,,,,153,88
primary,2024-12-13,lightgbm_qlike__B0,,67,31,0.10961814825557106,34104,,,,,,0,0,0,,
primary,2024-12-13,lightgbm_qlike__B1,,63,31,0.11314222848208108,34104,,,,,,0,0,0,,
primary,2024-12-13,lightgbm_qlike__B2,,73,63,0.11070005196650445,34104,,,,,,0,0,0,,
primary,2024-12-13,log_ridge_harq__B0,100.0,,,0.10227471203584315,34104,390,5.3432911513296554e-08,0.0044575165375222905,0,0,,,,30,5
primary,2024-12-13,log_ridge_harq__B1,100.0,,,0.10436986553640737,34104,390,5.3432911513296554e-08,0.0044575165375222905,0,0,,,,95,20
primary,2024-12-13,log_ridge_harq__B2,10000.0,,,0.10790269806849888,34104,390,5.3432911513296554e-08,0.0044575165375222905,0,0,,,,153,88
primary,2024-12-16,lightgbm_qlike__B0,,137,31,0.10916809939865146,34494,,,,,,0,0,0,,
primary,2024-12-16,lightgbm_qlike__B1,,137,63,0.11413300826847736,34494,,,,,,0,0,0,,
primary,2024-12-16,lightgbm_qlike__B2,,90,63,0.10960990195034861,34494,,,,,,0,0,0,,
primary,2024-12-16,log_ridge_harq__B0,1.0,,,0.10327291932507791,34494,390,5.3432911513296554e-08,0.0044575165375222905,0,0,,,,30,5
primary,2024-12-16,log_ridge_harq__B1,100.0,,,0.10654877429397935,34494,390,5.3432911513296554e-08,0.0044575165375222905,0,0,,,,95,20
primary,2024-12-16,log_ridge_harq__B2,100.0,,,0.10582482621331543,34494,390,5.3432911513296554e-08,0.0044575165375222905,0,0,,,,153,88
primary,2024-12-17,lightgbm_qlike__B0,,96,63,0.10956391499371673,34884,,,,,,0,0,0,,
primary,2024-12-17,lightgbm_qlike__B1,,139,63,0.11254251138734861,34884,,,,,,0,0,0,,
primary,2024-12-17,lightgbm_qlike__B2,,122,63,0.11117327664732599,34884,,,,,,0,0,0,,
primary,2024-12-17,log_ridge_harq__B0,1.0,,,0.10383142839502746,34884,390,5.3432911513296554e-08,0.0044575165375222905,0,0,,,,30,5
primary,2024-12-17,log_ridge_harq__B1,100.0,,,0.10696950575506203,34884,390,5.3432911513296554e-08,0.0044575165375222905,0,0,,,,95,20
primary,2024-12-17,log_ridge_harq__B2,100.0,,,0.10663427829208641,34884,390,5.3432911513296554e-08,0.0044575165375222905,0,0,,,,153,88
primary,2024-12-18,lightgbm_qlike__B0,,125,31,0.09859742560196322,35274,,,,,,0,0,0,,
primary,2024-12-18,lightgbm_qlike__B1,,99,31,0.10531286055888874,35274,,,,,,0,0,0,,
primary,2024-12-18,lightgbm_qlike__B2,,108,63,0.10019794240577833,35274,,,,,,0,0,0,,
primary,2024-12-18,log_ridge_harq__B0,1.0,,,0.09420762780756368,35274,390,5.3432911513296554e-08,0.0044575165375222905,0,0,,,,30,5
primary,2024-12-18,log_ridge_harq__B1,100.0,,,0.09798966527710846,35274,390,5.3432911513296554e-08,0.0044575165375222905,0,0,,,,95,20
primary,2024-12-18,log_ridge_harq__B2,100.0,,,0.09675581654568274,35274,390,5.3432911513296554e-08,0.0044575165375222905,0,0,,,,153,88
primary,2024-12-19,lightgbm_qlike__B0,,159,15,0.14795410545804616,35664,,,,,,0,0,0,,
primary,2024-12-19,lightgbm_qlike__B1,,113,15,0.15423124108774589,35664,,,,,,0,0,0,,
primary,2024-12-19,lightgbm_qlike__B2,,133,31,0.14687242184301935,35664,,,,,,0,0,0,,
primary,2024-12-19,log_ridge_harq__B0,1.0,,,0.14544934996724437,35664,390,5.3432911513296554e-08,0.010290475794998435,0,0,,,,30,5
primary,2024-12-19,log_ridge_harq__B1,100.0,,,0.1417776373291853,35664,390,5.3432911513296554e-08,0.010290475794998435,0,0,,,,95,20
primary,2024-12-19,log_ridge_harq__B2,1.0,,,0.139884098600319,35664,390,5.3432911513296554e-08,0.010290475794998435,0,0,,,,153,88
primary,2024-12-20,lightgbm_qlike__B0,,135,15,0.149510010212232,36054,,,,,,0,0,0,,
primary,2024-12-20,lightgbm_qlike__B1,,129,31,0.15685087456859115,36054,,,,,,0,0,0,,
primary,2024-12-20,lightgbm_qlike__B2,,146,31,0.15069044344519134,36054,,,,,,0,0,0,,
primary,2024-12-20,log_ridge_harq__B0,0.0001,,,0.1460891180634492,36054,390,5.3432911513296554e-08,0.010290475794998435,0,0,,,,30,5
primary,2024-12-20,log_ridge_harq__B1,1.0,,,0.1431317479106232,36054,390,5.3432911513296554e-08,0.010290475794998435,0,0,,,,95,20
primary,2024-12-20,log_ridge_harq__B2,1.0,,,0.14125559272277088,36054,390,5.3432911513296554e-08,0.010290475794998435,0,0,,,,153,88
primary,2024-12-23,lightgbm_qlike__B0,,126,31,0.15089433192734822,36444,,,,,,0,0,0,,
primary,2024-12-23,lightgbm_qlike__B1,,122,31,0.15853457879473887,36444,,,,,,0,0,0,,
primary,2024-12-23,lightgbm_qlike__B2,,216,15,0.15469196523500092,36444,,,,,,0,0,0,,
primary,2024-12-23,log_ridge_harq__B0,0.01,,,0.14708275057763276,36444,390,5.3432911513296554e-08,0.010290475794998435,0,0,,,,30,5
primary,2024-12-23,log_ridge_harq__B1,1.0,,,0.14472444302070117,36444,390,5.3432911513296554e-08,0.010290475794998435,0,0,,,,95,20
primary,2024-12-23,log_ridge_harq__B2,1.0,,,0.14304248660152916,36444,390,5.3432911513296554e-08,0.010290475794998435,0,0,,,,153,88
primary,2024-12-24,lightgbm_qlike__B0,,150,15,0.1479849254096401,36834,,,,,,0,0,0,,
primary,2024-12-24,lightgbm_qlike__B1,,132,31,0.15840009237676522,36834,,,,,,0,0,0,,
primary,2024-12-24,lightgbm_qlike__B2,,111,31,0.15415289150464692,36834,,,,,,0,0,0,,
primary,2024-12-24,log_ridge_harq__B0,0.0001,,,0.1455546040332471,36834,174,5.3432911513296554e-08,0.010290475794998435,0,0,,,,30,5
primary,2024-12-24,log_ridge_harq__B1,1.0,,,0.14359962919911204,36834,174,5.3432911513296554e-08,0.010290475794998435,0,0,,,,95,20
primary,2024-12-24,log_ridge_harq__B2,0.01,,,0.14246722676154788,36834,174,5.3432911513296554e-08,0.010290475794998435,0,0,,,,153,88
primary,2024-12-26,lightgbm_qlike__B0,,285,15,0.14246664728238673,37008,,,,,,0,0,0,,
primary,2024-12-26,lightgbm_qlike__B1,,231,15,0.15513022809694763,37008,,,,,,0,0,0,,
primary,2024-12-26,lightgbm_qlike__B2,,207,15,0.15228046933590755,37008,,,,,,0,0,0,,
primary,2024-12-26,log_ridge_harq__B0,1.0,,,0.14949479758024592,37008,390,5.3432911513296554e-08,0.010290475794998435,0,0,,,,30,5
primary,2024-12-26,log_ridge_harq__B1,1.0,,,0.14916726757220208,37008,390,5.3432911513296554e-08,0.010290475794998435,0,0,,,,95,20
primary,2024-12-26,log_ridge_harq__B2,1.0,,,0.1478934660181545,37008,390,5.3432911513296554e-08,0.010290475794998435,0,0,,,,153,88
primary,2024-12-27,lightgbm_qlike__B0,,146,31,0.14877397939720316,37398,,,,,,0,0,0,,
primary,2024-12-27,lightgbm_qlike__B1,,167,31,0.15936169914626178,37398,,,,,,0,0,0,,
primary,2024-12-27,lightgbm_qlike__B2,,183,31,0.15555637164752228,37398,,,,,,0,0,0,,
primary,2024-12-27,log_ridge_harq__B0,1.0,,,0.1510003192418449,37398,390,5.3432911513296554e-08,0.010290475794998435,0,0,,,,30,5
primary,2024-12-27,log_ridge_harq__B1,1.0,,,0.1494365445295301,37398,390,5.3432911513296554e-08,0.010290475794998435,0,0,,,,95,20
primary,2024-12-27,log_ridge_harq__B2,0.01,,,0.1490915146796748,37398,390,5.3432911513296554e-08,0.010290475794998435,0,0,,,,153,88
primary,2024-12-30,lightgbm_qlike__B0,,259,15,0.14339431333859626,37788,,,,,,0,0,0,,
primary,2024-12-30,lightgbm_qlike__B1,,189,15,0.15279889774017807,37788,,,,,,0,0,0,,
primary,2024-12-30,lightgbm_qlike__B2,,166,15,0.15426132930894015,37788,,,,,,0,0,0,,
primary,2024-12-30,log_ridge_harq__B0,1.0,,,0.14960000905985557,37788,390,5.3432911513296554e-08,0.010290475794998435,0,0,,,,30,5
primary,2024-12-30,log_ridge_harq__B1,1.0,,,0.14730967458566446,37788,390,5.3432911513296554e-08,0.010290475794998435,0,0,,,,95,20
primary,2024-12-30,log_ridge_harq__B2,1.0,,,0.1467348310694136,37788,390,5.3432911513296554e-08,0.010290475794998435,0,0,,,,153,88
primary,2024-12-31,lightgbm_qlike__B0,,198,15,0.14802027464003548,38178,,,,,,0,0,0,,
primary,2024-12-31,lightgbm_qlike__B1,,245,15,0.1559148953608274,38178,,,,,,0,0,0,,
primary,2024-12-31,lightgbm_qlike__B2,,162,15,0.15758156595753386,38178,,,,,,0,0,0,,
primary,2024-12-31,log_ridge_harq__B0,1.0,,,0.1496496128781813,38178,390,5.3432911513296554e-08,0.010290475794998435,0,0,,,,30,5
primary,2024-12-31,log_ridge_harq__B1,1.0,,,0.14770838189654042,38178,390,5.3432911513296554e-08,0.010290475794998435,0,0,,,,95,20
primary,2024-12-31,log_ridge_harq__B2,0.0001,,,0.147205786818216,38178,390,5.3432911513296554e-08,0.010290475794998435,0,0,,,,153,88
primary,2025-01-02,lightgbm_qlike__B0,,140,15,0.1514473123303916,38568,,,,,,0,0,0,,
primary,2025-01-02,lightgbm_qlike__B1,,108,31,0.16087954526152723,38568,,,,,,0,0,0,,
primary,2025-01-02,lightgbm_qlike__B2,,193,15,0.15715795618222056,38568,,,,,,0,0,0,,
primary,2025-01-02,log_ridge_harq__B0,1.0,,,0.15227579844159866,38568,390,5.3432911513296554e-08,0.010290475794998435,0,0,,,,30,5
primary,2025-01-02,log_ridge_harq__B1,1.0,,,0.15072367285982746,38568,390,5.3432911513296554e-08,0.010290475794998435,0,0,,,,95,20
primary,2025-01-02,log_ridge_harq__B2,0.0001,,,0.1506101321241214,38568,390,5.3432911513296554e-08,0.010290475794998435,0,0,,,,153,88
primary,2025-01-03,lightgbm_qlike__B0,,187,15,0.1538434831717407,38958,,,,,,0,0,0,,
primary,2025-01-03,lightgbm_qlike__B1,,222,15,0.16115198076624332,38958,,,,,,0,0,0,,
primary,2025-01-03,lightgbm_qlike__B2,,232,15,0.1616612574855306,38958,,,,,,0,0,0,,
primary,2025-01-03,log_ridge_harq__B0,1.0,,,0.15207438797411427,38958,390,5.3432911513296554e-08,0.010290475794998435,0,0,,,,30,5
primary,2025-01-03,log_ridge_harq__B1,1.0,,,0.15248671475937503,38958,390,5.3432911513296554e-08,0.010290475794998435,0,0,,,,95,20
primary,2025-01-03,log_ridge_harq__B2,0.0001,,,0.15312216968886563,38958,390,5.3432911513296554e-08,0.010290475794998435,0,0,,,,153,88
primary,2025-01-06,lightgbm_qlike__B0,,135,15,0.10289549410946078,39348,,,,,,0,0,0,,
primary,2025-01-06,lightgbm_qlike__B1,,126,15,0.10674514082990354,39348,,,,,,0,0,0,,
primary,2025-01-06,lightgbm_qlike__B2,,117,15,0.10699443894552474,39348,,,,,,0,0,0,,
primary,2025-01-06,log_ridge_harq__B0,100.0,,,0.10235305878667247,39348,390,5.3432911513296554e-08,0.010290475794998435,0,0,,,,30,5
primary,2025-01-06,log_ridge_harq__B1,0.0001,,,0.1033713255289294,39348,390,5.3432911513296554e-08,0.010290475794998435,0,0,,,,95,20
primary,2025-01-06,log_ridge_harq__B2,100.0,,,0.10468898167861156,39348,390,5.3432911513296554e-08,0.010290475794998435,0,0,,,,153,88
primary,2025-01-07,lightgbm_qlike__B0,,144,15,0.10024384550624828,39738,,,,,,0,0,0,,
primary,2025-01-07,lightgbm_qlike__B1,,83,15,0.10508860654199399,39738,,,,,,0,0,0,,
primary,2025-01-07,lightgbm_qlike__B2,,72,15,0.10448024795907133,39738,,,,,,0,0,0,,
primary,2025-01-07,log_ridge_harq__B0,100.0,,,0.10328040713230253,39738,390,5.3432911513296554e-08,0.010290475794998435,0,0,,,,30,5
primary,2025-01-07,log_ridge_harq__B1,100.0,,,0.10373537680859295,39738,390,5.3432911513296554e-08,0.010290475794998435,0,0,,,,95,20
primary,2025-01-07,log_ridge_harq__B2,100.0,,,0.10447107583757356,39738,390,5.3432911513296554e-08,0.010290475794998435,0,0,,,,153,88
primary,2025-01-08,lightgbm_qlike__B0,,78,31,0.10095915495916874,40128,,,,,,0,0,0,,
primary,2025-01-08,lightgbm_qlike__B1,,64,15,0.10165454435463883,40128,,,,,,0,0,0,,
primary,2025-01-08,lightgbm_qlike__B2,,66,15,0.10064997794891099,40128,,,,,,0,0,0,,
primary,2025-01-08,log_ridge_harq__B0,100.0,,,0.10188650671301909,40128,390,5.3432911513296554e-08,0.010290475794998435,0,0,,,,30,5
primary,2025-01-08,log_ridge_harq__B1,100.0,,,0.10215476257341279,40128,390,5.3432911513296554e-08,0.010290475794998435,0,0,,,,95,20
primary,2025-01-08,log_ridge_harq__B2,100.0,,,0.10315304929398832,40128,390,5.3432911513296554e-08,0.010290475794998435,0,0,,,,153,88
primary,2025-01-10,lightgbm_qlike__B0,,81,31,0.09914794097069446,40518,,,,,,0,0,0,,
primary,2025-01-10,lightgbm_qlike__B1,,59,15,0.10422230219961703,40518,,,,,,0,0,0,,
primary,2025-01-10,lightgbm_qlike__B2,,63,15,0.10324175264902535,40518,,,,,,0,0,0,,
primary,2025-01-10,log_ridge_harq__B0,100.0,,,0.100945698596786,40518,390,5.3432911513296554e-08,0.010290475794998435,0,0,,,,30,5
primary,2025-01-10,log_ridge_harq__B1,100.0,,,0.10226941795089653,40518,390,5.3432911513296554e-08,0.010290475794998435,0,0,,,,95,20
primary,2025-01-10,log_ridge_harq__B2,100.0,,,0.10373196627621903,40518,390,5.3432911513296554e-08,0.010290475794998435,0,0,,,,153,88
primary,2025-01-13,lightgbm_qlike__B0,,108,15,0.09660366129067628,40908,,,,,,0,0,0,,
primary,2025-01-13,lightgbm_qlike__B1,,58,15,0.1009694568367245,40908,,,,,,0,0,0,,
primary,2025-01-13,lightgbm_qlike__B2,,69,15,0.10043653923603413,40908,,,,,,0,0,0,,
primary,2025-01-13,log_ridge_harq__B0,100.0,,,0.09312656619000761,40908,390,5.3432911513296554e-08,0.010290475794998435,0,0,,,,30,5
primary,2025-01-13,log_ridge_harq__B1,0.0001,,,0.09489832336735117,40908,390,5.3432911513296554e-08,0.010290475794998435,0,0,,,,95,20
primary,2025-01-13,log_ridge_harq__B2,100.0,,,0.09670100276313866,40908,390,5.3432911513296554e-08,0.010290475794998435,0,0,,,,153,88
primary,2025-01-14,lightgbm_qlike__B0,,116,15,0.09223168531178268,41298,,,,,,0,0,0,,
primary,2025-01-14,lightgbm_qlike__B1,,60,15,0.0967370515785401,41298,,,,,,0,0,0,,
primary,2025-01-14,lightgbm_qlike__B2,,60,31,0.09649881605330694,41298,,,,,,0,0,0,,
primary,2025-01-14,log_ridge_harq__B0,100.0,,,0.08977972045218781,41298,390,5.3432911513296554e-08,0.010290475794998435,0,0,,,,30,5
primary,2025-01-14,log_ridge_harq__B1,100.0,,,0.09110505298555929,41298,390,5.3432911513296554e-08,0.010290475794998435,0,0,,,,95,20
primary,2025-01-14,log_ridge_harq__B2,100.0,,,0.09238853432107287,41298,390,5.3432911513296554e-08,0.010290475794998435,0,0,,,,153,88
primary,2025-01-15,lightgbm_qlike__B0,,86,15,0.10184413473908141,41688,,,,,,0,0,0,,
primary,2025-01-15,lightgbm_qlike__B1,,64,15,0.10434069650520153,41688,,,,,,0,0,0,,
primary,2025-01-15,lightgbm_qlike__B2,,65,15,0.1039882268220795,41688,,,,,,0,0,0,,
primary,2025-01-15,log_ridge_harq__B0,1.0,,,0.09645916558375589,41688,390,5.3432911513296554e-08,0.010290475794998435,0,0,,,,30,5
primary,2025-01-15,log_ridge_harq__B1,0.0001,,,0.098771046231827,41688,390,5.3432911513296554e-08,0.010290475794998435,0,0,,,,95,20
primary,2025-01-15,log_ridge_harq__B2,100.0,,,0.09999991374083474,41688,390,5.3432911513296554e-08,0.010290475794998435,0,0,,,,153,88
primary,2025-01-16,lightgbm_qlike__B0,,95,15,0.102301881437285,42078,,,,,,0,0,0,,
primary,2025-01-16,lightgbm_qlike__B1,,74,15,0.1048417653810757,42078,,,,,,0,0,0,,
primary,2025-01-16,lightgbm_qlike__B2,,66,15,0.10392862891830952,42078,,,,,,0,0,0,,
primary,2025-01-16,log_ridge_harq__B0,1.0,,,0.09646563368032349,42078,390,5.3432911513296554e-08,0.010290475794998435,0,0,,,,30,5
primary,2025-01-16,log_ridge_harq__B1,1.0,,,0.09728937601595043,42078,390,5.3432911513296554e-08,0.010290475794998435,0,0,,,,95,20
primary,2025-01-16,log_ridge_harq__B2,100.0,,,0.09848772861157208,42078,390,5.3432911513296554e-08,0.010290475794998435,0,0,,,,153,88
primary,2025-01-17,lightgbm_qlike__B0,,94,15,0.09869183024427652,42468,,,,,,0,0,0,,
primary,2025-01-17,lightgbm_qlike__B1,,82,15,0.09979103927731192,42468,,,,,,0,0,0,,
primary,2025-01-17,lightgbm_qlike__B2,,96,15,0.09940070257891291,42468,,,,,,0,0,0,,
primary,2025-01-17,log_ridge_harq__B0,100.0,,,0.09471304612154212,42468,390,5.3432911513296554e-08,0.010290475794998435,0,0,,,,30,5
primary,2025-01-17,log_ridge_harq__B1,100.0,,,0.0951494067461924,42468,390,5.3432911513296554e-08,0.010290475794998435,0,0,,,,95,20
primary,2025-01-17,log_ridge_harq__B2,100.0,,,0.09537613140289407,42468,390,5.3432911513296554e-08,0.010290475794998435,0,0,,,,153,88
primary,2025-01-21,lightgbm_qlike__B0,,125,15,0.10034998683156604,42858,,,,,,0,0,0,,
primary,2025-01-21,lightgbm_qlike__B1,,91,15,0.10019880412861945,42858,,,,,,0,0,0,,
primary,2025-01-21,lightgbm_qlike__B2,,93,15,0.09842549761186178,42858,,,,,,0,0,0,,
primary,2025-01-21,log_ridge_harq__B0,100.0,,,0.10014459208326476,42858,390,5.3432911513296554e-08,0.010290475794998435,0,0,,,,30,5
primary,2025-01-21,log_ridge_harq__B1,0.0001,,,0.0981251504233061,42858,390,5.3432911513296554e-08,0.010290475794998435,0,0,,,,95,20
primary,2025-01-21,log_ridge_harq__B2,1.0,,,0.09709808827015178,42858,390,5.3432911513296554e-08,0.010290475794998435,0,0,,,,153,88
primary,2025-01-22,lightgbm_qlike__B0,,127,15,0.10446243700591433,43248,,,,,,0,0,0,,
primary,2025-01-22,lightgbm_qlike__B1,,75,15,0.10444037324667921,43248,,,,,,0,0,0,,
primary,2025-01-22,lightgbm_qlike__B2,,74,15,0.10367644282917265,43248,,,,,,0,0,0,,
primary,2025-01-22,log_ridge_harq__B0,100.0,,,0.1013208953611322,43248,390,5.3432911513296554e-08,0.010290475794998435,0,0,,,,30,5
primary,2025-01-22,log_ridge_harq__B1,1.0,,,0.10169919212702423,43248,390,5.3432911513296554e-08,0.010290475794998435,0,0,,,,95,20
primary,2025-01-22,log_ridge_harq__B2,1.0,,,0.10018328269953229,43248,390,5.3432911513296554e-08,0.010290475794998435,0,0,,,,153,88
primary,2025-01-23,lightgbm_qlike__B0,,76,15,0.10531586075179149,43638,,,,,,0,0,0,,
primary,2025-01-23,lightgbm_qlike__B1,,73,15,0.10451286539444682,43638,,,,,,0,0,0,,
primary,2025-01-23,lightgbm_qlike__B2,,72,15,0.1038033507378933,43638,,,,,,0,0,0,,
primary,2025-01-23,log_ridge_harq__B0,100.0,,,0.10131893983589506,43638,390,5.3432911513296554e-08,0.010290475794998435,0,0,,,,30,5
primary,2025-01-23,log_ridge_harq__B1,1.0,,,0.10142412385415463,43638,390,5.3432911513296554e-08,0.010290475794998435,0,0,,,,95,20
primary,2025-01-23,log_ridge_harq__B2,1.0,,,0.10016145959393301,43638,390,5.3432911513296554e-08,0.010290475794998435,0,0,,,,153,88
primary,2025-01-24,lightgbm_qlike__B0,,81,15,0.10412254026737293,44028,,,,,,0,0,0,,
primary,2025-01-24,lightgbm_qlike__B1,,68,15,0.10581811930192322,44028,,,,,,0,0,0,,
primary,2025-01-24,lightgbm_qlike__B2,,75,15,0.10394766027739688,44028,,,,,,0,0,0,,
primary,2025-01-24,log_ridge_harq__B0,100.0,,,0.10062779686384773,44028,390,5.3432911513296554e-08,0.010290475794998435,0,0,,,,30,5
primary,2025-01-24,log_ridge_harq__B1,1.0,,,0.10069973186165226,44028,390,5.3432911513296554e-08,0.010290475794998435,0,0,,,,95,20
primary,2025-01-24,log_ridge_harq__B2,1.0,,,0.0992302081763816,44028,390,5.3432911513296554e-08,0.010290475794998435,0,0,,,,153,88
primary,2025-02-25,lightgbm_qlike__B0,,71,15,0.11379294235056384,44418,,,,,,0,0,0,,
primary,2025-02-25,lightgbm_qlike__B1,,67,15,0.11102845289226634,44418,,,,,,0,0,0,,
primary,2025-02-25,lightgbm_qlike__B2,,61,31,0.10993075350115955,44418,,,,,,0,0,0,,
primary,2025-02-25,log_ridge_harq__B0,100.0,,,0.10961331388819417,44418,390,5.3432911513296554e-08,0.010290475794998435,0,0,,,,30,5
primary,2025-02-25,log_ridge_harq__B1,100.0,,,0.10959552133583177,44418,390,5.3432911513296554e-08,0.010290475794998435,0,0,,,,95,20
primary,2025-02-25,log_ridge_harq__B2,100.0,,,0.10749228577738994,44418,390,5.3432911513296554e-08,0.010290475794998435,0,0,,,,153,88
primary,2025-02-26,lightgbm_qlike__B0,,99,15,0.11461027477794536,44808,,,,,,0,0,0,,
primary,2025-02-26,lightgbm_qlike__B1,,87,15,0.11133136569477524,44808,,,,,,0,0,0,,
primary,2025-02-26,lightgbm_qlike__B2,,87,15,0.10944680619590705,44808,,,,,,0,0,0,,
primary,2025-02-26,log_ridge_harq__B0,100.0,,,0.1087322633900721,44808,390,5.3432911513296554e-08,0.010290475794998435,0,0,,,,30,5
primary,2025-02-26,log_ridge_harq__B1,1.0,,,0.10909733901329106,44808,390,5.3432911513296554e-08,0.010290475794998435,0,0,,,,95,20
primary,2025-02-26,log_ridge_harq__B2,1.0,,,0.10688121630194532,44808,390,5.3432911513296554e-08,0.010290475794998435,0,0,,,,153,88
primary,2025-02-27,lightgbm_qlike__B0,,99,15,0.11634491640834717,45198,,,,,,0,0,0,,
primary,2025-02-27,lightgbm_qlike__B1,,87,15,0.11556907349949226,45198,,,,,,0,0,0,,
primary,2025-02-27,lightgbm_qlike__B2,,91,15,0.11288655257271367,45198,,,,,,0,0,0,,
primary,2025-02-27,log_ridge_harq__B0,100.0,,,0.11219070455792206,45198,390,5.3432911513296554e-08,0.010290475794998435,0,0,,,,30,5
primary,2025-02-27,log_ridge_harq__B1,1.0,,,0.11293634131536572,45198,390,5.3432911513296554e-08,0.010290475794998435,0,0,,,,95,20
primary,2025-02-27,log_ridge_harq__B2,1.0,,,0.11054085721192564,45198,390,5.3432911513296554e-08,0.010290475794998435,0,0,,,,153,88
primary,2025-02-28,lightgbm_qlike__B0,,107,15,0.11165831711636527,45588,,,,,,0,0,0,,
primary,2025-02-28,lightgbm_qlike__B1,,103,15,0.10946658170694815,45588,,,,,,0,0,0,,
primary,2025-02-28,lightgbm_qlike__B2,,86,15,0.1081063863614635,45588,,,,,,0,0,0,,
primary,2025-02-28,log_ridge_harq__B0,100.0,,,0.10786687135239088,45588,390,5.3432911513296554e-08,0.010290475794998435,0,0,,,,30,5
primary,2025-02-28,log_ridge_harq__B1,0.0001,,,0.10889801211833003,45588,390,5.3432911513296554e-08,0.010290475794998435,0,0,,,,95,20
primary,2025-02-28,log_ridge_harq__B2,1.0,,,0.1059897844790216,45588,390,5.3432911513296554e-08,0.010290475794998435,0,0,,,,153,88
primary,2025-03-03,lightgbm_qlike__B0,,101,15,0.11128812239638201,45978,,,,,,0,0,0,,
primary,2025-03-03,lightgbm_qlike__B1,,96,15,0.11337034116324754,45978,,,,,,0,0,0,,
primary,2025-03-03,lightgbm_qlike__B2,,93,15,0.1110063262569854,45978,,,,,,0,0,0,,
primary,2025-03-03,log_ridge_harq__B0,100.0,,,0.10874094167303912,45978,390,5.3432911513296554e-08,0.010290475794998435,0,0,,,,30,5
primary,2025-03-03,log_ridge_harq__B1,0.0001,,,0.11206960947224856,45978,390,5.3432911513296554e-08,0.010290475794998435,0,0,,,,95,20
primary,2025-03-03,log_ridge_harq__B2,0.0001,,,0.10880721152935957,45978,390,5.3432911513296554e-08,0.010290475794998435,0,0,,,,153,88
primary,2025-03-04,lightgbm_qlike__B0,,90,15,0.12339008401122493,46368,,,,,,0,0,0,,
primary,2025-03-04,lightgbm_qlike__B1,,93,15,0.12578449139817244,46368,,,,,,0,0,0,,
primary,2025-03-04,lightgbm_qlike__B2,,89,15,0.12351396572326787,46368,,,,,,0,0,0,,
primary,2025-03-04,log_ridge_harq__B0,0.0001,,,0.11769175624439562,46368,390,5.3432911513296554e-08,0.010290475794998435,0,0,,,,30,5
primary,2025-03-04,log_ridge_harq__B1,0.0001,,,0.1243611029002178,46368,390,5.3432911513296554e-08,0.010290475794998435,0,0,,,,95,20
primary,2025-03-04,log_ridge_harq__B2,0.0001,,,0.11853496571972229,46368,390,5.3432911513296554e-08,0.010290475794998435,0,0,,,,153,88
primary,2025-03-05,lightgbm_qlike__B0,,95,15,0.1190352751775933,46758,,,,,,0,0,0,,
primary,2025-03-05,lightgbm_qlike__B1,,88,15,0.12647018092530993,46758,,,,,,0,0,0,,
primary,2025-03-05,lightgbm_qlike__B2,,112,15,0.12429487483573312,46758,,,,,,0,0,0,,
primary,2025-03-05,log_ridge_harq__B0,0.0001,,,0.1160843698857306,46758,390,5.3432911513296554e-08,0.010290475794998435,0,0,,,,30,5
primary,2025-03-05,log_ridge_harq__B1,0.0001,,,0.12592481076648107,46758,390,5.3432911513296554e-08,0.010290475794998435,0,0,,,,95,20
primary,2025-03-05,log_ridge_harq__B2,0.0001,,,0.11706221580841107,46758,390,5.3432911513296554e-08,0.010290475794998435,0,0,,,,153,88
primary,2025-03-06,lightgbm_qlike__B0,,117,15,0.11710362811399418,47148,,,,,,0,0,0,,
primary,2025-03-06,lightgbm_qlike__B1,,95,15,0.12207103119675941,47148,,,,,,0,0,0,,
primary,2025-03-06,lightgbm_qlike__B2,,80,15,0.12638126065872615,47148,,,,,,0,0,0,,
primary,2025-03-06,log_ridge_harq__B0,0.0001,,,0.11530503219101632,47148,390,5.3432911513296554e-08,0.010290475794998435,0,0,,,,30,5
primary,2025-03-06,log_ridge_harq__B1,0.0001,,,0.12600289040258822,47148,390,5.3432911513296554e-08,0.010290475794998435,0,0,,,,95,20
primary,2025-03-06,log_ridge_harq__B2,0.0001,,,0.11372450342594949,47148,390,5.3432911513296554e-08,0.010290475794998435,0,0,,,,153,88
primary,2025-03-07,lightgbm_qlike__B0,,98,15,0.12017744777047423,47538,,,,,,0,0,0,,
primary,2025-03-07,lightgbm_qlike__B1,,96,15,0.12734528478990353,47538,,,,,,0,0,0,,
primary,2025-03-07,lightgbm_qlike__B2,,97,15,0.13143541766993663,47538,,,,,,0,0,0,,
primary,2025-03-07,log_ridge_harq__B0,0.0001,,,0.11702058464357212,47538,390,5.3432911513296554e-08,0.010290475794998435,0,0,,,,30,5
primary,2025-03-07,log_ridge_harq__B1,0.0001,,,0.12946937072079967,47538,390,5.3432911513296554e-08,0.010290475794998435,0,0,,,,95,20
primary,2025-03-07,log_ridge_harq__B2,0.0001,,,0.11440363042002362,47538,390,5.3432911513296554e-08,0.010290475794998435,0,0,,,,153,88
primary,2025-03-10,lightgbm_qlike__B0,,118,15,0.1238725338288427,47928,,,,,,0,0,0,,
primary,2025-03-10,lightgbm_qlike__B1,,86,15,0.13392271935848674,47928,,,,,,0,0,0,,
primary,2025-03-10,lightgbm_qlike__B2,,90,15,0.13429102173046312,47928,,,,,,0,0,0,,
primary,2025-03-10,log_ridge_harq__B0,0.0001,,,0.12330156856137371,47928,390,5.3432911513296554e-08,0.010290475794998435,0,0,,,,30,5
primary,2025-03-10,log_ridge_harq__B1,0.0001,,,0.13878623448557298,47928,390,5.3432911513296554e-08,0.010290475794998435,0,0,,,,95,20
primary,2025-03-10,log_ridge_harq__B2,0.0001,,,0.12000439253325634,47928,390,5.3432911513296554e-08,0.010290475794998435,0,0,,,,153,88
primary,2025-03-11,lightgbm_qlike__B0,,97,15,0.11950339196488621,48318,,,,,,0,0,0,,
primary,2025-03-11,lightgbm_qlike__B1,,101,15,0.13195195024496295,48318,,,,,,0,0,0,,
primary,2025-03-11,lightgbm_qlike__B2,,92,15,0.1327619678512887,48318,,,,,,0,0,0,,
primary,2025-03-11,log_ridge_harq__B0,0.0001,,,0.12195797967298061,48318,390,5.3432911513296554e-08,0.010290475794998435,0,0,,,,30,5
primary,2025-03-11,log_ridge_harq__B1,0.0001,,,0.1411859191909361,48318,390,5.3432911513296554e-08,0.010290475794998435,0,0,,,,95,20
primary,2025-03-11,log_ridge_harq__B2,0.0001,,,0.11631224707014223,48318,390,5.3432911513296554e-08,0.010290475794998435,0,0,,,,153,88
primary,2025-03-12,lightgbm_qlike__B0,,96,15,0.12935208574788068,48708,,,,,,0,0,0,,
primary,2025-03-12,lightgbm_qlike__B1,,105,15,0.13411670096236178,48708,,,,,,0,0,0,,
primary,2025-03-12,lightgbm_qlike__B2,,111,15,0.1353636341603707,48708,,,,,,0,0,0,,
primary,2025-03-12,log_ridge_harq__B0,0.0001,,,0.1277927847641042,48708,378,5.3432911513296554e-08,0.010290475794998435,0,0,,,,30,5
primary,2025-03-12,log_ridge_harq__B1,0.0001,,,0.13606895935141736,48708,378,5.3432911513296554e-08,0.010290475794998435,0,0,,,,95,20
primary,2025-03-12,log_ridge_harq__B2,0.0001,,,0.1089289955346773,48708,378,5.3432911513296554e-08,0.010290475794998435,0,0,,,,153,88
primary,2025-03-13,lightgbm_qlike__B0,,90,15,0.12971768567223513,49086,,,,,,0,0,0,,
primary,2025-03-13,lightgbm_qlike__B1,,107,15,0.13253986772268264,49086,,,,,,0,0,0,,
primary,2025-03-13,lightgbm_qlike__B2,,160,15,0.1313347090239322,49086,,,,,,0,0,0,,
primary,2025-03-13,log_ridge_harq__B0,0.0001,,,0.131507977988276,49086,378,5.3432911513296554e-08,0.010290475794998435,0,0,,,,30,5
primary,2025-03-13,log_ridge_harq__B1,0.0001,,,0.13437152496383253,49086,378,5.3432911513296554e-08,0.010290475794998435,0,0,,,,95,20
primary,2025-03-13,log_ridge_harq__B2,0.0001,,,0.10638398546205693,49086,378,5.3432911513296554e-08,0.010290475794998435,0,0,,,,153,88
primary,2025-03-14,lightgbm_qlike__B0,,90,15,0.12335126547465716,49464,,,,,,0,0,0,,
primary,2025-03-14,lightgbm_qlike__B1,,143,15,0.12492597727989749,49464,,,,,,0,0,0,,
primary,2025-03-14,lightgbm_qlike__B2,,169,15,0.12856552045798683,49464,,,,,,0,0,0,,
primary,2025-03-14,log_ridge_harq__B0,0.0001,,,0.12831741351054382,49464,370,5.3432911513296554e-08,0.010290475794998435,0,0,,,,30,5
primary,2025-03-14,log_ridge_harq__B1,0.0001,,,0.12896717963382182,49464,370,5.3432911513296554e-08,0.010290475794998435,0,0,,,,95,20
primary,2025-03-14,log_ridge_harq__B2,0.0001,,,0.10251767130661427,49464,370,5.3432911513296554e-08,0.010290475794998435,0,0,,,,153,88
primary,2025-03-17,lightgbm_qlike__B0,,104,15,0.1152680682284631,49834,,,,,,0,0,0,,
primary,2025-03-17,lightgbm_qlike__B1,,87,31,0.11561324957994001,49834,,,,,,0,0,0,,
primary,2025-03-17,lightgbm_qlike__B2,,116,15,0.1138112892176901,49834,,,,,,0,0,0,,
primary,2025-03-17,log_ridge_harq__B0,0.0001,,,0.12042538965974273,49834,390,5.3432911513296554e-08,0.010290475794998435,0,0,,,,30,5
primary,2025-03-17,log_ridge_harq__B1,0.0001,,,0.11607632733932309,49834,390,5.3432911513296554e-08,0.010290475794998435,0,0,,,,95,20
primary,2025-03-17,log_ridge_harq__B2,0.0001,,,0.0935716161059981,49834,390,5.3432911513296554e-08,0.010290475794998435,0,0,,,,153,88
primary,2025-03-18,lightgbm_qlike__B0,,150,15,0.09314292393158655,50224,,,,,,0,0,0,,
primary,2025-03-18,lightgbm_qlike__B1,,330,15,0.08422235852601226,50224,,,,,,0,0,0,,
primary,2025-03-18,lightgbm_qlike__B2,,367,15,0.08473814083284016,50224,,,,,,0,0,0,,
primary,2025-03-18,log_ridge_harq__B0,0.0001,,,0.0992696655885805,50224,390,5.3432911513296554e-08,0.010290475794998435,0,0,,,,30,5
primary,2025-03-18,log_ridge_harq__B1,0.0001,,,0.0919240126796993,50224,390,5.3432911513296554e-08,0.010290475794998435,0,0,,,,95,20
primary,2025-03-18,log_ridge_harq__B2,100.0,,,0.07816017191026321,50224,390,5.3432911513296554e-08,0.010290475794998435,0,0,,,,153,88
primary,2025-03-19,lightgbm_qlike__B0,,214,15,0.08864143464751321,50614,,,,,,0,0,0,,
primary,2025-03-19,lightgbm_qlike__B1,,195,31,0.07996332349103592,50614,,,,,,0,0,0,,
primary,2025-03-19,lightgbm_qlike__B2,,202,31,0.07736739301302212,50614,,,,,,0,0,0,,
primary,2025-03-19,log_ridge_harq__B0,0.0001,,,0.09090529933539958,50614,390,5.3432911513296554e-08,0.010290475794998435,0,0,,,,30,5
primary,2025-03-19,log_ridge_harq__B1,0.0001,,,0.08431018320018344,50614,390,5.3432911513296554e-08,0.010290475794998435,0,0,,,,95,20
primary,2025-03-19,log_ridge_harq__B2,100.0,,,0.07555355331150568,50614,390,5.3432911513296554e-08,0.010290475794998435,0,0,,,,153,88
primary,2025-03-20,lightgbm_qlike__B0,,150,15,0.1012037725217609,51004,,,,,,0,0,0,,
primary,2025-03-20,lightgbm_qlike__B1,,474,15,0.08822366523244432,51004,,,,,,0,0,0,,
primary,2025-03-20,lightgbm_qlike__B2,,220,31,0.08836305138899707,51004,,,,,,0,0,0,,
primary,2025-03-20,log_ridge_harq__B0,100.0,,,0.10721481695578428,51004,390,5.3432911513296554e-08,0.010290475794998435,0,0,,,,30,5
primary,2025-03-20,log_ridge_harq__B1,0.0001,,,0.10064658316446354,51004,390,5.3432911513296554e-08,0.010290475794998435,0,0,,,,95,20
primary,2025-03-20,log_ridge_harq__B2,100.0,,,0.09362291867390513,51004,390,5.3432911513296554e-08,0.010290475794998435,0,0,,,,153,88
primary,2025-03-21,lightgbm_qlike__B0,,228,31,0.09476688058574206,51394,,,,,,0,0,0,,
primary,2025-03-21,lightgbm_qlike__B1,,433,15,0.08215196304312898,51394,,,,,,0,0,0,,
primary,2025-03-21,lightgbm_qlike__B2,,182,31,0.08425760334319327,51394,,,,,,0,0,0,,
primary,2025-03-21,log_ridge_harq__B0,100.0,,,0.10034709311334726,51394,390,5.3432911513296554e-08,0.010290475794998435,0,0,,,,30,5
primary,2025-03-21,log_ridge_harq__B1,0.0001,,,0.09464615629741474,51394,390,5.3432911513296554e-08,0.010290475794998435,0,0,,,,95,20
primary,2025-03-21,log_ridge_harq__B2,100.0,,,0.08978692716225589,51394,390,5.3432911513296554e-08,0.010290475794998435,0,0,,,,153,88
primary,2025-03-24,lightgbm_qlike__B0,,413,15,0.08899348941551637,51784,,,,,,0,0,0,,
primary,2025-03-24,lightgbm_qlike__B1,,350,15,0.08227029524891807,51784,,,,,,0,0,0,,
primary,2025-03-24,lightgbm_qlike__B2,,207,15,0.08327510257699552,51784,,,,,,0,0,0,,
primary,2025-03-24,log_ridge_harq__B0,100.0,,,0.09773951896084529,51784,390,5.3432911513296554e-08,0.010290475794998435,0,0,,,,30,5
primary,2025-03-24,log_ridge_harq__B1,100.0,,,0.09318802978309623,51784,390,5.3432911513296554e-08,0.010290475794998435,0,0,,,,95,20
primary,2025-03-24,log_ridge_harq__B2,100.0,,,0.0916233497473319,51784,390,5.3432911513296554e-08,0.010290475794998435,0,0,,,,153,88
primary,2025-03-25,lightgbm_qlike__B0,,245,31,0.0911472987010526,52174,,,,,,0,0,0,,
primary,2025-03-25,lightgbm_qlike__B1,,579,15,0.08463519342484689,52174,,,,,,0,0,0,,
primary,2025-03-25,lightgbm_qlike__B2,,362,15,0.085314420403127,52174,,,,,,0,0,0,,
primary,2025-03-25,log_ridge_harq__B0,100.0,,,0.09494274238105797,52174,390,5.3432911513296554e-08,0.010290475794998435,0,0,,,,30,5
primary,2025-03-25,log_ridge_harq__B1,100.0,,,0.0930950074185606,52174,390,5.3432911513296554e-08,0.010290475794998435,0,0,,,,95,20
primary,2025-03-25,log_ridge_harq__B2,100.0,,,0.09422999332247861,52174,390,5.3432911513296554e-08,0.010290475794998435,0,0,,,,153,88
primary,2025-03-26,lightgbm_qlike__B0,,128,15,0.10183070575915973,52564,,,,,,0,0,0,,
primary,2025-03-26,lightgbm_qlike__B1,,69,63,0.09563285435493589,52564,,,,,,0,0,0,,
primary,2025-03-26,lightgbm_qlike__B2,,138,15,0.09907547449300419,52564,,,,,,0,0,0,,
primary,2025-03-26,log_ridge_harq__B0,100.0,,,0.11011586613394546,52564,390,5.3432911513296554e-08,0.010290475794998435,0,0,,,,30,5
primary,2025-03-26,log_ridge_harq__B1,100.0,,,0.10962044004516949,52564,390,5.3432911513296554e-08,0.010290475794998435,0,0,,,,95,20
primary,2025-03-26,log_ridge_harq__B2,10000.0,,,0.11160972165791887,52564,390,5.3432911513296554e-08,0.010290475794998435,0,0,,,,153,88
primary,2025-03-27,lightgbm_qlike__B0,,103,15,0.09730488805353833,52954,,,,,,0,0,0,,
primary,2025-03-27,lightgbm_qlike__B1,,76,63,0.09395107228545765,52954,,,,,,0,0,0,,
primary,2025-03-27,lightgbm_qlike__B2,,88,15,0.09529858649743686,52954,,,,,,0,0,0,,
primary,2025-03-27,log_ridge_harq__B0,10000.0,,,0.10679758919632647,52954,390,5.3432911513296554e-08,0.010290475794998435,0,0,,,,30,5
primary,2025-03-27,log_ridge_harq__B1,10000.0,,,0.10643141586315183,52954,390,5.3432911513296554e-08,0.010290475794998435,0,0,,,,95,20
primary,2025-03-27,log_ridge_harq__B2,10000.0,,,0.10828116502269516,52954,390,5.3432911513296554e-08,0.010290475794998435,0,0,,,,153,88
primary,2025-03-28,lightgbm_qlike__B0,,106,15,0.10018499564381436,53344,,,,,,0,0,0,,
primary,2025-03-28,lightgbm_qlike__B1,,332,31,0.09333541566421334,53344,,,,,,0,0,0,,
primary,2025-03-28,lightgbm_qlike__B2,,151,15,0.09639090319328363,53344,,,,,,0,0,0,,
primary,2025-03-28,log_ridge_harq__B0,100.0,,,0.10931934263931209,53344,390,5.3432911513296554e-08,0.010290475794998435,0,0,,,,30,5
primary,2025-03-28,log_ridge_harq__B1,100.0,,,0.10761843265284723,53344,390,5.3432911513296554e-08,0.010290475794998435,0,0,,,,95,20
primary,2025-03-28,log_ridge_harq__B2,10000.0,,,0.10985525384645838,53344,390,5.3432911513296554e-08,0.010290475794998435,0,0,,,,153,88
primary,2025-03-31,lightgbm_qlike__B0,,273,15,0.10339762100647254,53734,,,,,,0,0,0,,
primary,2025-03-31,lightgbm_qlike__B1,,383,31,0.09514978013080867,53734,,,,,,0,0,0,,
primary,2025-03-31,lightgbm_qlike__B2,,293,15,0.09801965556658412,53734,,,,,,0,0,0,,
primary,2025-03-31,log_ridge_harq__B0,10000.0,,,0.10946361618078633,53734,390,5.3432911513296554e-08,0.010290475794998435,0,0,,,,30,5
primary,2025-03-31,log_ridge_harq__B1,10000.0,,,0.10766000909900253,53734,390,5.3432911513296554e-08,0.010290475794998435,0,0,,,,95,20
primary,2025-03-31,log_ridge_harq__B2,10000.0,,,0.11007739224145027,53734,390,5.3432911513296554e-08,0.010290475794998435,0,0,,,,153,88
primary,2025-04-01,lightgbm_qlike__B0,,106,31,0.11020738308461989,54124,,,,,,0,0,0,,
primary,2025-04-01,lightgbm_qlike__B1,,368,31,0.0991348328227976,54124,,,,,,0,0,0,,
primary,2025-04-01,lightgbm_qlike__B2,,198,63,0.10183595643674144,54124,,,,,,0,0,0,,
primary,2025-04-01,log_ridge_harq__B0,10000.0,,,0.11996891343584921,54124,390,5.3432911513296554e-08,0.010290475794998435,0,0,,,,30,5
primary,2025-04-01,log_ridge_harq__B1,10000.0,,,0.117623144647549,54124,390,5.3432911513296554e-08,0.010290475794998435,0,0,,,,95,20
primary,2025-04-01,log_ridge_harq__B2,10000.0,,,0.11833205647368346,54124,390,5.3432911513296554e-08,0.010290475794998435,0,0,,,,153,88
primary,2025-04-02,lightgbm_qlike__B0,,156,15,0.10591529529032036,54514,,,,,,0,0,0,,
primary,2025-04-02,lightgbm_qlike__B1,,656,15,0.09610264414459617,54514,,,,,,0,0,0,,
primary,2025-04-02,lightgbm_qlike__B2,,498,15,0.09706164070287641,54514,,,,,,0,0,0,,
primary,2025-04-02,log_ridge_harq__B0,100.0,,,0.11782109504461806,54514,390,5.3432911513296554e-08,0.010290475794998435,0,0,,,,30,5
primary,2025-04-02,log_ridge_harq__B1,100.0,,,0.11527822389897191,54514,390,5.3432911513296554e-08,0.010290475794998435,0,0,,,,95,20
primary,2025-04-02,log_ridge_harq__B2,100.0,,,0.11539789393958326,54514,390,5.3432911513296554e-08,0.010290475794998435,0,0,,,,153,88
primary,2025-04-03,lightgbm_qlike__B0,,134,15,0.11893530233837384,54904,,,,,,0,0,0,,
primary,2025-04-03,lightgbm_qlike__B1,,194,63,0.10650544259593356,54904,,,,,,0,0,0,,
primary,2025-04-03,lightgbm_qlike__B2,,359,31,0.10719753424278484,54904,,,,,,0,0,0,,
primary,2025-04-03,log_ridge_harq__B0,100.0,,,0.12229117136872836,54904,390,5.3432911513296554e-08,0.010290475794998435,0,0,,,,30,5
primary,2025-04-03,log_ridge_harq__B1,100.0,,,0.11828957005741805,54904,390,5.3432911513296554e-08,0.010290475794998435,0,0,,,,95,20
primary,2025-04-03,log_ridge_harq__B2,0.0001,,,0.11925044689372943,54904,390,5.3432911513296554e-08,0.010290475794998435,0,0,,,,153,88
primary,2025-04-07,lightgbm_qlike__B0,,230,15,0.11687054431587116,55294,,,,,,0,0,0,,
primary,2025-04-07,lightgbm_qlike__B1,,300,63,0.10425141783193434,55294,,,,,,0,0,0,,
primary,2025-04-07,lightgbm_qlike__B2,,229,31,0.10549616167453975,55294,,,,,,0,0,0,,
primary,2025-04-07,log_ridge_harq__B0,100.0,,,0.1209937967769098,55294,390,5.3432911513296554e-08,0.010290475794998435,0,0,,,,30,5
primary,2025-04-07,log_ridge_harq__B1,100.0,,,0.11767878962280501,55294,390,5.3432911513296554e-08,0.010290475794998435,0,0,,,,95,20
primary,2025-04-07,log_ridge_harq__B2,100.0,,,0.11845517574690564,55294,390,5.3432911513296554e-08,0.010290475794998435,0,0,,,,153,88
primary,2025-04-08,lightgbm_qlike__B0,,197,31,0.2192692318249853,55684,,,,,,0,0,0,,
primary,2025-04-08,lightgbm_qlike__B1,,390,31,0.19901172978024956,55684,,,,,,0,0,0,,
primary,2025-04-08,lightgbm_qlike__B2,,188,31,0.224323871202785,55684,,,,,,0,0,0,,
primary,2025-04-08,log_ridge_harq__B0,0.0001,,,0.17878016386746381,55684,390,5.3432911513296554e-08,0.06694364761653859,0,0,,,,30,5
primary,2025-04-08,log_ridge_harq__B1,0.0001,,,0.15852924648603936,55684,390,5.3432911513296554e-08,0.06694364761653859,0,0,,,,95,20
primary,2025-04-08,log_ridge_harq__B2,0.0001,,,0.15844438734159663,55684,390,5.3432911513296554e-08,0.06694364761653859,0,0,,,,153,88
primary,2025-04-09,lightgbm_qlike__B0,,207,63,0.22043848783385306,56074,,,,,,0,0,0,,
primary,2025-04-09,lightgbm_qlike__B1,,439,31,0.20269623991662677,56074,,,,,,0,0,0,,
primary,2025-04-09,lightgbm_qlike__B2,,330,31,0.22741409398808576,56074,,,,,,0,0,0,,
primary,2025-04-09,log_ridge_harq__B0,0.0001,,,0.17871883395497226,56074,390,5.3432911513296554e-08,0.06694364761653859,0,0,,,,30,5
primary,2025-04-09,log_ridge_harq__B1,10000.0,,,0.16045042516091643,56074,390,5.3432911513296554e-08,0.06694364761653859,0,0,,,,95,20
primary,2025-04-09,log_ridge_harq__B2,10000.0,,,0.15911330638372434,56074,390,5.3432911513296554e-08,0.06694364761653859,0,0,,,,153,88
primary,2025-04-10,lightgbm_qlike__B0,,200,15,0.488370324227135,56464,,,,,,0,0,0,,
primary,2025-04-10,lightgbm_qlike__B1,,242,15,0.45310465524359944,56464,,,,,,0,0,0,,
primary,2025-04-10,lightgbm_qlike__B2,,226,63,0.46923184910577814,56464,,,,,,0,0,0,,
primary,2025-04-10,log_ridge_harq__B0,10000.0,,,0.42362315019241004,56464,390,5.3432911513296554e-08,0.06694364761653859,0,0,,,,30,5
primary,2025-04-10,log_ridge_harq__B1,0.01,,,0.3405644821967379,56464,390,5.3432911513296554e-08,0.06694364761653859,0,0,,,,95,20
primary,2025-04-10,log_ridge_harq__B2,0.0001,,,0.3557835583852146,56464,390,5.3432911513296554e-08,0.06694364761653859,0,0,,,,153,88
primary,2025-04-11,lightgbm_qlike__B0,,196,15,0.4950237886680486,56854,,,,,,0,0,0,,
primary,2025-04-11,lightgbm_qlike__B1,,139,31,0.4706589342101501,56854,,,,,,0,0,0,,
primary,2025-04-11,lightgbm_qlike__B2,,255,15,0.48315276674378105,56854,,,,,,0,0,0,,
primary,2025-04-11,log_ridge_harq__B0,10000.0,,,0.4279053281620058,56854,390,5.3432911513296554e-08,0.06694364761653859,0,0,,,,30,5
primary,2025-04-11,log_ridge_harq__B1,0.01,,,0.34385316639471997,56854,390,5.3432911513296554e-08,0.06694364761653859,0,0,,,,95,20
primary,2025-04-11,log_ridge_harq__B2,0.0001,,,0.3588450246662617,56854,390,5.3432911513296554e-08,0.06694364761653859,0,0,,,,153,88
primary,2025-04-14,lightgbm_qlike__B0,,161,15,0.5036705278129597,57244,,,,,,0,0,0,,
primary,2025-04-14,lightgbm_qlike__B1,,236,31,0.4647635776392341,57244,,,,,,0,0,0,,
primary,2025-04-14,lightgbm_qlike__B2,,261,31,0.4918916702341691,57244,,,,,,0,0,0,,
primary,2025-04-14,log_ridge_harq__B0,10000.0,,,0.4244487687155861,57244,390,5.3432911513296554e-08,0.06694364761653859,0,0,,,,30,5
primary,2025-04-14,log_ridge_harq__B1,1.0,,,0.34575871870846864,57244,390,5.3432911513296554e-08,0.06694364761653859,0,0,,,,95,20
primary,2025-04-14,log_ridge_harq__B2,0.01,,,0.35632544146129125,57244,390,5.3432911513296554e-08,0.06694364761653859,0,0,,,,153,88
primary,2025-04-15,lightgbm_qlike__B0,,230,15,0.4985027749534988,57634,,,,,,0,0,0,,
primary,2025-04-15,lightgbm_qlike__B1,,207,31,0.47115193320016263,57634,,,,,,0,0,0,,
primary,2025-04-15,lightgbm_qlike__B2,,314,31,0.4790544140469105,57634,,,,,,0,0,0,,
primary,2025-04-15,log_ridge_harq__B0,10000.0,,,0.42816963134950325,57634,390,5.3432911513296554e-08,0.06694364761653859,0,0,,,,30,5
primary,2025-04-15,log_ridge_harq__B1,1.0,,,0.34793973930101174,57634,390,5.3432911513296554e-08,0.06694364761653859,0,0,,,,95,20
primary,2025-04-15,log_ridge_harq__B2,1.0,,,0.3573357578389965,57634,390,5.3432911513296554e-08,0.06694364761653859,0,0,,,,153,88
primary,2025-04-16,lightgbm_qlike__B0,,245,15,0.5006989975546761,58024,,,,,,0,0,0,,
primary,2025-04-16,lightgbm_qlike__B1,,247,31,0.4566074140353914,58024,,,,,,0,0,0,,
primary,2025-04-16,lightgbm_qlike__B2,,215,31,0.4854275702792127,58024,,,,,,0,0,0,,
primary,2025-04-16,log_ridge_harq__B0,100.0,,,0.40791729021714707,58024,390,5.3432911513296554e-08,0.06694364761653859,0,0,,,,30,5
primary,2025-04-16,log_ridge_harq__B1,1.0,,,0.33361950607353286,58024,390,5.3432911513296554e-08,0.06694364761653859,0,0,,,,95,20
primary,2025-04-16,log_ridge_harq__B2,1.0,,,0.3436528220820481,58024,390,5.3432911513296554e-08,0.06694364761653859,0,0,,,,153,88
primary,2025-04-17,lightgbm_qlike__B0,,189,15,0.5203958290309939,58414,,,,,,0,0,0,,
primary,2025-04-17,lightgbm_qlike__B1,,304,63,0.47891103766994336,58414,,,,,,0,0,0,,
primary,2025-04-17,lightgbm_qlike__B2,,242,31,0.5101347549366636,58414,,,,,,0,0,0,,
primary,2025-04-17,log_ridge_harq__B0,10000.0,,,0.4236385761166518,58414,390,5.3432911513296554e-08,0.06694364761653859,0,0,,,,30,5
primary,2025-04-17,log_ridge_harq__B1,1.0,,,0.3503466580997488,58414,390,5.3432911513296554e-08,0.06694364761653859,0,0,,,,95,20
primary,2025-04-17,log_ridge_harq__B2,1.0,,,0.3603525287495142,58414,390,5.3432911513296554e-08,0.06694364761653859,0,0,,,,153,88
primary,2025-04-21,lightgbm_qlike__B0,,317,15,0.47863518193814114,58804,,,,,,0,0,0,,
primary,2025-04-21,lightgbm_qlike__B1,,262,31,0.46450356614897065,58804,,,,,,0,0,0,,
primary,2025-04-21,lightgbm_qlike__B2,,131,63,0.49571385892400793,58804,,,,,,0,0,0,,
primary,2025-04-21,log_ridge_harq__B0,10000.0,,,0.39274438811364154,58804,390,5.3432911513296554e-08,0.06694364761653859,0,0,,,,30,5
primary,2025-04-21,log_ridge_harq__B1,1.0,,,0.3247653474386484,58804,390,5.3432911513296554e-08,0.06694364761653859,0,0,,,,95,20
primary,2025-04-21,log_ridge_harq__B2,1.0,,,0.33247739230295276,58804,390,5.3432911513296554e-08,0.06694364761653859,0,0,,,,153,88
primary,2025-04-22,lightgbm_qlike__B0,,145,15,0.4878025669616159,59194,,,,,,0,0,0,,
primary,2025-04-22,lightgbm_qlike__B1,,169,31,0.46681373294746376,59194,,,,,,0,0,0,,
primary,2025-04-22,lightgbm_qlike__B2,,287,15,0.5001097701711348,59194,,,,,,0,0,0,,
primary,2025-04-22,log_ridge_harq__B0,10000.0,,,0.3916710321303144,59194,390,5.3432911513296554e-08,0.06694364761653859,0,0,,,,30,5
primary,2025-04-22,log_ridge_harq__B1,1.0,,,0.32593863721773514,59194,390,5.3432911513296554e-08,0.06694364761653859,0,0,,,,95,20
primary,2025-04-22,log_ridge_harq__B2,1.0,,,0.334924379551377,59194,390,5.3432911513296554e-08,0.06694364761653859,0,0,,,,153,88
primary,2025-04-23,lightgbm_qlike__B0,,296,15,0.3648601807033249,59584,,,,,,0,0,0,,
primary,2025-04-23,lightgbm_qlike__B1,,241,15,0.32829282725517434,59584,,,,,,0,0,0,,
primary,2025-04-23,lightgbm_qlike__B2,,164,15,0.3367782492338568,59584,,,,,,0,0,0,,
primary,2025-04-23,log_ridge_harq__B0,10000.0,,,0.3371312405143982,59584,390,5.3432911513296554e-08,0.06694364761653859,0,0,,,,30,5
primary,2025-04-23,log_ridge_harq__B1,100.0,,,0.3053563311541215,59584,390,5.3432911513296554e-08,0.06694364761653859,0,0,,,,95,20
primary,2025-04-23,log_ridge_harq__B2,10000.0,,,0.31488537733773087,59584,390,5.3432911513296554e-08,0.06694364761653859,0,0,,,,153,88
primary,2025-04-24,lightgbm_qlike__B0,,128,63,0.3715451123168237,59974,,,,,,0,0,0,,
primary,2025-04-24,lightgbm_qlike__B1,,424,63,0.3269830188116119,59974,,,,,,0,0,0,,
primary,2025-04-24,lightgbm_qlike__B2,,442,63,0.3207528693157888,59974,,,,,,0,0,0,,
primary,2025-04-24,log_ridge_harq__B0,10000.0,,,0.3376095002248613,59974,390,5.3432911513296554e-08,0.06694364761653859,0,0,,,,30,5
primary,2025-04-24,log_ridge_harq__B1,10000.0,,,0.307576805341004,59974,390,5.3432911513296554e-08,0.06694364761653859,0,0,,,,95,20
primary,2025-04-24,log_ridge_harq__B2,10000.0,,,0.3157161783048279,59974,390,5.3432911513296554e-08,0.06694364761653859,0,0,,,,153,88
primary,2025-04-25,lightgbm_qlike__B0,,44,15,0.13393373593178826,60364,,,,,,0,0,0,,
primary,2025-04-25,lightgbm_qlike__B1,,44,63,0.13761091899911865,60364,,,,,,0,0,0,,
primary,2025-04-25,lightgbm_qlike__B2,,46,63,0.13465620573479647,60364,,,,,,0,0,0,,
primary,2025-04-25,log_ridge_harq__B0,100.0,,,0.116383592747009,60364,390,5.3432911513296554e-08,0.06694364761653859,0,0,,,,30,5
primary,2025-04-25,log_ridge_harq__B1,100.0,,,0.11803337429609777,60364,390,5.3432911513296554e-08,0.06694364761653859,0,0,,,,95,20
primary,2025-04-25,log_ridge_harq__B2,100.0,,,0.11807102729355967,60364,390,5.3432911513296554e-08,0.06694364761653859,0,0,,,,153,88
primary,2025-04-28,lightgbm_qlike__B0,,29,15,0.12598647226684245,60754,,,,,,0,0,0,,
primary,2025-04-28,lightgbm_qlike__B1,,26,15,0.13374237938796757,60754,,,,,,0,0,0,,
primary,2025-04-28,lightgbm_qlike__B2,,25,63,0.13267371077490747,60754,,,,,,0,0,0,,
primary,2025-04-28,log_ridge_harq__B0,100.0,,,0.12141911417937024,60754,390,5.3432911513296554e-08,0.06694364761653859,0,0,,,,30,5
primary,2025-04-28,log_ridge_harq__B1,100.0,,,0.12372862132132692,60754,390,5.3432911513296554e-08,0.06694364761653859,0,0,,,,95,20
primary,2025-04-28,log_ridge_harq__B2,100.0,,,0.12175262103685547,60754,390,5.3432911513296554e-08,0.06694364761653859,0,0,,,,153,88
primary,2025-04-29,lightgbm_qlike__B0,,35,31,0.11773228643194558,61144,,,,,,0,0,0,,
primary,2025-04-29,lightgbm_qlike__B1,,38,15,0.11755614511727505,61144,,,,,,0,0,0,,
primary,2025-04-29,lightgbm_qlike__B2,,34,31,0.1168420509684129,61144,,,,,,0,0,0,,
primary,2025-04-29,log_ridge_harq__B0,100.0,,,0.11809010562204433,61144,366,5.3432911513296554e-08,0.06694364761653859,0,0,,,,30,5
primary,2025-04-29,log_ridge_harq__B1,100.0,,,0.11830989358101687,61144,366,5.3432911513296554e-08,0.06694364761653859,0,0,,,,95,20
primary,2025-04-29,log_ridge_harq__B2,100.0,,,0.11806830066294363,61144,366,5.3432911513296554e-08,0.06694364761653859,0,0,,,,153,88
primary,2025-04-30,lightgbm_qlike__B0,,49,15,0.11811436194440812,61510,,,,,,0,0,0,,
primary,2025-04-30,lightgbm_qlike__B1,,35,15,0.11863116352372287,61510,,,,,,0,0,0,,
primary,2025-04-30,lightgbm_qlike__B2,,40,15,0.11742970733536828,61510,,,,,,0,0,0,,
primary,2025-04-30,log_ridge_harq__B0,100.0,,,0.11879272929686228,61510,369,5.3432911513296554e-08,0.06694364761653859,0,0,,,,30,5
primary,2025-04-30,log_ridge_harq__B1,100.0,,,0.1205977628626999,61510,369,5.3432911513296554e-08,0.06694364761653859,0,0,,,,95,20
primary,2025-04-30,log_ridge_harq__B2,100.0,,,0.11990353946677881,61510,369,5.3432911513296554e-08,0.06694364761653859,0,0,,,,153,88
primary,2025-05-01,lightgbm_qlike__B0,,38,31,0.12790881964161566,61879,,,,,,0,0,0,,
primary,2025-05-01,lightgbm_qlike__B1,,41,15,0.126424089615307,61879,,,,,,0,0,0,,
primary,2025-05-01,lightgbm_qlike__B2,,47,63,0.12316626949935564,61879,,,,,,0,0,0,,
primary,2025-05-01,log_ridge_harq__B0,10000.0,,,0.13009925071580497,61879,390,5.3432911513296554e-08,0.06694364761653859,0,0,,,,30,5
primary,2025-05-01,log_ridge_harq__B1,100.0,,,0.12965197142852486,61879,390,5.3432911513296554e-08,0.06694364761653859,0,0,,,,95,20
primary,2025-05-01,log_ridge_harq__B2,100.0,,,0.12948052766599982,61879,390,5.3432911513296554e-08,0.06694364761653859,0,0,,,,153,88
primary,2025-05-02,lightgbm_qlike__B0,,40,15,0.11682142849869707,62269,,,,,,0,0,0,,
primary,2025-05-02,lightgbm_qlike__B1,,56,63,0.11694339005240637,62269,,,,,,0,0,0,,
primary,2025-05-02,lightgbm_qlike__B2,,65,63,0.11520211338841091,62269,,,,,,0,0,0,,
primary,2025-05-02,log_ridge_harq__B0,100.0,,,0.11750651776904678,62269,390,5.3432911513296554e-08,0.06694364761653859,0,0,,,,30,5
primary,2025-05-02,log_ridge_harq__B1,100.0,,,0.11868333998432819,62269,390,5.3432911513296554e-08,0.06694364761653859,0,0,,,,95,20
primary,2025-05-02,log_ridge_harq__B2,100.0,,,0.1185940491995362,62269,390,5.3432911513296554e-08,0.06694364761653859,0,0,,,,153,88
primary,2025-05-05,lightgbm_qlike__B0,,36,63,0.11693903574477434,62659,,,,,,0,0,0,,
primary,2025-05-05,lightgbm_qlike__B1,,43,63,0.11778826314663253,62659,,,,,,0,0,0,,
primary,2025-05-05,lightgbm_qlike__B2,,58,63,0.11472158460490786,62659,,,,,,0,0,0,,
primary,2025-05-05,log_ridge_harq__B0,100.0,,,0.11897613478123988,62659,390,5.3432911513296554e-08,0.06694364761653859,0,0,,,,30,5
primary,2025-05-05,log_ridge_harq__B1,100.0,,,0.12080827947186765,62659,390,5.3432911513296554e-08,0.06694364761653859,0,0,,,,95,20
primary,2025-05-05,log_ridge_harq__B2,0.0001,,,0.11853643060002159,62659,390,5.3432911513296554e-08,0.06694364761653859,0,0,,,,153,88
primary,2025-05-06,lightgbm_qlike__B0,,40,31,0.12081834318465545,63049,,,,,,0,0,0,,
primary,2025-05-06,lightgbm_qlike__B1,,401,31,0.1128385484925531,63049,,,,,,0,0,0,,
primary,2025-05-06,lightgbm_qlike__B2,,541,31,0.11075956958256454,63049,,,,,,0,0,0,,
primary,2025-05-06,log_ridge_harq__B0,100.0,,,0.12156428346966255,63049,390,5.3432911513296554e-08,0.06694364761653859,0,0,,,,30,5
primary,2025-05-06,log_ridge_harq__B1,100.0,,,0.12108903240795146,63049,390,5.3432911513296554e-08,0.06694364761653859,0,0,,,,95,20
primary,2025-05-06,log_ridge_harq__B2,100.0,,,0.11788532793710023,63049,390,5.3432911513296554e-08,0.06694364761653859,0,0,,,,153,88
primary,2025-05-07,lightgbm_qlike__B0,,231,31,0.10708908351947524,63439,,,,,,0,0,0,,
primary,2025-05-07,lightgbm_qlike__B1,,708,15,0.10330526478314465,63439,,,,,,0,0,0,,
primary,2025-05-07,lightgbm_qlike__B2,,440,15,0.10151677014388674,63439,,,,,,0,0,0,,
primary,2025-05-07,log_ridge_harq__B0,0.0001,,,0.10890163229510223,63439,390,5.3432911513296554e-08,0.06694364761653859,0,0,,,,30,5
primary,2025-05-07,log_ridge_harq__B1,0.0001,,,0.110721784243995,63439,390,5.3432911513296554e-08,0.06694364761653859,0,0,,,,95,20
primary,2025-05-07,log_ridge_harq__B2,0.0001,,,0.10568822970518484,63439,390,5.3432911513296554e-08,0.06694364761653859,0,0,,,,153,88
primary,2025-05-08,lightgbm_qlike__B0,,299,15,0.12924699658993682,63829,,,,,,0,0,0,,
primary,2025-05-08,lightgbm_qlike__B1,,283,31,0.12392303808013838,63829,,,,,,0,0,0,,
primary,2025-05-08,lightgbm_qlike__B2,,149,31,0.1256363873205309,63829,,,,,,0,0,0,,
primary,2025-05-08,log_ridge_harq__B0,10000.0,,,0.1451386474754593,63829,390,5.3432911513296554e-08,0.06694364761653859,0,0,,,,30,5
primary,2025-05-08,log_ridge_harq__B1,0.01,,,0.1437936072618151,63829,390,5.3432911513296554e-08,0.06694364761653859,0,0,,,,95,20
primary,2025-05-08,log_ridge_harq__B2,10000.0,,,0.14184851688948735,63829,390,5.3432911513296554e-08,0.06694364761653859,0,0,,,,153,88
primary,2025-05-09,lightgbm_qlike__B0,,200,31,0.133445801525713,64219,,,,,,0,0,0,,
primary,2025-05-09,lightgbm_qlike__B1,,565,15,0.1278776603168137,64219,,,,,,0,0,0,,
primary,2025-05-09,lightgbm_qlike__B2,,567,15,0.127312415158329,64219,,,,,,0,0,0,,
primary,2025-05-09,log_ridge_harq__B0,10000.0,,,0.14917881275469916,64219,390,5.3432911513296554e-08,0.06694364761653859,0,0,,,,30,5
primary,2025-05-09,log_ridge_harq__B1,0.01,,,0.14601946248148473,64219,390,5.3432911513296554e-08,0.06694364761653859,0,0,,,,95,20
primary,2025-05-09,log_ridge_harq__B2,0.0001,,,0.14571829507664394,64219,390,5.3432911513296554e-08,0.06694364761653859,0,0,,,,153,88
primary,2025-05-12,lightgbm_qlike__B0,,302,15,0.12456737392692038,64609,,,,,,0,0,0,,
primary,2025-05-12,lightgbm_qlike__B1,,163,31,0.11809587198044784,64609,,,,,,0,0,0,,
primary,2025-05-12,lightgbm_qlike__B2,,222,31,0.12085871577925067,64609,,,,,,0,0,0,,
primary,2025-05-12,log_ridge_harq__B0,10000.0,,,0.1403063289920791,64609,372,5.3432911513296554e-08,0.06694364761653859,0,0,,,,30,5
primary,2025-05-12,log_ridge_harq__B1,1.0,,,0.13756788287260296,64609,372,5.3432911513296554e-08,0.06694364761653859,0,0,,,,95,20
primary,2025-05-12,log_ridge_harq__B2,0.0001,,,0.13895364559515663,64609,372,5.3432911513296554e-08,0.06694364761653859,0,0,,,,153,88
primary,2025-05-13,lightgbm_qlike__B0,,172,31,0.1267051609550824,64981,,,,,,0,0,0,,
primary,2025-05-13,lightgbm_qlike__B1,,304,31,0.1226285394980365,64981,,,,,,0,0,0,,
primary,2025-05-13,lightgbm_qlike__B2,,189,31,0.12346362219746661,64981,,,,,,0,0,0,,
primary,2025-05-13,log_ridge_harq__B0,10000.0,,,0.14444863292422935,64981,378,5.3432911513296554e-08,0.06694364761653859,0,0,,,,30,5
primary,2025-05-13,log_ridge_harq__B1,100.0,,,0.14115411525030402,64981,378,5.3432911513296554e-08,0.06694364761653859,0,0,,,,95,20
primary,2025-05-13,log_ridge_harq__B2,0.0001,,,0.143705556527035,64981,378,5.3432911513296554e-08,0.06694364761653859,0,0,,,,153,88
primary,2025-05-14,lightgbm_qlike__B0,,137,63,0.1221728929961001,65359,,,,,,0,0,0,,
primary,2025-05-14,lightgbm_qlike__B1,,388,15,0.1187034253778885,65359,,,,,,0,0,0,,
primary,2025-05-14,lightgbm_qlike__B2,,231,15,0.12174005587451749,65359,,,,,,0,0,0,,
primary,2025-05-14,log_ridge_harq__B0,10000.0,,,0.14208015969373367,65359,390,5.3432911513296554e-08,0.06694364761653859,0,0,,,,30,5
primary,2025-05-14,log_ridge_harq__B1,100.0,,,0.13749011066169256,65359,390,5.3432911513296554e-08,0.06694364761653859,0,0,,,,95,20
primary,2025-05-14,log_ridge_harq__B2,0.0001,,,0.1403006079278381,65359,390,5.3432911513296554e-08,0.06694364761653859,0,0,,,,153,88
primary,2025-05-15,lightgbm_qlike__B0,,147,63,0.11894885307265883,65749,,,,,,0,0,0,,
primary,2025-05-15,lightgbm_qlike__B1,,183,31,0.11638723732312975,65749,,,,,,0,0,0,,
primary,2025-05-15,lightgbm_qlike__B2,,537,15,0.11716203091516783,65749,,,,,,0,0,0,,
primary,2025-05-15,log_ridge_harq__B0,100.0,,,0.13613558179144486,65749,384,5.3432911513296554e-08,0.06694364761653859,0,0,,,,30,5
primary,2025-05-15,log_ridge_harq__B1,100.0,,,0.1325876018759519,65749,384,5.3432911513296554e-08,0.06694364761653859,0,0,,,,95,20
primary,2025-05-15,log_ridge_harq__B2,0.0001,,,0.13528135658793064,65749,384,5.3432911513296554e-08,0.06694364761653859,2,0,,,,153,88
primary,2025-05-16,lightgbm_qlike__B0,,184,15,0.1539802246627358,66133,,,,,,0,0,0,,
primary,2025-05-16,lightgbm_qlike__B1,,190,15,0.14516106658565156,66133,,,,,,0,0,0,,
primary,2025-05-16,lightgbm_qlike__B2,,195,15,0.1498371068662239,66133,,,,,,0,0,0,,
primary,2025-05-16,log_ridge_harq__B0,0.0001,,,0.16061522085514726,66133,390,5.3432911513296554e-08,0.06694364761653859,0,0,,,,30,5
primary,2025-05-16,log_ridge_harq__B1,0.0001,,,0.1517826602436803,66133,390,5.3432911513296554e-08,0.06694364761653859,0,0,,,,96,19
primary,2025-05-16,log_ridge_harq__B2,10000.0,,,0.2416003601991999,66133,390,5.3432911513296554e-08,0.06694364761653859,0,0,,,,155,86
primary,2025-05-19,lightgbm_qlike__B0,,197,15,0.1488964162199413,66523,,,,,,0,0,0,,
primary,2025-05-19,lightgbm_qlike__B1,,221,15,0.14259113906200477,66523,,,,,,0,0,0,,
primary,2025-05-19,lightgbm_qlike__B2,,156,15,0.1435657339102631,66523,,,,,,0,0,0,,
primary,2025-05-19,log_ridge_harq__B0,0.0001,,,0.1582014706523454,66523,384,5.3432911513296554e-08,0.06694364761653859,0,0,,,,30,5
primary,2025-05-19,log_ridge_harq__B1,0.0001,,,0.15044791142093844,66523,384,5.3432911513296554e-08,0.06694364761653859,0,0,,,,96,19
primary,2025-05-19,log_ridge_harq__B2,10000.0,,,0.23931832640549172,66523,384,5.3432911513296554e-08,0.06694364761653859,0,0,,,,155,86
primary,2025-05-20,lightgbm_qlike__B0,,221,15,0.14878797727577103,66907,,,,,,0,0,0,,
primary,2025-05-20,lightgbm_qlike__B1,,233,15,0.1424251985633046,66907,,,,,,0,0,0,,
primary,2025-05-20,lightgbm_qlike__B2,,159,15,0.14550968055161523,66907,,,,,,0,0,0,,
primary,2025-05-20,log_ridge_harq__B0,0.0001,,,0.15859817116392108,66907,384,5.3432911513296554e-08,0.06694364761653859,0,0,,,,30,5
primary,2025-05-20,log_ridge_harq__B1,0.0001,,,0.15067555913368233,66907,384,5.3432911513296554e-08,0.06694364761653859,0,0,,,,96,19
primary,2025-05-20,log_ridge_harq__B2,10000.0,,,0.23542299290984486,66907,384,5.3432911513296554e-08,0.06694364761653859,0,0,,,,155,86
primary,2025-05-21,lightgbm_qlike__B0,,178,15,0.14732084834094614,67291,,,,,,0,0,0,,
primary,2025-05-21,lightgbm_qlike__B1,,248,15,0.14081051498723635,67291,,,,,,0,0,0,,
primary,2025-05-21,lightgbm_qlike__B2,,167,15,0.14408792979442103,67291,,,,,,0,0,0,,
primary,2025-05-21,log_ridge_harq__B0,1.0,,,0.1583437112960841,67291,390,5.3432911513296554e-08,0.06694364761653859,0,0,,,,30,5
primary,2025-05-21,log_ridge_harq__B1,0.0001,,,0.15069967746125817,67291,390,5.3432911513296554e-08,0.06694364761653859,0,0,,,,96,19
primary,2025-05-21,log_ridge_harq__B2,10000.0,,,0.23617657963201646,67291,390,5.3432911513296554e-08,0.06694364761653859,0,0,,,,155,86
primary,2025-05-22,lightgbm_qlike__B0,,42,15,0.17704179377004578,67681,,,,,,0,0,0,,
primary,2025-05-22,lightgbm_qlike__B1,,46,15,0.17262614227139003,67681,,,,,,0,0,0,,
primary,2025-05-22,lightgbm_qlike__B2,,47,15,0.1729004304981258,67681,,,,,,0,0,0,,
primary,2025-05-22,log_ridge_harq__B0,10000.0,,,0.18384413740822367,67681,390,5.3432911513296554e-08,0.06694364761653859,0,0,,,,30,5
primary,2025-05-22,log_ridge_harq__B1,1.0,,,0.17336052529659135,67681,390,5.3432911513296554e-08,0.06694364761653859,0,0,,,,96,19
primary,2025-05-22,log_ridge_harq__B2,10000.0,,,0.24972259033002375,67681,390,5.3432911513296554e-08,0.06694364761653859,0,0,,,,155,86
primary,2025-05-23,lightgbm_qlike__B0,,40,15,0.18581384785102095,68071,,,,,,0,0,0,,
primary,2025-05-23,lightgbm_qlike__B1,,40,31,0.1805907170116061,68071,,,,,,0,0,0,,
primary,2025-05-23,lightgbm_qlike__B2,,41,31,0.1826394197011983,68071,,,,,,0,0,0,,
primary,2025-05-23,log_ridge_harq__B0,10000.0,,,0.19123154090436117,68071,390,5.3432911513296554e-08,0.06694364761653859,0,0,,,,30,5
primary,2025-05-23,log_ridge_harq__B1,1.0,,,0.1826452054320894,68071,390,5.3432911513296554e-08,0.06694364761653859,0,0,,,,96,19
primary,2025-05-23,log_ridge_harq__B2,10000.0,,,0.266515196195934,68071,390,5.3432911513296554e-08,0.06694364761653859,0,0,,,,155,86
primary,2025-05-27,lightgbm_qlike__B0,,41,15,0.18460443316232086,68461,,,,,,0,0,0,,
primary,2025-05-27,lightgbm_qlike__B1,,53,15,0.17859695809532225,68461,,,,,,0,0,0,,
primary,2025-05-27,lightgbm_qlike__B2,,42,31,0.17958449772947402,68461,,,,,,0,0,0,,
primary,2025-05-27,log_ridge_harq__B0,10000.0,,,0.1920291985455546,68461,384,5.3432911513296554e-08,0.06694364761653859,0,0,,,,30,5
primary,2025-05-27,log_ridge_harq__B1,10000.0,,,0.1835327169297162,68461,384,5.3432911513296554e-08,0.06694364761653859,0,0,,,,96,19
primary,2025-05-27,log_ridge_harq__B2,10000.0,,,0.2726570018896942,68461,384,5.3432911513296554e-08,0.06694364761653859,0,0,,,,155,86
primary,2025-05-28,lightgbm_qlike__B0,,39,15,0.18478155481989342,68845,,,,,,0,0,0,,
primary,2025-05-28,lightgbm_qlike__B1,,39,31,0.179212618761794,68845,,,,,,0,0,0,,
primary,2025-05-28,lightgbm_qlike__B2,,41,31,0.18050862265571294,68845,,,,,,0,0,0,,
primary,2025-05-28,log_ridge_harq__B0,10000.0,,,0.19104620012384274,68845,390,5.3432911513296554e-08,0.06694364761653859,0,0,,,,30,5
primary,2025-05-28,log_ridge_harq__B1,1.0,,,0.18410460245770222,68845,390,5.3432911513296554e-08,0.06694364761653859,0,0,,,,96,19
primary,2025-05-28,log_ridge_harq__B2,10000.0,,,0.2664813126365444,68845,390,5.3432911513296554e-08,0.06694364761653859,0,0,,,,155,86
primary,2025-05-29,lightgbm_qlike__B0,,48,15,0.18622546907503096,69235,,,,,,0,0,0,,
primary,2025-05-29,lightgbm_qlike__B1,,44,15,0.18433595054688018,69235,,,,,,0,0,0,,
primary,2025-05-29,lightgbm_qlike__B2,,47,15,0.18331155260782053,69235,,,,,,0,0,0,,
primary,2025-05-29,log_ridge_harq__B0,10000.0,,,0.19298537546902267,69235,390,5.3432911513296554e-08,0.06694364761653859,0,0,,,,30,5
primary,2025-05-29,log_ridge_harq__B1,100.0,,,0.18796994148285948,69235,390,5.3432911513296554e-08,0.06694364761653859,0,0,,,,96,19
primary,2025-05-29,log_ridge_harq__B2,10000.0,,,0.2695264329002533,69235,390,5.3432911513296554e-08,0.06694364761653859,0,0,,,,155,86
primary,2025-05-30,lightgbm_qlike__B0,,37,15,0.18958674824781008,69625,,,,,,0,0,0,,
primary,2025-05-30,lightgbm_qlike__B1,,39,15,0.18813357365709832,69625,,,,,,0,0,0,,
primary,2025-05-30,lightgbm_qlike__B2,,39,15,0.18775015882083565,69625,,,,,,0,0,0,,
primary,2025-05-30,log_ridge_harq__B0,10000.0,,,0.19573718486158637,69625,390,5.3432911513296554e-08,0.06694364761653859,0,0,,,,30,5
primary,2025-05-30,log_ridge_harq__B1,10000.0,,,0.19062046699154075,69625,390,5.3432911513296554e-08,0.06694364761653859,0,0,,,,96,19
primary,2025-05-30,log_ridge_harq__B2,10000.0,,,0.2566130111720649,69625,390,5.3432911513296554e-08,0.06694364761653859,0,0,,,,155,86
primary,2025-06-02,lightgbm_qlike__B0,,89,15,0.17249397308572118,70015,,,,,,0,0,0,,
primary,2025-06-02,lightgbm_qlike__B1,,242,31,0.1687049514225774,70015,,,,,,0,0,0,,
primary,2025-06-02,lightgbm_qlike__B2,,277,31,0.16546979594793937,70015,,,,,,0,0,0,,
primary,2025-06-02,log_ridge_harq__B0,10000.0,,,0.18054974002622814,70015,390,5.3432911513296554e-08,0.06694364761653859,0,0,,,,30,5
primary,2025-06-02,log_ridge_harq__B1,10000.0,,,0.17798714689557543,70015,390,5.3432911513296554e-08,0.06694364761653859,0,0,,,,96,19
primary,2025-06-02,log_ridge_harq__B2,10000.0,,,0.17352188739949354,70015,390,5.3432911513296554e-08,0.06694364761653859,0,0,,,,155,86
primary,2025-06-03,lightgbm_qlike__B0,,64,15,0.17549560459673658,70405,,,,,,0,0,0,,
primary,2025-06-03,lightgbm_qlike__B1,,219,31,0.17057644044062817,70405,,,,,,0,0,0,,
primary,2025-06-03,lightgbm_qlike__B2,,470,15,0.16770833781677225,70405,,,,,,0,0,0,,
primary,2025-06-03,log_ridge_harq__B0,10000.0,,,0.18246992481977586,70405,378,5.3432911513296554e-08,0.06694364761653859,0,0,,,,30,5
primary,2025-06-03,log_ridge_harq__B1,10000.0,,,0.17994810037812375,70405,378,5.3432911513296554e-08,0.06694364761653859,0,0,,,,96,19
primary,2025-06-03,log_ridge_harq__B2,10000.0,,,0.17534082242967172,70405,378,5.3432911513296554e-08,0.06694364761653859,0,0,,,,155,86
primary,2025-06-04,lightgbm_qlike__B0,,58,15,0.18268966409518697,70783,,,,,,0,0,0,,
primary,2025-06-04,lightgbm_qlike__B1,,391,15,0.1757470420446149,70783,,,,,,0,0,0,,
primary,2025-06-04,lightgbm_qlike__B2,,274,31,0.17262604270602314,70783,,,,,,0,0,0,,
primary,2025-06-04,log_ridge_harq__B0,10000.0,,,0.1875547746953395,70783,380,5.3432911513296554e-08,0.06694364761653859,0,0,,,,30,5
primary,2025-06-04,log_ridge_harq__B1,10000.0,,,0.18479969262225743,70783,380,5.3432911513296554e-08,0.06694364761653859,0,0,,,,96,19
primary,2025-06-04,log_ridge_harq__B2,10000.0,,,0.1803202037911629,70783,380,5.3432911513296554e-08,0.06694364761653859,0,0,,,,155,86
primary,2025-06-05,lightgbm_qlike__B0,,47,15,0.19595270738363446,71163,,,,,,0,0,0,,
primary,2025-06-05,lightgbm_qlike__B1,,129,31,0.18893162355885973,71163,,,,,,0,0,0,,
primary,2025-06-05,lightgbm_qlike__B2,,408,31,0.185289632398181,71163,,,,,,0,0,0,,
primary,2025-06-05,log_ridge_harq__B0,10000.0,,,0.1993585244405188,71163,384,5.3432911513296554e-08,0.06694364761653859,0,0,,,,30,5
primary,2025-06-05,log_ridge_harq__B1,10000.0,,,0.19613542801503545,71163,384,5.3432911513296554e-08,0.06694364761653859,0,0,,,,96,19
primary,2025-06-05,log_ridge_harq__B2,10000.0,,,0.19298550232065054,71163,384,5.3432911513296554e-08,0.06694364761653859,0,0,,,,155,86
primary,2025-06-06,lightgbm_qlike__B0,,228,15,0.16492489737359045,71547,,,,,,0,0,0,,
primary,2025-06-06,lightgbm_qlike__B1,,300,15,0.1615714378706861,71547,,,,,,0,0,0,,
primary,2025-06-06,lightgbm_qlike__B2,,314,15,0.16093944087228357,71547,,,,,,0,0,0,,
primary,2025-06-06,log_ridge_harq__B0,100.0,,,0.16489881524909217,71547,386,5.3432911513296554e-08,0.06694364761653859,0,0,,,,30,5
primary,2025-06-06,log_ridge_harq__B1,100.0,,,0.16315540407630766,71547,386,5.3432911513296554e-08,0.06694364761653859,0,0,,,,96,19
primary,2025-06-06,log_ridge_harq__B2,100.0,,,0.16274241165137243,71547,386,5.3432911513296554e-08,0.06694364761653859,0,0,,,,155,86
primary,2025-06-09,lightgbm_qlike__B0,,113,15,0.16101689882498918,71933,,,,,,0,0,0,,
primary,2025-06-09,lightgbm_qlike__B1,,149,31,0.1563938056675223,71933,,,,,,0,0,0,,
primary,2025-06-09,lightgbm_qlike__B2,,271,15,0.1553467684934522,71933,,,,,,0,0,0,,
primary,2025-06-09,log_ridge_harq__B0,100.0,,,0.15879980588619752,71933,384,5.3432911513296554e-08,0.06694364761653859,0,0,,,,30,5
primary,2025-06-09,log_ridge_harq__B1,100.0,,,0.15656486707894068,71933,384,5.3432911513296554e-08,0.06694364761653859,0,0,,,,96,19
primary,2025-06-09,log_ridge_harq__B2,100.0,,,0.1550126283948567,71933,384,5.3432911513296554e-08,0.06694364761653859,0,0,,,,155,86
primary,2025-06-10,lightgbm_qlike__B0,,251,15,0.19335171417731364,72317,,,,,,0,0,0,,
primary,2025-06-10,lightgbm_qlike__B1,,327,15,0.18609566996198532,72317,,,,,,0,0,0,,
primary,2025-06-10,lightgbm_qlike__B2,,306,15,0.18258228155002315,72317,,,,,,0,0,0,,
primary,2025-06-10,log_ridge_harq__B0,100.0,,,0.19262187671395187,72317,372,3.911156512540054e-08,0.06694364761653859,0,0,,,,30,5
primary,2025-06-10,log_ridge_harq__B1,100.0,,,0.18758872094968077,72317,372,3.911156512540054e-08,0.06694364761653859,0,0,,,,96,19
primary,2025-06-10,log_ridge_harq__B2,100.0,,,0.18466233044552413,72317,372,3.911156512540054e-08,0.06694364761653859,0,0,,,,155,86
primary,2025-06-11,lightgbm_qlike__B0,,160,15,0.20448483478846774,72689,,,,,,0,0,0,,
primary,2025-06-11,lightgbm_qlike__B1,,239,15,0.19419221099729123,72689,,,,,,0,0,0,,
primary,2025-06-11,lightgbm_qlike__B2,,360,15,0.1878788100129452,72689,,,,,,0,0,0,,
primary,2025-06-11,log_ridge_harq__B0,100.0,,,0.20049080449826445,72689,378,3.911156512540054e-08,0.06694364761653859,0,0,,,,30,5
primary,2025-06-11,log_ridge_harq__B1,100.0,,,0.19355400301287376,72689,378,3.911156512540054e-08,0.06694364761653859,0,0,,,,96,19
primary,2025-06-11,log_ridge_harq__B2,100.0,,,0.19038553978908446,72689,378,3.911156512540054e-08,0.06694364761653859,0,0,,,,155,86
primary,2025-06-12,lightgbm_qlike__B0,,229,15,0.2059569504299159,73067,,,,,,0,0,0,,
primary,2025-06-12,lightgbm_qlike__B1,,146,31,0.1988100894886702,73067,,,,,,0,0,0,,
primary,2025-06-12,lightgbm_qlike__B2,,97,63,0.19455892218094212,73067,,,,,,0,0,0,,
primary,2025-06-12,log_ridge_harq__B0,100.0,,,0.20585766924229865,73067,384,3.911156512540054e-08,0.06694364761653859,0,0,,,,30,5
primary,2025-06-12,log_ridge_harq__B1,0.0001,,,0.19652909287051884,73067,384,3.911156512540054e-08,0.06694364761653859,0,0,,,,96,19
primary,2025-06-12,log_ridge_harq__B2,1.0,,,0.19410364621207835,73067,384,3.911156512540054e-08,0.06694364761653859,0,0,,,,155,86
primary,2025-06-13,lightgbm_qlike__B0,,168,31,0.200515521750464,73451,,,,,,0,0,0,,
primary,2025-06-13,lightgbm_qlike__B1,,181,31,0.19299852623356414,73451,,,,,,0,0,0,,
primary,2025-06-13,lightgbm_qlike__B2,,214,31,0.1875552082915313,73451,,,,,,0,0,0,,
primary,2025-06-13,log_ridge_harq__B0,100.0,,,0.2015652104845765,73451,390,3.911156512540054e-08,0.06694364761653859,0,0,,,,30,5
primary,2025-06-13,log_ridge_harq__B1,0.0001,,,0.19367312287133104,73451,390,3.911156512540054e-08,0.06694364761653859,0,0,,,,96,19
primary,2025-06-13,log_ridge_harq__B2,1.0,,,0.19148295029500395,73451,390,3.911156512540054e-08,0.06694364761653859,0,0,,,,155,86
primary,2025-06-16,lightgbm_qlike__B0,,236,15,0.19500261424776838,73841,,,,,,0,0,0,,
primary,2025-06-16,lightgbm_qlike__B1,,249,15,0.18505324667560702,73841,,,,,,0,0,0,,
primary,2025-06-16,lightgbm_qlike__B2,,294,15,0.18382347817338737,73841,,,,,,0,0,0,,
primary,2025-06-16,log_ridge_harq__B0,100.0,,,0.19016044158835896,73841,378,3.911156512540054e-08,0.06694364761653859,0,0,,,,30,5
primary,2025-06-16,log_ridge_harq__B1,100.0,,,0.1827806625500534,73841,378,3.911156512540054e-08,0.06694364761653859,0,0,,,,96,19
primary,2025-06-16,log_ridge_harq__B2,100.0,,,0.18170834361105354,73841,378,3.911156512540054e-08,0.06694364761653859,0,0,,,,155,86
primary,2025-06-17,lightgbm_qlike__B0,,170,31,0.19605954364094472,74219,,,,,,0,0,0,,
primary,2025-06-17,lightgbm_qlike__B1,,208,31,0.18706119596260917,74219,,,,,,0,0,0,,
primary,2025-06-17,lightgbm_qlike__B2,,180,31,0.18627956944717763,74219,,,,,,0,0,0,,
primary,2025-06-17,log_ridge_harq__B0,100.0,,,0.19088869026760852,74219,369,3.911156512540054e-08,0.06694364761653859,0,0,,,,30,5
primary,2025-06-17,log_ridge_harq__B1,100.0,,,0.18370490843888065,74219,369,3.911156512540054e-08,0.06694364761653859,0,0,,,,96,19
primary,2025-06-17,log_ridge_harq__B2,1.0,,,0.18253222260488192,74219,369,3.911156512540054e-08,0.06694364761653859,0,0,,,,155,86
primary,2025-06-18,lightgbm_qlike__B0,,290,15,0.18935855328646908,74588,,,,,,0,0,0,,
primary,2025-06-18,lightgbm_qlike__B1,,113,63,0.18139470855108933,74588,,,,,,0,0,0,,
primary,2025-06-18,lightgbm_qlike__B2,,125,63,0.1788699954495609,74588,,,,,,0,0,0,,
primary,2025-06-18,log_ridge_harq__B0,100.0,,,0.18551422368243362,74588,390,3.911156512540054e-08,0.06694364761653859,0,0,,,,30,5
primary,2025-06-18,log_ridge_harq__B1,100.0,,,0.17867032756908724,74588,390,3.911156512540054e-08,0.06694364761653859,0,0,,,,96,19
primary,2025-06-18,log_ridge_harq__B2,1.0,,,0.17774165551322912,74588,390,3.911156512540054e-08,0.06694364761653859,0,0,,,,155,86
primary,2025-06-20,lightgbm_qlike__B0,,129,15,0.17470542992948448,74978,,,,,,0,0,0,,
primary,2025-06-20,lightgbm_qlike__B1,,137,15,0.17019271002590156,74978,,,,,,0,0,0,,
primary,2025-06-20,lightgbm_qlike__B2,,202,15,0.16769015697061404,74978,,,,,,0,0,0,,
primary,2025-06-20,log_ridge_harq__B0,10000.0,,,0.17482203962553192,74978,390,3.911156512540054e-08,0.06694364761653859,0,0,,,,30,5
primary,2025-06-20,log_ridge_harq__B1,10000.0,,,0.16780225344181218,74978,390,3.911156512540054e-08,0.06694364761653859,0,0,,,,96,19
primary,2025-06-20,log_ridge_harq__B2,10000.0,,,0.16570298564980812,74978,390,3.911156512540054e-08,0.06694364761653859,0,0,,,,155,86
primary,2025-06-23,lightgbm_qlike__B0,,42,63,0.14949244069004639,75368,,,,,,0,0,0,,
primary,2025-06-23,lightgbm_qlike__B1,,50,31,0.14520620728291914,75368,,,,,,0,0,0,,
primary,2025-06-23,lightgbm_qlike__B2,,52,15,0.14415595593300254,75368,,,,,,0,0,0,,
primary,2025-06-23,log_ridge_harq__B0,10000.0,,,0.14977196626908143,75368,367,3.911156512540054e-08,0.06694364761653859,0,0,,,,30,5
primary,2025-06-23,log_ridge_harq__B1,10000.0,,,0.14482989556592513,75368,367,3.911156512540054e-08,0.06694364761653859,0,0,,,,96,19
primary,2025-06-23,log_ridge_harq__B2,10000.0,,,0.1448816779206386,75368,367,3.911156512540054e-08,0.06694364761653859,0,0,,,,155,86
primary,2025-06-24,lightgbm_qlike__B0,,44,15,0.15550781133731797,75735,,,,,,0,0,0,,
primary,2025-06-24,lightgbm_qlike__B1,,44,15,0.15319734218774542,75735,,,,,,0,0,0,,
primary,2025-06-24,lightgbm_qlike__B2,,42,63,0.15212483179025893,75735,,,,,,0,0,0,,
primary,2025-06-24,log_ridge_harq__B0,10000.0,,,0.1542128329669803,75735,363,3.911156512540054e-08,0.06694364761653859,0,0,,,,30,5
primary,2025-06-24,log_ridge_harq__B1,10000.0,,,0.1496695781649757,75735,363,3.911156512540054e-08,0.06694364761653859,0,0,,,,96,19
primary,2025-06-24,log_ridge_harq__B2,10000.0,,,0.14978285696257423,75735,363,3.911156512540054e-08,0.06694364761653859,0,0,,,,155,86
primary,2025-06-25,lightgbm_qlike__B0,,93,15,0.12464049242093758,76098,,,,,,0,0,0,,
primary,2025-06-25,lightgbm_qlike__B1,,94,15,0.1251399469010112,76098,,,,,,0,0,0,,
primary,2025-06-25,lightgbm_qlike__B2,,196,15,0.12500179389724217,76098,,,,,,0,0,0,,
primary,2025-06-25,log_ridge_harq__B0,10000.0,,,0.1266862967784489,76098,370,3.911156512540054e-08,0.06694364761653859,0,0,,,,30,5
primary,2025-06-25,log_ridge_harq__B1,10000.0,,,0.12411963444547755,76098,370,3.911156512540054e-08,0.06694364761653859,0,0,,,,96,19
primary,2025-06-25,log_ridge_harq__B2,10000.0,,,0.12543340743186054,76098,370,3.911156512540054e-08,0.06694364761653859,0,0,,,,155,86
primary,2025-06-26,lightgbm_qlike__B0,,178,15,0.11809550238648667,76468,,,,,,0,0,0,,
primary,2025-06-26,lightgbm_qlike__B1,,192,15,0.11545599869508578,76468,,,,,,0,0,0,,
primary,2025-06-26,lightgbm_qlike__B2,,191,15,0.11695048768661824,76468,,,,,,0,0,0,,
primary,2025-06-26,log_ridge_harq__B0,10000.0,,,0.1208913105618995,76468,390,3.911156512540054e-08,0.06694364761653859,0,0,,,,30,5
primary,2025-06-26,log_ridge_harq__B1,10000.0,,,0.11938935599274762,76468,390,3.911156512540054e-08,0.06694364761653859,0,0,,,,96,19
primary,2025-06-26,log_ridge_harq__B2,10000.0,,,0.12126814922591067,76468,390,3.911156512540054e-08,0.06694364761653859,0,0,,,,155,86
primary,2025-06-27,lightgbm_qlike__B0,,90,15,0.11715968841341784,76858,,,,,,0,0,0,,
primary,2025-06-27,lightgbm_qlike__B1,,132,31,0.11476897827781748,76858,,,,,,0,0,0,,
primary,2025-06-27,lightgbm_qlike__B2,,279,15,0.11478229335330328,76858,,,,,,0,0,0,,
primary,2025-06-27,log_ridge_harq__B0,10000.0,,,0.1185281566546936,76858,390,3.911156512540054e-08,0.06694364761653859,0,0,,,,30,5
primary,2025-06-27,log_ridge_harq__B1,10000.0,,,0.11762737814090647,76858,390,3.911156512540054e-08,0.06694364761653859,0,0,,,,96,19
primary,2025-06-27,log_ridge_harq__B2,100.0,,,0.11922907055870324,76858,390,3.911156512540054e-08,0.06694364761653859,0,0,,,,155,86
primary,2025-06-30,lightgbm_qlike__B0,,70,31,0.12136861716106502,77248,,,,,,0,0,0,,
primary,2025-06-30,lightgbm_qlike__B1,,75,31,0.11858597151134727,77248,,,,,,0,0,0,,
primary,2025-06-30,lightgbm_qlike__B2,,86,15,0.11865590721127695,77248,,,,,,0,0,0,,
primary,2025-06-30,log_ridge_harq__B0,10000.0,,,0.12208461561645774,77248,384,3.911156512540054e-08,0.06694364761653859,0,0,,,,30,5
primary,2025-06-30,log_ridge_harq__B1,10000.0,,,0.1207870658271846,77248,384,3.911156512540054e-08,0.06694364761653859,0,0,,,,96,19
primary,2025-06-30,log_ridge_harq__B2,10000.0,,,0.12176462137257768,77248,384,3.911156512540054e-08,0.06694364761653859,0,0,,,,155,86
primary,2025-07-01,lightgbm_qlike__B0,,50,63,0.15336706624666435,77632,,,,,,0,0,0,,
primary,2025-07-01,lightgbm_qlike__B1,,58,31,0.14811333539177135,77632,,,,,,0,0,0,,
primary,2025-07-01,lightgbm_qlike__B2,,61,31,0.1507336433272555,77632,,,,,,0,0,0,,
primary,2025-07-01,log_ridge_harq__B0,10000.0,,,0.15409692888339216,77632,390,3.911156512540054e-08,0.06694364761653859,0,0,,,,30,5
primary,2025-07-01,log_ridge_harq__B1,10000.0,,,0.1531680589591056,77632,390,3.911156512540054e-08,0.06694364761653859,0,0,,,,96,19
primary,2025-07-01,log_ridge_harq__B2,10000.0,,,0.15394849060465876,77632,390,3.911156512540054e-08,0.06694364761653859,0,0,,,,155,86
primary,2025-07-02,lightgbm_qlike__B0,,65,15,0.1551828558845041,78022,,,,,,0,0,0,,
primary,2025-07-02,lightgbm_qlike__B1,,56,63,0.14994739017576486,78022,,,,,,0,0,0,,
primary,2025-07-02,lightgbm_qlike__B2,,58,15,0.15193979382486877,78022,,,,,,0,0,0,,
primary,2025-07-02,log_ridge_harq__B0,10000.0,,,0.15575418609347993,78022,373,3.911156512540054e-08,0.06694364761653859,0,0,,,,30,5
primary,2025-07-02,log_ridge_harq__B1,10000.0,,,0.15472730448611943,78022,373,3.911156512540054e-08,0.06694364761653859,0,0,,,,96,19
primary,2025-07-02,log_ridge_harq__B2,10000.0,,,0.1553568327262822,78022,373,3.911156512540054e-08,0.06694364761653859,0,0,,,,155,86
primary,2025-07-03,lightgbm_qlike__B0,,61,15,0.16219912764026975,78395,,,,,,0,0,0,,
primary,2025-07-03,lightgbm_qlike__B1,,53,63,0.15514370535945138,78395,,,,,,0,0,0,,
primary,2025-07-03,lightgbm_qlike__B2,,64,15,0.15703152064002027,78395,,,,,,0,0,0,,
primary,2025-07-03,log_ridge_harq__B0,10000.0,,,0.16008463990712682,78395,148,3.911156512540054e-08,0.06694364761653859,0,0,,,,30,5
primary,2025-07-03,log_ridge_harq__B1,10000.0,,,0.15932209158931684,78395,148,3.911156512540054e-08,0.06694364761653859,0,0,,,,96,19
primary,2025-07-03,log_ridge_harq__B2,10000.0,,,0.15931333468607806,78395,148,3.911156512540054e-08,0.06694364761653859,0,0,,,,155,86
primary,2025-07-07,lightgbm_qlike__B0,,57,15,0.15591738789538057,78543,,,,,,0,0,0,,
primary,2025-07-07,lightgbm_qlike__B1,,82,63,0.14649855989198107,78543,,,,,,0,0,0,,
primary,2025-07-07,lightgbm_qlike__B2,,70,63,0.14935626277249492,78543,,,,,,0,0,0,,
primary,2025-07-07,log_ridge_harq__B0,100.0,,,0.1508345986143206,78543,384,3.911156512540054e-08,0.06694364761653859,0,0,,,,30,5
primary,2025-07-07,log_ridge_harq__B1,100.0,,,0.1520343417978438,78543,384,3.911156512540054e-08,0.06694364761653859,0,0,,,,96,19
primary,2025-07-07,log_ridge_harq__B2,100.0,,,0.1520099163527035,78543,384,3.911156512540054e-08,0.06694364761653859,0,0,,,,155,86
primary,2025-07-08,lightgbm_qlike__B0,,62,15,0.16694854989244692,78927,,,,,,0,0,0,,
primary,2025-07-08,lightgbm_qlike__B1,,60,63,0.15935804642536916,78927,,,,,,0,0,0,,
primary,2025-07-08,lightgbm_qlike__B2,,82,31,0.16056110696600415,78927,,,,,,0,0,0,,
primary,2025-07-08,log_ridge_harq__B0,100.0,,,0.16096618558985462,78927,380,3.911156512540054e-08,0.06694364761653859,0,0,,,,30,5
primary,2025-07-08,log_ridge_harq__B1,10000.0,,,0.16224394908510759,78927,380,3.911156512540054e-08,0.06694364761653859,0,0,,,,96,19
primary,2025-07-08,log_ridge_harq__B2,10000.0,,,0.16106500288710995,78927,380,3.911156512540054e-08,0.06694364761653859,0,0,,,,155,86
primary,2025-07-09,lightgbm_qlike__B0,,62,15,0.1793275440549532,79307,,,,,,0,0,0,,
primary,2025-07-09,lightgbm_qlike__B1,,54,63,0.16947539516434293,79307,,,,,,0,0,0,,
primary,2025-07-09,lightgbm_qlike__B2,,81,31,0.1748903067749394,79307,,,,,,0,0,0,,
primary,2025-07-09,log_ridge_harq__B0,0.0001,,,0.173774290809133,79307,390,3.911156512540054e-08,0.06694364761653859,0,0,,,,30,5
primary,2025-07-09,log_ridge_harq__B1,100.0,,,0.17471089399147666,79307,390,3.911156512540054e-08,0.06694364761653859,0,0,,,,96,19
primary,2025-07-09,log_ridge_harq__B2,100.0,,,0.1727466633213586,79307,390,3.911156512540054e-08,0.06694364761653859,0,0,,,,155,86
primary,2025-07-10,lightgbm_qlike__B0,,53,15,0.18846207628447617,79697,,,,,,0,0,0,,
primary,2025-07-10,lightgbm_qlike__B1,,74,31,0.1793543223658259,79697,,,,,,0,0,0,,
primary,2025-07-10,lightgbm_qlike__B2,,59,63,0.17980180984988905,79697,,,,,,0,0,0,,
primary,2025-07-10,log_ridge_harq__B0,0.0001,,,0.1816540988544178,79697,350,3.911156512540054e-08,0.06694364761653859,0,0,,,,30,5
primary,2025-07-10,log_ridge_harq__B1,100.0,,,0.1826723237737645,79697,350,3.911156512540054e-08,0.06694364761653859,0,0,,,,96,19
primary,2025-07-10,log_ridge_harq__B2,100.0,,,0.18187336400905058,79697,350,3.911156512540054e-08,0.06694364761653859,0,0,,,,155,86
primary,2025-07-11,lightgbm_qlike__B0,,65,31,0.18849166725555694,80047,,,,,,0,0,0,,
primary,2025-07-11,lightgbm_qlike__B1,,63,63,0.17886920117362118,80047,,,,,,0,0,0,,
primary,2025-07-11,lightgbm_qlike__B2,,60,63,0.1789321035125198,80047,,,,,,0,0,0,,
primary,2025-07-11,log_ridge_harq__B0,0.0001,,,0.18050382030837958,80047,390,3.911156512540054e-08,0.06694364761653859,0,0,,,,30,5
primary,2025-07-11,log_ridge_harq__B1,100.0,,,0.181782332747692,80047,390,3.911156512540054e-08,0.06694364761653859,0,0,,,,96,19
primary,2025-07-11,log_ridge_harq__B2,100.0,,,0.18098948949593419,80047,390,3.911156512540054e-08,0.06694364761653859,0,0,,,,155,86
primary,2025-07-14,lightgbm_qlike__B0,,69,31,0.18219335644503806,80437,,,,,,0,0,0,,
primary,2025-07-14,lightgbm_qlike__B1,,52,63,0.17783666544313034,80437,,,,,,0,0,0,,
primary,2025-07-14,lightgbm_qlike__B2,,53,63,0.17388053662679484,80437,,,,,,0,0,0,,
primary,2025-07-14,log_ridge_harq__B0,0.0001,,,0.17565330510237914,80437,384,3.911156512540054e-08,0.06694364761653859,0,0,,,,30,5
primary,2025-07-14,log_ridge_harq__B1,100.0,,,0.1767271761741644,80437,384,3.911156512540054e-08,0.06694364761653859,0,0,,,,96,19
primary,2025-07-14,log_ridge_harq__B2,100.0,,,0.17572619321043786,80437,384,3.911156512540054e-08,0.06694364761653859,0,0,,,,155,86
primary,2025-07-15,lightgbm_qlike__B0,,187,15,0.17833870128517107,80821,,,,,,0,0,0,,
primary,2025-07-15,lightgbm_qlike__B1,,101,63,0.17330306051108968,80821,,,,,,0,0,0,,
primary,2025-07-15,lightgbm_qlike__B2,,97,63,0.17108860973569467,80821,,,,,,0,0,0,,
primary,2025-07-15,log_ridge_harq__B0,0.0001,,,0.17044734653964264,80821,384,3.911156512540054e-08,0.06694364761653859,0,0,,,,30,5
primary,2025-07-15,log_ridge_harq__B1,100.0,,,0.1709460040057006,80821,384,3.911156512540054e-08,0.06694364761653859,0,0,,,,96,19
primary,2025-07-15,log_ridge_harq__B2,100.0,,,0.16975500151684522,80821,384,3.911156512540054e-08,0.06694364761653859,0,0,,,,155,86
primary,2025-07-16,lightgbm_qlike__B0,,121,63,0.14282997138354547,81205,,,,,,0,0,0,,
primary,2025-07-16,lightgbm_qlike__B1,,119,63,0.1385624922338749,81205,,,,,,0,0,0,,
primary,2025-07-16,lightgbm_qlike__B2,,133,63,0.13753911654242576,81205,,,,,,0,0,0,,
primary,2025-07-16,log_ridge_harq__B0,1.0,,,0.13518430676389548,81205,390,3.911156512540054e-08,0.06694364761653859,0,0,,,,30,5
primary,2025-07-16,log_ridge_harq__B1,100.0,,,0.13550715728737456,81205,390,3.911156512540054e-08,0.06694364761653859,0,0,,,,96,19
primary,2025-07-16,log_ridge_harq__B2,100.0,,,0.13411333671133413,81205,390,3.911156512540054e-08,0.06694364761653859,0,0,,,,155,86
primary,2025-07-17,lightgbm_qlike__B0,,220,63,0.1455707830016489,81595,,,,,,0,0,0,,
primary,2025-07-17,lightgbm_qlike__B1,,204,63,0.14721979470462934,81595,,,,,,0,0,0,,
primary,2025-07-17,lightgbm_qlike__B2,,118,63,0.14544998950958501,81595,,,,,,0,0,0,,
primary,2025-07-17,log_ridge_harq__B0,1.0,,,0.1416255041343796,81595,390,3.911156512540054e-08,0.06694364761653859,0,0,,,,30,5
primary,2025-07-17,log_ridge_harq__B1,100.0,,,0.14354334957441384,81595,390,3.911156512540054e-08,0.06694364761653859,0,0,,,,96,19
primary,2025-07-17,log_ridge_harq__B2,100.0,,,0.1423192855431004,81595,390,3.911156512540054e-08,0.06694364761653859,0,0,,,,155,86
primary,2025-07-18,lightgbm_qlike__B0,,232,63,0.15272325217659932,81985,,,,,,0,0,0,,
primary,2025-07-18,lightgbm_qlike__B1,,302,31,0.15350632388755914,81985,,,,,,0,0,0,,
primary,2025-07-18,lightgbm_qlike__B2,,469,31,0.1517971603269443,81985,,,,,,0,0,0,,
primary,2025-07-18,log_ridge_harq__B0,1.0,,,0.14907809734970864,81985,390,3.7966654060533396e-08,0.06694364761653859,0,0,,,,30,5
primary,2025-07-18,log_ridge_harq__B1,100.0,,,0.15059838841339615,81985,390,3.7966654060533396e-08,0.06694364761653859,0,0,,,,96,19
primary,2025-07-18,log_ridge_harq__B2,100.0,,,0.14977350716083354,81985,390,3.7966654060533396e-08,0.06694364761653859,0,0,,,,155,86
primary,2025-07-21,lightgbm_qlike__B0,,167,63,0.1618960899364374,82375,,,,,,0,0,0,,
primary,2025-07-21,lightgbm_qlike__B1,,354,31,0.16089564478543913,82375,,,,,,0,0,0,,
primary,2025-07-21,lightgbm_qlike__B2,,794,31,0.15543259784405564,82375,,,,,,0,0,0,,
primary,2025-07-21,log_ridge_harq__B0,0.0001,,,0.15617402784684675,82375,390,3.7966654060533396e-08,0.06694364761653859,0,0,,,,30,5
primary,2025-07-21,log_ridge_harq__B1,1.0,,,0.1567778242779759,82375,390,3.7966654060533396e-08,0.06694364761653859,0,0,,,,96,19
primary,2025-07-21,log_ridge_harq__B2,1.0,,,0.1560366122523504,82375,390,3.7966654060533396e-08,0.06694364761653859,0,0,,,,155,86
primary,2025-07-22,lightgbm_qlike__B0,,215,63,0.15593992034702442,82765,,,,,,0,0,0,,
primary,2025-07-22,lightgbm_qlike__B1,,397,15,0.16034640982028636,82765,,,,,,0,0,0,,
primary,2025-07-22,lightgbm_qlike__B2,,200,63,0.158274139470651,82765,,,,,,0,0,0,,
primary,2025-07-22,log_ridge_harq__B0,0.0001,,,0.1479405938946457,82765,390,2.7101989908617113e-08,0.06694364761653859,0,0,,,,30,5
primary,2025-07-22,log_ridge_harq__B1,0.0001,,,0.14802211380763114,82765,390,2.7101989908617113e-08,0.06694364761653859,0,0,,,,96,19
primary,2025-07-22,log_ridge_harq__B2,0.0001,,,0.14687617385295756,82765,390,2.7101989908617113e-08,0.06694364761653859,0,0,,,,155,86
primary,2025-07-23,lightgbm_qlike__B0,,265,31,0.13560946320290926,83155,,,,,,0,0,0,,
primary,2025-07-23,lightgbm_qlike__B1,,142,63,0.13832678740509022,83155,,,,,,0,0,0,,
primary,2025-07-23,lightgbm_qlike__B2,,302,31,0.13749071345956423,83155,,,,,,0,0,0,,
primary,2025-07-23,log_ridge_harq__B0,0.0001,,,0.13075639294375224,83155,384,2.7101989908617113e-08,0.06694364761653859,0,0,,,,30,5
primary,2025-07-23,log_ridge_harq__B1,0.0001,,,0.13129141811976192,83155,384,2.7101989908617113e-08,0.06694364761653859,0,0,,,,96,19
primary,2025-07-23,log_ridge_harq__B2,0.0001,,,0.13125526219541056,83155,384,2.7101989908617113e-08,0.06694364761653859,0,0,,,,155,86
primary,2025-07-24,lightgbm_qlike__B0,,164,63,0.13739790272713823,83539,,,,,,0,0,0,,
primary,2025-07-24,lightgbm_qlike__B1,,470,31,0.1405813960615649,83539,,,,,,0,0,0,,
primary,2025-07-24,lightgbm_qlike__B2,,368,63,0.1400830812484168,83539,,,,,,0,0,0,,
primary,2025-07-24,log_ridge_harq__B0,0.0001,,,0.13057755558355727,83539,390,2.7101989908617113e-08,0.06694364761653859,0,0,,,,30,5
primary,2025-07-24,log_ridge_harq__B1,0.0001,,,0.13087777504971684,83539,390,2.7101989908617113e-08,0.06694364761653859,0,0,,,,96,19
primary,2025-07-24,log_ridge_harq__B2,0.0001,,,0.12983062563266762,83539,390,2.7101989908617113e-08,0.06694364761653859,0,0,,,,155,86
primary,2025-07-25,lightgbm_qlike__B0,,156,63,0.13427580821055232,83929,,,,,,0,0,0,,
primary,2025-07-25,lightgbm_qlike__B1,,212,31,0.1379455653471075,83929,,,,,,0,0,0,,
primary,2025-07-25,lightgbm_qlike__B2,,289,31,0.1359763653632375,83929,,,,,,0,0,0,,
primary,2025-07-25,log_ridge_harq__B0,0.0001,,,0.13004751697881725,83929,390,2.7101989908617113e-08,0.06694364761653859,0,0,,,,30,5
primary,2025-07-25,log_ridge_harq__B1,0.0001,,,0.13032246188915378,83929,390,2.7101989908617113e-08,0.06694364761653859,0,0,,,,96,19
primary,2025-07-25,log_ridge_harq__B2,0.0001,,,0.12914322434569064,83929,390,2.7101989908617113e-08,0.06694364761653859,0,0,,,,155,86
primary,2025-07-28,lightgbm_qlike__B0,,163,63,0.1347718095404447,84319,,,,,,0,0,0,,
primary,2025-07-28,lightgbm_qlike__B1,,177,63,0.13790157793821564,84319,,,,,,0,0,0,,
primary,2025-07-28,lightgbm_qlike__B2,,231,63,0.13649715204355578,84319,,,,,,0,0,0,,
primary,2025-07-28,log_ridge_harq__B0,0.0001,,,0.13000699684660222,84319,384,2.7101989908617113e-08,0.06694364761653859,0,0,,,,30,5
primary,2025-07-28,log_ridge_harq__B1,0.0001,,,0.13123364252760308,84319,384,2.7101989908617113e-08,0.06694364761653859,0,0,,,,96,19
primary,2025-07-28,log_ridge_harq__B2,0.0001,,,0.130074163461678,84319,384,2.7101989908617113e-08,0.06694364761653859,0,0,,,,155,86
primary,2025-07-29,lightgbm_qlike__B0,,224,31,0.13317888103030995,84703,,,,,,0,0,0,,
primary,2025-07-29,lightgbm_qlike__B1,,254,63,0.1342246824994755,84703,,,,,,0,0,0,,
primary,2025-07-29,lightgbm_qlike__B2,,186,63,0.13148263537806423,84703,,,,,,0,0,0,,
primary,2025-07-29,log_ridge_harq__B0,0.0001,,,0.12997971806844022,84703,384,2.7101989908617113e-08,0.06694364761653859,0,0,,,,30,5
primary,2025-07-29,log_ridge_harq__B1,0.0001,,,0.13188535987088357,84703,384,2.7101989908617113e-08,0.06694364761653859,0,0,,,,96,19
primary,2025-07-29,log_ridge_harq__B2,0.0001,,,0.13079559627929155,84703,384,2.7101989908617113e-08,0.06694364761653859,0,0,,,,155,86
primary,2025-07-30,lightgbm_qlike__B0,,248,31,0.13477305939938572,85087,,,,,,0,0,0,,
primary,2025-07-30,lightgbm_qlike__B1,,120,63,0.1396404028985469,85087,,,,,,0,0,0,,
primary,2025-07-30,lightgbm_qlike__B2,,150,63,0.13488932216781957,85087,,,,,,0,0,0,,
primary,2025-07-30,log_ridge_harq__B0,0.0001,,,0.13295707588818267,85087,390,2.7101989908617113e-08,0.06694364761653859,0,0,,,,30,5
primary,2025-07-30,log_ridge_harq__B1,0.0001,,,0.1348591035282619,85087,390,2.7101989908617113e-08,0.06694364761653859,0,0,,,,96,19
primary,2025-07-30,log_ridge_harq__B2,0.0001,,,0.1329930338070146,85087,390,2.7101989908617113e-08,0.06694364761653859,0,0,,,,155,86
primary,2025-07-31,lightgbm_qlike__B0,,185,31,0.13831481875822466,85477,,,,,,0,0,0,,
primary,2025-07-31,lightgbm_qlike__B1,,260,31,0.14360197275838626,85477,,,,,,0,0,0,,
primary,2025-07-31,lightgbm_qlike__B2,,197,31,0.14289105780870912,85477,,,,,,0,0,0,,
primary,2025-07-31,log_ridge_harq__B0,0.0001,,,0.13555254649003387,85477,390,2.7101989908617113e-08,0.06694364761653859,0,0,,,,30,5
primary,2025-07-31,log_ridge_harq__B1,0.0001,,,0.13561062804470353,85477,390,2.7101989908617113e-08,0.06694364761653859,0,0,,,,96,19
primary,2025-07-31,log_ridge_harq__B2,0.0001,,,0.13170166095089658,85477,390,2.7101989908617113e-08,0.06694364761653859,0,0,,,,155,86
primary,2025-08-01,lightgbm_qlike__B0,,195,31,0.1259262194452185,85867,,,,,,0,0,0,,
primary,2025-08-01,lightgbm_qlike__B1,,236,31,0.134196667291493,85867,,,,,,0,0,0,,
primary,2025-08-01,lightgbm_qlike__B2,,153,31,0.13408053495090638,85867,,,,,,0,0,0,,
primary,2025-08-01,log_ridge_harq__B0,0.0001,,,0.12765460291102673,85867,390,2.7101989908617113e-08,0.06694364761653859,0,0,,,,30,5
primary,2025-08-01,log_ridge_harq__B1,0.0001,,,0.12749954909461408,85867,390,2.7101989908617113e-08,0.06694364761653859,0,0,,,,96,19
primary,2025-08-01,log_ridge_harq__B2,0.0001,,,0.12383278718045274,85867,390,2.7101989908617113e-08,0.06694364761653859,0,0,,,,155,86
primary,2025-08-04,lightgbm_qlike__B0,,127,31,0.1194985309992177,86257,,,,,,0,0,0,,
primary,2025-08-04,lightgbm_qlike__B1,,171,31,0.12603851826330983,86257,,,,,,0,0,0,,
primary,2025-08-04,lightgbm_qlike__B2,,190,31,0.12798724959410274,86257,,,,,,0,0,0,,
primary,2025-08-04,log_ridge_harq__B0,0.0001,,,0.12007380581444718,86257,378,2.7101989908617113e-08,0.06694364761653859,0,0,,,,30,5
primary,2025-08-04,log_ridge_harq__B1,0.0001,,,0.11922294016815456,86257,378,2.7101989908617113e-08,0.06694364761653859,0,0,,,,96,19
primary,2025-08-04,log_ridge_harq__B2,0.0001,,,0.11573222695996951,86257,378,2.7101989908617113e-08,0.06694364761653859,0,0,,,,155,86
primary,2025-08-05,lightgbm_qlike__B0,,373,15,0.1175222571254357,86635,,,,,,0,0,0,,
primary,2025-08-05,lightgbm_qlike__B1,,150,63,0.12118289800860774,86635,,,,,,0,0,0,,
primary,2025-08-05,lightgbm_qlike__B2,,144,63,0.11866035651614423,86635,,,,,,0,0,0,,
primary,2025-08-05,log_ridge_harq__B0,0.0001,,,0.12100406971940154,86635,383,2.7101989908617113e-08,0.06694364761653859,0,0,,,,30,5
primary,2025-08-05,log_ridge_harq__B1,0.0001,,,0.11949269424828708,86635,383,2.7101989908617113e-08,0.06694364761653859,0,0,,,,96,19
primary,2025-08-05,log_ridge_harq__B2,0.0001,,,0.11643060626253723,86635,383,2.7101989908617113e-08,0.06694364761653859,0,0,,,,155,86
primary,2025-08-06,lightgbm_qlike__B0,,355,15,0.11155132330688822,87018,,,,,,0,0,0,,
primary,2025-08-06,lightgbm_qlike__B1,,206,31,0.11340025118721837,87018,,,,,,0,0,0,,
primary,2025-08-06,lightgbm_qlike__B2,,97,63,0.11011675442682889,87018,,,,,,0,0,0,,
primary,2025-08-06,log_ridge_harq__B0,0.0001,,,0.11650993702734166,87018,390,2.7101989908617113e-08,0.06694364761653859,0,0,,,,30,5
primary,2025-08-06,log_ridge_harq__B1,0.0001,,,0.11432265329393532,87018,390,2.7101989908617113e-08,0.06694364761653859,0,0,,,,96,19
primary,2025-08-06,log_ridge_harq__B2,0.0001,,,0.1109794282014283,87018,390,2.7101989908617113e-08,0.06694364761653859,0,0,,,,155,86
primary,2025-08-07,lightgbm_qlike__B0,,309,15,0.10028212593538906,87408,,,,,,0,0,0,,
primary,2025-08-07,lightgbm_qlike__B1,,142,31,0.1033288313141854,87408,,,,,,0,0,0,,
primary,2025-08-07,lightgbm_qlike__B2,,149,31,0.10027919687069534,87408,,,,,,0,0,0,,
primary,2025-08-07,log_ridge_harq__B0,0.0001,,,0.10596997472005673,87408,378,2.7101989908617113e-08,0.06694364761653859,0,0,,,,30,5
primary,2025-08-07,log_ridge_harq__B1,0.0001,,,0.10360484274810888,87408,378,2.7101989908617113e-08,0.06694364761653859,0,0,,,,96,19
primary,2025-08-07,log_ridge_harq__B2,0.0001,,,0.10015975117306083,87408,378,2.7101989908617113e-08,0.06694364761653859,0,0,,,,155,86
primary,2025-08-08,lightgbm_qlike__B0,,329,15,0.10104287102700578,87786,,,,,,0,0,0,,
primary,2025-08-08,lightgbm_qlike__B1,,216,15,0.10349088909748867,87786,,,,,,0,0,0,,
primary,2025-08-08,lightgbm_qlike__B2,,96,63,0.10149597073143168,87786,,,,,,0,0,0,,
primary,2025-08-08,log_ridge_harq__B0,0.0001,,,0.10542280550668556,87786,390,2.7101989908617113e-08,0.06694364761653859,0,0,,,,30,5
primary,2025-08-08,log_ridge_harq__B1,0.0001,,,0.10257255474008715,87786,390,2.7101989908617113e-08,0.06694364761653859,0,0,,,,96,19
primary,2025-08-08,log_ridge_harq__B2,0.01,,,0.09984669173392927,87786,390,2.7101989908617113e-08,0.06694364761653859,0,0,,,,155,86
primary,2025-08-11,lightgbm_qlike__B0,,173,31,0.1047257514053997,88176,,,,,,0,0,0,,
primary,2025-08-11,lightgbm_qlike__B1,,121,31,0.1055205143024442,88176,,,,,,0,0,0,,
primary,2025-08-11,lightgbm_qlike__B2,,92,31,0.10312483359170044,88176,,,,,,0,0,0,,
primary,2025-08-11,log_ridge_harq__B0,0.0001,,,0.1091941809709905,88176,390,2.7101989908617113e-08,0.06694364761653859,0,0,,,,30,5
primary,2025-08-11,log_ridge_harq__B1,0.0001,,,0.10600365941400358,88176,390,2.7101989908617113e-08,0.06694364761653859,0,0,,,,96,19
primary,2025-08-11,log_ridge_harq__B2,0.0001,,,0.10292421106002347,88176,390,2.7101989908617113e-08,0.06694364761653859,0,0,,,,155,86
primary,2025-08-12,lightgbm_qlike__B0,,157,31,0.10130177186044827,88566,,,,,,0,0,0,,
primary,2025-08-12,lightgbm_qlike__B1,,60,63,0.1002196698912943,88566,,,,,,0,0,0,,
primary,2025-08-12,lightgbm_qlike__B2,,119,31,0.09891466171988497,88566,,,,,,0,0,0,,
primary,2025-08-12,log_ridge_harq__B0,0.0001,,,0.10602582189878884,88566,390,2.7101989908617113e-08,0.06694364761653859,0,0,,,,30,5
primary,2025-08-12,log_ridge_harq__B1,0.0001,,,0.10193009252067844,88566,390,2.7101989908617113e-08,0.06694364761653859,0,0,,,,96,19
primary,2025-08-12,log_ridge_harq__B2,1.0,,,0.09921831748232954,88566,390,2.7101989908617113e-08,0.06694364761653859,0,0,,,,155,86
primary,2025-08-13,lightgbm_qlike__B0,,149,31,0.10367180226353474,88956,,,,,,0,0,0,,
primary,2025-08-13,lightgbm_qlike__B1,,125,31,0.10345837277034187,88956,,,,,,0,0,0,,
primary,2025-08-13,lightgbm_qlike__B2,,91,31,0.10075203641028316,88956,,,,,,0,0,0,,
primary,2025-08-13,log_ridge_harq__B0,0.0001,,,0.10863208011395001,88956,390,2.7101989908617113e-08,0.06694364761653859,0,0,,,,30,5
primary,2025-08-13,log_ridge_harq__B1,0.0001,,,0.1043891274126493,88956,390,2.7101989908617113e-08,0.06694364761653859,0,0,,,,96,19
primary,2025-08-13,log_ridge_harq__B2,100.0,,,0.10109983386368822,88956,390,2.7101989908617113e-08,0.06694364761653859,0,0,,,,155,86
primary,2025-08-14,lightgbm_qlike__B0,,214,63,0.11770585702276093,89346,,,,,,0,0,0,,
primary,2025-08-14,lightgbm_qlike__B1,,324,15,0.11740121244819428,89346,,,,,,0,0,0,,
primary,2025-08-14,lightgbm_qlike__B2,,104,63,0.11743198736322516,89346,,,,,,0,0,0,,
primary,2025-08-14,log_ridge_harq__B0,0.0001,,,0.12361257691511536,89346,378,2.7101989908617113e-08,0.06694364761653859,0,0,,,,30,5
primary,2025-08-14,log_ridge_harq__B1,0.0001,,,0.12055584635055905,89346,378,2.7101989908617113e-08,0.06694364761653859,0,0,,,,96,19
primary,2025-08-14,log_ridge_harq__B2,100.0,,,0.11977251033740428,89346,378,2.7101989908617113e-08,0.06694364761653859,0,0,,,,155,86
primary,2025-08-15,lightgbm_qlike__B0,,247,63,0.12236809394043993,89724,,,,,,0,0,0,,
primary,2025-08-15,lightgbm_qlike__B1,,459,15,0.12006469049522683,89724,,,,,,0,0,0,,
primary,2025-08-15,lightgbm_qlike__B2,,304,63,0.11959504258971802,89724,,,,,,0,0,0,,
primary,2025-08-15,log_ridge_harq__B0,0.0001,,,0.13918696218356016,89724,387,8.341131979782795e-09,0.06694364761653859,0,0,,,,30,5
primary,2025-08-15,log_ridge_harq__B1,0.0001,,,0.13207103679966853,89724,387,8.341131979782795e-09,0.06694364761653859,0,0,,,,96,19
primary,2025-08-15,log_ridge_harq__B2,0.0001,,,0.13124424832854525,89724,387,8.341131979782795e-09,0.06694364761653859,0,0,,,,155,86
primary,2025-08-18,lightgbm_qlike__B0,,140,63,0.12943750531832188,90111,,,,,,0,0,0,,
primary,2025-08-18,lightgbm_qlike__B1,,195,31,0.12614503939294489,90111,,,,,,0,0,0,,
primary,2025-08-18,lightgbm_qlike__B2,,349,31,0.1254244051028294,90111,,,,,,0,0,0,,
primary,2025-08-18,log_ridge_harq__B0,0.0001,,,0.14471808386462648,90111,369,8.341131979782795e-09,0.06694364761653859,0,0,,,,30,5
primary,2025-08-18,log_ridge_harq__B1,0.0001,,,0.13899109052124659,90111,369,8.341131979782795e-09,0.06694364761653859,0,0,,,,96,19
primary,2025-08-18,log_ridge_harq__B2,0.0001,,,0.13805195603181947,90111,369,8.341131979782795e-09,0.06694364761653859,0,0,,,,155,86
primary,2025-08-19,lightgbm_qlike__B0,,130,63,0.12979846934991202,90480,,,,,,0,0,0,,
primary,2025-08-19,lightgbm_qlike__B1,,213,31,0.12604204921407366,90480,,,,,,0,0,0,,
primary,2025-08-19,lightgbm_qlike__B2,,183,31,0.1276787307054425,90480,,,,,,0,0,0,,
primary,2025-08-19,log_ridge_harq__B0,0.0001,,,0.14484463223417812,90480,348,8.341131979782795e-09,0.06694364761653859,0,0,,,,30,5
primary,2025-08-19,log_ridge_harq__B1,0.0001,,,0.1396731091240038,90480,348,8.341131979782795e-09,0.06694364761653859,0,0,,,,96,19
primary,2025-08-19,log_ridge_harq__B2,0.0001,,,0.1386965083664457,90480,348,8.341131979782795e-09,0.06694364761653859,0,0,,,,155,86
primary,2025-08-20,lightgbm_qlike__B0,,146,63,0.13618406673779576,90828,,,,,,0,0,0,,
primary,2025-08-20,lightgbm_qlike__B1,,406,15,0.1319097477571291,90828,,,,,,0,0,0,,
primary,2025-08-20,lightgbm_qlike__B2,,308,31,0.13018471479638608,90828,,,,,,0,0,0,,
primary,2025-08-20,log_ridge_harq__B0,0.0001,,,0.1482853635783014,90828,378,8.341131979782795e-09,0.06694364761653859,0,0,,,,30,5
primary,2025-08-20,log_ridge_harq__B1,0.0001,,,0.1440046549111406,90828,378,8.341131979782795e-09,0.06694364761653859,0,0,,,,96,19
primary,2025-08-20,log_ridge_harq__B2,0.0001,,,0.1435641452620951,90828,378,8.341131979782795e-09,0.06694364761653859,0,0,,,,155,86
primary,2025-08-21,lightgbm_qlike__B0,,157,31,0.1368628703504404,91206,,,,,,0,0,0,,
primary,2025-08-21,lightgbm_qlike__B1,,214,31,0.13237025462255064,91206,,,,,,0,0,0,,
primary,2025-08-21,lightgbm_qlike__B2,,137,31,0.1329691550885705,91206,,,,,,0,0,0,,
primary,2025-08-21,log_ridge_harq__B0,0.0001,,,0.14902188261188626,91206,378,8.341131979782795e-09,0.06694364761653859,0,0,,,,30,5
primary,2025-08-21,log_ridge_harq__B1,0.0001,,,0.1448695035719401,91206,378,8.341131979782795e-09,0.06694364761653859,0,0,,,,96,19
primary,2025-08-21,log_ridge_harq__B2,0.0001,,,0.144508839436232,91206,378,8.341131979782795e-09,0.06694364761653859,0,0,,,,155,86
primary,2025-08-22,lightgbm_qlike__B0,,115,63,0.13471925228505377,91584,,,,,,0,0,0,,
primary,2025-08-22,lightgbm_qlike__B1,,124,63,0.13312555203629695,91584,,,,,,0,0,0,,
primary,2025-08-22,lightgbm_qlike__B2,,182,63,0.12993032187287126,91584,,,,,,0,0,0,,
primary,2025-08-22,log_ridge_harq__B0,0.0001,,,0.14916723356101863,91584,390,8.341131979782795e-09,0.06694364761653859,0,0,,,,30,5
primary,2025-08-22,log_ridge_harq__B1,0.0001,,,0.1459951050052537,91584,390,8.341131979782795e-09,0.06694364761653859,0,0,,,,96,19
primary,2025-08-22,log_ridge_harq__B2,0.0001,,,0.14508941348449783,91584,390,8.341131979782795e-09,0.06694364761653859,0,0,,,,155,86
primary,2025-08-25,lightgbm_qlike__B0,,80,63,0.1406689985883727,91974,,,,,,0,0,0,,
primary,2025-08-25,lightgbm_qlike__B1,,182,31,0.13733927363514237,91974,,,,,,0,0,0,,
primary,2025-08-25,lightgbm_qlike__B2,,262,63,0.13402256153908892,91974,,,,,,0,0,0,,
primary,2025-08-25,log_ridge_harq__B0,0.0001,,,0.1534804127258904,91974,384,8.341131979782795e-09,0.06694364761653859,0,0,,,,30,5
primary,2025-08-25,log_ridge_harq__B1,0.0001,,,0.14969217796505893,91974,384,8.341131979782795e-09,0.06694364761653859,0,0,,,,96,19
primary,2025-08-25,log_ridge_harq__B2,0.0001,,,0.1491768021400836,91974,384,8.341131979782795e-09,0.06694364761653859,0,0,,,,155,86
primary,2025-08-26,lightgbm_qlike__B0,,402,15,0.1476371162611771,92358,,,,,,0,0,0,,
primary,2025-08-26,lightgbm_qlike__B1,,178,63,0.1405510950081052,92358,,,,,,0,0,0,,
primary,2025-08-26,lightgbm_qlike__B2,,218,63,0.1407119963502673,92358,,,,,,0,0,0,,
primary,2025-08-26,log_ridge_harq__B0,0.0001,,,0.15974809454899316,92358,390,8.341131979782795e-09,0.06694364761653859,0,0,,,,30,5
primary,2025-08-26,log_ridge_harq__B1,0.0001,,,0.1556495753327109,92358,390,8.341131979782795e-09,0.06694364761653859,0,0,,,,96,19
primary,2025-08-26,log_ridge_harq__B2,0.0001,,,0.15526745165656097,92358,390,8.341131979782795e-09,0.06694364761653859,0,0,,,,155,86
primary,2025-08-27,lightgbm_qlike__B0,,137,31,0.15451945638400644,92748,,,,,,0,0,0,,
primary,2025-08-27,lightgbm_qlike__B1,,141,63,0.1492405037110957,92748,,,,,,0,0,0,,
primary,2025-08-27,lightgbm_qlike__B2,,195,63,0.14583455662935932,92748,,,,,,0,0,0,,
primary,2025-08-27,log_ridge_harq__B0,0.0001,,,0.16805977510428324,92748,384,8.341131979782795e-09,0.06694364761653859,0,0,,,,30,5
primary,2025-08-27,log_ridge_harq__B1,0.0001,,,0.16429040623377192,92748,384,8.341131979782795e-09,0.06694364761653859,0,0,,,,96,19
primary,2025-08-27,log_ridge_harq__B2,0.0001,,,0.16435677936163196,92748,384,8.341131979782795e-09,0.06694364761653859,0,0,,,,155,86
primary,2025-08-28,lightgbm_qlike__B0,,176,31,0.13571521885401314,93132,,,,,,0,0,0,,
primary,2025-08-28,lightgbm_qlike__B1,,319,31,0.1316382931761146,93132,,,,,,0,0,0,,
primary,2025-08-28,lightgbm_qlike__B2,,199,63,0.1325034774727032,93132,,,,,,0,0,0,,
primary,2025-08-28,log_ridge_harq__B0,0.0001,,,0.1496307455038349,93132,390,8.341131979782795e-09,0.06694364761653859,0,0,,,,30,5
primary,2025-08-28,log_ridge_harq__B1,0.0001,,,0.14559438564200214,93132,390,8.341131979782795e-09,0.06694364761653859,0,0,,,,96,19
primary,2025-08-28,log_ridge_harq__B2,0.0001,,,0.1445968998240328,93132,390,8.341131979782795e-09,0.06694364761653859,0,0,,,,155,86
primary,2025-08-29,lightgbm_qlike__B0,,149,31,0.12586139836862892,93522,,,,,,0,0,0,,
primary,2025-08-29,lightgbm_qlike__B1,,507,31,0.1227060509334114,93522,,,,,,0,0,0,,
primary,2025-08-29,lightgbm_qlike__B2,,100,63,0.122415162642371,93522,,,,,,0,0,0,,
primary,2025-08-29,log_ridge_harq__B0,100.0,,,0.13375172133321153,93522,390,8.341131979782795e-09,0.06694364761653859,0,0,,,,30,5
primary,2025-08-29,log_ridge_harq__B1,100.0,,,0.1318543143370286,93522,390,8.341131979782795e-09,0.06694364761653859,0,0,,,,96,19
primary,2025-08-29,log_ridge_harq__B2,0.0001,,,0.13212101536913348,93522,390,8.341131979782795e-09,0.06694364761653859,0,0,,,,155,86
primary,2025-09-02,lightgbm_qlike__B0,,163,31,0.12577714346094374,93912,,,,,,0,0,0,,
primary,2025-09-02,lightgbm_qlike__B1,,360,31,0.12348112155679354,93912,,,,,,0,0,0,,
primary,2025-09-02,lightgbm_qlike__B2,,210,15,0.12417790243931745,93912,,,,,,0,0,0,,
primary,2025-09-02,log_ridge_harq__B0,100.0,,,0.13385884564923356,93912,384,8.341131979782795e-09,0.06694364761653859,0,0,,,,30,5
primary,2025-09-02,log_ridge_harq__B1,100.0,,,0.13216100056238805,93912,384,8.341131979782795e-09,0.06694364761653859,0,0,,,,96,19
primary,2025-09-02,log_ridge_harq__B2,0.0001,,,0.13253109640483246,93912,384,8.341131979782795e-09,0.06694364761653859,0,0,,,,155,86
primary,2025-09-03,lightgbm_qlike__B0,,231,15,0.1304064827775604,94296,,,,,,0,0,0,,
primary,2025-09-03,lightgbm_qlike__B1,,198,63,0.12572135102542578,94296,,,,,,0,0,0,,
primary,2025-09-03,lightgbm_qlike__B2,,330,63,0.12446071685819093,94296,,,,,,0,0,0,,
primary,2025-09-03,log_ridge_harq__B0,100.0,,,0.13411678118769182,94296,388,8.341131979782795e-09,0.06694364761653859,0,0,,,,30,5
primary,2025-09-03,log_ridge_harq__B1,100.0,,,0.13266143271230962,94296,388,8.341131979782795e-09,0.06694364761653859,0,0,,,,96,19
primary,2025-09-03,log_ridge_harq__B2,0.0001,,,0.13290003866642866,94296,388,8.341131979782795e-09,0.06694364761653859,0,0,,,,155,86
primary,2025-09-04,lightgbm_qlike__B0,,173,31,0.12375523269989305,94684,,,,,,0,0,0,,
primary,2025-09-04,lightgbm_qlike__B1,,455,15,0.11795935840369945,94684,,,,,,0,0,0,,
primary,2025-09-04,lightgbm_qlike__B2,,200,63,0.1185878675184672,94684,,,,,,0,0,0,,
primary,2025-09-04,log_ridge_harq__B0,100.0,,,0.12883796174722867,94684,390,8.341131979782795e-09,0.06694364761653859,0,0,,,,30,5
primary,2025-09-04,log_ridge_harq__B1,100.0,,,0.1274012755682824,94684,390,8.341131979782795e-09,0.06694364761653859,0,0,,,,96,19
primary,2025-09-04,log_ridge_harq__B2,0.0001,,,0.12758044875306496,94684,390,8.341131979782795e-09,0.06694364761653859,0,0,,,,155,86
primary,2025-09-05,lightgbm_qlike__B0,,161,31,0.12202141166274572,95074,,,,,,0,0,0,,
primary,2025-09-05,lightgbm_qlike__B1,,570,31,0.1163311342756421,95074,,,,,,0,0,0,,
primary,2025-09-05,lightgbm_qlike__B2,,224,63,0.11572023841284687,95074,,,,,,0,0,0,,
primary,2025-09-05,log_ridge_harq__B0,100.0,,,0.12747705369043888,95074,390,8.341131979782795e-09,0.06694364761653859,0,0,,,,30,5
primary,2025-09-05,log_ridge_harq__B1,100.0,,,0.12618826104353406,95074,390,8.341131979782795e-09,0.06694364761653859,0,0,,,,96,19
primary,2025-09-05,log_ridge_harq__B2,0.0001,,,0.12590511045455038,95074,390,8.341131979782795e-09,0.06694364761653859,0,0,,,,155,86
primary,2025-09-08,lightgbm_qlike__B0,,232,31,0.11941390710978686,95464,,,,,,0,0,0,,
primary,2025-09-08,lightgbm_qlike__B1,,384,31,0.11552536443045987,95464,,,,,,0,0,0,,
primary,2025-09-08,lightgbm_qlike__B2,,158,63,0.11729848727280992,95464,,,,,,0,0,0,,
primary,2025-09-08,log_ridge_harq__B0,100.0,,,0.12674374709311045,95464,390,8.341131979782795e-09,0.06694364761653859,0,0,,,,30,5
primary,2025-09-08,log_ridge_harq__B1,100.0,,,0.12429925761984047,95464,390,8.341131979782795e-09,0.06694364761653859,0,0,,,,96,19
primary,2025-09-08,log_ridge_harq__B2,100.0,,,0.12327482436058013,95464,390,8.341131979782795e-09,0.06694364761653859,0,0,,,,155,86
primary,2025-09-09,lightgbm_qlike__B0,,151,63,0.11094611627985843,95854,,,,,,0,0,0,,
primary,2025-09-09,lightgbm_qlike__B1,,364,31,0.10969275716523767,95854,,,,,,0,0,0,,
primary,2025-09-09,lightgbm_qlike__B2,,240,63,0.10861123110335998,95854,,,,,,0,0,0,,
primary,2025-09-09,log_ridge_harq__B0,100.0,,,0.11816236958861795,95854,390,8.341131979782795e-09,0.06694364761653859,0,0,,,,30,5
primary,2025-09-09,log_ridge_harq__B1,100.0,,,0.11641091750940095,95854,390,8.341131979782795e-09,0.06694364761653859,0,0,,,,96,19
primary,2025-09-09,log_ridge_harq__B2,100.0,,,0.11558329262514666,95854,390,8.341131979782795e-09,0.06694364761653859,0,0,,,,155,86
primary,2025-09-10,lightgbm_qlike__B0,,145,63,0.11657029362682747,96244,,,,,,0,0,0,,
primary,2025-09-10,lightgbm_qlike__B1,,115,31,0.11632205329997432,96244,,,,,,0,0,0,,
primary,2025-09-10,lightgbm_qlike__B2,,105,63,0.11566350726184767,96244,,,,,,0,0,0,,
primary,2025-09-10,log_ridge_harq__B0,1.0,,,0.12550720248482342,96244,390,8.341131979782795e-09,0.06694364761653859,0,0,,,,30,5
primary,2025-09-10,log_ridge_harq__B1,100.0,,,0.12473415301414734,96244,390,8.341131979782795e-09,0.06694364761653859,0,0,,,,96,19
primary,2025-09-10,log_ridge_harq__B2,1.0,,,0.12290305692432227,96244,390,8.341131979782795e-09,0.06694364761653859,0,0,,,,155,86
primary,2025-09-11,lightgbm_qlike__B0,,97,63,0.10764793174337331,96634,,,,,,0,0,0,,
primary,2025-09-11,lightgbm_qlike__B1,,284,31,0.10528608738079326,96634,,,,,,0,0,0,,
primary,2025-09-11,lightgbm_qlike__B2,,93,31,0.10632542835236139,96634,,,,,,0,0,0,,
primary,2025-09-11,log_ridge_harq__B0,1.0,,,0.1102880135830171,96634,390,8.341131979782795e-09,0.06694364761653859,0,0,,,,30,5
primary,2025-09-11,log_ridge_harq__B1,100.0,,,0.10934506854474091,96634,390,8.341131979782795e-09,0.06694364761653859,0,0,,,,96,19
primary,2025-09-11,log_ridge_harq__B2,100.0,,,0.10762334789330966,96634,390,8.341131979782795e-09,0.06694364761653859,0,0,,,,155,86
primary,2025-09-12,lightgbm_qlike__B0,,108,63,0.09723806508351858,97024,,,,,,0,0,0,,
primary,2025-09-12,lightgbm_qlike__B1,,376,15,0.09531792500929961,97024,,,,,,0,0,0,,
primary,2025-09-12,lightgbm_qlike__B2,,744,15,0.09488299627029104,97024,,,,,,0,0,0,,
primary,2025-09-12,log_ridge_harq__B0,100.0,,,0.1031398473005968,97024,390,8.341131979782795e-09,0.06694364761653859,0,0,,,,30,5
primary,2025-09-12,log_ridge_harq__B1,100.0,,,0.10241030243470572,97024,390,8.341131979782795e-09,0.06694364761653859,0,0,,,,96,19
primary,2025-09-12,log_ridge_harq__B2,100.0,,,0.10076928573754651,97024,390,8.341131979782795e-09,0.06694364761653859,0,0,,,,155,86
primary,2025-09-15,lightgbm_qlike__B0,,110,63,0.1124294111982855,97414,,,,,,0,0,0,,
primary,2025-09-15,lightgbm_qlike__B1,,514,15,0.10942484904306123,97414,,,,,,0,0,0,,
primary,2025-09-15,lightgbm_qlike__B2,,224,31,0.10900842807062532,97414,,,,,,0,0,0,,
primary,2025-09-15,log_ridge_harq__B0,1.0,,,0.11644603404224203,97414,384,8.341131979782795e-09,0.06694364761653859,0,0,,,,30,5
primary,2025-09-15,log_ridge_harq__B1,1.0,,,0.1146620658844832,97414,384,8.341131979782795e-09,0.06694364761653859,0,0,,,,96,19
primary,2025-09-15,log_ridge_harq__B2,0.0001,,,0.11261824034214056,97414,384,8.341131979782795e-09,0.06694364761653859,0,0,,,,155,86
primary,2025-09-16,lightgbm_qlike__B0,,295,31,0.11266353805466803,97798,,,,,,0,0,0,,
primary,2025-09-16,lightgbm_qlike__B1,,154,31,0.11409910022740584,97798,,,,,,0,0,0,,
primary,2025-09-16,lightgbm_qlike__B2,,452,15,0.11281399213544825,97798,,,,,,0,0,0,,
primary,2025-09-16,log_ridge_harq__B0,1.0,,,0.11671375680194378,97798,372,8.341131979782795e-09,0.06694364761653859,0,0,,,,30,5
primary,2025-09-16,log_ridge_harq__B1,0.0001,,,0.11508515521547229,97798,372,8.341131979782795e-09,0.06694364761653859,0,0,,,,96,19
primary,2025-09-16,log_ridge_harq__B2,0.0001,,,0.11277255619915132,97798,372,8.341131979782795e-09,0.06694364761653859,0,0,,,,155,86
primary,2025-09-17,lightgbm_qlike__B0,,747,15,0.10706038177866758,98170,,,,,,0,0,0,,
primary,2025-09-17,lightgbm_qlike__B1,,315,31,0.10684202667374657,98170,,,,,,0,0,0,,
primary,2025-09-17,lightgbm_qlike__B2,,589,15,0.10690190511240145,98170,,,,,,0,0,0,,
primary,2025-09-17,log_ridge_harq__B0,1.0,,,0.11373307515826828,98170,384,8.341131979782795e-09,0.06694364761653859,0,0,,,,30,5
primary,2025-09-17,log_ridge_harq__B1,1.0,,,0.11259915191978105,98170,384,8.341131979782795e-09,0.06694364761653859,0,0,,,,96,19
primary,2025-09-17,log_ridge_harq__B2,0.0001,,,0.11004875599187265,98170,384,8.341131979782795e-09,0.06694364761653859,0,0,,,,155,86
primary,2025-09-18,lightgbm_qlike__B0,,214,15,0.1580636525993725,98554,,,,,,0,0,0,,
primary,2025-09-18,lightgbm_qlike__B1,,112,63,0.1457787208414755,98554,,,,,,0,0,0,,
primary,2025-09-18,lightgbm_qlike__B2,,114,63,0.14756312289092063,98554,,,,,,0,0,0,,
primary,2025-09-18,log_ridge_harq__B0,10000.0,,,0.1723332470261929,98554,390,8.341131979782795e-09,0.06694364761653859,0,0,,,,30,5
primary,2025-09-18,log_ridge_harq__B1,100.0,,,0.16561895603881574,98554,390,8.341131979782795e-09,0.06694364761653859,0,0,,,,96,19
primary,2025-09-18,log_ridge_harq__B2,10000.0,,,0.1603572468385753,98554,390,8.341131979782795e-09,0.06694364761653859,0,0,,,,155,86
primary,2025-09-19,lightgbm_qlike__B0,,286,15,0.16112994598876382,98944,,,,,,0,0,0,,
primary,2025-09-19,lightgbm_qlike__B1,,157,63,0.1498313941166443,98944,,,,,,0,0,0,,
primary,2025-09-19,lightgbm_qlike__B2,,350,31,0.15290218852356657,98944,,,,,,0,0,0,,
primary,2025-09-19,log_ridge_harq__B0,10000.0,,,0.17515533900799857,98944,390,8.341131979782795e-09,0.06694364761653859,0,0,,,,30,5
primary,2025-09-19,log_ridge_harq__B1,100.0,,,0.16862650625143055,98944,390,8.341131979782795e-09,0.06694364761653859,0,0,,,,97,18
primary,2025-09-19,log_ridge_harq__B2,1.0,,,0.16783227731886502,98944,390,8.341131979782795e-09,0.06694364761653859,0,0,,,,157,84
primary,2025-09-22,lightgbm_qlike__B0,,238,31,0.16694971612868015,99334,,,,,,0,0,0,,
primary,2025-09-22,lightgbm_qlike__B1,,264,31,0.15460866788870864,99334,,,,,,0,0,0,,
primary,2025-09-22,lightgbm_qlike__B2,,126,63,0.15851613981720314,99334,,,,,,0,0,0,,
primary,2025-09-22,log_ridge_harq__B0,10000.0,,,0.1920257004058769,99334,390,8.341131979782795e-09,0.06694364761653859,0,0,,,,30,5
primary,2025-09-22,log_ridge_harq__B1,100.0,,,0.18567427324191282,99334,390,8.341131979782795e-09,0.06694364761653859,0,0,,,,97,18
primary,2025-09-22,log_ridge_harq__B2,1.0,,,0.18441103934477904,99334,390,8.341131979782795e-09,0.06694364761653859,0,0,,,,157,84
primary,2025-09-23,lightgbm_qlike__B0,,71,63,0.19484125406053038,99724,,,,,,0,0,0,,
primary,2025-09-23,lightgbm_qlike__B1,,217,31,0.18227220020338672,99724,,,,,,0,0,0,,
primary,2025-09-23,lightgbm_qlike__B2,,286,15,0.18495358894787936,99724,,,,,,0,0,0,,
primary,2025-09-23,log_ridge_harq__B0,10000.0,,,0.22113254039636737,99724,390,8.341131979782795e-09,0.06694364761653859,0,0,,,,30,5
primary,2025-09-23,log_ridge_harq__B1,10000.0,,,0.21682991365361018,99724,390,8.341131979782795e-09,0.06694364761653859,0,0,,,,97,18
primary,2025-09-23,log_ridge_harq__B2,1.0,,,0.21657827994393858,99724,390,8.341131979782795e-09,0.06694364761653859,0,0,,,,157,84
primary,2025-09-24,lightgbm_qlike__B0,,74,63,0.19322049953643963,100114,,,,,,0,0,0,,
primary,2025-09-24,lightgbm_qlike__B1,,243,31,0.18147592100243465,100114,,,,,,0,0,0,,
primary,2025-09-24,lightgbm_qlike__B2,,172,15,0.18713871594746267,100114,,,,,,0,0,0,,
primary,2025-09-24,log_ridge_harq__B0,10000.0,,,0.21581907914229861,100114,390,8.341131979782795e-09,0.06694364761653859,0,0,,,,30,5
primary,2025-09-24,log_ridge_harq__B1,10000.0,,,0.21036912788275886,100114,390,8.341131979782795e-09,0.06694364761653859,0,0,,,,97,18
primary,2025-09-24,log_ridge_harq__B2,1.0,,,0.21287325553007014,100114,390,8.341131979782795e-09,0.06694364761653859,0,0,,,,157,84
primary,2025-09-25,lightgbm_qlike__B0,,125,31,0.19437877195441572,100504,,,,,,0,0,0,,
primary,2025-09-25,lightgbm_qlike__B1,,189,15,0.18553976080248508,100504,,,,,,0,0,0,,
primary,2025-09-25,lightgbm_qlike__B2,,65,63,0.19053851663354895,100504,,,,,,0,0,0,,
primary,2025-09-25,log_ridge_harq__B0,10000.0,,,0.21756125631336776,100504,390,8.341131979782795e-09,0.06694364761653859,0,0,,,,30,5
primary,2025-09-25,log_ridge_harq__B1,10000.0,,,0.21246873266418595,100504,390,8.341131979782795e-09,0.06694364761653859,0,0,,,,97,18
primary,2025-09-25,log_ridge_harq__B2,1.0,,,0.215586525063543,100504,390,8.341131979782795e-09,0.06694364761653859,0,0,,,,157,84
primary,2025-09-26,lightgbm_qlike__B0,,49,63,0.1935438524127655,100894,,,,,,0,0,0,,
primary,2025-09-26,lightgbm_qlike__B1,,191,15,0.1841836606888865,100894,,,,,,0,0,0,,
primary,2025-09-26,lightgbm_qlike__B2,,152,15,0.18604220491230022,100894,,,,,,0,0,0,,
primary,2025-09-26,log_ridge_harq__B0,10000.0,,,0.21441337845228703,100894,390,8.341131979782795e-09,0.06694364761653859,0,0,,,,30,5
primary,2025-09-26,log_ridge_harq__B1,10000.0,,,0.20952466983145332,100894,390,8.341131979782795e-09,0.06694364761653859,0,0,,,,97,18
primary,2025-09-26,log_ridge_harq__B2,1.0,,,0.21373686744090953,100894,390,8.341131979782795e-09,0.06694364761653859,0,0,,,,157,84
primary,2025-09-29,lightgbm_qlike__B0,,44,63,0.17981980261422584,101284,,,,,,0,0,0,,
primary,2025-09-29,lightgbm_qlike__B1,,180,15,0.17147235614280915,101284,,,,,,0,0,0,,
primary,2025-09-29,lightgbm_qlike__B2,,59,63,0.17448681269642602,101284,,,,,,0,0,0,,
primary,2025-09-29,log_ridge_harq__B0,10000.0,,,0.20254087206120616,101284,390,8.341131979782795e-09,0.06694364761653859,0,0,,,,30,5
primary,2025-09-29,log_ridge_harq__B1,10000.0,,,0.19761100866155806,101284,390,8.341131979782795e-09,0.06694364761653859,0,0,,,,97,18
primary,2025-09-29,log_ridge_harq__B2,1.0,,,0.2025895806188335,101284,390,8.341131979782795e-09,0.06694364761653859,0,0,,,,157,84
primary,2025-09-30,lightgbm_qlike__B0,,44,63,0.17589485581625072,101674,,,,,,0,0,0,,
primary,2025-09-30,lightgbm_qlike__B1,,213,15,0.1686168233316807,101674,,,,,,0,0,0,,
primary,2025-09-30,lightgbm_qlike__B2,,119,15,0.17377862932296254,101674,,,,,,0,0,0,,
primary,2025-09-30,log_ridge_harq__B0,10000.0,,,0.19948049769257253,101674,390,8.341131979782795e-09,0.06694364761653859,0,0,,,,30,5
primary,2025-09-30,log_ridge_harq__B1,10000.0,,,0.19388334931463563,101674,390,8.341131979782795e-09,0.06694364761653859,0,0,,,,97,18
primary,2025-09-30,log_ridge_harq__B2,1.0,,,0.19922808991605545,101674,390,8.341131979782795e-09,0.06694364761653859,0,0,,,,157,84
primary,2025-10-01,lightgbm_qlike__B0,,45,63,0.17390588343150085,102064,,,,,,0,0,0,,
primary,2025-10-01,lightgbm_qlike__B1,,253,15,0.1663359368511752,102064,,,,,,0,0,0,,
primary,2025-10-01,lightgbm_qlike__B2,,224,15,0.1695252867119897,102064,,,,,,0,0,0,,
primary,2025-10-01,log_ridge_harq__B0,10000.0,,,0.1995509394568336,102064,390,8.341131979782795e-09,0.06694364761653859,0,0,,,,30,5
primary,2025-10-01,log_ridge_harq__B1,10000.0,,,0.19390825433088943,102064,390,8.341131979782795e-09,0.06694364761653859,0,0,,,,97,18
primary,2025-10-01,log_ridge_harq__B2,1.0,,,0.1994441305372773,102064,390,8.341131979782795e-09,0.06694364761653859,0,0,,,,157,84
primary,2025-10-02,lightgbm_qlike__B0,,217,63,0.1252618410996414,102454,,,,,,0,0,0,,
primary,2025-10-02,lightgbm_qlike__B1,,164,15,0.12970015538078794,102454,,,,,,0,0,0,,
primary,2025-10-02,lightgbm_qlike__B2,,107,15,0.12982514027647554,102454,,,,,,0,0,0,,
primary,2025-10-02,log_ridge_harq__B0,100.0,,,0.14667299159145591,102454,390,8.341131979782795e-09,0.06694364761653859,0,0,,,,30,5
primary,2025-10-02,log_ridge_harq__B1,100.0,,,0.14754905026025872,102454,390,8.341131979782795e-09,0.06694364761653859,0,0,,,,97,18
primary,2025-10-02,log_ridge_harq__B2,1.0,,,0.1523283583685817,102454,390,8.341131979782795e-09,0.06694364761653859,0,0,,,,157,84
primary,2025-10-03,lightgbm_qlike__B0,,160,31,0.13276647314801526,102844,,,,,,0,0,0,,
primary,2025-10-03,lightgbm_qlike__B1,,108,15,0.13522616089546763,102844,,,,,,0,0,0,,
primary,2025-10-03,lightgbm_qlike__B2,,121,15,0.1347548387656044,102844,,,,,,0,0,0,,
primary,2025-10-03,log_ridge_harq__B0,100.0,,,0.1511872390450401,102844,384,8.341131979782795e-09,0.06694364761653859,0,0,,,,30,5
primary,2025-10-03,log_ridge_harq__B1,100.0,,,0.15184705114525282,102844,384,8.341131979782795e-09,0.06694364761653859,0,0,,,,97,18
primary,2025-10-03,log_ridge_harq__B2,100.0,,,0.1518143458779623,102844,384,8.341131979782795e-09,0.06694364761653859,0,0,,,,157,84
primary,2025-10-06,lightgbm_qlike__B0,,110,63,0.13331501955263547,103228,,,,,,0,0,0,,
primary,2025-10-06,lightgbm_qlike__B1,,111,15,0.13519040003432842,103228,,,,,,0,0,0,,
primary,2025-10-06,lightgbm_qlike__B2,,119,15,0.133237347081613,103228,,,,,,0,0,0,,
primary,2025-10-06,log_ridge_harq__B0,100.0,,,0.14424366580311287,103228,384,8.341131979782795e-09,0.06694364761653859,0,0,,,,30,5
primary,2025-10-06,log_ridge_harq__B1,100.0,,,0.14400804370982812,103228,384,8.341131979782795e-09,0.06694364761653859,0,0,,,,97,18
primary,2025-10-06,log_ridge_harq__B2,100.0,,,0.14416182469519004,103228,384,8.341131979782795e-09,0.06694364761653859,0,0,,,,157,84
primary,2025-10-07,lightgbm_qlike__B0,,254,15,0.11726611863567997,103612,,,,,,0,0,0,,
primary,2025-10-07,lightgbm_qlike__B1,,232,15,0.11654360275968043,103612,,,,,,0,0,0,,
primary,2025-10-07,lightgbm_qlike__B2,,200,15,0.11556778874232068,103612,,,,,,0,0,0,,
primary,2025-10-07,log_ridge_harq__B0,100.0,,,0.1196016765616477,103612,378,8.341131979782795e-09,0.06694364761653859,0,0,,,,30,5
primary,2025-10-07,log_ridge_harq__B1,100.0,,,0.11923375874611097,103612,378,8.341131979782795e-09,0.06694364761653859,0,0,,,,97,18
primary,2025-10-07,log_ridge_harq__B2,100.0,,,0.12017020898970927,103612,378,8.341131979782795e-09,0.06694364761653859,0,0,,,,157,84
primary,2025-10-08,lightgbm_qlike__B0,,89,63,0.12167901734994271,103990,,,,,,0,0,0,,
primary,2025-10-08,lightgbm_qlike__B1,,215,15,0.12143934518316742,103990,,,,,,0,0,0,,
primary,2025-10-08,lightgbm_qlike__B2,,316,15,0.1208889669832599,103990,,,,,,0,0,0,,
primary,2025-10-08,log_ridge_harq__B0,100.0,,,0.12369907361473072,103990,390,8.341131979782795e-09,0.06694364761653859,0,0,,,,30,5
primary,2025-10-08,log_ridge_harq__B1,100.0,,,0.12404065638098294,103990,390,8.341131979782795e-09,0.06694364761653859,0,0,,,,97,18
primary,2025-10-08,log_ridge_harq__B2,100.0,,,0.12456768773367104,103990,390,8.341131979782795e-09,0.06694364761653859,0,0,,,,157,84
primary,2025-10-09,lightgbm_qlike__B0,,273,31,0.12142477492829425,104380,,,,,,0,0,0,,
primary,2025-10-09,lightgbm_qlike__B1,,244,15,0.1233000724525519,104380,,,,,,0,0,0,,
primary,2025-10-09,lightgbm_qlike__B2,,180,15,0.12215845295591854,104380,,,,,,0,0,0,,
primary,2025-10-09,log_ridge_harq__B0,100.0,,,0.12487353757871156,104380,384,8.341131979782795e-09,0.06694364761653859,0,0,,,,30,5
primary,2025-10-09,log_ridge_harq__B1,100.0,,,0.12521615314870022,104380,384,8.341131979782795e-09,0.06694364761653859,0,0,,,,97,18
primary,2025-10-09,log_ridge_harq__B2,100.0,,,0.12504321230256227,104380,384,8.341131979782795e-09,0.06694364761653859,0,0,,,,157,84
primary,2025-10-10,lightgbm_qlike__B0,,203,31,0.12726886929324763,104764,,,,,,0,0,0,,
primary,2025-10-10,lightgbm_qlike__B1,,251,15,0.12981697398446645,104764,,,,,,0,0,0,,
primary,2025-10-10,lightgbm_qlike__B2,,179,15,0.1281965488364899,104764,,,,,,0,0,0,,
primary,2025-10-10,log_ridge_harq__B0,100.0,,,0.12961776297264652,104764,390,8.341131979782795e-09,0.06694364761653859,0,0,,,,30,5
primary,2025-10-10,log_ridge_harq__B1,100.0,,,0.1293500937438073,104764,390,8.341131979782795e-09,0.06694364761653859,0,0,,,,97,18
primary,2025-10-10,log_ridge_harq__B2,100.0,,,0.12898694841164776,104764,390,8.341131979782795e-09,0.06694364761653859,0,0,,,,157,84
primary,2025-10-13,lightgbm_qlike__B0,,191,63,0.19087328898454858,105154,,,,,,0,0,0,,
primary,2025-10-13,lightgbm_qlike__B1,,407,15,0.18932005214877023,105154,,,,,,0,0,0,,
primary,2025-10-13,lightgbm_qlike__B2,,294,31,0.18617659136030842,105154,,,,,,0,0,0,,
primary,2025-10-13,log_ridge_harq__B0,1.0,,,0.18066290746465077,105154,390,8.341131979782795e-09,0.06694364761653859,0,0,,,,30,5
primary,2025-10-13,log_ridge_harq__B1,1.0,,,0.18221553569957355,105154,390,8.341131979782795e-09,0.06694364761653859,0,0,,,,97,18
primary,2025-10-13,log_ridge_harq__B2,0.0001,,,0.18154810511834593,105154,390,8.341131979782795e-09,0.06694364761653859,0,0,,,,157,84
primary,2025-10-14,lightgbm_qlike__B0,,210,63,0.18608869164067393,105544,,,,,,0,0,0,,
primary,2025-10-14,lightgbm_qlike__B1,,230,31,0.1897268989997914,105544,,,,,,0,0,0,,
primary,2025-10-14,lightgbm_qlike__B2,,435,15,0.1846656593259898,105544,,,,,,0,0,0,,
primary,2025-10-14,log_ridge_harq__B0,1.0,,,0.18039087484573063,105544,387,8.341131979782795e-09,0.06694364761653859,0,0,,,,30,5
primary,2025-10-14,log_ridge_harq__B1,1.0,,,0.18137014715413646,105544,387,8.341131979782795e-09,0.06694364761653859,0,0,,,,97,18
primary,2025-10-14,log_ridge_harq__B2,0.0001,,,0.18025909278268293,105544,387,8.341131979782795e-09,0.06694364761653859,0,0,,,,157,84
primary,2025-10-15,lightgbm_qlike__B0,,177,63,0.1965246191725037,105931,,,,,,0,0,0,,
primary,2025-10-15,lightgbm_qlike__B1,,317,15,0.1963583484988079,105931,,,,,,0,0,0,,
primary,2025-10-15,lightgbm_qlike__B2,,492,15,0.19243918980090982,105931,,,,,,0,0,0,,
primary,2025-10-15,log_ridge_harq__B0,1.0,,,0.18778506748637136,105931,384,8.341131979782795e-09,0.06694364761653859,0,0,,,,30,5
primary,2025-10-15,log_ridge_harq__B1,0.0001,,,0.18845270661352403,105931,384,8.341131979782795e-09,0.06694364761653859,0,0,,,,97,18
primary,2025-10-15,log_ridge_harq__B2,0.0001,,,0.1875901676506379,105931,384,8.341131979782795e-09,0.06694364761653859,0,0,,,,157,84
primary,2025-10-16,lightgbm_qlike__B0,,171,63,0.20260219332472165,106315,,,,,,0,0,0,,
primary,2025-10-16,lightgbm_qlike__B1,,87,63,0.2055342271695348,106315,,,,,,0,0,0,,
primary,2025-10-16,lightgbm_qlike__B2,,214,31,0.20271944506863115,106315,,,,,,0,0,0,,
primary,2025-10-16,log_ridge_harq__B0,1.0,,,0.1983520764959196,106315,390,8.341131979782795e-09,0.06694364761653859,0,0,,,,30,5
primary,2025-10-16,log_ridge_harq__B1,0.0001,,,0.19799848723423524,106315,390,8.341131979782795e-09,0.06694364761653859,0,0,,,,97,18
primary,2025-10-16,log_ridge_harq__B2,0.0001,,,0.1974119080115671,106315,390,8.341131979782795e-09,0.06694364761653859,0,0,,,,157,84
primary,2025-10-17,lightgbm_qlike__B0,,175,63,0.20550028259471334,106705,,,,,,0,0,0,,
primary,2025-10-17,lightgbm_qlike__B1,,92,63,0.2066390582602846,106705,,,,,,0,0,0,,
primary,2025-10-17,lightgbm_qlike__B2,,167,31,0.20346944697398342,106705,,,,,,0,0,0,,
primary,2025-10-17,log_ridge_harq__B0,1.0,,,0.19857329889134726,106705,390,8.341131979782795e-09,0.06694364761653859,0,0,,,,30,5
primary,2025-10-17,log_ridge_harq__B1,0.0001,,,0.19789996131657567,106705,390,8.341131979782795e-09,0.06694364761653859,0,0,,,,97,18
primary,2025-10-17,log_ridge_harq__B2,0.0001,,,0.19721562852520363,106705,390,8.341131979782795e-09,0.06694364761653859,0,0,,,,157,84
primary,2025-10-20,lightgbm_qlike__B0,,44,63,0.19658629952577858,107095,,,,,,0,0,0,,
primary,2025-10-20,lightgbm_qlike__B1,,133,31,0.19601212163136053,107095,,,,,,0,0,0,,
primary,2025-10-20,lightgbm_qlike__B2,,191,31,0.19319814198089558,107095,,,,,,0,0,0,,
primary,2025-10-20,log_ridge_harq__B0,1.0,,,0.18578915599748438,107095,378,8.341131979782795e-09,0.06694364761653859,0,0,,,,30,5
primary,2025-10-20,log_ridge_harq__B1,0.0001,,,0.18547922922919458,107095,378,8.341131979782795e-09,0.06694364761653859,0,0,,,,97,18
primary,2025-10-20,log_ridge_harq__B2,0.0001,,,0.18554898101971218,107095,378,8.341131979782795e-09,0.06694364761653859,0,0,,,,157,84
primary,2025-10-21,lightgbm_qlike__B0,,203,31,0.18847169433827457,107473,,,,,,0,0,0,,
primary,2025-10-21,lightgbm_qlike__B1,,195,31,0.19428382784096482,107473,,,,,,0,0,0,,
primary,2025-10-21,lightgbm_qlike__B2,,240,31,0.19321898044860278,107473,,,,,,0,0,0,,
primary,2025-10-21,log_ridge_harq__B0,1.0,,,0.18241715530918773,107473,372,8.341131979782795e-09,0.06694364761653859,0,0,,,,30,5
primary,2025-10-21,log_ridge_harq__B1,0.0001,,,0.18569092665549794,107473,372,8.341131979782795e-09,0.06694364761653859,0,0,,,,97,18
primary,2025-10-21,log_ridge_harq__B2,0.0001,,,0.18989725420800416,107473,372,8.341131979782795e-09,0.06694364761653859,0,0,,,,157,84
primary,2025-10-22,lightgbm_qlike__B0,,283,31,0.1810716465466961,107845,,,,,,0,0,0,,
primary,2025-10-22,lightgbm_qlike__B1,,246,15,0.18517526074272347,107845,,,,,,0,0,0,,
primary,2025-10-22,lightgbm_qlike__B2,,237,31,0.18435593019196878,107845,,,,,,0,0,0,,
primary,2025-10-22,log_ridge_harq__B0,1.0,,,0.1760538832093898,107845,378,8.341131979782795e-09,0.06694364761653859,0,0,,,,30,5
primary,2025-10-22,log_ridge_harq__B1,0.0001,,,0.17905448673624505,107845,378,8.341131979782795e-09,0.06694364761653859,0,0,,,,97,18
primary,2025-10-22,log_ridge_harq__B2,0.0001,,,0.18315878258296778,107845,378,8.341131979782795e-09,0.06694364761653859,0,0,,,,157,84
primary,2025-10-23,lightgbm_qlike__B0,,150,63,0.20294582799604005,108223,,,,,,0,0,0,,
primary,2025-10-23,lightgbm_qlike__B1,,38,31,0.20627503514366624,108223,,,,,,0,0,0,,
primary,2025-10-23,lightgbm_qlike__B2,,38,63,0.2077476122751456,108223,,,,,,0,0,0,,
primary,2025-10-23,log_ridge_harq__B0,1.0,,,0.19695827909114297,108223,384,8.341131979782795e-09,0.06694364761653859,0,0,,,,30,5
primary,2025-10-23,log_ridge_harq__B1,0.0001,,,0.19728755028786377,108223,384,8.341131979782795e-09,0.06694364761653859,0,0,,,,97,18
primary,2025-10-23,log_ridge_harq__B2,0.0001,,,0.20284118307768884,108223,384,8.341131979782795e-09,0.06694364761653859,0,0,,,,157,84
primary,2025-10-24,lightgbm_qlike__B0,,121,63,0.19737414318179397,108607,,,,,,0,0,0,,
primary,2025-10-24,lightgbm_qlike__B1,,48,63,0.20291229617079284,108607,,,,,,0,0,0,,
primary,2025-10-24,lightgbm_qlike__B2,,144,63,0.20410884772410198,108607,,,,,,0,0,0,,
primary,2025-10-24,log_ridge_harq__B0,1.0,,,0.1950384519603044,108607,390,8.341131979782795e-09,0.06694364761653859,0,0,,,,30,5
primary,2025-10-24,log_ridge_harq__B1,0.0001,,,0.19632476220226508,108607,390,8.341131979782795e-09,0.06694364761653859,0,0,,,,97,18
primary,2025-10-24,log_ridge_harq__B2,0.0001,,,0.2021316973243566,108607,390,8.341131979782795e-09,0.06694364761653859,0,0,,,,157,84
primary,2025-10-27,lightgbm_qlike__B0,,86,63,0.14103229772348508,108997,,,,,,0,0,0,,
primary,2025-10-27,lightgbm_qlike__B1,,86,15,0.14509929589712228,108997,,,,,,0,0,0,,
primary,2025-10-27,lightgbm_qlike__B2,,79,15,0.1462462362032078,108997,,,,,,0,0,0,,
primary,2025-10-27,log_ridge_harq__B0,100.0,,,0.14736263491867443,108997,378,8.341131979782795e-09,0.06694364761653859,0,0,,,,30,5
primary,2025-10-27,log_ridge_harq__B1,0.0001,,,0.14730957772491507,108997,378,8.341131979782795e-09,0.06694364761653859,0,0,,,,97,18
primary,2025-10-27,log_ridge_harq__B2,1.0,,,0.15303329091157272,108997,378,8.341131979782795e-09,0.06694364761653859,0,0,,,,157,84
primary,2025-10-28,lightgbm_qlike__B0,,71,31,0.16266081593965773,109375,,,,,,0,0,0,,
primary,2025-10-28,lightgbm_qlike__B1,,79,15,0.16395408309496473,109375,,,,,,0,0,0,,
primary,2025-10-28,lightgbm_qlike__B2,,78,15,0.1649434882329213,109375,,,,,,0,0,0,,
primary,2025-10-28,log_ridge_harq__B0,100.0,,,0.16579497306296648,109375,377,8.341131979782795e-09,0.06694364761653859,0,0,,,,30,5
primary,2025-10-28,log_ridge_harq__B1,0.0001,,,0.16470034726159938,109375,377,8.341131979782795e-09,0.06694364761653859,0,0,,,,97,18
primary,2025-10-28,log_ridge_harq__B2,1.0,,,0.17001460296567167,109375,377,8.341131979782795e-09,0.06694364761653859,0,0,,,,157,84
primary,2025-10-29,lightgbm_qlike__B0,,49,63,0.16521619190014233,109752,,,,,,0,0,0,,
primary,2025-10-29,lightgbm_qlike__B1,,49,63,0.16442282723249846,109752,,,,,,0,0,0,,
primary,2025-10-29,lightgbm_qlike__B2,,82,63,0.16495688309049866,109752,,,,,,0,0,0,,
primary,2025-10-29,log_ridge_harq__B0,100.0,,,0.17039268189660364,109752,378,8.341131979782795e-09,0.06694364761653859,0,0,,,,30,5
primary,2025-10-29,log_ridge_harq__B1,1.0,,,0.16873742598568414,109752,378,8.341131979782795e-09,0.06694364761653859,0,0,,,,97,18
primary,2025-10-29,log_ridge_harq__B2,100.0,,,0.17194491506210455,109752,378,8.341131979782795e-09,0.06694364761653859,0,0,,,,157,84
primary,2025-10-30,lightgbm_qlike__B0,,44,63,0.1751340632672464,110130,,,,,,0,0,0,,
primary,2025-10-30,lightgbm_qlike__B1,,78,15,0.1728831640411918,110130,,,,,,0,0,0,,
primary,2025-10-30,lightgbm_qlike__B2,,49,63,0.17357136584963767,110130,,,,,,0,0,0,,
primary,2025-10-30,log_ridge_harq__B0,100.0,,,0.17877368001836624,110130,390,8.341131979782795e-09,0.06694364761653859,0,0,,,,30,5
primary,2025-10-30,log_ridge_harq__B1,0.01,,,0.1756848967832389,110130,390,8.341131979782795e-09,0.06694364761653859,0,0,,,,97,18
primary,2025-10-30,log_ridge_harq__B2,100.0,,,0.17793627532247674,110130,390,8.341131979782795e-09,0.06694364761653859,0,0,,,,157,84
primary,2025-10-31,lightgbm_qlike__B0,,69,31,0.1708012416566746,110520,,,,,,0,0,0,,
primary,2025-10-31,lightgbm_qlike__B1,,75,31,0.1680072066607823,110520,,,,,,0,0,0,,
primary,2025-10-31,lightgbm_qlike__B2,,68,31,0.16862551319561375,110520,,,,,,0,0,0,,
primary,2025-10-31,log_ridge_harq__B0,100.0,,,0.17393110340010107,110520,384,8.341131979782795e-09,0.06694364761653859,0,0,,,,30,5
primary,2025-10-31,log_ridge_harq__B1,100.0,,,0.17150161605414763,110520,384,8.341131979782795e-09,0.06694364761653859,0,0,,,,97,18
primary,2025-10-31,log_ridge_harq__B2,100.0,,,0.17294495240486726,110520,384,8.341131979782795e-09,0.06694364761653859,0,0,,,,157,84
primary,2025-11-03,lightgbm_qlike__B0,,61,31,0.17529205422808097,110904,,,,,,0,0,0,,
primary,2025-11-03,lightgbm_qlike__B1,,94,15,0.17444483429961413,110904,,,,,,0,0,0,,
primary,2025-11-03,lightgbm_qlike__B2,,58,63,0.17322473612374123,110904,,,,,,0,0,0,,
primary,2025-11-03,log_ridge_harq__B0,100.0,,,0.1805615421797263,110904,379,8.341131979782795e-09,0.06694364761653859,0,0,,,,30,5
primary,2025-11-03,log_ridge_harq__B1,1.0,,,0.17799412275590237,110904,379,8.341131979782795e-09,0.06694364761653859,0,0,,,,97,18
primary,2025-11-03,log_ridge_harq__B2,100.0,,,0.17923202464778393,110904,379,8.341131979782795e-09,0.06694364761653859,0,0,,,,157,84
primary,2025-11-04,lightgbm_qlike__B0,,47,31,0.17145485718315592,111283,,,,,,0,0,0,,
primary,2025-11-04,lightgbm_qlike__B1,,89,15,0.16801319744016835,111283,,,,,,0,0,0,,
primary,2025-11-04,lightgbm_qlike__B2,,51,63,0.16573754732109297,111283,,,,,,0,0,0,,
primary,2025-11-04,log_ridge_harq__B0,100.0,,,0.17819520150066534,111283,374,8.341131979782795e-09,0.06694364761653859,0,0,,,,30,5
primary,2025-11-04,log_ridge_harq__B1,100.0,,,0.17050439890834063,111283,374,8.341131979782795e-09,0.06694364761653859,0,0,,,,97,18
primary,2025-11-04,log_ridge_harq__B2,100.0,,,0.16821266322000114,111283,374,8.341131979782795e-09,0.06694364761653859,0,0,,,,157,84
primary,2025-11-05,lightgbm_qlike__B0,,45,31,0.16351675333836813,111657,,,,,,0,0,0,,
primary,2025-11-05,lightgbm_qlike__B1,,49,63,0.1581280098019438,111657,,,,,,0,0,0,,
primary,2025-11-05,lightgbm_qlike__B2,,45,63,0.1569218439925956,111657,,,,,,0,0,0,,
primary,2025-11-05,log_ridge_harq__B0,100.0,,,0.16974369054066032,111657,384,8.341131979782795e-09,0.06694364761653859,0,0,,,,30,5
primary,2025-11-05,log_ridge_harq__B1,100.0,,,0.16159986835726997,111657,384,8.341131979782795e-09,0.06694364761653859,0,0,,,,97,18
primary,2025-11-05,log_ridge_harq__B2,100.0,,,0.16000890035538542,111657,384,8.341131979782795e-09,0.06694364761653859,0,0,,,,157,84
primary,2025-11-06,lightgbm_qlike__B0,,98,31,0.1535184314287345,112041,,,,,,0,0,0,,
primary,2025-11-06,lightgbm_qlike__B1,,71,63,0.1527553659055651,112041,,,,,,0,0,0,,
primary,2025-11-06,lightgbm_qlike__B2,,63,63,0.14970016640204048,112041,,,,,,0,0,0,,
primary,2025-11-06,log_ridge_harq__B0,100.0,,,0.1638568680574278,112041,390,8.341131979782795e-09,0.06694364761653859,0,0,,,,30,5
primary,2025-11-06,log_ridge_harq__B1,100.0,,,0.15692829851126677,112041,390,8.341131979782795e-09,0.06694364761653859,0,0,,,,97,18
primary,2025-11-06,log_ridge_harq__B2,0.0001,,,0.15598642469581753,112041,390,8.341131979782795e-09,0.06694364761653859,0,0,,,,157,84
primary,2025-11-07,lightgbm_qlike__B0,,81,31,0.1540531730893872,112431,,,,,,0,0,0,,
primary,2025-11-07,lightgbm_qlike__B1,,65,63,0.14915805990551956,112431,,,,,,0,0,0,,
primary,2025-11-07,lightgbm_qlike__B2,,82,31,0.14833347354147647,112431,,,,,,0,0,0,,
primary,2025-11-07,log_ridge_harq__B0,100.0,,,0.16009885490575554,112431,390,8.341131979782795e-09,0.06694364761653859,0,0,,,,30,5
primary,2025-11-07,log_ridge_harq__B1,1.0,,,0.15244045709171652,112431,390,8.341131979782795e-09,0.06694364761653859,0,0,,,,97,18
primary,2025-11-07,log_ridge_harq__B2,0.0001,,,0.1518220243259818,112431,390,8.341131979782795e-09,0.06694364761653859,0,0,,,,157,84
primary,2025-11-10,lightgbm_qlike__B0,,84,31,0.14788887672732717,112821,,,,,,0,0,0,,
primary,2025-11-10,lightgbm_qlike__B1,,76,31,0.14367618460994197,112821,,,,,,0,0,0,,
primary,2025-11-10,lightgbm_qlike__B2,,76,31,0.14167013572498363,112821,,,,,,0,0,0,,
primary,2025-11-10,log_ridge_harq__B0,100.0,,,0.15414216850278542,112821,374,8.341131979782795e-09,0.06694364761653859,0,0,,,,30,5
primary,2025-11-10,log_ridge_harq__B1,1.0,,,0.14670807030228455,112821,374,8.341131979782795e-09,0.06694364761653859,0,0,,,,97,18
primary,2025-11-10,log_ridge_harq__B2,0.0001,,,0.14574529259435415,112821,374,8.341131979782795e-09,0.06694364761653859,0,0,,,,157,84
primary,2025-11-11,lightgbm_qlike__B0,,131,31,0.13267536415099634,113195,,,,,,0,0,0,,
primary,2025-11-11,lightgbm_qlike__B1,,141,31,0.12733316268390765,113195,,,,,,0,0,0,,
primary,2025-11-11,lightgbm_qlike__B2,,250,15,0.12779680881429697,113195,,,,,,0,0,0,,
primary,2025-11-11,log_ridge_harq__B0,0.0001,,,0.13762020017532203,113195,390,8.341131979782795e-09,0.06694364761653859,0,0,,,,30,5
primary,2025-11-11,log_ridge_harq__B1,0.0001,,,0.13177178227661682,113195,390,8.341131979782795e-09,0.06694364761653859,0,0,,,,97,18
primary,2025-11-11,log_ridge_harq__B2,0.0001,,,0.13144624346891823,113195,390,8.341131979782795e-09,0.06694364761653859,0,0,,,,157,84
primary,2025-11-12,lightgbm_qlike__B0,,222,15,0.12022932426353168,113585,,,,,,0,0,0,,
primary,2025-11-12,lightgbm_qlike__B1,,542,15,0.11533147851294187,113585,,,,,,0,0,0,,
primary,2025-11-12,lightgbm_qlike__B2,,164,31,0.11498500503701473,113585,,,,,,0,0,0,,
primary,2025-11-12,log_ridge_harq__B0,0.0001,,,0.12443762657703994,113585,390,8.341131979782795e-09,0.06694364761653859,0,0,,,,30,5
primary,2025-11-12,log_ridge_harq__B1,0.0001,,,0.11978873407169133,113585,390,8.341131979782795e-09,0.06694364761653859,0,0,,,,97,18
primary,2025-11-12,log_ridge_harq__B2,0.0001,,,0.12102383474369446,113585,390,8.341131979782795e-09,0.06694364761653859,0,0,,,,157,84
primary,2025-11-13,lightgbm_qlike__B0,,188,31,0.098126778861734,113975,,,,,,0,0,0,,
primary,2025-11-13,lightgbm_qlike__B1,,131,31,0.09848770551798602,113975,,,,,,0,0,0,,
primary,2025-11-13,lightgbm_qlike__B2,,108,31,0.09710238895605289,113975,,,,,,0,0,0,,
primary,2025-11-13,log_ridge_harq__B0,0.0001,,,0.10535474387644424,113975,390,8.341131979782795e-09,0.06694364761653859,0,0,,,,30,5
primary,2025-11-13,log_ridge_harq__B1,0.0001,,,0.1020833965511242,113975,390,8.341131979782795e-09,0.06694364761653859,0,0,,,,97,18
primary,2025-11-13,log_ridge_harq__B2,0.0001,,,0.10353781291283182,113975,390,8.341131979782795e-09,0.06694364761653859,0,0,,,,157,84
primary,2025-11-14,lightgbm_qlike__B0,,119,31,0.09404832007625788,114365,,,,,,0,0,0,,
primary,2025-11-14,lightgbm_qlike__B1,,144,31,0.09436394447031396,114365,,,,,,0,0,0,,
primary,2025-11-14,lightgbm_qlike__B2,,144,31,0.09366877433612124,114365,,,,,,0,0,0,,
primary,2025-11-14,log_ridge_harq__B0,0.0001,,,0.10147499566482135,114365,372,8.341131979782795e-09,0.06694364761653859,0,0,,,,30,5
primary,2025-11-14,log_ridge_harq__B1,0.0001,,,0.09795616085481043,114365,372,8.341131979782795e-09,0.06694364761653859,0,0,,,,97,18
primary,2025-11-14,log_ridge_harq__B2,0.0001,,,0.09937202123914915,114365,372,8.341131979782795e-09,0.06694364761653859,0,0,,,,157,84
primary,2025-11-17,lightgbm_qlike__B0,,238,15,0.09103604699144455,114737,,,,,,0,0,0,,
primary,2025-11-17,lightgbm_qlike__B1,,136,31,0.09076118620603565,114737,,,,,,0,0,0,,
primary,2025-11-17,lightgbm_qlike__B2,,176,15,0.09010526625819301,114737,,,,,,0,0,0,,
primary,2025-11-17,log_ridge_harq__B0,0.0001,,,0.09751046365702085,114737,372,8.341131979782795e-09,0.06694364761653859,0,0,,,,30,5
primary,2025-11-17,log_ridge_harq__B1,0.0001,,,0.09421397937011115,114737,372,8.341131979782795e-09,0.06694364761653859,0,0,,,,97,18
primary,2025-11-17,log_ridge_harq__B2,0.0001,,,0.09592180614538098,114737,372,8.341131979782795e-09,0.06694364761653859,0,0,,,,157,84
primary,2025-11-18,lightgbm_qlike__B0,,241,15,0.09066847822242671,115109,,,,,,0,0,0,,
primary,2025-11-18,lightgbm_qlike__B1,,144,15,0.0913142466335593,115109,,,,,,0,0,0,,
primary,2025-11-18,lightgbm_qlike__B2,,108,31,0.09053622607155756,115109,,,,,,0,0,0,,
primary,2025-11-18,log_ridge_harq__B0,0.0001,,,0.09564497289947102,115109,378,8.341131979782795e-09,0.06694364761653859,0,0,,,,30,5
primary,2025-11-18,log_ridge_harq__B1,0.0001,,,0.09329077990808057,115109,378,8.341131979782795e-09,0.06694364761653859,0,0,,,,97,18
primary,2025-11-18,log_ridge_harq__B2,0.0001,,,0.09494637310938961,115109,378,8.341131979782795e-09,0.06694364761653859,0,0,,,,157,84
primary,2025-11-19,lightgbm_qlike__B0,,158,15,0.09380883610580557,115487,,,,,,0,0,0,,
primary,2025-11-19,lightgbm_qlike__B1,,122,31,0.0942814193548799,115487,,,,,,0,0,0,,
primary,2025-11-19,lightgbm_qlike__B2,,86,63,0.09331846453419682,115487,,,,,,0,0,0,,
primary,2025-11-19,log_ridge_harq__B0,0.0001,,,0.09655516934094768,115487,371,8.341131979782795e-09,0.06694364761653859,0,0,,,,30,5
primary,2025-11-19,log_ridge_harq__B1,0.0001,,,0.09440420027016683,115487,371,8.341131979782795e-09,0.06694364761653859,0,0,,,,97,18
primary,2025-11-19,log_ridge_harq__B2,0.0001,,,0.0957500743706448,115487,371,8.341131979782795e-09,0.06694364761653859,0,0,,,,157,84
primary,2025-11-20,lightgbm_qlike__B0,,138,15,0.08163587046952236,115858,,,,,,0,0,0,,
primary,2025-11-20,lightgbm_qlike__B1,,135,31,0.08145437262638755,115858,,,,,,0,0,0,,
primary,2025-11-20,lightgbm_qlike__B2,,140,31,0.08059068579352484,115858,,,,,,0,0,0,,
primary,2025-11-20,log_ridge_harq__B0,1.0,,,0.08023431164227719,115858,366,8.341131979782795e-09,0.06694364761653859,0,0,,,,30,5
primary,2025-11-20,log_ridge_harq__B1,100.0,,,0.07935452339132557,115858,366,8.341131979782795e-09,0.06694364761653859,0,0,,,,97,18
primary,2025-11-20,log_ridge_harq__B2,0.0001,,,0.07960625963644787,115858,366,8.341131979782795e-09,0.06694364761653859,0,0,,,,157,84
primary,2025-11-21,lightgbm_qlike__B0,,109,63,0.08335656720677717,116224,,,,,,0,0,0,,
primary,2025-11-21,lightgbm_qlike__B1,,141,31,0.08379344383045687,116224,,,,,,0,0,0,,
primary,2025-11-21,lightgbm_qlike__B2,,190,15,0.08291754074953656,116224,,,,,,0,0,0,,
primary,2025-11-21,log_ridge_harq__B0,100.0,,,0.08288615609762975,116224,388,8.341131979782795e-09,0.06694364761653859,0,0,,,,30,5
primary,2025-11-21,log_ridge_harq__B1,100.0,,,0.08160378658406658,116224,388,8.341131979782795e-09,0.06694364761653859,0,0,,,,97,18
primary,2025-11-21,log_ridge_harq__B2,0.0001,,,0.0814827515478978,116224,388,8.341131979782795e-09,0.06694364761653859,0,0,,,,157,84
primary,2025-11-24,lightgbm_qlike__B0,,163,15,0.09099521837290568,116612,,,,,,0,0,0,,
primary,2025-11-24,lightgbm_qlike__B1,,132,31,0.09103509396150088,116612,,,,,,0,0,0,,
primary,2025-11-24,lightgbm_qlike__B2,,154,31,0.08985917904526133,116612,,,,,,0,0,0,,
primary,2025-11-24,log_ridge_harq__B0,1.0,,,0.09062369311948451,116612,358,8.341131979782795e-09,0.06694364761653859,0,0,,,,30,5
primary,2025-11-24,log_ridge_harq__B1,100.0,,,0.08973234921758384,116612,358,8.341131979782795e-09,0.06694364761653859,0,0,,,,97,18
primary,2025-11-24,log_ridge_harq__B2,0.0001,,,0.08951797809408207,116612,358,8.341131979782795e-09,0.06694364761653859,0,0,,,,157,84
primary,2025-11-25,lightgbm_qlike__B0,,166,15,0.09174400245135783,116970,,,,,,0,0,0,,
primary,2025-11-25,lightgbm_qlike__B1,,112,63,0.08940929155635345,116970,,,,,,0,0,0,,
primary,2025-11-25,lightgbm_qlike__B2,,178,15,0.08961125791309378,116970,,,,,,0,0,0,,
primary,2025-11-25,log_ridge_harq__B0,1.0,,,0.09617940103141215,116970,372,8.341131979782795e-09,0.06694364761653859,0,0,,,,30,5
primary,2025-11-25,log_ridge_harq__B1,0.0001,,,0.09405811884789055,116970,372,8.341131979782795e-09,0.06694364761653859,0,0,,,,97,18
primary,2025-11-25,log_ridge_harq__B2,0.0001,,,0.09415068079890224,116970,372,8.341131979782795e-09,0.06694364761653859,0,0,,,,157,84
primary,2025-11-26,lightgbm_qlike__B0,,122,31,0.09482904270872033,117342,,,,,,0,0,0,,
primary,2025-11-26,lightgbm_qlike__B1,,124,31,0.09023188920918215,117342,,,,,,0,0,0,,
primary,2025-11-26,lightgbm_qlike__B2,,150,31,0.08881624342697654,117342,,,,,,0,0,0,,
primary,2025-11-26,log_ridge_harq__B0,1.0,,,0.10136704744155614,117342,390,8.341131979782795e-09,0.06694364761653859,0,0,,,,30,5
primary,2025-11-26,log_ridge_harq__B1,0.0001,,,0.09802448953120516,117342,390,8.341131979782795e-09,0.06694364761653859,0,0,,,,97,18
primary,2025-11-26,log_ridge_harq__B2,0.0001,,,0.09845147461911506,117342,390,8.341131979782795e-09,0.06694364761653859,0,0,,,,157,84
primary,2025-11-28,lightgbm_qlike__B0,,152,15,0.10145116508052084,117732,,,,,,0,0,0,,
primary,2025-11-28,lightgbm_qlike__B1,,111,63,0.0932478081971391,117732,,,,,,0,0,0,,
primary,2025-11-28,lightgbm_qlike__B2,,219,31,0.09284128867176895,117732,,,,,,0,0,0,,
primary,2025-11-28,log_ridge_harq__B0,0.0001,,,0.10812510084026587,117732,174,8.341131979782795e-09,0.06694364761653859,0,0,,,,30,5
primary,2025-11-28,log_ridge_harq__B1,0.0001,,,0.10537687631751085,117732,174,8.341131979782795e-09,0.06694364761653859,0,0,,,,97,18
primary,2025-11-28,log_ridge_harq__B2,0.0001,,,0.10612291850070496,117732,174,8.341131979782795e-09,0.06694364761653859,0,0,,,,157,84
primary,2025-12-01,lightgbm_qlike__B0,,160,15,0.1029799257834931,117906,,,,,,0,0,0,,
primary,2025-12-01,lightgbm_qlike__B1,,150,31,0.09393918585767543,117906,,,,,,0,0,0,,
primary,2025-12-01,lightgbm_qlike__B2,,225,31,0.0936827218175433,117906,,,,,,0,0,0,,
primary,2025-12-01,log_ridge_harq__B0,100.0,,,0.11254568637096171,117906,384,8.341131979782795e-09,0.06694364761653859,0,0,,,,30,5
primary,2025-12-01,log_ridge_harq__B1,100.0,,,0.10958664844464447,117906,384,8.341131979782795e-09,0.06694364761653859,0,0,,,,97,18
primary,2025-12-01,log_ridge_harq__B2,10000.0,,,0.11045454610515457,117906,384,8.341131979782795e-09,0.06694364761653859,0,0,,,,157,84
primary,2025-12-02,lightgbm_qlike__B0,,115,31,0.10743215295930861,118290,,,,,,0,0,0,,
primary,2025-12-02,lightgbm_qlike__B1,,132,31,0.09795392668374009,118290,,,,,,0,0,0,,
primary,2025-12-02,lightgbm_qlike__B2,,205,31,0.09692943373432304,118290,,,,,,0,0,0,,
primary,2025-12-02,log_ridge_harq__B0,100.0,,,0.11667643220648709,118290,389,8.341131979782795e-09,0.06694364761653859,0,0,,,,30,5
primary,2025-12-02,log_ridge_harq__B1,100.0,,,0.11324745670057909,118290,389,8.341131979782795e-09,0.06694364761653859,0,0,,,,97,18
primary,2025-12-02,log_ridge_harq__B2,10000.0,,,0.11419496246081833,118290,389,8.341131979782795e-09,0.06694364761653859,0,0,,,,157,84
primary,2025-12-03,lightgbm_qlike__B0,,126,31,0.11341527981315672,118679,,,,,,0,0,0,,
primary,2025-12-03,lightgbm_qlike__B1,,124,63,0.10276284599905597,118679,,,,,,0,0,0,,
primary,2025-12-03,lightgbm_qlike__B2,,275,31,0.10383110818708459,118679,,,,,,0,0,0,,
primary,2025-12-03,log_ridge_harq__B0,100.0,,,0.1271537259721391,118679,390,8.341131979782795e-09,0.06694364761653859,0,0,,,,30,5
primary,2025-12-03,log_ridge_harq__B1,10000.0,,,0.12322937689837352,118679,390,8.341131979782795e-09,0.06694364761653859,0,0,,,,97,18
primary,2025-12-03,log_ridge_harq__B2,10000.0,,,0.12342537728166758,118679,390,8.341131979782795e-09,0.06694364761653859,0,0,,,,157,84
primary,2025-12-04,lightgbm_qlike__B0,,163,15,0.12304069157230813,119069,,,,,,0,0,0,,
primary,2025-12-04,lightgbm_qlike__B1,,115,63,0.11228098814868788,119069,,,,,,0,0,0,,
primary,2025-12-04,lightgbm_qlike__B2,,332,15,0.11235242110403706,119069,,,,,,0,0,0,,
primary,2025-12-04,log_ridge_harq__B0,100.0,,,0.13797647257358786,119069,390,8.341131979782795e-09,0.06694364761653859,0,0,,,,30,5
primary,2025-12-04,log_ridge_harq__B1,10000.0,,,0.13467939686068622,119069,390,8.341131979782795e-09,0.06694364761653859,0,0,,,,97,18
primary,2025-12-04,log_ridge_harq__B2,10000.0,,,0.1344598822906362,119069,390,8.341131979782795e-09,0.06694364761653859,0,0,,,,157,84
primary,2025-12-05,lightgbm_qlike__B0,,211,15,0.12448520092968518,119459,,,,,,0,0,0,,
primary,2025-12-05,lightgbm_qlike__B1,,125,63,0.11475045046752286,119459,,,,,,0,0,0,,
primary,2025-12-05,lightgbm_qlike__B2,,365,31,0.1151861681854277,119459,,,,,,0,0,0,,
primary,2025-12-05,log_ridge_harq__B0,100.0,,,0.14139776144585067,119459,390,8.341131979782795e-09,0.06694364761653859,0,0,,,,30,5
primary,2025-12-05,log_ridge_harq__B1,10000.0,,,0.13754731992096733,119459,390,8.341131979782795e-09,0.06694364761653859,0,0,,,,97,18
primary,2025-12-05,log_ridge_harq__B2,10000.0,,,0.13683033050920773,119459,390,8.341131979782795e-09,0.06694364761653859,0,0,,,,157,84
primary,2025-12-08,lightgbm_qlike__B0,,200,15,0.12341236412937995,119849,,,,,,0,0,0,,
primary,2025-12-08,lightgbm_qlike__B1,,316,15,0.11340014038747637,119849,,,,,,0,0,0,,
primary,2025-12-08,lightgbm_qlike__B2,,139,63,0.11345356469856716,119849,,,,,,0,0,0,,
primary,2025-12-08,log_ridge_harq__B0,100.0,,,0.14182629626438775,119849,372,8.341131979782795e-09,0.06694364761653859,0,0,,,,30,5
primary,2025-12-08,log_ridge_harq__B1,10000.0,,,0.13734774470991995,119849,372,8.341131979782795e-09,0.06694364761653859,0,0,,,,97,18
primary,2025-12-08,log_ridge_harq__B2,10000.0,,,0.13711855424801656,119849,372,8.341131979782795e-09,0.06694364761653859,0,0,,,,157,84
primary,2025-12-09,lightgbm_qlike__B0,,139,15,0.14377257508068964,120221,,,,,,0,0,0,,
primary,2025-12-09,lightgbm_qlike__B1,,310,15,0.13254873801209752,120221,,,,,,0,0,0,,
primary,2025-12-09,lightgbm_qlike__B2,,201,15,0.1332730331874621,120221,,,,,,0,0,0,,
primary,2025-12-09,log_ridge_harq__B0,100.0,,,0.1581624692569938,120221,390,8.341131979782795e-09,0.06694364761653859,0,0,,,,30,5
primary,2025-12-09,log_ridge_harq__B1,10000.0,,,0.1538361283483447,120221,390,8.341131979782795e-09,0.06694364761653859,0,0,,,,97,18
primary,2025-12-09,log_ridge_harq__B2,10000.0,,,0.15377995030733144,120221,390,8.341131979782795e-09,0.06694364761653859,0,0,,,,157,84
primary,2025-12-10,lightgbm_qlike__B0,,162,15,0.14337834715049608,120611,,,,,,0,0,0,,
primary,2025-12-10,lightgbm_qlike__B1,,285,15,0.13412881311703234,120611,,,,,,0,0,0,,
primary,2025-12-10,lightgbm_qlike__B2,,185,15,0.1354755248939506,120611,,,,,,0,0,0,,
primary,2025-12-10,log_ridge_harq__B0,100.0,,,0.15258788765974768,120611,384,8.341131979782795e-09,0.06694364761653859,0,0,,,,30,5
primary,2025-12-10,log_ridge_harq__B1,10000.0,,,0.15028260909472227,120611,384,8.341131979782795e-09,0.06694364761653859,0,0,,,,97,18
primary,2025-12-10,log_ridge_harq__B2,10000.0,,,0.15002117096747242,120611,384,8.341131979782795e-09,0.06694364761653859,0,0,,,,157,84
primary,2025-12-11,lightgbm_qlike__B0,,98,31,0.16030586710213707,120995,,,,,,0,0,0,,
primary,2025-12-11,lightgbm_qlike__B1,,155,63,0.15102724137787332,120995,,,,,,0,0,0,,
primary,2025-12-11,lightgbm_qlike__B2,,209,15,0.15361010858362906,120995,,,,,,0,0,0,,
primary,2025-12-11,log_ridge_harq__B0,100.0,,,0.16966612442647494,120995,373,8.341131979782795e-09,0.06694364761653859,0,0,,,,30,5
primary,2025-12-11,log_ridge_harq__B1,10000.0,,,0.1662142496246862,120995,373,8.341131979782795e-09,0.06694364761653859,0,0,,,,97,18
primary,2025-12-11,log_ridge_harq__B2,10000.0,,,0.16503421525541742,120995,373,8.341131979782795e-09,0.06694364761653859,0,0,,,,157,84
primary,2025-12-12,lightgbm_qlike__B0,,219,15,0.15424695337974786,121368,,,,,,0,0,0,,
primary,2025-12-12,lightgbm_qlike__B1,,333,15,0.15210146564207316,121368,,,,,,0,0,0,,
primary,2025-12-12,lightgbm_qlike__B2,,305,15,0.15130646803891562,121368,,,,,,0,0,0,,
primary,2025-12-12,log_ridge_harq__B0,100.0,,,0.16611852900130492,121368,384,8.341131979782795e-09,0.06694364761653859,0,0,,,,30,5
primary,2025-12-12,log_ridge_harq__B1,100.0,,,0.1638091802230243,121368,384,8.341131979782795e-09,0.06694364761653859,0,0,,,,97,18
primary,2025-12-12,log_ridge_harq__B2,10000.0,,,0.16278772391738816,121368,384,8.341131979782795e-09,0.06694364761653859,0,0,,,,157,84
primary,2025-12-15,lightgbm_qlike__B0,,101,15,0.15961075182464654,121752,,,,,,0,0,0,,
primary,2025-12-15,lightgbm_qlike__B1,,212,15,0.15650801899510408,121752,,,,,,0,0,0,,
primary,2025-12-15,lightgbm_qlike__B2,,171,15,0.15779314344300344,121752,,,,,,0,0,0,,
primary,2025-12-15,log_ridge_harq__B0,100.0,,,0.16947160079135934,121752,381,8.341131979782795e-09,0.06694364761653859,0,0,,,,30,5
primary,2025-12-15,log_ridge_harq__B1,100.0,,,0.1671909994158449,121752,381,8.341131979782795e-09,0.06694364761653859,0,0,,,,97,18
primary,2025-12-15,log_ridge_harq__B2,100.0,,,0.16677813947365522,121752,381,8.341131979782795e-09,0.06694364761653859,0,0,,,,157,84
primary,2025-12-16,lightgbm_qlike__B0,,69,31,0.15361434588973527,122133,,,,,,0,0,0,,
primary,2025-12-16,lightgbm_qlike__B1,,73,63,0.15206600473230097,122133,,,,,,0,0,0,,
primary,2025-12-16,lightgbm_qlike__B2,,76,63,0.1518050732603356,122133,,,,,,0,0,0,,
primary,2025-12-16,log_ridge_harq__B0,100.0,,,0.16319947738594792,122133,384,8.341131979782795e-09,0.06694364761653859,0,0,,,,30,5
primary,2025-12-16,log_ridge_harq__B1,100.0,,,0.1613338434970719,122133,384,8.341131979782795e-09,0.06694364761653859,0,0,,,,97,18
primary,2025-12-16,log_ridge_harq__B2,100.0,,,0.1608290867744462,122133,384,8.341131979782795e-09,0.06694364761653859,0,0,,,,157,84
primary,2025-12-17,lightgbm_qlike__B0,,100,15,0.14239842069200112,122517,,,,,,0,0,0,,
primary,2025-12-17,lightgbm_qlike__B1,,103,63,0.1418862608087776,122517,,,,,,0,0,0,,
primary,2025-12-17,lightgbm_qlike__B2,,172,15,0.14358982988583818,122517,,,,,,0,0,0,,
primary,2025-12-17,log_ridge_harq__B0,100.0,,,0.15224213820991345,122517,384,8.341131979782795e-09,0.06694364761653859,0,0,,,,30,5
primary,2025-12-17,log_ridge_harq__B1,100.0,,,0.15072082169084697,122517,384,8.341131979782795e-09,0.06694364761653859,0,0,,,,97,18
primary,2025-12-17,log_ridge_harq__B2,100.0,,,0.15100744672388625,122517,384,8.341131979782795e-09,0.06694364761653859,0,0,,,,157,84
primary,2025-12-18,lightgbm_qlike__B0,,96,31,0.13305972349902506,122901,,,,,,0,0,0,,
primary,2025-12-18,lightgbm_qlike__B1,,122,63,0.12962775051889922,122901,,,,,,0,0,0,,
primary,2025-12-18,lightgbm_qlike__B2,,60,63,0.13287561709237936,122901,,,,,,0,0,0,,
primary,2025-12-18,log_ridge_harq__B0,100.0,,,0.1421496544785962,122901,390,8.341131979782795e-09,0.06694364761653859,0,0,,,,30,5
primary,2025-12-18,log_ridge_harq__B1,100.0,,,0.14010522891264438,122901,390,8.341131979782795e-09,0.06694364761653859,0,0,,,,97,18
primary,2025-12-18,log_ridge_harq__B2,0.0001,,,0.14007858684680816,122901,390,8.341131979782795e-09,0.06694364761653859,0,0,,,,157,84
primary,2025-12-19,lightgbm_qlike__B0,,115,31,0.133397795524888,123291,,,,,,0,0,0,,
primary,2025-12-19,lightgbm_qlike__B1,,394,15,0.13017564986214805,123291,,,,,,0,0,0,,
primary,2025-12-19,lightgbm_qlike__B2,,159,15,0.13141099073005247,123291,,,,,,0,0,0,,
primary,2025-12-19,log_ridge_harq__B0,100.0,,,0.14128700674656947,123291,364,8.341131979782795e-09,0.06694364761653859,0,0,,,,30,5
primary,2025-12-19,log_ridge_harq__B1,100.0,,,0.13917889880915182,123291,364,8.341131979782795e-09,0.06694364761653859,0,0,,,,97,18
primary,2025-12-19,log_ridge_harq__B2,100.0,,,0.1391767645599971,123291,364,8.341131979782795e-09,0.06694364761653859,0,0,,,,157,84
primary,2025-12-22,lightgbm_qlike__B0,,79,31,0.1408916853848928,123655,,,,,,0,0,0,,
primary,2025-12-22,lightgbm_qlike__B1,,116,31,0.13809684142780504,123655,,,,,,0,0,0,,
primary,2025-12-22,lightgbm_qlike__B2,,63,63,0.13962703821023661,123655,,,,,,0,0,0,,
primary,2025-12-22,log_ridge_harq__B0,100.0,,,0.15299402660236802,123655,381,8.341131979782795e-09,0.06694364761653859,0,0,,,,30,5
primary,2025-12-22,log_ridge_harq__B1,100.0,,,0.15101795859431277,123655,381,8.341131979782795e-09,0.06694364761653859,0,0,,,,97,18
primary,2025-12-22,log_ridge_harq__B2,0.0001,,,0.150559132678883,123655,381,8.341131979782795e-09,0.06694364761653859,0,0,,,,157,84
primary,2025-12-23,lightgbm_qlike__B0,,262,15,0.12298761456166345,124036,,,,,,0,0,0,,
primary,2025-12-23,lightgbm_qlike__B1,,186,63,0.11690371980567171,124036,,,,,,0,0,0,,
primary,2025-12-23,lightgbm_qlike__B2,,305,31,0.11806056044043693,124036,,,,,,0,0,0,,
primary,2025-12-23,log_ridge_harq__B0,100.0,,,0.1360082653829859,124036,378,8.341131979782795e-09,0.06694364761653859,0,0,,,,30,5
primary,2025-12-23,log_ridge_harq__B1,100.0,,,0.13275901222484135,124036,378,8.341131979782795e-09,0.06694364761653859,0,0,,,,97,18
primary,2025-12-23,log_ridge_harq__B2,100.0,,,0.13285642707973877,124036,378,8.341131979782795e-09,0.06694364761653859,0,0,,,,157,84
primary,2025-12-24,lightgbm_qlike__B0,,103,31,0.1258334462402692,124414,,,,,,0,0,0,,
primary,2025-12-24,lightgbm_qlike__B1,,289,63,0.11669418569795764,124414,,,,,,0,0,0,,
primary,2025-12-24,lightgbm_qlike__B2,,396,31,0.11871279094729467,124414,,,,,,0,0,0,,
primary,2025-12-24,log_ridge_harq__B0,100.0,,,0.13497189562615813,124414,174,8.341131979782795e-09,0.06694364761653859,0,0,,,,30,5
primary,2025-12-24,log_ridge_harq__B1,100.0,,,0.13127166298894666,124414,174,8.341131979782795e-09,0.06694364761653859,0,0,,,,97,18
primary,2025-12-24,log_ridge_harq__B2,100.0,,,0.13122740852410927,124414,174,8.341131979782795e-09,0.06694364761653859,0,0,,,,157,84
primary,2025-12-26,lightgbm_qlike__B0,,206,31,0.10692038832112458,124588,,,,,,0,0,0,,
primary,2025-12-26,lightgbm_qlike__B1,,407,31,0.10001612368698129,124588,,,,,,0,0,0,,
primary,2025-12-26,lightgbm_qlike__B2,,248,63,0.10065846359772483,124588,,,,,,0,0,0,,
primary,2025-12-26,log_ridge_harq__B0,100.0,,,0.11216262176333816,124588,384,8.341131979782795e-09,0.06694364761653859,0,0,,,,30,5
primary,2025-12-26,log_ridge_harq__B1,100.0,,,0.11102032880279442,124588,384,8.341131979782795e-09,0.06694364761653859,0,0,,,,97,18
primary,2025-12-26,log_ridge_harq__B2,100.0,,,0.11170056078613419,124588,384,8.341131979782795e-09,0.06694364761653859,0,0,,,,157,84
primary,2025-12-29,lightgbm_qlike__B0,,241,63,0.1106945419179802,124972,,,,,,0,0,0,,
primary,2025-12-29,lightgbm_qlike__B1,,193,63,0.1049714069667477,124972,,,,,,0,0,0,,
primary,2025-12-29,lightgbm_qlike__B2,,336,31,0.10466043742918381,124972,,,,,,0,0,0,,
primary,2025-12-29,log_ridge_harq__B0,100.0,,,0.11256693320559166,124972,390,8.341131979782795e-09,0.06694364761653859,0,0,,,,30,5
primary,2025-12-29,log_ridge_harq__B1,100.0,,,0.11145968585875266,124972,390,8.341131979782795e-09,0.06694364761653859,0,0,,,,97,18
primary,2025-12-29,log_ridge_harq__B2,100.0,,,0.11192957963143642,124972,390,8.341131979782795e-09,0.06694364761653859,0,0,,,,157,84
primary,2025-12-30,lightgbm_qlike__B0,,274,63,0.10562473909678613,125362,,,,,,0,0,0,,
primary,2025-12-30,lightgbm_qlike__B1,,212,31,0.10070756833844378,125362,,,,,,0,0,0,,
primary,2025-12-30,lightgbm_qlike__B2,,236,63,0.10001721993832158,125362,,,,,,0,0,0,,
primary,2025-12-30,log_ridge_harq__B0,100.0,,,0.10818573027849829,125362,374,8.341131979782795e-09,0.06694364761653859,0,0,,,,30,5
primary,2025-12-30,log_ridge_harq__B1,100.0,,,0.10749719185380183,125362,374,8.341131979782795e-09,0.06694364761653859,0,0,,,,97,18
primary,2025-12-30,log_ridge_harq__B2,100.0,,,0.1085748524433188,125362,374,8.341131979782795e-09,0.06694364761653859,0,0,,,,157,84
primary,2025-12-31,lightgbm_qlike__B0,,530,15,0.11202107551819036,125736,,,,,,0,0,0,,
primary,2025-12-31,lightgbm_qlike__B1,,217,31,0.11113170306030615,125736,,,,,,0,0,0,,
primary,2025-12-31,lightgbm_qlike__B2,,386,15,0.11250266630839485,125736,,,,,,0,0,0,,
primary,2025-12-31,log_ridge_harq__B0,100.0,,,0.11254665598910445,125736,390,8.341131979782795e-09,0.06694364761653859,0,0,,,,30,5
primary,2025-12-31,log_ridge_harq__B1,100.0,,,0.11332437531562792,125736,390,8.341131979782795e-09,0.06694364761653859,0,0,,,,97,18
primary,2025-12-31,log_ridge_harq__B2,100.0,,,0.11451538098476147,125736,390,8.341131979782795e-09,0.06694364761653859,0,0,,,,157,84
primary,2026-01-02,lightgbm_qlike__B0,,194,31,0.12152950211325819,126126,,,,,,0,0,0,,
primary,2026-01-02,lightgbm_qlike__B1,,221,31,0.11945729167965866,126126,,,,,,0,0,0,,
primary,2026-01-02,lightgbm_qlike__B2,,296,31,0.1191199960490483,126126,,,,,,0,0,0,,
primary,2026-01-02,log_ridge_harq__B0,100.0,,,0.11452515689447866,126126,384,8.341131979782795e-09,0.06694364761653859,0,0,,,,30,5
primary,2026-01-02,log_ridge_harq__B1,100.0,,,0.11553462090043698,126126,384,8.341131979782795e-09,0.06694364761653859,0,0,,,,97,18
primary,2026-01-02,log_ridge_harq__B2,100.0,,,0.11704426696646833,126126,384,8.341131979782795e-09,0.06694364761653859,0,0,,,,157,84
primary,2026-01-05,lightgbm_qlike__B0,,386,15,0.12187529418685739,126510,,,,,,0,0,0,,
primary,2026-01-05,lightgbm_qlike__B1,,300,15,0.12074567420995148,126510,,,,,,0,0,0,,
primary,2026-01-05,lightgbm_qlike__B2,,333,15,0.12007323513136395,126510,,,,,,0,0,0,,
primary,2026-01-05,log_ridge_harq__B0,100.0,,,0.1159913205587402,126510,378,8.341131979782795e-09,0.06694364761653859,0,0,,,,30,5
primary,2026-01-05,log_ridge_harq__B1,100.0,,,0.11654312341701989,126510,378,8.341131979782795e-09,0.06694364761653859,0,0,,,,97,18
primary,2026-01-05,log_ridge_harq__B2,100.0,,,0.11846792246307207,126510,378,8.341131979782795e-09,0.06694364761653859,0,0,,,,157,84
primary,2026-01-06,lightgbm_qlike__B0,,203,31,0.12218697431053502,126888,,,,,,0,0,0,,
primary,2026-01-06,lightgbm_qlike__B1,,395,15,0.11943514635970205,126888,,,,,,0,0,0,,
primary,2026-01-06,lightgbm_qlike__B2,,345,15,0.12002911734127826,126888,,,,,,0,0,0,,
primary,2026-01-06,log_ridge_harq__B0,100.0,,,0.11604554201532787,126888,374,8.341131979782795e-09,0.06694364761653859,0,0,,,,30,5
primary,2026-01-06,log_ridge_harq__B1,100.0,,,0.11621096921563354,126888,374,8.341131979782795e-09,0.06694364761653859,0,0,,,,97,18
primary,2026-01-06,log_ridge_harq__B2,100.0,,,0.11795985868035522,126888,374,8.341131979782795e-09,0.06694364761653859,0,0,,,,157,84
primary,2026-01-07,lightgbm_qlike__B0,,390,15,0.11743726843147846,127262,,,,,,0,0,0,,
primary,2026-01-07,lightgbm_qlike__B1,,241,63,0.1155592914399752,127262,,,,,,0,0,0,,
primary,2026-01-07,lightgbm_qlike__B2,,503,15,0.11405600948060975,127262,,,,,,0,0,0,,
primary,2026-01-07,log_ridge_harq__B0,100.0,,,0.10579580004834407,127262,390,8.341131979782795e-09,0.06694364761653859,0,0,,,,30,5
primary,2026-01-07,log_ridge_harq__B1,100.0,,,0.10532604512612073,127262,390,8.341131979782795e-09,0.06694364761653859,0,0,,,,97,18
primary,2026-01-07,log_ridge_harq__B2,100.0,,,0.10641872158432723,127262,390,8.341131979782795e-09,0.06694364761653859,0,0,,,,157,84
primary,2026-01-08,lightgbm_qlike__B0,,275,31,0.11227163171222684,127652,,,,,,0,0,0,,
primary,2026-01-08,lightgbm_qlike__B1,,296,15,0.1090128147555123,127652,,,,,,0,0,0,,
primary,2026-01-08,lightgbm_qlike__B2,,391,15,0.10825180512184618,127652,,,,,,0,0,0,,
primary,2026-01-08,log_ridge_harq__B0,100.0,,,0.10409548045431409,127652,378,8.341131979782795e-09,0.06694364761653859,0,0,,,,30,5
primary,2026-01-08,log_ridge_harq__B1,100.0,,,0.10438357600159989,127652,378,8.341131979782795e-09,0.06694364761653859,0,0,,,,97,18
primary,2026-01-08,log_ridge_harq__B2,100.0,,,0.10538019219613703,127652,378,8.341131979782795e-09,0.06694364761653859,0,0,,,,157,84
primary,2026-01-09,lightgbm_qlike__B0,,341,15,0.10476072492340656,128030,,,,,,0,0,0,,
primary,2026-01-09,lightgbm_qlike__B1,,274,15,0.10180093239224577,128030,,,,,,0,0,0,,
primary,2026-01-09,lightgbm_qlike__B2,,382,15,0.10000278860211767,128030,,,,,,0,0,0,,
primary,2026-01-09,log_ridge_harq__B0,100.0,,,0.10022933884384513,128030,390,8.341131979782795e-09,0.06694364761653859,0,0,,,,30,5
primary,2026-01-09,log_ridge_harq__B1,100.0,,,0.1008894838153946,128030,390,8.341131979782795e-09,0.06694364761653859,0,0,,,,97,18
primary,2026-01-09,log_ridge_harq__B2,100.0,,,0.10217356858002606,128030,390,8.341131979782795e-09,0.06694364761653859,0,0,,,,157,84
primary,2026-01-12,lightgbm_qlike__B0,,256,15,0.10379133015887358,128420,,,,,,0,0,0,,
primary,2026-01-12,lightgbm_qlike__B1,,348,15,0.10024366580949964,128420,,,,,,0,0,0,,
primary,2026-01-12,lightgbm_qlike__B2,,433,15,0.09953292128151535,128420,,,,,,0,0,0,,
primary,2026-01-12,log_ridge_harq__B0,100.0,,,0.10149064942768633,128420,378,8.341131979782795e-09,0.06694364761653859,0,0,,,,30,5
primary,2026-01-12,log_ridge_harq__B1,100.0,,,0.1012549659413668,128420,378,8.341131979782795e-09,0.06694364761653859,0,0,,,,97,18
primary,2026-01-12,log_ridge_harq__B2,100.0,,,0.10218931646818767,128420,378,8.341131979782795e-09,0.06694364761653859,0,0,,,,157,84
primary,2026-01-13,lightgbm_qlike__B0,,205,15,0.10342124945483348,128798,,,,,,0,0,0,,
primary,2026-01-13,lightgbm_qlike__B1,,231,15,0.0999487847815724,128798,,,,,,0,0,0,,
primary,2026-01-13,lightgbm_qlike__B2,,313,15,0.09897127501221958,128798,,,,,,0,0,0,,
primary,2026-01-13,log_ridge_harq__B0,100.0,,,0.10278887231416094,128798,384,8.341131979782795e-09,0.06694364761653859,0,0,,,,30,5
primary,2026-01-13,log_ridge_harq__B1,100.0,,,0.10262039014177209,128798,384,8.341131979782795e-09,0.06694364761653859,0,0,,,,97,18
primary,2026-01-13,log_ridge_harq__B2,100.0,,,0.10308337519288699,128798,384,8.341131979782795e-09,0.06694364761653859,0,0,,,,157,84
primary,2026-01-14,lightgbm_qlike__B0,,203,15,0.10268459527697829,129182,,,,,,0,0,0,,
primary,2026-01-14,lightgbm_qlike__B1,,212,15,0.10001112572855535,129182,,,,,,0,0,0,,
primary,2026-01-14,lightgbm_qlike__B2,,121,15,0.100823656367351,129182,,,,,,0,0,0,,
primary,2026-01-14,log_ridge_harq__B0,0.0001,,,0.10256397503785322,129182,390,8.341131979782795e-09,0.06694364761653859,0,0,,,,30,5
primary,2026-01-14,log_ridge_harq__B1,100.0,,,0.10207352293584893,129182,390,8.341131979782795e-09,0.06694364761653859,0,0,,,,97,18
primary,2026-01-14,log_ridge_harq__B2,0.0001,,,0.10253816352888426,129182,390,8.341131979782795e-09,0.06694364761653859,0,0,,,,157,84
primary,2026-01-15,lightgbm_qlike__B0,,89,15,0.10890563735219072,129572,,,,,,0,0,0,,
primary,2026-01-15,lightgbm_qlike__B1,,79,15,0.10582121107737488,129572,,,,,,0,0,0,,
primary,2026-01-15,lightgbm_qlike__B2,,127,15,0.10572973595218682,129572,,,,,,0,0,0,,
primary,2026-01-15,log_ridge_harq__B0,0.0001,,,0.10791817898110927,129572,390,8.341131979782795e-09,0.06694364761653859,0,0,,,,30,5
primary,2026-01-15,log_ridge_harq__B1,1.0,,,0.10623886415170884,129572,390,8.341131979782795e-09,0.06694364761653859,0,0,,,,97,18
primary,2026-01-15,log_ridge_harq__B2,0.0001,,,0.10628069724903629,129572,390,8.341131979782795e-09,0.06694364761653859,0,0,,,,157,84
primary,2026-01-16,lightgbm_qlike__B0,,76,31,0.1090434372451023,129962,,,,,,0,0,0,,
primary,2026-01-16,lightgbm_qlike__B1,,133,15,0.1064105177795734,129962,,,,,,0,0,0,,
primary,2026-01-16,lightgbm_qlike__B2,,140,15,0.10589515059256711,129962,,,,,,0,0,0,,
primary,2026-01-16,log_ridge_harq__B0,0.0001,,,0.10912348862338299,129962,390,8.341131979782795e-09,0.06694364761653859,0,0,,,,30,5
primary,2026-01-16,log_ridge_harq__B1,0.0001,,,0.10721025541386822,129962,390,8.341131979782795e-09,0.06694364761653859,0,0,,,,97,18
primary,2026-01-16,log_ridge_harq__B2,0.0001,,,0.10699005086140916,129962,390,8.341131979782795e-09,0.06694364761653859,0,0,,,,157,84
primary,2026-01-20,lightgbm_qlike__B0,,127,15,0.11186250073894996,130352,,,,,,0,0,0,,
primary,2026-01-20,lightgbm_qlike__B1,,179,15,0.10962174502234057,130352,,,,,,0,0,0,,
primary,2026-01-20,lightgbm_qlike__B2,,103,63,0.10885525637988598,130352,,,,,,0,0,0,,
primary,2026-01-20,log_ridge_harq__B0,0.0001,,,0.11301767637553553,130352,384,8.341131979782795e-09,0.06694364761653859,0,0,,,,30,5
primary,2026-01-20,log_ridge_harq__B1,0.0001,,,0.11070559262996511,130352,384,8.341131979782795e-09,0.06694364761653859,0,0,,,,97,18
primary,2026-01-20,log_ridge_harq__B2,0.0001,,,0.11009318938720185,130352,384,8.341131979782795e-09,0.06694364761653859,0,0,,,,157,84
primary,2026-01-21,lightgbm_qlike__B0,,133,15,0.11006025168220837,130736,,,,,,0,0,0,,
primary,2026-01-21,lightgbm_qlike__B1,,158,15,0.10912577699789976,130736,,,,,,0,0,0,,
primary,2026-01-21,lightgbm_qlike__B2,,82,63,0.10696382733632759,130736,,,,,,0,0,0,,
primary,2026-01-21,log_ridge_harq__B0,0.0001,,,0.11054028016052309,130736,373,8.341131979782795e-09,0.06694364761653859,0,0,,,,30,5
primary,2026-01-21,log_ridge_harq__B1,0.0001,,,0.1084501895169816,130736,373,8.341131979782795e-09,0.06694364761653859,0,0,,,,97,18
primary,2026-01-21,log_ridge_harq__B2,0.0001,,,0.1086473433757904,130736,373,8.341131979782795e-09,0.06694364761653859,0,0,,,,157,84
primary,2026-01-22,lightgbm_qlike__B0,,42,15,0.16069798237936733,131109,,,,,,0,0,0,,
primary,2026-01-22,lightgbm_qlike__B1,,42,31,0.15598218846897688,131109,,,,,,0,0,0,,
primary,2026-01-22,lightgbm_qlike__B2,,39,31,0.15474397402255963,131109,,,,,,0,0,0,,
primary,2026-01-22,log_ridge_harq__B0,0.0001,,,0.1607081933939499,131109,372,8.341131979782795e-09,0.06694364761653859,0,0,,,,30,5
primary,2026-01-22,log_ridge_harq__B1,0.0001,,,0.15648898323033222,131109,372,8.341131979782795e-09,0.06694364761653859,0,0,,,,97,18
primary,2026-01-22,log_ridge_harq__B2,0.0001,,,0.15414188236485474,131109,372,8.341131979782795e-09,0.06694364761653859,0,0,,,,157,84
primary,2026-01-23,lightgbm_qlike__B0,,38,31,0.16250506300993406,131481,,,,,,0,0,0,,
primary,2026-01-23,lightgbm_qlike__B1,,47,31,0.15859780564350698,131481,,,,,,0,0,0,,
primary,2026-01-23,lightgbm_qlike__B2,,49,63,0.15686249408844993,131481,,,,,,0,0,0,,
primary,2026-01-23,log_ridge_harq__B0,0.0001,,,0.16348380911842755,131481,390,8.341131979782795e-09,0.06694364761653859,0,0,,,,30,5
primary,2026-01-23,log_ridge_harq__B1,0.0001,,,0.1594777951638398,131481,390,8.341131979782795e-09,0.06694364761653859,0,0,,,,97,18
primary,2026-01-23,log_ridge_harq__B2,0.0001,,,0.15681545271436964,131481,390,8.341131979782795e-09,0.06694364761653859,0,0,,,,157,84
primary,2026-01-26,lightgbm_qlike__B0,,41,31,0.16498443774345284,131871,,,,,,0,0,0,,
primary,2026-01-26,lightgbm_qlike__B1,,38,63,0.16088014770753414,131871,,,,,,0,0,0,,
primary,2026-01-26,lightgbm_qlike__B2,,45,63,0.15552702425481083,131871,,,,,,0,0,0,,
primary,2026-01-26,log_ridge_harq__B0,0.0001,,,0.16581405324237222,131871,384,8.341131979782795e-09,0.06694364761653859,0,0,,,,30,5
primary,2026-01-26,log_ridge_harq__B1,0.0001,,,0.161015883086484,131871,384,8.341131979782795e-09,0.06694364761653859,0,0,,,,97,18
primary,2026-01-26,log_ridge_harq__B2,0.0001,,,0.15770995024895498,131871,384,8.341131979782795e-09,0.06694364761653859,0,0,,,,157,84
primary,2026-01-27,lightgbm_qlike__B0,,36,31,0.16835759066436026,132255,,,,,,0,0,0,,
primary,2026-01-27,lightgbm_qlike__B1,,39,31,0.16744565028348082,132255,,,,,,0,0,0,,
primary,2026-01-27,lightgbm_qlike__B2,,39,63,0.16693425857397795,132255,,,,,,0,0,0,,
primary,2026-01-27,log_ridge_harq__B0,0.0001,,,0.16771356930276143,132255,384,8.341131979782795e-09,0.06694364761653859,0,0,,,,30,5
primary,2026-01-27,log_ridge_harq__B1,0.0001,,,0.1639080845586318,132255,384,8.341131979782795e-09,0.06694364761653859,0,0,,,,97,18
primary,2026-01-27,log_ridge_harq__B2,0.0001,,,0.16071289446879938,132255,384,8.341131979782795e-09,0.06694364761653859,0,0,,,,157,84
primary,2026-01-28,lightgbm_qlike__B0,,42,31,0.16192423276229764,132639,,,,,,0,0,0,,
primary,2026-01-28,lightgbm_qlike__B1,,40,31,0.16089225095950072,132639,,,,,,0,0,0,,
primary,2026-01-28,lightgbm_qlike__B2,,37,63,0.15857205729891538,132639,,,,,,0,0,0,,
primary,2026-01-28,log_ridge_harq__B0,0.0001,,,0.16130219950019675,132639,390,8.341131979782795e-09,0.06694364761653859,0,0,,,,30,5
primary,2026-01-28,log_ridge_harq__B1,0.0001,,,0.1581751587105878,132639,390,8.341131979782795e-09,0.06694364761653859,0,0,,,,97,18
primary,2026-01-28,log_ridge_harq__B2,0.0001,,,0.15500551030055262,132639,390,8.341131979782795e-09,0.06694364761653859,0,0,,,,157,84
primary,2026-01-29,lightgbm_qlike__B0,,38,31,0.16572499098374022,133029,,,,,,0,0,0,,
primary,2026-01-29,lightgbm_qlike__B1,,46,31,0.16497862235391833,133029,,,,,,0,0,0,,
primary,2026-01-29,lightgbm_qlike__B2,,40,63,0.1631557833126671,133029,,,,,,0,0,0,,
primary,2026-01-29,log_ridge_harq__B0,0.0001,,,0.17014467062550048,133029,384,8.341131979782795e-09,0.06694364761653859,0,0,,,,30,5
primary,2026-01-29,log_ridge_harq__B1,0.0001,,,0.16536137762649603,133029,384,8.341131979782795e-09,0.06694364761653859,0,0,,,,97,18
primary,2026-01-29,log_ridge_harq__B2,1.0,,,0.16152061452588953,133029,384,8.341131979782795e-09,0.06694364761653859,0,0,,,,157,84
primary,2026-01-30,lightgbm_qlike__B0,,48,31,0.16086447374737378,133413,,,,,,0,0,0,,
primary,2026-01-30,lightgbm_qlike__B1,,62,31,0.16080004321383445,133413,,,,,,0,0,0,,
primary,2026-01-30,lightgbm_qlike__B2,,560,15,0.15709681488798558,133413,,,,,,0,0,0,,
primary,2026-01-30,log_ridge_harq__B0,0.0001,,,0.16624159331867377,133413,390,8.341131979782795e-09,0.06694364761653859,0,0,,,,30,5
primary,2026-01-30,log_ridge_harq__B1,0.0001,,,0.16147343353421312,133413,390,8.341131979782795e-09,0.06694364761653859,0,0,,,,97,18
primary,2026-01-30,log_ridge_harq__B2,1.0,,,0.15747920020915707,133413,390,8.341131979782795e-09,0.06694364761653859,0,0,,,,157,84
primary,2026-02-02,lightgbm_qlike__B0,,385,15,0.15580572545208543,133803,,,,,,0,0,0,,
primary,2026-02-02,lightgbm_qlike__B1,,179,15,0.15537499325556142,133803,,,,,,0,0,0,,
primary,2026-02-02,lightgbm_qlike__B2,,420,15,0.15057768940641314,133803,,,,,,0,0,0,,
primary,2026-02-02,log_ridge_harq__B0,0.0001,,,0.16132477485341185,133803,307,8.341131979782795e-09,0.06694364761653859,0,0,,,,30,5
primary,2026-02-02,log_ridge_harq__B1,0.0001,,,0.15565947829809174,133803,307,8.341131979782795e-09,0.06694364761653859,0,0,,,,97,18
primary,2026-02-02,log_ridge_harq__B2,1.0,,,0.15113476112341612,133803,307,8.341131979782795e-09,0.06694364761653859,0,0,,,,157,84
primary,2026-02-03,lightgbm_qlike__B0,,36,31,0.16724347813755605,134110,,,,,,0,0,0,,
primary,2026-02-03,lightgbm_qlike__B1,,43,31,0.16754208417035182,134110,,,,,,0,0,0,,
primary,2026-02-03,lightgbm_qlike__B2,,335,15,0.16344232744733583,134110,,,,,,0,0,0,,
primary,2026-02-03,log_ridge_harq__B0,0.0001,,,0.17026998338465546,134110,378,8.341131979782795e-09,0.06694364761653859,0,0,,,,30,5
primary,2026-02-03,log_ridge_harq__B1,0.0001,,,0.17008852662593044,134110,378,8.341131979782795e-09,0.06694364761653859,0,0,,,,97,18
primary,2026-02-03,log_ridge_harq__B2,0.0001,,,0.16415353405894678,134110,378,8.341131979782795e-09,0.06694364761653859,0,0,,,,157,84
primary,2026-02-04,lightgbm_qlike__B0,,32,63,0.16772662662503676,134488,,,,,,0,0,0,,
primary,2026-02-04,lightgbm_qlike__B1,,47,31,0.1668121971512902,134488,,,,,,0,0,0,,
primary,2026-02-04,lightgbm_qlike__B2,,472,15,0.1626609776356542,134488,,,,,,0,0,0,,
primary,2026-02-04,log_ridge_harq__B0,0.0001,,,0.1683111144818935,134488,390,8.341131979782795e-09,0.06694364761653859,0,0,,,,30,5
primary,2026-02-04,log_ridge_harq__B1,0.0001,,,0.17281960116626133,134488,390,8.341131979782795e-09,0.06694364761653859,0,0,,,,97,18
primary,2026-02-04,log_ridge_harq__B2,0.0001,,,0.16504408537974544,134488,390,8.341131979782795e-09,0.06694364761653859,0,0,,,,157,84
primary,2026-02-05,lightgbm_qlike__B0,,81,63,0.11348132156114414,134878,,,,,,0,0,0,,
primary,2026-02-05,lightgbm_qlike__B1,,164,63,0.11503067968901473,134878,,,,,,0,0,0,,
primary,2026-02-05,lightgbm_qlike__B2,,495,15,0.11180101731169241,134878,,,,,,0,0,0,,
primary,2026-02-05,log_ridge_harq__B0,0.0001,,,0.11389067183975951,134878,384,8.341131979782795e-09,0.06694364761653859,0,0,,,,30,5
primary,2026-02-05,log_ridge_harq__B1,0.0001,,,0.12387533255734358,134878,384,8.341131979782795e-09,0.06694364761653859,0,0,,,,97,18
primary,2026-02-05,log_ridge_harq__B2,0.0001,,,0.11789267320791733,134878,384,8.341131979782795e-09,0.06694364761653859,0,0,,,,157,84
primary,2026-02-06,lightgbm_qlike__B0,,64,63,0.10683104414217248,135262,,,,,,0,0,0,,
primary,2026-02-06,lightgbm_qlike__B1,,186,15,0.10909723663954954,135262,,,,,,0,0,0,,
primary,2026-02-06,lightgbm_qlike__B2,,453,15,0.10475253744659337,135262,,,,,,0,0,0,,
primary,2026-02-06,log_ridge_harq__B0,0.0001,,,0.10512141556690088,135262,374,8.341131979782795e-09,0.06694364761653859,0,0,,,,30,5
primary,2026-02-06,log_ridge_harq__B1,0.0001,,,0.114188368907669,135262,374,8.341131979782795e-09,0.06694364761653859,0,0,,,,97,18
primary,2026-02-06,log_ridge_harq__B2,0.0001,,,0.10846469933073026,135262,374,8.341131979782795e-09,0.06694364761653859,0,0,,,,157,84
primary,2026-02-09,lightgbm_qlike__B0,,88,63,0.10802872128871122,135636,,,,,,0,0,0,,
primary,2026-02-09,lightgbm_qlike__B1,,138,63,0.1100266174698458,135636,,,,,,0,0,0,,
primary,2026-02-09,lightgbm_qlike__B2,,254,31,0.10819539431341951,135636,,,,,,0,0,0,,
primary,2026-02-09,log_ridge_harq__B0,0.0001,,,0.10659161904809981,135636,390,8.341131979782795e-09,0.06694364761653859,0,0,,,,30,5
primary,2026-02-09,log_ridge_harq__B1,0.0001,,,0.115573880622647,135636,390,8.341131979782795e-09,0.06694364761653859,0,0,,,,97,18
primary,2026-02-09,log_ridge_harq__B2,0.0001,,,0.10953156070839176,135636,390,8.341131979782795e-09,0.06694364761653859,0,0,,,,157,84
primary,2026-02-10,lightgbm_qlike__B0,,56,63,0.10952423591538529,136026,,,,,,0,0,0,,
primary,2026-02-10,lightgbm_qlike__B1,,84,63,0.11031367600525561,136026,,,,,,0,0,0,,
primary,2026-02-10,lightgbm_qlike__B2,,363,15,0.10626558611985988,136026,,,,,,0,0,0,,
primary,2026-02-10,log_ridge_harq__B0,0.0001,,,0.10747973005102399,136026,370,8.341131979782795e-09,0.06694364761653859,0,0,,,,30,5
primary,2026-02-10,log_ridge_harq__B1,0.0001,,,0.11610083565091364,136026,370,8.341131979782795e-09,0.06694364761653859,0,0,,,,97,18
primary,2026-02-10,log_ridge_harq__B2,0.0001,,,0.1096962569759159,136026,370,8.341131979782795e-09,0.06694364761653859,0,0,,,,157,84
primary,2026-02-11,lightgbm_qlike__B0,,90,63,0.11094469332746812,136396,,,,,,0,0,0,,
primary,2026-02-11,lightgbm_qlike__B1,,157,31,0.1108969875961617,136396,,,,,,0,0,0,,
primary,2026-02-11,lightgbm_qlike__B2,,191,63,0.10903458469143475,136396,,,,,,0,0,0,,
primary,2026-02-11,log_ridge_harq__B0,0.0001,,,0.11027611590222239,136396,376,8.341131979782795e-09,0.06694364761653859,0,0,,,,30,5
primary,2026-02-11,log_ridge_harq__B1,0.0001,,,0.11670758033851444,136396,376,8.341131979782795e-09,0.06694364761653859,0,0,,,,97,18
primary,2026-02-11,log_ridge_harq__B2,0.0001,,,0.11047802925812789,136396,376,8.341131979782795e-09,0.06694364761653859,0,0,,,,157,84
primary,2026-02-12,lightgbm_qlike__B0,,55,63,0.11534766048614527,136772,,,,,,0,0,0,,
primary,2026-02-12,lightgbm_qlike__B1,,244,31,0.11160408018037005,136772,,,,,,0,0,0,,
primary,2026-02-12,lightgbm_qlike__B2,,317,15,0.11056456423525322,136772,,,,,,0,0,0,,
primary,2026-02-12,log_ridge_harq__B0,0.0001,,,0.10638776744195173,136772,384,8.341131979782795e-09,0.06694364761653859,0,0,,,,30,5
primary,2026-02-12,log_ridge_harq__B1,0.0001,,,0.11482707583271583,136772,384,8.341131979782795e-09,0.06694364761653859,0,0,,,,97,18
primary,2026-02-12,log_ridge_harq__B2,0.0001,,,0.10913410452999628,136772,384,8.341131979782795e-09,0.06694364761653859,0,0,,,,157,84
primary,2026-02-13,lightgbm_qlike__B0,,106,63,0.10998914990102782,137156,,,,,,0,0,0,,
primary,2026-02-13,lightgbm_qlike__B1,,95,31,0.10902276708428257,137156,,,,,,0,0,0,,
primary,2026-02-13,lightgbm_qlike__B2,,187,15,0.10773543557641492,137156,,,,,,0,0,0,,
primary,2026-02-13,log_ridge_harq__B0,0.0001,,,0.1012936420982972,137156,372,8.341131979782795e-09,0.06694364761653859,0,0,,,,30,5
primary,2026-02-13,log_ridge_harq__B1,0.0001,,,0.11095159495229925,137156,372,8.341131979782795e-09,0.06694364761653859,0,0,,,,97,18
primary,2026-02-13,log_ridge_harq__B2,0.0001,,,0.10554151241887924,137156,372,8.341131979782795e-09,0.06694364761653859,0,0,,,,157,84
primary,2026-02-17,lightgbm_qlike__B0,,81,63,0.11168723609312178,137528,,,,,,0,0,0,,
primary,2026-02-17,lightgbm_qlike__B1,,72,63,0.10943559371350994,137528,,,,,,0,0,0,,
primary,2026-02-17,lightgbm_qlike__B2,,332,15,0.10804663748302072,137528,,,,,,0,0,0,,
primary,2026-02-17,log_ridge_harq__B0,0.0001,,,0.10300922171842666,137528,366,8.341131979782795e-09,0.06694364761653859,0,0,,,,30,5
primary,2026-02-17,log_ridge_harq__B1,0.0001,,,0.11234089761701789,137528,366,8.341131979782795e-09,0.06694364761653859,0,0,,,,97,18
primary,2026-02-17,log_ridge_harq__B2,0.0001,,,0.10738204726796394,137528,366,8.341131979782795e-09,0.06694364761653859,0,0,,,,157,84
primary,2026-02-18,lightgbm_qlike__B0,,237,15,0.09161852215862441,137894,,,,,,0,0,0,,
primary,2026-02-18,lightgbm_qlike__B1,,208,31,0.08946051671557864,137894,,,,,,0,0,0,,
primary,2026-02-18,lightgbm_qlike__B2,,218,31,0.08858049337663314,137894,,,,,,0,0,0,,
primary,2026-02-18,log_ridge_harq__B0,0.0001,,,0.08990008518019058,137894,390,8.341131979782795e-09,0.06694364761653859,0,0,,,,30,5
primary,2026-02-18,log_ridge_harq__B1,0.0001,,,0.08966225072235572,137894,390,8.341131979782795e-09,0.06694364761653859,0,0,,,,97,18
primary,2026-02-18,log_ridge_harq__B2,0.0001,,,0.08721150725560804,137894,390,8.341131979782795e-09,0.06694364761653859,0,0,,,,157,84
primary,2026-02-19,lightgbm_qlike__B0,,184,15,0.09445616460759898,138284,,,,,,0,0,0,,
primary,2026-02-19,lightgbm_qlike__B1,,85,63,0.09089085157607872,138284,,,,,,0,0,0,,
primary,2026-02-19,lightgbm_qlike__B2,,207,63,0.08933299844218787,138284,,,,,,0,0,0,,
primary,2026-02-19,log_ridge_harq__B0,0.0001,,,0.09421202879495325,138284,372,8.341131979782795e-09,0.06694364761653859,0,0,,,,30,5
primary,2026-02-19,log_ridge_harq__B1,0.0001,,,0.08844737547835539,138284,372,8.341131979782795e-09,0.06694364761653859,0,0,,,,97,18
primary,2026-02-19,log_ridge_harq__B2,0.0001,,,0.08822127445257655,138284,372,8.341131979782795e-09,0.06694364761653859,0,0,,,,157,84
primary,2026-02-20,lightgbm_qlike__B0,,132,15,0.09446619307834546,138656,,,,,,0,0,0,,
primary,2026-02-20,lightgbm_qlike__B1,,88,63,0.09020148121663168,138656,,,,,,0,0,0,,
primary,2026-02-20,lightgbm_qlike__B2,,139,63,0.08956456534870019,138656,,,,,,0,0,0,,
primary,2026-02-20,log_ridge_harq__B0,0.0001,,,0.09435960867840953,138656,390,8.341131979782795e-09,0.06694364761653859,0,0,,,,30,5
primary,2026-02-20,log_ridge_harq__B1,100.0,,,0.08815232312513695,138656,390,8.341131979782795e-09,0.06694364761653859,0,0,,,,97,18
primary,2026-02-20,log_ridge_harq__B2,0.0001,,,0.08958747581954174,138656,390,8.341131979782795e-09,0.06694364761653859,0,0,,,,157,84
primary,2026-02-23,lightgbm_qlike__B0,,469,15,0.1003332073057778,139046,,,,,,0,0,0,,
primary,2026-02-23,lightgbm_qlike__B1,,95,31,0.09836105629837638,139046,,,,,,0,0,0,,
primary,2026-02-23,lightgbm_qlike__B2,,206,63,0.09701653508726385,139046,,,,,,0,0,0,,
primary,2026-02-23,log_ridge_harq__B0,100.0,,,0.10389217235905816,139046,390,8.341131979782795e-09,0.06694364761653859,0,0,,,,30,5
primary,2026-02-23,log_ridge_harq__B1,100.0,,,0.09700384046124774,139046,390,8.341131979782795e-09,0.06694364761653859,0,0,,,,97,18
primary,2026-02-23,log_ridge_harq__B2,100.0,,,0.09796267503081191,139046,390,8.341131979782795e-09,0.06694364761653859,0,0,,,,157,84
primary,2026-02-24,lightgbm_qlike__B0,,287,15,0.09578420940752512,139436,,,,,,0,0,0,,
primary,2026-02-24,lightgbm_qlike__B1,,108,63,0.0935404963245826,139436,,,,,,0,0,0,,
primary,2026-02-24,lightgbm_qlike__B2,,138,15,0.09410692013338148,139436,,,,,,0,0,0,,
primary,2026-02-24,log_ridge_harq__B0,100.0,,,0.09969468584430954,139436,390,8.341131979782795e-09,0.06694364761653859,0,0,,,,30,5
primary,2026-02-24,log_ridge_harq__B1,100.0,,,0.09204253416340083,139436,390,8.341131979782795e-09,0.06694364761653859,0,0,,,,97,18
primary,2026-02-24,log_ridge_harq__B2,0.0001,,,0.09427416543206946,139436,390,8.341131979782795e-09,0.06694364761653859,0,0,,,,157,84
primary,2026-02-25,lightgbm_qlike__B0,,244,15,0.09225728691522056,139826,,,,,,0,0,0,,
primary,2026-02-25,lightgbm_qlike__B1,,101,15,0.0891939403156973,139826,,,,,,0,0,0,,
primary,2026-02-25,lightgbm_qlike__B2,,97,15,0.09030915122584877,139826,,,,,,0,0,0,,
primary,2026-02-25,log_ridge_harq__B0,100.0,,,0.0948539648967717,139826,390,8.341131979782795e-09,0.06694364761653859,0,0,,,,30,5
primary,2026-02-25,log_ridge_harq__B1,100.0,,,0.08838989144501569,139826,390,8.341131979782795e-09,0.06694364761653859,0,0,,,,97,18
primary,2026-02-25,log_ridge_harq__B2,100.0,,,0.09129591226390545,139826,390,8.341131979782795e-09,0.06694364761653859,0,0,,,,157,84
primary,2026-02-26,lightgbm_qlike__B0,,326,15,0.09285554178086022,140216,,,,,,0,0,0,,
primary,2026-02-26,lightgbm_qlike__B1,,211,15,0.09188110023335935,140216,,,,,,0,0,0,,
primary,2026-02-26,lightgbm_qlike__B2,,259,15,0.09229538165776345,140216,,,,,,0,0,0,,
primary,2026-02-26,log_ridge_harq__B0,100.0,,,0.09335481893656847,140216,390,8.341131979782795e-09,0.06694364761653859,0,0,,,,30,5
primary,2026-02-26,log_ridge_harq__B1,100.0,,,0.0894319444092436,140216,390,8.341131979782795e-09,0.06694364761653859,0,0,,,,97,18
primary,2026-02-26,log_ridge_harq__B2,100.0,,,0.092197527667261,140216,390,8.341131979782795e-09,0.06694364761653859,0,0,,,,157,84
primary,2026-02-27,lightgbm_qlike__B0,,491,15,0.08623622010400268,140606,,,,,,0,0,0,,
primary,2026-02-27,lightgbm_qlike__B1,,126,15,0.0866956771925507,140606,,,,,,0,0,0,,
primary,2026-02-27,lightgbm_qlike__B2,,133,15,0.08773774382680795,140606,,,,,,0,0,0,,
primary,2026-02-27,log_ridge_harq__B0,100.0,,,0.0904652753959672,140606,390,8.341131979782795e-09,0.06694364761653859,0,0,,,,30,5
primary,2026-02-27,log_ridge_harq__B1,100.0,,,0.08676865037442381,140606,390,8.341131979782795e-09,0.06694364761653859,0,0,,,,97,18
primary,2026-02-27,log_ridge_harq__B2,100.0,,,0.08956757642450429,140606,390,8.341131979782795e-09,0.06694364761653859,0,0,,,,157,84
primary,2026-03-02,lightgbm_qlike__B0,,624,31,0.08795714623046058,140996,,,,,,0,0,0,,
primary,2026-03-02,lightgbm_qlike__B1,,115,15,0.08859897843479667,140996,,,,,,0,0,0,,
primary,2026-03-02,lightgbm_qlike__B2,,287,63,0.08843893292903979,140996,,,,,,0,0,0,,
primary,2026-03-02,log_ridge_harq__B0,100.0,,,0.09298958119266412,140996,390,8.341131979782795e-09,0.06694364761653859,0,0,,,,30,5
primary,2026-03-02,log_ridge_harq__B1,100.0,,,0.08935602989055215,140996,390,8.341131979782795e-09,0.06694364761653859,0,0,,,,97,18
primary,2026-03-02,log_ridge_harq__B2,100.0,,,0.09253428107880915,140996,390,8.341131979782795e-09,0.06694364761653859,0,0,,,,157,84
primary,2026-03-03,lightgbm_qlike__B0,,168,63,0.09244634070109006,141386,,,,,,0,0,0,,
primary,2026-03-03,lightgbm_qlike__B1,,155,63,0.09141128751384782,141386,,,,,,0,0,0,,
primary,2026-03-03,lightgbm_qlike__B2,,309,63,0.09179031922114818,141386,,,,,,0,0,0,,
primary,2026-03-03,log_ridge_harq__B0,100.0,,,0.09452989211268437,141386,384,8.341131979782795e-09,0.06694364761653859,0,0,,,,30,5
primary,2026-03-03,log_ridge_harq__B1,100.0,,,0.09204856932914081,141386,384,8.341131979782795e-09,0.06694364761653859,0,0,,,,97,18
primary,2026-03-03,log_ridge_harq__B2,100.0,,,0.0952455638170162,141386,384,8.341131979782795e-09,0.06694364761653859,0,0,,,,157,84
primary,2026-03-04,lightgbm_qlike__B0,,370,63,0.09350489603277026,141770,,,,,,0,0,0,,
primary,2026-03-04,lightgbm_qlike__B1,,134,31,0.0923683146906174,141770,,,,,,0,0,0,,
primary,2026-03-04,lightgbm_qlike__B2,,322,31,0.09195913467638188,141770,,,,,,0,0,0,,
primary,2026-03-04,log_ridge_harq__B0,100.0,,,0.09426088015302178,141770,390,8.341131979782795e-09,0.06694364761653859,0,0,,,,30,5
primary,2026-03-04,log_ridge_harq__B1,100.0,,,0.09261952501299706,141770,390,8.341131979782795e-09,0.06694364761653859,0,0,,,,97,18
primary,2026-03-04,log_ridge_harq__B2,100.0,,,0.0945726320781634,141770,390,8.341131979782795e-09,0.06694364761653859,0,0,,,,157,84
primary,2026-03-05,lightgbm_qlike__B0,,958,15,0.0932884338140924,142160,,,,,,0,0,0,,
primary,2026-03-05,lightgbm_qlike__B1,,369,63,0.09229296847558224,142160,,,,,,0,0,0,,
primary,2026-03-05,lightgbm_qlike__B2,,574,63,0.09070612811349839,142160,,,,,,0,0,0,,
primary,2026-03-05,log_ridge_harq__B0,100.0,,,0.09544100935839087,142160,384,8.341131979782795e-09,0.06694364761653859,0,0,,,,30,5
primary,2026-03-05,log_ridge_harq__B1,100.0,,,0.09410283632108908,142160,384,8.341131979782795e-09,0.06694364761653859,0,0,,,,97,18
primary,2026-03-05,log_ridge_harq__B2,100.0,,,0.09573178282514691,142160,384,8.341131979782795e-09,0.06694364761653859,0,0,,,,157,84
primary,2026-03-06,lightgbm_qlike__B0,,76,63,0.09755664459091565,142544,,,,,,0,0,0,,
primary,2026-03-06,lightgbm_qlike__B1,,67,63,0.09958102204387162,142544,,,,,,0,0,0,,
primary,2026-03-06,lightgbm_qlike__B2,,66,63,0.09831448449208954,142544,,,,,,0,0,0,,
primary,2026-03-06,log_ridge_harq__B0,100.0,,,0.09832983626731281,142544,378,8.341131979782795e-09,0.06694364761653859,0,0,,,,30,5
primary,2026-03-06,log_ridge_harq__B1,100.0,,,0.09827068985831043,142544,378,8.341131979782795e-09,0.06694364761653859,0,0,,,,97,18
primary,2026-03-06,log_ridge_harq__B2,100.0,,,0.09884355427728611,142544,378,8.341131979782795e-09,0.06694364761653859,0,0,,,,157,84
primary,2026-03-09,lightgbm_qlike__B0,,63,63,0.09396946856325515,142922,,,,,,0,0,0,,
primary,2026-03-09,lightgbm_qlike__B1,,65,63,0.0931350408400069,142922,,,,,,0,0,0,,
primary,2026-03-09,lightgbm_qlike__B2,,60,63,0.09265394700206495,142922,,,,,,0,0,0,,
primary,2026-03-09,log_ridge_harq__B0,100.0,,,0.0907150646237842,142922,378,8.341131979782795e-09,0.06694364761653859,0,0,,,,30,5
primary,2026-03-09,log_ridge_harq__B1,0.0001,,,0.09080280049048632,142922,378,8.341131979782795e-09,0.06694364761653859,0,0,,,,97,18
primary,2026-03-09,log_ridge_harq__B2,1.0,,,0.09104890866316183,142922,378,8.341131979782795e-09,0.06694364761653859,0,0,,,,157,84
primary,2026-03-10,lightgbm_qlike__B0,,50,31,0.12687945779376164,143300,,,,,,0,0,0,,
primary,2026-03-10,lightgbm_qlike__B1,,56,15,0.12622061361443915,143300,,,,,,0,0,0,,
primary,2026-03-10,lightgbm_qlike__B2,,51,63,0.12410810786672925,143300,,,,,,0,0,0,,
primary,2026-03-10,log_ridge_harq__B0,100.0,,,0.12035984492204817,143300,384,8.341131979782795e-09,0.06694364761653859,0,0,,,,30,5
primary,2026-03-10,log_ridge_harq__B1,1.0,,,0.124524480058546,143300,384,8.341131979782795e-09,0.06694364761653859,0,0,,,,97,18
primary,2026-03-10,log_ridge_harq__B2,1.0,,,0.12464724284320117,143300,384,8.341131979782795e-09,0.06694364761653859,0,0,,,,157,84
primary,2026-03-11,lightgbm_qlike__B0,,40,15,0.13162055711548673,143684,,,,,,0,0,0,,
primary,2026-03-11,lightgbm_qlike__B1,,33,63,0.13115958124199079,143684,,,,,,0,0,0,,
primary,2026-03-11,lightgbm_qlike__B2,,30,63,0.13132252899815144,143684,,,,,,0,0,0,,
primary,2026-03-11,log_ridge_harq__B0,100.0,,,0.12681673034503307,143684,384,8.341131979782795e-09,0.06694364761653859,0,0,,,,30,5
primary,2026-03-11,log_ridge_harq__B1,100.0,,,0.13182302938171003,143684,384,8.341131979782795e-09,0.06694364761653859,0,0,,,,97,18
primary,2026-03-11,log_ridge_harq__B2,1.0,,,0.13215347174176317,143684,384,8.341131979782795e-09,0.06694364761653859,0,0,,,,157,84
primary,2026-03-12,lightgbm_qlike__B0,,30,15,0.13164570985537644,144068,,,,,,0,0,0,,
primary,2026-03-12,lightgbm_qlike__B1,,23,63,0.1304420494413624,144068,,,,,,0,0,0,,
primary,2026-03-12,lightgbm_qlike__B2,,26,63,0.13045989669761532,144068,,,,,,0,0,0,,
primary,2026-03-12,log_ridge_harq__B0,100.0,,,0.1321941153332831,144068,384,8.341131979782795e-09,0.06694364761653859,0,0,,,,30,5
primary,2026-03-12,log_ridge_harq__B1,100.0,,,0.13594853642262952,144068,384,8.341131979782795e-09,0.06694364761653859,0,0,,,,97,18
primary,2026-03-12,log_ridge_harq__B2,1.0,,,0.13617019700887495,144068,384,8.341131979782795e-09,0.06694364761653859,0,0,,,,157,84
primary,2026-03-13,lightgbm_qlike__B0,,22,15,0.12960115661714844,144452,,,,,,0,0,0,,
primary,2026-03-13,lightgbm_qlike__B1,,20,63,0.12765227979131957,144452,,,,,,0,0,0,,
primary,2026-03-13,lightgbm_qlike__B2,,21,63,0.12744861523014658,144452,,,,,,0,0,0,,
primary,2026-03-13,log_ridge_harq__B0,100.0,,,0.13170460746110374,144452,390,8.341131979782795e-09,0.06694364761653859,0,0,,,,30,5
primary,2026-03-13,log_ridge_harq__B1,1.0,,,0.1352780911403597,144452,390,8.341131979782795e-09,0.06694364761653859,0,0,,,,97,18
primary,2026-03-13,log_ridge_harq__B2,1.0,,,0.13530327579862894,144452,390,8.341131979782795e-09,0.06694364761653859,0,0,,,,157,84
primary,2026-03-16,lightgbm_qlike__B0,,24,15,0.13000616923534686,144842,,,,,,0,0,0,,
primary,2026-03-16,lightgbm_qlike__B1,,21,63,0.12786540106577413,144842,,,,,,0,0,0,,
primary,2026-03-16,lightgbm_qlike__B2,,20,31,0.1285230892702439,144842,,,,,,0,0,0,,
primary,2026-03-16,log_ridge_harq__B0,100.0,,,0.1315003826758869,144842,390,8.341131979782795e-09,0.06694364761653859,0,0,,,,30,5
primary,2026-03-16,log_ridge_harq__B1,100.0,,,0.1350514433142829,144842,390,8.341131979782795e-09,0.06694364761653859,0,0,,,,97,18
primary,2026-03-16,log_ridge_harq__B2,100.0,,,0.13506877937726597,144842,390,8.341131979782795e-09,0.06694364761653859,0,0,,,,157,84
primary,2026-03-17,lightgbm_qlike__B0,,15,15,0.18610977759471345,145232,,,,,,0,0,0,,
primary,2026-03-17,lightgbm_qlike__B1,,18,63,0.17981221682424656,145232,,,,,,0,0,0,,
primary,2026-03-17,lightgbm_qlike__B2,,16,63,0.17845811458319386,145232,,,,,,0,0,0,,
primary,2026-03-17,log_ridge_harq__B0,0.0001,,,0.20008607912696363,145232,390,8.341131979782795e-09,0.06694364761653859,0,0,,,,30,5
primary,2026-03-17,log_ridge_harq__B1,0.0001,,,0.20646105317678468,145232,390,8.341131979782795e-09,0.06694364761653859,0,0,,,,97,18
primary,2026-03-17,log_ridge_harq__B2,100.0,,,0.20535277361235002,145232,390,8.341131979782795e-09,0.06694364761653859,0,0,,,,157,84
primary,2026-03-18,lightgbm_qlike__B0,,17,31,0.19978568393647755,145622,,,,,,0,0,0,,
primary,2026-03-18,lightgbm_qlike__B1,,19,63,0.19231832140871624,145622,,,,,,0,0,0,,
primary,2026-03-18,lightgbm_qlike__B2,,17,63,0.1906879686328577,145622,,,,,,0,0,0,,
primary,2026-03-18,log_ridge_harq__B0,0.0001,,,0.21123124590710293,145622,390,8.341131979782795e-09,0.06694364761653859,0,0,,,,30,5
primary,2026-03-18,log_ridge_harq__B1,0.0001,,,0.21533527873665975,145622,390,8.341131979782795e-09,0.06694364761653859,0,0,,,,97,18
primary,2026-03-18,log_ridge_harq__B2,1.0,,,0.21498627076820304,145622,390,8.341131979782795e-09,0.06694364761653859,0,0,,,,157,84
primary,2026-03-19,lightgbm_qlike__B0,,17,31,0.19567340907949585,146012,,,,,,0,0,0,,
primary,2026-03-19,lightgbm_qlike__B1,,19,63,0.187655365124818,146012,,,,,,0,0,0,,
primary,2026-03-19,lightgbm_qlike__B2,,17,63,0.188159182192389,146012,,,,,,0,0,0,,
primary,2026-03-19,log_ridge_harq__B0,0.0001,,,0.20874602262062933,146012,390,8.341131979782795e-09,0.06694364761653859,0,0,,,,30,5
primary,2026-03-19,log_ridge_harq__B1,0.0001,,,0.21398394932245268,146012,390,8.341131979782795e-09,0.06694364761653859,0,0,,,,97,18
primary,2026-03-19,log_ridge_harq__B2,1.0,,,0.21395901467848724,146012,390,8.341131979782795e-09,0.06694364761653859,0,0,,,,157,84
primary,2026-03-20,lightgbm_qlike__B0,,15,31,0.20476275517780268,146402,,,,,,0,0,0,,
primary,2026-03-20,lightgbm_qlike__B1,,17,63,0.19877111368584202,146402,,,,,,0,0,0,,
primary,2026-03-20,lightgbm_qlike__B2,,18,63,0.19769443815349033,146402,,,,,,0,0,0,,
primary,2026-03-20,log_ridge_harq__B0,0.0001,,,0.22227959531404434,146402,390,8.341131979782795e-09,0.06694364761653859,0,0,,,,30,5
primary,2026-03-20,log_ridge_harq__B1,0.0001,,,0.225653017753693,146402,390,8.341131979782795e-09,0.06694364761653859,0,0,,,,97,18
primary,2026-03-20,log_ridge_harq__B2,1.0,,,0.22416771254346082,146402,390,8.341131979782795e-09,0.06694364761653859,0,0,,,,157,84
primary,2026-03-23,lightgbm_qlike__B0,,16,31,0.20942383436960083,146792,,,,,,0,0,0,,
primary,2026-03-23,lightgbm_qlike__B1,,18,63,0.20072564796712422,146792,,,,,,0,0,0,,
primary,2026-03-23,lightgbm_qlike__B2,,18,63,0.20427801765798023,146792,,,,,,0,0,0,,
primary,2026-03-23,log_ridge_harq__B0,0.0001,,,0.2255018000506212,146792,390,8.341131979782795e-09,0.06694364761653859,0,0,,,,30,5
primary,2026-03-23,log_ridge_harq__B1,0.0001,,,0.2288346912326328,146792,390,8.341131979782795e-09,0.06694364761653859,0,0,,,,97,18
primary,2026-03-23,log_ridge_harq__B2,1.0,,,0.2276794322128453,146792,390,8.341131979782795e-09,0.06694364761653859,0,0,,,,157,84
primary,2026-03-24,lightgbm_qlike__B0,,17,31,0.18525023734779697,147182,,,,,,0,0,0,,
primary,2026-03-24,lightgbm_qlike__B1,,22,63,0.17450152054727605,147182,,,,,,0,0,0,,
primary,2026-03-24,lightgbm_qlike__B2,,28,63,0.17792394967329217,147182,,,,,,0,0,0,,
primary,2026-03-24,log_ridge_harq__B0,0.0001,,,0.19509998569521442,147182,390,8.341131979782795e-09,0.06694364761653859,0,0,,,,30,5
primary,2026-03-24,log_ridge_harq__B1,0.0001,,,0.19571675977342484,147182,390,8.341131979782795e-09,0.06694364761653859,0,0,,,,97,18
primary,2026-03-24,log_ridge_harq__B2,1.0,,,0.19411750210197037,147182,390,8.341131979782795e-09,0.06694364761653859,0,0,,,,157,84
primary,2026-03-25,lightgbm_qlike__B0,,18,31,0.1886931755589491,147572,,,,,,0,0,0,,
primary,2026-03-25,lightgbm_qlike__B1,,275,63,0.1615028012649464,147572,,,,,,0,0,0,,
primary,2026-03-25,lightgbm_qlike__B2,,26,63,0.18190087530068053,147572,,,,,,0,0,0,,
primary,2026-03-25,log_ridge_harq__B0,0.0001,,,0.19317210055893824,147572,390,8.341131979782795e-09,0.06694364761653859,0,0,,,,30,5
primary,2026-03-25,log_ridge_harq__B1,0.0001,,,0.1926239049716953,147572,390,8.341131979782795e-09,0.06694364761653859,0,0,,,,97,18
primary,2026-03-25,log_ridge_harq__B2,1.0,,,0.19096628423663153,147572,390,8.341131979782795e-09,0.06694364761653859,0,0,,,,157,84
primary,2026-03-26,lightgbm_qlike__B0,,20,31,0.18943735505947648,147962,,,,,,0,0,0,,
primary,2026-03-26,lightgbm_qlike__B1,,358,31,0.16470414617727205,147962,,,,,,0,0,0,,
primary,2026-03-26,lightgbm_qlike__B2,,27,63,0.1832961114046513,147962,,,,,,0,0,0,,
primary,2026-03-26,log_ridge_harq__B0,0.0001,,,0.1959423521602059,147962,390,8.341131979782795e-09,0.06694364761653859,0,0,,,,30,5
primary,2026-03-26,log_ridge_harq__B1,0.0001,,,0.19557423902952,147962,390,8.341131979782795e-09,0.06694364761653859,0,0,,,,97,18
primary,2026-03-26,log_ridge_harq__B2,1.0,,,0.19350876842795334,147962,390,8.341131979782795e-09,0.06694364761653859,0,0,,,,157,84
primary,2026-03-27,lightgbm_qlike__B0,,21,31,0.19112838430301632,148352,,,,,,0,0,0,,
primary,2026-03-27,lightgbm_qlike__B1,,218,63,0.16034518438072753,148352,,,,,,0,0,0,,
primary,2026-03-27,lightgbm_qlike__B2,,136,63,0.1760451057080338,148352,,,,,,0,0,0,,
primary,2026-03-27,log_ridge_harq__B0,0.0001,,,0.1960372743951658,148352,390,8.341131979782795e-09,0.06694364761653859,0,0,,,,30,5
primary,2026-03-27,log_ridge_harq__B1,0.0001,,,0.19612128860045583,148352,390,8.341131979782795e-09,0.06694364761653859,0,0,,,,97,18
primary,2026-03-27,log_ridge_harq__B2,1.0,,,0.19511823688336544,148352,390,8.341131979782795e-09,0.06694364761653859,0,0,,,,157,84
primary,2026-03-30,lightgbm_qlike__B0,,21,31,0.19538365386191364,148742,,,,,,0,0,0,,
primary,2026-03-30,lightgbm_qlike__B1,,533,31,0.17404255386015335,148742,,,,,,0,0,0,,
primary,2026-03-30,lightgbm_qlike__B2,,31,63,0.18836186752771844,148742,,,,,,0,0,0,,
primary,2026-03-30,log_ridge_harq__B0,0.0001,,,0.19871583058447206,148742,390,8.341131979782795e-09,0.06694364761653859,0,0,,,,30,5
primary,2026-03-30,log_ridge_harq__B1,0.0001,,,0.1993321879713145,148742,390,8.341131979782795e-09,0.06694364761653859,0,0,,,,97,18
primary,2026-03-30,log_ridge_harq__B2,1.0,,,0.19931548453358233,148742,390,8.341131979782795e-09,0.06694364761653859,0,0,,,,157,84
primary,2026-03-31,lightgbm_qlike__B0,,36,63,0.12965770067879484,149132,,,,,,0,0,0,,
primary,2026-03-31,lightgbm_qlike__B1,,271,63,0.12841325398711134,149132,,,,,,0,0,0,,
primary,2026-03-31,lightgbm_qlike__B2,,54,63,0.13280880088879435,149132,,,,,,0,0,0,,
primary,2026-03-31,log_ridge_harq__B0,0.0001,,,0.1297544374887951,149132,390,8.341131979782795e-09,0.06694364761653859,0,0,,,,30,5
primary,2026-03-31,log_ridge_harq__B1,0.0001,,,0.12721653225528246,149132,390,8.341131979782795e-09,0.06694364761653859,0,0,,,,97,18
primary,2026-03-31,log_ridge_harq__B2,0.0001,,,0.12731809879482947,149132,390,8.341131979782795e-09,0.06694364761653859,0,0,,,,157,84
primary,2026-04-01,lightgbm_qlike__B0,,25,63,0.1434622376053618,149522,,,,,,0,0,0,,
primary,2026-04-01,lightgbm_qlike__B1,,126,63,0.1409392354121234,149522,,,,,,0,0,0,,
primary,2026-04-01,lightgbm_qlike__B2,,53,63,0.1404764472260578,149522,,,,,,0,0,0,,
primary,2026-04-01,log_ridge_harq__B0,0.0001,,,0.1458288785702447,149522,390,8.341131979782795e-09,0.06694364761653859,0,0,,,,30,5
primary,2026-04-01,log_ridge_harq__B1,0.0001,,,0.14327354092613,149522,390,8.341131979782795e-09,0.06694364761653859,0,0,,,,97,18
primary,2026-04-01,log_ridge_harq__B2,0.0001,,,0.14216667031149446,149522,390,8.341131979782795e-09,0.06694364761653859,0,0,,,,157,84
primary,2026-04-02,lightgbm_qlike__B0,,29,63,0.14230891913916538,149912,,,,,,0,0,0,,
primary,2026-04-02,lightgbm_qlike__B1,,62,63,0.13811208812187525,149912,,,,,,0,0,0,,
primary,2026-04-02,lightgbm_qlike__B2,,55,63,0.1389463940025626,149912,,,,,,0,0,0,,
primary,2026-04-02,log_ridge_harq__B0,0.0001,,,0.14392273910955866,149912,390,8.341131979782795e-09,0.06694364761653859,0,0,,,,30,5
primary,2026-04-02,log_ridge_harq__B1,0.0001,,,0.1413331809875104,149912,390,8.341131979782795e-09,0.06694364761653859,0,0,,,,97,18
primary,2026-04-02,log_ridge_harq__B2,0.0001,,,0.139748278586171,149912,390,8.341131979782795e-09,0.06694364761653859,0,0,,,,157,84
primary,2026-04-06,lightgbm_qlike__B0,,35,15,0.14987231284328043,150302,,,,,,0,0,0,,
primary,2026-04-06,lightgbm_qlike__B1,,441,63,0.14809338084826662,150302,,,,,,0,0,0,,
primary,2026-04-06,lightgbm_qlike__B2,,406,63,0.14687468661923836,150302,,,,,,0,0,0,,
primary,2026-04-06,log_ridge_harq__B0,0.0001,,,0.14615887847448236,150302,390,8.341131979782795e-09,0.06694364761653859,0,0,,,,30,5
primary,2026-04-06,log_ridge_harq__B1,0.0001,,,0.1440488757174771,150302,390,8.341131979782795e-09,0.06694364761653859,0,0,,,,97,18
primary,2026-04-06,log_ridge_harq__B2,1.0,,,0.14456456237181575,150302,390,8.341131979782795e-09,0.06694364761653859,0,0,,,,157,84
primary,2026-04-07,lightgbm_qlike__B0,,207,63,0.15286825894417397,150692,,,,,,0,0,0,,
primary,2026-04-07,lightgbm_qlike__B1,,201,63,0.1568865255411655,150692,,,,,,0,0,0,,
primary,2026-04-07,lightgbm_qlike__B2,,353,15,0.1554734299820528,150692,,,,,,0,0,0,,
primary,2026-04-07,log_ridge_harq__B0,0.0001,,,0.15175662517355537,150692,390,8.341131979782795e-09,0.06694364761653859,0,0,,,,30,5
primary,2026-04-07,log_ridge_harq__B1,0.0001,,,0.14866863802544256,150692,390,8.341131979782795e-09,0.06694364761653859,0,0,,,,97,18
primary,2026-04-07,log_ridge_harq__B2,1.0,,,0.1483918567493045,150692,390,8.341131979782795e-09,0.06694364761653859,0,0,,,,157,84
primary,2026-04-08,lightgbm_qlike__B0,,34,15,0.17529786836725758,151082,,,,,,0,0,0,,
primary,2026-04-08,lightgbm_qlike__B1,,473,63,0.16958531279909525,151082,,,,,,0,0,0,,
primary,2026-04-08,lightgbm_qlike__B2,,209,63,0.16966351780020372,151082,,,,,,0,0,0,,
primary,2026-04-08,log_ridge_harq__B0,100.0,,,0.17322177208769313,151082,390,8.341131979782795e-09,0.06694364761653859,0,0,,,,30,5
primary,2026-04-08,log_ridge_harq__B1,0.0001,,,0.16903840462955558,151082,390,8.341131979782795e-09,0.06694364761653859,0,0,,,,97,18
primary,2026-04-08,log_ridge_harq__B2,1.0,,,0.167912311964611,151082,390,8.341131979782795e-09,0.06694364761653859,0,0,,,,157,84
primary,2026-04-09,lightgbm_qlike__B0,,33,15,0.18436966261451584,151472,,,,,,0,0,0,,
primary,2026-04-09,lightgbm_qlike__B1,,391,31,0.1813719528783983,151472,,,,,,0,0,0,,
primary,2026-04-09,lightgbm_qlike__B2,,238,63,0.1774559891338674,151472,,,,,,0,0,0,,
primary,2026-04-09,log_ridge_harq__B0,100.0,,,0.18654208725941498,151472,390,8.341131979782795e-09,0.06694364761653859,0,0,,,,30,5
primary,2026-04-09,log_ridge_harq__B1,0.0001,,,0.18251209754152015,151472,390,8.341131979782795e-09,0.06694364761653859,0,0,,,,97,18
primary,2026-04-09,log_ridge_harq__B2,0.0001,,,0.18154571644735698,151472,390,8.341131979782795e-09,0.06694364761653859,0,0,,,,157,84
primary,2026-04-10,lightgbm_qlike__B0,,39,15,0.17738844058754685,151862,,,,,,0,0,0,,
primary,2026-04-10,lightgbm_qlike__B1,,172,63,0.17628315984533657,151862,,,,,,0,0,0,,
primary,2026-04-10,lightgbm_qlike__B2,,157,63,0.17475390102857588,151862,,,,,,0,0,0,,
primary,2026-04-10,log_ridge_harq__B0,100.0,,,0.1785722673527939,151862,390,8.341131979782795e-09,0.06694364761653859,0,0,,,,30,5
primary,2026-04-10,log_ridge_harq__B1,0.0001,,,0.17520389311116702,151862,390,8.341131979782795e-09,0.06694364761653859,0,0,,,,97,18
primary,2026-04-10,log_ridge_harq__B2,1.0,,,0.17457123467514343,151862,390,8.341131979782795e-09,0.06694364761653859,0,0,,,,157,84
primary,2026-04-13,lightgbm_qlike__B0,,44,15,0.17750751571250056,152252,,,,,,0,0,0,,
primary,2026-04-13,lightgbm_qlike__B1,,170,15,0.17271089062404613,152252,,,,,,0,0,0,,
primary,2026-04-13,lightgbm_qlike__B2,,182,31,0.17013199118130107,152252,,,,,,0,0,0,,
primary,2026-04-13,log_ridge_harq__B0,100.0,,,0.17761886643252256,152252,390,8.341131979782795e-09,0.06694364761653859,0,0,,,,30,5
primary,2026-04-13,log_ridge_harq__B1,100.0,,,0.1740595076329857,152252,390,8.341131979782795e-09,0.06694364761653859,0,0,,,,97,18
primary,2026-04-13,log_ridge_harq__B2,1.0,,,0.17306290829473575,152252,390,8.341131979782795e-09,0.06694364761653859,0,0,,,,157,84
primary,2026-04-14,lightgbm_qlike__B0,,91,31,0.1806781793311676,152642,,,,,,0,0,0,,
primary,2026-04-14,lightgbm_qlike__B1,,393,31,0.17607584605646107,152642,,,,,,0,0,0,,
primary,2026-04-14,lightgbm_qlike__B2,,221,63,0.1715025509756098,152642,,,,,,0,0,0,,
primary,2026-04-14,log_ridge_harq__B0,100.0,,,0.1815373385298317,152642,390,8.341131979782795e-09,0.06694364761653859,0,0,,,,30,5
primary,2026-04-14,log_ridge_harq__B1,100.0,,,0.1763992594357396,152642,390,8.341131979782795e-09,0.06694364761653859,0,0,,,,97,18
primary,2026-04-14,log_ridge_harq__B2,100.0,,,0.17437894728672038,152642,390,8.341131979782795e-09,0.06694364761653859,0,0,,,,157,84
primary,2026-04-15,lightgbm_qlike__B0,,181,31,0.18374385365735452,153032,,,,,,0,0,0,,
primary,2026-04-15,lightgbm_qlike__B1,,130,31,0.1792059170462449,153032,,,,,,0,0,0,,
primary,2026-04-15,lightgbm_qlike__B2,,305,15,0.1750953595532779,153032,,,,,,0,0,0,,
primary,2026-04-15,log_ridge_harq__B0,100.0,,,0.18582667341550238,153032,390,8.341131979782795e-09,0.06694364761653859,0,0,,,,30,5
primary,2026-04-15,log_ridge_harq__B1,100.0,,,0.1804390947955571,153032,390,8.341131979782795e-09,0.06694364761653859,0,0,,,,97,18
primary,2026-04-15,log_ridge_harq__B2,100.0,,,0.17821376882503878,153032,390,8.341131979782795e-09,0.06694364761653859,0,0,,,,157,84
primary,2026-04-16,lightgbm_qlike__B0,,138,63,0.16422629035600828,153422,,,,,,0,0,0,,
primary,2026-04-16,lightgbm_qlike__B1,,203,15,0.16233659242188964,153422,,,,,,0,0,0,,
primary,2026-04-16,lightgbm_qlike__B2,,219,15,0.16031791892314448,153422,,,,,,0,0,0,,
primary,2026-04-16,log_ridge_harq__B0,100.0,,,0.1681438033859012,153422,390,8.341131979782795e-09,0.06694364761653859,0,0,,,,30,5
primary,2026-04-16,log_ridge_harq__B1,1.0,,,0.16412199191973814,153422,390,8.341131979782795e-09,0.06694364761653859,0,0,,,,97,18
primary,2026-04-16,log_ridge_harq__B2,100.0,,,0.16163956756653935,153422,390,8.341131979782795e-09,0.06694364761653859,0,0,,,,157,84
primary,2026-04-17,lightgbm_qlike__B0,,144,15,0.17319560552314708,153812,,,,,,0,0,0,,
primary,2026-04-17,lightgbm_qlike__B1,,202,15,0.1709890217302538,153812,,,,,,0,0,0,,
primary,2026-04-17,lightgbm_qlike__B2,,249,31,0.16786800573406535,153812,,,,,,0,0,0,,
primary,2026-04-17,log_ridge_harq__B0,1.0,,,0.1756368596092578,153812,390,8.341131979782795e-09,0.06694364761653859,0,0,,,,30,5
primary,2026-04-17,log_ridge_harq__B1,1.0,,,0.17134938378869166,153812,390,8.341131979782795e-09,0.06694364761653859,0,0,,,,97,18
primary,2026-04-17,log_ridge_harq__B2,0.0001,,,0.16910960734254024,153812,390,8.341131979782795e-09,0.06694364761653859,0,0,,,,157,84
primary,2026-04-20,lightgbm_qlike__B0,,249,15,0.16130332360496413,154202,,,,,,0,0,0,,
primary,2026-04-20,lightgbm_qlike__B1,,273,15,0.1590991117841997,154202,,,,,,0,0,0,,
primary,2026-04-20,lightgbm_qlike__B2,,204,63,0.15657460006819007,154202,,,,,,0,0,0,,
primary,2026-04-20,log_ridge_harq__B0,100.0,,,0.167777105238555,154202,390,8.341131979782795e-09,0.06694364761653859,0,0,,,,30,5
primary,2026-04-20,log_ridge_harq__B1,100.0,,,0.16311947400096596,154202,390,8.341131979782795e-09,0.06694364761653859,0,0,,,,97,18
primary,2026-04-20,log_ridge_harq__B2,0.0001,,,0.16103794605911906,154202,390,8.341131979782795e-09,0.06694364761653859,0,0,,,,157,84
primary,2026-04-21,lightgbm_qlike__B0,,282,15,0.15621973739250017,154592,,,,,,0,0,0,,
primary,2026-04-21,lightgbm_qlike__B1,,133,63,0.15038575769795565,154592,,,,,,0,0,0,,
primary,2026-04-21,lightgbm_qlike__B2,,146,31,0.15064739487083678,154592,,,,,,0,0,0,,
primary,2026-04-21,log_ridge_harq__B0,100.0,,,0.16203376244063908,154592,390,8.341131979782795e-09,0.06694364761653859,0,0,,,,30,5
primary,2026-04-21,log_ridge_harq__B1,100.0,,,0.15677798329083775,154592,390,8.341131979782795e-09,0.06694364761653859,0,0,,,,97,18
primary,2026-04-21,log_ridge_harq__B2,0.0001,,,0.15493074845426524,154592,390,8.341131979782795e-09,0.06694364761653859,0,0,,,,157,84
primary,2026-04-22,lightgbm_qlike__B0,,210,31,0.13431960278406727,154982,,,,,,0,0,0,,
primary,2026-04-22,lightgbm_qlike__B1,,247,15,0.1346565263803306,154982,,,,,,0,0,0,,
primary,2026-04-22,lightgbm_qlike__B2,,351,15,0.1339919863744803,154982,,,,,,0,0,0,,
primary,2026-04-22,log_ridge_harq__B0,100.0,,,0.14201970018534282,154982,390,8.341131979782795e-09,0.06694364761653859,0,0,,,,30,5
primary,2026-04-22,log_ridge_harq__B1,0.0001,,,0.13827888220203516,154982,390,8.341131979782795e-09,0.06694364761653859,0,0,,,,97,18
primary,2026-04-22,log_ridge_harq__B2,0.0001,,,0.13696737025352815,154982,390,8.341131979782795e-09,0.06694364761653859,0,0,,,,157,84
primary,2026-04-23,lightgbm_qlike__B0,,543,15,0.11680854698286995,155372,,,,,,0,0,0,,
primary,2026-04-23,lightgbm_qlike__B1,,312,15,0.118169833944138,155372,,,,,,0,0,0,,
primary,2026-04-23,lightgbm_qlike__B2,,150,63,0.11747125806052358,155372,,,,,,0,0,0,,
primary,2026-04-23,log_ridge_harq__B0,100.0,,,0.12335922978172523,155372,390,8.341131979782795e-09,0.06694364761653859,0,0,,,,30,5
primary,2026-04-23,log_ridge_harq__B1,1.0,,,0.12001252812067534,155372,390,8.341131979782795e-09,0.06694364761653859,0,0,,,,97,18
primary,2026-04-23,log_ridge_harq__B2,0.0001,,,0.11825758258820776,155372,390,8.341131979782795e-09,0.06694364761653859,0,0,,,,157,84
primary,2026-04-24,lightgbm_qlike__B0,,375,31,0.13117639915950102,155762,,,,,,0,0,0,,
primary,2026-04-24,lightgbm_qlike__B1,,374,31,0.1307842498184856,155762,,,,,,0,0,0,,
primary,2026-04-24,lightgbm_qlike__B2,,277,63,0.12856573759938703,155762,,,,,,0,0,0,,
primary,2026-04-24,log_ridge_harq__B0,0.0001,,,0.13989205849332742,155762,390,8.341131979782795e-09,0.06694364761653859,0,0,,,,30,5
primary,2026-04-24,log_ridge_harq__B1,0.0001,,,0.13550859693666592,155762,390,8.341131979782795e-09,0.06694364761653859,0,0,,,,97,18
primary,2026-04-24,log_ridge_harq__B2,0.0001,,,0.13270215221996357,155762,390,8.341131979782795e-09,0.06694364761653859,0,0,,,,157,84
primary,2026-04-27,lightgbm_qlike__B0,,485,15,0.13480509044204567,156152,,,,,,0,0,0,,
primary,2026-04-27,lightgbm_qlike__B1,,696,15,0.13334810624547513,156152,,,,,,0,0,0,,
primary,2026-04-27,lightgbm_qlike__B2,,263,31,0.13249107803955484,156152,,,,,,0,0,0,,
primary,2026-04-27,log_ridge_harq__B0,0.0001,,,0.14251680674711956,156152,390,8.341131979782795e-09,0.06694364761653859,0,0,,,,30,5
primary,2026-04-27,log_ridge_harq__B1,0.0001,,,0.1387020084322286,156152,390,8.341131979782795e-09,0.06694364761653859,0,0,,,,97,18
primary,2026-04-27,log_ridge_harq__B2,0.0001,,,0.13515945725109754,156152,390,8.341131979782795e-09,0.06694364761653859,0,0,,,,157,84
primary,2026-04-28,lightgbm_qlike__B0,,391,31,0.13028295989127414,156542,,,,,,0,0,0,,
primary,2026-04-28,lightgbm_qlike__B1,,114,63,0.12958983013496023,156542,,,,,,0,0,0,,
primary,2026-04-28,lightgbm_qlike__B2,,257,31,0.1278179876760725,156542,,,,,,0,0,0,,
primary,2026-04-28,log_ridge_harq__B0,0.0001,,,0.13626354563068738,156542,390,8.341131979782795e-09,0.06694364761653859,0,0,,,,30,5
primary,2026-04-28,log_ridge_harq__B1,0.0001,,,0.13449631093335496,156542,390,8.341131979782795e-09,0.06694364761653859,0,0,,,,97,18
primary,2026-04-28,log_ridge_harq__B2,0.0001,,,0.130462711735495,156542,390,8.341131979782795e-09,0.06694364761653859,0,0,,,,157,84
primary,2026-04-29,lightgbm_qlike__B0,,342,31,0.12683816679464738,156932,,,,,,0,0,0,,
primary,2026-04-29,lightgbm_qlike__B1,,197,63,0.12727681321753248,156932,,,,,,0,0,0,,
primary,2026-04-29,lightgbm_qlike__B2,,230,63,0.1262426942964155,156932,,,,,,0,0,0,,
primary,2026-04-29,log_ridge_harq__B0,0.0001,,,0.1327960690571683,156932,390,8.341131979782795e-09,0.06694364761653859,0,0,,,,30,5
primary,2026-04-29,log_ridge_harq__B1,0.0001,,,0.1328572088438103,156932,390,8.341131979782795e-09,0.06694364761653859,0,0,,,,97,18
primary,2026-04-29,log_ridge_harq__B2,0.0001,,,0.12857481987172764,156932,390,8.341131979782795e-09,0.06694364761653859,0,0,,,,157,84
primary,2026-04-30,lightgbm_qlike__B0,,239,63,0.11765833333457225,157322,,,,,,0,0,0,,
primary,2026-04-30,lightgbm_qlike__B1,,307,31,0.11985246582559268,157322,,,,,,0,0,0,,
primary,2026-04-30,lightgbm_qlike__B2,,206,63,0.11881251744104741,157322,,,,,,0,0,0,,
primary,2026-04-30,log_ridge_harq__B0,0.0001,,,0.12363611082835138,157322,390,8.341131979782795e-09,0.06694364761653859,0,0,,,,30,5
primary,2026-04-30,log_ridge_harq__B1,0.0001,,,0.12448155114677498,157322,390,8.341131979782795e-09,0.06694364761653859,0,0,,,,97,18
primary,2026-04-30,log_ridge_harq__B2,0.0001,,,0.12076292864520263,157322,390,8.341131979782795e-09,0.06694364761653859,0,0,,,,157,84
primary,2026-05-01,lightgbm_qlike__B0,,240,63,0.11519480806399802,157712,,,,,,0,0,0,,
primary,2026-05-01,lightgbm_qlike__B1,,529,15,0.1194641276448967,157712,,,,,,0,0,0,,
primary,2026-05-01,lightgbm_qlike__B2,,370,15,0.11738330421652707,157712,,,,,,0,0,0,,
primary,2026-05-01,log_ridge_harq__B0,1.0,,,0.12297001253938714,157712,390,8.341131979782795e-09,0.06694364761653859,0,0,,,,30,5
primary,2026-05-01,log_ridge_harq__B1,0.0001,,,0.12417292288166686,157712,390,8.341131979782795e-09,0.06694364761653859,0,0,,,,97,18
primary,2026-05-01,log_ridge_harq__B2,0.0001,,,0.11998385010669577,157712,390,8.341131979782795e-09,0.06694364761653859,0,0,,,,157,84
primary,2026-05-04,lightgbm_qlike__B0,,150,63,0.10638557331204646,158102,,,,,,0,0,0,,
primary,2026-05-04,lightgbm_qlike__B1,,327,15,0.10828024104004959,158102,,,,,,0,0,0,,
primary,2026-05-04,lightgbm_qlike__B2,,150,63,0.10622472559040848,158102,,,,,,0,0,0,,
primary,2026-05-04,log_ridge_harq__B0,1.0,,,0.11358186359615804,158102,390,8.341131979782795e-09,0.06694364761653859,0,0,,,,30,5
primary,2026-05-04,log_ridge_harq__B1,0.0001,,,0.1141279550260468,158102,390,8.341131979782795e-09,0.06694364761653859,0,0,,,,97,18
primary,2026-05-04,log_ridge_harq__B2,0.0001,,,0.1097000733043115,158102,390,8.341131979782795e-09,0.06694364761653859,0,0,,,,157,84
primary,2026-05-05,lightgbm_qlike__B0,,201,63,0.11250513862484254,158492,,,,,,0,0,0,,
primary,2026-05-05,lightgbm_qlike__B1,,183,63,0.1117806747497027,158492,,,,,,0,0,0,,
primary,2026-05-05,lightgbm_qlike__B2,,152,63,0.10961180050847401,158492,,,,,,0,0,0,,
primary,2026-05-05,log_ridge_harq__B0,100.0,,,0.11849976349484181,158492,390,8.341131979782795e-09,0.06694364761653859,0,0,,,,30,5
primary,2026-05-05,log_ridge_harq__B1,100.0,,,0.12006665636304739,158492,390,8.341131979782795e-09,0.06694364761653859,0,0,,,,97,18
primary,2026-05-05,log_ridge_harq__B2,0.0001,,,0.11587014659411465,158492,390,8.341131979782795e-09,0.06694364761653859,0,0,,,,157,84
primary,2026-05-06,lightgbm_qlike__B0,,194,63,0.11636988425206933,158882,,,,,,0,0,0,,
primary,2026-05-06,lightgbm_qlike__B1,,126,63,0.11709988038654906,158882,,,,,,0,0,0,,
primary,2026-05-06,lightgbm_qlike__B2,,260,31,0.1135741992342724,158882,,,,,,0,0,0,,
primary,2026-05-06,log_ridge_harq__B0,100.0,,,0.12179000727712433,158882,390,8.341131979782795e-09,0.06694364761653859,0,0,,,,30,5
primary,2026-05-06,log_ridge_harq__B1,100.0,,,0.1227815045149537,158882,390,8.341131979782795e-09,0.06694364761653859,0,0,,,,97,18
primary,2026-05-06,log_ridge_harq__B2,0.0001,,,0.11851847972997036,158882,390,8.341131979782795e-09,0.06694364761653859,0,0,,,,157,84
primary,2026-05-07,lightgbm_qlike__B0,,264,31,0.12069674224115667,159272,,,,,,0,0,0,,
primary,2026-05-07,lightgbm_qlike__B1,,319,15,0.12082674214497209,159272,,,,,,0,0,0,,
primary,2026-05-07,lightgbm_qlike__B2,,461,15,0.11687734843506244,159272,,,,,,0,0,0,,
primary,2026-05-07,log_ridge_harq__B0,100.0,,,0.12691723398145321,159272,390,8.341131979782795e-09,0.06694364761653859,0,0,,,,30,5
primary,2026-05-07,log_ridge_harq__B1,0.0001,,,0.12770498192477264,159272,390,8.341131979782795e-09,0.06694364761653859,0,0,,,,97,18
primary,2026-05-07,log_ridge_harq__B2,0.0001,,,0.12354525346448206,159272,390,8.341131979782795e-09,0.06694364761653859,0,0,,,,157,84
primary,2026-05-08,lightgbm_qlike__B0,,126,31,0.10785102108543503,159662,,,,,,0,0,0,,
primary,2026-05-08,lightgbm_qlike__B1,,303,15,0.10820273339315967,159662,,,,,,0,0,0,,
primary,2026-05-08,lightgbm_qlike__B2,,187,15,0.10763836437951016,159662,,,,,,0,0,0,,
primary,2026-05-08,log_ridge_harq__B0,100.0,,,0.11133881326370068,159662,390,8.341131979782795e-09,0.06694364761653859,0,0,,,,30,5
primary,2026-05-08,log_ridge_harq__B1,100.0,,,0.11301961513417946,159662,390,8.341131979782795e-09,0.06694364761653859,0,0,,,,97,18
primary,2026-05-08,log_ridge_harq__B2,0.0001,,,0.11021282010426367,159662,390,8.341131979782795e-09,0.06694364761653859,0,0,,,,157,84
primary,2026-05-11,lightgbm_qlike__B0,,174,63,0.10483398923577644,160052,,,,,,0,0,0,,
primary,2026-05-11,lightgbm_qlike__B1,,103,63,0.10522176596931117,160052,,,,,,0,0,0,,
primary,2026-05-11,lightgbm_qlike__B2,,326,15,0.10360664860078209,160052,,,,,,0,0,0,,
primary,2026-05-11,log_ridge_harq__B0,100.0,,,0.10870812561187122,160052,390,8.341131979782795e-09,0.06694364761653859,0,0,,,,30,5
primary,2026-05-11,log_ridge_harq__B1,0.0001,,,0.1089266715444989,160052,390,8.341131979782795e-09,0.06694364761653859,0,0,,,,97,18
primary,2026-05-11,log_ridge_harq__B2,0.0001,,,0.10620318038109411,160052,390,8.341131979782795e-09,0.06694364761653859,0,0,,,,157,84
primary,2026-05-12,lightgbm_qlike__B0,,258,31,0.10821693448328636,160442,,,,,,0,0,0,,
primary,2026-05-12,lightgbm_qlike__B1,,218,15,0.10853584148606787,160442,,,,,,0,0,0,,
primary,2026-05-12,lightgbm_qlike__B2,,184,31,0.10719356395665444,160442,,,,,,0,0,0,,
primary,2026-05-12,log_ridge_harq__B0,0.0001,,,0.11292542644064345,160442,390,8.341131979782795e-09,0.06694364761653859,0,0,,,,30,5
primary,2026-05-12,log_ridge_harq__B1,0.0001,,,0.11287452153226156,160442,390,8.341131979782795e-09,0.06694364761653859,0,0,,,,97,18
primary,2026-05-12,log_ridge_harq__B2,0.0001,,,0.1113308729533616,160442,390,8.341131979782795e-09,0.06694364761653859,0,0,,,,157,84
primary,2026-05-13,lightgbm_qlike__B0,,264,15,0.1051921225448349,160832,,,,,,0,0,0,,
primary,2026-05-13,lightgbm_qlike__B1,,168,31,0.1041450741955463,160832,,,,,,0,0,0,,
primary,2026-05-13,lightgbm_qlike__B2,,120,31,0.10291528352841836,160832,,,,,,0,0,0,,
primary,2026-05-13,log_ridge_harq__B0,0.0001,,,0.10912735315657943,160832,390,8.341131979782795e-09,0.06694364761653859,0,0,,,,30,5
primary,2026-05-13,log_ridge_harq__B1,0.0001,,,0.10788469268849685,160832,390,8.341131979782795e-09,0.06694364761653859,0,0,,,,97,18
primary,2026-05-13,log_ridge_harq__B2,1.0,,,0.10675069337143714,160832,390,8.341131979782795e-09,0.06694364761653859,0,0,,,,157,84
primary,2026-05-14,lightgbm_qlike__B0,,128,63,0.10738887104737975,161222,,,,,,0,0,0,,
primary,2026-05-14,lightgbm_qlike__B1,,181,31,0.10523458053667056,161222,,,,,,0,0,0,,
primary,2026-05-14,lightgbm_qlike__B2,,217,15,0.10434345482381577,161222,,,,,,0,0,0,,
primary,2026-05-14,log_ridge_harq__B0,0.0001,,,0.11036008619497265,161222,390,8.341131979782795e-09,0.06694364761653859,0,0,,,,30,5
primary,2026-05-14,log_ridge_harq__B1,0.0001,,,0.10800320623222362,161222,390,8.341131979782795e-09,0.06694364761653859,0,0,,,,97,18
primary,2026-05-14,log_ridge_harq__B2,100.0,,,0.10700169657879517,161222,390,8.341131979782795e-09,0.06694364761653859,0,0,,,,157,84
primary,2026-05-15,lightgbm_qlike__B0,,258,15,0.11032373151390795,161612,,,,,,0,0,0,,
primary,2026-05-15,lightgbm_qlike__B1,,188,31,0.10814281856709518,161612,,,,,,0,0,0,,
primary,2026-05-15,lightgbm_qlike__B2,,124,31,0.10767164080903666,161612,,,,,,0,0,0,,
primary,2026-05-15,log_ridge_harq__B0,0.0001,,,0.11401591405007935,161612,390,8.341131979782795e-09,0.06694364761653859,0,0,,,,30,5
primary,2026-05-15,log_ridge_harq__B1,0.0001,,,0.11158466987996363,161612,390,8.341131979782795e-09,0.06694364761653859,0,0,,,,97,18
primary,2026-05-15,log_ridge_harq__B2,100.0,,,0.11101968721246384,161612,390,8.341131979782795e-09,0.06694364761653859,0,0,,,,157,84
primary,2026-05-18,lightgbm_qlike__B0,,240,31,0.10969234655833213,162002,,,,,,0,0,0,,
primary,2026-05-18,lightgbm_qlike__B1,,347,31,0.1075532203943738,162002,,,,,,0,0,0,,
primary,2026-05-18,lightgbm_qlike__B2,,160,31,0.1075633834462578,162002,,,,,,0,0,0,,
primary,2026-05-18,log_ridge_harq__B0,0.0001,,,0.11279252143538052,162002,390,8.341131979782795e-09,0.06694364761653859,0,0,,,,30,5
primary,2026-05-18,log_ridge_harq__B1,0.0001,,,0.11125906213364774,162002,390,8.341131979782795e-09,0.06694364761653859,0,0,,,,97,18
primary,2026-05-18,log_ridge_harq__B2,100.0,,,0.1105503056154213,162002,390,8.341131979782795e-09,0.06694364761653859,0,0,,,,157,84
primary,2026-05-19,lightgbm_qlike__B0,,216,15,0.126999546501563,162392,,,,,,0,0,0,,
primary,2026-05-19,lightgbm_qlike__B1,,91,63,0.12782749699985244,162392,,,,,,0,0,0,,
primary,2026-05-19,lightgbm_qlike__B2,,62,15,0.12670998899093708,162392,,,,,,0,0,0,,
primary,2026-05-19,log_ridge_harq__B0,0.0001,,,0.12239336786839461,162392,390,8.341131979782795e-09,0.06694364761653859,0,0,,,,30,5
primary,2026-05-19,log_ridge_harq__B1,0.0001,,,0.12500122916569634,162392,390,8.341131979782795e-09,0.06694364761653859,0,0,,,,97,18
primary,2026-05-19,log_ridge_harq__B2,100.0,,,0.12590825929142688,162392,390,8.341131979782795e-09,0.06694364761653859,0,0,,,,157,84
primary,2026-05-20,lightgbm_qlike__B0,,184,15,0.12176705131300314,162782,,,,,,0,0,0,,
primary,2026-05-20,lightgbm_qlike__B1,,52,15,0.12161988736356961,162782,,,,,,0,0,0,,
primary,2026-05-20,lightgbm_qlike__B2,,56,15,0.12031941036081342,162782,,,,,,0,0,0,,
primary,2026-05-20,log_ridge_harq__B0,0.0001,,,0.11788550860183127,162782,390,8.341131979782795e-09,0.06694364761653859,0,0,,,,30,5
primary,2026-05-20,log_ridge_harq__B1,0.0001,,,0.12006078582224874,162782,390,8.341131979782795e-09,0.06694364761653859,0,0,,,,97,18
primary,2026-05-20,log_ridge_harq__B2,100.0,,,0.12130954112457763,162782,390,8.341131979782795e-09,0.06694364761653859,0,0,,,,157,84
primary,2026-05-21,lightgbm_qlike__B0,,101,63,0.12455602509965699,163172,,,,,,0,0,0,,
primary,2026-05-21,lightgbm_qlike__B1,,197,31,0.12262098941643935,163172,,,,,,0,0,0,,
primary,2026-05-21,lightgbm_qlike__B2,,54,63,0.12203500465907262,163172,,,,,,0,0,0,,
primary,2026-05-21,log_ridge_harq__B0,0.0001,,,0.11986503723491557,163172,390,8.341131979782795e-09,0.06694364761653859,0,0,,,,30,5
primary,2026-05-21,log_ridge_harq__B1,0.0001,,,0.12138938538374282,163172,390,8.341131979782795e-09,0.06694364761653859,0,0,,,,97,18
primary,2026-05-21,log_ridge_harq__B2,100.0,,,0.12223204217268442,163172,390,8.341131979782795e-09,0.06694364761653859,0,0,,,,157,84
primary,2026-05-22,lightgbm_qlike__B0,,238,15,0.13355436561121153,163562,,,,,,0,0,0,,
primary,2026-05-22,lightgbm_qlike__B1,,51,15,0.13311522152026187,163562,,,,,,0,0,0,,
primary,2026-05-22,lightgbm_qlike__B2,,52,31,0.13197910155872405,163562,,,,,,0,0,0,,
primary,2026-05-22,log_ridge_harq__B0,0.0001,,,0.13067764709462618,163562,390,8.341131979782795e-09,0.06694364761653859,0,0,,,,30,5
primary,2026-05-22,log_ridge_harq__B1,0.0001,,,0.13142756535416775,163562,390,8.341131979782795e-09,0.06694364761653859,0,0,,,,97,18
primary,2026-05-22,log_ridge_harq__B2,10000.0,,,0.13121308943223822,163562,390,8.341131979782795e-09,0.06694364761653859,0,0,,,,157,84
primary,2026-05-26,lightgbm_qlike__B0,,66,63,0.13722652817038303,163952,,,,,,0,0,0,,
primary,2026-05-26,lightgbm_qlike__B1,,47,63,0.13515851572382936,163952,,,,,,0,0,0,,
primary,2026-05-26,lightgbm_qlike__B2,,45,15,0.13479808264130466,163952,,,,,,0,0,0,,
primary,2026-05-26,log_ridge_harq__B0,0.0001,,,0.13461168608109692,163952,390,8.341131979782795e-09,0.06694364761653859,0,0,,,,30,5
primary,2026-05-26,log_ridge_harq__B1,10000.0,,,0.1347192974478175,163952,390,8.341131979782795e-09,0.06694364761653859,0,0,,,,97,18
primary,2026-05-26,log_ridge_harq__B2,10000.0,,,0.13402729605580993,163952,390,8.341131979782795e-09,0.06694364761653859,0,0,,,,157,84
primary,2026-05-27,lightgbm_qlike__B0,,49,63,0.12919293310781294,164342,,,,,,0,0,0,,
primary,2026-05-27,lightgbm_qlike__B1,,45,63,0.12829574822050324,164342,,,,,,0,0,0,,
primary,2026-05-27,lightgbm_qlike__B2,,45,63,0.1277215520220211,164342,,,,,,0,0,0,,
primary,2026-05-27,log_ridge_harq__B0,100.0,,,0.127378071446726,164342,390,8.341131979782795e-09,0.06694364761653859,0,0,,,,30,5
primary,2026-05-27,log_ridge_harq__B1,10000.0,,,0.12662621405191085,164342,390,8.341131979782795e-09,0.06694364761653859,0,0,,,,97,18
primary,2026-05-27,log_ridge_harq__B2,10000.0,,,0.12547298101071377,164342,390,8.341131979782795e-09,0.06694364761653859,0,0,,,,157,84
primary,2026-05-28,lightgbm_qlike__B0,,140,31,0.16099278456923702,164732,,,,,,0,0,0,,
primary,2026-05-28,lightgbm_qlike__B1,,38,63,0.15965434889836233,164732,,,,,,0,0,0,,
primary,2026-05-28,lightgbm_qlike__B2,,35,63,0.16111953058511674,164732,,,,,,0,0,0,,
primary,2026-05-28,log_ridge_harq__B0,10000.0,,,0.16417940685425328,164732,390,8.341131979782795e-09,0.06694364761653859,0,0,,,,30,5
primary,2026-05-28,log_ridge_harq__B1,10000.0,,,0.16464444183556867,164732,390,8.341131979782795e-09,0.06694364761653859,0,0,,,,97,18
primary,2026-05-28,log_ridge_harq__B2,10000.0,,,0.16287820870777708,164732,390,8.341131979782795e-09,0.06694364761653859,0,0,,,,157,84
primary,2026-05-29,lightgbm_qlike__B0,,77,31,0.16047646666322896,165122,,,,,,0,0,0,,
primary,2026-05-29,lightgbm_qlike__B1,,36,31,0.16014626333066181,165122,,,,,,0,0,0,,
primary,2026-05-29,lightgbm_qlike__B2,,38,31,0.1607796122883965,165122,,,,,,0,0,0,,
primary,2026-05-29,log_ridge_harq__B0,10000.0,,,0.16552956124256274,165122,390,8.341131979782795e-09,0.06694364761653859,0,0,,,,30,5
primary,2026-05-29,log_ridge_harq__B1,10000.0,,,0.1660648607178351,165122,390,8.341131979782795e-09,0.06694364761653859,0,0,,,,97,18
primary,2026-05-29,log_ridge_harq__B2,10000.0,,,0.16448306492398299,165122,390,8.341131979782795e-09,0.06694364761653859,0,0,,,,157,84
primary,2026-06-01,lightgbm_qlike__B0,,46,63,0.1611046419821808,165512,,,,,,0,0,0,,
primary,2026-06-01,lightgbm_qlike__B1,,36,31,0.1646028020648541,165512,,,,,,0,0,0,,
primary,2026-06-01,lightgbm_qlike__B2,,34,63,0.1610861289898664,165512,,,,,,0,0,0,,
primary,2026-06-01,log_ridge_harq__B0,0.0001,,,0.17171741047463457,165512,390,8.341131979782795e-09,0.06694364761653859,0,0,,,,30,5
primary,2026-06-01,log_ridge_harq__B1,10000.0,,,0.17399939663861635,165512,390,8.341131979782795e-09,0.06694364761653859,0,0,,,,97,18
primary,2026-06-01,log_ridge_harq__B2,10000.0,,,0.1716272928605416,165512,390,8.341131979782795e-09,0.06694364761653859,0,0,,,,157,84
primary,2026-06-02,lightgbm_qlike__B0,,44,63,0.16495159454287733,165902,,,,,,0,0,0,,
primary,2026-06-02,lightgbm_qlike__B1,,34,63,0.16578256623210932,165902,,,,,,0,0,0,,
primary,2026-06-02,lightgbm_qlike__B2,,34,63,0.16500314145623568,165902,,,,,,0,0,0,,
primary,2026-06-02,log_ridge_harq__B0,100.0,,,0.17340219943889154,165902,390,8.341131979782795e-09,0.06694364761653859,0,0,,,,30,5
primary,2026-06-02,log_ridge_harq__B1,10000.0,,,0.17650193670359773,165902,390,8.341131979782795e-09,0.06694364761653859,0,0,,,,97,18
primary,2026-06-02,log_ridge_harq__B2,10000.0,,,0.17414760750762404,165902,390,8.341131979782795e-09,0.06694364761653859,0,0,,,,157,84
primary,2026-06-03,lightgbm_qlike__B0,,163,63,0.1457443088105971,166292,,,,,,0,0,0,,
primary,2026-06-03,lightgbm_qlike__B1,,40,63,0.14883956419306155,166292,,,,,,0,0,0,,
primary,2026-06-03,lightgbm_qlike__B2,,456,15,0.14631244648469185,166292,,,,,,0,0,0,,
primary,2026-06-03,log_ridge_harq__B0,100.0,,,0.15972560468417973,166292,390,8.341131979782795e-09,0.06694364761653859,0,0,,,,30,5
primary,2026-06-03,log_ridge_harq__B1,10000.0,,,0.15991094285638044,166292,390,8.341131979782795e-09,0.06694364761653859,0,0,,,,97,18
primary,2026-06-03,log_ridge_harq__B2,10000.0,,,0.15601903414442408,166292,390,8.341131979782795e-09,0.06694364761653859,0,0,,,,157,84
primary,2026-06-04,lightgbm_qlike__B0,,152,63,0.14747976356201642,166682,,,,,,0,0,0,,
primary,2026-06-04,lightgbm_qlike__B1,,46,31,0.15093154926500935,166682,,,,,,0,0,0,,
primary,2026-06-04,lightgbm_qlike__B2,,174,31,0.14722416036617014,166682,,,,,,0,0,0,,
primary,2026-06-04,log_ridge_harq__B0,0.0001,,,0.16012182932514155,166682,390,8.341131979782795e-09,0.06694364761653859,0,0,,,,30,5
primary,2026-06-04,log_ridge_harq__B1,0.0001,,,0.161047537953185,166682,390,8.341131979782795e-09,0.06694364761653859,0,0,,,,97,18
primary,2026-06-04,log_ridge_harq__B2,10000.0,,,0.15742053186711688,166682,390,8.341131979782795e-09,0.06694364761653859,0,0,,,,157,84
primary,2026-06-05,lightgbm_qlike__B0,,142,31,0.1448529248898441,167072,,,,,,0,0,0,,
primary,2026-06-05,lightgbm_qlike__B1,,43,63,0.1461652296015266,167072,,,,,,0,0,0,,
primary,2026-06-05,lightgbm_qlike__B2,,48,63,0.1437682841850379,167072,,,,,,0,0,0,,
primary,2026-06-05,log_ridge_harq__B0,100.0,,,0.15561740757306528,167072,390,8.341131979782795e-09,0.06694364761653859,0,0,,,,30,5
primary,2026-06-05,log_ridge_harq__B1,0.0001,,,0.15718731376584796,167072,390,8.341131979782795e-09,0.06694364761653859,0,0,,,,97,18
primary,2026-06-05,log_ridge_harq__B2,10000.0,,,0.15370925495727242,167072,390,8.341131979782795e-09,0.06694364761653859,0,0,,,,157,84
primary,2026-06-08,lightgbm_qlike__B0,,33,63,0.20601616400949618,167462,,,,,,0,0,0,,
primary,2026-06-08,lightgbm_qlike__B1,,41,15,0.21196374655616435,167462,,,,,,0,0,0,,
primary,2026-06-08,lightgbm_qlike__B2,,31,63,0.2073593184041757,167462,,,,,,0,0,0,,
primary,2026-06-08,log_ridge_harq__B0,10000.0,,,0.21647692069936722,167462,390,8.341131979782795e-09,0.06694364761653859,0,0,,,,30,5
primary,2026-06-08,log_ridge_harq__B1,10000.0,,,0.22245131332072657,167462,390,8.341131979782795e-09,0.06694364761653859,0,0,,,,97,18
primary,2026-06-08,log_ridge_harq__B2,10000.0,,,0.22197216272633663,167462,390,8.341131979782795e-09,0.06694364761653859,0,0,,,,157,84
primary,2026-06-09,lightgbm_qlike__B0,,33,63,0.22091180422625228,167852,,,,,,0,0,0,,
primary,2026-06-09,lightgbm_qlike__B1,,28,63,0.2276945793601885,167852,,,,,,0,0,0,,
primary,2026-06-09,lightgbm_qlike__B2,,30,63,0.22578101434478737,167852,,,,,,0,0,0,,
primary,2026-06-09,log_ridge_harq__B0,10000.0,,,0.23468678337516086,167852,390,8.341131979782795e-09,0.06694364761653859,0,0,,,,30,5
primary,2026-06-09,log_ridge_harq__B1,10000.0,,,0.24263682119878305,167852,390,8.341131979782795e-09,0.06694364761653859,0,0,,,,97,18
primary,2026-06-09,log_ridge_harq__B2,10000.0,,,0.2438762153698349,167852,390,8.341131979782795e-09,0.06694364761653859,0,0,,,,157,84
primary,2026-06-10,lightgbm_qlike__B0,,45,63,0.23265620274478788,168242,,,,,,0,0,0,,
primary,2026-06-10,lightgbm_qlike__B1,,41,63,0.24064305460973268,168242,,,,,,0,0,0,,
primary,2026-06-10,lightgbm_qlike__B2,,39,63,0.23851091148654024,168242,,,,,,0,0,0,,
primary,2026-06-10,log_ridge_harq__B0,10000.0,,,0.24081162819863672,168242,390,8.341131979782795e-09,0.06694364761653859,0,0,,,,30,5
primary,2026-06-10,log_ridge_harq__B1,10000.0,,,0.2491467193446119,168242,390,8.341131979782795e-09,0.06694364761653859,0,0,,,,97,18
primary,2026-06-10,log_ridge_harq__B2,10000.0,,,0.25038486481039274,168242,390,8.341131979782795e-09,0.06694364761653859,0,0,,,,157,84
primary,2026-06-11,lightgbm_qlike__B0,,45,63,0.20551026080857052,168632,,,,,,0,0,0,,
primary,2026-06-11,lightgbm_qlike__B1,,94,15,0.2112683830736203,168632,,,,,,0,0,0,,
primary,2026-06-11,lightgbm_qlike__B2,,95,15,0.2099047879553834,168632,,,,,,0,0,0,,
primary,2026-06-11,log_ridge_harq__B0,10000.0,,,0.2089386752217039,168632,390,8.341131979782795e-09,0.06694364761653859,0,0,,,,30,5
primary,2026-06-11,log_ridge_harq__B1,10000.0,,,0.2148480541335326,168632,390,8.341131979782795e-09,0.06694364761653859,0,0,,,,97,18
primary,2026-06-11,log_ridge_harq__B2,10000.0,,,0.2173495308369439,168632,390,8.341131979782795e-09,0.06694364761653859,0,0,,,,157,84
primary,2026-06-12,lightgbm_qlike__B0,,47,63,0.24892748819563218,169022,,,,,,0,0,0,,
primary,2026-06-12,lightgbm_qlike__B1,,130,15,0.25627980806259437,169022,,,,,,0,0,0,,
primary,2026-06-12,lightgbm_qlike__B2,,95,15,0.2545517984092336,169022,,,,,,0,0,0,,
primary,2026-06-12,log_ridge_harq__B0,10000.0,,,0.24721943741296587,169022,390,8.341131979782795e-09,0.06694364761653859,0,0,,,,30,5
primary,2026-06-12,log_ridge_harq__B1,10000.0,,,0.25224414741263335,169022,390,8.341131979782795e-09,0.06694364761653859,0,0,,,,97,18
primary,2026-06-12,log_ridge_harq__B2,100.0,,,0.25162585542336924,169022,390,8.341131979782795e-09,0.06694364761653859,0,0,,,,157,84
primary,2026-06-15,lightgbm_qlike__B0,,48,63,0.24194012978682755,169412,,,,,,0,0,0,,
primary,2026-06-15,lightgbm_qlike__B1,,125,15,0.24715447194120652,169412,,,,,,0,0,0,,
primary,2026-06-15,lightgbm_qlike__B2,,112,15,0.24646785617855738,169412,,,,,,0,0,0,,
primary,2026-06-15,log_ridge_harq__B0,10000.0,,,0.23690591675604358,169412,390,8.341131979782795e-09,0.06694364761653859,0,0,,,,30,5
primary,2026-06-15,log_ridge_harq__B1,10000.0,,,0.23998764451180277,169412,390,8.341131979782795e-09,0.06694364761653859,0,0,,,,97,18
primary,2026-06-15,log_ridge_harq__B2,10000.0,,,0.2405743890455315,169412,390,8.341131979782795e-09,0.06694364761653859,0,0,,,,157,84
primary,2026-06-16,lightgbm_qlike__B0,,119,15,0.24199056234131738,169802,,,,,,0,0,0,,
primary,2026-06-16,lightgbm_qlike__B1,,150,15,0.24400134028258225,169802,,,,,,0,0,0,,
primary,2026-06-16,lightgbm_qlike__B2,,119,15,0.24567190530987135,169802,,,,,,0,0,0,,
primary,2026-06-16,log_ridge_harq__B0,10000.0,,,0.23797197865813674,169802,390,8.341131979782795e-09,0.06694364761653859,0,0,,,,30,5
primary,2026-06-16,log_ridge_harq__B1,10000.0,,,0.2388239100827425,169802,390,8.341131979782795e-09,0.06694364761653859,0,0,,,,97,18
primary,2026-06-16,log_ridge_harq__B2,100.0,,,0.23945609060061246,169802,390,8.341131979782795e-09,0.06694364761653859,0,0,,,,157,84
primary,2026-06-17,lightgbm_qlike__B0,,72,31,0.2428762520320198,170192,,,,,,0,0,0,,
primary,2026-06-17,lightgbm_qlike__B1,,117,15,0.24548968309550329,170192,,,,,,0,0,0,,
primary,2026-06-17,lightgbm_qlike__B2,,126,15,0.24550750302537144,170192,,,,,,0,0,0,,
primary,2026-06-17,log_ridge_harq__B0,10000.0,,,0.2378431215357944,170192,390,8.341131979782795e-09,0.06694364761653859,0,0,,,,30,5
primary,2026-06-17,log_ridge_harq__B1,10000.0,,,0.23881593434816004,170192,390,8.341131979782795e-09,0.06694364761653859,0,0,,,,97,18
primary,2026-06-17,log_ridge_harq__B2,100.0,,,0.2395371512070838,170192,390,8.341131979782795e-09,0.06694364761653859,0,0,,,,157,84
primary,2026-06-18,lightgbm_qlike__B0,,50,63,0.2667581446073267,170582,,,,,,0,0,0,,
primary,2026-06-18,lightgbm_qlike__B1,,95,15,0.2817167485372095,170582,,,,,,0,0,0,,
primary,2026-06-18,lightgbm_qlike__B2,,94,15,0.27970143611139126,170582,,,,,,0,0,0,,
primary,2026-06-18,log_ridge_harq__B0,10000.0,,,0.26828602017300696,170582,390,8.341131979782795e-09,0.06694364761653859,0,0,,,,30,5
primary,2026-06-18,log_ridge_harq__B1,10000.0,,,0.2723238730125448,170582,390,8.341131979782795e-09,0.06694364761653859,0,0,,,,97,18
primary,2026-06-18,log_ridge_harq__B2,10000.0,,,0.2727135916103253,170582,390,8.341131979782795e-09,0.06694364761653859,0,0,,,,157,84
primary,2026-06-22,lightgbm_qlike__B0,,144,15,0.26780312224563146,170972,,,,,,0,0,0,,
primary,2026-06-22,lightgbm_qlike__B1,,92,15,0.28596255541609994,170972,,,,,,0,0,0,,
primary,2026-06-22,lightgbm_qlike__B2,,99,15,0.2835459847122849,170972,,,,,,0,0,0,,
primary,2026-06-22,log_ridge_harq__B0,10000.0,,,0.27297879961569194,170972,390,8.341131979782795e-09,0.06694364761653859,0,0,,,,30,5
primary,2026-06-22,log_ridge_harq__B1,10000.0,,,0.2767546740148951,170972,390,8.341131979782795e-09,0.06694364761653859,0,0,,,,97,18
primary,2026-06-22,log_ridge_harq__B2,10000.0,,,0.27727605717611314,170972,390,8.341131979782795e-09,0.06694364761653859,0,0,,,,157,84
primary,2026-06-23,lightgbm_qlike__B0,,136,63,0.18407083334362578,171362,,,,,,0,0,0,,
primary,2026-06-23,lightgbm_qlike__B1,,178,63,0.20123752102806952,171362,,,,,,0,0,0,,
primary,2026-06-23,lightgbm_qlike__B2,,255,31,0.20010776208254324,171362,,,,,,0,0,0,,
primary,2026-06-23,log_ridge_harq__B0,10000.0,,,0.2048859762416329,171362,390,8.341131979782795e-09,0.06694364761653859,0,0,,,,30,5
primary,2026-06-23,log_ridge_harq__B1,10000.0,,,0.20478698032238363,171362,390,8.341131979782795e-09,0.06694364761653859,0,0,,,,97,18
primary,2026-06-23,log_ridge_harq__B2,10000.0,,,0.20275702514964813,171362,390,8.341131979782795e-09,0.06694364761653859,0,0,,,,157,84
primary,2026-06-24,lightgbm_qlike__B0,,359,31,0.16538688672381124,171752,,,,,,0,0,0,,
primary,2026-06-24,lightgbm_qlike__B1,,126,63,0.18341383875293651,171752,,,,,,0,0,0,,
primary,2026-06-24,lightgbm_qlike__B2,,302,15,0.18272672552975894,171752,,,,,,0,0,0,,
primary,2026-06-24,log_ridge_harq__B0,1.0,,,0.18578047586877716,171752,390,8.341131979782795e-09,0.06694364761653859,0,0,,,,30,5
primary,2026-06-24,log_ridge_harq__B1,1.0,,,0.18601054583615428,171752,390,8.341131979782795e-09,0.06694364761653859,0,0,,,,97,18
primary,2026-06-24,log_ridge_harq__B2,100.0,,,0.182243578468121,171752,390,8.341131979782795e-09,0.06694364761653859,0,0,,,,157,84
primary,2026-06-25,lightgbm_qlike__B0,,442,31,0.1554885338673234,172142,,,,,,0,0,0,,
primary,2026-06-25,lightgbm_qlike__B1,,201,15,0.1766470535701943,172142,,,,,,0,0,0,,
primary,2026-06-25,lightgbm_qlike__B2,,426,15,0.17106981449770414,172142,,,,,,0,0,0,,
primary,2026-06-25,log_ridge_harq__B0,1.0,,,0.1801029662075353,172142,390,8.341131979782795e-09,0.06694364761653859,0,0,,,,30,5
primary,2026-06-25,log_ridge_harq__B1,1.0,,,0.17998258731935504,172142,390,8.341131979782795e-09,0.06694364761653859,0,0,,,,97,18
primary,2026-06-25,log_ridge_harq__B2,100.0,,,0.17686875559024384,172142,390,8.341131979782795e-09,0.06694364761653859,0,0,,,,157,84
primary,2026-06-26,lightgbm_qlike__B0,,870,31,0.15286968484693905,172532,,,,,,0,0,0,,
primary,2026-06-26,lightgbm_qlike__B1,,437,31,0.17563958476779282,172532,,,,,,0,0,0,,
primary,2026-06-26,lightgbm_qlike__B2,,789,31,0.1691556583008103,172532,,,,,,0,0,0,,
primary,2026-06-26,log_ridge_harq__B0,100.0,,,0.18086170593076265,172532,390,8.341131979782795e-09,0.06694364761653859,0,0,,,,30,5
primary,2026-06-26,log_ridge_harq__B1,100.0,,,0.18058192086260086,172532,390,8.341131979782795e-09,0.06694364761653859,0,0,,,,97,18
primary,2026-06-26,log_ridge_harq__B2,100.0,,,0.17717456109024732,172532,390,8.341131979782795e-09,0.06694364761653859,0,0,,,,157,84
primary,2026-06-29,lightgbm_qlike__B0,,280,63,0.1264205150871593,172922,,,,,,0,0,0,,
primary,2026-06-29,lightgbm_qlike__B1,,179,15,0.14687462605925597,172922,,,,,,0,0,0,,
primary,2026-06-29,lightgbm_qlike__B2,,163,15,0.14483694984096634,172922,,,,,,0,0,0,,
primary,2026-06-29,log_ridge_harq__B0,100.0,,,0.149961360470712,172922,390,8.341131979782795e-09,0.06694364761653859,0,0,,,,30,5
primary,2026-06-29,log_ridge_harq__B1,100.0,,,0.15160437196285104,172922,390,8.341131979782795e-09,0.06694364761653859,0,0,,,,97,18
primary,2026-06-29,log_ridge_harq__B2,100.0,,,0.15095854086766283,172922,390,8.341131979782795e-09,0.06694364761653859,0,0,,,,157,84
primary,2026-06-30,lightgbm_qlike__B0,,230,63,0.1260375622663802,173312,,,,,,0,0,0,,
primary,2026-06-30,lightgbm_qlike__B1,,69,63,0.14366826601013943,173312,,,,,,0,0,0,,
primary,2026-06-30,lightgbm_qlike__B2,,227,15,0.14123726261852776,173312,,,,,,0,0,0,,
primary,2026-06-30,log_ridge_harq__B0,100.0,,,0.14740790323023165,173312,390,8.341131979782795e-09,0.06694364761653859,0,0,,,,30,5
primary,2026-06-30,log_ridge_harq__B1,100.0,,,0.14924605332391833,173312,390,8.341131979782795e-09,0.06694364761653859,0,0,,,,97,18
primary,2026-06-30,log_ridge_harq__B2,100.0,,,0.14859596002838754,173312,390,8.341131979782795e-09,0.06694364761653859,0,0,,,,157,84
primary,2026-07-01,lightgbm_qlike__B0,,182,31,0.12908849522348703,173702,,,,,,0,0,0,,
primary,2026-07-01,lightgbm_qlike__B1,,45,63,0.14648797330389135,173702,,,,,,0,0,0,,
primary,2026-07-01,lightgbm_qlike__B2,,63,63,0.14373476982910396,173702,,,,,,0,0,0,,
primary,2026-07-01,log_ridge_harq__B0,100.0,,,0.14817146231006603,173702,390,8.341131979782795e-09,0.06694364761653859,0,0,,,,30,5
primary,2026-07-01,log_ridge_harq__B1,100.0,,,0.15127819937868855,173702,390,8.341131979782795e-09,0.06694364761653859,0,0,,,,97,18
primary,2026-07-01,log_ridge_harq__B2,100.0,,,0.150482670020801,173702,390,8.341131979782795e-09,0.06694364761653859,0,0,,,,157,84
primary,2026-07-02,lightgbm_qlike__B0,,151,63,0.12795293100765653,174092,,,,,,0,0,0,,
primary,2026-07-02,lightgbm_qlike__B1,,51,15,0.14845067202291712,174092,,,,,,0,0,0,,
primary,2026-07-02,lightgbm_qlike__B2,,258,15,0.1446147422899887,174092,,,,,,0,0,0,,
primary,2026-07-02,log_ridge_harq__B0,100.0,,,0.14853528977511643,174092,390,8.341131979782795e-09,0.06694364761653859,0,0,,,,30,5
primary,2026-07-02,log_ridge_harq__B1,100.0,,,0.1514303308848282,174092,390,8.341131979782795e-09,0.06694364761653859,0,0,,,,97,18
primary,2026-07-02,log_ridge_harq__B2,100.0,,,0.1507413724384133,174092,390,8.341131979782795e-09,0.06694364761653859,0,0,,,,157,84
primary,2026-07-06,lightgbm_qlike__B0,,149,63,0.10987657768474901,174482,,,,,,0,0,0,,
primary,2026-07-06,lightgbm_qlike__B1,,180,63,0.11144980563901732,174482,,,,,,0,0,0,,
primary,2026-07-06,lightgbm_qlike__B2,,201,63,0.11105412630497771,174482,,,,,,0,0,0,,
primary,2026-07-06,log_ridge_harq__B0,100.0,,,0.1162054647844051,174482,390,8.341131979782795e-09,0.06694364761653859,0,0,,,,30,5
primary,2026-07-06,log_ridge_harq__B1,100.0,,,0.11515788267846727,174482,390,8.341131979782795e-09,0.06694364761653859,0,0,,,,97,18
primary,2026-07-06,log_ridge_harq__B2,100.0,,,0.11642428230738262,174482,390,8.341131979782795e-09,0.06694364761653859,0,0,,,,157,84
primary,2026-07-07,lightgbm_qlike__B0,,208,31,0.10953604447973705,174872,,,,,,0,0,0,,
primary,2026-07-07,lightgbm_qlike__B1,,179,63,0.1109976647260866,174872,,,,,,0,0,0,,
primary,2026-07-07,lightgbm_qlike__B2,,254,31,0.11090736278248044,174872,,,,,,0,0,0,,
primary,2026-07-07,log_ridge_harq__B0,100.0,,,0.11573380398732835,174872,390,8.341131979782795e-09,0.06694364761653859,0,0,,,,30,5
primary,2026-07-07,log_ridge_harq__B1,100.0,,,0.11462840100088587,174872,390,8.341131979782795e-09,0.06694364761653859,0,0,,,,97,18
primary,2026-07-07,log_ridge_harq__B2,100.0,,,0.11570810739177181,174872,390,8.341131979782795e-09,0.06694364761653859,0,0,,,,157,84
primary,2026-07-08,lightgbm_qlike__B0,,286,31,0.11791724520624602,175262,,,,,,0,0,0,,
primary,2026-07-08,lightgbm_qlike__B1,,251,31,0.11978632919786643,175262,,,,,,0,0,0,,
primary,2026-07-08,lightgbm_qlike__B2,,279,31,0.11905745562901897,175262,,,,,,0,0,0,,
primary,2026-07-08,log_ridge_harq__B0,100.0,,,0.12201845285334594,175262,390,8.341131979782795e-09,0.06694364761653859,0,0,,,,30,5
primary,2026-07-08,log_ridge_harq__B1,100.0,,,0.12061357469338489,175262,390,8.341131979782795e-09,0.06694364761653859,0,0,,,,97,18
primary,2026-07-08,log_ridge_harq__B2,100.0,,,0.1218065541484145,175262,390,8.341131979782795e-09,0.06694364761653859,0,0,,,,157,84
primary,2026-07-09,lightgbm_qlike__B0,,524,15,0.12897593857787903,175652,,,,,,0,0,0,,
primary,2026-07-09,lightgbm_qlike__B1,,169,63,0.13032848811962658,175652,,,,,,0,0,0,,
primary,2026-07-09,lightgbm_qlike__B2,,167,63,0.13096657071665693,175652,,,,,,0,0,0,,
primary,2026-07-09,log_ridge_harq__B0,100.0,,,0.12873260894945893,175652,390,8.341131979782795e-09,0.06694364761653859,0,0,,,,30,5
primary,2026-07-09,log_ridge_harq__B1,100.0,,,0.1279771877820967,175652,390,8.341131979782795e-09,0.06694364761653859,0,0,,,,97,18
primary,2026-07-09,log_ridge_harq__B2,100.0,,,0.12878719833319635,175652,390,8.341131979782795e-09,0.06694364761653859,0,0,,,,157,84
primary,2026-07-10,lightgbm_qlike__B0,,482,15,0.13636976645332383,176042,,,,,,0,0,0,,
primary,2026-07-10,lightgbm_qlike__B1,,112,63,0.136582863614325,176042,,,,,,0,0,0,,
primary,2026-07-10,lightgbm_qlike__B2,,142,63,0.1376843411734374,176042,,,,,,0,0,0,,
primary,2026-07-10,log_ridge_harq__B0,100.0,,,0.13535969791170038,176042,390,8.341131979782795e-09,0.06694364761653859,0,0,,,,30,5
primary,2026-07-10,log_ridge_harq__B1,100.0,,,0.1349102106904489,176042,390,8.341131979782795e-09,0.06694364761653859,0,0,,,,97,18
primary,2026-07-10,log_ridge_harq__B2,100.0,,,0.13602884005457094,176042,390,8.341131979782795e-09,0.06694364761653859,0,0,,,,157,84
primary,2026-07-13,lightgbm_qlike__B0,,301,15,0.13908925862822843,176432,,,,,,0,0,0,,
primary,2026-07-13,lightgbm_qlike__B1,,125,63,0.1393780958828904,176432,,,,,,0,0,0,,
primary,2026-07-13,lightgbm_qlike__B2,,157,63,0.138409642916524,176432,,,,,,0,0,0,,
primary,2026-07-13,log_ridge_harq__B0,1.0,,,0.13721208455713882,176432,390,8.341131979782795e-09,0.06694364761653859,0,0,,,,30,5
primary,2026-07-13,log_ridge_harq__B1,100.0,,,0.1379032402151052,176432,390,8.341131979782795e-09,0.06694364761653859,0,0,,,,97,18
primary,2026-07-13,log_ridge_harq__B2,100.0,,,0.13863280236679135,176432,390,8.341131979782795e-09,0.06694364761653859,0,0,,,,157,84
primary,2026-07-14,lightgbm_qlike__B0,,381,31,0.13167146333171398,176822,,,,,,0,0,0,,
primary,2026-07-14,lightgbm_qlike__B1,,152,63,0.129834969319987,176822,,,,,,0,0,0,,
primary,2026-07-14,lightgbm_qlike__B2,,126,63,0.13176833066490262,176822,,,,,,0,0,0,,
primary,2026-07-14,log_ridge_harq__B0,0.0001,,,0.1307130033650284,176822,390,8.341131979782795e-09,0.06694364761653859,0,0,,,,30,5
primary,2026-07-14,log_ridge_harq__B1,100.0,,,0.13087008214967233,176822,390,8.341131979782795e-09,0.06694364761653859,0,0,,,,97,18
primary,2026-07-14,log_ridge_harq__B2,100.0,,,0.1311937823315587,176822,390,8.341131979782795e-09,0.06694364761653859,0,0,,,,157,84
primary,2026-07-15,lightgbm_qlike__B0,,311,15,0.13345810871155844,177212,,,,,,0,0,0,,
primary,2026-07-15,lightgbm_qlike__B1,,127,63,0.1326604097477263,177212,,,,,,0,0,0,,
primary,2026-07-15,lightgbm_qlike__B2,,299,15,0.13396917563531124,177212,,,,,,0,0,0,,
primary,2026-07-15,log_ridge_harq__B0,0.0001,,,0.13158800592640416,177212,390,8.341131979782795e-09,0.06694364761653859,0,0,,,,30,5
primary,2026-07-15,log_ridge_harq__B1,100.0,,,0.13256247186991726,177212,390,8.341131979782795e-09,0.06694364761653859,0,0,,,,97,18
primary,2026-07-15,log_ridge_harq__B2,100.0,,,0.13291908525359883,177212,390,8.341131979782795e-09,0.06694364761653859,0,0,,,,157,84
primary,2026-07-16,lightgbm_qlike__B0,,290,63,0.13067416709651797,177602,,,,,,0,0,0,,
primary,2026-07-16,lightgbm_qlike__B1,,130,63,0.13133072139112323,177602,,,,,,0,0,0,,
primary,2026-07-16,lightgbm_qlike__B2,,99,63,0.13268081538120033,177602,,,,,,0,0,0,,
primary,2026-07-16,log_ridge_harq__B0,0.0001,,,0.12980269859543386,177602,390,8.341131979782795e-09,0.06694364761653859,0,0,,,,30,5
primary,2026-07-16,log_ridge_harq__B1,100.0,,,0.13076782550132868,177602,390,8.341131979782795e-09,0.06694364761653859,0,0,,,,97,18
primary,2026-07-16,log_ridge_harq__B2,100.0,,,0.13104962888203647,177602,390,8.341131979782795e-09,0.06694364761653859,0,0,,,,157,84
primary,2026-07-17,lightgbm_qlike__B0,,443,31,0.1351970149754969,177992,,,,,,0,0,0,,
primary,2026-07-17,lightgbm_qlike__B1,,119,63,0.13551551165673748,177992,,,,,,0,0,0,,
primary,2026-07-17,lightgbm_qlike__B2,,201,31,0.13687550284924038,177992,,,,,,0,0,0,,
primary,2026-07-17,log_ridge_harq__B0,100.0,,,0.13300018495081342,177992,390,8.341131979782795e-09,0.06694364761653859,0,0,,,,30,5
primary,2026-07-17,log_ridge_harq__B1,100.0,,,0.1329767084337136,177992,390,8.341131979782795e-09,0.06694364761653859,0,0,,,,97,18
primary,2026-07-17,log_ridge_harq__B2,100.0,,,0.1328637594850351,177992,390,8.341131979782795e-09,0.06694364761653859,0,0,,,,157,84
primary,2026-07-20,lightgbm_qlike__B0,,423,15,0.1499511340480711,178382,,,,,,0,0,0,,
primary,2026-07-20,lightgbm_qlike__B1,,118,63,0.14948369309029022,178382,,,,,,0,0,0,,
primary,2026-07-20,lightgbm_qlike__B2,,298,15,0.14872473076925452,178382,,,,,,0,0,0,,
primary,2026-07-20,log_ridge_harq__B0,100.0,,,0.14526027565598504,178382,390,8.341131979782795e-09,0.06694364761653859,0,0,,,,30,5
primary,2026-07-20,log_ridge_harq__B1,100.0,,,0.14500290932739665,178382,390,8.341131979782795e-09,0.06694364761653859,0,0,,,,97,18
primary,2026-07-20,log_ridge_harq__B2,100.0,,,0.14494397706366444,178382,390,8.341131979782795e-09,0.06694364761653859,0,0,,,,157,84
primary,2026-07-21,lightgbm_qlike__B0,,281,15,0.14599736881559194,178772,,,,,,0,0,0,,
primary,2026-07-21,lightgbm_qlike__B1,,470,31,0.14136768046398818,178772,,,,,,0,0,0,,
primary,2026-07-21,lightgbm_qlike__B2,,302,15,0.14476585123751212,178772,,,,,,0,0,0,,
primary,2026-07-21,log_ridge_harq__B0,100.0,,,0.1400707016311069,178772,390,8.341131979782795e-09,0.06694364761653859,0,0,,,,30,5
primary,2026-07-21,log_ridge_harq__B1,0.0001,,,0.13978043602461906,178772,390,8.341131979782795e-09,0.06694364761653859,0,0,,,,97,18
primary,2026-07-21,log_ridge_harq__B2,1.0,,,0.1394713575076211,178772,390,8.341131979782795e-09,0.06694364761653859,0,0,,,,157,84
primary,2026-07-22,lightgbm_qlike__B0,,118,63,0.14070939772924218,179162,,,,,,0,0,0,,
primary,2026-07-22,lightgbm_qlike__B1,,1101,15,0.1316194545219035,179162,,,,,,0,0,0,,
primary,2026-07-22,lightgbm_qlike__B2,,469,15,0.1338540721945881,179162,,,,,,0,0,0,,
primary,2026-07-22,log_ridge_harq__B0,100.0,,,0.13620650172359686,179162,390,8.341131979782795e-09,0.06694364761653859,0,0,,,,30,5
primary,2026-07-22,log_ridge_harq__B1,100.0,,,0.13672193425780854,179162,390,8.341131979782795e-09,0.06694364761653859,0,0,,,,97,18
primary,2026-07-22,log_ridge_harq__B2,0.0001,,,0.13665960469236688,179162,390,8.341131979782795e-09,0.06694364761653859,0,0,,,,157,84
primary,2026-07-23,lightgbm_qlike__B0,,280,15,0.1315680837886518,179552,,,,,,0,0,0,,
primary,2026-07-23,lightgbm_qlike__B1,,537,15,0.12836766737370195,179552,,,,,,0,0,0,,
primary,2026-07-23,lightgbm_qlike__B2,,348,15,0.1303201781884493,179552,,,,,,0,0,0,,
primary,2026-07-23,log_ridge_harq__B0,100.0,,,0.12861795708214202,179552,390,8.341131979782795e-09,0.06694364761653859,0,0,,,,30,5
primary,2026-07-23,log_ridge_harq__B1,100.0,,,0.13000326872160678,179552,390,8.341131979782795e-09,0.06694364761653859,0,0,,,,97,18
primary,2026-07-23,log_ridge_harq__B2,1.0,,,0.13028604689244788,179552,390,8.341131979782795e-09,0.06694364761653859,0,0,,,,157,84
primary,2026-07-24,lightgbm_qlike__B0,,134,63,0.1253459484292949,179942,,,,,,0,0,0,,
primary,2026-07-24,lightgbm_qlike__B1,,268,15,0.12565724302509965,179942,,,,,,0,0,0,,
primary,2026-07-24,lightgbm_qlike__B2,,595,15,0.12456372394432588,179942,,,,,,0,0,0,,
primary,2026-07-24,log_ridge_harq__B0,100.0,,,0.12383625396734735,179942,390,8.341131979782795e-09,0.06694364761653859,0,0,,,,30,5
primary,2026-07-24,log_ridge_harq__B1,100.0,,,0.12637194991010695,179942,390,8.341131979782795e-09,0.06694364761653859,0,0,,,,97,18
primary,2026-07-24,log_ridge_harq__B2,0.0001,,,0.12821857769586723,179942,390,8.341131979782795e-09,0.06694364761653859,0,0,,,,157,84
primary,2026-07-27,lightgbm_qlike__B0,,278,15,0.12292734423519332,180332,,,,,,0,0,0,,
primary,2026-07-27,lightgbm_qlike__B1,,508,15,0.12259920666456256,180332,,,,,,0,0,0,,
primary,2026-07-27,lightgbm_qlike__B2,,550,15,0.12316123082941913,180332,,,,,,0,0,0,,
primary,2026-07-27,log_ridge_harq__B0,100.0,,,0.12146945434199166,180332,390,8.341131979782795e-09,0.06694364761653859,0,0,,,,30,5
primary,2026-07-27,log_ridge_harq__B1,100.0,,,0.1240408420651975,180332,390,8.341131979782795e-09,0.06694364761653859,0,0,,,,97,18
primary,2026-07-27,log_ridge_harq__B2,0.0001,,,0.12581238586147608,180332,390,8.341131979782795e-09,0.06694364761653859,0,0,,,,157,84
primary,2026-07-28,lightgbm_qlike__B0,,152,63,0.12368753486119084,180722,,,,,,0,0,0,,
primary,2026-07-28,lightgbm_qlike__B1,,410,31,0.1260962224242964,180722,,,,,,0,0,0,,
primary,2026-07-28,lightgbm_qlike__B2,,466,15,0.12513376937934445,180722,,,,,,0,0,0,,
primary,2026-07-28,log_ridge_harq__B0,100.0,,,0.12183292425598877,180722,390,8.341131979782795e-09,0.06694364761653859,0,0,,,,30,5
primary,2026-07-28,log_ridge_harq__B1,100.0,,,0.12540678683420944,180722,390,8.341131979782795e-09,0.06694364761653859,0,0,,,,97,18
primary,2026-07-28,log_ridge_harq__B2,0.0001,,,0.12710072849246118,180722,390,8.341131979782795e-09,0.06694364761653859,0,0,,,,157,84
primary,2026-07-29,lightgbm_qlike__B0,,180,15,0.12266746070256349,181112,,,,,,0,0,0,,
primary,2026-07-29,lightgbm_qlike__B1,,257,15,0.1240911241261335,181112,,,,,,0,0,0,,
primary,2026-07-29,lightgbm_qlike__B2,,443,15,0.12360389177975159,181112,,,,,,0,0,0,,
primary,2026-07-29,log_ridge_harq__B0,100.0,,,0.11968004324990429,181112,390,8.341131979782795e-09,0.06694364761653859,0,0,,,,30,5
primary,2026-07-29,log_ridge_harq__B1,100.0,,,0.12423892998330507,181112,390,8.341131979782795e-09,0.06694364761653859,0,0,,,,97,18
primary,2026-07-29,log_ridge_harq__B2,0.0001,,,0.12588754198606478,181112,390,8.341131979782795e-09,0.06694364761653859,0,0,,,,157,84
primary,2026-07-30,lightgbm_qlike__B0,,104,63,0.12252690149883734,181502,,,,,,0,0,0,,
primary,2026-07-30,lightgbm_qlike__B1,,166,31,0.12427791356651303,181502,,,,,,0,0,0,,
primary,2026-07-30,lightgbm_qlike__B2,,350,15,0.12446671241469201,181502,,,,,,0,0,0,,
primary,2026-07-30,log_ridge_harq__B0,10000.0,,,0.12342352987625974,181502,390,8.341131979782795e-09,0.06694364761653859,0,0,,,,30,5
primary,2026-07-30,log_ridge_harq__B1,100.0,,,0.12737267188982251,181502,390,8.341131979782795e-09,0.06694364761653859,0,0,,,,97,18
primary,2026-07-30,log_ridge_harq__B2,0.0001,,,0.1287570845389271,181502,390,8.341131979782795e-09,0.06694364761653859,0,0,,,,157,84
primary,2026-07-31,lightgbm_qlike__B0,,150,63,0.11890087084950103,181892,,,,,,0,0,0,,
primary,2026-07-31,lightgbm_qlike__B1,,117,63,0.12037486070270872,181892,,,,,,0,0,0,,
primary,2026-07-31,lightgbm_qlike__B2,,332,15,0.12163603200214268,181892,,,,,,0,0,0,,
primary,2026-07-31,log_ridge_harq__B0,100.0,,,0.12029997094366825,181892,390,8.341131979782795e-09,0.06694364761653859,0,0,,,,30,5
primary,2026-07-31,log_ridge_harq__B1,100.0,,,0.12611075879328176,181892,390,8.341131979782795e-09,0.06694364761653859,0,0,,,,97,18
primary,2026-07-31,log_ridge_harq__B2,0.0001,,,0.12728159160918912,181892,390,8.341131979782795e-09,0.06694364761653859,0,0,,,,157,84
confirmation,2026-08-03,lightgbm_qlike__B0,,293,31,0.10420426122909858,182282,,,,,,0,0,0,,
confirmation,2026-08-03,lightgbm_qlike__B1,,301,63,0.10247385144764339,182282,,,,,,0,0,0,,
confirmation,2026-08-03,lightgbm_qlike__B2,,357,63,0.10344202299719232,182282,,,,,,0,0,0,,
confirmation,2026-08-03,log_ridge_harq__B0,1.0,,,0.1089995568324156,182282,390,8.341131979782795e-09,0.06694364761653859,0,0,,,,30,5
confirmation,2026-08-03,log_ridge_harq__B1,100.0,,,0.11539437516596848,182282,390,8.341131979782795e-09,0.06694364761653859,0,0,,,,97,18
confirmation,2026-08-03,log_ridge_harq__B2,0.0001,,,0.11593620667996785,182282,390,8.341131979782795e-09,0.06694364761653859,0,0,,,,157,84
confirmation,2026-08-04,lightgbm_qlike__B0,,252,31,0.10194771390133539,182672,,,,,,0,0,0,,
confirmation,2026-08-04,lightgbm_qlike__B1,,230,63,0.10186675420779678,182672,,,,,,0,0,0,,
confirmation,2026-08-04,lightgbm_qlike__B2,,300,63,0.102409979121782,182672,,,,,,0,0,0,,
confirmation,2026-08-04,log_ridge_harq__B0,100.0,,,0.1086412033864852,182672,390,8.341131979782795e-09,0.06694364761653859,0,0,,,,30,5
confirmation,2026-08-04,log_ridge_harq__B1,100.0,,,0.11425999327370029,182672,390,8.341131979782795e-09,0.06694364761653859,0,0,,,,97,18
confirmation,2026-08-04,log_ridge_harq__B2,0.0001,,,0.11461038801104673,182672,390,8.341131979782795e-09,0.06694364761653859,0,0,,,,157,84
confirmation,2026-08-05,lightgbm_qlike__B0,,332,31,0.10121368278288778,183062,,,,,,0,0,0,,
confirmation,2026-08-05,lightgbm_qlike__B1,,522,31,0.10017991548734768,183062,,,,,,0,0,0,,
confirmation,2026-08-05,lightgbm_qlike__B2,,445,63,0.10005171288824584,183062,,,,,,0,0,0,,
confirmation,2026-08-05,log_ridge_harq__B0,100.0,,,0.10851901508532211,183062,390,8.341131979782795e-09,0.06694364761653859,0,0,,,,30,5
confirmation,2026-08-05,log_ridge_harq__B1,100.0,,,0.11349104500619864,183062,390,8.341131979782795e-09,0.06694364761653859,0,0,,,,97,18
confirmation,2026-08-05,log_ridge_harq__B2,0.0001,,,0.11340711243666349,183062,390,8.341131979782795e-09,0.06694364761653859,0,0,,,,157,84
confirmation,2026-08-06,lightgbm_qlike__B0,,438,31,0.10351385009027161,183452,,,,,,0,0,0,,
confirmation,2026-08-06,lightgbm_qlike__B1,,710,31,0.10100361966873247,183452,,,,,,0,0,0,,
confirmation,2026-08-06,lightgbm_qlike__B2,,268,63,0.1017085208411812,183452,,,,,,0,0,0,,
confirmation,2026-08-06,log_ridge_harq__B0,100.0,,,0.11279112339094155,183452,390,8.341131979782795e-09,0.06694364761653859,0,0,,,,30,5
confirmation,2026-08-06,log_ridge_harq__B1,100.0,,,0.11526267088841398,183452,390,8.341131979782795e-09,0.06694364761653859,0,0,,,,97,18
confirmation,2026-08-06,log_ridge_harq__B2,0.0001,,,0.11482640516858753,183452,390,8.341131979782795e-09,0.06694364761653859,0,0,,,,157,84
confirmation,2026-08-07,lightgbm_qlike__B0,,352,31,0.10714452182941517,183842,,,,,,0,0,0,,
confirmation,2026-08-07,lightgbm_qlike__B1,,264,63,0.101992419412866,183842,,,,,,0,0,0,,
confirmation,2026-08-07,lightgbm_qlike__B2,,456,31,0.10245845463178001,183842,,,,,,0,0,0,,
confirmation,2026-08-07,log_ridge_harq__B0,100.0,,,0.11569256740776554,183842,390,8.341131979782795e-09,0.06694364761653859,0,0,,,,30,5
confirmation,2026-08-07,log_ridge_harq__B1,100.0,,,0.11658216195662163,183842,390,8.341131979782795e-09,0.06694364761653859,0,0,,,,97,18
confirmation,2026-08-07,log_ridge_harq__B2,0.0001,,,0.11454612045977944,183842,390,8.341131979782795e-09,0.06694364761653859,0,0,,,,157,84
confirmation,2026-08-10,lightgbm_qlike__B0,,223,31,0.106602640152943,184232,,,,,,0,0,0,,
confirmation,2026-08-10,lightgbm_qlike__B1,,429,63,0.1009414708852376,184232,,,,,,0,0,0,,
confirmation,2026-08-10,lightgbm_qlike__B2,,398,63,0.10150302889854035,184232,,,,,,0,0,0,,
confirmation,2026-08-10,log_ridge_harq__B0,100.0,,,0.1158234931278073,184232,390,8.341131979782795e-09,0.06694364761653859,0,0,,,,30,5
confirmation,2026-08-10,log_ridge_harq__B1,100.0,,,0.11499900987876668,184232,390,8.341131979782795e-09,0.06694364761653859,0,0,,,,97,18
confirmation,2026-08-10,log_ridge_harq__B2,0.0001,,,0.11334204939338874,184232,390,8.341131979782795e-09,0.06694364761653859,0,0,,,,157,84
confirmation,2026-08-11,lightgbm_qlike__B0,,211,31,0.11355335239738484,184622,,,,,,0,0,0,,
confirmation,2026-08-11,lightgbm_qlike__B1,,500,15,0.10881105353428666,184622,,,,,,0,0,0,,
confirmation,2026-08-11,lightgbm_qlike__B2,,322,31,0.10675527639316602,184622,,,,,,0,0,0,,
confirmation,2026-08-11,log_ridge_harq__B0,100.0,,,0.12483986895620611,184622,390,8.341131979782795e-09,0.06694364761653859,0,0,,,,30,5
confirmation,2026-08-11,log_ridge_harq__B1,100.0,,,0.12336655034419186,184622,390,8.341131979782795e-09,0.06694364761653859,0,0,,,,97,18
confirmation,2026-08-11,log_ridge_harq__B2,0.0001,,,0.12128390855797119,184622,390,8.341131979782795e-09,0.06694364761653859,0,0,,,,157,84
confirmation,2026-08-12,lightgbm_qlike__B0,,336,31,0.11889894740885043,185012,,,,,,0,0,0,,
confirmation,2026-08-12,lightgbm_qlike__B1,,307,63,0.11096239811621647,185012,,,,,,0,0,0,,
confirmation,2026-08-12,lightgbm_qlike__B2,,289,63,0.11120723500373494,185012,,,,,,0,0,0,,
confirmation,2026-08-12,log_ridge_harq__B0,100.0,,,0.13027445023123374,185012,390,8.341131979782795e-09,0.06694364761653859,0,0,,,,30,5
confirmation,2026-08-12,log_ridge_harq__B1,100.0,,,0.12735115431393806,185012,390,8.341131979782795e-09,0.06694364761653859,0,0,,,,97,18
confirmation,2026-08-12,log_ridge_harq__B2,100.0,,,0.12543357799503377,185012,390,8.341131979782795e-09,0.06694364761653859,0,0,,,,157,84
confirmation,2026-08-13,lightgbm_qlike__B0,,183,63,0.11814298649100766,185402,,,,,,0,0,0,,
confirmation,2026-08-13,lightgbm_qlike__B1,,727,31,0.11005910331347997,185402,,,,,,0,0,0,,
confirmation,2026-08-13,lightgbm_qlike__B2,,384,63,0.11071841821755304,185402,,,,,,0,0,0,,
confirmation,2026-08-13,log_ridge_harq__B0,100.0,,,0.1267897283587152,185402,390,8.341131979782795e-09,0.06694364761653859,0,0,,,,30,5
confirmation,2026-08-13,log_ridge_harq__B1,100.0,,,0.12452831894272098,185402,390,8.341131979782795e-09,0.06694364761653859,0,0,,,,97,18
confirmation,2026-08-13,log_ridge_harq__B2,0.0001,,,0.12281440646265303,185402,390,8.341131979782795e-09,0.06694364761653859,0,0,,,,157,84
confirmation,2026-08-14,lightgbm_qlike__B0,,366,15,0.12407191700202454,185792,,,,,,0,0,0,,
confirmation,2026-08-14,lightgbm_qlike__B1,,290,63,0.11531917392958431,185792,,,,,,0,0,0,,
confirmation,2026-08-14,lightgbm_qlike__B2,,254,31,0.11611439319135101,185792,,,,,,0,0,0,,
confirmation,2026-08-14,log_ridge_harq__B0,100.0,,,0.13090730968359743,185792,390,8.341131979782795e-09,0.06694364761653859,0,0,,,,30,5
confirmation,2026-08-14,log_ridge_harq__B1,100.0,,,0.12743127591861106,185792,390,8.341131979782795e-09,0.06694364761653859,0,0,,,,97,18
confirmation,2026-08-14,log_ridge_harq__B2,0.0001,,,0.1260563661830409,185792,390,8.341131979782795e-09,0.06694364761653859,0,0,,,,157,84
confirmation,2026-08-17,lightgbm_qlike__B0,,286,15,0.12268893339072973,186182,,,,,,0,0,0,,
confirmation,2026-08-17,lightgbm_qlike__B1,,401,15,0.11582898615629159,186182,,,,,,0,0,0,,
confirmation,2026-08-17,lightgbm_qlike__B2,,192,63,0.11752239904737341,186182,,,,,,0,0,0,,
confirmation,2026-08-17,log_ridge_harq__B0,100.0,,,0.1285466551496679,186182,390,8.341131979782795e-09,0.06694364761653859,0,0,,,,30,5
confirmation,2026-08-17,log_ridge_harq__B1,100.0,,,0.12475837130953862,186182,390,8.341131979782795e-09,0.06694364761653859,0,0,,,,97,18
confirmation,2026-08-17,log_ridge_harq__B2,100.0,,,0.1234786475233887,186182,390,8.341131979782795e-09,0.06694364761653859,0,0,,,,157,84
confirmation,2026-08-18,lightgbm_qlike__B0,,126,63,0.15504830409596257,186572,,,,,,0,0,0,,
confirmation,2026-08-18,lightgbm_qlike__B1,,175,63,0.14852081653688654,186572,,,,,,0,0,0,,
confirmation,2026-08-18,lightgbm_qlike__B2,,127,63,0.1486231706971626,186572,,,,,,0,0,0,,
confirmation,2026-08-18,log_ridge_harq__B0,100.0,,,0.15952729481021113,186572,390,8.341131979782795e-09,0.06694364761653859,0,0,,,,30,5
confirmation,2026-08-18,log_ridge_harq__B1,100.0,,,0.15974602409757194,186572,390,8.341131979782795e-09,0.06694364761653859,0,0,,,,97,18
confirmation,2026-08-18,log_ridge_harq__B2,100.0,,,0.15961977621433868,186572,390,8.341131979782795e-09,0.06694364761653859,0,0,,,,157,84
confirmation,2026-08-19,lightgbm_qlike__B0,,231,15,0.1486658061555091,186962,,,,,,0,0,0,,
confirmation,2026-08-19,lightgbm_qlike__B1,,189,31,0.14299431278392966,186962,,,,,,0,0,0,,
confirmation,2026-08-19,lightgbm_qlike__B2,,177,63,0.1442295672633994,186962,,,,,,0,0,0,,
confirmation,2026-08-19,log_ridge_harq__B0,100.0,,,0.15293290531063264,186962,390,8.341131979782795e-09,0.06694364761653859,0,0,,,,30,5
confirmation,2026-08-19,log_ridge_harq__B1,100.0,,,0.15341732675339442,186962,390,8.341131979782795e-09,0.06694364761653859,0,0,,,,97,18
confirmation,2026-08-19,log_ridge_harq__B2,100.0,,,0.15329184638243556,186962,390,8.341131979782795e-09,0.06694364761653859,0,0,,,,157,84
confirmation,2026-08-20,lightgbm_qlike__B0,,241,15,0.14184362266399134,187352,,,,,,0,0,0,,
confirmation,2026-08-20,lightgbm_qlike__B1,,139,63,0.13755649442799522,187352,,,,,,0,0,0,,
confirmation,2026-08-20,lightgbm_qlike__B2,,224,15,0.13641924924510349,187352,,,,,,0,0,0,,
confirmation,2026-08-20,log_ridge_harq__B0,100.0,,,0.14709340939840262,187352,390,8.341131979782795e-09,0.06694364761653859,0,0,,,,30,5
confirmation,2026-08-20,log_ridge_harq__B1,100.0,,,0.14847975878876657,187352,390,8.341131979782795e-09,0.06694364761653859,0,0,,,,97,18
confirmation,2026-08-20,log_ridge_harq__B2,1.0,,,0.14865409206824481,187352,390,8.341131979782795e-09,0.06694364761653859,0,0,,,,157,84
confirmation,2026-08-21,lightgbm_qlike__B0,,112,31,0.14264212532697268,187742,,,,,,0,0,0,,
confirmation,2026-08-21,lightgbm_qlike__B1,,221,31,0.1387825960350812,187742,,,,,,0,0,0,,
confirmation,2026-08-21,lightgbm_qlike__B2,,454,15,0.13894765053750638,187742,,,,,,0,0,0,,
confirmation,2026-08-21,log_ridge_harq__B0,100.0,,,0.1477071703524893,187742,390,8.341131979782795e-09,0.06694364761653859,0,0,,,,30,5
confirmation,2026-08-21,log_ridge_harq__B1,100.0,,,0.14954557320706577,187742,390,8.341131979782795e-09,0.06694364761653859,0,0,,,,97,18
confirmation,2026-08-21,log_ridge_harq__B2,100.0,,,0.14976134500488758,187742,390,8.341131979782795e-09,0.06694364761653859,0,0,,,,157,84
confirmation,2026-08-24,lightgbm_qlike__B0,,325,15,0.1426711279846534,188132,,,,,,0,0,0,,
confirmation,2026-08-24,lightgbm_qlike__B1,,164,63,0.1398515497244483,188132,,,,,,0,0,0,,
confirmation,2026-08-24,lightgbm_qlike__B2,,263,31,0.13873394138811324,188132,,,,,,0,0,0,,
confirmation,2026-08-24,log_ridge_harq__B0,100.0,,,0.14781645324773618,188132,390,8.341131979782795e-09,0.06694364761653859,0,0,,,,30,5
confirmation,2026-08-24,log_ridge_harq__B1,100.0,,,0.15080033096761125,188132,390,8.341131979782795e-09,0.06694364761653859,0,0,,,,97,18
confirmation,2026-08-24,log_ridge_harq__B2,100.0,,,0.1509203395385978,188132,390,8.341131979782795e-09,0.06694364761653859,0,0,,,,157,84
confirmation,2026-08-25,lightgbm_qlike__B0,,250,15,0.13475563538771043,188522,,,,,,0,0,0,,
confirmation,2026-08-25,lightgbm_qlike__B1,,344,63,0.13131066642278502,188522,,,,,,0,0,0,,
confirmation,2026-08-25,lightgbm_qlike__B2,,286,31,0.1338611150409243,188522,,,,,,0,0,0,,
confirmation,2026-08-25,log_ridge_harq__B0,1.0,,,0.13874667804245405,188522,390,8.341131979782795e-09,0.06694364761653859,0,0,,,,30,5
confirmation,2026-08-25,log_ridge_harq__B1,100.0,,,0.14165513020408532,188522,390,8.341131979782795e-09,0.06694364761653859,0,0,,,,97,18
confirmation,2026-08-25,log_ridge_harq__B2,100.0,,,0.14249911422718112,188522,390,8.341131979782795e-09,0.06694364761653859,0,0,,,,157,84
confirmation,2026-08-26,lightgbm_qlike__B0,,257,15,0.13833590328324688,188912,,,,,,0,0,0,,
confirmation,2026-08-26,lightgbm_qlike__B1,,245,63,0.13263328659080115,188912,,,,,,0,0,0,,
confirmation,2026-08-26,lightgbm_qlike__B2,,564,15,0.13545190566575743,188912,,,,,,0,0,0,,
confirmation,2026-08-26,log_ridge_harq__B0,1.0,,,0.14248305699181846,188912,390,8.341131979782795e-09,0.06694364761653859,0,0,,,,30,5
confirmation,2026-08-26,log_ridge_harq__B1,100.0,,,0.14525853129986668,188912,390,8.341131979782795e-09,0.06694364761653859,0,0,,,,97,18
confirmation,2026-08-26,log_ridge_harq__B2,100.0,,,0.1457814446811467,188912,390,8.341131979782795e-09,0.06694364761653859,0,0,,,,157,84
confirmation,2026-08-27,lightgbm_qlike__B0,,351,15,0.13891617409667253,189302,,,,,,0,0,0,,
confirmation,2026-08-27,lightgbm_qlike__B1,,151,63,0.13557237373337747,189302,,,,,,0,0,0,,
confirmation,2026-08-27,lightgbm_qlike__B2,,627,15,0.13605564688294366,189302,,,,,,0,0,0,,
confirmation,2026-08-27,log_ridge_harq__B0,100.0,,,0.14248755409836894,189302,390,8.341131979782795e-09,0.06694364761653859,0,0,,,,30,5
confirmation,2026-08-27,log_ridge_harq__B1,100.0,,,0.1453076943260889,189302,390,8.341131979782795e-09,0.06694364761653859,0,0,,,,97,18
confirmation,2026-08-27,log_ridge_harq__B2,100.0,,,0.14615279555948787,189302,390,8.341131979782795e-09,0.06694364761653859,0,0,,,,157,84
confirmation,2026-08-28,lightgbm_qlike__B0,,342,15,0.13445998400095713,189692,,,,,,0,0,0,,
confirmation,2026-08-28,lightgbm_qlike__B1,,511,15,0.13188241665032238,189692,,,,,,0,0,0,,
confirmation,2026-08-28,lightgbm_qlike__B2,,262,63,0.13178118044685605,189692,,,,,,0,0,0,,
confirmation,2026-08-28,log_ridge_harq__B0,100.0,,,0.13900728405439286,189692,390,8.341131979782795e-09,0.06694364761653859,0,0,,,,30,5
confirmation,2026-08-28,log_ridge_harq__B1,100.0,,,0.14198075813078567,189692,390,8.341131979782795e-09,0.06694364761653859,0,0,,,,97,18
confirmation,2026-08-28,log_ridge_harq__B2,100.0,,,0.14251953796598857,189692,390,8.341131979782795e-09,0.06694364761653859,0,0,,,,157,84
confirmation,2026-08-31,lightgbm_qlike__B0,,328,15,0.13187390082051056,190082,,,,,,0,0,0,,
confirmation,2026-08-31,lightgbm_qlike__B1,,149,63,0.13086828059636413,190082,,,,,,0,0,0,,
confirmation,2026-08-31,lightgbm_qlike__B2,,198,31,0.1323653882205436,190082,,,,,,0,0,0,,
confirmation,2026-08-31,log_ridge_harq__B0,100.0,,,0.13735504441287574,190082,390,8.341131979782795e-09,0.06694364761653859,0,0,,,,30,5
confirmation,2026-08-31,log_ridge_harq__B1,100.0,,,0.14057018635371427,190082,390,8.341131979782795e-09,0.06694364761653859,0,0,,,,97,18
confirmation,2026-08-31,log_ridge_harq__B2,100.0,,,0.14140885067867015,190082,390,8.341131979782795e-09,0.06694364761653859,0,0,,,,157,84
confirmation,2026-09-01,lightgbm_qlike__B0,,35,15,0.21266383390512197,190472,,,,,,0,0,0,,
confirmation,2026-09-01,lightgbm_qlike__B1,,33,15,0.2102635975981338,190472,,,,,,0,0,0,,
confirmation,2026-09-01,lightgbm_qlike__B2,,42,63,0.20946698641643352,190472,,,,,,0,0,0,,
confirmation,2026-09-01,log_ridge_harq__B0,0.0001,,,0.23235391760181984,190472,390,8.341131979782795e-09,0.06694364761653859,0,0,,,,30,5
confirmation,2026-09-01,log_ridge_harq__B1,0.0001,,,0.2323982222779594,190472,390,8.341131979782795e-09,0.06694364761653859,0,0,,,,97,18
confirmation,2026-09-01,log_ridge_harq__B2,0.0001,,,0.22340840651939287,190472,390,8.341131979782795e-09,0.06694364761653859,0,0,,,,157,84
confirmation,2026-09-02,lightgbm_qlike__B0,,35,15,0.21668843549072941,190862,,,,,,0,0,0,,
confirmation,2026-09-02,lightgbm_qlike__B1,,34,31,0.21211206199280822,190862,,,,,,0,0,0,,
confirmation,2026-09-02,lightgbm_qlike__B2,,37,31,0.21195010387173988,190862,,,,,,0,0,0,,
confirmation,2026-09-02,log_ridge_harq__B0,0.0001,,,0.23628060237465118,190862,390,8.341131979782795e-09,0.06694364761653859,0,0,,,,30,5
confirmation,2026-09-02,log_ridge_harq__B1,0.0001,,,0.23615742465042633,190862,390,8.341131979782795e-09,0.06694364761653859,0,0,,,,97,18
confirmation,2026-09-02,log_ridge_harq__B2,0.0001,,,0.22716854812356974,190862,390,8.341131979782795e-09,0.06694364761653859,0,0,,,,157,84
confirmation,2026-09-03,lightgbm_qlike__B0,,30,15,0.21692106168956027,191252,,,,,,0,0,0,,
confirmation,2026-09-03,lightgbm_qlike__B1,,28,63,0.2120579538580857,191252,,,,,,0,0,0,,
confirmation,2026-09-03,lightgbm_qlike__B2,,32,63,0.20876261090608633,191252,,,,,,0,0,0,,
confirmation,2026-09-03,log_ridge_harq__B0,0.0001,,,0.23472254956047509,191252,390,8.341131979782795e-09,0.06694364761653859,0,0,,,,30,5
confirmation,2026-09-03,log_ridge_harq__B1,0.0001,,,0.23448958113137083,191252,390,8.341131979782795e-09,0.06694364761653859,0,0,,,,97,18
confirmation,2026-09-03,log_ridge_harq__B2,0.0001,,,0.22577168174680384,191252,390,8.341131979782795e-09,0.06694364761653859,0,0,,,,157,84
confirmation,2026-09-04,lightgbm_qlike__B0,,33,15,0.21512635614729833,191642,,,,,,0,0,0,,
confirmation,2026-09-04,lightgbm_qlike__B1,,35,31,0.21073765095021663,191642,,,,,,0,0,0,,
confirmation,2026-09-04,lightgbm_qlike__B2,,39,63,0.20648702272007308,191642,,,,,,0,0,0,,
confirmation,2026-09-04,log_ridge_harq__B0,0.0001,,,0.23408876629919018,191642,390,8.341131979782795e-09,0.06694364761653859,0,0,,,,30,5
confirmation,2026-09-04,log_ridge_harq__B1,0.0001,,,0.23358041713972505,191642,390,8.341131979782795e-09,0.06694364761653859,0,0,,,,97,18
confirmation,2026-09-04,log_ridge_harq__B2,0.0001,,,0.22472960921129054,191642,390,8.341131979782795e-09,0.06694364761653859,0,0,,,,157,84
