asset,session_date,raw_asset_rows,iv_null_rows,iv_nonfinite_nonnull_rows,iv_below_003_rows,iv_above_3_rows,iv_rejected_total_rows,iv_rejected_percent,old_iv_eligible_rows,new_iv_eligible_rows,newly_rejected_within_old_iv_range
AAPL,2024-08-02,304386,36532,0,0,64,36596,12.022891985833777,267851,267790,61
AAPL,2024-08-05,239735,92,0,0,8,100,0.04171272446659854,239642,239635,7
AAPL,2024-08-06,175934,1,0,0,6,7,0.003978764764059249,175933,175927,6
AAPL,2024-08-07,170438,1,0,0,3,4,0.0023468944718900713,170437,170434,3
AAPL,2024-08-08,132879,0,0,0,7,7,0.005267950541470059,132878,132872,6
AAPL,2024-08-09,145023,9109,0,0,3,9112,6.283141294829096,135912,135911,1
AAPL,2024-08-12,114402,0,0,0,3,3,0.0026223317774164787,114400,114399,1
AAPL,2024-08-13,110155,0,0,0,1,1,0.0009078117198493032,110155,110154,1
AAPL,2024-08-14,104660,0,0,0,9,9,0.008599273839098032,104659,104651,8
AAPL,2024-08-15,117704,7,0,0,20,27,0.02293889757357439,117686,117677,9
AAPL,2024-08-16,109393,4384,0,0,0,4384,4.007569040066549,105009,105009,0
AAPL,2024-08-19,91524,0,0,0,3,3,0.0032778287662252525,91524,91521,3
AAPL,2024-08-20,86239,0,0,0,0,0,0.0,86239,86239,0
AAPL,2024-08-21,84304,0,0,0,3,3,0.0035585500094894667,84304,84301,3
AAPL,2024-08-22,101776,0,0,0,21,21,0.02063354818424776,101775,101755,20
AAPL,2024-08-23,119851,8024,0,0,0,8024,6.6949795996695896,111827,111827,0
AAPL,2024-08-26,77132,0,0,0,1,1,0.001296478763677851,77132,77131,1
AAPL,2024-08-27,99440,0,0,0,0,0,0.0,99440,99440,0
AAPL,2024-08-28,121814,0,0,0,0,0,0.0,121814,121814,0
AAPL,2024-08-29,184249,16,0,0,27,43,0.023337982838441455,184217,184206,11
AAPL,2024-08-30,135290,9175,0,0,0,9175,6.781728139552073,126115,126115,0
AAPL,2024-09-03,117024,0,0,0,5,5,0.004272627837024884,117024,117019,5
AAPL,2024-09-04,130295,0,0,0,7,7,0.005372424114509383,130295,130288,7
AAPL,2024-09-05,113340,0,0,0,13,13,0.01146991353449797,113334,113327,7
AAPL,2024-09-06,145886,12380,0,0,2,12382,8.487449104094978,133504,133504,0
AAPL,2024-09-09,198720,0,0,0,6,6,0.0030193236714975845,198717,198714,3
AAPL,2024-09-10,139898,0,0,0,11,11,0.007862871520679353,139890,139887,3
AAPL,2024-09-11,109515,0,0,0,8,8,0.007304935396977583,109509,109507,2
AAPL,2024-09-12,98531,0,0,0,6,6,0.006089454080441688,98526,98525,1
AAPL,2024-09-13,107694,5991,0,0,0,5991,5.5629840102512675,101703,101703,0
AAPL,2024-09-16,164860,0,0,0,31,31,0.01880383355574427,164837,164829,8
AAPL,2024-09-17,93286,0,0,0,4,4,0.004287888857920803,93286,93282,4
AAPL,2024-09-18,200501,0,0,0,6,6,0.00299250377803602,200500,200495,5
AAPL,2024-09-19,207466,1,0,0,71,72,0.034704481698205975,207420,207394,26
AAPL,2024-09-20,231534,11637,0,0,464,12101,5.226446223880726,219893,219433,460
AAPL,2024-09-23,129603,0,0,0,3,3,0.0023147612323788803,129603,129600,3
AAPL,2024-09-24,85971,0,0,0,2,2,0.0023263658675599912,85970,85969,1
AAPL,2024-09-25,105728,0,0,0,1,1,0.0009458232445520581,105728,105727,1
AAPL,2024-09-26,99894,0,0,0,1,1,0.0010010611247922797,99894,99893,1
AAPL,2024-09-27,104700,9,0,40806,0,40815,38.98280802292263,104685,63885,40800
AAPL,2024-09-30,152450,0,0,0,0,0,0.0,152450,152450,0
AAPL,2024-10-01,157823,0,0,0,1,1,0.0006336212085690932,157823,157822,1
AAPL,2024-10-02,99026,0,0,0,2,2,0.002019671601397613,99025,99024,1
AAPL,2024-10-03,93582,0,0,0,6,6,0.006411489388985061,93582,93576,6
AAPL,2024-10-04,111494,5,0,40914,1,40920,36.70152653954473,111486,70574,40912
AAPL,2024-10-07,86747,0,0,0,10,10,0.011527776176697754,86745,86737,8
AAPL,2024-10-08,81734,0,0,0,2,2,0.0024469620965571243,81734,81732,2
AAPL,2024-10-09,110183,0,0,0,2,2,0.001815162048591888,110182,110181,1
AAPL,2024-10-10,77241,0,0,0,9,9,0.01165184293315726,77240,77232,8
AAPL,2024-10-11,88989,2,0,32461,1,32464,36.48091337131556,88980,56525,32455
AAPL,2024-10-14,90285,0,0,0,6,6,0.006645622196378136,90281,90279,2
AAPL,2024-10-15,200746,0,0,0,8,8,0.00398513544479093,200745,200738,7
AAPL,2024-10-16,96212,0,0,0,37,37,0.03845674136282377,96212,96175,37
AAPL,2024-10-17,73245,0,0,0,24,24,0.032766741757116524,73244,73221,23
AAPL,2024-10-18,132413,122,0,50209,12,50343,38.01968084704674,132124,82070,50054
AAPL,2024-10-21,82186,0,0,0,3,3,0.0036502567347236757,82186,82183,3
AAPL,2024-10-22,85406,0,0,0,1,1,0.0011708779242676159,85406,85405,1
AAPL,2024-10-23,156052,3,0,0,2,5,0.0032040601850665163,156049,156047,2
AAPL,2024-10-24,85619,0,0,0,2,2,0.00233593010897114,85619,85617,2
AAPL,2024-10-25,113676,9,0,42848,1,42858,37.70188958091418,113626,70818,42808
AAPL,2024-10-28,80719,0,0,0,0,0,0.0,80719,80719,0
AAPL,2024-10-29,50395,0,0,0,1,1,0.0019843238416509573,50395,50394,1
AAPL,2024-10-30,89242,0,0,0,3,3,0.003361645861813944,89242,89239,3
AAPL,2024-10-31,172588,0,0,0,7,7,0.004055901916703363,172588,172581,7
AAPL,2024-11-01,196076,15,0,57912,2,57929,29.54415634753871,196058,138147,57911
AAPL,2024-11-04,83209,0,0,0,2,2,0.0024035861505366006,83208,83207,1
AAPL,2024-11-05,65810,0,0,0,2,2,0.00303905181583346,65809,65808,1
AAPL,2024-11-06,100780,0,0,0,0,0,0.0,100780,100780,0
AAPL,2024-11-07,113716,2,0,0,30,32,0.028140279292271975,113711,113684,27
AAPL,2024-11-08,95844,0,0,31290,6,31296,32.6530612244898,95757,64548,31209
AAPL,2024-11-11,100202,0,0,0,13,13,0.012973792938264705,100199,100189,10
AAPL,2024-11-12,76587,0,0,0,1,1,0.0013057046235000719,76586,76586,0
AAPL,2024-11-13,89992,0,0,0,1,1,0.0011112098853231398,89992,89991,1
AAPL,2024-11-14,124549,0,0,0,21,21,0.016860833888670324,124535,124528,7
AAPL,2024-11-15,93928,5,0,31906,47,31958,34.023933225449284,93916,61970,31946
AAPL,2024-11-18,107952,0,0,0,121,121,0.11208685341633319,107947,107831,116
AAPL,2024-11-19,76301,0,0,0,38,38,0.04980275487870408,76293,76263,30
AAPL,2024-11-20,82705,0,0,0,16,16,0.019345867843540292,82705,82689,16
AAPL,2024-11-21,95972,0,0,0,59,59,0.06147626391030717,95971,95913,58
AAPL,2024-11-22,102782,2,0,39045,2,39049,37.99206086668872,101011,63733,37278
AAPL,2024-11-25,105163,0,0,0,28,28,0.026625334005306048,105158,105135,23
AAPL,2024-11-26,113303,0,0,0,23,23,0.02029955076211574,113300,113280,20
AAPL,2024-11-27,80313,0,0,0,75,75,0.09338463262485526,80300,80238,62
AAPL,2024-11-29,82550,69,0,25517,70,25656,31.079345850999395,65593,56894,8699
AAPL,2024-12-02,130915,0,0,0,68,68,0.051942099835771305,130861,130847,14
AAPL,2024-12-03,114106,0,0,0,24,24,0.02103307450966645,114097,114082,15
AAPL,2024-12-04,105286,0,0,0,7,7,0.006648557263073913,105282,105279,3
AAPL,2024-12-05,87707,0,0,0,11,11,0.012541758354521305,87705,87696,9
AAPL,2024-12-06,91915,4,0,29208,16,29228,31.798944677147365,89171,62687,26484
AAPL,2024-12-09,145415,0,0,0,11,11,0.007564556613829385,145406,145404,2
AAPL,2024-12-10,97856,0,0,0,4,4,0.004087638979725311,97854,97852,2
AAPL,2024-12-11,150686,0,0,0,26,26,0.017254423104999802,150661,150660,1
AAPL,2024-12-12,109139,0,0,0,8,8,0.007330101980043797,109136,109131,5
AAPL,2024-12-13,127550,7,0,41305,14,41326,32.39984319874559,127289,86224,41065
AAPL,2024-12-16,119600,0,0,0,20,20,0.016722408026755852,119589,119580,9
AAPL,2024-12-17,120901,0,0,0,20,20,0.016542460360129362,120888,120881,7
AAPL,2024-12-18,137177,0,0,0,25,25,0.0182246294932824,137166,137152,14
AAPL,2024-12-19,145224,2,0,0,74,76,0.05233294772213959,145182,145148,34
AAPL,2024-12-20,190655,14,0,58533,21,58568,30.719362198735936,190632,132087,58545
AAPL,2024-12-23,104831,0,0,0,5,5,0.004769581516917706,104828,104826,2
AAPL,2024-12-24,89345,0,0,0,2,2,0.0022385136269517042,89343,89343,0
AAPL,2024-12-26,123472,0,0,0,13,13,0.01052870286380718,123466,123459,7
AAPL,2024-12-27,151371,16,0,54254,16,54286,35.862879943978704,151112,97085,54027
AAPL,2024-12-30,80303,0,0,0,9,9,0.011207551399076,80302,80294,8
AAPL,2024-12-31,73618,0,0,0,13,13,0.017658724768399033,73615,73605,10
AAPL,2025-01-02,190025,0,0,0,19,19,0.009998684383633733,190019,190006,13
AAPL,2025-01-03,126560,2,0,42031,8,42041,33.21823640960809,126552,84519,42033
AAPL,2025-01-06,115667,0,0,0,6,6,0.005187304935720646,115667,115661,6
AAPL,2025-01-07,114787,0,0,0,1,1,0.000871178792023487,114786,114786,0
AAPL,2025-01-08,105701,0,0,0,28,28,0.026489815611962043,105681,105673,8
AAPL,2025-01-10,193382,2,0,52068,25,52095,26.938908481658064,193358,141287,52071
AAPL,2025-01-13,139773,0,0,0,28,28,0.020032481237434983,139763,139745,18
AAPL,2025-01-14,96572,0,0,0,48,48,0.04970384790622541,96558,96524,34
AAPL,2025-01-15,104947,2,0,0,92,94,0.08956902055323163,104933,104853,80
AAPL,2025-01-16,278368,0,0,0,174,174,0.06250718473387745,278294,278194,100
AAPL,2025-01-17,183605,10,0,59022,28,59060,32.166879986928464,183551,124545,59006
AAPL,2025-01-21,283155,0,0,0,6,6,0.00211898077024951,283155,283149,6
AAPL,2025-01-22,176320,0,0,0,106,106,0.06011796733212341,176320,176214,106
AAPL,2025-01-23,219063,1,0,0,11,12,0.005477876227386642,219062,219051,11
AAPL,2025-01-24,155653,85,0,62067,9,62161,39.93562603997353,155559,93492,62067
AAPL,2025-02-25,154016,0,0,0,4,4,0.0025971327654269686,154015,154012,3
AAPL,2025-02-26,181296,0,0,0,8,8,0.004412673197422999,181290,181288,2
AAPL,2025-02-27,141498,1,0,0,8,9,0.006360513929525506,141492,141489,3
AAPL,2025-02-28,137370,79,0,35418,14,35511,25.850622406639005,137281,101859,35422
AAPL,2025-03-03,118640,0,0,0,5,5,0.004214430209035738,118639,118635,4
AAPL,2025-03-04,114255,0,0,0,3,3,0.0026257056583956937,114254,114252,2
AAPL,2025-03-05,164348,0,0,0,3,3,0.0018253948937620172,164348,164345,3
AAPL,2025-03-06,121002,0,0,0,11,11,0.009090758830432555,120999,120991,8
AAPL,2025-03-07,153263,2,0,11972,8,11982,7.817933878365946,153258,141281,11977
AAPL,2025-03-10,186829,0,0,0,5,5,0.0026762440520475945,186824,186824,0
AAPL,2025-03-11,193899,0,0,0,8,8,0.00412585933914048,193893,193891,2
AAPL,2025-03-12,191226,0,0,0,11,11,0.0057523558511917835,191223,191215,8
AAPL,2025-03-13,206393,0,0,0,8,8,0.0038761004491431397,206390,206385,5
AAPL,2025-03-14,181762,19,0,26367,14,26400,14.524488066812646,181740,155362,26378
AAPL,2025-03-17,118766,0,0,0,27,27,0.02273377902766785,118754,118739,15
AAPL,2025-03-18,94807,0,0,0,57,57,0.06012214287974517,94776,94750,26
AAPL,2025-03-19,143911,0,0,0,15,15,0.0104231087269215,143902,143896,6
AAPL,2025-03-20,132576,1,0,0,42,43,0.032434226405986,132556,132533,23
AAPL,2025-03-21,124098,49,0,34843,57,34949,28.16242002288514,124044,89149,34895
AAPL,2025-03-24,106823,0,0,0,3,3,0.0028083839622553195,106823,106820,3
AAPL,2025-03-25,112752,0,0,0,5,5,0.0044345111394919826,112752,112747,5
AAPL,2025-03-26,97660,0,0,0,7,7,0.0071677247593692405,97659,97653,6
AAPL,2025-03-27,92038,0,0,0,12,12,0.013038092961602816,92038,92026,12
AAPL,2025-03-28,129886,3,0,46386,57,46446,35.75905024406018,129851,83440,46411
AAPL,2025-03-31,121628,0,0,0,3,3,0.0024665373104877167,121628,121625,3
AAPL,2025-04-01,85461,0,0,0,3,3,0.0035103731526661282,85461,85458,3
AAPL,2025-04-02,76595,0,0,0,3,3,0.003916704745740584,76595,76592,3
AAPL,2025-04-03,275741,0,0,0,23,23,0.008341160726914024,275740,275718,22
AAPL,2025-04-07,274569,0,0,0,15,15,0.005463107634146608,274569,274554,15
AAPL,2025-04-08,295337,0,0,0,10,10,0.0033859624767638326,295337,295327,10
AAPL,2025-04-09,391443,0,0,0,447,447,0.11419287099271158,391430,390996,434
AAPL,2025-04-10,307107,0,0,0,1983,1983,0.6457032890816555,306669,305124,1545
AAPL,2025-04-11,321006,7,0,0,52,59,0.01837971875915092,320981,320947,34
AAPL,2025-04-14,313170,0,0,0,12,12,0.003831784653702462,313169,313158,11
AAPL,2025-04-15,145007,0,0,0,9,9,0.00620659692290717,145007,144998,9
AAPL,2025-04-16,193414,1,0,0,52,53,0.027402359705088565,193413,193361,52
AAPL,2025-04-17,157348,28,0,4597,59,4684,2.9768411419274474,157278,152664,4614
AAPL,2025-04-21,106185,0,0,0,2,2,0.0018835052031831237,106185,106183,2
AAPL,2025-04-22,137069,0,0,0,2,2,0.001459119129781351,137069,137067,2
AAPL,2025-04-23,133925,0,0,0,12,12,0.00896023893970506,133923,133913,10
AAPL,2025-04-24,112723,0,0,0,22,22,0.01951686878454264,112721,112701,20
AAPL,2025-04-25,135126,4,0,20483,74,20561,15.216168612998239,135120,114565,20555
AAPL,2025-04-28,84714,0,0,0,3,3,0.0035413272894680927,84713,84711,2
AAPL,2025-04-29,74037,0,0,0,9,9,0.012156084120102112,74037,74028,9
AAPL,2025-04-30,81057,0,0,0,12,12,0.014804396905881046,81051,81045,6
AAPL,2025-05-01,205840,0,0,0,35,35,0.01700349786241741,205835,205805,30
AAPL,2025-05-02,317919,12,0,22484,33,22529,7.086396220420925,317903,295390,22513
AAPL,2025-05-05,193919,0,0,0,6,6,0.0030940753613622183,193919,193913,6
AAPL,2025-05-06,113039,0,0,0,2,2,0.0017693008607648688,113038,113037,1
AAPL,2025-05-07,171920,0,0,0,8,8,0.004653327128897162,171920,171912,8
AAPL,2025-05-08,152219,0,0,0,45,45,0.029562669574757422,152212,152174,38
AAPL,2025-05-09,127374,5,0,33520,25,33550,26.33975536608727,127362,93824,33538
AAPL,2025-05-12,185189,0,0,0,19,19,0.010259788648353843,185185,185170,15
AAPL,2025-05-13,137458,0,0,0,30,30,0.021824848317304194,137454,137428,26
AAPL,2025-05-14,146231,0,0,0,15,15,0.010257742886255309,146228,146216,12
AAPL,2025-05-15,137905,2,0,0,15,17,0.012327326782930277,137899,137888,11
AAPL,2025-05-16,134789,3,0,37362,27,37392,27.741136146124685,134776,97397,37379
AAPL,2025-05-19,156330,0,0,0,2,2,0.0012793449753726093,156328,156328,0
AAPL,2025-05-20,127146,0,0,0,4,4,0.0031459896496940525,127142,127142,0
AAPL,2025-05-21,186857,0,0,0,10,10,0.00535168604868964,186852,186847,5
AAPL,2025-05-22,145518,0,0,0,11,11,0.007559202297997498,145517,145507,10
AAPL,2025-05-23,234621,123,0,11427,21,11571,4.93178359993351,234489,223050,11439
AAPL,2025-05-27,142226,0,0,0,12,12,0.008437275884859308,142214,142214,0
AAPL,2025-05-28,96630,0,0,0,7,7,0.007244127082686536,96625,96623,2
AAPL,2025-05-29,129057,1,0,0,43,44,0.03409346257855056,129017,129013,4
AAPL,2025-05-30,133270,55,0,26454,69,26578,19.942972912133264,133177,106692,26485
AAPL,2025-06-02,81392,0,0,0,35,35,0.04300176921564773,81367,81357,10
AAPL,2025-06-03,93215,0,0,0,6,6,0.006436732285576356,93210,93209,1
AAPL,2025-06-04,126973,0,0,0,17,17,0.013388673182487616,126965,126956,9
AAPL,2025-06-05,123072,0,0,0,21,21,0.01706318252730109,123067,123051,16
AAPL,2025-06-06,141034,11,0,43994,20,44025,31.215877022561937,141005,97009,43996
AAPL,2025-06-09,209984,0,0,0,26,26,0.012381895763486741,209959,209958,1
AAPL,2025-06-10,137077,0,0,0,42,42,0.030639713445727582,137060,137035,25
AAPL,2025-06-11,191986,1,0,0,57,58,0.03021053618493015,191937,191928,9
AAPL,2025-06-12,133285,0,0,0,11,11,0.008252991709494692,133280,133274,6
AAPL,2025-06-13,182909,6,0,53908,39,53953,29.497181658638997,182880,128956,53924
AAPL,2025-06-16,108582,0,0,0,45,45,0.04144333314914074,108570,108537,33
AAPL,2025-06-17,106286,0,0,0,5,5,0.004704288429332179,106281,106281,0
AAPL,2025-06-18,99929,0,0,0,43,43,0.043030551691701106,99897,99886,11
AAPL,2025-06-20,173949,38,0,57898,61,57997,33.34138166933987,173890,115952,57938
AAPL,2025-06-23,113224,0,0,0,0,0,0.0,113224,113224,0
AAPL,2025-06-24,130787,0,0,0,5,5,0.003823009932179804,130787,130782,5
AAPL,2025-06-25,99065,0,0,0,24,24,0.024226517942764852,99064,99041,23
AAPL,2025-06-26,139067,0,0,0,16,16,0.01150524567294901,139067,139051,16
AAPL,2025-06-27,149755,9,0,47343,6,47358,31.623651964875965,149731,102397,47334
AAPL,2025-06-30,269274,1,0,0,31,32,0.011883806085994191,269273,269242,31
AAPL,2025-07-01,305744,1,0,0,32,33,0.010793343450730023,305743,305711,32
AAPL,2025-07-02,312052,0,0,0,9,9,0.002884134695499468,312051,312043,8
AAPL,2025-07-03,171088,22,0,61653,12,61687,36.05571401851679,164983,109401,55582
AAPL,2025-07-07,158546,0,0,0,2,2,0.0012614635500107225,158546,158544,2
AAPL,2025-07-08,109437,0,0,0,0,0,0.0,109437,109437,0
AAPL,2025-07-09,131860,0,0,0,7,7,0.005308660700743212,131860,131853,7
AAPL,2025-07-10,148996,0,0,0,16,16,0.010738543316599103,148994,148980,14
AAPL,2025-07-11,111223,8,0,37477,11,37496,33.712451561277796,111210,73727,37483
AAPL,2025-07-14,112659,0,0,0,1,1,0.0008876343656521006,112659,112658,1
AAPL,2025-07-15,125837,0,0,0,5,5,0.003973394152753165,125837,125832,5
AAPL,2025-07-16,134557,0,0,0,12,12,0.008918153644923713,134556,134545,11
AAPL,2025-07-17,118572,0,0,0,26,26,0.021927605168167864,118561,118546,15
AAPL,2025-07-18,138226,34,0,39183,67,39284,28.420123565754633,138189,98942,39247
AAPL,2025-07-21,216737,0,0,0,5,5,0.0023069434383607783,216737,216732,5
AAPL,2025-07-22,137517,0,0,0,14,14,0.010180559494462503,137517,137503,14
AAPL,2025-07-23,131524,0,0,0,6,6,0.0045619050515495274,131523,131518,5
AAPL,2025-07-24,122077,0,0,0,8,8,0.006553240987245755,122075,122069,6
AAPL,2025-07-25,112301,7,0,40457,10,40474,36.04064077790937,112178,71827,40351
AAPL,2025-07-28,72698,0,0,0,2,2,0.0027511073206965804,72698,72696,2
AAPL,2025-07-29,86832,0,0,0,21,21,0.02418463239358762,86832,86811,21
AAPL,2025-07-30,86901,0,0,0,18,18,0.020713225394414333,86900,86883,17
AAPL,2025-07-31,192165,0,0,0,21,21,0.010928108656623215,192164,192144,20
AAPL,2025-08-01,306107,27,0,23548,11,23586,7.70514885317879,306079,282521,23558
AAPL,2025-08-04,167890,0,0,0,6,6,0.0035737685389242956,167885,167884,1
AAPL,2025-08-05,96336,0,0,0,5,5,0.0051901677462215575,96335,96331,4
AAPL,2025-08-06,326004,0,0,0,16,16,0.0049079152403038,326001,325988,13
AAPL,2025-08-07,274480,74,0,0,30,104,0.037889828038472746,274393,274376,17
AAPL,2025-08-08,506589,5,0,80376,67,80448,15.880329024120146,506557,426141,80416
AAPL,2025-08-11,195470,0,0,0,18,18,0.009208574205760475,195468,195452,16
AAPL,2025-08-12,162219,0,0,0,10,10,0.006164506007311104,162216,162209,7
AAPL,2025-08-13,250776,0,0,0,18,18,0.00717772035601493,250772,250758,14
AAPL,2025-08-14,166602,0,0,0,12,12,0.007202794684337523,166597,166590,7
AAPL,2025-08-15,149873,8,0,43079,49,43136,28.781701840891955,149844,106737,43107
AAPL,2025-08-18,108057,0,0,0,9,9,0.008328937505205585,108049,108048,1
AAPL,2025-08-19,106417,0,0,0,18,18,0.016914590713889698,106412,106399,13
AAPL,2025-08-20,109684,0,0,0,28,28,0.02552788009190037,109675,109656,19
AAPL,2025-08-21,99410,0,0,0,11,11,0.011065285182577206,99406,99399,7
AAPL,2025-08-22,133957,2,0,31149,14,31165,23.264928297886634,133949,102792,31157
AAPL,2025-08-25,101146,0,0,0,16,16,0.01581871749747889,101137,101130,7
AAPL,2025-08-26,103301,0,0,0,46,46,0.04453006263250114,103289,103255,34
AAPL,2025-08-27,90155,0,0,0,5,5,0.005546004104043037,90153,90150,3
AAPL,2025-08-28,120701,0,0,0,12,12,0.009941922602132542,120693,120689,4
AAPL,2025-08-29,129618,1,0,31627,6,31634,24.405560956040055,129616,97984,31632
AAPL,2025-09-02,93947,0,0,0,11,11,0.011708729389975199,93937,93936,1
AAPL,2025-09-03,204239,1,0,0,14,15,0.007344336781907471,204232,204224,8
AAPL,2025-09-04,143855,0,0,0,9,9,0.006256299746272288,143855,143846,9
AAPL,2025-09-05,142518,12,0,47722,15,47749,33.50383811167712,142493,94769,47724
AAPL,2025-09-08,111234,0,0,0,18,18,0.01618210259453045,111221,111216,5
AAPL,2025-09-09,213620,0,0,0,10,10,0.004681209624566988,213611,213610,1
AAPL,2025-09-10,251027,3,0,0,19,22,0.008763997498277078,251015,251005,10
AAPL,2025-09-11,161098,0,0,0,101,101,0.06269475722851929,161071,160997,74
AAPL,2025-09-12,210880,19,0,75293,32,75344,35.72837632776935,210793,135536,75257
AAPL,2025-09-15,125226,1,0,0,62,63,0.05030904125341383,125203,125163,40
AAPL,2025-09-16,177207,0,0,0,143,143,0.0806965864779608,177134,177064,70
AAPL,2025-09-17,101886,0,0,0,109,109,0.10698231356614255,101818,101777,41
AAPL,2025-09-18,114006,0,0,0,40,40,0.03508587267336807,113981,113966,15
AAPL,2025-09-19,349710,44,0,124136,131,124311,35.54688170198164,349582,225399,124183
AAPL,2025-09-22,342030,0,0,0,154,154,0.04502529017922405,342030,341876,154
AAPL,2025-09-23,165454,0,0,0,18,18,0.010879156744472785,165454,165436,18
AAPL,2025-09-24,126799,0,0,0,5,5,0.003943248763791513,126798,126794,4
AAPL,2025-09-25,169079,10,0,0,37,47,0.027797656716682734,169058,169032,26
AAPL,2025-09-26,154584,52,0,58084,14,58150,37.61708844382342,154506,96434,58072
AAPL,2025-09-29,88954,0,0,0,107,107,0.12028688985318255,88954,88847,107
AAPL,2025-09-30,88589,0,0,0,45,45,0.0507963742676856,88589,88544,45
AAPL,2025-10-01,140844,0,0,0,20,20,0.014200107920820198,140844,140824,20
AAPL,2025-10-02,121274,0,0,0,25,25,0.020614476309843824,121258,121249,9
AAPL,2025-10-03,173973,11,0,73143,8,73162,42.053652003471804,173950,100811,73139
AAPL,2025-10-06,107189,0,0,0,1,1,0.000932931550812117,107189,107188,1
AAPL,2025-10-07,74166,0,0,0,0,0,0.0,74166,74166,0
AAPL,2025-10-08,82147,0,0,0,26,26,0.03165057762304162,82146,82121,25
AAPL,2025-10-09,115825,0,0,0,44,44,0.037988344485214764,115789,115781,8
AAPL,2025-10-10,177274,31,0,38005,11,38047,21.46225616841725,177221,139227,37994
AAPL,2025-10-13,83602,0,0,0,5,5,0.0059807181646372096,83602,83597,5
AAPL,2025-10-14,85671,0,0,0,12,12,0.014007073572153937,85670,85659,11
AAPL,2025-10-15,91900,0,0,0,12,12,0.013057671381936888,91900,91888,12
AAPL,2025-10-16,106545,0,0,0,24,24,0.022525693368999015,106541,106521,20
AAPL,2025-10-17,147834,7,0,51940,5,51952,35.1421188630491,147823,95882,51941
AAPL,2025-10-20,253880,17663,0,83,6,17752,6.99227981723649,236217,236128,89
AAPL,2025-10-21,168612,0,0,0,3,3,0.001779232794818874,168612,168609,3
AAPL,2025-10-22,133001,0,0,0,6,6,0.004511244276358824,133001,132995,6
AAPL,2025-10-23,88485,0,0,0,3,3,0.0033904051534158334,88485,88482,3
AAPL,2025-10-24,161548,6,0,60659,15,60680,37.56159160125783,161514,100868,60646
AAPL,2025-10-27,108877,0,0,0,4,4,0.003673870514433719,108876,108873,3
AAPL,2025-10-28,95131,0,0,0,7,7,0.0073582743795397925,95131,95124,7
AAPL,2025-10-29,111560,0,0,0,2,2,0.0017927572606669057,111560,111558,2
AAPL,2025-10-30,195971,0,0,0,17,17,0.008674752897112328,195965,195954,11
AAPL,2025-10-31,256461,179,0,52969,19,53167,20.731027329691454,256278,203294,52984
AAPL,2025-11-03,108504,0,0,0,8,8,0.007373000073730001,108501,108496,5
AAPL,2025-11-04,99165,0,0,0,4,4,0.00403368123834014,99165,99161,4
AAPL,2025-11-05,77334,0,0,0,14,14,0.018103292212998164,77328,77320,8
AAPL,2025-11-06,118490,0,0,0,27,27,0.022786733057641995,118480,118463,17
AAPL,2025-11-07,144530,18,0,56935,10,56963,39.41257870338338,144503,87567,56936
AAPL,2025-11-10,108761,0,0,0,24,24,0.022066733479831926,108759,108737,22
AAPL,2025-11-11,139477,0,0,0,10,10,0.007169640872688687,139471,139467,4
AAPL,2025-11-12,91540,0,0,0,9,9,0.009831767533318768,91536,91531,5
AAPL,2025-11-13,112216,1,0,0,13,14,0.012475939259998575,112209,112202,7
AAPL,2025-11-14,126660,5,0,47617,4,47626,37.601452708037264,126650,79034,47616
AAPL,2025-11-17,102376,0,0,0,4,4,0.0039071657419707745,102374,102372,2
AAPL,2025-11-18,88045,0,0,0,22,22,0.024987222443068884,88039,88023,16
AAPL,2025-11-19,89567,0,0,0,11,11,0.012281308964239061,89564,89556,8
AAPL,2025-11-20,148484,3,0,0,40,43,0.02895934915546456,148477,148441,36
AAPL,2025-11-21,148764,68,0,49560,27,49655,33.37837111129036,148692,99109,49583
AAPL,2025-11-24,113700,0,0,0,10,10,0.008795074758135445,113698,113690,8
AAPL,2025-11-25,135785,0,0,0,4,4,0.0029458334867621607,135783,135781,2
AAPL,2025-11-26,107265,2,0,0,11,13,0.012119517083857735,107262,107252,10
AAPL,2025-11-28,72639,28,0,27212,8,27248,37.511529619075155,67962,45391,22571
AAPL,2025-12-01,122076,0,0,0,10,10,0.008191618336118483,122067,122066,1
AAPL,2025-12-02,170744,0,0,0,14,14,0.008199409642505739,170734,170730,4
AAPL,2025-12-03,133298,0,0,0,18,18,0.013503578448288797,133296,133280,16
AAPL,2025-12-04,140261,0,0,0,11,11,0.007842522155125087,140259,140250,9
AAPL,2025-12-05,108102,8,0,41122,2,41132,38.04924978261272,108060,66970,41090
AAPL,2025-12-08,76366,0,0,0,4,4,0.005237933111594165,76366,76362,4
AAPL,2025-12-09,89033,0,0,0,13,13,0.014601327597632338,89023,89020,3
AAPL,2025-12-10,75402,0,0,0,8,8,0.010609798148590224,75395,75394,1
AAPL,2025-12-11,118128,0,0,0,21,21,0.017777326290125964,118117,118107,10
AAPL,2025-12-12,115753,8,0,39619,26,39653,34.25656354478934,115689,76100,39589
AAPL,2025-12-15,97965,0,0,0,36,36,0.03674781809830041,97946,97929,17
AAPL,2025-12-16,76200,0,0,0,21,21,0.027559055118110236,76187,76179,8
AAPL,2025-12-17,70319,0,0,0,64,64,0.09101380850125855,70290,70255,35
AAPL,2025-12-18,123982,11,0,0,94,105,0.08468971302285816,123923,123877,46
AAPL,2025-12-19,105854,29,0,30281,50,30360,28.681013471385114,105804,75494,30310
AAPL,2025-12-22,82161,0,0,0,4,4,0.004868489916140261,82159,82157,2
AAPL,2025-12-23,72117,0,0,0,9,9,0.012479720454261824,72117,72108,9
AAPL,2025-12-24,78598,2,0,0,9,11,0.013995267055141352,78594,78587,7
AAPL,2025-12-26,70709,20,0,24544,4,24568,34.74522338033348,62661,46141,16520
AAPL,2025-12-29,55673,0,0,0,17,17,0.03053544806279525,55667,55656,11
AAPL,2025-12-30,50838,0,0,0,1,1,0.0019670325347181244,50838,50837,1
AAPL,2025-12-31,51324,0,0,0,17,17,0.03312290546333099,51312,51307,5
AAPL,2026-01-02,118315,4,0,42021,28,42053,35.54325318007015,118234,76262,41972
AAPL,2026-01-05,106061,2,0,0,14,16,0.015085658253269345,106054,106045,9
AAPL,2026-01-06,123644,3,0,0,15,18,0.014557924363495196,123640,123626,14
AAPL,2026-01-07,103829,0,0,0,70,70,0.06741854395207504,103826,103759,67
AAPL,2026-01-08,156536,0,0,0,27,27,0.017248428476516583,156525,156509,16
AAPL,2026-01-09,160409,4,0,53657,34,53695,33.47380757937522,160375,106714,53661
AAPL,2026-01-12,120467,0,0,0,27,27,0.022412776943063244,120465,120440,25
AAPL,2026-01-13,97623,0,0,0,83,83,0.085020947932352,97608,97540,68
AAPL,2026-01-14,100628,0,0,0,19,19,0.01888142465317804,100626,100609,17
AAPL,2026-01-15,98031,0,0,0,132,132,0.13465128377758057,97962,97899,63
AAPL,2026-01-16,137076,18,0,41571,15,41604,30.351046134990806,136952,95472,41480
AAPL,2026-01-20,160700,19,0,0,12,31,0.019290603609209707,160681,160669,12
AAPL,2026-01-21,133684,0,0,0,8,8,0.005984261392537626,133681,133676,5
AAPL,2026-01-22,105852,0,0,0,5,5,0.00472357631409893,105852,105847,5
AAPL,2026-01-23,127953,9,0,41920,4,41933,32.77218978843794,127936,86020,41916
AAPL,2026-01-26,153453,0,0,0,2,2,0.0013033306615054772,153453,153451,2
AAPL,2026-01-27,144618,0,0,0,2,2,0.0013829537125392413,144618,144616,2
AAPL,2026-01-28,90182,0,0,0,7,7,0.007762081124836442,90182,90175,7
AAPL,2026-01-29,176692,0,0,0,3,3,0.0016978697394335906,176692,176689,3
AAPL,2026-01-30,279303,128,0,34564,53,34745,12.439895024400025,279164,244558,34606
AAPL,2026-02-02,254088,115,0,57681,15,57811,22.752353515317527,253957,196277,57680
AAPL,2026-02-03,173001,3,0,0,7,10,0.005780313408593014,172996,172991,5
AAPL,2026-02-04,290511,58,0,81684,43,81785,28.152118164200324,290447,208726,81721
AAPL,2026-02-05,165953,6,0,0,14,20,0.012051604972492212,165946,165933,13
AAPL,2026-02-06,195399,32,0,72021,8,72061,36.878899073178474,195361,123338,72023
AAPL,2026-02-09,156787,14,0,45308,0,45322,28.906733338861002,156735,111465,45270
AAPL,2026-02-10,85171,0,0,0,5,5,0.005870542790386399,85171,85166,5
AAPL,2026-02-11,186430,64,0,59612,1,59677,32.010406050528346,186345,126753,59592
AAPL,2026-02-12,207349,3,0,0,7,10,0.004822786702612504,207345,207339,6
AAPL,2026-02-13,171018,15,0,31929,9,31953,18.683998175630634,171002,139065,31937
AAPL,2026-02-17,184445,5,0,0,9,14,0.0075903385833175204,184439,184431,8
AAPL,2026-02-18,117179,13,0,33796,13,33822,28.863533568301488,117159,83357,33802
AAPL,2026-02-19,89980,0,0,0,14,14,0.01555901311402534,89978,89966,12
AAPL,2026-02-20,146037,7,0,52385,4,52396,35.878578716352706,146029,93641,52388
AAPL,2026-02-23,170011,6,0,59546,14,59566,35.036556458111534,169993,110445,59548
AAPL,2026-02-24,165830,0,0,0,2,2,0.0012060543930531267,165830,165828,2
AAPL,2026-02-25,134173,2,0,44598,2,44602,33.24215751306149,134160,89571,44589
AAPL,2026-02-26,108352,1,0,0,32,33,0.030456290608387476,108337,108319,18
AAPL,2026-02-27,159574,151,0,51382,4,51537,32.29661473673656,159420,108037,51383
AAPL,2026-03-02,126697,2,0,28520,1,28523,22.512766679558315,126695,98174,28521
AAPL,2026-03-03,117986,0,0,0,43,43,0.036445001949383826,117986,117943,43
AAPL,2026-03-04,131207,2,0,39968,4,39974,30.466362312986348,131205,91233,39972
AAPL,2026-03-05,152858,0,0,0,7,7,0.004579413573381832,152854,152851,3
AAPL,2026-03-06,135322,2,0,28006,2,28010,20.69877773015474,135320,107312,28008
AAPL,2026-03-09,105606,1,0,23485,2,23488,22.241160540120827,105603,82118,23485
AAPL,2026-03-10,95121,0,0,0,1,1,0.0010512925642076933,95121,95120,1
AAPL,2026-03-11,77900,9,0,24407,0,24416,31.342747111681643,77890,53484,24406
AAPL,2026-03-12,112986,0,0,0,2,2,0.001770130812667056,112984,112984,0
AAPL,2026-03-13,119335,3,0,34966,1,34970,29.30405999916202,119332,84365,34967
AAPL,2026-03-16,106926,3,0,26677,7,26687,24.958382432710472,106921,80239,26682
AAPL,2026-03-17,77515,0,0,0,6,6,0.007740437334709411,77514,77509,5
AAPL,2026-03-18,91977,1,0,24318,10,24329,26.451178011894278,91971,67648,24323
AAPL,2026-03-19,104170,1,0,0,31,32,0.030719016991456273,104167,104138,29
AAPL,2026-03-20,123048,0,0,33163,10,33173,26.959397958520253,123044,89875,33169
AAPL,2026-03-23,123132,2,0,30103,1,30106,24.45018354286457,123122,93026,30096
AAPL,2026-03-24,99497,0,0,0,5,5,0.005025277144034493,99497,99492,5
AAPL,2026-03-25,99091,1,0,26921,4,26926,27.173002593575603,99086,72165,26921
AAPL,2026-03-26,151611,0,0,0,4,4,0.0026383309918145783,151608,151607,1
AAPL,2026-03-27,167984,1,0,66386,1,66388,39.52043051719211,167983,101596,66387
AAPL,2026-03-30,119179,4,0,32483,8,32495,27.265709562926354,119172,86684,32488
AAPL,2026-03-31,110589,0,0,0,8,8,0.007233992530902712,110588,110581,7
AAPL,2026-04-01,102201,2,0,26018,7,26027,25.46648271543331,102187,76174,26013
AAPL,2026-04-02,118938,1,0,41370,2,41373,34.78535035060283,118931,77565,41366
AAPL,2026-04-06,159929,2,0,60315,1,60318,37.71548624702211,159914,99611,60303
AAPL,2026-04-07,213608,54,0,0,4,58,0.027152541103329462,213554,213550,4
AAPL,2026-04-08,150664,8,0,46216,18,46242,30.69213614400255,150654,104422,46232
AAPL,2026-04-09,119171,1,0,0,218,219,0.18376954124745115,119072,118952,120
AAPL,2026-04-10,137729,2,0,46587,1,46590,33.82729853552992,137724,91139,46585
AAPL,2026-04-13,125321,4,0,37693,51,37748,30.121049145793602,125270,87573,37697
AAPL,2026-04-14,159818,0,0,0,181,181,0.1132538262273336,159816,159637,179
AAPL,2026-04-15,237253,5,0,77935,302,78242,32.9782974293265,237133,159011,78122
AAPL,2026-04-16,187191,1,0,0,560,561,0.29969389553984965,186910,186630,280
AAPL,2026-04-17,252069,33,0,94370,16,94419,37.457600894993035,252025,157650,94375
AAPL,2026-04-20,223885,10,0,87130,6,87146,38.92444781919289,223858,136739,87119
AAPL,2026-04-21,206379,0,0,0,209,209,0.10126999355554586,206378,206170,208
AAPL,2026-04-22,257223,8,0,108855,24,108887,42.33175104870093,257197,148336,108861
AAPL,2026-04-23,149414,0,0,0,277,277,0.18539092722234865,149206,149137,69
AAPL,2026-04-24,159168,17,0,58510,5,58532,36.773723361479696,159146,100636,58510
AAPL,2026-04-27,153103,1,0,43435,11,43447,28.377628132694984,153099,109656,43443
AAPL,2026-04-28,139886,0,0,0,619,619,0.4425031811618032,139883,139267,616
AAPL,2026-04-29,141935,3,0,57335,262,57600,40.58195652939726,141809,84335,57474
AAPL,2026-04-30,216934,0,0,0,832,832,0.383526786949026,216525,216102,423
AAPL,2026-05-01,373020,149,0,86032,20,86201,23.10894858184548,372860,286819,86041
AAPL,2026-05-04,171840,11,0,52385,5,52401,30.494064245810055,171806,119439,52367
AAPL,2026-05-05,203971,0,0,0,84,84,0.04118232493834908,203970,203887,83
AAPL,2026-05-06,215802,13,0,70044,6,70063,32.46633488104837,215781,145739,70042
AAPL,2026-05-07,228262,1,0,0,239,240,0.10514233643795289,228128,228022,106
AAPL,2026-05-08,230138,1042,0,77791,66,78899,34.28334303765567,228979,151239,77740
AAPL,2026-05-11,163672,6,0,52517,1,52524,32.091011290874434,163643,111148,52495
AAPL,2026-05-12,155823,0,0,0,405,405,0.25991028282089296,155808,155418,390
AAPL,2026-05-13,272268,64,0,97656,18,97738,35.89771842449351,272152,174530,97622
AAPL,2026-05-14,141202,0,0,0,406,406,0.28753133808303,140960,140796,164
AAPL,2026-05-15,252111,9,0,105055,42,105106,41.69036654489491,252092,147005,105087
AAPL,2026-05-18,142396,7,0,49380,25,49412,34.70041293294756,142385,92984,49401
AAPL,2026-05-19,134258,4,0,0,130,134,0.0998078326803617,134251,134124,127
AAPL,2026-05-20,192201,13,0,84140,18,84171,43.793216476501165,192169,108030,84139
AAPL,2026-05-21,143956,0,0,0,759,759,0.5272444357998277,143863,143197,666
AAPL,2026-05-22,239365,25,0,94194,7,94226,39.3649865268523,239247,145139,94108
AAPL,2026-05-26,158803,7,0,43157,55,43219,27.215480815853606,158667,115584,43083
AAPL,2026-05-27,186359,94,0,69698,50,69842,37.47712747975682,185927,116517,69410
AAPL,2026-05-28,126573,0,0,0,370,370,0.2923214271606109,126323,126203,120
AAPL,2026-05-29,183522,43,0,69370,141,69554,37.89954337899543,183284,113968,69316
AAPL,2026-06-01,148665,9,0,47921,4,47934,32.24296236504894,148634,100731,47903
AAPL,2026-06-02,188998,3,0,0,3107,3110,1.6455200584133165,188836,185888,2948
AAPL,2026-06-03,218951,72,0,86538,71,86681,39.58922315951971,218724,132270,86454
AAPL,2026-06-04,136116,0,0,0,505,505,0.3710070821945987,136047,135611,436
AAPL,2026-06-05,273844,14,0,131540,84,131638,48.07043426184251,273698,142206,131492
AAPL,2026-06-08,359384,12,0,63,264,339,0.09432807247957617,359367,359045,322
AAPL,2026-06-09,282111,0,0,0,157,157,0.055651853348504664,282109,281954,155
AAPL,2026-06-10,256544,20,0,108045,770,108835,42.42352189098166,256194,147709,108485
AAPL,2026-06-11,173708,5,0,0,36,41,0.023602827733898265,173693,173667,26
AAPL,2026-06-12,193343,8,0,92550,14,92572,47.879674981768154,193329,100771,92558
AAPL,2026-06-15,186594,27,0,0,1049,1076,0.5766530542246803,186380,185518,862
AAPL,2026-06-16,182168,0,0,0,267,267,0.14656800316191648,182021,181901,120
AAPL,2026-06-17,218117,5,0,0,1120,1125,0.5157782291155664,217479,216992,487
AAPL,2026-06-18,190043,26,0,0,1336,1362,0.7166799092836884,189050,188681,369
AAPL,2026-06-22,169967,7,0,0,1522,1529,0.8995863902992934,169738,168438,1300
AAPL,2026-06-23,162435,1,0,0,8,9,0.005540677809585373,162433,162426,7
AAPL,2026-06-24,181287,6,0,0,391,397,0.21898977863829178,181132,180890,242
AAPL,2026-06-25,281244,2,0,0,42,44,0.015644778199712706,281239,281200,39
AAPL,2026-06-26,265751,100,0,0,1298,1398,0.526056345978002,265228,264353,875
AAPL,2026-06-29,189509,6,0,0,773,779,0.4110622714488494,189202,188730,472
AAPL,2026-06-30,190394,0,0,0,44,44,0.023109971952897674,190393,190350,43
AAPL,2026-07-01,195746,36,0,0,3070,3106,1.5867501762488123,194754,192640,2114
AAPL,2026-07-02,366548,26,0,0,1821,1847,0.5038903499678078,365719,364701,1018
AAPL,2026-07-06,272497,2,0,0,8315,8317,3.052143693325064,267170,264180,2990
AAPL,2026-07-07,179349,2,0,0,534,536,0.29885864989489763,179347,178813,534
AAPL,2026-07-08,254662,11,0,0,5052,5063,1.9881254368535548,251973,249599,2374
AAPL,2026-07-09,175789,3,0,0,371,374,0.21275506431005353,175503,175415,88
AAPL,2026-07-10,211972,29,0,0,2080,2109,0.9949427282848678,211446,209863,1583
AAPL,2026-07-13,335762,63,0,0,5936,5999,1.786682233248551,333143,329763,3380
AAPL,2026-07-14,153811,0,0,0,749,749,0.4869612706503436,153780,153062,718
AAPL,2026-07-15,410019,15,0,0,6481,6496,1.5843168243422865,406421,403523,2898
AAPL,2026-07-16,318112,1,0,0,1037,1038,0.3263001710089528,317632,317074,558
AAPL,2026-07-17,361033,20,0,0,2771,2791,0.7730595264144828,359737,358242,1495
AAPL,2026-07-20,304309,70,0,0,4252,4322,1.4202668997630699,302117,299987,2130
AAPL,2026-07-21,222600,0,0,0,270,270,0.12129380053908356,222557,222330,227
AAPL,2026-07-22,217575,16,0,0,2535,2551,1.172469263472366,216480,215024,1456
AAPL,2026-07-23,147965,0,0,0,328,328,0.22167404453755957,147738,147637,101
AAPL,2026-07-24,394627,44,0,0,2293,2337,0.5922047908531347,393570,392290,1280
AAPL,2026-07-27,309900,50,0,0,3670,3720,1.2003872216844143,307856,306180,1676
AAPL,2026-07-28,207715,1,0,0,230,231,0.11121007149218881,207688,207484,204
AAPL,2026-07-29,291484,50,0,0,4598,4648,1.5945986743697766,288473,286836,1637
AAPL,2026-07-30,188646,0,0,0,394,394,0.20885680056826011,188395,188252,143
AAPL,2026-07-31,438012,613,0,0,3422,4035,0.9212076381469001,435811,433977,1834
AAPL,2026-08-03,315416,13,0,0,3015,3028,0.9600020290663759,313734,312388,1346
AAPL,2026-08-04,274169,0,0,0,100,100,0.03647385371796228,274160,274069,91
AAPL,2026-08-05,280177,55,0,0,2301,2356,0.8408970043936511,278829,277821,1008
AAPL,2026-08-06,262292,1,0,0,143,144,0.05490064508257972,262214,262148,66
AAPL,2026-08-07,222968,50,0,0,631,681,0.30542499372107207,222567,222287,280
AAPL,2026-08-10,211275,43,0,0,1748,1791,0.8477103301384451,209721,209484,237
AAPL,2026-08-11,146646,0,0,0,73,73,0.049779741690874624,146645,146573,72
AAPL,2026-08-12,194569,6,0,0,1381,1387,0.7128576494713957,193909,193182,727
AAPL,2026-08-13,169134,0,0,0,846,846,0.5001951115683423,168689,168288,401
AAPL,2026-08-14,174935,5,0,0,1129,1134,0.6482407751450538,174187,173801,386
AAPL,2026-08-17,182049,10,0,0,928,938,0.5152458953358711,181307,181111,196
AAPL,2026-08-18,232417,0,0,0,669,669,0.28784469294414783,232368,231748,620
AAPL,2026-08-19,360266,12,0,0,1356,1368,0.3797194295326231,359429,358898,531
AAPL,2026-08-20,208636,0,0,0,223,223,0.10688471788186123,208463,208413,50
AAPL,2026-08-21,229325,20,0,0,884,904,0.3942003706530034,228789,228421,368
AAPL,2026-08-24,213535,5,0,0,1030,1035,0.484698058866228,212887,212500,387
AAPL,2026-08-25,141373,0,0,0,880,880,0.6224668076648299,141372,140493,879
AAPL,2026-08-26,252100,7,0,0,1483,1490,0.5910353034510115,251448,250610,838
AAPL,2026-08-27,178511,1,0,0,410,411,0.23023791250959325,178195,178100,95
AAPL,2026-08-28,303386,6,0,0,936,942,0.31049554033475507,302830,302444,386
AAPL,2026-08-31,234513,48,0,0,624,672,0.2865512786071561,234241,233841,400
AAPL,2026-09-01,459616,0,0,0,218,218,0.04743089883729026,459603,459398,205
AAPL,2026-09-02,287611,3,0,0,469,472,0.16411055209988493,287426,287139,287
AAPL,2026-09-03,279635,0,0,0,340,340,0.12158706885761797,279397,279295,102
AAPL,2026-09-04,342232,5,0,0,377,382,0.11162018747516304,341988,341850,138
AMZN,2024-08-02,304095,17322,0,0,1497,18819,6.188526611749618,286751,285276,1475
AMZN,2024-08-05,118087,1,0,0,0,1,0.0008468332669980608,118086,118086,0
AMZN,2024-08-06,94647,2,0,0,0,2,0.0021131150485488182,94645,94645,0
AMZN,2024-08-07,84882,1,0,0,6,7,0.008246742536698005,84881,84875,6
AMZN,2024-08-08,72000,0,0,0,9,9,0.0125,71998,71991,7
AMZN,2024-08-09,86108,5940,0,0,3,5943,6.9017977423700465,80168,80165,3
AMZN,2024-08-12,60385,0,0,0,0,0,0.0,60385,60385,0
AMZN,2024-08-13,91348,0,0,0,0,0,0.0,91348,91348,0
AMZN,2024-08-14,71300,0,0,0,5,5,0.0070126227208976155,71300,71295,5
AMZN,2024-08-15,145290,2,0,0,450,452,0.31110193406290865,145278,144838,440
AMZN,2024-08-16,78746,4138,0,0,0,4138,5.254870088639423,74608,74608,0
AMZN,2024-08-19,57058,0,0,0,2,2,0.003505205229766203,57058,57056,2
AMZN,2024-08-20,49464,0,0,0,0,0,0.0,49464,49464,0
AMZN,2024-08-21,97539,0,0,0,1,1,0.0010252309332677186,97539,97538,1
AMZN,2024-08-22,72248,0,0,0,7,7,0.009688849518325767,72248,72241,7
AMZN,2024-08-23,71599,4410,0,0,0,4410,6.15930390089247,67189,67189,0
AMZN,2024-08-26,54749,0,0,0,1,1,0.0018265173793128643,54749,54748,1
AMZN,2024-08-27,67207,0,0,0,6,6,0.008927641465918729,67207,67201,6
AMZN,2024-08-28,63885,0,0,0,1,1,0.0015653126712060735,63885,63884,1
AMZN,2024-08-29,64554,0,0,0,4,4,0.006196362735074511,64553,64550,3
AMZN,2024-08-30,99407,5399,0,0,0,5399,5.431207057853069,94008,94008,0
AMZN,2024-09-03,62240,0,0,0,0,0,0.0,62240,62240,0
AMZN,2024-09-04,57311,0,0,0,4,4,0.006979462930327512,57311,57307,4
AMZN,2024-09-05,91631,0,0,0,8,8,0.008730669751503313,91631,91623,8
AMZN,2024-09-06,74437,3273,0,0,0,3273,4.397006864865591,71164,71164,0
AMZN,2024-09-09,53583,0,0,0,3,3,0.005598790661217177,53583,53580,3
AMZN,2024-09-10,79792,0,0,0,2,2,0.002506516944054542,79792,79790,2
AMZN,2024-09-11,90006,0,0,0,3,3,0.003333111125924938,90006,90003,3
AMZN,2024-09-12,94961,0,0,0,9,9,0.009477575004475521,94955,94952,3
AMZN,2024-09-13,72353,2661,0,0,3,2664,3.6819482260583527,69692,69689,3
AMZN,2024-09-16,48760,0,0,0,11,11,0.022559474979491387,48755,48749,6
AMZN,2024-09-17,65545,0,0,0,18,18,0.027462048973987338,65543,65527,16
AMZN,2024-09-18,46143,0,0,0,81,81,0.17554125219426564,46077,46062,15
AMZN,2024-09-19,74658,0,0,0,150,150,0.20091617777063409,74637,74508,129
AMZN,2024-09-20,88654,4310,0,0,0,4310,4.861596769463307,84344,84344,0
AMZN,2024-09-23,87640,0,0,0,1,1,0.0011410314924691922,87640,87639,1
AMZN,2024-09-24,75692,0,0,0,1,1,0.0013211435818844793,75692,75691,1
AMZN,2024-09-25,48511,0,0,0,3,3,0.006184164416317949,48511,48508,3
AMZN,2024-09-26,87032,0,0,0,24,24,0.027576063976468425,87026,87008,18
AMZN,2024-09-27,93232,4,0,25529,2,25535,27.388664836107775,93228,67697,25531
AMZN,2024-09-30,83052,0,0,0,0,0,0.0,83052,83052,0
AMZN,2024-10-01,72646,0,0,0,0,0,0.0,72646,72646,0
AMZN,2024-10-02,50576,0,0,0,0,0,0.0,50576,50576,0
AMZN,2024-10-03,77862,0,0,0,19,19,0.02440214738897023,77861,77843,18
AMZN,2024-10-04,115175,21,0,31098,3,31122,27.021489038419794,115152,84053,31099
AMZN,2024-10-07,104936,0,0,0,0,0,0.0,104936,104936,0
AMZN,2024-10-08,59213,0,0,0,0,0,0.0,59213,59213,0
AMZN,2024-10-09,67057,0,0,0,1,1,0.00149126862221692,67057,67056,1
AMZN,2024-10-10,85274,0,0,0,5,5,0.005863451931421067,85273,85269,4
AMZN,2024-10-11,88602,4,0,26700,1,26705,30.140403151170403,88598,61897,26701
AMZN,2024-10-14,59619,0,0,0,5,5,0.008386588168201412,59619,59614,5
AMZN,2024-10-15,59373,0,0,0,10,10,0.01684267259528742,59373,59363,10
AMZN,2024-10-16,47437,0,0,0,14,14,0.029512827539684212,47437,47423,14
AMZN,2024-10-17,66343,0,0,0,23,23,0.03466831466771174,66336,66320,16
AMZN,2024-10-18,108819,15,0,32351,15,32381,29.756752037787518,108797,76438,32359
AMZN,2024-10-21,70982,0,0,0,0,0,0.0,70982,70982,0
AMZN,2024-10-22,80226,0,0,0,1,1,0.0012464786976790568,80226,80225,1
AMZN,2024-10-23,77214,0,0,0,4,4,0.00518040769808584,77214,77210,4
AMZN,2024-10-24,57926,0,0,0,2,2,0.0034526810068017818,57925,57924,1
AMZN,2024-10-25,79490,4,0,26271,7,26282,33.06327839979872,79485,53208,26277
AMZN,2024-10-28,45235,0,0,0,0,0,0.0,45235,45235,0
AMZN,2024-10-29,45600,0,0,0,1,1,0.0021929824561403508,45600,45599,1
AMZN,2024-10-30,77993,0,0,0,9,9,0.011539497134358211,77993,77984,9
AMZN,2024-10-31,167395,0,0,0,14,14,0.008363451716001075,167391,167381,10
AMZN,2024-11-01,268417,17,0,36748,42,36807,13.71261879836225,268385,231610,36775
AMZN,2024-11-04,74255,0,0,0,0,0,0.0,74255,74255,0
AMZN,2024-11-05,69424,0,0,0,4,4,0.005761696243374049,69424,69420,4
AMZN,2024-11-06,165144,0,0,0,4,4,0.002422128566584314,165143,165140,3
AMZN,2024-11-07,137727,0,0,0,11,11,0.007986814495342234,137726,137716,10
AMZN,2024-11-08,77405,17,0,16321,8,16346,21.117498869582068,77385,61059,16326
AMZN,2024-11-11,67573,0,0,0,1,1,0.0014798810175661876,67573,67572,1
AMZN,2024-11-12,84555,0,0,0,27,27,0.031931878658861094,84555,84528,27
AMZN,2024-11-13,172017,0,0,0,34,34,0.019765488294761564,172017,171983,34
AMZN,2024-11-14,107539,0,0,0,98,98,0.09112972967946513,107485,107441,44
AMZN,2024-11-15,206576,10,0,35959,7,35976,17.415382232205097,206564,170600,35964
AMZN,2024-11-18,80568,0,0,0,2,2,0.0024823751365306325,80568,80566,2
AMZN,2024-11-19,85919,0,0,0,2,2,0.0023277738334943378,85919,85917,2
AMZN,2024-11-20,78380,0,0,0,1,1,0.0012758356723653994,78380,78379,1
AMZN,2024-11-21,149545,0,0,0,2,2,0.0013373900832525326,149544,149543,1
AMZN,2024-11-22,97042,3,0,22046,2,22051,22.72315080068424,97035,74991,22044
AMZN,2024-11-25,96705,0,0,0,1,1,0.0010340726953104802,96705,96704,1
AMZN,2024-11-26,174964,0,0,0,2,2,0.0011430922932717587,174964,174962,2
AMZN,2024-11-27,101380,0,0,0,1,1,0.0009863878477017164,101380,101379,1
AMZN,2024-11-29,73003,122,0,22351,14,22487,30.802843718751284,68710,50516,18194
AMZN,2024-12-02,115940,0,0,0,2,2,0.0017250301880282904,115940,115938,2
AMZN,2024-12-03,86197,0,0,0,3,3,0.003480399549868325,86197,86194,3
AMZN,2024-12-04,174603,0,0,0,3,3,0.0017181835363653546,174603,174600,3
AMZN,2024-12-05,124216,0,0,0,7,7,0.005635344883106846,124216,124209,7
AMZN,2024-12-06,170065,10,0,45502,7,45519,26.76564842854203,170040,124546,45494
AMZN,2024-12-09,141116,0,0,0,4,4,0.002834547464497293,141115,141112,3
AMZN,2024-12-10,76602,0,0,0,0,0,0.0,76602,76602,0
AMZN,2024-12-11,106280,0,0,0,1,1,0.000940910801656003,106280,106279,1
AMZN,2024-12-12,76706,0,0,0,6,6,0.007822073892524704,76703,76700,3
AMZN,2024-12-13,78098,0,0,23596,3,23599,30.217163051550617,78082,54499,23583
AMZN,2024-12-16,86681,0,0,0,26,26,0.029995039281964907,86681,86655,26
AMZN,2024-12-17,74716,0,0,0,46,46,0.061566465014187055,74716,74670,46
AMZN,2024-12-18,96426,0,0,0,47,47,0.04874204052848817,96425,96379,46
AMZN,2024-12-19,85111,0,0,0,93,93,0.10926907215283571,85095,85018,77
AMZN,2024-12-20,100041,4,0,18467,42,18513,18.505412780759887,100021,81528,18493
AMZN,2024-12-23,53367,0,0,0,0,0,0.0,53367,53367,0
AMZN,2024-12-24,50005,0,0,0,1,1,0.001999800019998,50005,50004,1
AMZN,2024-12-26,56219,0,0,0,16,16,0.028460129137835962,56212,56203,9
AMZN,2024-12-27,82306,5,0,18262,3,18270,22.19765266201735,82298,64036,18262
AMZN,2024-12-30,56762,0,0,0,1,1,0.0017617420104999823,56762,56761,1
AMZN,2024-12-31,46419,0,0,0,3,3,0.006462870807212564,46419,46416,3
AMZN,2025-01-02,84453,0,0,0,17,17,0.02012953950718151,84453,84436,17
AMZN,2025-01-03,77061,2,0,22429,16,22447,29.128871932624804,77058,54614,22444
AMZN,2025-01-06,95045,0,0,0,13,13,0.013677731600820664,95045,95032,13
AMZN,2025-01-07,72024,0,0,0,30,30,0.04165278240586471,72024,71994,30
AMZN,2025-01-08,54543,0,0,0,24,24,0.04400198008910401,54543,54519,24
AMZN,2025-01-10,88959,3,0,17006,30,17039,19.153767465911262,88955,71920,17035
AMZN,2025-01-13,63814,0,0,0,95,95,0.1488701538847275,63773,63719,54
AMZN,2025-01-14,65998,0,0,0,62,62,0.09394224067395981,65988,65936,52
AMZN,2025-01-15,70238,0,0,0,165,165,0.23491557276687833,70197,70073,124
AMZN,2025-01-16,64236,0,0,0,244,244,0.3798493056852855,64143,63992,151
AMZN,2025-01-17,96968,25,0,25423,65,25513,26.31074168797954,96920,71455,25465
AMZN,2025-01-21,118905,0,0,0,1,1,0.0008410075270173668,118905,118904,1
AMZN,2025-01-22,114689,0,0,0,4,4,0.003487692804017822,114689,114685,4
AMZN,2025-01-23,64152,0,0,0,20,20,0.031175957101883027,64143,64132,11
AMZN,2025-01-24,73024,7,0,21563,10,21580,29.551928133216478,73012,51444,21568
AMZN,2025-02-25,150136,0,0,0,0,0,0.0,150136,150136,0
AMZN,2025-02-26,129036,0,0,0,1,1,0.0007749775256517561,129036,129035,1
AMZN,2025-02-27,132531,2,0,0,4,6,0.004527242682844014,132529,132525,4
AMZN,2025-02-28,130244,34,0,12768,15,12817,9.840760418906052,130208,117427,12781
AMZN,2025-03-03,113230,0,0,0,0,0,0.0,113230,113230,0
AMZN,2025-03-04,144941,0,0,0,0,0,0.0,144941,144941,0
AMZN,2025-03-05,100470,0,0,0,0,0,0.0,100470,100470,0
AMZN,2025-03-06,120285,0,0,0,1,1,0.000831358856050214,120285,120284,1
AMZN,2025-03-07,168200,3,0,12,5,20,0.011890606420927468,168197,168180,17
AMZN,2025-03-10,129068,0,0,0,0,0,0.0,129068,129068,0
AMZN,2025-03-11,122697,0,0,0,0,0,0.0,122697,122697,0
AMZN,2025-03-12,99791,0,0,0,0,0,0.0,99791,99791,0
AMZN,2025-03-13,104302,0,0,0,4,4,0.0038350175452052694,104302,104298,4
AMZN,2025-03-14,104256,9,0,11881,10,11900,11.414211172498465,104247,92356,11891
AMZN,2025-03-17,93087,0,0,0,5,5,0.005371319303447313,93087,93082,5
AMZN,2025-03-18,100088,0,0,0,2,2,0.0019982415474382544,100088,100086,2
AMZN,2025-03-19,80368,0,0,0,12,12,0.014931315946645431,80368,80356,12
AMZN,2025-03-20,107917,0,0,0,47,47,0.04355198902860532,107904,107870,34
AMZN,2025-03-21,93264,26,0,19017,13,19056,20.432321152856407,93237,74208,19029
AMZN,2025-03-24,125072,0,0,0,0,0,0.0,125072,125072,0
AMZN,2025-03-25,88582,0,0,0,0,0,0.0,88582,88582,0
AMZN,2025-03-26,80183,0,0,0,1,1,0.0012471471508923339,80183,80182,1
AMZN,2025-03-27,78874,0,0,0,3,3,0.0038035347516291807,78874,78871,3
AMZN,2025-03-28,133023,0,0,22946,7,22953,17.2549108048984,133019,110070,22949
AMZN,2025-03-31,117710,0,0,0,5,5,0.004247727465805794,117710,117705,5
AMZN,2025-04-01,91348,0,0,0,0,0,0.0,91348,91348,0
AMZN,2025-04-02,139738,0,0,0,2,2,0.0014312499105468806,139738,139736,2
AMZN,2025-04-03,210213,0,0,0,8,8,0.0038056637791192742,210213,210205,8
AMZN,2025-04-07,193548,5,0,0,0,5,0.002583338500010333,193543,193543,0
AMZN,2025-04-08,178346,0,0,0,0,0,0.0,178346,178346,0
AMZN,2025-04-09,180041,0,0,0,3,3,0.0016662871234885386,180041,180038,3
AMZN,2025-04-10,144917,0,0,0,36,36,0.024841805999296147,144917,144881,36
AMZN,2025-04-11,119534,19,0,2,20,41,0.034299864473706226,119510,119493,17
AMZN,2025-04-14,115956,0,0,0,3,3,0.00258718824381662,115956,115953,3
AMZN,2025-04-15,96556,0,0,0,9,9,0.009321015783586727,96556,96547,9
AMZN,2025-04-16,119751,1,0,0,32,33,0.027557181150888094,119749,119718,31
AMZN,2025-04-17,99569,3,0,26,24,53,0.05322941879500648,99556,99516,40
AMZN,2025-04-21,102223,0,0,0,0,0,0.0,102223,102223,0
AMZN,2025-04-22,114030,0,0,0,0,0,0.0,114030,114030,0
AMZN,2025-04-23,142655,1,0,0,3,4,0.0028039676141740563,142654,142651,3
AMZN,2025-04-24,98438,0,0,0,23,23,0.023364960685913976,98437,98415,22
AMZN,2025-04-25,108623,4,0,5984,24,6012,5.534739419828213,108616,102611,6005
AMZN,2025-04-28,64984,0,0,0,1,1,0.0015388403299273668,64984,64983,1
AMZN,2025-04-29,68985,0,0,0,0,0,0.0,68985,68985,0
AMZN,2025-04-30,88401,0,0,0,4,4,0.004524835691903937,88401,88397,4
AMZN,2025-05-01,239533,0,0,0,59,59,0.024631261663319876,239525,239474,51
AMZN,2025-05-02,270759,14,0,23,20,57,0.021051931791740995,270742,270702,40
AMZN,2025-05-05,85008,0,0,0,0,0,0.0,85008,85008,0
AMZN,2025-05-06,71246,0,0,0,0,0,0.0,71246,71246,0
AMZN,2025-05-07,111507,0,0,0,3,3,0.002690414054723022,111507,111504,3
AMZN,2025-05-08,113972,0,0,0,6,6,0.005264450917769277,113972,113966,6
AMZN,2025-05-09,95754,14,0,21658,9,21681,22.642396140109028,95740,74073,21667
AMZN,2025-05-12,176043,1,0,0,5,6,0.0034082582096419626,176042,176037,5
AMZN,2025-05-13,139335,0,0,0,29,29,0.020813148168084113,139335,139306,29
AMZN,2025-05-14,83638,0,0,0,16,16,0.019130060498816326,83638,83622,16
AMZN,2025-05-15,130723,107,0,0,63,170,0.13004597507707136,130581,130553,28
AMZN,2025-05-16,92666,2,0,22731,26,22759,24.560248634882264,92659,69907,22752
AMZN,2025-05-19,77759,0,0,0,1,1,0.0012860247688370478,77759,77758,1
AMZN,2025-05-20,70096,0,0,0,0,0,0.0,70096,70096,0
AMZN,2025-05-21,99870,0,0,0,5,5,0.005006508460999299,99870,99865,5
AMZN,2025-05-22,90339,0,0,0,16,16,0.017711066095484784,90339,90323,16
AMZN,2025-05-23,85211,2,0,10999,16,11017,12.929081926042413,85205,74194,11011
AMZN,2025-05-27,80704,0,0,0,0,0,0.0,80704,80704,0
AMZN,2025-05-28,61942,0,0,0,2,2,0.0032288269671628296,61942,61940,2
AMZN,2025-05-29,78284,0,0,0,19,19,0.024270604465791223,78280,78265,15
AMZN,2025-05-30,76133,4,0,13294,26,13324,17.500952280876888,76123,62809,13314
AMZN,2025-06-02,67870,0,0,0,0,0,0.0,67870,67870,0
AMZN,2025-06-03,73102,0,0,0,1,1,0.0013679516292303905,73102,73101,1
AMZN,2025-06-04,65335,0,0,0,8,8,0.012244585597306191,65335,65327,8
AMZN,2025-06-05,141832,0,0,0,24,24,0.016921428168537426,141830,141808,22
AMZN,2025-06-06,136208,11,0,37641,54,37706,27.68266181134735,136184,98502,37682
AMZN,2025-06-09,117338,0,0,0,6,6,0.005113432988460686,117338,117332,6
AMZN,2025-06-10,79471,0,0,0,11,11,0.013841527097935095,79471,79460,11
AMZN,2025-06-11,85961,0,0,0,9,9,0.010469864240760345,85961,85952,9
AMZN,2025-06-12,63171,0,0,0,44,44,0.06965221383229646,63153,63127,26
AMZN,2025-06-13,83359,6,0,18139,18,18163,21.78888902218117,83350,65196,18154
AMZN,2025-06-16,88147,0,0,0,26,26,0.029496182513301644,88135,88121,14
AMZN,2025-06-17,78009,0,0,0,16,16,0.020510453921983363,78001,77993,8
AMZN,2025-06-18,78301,0,0,0,48,48,0.061301899081748636,78281,78253,28
AMZN,2025-06-20,113244,17,0,27725,55,27797,24.54611281833916,113203,85447,27756
AMZN,2025-06-23,76434,0,0,0,0,0,0.0,76434,76434,0
AMZN,2025-06-24,82877,0,0,0,4,4,0.004826429528095853,82877,82873,4
AMZN,2025-06-25,70510,0,0,0,1,1,0.001418238547723727,70510,70509,1
AMZN,2025-06-26,128711,0,0,0,10,10,0.007769343723535673,128707,128701,6
AMZN,2025-06-27,195027,70,0,47886,31,47987,24.605311059494326,194951,147040,47911
AMZN,2025-06-30,122091,0,0,0,0,0,0.0,122091,122091,0
AMZN,2025-07-01,107483,0,0,0,4,4,0.0037215187518026107,107483,107479,4
AMZN,2025-07-02,80830,0,0,0,3,3,0.0037114932574539156,80829,80827,2
AMZN,2025-07-03,117487,8,0,38887,15,38910,33.11855779788402,116608,78577,38031
AMZN,2025-07-07,105405,0,0,0,2,2,0.0018974431952943408,105405,105403,2
AMZN,2025-07-08,132146,0,0,0,11,11,0.008324126345103143,132146,132135,11
AMZN,2025-07-09,100589,0,0,0,0,0,0.0,100589,100589,0
AMZN,2025-07-10,80210,0,0,0,5,5,0.006233636703652911,80207,80205,2
AMZN,2025-07-11,160674,0,0,45622,13,45635,28.40223060358241,160666,115039,45627
AMZN,2025-07-14,83697,0,0,0,9,9,0.010753073586866913,83697,83688,9
AMZN,2025-07-15,77147,0,0,0,7,7,0.009073586788857635,77147,77140,7
AMZN,2025-07-16,89057,0,0,0,11,11,0.012351639960923902,89053,89046,7
AMZN,2025-07-17,68525,0,0,0,22,22,0.03210507114191901,68523,68503,20
AMZN,2025-07-18,97858,13,0,27868,18,27899,28.50967728749821,97835,69959,27876
AMZN,2025-07-21,101696,0,0,0,0,0,0.0,101696,101696,0
AMZN,2025-07-22,72123,0,0,0,1,1,0.0013865202501282532,72123,72122,1
AMZN,2025-07-23,51971,0,0,0,2,2,0.00384830001346905,51971,51969,2
AMZN,2025-07-24,138560,0,0,0,6,6,0.0043302540415704385,138558,138554,4
AMZN,2025-07-25,76392,0,0,23347,1,23348,30.563409781128914,76355,53044,23311
AMZN,2025-07-28,61110,0,0,0,0,0,0.0,61110,61110,0
AMZN,2025-07-29,53239,0,0,0,2,2,0.0037566445650744754,53239,53237,2
AMZN,2025-07-30,46197,0,0,0,1,1,0.00216464272571812,46196,46196,0
AMZN,2025-07-31,242468,0,0,0,80,80,0.03299404457495422,242461,242388,73
AMZN,2025-08-01,294220,151,0,756,41,948,0.3222078716606621,294069,293272,797
AMZN,2025-08-04,167983,0,0,0,3,3,0.0017858950012798914,167983,167980,3
AMZN,2025-08-05,117247,0,0,0,34,34,0.028998609772531492,117247,117213,34
AMZN,2025-08-06,153434,0,0,0,33,33,0.02150761891106274,153428,153401,27
AMZN,2025-08-07,135568,0,0,0,11,11,0.008114009205712263,135562,135557,5
AMZN,2025-08-08,83366,0,0,22459,2,22461,26.9426384857136,83363,60905,22458
AMZN,2025-08-11,68191,0,0,0,14,14,0.020530568550101918,68191,68177,14
AMZN,2025-08-12,76961,0,0,0,2,2,0.0025987188316160133,76961,76959,2
AMZN,2025-08-13,99322,0,0,0,20,20,0.020136525643865408,99317,99302,15
AMZN,2025-08-14,235653,2,0,0,66,68,0.028855987405210202,235634,235585,49
AMZN,2025-08-15,129687,15,0,46918,14,46947,36.20023595271692,129667,82740,46927
AMZN,2025-08-18,63222,0,0,0,0,0,0.0,63222,63222,0
AMZN,2025-08-19,60899,0,0,0,1,1,0.0016420630880638434,60899,60898,1
AMZN,2025-08-20,83246,0,0,0,7,7,0.008408812435432332,83246,83239,7
AMZN,2025-08-21,65983,0,0,0,5,5,0.007577709409999545,65983,65978,5
AMZN,2025-08-22,102964,10,0,20301,4,20315,19.730196962044985,102953,82649,20304
AMZN,2025-08-25,57863,0,0,0,0,0,0.0,57863,57863,0
AMZN,2025-08-26,45355,0,0,0,0,0,0.0,45355,45355,0
AMZN,2025-08-27,49048,0,0,0,14,14,0.02854346762355244,49048,49034,14
AMZN,2025-08-28,88119,0,0,0,5,5,0.005674145190027123,88118,88114,4
AMZN,2025-08-29,69564,3,0,17947,3,17953,25.807889138059917,69561,51611,17950
AMZN,2025-09-02,72021,0,0,0,2,2,0.002776967828827703,72021,72019,2
AMZN,2025-09-03,56002,0,0,0,2,2,0.003571301024963394,56002,56000,2
AMZN,2025-09-04,168612,14,0,0,68,82,0.04863236305838256,168562,168530,32
AMZN,2025-09-05,90348,2,0,23875,0,23877,26.427812458493825,90346,66471,23875
AMZN,2025-09-08,98791,0,0,0,22,22,0.02226923505177597,98791,98769,22
AMZN,2025-09-09,68175,0,0,0,87,87,0.1276127612761276,68175,68088,87
AMZN,2025-09-10,135619,0,0,0,19,19,0.01400983637985828,135617,135600,17
AMZN,2025-09-11,85154,0,0,0,27,27,0.031707259788148534,85138,85127,11
AMZN,2025-09-12,124726,5,0,29122,6,29133,23.357599858890687,124718,95593,29125
AMZN,2025-09-15,125948,0,0,0,17,17,0.013497633944167434,125945,125931,14
AMZN,2025-09-16,116813,0,0,0,29,29,0.024826003955039252,116805,116784,21
AMZN,2025-09-17,98193,0,0,0,176,176,0.17923884594624873,98041,98017,24
AMZN,2025-09-18,111359,0,0,0,520,520,0.46695821621961403,111073,110839,234
AMZN,2025-09-19,112730,1,0,24287,21,24309,21.563913776279605,112716,88421,24295
AMZN,2025-09-22,124585,0,0,0,41,41,0.03290925873901353,124585,124544,41
AMZN,2025-09-23,221568,0,0,0,7,7,0.0031593009820912767,221568,221561,7
AMZN,2025-09-24,139860,0,0,0,5,5,0.003575003575003575,139860,139855,5
AMZN,2025-09-25,156087,0,0,0,29,29,0.0185793820113142,156070,156058,12
AMZN,2025-09-26,132690,0,0,29644,5,29649,22.34456251413068,132689,103041,29648
AMZN,2025-09-29,106770,0,0,0,2,2,0.0018731853516905498,106770,106768,2
AMZN,2025-09-30,114875,0,0,0,69,69,0.060065288356909684,114875,114806,69
AMZN,2025-10-01,104618,0,0,0,206,206,0.19690684203483147,104618,104412,206
AMZN,2025-10-02,118440,0,0,0,159,159,0.1342451874366768,118380,118281,99
AMZN,2025-10-03,135568,0,0,29317,2,29319,21.626785082025258,135564,106249,29315
AMZN,2025-10-06,135073,0,0,0,0,0,0.0,135073,135073,0
AMZN,2025-10-07,93532,0,0,0,7,7,0.007484069623230552,93532,93525,7
AMZN,2025-10-08,171582,0,0,0,61,61,0.035551514727652084,171582,171521,61
AMZN,2025-10-09,155965,0,0,0,63,63,0.040393678068797484,155927,155902,25
AMZN,2025-10-10,213156,44,0,17642,8,17694,8.30096267522378,213086,195462,17624
AMZN,2025-10-13,107768,0,0,0,140,140,0.12990869274738326,107768,107628,140
AMZN,2025-10-14,130512,0,0,0,45,45,0.03447958808385436,130501,130467,34
AMZN,2025-10-15,124975,0,0,0,28,28,0.022404480896179236,124962,124947,15
AMZN,2025-10-16,135023,0,0,0,22,22,0.01629352036319738,135012,135001,11
AMZN,2025-10-17,151727,0,0,17265,7,17272,11.383603445662276,151727,134455,17272
AMZN,2025-10-20,123784,426,0,0,1,427,0.3449557293349706,123358,123357,1
AMZN,2025-10-21,192687,0,0,0,1,1,0.0005189763710058282,192687,192686,1
AMZN,2025-10-22,105406,1,0,0,30,31,0.029410090507181755,105405,105375,30
AMZN,2025-10-23,97206,0,0,0,18,18,0.01851737547064996,97206,97188,18
AMZN,2025-10-24,141327,4,0,36505,10,36519,25.840073022140142,141308,104808,36500
AMZN,2025-10-27,121288,0,0,0,0,0,0.0,121288,121288,0
AMZN,2025-10-28,127717,0,0,0,1,1,0.0007829811223251408,127717,127716,1
AMZN,2025-10-29,125798,0,0,0,3,3,0.0023847755926167348,125798,125795,3
AMZN,2025-10-30,235971,0,0,0,71,71,0.030088443071394366,235971,235900,71
AMZN,2025-10-31,484456,28,0,108,246,382,0.07885133015175785,484405,484074,331
AMZN,2025-11-03,215333,0,0,0,2,2,0.0009287940074210641,215333,215331,2
AMZN,2025-11-04,122863,1,0,0,6,7,0.0056974027982386885,122862,122856,6
AMZN,2025-11-05,94659,0,0,0,2,2,0.0021128471672001606,94659,94657,2
AMZN,2025-11-06,94181,0,0,0,2,2,0.0021235705715590193,94181,94179,2
AMZN,2025-11-07,111285,5,0,16375,7,16387,14.725254975962619,111276,94898,16378
AMZN,2025-11-10,92590,0,0,0,0,0,0.0,92590,92590,0
AMZN,2025-11-11,50209,0,0,0,0,0,0.0,50209,50209,0
AMZN,2025-11-12,75161,0,0,0,8,8,0.01064381793749418,75161,75153,8
AMZN,2025-11-13,92833,0,0,0,10,10,0.010772031497420098,92828,92823,5
AMZN,2025-11-14,93171,1,0,13767,4,13772,14.781423404278156,93167,79399,13768
AMZN,2025-11-17,112211,0,0,0,6,6,0.005347069360401387,112211,112205,6
AMZN,2025-11-18,129407,0,0,0,18,18,0.013909603035384485,129404,129389,15
AMZN,2025-11-19,114029,0,0,0,20,20,0.017539397872471038,114018,114009,9
AMZN,2025-11-20,117508,0,0,0,27,27,0.022977159001940292,117493,117481,12
AMZN,2025-11-21,123233,1,0,1461,9,1471,1.1936737724473152,123231,121762,1469
AMZN,2025-11-24,109132,0,0,0,0,0,0.0,109132,109132,0
AMZN,2025-11-25,109079,0,0,0,3,3,0.0027503002411096546,109079,109076,3
AMZN,2025-11-26,93593,0,0,0,1,1,0.0010684559742715801,93593,93592,1
AMZN,2025-11-28,71883,10,0,18816,5,18831,26.19673636325696,70102,53052,17050
AMZN,2025-12-01,101423,0,0,0,1,1,0.000985969651854116,101423,101422,1
AMZN,2025-12-02,107810,0,0,0,2,2,0.0018551154809386885,107810,107808,2
AMZN,2025-12-03,79786,0,0,0,16,16,0.020053643496352743,79786,79770,16
AMZN,2025-12-04,135196,0,0,0,5,5,0.003698334270244682,135195,135191,4
AMZN,2025-12-05,87476,19,0,20839,6,20864,23.851113448260094,87449,66612,20837
AMZN,2025-12-08,78020,0,0,0,24,24,0.03076134324532171,78020,77996,24
AMZN,2025-12-09,68745,0,0,0,5,5,0.0072732562368172235,68745,68740,5
AMZN,2025-12-10,117706,0,0,0,37,37,0.031434251440028545,117704,117669,35
AMZN,2025-12-11,77017,0,0,0,22,22,0.028565121986055028,77013,76995,18
AMZN,2025-12-12,107011,3,0,18960,18,18981,17.737428862453392,107006,88030,18976
AMZN,2025-12-15,111830,0,0,0,44,44,0.03934543503532147,111808,111786,22
AMZN,2025-12-16,85301,0,0,0,23,23,0.026963341578645033,85297,85278,19
AMZN,2025-12-17,85561,0,0,0,52,52,0.060775353256740806,85547,85509,38
AMZN,2025-12-18,124477,0,0,0,105,105,0.08435293267029251,124420,124372,48
AMZN,2025-12-19,109796,3,0,18866,40,18909,17.221938868446937,109781,90887,18894
AMZN,2025-12-22,88006,0,0,0,2,2,0.002272572324614231,88006,88004,2
AMZN,2025-12-23,117312,0,0,0,0,0,0.0,117312,117312,0
AMZN,2025-12-24,47624,1,0,0,38,39,0.08189148328573828,47617,47585,32
AMZN,2025-12-26,68153,8,0,16124,4,16136,23.676140448696316,65234,52017,13217
AMZN,2025-12-29,63160,0,0,0,0,0,0.0,63160,63160,0
AMZN,2025-12-30,64734,0,0,0,1,1,0.0015447832669076528,64734,64733,1
AMZN,2025-12-31,67855,7,0,0,3,10,0.01473730749392086,67848,67845,3
AMZN,2026-01-02,162157,9,0,33892,4,33905,20.908748928507556,162125,128252,33873
AMZN,2026-01-05,130906,0,0,0,17,17,0.012986417734863184,130906,130889,17
AMZN,2026-01-06,187985,0,0,0,17,17,0.009043274729366705,187985,187968,17
AMZN,2026-01-07,149505,0,0,0,16,16,0.010701983211263838,149502,149489,13
AMZN,2026-01-08,119192,0,0,0,148,148,0.12416940734277468,119179,119044,135
AMZN,2026-01-09,114113,23,0,28402,14,28439,24.92178805219388,114079,85674,28405
AMZN,2026-01-12,81787,0,0,0,141,141,0.1723990365216966,81785,81646,139
AMZN,2026-01-13,89749,1,0,0,112,113,0.12590669533922383,89725,89636,89
AMZN,2026-01-14,90279,0,0,0,90,90,0.09969095803010666,90239,90189,50
AMZN,2026-01-15,90167,0,0,0,152,152,0.16857608659487397,90104,90015,89
AMZN,2026-01-16,84972,4,0,17674,41,17719,20.85275149460999,84944,67253,17691
AMZN,2026-01-20,97845,0,0,0,5,5,0.0051101231539680105,97845,97840,5
AMZN,2026-01-21,98213,0,0,0,43,43,0.04378239133312291,98199,98170,29
AMZN,2026-01-22,98341,0,0,0,59,59,0.05999532239859265,98311,98282,29
AMZN,2026-01-23,130941,2,0,41096,6,41104,31.391237274803157,130930,89837,41093
AMZN,2026-01-26,72020,0,0,0,6,6,0.00833101916134407,72020,72014,6
AMZN,2026-01-27,121228,0,0,0,2,2,0.0016497838783119411,121228,121226,2
AMZN,2026-01-28,109434,0,0,0,1,1,0.0009137927883473144,109434,109433,1
AMZN,2026-01-29,95367,0,0,0,11,11,0.011534388205563769,95363,95356,7
AMZN,2026-01-30,104751,17,0,24634,32,24683,23.563498200494507,104724,80068,24656
AMZN,2026-02-02,107253,17,0,23121,12,23150,21.584477823464145,107235,84103,23132
AMZN,2026-02-03,113006,10,0,0,2,12,0.01061890519087482,112996,112994,2
AMZN,2026-02-04,100693,0,0,747,4,751,0.7458313884778485,100692,99942,750
AMZN,2026-02-05,227970,0,0,0,36,36,0.015791551519936834,227966,227934,32
AMZN,2026-02-06,455066,416,0,7,372,795,0.17469993363600006,454592,454271,321
AMZN,2026-02-09,255318,36,0,30322,20,30378,11.898103541465936,255278,224940,30338
AMZN,2026-02-10,184520,0,0,0,0,0,0.0,184520,184520,0
AMZN,2026-02-11,173556,1,0,27900,8,27909,16.080688653806263,173555,145647,27908
AMZN,2026-02-12,181556,0,0,0,45,45,0.024785741038577627,181550,181511,39
AMZN,2026-02-13,151197,6,0,23043,7,23056,15.248979807800419,151191,128141,23050
AMZN,2026-02-17,159374,0,0,0,252,252,0.15811863917577523,159374,159122,252
AMZN,2026-02-18,173497,27,0,31991,152,32170,18.542107356323164,173461,141327,32134
AMZN,2026-02-19,92618,0,0,0,267,267,0.2882808957222138,92563,92351,212
AMZN,2026-02-20,232520,5,0,59562,11,59578,25.622742129709273,232514,172942,59572
AMZN,2026-02-23,145783,1,0,25192,0,25193,17.281164470480096,145781,120590,25191
AMZN,2026-02-24,123661,0,0,0,28,28,0.02264254696306839,123661,123633,28
AMZN,2026-02-25,112191,0,0,28687,83,28770,25.643768216701876,112191,83421,28770
AMZN,2026-02-26,107374,0,0,0,213,213,0.1983720453741129,107328,107161,167
AMZN,2026-02-27,133577,11,0,28478,1,28490,21.328522125815073,133566,105087,28479
AMZN,2026-03-02,102954,6,0,14723,16,14745,14.321930182411563,102948,88209,14739
AMZN,2026-03-03,107867,1,0,0,121,122,0.11310224628477662,107866,107745,121
AMZN,2026-03-04,202239,9,0,44530,63,44602,22.054104302335357,202226,157637,44589
AMZN,2026-03-05,168452,1,0,0,286,287,0.17037494360411273,168426,168165,261
AMZN,2026-03-06,138751,4,0,15476,4,15484,11.159559210384069,138746,123267,15479
AMZN,2026-03-09,137072,5,0,8610,31,8646,6.307633944204506,137067,128426,8641
AMZN,2026-03-10,85053,0,0,0,840,840,0.9876194843215407,85053,84213,840
AMZN,2026-03-11,101870,1,0,24736,88,24825,24.36929419848827,101868,77045,24823
AMZN,2026-03-12,84542,1,0,0,538,539,0.6375529322703508,84534,84003,531
AMZN,2026-03-13,96521,1,0,17087,23,17111,17.727748365640636,96520,79410,17110
AMZN,2026-03-16,109113,2,0,21786,110,21898,20.06910267337531,109109,87215,21894
AMZN,2026-03-17,106883,0,0,0,334,334,0.31249122872673857,106825,106549,276
AMZN,2026-03-18,97748,8,0,19217,840,20065,20.527274215329214,97496,77683,19813
AMZN,2026-03-19,86873,0,0,0,282,282,0.3246117896239338,86818,86591,227
AMZN,2026-03-20,103954,2,0,17145,16,17163,16.51018719818381,103951,86791,17160
AMZN,2026-03-23,111446,2,0,21242,3,21247,19.064838576530338,111444,90199,21245
AMZN,2026-03-24,70608,0,0,0,2,2,0.0028325402220711533,70608,70606,2
AMZN,2026-03-25,101407,1,0,20370,64,20435,20.151468833512478,101406,80972,20434
AMZN,2026-03-26,94205,0,0,0,40,40,0.04246059126373335,94204,94165,39
AMZN,2026-03-27,132264,3,0,14825,2,14830,11.212423637573337,132260,117434,14826
AMZN,2026-03-30,113369,3,0,22247,1,22251,19.627058543340773,113366,91118,22248
AMZN,2026-03-31,102031,0,0,0,68,68,0.06664641138477521,102031,101963,68
AMZN,2026-04-01,108029,1,0,22855,41,22897,21.19523461292801,108023,85132,22891
AMZN,2026-04-02,83349,6,0,19193,5,19204,23.040468391942316,83341,64145,19196
AMZN,2026-04-06,84351,5,0,21598,3,21606,25.614396984031014,84346,62745,21601
AMZN,2026-04-07,69543,0,0,0,50,50,0.07189796241174524,69543,69493,50
AMZN,2026-04-08,141386,53,0,22812,75,22940,16.225085934958198,141333,118446,22887
AMZN,2026-04-09,221899,0,0,0,130,130,0.058585212191132004,221867,221769,98
AMZN,2026-04-10,208415,1,0,30076,9,30086,14.435621236475301,208412,178329,30083
AMZN,2026-04-13,116167,0,0,28026,105,28131,24.21599938020264,116162,88036,28126
AMZN,2026-04-14,212007,0,0,0,699,699,0.32970609461008366,211964,211308,656
AMZN,2026-04-15,114133,4,0,26943,168,27115,23.757370786713746,114085,87018,27067
AMZN,2026-04-16,120730,0,0,0,1405,1405,1.1637538308622546,120098,119325,773
AMZN,2026-04-17,156907,50,0,33569,23,33642,21.44072603516733,156850,123265,33585
AMZN,2026-04-20,120164,6,0,26543,54,26603,22.13891015611997,120150,93561,26589
AMZN,2026-04-21,130413,1,0,0,294,295,0.2262044428086157,130316,130118,198
AMZN,2026-04-22,119689,17,0,32911,114,33042,27.606546967557588,119662,86647,33015
AMZN,2026-04-23,140172,0,0,0,333,333,0.237565276945467,139975,139839,136
AMZN,2026-04-24,199682,9,0,65464,13,65486,32.795144279404255,199664,134196,65468
AMZN,2026-04-27,117801,1,0,36564,2,36567,31.041332416532967,117799,81234,36565
AMZN,2026-04-28,67972,0,0,0,1159,1159,1.7051138704172306,67971,66813,1158
AMZN,2026-04-29,187521,0,0,0,809,809,0.43141834781171173,187456,186712,744
AMZN,2026-04-30,251493,3,0,0,429,432,0.1717741646884804,251295,251061,234
AMZN,2026-05-01,196781,2,0,37284,9,37295,18.95254114980613,196776,159486,37290
AMZN,2026-05-04,208340,4,0,73089,23,73116,35.094556974176825,208321,135224,73097
AMZN,2026-05-05,149108,0,0,0,91,91,0.06102958929098372,149106,149017,89
AMZN,2026-05-06,132725,4,0,39320,47,39371,29.66359012996798,132708,93354,39354
AMZN,2026-05-07,97486,0,0,0,87,87,0.08924358369406889,97462,97399,63
AMZN,2026-05-08,113944,4,0,37116,4,37124,32.58091694165555,113933,76820,37113
AMZN,2026-05-11,113540,5,0,30636,22,30663,27.00634137748811,113523,82877,30646
AMZN,2026-05-12,96040,2,0,0,74,76,0.07913369429404415,96023,95964,59
AMZN,2026-05-13,114804,3,0,32214,443,32660,28.44848611546636,114402,82144,32258
AMZN,2026-05-14,98681,0,0,0,1620,1620,1.6416534084575551,98024,97061,963
AMZN,2026-05-15,114226,8,0,24051,17,24076,21.077513000542783,114212,90150,24062
AMZN,2026-05-18,137921,12,0,45241,6,45259,32.81516230305755,137909,92662,45247
AMZN,2026-05-19,124001,0,0,0,46,46,0.03709647502842719,124001,123955,46
AMZN,2026-05-20,120570,4,0,42718,54,42776,35.47814547565729,120561,77794,42767
AMZN,2026-05-21,103518,0,0,0,43,43,0.041538669603354006,103513,103475,38
AMZN,2026-05-22,98995,2,0,34671,2,34675,35.027021566745795,98988,64320,34668
AMZN,2026-05-26,117164,10,0,31186,9,31205,26.633607592775938,117150,85959,31191
AMZN,2026-05-27,155573,31,0,48582,27,48640,31.265065274822753,155533,106933,48600
AMZN,2026-05-28,120545,0,0,0,211,211,0.17503836741465842,120498,120334,164
AMZN,2026-05-29,115916,3,0,35425,5,35433,30.56782497670727,115911,80483,35428
AMZN,2026-06-01,135964,13,0,24419,2,24434,17.970933482392397,135950,111530,24420
AMZN,2026-06-02,127742,13,0,0,845,858,0.6716663274412488,127729,126884,845
AMZN,2026-06-03,173467,7,0,32661,602,33270,19.17944046994529,173431,140197,33234
AMZN,2026-06-04,116651,1,0,0,590,591,0.5066394630136046,116387,116060,327
AMZN,2026-06-05,156750,53,0,35375,17,35445,22.61244019138756,156694,121305,35389
AMZN,2026-06-08,124516,24,0,28171,11,28206,22.652510520736293,124486,96310,28176
AMZN,2026-06-09,125273,14,0,0,73,87,0.06944832485850902,125259,125186,73
AMZN,2026-06-10,137126,3,0,37036,70,37109,27.061972200749675,137122,100017,37105
AMZN,2026-06-11,117300,11,0,0,287,298,0.25404944586530265,117216,117002,214
AMZN,2026-06-12,154221,378,0,20929,8,21315,13.821074950882176,153802,132906,20896
AMZN,2026-06-15,133431,6,0,0,750,756,0.5665849765047103,133098,132675,423
AMZN,2026-06-16,101062,0,0,0,73,73,0.07223288674279156,101030,100989,41
AMZN,2026-06-17,148847,4,0,0,929,933,0.6268181421190887,148593,147914,679
AMZN,2026-06-18,175728,22,0,0,1523,1545,0.8791996722207047,175020,174183,837
AMZN,2026-06-22,196524,5,0,0,541,546,0.27782866214813456,196328,195978,350
AMZN,2026-06-23,133865,0,0,0,21,21,0.015687446307847457,133865,133844,21
AMZN,2026-06-24,205790,24,0,0,520,544,0.264347150007289,205448,205246,202
AMZN,2026-06-25,147223,0,0,0,147,147,0.09984852910211041,147207,147076,131
AMZN,2026-06-26,148291,3,0,0,2972,2975,2.0061905307806946,147581,145316,2265
AMZN,2026-06-29,236962,4,0,0,410,414,0.1747115571273031,236772,236548,224
AMZN,2026-06-30,127036,0,0,0,1,1,0.000787178437608237,127036,127035,1
AMZN,2026-07-01,166628,9,0,0,362,371,0.22265165518400268,166482,166257,225
AMZN,2026-07-02,146668,5,0,0,1800,1805,1.2306706302669976,145416,144863,553
AMZN,2026-07-06,144652,3,0,0,619,622,0.4299975112684235,144238,144030,208
AMZN,2026-07-07,137231,0,0,0,113,113,0.08234291085833376,137226,137118,108
AMZN,2026-07-08,108303,5,0,0,2119,2124,1.9611645106783746,106814,106179,635
AMZN,2026-07-09,118464,0,0,0,267,267,0.22538492706645058,118417,118197,220
AMZN,2026-07-10,138254,3,0,0,614,617,0.4462800352973513,137949,137637,312
AMZN,2026-07-13,174889,4,0,0,2715,2719,1.5547004099743267,172970,172170,800
AMZN,2026-07-14,121706,0,0,0,987,987,0.8109706998833254,121691,120719,972
AMZN,2026-07-15,209978,5,0,0,1259,1264,0.6019678252007353,209492,208714,778
AMZN,2026-07-16,131754,0,0,0,285,285,0.21631221822487362,131600,131469,131
AMZN,2026-07-17,140850,4,0,0,2336,2340,1.6613418530351438,139388,138510,878
AMZN,2026-07-20,146304,3,0,0,1429,1432,0.9787839020122485,145179,144872,307
AMZN,2026-07-21,101269,0,0,0,249,249,0.24587978552172926,101242,101020,222
AMZN,2026-07-22,151636,1,0,0,2002,2003,1.3209264290801657,150465,149633,832
AMZN,2026-07-23,142850,0,0,0,362,362,0.2534126706335317,142812,142488,324
AMZN,2026-07-24,125057,0,0,0,1003,1003,0.8020342723717985,124435,124054,381
AMZN,2026-07-27,111079,11,0,0,1512,1523,1.3710962468153296,110077,109556,521
AMZN,2026-07-28,95699,1,0,0,1,2,0.002089885996718879,95698,95697,1
AMZN,2026-07-29,112162,2,0,0,1444,1446,1.2892066831903852,111598,110716,882
AMZN,2026-07-30,217068,0,0,0,145,145,0.06679934398437357,217062,216923,139
AMZN,2026-07-31,427554,221,0,0,7516,7737,1.8095959808585582,425028,419817,5211
AMZN,2026-08-03,287870,13,0,0,3741,3754,1.3040608608052247,285421,284116,1305
AMZN,2026-08-04,185930,0,0,0,455,455,0.24471575324046685,185898,185475,423
AMZN,2026-08-05,182968,4,0,0,1364,1368,0.7476717240173145,182007,181600,407
AMZN,2026-08-06,95309,0,0,0,1408,1408,1.4773001500382965,94865,93901,964
AMZN,2026-08-07,141548,6,0,0,4323,4329,3.0583265040834204,137900,137219,681
AMZN,2026-08-10,157585,31,0,0,3367,3398,2.156296601833931,154776,154187,589
AMZN,2026-08-11,114298,0,0,0,1347,1347,1.178498311431521,114170,112951,1219
AMZN,2026-08-12,130169,2,0,0,3546,3548,2.7256873756424342,127492,126621,871
AMZN,2026-08-13,121886,0,0,0,1795,1795,1.4726875933249102,121638,120091,1547
AMZN,2026-08-14,127518,6,0,0,2255,2261,1.7730830157311124,125812,125257,555
AMZN,2026-08-17,185770,12,0,0,1101,1113,0.5991279539215159,185030,184657,373
AMZN,2026-08-18,142681,0,0,0,575,575,0.40299689517174675,142672,142106,566
AMZN,2026-08-19,171073,35,0,0,423,458,0.2677219666458179,170782,170615,167
AMZN,2026-08-20,120993,0,0,0,1439,1439,1.1893250022728588,120559,119554,1005
AMZN,2026-08-21,149914,7,0,0,1697,1704,1.1366516802967035,149125,148210,915
AMZN,2026-08-24,184222,0,0,0,402,402,0.2182149797526897,184015,183820,195
AMZN,2026-08-25,122112,0,0,0,53,53,0.043402777777777776,122109,122059,50
AMZN,2026-08-26,131826,2,0,0,515,517,0.3921836360050369,131651,131309,342
AMZN,2026-08-27,142178,0,0,0,222,222,0.15614230049656064,142159,141956,203
AMZN,2026-08-28,263523,21,0,0,576,597,0.22654569050898782,263253,262926,327
AMZN,2026-08-31,196954,33,0,0,627,660,0.33510362825837503,196626,196294,332
AMZN,2026-09-01,140313,0,0,0,337,337,0.24017731785365576,140243,139976,267
AMZN,2026-09-02,137584,0,0,0,464,464,0.33724851726944993,137482,137120,362
AMZN,2026-09-03,138046,0,0,0,117,117,0.08475435724323777,137986,137929,57
AMZN,2026-09-04,141421,4,0,0,380,384,0.2715296879529914,141238,141037,201
META,2024-08-02,117433,16978,0,0,511,17489,14.892747353810257,100307,99944,363
META,2024-08-05,68188,4,0,0,4,8,0.011732269607555582,68183,68180,3
META,2024-08-06,108816,0,0,0,11,11,0.010108807528304661,108812,108805,7
META,2024-08-07,99745,0,0,0,3,3,0.003007669557371297,99743,99742,1
META,2024-08-08,91385,0,0,0,20,20,0.02188542977512721,91377,91365,12
META,2024-08-09,103073,14106,0,0,264,14370,13.941575388317018,88961,88703,258
META,2024-08-12,48853,0,0,0,6,6,0.012281743188749923,48852,48847,5
META,2024-08-13,90273,0,0,0,14,14,0.015508513065922259,90269,90259,10
META,2024-08-14,85520,0,0,0,72,72,0.08419083255378859,85490,85448,42
META,2024-08-15,94815,0,0,0,45,45,0.04746084480303749,94806,94770,36
META,2024-08-16,100336,9481,0,0,38,9519,9.487123265826822,90853,90817,36
META,2024-08-19,60559,0,0,0,12,12,0.019815386647731963,60556,60547,9
META,2024-08-20,50380,0,0,0,1,1,0.001984914648670107,50380,50379,1
META,2024-08-21,111931,0,0,0,3,3,0.0026802226371603934,111931,111928,3
META,2024-08-22,127183,0,0,0,8,8,0.0062901488406469416,127180,127175,5
META,2024-08-23,111339,17895,0,0,32,17927,16.101276282344912,93444,93412,32
META,2024-08-26,74252,0,0,0,7,7,0.009427355492107957,74246,74245,1
META,2024-08-27,49066,0,0,0,2,2,0.004076142338890474,49065,49064,1
META,2024-08-28,63671,0,0,0,2,2,0.0031411474611675646,63671,63669,2
META,2024-08-29,76973,0,0,0,11,11,0.014290725319267795,76967,76962,5
META,2024-08-30,63192,6419,0,0,140,6559,10.379478414989238,56766,56633,133
META,2024-09-03,74493,0,0,0,2,2,0.002684816022982025,74493,74491,2
META,2024-09-04,54774,0,0,0,40,40,0.07302734874210391,54774,54734,40
META,2024-09-05,71424,0,0,0,29,29,0.04060259856630825,71397,71395,2
META,2024-09-06,107446,15670,0,0,44,15714,14.625020940751634,91775,91732,43
META,2024-09-09,46641,0,0,0,4,4,0.008576145451426856,46639,46637,2
META,2024-09-10,55714,0,0,0,3,3,0.005384642998169221,55712,55711,1
META,2024-09-11,70484,0,0,0,2,2,0.0028375234095681288,70482,70482,0
META,2024-09-12,97921,0,0,0,17,17,0.017360933813992913,97920,97904,16
META,2024-09-13,85299,13569,0,0,106,13675,16.031840936001593,71666,71624,42
META,2024-09-16,69352,0,0,0,38,38,0.05479294036221018,69322,69314,8
META,2024-09-17,76762,1,0,0,56,57,0.07425549099815013,76708,76705,3
META,2024-09-18,69267,0,0,0,45,45,0.06496600112607735,69233,69222,11
META,2024-09-19,129995,1,0,0,98,99,0.07615677526058695,129908,129896,12
META,2024-09-20,119856,3,0,46835,50,46888,39.12027766653317,119849,72968,46881
META,2024-09-23,87733,0,0,0,35,35,0.03989376859334572,87733,87698,35
META,2024-09-24,73973,0,0,0,19,19,0.02568504724696849,73972,73954,18
META,2024-09-25,133622,0,0,0,48,48,0.0359222283755669,133622,133574,48
META,2024-09-26,110881,0,0,0,15,15,0.013528016522217513,110879,110866,13
META,2024-09-27,67211,1,0,27432,19,27452,40.8445046197795,67210,39759,27451
META,2024-09-30,73341,0,0,0,16,16,0.02181590106488867,73328,73325,3
META,2024-10-01,104019,0,0,0,1,1,0.0009613628279448947,104019,104018,1
META,2024-10-02,52252,0,0,0,2,2,0.0038276046849881344,52250,52250,0
META,2024-10-03,99929,0,0,0,19,19,0.01901349958470514,99920,99910,10
META,2024-10-04,169512,45,0,66210,11,66266,39.09221766010666,169456,103246,66210
META,2024-10-07,99654,0,0,0,12,12,0.012041664157986633,99645,99642,3
META,2024-10-08,54239,0,0,0,12,12,0.02212430170172754,54232,54227,5
META,2024-10-09,73745,0,0,0,7,7,0.009492168960607499,73738,73738,0
META,2024-10-10,72249,0,0,0,14,14,0.019377430829492448,72249,72235,14
META,2024-10-11,85700,2,0,38306,3,38311,44.70361726954492,85693,47389,38304
META,2024-10-14,57057,0,0,0,10,10,0.017526333315807,57050,57047,3
META,2024-10-15,62252,0,0,0,6,6,0.009638244554391827,62250,62246,4
META,2024-10-16,77289,0,0,0,11,11,0.014232296963345365,77283,77278,5
META,2024-10-17,66578,0,0,0,30,30,0.045059929706509655,66569,66548,21
META,2024-10-18,71093,7,0,28165,2,28174,39.62978070977452,71077,42919,28158
META,2024-10-21,59201,1,0,0,21,22,0.03716153443353997,59181,59179,2
META,2024-10-22,62227,0,0,0,3,3,0.004821058383017019,62224,62224,0
META,2024-10-23,103767,0,0,0,0,0,0.0,103767,103767,0
META,2024-10-24,57723,0,0,0,24,24,0.04157788056753807,57709,57699,10
META,2024-10-25,102072,27,0,58319,3,58349,57.16455051336312,102032,43723,58309
META,2024-10-28,45044,0,0,0,56,56,0.12432288429091555,45038,44988,50
META,2024-10-29,58812,0,0,0,54,54,0.09181799632728015,58788,58758,30
META,2024-10-30,171318,0,0,0,98,98,0.05720356296477895,171247,171220,27
META,2024-10-31,193337,2,0,0,18,20,0.010344631394921821,193325,193317,8
META,2024-11-01,111155,14,0,40864,10,40888,36.78467005532814,111136,70267,40869
META,2024-11-04,66254,0,0,0,18,18,0.027168170978356023,66253,66236,17
META,2024-11-05,51232,0,0,0,23,23,0.044893816364772014,51213,51209,4
META,2024-11-06,106110,0,0,0,19,19,0.01790594665912732,106100,106091,9
META,2024-11-07,131606,0,0,0,14,14,0.010637812865674817,131602,131592,10
META,2024-11-08,95916,3,0,40911,31,40945,42.68839401142667,95878,54971,40907
META,2024-11-11,68658,0,0,0,54,54,0.07865070348684786,68611,68604,7
META,2024-11-12,138548,0,0,0,14,14,0.010104801224124492,138545,138534,11
META,2024-11-13,77869,0,0,0,22,22,0.028252578047746855,77866,77847,19
META,2024-11-14,69752,0,0,0,50,50,0.07168253240050465,69731,69702,29
META,2024-11-15,138367,3,0,40633,42,40678,29.398628285646144,138348,97689,40659
META,2024-11-18,71824,0,0,0,81,81,0.11277567386945868,71751,71743,8
META,2024-11-19,53348,0,0,0,91,91,0.17057809102496813,53264,53257,7
META,2024-11-20,65117,0,0,0,105,105,0.1612482147519081,65021,65012,9
META,2024-11-21,82660,0,0,0,31,31,0.03750302443745463,82644,82629,15
META,2024-11-22,81795,6,0,28226,14,28246,34.53267314628034,81777,53549,28228
META,2024-11-25,77461,0,0,0,123,123,0.15878958443603877,77366,77338,28
META,2024-11-26,89573,0,0,0,40,40,0.0446563138445737,89539,89533,6
META,2024-11-27,57525,0,0,0,139,139,0.24163407214254673,57399,57386,13
META,2024-11-29,59166,19,0,23664,31,23714,40.08045161072238,53322,35452,17870
META,2024-12-02,108121,0,0,0,157,157,0.14520768398368494,108059,107964,95
META,2024-12-03,158108,0,0,0,119,119,0.0752650087282111,158088,157989,99
META,2024-12-04,121168,0,0,0,260,260,0.2145781064307408,121140,120908,232
META,2024-12-05,70825,0,0,0,82,82,0.11577832686198376,70803,70743,60
META,2024-12-06,159227,8,0,39561,71,39640,24.895275298787265,159187,119587,39600
META,2024-12-09,74972,0,0,0,222,222,0.2961105479378968,74871,74750,121
META,2024-12-10,67829,0,0,0,24,24,0.035383095726016896,67824,67805,19
META,2024-12-11,102768,0,0,0,22,22,0.021407442005293476,102767,102746,21
META,2024-12-12,63754,0,0,0,47,47,0.07372086457320325,63726,63707,19
META,2024-12-13,84680,1,0,30885,73,30959,36.55999055266887,84620,53721,30899
META,2024-12-16,62537,0,0,0,435,435,0.6955882117786271,62273,62102,171
META,2024-12-17,60334,0,0,0,389,389,0.6447442569695363,60031,59945,86
META,2024-12-18,86093,0,0,0,791,791,0.9187738840556143,85864,85302,562
META,2024-12-19,79465,0,0,0,127,127,0.15981878814572453,79402,79338,64
META,2024-12-20,93649,22,0,16611,88,16721,17.854969086696066,93581,76928,16653
META,2024-12-23,60158,0,0,0,175,175,0.29090062834535724,60103,59983,120
META,2024-12-24,37572,0,0,0,236,236,0.6281273288619185,37448,37336,112
META,2024-12-26,55499,0,0,0,84,84,0.151354078451864,55455,55415,40
META,2024-12-27,73872,7,0,23442,28,23477,31.780647606671,73859,50395,23464
META,2024-12-30,43504,0,0,0,18,18,0.04137550570062523,43499,43486,13
META,2024-12-31,38926,0,0,0,43,43,0.11046601243384885,38897,38883,14
META,2025-01-02,85873,0,0,0,35,35,0.04075786335635182,85851,85838,13
META,2025-01-03,110523,2,0,45959,68,46029,41.64653511033902,110510,64494,46016
META,2025-01-06,120367,0,0,0,82,82,0.06812498442264076,120348,120285,63
META,2025-01-07,101475,0,0,0,69,69,0.0679970436067997,101464,101406,58
META,2025-01-08,76560,0,0,0,53,53,0.06922675026123302,76556,76507,49
META,2025-01-10,195119,2,0,194,156,352,0.18040272859126993,195089,194767,322
META,2025-01-13,87186,0,0,0,172,172,0.19727937971692702,87089,87014,75
META,2025-01-14,115776,0,0,0,132,132,0.11401326699834162,115718,115644,74
META,2025-01-15,136265,0,0,0,467,467,0.3427145635342898,135988,135798,190
META,2025-01-16,77634,0,0,0,152,152,0.19579050416054822,77532,77482,50
META,2025-01-17,150579,11,0,23391,91,23493,15.60177714023868,150550,127086,23464
META,2025-01-21,70137,0,0,0,19,19,0.027089838459015927,70136,70118,18
META,2025-01-22,115125,0,0,0,5,5,0.004343105320304018,115124,115120,4
META,2025-01-23,88064,0,0,0,14,14,0.015897529069767442,88062,88050,12
META,2025-01-24,215083,27,0,113394,5,113426,52.73592055160101,215053,101657,113396
META,2025-02-25,130299,0,0,0,16,16,0.01227944957367286,130296,130283,13
META,2025-02-26,130885,0,0,0,84,84,0.06417847728922337,130810,130801,9
META,2025-02-27,121345,0,0,0,39,39,0.03213976678066669,121332,121306,26
META,2025-02-28,130050,10,0,16253,20,16283,12.520569011918493,130038,113767,16271
META,2025-03-03,80241,0,0,0,14,14,0.017447439588240427,80236,80227,9
META,2025-03-04,141538,0,0,0,22,22,0.015543528946290042,141520,141516,4
META,2025-03-05,93119,0,0,0,31,31,0.033290735510475844,93095,93088,7
META,2025-03-06,105246,0,0,0,9,9,0.008551393877201984,105245,105237,8
META,2025-03-07,169049,11,0,33,28,72,0.0425912013676508,169030,168977,53
META,2025-03-10,123059,0,0,0,19,19,0.015439748413362696,123055,123040,15
META,2025-03-11,103109,0,0,0,31,31,0.030065270732913714,103106,103078,28
META,2025-03-12,105214,0,0,0,27,27,0.02566198414659646,105210,105187,23
META,2025-03-13,125015,0,0,0,107,107,0.0855897292324921,124979,124908,71
META,2025-03-14,120764,14,0,1991,11,2016,1.6693716670530954,120748,118748,2000
META,2025-03-17,74724,0,0,0,60,60,0.08029548739360848,74682,74664,18
META,2025-03-18,122136,0,0,0,67,67,0.05485688085412982,122090,122069,21
META,2025-03-19,119441,0,0,0,108,108,0.09042121214658283,119404,119333,71
META,2025-03-20,219731,1,0,0,99,100,0.04551019200750008,219718,219631,87
META,2025-03-21,174369,17,0,2746,113,2876,1.6493757491297192,174346,171493,2853
META,2025-03-24,123021,1,0,0,19,20,0.016257386950195494,123019,123001,18
META,2025-03-25,135352,0,0,0,58,58,0.042851232342337016,135351,135294,57
META,2025-03-26,103535,0,0,0,88,88,0.08499541217945622,103509,103447,62
META,2025-03-27,99798,1,0,0,70,71,0.07114371029479549,99791,99727,64
META,2025-03-28,162340,0,0,5716,26,5742,3.537021066896637,162338,156598,5740
META,2025-03-31,112343,0,0,0,121,121,0.10770586507392539,112342,112222,120
META,2025-04-01,93037,0,0,0,18,18,0.019347141459849306,93029,93019,10
META,2025-04-02,83528,0,0,0,17,17,0.020352456661239346,83528,83511,17
META,2025-04-03,188386,0,0,0,40,40,0.021233000329111504,188375,188346,29
META,2025-04-07,119473,12,0,0,26,38,0.031806349551781576,119461,119435,26
META,2025-04-08,137321,0,0,0,38,38,0.02767238805426701,137321,137283,38
META,2025-04-09,161128,0,0,0,27,27,0.016756864108038328,161128,161101,27
META,2025-04-10,160313,0,0,0,39,39,0.02432740950515554,160311,160274,37
META,2025-04-11,123624,6,0,2,29,37,0.02992946353458875,123614,123587,27
META,2025-04-14,99708,0,0,0,27,27,0.02707907088699001,99702,99681,21
META,2025-04-15,108960,0,0,0,105,105,0.09636563876651982,108954,108855,99
META,2025-04-16,121604,1,0,0,41,42,0.0345383375546857,121603,121562,41
META,2025-04-17,110821,6,0,34,50,90,0.08121204464857744,110809,110731,78
META,2025-04-21,75846,0,0,0,1,1,0.001318461092213169,75846,75845,1
META,2025-04-22,97322,0,0,0,10,10,0.010275169026530487,97320,97312,8
META,2025-04-23,108719,0,0,0,6,6,0.005518814558632805,108719,108713,6
META,2025-04-24,85884,0,0,0,13,13,0.015136696008569699,85881,85871,10
META,2025-04-25,134571,15,0,667,16,698,0.5186853036686954,134552,133873,679
META,2025-04-28,72371,0,0,0,0,0,0.0,72371,72371,0
META,2025-04-29,61572,0,0,0,0,0,0.0,61572,61572,0
META,2025-04-30,142457,0,0,0,14,14,0.009827526902854896,142454,142443,11
META,2025-05-01,250489,13,0,0,57,70,0.027945338917078195,250464,250419,45
META,2025-05-02,259622,23,0,52455,60,52538,20.23634360724438,259593,207084,52509
META,2025-05-05,95711,0,0,0,1,1,0.0010448119860831044,95710,95710,0
META,2025-05-06,83174,0,0,0,6,6,0.007213792771779643,83172,83168,4
META,2025-05-07,90674,0,0,0,10,10,0.011028519752078875,90666,90664,2
META,2025-05-08,123455,0,0,0,9,9,0.0072901057065327445,123454,123446,8
META,2025-05-09,127087,0,0,45062,9,45071,35.46468167475824,127085,82016,45069
META,2025-05-12,180408,0,0,0,5,5,0.002771495720810607,180407,180403,4
META,2025-05-13,156281,0,0,0,15,15,0.00959809573780562,156279,156266,13
META,2025-05-14,89354,0,0,0,15,15,0.016787161179130202,89349,89339,10
META,2025-05-15,104714,0,0,0,24,24,0.022919571404014745,104709,104690,19
META,2025-05-16,163346,0,0,35429,10,35439,21.695664417861472,163342,127907,35435
META,2025-05-19,66013,0,0,0,3,3,0.004544559404965689,66013,66010,3
META,2025-05-20,50542,0,0,0,21,21,0.04154960231094931,50542,50521,21
META,2025-05-21,96380,0,0,0,40,40,0.04150238638721727,96380,96340,40
META,2025-05-22,65622,0,0,0,10,10,0.015238791868580659,65618,65612,6
META,2025-05-23,89699,5,0,18730,7,18742,20.894324351442044,89694,70957,18737
META,2025-05-27,60017,0,0,0,2,2,0.003332389156405685,60017,60015,2
META,2025-05-28,71365,0,0,0,7,7,0.00980872976949485,71364,71358,6
META,2025-05-29,68890,0,0,0,14,14,0.020322252866889243,68884,68876,8
META,2025-05-30,88953,5,0,30580,20,30605,34.40580980967477,88938,58348,30590
META,2025-06-02,137833,0,0,0,8,8,0.005804125282044213,137833,137825,8
META,2025-06-03,86526,0,0,0,7,7,0.008090053856644245,86526,86519,7
META,2025-06-04,154769,0,0,0,10,10,0.006461242238432761,154768,154759,9
META,2025-06-05,108488,0,0,0,379,379,0.34934739326008407,108325,108109,216
META,2025-06-06,149942,6,0,63676,95,63777,42.53444665270571,149919,86165,63754
META,2025-06-09,73415,0,0,0,41,41,0.05584689777293469,73413,73374,39
META,2025-06-10,75506,0,0,0,156,156,0.2066060975286732,75506,75350,156
META,2025-06-11,84281,0,0,0,91,91,0.10797214081465574,84273,84190,83
META,2025-06-12,73465,0,0,0,70,70,0.09528346831824679,73448,73395,53
META,2025-06-13,98168,1,0,39083,285,39369,40.103699779969034,98112,58799,39313
META,2025-06-16,126940,0,0,0,26,26,0.020482117535843707,126937,126914,23
META,2025-06-17,82516,0,0,0,25,25,0.030297154491250183,82508,82491,17
META,2025-06-18,58858,0,0,0,30,30,0.050970131502939275,58852,58828,24
META,2025-06-20,133791,20,0,56099,43,56162,41.977412531485676,133755,77629,56126
META,2025-06-23,79608,0,0,0,9,9,0.011305396442568586,79608,79599,9
META,2025-06-24,116592,0,0,0,18,18,0.01543845203787567,116591,116574,17
META,2025-06-25,76929,0,0,0,85,85,0.11049149215510405,76926,76844,82
META,2025-06-26,153066,0,0,0,46,46,0.030052395698587538,153055,153020,35
META,2025-06-27,145754,19,0,65034,20,65073,44.64577301480577,145726,80681,65045
META,2025-06-30,124346,2,0,0,18,20,0.016084152284753832,124344,124326,18
META,2025-07-01,101297,0,0,0,25,25,0.024679901675271725,101297,101272,25
META,2025-07-02,75710,0,0,0,57,57,0.0752872804120988,75679,75653,26
META,2025-07-03,102602,17,0,54768,63,54848,53.45704762090408,100250,47754,52496
META,2025-07-07,73495,0,0,0,42,42,0.057146744676508605,73492,73453,39
META,2025-07-08,62228,0,0,0,37,37,0.05945876454329241,62225,62191,34
META,2025-07-09,121656,1,0,0,28,29,0.023837706319458144,121648,121627,21
META,2025-07-10,99413,1,0,0,152,153,0.15390341303451258,99289,99260,29
META,2025-07-11,130321,2,0,59428,18,59448,45.616592874517536,130313,70873,59440
META,2025-07-14,69140,0,0,0,40,40,0.05785363031530229,69137,69100,37
META,2025-07-15,95465,0,0,0,49,49,0.05132771172681087,95457,95416,41
META,2025-07-16,103027,0,0,0,75,75,0.07279645141564832,102999,102952,47
META,2025-07-17,98586,0,0,0,131,131,0.1328789077556651,98494,98455,39
META,2025-07-18,129531,2,0,58513,7,58522,45.179918320710875,129524,71009,58515
META,2025-07-21,84445,0,0,0,13,13,0.015394635561608147,84443,84432,11
META,2025-07-22,65376,0,0,0,6,6,0.009177679882525698,65376,65370,6
META,2025-07-23,61975,0,0,0,17,17,0.02743041549011698,61973,61958,15
META,2025-07-24,84339,0,0,0,63,63,0.0746985380428983,84334,84276,58
META,2025-07-25,86770,8,0,44716,21,44745,51.56736199147171,86709,42025,44684
META,2025-07-28,54742,0,0,0,113,113,0.206422856307771,54706,54629,77
META,2025-07-29,61875,0,0,0,241,241,0.3894949494949495,61839,61634,205
META,2025-07-30,124143,0,0,0,172,172,0.13854989810138307,124035,123971,64
META,2025-07-31,330143,111,0,0,47,158,0.04785804939071857,330003,329985,18
META,2025-08-01,185133,14,0,45212,49,45275,24.455391529332967,185098,139858,45240
META,2025-08-04,113578,0,0,0,14,14,0.012326330803500677,113574,113564,10
META,2025-08-05,91730,0,0,0,5,5,0.0054507794614629896,91728,91725,3
META,2025-08-06,72833,0,0,0,15,15,0.0205950599316244,72826,72818,8
META,2025-08-07,74047,0,0,0,120,120,0.1620592326495334,73995,73927,68
META,2025-08-08,88417,3,0,39023,115,39141,44.26863612201274,88395,49276,39119
META,2025-08-11,56815,0,0,0,51,51,0.08976502684150313,56793,56764,29
META,2025-08-12,161646,0,0,0,7,7,0.004330450490578177,161642,161639,3
META,2025-08-13,78016,0,0,0,36,36,0.04614438063986875,78004,77980,24
META,2025-08-14,86712,0,0,0,72,72,0.08303349017437033,86701,86640,61
META,2025-08-15,140495,14,0,73832,17,73863,52.5734011886544,140473,66632,73841
META,2025-08-18,120199,0,0,0,26,26,0.021630795597301144,120191,120173,18
META,2025-08-19,96867,0,0,0,24,24,0.024776239586236797,96865,96843,22
META,2025-08-20,105495,0,0,0,18,18,0.01706242001990616,105490,105477,13
META,2025-08-21,84254,0,0,0,25,25,0.029672181736178697,84250,84229,21
META,2025-08-22,112773,9,0,31081,22,31112,27.588163833541717,112757,81661,31096
META,2025-08-25,49192,0,0,0,4,4,0.00813140348024069,49192,49188,4
META,2025-08-26,44660,0,0,0,61,61,0.13658755038065382,44654,44599,55
META,2025-08-27,62470,0,0,0,61,61,0.09764687049783896,62463,62409,54
META,2025-08-28,59967,0,0,0,75,75,0.12506878783330833,59953,59892,61
META,2025-08-29,87329,2,0,33689,158,33849,38.76032016855798,87276,53480,33796
META,2025-09-02,60567,0,0,0,94,94,0.15520002641702577,60552,60473,79
META,2025-09-03,48258,0,0,0,44,44,0.0911765924820755,48254,48214,40
META,2025-09-04,97669,8,0,0,121,129,0.13207875579764305,97634,97540,94
META,2025-09-05,85417,7,0,39764,49,39820,46.618354660079376,85396,45597,39799
META,2025-09-08,69716,0,0,0,33,33,0.047334901600780306,69697,69683,14
META,2025-09-09,70999,0,0,0,8,8,0.011267764334708939,70999,70991,8
META,2025-09-10,68131,0,0,0,47,47,0.06898474996697539,68106,68084,22
META,2025-09-11,70522,0,0,0,18,18,0.02552394997305805,70517,70504,13
META,2025-09-12,84152,4,0,35058,62,35124,41.738758437113795,84092,49028,35064
META,2025-09-15,98486,0,0,0,57,57,0.05787624637004244,98468,98429,39
META,2025-09-16,108836,0,0,0,78,78,0.0716674629718108,108799,108758,41
META,2025-09-17,81962,0,0,0,114,114,0.1390888460506088,81921,81848,73
META,2025-09-18,108878,1,0,0,79,80,0.0734767354286449,108835,108798,37
META,2025-09-19,127890,15,0,47621,385,48021,37.548674642270704,127702,79869,47833
META,2025-09-22,80186,0,0,0,29,29,0.03616591424937021,80180,80157,23
META,2025-09-23,93545,0,0,0,24,24,0.0256561013416003,93542,93521,21
META,2025-09-24,66971,0,0,0,60,60,0.0895910170073614,66965,66911,54
META,2025-09-25,89400,0,0,0,40,40,0.0447427293064877,89384,89360,24
META,2025-09-26,94775,3,0,35122,15,35140,37.07728831442891,94771,59635,35136
META,2025-09-29,59429,0,0,0,36,36,0.060576486227262784,59427,59393,34
META,2025-09-30,99146,0,0,0,21,21,0.021180884755814658,99144,99125,19
META,2025-10-01,159613,0,0,0,54,54,0.033831830740603835,159612,159559,53
META,2025-10-02,109606,0,0,0,66,66,0.0602156816232688,109559,109540,19
META,2025-10-03,153209,14,0,48647,31,48692,31.781422762370358,153192,104517,48675
META,2025-10-06,154574,0,0,0,85,85,0.054989843052518535,154570,154489,81
META,2025-10-07,89120,0,0,0,119,119,0.1335278276481149,89116,89001,115
META,2025-10-08,94663,0,0,0,92,92,0.09718686287144924,94650,94571,79
META,2025-10-09,148959,0,0,0,209,209,0.14030706435999168,148875,148750,125
META,2025-10-10,141420,21,0,23722,30,23773,16.810210719841606,141387,117647,23740
META,2025-10-13,66227,0,0,0,45,45,0.0679481178371359,66211,66182,29
META,2025-10-14,67918,0,0,0,26,26,0.038281457051149916,67910,67892,18
META,2025-10-15,75652,0,0,0,116,116,0.1533336858245651,75553,75536,17
META,2025-10-16,84865,0,0,0,36,36,0.042420314617333414,84851,84829,22
META,2025-10-17,85863,30,0,21924,22,21976,25.594260624483187,85828,63887,21941
META,2025-10-20,74551,363,0,0,24,387,0.5191077249131467,74188,74164,24
META,2025-10-21,56765,0,0,0,36,36,0.06341936052144807,56765,56729,36
META,2025-10-22,68175,0,0,0,20,20,0.029336266960029337,68166,68155,11
META,2025-10-23,77278,0,0,0,42,42,0.05434923264059629,77262,77236,26
META,2025-10-24,97996,4,0,42670,14,42688,43.56096167190498,97985,55308,42677
META,2025-10-27,83142,0,0,0,44,44,0.05292150778186717,83137,83098,39
META,2025-10-28,78148,0,0,0,88,88,0.1126068485437887,78146,78060,86
META,2025-10-29,145961,0,0,0,249,249,0.1705935147059831,145925,145712,213
META,2025-10-30,560488,83,0,0,355,438,0.07814618689427784,560371,560050,321
META,2025-10-31,381992,13,0,12308,434,12755,3.3390751638777774,381931,369237,12694
META,2025-11-03,197236,0,0,0,73,73,0.037011498915005374,197234,197163,71
META,2025-11-04,173212,0,0,0,140,140,0.08082580883541556,173137,173072,65
META,2025-11-05,148769,0,0,0,172,172,0.11561548440871418,148714,148597,117
META,2025-11-06,169191,0,0,0,165,165,0.09752291788570314,169115,169026,89
META,2025-11-07,230547,11,0,29128,26,29165,12.650348952708125,230536,201382,29154
META,2025-11-10,138992,0,0,0,400,400,0.2877863474156786,138972,138592,380
META,2025-11-11,89962,0,0,0,365,365,0.40572686245303574,89950,89597,353
META,2025-11-12,183903,0,0,0,150,150,0.08156473793249702,183890,183753,137
META,2025-11-13,146412,0,0,0,556,556,0.3797502936917739,146301,145856,445
META,2025-11-14,160875,1,0,27691,257,27949,17.373115773115774,160861,132926,27935
META,2025-11-17,104694,0,0,0,220,220,0.2101362064683745,104638,104474,164
META,2025-11-18,139932,0,0,0,80,80,0.05717062573249864,139902,139852,50
META,2025-11-19,125747,0,0,0,166,166,0.13201110165650076,125648,125581,67
META,2025-11-20,160202,0,0,0,108,108,0.06741488870301245,160139,160094,45
META,2025-11-21,137781,5,0,10014,16,10035,7.283297406754197,137771,127746,10025
META,2025-11-24,149484,0,0,0,131,131,0.0876347970351342,149411,149353,58
META,2025-11-25,187282,0,0,0,185,185,0.09878151664335066,187160,187097,63
META,2025-11-26,111154,0,0,0,169,169,0.15204131205354732,111073,110985,88
META,2025-11-28,130367,9,0,58441,47,58497,44.87101797233962,128824,71870,56954
META,2025-12-01,76700,0,0,0,143,143,0.1864406779661017,76644,76557,87
META,2025-12-02,89599,0,0,0,153,153,0.17076083438431233,89543,89446,97
META,2025-12-03,66960,0,0,0,33,33,0.0492831541218638,66935,66927,8
META,2025-12-04,236020,311,0,0,437,748,0.31692229472078637,235426,235272,154
META,2025-12-05,190913,6,0,81642,21,81669,42.77812406698339,190898,109244,81654
META,2025-12-08,75454,0,0,0,40,40,0.05301243141516686,75436,75414,22
META,2025-12-09,102437,0,0,0,140,140,0.13666936751369135,102357,102297,60
META,2025-12-10,101290,0,0,0,17,17,0.01678349294106032,101278,101273,5
META,2025-12-11,101658,0,0,0,49,49,0.04820083023470853,101622,101609,13
META,2025-12-12,109409,2,0,40671,285,40958,37.43567713807822,109279,68451,40828
META,2025-12-15,76722,0,0,0,228,228,0.2971768202080238,76522,76494,28
META,2025-12-16,83171,0,0,0,213,213,0.2560988806194467,82987,82958,29
META,2025-12-17,70188,0,0,0,66,66,0.09403316806291674,70144,70122,22
META,2025-12-18,111855,2,0,0,254,256,0.22886773054400786,111611,111599,12
META,2025-12-19,116704,42,0,39663,24,39729,34.04253496024129,116650,76975,39675
META,2025-12-22,106861,0,0,0,207,207,0.19370958534919194,106675,106654,21
META,2025-12-23,61739,0,0,0,56,56,0.09070441698116263,61706,61683,23
META,2025-12-24,45457,0,0,0,19,19,0.041797742921882215,45440,45438,2
META,2025-12-26,83981,4,0,30115,56,30175,35.930746240221005,83633,53806,29827
META,2025-12-29,60204,0,0,0,7,7,0.011627134409673777,60200,60197,3
META,2025-12-30,93348,0,0,0,39,39,0.041779148990872865,93327,93309,18
META,2025-12-31,58554,0,0,0,93,93,0.15882774874474845,58489,58461,28
META,2026-01-02,112800,5,0,41885,150,42040,37.269503546099294,112678,70760,41918
META,2026-01-05,77772,0,0,0,257,257,0.3304531193745821,77730,77515,215
META,2026-01-06,72118,0,0,0,22,22,0.030505560331678637,72104,72096,8
META,2026-01-07,105544,0,0,0,93,93,0.088114909421663,105466,105451,15
META,2026-01-08,95948,1,0,0,261,262,0.27306457664568307,95873,95686,187
META,2026-01-09,106415,12,0,43076,67,43155,40.553493398487056,106346,63260,43086
META,2026-01-12,79461,0,0,0,101,101,0.12710637923006254,79383,79360,23
META,2026-01-13,146385,0,0,0,779,779,0.5321583495576733,145676,145606,70
META,2026-01-14,120050,0,0,0,505,505,0.42065805914202414,119637,119545,92
META,2026-01-15,125848,2,0,0,1014,1016,0.8073231199542305,125522,124832,690
META,2026-01-16,120059,4,0,46528,367,46899,39.06329388050875,119953,73160,46793
META,2026-01-20,90040,8,0,0,330,338,0.37538871612616614,89915,89702,213
META,2026-01-21,96726,0,0,0,959,959,0.9914604139528151,96429,95767,662
META,2026-01-22,198840,29,0,0,372,401,0.2016696841681754,198597,198439,158
META,2026-01-23,203976,26,0,101171,20,101217,49.622014354629954,203944,102759,101185
META,2026-01-26,101208,0,0,0,14,14,0.013832898585092087,101202,101194,8
META,2026-01-27,83034,0,0,0,36,36,0.04335573379579449,83025,82998,27
META,2026-01-28,137870,0,0,0,67,67,0.0485965039529992,137830,137803,27
META,2026-01-29,356964,183,0,0,527,710,0.1988996089241492,356657,356254,403
META,2026-01-30,162274,17,0,39146,21,39184,24.14681341434857,162245,123090,39155
META,2026-02-02,127147,44,0,36218,6,36268,28.524463809606203,127086,90879,36207
META,2026-02-03,114698,0,0,0,20,20,0.017437095677343983,114692,114678,14
META,2026-02-04,131092,11,0,271,24,306,0.2334238550025936,131065,130786,279
META,2026-02-05,114999,4,0,0,13,17,0.014782737241193401,114989,114982,7
META,2026-02-06,164863,29,0,16872,238,17139,10.39590447826377,164602,147724,16878
META,2026-02-09,145348,32,0,40448,35,40515,27.87448055700801,145283,104833,40450
META,2026-02-10,76692,0,0,0,41,41,0.05346059562927033,76658,76651,7
META,2026-02-11,127061,10,0,38486,26,38522,30.317721409401784,127027,88539,38488
META,2026-02-12,116672,0,0,0,72,72,0.06171146461876029,116622,116600,22
META,2026-02-13,121441,8,0,21781,23,21812,17.960985169753215,121422,99629,21793
META,2026-02-17,87790,4,0,0,20,24,0.02733796559972662,87782,87766,16
META,2026-02-18,115294,3,0,27842,36,27881,24.18252467604559,115284,87413,27871
META,2026-02-19,78631,0,0,0,104,104,0.13226335669138126,78588,78527,61
META,2026-02-20,143582,10,0,59976,37,60023,41.803986572133,143562,83559,60003
META,2026-02-23,107943,3,0,36357,16,36376,33.69926720584012,107932,71567,36365
META,2026-02-24,101744,1,0,0,6,7,0.006880012580594433,101742,101737,5
META,2026-02-25,121307,2,0,43988,11,44001,36.272432753262386,121300,77306,43994
META,2026-02-26,91949,0,0,0,57,57,0.06199088625216152,91939,91892,47
META,2026-02-27,120130,10,0,35939,30,35979,29.950054108049613,120110,84151,35959
META,2026-03-02,114081,4,0,29775,0,29779,26.103382684233132,114077,84302,29775
META,2026-03-03,103259,1,0,0,11,12,0.01162126303760447,103256,103247,9
META,2026-03-04,132884,1,0,36422,12,36435,27.418650853375876,132877,96449,36428
META,2026-03-05,107172,0,0,0,14,14,0.013063113499794722,107161,107158,3
META,2026-03-06,122375,5,0,22180,9,22194,18.13605720122574,122367,100181,22186
META,2026-03-09,120150,7,0,18868,4,18879,15.712858926342072,120141,101271,18870
META,2026-03-10,99427,0,0,0,22,22,0.022126786486568035,99409,99405,4
META,2026-03-11,106351,12,0,33066,15,33093,31.116773702174875,106328,73258,33070
META,2026-03-12,101698,1,0,0,86,87,0.08554740506204644,101685,101611,74
META,2026-03-13,201310,10,0,48510,59,48579,24.131439074064875,201271,152731,48540
META,2026-03-16,146324,17,0,41310,202,41529,28.38153686339903,146133,104795,41338
META,2026-03-17,110931,0,0,0,37,37,0.03335406694251381,110909,110894,15
META,2026-03-18,112032,7,0,29265,69,29341,26.189838617537845,111982,82691,29291
META,2026-03-19,121699,0,0,0,100,100,0.08216994387792834,121680,121599,81
META,2026-03-20,156657,5,0,45014,24,45043,28.75262516197808,156646,111614,45032
META,2026-03-23,129926,5,0,30783,28,30816,23.7181164662962,129901,99110,30791
META,2026-03-24,98746,0,0,0,41,41,0.04152066919166346,98716,98705,11
META,2026-03-25,122510,5,0,35924,91,36020,29.401681495388132,122430,86490,35940
META,2026-03-26,269075,5,0,0,194,199,0.07395707516491684,268901,268876,25
META,2026-03-27,255962,11,0,7085,53,7149,2.792992709855369,255916,248813,7103
META,2026-03-30,189288,15,0,29103,48,29166,15.408266768099404,189244,160122,29122
META,2026-03-31,185163,2,0,0,56,58,0.03132375258555975,185118,185105,13
META,2026-04-01,221789,13,0,43363,93,43469,19.59925875494276,221696,178320,43376
META,2026-04-02,145412,25,0,21853,10,21888,15.05240282782714,145381,123524,21857
META,2026-04-06,119108,4,0,30322,42,30368,25.496188333277363,119066,88740,30326
META,2026-04-07,83899,0,0,0,9,9,0.010727183875850725,83890,83890,0
META,2026-04-08,343074,91,0,24523,685,25299,7.374210811661624,342602,317775,24827
META,2026-04-09,195271,1,0,0,247,248,0.1270029855943791,195118,195023,95
META,2026-04-10,187495,6,0,71412,7,71425,38.09434918264487,187486,116070,71416
META,2026-04-13,136314,4,0,46058,200,46262,33.93782003315874,136152,90052,46100
META,2026-04-14,205555,0,0,0,442,442,0.21502760818272482,205184,205113,71
META,2026-04-15,180416,12,0,60301,64,60377,33.465435438098616,180371,120039,60332
META,2026-04-16,114323,0,0,0,1385,1385,1.2114797547300193,114282,112938,1344
META,2026-04-17,196645,66,0,69125,53,69244,35.21269292379669,196574,127401,69173
META,2026-04-20,162574,2,0,53728,1255,54985,33.82152127646487,161510,107589,53921
META,2026-04-21,107888,0,0,0,1709,1709,1.5840501260566513,106529,106179,350
META,2026-04-22,120739,3,0,45123,1808,46934,38.87227821996207,119129,73805,45324
META,2026-04-23,104233,0,0,0,656,656,0.6293592240461274,103614,103577,37
META,2026-04-24,164205,13,0,73466,35,73514,44.769647696476966,164183,90691,73492
META,2026-04-27,157419,0,0,73056,843,73899,46.944142701961006,156775,83520,73255
META,2026-04-28,67426,0,0,0,583,583,0.8646516180701806,67081,66843,238
META,2026-04-29,112852,0,0,0,510,510,0.45191932796937584,112692,112342,350
META,2026-04-30,299573,34,0,0,327,361,0.12050485190587937,299354,299212,142
META,2026-05-01,190765,2,0,50881,86,50969,26.71821350876733,190724,139796,50928
META,2026-05-04,157936,18,0,51449,399,51866,32.83988451018134,157612,106070,51542
META,2026-05-05,133447,0,0,0,249,249,0.18659093123112547,133271,133198,73
META,2026-05-06,197593,29,0,78406,49,78484,39.72003056788449,197535,119109,78426
META,2026-05-07,138480,0,0,0,52,52,0.03755054881571346,138447,138428,19
META,2026-05-08,156120,3,0,62770,38,62811,40.232513451191394,156103,93309,62794
META,2026-05-11,172509,1,0,52546,16,52563,30.469714623584856,172503,119946,52557
META,2026-05-12,127053,0,0,0,45,45,0.03541829000495856,127051,127008,43
META,2026-05-13,191749,31,0,70865,162,71058,37.0578203797673,191578,120691,70887
META,2026-05-14,134998,0,0,0,874,874,0.6474169987703522,134327,134124,203
META,2026-05-15,135323,5,0,43900,19,43924,32.458636004226925,135308,91399,43909
META,2026-05-18,113794,9,0,31640,395,32044,28.159656923915144,113427,81750,31677
META,2026-05-19,90233,0,0,0,1687,1687,1.8696042467833276,89100,88546,554
META,2026-05-20,118704,6,0,40392,1038,41436,34.90699555196118,118046,77268,40778
META,2026-05-21,118491,0,0,0,1053,1053,0.8886750892472846,117584,117438,146
META,2026-05-22,119487,31,0,46097,244,46372,38.80924284650213,119404,73115,46289
META,2026-05-26,107064,8,0,28372,903,29283,27.350930284689532,106367,77781,28586
META,2026-05-27,285073,79,0,46087,1175,47341,16.60662356659522,284163,237732,46431
META,2026-05-28,162086,1,0,0,709,710,0.4380390656811816,161819,161376,443
META,2026-05-29,165611,25,0,56334,69,56428,34.07261594942365,165538,109183,56355
META,2026-06-01,250118,7,0,22885,1228,24120,9.643448292405985,249812,225998,23814
META,2026-06-02,143620,0,0,0,78,78,0.05430998468179919,143581,143542,39
META,2026-06-03,225866,121,0,28266,127,28514,12.624299363339325,225666,197352,28314
META,2026-06-04,208618,3,0,0,892,895,0.4290137955497608,208105,207723,382
META,2026-06-05,220800,61,0,33885,112,34058,15.42481884057971,220725,186742,33983
META,2026-06-08,136010,7,0,17940,38,17985,13.223292404970223,135999,118025,17974
META,2026-06-09,115881,0,0,0,127,127,0.1095951881671715,115863,115754,109
META,2026-06-10,142970,2,0,36276,71,36349,25.424214870252502,142943,106621,36322
META,2026-06-11,125952,0,0,0,359,359,0.2850292174796748,125760,125593,167
META,2026-06-12,133764,3,0,30417,43,30463,22.773690978140607,133752,103301,30451
META,2026-06-15,200127,50,0,64572,132,64754,32.35645365193103,200050,135373,64677
META,2026-06-16,134990,0,0,0,89,89,0.06593080968960664,134981,134901,80
META,2026-06-17,195114,2,0,24264,292,24558,12.5864878993819,194999,170556,24443
META,2026-06-18,149405,21,0,29890,62,29973,20.06157759111141,149366,119432,29934
META,2026-06-22,130299,5,0,0,6729,6734,5.168113339319565,129151,123565,5586
META,2026-06-23,96264,0,0,0,83,83,0.08622122496468046,96256,96181,75
META,2026-06-24,116866,11,0,0,4958,4969,4.251878219499256,115641,111897,3744
META,2026-06-25,101826,0,0,0,803,803,0.7886001610590615,101746,101023,723
META,2026-06-26,114739,6,0,0,1507,1513,1.3186449245679324,114072,113226,846
META,2026-06-29,111780,8,0,0,4700,4708,4.211844694936483,110371,107072,3299
META,2026-06-30,92978,0,0,0,77,77,0.08281528963840909,92972,92901,71
META,2026-07-01,367448,109,0,0,5200,5309,1.4448302889116282,365712,362139,3573
META,2026-07-02,183544,21,0,0,4103,4124,2.246872684478926,181737,179420,2317
META,2026-07-06,172786,18,0,0,4598,4616,2.6715127383005566,171082,168170,2912
META,2026-07-07,176487,0,0,0,644,644,0.3648993976893482,176217,175843,374
META,2026-07-08,135018,7,0,0,8388,8395,6.2176894932527516,132608,126623,5985
META,2026-07-09,255951,7,0,0,755,762,0.2977132341737286,255700,255189,511
META,2026-07-10,401819,180,0,0,2667,2847,0.7085279690606965,400189,398972,1217
META,2026-07-13,192348,5,0,0,4538,4543,2.361864953105829,190752,187805,2947
META,2026-07-14,115529,0,0,0,416,416,0.3600827497857681,115529,115113,416
META,2026-07-15,232292,9,0,0,5598,5607,2.413772321044203,228794,226685,2109
META,2026-07-16,115249,0,0,0,1013,1013,0.8789664118560682,115204,114236,968
META,2026-07-17,255057,30,0,0,3139,3169,1.242467370038854,253333,251888,1445
META,2026-07-20,148474,3,0,0,9009,9012,6.069749585786064,143241,139462,3779
META,2026-07-21,83762,0,0,0,1385,1385,1.653494424679449,83738,82377,1361
META,2026-07-22,139197,0,0,0,8111,8111,5.826993397846218,135871,131086,4785
META,2026-07-23,125929,1,0,0,1134,1135,0.9013015270509573,125723,124794,929
META,2026-07-24,133574,5,0,0,2959,2964,2.218994714540255,131573,130610,963
META,2026-07-27,129079,13,0,0,5983,5996,4.6452172700439265,126261,123083,3178
META,2026-07-28,61167,0,0,0,303,303,0.49536514787385355,61006,60864,142
META,2026-07-29,100970,0,0,0,209,209,0.20699217589382984,100831,100761,70
META,2026-07-30,235571,57,0,0,1810,1867,0.7925423757593252,234947,233704,1243
META,2026-07-31,171378,42,0,0,3495,3537,2.0638588383573153,169502,167841,1661
META,2026-08-03,241319,26,0,0,6130,6156,2.550980237776553,237524,235163,2361
META,2026-08-04,126830,0,0,0,670,670,0.528266183079713,126647,126160,487
META,2026-08-05,165626,17,0,0,7338,7355,4.440727905039064,161700,158271,3429
META,2026-08-06,96557,0,0,0,1812,1812,1.8766117422869393,96382,94745,1637
META,2026-08-07,139305,5,0,0,7932,7937,5.697570080040199,136607,131368,5239
META,2026-08-10,192961,5,0,0,3584,3589,1.859961339338001,191299,189372,1927
META,2026-08-11,169822,1,0,0,901,902,0.5311443746982134,169696,168920,776
META,2026-08-12,205816,3,0,0,4816,4819,2.341411746414273,202720,200997,1723
META,2026-08-13,126204,1,0,0,602,603,0.4777978510982219,125999,125601,398
META,2026-08-14,120278,4,0,0,4100,4104,3.4120953125259814,117805,116174,1631
META,2026-08-17,245035,9,0,0,2053,2062,0.8415124369987961,243638,242973,665
META,2026-08-18,223991,3,0,0,378,381,0.1700961199333902,223986,223610,376
META,2026-08-19,176633,15,0,0,838,853,0.4829222172527217,176094,175780,314
META,2026-08-20,100345,0,0,0,328,328,0.32687229059743883,100252,100017,235
META,2026-08-21,147351,9,0,0,1681,1690,1.1469212967675821,146314,145661,653
META,2026-08-24,171067,16,0,0,2907,2923,1.7086872395026511,169810,168144,1666
META,2026-08-25,113084,0,0,0,456,456,0.40324006932899437,113041,112628,413
META,2026-08-26,453664,39,0,0,1650,1689,0.37230196797629966,453063,451975,1088
META,2026-08-27,152761,0,0,0,510,510,0.3338548451502674,152724,152251,473
META,2026-08-28,249022,19,0,0,3626,3645,1.4637260964894667,247391,245377,2014
META,2026-08-31,144075,4,0,0,2307,2311,1.6040256810688878,143670,141764,1906
META,2026-09-01,189988,0,0,0,490,490,0.2579110259595343,189902,189498,404
META,2026-09-02,321988,24,0,0,4559,4583,1.4233449693777407,320634,317405,3229
META,2026-09-03,186591,1,0,0,635,636,0.34085245269064424,186398,185955,443
META,2026-09-04,195395,0,0,0,2117,2117,1.083446352260805,194520,193278,1242
MSFT,2024-08-02,100702,6666,0,0,11,6677,6.630454211435722,94036,94025,11
MSFT,2024-08-05,70895,7,0,0,0,7,0.009873756964525002,70888,70888,0
MSFT,2024-08-06,58617,0,0,0,0,0,0.0,58617,58617,0
MSFT,2024-08-07,56065,0,0,0,0,0,0.0,56065,56065,0
MSFT,2024-08-08,49563,0,0,0,0,0,0.0,49563,49563,0
MSFT,2024-08-09,51655,3215,0,0,1,3216,6.2259219823831184,48440,48439,1
MSFT,2024-08-12,38553,0,0,0,0,0,0.0,38553,38553,0
MSFT,2024-08-13,49886,0,0,0,0,0,0.0,49886,49886,0
MSFT,2024-08-14,44218,0,0,0,18,18,0.04070740422452395,44218,44200,18
MSFT,2024-08-15,60009,1,0,0,3,4,0.0066656668166441705,60007,60005,2
MSFT,2024-08-16,60978,3012,0,0,6,3018,4.949325986421332,57965,57960,5
MSFT,2024-08-19,46058,0,0,0,0,0,0.0,46058,46058,0
MSFT,2024-08-20,55715,0,0,0,0,0,0.0,55715,55715,0
MSFT,2024-08-21,41645,0,0,0,1,1,0.0024012486492976347,41645,41644,1
MSFT,2024-08-22,70189,0,0,0,1,1,0.0014247246719571443,70189,70188,1
MSFT,2024-08-23,80496,5538,0,0,0,5538,6.87984496124031,74958,74958,0
MSFT,2024-08-26,36650,0,0,0,0,0,0.0,36650,36650,0
MSFT,2024-08-27,34202,0,0,0,0,0,0.0,34202,34202,0
MSFT,2024-08-28,41568,0,0,0,0,0,0.0,41568,41568,0
MSFT,2024-08-29,71286,1,0,0,0,1,0.0014027999887776,71285,71285,0
MSFT,2024-08-30,47643,3329,0,0,0,3329,6.987385345171379,44314,44314,0
MSFT,2024-09-03,50997,0,0,0,2,2,0.003921799321528717,50997,50995,2
MSFT,2024-09-04,43262,0,0,0,4,4,0.009245989552031807,43262,43258,4
MSFT,2024-09-05,41701,0,0,0,3,3,0.007194072084602288,41701,41698,3
MSFT,2024-09-06,57183,3062,0,0,4,3066,5.361733382298935,54121,54117,4
MSFT,2024-09-09,36148,0,0,0,0,0,0.0,36148,36148,0
MSFT,2024-09-10,49807,0,0,0,0,0,0.0,49807,49807,0
MSFT,2024-09-11,51942,0,0,0,0,0,0.0,51942,51942,0
MSFT,2024-09-12,65509,0,0,0,0,0,0.0,65509,65509,0
MSFT,2024-09-13,68673,3068,0,0,0,3068,4.467549109548148,65605,65605,0
MSFT,2024-09-16,47574,0,0,0,0,0,0.0,47574,47574,0
MSFT,2024-09-17,86143,10,0,0,6,16,0.018573766876008497,86133,86127,6
MSFT,2024-09-18,52146,0,0,0,6,6,0.011506155793349442,52145,52140,5
MSFT,2024-09-19,62115,5,0,0,30,35,0.05634709812444659,62106,62080,26
MSFT,2024-09-20,48775,3,0,14571,17,14591,29.914915427985648,48770,34184,14586
MSFT,2024-09-23,39340,0,0,0,0,0,0.0,39340,39340,0
MSFT,2024-09-24,59256,0,0,0,0,0,0.0,59256,59256,0
MSFT,2024-09-25,41835,0,0,0,4,4,0.009561372056890163,41835,41831,4
MSFT,2024-09-26,46737,0,0,0,0,0,0.0,46737,46737,0
MSFT,2024-09-27,48235,1,0,16356,1,16358,33.9131336166684,48102,31877,16225
MSFT,2024-09-30,40028,0,0,0,0,0,0.0,40028,40028,0
MSFT,2024-10-01,67867,0,0,0,0,0,0.0,67867,67867,0
MSFT,2024-10-02,45899,0,0,0,1,1,0.0021786967036318875,45899,45898,1
MSFT,2024-10-03,54328,0,0,0,3,3,0.005522014430864379,54328,54325,3
MSFT,2024-10-04,63909,2,0,18072,1,18075,28.282401539689246,63904,45834,18070
MSFT,2024-10-07,67543,0,0,0,0,0,0.0,67543,67543,0
MSFT,2024-10-08,56745,0,0,0,0,0,0.0,56745,56745,0
MSFT,2024-10-09,58243,0,0,0,0,0,0.0,58243,58243,0
MSFT,2024-10-10,42520,0,0,0,0,0,0.0,42520,42520,0
MSFT,2024-10-11,65936,1,0,17118,1,17120,25.964571705896628,65771,48816,16955
MSFT,2024-10-14,83241,0,0,0,0,0,0.0,83241,83241,0
MSFT,2024-10-15,49872,0,0,0,0,0,0.0,49872,49872,0
MSFT,2024-10-16,55052,0,0,0,1,1,0.0018164644336263896,55052,55051,1
MSFT,2024-10-17,47770,0,0,0,2,2,0.004186728072011723,47769,47768,1
MSFT,2024-10-18,52020,2,0,16937,0,16939,32.56247597078047,51655,35081,16574
MSFT,2024-10-21,44539,0,0,0,0,0,0.0,44539,44539,0
MSFT,2024-10-22,122918,0,0,0,0,0,0.0,122918,122918,0
MSFT,2024-10-23,73551,0,0,0,0,0,0.0,73551,73551,0
MSFT,2024-10-24,48117,0,0,0,0,0,0.0,48117,48117,0
MSFT,2024-10-25,79633,2,0,30422,0,30424,38.20526666080645,79601,49209,30392
MSFT,2024-10-28,38829,0,0,0,0,0,0.0,38829,38829,0
MSFT,2024-10-29,40812,0,0,0,0,0,0.0,40812,40812,0
MSFT,2024-10-30,146685,0,0,0,0,0,0.0,146685,146685,0
MSFT,2024-10-31,196189,5,0,0,6,11,0.005606838303880442,196184,196178,6
MSFT,2024-11-01,107511,4,0,34729,2,34735,32.30832193915041,107498,72776,34722
MSFT,2024-11-04,52492,0,0,0,0,0,0.0,52492,52492,0
MSFT,2024-11-05,47802,1,0,0,0,1,0.0020919626793858,47801,47801,0
MSFT,2024-11-06,72346,0,0,0,1,1,0.0013822464268929864,72346,72345,1
MSFT,2024-11-07,84477,0,0,0,19,19,0.022491329000793116,84477,84458,19
MSFT,2024-11-08,72075,3,0,20652,0,20655,28.6576482830385,71855,51420,20435
MSFT,2024-11-11,60435,0,0,0,0,0,0.0,60435,60435,0
MSFT,2024-11-12,53815,0,0,0,0,0,0.0,53815,53815,0
MSFT,2024-11-13,92348,0,0,0,0,0,0.0,92348,92348,0
MSFT,2024-11-14,78463,1,0,0,6,7,0.00892140244446427,78462,78456,6
MSFT,2024-11-15,86636,5,0,24277,2,24284,28.02991827877557,86631,62352,24279
MSFT,2024-11-18,44738,0,0,0,0,0,0.0,44738,44738,0
MSFT,2024-11-19,52187,0,0,0,0,0,0.0,52187,52187,0
MSFT,2024-11-20,56331,0,0,0,1,1,0.001775221458876995,56331,56330,1
MSFT,2024-11-21,63221,0,0,0,0,0,0.0,63221,63221,0
MSFT,2024-11-22,55456,11,0,15720,0,15731,28.366633006347374,55418,39725,15693
MSFT,2024-11-25,52276,0,0,0,0,0,0.0,52276,52276,0
MSFT,2024-11-26,91352,0,0,0,0,0,0.0,91352,91352,0
MSFT,2024-11-27,46396,4,0,0,0,4,0.008621432882145013,46392,46392,0
MSFT,2024-11-29,50553,12,0,18460,1,18473,36.54184717029652,43683,32080,11603
MSFT,2024-12-02,83417,0,0,0,0,0,0.0,83417,83417,0
MSFT,2024-12-03,47831,0,0,0,0,0,0.0,47831,47831,0
MSFT,2024-12-04,103911,0,0,0,0,0,0.0,103911,103911,0
MSFT,2024-12-05,110374,0,0,0,1,1,0.0009060104734810734,110374,110373,1
MSFT,2024-12-06,81960,2,0,25344,1,25347,30.92606149341142,81483,56613,24870
MSFT,2024-12-09,74107,0,0,0,0,0,0.0,74107,74107,0
MSFT,2024-12-10,66860,0,0,0,0,0,0.0,66860,66860,0
MSFT,2024-12-11,59323,0,0,0,0,0,0.0,59323,59323,0
MSFT,2024-12-12,119493,0,0,0,1,1,0.0008368691053032395,119493,119492,1
MSFT,2024-12-13,64423,1,0,24926,1,24928,38.69425515731959,64157,39495,24662
MSFT,2024-12-16,51878,0,0,0,0,0,0.0,51878,51878,0
MSFT,2024-12-17,58954,0,0,0,3,3,0.005088713234046884,58954,58951,3
MSFT,2024-12-18,74486,0,0,0,4,4,0.005370136669978251,74484,74482,2
MSFT,2024-12-19,70989,0,0,0,26,26,0.036625392666469456,70985,70963,22
MSFT,2024-12-20,92567,3,0,30233,10,30246,32.67471129020061,92558,62321,30237
MSFT,2024-12-23,46958,0,0,0,0,0,0.0,46958,46958,0
MSFT,2024-12-24,29133,0,0,0,0,0,0.0,29133,29133,0
MSFT,2024-12-26,46418,0,0,0,1,1,0.002154336679736309,46418,46417,1
MSFT,2024-12-27,78289,7,0,20012,0,20019,25.570642108086705,78276,58270,20006
MSFT,2024-12-30,44041,0,0,0,0,0,0.0,44041,44041,0
MSFT,2024-12-31,37331,0,0,0,0,0,0.0,37331,37331,0
MSFT,2025-01-02,68377,0,0,0,2,2,0.0029249601474179913,68377,68375,2
MSFT,2025-01-03,57275,5,0,15563,20,15588,27.216062854648627,57264,41687,15577
MSFT,2025-01-06,65157,0,0,0,1,1,0.0015347545160151635,65157,65156,1
MSFT,2025-01-07,49150,0,0,0,0,0,0.0,49150,49150,0
MSFT,2025-01-08,41825,0,0,0,5,5,0.011954572624028692,41825,41820,5
MSFT,2025-01-10,66117,2,0,16018,4,16024,24.235824371946702,66115,50093,16022
MSFT,2025-01-13,51377,0,0,0,5,5,0.009731981236740175,51377,51372,5
MSFT,2025-01-14,53162,0,0,0,4,4,0.007524171400624506,53160,53158,2
MSFT,2025-01-15,61741,0,0,0,73,73,0.11823585623815616,61699,61668,31
MSFT,2025-01-16,44260,0,0,0,60,60,0.13556258472661545,44248,44200,48
MSFT,2025-01-17,66580,65,0,21577,9,21651,32.518774406728745,66471,44929,21542
MSFT,2025-01-21,50221,0,0,0,0,0,0.0,50221,50221,0
MSFT,2025-01-22,133150,0,0,0,0,0,0.0,133150,133150,0
MSFT,2025-01-23,54045,0,0,0,0,0,0.0,54045,54045,0
MSFT,2025-01-24,68307,7,0,26426,0,26433,38.69735166234793,68178,41874,26304
MSFT,2025-02-25,84562,0,0,0,0,0,0.0,84562,84562,0
MSFT,2025-02-26,74787,0,0,0,3,3,0.004011392354286172,74787,74784,3
MSFT,2025-02-27,83603,0,0,0,1,1,0.0011961293255026734,83603,83602,1
MSFT,2025-02-28,92693,48,0,17777,4,17829,19.23446214924536,92645,74864,17781
MSFT,2025-03-03,57561,0,0,0,0,0,0.0,57561,57561,0
MSFT,2025-03-04,64507,0,0,0,1,1,0.0015502193560388794,64507,64506,1
MSFT,2025-03-05,69926,0,0,0,1,1,0.001430083230844035,69926,69925,1
MSFT,2025-03-06,58982,0,0,0,1,1,0.0016954325048319826,58981,58981,0
MSFT,2025-03-07,72465,5,0,5050,3,5058,6.979921341337198,72460,67407,5053
MSFT,2025-03-10,69314,0,0,0,0,0,0.0,69314,69314,0
MSFT,2025-03-11,55066,0,0,0,0,0,0.0,55066,55066,0
MSFT,2025-03-12,61202,0,0,0,0,0,0.0,61202,61202,0
MSFT,2025-03-13,49471,0,0,0,1,1,0.002021386266701704,49471,49470,1
MSFT,2025-03-14,68370,8,0,19919,1,19928,29.147286821705425,68362,48442,19920
MSFT,2025-03-17,46657,0,0,0,0,0,0.0,46657,46657,0
MSFT,2025-03-18,36341,0,0,0,1,1,0.0027517129413059628,36341,36340,1
MSFT,2025-03-19,39556,0,0,0,0,0,0.0,39556,39556,0
MSFT,2025-03-20,49205,0,0,0,16,16,0.03251702062798496,49205,49189,16
MSFT,2025-03-21,55813,39,0,14889,3,14931,26.751832010463513,55774,40882,14892
MSFT,2025-03-24,60475,0,0,0,0,0,0.0,60475,60475,0
MSFT,2025-03-25,47587,0,0,0,0,0,0.0,47587,47587,0
MSFT,2025-03-26,38443,0,0,0,0,0,0.0,38443,38443,0
MSFT,2025-03-27,35393,0,0,0,1,1,0.0028254174554290397,35393,35392,1
MSFT,2025-03-28,72766,1,0,15792,6,15799,21.712063326278756,72759,56967,15792
MSFT,2025-03-31,59303,0,0,0,0,0,0.0,59303,59303,0
MSFT,2025-04-01,54527,0,0,0,0,0,0.0,54527,54527,0
MSFT,2025-04-02,35552,0,0,0,0,0,0.0,35552,35552,0
MSFT,2025-04-03,65908,0,0,0,0,0,0.0,65908,65908,0
MSFT,2025-04-07,72257,95,0,0,0,95,0.1314751511964239,72162,72162,0
MSFT,2025-04-08,75897,0,0,0,0,0,0.0,75897,75897,0
MSFT,2025-04-09,83973,0,0,1,2,3,0.0035725768997177665,83972,83970,2
MSFT,2025-04-10,62874,0,0,0,615,615,0.9781467697299361,62771,62259,512
MSFT,2025-04-11,55341,3,0,11,20,34,0.061437270739596324,55327,55307,20
MSFT,2025-04-14,49872,0,0,0,32,32,0.06416426050689766,49872,49840,32
MSFT,2025-04-15,40289,0,0,0,12,12,0.029784804785425303,40289,40277,12
MSFT,2025-04-16,56007,0,0,0,65,65,0.11605692145624653,55990,55942,48
MSFT,2025-04-17,52307,3,0,10165,14,10182,19.465845871489474,52294,42125,10169
MSFT,2025-04-21,41458,0,0,0,0,0,0.0,41458,41458,0
MSFT,2025-04-22,39273,0,0,0,0,0,0.0,39273,39273,0
MSFT,2025-04-23,48443,0,0,0,4,4,0.008257126932683772,48443,48439,4
MSFT,2025-04-24,54371,0,0,0,88,88,0.16185098673925438,54370,54283,87
MSFT,2025-04-25,52126,7,0,13684,0,13691,26.265203545255726,52117,38435,13682
MSFT,2025-04-28,35745,0,0,0,0,0,0.0,35745,35745,0
MSFT,2025-04-29,38712,0,0,0,0,0,0.0,38712,38712,0
MSFT,2025-04-30,88894,0,0,0,0,0,0.0,88894,88894,0
MSFT,2025-05-01,234335,2,0,0,12,14,0.0059743529562378645,234332,234321,11
MSFT,2025-05-02,150332,1,0,55648,8,55657,37.022723039672194,150321,94675,55646
MSFT,2025-05-05,65640,0,0,0,0,0,0.0,65640,65640,0
MSFT,2025-05-06,47836,0,0,0,0,0,0.0,47836,47836,0
MSFT,2025-05-07,49103,0,0,0,0,0,0.0,49103,49103,0
MSFT,2025-05-08,84858,0,0,0,56,56,0.06599259940135285,84858,84802,56
MSFT,2025-05-09,56935,1,0,16324,7,16332,28.685342934925792,56899,40603,16296
MSFT,2025-05-12,85691,0,0,0,0,0,0.0,85691,85691,0
MSFT,2025-05-13,75345,0,0,0,0,0,0.0,75345,75345,0
MSFT,2025-05-14,89353,0,0,0,15,15,0.016787349053753092,89353,89338,15
MSFT,2025-05-15,81518,0,0,0,2,2,0.002453445864716995,81518,81516,2
MSFT,2025-05-16,68776,5,0,21545,5,21555,31.34087472374084,68721,47221,21500
MSFT,2025-05-19,71782,0,0,0,0,0,0.0,71782,71782,0
MSFT,2025-05-20,44087,0,0,0,0,0,0.0,44087,44087,0
MSFT,2025-05-21,54002,0,0,0,3,3,0.00555534980185919,54002,53999,3
MSFT,2025-05-22,61206,0,0,0,3,3,0.004901480247034604,61205,61203,2
MSFT,2025-05-23,54629,7,0,17298,2,17307,31.68097530615607,54619,37322,17297
MSFT,2025-05-27,53267,0,0,0,0,0,0.0,53267,53267,0
MSFT,2025-05-28,43829,0,0,0,1,1,0.002281594378151452,43829,43828,1
MSFT,2025-05-29,40574,0,0,0,3,3,0.0073938975698723325,40573,40571,2
MSFT,2025-05-30,56996,24,0,15568,1,15593,27.358060214751912,56968,41403,15565
MSFT,2025-06-02,40605,0,0,0,0,0,0.0,40605,40605,0
MSFT,2025-06-03,42190,0,0,0,0,0,0.0,42190,42190,0
MSFT,2025-06-04,43037,0,0,0,0,0,0.0,43037,43037,0
MSFT,2025-06-05,58081,0,0,0,0,0,0.0,58081,58081,0
MSFT,2025-06-06,67490,22,0,19910,4,19936,29.539190991257964,67141,47554,19587
MSFT,2025-06-09,51630,1,0,0,3,4,0.007747433662599264,51629,51626,3
MSFT,2025-06-10,47582,0,0,0,3,3,0.006304905216258249,47582,47579,3
MSFT,2025-06-11,62297,0,0,0,5,5,0.00802606867104355,62297,62292,5
MSFT,2025-06-12,81524,0,0,0,4,4,0.004906530592218242,81524,81520,4
MSFT,2025-06-13,62712,2,0,19616,0,19618,31.282689118510014,62687,43094,19593
MSFT,2025-06-16,43965,0,0,0,4,4,0.009098146252701013,43965,43961,4
MSFT,2025-06-17,40799,0,0,0,3,3,0.0073531214000343145,40799,40796,3
MSFT,2025-06-18,38051,0,0,0,26,26,0.0683293474547318,38044,38025,19
MSFT,2025-06-20,54835,16,0,18367,5,18388,33.53332725449074,54769,36447,18322
MSFT,2025-06-23,66002,0,0,0,0,0,0.0,66002,66002,0
MSFT,2025-06-24,61128,0,0,0,0,0,0.0,61128,61128,0
MSFT,2025-06-25,52245,0,0,0,0,0,0.0,52245,52245,0
MSFT,2025-06-26,69560,0,0,0,4,4,0.005750431282346176,69556,69556,0
MSFT,2025-06-27,70320,11,0,18653,3,18667,26.545790671217294,69491,51653,17838
MSFT,2025-06-30,47618,0,0,0,3,3,0.006300138603049267,47618,47615,3
MSFT,2025-07-01,45826,0,0,0,0,0,0.0,45826,45826,0
MSFT,2025-07-02,43904,1,0,0,3,4,0.009110787172011662,43903,43900,3
MSFT,2025-07-03,56951,26,0,21351,0,21377,37.53577636915945,50304,35574,14730
MSFT,2025-07-07,32597,0,0,0,0,0,0.0,32597,32597,0
MSFT,2025-07-08,30293,0,0,0,0,0,0.0,30293,30293,0
MSFT,2025-07-09,74657,0,0,0,0,0,0.0,74657,74657,0
MSFT,2025-07-10,53760,0,0,0,2,2,0.003720238095238095,53760,53758,2
MSFT,2025-07-11,59490,4,0,20441,2,20447,34.37048243402253,58911,39043,19868
MSFT,2025-07-14,30709,0,0,0,6,6,0.019538246116773586,30709,30703,6
MSFT,2025-07-15,53664,0,0,0,3,3,0.005590339892665474,53663,53661,2
MSFT,2025-07-16,38251,0,0,0,1,1,0.002614310736974197,38251,38250,1
MSFT,2025-07-17,78403,0,0,0,19,19,0.02423376656505491,78402,78384,18
MSFT,2025-07-18,61325,16,0,20131,3,20150,32.85772523440685,56339,41175,15164
MSFT,2025-07-21,40799,0,0,0,5,5,0.012255202333390525,40799,40794,5
MSFT,2025-07-22,36320,0,0,0,0,0,0.0,36320,36320,0
MSFT,2025-07-23,49884,0,0,0,0,0,0.0,49884,49884,0
MSFT,2025-07-24,53145,0,0,0,3,3,0.005644933672029354,53145,53142,3
MSFT,2025-07-25,72495,38,0,26470,1,26509,36.56665976963929,70466,45986,24480
MSFT,2025-07-28,38566,0,0,0,0,0,0.0,38566,38566,0
MSFT,2025-07-29,37330,0,0,0,1,1,0.002678810608090008,37330,37329,1
MSFT,2025-07-30,83570,0,0,0,0,0,0.0,83570,83570,0
MSFT,2025-07-31,228219,73,0,0,10,83,0.03636857579780824,228145,228136,9
MSFT,2025-08-01,123797,3,0,42133,3,42139,34.03878930830311,123791,81658,42133
MSFT,2025-08-04,80584,0,0,0,2,2,0.002481882259505609,80584,80582,2
MSFT,2025-08-05,52382,0,0,0,2,2,0.0038181054560726966,52382,52380,2
MSFT,2025-08-06,49499,0,0,0,2,2,0.004040485666377098,49498,49497,1
MSFT,2025-08-07,73599,0,0,0,2,2,0.002717428225926983,73598,73597,1
MSFT,2025-08-08,65038,7,0,22178,1,22186,34.11236507887696,64914,42852,22062
MSFT,2025-08-11,66469,0,0,0,9,9,0.013540146534474717,66469,66460,9
MSFT,2025-08-12,64761,0,0,0,2,2,0.003088278439184077,64761,64759,2
MSFT,2025-08-13,70055,0,0,0,11,11,0.015701948469060024,70051,70044,7
MSFT,2025-08-14,69929,0,0,0,22,22,0.03146048134536458,69926,69907,19
MSFT,2025-08-15,72533,53,0,22765,4,22822,31.46429900872706,72404,49711,22693
MSFT,2025-08-18,79362,0,0,0,0,0,0.0,79362,79362,0
MSFT,2025-08-19,64213,0,0,0,0,0,0.0,64213,64213,0
MSFT,2025-08-20,65404,0,0,0,5,5,0.0076447923674393,65404,65399,5
MSFT,2025-08-21,49935,1,0,0,16,17,0.03404425753479524,49927,49918,9
MSFT,2025-08-22,76856,2,0,24974,1,24977,32.498438638492765,76827,51879,24948
MSFT,2025-08-25,43697,0,0,0,0,0,0.0,43697,43697,0
MSFT,2025-08-26,73510,1,0,0,0,1,0.0013603591348115903,73509,73509,0
MSFT,2025-08-27,63811,0,0,0,0,0,0.0,63811,63811,0
MSFT,2025-08-28,55771,0,0,0,5,5,0.00896523282709652,55770,55766,4
MSFT,2025-08-29,57320,1,0,17229,1,17231,30.06106071179344,57293,40089,17204
MSFT,2025-09-02,46137,0,0,0,6,6,0.013004746732557384,46137,46131,6
MSFT,2025-09-03,35776,0,0,0,0,0,0.0,35776,35776,0
MSFT,2025-09-04,46396,0,0,0,0,0,0.0,46396,46396,0
MSFT,2025-09-05,124351,2,0,35696,4,35702,28.71066577671269,124347,88649,35698
MSFT,2025-09-08,51607,0,0,0,3,3,0.005813164880733234,51607,51604,3
MSFT,2025-09-09,41462,0,0,0,0,0,0.0,41462,41462,0
MSFT,2025-09-10,64826,0,0,0,0,0,0.0,64826,64826,0
MSFT,2025-09-11,65623,0,0,0,1,1,0.0015238559651341754,65623,65622,1
MSFT,2025-09-12,132303,7,0,48252,0,48259,36.47611921120458,131939,84044,47895
MSFT,2025-09-15,62164,0,0,0,3,3,0.0048259442764300884,62164,62161,3
MSFT,2025-09-16,62103,0,0,0,2,2,0.0032204563386631887,62103,62101,2
MSFT,2025-09-17,54103,0,0,0,1,1,0.0018483263404986785,54103,54102,1
MSFT,2025-09-18,62269,0,0,0,15,15,0.024089033066212722,62267,62254,13
MSFT,2025-09-19,88159,121,0,23820,55,23996,27.219002030422306,87992,64163,23829
MSFT,2025-09-22,60333,0,0,0,0,0,0.0,60333,60333,0
MSFT,2025-09-23,59536,0,0,0,0,0,0.0,59536,59536,0
MSFT,2025-09-24,45739,0,0,0,48,48,0.10494326504733378,45739,45691,48
MSFT,2025-09-25,53092,0,0,0,1,1,0.001883522941309425,53092,53091,1
MSFT,2025-09-26,75866,3,0,26076,3,26082,34.37903672264255,75852,49784,26068
MSFT,2025-09-29,51456,0,0,0,4,4,0.00777363184079602,51456,51452,4
MSFT,2025-09-30,49590,0,0,0,0,0,0.0,49590,49590,0
MSFT,2025-10-01,60795,0,0,0,87,87,0.14310387367382185,60795,60708,87
MSFT,2025-10-02,82006,0,0,0,22,22,0.02682730531912299,81993,81984,9
MSFT,2025-10-03,70790,3,0,21719,0,21722,30.68512501765786,70748,49068,21680
MSFT,2025-10-06,99959,0,0,0,3,3,0.003001230504506848,99959,99956,3
MSFT,2025-10-07,60238,0,0,0,0,0,0.0,60238,60238,0
MSFT,2025-10-08,42546,0,0,0,1,1,0.002350397217129695,42546,42545,1
MSFT,2025-10-09,66763,0,0,0,5,5,0.007489178137591181,66763,66758,5
MSFT,2025-10-10,71407,2,0,15980,4,15986,22.387160922598625,71365,55421,15944
MSFT,2025-10-13,45493,0,0,0,6,6,0.013188842239465412,45493,45487,6
MSFT,2025-10-14,45540,0,0,0,5,5,0.010979358805445762,45540,45535,5
MSFT,2025-10-15,37712,0,0,0,6,6,0.01591005515485787,37712,37706,6
MSFT,2025-10-16,50796,0,0,0,19,19,0.03740452004094811,50796,50777,19
MSFT,2025-10-17,60408,2,0,14251,5,14258,23.60283406171368,60403,46150,14253
MSFT,2025-10-20,43348,4,0,0,1,5,0.01153455753437298,43344,43343,1
MSFT,2025-10-21,45574,0,0,0,0,0,0.0,45574,45574,0
MSFT,2025-10-22,71093,0,0,0,0,0,0.0,71093,71093,0
MSFT,2025-10-23,44814,0,0,0,3,3,0.006694336591243808,44814,44811,3
MSFT,2025-10-24,64956,3,0,21458,0,21461,33.03928813350576,64828,43495,21333
MSFT,2025-10-27,73719,0,0,0,0,0,0.0,73719,73719,0
MSFT,2025-10-28,107088,0,0,0,18,18,0.016808606006275213,107088,107070,18
MSFT,2025-10-29,135224,0,0,0,6,6,0.004437082174761876,135223,135218,5
MSFT,2025-10-30,169057,1,0,0,13,14,0.008281230590865803,169054,169043,11
MSFT,2025-10-31,124282,7,0,30348,8,30363,24.430730113773514,124269,93919,30350
MSFT,2025-11-03,70590,0,0,0,0,0,0.0,70590,70590,0
MSFT,2025-11-04,59135,0,0,0,1,1,0.001691045911896508,59135,59134,1
MSFT,2025-11-05,74152,0,0,0,0,0,0.0,74152,74152,0
MSFT,2025-11-06,95701,0,0,0,13,13,0.013583975089079528,95695,95688,7
MSFT,2025-11-07,81405,20,0,20135,3,20158,24.762606719488975,81384,61247,20137
MSFT,2025-11-10,74666,0,0,0,0,0,0.0,74666,74666,0
MSFT,2025-11-11,51381,0,0,0,0,0,0.0,51381,51381,0
MSFT,2025-11-12,80984,1,0,0,2,3,0.0037044354440383285,80983,80981,2
MSFT,2025-11-13,73554,0,0,0,1,1,0.001359545368028931,73554,73553,1
MSFT,2025-11-14,75152,0,0,27864,0,27864,37.07685756866085,75147,47288,27859
MSFT,2025-11-17,44747,0,0,0,0,0,0.0,44747,44747,0
MSFT,2025-11-18,94123,0,0,0,0,0,0.0,94123,94123,0
MSFT,2025-11-19,69508,0,0,0,10,10,0.014386833170282557,69508,69498,10
MSFT,2025-11-20,84443,0,0,0,8,8,0.009473846263159764,84443,84435,8
MSFT,2025-11-21,97543,8,0,8255,5,8268,8.476261751227664,97533,89275,8258
MSFT,2025-11-24,65564,0,0,0,0,0,0.0,65564,65564,0
MSFT,2025-11-25,79301,0,0,0,0,0,0.0,79301,79301,0
MSFT,2025-11-26,79829,3,0,0,0,3,0.0037580327950995254,79826,79826,0
MSFT,2025-11-28,46974,3,0,14651,1,14655,31.198109592540554,43897,32319,11578
MSFT,2025-12-01,44983,0,0,0,0,0,0.0,44983,44983,0
MSFT,2025-12-02,46563,0,0,0,0,0,0.0,46563,46563,0
MSFT,2025-12-03,123566,8,0,0,21,29,0.023469239111082337,123558,123537,21
MSFT,2025-12-04,61292,0,0,0,3,3,0.004894602884552633,61292,61289,3
MSFT,2025-12-05,62625,13,0,19942,1,19956,31.865868263473054,62571,42669,19902
MSFT,2025-12-08,65453,0,0,0,0,0,0.0,65453,65453,0
MSFT,2025-12-09,35645,0,0,0,1,1,0.0028054425585636133,35645,35644,1
MSFT,2025-12-10,96000,0,0,0,11,11,0.011458333333333333,96000,95989,11
MSFT,2025-12-11,73843,0,0,0,9,9,0.01218802053004347,73842,73834,8
MSFT,2025-12-12,62465,0,0,17697,1,17698,28.33266629312415,62464,44767,17697
MSFT,2025-12-15,54191,0,0,0,77,77,0.14209001494713144,54126,54114,12
MSFT,2025-12-16,46430,0,0,0,29,29,0.0624596166271807,46424,46401,23
MSFT,2025-12-17,40903,0,0,0,33,33,0.08067867882551402,40888,40870,18
MSFT,2025-12-18,81610,0,0,0,41,41,0.050238941306212474,81587,81569,18
MSFT,2025-12-19,60628,45,0,15020,4,15069,24.854852543379298,60571,45559,15012
MSFT,2025-12-22,44875,0,0,0,0,0,0.0,44875,44875,0
MSFT,2025-12-23,34428,0,0,0,0,0,0.0,34428,34428,0
MSFT,2025-12-24,26318,0,0,0,2,2,0.007599361653621095,26318,26316,2
MSFT,2025-12-26,37522,3,0,9934,1,9938,26.48579500026651,34257,27584,6673
MSFT,2025-12-29,35202,0,0,0,26,26,0.07385943980455656,35202,35176,26
MSFT,2025-12-30,35070,0,0,0,0,0,0.0,35070,35070,0
MSFT,2025-12-31,39417,0,0,0,40,40,0.10147905725955805,39417,39377,40
MSFT,2026-01-02,95868,7,0,22872,0,22879,23.86510618767472,95836,72989,22847
MSFT,2026-01-05,57680,1,0,0,1,2,0.0034674063800277394,57679,57678,1
MSFT,2026-01-06,56001,0,0,0,0,0,0.0,56001,56001,0
MSFT,2026-01-07,84299,0,0,0,8,8,0.009490029537716936,84299,84291,8
MSFT,2026-01-08,47604,1,0,0,16,17,0.03571128476598605,47601,47587,14
MSFT,2026-01-09,66476,2,0,19532,3,19537,29.38955412479692,66433,46939,19494
MSFT,2026-01-12,45350,0,0,0,25,25,0.05512679162072767,45349,45325,24
MSFT,2026-01-13,99490,0,0,0,19,19,0.019097396723288772,99489,99471,18
MSFT,2026-01-14,97497,3,0,0,102,105,0.1076956214037355,97458,97392,66
MSFT,2026-01-15,89026,1,0,0,44,45,0.050547031204367265,89017,88981,36
MSFT,2026-01-16,87800,5,0,23721,5,23731,27.028473804100226,87753,64069,23684
MSFT,2026-01-20,64194,0,0,0,4,4,0.006231111941926036,64194,64190,4
MSFT,2026-01-21,119325,0,0,0,0,0,0.0,119325,119325,0
MSFT,2026-01-22,84220,0,0,0,127,127,0.150795535502256,84184,84093,91
MSFT,2026-01-23,183849,35,0,75839,0,75874,41.269737665149115,183797,107975,75822
MSFT,2026-01-26,81532,0,0,0,0,0,0.0,81532,81532,0
MSFT,2026-01-27,92899,0,0,0,1,1,0.0010764378518606228,92899,92898,1
MSFT,2026-01-28,122774,0,0,0,3,3,0.0024435140990763517,122774,122771,3
MSFT,2026-01-29,396517,60,0,0,4,64,0.016140543785007958,396456,396453,3
MSFT,2026-01-30,216161,159,0,38836,31,39026,18.054135574872433,215999,177135,38864
MSFT,2026-02-02,146946,7,0,30807,0,30814,20.969607883167967,146931,116132,30799
MSFT,2026-02-03,185198,0,0,0,0,0,0.0,185198,185198,0
MSFT,2026-02-04,151912,3,0,15256,1,15260,10.045289378060982,151909,136652,15257
MSFT,2026-02-05,199349,5,0,0,3,8,0.0040130625184977104,199344,199341,3
MSFT,2026-02-06,173635,19,0,17287,0,17306,9.966884556685,173616,156329,17287
MSFT,2026-02-09,163483,46,0,27981,0,28027,17.14367854761657,163432,135456,27976
MSFT,2026-02-10,147450,9,0,0,0,9,0.006103763987792472,147441,147441,0
MSFT,2026-02-11,157867,4,0,38677,3,38684,24.504171232746554,157862,119183,38679
MSFT,2026-02-12,128570,0,0,0,11,11,0.008555650618340203,128570,128559,11
MSFT,2026-02-13,130972,3,0,31087,0,31090,23.737898176709525,130969,99882,31087
MSFT,2026-02-17,112319,0,0,0,0,0,0.0,112319,112319,0
MSFT,2026-02-18,100763,1,0,20640,5,20646,20.489663864712245,100762,80117,20645
MSFT,2026-02-19,116521,0,0,0,29,29,0.024888217574514464,116521,116492,29
MSFT,2026-02-20,132228,5,0,34194,8,34207,25.869709895029796,132218,98021,34197
MSFT,2026-02-23,190322,23,0,32860,1,32884,17.278086611111696,190294,157438,32856
MSFT,2026-02-24,117770,0,0,0,3,3,0.0025473380317568143,117770,117767,3
MSFT,2026-02-25,190606,4,0,43753,9,43766,22.96150173656653,190596,146840,43756
MSFT,2026-02-26,136832,6,0,0,0,6,0.004384939195509822,136826,136826,0
MSFT,2026-02-27,131788,11,0,27255,3,27269,20.69156524114487,131776,104519,27257
MSFT,2026-03-02,131581,0,0,29483,0,29483,22.4067304550049,131580,102098,29482
MSFT,2026-03-03,123181,0,0,0,0,0,0.0,123181,123181,0
MSFT,2026-03-04,150521,10,0,34814,7,34831,23.140292716630903,150511,115690,34821
MSFT,2026-03-05,128487,0,0,0,21,21,0.01634406593663172,128487,128466,21
MSFT,2026-03-06,141640,0,0,36294,2,36296,25.625529511437446,141638,105344,36294
MSFT,2026-03-09,104501,11,0,20655,1,20667,19.77684424072497,104489,83834,20655
MSFT,2026-03-10,100257,0,0,0,1,1,0.0009974365879689198,100257,100256,1
MSFT,2026-03-11,97483,1,0,24611,7,24619,25.254659786834626,97480,72864,24616
MSFT,2026-03-12,88901,0,0,0,206,206,0.2317184283641354,88901,88695,206
MSFT,2026-03-13,127232,0,0,35066,0,35066,27.560676559356136,127232,92166,35066
MSFT,2026-03-16,108672,0,0,24791,8,24799,22.820045641931685,108672,83873,24799
MSFT,2026-03-17,82342,0,0,0,8,8,0.009715576498020451,82342,82334,8
MSFT,2026-03-18,102488,1,0,19136,8,19145,18.680235734915307,102486,83343,19143
MSFT,2026-03-19,92690,0,0,0,43,43,0.04639119646132269,92689,92647,42
MSFT,2026-03-20,118684,4,0,24986,5,24995,21.06012604900408,118677,93689,24988
MSFT,2026-03-23,105913,4,0,17439,0,17443,16.469177532503092,105909,88470,17439
MSFT,2026-03-24,148624,0,0,0,0,0,0.0,148624,148624,0
MSFT,2026-03-25,131092,5,0,29627,2,29634,22.605498428584507,131084,101458,29626
MSFT,2026-03-26,134235,0,0,0,0,0,0.0,134235,134235,0
MSFT,2026-03-27,164210,0,0,35775,0,35775,21.786127519639486,164210,128435,35775
MSFT,2026-03-30,147643,7,0,35305,0,35312,23.917151507352195,147636,112331,35305
MSFT,2026-03-31,116400,0,0,0,3,3,0.002577319587628866,116400,116397,3
MSFT,2026-04-01,103126,9,0,26884,19,26912,26.096231794115937,103114,76214,26900
MSFT,2026-04-02,91590,15,0,21401,12,21428,23.39556720165957,91572,70162,21410
MSFT,2026-04-06,72184,16,0,18181,0,18197,25.209187631608113,72168,53987,18181
MSFT,2026-04-07,60050,0,0,0,0,0,0.0,60050,60050,0
MSFT,2026-04-08,115067,28,0,24876,0,24904,21.6430427490071,115038,90163,24875
MSFT,2026-04-09,116947,0,0,0,4,4,0.0034203528093922886,116947,116943,4
MSFT,2026-04-10,118839,7,0,33026,0,33033,27.79643046474642,118826,85806,33020
MSFT,2026-04-13,186552,6,0,55195,1,55202,29.590677130237147,186543,131350,55193
MSFT,2026-04-14,189625,0,0,0,279,279,0.14713249835201056,189625,189346,279
MSFT,2026-04-15,298559,8,0,73161,53,73222,24.5251357353153,298549,225337,73212
MSFT,2026-04-16,192863,0,0,0,391,391,0.20273458361634944,192679,192472,207
MSFT,2026-04-17,254090,3,0,76796,14,76813,30.2306269432091,254084,177277,76807
MSFT,2026-04-20,144594,9,0,48936,0,48945,33.849952280177604,144585,95649,48936
MSFT,2026-04-21,169396,0,0,0,223,223,0.13164419466811494,169396,169173,223
MSFT,2026-04-22,202596,0,0,76599,4,76603,37.81071689470671,202595,125993,76602
MSFT,2026-04-23,188433,0,0,0,50,50,0.02653463034606465,188433,188383,50
MSFT,2026-04-24,152065,0,0,44782,5,44787,29.45253674415546,152064,107278,44786
MSFT,2026-04-27,146515,4,0,40032,0,40036,27.32552980923455,146511,106479,40032
MSFT,2026-04-28,103376,0,0,0,0,0,0.0,103376,103376,0
MSFT,2026-04-29,147524,0,0,0,26,26,0.017624250969333802,147524,147498,26
MSFT,2026-04-30,275111,43,0,0,285,328,0.11922460388715828,275068,274783,285
MSFT,2026-05-01,185295,12,0,57550,3,57565,31.066677460266064,185282,127730,57552
MSFT,2026-05-04,148563,1,0,49008,0,49009,32.98869839731292,148561,99554,49007
MSFT,2026-05-05,94663,0,0,0,0,0,0.0,94663,94663,0
MSFT,2026-05-06,135184,9,0,45769,1,45779,33.86421469996449,135174,89405,45769
MSFT,2026-05-07,173536,0,0,0,0,0,0.0,173536,173536,0
MSFT,2026-05-08,141423,2,0,40972,1,40975,28.973363597151806,141421,100448,40973
MSFT,2026-05-11,120090,14,0,29753,0,29767,24.787242901157466,120069,90323,29746
MSFT,2026-05-12,101741,0,0,0,1,1,0.0009828879212903353,101741,101740,1
MSFT,2026-05-13,131431,5,0,41387,0,41392,31.493331101490515,131416,90039,41377
MSFT,2026-05-14,142381,0,0,0,45,45,0.031605340600220536,142373,142336,37
MSFT,2026-05-15,366722,113,0,88783,13,88909,24.244250413119474,366604,277813,88791
MSFT,2026-05-18,212023,32,0,73062,1,73095,34.47503336902128,211991,138928,73063
MSFT,2026-05-19,207046,0,0,0,3,3,0.0014489533726804672,207046,207043,3
MSFT,2026-05-20,171443,2,0,56073,1,56076,32.708247055872796,171441,115367,56074
MSFT,2026-05-21,136179,0,0,0,11,11,0.008077603742133515,136179,136168,11
MSFT,2026-05-22,142510,2,0,56719,1,56722,39.80211914953337,142504,85788,56716
MSFT,2026-05-26,134666,9,0,40137,1,40147,29.812276298397517,134628,94519,40109
MSFT,2026-05-27,124240,15,0,39917,0,39932,32.141017385705084,124207,84308,39899
MSFT,2026-05-28,245812,0,0,0,7,7,0.0028477047499715228,245812,245805,7
MSFT,2026-05-29,359125,220,0,64694,86,65000,18.099547511312217,358880,294125,64755
MSFT,2026-06-01,306367,238,0,54281,10,54529,17.798587968025277,306078,251838,54240
MSFT,2026-06-02,178511,1,0,0,3,4,0.0022407582725994476,178510,178507,3
MSFT,2026-06-03,194820,10,0,40673,6,40689,20.88543270711426,194808,154131,40677
MSFT,2026-06-04,130160,1,0,0,6,7,0.0053779963122311,130159,130153,6
MSFT,2026-06-05,170963,6,0,46680,2,46688,27.308832905365488,170955,124275,46680
MSFT,2026-06-08,153872,5,0,36215,3,36223,23.540995112821047,153865,117649,36216
MSFT,2026-06-09,137559,0,0,0,0,0,0.0,137559,137559,0
MSFT,2026-06-10,120764,1,0,34044,3,34048,28.19383259911894,120763,86716,34047
MSFT,2026-06-11,180029,7,0,0,11,18,0.009998389148414978,180022,180011,11
MSFT,2026-06-12,161990,11,0,37519,2,37532,23.16933144021236,161976,124458,37518
MSFT,2026-06-15,163476,9,0,46375,3,46387,28.37541902175243,163459,117089,46370
MSFT,2026-06-16,100330,0,0,0,59,59,0.05880594039669092,100325,100271,54
MSFT,2026-06-17,175778,0,0,35604,23,35627,20.268179180557294,175775,140151,35624
MSFT,2026-06-18,172435,9,0,42736,7,42752,24.793110447414968,172423,129683,42740
MSFT,2026-06-22,168733,4,0,0,769,773,0.4581202254449337,168317,167960,357
MSFT,2026-06-23,115879,0,0,0,0,0,0.0,115879,115879,0
MSFT,2026-06-24,120325,3,0,0,449,452,0.37564928319135676,120132,119873,259
MSFT,2026-06-25,191033,0,0,0,4,4,0.002093879068014427,191033,191029,4
MSFT,2026-06-26,264311,7,0,0,3934,3941,1.491046532304747,263337,260370,2967
MSFT,2026-06-29,193569,3,0,0,415,418,0.21594366866595374,193417,193151,266
MSFT,2026-06-30,110873,0,0,0,0,0,0.0,110873,110873,0
MSFT,2026-07-01,246619,17,0,0,3043,3060,1.2407803129523678,245134,243559,1575
MSFT,2026-07-02,158146,5,0,0,1341,1346,0.8511122633515865,157364,156800,564
MSFT,2026-07-06,131826,1,0,0,2730,2731,2.0716702319724485,131045,129095,1950
MSFT,2026-07-07,134664,0,0,0,160,160,0.11881423394522664,134664,134504,160
MSFT,2026-07-08,86947,5,0,0,311,316,0.363439796657734,86824,86631,193
MSFT,2026-07-09,99392,0,0,0,8,8,0.008048937540244688,99392,99384,8
MSFT,2026-07-10,154461,6,0,0,1663,1669,1.080531655239834,153970,152792,1178
MSFT,2026-07-13,178984,19,0,0,208,227,0.12682697894783893,178916,178757,159
MSFT,2026-07-14,110710,0,0,0,7,7,0.006322825399692891,110710,110703,7
MSFT,2026-07-15,201342,1,0,0,1010,1011,0.5021307029829841,200850,200331,519
MSFT,2026-07-16,188098,0,0,0,85,85,0.04518920987995619,188072,188013,59
MSFT,2026-07-17,133906,5,0,0,1037,1042,0.7781578121966155,133452,132864,588
MSFT,2026-07-20,186329,18,0,0,1582,1600,0.8586961771919561,185402,184729,673
MSFT,2026-07-21,93208,0,0,0,60,60,0.06437215689640374,93208,93148,60
MSFT,2026-07-22,157391,3,0,0,2286,2289,1.454339828833923,156649,155102,1547
MSFT,2026-07-23,119071,0,0,0,6,6,0.005039010338369544,119071,119065,6
MSFT,2026-07-24,117615,3,0,0,1456,1459,1.2404880329889896,117323,116156,1167
MSFT,2026-07-27,153791,27,0,0,1237,1264,0.8218946492317496,153377,152527,850
MSFT,2026-07-28,79703,0,0,0,0,0,0.0,79703,79703,0
MSFT,2026-07-29,112460,0,0,0,1,1,0.0008892050506846879,112460,112459,1
MSFT,2026-07-30,397343,187,0,0,238,425,0.10696048502175702,397155,396918,237
MSFT,2026-07-31,258669,6,0,0,4217,4223,1.632588365826597,256405,254446,1959
MSFT,2026-08-03,277757,13,0,0,3183,3196,1.1506460683259108,275589,274561,1028
MSFT,2026-08-04,183900,0,0,0,664,664,0.3610657966286025,183890,183236,654
MSFT,2026-08-05,148791,4,0,0,1554,1558,1.047106343797676,147753,147233,520
MSFT,2026-08-06,148590,0,0,0,263,263,0.1769971061309644,148588,148327,261
MSFT,2026-08-07,171009,3,0,0,1523,1526,0.8923506949926612,170120,169483,637
MSFT,2026-08-10,233686,14,0,0,2940,2954,1.2640894191350787,231355,230732,623
MSFT,2026-08-11,103129,0,0,0,1174,1174,1.1383800870754104,103093,101955,1138
MSFT,2026-08-12,133896,5,0,0,3895,3900,2.912708370675748,130454,129996,458
MSFT,2026-08-13,111491,0,0,0,454,454,0.4072077566799114,111486,111037,449
MSFT,2026-08-14,104978,16,0,0,2476,2492,2.3738307073863094,103638,102486,1152
MSFT,2026-08-17,174627,6,0,0,2336,2342,1.3411442674958627,173281,172285,996
MSFT,2026-08-18,84871,0,0,0,487,487,0.5738120205959633,84871,84384,487
MSFT,2026-08-19,112211,3,0,0,2299,2302,2.0514922779406652,110178,109909,269
MSFT,2026-08-20,55373,0,0,0,53,53,0.09571451790583858,55373,55320,53
MSFT,2026-08-21,99165,2,0,0,2152,2154,2.1721373468461653,97835,97011,824
MSFT,2026-08-24,111375,1,0,0,760,761,0.68327721661055,110756,110614,142
MSFT,2026-08-25,72079,0,0,0,156,156,0.21642919574355915,72079,71923,156
MSFT,2026-08-26,112913,2,0,0,804,806,0.7138239175294253,112440,112107,333
MSFT,2026-08-27,148260,0,0,0,49,49,0.033050047214353166,148259,148211,48
MSFT,2026-08-28,212753,18,0,0,649,667,0.31350909270374566,212461,212086,375
MSFT,2026-08-31,88859,2,0,0,354,356,0.40063471342238827,88590,88503,87
MSFT,2026-09-01,78904,5,0,0,514,519,0.6577613302240698,78894,78385,509
MSFT,2026-09-02,85404,2,0,0,315,317,0.3711769940518009,85195,85087,108
MSFT,2026-09-03,110846,1,0,0,15,16,0.014434440575212457,110845,110830,15
MSFT,2026-09-04,90859,4,0,0,408,412,0.4534498508678282,90727,90447,280
NVDA,2024-08-02,793424,125974,0,0,3825,129799,16.359348847526668,667398,663625,3773
NVDA,2024-08-05,627467,26,0,0,1095,1121,0.17865481371928724,627384,626346,1038
NVDA,2024-08-06,521370,0,0,0,707,707,0.13560427335673322,521053,520663,390
NVDA,2024-08-07,567254,0,0,0,331,331,0.05835128531486777,567106,566923,183
NVDA,2024-08-08,590689,0,0,0,184,184,0.03115006373912499,590625,590505,120
NVDA,2024-08-09,503390,64727,0,0,629,65356,12.983174079739367,438381,438034,347
NVDA,2024-08-12,519418,0,0,0,330,330,0.06353264615396463,519303,519088,215
NVDA,2024-08-13,505710,0,0,0,334,334,0.06604575744992189,505543,505376,167
NVDA,2024-08-14,532969,0,0,0,225,225,0.04221633903660438,532891,532744,147
NVDA,2024-08-15,596501,0,0,0,455,455,0.07627816214893185,596300,596046,254
NVDA,2024-08-16,580264,64030,0,0,232,64262,11.074614313484897,516193,516002,191
NVDA,2024-08-19,544529,0,0,0,241,241,0.044258432516909106,544478,544288,190
NVDA,2024-08-20,441142,0,0,0,48,48,0.010880850157092274,441129,441094,35
NVDA,2024-08-21,343661,0,0,0,58,58,0.01687709690654453,343650,343603,47
NVDA,2024-08-22,565702,0,0,0,155,155,0.02739958494048103,565653,565547,106
NVDA,2024-08-23,561380,80699,0,0,1077,81776,14.566959991449641,480611,479604,1007
NVDA,2024-08-26,372603,0,0,0,138,138,0.03703673883463096,372574,372465,109
NVDA,2024-08-27,345207,0,0,0,68,68,0.019698325931977047,345188,345139,49
NVDA,2024-08-28,656826,0,0,0,2274,2274,0.3462104118899069,656781,654552,2229
NVDA,2024-08-29,926111,6,0,0,680,686,0.07407319424993332,925974,925425,549
NVDA,2024-08-30,588921,66000,0,0,1061,67061,11.387096062120387,522916,521860,1056
NVDA,2024-09-03,738251,0,0,0,118,118,0.015983723692890358,738227,738133,94
NVDA,2024-09-04,631820,1,0,0,114,115,0.0182013864708303,631802,631705,97
NVDA,2024-09-05,448331,0,0,0,156,156,0.03479572012642445,448307,448175,132
NVDA,2024-09-06,724988,95746,0,0,370,96116,13.25759874646201,629226,628872,354
NVDA,2024-09-09,359651,0,0,0,69,69,0.019185265715930166,359621,359582,39
NVDA,2024-09-10,342658,0,0,0,24,24,0.007004068196277338,342657,342634,23
NVDA,2024-09-11,798623,0,0,0,148,148,0.018531898029483247,798577,798475,102
NVDA,2024-09-12,690872,0,0,0,476,476,0.06889843560022696,690555,690396,159
NVDA,2024-09-13,446479,48816,0,0,267,49083,10.993350191162406,397543,397396,147
NVDA,2024-09-16,312438,1,0,0,203,204,0.06529295412209782,312326,312234,92
NVDA,2024-09-17,293529,0,0,0,449,449,0.15296614644549603,293192,293080,112
NVDA,2024-09-18,392792,0,0,0,346,346,0.08808733375425161,392583,392446,137
NVDA,2024-09-19,452181,0,0,0,539,539,0.11920005484529425,451906,451642,264
NVDA,2024-09-20,416467,35171,0,0,85,35256,8.465496666002348,381261,381211,50
NVDA,2024-09-23,272071,0,0,0,164,164,0.06027838321614579,271936,271907,29
NVDA,2024-09-24,566964,0,0,0,88,88,0.01552126766426087,566908,566876,32
NVDA,2024-09-25,544191,0,0,0,345,345,0.06339685882346456,544125,543846,279
NVDA,2024-09-26,514658,3,0,0,176,179,0.034780378426061576,514594,514479,115
NVDA,2024-09-27,536475,142,0,4397,257,4796,0.893983876229088,536216,531679,4537
NVDA,2024-09-30,294753,0,0,0,129,129,0.043765457857935286,294702,294624,78
NVDA,2024-10-01,434689,0,0,0,440,440,0.10122179305204411,434398,434249,149
NVDA,2024-10-02,304494,0,0,0,268,268,0.08801487057216234,304408,304226,182
NVDA,2024-10-03,499103,1,0,0,507,508,0.10178259798077752,498900,498595,305
NVDA,2024-10-04,443828,7,0,37665,198,37870,8.532584694971925,443677,405958,37719
NVDA,2024-10-07,614336,0,0,0,250,250,0.04069434316074591,614183,614086,97
NVDA,2024-10-08,531168,0,0,0,335,335,0.06306855834688836,530933,530833,100
NVDA,2024-10-09,416513,0,0,0,174,174,0.04177540677001678,416432,416339,93
NVDA,2024-10-10,466676,0,0,0,196,196,0.041999160016799666,466615,466480,135
NVDA,2024-10-11,393319,21,0,100076,213,100310,25.50347173668193,393139,293009,100130
NVDA,2024-10-14,427617,0,0,0,204,204,0.04770624180048969,427531,427413,118
NVDA,2024-10-15,598376,0,0,0,453,453,0.07570490795085365,598017,597923,94
NVDA,2024-10-16,422171,0,0,0,263,263,0.062297031297744276,421995,421908,87
NVDA,2024-10-17,581859,2,0,0,746,748,0.12855348116983667,581427,581111,316
NVDA,2024-10-18,345658,106,0,99064,232,99402,28.75732660606727,343925,246256,97669
NVDA,2024-10-21,480690,0,0,0,130,130,0.027044456926501488,480587,480560,27
NVDA,2024-10-22,363446,0,0,0,246,246,0.06768543332434529,363351,363200,151
NVDA,2024-10-23,474593,0,0,0,646,646,0.13611663046020486,474137,473947,190
NVDA,2024-10-24,329386,0,0,0,352,352,0.10686550126599187,329222,329034,188
NVDA,2024-10-25,492042,24,0,144787,208,145019,29.47289052560554,491902,347023,144879
NVDA,2024-10-28,253761,0,0,0,144,144,0.05674630853440836,253665,253617,48
NVDA,2024-10-29,228866,0,0,0,117,117,0.05112161701607054,228820,228749,71
NVDA,2024-10-30,268799,0,0,0,178,178,0.06622048445120704,268729,268621,108
NVDA,2024-10-31,466235,0,0,0,202,202,0.04332579064205819,466138,466033,105
NVDA,2024-11-01,351818,47,0,82327,176,82550,23.463836415419337,351719,269268,82451
NVDA,2024-11-04,258234,0,0,0,92,92,0.035626602228986115,258198,258142,56
NVDA,2024-11-05,223533,0,0,0,176,176,0.07873557819203429,223480,223357,123
NVDA,2024-11-06,404276,0,0,0,443,443,0.10957860471559033,404087,403833,254
NVDA,2024-11-07,362319,0,0,0,384,384,0.10598395336706051,362177,361935,242
NVDA,2024-11-08,383871,6,0,124186,312,124504,32.43381240051997,383807,259367,124440
NVDA,2024-11-11,304663,0,0,0,290,290,0.09518714120191818,304619,304373,246
NVDA,2024-11-12,383130,0,0,0,237,237,0.06185889906820139,383039,382893,146
NVDA,2024-11-13,281242,0,0,0,445,445,0.1582267228934512,281059,280797,262
NVDA,2024-11-14,336968,0,0,0,678,678,0.20120604923909688,336676,336290,386
NVDA,2024-11-15,511520,35,0,92915,1116,94066,18.38950578667501,511001,417454,93547
NVDA,2024-11-18,324401,0,0,0,1479,1479,0.4559172135720913,323719,322922,797
NVDA,2024-11-19,373105,0,0,0,1300,1300,0.3484273863925705,372476,371805,671
NVDA,2024-11-20,574575,0,0,0,3014,3014,0.5245616325109864,573428,571561,1867
NVDA,2024-11-21,865425,11,0,0,2312,2323,0.2684230291475287,864399,863102,1297
NVDA,2024-11-22,566120,20,0,12292,548,12860,2.2716031936691867,566034,553260,12774
NVDA,2024-11-25,497253,0,0,0,773,773,0.15545406463108316,497058,496480,578
NVDA,2024-11-26,327316,0,0,0,149,149,0.04552175878967114,327250,327167,83
NVDA,2024-11-27,470363,0,0,0,222,222,0.047197589946488136,470302,470141,161
NVDA,2024-11-29,345763,122,0,126524,137,126783,36.66760179660635,339372,218980,120392
NVDA,2024-12-02,317520,0,0,0,268,268,0.08440413202317965,317461,317252,209
NVDA,2024-12-03,260546,0,0,0,208,208,0.07983235206067259,260438,260338,100
NVDA,2024-12-04,499877,1,0,0,174,175,0.035008612118581174,499797,499702,95
NVDA,2024-12-05,325403,0,0,0,198,198,0.06084762586700184,325321,325205,116
NVDA,2024-12-06,448325,35,0,146735,127,146897,32.765739140132716,448156,301428,146728
NVDA,2024-12-09,358332,1,0,0,113,114,0.03181407186631392,358279,358218,61
NVDA,2024-12-10,415568,0,0,0,223,223,0.05366149462903785,415444,415345,99
NVDA,2024-12-11,377628,0,0,0,247,247,0.06540828540256549,377490,377381,109
NVDA,2024-12-12,302994,0,0,0,172,172,0.05676680066271939,302917,302822,95
NVDA,2024-12-13,562304,10,0,21795,357,22162,3.9412844297746417,562152,540142,22010
NVDA,2024-12-16,470856,0,0,0,746,746,0.15843485057002565,470408,470110,298
NVDA,2024-12-17,508118,0,0,0,1534,1534,0.3018983779358338,507098,506584,514
NVDA,2024-12-18,584631,0,0,0,1430,1430,0.2445987297970857,583847,583201,646
NVDA,2024-12-19,406297,0,0,0,538,538,0.13241544978180986,406134,405759,375
NVDA,2024-12-20,535719,103,0,37495,10063,47661,8.896641709552956,535531,488058,47473
NVDA,2024-12-23,408860,0,0,0,385,385,0.09416426160543952,408645,408475,170
NVDA,2024-12-24,279448,0,0,0,63,63,0.022544444762531847,279427,279385,42
NVDA,2024-12-26,286408,0,0,0,147,147,0.0513253819725706,286349,286261,88
NVDA,2024-12-27,399984,75,0,73890,86,74051,18.513490539621586,399875,325933,73942
NVDA,2024-12-30,354130,0,0,0,123,123,0.03473300765255697,354066,354007,59
NVDA,2024-12-31,303687,0,0,0,43,43,0.014159315347709978,303674,303644,30
NVDA,2025-01-02,379374,0,0,0,185,185,0.04876454369566707,379333,379189,144
NVDA,2025-01-03,630798,108,0,88706,222,89036,14.114819641152952,630625,541762,88863
NVDA,2025-01-06,617456,1,0,0,372,373,0.06040916275815605,617356,617083,273
NVDA,2025-01-07,770720,0,0,0,514,514,0.06669088644384472,770594,770206,388
NVDA,2025-01-08,459100,0,0,0,146,146,0.03180135046830756,459050,458954,96
NVDA,2025-01-10,495478,61,0,22210,372,22643,4.569930450998833,495295,472835,22460
NVDA,2025-01-13,364900,0,0,0,483,483,0.1323650315154837,364677,364417,260
NVDA,2025-01-14,353966,0,0,0,838,838,0.23674590214879396,353826,353128,698
NVDA,2025-01-15,361743,2,0,0,797,799,0.2208750411203534,361437,360944,493
NVDA,2025-01-16,380641,2,0,0,816,818,0.21490065442240852,380183,379823,360
NVDA,2025-01-17,412275,41,0,102979,349,103369,25.072827602934936,412065,308906,103159
NVDA,2025-01-21,378395,1,0,0,80,81,0.02140620251324674,378372,378314,58
NVDA,2025-01-22,535170,48,0,0,182,230,0.042976997963264006,535110,534940,170
NVDA,2025-01-23,289421,0,0,0,146,146,0.05044554472550368,289349,289275,74
NVDA,2025-01-24,560446,42,0,144339,98,144479,25.77929006541219,560362,415967,144395
NVDA,2025-02-25,401147,0,0,0,78,78,0.019444243631386998,401131,401069,62
NVDA,2025-02-26,572418,0,0,0,177,177,0.030921459492888066,572406,572241,165
NVDA,2025-02-27,934266,6,0,0,357,363,0.038854030864871464,934197,933903,294
NVDA,2025-02-28,769482,211,0,2,1082,1295,0.16829503484162073,769171,768187,984
NVDA,2025-03-03,655130,0,0,0,100,100,0.01526414604734938,655120,655030,90
NVDA,2025-03-04,604554,0,0,0,95,95,0.01571406359068007,604537,604459,78
NVDA,2025-03-05,364292,0,0,0,74,74,0.02031337498490222,364279,364218,61
NVDA,2025-03-06,462682,0,0,0,210,210,0.04538754479318409,462659,462472,187
NVDA,2025-03-07,590826,83,0,1,433,517,0.08750461218700599,590682,590309,373
NVDA,2025-03-10,433316,0,0,0,56,56,0.012923593866831597,433308,433260,48
NVDA,2025-03-11,443323,0,0,0,188,188,0.04240700347150948,443301,443135,166
NVDA,2025-03-12,448840,0,0,0,98,98,0.021834061135371178,448835,448742,93
NVDA,2025-03-13,411115,1,0,0,195,196,0.04767522469382046,411073,410919,154
NVDA,2025-03-14,531811,135,0,31,344,510,0.09589873094012723,531662,531301,361
NVDA,2025-03-17,333320,0,0,0,92,92,0.027601104044161766,333286,333228,58
NVDA,2025-03-18,389724,0,0,0,259,259,0.06645728772156706,389675,389465,210
NVDA,2025-03-19,378098,0,0,0,80,80,0.021158535617749896,378076,378018,58
NVDA,2025-03-20,341770,0,0,0,282,282,0.08251163062878544,341667,341488,179
NVDA,2025-03-21,373402,169,0,17262,124,17555,4.7013674270625225,373220,355847,17373
NVDA,2025-03-24,341897,0,0,0,23,23,0.006727172218533652,341897,341874,23
NVDA,2025-03-25,234237,0,0,0,45,45,0.019211311620282022,234223,234192,31
NVDA,2025-03-26,495857,0,0,0,170,170,0.03428407786922439,495854,495687,167
NVDA,2025-03-27,384602,1,0,0,218,219,0.05694198158095902,384533,384383,150
NVDA,2025-03-28,445286,12,0,4901,101,5014,1.1260178851344977,445244,440272,4972
NVDA,2025-03-31,393538,0,0,0,12,12,0.00304926080835904,393537,393526,11
NVDA,2025-04-01,264891,0,0,0,22,22,0.008305302935924588,264882,264869,13
NVDA,2025-04-02,257710,0,0,0,56,56,0.02172985138333786,257695,257654,41
NVDA,2025-04-03,459529,1,0,0,154,155,0.033730188954342384,459499,459374,125
NVDA,2025-04-07,686728,64,0,0,3286,3350,0.48782050535291993,684150,683378,772
NVDA,2025-04-08,639112,0,0,0,410,410,0.06415151022043085,638984,638702,282
NVDA,2025-04-09,802603,0,0,0,1364,1364,0.1699470348354043,802492,801239,1253
NVDA,2025-04-10,673333,0,0,0,3647,3647,0.5416339315019463,671041,669686,1355
NVDA,2025-04-11,561215,43,0,0,830,873,0.15555535757240985,561038,560342,696
NVDA,2025-04-14,401130,0,0,0,108,108,0.026923939869867623,401109,401022,87
NVDA,2025-04-15,337180,0,0,0,176,176,0.05219763924313423,337125,337004,121
NVDA,2025-04-16,671911,13,0,0,1455,1468,0.21848131672200632,671768,670443,1325
NVDA,2025-04-17,603689,39,0,4,518,561,0.09292864372218146,603438,603128,310
NVDA,2025-04-21,400986,0,0,0,89,89,0.022195288613567555,400968,400897,71
NVDA,2025-04-22,322189,0,0,0,48,48,0.014898087768359566,322171,322141,30
NVDA,2025-04-23,401538,1,0,0,119,120,0.029885091821944623,401498,401418,80
NVDA,2025-04-24,329103,0,0,0,58,58,0.017623661893085143,329078,329045,33
NVDA,2025-04-25,559370,9,0,313,140,462,0.08259291703166062,559329,558908,421
NVDA,2025-04-28,323675,0,0,0,90,90,0.027805669267011664,323607,323585,22
NVDA,2025-04-29,236872,0,0,0,45,45,0.01899760208044851,236838,236827,11
NVDA,2025-04-30,290580,0,0,0,156,156,0.05368573198430725,290473,290424,49
NVDA,2025-05-01,433343,7,0,0,131,138,0.03184544344780001,433305,433205,100
NVDA,2025-05-02,413092,7,0,44261,180,44448,10.75983073988361,413047,368644,44403
NVDA,2025-05-05,193760,0,0,0,36,36,0.018579686209744012,193740,193724,16
NVDA,2025-05-06,230731,0,0,0,29,29,0.012568748889399343,230718,230702,16
NVDA,2025-05-07,271690,3,0,0,21,24,0.008833597114358277,271673,271666,7
NVDA,2025-05-08,389956,1,0,0,119,120,0.03077270256131461,389926,389836,90
NVDA,2025-05-09,297046,5,0,18037,130,18172,6.117571015936925,297010,278874,18136
NVDA,2025-05-12,387076,0,0,0,52,52,0.013434054294247124,387058,387024,34
NVDA,2025-05-13,654481,0,0,0,61,61,0.009320362241226255,654448,654420,28
NVDA,2025-05-14,529074,0,0,0,174,174,0.0328876489867202,528957,528900,57
NVDA,2025-05-15,393764,11,0,0,258,269,0.06831503133856828,393652,393495,157
NVDA,2025-05-16,412344,31,0,58476,245,58752,14.248297537977999,412241,353592,58649
NVDA,2025-05-19,281294,0,0,0,75,75,0.02666249546737577,281275,281219,56
NVDA,2025-05-20,232222,0,0,0,87,87,0.037464150683397784,232205,232135,70
NVDA,2025-05-21,417048,0,0,0,118,118,0.02829410523488903,416969,416930,39
NVDA,2025-05-22,243878,0,0,0,119,119,0.04879488924790264,243832,243759,73
NVDA,2025-05-23,332402,24,0,24929,157,25110,7.554106172646374,332346,307292,25054
NVDA,2025-05-27,289852,0,0,0,65,65,0.0224252377075197,289827,289787,40
NVDA,2025-05-28,530646,0,0,0,149,149,0.028078982975467636,530597,530497,100
NVDA,2025-05-29,716113,1,0,0,378,379,0.052924608267131024,715996,715734,262
NVDA,2025-05-30,590886,27,0,26056,169,26252,4.442819765572378,590804,564634,26170
NVDA,2025-06-02,270565,0,0,0,112,112,0.04139485890636261,270518,270453,65
NVDA,2025-06-03,353304,0,0,0,49,49,0.013869075923284197,353285,353255,30
NVDA,2025-06-04,237696,0,0,0,67,67,0.028187264404954226,237665,237629,36
NVDA,2025-06-05,362509,0,0,0,116,116,0.03199920553696598,362477,362393,84
NVDA,2025-06-06,299446,8,0,85664,217,85889,28.682633930658618,299343,213557,85786
NVDA,2025-06-09,314662,0,0,0,291,291,0.0924801850874907,314432,314371,61
NVDA,2025-06-10,223409,0,0,0,172,172,0.07698884109413676,223367,223237,130
NVDA,2025-06-11,259626,0,0,0,445,445,0.17140039903553572,259579,259181,398
NVDA,2025-06-12,272036,4,0,0,165,169,0.06212413062976959,271994,271867,127
NVDA,2025-06-13,314837,30,0,85653,362,86045,27.330015214221962,314678,228792,85886
NVDA,2025-06-16,284041,0,0,0,241,241,0.0848469059044293,283919,283800,119
NVDA,2025-06-17,173664,1,0,0,279,280,0.16123088262391744,173501,173384,117
NVDA,2025-06-18,213307,0,0,0,363,363,0.170177256255069,213138,212944,194
NVDA,2025-06-20,317391,35,0,105284,1935,107254,33.79238856804383,316977,210137,106840
NVDA,2025-06-23,211012,1,0,0,59,60,0.028434401834966733,210983,210952,31
NVDA,2025-06-24,275867,0,0,0,120,120,0.04349922245139868,275817,275747,70
NVDA,2025-06-25,563197,1,0,0,138,139,0.024680529193159766,563147,563058,89
NVDA,2025-06-26,383313,0,0,0,214,214,0.05582904832343281,383227,383099,128
NVDA,2025-06-27,436879,7,0,107956,119,108082,24.739573199902033,436836,328797,108039
NVDA,2025-06-30,228458,0,0,0,55,55,0.024074446944296106,228435,228403,32
NVDA,2025-07-01,300360,0,0,0,166,166,0.05526701291783193,300292,300194,98
NVDA,2025-07-02,284934,0,0,0,106,106,0.0372015975629444,284906,284828,78
NVDA,2025-07-03,330929,36,0,123644,121,123801,37.41013933502352,327936,207128,120808
NVDA,2025-07-07,193236,1,0,0,97,98,0.050715187646194294,193192,193138,54
NVDA,2025-07-08,190572,0,0,0,50,50,0.02623680288814726,190550,190522,28
NVDA,2025-07-09,357330,3,0,0,81,84,0.023507681974645287,357295,357246,49
NVDA,2025-07-10,291437,0,0,0,247,247,0.08475245078696253,291338,291190,148
NVDA,2025-07-11,457664,71,0,150293,93,150457,32.87499125996364,456149,307207,148942
NVDA,2025-07-14,228158,0,0,0,146,146,0.06399074325686585,228095,228012,83
NVDA,2025-07-15,463449,0,0,0,129,129,0.027834777936730903,463396,463320,76
NVDA,2025-07-16,252187,0,0,0,208,208,0.08247847827207588,252092,251979,113
NVDA,2025-07-17,311426,0,0,0,1917,1917,0.6155555412842858,311235,309509,1726
NVDA,2025-07-18,289688,4,0,92180,194,92378,31.88879069895888,289626,197310,92316
NVDA,2025-07-21,196235,0,0,0,120,120,0.06115117079012409,196209,196115,94
NVDA,2025-07-22,329048,0,0,0,82,82,0.02492037635846442,329006,328966,40
NVDA,2025-07-23,264987,0,0,0,94,94,0.03547343831961568,264961,264893,68
NVDA,2025-07-24,254277,0,0,0,262,262,0.10303723891661455,254175,254015,160
NVDA,2025-07-25,277662,9,0,93520,128,93657,33.73057890528772,277631,184005,93626
NVDA,2025-07-28,237376,0,0,0,102,102,0.04296980318145053,237364,237274,90
NVDA,2025-07-29,287762,0,0,0,87,87,0.030233317811246795,287731,287675,56
NVDA,2025-07-30,336887,0,0,0,177,177,0.052539872420129,336814,336710,104
NVDA,2025-07-31,389421,0,0,0,233,233,0.05983241787166075,389322,389188,134
NVDA,2025-08-01,430140,7,0,20005,167,20179,4.6912633096201235,430099,409961,20138
NVDA,2025-08-04,253370,0,0,0,172,172,0.06788491139440345,253256,253198,58
NVDA,2025-08-05,232889,0,0,0,245,245,0.10520033148839146,232768,232644,124
NVDA,2025-08-06,210486,0,0,0,176,176,0.08361601246638731,210450,210310,140
NVDA,2025-08-07,315263,0,0,0,413,413,0.13100173505929968,315131,314850,281
NVDA,2025-08-08,291514,1,0,101682,261,101944,34.97053314763613,291487,189570,101917
NVDA,2025-08-11,226291,0,0,0,218,218,0.09633613356253673,226204,226073,131
NVDA,2025-08-12,236260,0,0,0,131,131,0.0554473884703293,236219,236129,90
NVDA,2025-08-13,296959,0,0,0,362,362,0.12190235015608215,296901,296597,304
NVDA,2025-08-14,244038,0,0,0,573,573,0.23479949843876774,243868,243465,403
NVDA,2025-08-15,323935,119,0,90749,418,91286,28.180344822263727,323472,232649,90823
NVDA,2025-08-18,213248,0,0,0,225,225,0.1055109543817527,213231,213023,208
NVDA,2025-08-19,296791,0,0,0,220,220,0.07412623698157964,296749,296571,178
NVDA,2025-08-20,395641,0,0,0,218,218,0.05510045723269327,395597,395423,174
NVDA,2025-08-21,233202,0,0,0,187,187,0.08018799152665929,233167,233015,152
NVDA,2025-08-22,364170,15,0,65734,195,65944,18.108026471153583,364141,298226,65915
NVDA,2025-08-25,264596,0,0,0,162,162,0.06122541535019426,264579,264434,145
NVDA,2025-08-26,235694,0,0,0,85,85,0.036063709725321816,235676,235609,67
NVDA,2025-08-27,482565,0,0,0,296,296,0.0613388869893175,482518,482269,249
NVDA,2025-08-28,679429,3,0,0,1343,1346,0.19810752852763128,679105,678083,1022
NVDA,2025-08-29,531590,14,0,22855,883,23752,4.468105118606445,531520,507838,23682
NVDA,2025-09-02,387939,0,0,0,251,251,0.06470089369720497,387850,387688,162
NVDA,2025-09-03,256252,1,0,0,552,553,0.21580319373117088,256177,255699,478
NVDA,2025-09-04,213252,0,0,0,177,177,0.08300039390017444,213155,213075,80
NVDA,2025-09-05,476145,8,0,22091,276,22375,4.699198773482868,476003,453770,22233
NVDA,2025-09-08,270155,0,0,0,129,129,0.047750365530898925,270116,270026,90
NVDA,2025-09-09,236179,4,0,0,139,143,0.060547296753733396,236142,236036,106
NVDA,2025-09-10,399887,57,0,0,569,626,0.15654422374320745,399732,399261,471
NVDA,2025-09-11,241699,0,0,0,348,348,0.14398073637044423,241659,241351,308
NVDA,2025-09-12,224886,86,0,73876,198,74160,32.97670819882074,222480,150726,71754
NVDA,2025-09-15,232500,0,0,0,578,578,0.2486021505376344,232292,231922,370
NVDA,2025-09-16,182634,0,0,0,755,755,0.41339509620333564,182508,181879,629
NVDA,2025-09-17,386207,0,0,0,663,663,0.17166959687421512,386009,385544,465
NVDA,2025-09-18,322561,2955,0,0,571,3526,1.0931265714081988,319468,319035,433
NVDA,2025-09-19,273698,57,0,75861,499,76417,27.920189405841477,273501,197281,76220
NVDA,2025-09-22,535744,0,0,0,723,723,0.13495251463385496,535686,535021,665
NVDA,2025-09-23,336892,0,0,0,151,151,0.0448214858174133,336828,336741,87
NVDA,2025-09-24,232312,0,0,0,259,259,0.11148799889803368,232211,232053,158
NVDA,2025-09-25,355035,0,0,0,474,474,0.13350796400354895,354907,354561,346
NVDA,2025-09-26,276768,60,0,80862,227,81149,29.32022488148919,276673,195619,81054
NVDA,2025-09-29,311247,2,0,0,232,234,0.07518144753202441,311185,311013,172
NVDA,2025-09-30,452541,0,0,0,134,134,0.02961057672122526,452517,452407,110
NVDA,2025-10-01,298508,0,0,0,92,92,0.030819944524099856,298457,298416,41
NVDA,2025-10-02,324180,1,0,0,173,174,0.053673884878771054,324100,324006,94
NVDA,2025-10-03,315881,29,0,90005,300,90334,28.597478164245395,315810,225547,90263
NVDA,2025-10-06,243622,0,0,0,168,168,0.0689592893909417,243538,243454,84
NVDA,2025-10-07,250968,0,0,0,62,62,0.024704344777023365,250944,250906,38
NVDA,2025-10-08,251406,0,0,0,102,102,0.040571824061478245,251350,251304,46
NVDA,2025-10-09,464011,5,0,0,283,288,0.062067494089579775,463850,463723,127
NVDA,2025-10-10,565166,388,0,70987,654,72029,12.74475109967691,564498,493137,71361
NVDA,2025-10-13,231384,0,0,0,97,97,0.04192165404695225,231312,231287,25
NVDA,2025-10-14,338652,0,0,0,250,250,0.07382209465764265,338480,338402,78
NVDA,2025-10-15,355593,0,0,0,481,481,0.1352670046935682,355308,355112,196
NVDA,2025-10-16,289199,0,0,0,489,489,0.16908772160346336,289027,288710,317
NVDA,2025-10-17,349623,16,0,28420,406,28842,8.24945727254786,349518,320781,28737
NVDA,2025-10-20,209751,574,0,0,123,697,0.3322987733073978,209136,209054,82
NVDA,2025-10-21,222621,0,0,0,373,373,0.1675493327224296,222527,222248,279
NVDA,2025-10-22,303484,0,0,0,103,103,0.03393918625034598,303430,303381,49
NVDA,2025-10-23,213044,0,0,0,148,148,0.06946921762640582,213026,212896,130
NVDA,2025-10-24,362279,6,0,93142,114,93262,25.743142715973047,362240,269017,93223
NVDA,2025-10-27,380386,0,0,0,522,522,0.13722902525329533,380254,379864,390
NVDA,2025-10-28,589437,0,0,0,263,263,0.04461884815510394,589326,589174,152
NVDA,2025-10-29,709816,0,0,0,319,319,0.044941224204582596,709687,709497,190
NVDA,2025-10-30,368648,6,0,0,319,325,0.08815997916711876,368502,368323,179
NVDA,2025-10-31,394276,99,0,59796,389,60284,15.289796994998428,393986,333992,59994
NVDA,2025-11-03,360918,0,0,0,176,176,0.04876453931363911,360888,360742,146
NVDA,2025-11-04,334890,0,0,0,1857,1857,0.5545104362626534,334383,333033,1350
NVDA,2025-11-05,304996,0,0,0,1457,1457,0.4777111830974832,304606,303539,1067
NVDA,2025-11-06,451339,0,0,0,2262,2262,0.5011753914463408,450950,449077,1873
NVDA,2025-11-07,547523,62,0,55,584,701,0.12803115120278052,547317,546822,495
NVDA,2025-11-10,374252,0,0,0,826,826,0.22070690336992188,374050,373426,624
NVDA,2025-11-11,314296,2,0,0,3860,3862,1.2287779672665258,313774,310434,3340
NVDA,2025-11-12,262976,0,0,0,379,379,0.14411961547821855,262778,262597,181
NVDA,2025-11-13,422355,0,0,0,370,370,0.08760402978537013,422114,421985,129
NVDA,2025-11-14,423592,11,0,2998,759,3768,0.8895352131296153,423504,419824,3680
NVDA,2025-11-17,252944,0,0,0,468,468,0.18502119046112975,252728,252476,252
NVDA,2025-11-18,326276,0,0,0,728,728,0.22312398092412558,326130,325548,582
NVDA,2025-11-19,490390,0,0,0,2173,2173,0.44311670303228046,490246,488217,2029
NVDA,2025-11-20,798753,21,0,0,3642,3663,0.458589826892669,798261,795090,3171
NVDA,2025-11-21,726525,98,0,37,3001,3136,0.4316437837651836,726240,723389,2851
NVDA,2025-11-24,389233,0,0,0,913,913,0.23456387305290147,389206,388320,886
NVDA,2025-11-25,619107,0,0,0,2046,2046,0.3304759920336872,618803,617061,1742
NVDA,2025-11-26,369671,1,0,0,511,512,0.13850153244371347,369622,369159,463
NVDA,2025-11-28,283784,2,0,64243,338,64583,22.757801708341557,283713,219201,64512
NVDA,2025-12-01,302561,0,0,0,1041,1041,0.3440628501360056,302411,301520,891
NVDA,2025-12-02,368035,0,0,0,341,341,0.09265423125517953,367902,367694,208
NVDA,2025-12-03,257786,0,0,0,191,191,0.07409246429208724,257698,257595,103
NVDA,2025-12-04,352867,0,0,0,267,267,0.07566590245049834,352777,352600,177
NVDA,2025-12-05,295187,17,0,69252,175,69444,23.525426255221266,295138,225743,69395
NVDA,2025-12-08,361287,0,0,0,182,182,0.050375463274349754,361238,361105,133
NVDA,2025-12-09,204664,0,0,0,203,203,0.09918696009068521,204583,204461,122
NVDA,2025-12-10,227989,0,0,0,405,405,0.17764014930544894,227817,227584,233
NVDA,2025-12-11,371635,0,0,0,432,432,0.1162430879761056,371369,371203,166
NVDA,2025-12-12,390121,6,0,50865,344,51215,13.127978242647794,389933,338906,51027
NVDA,2025-12-15,231973,0,0,0,579,579,0.24959801356192315,231600,231394,206
NVDA,2025-12-16,194510,0,0,0,1189,1189,0.6112796257261838,193535,193321,214
NVDA,2025-12-17,354306,0,0,0,648,648,0.1828927537213595,353828,353658,170
NVDA,2025-12-18,287288,0,0,0,1014,1014,0.3529559187992537,286755,286274,481
NVDA,2025-12-19,397282,121,0,112297,1763,114181,28.740541982772942,396930,283101,113829
NVDA,2025-12-22,212601,0,0,0,133,133,0.06255850160629536,212522,212468,54
NVDA,2025-12-23,356487,3,0,0,151,154,0.043199331251911006,356416,356333,83
NVDA,2025-12-24,153646,0,0,0,109,109,0.07094229592700103,153571,153537,34
NVDA,2025-12-26,403080,139,0,135632,364,136135,33.77369256723231,402731,266945,135786
NVDA,2025-12-29,212844,1,0,0,294,295,0.1385991618274417,212595,212549,46
NVDA,2025-12-30,154344,2,0,0,403,405,0.26240087078214896,154001,153939,62
NVDA,2025-12-31,209272,0,0,0,127,127,0.06068657058756069,209199,209145,54
NVDA,2026-01-02,316135,32,0,100827,85,100944,31.930662533411358,316081,215191,100890
NVDA,2026-01-05,280176,0,0,0,359,359,0.12813374450345497,280071,279817,254
NVDA,2026-01-06,298232,0,0,0,454,454,0.15223047828536174,298100,297778,322
NVDA,2026-01-07,235759,2,0,0,173,175,0.074228343350625,235673,235584,89
NVDA,2026-01-08,301162,0,0,0,276,276,0.09164502825721704,301060,300886,174
NVDA,2026-01-09,252490,54,0,65931,202,66187,26.213711434116203,252332,186303,66029
NVDA,2026-01-12,208210,0,0,0,758,758,0.3640555208683541,207823,207452,371
NVDA,2026-01-13,218400,0,0,0,422,422,0.19322344322344323,218160,217978,182
NVDA,2026-01-14,234695,0,0,0,459,459,0.1955729776944545,234487,234236,251
NVDA,2026-01-15,346512,1,0,0,1439,1440,0.415570023548968,345656,345072,584
NVDA,2026-01-16,299280,65,0,112237,743,113045,37.77232023523122,298876,186235,112641
NVDA,2026-01-20,289086,1,0,0,93,94,0.032516275433607994,289061,288992,69
NVDA,2026-01-21,283916,1,0,0,147,148,0.05212809422505248,283895,283768,127
NVDA,2026-01-22,208375,2,0,0,152,154,0.07390521895620876,208345,208221,124
NVDA,2026-01-23,272866,113,0,78236,138,78487,28.763935411520674,272748,194379,78369
NVDA,2026-01-26,189048,0,0,0,60,60,0.03173797130887394,189037,188988,49
NVDA,2026-01-27,205685,0,0,0,79,79,0.03840824561829983,205672,205606,66
NVDA,2026-01-28,236047,0,0,0,45,45,0.019063999966108445,236027,236002,25
NVDA,2026-01-29,277097,1,0,0,205,206,0.07434219785851164,277062,276891,171
NVDA,2026-01-30,315830,45,0,79554,69,79668,25.224962796441122,315770,236162,79608
NVDA,2026-02-02,285909,15,0,44623,27,44665,15.622103536439916,285889,241244,44645
NVDA,2026-02-03,384518,1,0,0,73,74,0.019244872801793413,384477,384444,33
NVDA,2026-02-04,366334,15,0,13,254,282,0.07697893179448263,366253,366052,201
NVDA,2026-02-05,346869,10,0,0,61,71,0.020468822523776988,346841,346798,43
NVDA,2026-02-06,495597,101,0,21507,101,21709,4.380373569654377,495430,473888,21542
NVDA,2026-02-09,412573,62,0,32538,32,32632,7.909388156762561,412499,379941,32558
NVDA,2026-02-10,212334,0,0,0,42,42,0.019780157676114046,212324,212292,32
NVDA,2026-02-11,281552,45,0,40843,62,40950,14.544382565209979,281491,240602,40889
NVDA,2026-02-12,280496,0,0,0,221,221,0.07878900233871428,280441,280275,166
NVDA,2026-02-13,371129,5,0,14246,34,14285,3.8490659581978233,371114,356844,14270
NVDA,2026-02-17,289233,0,0,0,50,50,0.017287100711191324,289224,289183,41
NVDA,2026-02-18,291063,28,0,59379,100,59507,20.444714718119446,290988,231556,59432
NVDA,2026-02-19,213884,0,0,0,246,246,0.11501561594135139,213768,213638,130
NVDA,2026-02-20,320087,6,0,95769,68,95843,29.942796802119425,320062,224244,95818
NVDA,2026-02-23,327973,119,0,70856,58,71033,21.65818527744662,327834,256940,70894
NVDA,2026-02-24,208975,0,0,0,161,161,0.07704270845794951,208970,208814,156
NVDA,2026-02-25,455983,0,0,0,145,145,0.0317994311191426,455922,455838,84
NVDA,2026-02-26,755464,5,0,0,560,565,0.07478847436807048,755377,754899,478
NVDA,2026-02-27,585956,53,0,21859,217,22129,3.776563427970701,585800,563827,21973
NVDA,2026-03-02,394622,7,0,6866,122,6995,1.7725823699641683,394575,387627,6948
NVDA,2026-03-03,284877,1,0,0,794,795,0.27906780821196514,284866,284082,784
NVDA,2026-03-04,338200,6,0,25006,1277,26289,7.7732111176818455,338011,311911,26100
NVDA,2026-03-05,333386,0,0,0,180,180,0.05399146934784304,333339,333206,133
NVDA,2026-03-06,380253,13,0,32697,171,32881,8.647137563674711,380223,347372,32851
NVDA,2026-03-09,355078,128,0,25204,463,25795,7.264601017241282,354653,329283,25370
NVDA,2026-03-10,304521,0,0,0,129,129,0.0423616105293231,304494,304392,102
NVDA,2026-03-11,278060,15,0,61309,152,61476,22.108897360281954,277973,216584,61389
NVDA,2026-03-12,247798,0,0,0,196,196,0.07909668358905238,247785,247602,183
NVDA,2026-03-13,340271,10,0,84714,359,85083,25.004481721921646,340248,255188,85060
NVDA,2026-03-16,400320,47,0,4,143,194,0.04846123101518785,400218,400126,92
NVDA,2026-03-17,286774,0,0,0,315,315,0.10984259381952338,286715,286459,256
NVDA,2026-03-18,262769,2,0,35768,426,36196,13.774836453310703,262597,226573,36024
NVDA,2026-03-19,266173,1,0,0,458,459,0.17244423739447653,265937,265714,223
NVDA,2026-03-20,345068,42,0,54228,688,54958,15.926715893678928,344506,290110,54396
NVDA,2026-03-23,288766,8,0,42678,52,42738,14.800218862331437,288751,246028,42723
NVDA,2026-03-24,188630,0,0,0,87,87,0.04612203785187934,188599,188543,56
NVDA,2026-03-25,296607,9,0,77850,356,78215,26.369910352756342,296506,218392,78114
NVDA,2026-03-26,263347,1,0,0,764,765,0.2904912529856045,263065,262582,483
NVDA,2026-03-27,357727,4,0,48616,67,48687,13.610099321549674,357697,309040,48657
NVDA,2026-03-30,313122,6,0,49127,387,49520,15.814921979292416,313053,263602,49451
NVDA,2026-03-31,323030,0,0,0,839,839,0.2597281986193233,322762,322191,571
NVDA,2026-04-01,256923,200,0,49135,301,49636,19.31940698185838,256541,207287,49254
NVDA,2026-04-02,282243,11,0,57383,73,57467,20.360823829111794,282205,224776,57429
NVDA,2026-04-06,201247,10,0,56881,238,57129,28.38750391310181,201191,144118,57073
NVDA,2026-04-07,182992,0,0,0,142,142,0.07759902072221736,182966,182850,116
NVDA,2026-04-08,293632,24,0,60329,169,60522,20.61151373147341,293519,233110,60409
NVDA,2026-04-09,211616,0,0,0,85,85,0.040167095115681235,211579,211531,48
NVDA,2026-04-10,433112,35,0,132982,81,133098,30.730619331720202,433054,300014,133040
NVDA,2026-04-13,277028,3,0,78266,165,78434,28.31266153601802,276973,198594,78379
NVDA,2026-04-14,352420,0,0,0,585,585,0.16599511945973555,352122,351835,287
NVDA,2026-04-15,445870,14,0,103582,757,104353,23.404355529638686,445345,341517,103828
NVDA,2026-04-16,261499,0,0,0,757,757,0.2894848546265951,260896,260742,154
NVDA,2026-04-17,373618,6,0,119593,269,119868,32.08303668452805,373556,253750,119806
NVDA,2026-04-20,269578,22,0,69491,104,69617,25.824436712194615,269523,199961,69562
NVDA,2026-04-21,245694,0,0,0,520,520,0.21164538002556024,245441,245174,267
NVDA,2026-04-22,266370,3,0,85305,50,85358,32.0448999511957,266339,181012,85327
NVDA,2026-04-23,291736,0,0,0,533,533,0.18269942687909618,291445,291203,242
NVDA,2026-04-24,696661,49,0,128559,154,128762,18.482734070085737,696579,567899,128680
NVDA,2026-04-27,664664,21,0,107082,258,107361,16.152672628576244,664447,557303,107144
NVDA,2026-04-28,449602,2,0,0,1105,1107,0.24621776593520492,449041,448495,546
NVDA,2026-04-29,374293,0,0,6,286,292,0.07801374858733666,374160,374001,159
NVDA,2026-04-30,528894,0,0,0,790,790,0.14936830442394886,528452,528104,348
NVDA,2026-05-01,437577,16,0,57737,114,57867,13.22441536003949,437537,379710,57827
NVDA,2026-05-04,444412,25,0,70361,57,70443,15.850832110744085,444362,373969,70393
NVDA,2026-05-05,297706,0,0,0,386,386,0.12965811908392844,297555,297320,235
NVDA,2026-05-06,672543,35,0,50895,388,51318,7.6304414736306825,672203,621225,50978
NVDA,2026-05-07,535325,0,0,0,1076,1076,0.2009993928921683,534443,534249,194
NVDA,2026-05-08,527593,6,0,88189,114,88309,16.738091672937284,527564,439284,88280
NVDA,2026-05-11,627649,54,0,58688,118,58860,9.377852908233741,627557,568789,58768
NVDA,2026-05-12,523418,0,0,0,987,987,0.1885682188996175,522986,522431,555
NVDA,2026-05-13,625199,43,0,44525,765,45333,7.250971290741028,624537,579866,44671
NVDA,2026-05-14,682367,0,0,0,818,818,0.11987684046854552,681906,681549,357
NVDA,2026-05-15,598590,82,0,8603,355,9040,1.5102156734993903,598406,589550,8856
NVDA,2026-05-18,516037,80,0,3917,191,4188,0.8115697130244537,515914,511849,4065
NVDA,2026-05-19,296611,0,0,0,467,467,0.15744527343894865,296459,296144,315
NVDA,2026-05-20,484103,0,0,0,941,941,0.19438012158569562,483476,483162,314
NVDA,2026-05-21,643913,8,0,0,929,937,0.14551655270199546,643597,642976,621
NVDA,2026-05-22,552455,7,0,82953,138,83098,15.041587097591659,552425,469357,83068
NVDA,2026-05-26,504794,6,0,98374,88,98468,19.506570997278097,504771,406326,98445
NVDA,2026-05-27,466049,11,0,60622,297,60930,13.073732590349941,465905,405119,60786
NVDA,2026-05-28,380637,0,0,0,810,810,0.2128011727709077,380042,379827,215
NVDA,2026-05-29,561153,85,0,79486,616,80187,14.289685700691255,561008,480966,80042
NVDA,2026-06-01,692598,1876,0,68227,115,70218,10.138348652465066,690678,622380,68298
NVDA,2026-06-02,591479,1,0,0,1742,1743,0.29468501840302025,590819,589736,1083
NVDA,2026-06-03,454982,2,0,39946,2000,41948,9.219705394938702,453766,413034,40732
NVDA,2026-06-04,497864,0,0,0,3054,3054,0.6134205325149037,495718,494810,908
NVDA,2026-06-05,634546,16,0,19447,779,20242,3.1899972578820135,634407,614304,20103
NVDA,2026-06-08,461903,16,0,89332,726,90074,19.50063108488146,461827,371829,89998
NVDA,2026-06-09,507477,0,0,0,1407,1407,0.2772539445137415,507113,506070,1043
NVDA,2026-06-10,453252,11,0,229,1064,1304,0.2876986753505776,452722,451948,774
NVDA,2026-06-11,401927,23,0,0,2177,2200,0.5473630783699528,400505,399727,778
NVDA,2026-06-12,415282,7,0,56788,287,57082,13.745358575618495,415241,358200,57041
NVDA,2026-06-15,486148,51,0,158273,225,158549,32.61331940067634,486046,327599,158447
NVDA,2026-06-16,276746,1,0,0,986,987,0.35664472115224793,276234,275759,475
NVDA,2026-06-17,370793,57,0,56070,2089,58216,15.700404268688999,369277,312577,56700
NVDA,2026-06-18,436664,67,0,150668,551,151286,34.64586043273547,436329,285378,150951
NVDA,2026-06-22,417415,5,0,0,5463,5468,1.3099672987314783,413471,411947,1524
NVDA,2026-06-23,362147,3,0,0,1184,1187,0.3277674535478687,361757,360960,797
NVDA,2026-06-24,430985,1,0,0,4764,4765,1.1056069236748378,427977,426220,1757
NVDA,2026-06-25,448060,0,0,0,1832,1832,0.40887381154309693,447019,446228,791
NVDA,2026-06-26,462951,13,0,0,6321,6334,1.368179353754501,459983,456617,3366
NVDA,2026-06-29,408432,6,0,0,2840,2846,0.6968112194930858,406117,405586,531
NVDA,2026-06-30,363353,0,0,0,635,635,0.17476118265158125,363053,362718,335
NVDA,2026-07-01,403767,18,0,0,3899,3917,0.9701139518583738,400703,399850,853
NVDA,2026-07-02,428245,19,0,0,5486,5505,1.2854791065861833,423751,422740,1011
NVDA,2026-07-06,349732,10,0,0,12554,12564,3.5924650875527546,338917,337168,1749
NVDA,2026-07-07,379393,0,0,0,1927,1927,0.5079165930842161,378981,377466,1515
NVDA,2026-07-08,687084,36,0,0,7317,7353,1.0701748257854935,681700,679731,1969
NVDA,2026-07-09,451668,0,0,0,1338,1338,0.29623528786630887,450740,450330,410
NVDA,2026-07-10,757033,119,0,0,5089,5208,0.687948874091354,753557,751825,1732
NVDA,2026-07-13,452141,31,0,0,7159,7190,1.5902119029240878,446907,444951,1956
NVDA,2026-07-14,531366,1,0,0,992,993,0.1868768419507458,531148,530373,775
NVDA,2026-07-15,559057,54,0,0,3235,3289,0.5883121041324946,556557,555768,789
NVDA,2026-07-16,409673,0,0,0,2097,2097,0.5118716634974724,408212,407576,636
NVDA,2026-07-17,542218,15,0,0,3482,3497,0.6449435466915521,540561,538721,1840
NVDA,2026-07-20,443487,51,0,0,5624,5675,1.2796316464744175,439996,437812,2184
NVDA,2026-07-21,410134,0,0,0,693,693,0.16896916617495744,409888,409441,447
NVDA,2026-07-22,722462,6,0,0,5058,5064,0.7009365198446423,719561,717398,2163
NVDA,2026-07-23,413704,1,0,0,1667,1668,0.4031868195618123,412613,412036,577
NVDA,2026-07-24,540679,20,0,0,2860,2880,0.5326635582295595,539002,537799,1203
NVDA,2026-07-27,639281,38,0,0,4334,4372,0.6838933113920169,636497,634909,1588
NVDA,2026-07-28,407420,0,0,0,836,836,0.2051936576505817,407206,406584,622
NVDA,2026-07-29,564654,8,0,0,5748,5756,1.019385322693189,560889,558898,1991
NVDA,2026-07-30,434570,0,0,0,1485,1485,0.3417170996617346,433443,433085,358
NVDA,2026-07-31,610701,93,0,0,3267,3360,0.5501874075857088,608603,607341,1262
NVDA,2026-08-03,607778,12,0,0,4016,4028,0.6627419880285236,604682,603750,932
NVDA,2026-08-04,432653,0,0,0,1495,1495,0.3455425017277125,432437,431158,1279
NVDA,2026-08-05,829266,60,0,0,5981,6041,0.7284755434323847,824813,823225,1588
NVDA,2026-08-06,484103,0,0,0,871,871,0.1799203888428702,483470,483232,238
NVDA,2026-08-07,491186,177,0,0,4817,4994,1.0167227893303148,487683,486192,1491
NVDA,2026-08-10,544360,7,0,0,2115,2122,0.3898155632302153,542737,542238,499
NVDA,2026-08-11,376949,0,0,0,1328,1328,0.35230230084175845,376507,375621,886
NVDA,2026-08-12,557519,23,0,0,3302,3325,0.5963922305786888,554954,554194,760
NVDA,2026-08-13,410883,1,0,0,1419,1420,0.3455971651297328,410221,409463,758
NVDA,2026-08-14,408496,17,0,0,5266,5283,1.293280717559046,404203,403213,990
NVDA,2026-08-17,424436,4,0,0,3204,3208,0.7558265557115796,421812,421228,584
NVDA,2026-08-18,324188,2,0,0,1623,1625,0.5012523597418782,323364,322563,801
NVDA,2026-08-19,382400,8,0,0,2776,2784,0.7280334728033473,380435,379616,819
NVDA,2026-08-20,305855,0,0,0,1006,1006,0.3289140278890324,305132,304849,283
NVDA,2026-08-21,402879,15,0,0,3354,3369,0.8362312257526453,401098,399510,1588
NVDA,2026-08-24,458649,11,0,0,4390,4401,0.9595573085300524,454950,454248,702
NVDA,2026-08-25,318702,0,0,0,361,361,0.11327195938525644,318540,318341,199
NVDA,2026-08-26,441541,0,0,0,427,427,0.09670676109353378,441415,441114,301
NVDA,2026-08-27,1027069,26,0,0,567,593,0.057737114059522775,1026943,1026476,467
NVDA,2026-08-28,787018,14,0,0,5508,5522,0.7016357948611086,783936,781496,2440
NVDA,2026-08-31,474066,7,0,0,1726,1733,0.36556091345930736,473130,472333,797
NVDA,2026-09-01,348680,0,0,0,2430,2430,0.6969140759435586,347843,346250,1593
NVDA,2026-09-02,777760,9,0,0,4376,4385,0.5637986011108825,775123,773375,1748
NVDA,2026-09-03,527962,0,0,0,2271,2271,0.430144593739701,526474,525691,783
NVDA,2026-09-04,715304,15,0,0,4447,4462,0.6237907239439455,712144,710842,1302
TSLA,2024-08-02,371359,43722,0,0,940,44662,12.02663729706295,327593,326697,896
TSLA,2024-08-05,266704,9,0,0,175,184,0.06899034135221069,266690,266520,170
TSLA,2024-08-06,244294,0,0,0,66,66,0.027016627506201544,244253,244228,25
TSLA,2024-08-07,248254,0,0,0,26,26,0.010473144440774369,248238,248228,10
TSLA,2024-08-08,243615,0,0,0,84,84,0.0344806354288529,243598,243531,67
TSLA,2024-08-09,270307,36803,0,0,49,36852,13.633387222676438,233499,233455,44
TSLA,2024-08-12,181765,0,0,0,11,11,0.006051770142766759,181760,181754,6
TSLA,2024-08-13,274861,0,0,0,35,35,0.012733709038386675,274856,274826,30
TSLA,2024-08-14,244507,0,0,0,43,43,0.017586408569079823,244497,244464,33
TSLA,2024-08-15,391321,0,0,0,75,75,0.019165851053227403,391300,391246,54
TSLA,2024-08-16,418669,56642,0,0,55,56697,13.542201596010214,362024,361972,52
TSLA,2024-08-19,302475,0,0,0,42,42,0.01388544507810563,302461,302433,28
TSLA,2024-08-20,277729,0,0,0,9,9,0.003240569043924113,277729,277720,9
TSLA,2024-08-21,233325,0,0,0,15,15,0.006428801028608165,233320,233310,10
TSLA,2024-08-22,320842,0,0,0,70,70,0.021817592459840045,320833,320772,61
TSLA,2024-08-23,365142,54873,0,0,39,54912,15.03853295430271,310269,310230,39
TSLA,2024-08-26,227417,0,0,0,26,26,0.011432742495064133,227413,227391,22
TSLA,2024-08-27,246279,0,0,0,5,5,0.002030217761157062,246279,246274,5
TSLA,2024-08-28,272158,0,0,0,15,15,0.0055115043467397614,272158,272143,15
TSLA,2024-08-29,294805,0,0,0,46,46,0.015603534539780533,294785,294759,26
TSLA,2024-08-30,291472,39754,0,0,33,39787,13.650367788329582,251717,251685,32
TSLA,2024-09-03,281979,0,0,0,19,19,0.006738090425173506,281976,281960,16
TSLA,2024-09-04,334403,0,0,0,442,442,0.13217584770471558,334401,333961,440
TSLA,2024-09-05,525533,0,0,0,99,99,0.01883801778384992,525513,525434,79
TSLA,2024-09-06,554861,83712,0,0,208,83920,15.124508660727642,471144,470941,203
TSLA,2024-09-09,254984,0,0,0,20,20,0.00784362940419791,254980,254964,16
TSLA,2024-09-10,329186,0,0,0,34,34,0.01032850728767323,329166,329152,14
TSLA,2024-09-11,315431,0,0,0,147,147,0.04660290206098957,315396,315284,112
TSLA,2024-09-12,351416,0,0,0,72,72,0.020488537801352243,351393,351344,49
TSLA,2024-09-13,370792,56255,0,0,66,56321,15.189378411616216,314535,314471,64
TSLA,2024-09-16,204295,0,0,0,26,26,0.012726694241170856,204280,204269,11
TSLA,2024-09-17,268951,0,0,0,43,43,0.015988042431520983,268937,268908,29
TSLA,2024-09-18,302031,0,0,0,149,149,0.04933268439332386,301918,301882,36
TSLA,2024-09-19,500684,3,0,0,160,163,0.03255546412507689,500656,500521,135
TSLA,2024-09-20,431751,63564,0,0,553,64117,14.850457787011495,368149,367634,515
TSLA,2024-09-23,362064,0,0,0,118,118,0.03259092315170799,362052,361946,106
TSLA,2024-09-24,370964,0,0,0,269,269,0.07251377492155572,370963,370695,268
TSLA,2024-09-25,247862,0,0,0,15,15,0.006051754605385254,247857,247847,10
TSLA,2024-09-26,325087,0,0,0,94,94,0.028915336509918885,325074,324993,81
TSLA,2024-09-27,410729,78,0,13270,74,13422,3.2678481431795663,410646,397307,13339
TSLA,2024-09-30,287314,0,0,0,268,268,0.09327773794524458,287296,287046,250
TSLA,2024-10-01,322538,0,0,0,15,15,0.004650614811278051,322538,322523,15
TSLA,2024-10-02,393377,0,0,0,328,328,0.08338057385154699,393348,393049,299
TSLA,2024-10-03,408935,0,0,0,193,193,0.0471957646080673,408917,408742,175
TSLA,2024-10-04,458037,39,0,20673,17,20729,4.525616926143521,457955,437308,20647
TSLA,2024-10-07,237584,0,0,0,84,84,0.0353559162233147,237566,237500,66
TSLA,2024-10-08,170337,0,0,0,16,16,0.009393144178892431,170336,170321,15
TSLA,2024-10-09,228592,0,0,0,65,65,0.02843494085532302,228590,228527,63
TSLA,2024-10-10,337302,0,0,0,446,446,0.13222572057088305,337151,336856,295
TSLA,2024-10-11,688515,35,0,58,292,385,0.055917445516800654,688469,688130,339
TSLA,2024-10-14,290883,0,0,0,23,23,0.00790695915539925,290873,290860,13
TSLA,2024-10-15,236483,0,0,0,42,42,0.017760261837003084,236480,236441,39
TSLA,2024-10-16,189652,0,0,0,21,21,0.011072912492354418,189646,189631,15
TSLA,2024-10-17,210674,0,0,0,118,118,0.05601070848799567,210628,210556,72
TSLA,2024-10-18,231967,24,0,68551,26,68601,29.573603141826208,231938,163366,68572
TSLA,2024-10-21,165130,0,0,0,20,20,0.012111669593653486,165130,165110,20
TSLA,2024-10-22,152249,0,0,0,12,12,0.007881825167981398,152249,152237,12
TSLA,2024-10-23,300085,0,0,0,106,106,0.035323325057900264,300081,299979,102
TSLA,2024-10-24,985982,55,0,0,256,311,0.03154215797042948,985896,985671,225
TSLA,2024-10-25,864052,11,0,192,295,498,0.057635420090457516,864027,863554,473
TSLA,2024-10-28,433263,0,0,0,25,25,0.005770167311771372,433262,433238,24
TSLA,2024-10-29,339583,0,0,0,12,12,0.0035337457999958773,339581,339571,10
TSLA,2024-10-30,253055,0,0,0,12,12,0.004742052123056253,253055,253043,12
TSLA,2024-10-31,296700,0,0,0,50,50,0.016852039096730706,296696,296650,46
TSLA,2024-11-01,323241,21,0,39733,46,39800,12.31279447842322,323215,283441,39774
TSLA,2024-11-04,261470,0,0,0,23,23,0.008796420239415612,261470,261447,23
TSLA,2024-11-05,286876,0,0,0,35,35,0.012200393201243743,286875,286841,34
TSLA,2024-11-06,633266,17,0,0,115,132,0.020844321343637586,633222,633134,88
TSLA,2024-11-07,572079,0,0,0,307,307,0.05366391704642191,572029,571772,257
TSLA,2024-11-08,1356376,35,0,26,678,739,0.05448341757742691,1356273,1355637,636
TSLA,2024-11-11,845494,0,0,0,275,275,0.03252536387011617,845455,845219,236
TSLA,2024-11-12,614143,0,0,0,149,149,0.02426145050908339,614123,613994,129
TSLA,2024-11-13,528983,0,0,0,221,221,0.04177828020938291,528960,528762,198
TSLA,2024-11-14,621297,0,0,0,734,734,0.11813995560899215,621218,620563,655
TSLA,2024-11-15,690614,78,0,128,432,638,0.0923815619144703,690504,689976,528
TSLA,2024-11-18,540171,0,0,0,67,67,0.012403479638855103,540155,540104,51
TSLA,2024-11-19,372741,0,0,0,58,58,0.015560402531516523,372710,372683,27
TSLA,2024-11-20,294721,0,0,0,115,115,0.03901995446540966,294711,294606,105
TSLA,2024-11-21,321505,0,0,0,395,395,0.12285967558824902,321471,321110,361
TSLA,2024-11-22,648084,2,0,47,169,218,0.03363761487708383,648039,647866,173
TSLA,2024-11-25,414988,0,0,0,49,49,0.011807570339383308,414983,414939,44
TSLA,2024-11-26,341131,0,0,0,29,29,0.008501132995828583,341123,341102,21
TSLA,2024-11-27,372767,1,0,0,102,103,0.027631201259768166,372743,372664,79
TSLA,2024-11-29,287072,92,0,98297,88,98477,34.30393768810612,286006,188595,97411
TSLA,2024-12-02,389437,0,0,0,46,46,0.011811923366295447,389422,389391,31
TSLA,2024-12-03,286428,2,0,0,168,170,0.059351739355090985,286319,286258,61
TSLA,2024-12-04,293316,0,0,0,98,98,0.033411065199307234,293266,293218,48
TSLA,2024-12-05,603707,7,0,0,477,484,0.08017134139574329,603575,603223,352
TSLA,2024-12-06,603938,28,0,7215,228,7471,1.2370475114995247,603822,596467,7355
TSLA,2024-12-09,511088,0,0,0,122,122,0.023870644585668222,511046,510966,80
TSLA,2024-12-10,600900,0,0,0,106,106,0.01764020635713097,600872,600794,78
TSLA,2024-12-11,625753,0,0,0,320,320,0.05113838846957186,625684,625433,251
TSLA,2024-12-12,559604,0,0,0,776,776,0.13866948770916576,559511,558828,683
TSLA,2024-12-13,800616,30,0,34,515,579,0.07231931412812134,800429,800037,392
TSLA,2024-12-16,670645,0,0,0,408,408,0.06083695546824326,670512,670237,275
TSLA,2024-12-17,760940,1,0,0,1100,1101,0.144689463032565,760648,759839,809
TSLA,2024-12-18,857120,0,0,0,1838,1838,0.21443905170804556,857013,855282,1731
TSLA,2024-12-19,776095,0,0,0,3117,3117,0.40162608958954765,775523,772978,2545
TSLA,2024-12-20,820530,137,0,5,812,954,0.11626631567401557,820085,819576,509
TSLA,2024-12-23,422913,0,0,0,137,137,0.03239436952753876,422887,422776,111
TSLA,2024-12-24,388050,1,0,0,77,78,0.020100502512562814,388033,387972,61
TSLA,2024-12-26,519708,0,0,0,1318,1318,0.2536039468316824,519542,518390,1152
TSLA,2024-12-27,692322,4,0,1,352,357,0.0515656009775798,692259,691965,294
TSLA,2024-12-30,350130,0,0,0,260,260,0.07425813269357096,350098,349870,228
TSLA,2024-12-31,418294,0,0,0,122,122,0.02916608892310193,418247,418172,75
TSLA,2025-01-02,697519,15,0,0,890,905,0.1297455696547334,697362,696614,748
TSLA,2025-01-03,790575,19,0,67,904,990,0.12522531069158524,790524,789585,939
TSLA,2025-01-06,515402,0,0,0,75,75,0.014551747955964471,515378,515327,51
TSLA,2025-01-07,453890,0,0,0,77,77,0.016964462755293133,453860,453813,47
TSLA,2025-01-08,399660,0,0,0,181,181,0.045288495220937794,399593,399479,114
TSLA,2025-01-10,540113,10,0,5,219,234,0.04332426732924406,540028,539879,149
TSLA,2025-01-13,375849,0,0,0,184,184,0.04895583066603876,375775,375665,110
TSLA,2025-01-14,525323,0,0,0,220,220,0.041878996350816544,525271,525103,168
TSLA,2025-01-15,551607,0,0,0,513,513,0.09300099527380908,551528,551094,434
TSLA,2025-01-16,465688,1,0,0,1108,1109,0.23814227551493705,465388,464579,809
TSLA,2025-01-17,885568,93,0,24,1154,1271,0.14352370456023705,885174,884297,877
TSLA,2025-01-21,518177,0,0,0,97,97,0.01871947230386528,518143,518080,63
TSLA,2025-01-22,381737,0,0,0,150,150,0.039294068953232196,381705,381587,118
TSLA,2025-01-23,378661,0,0,0,224,224,0.059155814831736035,378628,378437,191
TSLA,2025-01-24,463984,16,0,316,134,466,0.10043449774130142,463942,463518,424
TSLA,2025-02-25,694734,0,0,0,56,56,0.008060639035947571,694732,694678,54
TSLA,2025-02-26,591099,0,0,0,167,167,0.02825245855601177,591055,590932,123
TSLA,2025-02-27,586684,0,0,0,295,295,0.05028260528666199,586598,586389,209
TSLA,2025-02-28,752458,36,0,0,206,242,0.03216126348580253,752390,752216,174
TSLA,2025-03-03,534202,0,0,0,45,45,0.008423779768701727,534198,534157,41
TSLA,2025-03-04,591849,143,0,0,286,429,0.07248470471353335,591689,591420,269
TSLA,2025-03-05,435727,0,0,0,92,92,0.021114137980891706,435704,435635,69
TSLA,2025-03-06,506549,2,0,0,388,390,0.07699156448833183,506508,506159,349
TSLA,2025-03-07,626546,1354,0,211,193,1758,0.2805859426123541,625167,624788,379
TSLA,2025-03-10,728807,0,0,0,53,53,0.007272158472682068,728805,728754,51
TSLA,2025-03-11,679633,26,0,0,381,407,0.05988526160442474,679597,679226,371
TSLA,2025-03-12,582180,3,0,0,463,466,0.08004397265450548,582155,581714,441
TSLA,2025-03-13,517799,0,0,0,736,736,0.14214009683294096,517741,517063,678
TSLA,2025-03-14,608805,135,0,651,158,944,0.15505785924885637,608649,607861,788
TSLA,2025-03-17,435793,0,0,0,224,224,0.05140055026124789,435777,435569,208
TSLA,2025-03-18,448347,1,0,0,113,114,0.025426734203641378,448333,448233,100
TSLA,2025-03-19,439970,0,0,0,242,242,0.05500375025569925,439933,439728,205
TSLA,2025-03-20,395741,0,0,0,1001,1001,0.2529432128589153,395529,394740,789
TSLA,2025-03-21,658992,155,0,9,251,415,0.06297496782965499,658786,658577,209
TSLA,2025-03-24,644128,0,0,0,413,413,0.06411769089373541,644125,643715,410
TSLA,2025-03-25,577366,0,0,0,95,95,0.016454034356023734,577353,577271,82
TSLA,2025-03-26,597199,0,0,0,103,103,0.017247182262528905,597194,597096,98
TSLA,2025-03-27,807230,0,0,0,490,490,0.06070141099810463,807151,806740,411
TSLA,2025-03-28,692053,34,0,0,146,180,0.02600956863130425,691998,691873,125
TSLA,2025-03-31,425073,0,0,0,170,170,0.039993130591686604,425073,424903,170
TSLA,2025-04-01,476766,0,0,0,272,272,0.0570510481032624,476736,476494,242
TSLA,2025-04-02,737669,1,0,0,621,622,0.08431966098616046,737645,737047,598
TSLA,2025-04-03,536868,0,0,0,1337,1337,0.249037007234553,536774,535531,1243
TSLA,2025-04-07,506946,346,0,0,5621,5967,1.177048443029435,506579,500979,5600
TSLA,2025-04-08,527351,0,0,0,1608,1608,0.3049202523556417,527343,525743,1600
TSLA,2025-04-09,641923,0,0,0,4799,4799,0.7475974532771065,641838,637124,4714
TSLA,2025-04-10,623052,1,0,0,6633,6634,1.064758639728305,622446,616418,6028
TSLA,2025-04-11,629049,27,0,0,869,896,0.1424372346192427,628945,628153,792
TSLA,2025-04-14,379320,0,0,0,1161,1161,0.3060740272065802,379290,378159,1131
TSLA,2025-04-15,312744,0,0,0,536,536,0.17138618166935257,312670,312208,462
TSLA,2025-04-16,414301,2,0,0,1092,1094,0.2640592226424749,414048,413207,841
TSLA,2025-04-17,371825,29,0,3,1896,1928,0.5185234989578431,371724,369897,1827
TSLA,2025-04-21,315130,0,0,0,2544,2544,0.8072858820169454,315048,312586,2462
TSLA,2025-04-22,463838,0,0,0,3257,3257,0.7021848145257612,463725,460581,3144
TSLA,2025-04-23,676056,0,0,0,1771,1771,0.2619605476469405,676024,674285,1739
TSLA,2025-04-24,412665,0,0,0,931,931,0.22560672700616724,412568,411734,834
TSLA,2025-04-25,1073565,9,0,5,779,793,0.07386604444071854,1073502,1072772,730
TSLA,2025-04-28,597674,0,0,0,242,242,0.04049030073250635,597625,597432,193
TSLA,2025-04-29,425500,0,0,0,222,222,0.05217391304347826,425466,425278,188
TSLA,2025-04-30,481903,0,0,0,499,499,0.1035478094139277,481817,481404,413
TSLA,2025-05-01,462873,0,0,0,844,844,0.1823394321984648,462799,462029,770
TSLA,2025-05-02,727711,21,0,13,361,395,0.05427978964176713,727646,727316,330
TSLA,2025-05-05,385168,0,0,0,98,98,0.025443442861296888,385148,385070,78
TSLA,2025-05-06,285940,0,0,0,75,75,0.02622927886969294,285908,285865,43
TSLA,2025-05-07,276343,0,0,0,104,104,0.037634389146821164,276313,276239,74
TSLA,2025-05-08,516488,0,0,0,294,294,0.05692291011601431,516382,516194,188
TSLA,2025-05-09,980010,47,0,25,216,288,0.029387455230048674,979927,979722,205
TSLA,2025-05-12,492028,0,0,0,281,281,0.057110570943117056,491916,491747,169
TSLA,2025-05-13,645801,0,0,0,260,260,0.04026008011755943,645714,645541,173
TSLA,2025-05-14,650232,0,0,0,345,345,0.05305798545749825,650173,649887,286
TSLA,2025-05-15,500289,0,0,0,592,592,0.1183316043326957,500169,499697,472
TSLA,2025-05-16,624214,25,0,58,661,744,0.11918989320970053,624106,623470,636
TSLA,2025-05-19,339344,0,0,0,151,151,0.044497618935357634,339312,339193,119
TSLA,2025-05-20,574697,0,0,0,114,114,0.019836539950617457,574674,574583,91
TSLA,2025-05-21,425054,0,0,0,179,179,0.04211229631999699,425033,424875,158
TSLA,2025-05-22,419933,0,0,0,259,259,0.06167650553778817,419862,419674,188
TSLA,2025-05-23,466264,16,0,1891,150,2057,0.44116637784602714,466194,464207,1987
TSLA,2025-05-27,552704,0,0,0,152,152,0.02750115794349236,552679,552552,127
TSLA,2025-05-28,339372,0,0,0,131,131,0.03860070954586707,339353,339241,112
TSLA,2025-05-29,391397,0,0,0,363,363,0.0927447067810944,391336,391034,302
TSLA,2025-05-30,650177,113,0,24,273,410,0.06305975142153598,650002,649767,235
TSLA,2025-06-02,372989,0,0,0,84,84,0.022520771390040994,372950,372905,45
TSLA,2025-06-03,421060,0,0,0,90,90,0.021374625944045978,421010,420970,40
TSLA,2025-06-04,456259,0,0,0,131,131,0.028711762398111598,456206,456128,78
TSLA,2025-06-05,1437120,3,0,0,12332,12335,0.8583138499220664,1436074,1424785,11289
TSLA,2025-06-06,979081,36,0,0,958,994,0.1015237758673695,978714,978087,627
TSLA,2025-06-09,539533,0,0,0,641,641,0.11880644928113758,539502,538892,610
TSLA,2025-06-10,633375,0,0,0,256,256,0.04041839352674166,633366,633119,247
TSLA,2025-06-11,534614,2,0,0,297,299,0.05592820240397745,534567,534315,252
TSLA,2025-06-12,519239,0,0,0,615,615,0.11844256691042082,519134,518624,510
TSLA,2025-06-13,821406,58,0,163,441,662,0.0805935189175633,821288,820744,544
TSLA,2025-06-16,305037,0,0,0,108,108,0.035405540967161364,305000,304929,71
TSLA,2025-06-17,408427,0,0,0,120,120,0.029381015456862548,408390,408307,83
TSLA,2025-06-18,445234,0,0,0,284,284,0.0637866829577256,445152,444950,202
TSLA,2025-06-20,605466,32,0,46,937,1015,0.16763947108508157,605287,604451,836
TSLA,2025-06-23,779379,0,0,0,327,327,0.041956480736586435,779348,779052,296
TSLA,2025-06-24,446430,0,0,0,160,160,0.035839885312367,446399,446270,129
TSLA,2025-06-25,623006,0,0,0,290,290,0.04654850836107517,622930,622716,214
TSLA,2025-06-26,407404,2,0,0,634,636,0.15611039655968031,407125,406768,357
TSLA,2025-06-27,581642,123,0,20104,93,20320,3.493557892999474,581503,561322,20181
TSLA,2025-06-30,296865,0,0,0,105,105,0.03536961245010358,296837,296760,77
TSLA,2025-07-01,612842,3,0,0,416,419,0.0683699876966657,612746,612423,323
TSLA,2025-07-02,554051,2,0,0,504,506,0.0913273326823704,553942,553545,397
TSLA,2025-07-03,346714,21,0,51034,159,51214,14.771252386693355,345717,295500,50217
TSLA,2025-07-07,520828,2,0,0,291,293,0.05625657606733893,520748,520535,213
TSLA,2025-07-08,438704,0,0,0,36,36,0.008205988548087092,438687,438668,19
TSLA,2025-07-09,306099,0,0,0,92,92,0.030055635595019912,306078,306007,71
TSLA,2025-07-10,536513,1,0,0,200,201,0.037464143459711136,536492,536312,180
TSLA,2025-07-11,482278,39,0,41450,153,41642,8.634439057970715,482230,440636,41594
TSLA,2025-07-14,304792,0,0,0,944,944,0.30971941520774826,304696,303848,848
TSLA,2025-07-15,288832,0,0,0,326,326,0.11286838023487702,288691,288506,185
TSLA,2025-07-16,417607,0,0,0,238,238,0.05699138184944218,417511,417369,142
TSLA,2025-07-17,340098,0,0,0,227,227,0.06674546748290199,340060,339871,189
TSLA,2025-07-18,567361,23,0,50328,117,50468,8.895218388292463,567320,516893,50427
TSLA,2025-07-21,240227,0,0,0,94,94,0.03912965653319569,240210,240133,77
TSLA,2025-07-22,244813,0,0,0,199,199,0.08128653298640187,244797,244614,183
TSLA,2025-07-23,299813,0,0,0,285,285,0.09505925360141154,299771,299528,243
TSLA,2025-07-24,704027,2,0,0,415,417,0.059230682914149596,703868,703610,258
TSLA,2025-07-25,938635,80,0,3676,140,3896,0.4150708209261321,938519,934739,3780
TSLA,2025-07-28,464901,0,0,0,165,165,0.0354914272070828,464852,464736,116
TSLA,2025-07-29,331190,0,0,0,53,53,0.016002898638243907,331166,331137,29
TSLA,2025-07-30,346254,0,0,0,179,179,0.05169615369064329,346203,346075,128
TSLA,2025-07-31,414708,0,0,0,130,130,0.03134735765888288,414687,414578,109
TSLA,2025-08-01,580012,13,0,173,68,254,0.04379219740281236,579992,579758,234
TSLA,2025-08-04,325578,1,0,0,73,74,0.022728808457573916,325567,325504,63
TSLA,2025-08-05,244633,0,0,0,38,38,0.015533472589552514,244628,244595,33
TSLA,2025-08-06,368474,0,0,0,66,66,0.01791171154545504,368471,368408,63
TSLA,2025-08-07,318504,0,0,0,81,81,0.025431391756461457,318483,318423,60
TSLA,2025-08-08,681255,29,0,24044,109,24182,3.549625323850834,681209,657073,24136
TSLA,2025-08-11,507783,2,0,0,301,303,0.05967115874300636,507641,507480,161
TSLA,2025-08-12,393013,0,0,0,247,247,0.06284779383888064,392964,392766,198
TSLA,2025-08-13,369983,0,0,0,340,340,0.09189611414578508,369935,369643,292
TSLA,2025-08-14,375518,1,0,0,247,248,0.06604210716929682,375467,375270,197
TSLA,2025-08-15,503683,33,0,51994,131,52158,10.355322693043044,503625,451525,52100
TSLA,2025-08-18,243495,0,0,0,75,75,0.03080145382862071,243476,243420,56
TSLA,2025-08-19,364814,0,0,0,85,85,0.02329954442537841,364783,364729,54
TSLA,2025-08-20,374707,0,0,0,100,100,0.02668751851446597,374667,374607,60
TSLA,2025-08-21,265095,0,0,0,185,185,0.06978630302344442,265024,264910,114
TSLA,2025-08-22,595476,7,0,4246,128,4381,0.7357139498485246,595439,591095,4344
TSLA,2025-08-25,443343,0,0,0,46,46,0.010375713612259582,443323,443297,26
TSLA,2025-08-26,311213,0,0,0,60,60,0.01927940028212189,311173,311153,20
TSLA,2025-08-27,337726,0,0,0,121,121,0.035827860454925,337683,337605,78
TSLA,2025-08-28,402336,0,0,0,246,246,0.06114292531615366,402199,402090,109
TSLA,2025-08-29,539352,22,0,48056,97,48175,8.93201471395304,539274,491177,48097
TSLA,2025-09-02,259364,0,0,0,78,78,0.030073564565629773,259321,259286,35
TSLA,2025-09-03,421210,0,0,0,90,90,0.021367014078488164,421139,421120,19
TSLA,2025-09-04,312200,0,0,0,213,213,0.06822549647661755,312131,311987,144
TSLA,2025-09-05,731791,111,0,5145,208,5464,0.7466612735056868,731609,726327,5282
TSLA,2025-09-08,350185,0,0,0,151,151,0.04312006510844268,350124,350034,90
TSLA,2025-09-09,248402,0,0,0,129,129,0.05193194901812385,248336,248273,63
TSLA,2025-09-10,400509,0,0,0,273,273,0.06816326224878842,400424,400236,188
TSLA,2025-09-11,667129,0,0,0,457,457,0.06850249352074336,667007,666672,335
TSLA,2025-09-12,1249085,197,0,115,441,753,0.06028412798168259,1248781,1248332,449
TSLA,2025-09-15,738250,1,0,0,290,291,0.03941754148323739,738171,737959,212
TSLA,2025-09-16,463213,0,0,0,233,233,0.05030083352582937,463137,462980,157
TSLA,2025-09-17,564919,0,0,0,544,544,0.09629699125007302,564775,564375,400
TSLA,2025-09-18,520439,0,0,0,1022,1022,0.1963726776817264,520259,519417,842
TSLA,2025-09-19,585210,26,0,13715,750,14491,2.476205122947318,584966,570719,14247
TSLA,2025-09-22,514059,0,0,0,211,211,0.041045872166424476,513993,513848,145
TSLA,2025-09-23,369743,0,0,0,285,285,0.07708056677205519,369683,369458,225
TSLA,2025-09-24,528388,0,0,0,287,287,0.054316146468125694,528286,528101,185
TSLA,2025-09-25,517599,7,0,0,460,467,0.09022428559560587,517341,517132,209
TSLA,2025-09-26,734055,24,0,42339,314,42677,5.813869532936906,733993,691378,42615
TSLA,2025-09-29,340006,0,0,0,285,285,0.08382205019911414,339892,339721,171
TSLA,2025-09-30,302969,0,0,0,309,309,0.10199063270499623,302864,302660,204
TSLA,2025-10-01,516547,0,0,0,263,263,0.05091501838167679,516412,516284,128
TSLA,2025-10-02,748582,0,0,0,1086,1086,0.14507428711884604,747979,747496,483
TSLA,2025-10-03,981366,105,0,77,125,307,0.03128292604390207,981241,981059,182
TSLA,2025-10-06,447175,0,0,0,312,312,0.06977134231564823,447126,446863,263
TSLA,2025-10-07,518402,0,0,0,413,413,0.0796679025158082,518295,517989,306
TSLA,2025-10-08,412792,0,0,0,294,294,0.0712223105098936,412660,412498,162
TSLA,2025-10-09,405105,0,0,0,380,380,0.0938028412386912,404861,404725,136
TSLA,2025-10-10,737456,177,0,787,354,1318,0.17872252717450263,737168,736138,1030
TSLA,2025-10-13,367211,0,0,0,167,167,0.04547794047563935,367167,367044,123
TSLA,2025-10-14,355835,0,0,0,100,100,0.028102912866918656,355810,355735,75
TSLA,2025-10-15,384659,0,0,0,460,460,0.11958643889782898,384364,384199,165
TSLA,2025-10-16,451311,2,0,0,957,959,0.21249205093605075,451047,450352,695
TSLA,2025-10-17,656360,14,0,27,997,1038,0.15814492047047352,656259,655322,937
TSLA,2025-10-20,258417,35,0,0,164,199,0.07700731763003207,258372,258218,154
TSLA,2025-10-21,214554,0,0,0,178,178,0.08296279724451654,214520,214376,144
TSLA,2025-10-22,371898,0,0,0,912,912,0.24522853040349774,371846,370986,860
TSLA,2025-10-23,919011,0,0,0,958,958,0.10424249546523383,918922,918053,869
TSLA,2025-10-24,742477,81,0,416,311,808,0.10882491982916642,742364,741669,695
TSLA,2025-10-27,573077,0,0,0,148,148,0.025825499889194647,573015,572929,86
TSLA,2025-10-28,491798,0,0,0,654,654,0.1329814273339867,491683,491144,539
TSLA,2025-10-29,363214,0,0,0,637,637,0.17537870236279438,363193,362577,616
TSLA,2025-10-30,448116,2,0,0,786,788,0.17584732524614163,448074,447328,746
TSLA,2025-10-31,682969,25,0,382,130,537,0.0786272876221322,682892,682432,460
TSLA,2025-11-03,422599,0,0,0,79,79,0.018693844519272407,422588,422520,68
TSLA,2025-11-04,388294,0,0,0,126,126,0.03244963867584871,388274,388168,106
TSLA,2025-11-05,449476,0,0,0,315,315,0.07008160613692388,449465,449161,304
TSLA,2025-11-06,576016,0,0,0,980,980,0.17013416293991834,575845,575036,809
TSLA,2025-11-07,746053,143,0,62,139,344,0.0461093246726439,745887,745709,178
TSLA,2025-11-10,371971,0,0,0,44,44,0.011828879133050694,371954,371927,27
TSLA,2025-11-11,286697,0,0,0,76,76,0.02650882290362299,286684,286621,63
TSLA,2025-11-12,324463,2,0,0,205,207,0.0637977211577283,324455,324256,199
TSLA,2025-11-13,706078,1,0,0,293,294,0.041638459207056444,706049,705784,265
TSLA,2025-11-14,757730,41,0,15,116,172,0.022699378406556427,757663,757558,105
TSLA,2025-11-17,513553,0,0,0,284,284,0.05530101080122207,513481,513269,212
TSLA,2025-11-18,410230,0,0,0,227,227,0.05533481217853399,410170,410003,167
TSLA,2025-11-19,373645,0,0,0,265,265,0.0709229348713351,373596,373380,216
TSLA,2025-11-20,721694,0,0,0,1160,1160,0.16073294221650727,721390,720534,856
TSLA,2025-11-21,747193,70,0,51,385,506,0.06772012050434091,747028,746687,341
TSLA,2025-11-24,460303,0,0,0,332,332,0.07212640369495746,460050,459971,79
TSLA,2025-11-25,409932,1,0,0,111,112,0.027321604558804873,409861,409820,41
TSLA,2025-11-26,442788,0,0,0,138,138,0.03116615626439741,442721,442650,71
TSLA,2025-11-28,368227,2,0,90912,134,91048,24.726052136318085,367926,277179,90747
TSLA,2025-12-01,322613,0,0,0,196,196,0.06075390638318977,322456,322417,39
TSLA,2025-12-02,416294,0,0,0,178,178,0.04275824297251462,416164,416116,48
TSLA,2025-12-03,574010,0,0,0,285,285,0.049650702949425966,573836,573725,111
TSLA,2025-12-04,497238,0,0,0,404,404,0.0812488184732462,497082,496834,248
TSLA,2025-12-05,535237,2,0,91826,138,91966,17.1822949459772,535153,443271,91882
TSLA,2025-12-08,386116,0,0,0,153,153,0.03962539754892312,386032,385963,69
TSLA,2025-12-09,377307,0,0,0,201,201,0.0532722690011052,377202,377106,96
TSLA,2025-12-10,383200,0,0,0,330,330,0.0861169102296451,383065,382870,195
TSLA,2025-12-11,389440,0,0,0,380,380,0.0975760065735415,389286,389060,226
TSLA,2025-12-12,858643,43,0,19199,256,19498,2.270792401498644,858459,839145,19314
TSLA,2025-12-15,617505,6,0,0,451,457,0.07400749791499664,617193,617048,145
TSLA,2025-12-16,624684,0,0,0,657,657,0.10517317555756191,624339,624027,312
TSLA,2025-12-17,656213,0,0,0,709,709,0.10804418687225033,655835,655504,331
TSLA,2025-12-18,599366,0,0,0,965,965,0.16100346032307472,598851,598401,450
TSLA,2025-12-19,682522,92,0,47087,489,47668,6.984097215913919,682234,634854,47380
TSLA,2025-12-22,549340,0,0,0,136,136,0.024756981104598244,549245,549204,41
TSLA,2025-12-23,408001,0,0,0,94,94,0.023039159217747015,407953,407907,46
TSLA,2025-12-24,356402,1,0,0,87,88,0.024691219465659563,356385,356314,71
TSLA,2025-12-26,577609,52,0,261097,45,261194,45.219863263903434,577518,316415,261103
TSLA,2025-12-29,431229,0,0,0,134,134,0.031073976935688464,431139,431095,44
TSLA,2025-12-30,409295,0,0,0,283,283,0.06914328296216665,409082,409012,70
TSLA,2025-12-31,357265,0,0,0,505,505,0.1413516577330553,356864,356760,104
TSLA,2026-01-02,649934,39,0,0,3130,3169,0.4875879704708478,648572,646765,1807
TSLA,2026-01-05,409082,5,0,0,282,287,0.07015708342092783,408845,408795,50
TSLA,2026-01-06,547875,0,0,0,121,121,0.022085329682865616,547817,547754,63
TSLA,2026-01-07,372658,1,0,0,87,88,0.023614144872778794,372617,372570,47
TSLA,2026-01-08,419648,1,0,0,123,124,0.029548574043007474,419585,419524,61
TSLA,2026-01-09,596065,122,0,0,1681,1803,0.30248378951959937,595235,594262,973
TSLA,2026-01-12,352114,0,0,0,123,123,0.034931868656173856,352052,351991,61
TSLA,2026-01-13,295916,0,0,0,158,158,0.05339353059652063,295849,295758,91
TSLA,2026-01-14,340609,0,0,0,444,444,0.1303547469385718,340307,340165,142
TSLA,2026-01-15,315723,9,0,0,566,575,0.18212166994485673,315378,315148,230
TSLA,2026-01-16,472860,105,0,0,3444,3549,0.7505392716660322,470636,469311,1325
TSLA,2026-01-20,334755,1,0,0,39,40,0.011949037355678033,334743,334715,28
TSLA,2026-01-21,377749,6,0,0,86,92,0.0243547964389052,377733,377657,76
TSLA,2026-01-22,491292,0,0,0,133,133,0.02707147684065688,491242,491159,83
TSLA,2026-01-23,508735,66,0,0,1509,1575,0.3095914375853834,508025,507160,865
TSLA,2026-01-26,244406,0,0,0,32,32,0.01309296825773508,244396,244374,22
TSLA,2026-01-27,191842,0,0,0,33,33,0.017201655529029098,191830,191809,21
TSLA,2026-01-28,284610,0,0,0,56,56,0.01967604792523102,284603,284554,49
TSLA,2026-01-29,513294,1,0,0,146,147,0.028638558019380707,513239,513147,92
TSLA,2026-01-30,680498,136,0,0,3056,3192,0.4690682411998272,679137,677306,1831
TSLA,2026-02-02,438074,126,0,0,467,593,0.13536525792446025,437784,437481,303
TSLA,2026-02-03,409324,0,0,0,70,70,0.017101367132149593,409319,409254,65
TSLA,2026-02-04,561547,19,0,0,839,858,0.1527921972693292,561277,560689,588
TSLA,2026-02-05,441167,0,0,0,109,109,0.02470719704782996,441145,441058,87
TSLA,2026-02-06,505658,69,0,0,2097,2166,0.42835276016596197,504702,503492,1210
TSLA,2026-02-09,417165,43,0,0,1262,1305,0.31282586027111575,416231,415860,371
TSLA,2026-02-10,389232,2,0,0,23,25,0.006422904591606034,389223,389207,16
TSLA,2026-02-11,503102,42,0,0,718,760,0.15106280634940827,502804,502342,462
TSLA,2026-02-12,446613,1,0,0,149,150,0.033586124900081275,446590,446463,127
TSLA,2026-02-13,480702,17,0,0,1619,1636,0.34033559252925927,480116,479066,1050
TSLA,2026-02-17,397750,15,0,0,55,70,0.01759899434318039,397731,397680,51
TSLA,2026-02-18,404996,20,0,0,633,653,0.16123616035713934,404784,404343,441
TSLA,2026-02-19,360880,0,0,0,354,354,0.09809354910219463,360725,360526,199
TSLA,2026-02-20,492055,33,0,0,2379,2412,0.49018910487648737,490915,489643,1272
TSLA,2026-02-23,496115,58,0,0,1502,1560,0.3144432238493091,495079,494555,524
TSLA,2026-02-24,408644,0,0,0,34,34,0.00832020046788892,408618,408610,8
TSLA,2026-02-25,448609,17,0,0,1788,1805,0.4023548346109864,447941,446804,1137
TSLA,2026-02-26,361156,1,0,0,126,127,0.035164859506695165,361133,361029,104
TSLA,2026-02-27,494804,9,0,0,2541,2550,0.5153555751368218,493727,492254,1473
TSLA,2026-03-02,434635,6,0,0,599,605,0.1391972574689107,434412,434030,382
TSLA,2026-03-03,412912,0,0,0,26,26,0.006296741194249622,412904,412886,18
TSLA,2026-03-04,526480,24,0,0,699,723,0.13732715392797448,526185,525757,428
TSLA,2026-03-05,396905,0,0,0,93,93,0.023431299681283935,396899,396812,87
TSLA,2026-03-06,529489,11,0,0,1784,1795,0.33900609833254325,528719,527694,1025
TSLA,2026-03-09,538628,22,0,0,1031,1053,0.19549670644674988,538301,537575,726
TSLA,2026-03-10,439018,0,0,0,36,36,0.008200119357292868,439015,438982,33
TSLA,2026-03-11,579876,20,0,0,1028,1048,0.18072829363519097,579591,578828,763
TSLA,2026-03-12,425759,0,0,0,78,78,0.018320223412775772,425747,425681,66
TSLA,2026-03-13,528546,9,0,0,1805,1814,0.3432057001661161,527750,526732,1018
TSLA,2026-03-16,477996,10,0,0,649,659,0.13786726248755218,477686,477337,349
TSLA,2026-03-17,342030,0,0,0,34,34,0.009940648481127386,342017,341996,21
TSLA,2026-03-18,414569,6,0,0,641,647,0.15606569714571036,414299,413922,377
TSLA,2026-03-19,411309,3,0,0,377,380,0.09238796136238206,411227,410929,298
TSLA,2026-03-20,550756,46,0,0,3916,3962,0.7193748229706076,549049,546794,2255
TSLA,2026-03-23,536463,17,0,0,569,586,0.10923400122655244,536294,535877,417
TSLA,2026-03-24,426241,0,0,0,118,118,0.027683868984916985,426157,426123,34
TSLA,2026-03-25,490595,11,0,0,637,648,0.1320845096260663,490293,489947,346
TSLA,2026-03-26,378691,0,0,0,84,84,0.022181673184733727,378639,378607,32
TSLA,2026-03-27,530788,36,0,0,2100,2136,0.4024205520848248,529841,528652,1189
TSLA,2026-03-30,492943,16,0,0,1579,1595,0.32356682212750765,491867,491348,519
TSLA,2026-03-31,432972,0,0,0,122,122,0.02817734172186654,432885,432850,35
TSLA,2026-04-01,479456,13,0,0,2029,2042,0.42589935259961287,477732,477414,318
TSLA,2026-04-02,588709,33,0,0,1326,1359,0.2308441012452672,588133,587350,783
TSLA,2026-04-06,667324,21,0,0,1246,1267,0.1898627952838501,666699,666057,642
TSLA,2026-04-07,513516,0,0,0,97,97,0.01888938221983346,513464,513419,45
TSLA,2026-04-08,663328,202,0,0,1205,1407,0.21211225818901056,662571,661921,650
TSLA,2026-04-09,518921,0,0,0,63,63,0.012140576311230418,518894,518858,36
TSLA,2026-04-10,517982,20,0,0,1805,1825,0.35232884540389436,517171,516157,1014
TSLA,2026-04-13,530741,24,0,0,576,600,0.11304949118308176,530531,530141,390
TSLA,2026-04-14,479579,1,0,0,101,102,0.021268654382281125,479565,479477,88
TSLA,2026-04-15,1088538,41,0,0,2427,2468,0.22672612256071906,1087395,1086070,1325
TSLA,2026-04-16,539267,0,0,0,208,208,0.038570874909831306,539137,539059,78
TSLA,2026-04-17,914525,91,0,0,3565,3656,0.3997703725977967,912684,910869,1815
TSLA,2026-04-20,664241,18,0,0,1137,1155,0.17388267210244474,663840,663086,754
TSLA,2026-04-21,285478,0,0,0,56,56,0.019616222616103518,285456,285422,34
TSLA,2026-04-22,340187,0,0,0,192,192,0.056439546484727515,340112,339995,117
TSLA,2026-04-23,756857,1,0,0,208,209,0.027614199247678228,756822,756648,174
TSLA,2026-04-24,673075,17,0,0,2539,2556,0.3797496564275898,672043,670519,1524
TSLA,2026-04-27,759066,4,0,0,1559,1563,0.20591094845507504,758441,757503,938
TSLA,2026-04-28,482660,127,0,0,192,319,0.06609207309493224,482502,482341,161
TSLA,2026-04-29,556759,6,0,0,1955,1961,0.3522170274750835,555664,554798,866
TSLA,2026-04-30,516711,0,0,0,78,78,0.01509547890406823,516666,516633,33
TSLA,2026-05-01,853662,22,0,0,2523,2545,0.29812736188327466,852716,851117,1599
TSLA,2026-05-04,641269,12,0,0,1012,1024,0.15968337780245107,640959,640245,714
TSLA,2026-05-05,567670,0,0,0,22,22,0.0038754910423309317,567658,567648,10
TSLA,2026-05-06,668547,25,0,0,1067,1092,0.1633393015001189,668213,667455,758
TSLA,2026-05-07,673492,0,0,0,102,102,0.015144946042417727,673444,673390,54
TSLA,2026-05-08,864699,31,0,0,3864,3895,0.4504457620513034,863032,860804,2228
TSLA,2026-05-11,1044359,28,0,0,1887,1915,0.18336606473444478,1043567,1042444,1123
TSLA,2026-05-12,643088,0,0,0,245,245,0.03809742990072898,643062,642843,219
TSLA,2026-05-13,924901,8,0,0,2482,2490,0.26921800279165015,924091,922411,1680
TSLA,2026-05-14,546428,0,0,0,564,564,0.10321579421259526,546187,545864,323
TSLA,2026-05-15,699335,12,0,0,4551,4563,0.6524769960033461,697178,694772,2406
TSLA,2026-05-18,696787,45,0,0,1374,1419,0.20364903478394403,696174,695368,806
TSLA,2026-05-19,521452,1,0,0,196,197,0.03777912444481946,521425,521255,170
TSLA,2026-05-20,639551,68,0,0,2068,2136,0.3339843108680934,638726,637415,1311
TSLA,2026-05-21,516328,0,0,0,287,287,0.055584822051099304,516294,516041,253
TSLA,2026-05-22,760778,13,0,0,2532,2545,0.3345259720969849,759757,758233,1524
TSLA,2026-05-26,715406,23,0,0,1104,1127,0.1575329253598656,715027,714279,748
TSLA,2026-05-27,666062,8,0,0,1226,1234,0.18526803811056627,665504,664828,676
TSLA,2026-05-28,378007,0,0,0,206,206,0.05449634530577476,377983,377801,182
TSLA,2026-05-29,652411,17,0,0,2639,2656,0.4071053369731657,651243,649755,1488
TSLA,2026-06-01,562495,26,0,0,1343,1369,0.24337994115503248,561949,561126,823
TSLA,2026-06-02,417221,0,0,0,128,128,0.030679184413056868,417215,417093,122
TSLA,2026-06-03,667632,17,0,0,970,987,0.14783593356819325,667184,666645,539
TSLA,2026-06-04,429184,0,0,0,573,573,0.13350917089173875,429117,428611,506
TSLA,2026-06-05,804343,8,0,0,4270,4278,0.5318626506353633,802585,800065,2520
TSLA,2026-06-08,760681,35,0,0,1138,1173,0.15420393042550032,760136,759508,628
TSLA,2026-06-09,631136,0,0,0,135,135,0.021390001521066775,631120,631001,119
TSLA,2026-06-10,702765,27,0,0,3250,3277,0.46630096831800105,702063,699488,2575
TSLA,2026-06-11,454749,0,0,0,843,843,0.1853769881846909,454652,453906,746
TSLA,2026-06-12,780531,19,0,0,8540,8559,1.0965611871917964,776995,771972,5023
TSLA,2026-06-15,650314,33,0,0,1933,1966,0.30231549682153547,649504,648348,1156
TSLA,2026-06-16,483355,0,0,0,826,826,0.17088889118763642,483323,482529,794
TSLA,2026-06-17,655750,54,0,0,2827,2881,0.43934426229508194,654969,652869,2100
TSLA,2026-06-18,686705,95,0,0,4109,4204,0.6121988335602624,684559,682501,2058
TSLA,2026-06-22,725422,66,0,0,1867,1933,0.26646558830584127,724642,723489,1153
TSLA,2026-06-23,468465,0,0,0,294,294,0.06275815695943134,468382,468171,211
TSLA,2026-06-24,553876,8,0,0,1549,1557,0.2811098513024576,553398,552319,1079
TSLA,2026-06-25,356566,0,0,0,322,322,0.09030586202834819,356408,356244,164
TSLA,2026-06-26,678102,38,0,0,3502,3540,0.5220453560083881,676379,674562,1817
TSLA,2026-06-29,868118,29,0,0,2883,2912,0.33543826991261555,866829,865206,1623
TSLA,2026-06-30,561217,0,0,0,299,299,0.0532770746431416,561195,560918,277
TSLA,2026-07-01,659654,18,0,0,3492,3510,0.5320971297073921,658769,656144,2625
TSLA,2026-07-02,955100,20,0,0,3600,3620,0.37901790388441003,953944,951480,2464
TSLA,2026-07-06,996973,57,0,0,1989,2046,0.20522120458628268,995998,994927,1071
TSLA,2026-07-07,508142,1,0,0,181,182,0.035816759882080204,508131,507960,171
TSLA,2026-07-08,613466,17,0,0,1162,1179,0.19218669005291247,613048,612287,761
TSLA,2026-07-09,574681,1,0,0,47,48,0.008352459886441347,574670,574633,37
TSLA,2026-07-10,751408,19,0,0,2562,2581,0.34348849093967593,750697,748827,1870
TSLA,2026-07-13,571710,21,0,0,1175,1196,0.20919697049203267,571296,570514,782
TSLA,2026-07-14,347869,0,0,0,127,127,0.036507995826014966,347867,347742,125
TSLA,2026-07-15,613806,18,0,0,638,656,0.10687415893621112,613533,613150,383
TSLA,2026-07-16,467939,0,0,0,468,468,0.10001303588715624,467746,467471,275
TSLA,2026-07-17,533082,38,0,0,2956,2994,0.5616396726957579,531512,530088,1424
TSLA,2026-07-20,541831,35,0,0,1133,1168,0.21556537001389733,541343,540663,680
TSLA,2026-07-21,250163,0,0,0,181,181,0.07235282595747572,250150,249982,168
TSLA,2026-07-22,224500,0,0,0,120,120,0.053452115812917596,224490,224380,110
TSLA,2026-07-23,783653,63,0,0,377,440,0.05614729988910908,783507,783213,294
TSLA,2026-07-24,771365,47,0,0,5944,5991,0.7766751148937273,769030,765374,3656
TSLA,2026-07-27,555299,41,0,0,3016,3057,0.5505142274702458,553753,552242,1511
TSLA,2026-07-28,397380,1,0,0,440,441,0.11097689868639589,397373,396939,434
TSLA,2026-07-29,490695,59,0,0,2424,2483,0.5060169759219066,489660,488212,1448
TSLA,2026-07-30,389229,0,0,0,454,454,0.11664084639119901,389195,388775,420
TSLA,2026-07-31,572049,34,0,0,2458,2492,0.4356270179652442,570590,569557,1033
TSLA,2026-08-03,651929,23,0,0,2143,2166,0.3322447689855797,650515,649763,752
TSLA,2026-08-04,413175,0,0,0,379,379,0.09172868639196466,413124,412796,328
TSLA,2026-08-05,423230,22,0,0,3729,3751,0.886279328024951,420445,419479,966
TSLA,2026-08-06,305531,0,0,0,1226,1226,0.4012686110411055,305108,304305,803
TSLA,2026-08-07,707181,52,0,0,3493,3545,0.5012860922451253,704713,703636,1077
TSLA,2026-08-10,424312,63,0,0,4015,4078,0.9610852391636343,420781,420234,547
TSLA,2026-08-11,360593,0,0,0,1042,1042,0.28896844919341197,360478,359551,927
TSLA,2026-08-12,488170,9,0,0,1978,1987,0.4070303377921626,487126,486183,943
TSLA,2026-08-13,471775,0,0,0,393,393,0.08330242170526204,471664,471382,282
TSLA,2026-08-14,936377,124,0,0,2567,2691,0.2873842480112177,935085,933686,1399
TSLA,2026-08-17,457204,244,0,0,2331,2575,0.5632059212080385,455590,454629,961
TSLA,2026-08-18,383755,0,0,0,499,499,0.1300308790764941,383447,383256,191
TSLA,2026-08-19,623748,184,0,0,2604,2788,0.44697538108338625,622567,620960,1607
TSLA,2026-08-20,405235,2,0,0,289,291,0.07181018421409799,405052,404944,108
TSLA,2026-08-21,1046814,87,0,0,3547,3634,0.3471485860907477,1045154,1043180,1974
TSLA,2026-08-24,645450,13,0,0,2896,2909,0.4506933147416531,643587,642541,1046
TSLA,2026-08-25,493033,0,0,0,555,555,0.1125685298955648,492646,492478,168
TSLA,2026-08-26,575313,8,0,0,1621,1629,0.2831502156217572,574503,573684,819
TSLA,2026-08-27,424389,0,0,0,321,321,0.07563815273251663,424341,424068,273
TSLA,2026-08-28,582589,64,0,0,1961,2025,0.34758637736036896,581583,580564,1019
TSLA,2026-08-31,994063,14,0,0,2282,2296,0.23097127646839286,993103,991767,1336
TSLA,2026-09-01,452672,1,0,0,113,114,0.02518379753994062,452618,452558,60
TSLA,2026-09-02,651558,47,0,0,1594,1641,0.25185785455784443,651032,649917,1115
TSLA,2026-09-03,733930,0,0,0,203,203,0.027659313558513754,733914,733727,187
TSLA,2026-09-04,815154,73,0,0,4587,4660,0.5716711198129433,813637,810494,3143
