session_date,forecast__log_ridge_harq__B0,loss__log_ridge_harq__B0,forecast__log_ridge_harq__B1,loss__log_ridge_harq__B1,forecast__log_ridge_harq__B2,loss__log_ridge_harq__B2,forecast__lightgbm_qlike__B0,loss__lightgbm_qlike__B0,forecast__lightgbm_qlike__B1,loss__lightgbm_qlike__B1,forecast__lightgbm_qlike__B2,loss__lightgbm_qlike__B2,actual
2024-10-28,1.0180974943494034e-05,0.0868402043015784,1.0521118433313559e-05,0.10395262904486223,1.0231064179686553e-05,0.0962521947457325,9.80941719713566e-06,0.09147618648585128,1.1036843058943009e-05,0.13916617538191117,1.1110974345563223e-05,0.13611944855636615,9.263764932669404e-06
2024-10-29,8.56374864032304e-06,0.07577484847261955,8.609745671704239e-06,0.09328250604555864,9.214007953918023e-06,0.09279360019260853,8.768897651054523e-06,0.08538728764027559,8.743428700209274e-06,0.09118766820799912,8.820156423102825e-06,0.09858979641526078,8.747729955858345e-06
2024-10-30,1.0970100093719967e-05,0.14802150684021706,1.1616457726898244e-05,0.1551177196403993,1.1807296271236743e-05,0.14658390469553598,1.0658029568923013e-05,0.1489381586702161,1.086439651167484e-05,0.1599489252097104,1.0925527861844141e-05,0.1679645088171471,1.0787520757461172e-05
2024-10-31,1.8491944883653236e-05,0.0831027077562051,1.842935060613616e-05,0.08333882240384556,1.827255636114685e-05,0.08423032736487202,1.6164629070507064e-05,0.08642764242834326,1.680512499694559e-05,0.08224184799442401,1.7049761897618907e-05,0.0808414201339328,1.697469671427e-05
2024-11-01,1.651501718990382e-05,0.07840245189110345,1.3967074598466392e-05,0.07454884063135199,1.3494157943490435e-05,0.07986820992078641,1.5042024060020377e-05,0.06935323528191108,1.3400484958725876e-05,0.07167491102104057,1.2832965814372834e-05,0.0806486889281381,1.4755165663755705e-05
2024-11-04,1.197731225249472e-05,0.08968365618475975,1.1290505912340938e-05,0.08411374716577673,1.1171096032950396e-05,0.08380077417488489,1.1541022800032041e-05,0.09100432958759043,1.180354719419839e-05,0.09321160485175306,1.1659783070231095e-05,0.08911174683323175,1.1223898745333844e-05
2024-11-05,9.209370848229517e-06,0.07952834300212978,9.172166749958657e-06,0.07567401688098256,9.138804601874565e-06,0.07403181324163197,9.07365023925396e-06,0.08309838657705647,9.317581630569976e-06,0.08806559942969416,9.593027126766538e-06,0.08891614766769833,8.009038270878388e-06
2024-11-06,1.8452776849187262e-05,0.10523619465683526,1.8462721256211782e-05,0.10632821887531747,1.8121345687701142e-05,0.10583127802940828,1.5461144441854006e-05,0.10945422524658406,1.5934418470362556e-05,0.09816074750443125,1.4893468933097046e-05,0.0967972614862345,1.5020666053838904e-05
2024-11-07,1.2239497088509082e-05,0.08924716853596944,1.2623167250020419e-05,0.08720505241150915,1.2351038247587786e-05,0.0858580326414801,1.202564285606996e-05,0.09589856631621717,1.1944460348244421e-05,0.08712410206686362,1.233232201234548e-05,0.09264978736925365,1.1066497796448899e-05
2024-11-08,1.4671041583899858e-05,0.14065857227332784,1.4616128516698137e-05,0.12984013089869448,1.4630071107949221e-05,0.12135237071192534,1.4246510252299708e-05,0.14409313323581954,1.4293019121066379e-05,0.14066137801849912,1.4494331411997175e-05,0.12780946862951348,2.205064030447887e-05
2024-11-11,2.654064474274205e-05,0.14292212399808937,2.821991534843981e-05,0.12377492740357103,2.6598428940581047e-05,0.12695862815864375,2.245690948917507e-05,0.14971846482132498,2.205471453015099e-05,0.14465150433034413,2.135476696193485e-05,0.14795297953531497,3.430320049865374e-05
2024-11-12,2.191520494769556e-05,0.10397821502141004,2.3207797467446462e-05,0.10569808709943342,2.2545230519421936e-05,0.10341413479462713,2.2402368715187468e-05,0.12037428696151314,2.229446759858625e-05,0.1252333167057981,2.1708154411580384e-05,0.12325500488230269,2.533341667147701e-05
2024-11-13,2.1130236173218426e-05,0.06658531330329572,2.3906807718949208e-05,0.06976620519938424,2.3168417092834587e-05,0.06742742248342072,1.985797452535672e-05,0.08995610009591758,1.9735845331350302e-05,0.08639039670090966,1.9001339977462632e-05,0.08814404244400775,2.2944693496709307e-05
2024-11-14,1.9779972623128086e-05,0.7855105178179113,2.118412151249778e-05,0.8381350607026392,2.100441616120721e-05,0.7443987364516852,1.94759221266459e-05,0.7971694296062322,2.0057462448788384e-05,0.7667286607097363,2.04011341187135e-05,0.7827043628760899,2.4882929838217965e-05
2024-11-15,2.400735545432464e-05,0.12807507552537345,2.4058687812330345e-05,0.13835557578964533,2.4197576880040562e-05,0.15143554551481989,2.0888156162626715e-05,0.14071303927202114,2.2095821588657575e-05,0.1375181430149778,2.0803635862201702e-05,0.14631333371463134,2.4765028802992964e-05
2024-11-18,1.7009014333291257e-05,0.09428662655569618,1.818825329503677e-05,0.09013488600399681,1.818961320077761e-05,0.09298106876897592,1.740026828910299e-05,0.08566998612903702,1.7246863277029716e-05,0.09014896287137503,1.7411258629501885e-05,0.08756495049270739,1.5687425490335e-05
2024-11-19,1.4193550499912187e-05,0.08230171264034461,1.558701959663729e-05,0.08780884206059582,1.556548267209862e-05,0.08939020840351643,1.2865071658034773e-05,0.07720748480457618,1.4010913799785552e-05,0.07657215083553569,1.4189718716514384e-05,0.07809823137480902,1.2469963269582508e-05
2024-11-20,1.4703741489468016e-05,0.08071217380528171,1.632251069650816e-05,0.08185824751107389,1.627087558823499e-05,0.0784036579983051,1.4640597079847604e-05,0.08343497765985418,1.5236248618840204e-05,0.08318745914238135,1.5566537046346687e-05,0.0823514613849234,1.5187027565462564e-05
2024-11-21,2.7295119214779953e-05,0.10019213173111574,2.848813142958433e-05,0.10268277942029118,2.8027433357563587e-05,0.10384967682536927,2.3838807550889963e-05,0.12076362960233424,2.341223868581059e-05,0.1263105014091866,2.3061519870247177e-05,0.1181092280019647,2.7367635820429185e-05
2024-11-22,1.8816596174552854e-05,0.12043840663860715,1.9107246032156123e-05,0.10905408083757857,1.9508592637702842e-05,0.1169858880345266,1.7002693723849383e-05,0.09697737443622834,1.6032977823713196e-05,0.09925359832982876,1.6353794250759374e-05,0.09962412459835747,1.770838050234051e-05
2024-11-25,1.8665402383787204e-05,0.1848939988416566,1.8289363794702198e-05,0.19045076943707553,1.821009823601782e-05,0.1949159759463951,1.7154552656316946e-05,0.16329278429046007,1.6240558080577e-05,0.15633689444768736,1.6634344889778036e-05,0.15720002352048218,1.6683812121887337e-05
2024-11-26,1.6539751867447258e-05,0.10020081024790677,1.4597282453533635e-05,0.10148565134175674,1.6103124609124483e-05,0.09643065028494223,1.4460370826192306e-05,0.0930950390623711,1.3914805404034077e-05,0.09505770837287499,1.3874376718693612e-05,0.09142631140592745,1.286857128922275e-05
2024-11-27,1.4194329817299826e-05,0.0918999214902209,1.4099686380041891e-05,0.10369969224530845,1.4860088019074204e-05,0.09007591160869509,1.4889697673718267e-05,0.11041631101653926,1.3772013713102658e-05,0.1017164503798726,1.3710187367054947e-05,0.10082134838925923,1.507563702936006e-05
2024-11-29,1.1537542593238572e-05,0.07018457213814121,1.1323374855443086e-05,0.05735151736408251,1.1188924158548092e-05,0.06318929477038693,1.1301299994722583e-05,0.07347591825441628,1.1840027158869285e-05,0.07341078494670225,1.1453331534055533e-05,0.06973348897299977,9.907159728951711e-06
2024-12-02,1.0764437101039798e-05,0.0848623616177646,1.0742830477718942e-05,0.08477257687704128,1.1252184903217364e-05,0.09104407114648476,1.0106195910772681e-05,0.09131953938695321,1.0903670619025391e-05,0.09100819747509685,1.1154139502817247e-05,0.08909499811973366,1.0492266661710629e-05
2024-12-03,1.0541569610333986e-05,0.19917253824022427,1.0836313769440152e-05,0.19703373047965786,1.0891462882087899e-05,0.20557275907822206,1.0643410103759757e-05,0.21008650607226872,1.0562990381052101e-05,0.21267999530490014,1.0827800900396013e-05,0.22106801084744124,1.0412121500479038e-05
2024-12-04,1.0076698334551059e-05,0.10476728400273201,1.0750789888640663e-05,0.1075593605308973,1.0878999342438486e-05,0.10844020912373177,1.0211620857238046e-05,0.11458513275530535,1.0526365203656737e-05,0.1147875873002522,1.0855978193746153e-05,0.11785645116029257,9.184892932656605e-06
2024-12-05,1.1101592084204298e-05,0.10583756892558693,1.2117344389667606e-05,0.10471776867705006,1.2082647056101256e-05,0.11075399662531667,1.1721391989086147e-05,0.10956871030626847,1.2285437949374848e-05,0.12305633477858742,1.2617793696537045e-05,0.11245935971918608,1.0866031433026492e-05
2024-12-06,1.0578050322958682e-05,0.09518574910037443,1.0328758948611827e-05,0.10174920596530489,1.0455734781457344e-05,0.0924679569922943,1.0205817220474404e-05,0.10987545685324489,1.0331086154690937e-05,0.0991464608557187,1.061337396101502e-05,0.10062354105429688,1.0308444292138395e-05
2024-12-09,1.7317568291704392e-05,0.10707752920497283,1.750973870875448e-05,0.11294621688546345,1.7266454928180766e-05,0.1032776338694068,1.611714182569025e-05,0.11038970836282246,1.749868155680901e-05,0.1150607281650234,1.666637615353962e-05,0.10917207165111222,1.9841741723907383e-05
2024-12-10,1.636750770493024e-05,0.10920970931652163,1.763233816041208e-05,0.10921444244828382,1.715387400121428e-05,0.10814275984590695,1.5869356937983517e-05,0.1402909097533275,1.7048900838648977e-05,0.12944909801446652,1.6652465247089497e-05,0.11571174382807214,1.7578690401359417e-05
2024-12-11,1.5529426164697176e-05,0.08316021882457592,1.682878374183654e-05,0.09736088554286904,1.5231634157691505e-05,0.08317044662983213,1.4034522145249614e-05,0.0817892141976631,1.5077076027339304e-05,0.08829123819815593,1.4851723236004103e-05,0.0874996393028462,1.2250558686186215e-05
2024-12-12,1.4636525830631155e-05,0.06574869151013348,1.5973698385981263e-05,0.07218485931853684,1.5742375399600646e-05,0.07477400883255918,1.4092154863083816e-05,0.06259223578498842,1.4711410503130847e-05,0.09098035592177384,1.4923751124331738e-05,0.08982674454806429,1.274656368307537e-05
2024-12-13,1.5217467515842115e-05,0.08293676077947672,1.5704133805839385e-05,0.08108271980540145,1.6229405791907644e-05,0.07866230484125275,1.428009498676222e-05,0.09272861861311026,1.3814301949498626e-05,0.0940008010618562,1.5542708759921438e-05,0.07773726321497573,1.7797523544459056e-05
2024-12-16,1.6010772973392847e-05,0.08853206618418656,1.622526338796261e-05,0.08960862982320256,1.6165225068188813e-05,0.09181318856341521,1.5708573185926487e-05,0.09713495494057998,1.532702834131931e-05,0.0906229240041826,1.562122101972082e-05,0.09417658755590079,1.6971573039337885e-05
2024-12-17,2.6941915175395483e-05,0.10286059863613665,2.823106981990692e-05,0.11021146700653994,2.7463486008120028e-05,0.1113772556844574,2.4771601476185082e-05,0.09924946470371639,2.3553387340916743e-05,0.10807027354939636,2.313853494382759e-05,0.10786067130248866,3.0041065821956158e-05
2024-12-18,2.6297305873412447e-05,0.6105646973294904,2.7670988013159823e-05,0.5667962742282987,2.7721931465500134e-05,0.5624903438252519,2.4620692062575705e-05,0.589931226613312,2.4802407446797385e-05,0.5826591295848841,2.4276283379588346e-05,0.5967773839370842,5.8009732306876603e-05
2024-12-19,3.953436813813774e-05,0.1027034012081391,3.928138660386563e-05,0.11365302798273964,3.9669610152046796e-05,0.10722156531244338,3.615414745816487e-05,0.12423683874001812,3.690505391735728e-05,0.11599253378286432,3.6886242098311795e-05,0.12803841818085368,4.445367988433463e-05
2024-12-20,2.9674556746261277e-05,0.10189708436586466,2.885727659276437e-05,0.10259896670308298,2.9132378988610532e-05,0.10091032447246606,2.615144651896289e-05,0.09934097166305854,2.741817864062669e-05,0.09940221427449207,2.7583054153407412e-05,0.10282092792632491,2.801764938551501e-05
2024-12-23,2.454313853418683e-05,0.10411122241111952,2.254952889360131e-05,0.09434579349623584,2.315959133200272e-05,0.0927950676181253,1.973058950346193e-05,0.1004607746618328,1.9422609023668032e-05,0.10063135891386861,1.9651258625542798e-05,0.09831847871126599,1.720139546519487e-05
2024-12-24,1.6458330003142834e-05,0.16106843537910162,1.6796413263058448e-05,0.16470225726121399,1.701447675263776e-05,0.16371879458938735,1.3585742331503912e-05,0.11203555713521378,1.3539861181169765e-05,0.11701151149910068,1.3567995742565061e-05,0.12770701434748458,1.2139475627774931e-05
2024-12-26,1.2629141482423839e-05,0.09351544806973085,1.2897530584439452e-05,0.09652226688166508,1.3208091319759737e-05,0.10236850185934214,1.171600149605611e-05,0.09969696768245385,1.17040765002573e-05,0.09408032609555544,1.228612639150019e-05,0.11174640761541112,9.43432384225295e-06
2024-12-27,1.8353917030094163e-05,0.05044861575992612,1.726509679265177e-05,0.04799666701047097,1.7692740480084817e-05,0.050148283789903964,1.6393319520549945e-05,0.05967859619598063,1.628866973968977e-05,0.054808908673677735,1.611547659587917e-05,0.05947901136847624,1.6323558452025565e-05
2024-12-30,1.6698713017324767e-05,0.08698808937362694,1.571666241248566e-05,0.08831765446674567,1.5498420779548137e-05,0.08585461204563716,1.3766576084936168e-05,0.08829405253911847,1.4695170323231504e-05,0.10525123357461448,1.44929419887555e-05,0.10083514418357879,1.4472303909001963e-05
2024-12-31,1.634098150871239e-05,0.11011969050976193,1.5671477789383767e-05,0.11643549615145021,1.5542070186074283e-05,0.1180258801809686,1.4339540470178065e-05,0.1283307581769527,1.4347061926248746e-05,0.13577130958408337,1.4705760393050538e-05,0.13607917626074506,1.804543136600964e-05
2025-01-02,3.0143291084799303e-05,0.09532016863207578,2.8705039223146558e-05,0.10950587825889276,2.8557755586705048e-05,0.11580481070543917,2.6474717424476994e-05,0.12924387170558982,2.4781087649971827e-05,0.15261381337486102,2.6307661495676202e-05,0.14107808339865732,3.229245019088403e-05
2025-01-03,1.938163095255658e-05,0.12164323310991315,1.796348218168112e-05,0.10177818221473217,1.8062931275721426e-05,0.1021230861490115,1.8069153541941595e-05,0.09907810861951072,1.6343685713405168e-05,0.08372731461907627,1.703771395834509e-05,0.0843079249897335,1.3754097248535062e-05
2025-01-06,1.8964301284036802e-05,0.11910651938006533,1.7947199510531274e-05,0.11832745873170314,1.7870662111569205e-05,0.12185993652252931,1.7315093482013684e-05,0.10844473541308645,1.6807450102848053e-05,0.10784452780487719,1.7438601110366796e-05,0.10879089087514515,1.9167374510611963e-05
2025-01-07,2.834560673210653e-05,0.08981522350344257,2.788610000705334e-05,0.08958184369023425,2.894239946548999e-05,0.0896081955515875,2.2585398831064825e-05,0.0934881235484785,2.2039800096151144e-05,0.09148016077889089,2.2385214394921233e-05,0.09172712248412396,2.4243165702851452e-05
2025-01-08,2.6337744221451967e-05,0.09322572169983324,2.6326397359340793e-05,0.09560015682304579,2.63578379633523e-05,0.0956206813619075,2.3619527179781087e-05,0.08981198317561005,2.1648245145350664e-05,0.0966170525560523,2.115478327145275e-05,0.09597424946463136,2.4788753063224677e-05
2025-01-10,2.9367211276302868e-05,0.07812477162961706,2.7631255937555495e-05,0.07986833918862866,2.8568957780761336e-05,0.0780004762609798,2.340679983687987e-05,0.08666545107046773,2.2158446445729032e-05,0.09222443048031924,2.221516645675367e-05,0.09245253416119666,2.6317776500391542e-05
2025-01-13,1.995436551506578e-05,0.05392258090232301,1.8434645408014325e-05,0.052030609575993224,1.8467418135155014e-05,0.05190283702970259,1.7815432095695434e-05,0.055989889506192846,1.747349227565592e-05,0.0570110121901119,1.7516716696707833e-05,0.0591198588799956,1.852248092677608e-05
2025-01-14,2.3262965378263733e-05,0.11797317066434959,2.289671302066719e-05,0.11930896221165192,2.2407748113869533e-05,0.12106649373414134,2.0879482564197177e-05,0.14550418301713824,1.9706564889803985e-05,0.1415801512182743,1.9366837509289287e-05,0.14586795406435046,2.442113078900471e-05
2025-01-15,1.695250742153596e-05,0.08895954818147656,1.6736577925862772e-05,0.08725139616502701,1.678088058194264e-05,0.08809080457381398,1.5190509405210832e-05,0.10175456575367325,1.458379507614055e-05,0.0948136186802398,1.4826357691179568e-05,0.09225466581645791,1.4097358526633145e-05
2025-01-16,1.596319816611129e-05,0.09404948038678207,1.5272037400371685e-05,0.09937046290945299,1.5287911288302022e-05,0.09450302393191935,1.5013868720562332e-05,0.08849226048384774,1.472059819418118e-05,0.09248704272599119,1.480232536073623e-05,0.08712887093233089,1.5143760983587982e-05
2025-01-17,1.6306760509162955e-05,0.14862849504167558,1.4344855913301651e-05,0.14389568066997385,1.4253101041163528e-05,0.13526539859262832,1.4746824588966894e-05,0.15212209711880156,1.4737877233855873e-05,0.13999177499880222,1.518901237503148e-05,0.13062977777539936,1.6478834178628178e-05
2025-01-21,1.9542562807318175e-05,0.13109535586023935,1.8955311308313408e-05,0.1341891518467094,1.9208412747659662e-05,0.13045928732382434,1.7268329878365304e-05,0.1311724319123419,1.7247174046656166e-05,0.13143705080178572,1.7093926498307318e-05,0.1258206519528389,1.642780808683426e-05
2025-01-22,1.4911071797140785e-05,0.11820334633796648,1.52208540839847e-05,0.11847152894016984,1.5262748126281045e-05,0.12020381667148165,1.4131304534278656e-05,0.1250112747763157,1.4096811160400629e-05,0.11790998836026106,1.4166206671390992e-05,0.11711826992568654,1.1803694544172016e-05
2025-01-23,1.0531464671778221e-05,0.08327750735801322,1.0806602055635153e-05,0.08455436778338175,1.0786214101506001e-05,0.0837730554494384,1.0224139112163084e-05,0.08754515789430566,1.0284470975428625e-05,0.0907592182916543,1.0497124272079633e-05,0.09592321996097364,8.909751032483576e-06
2025-01-24,1.3186485530335357e-05,0.18149823852312585,1.2866310260541515e-05,0.18315386928778823,1.2792124476897842e-05,0.17787664068763184,1.2423562547290468e-05,0.16917281693511077,1.2877191744156347e-05,0.15956024308954206,1.2941888740594117e-05,0.15769056865370332,1.189764045446521e-05
2025-02-25,3.520083257632884e-05,0.06996775027759226,3.38762509906288e-05,0.0766311962892257,3.423038464944446e-05,0.07626768180210823,3.131592877040465e-05,0.09685123407023798,3.0439230960848483e-05,0.10264306304664648,2.9997061175939315e-05,0.10739598881454086,4.2710707294968074e-05
2025-02-26,2.873582258141683e-05,0.08849573687088841,2.8829791426305704e-05,0.08825294695072082,3.0200391558977427e-05,0.08535255904768328,2.951273173162702e-05,0.0825347844027398,2.7360221135595416e-05,0.0863133884253358,2.797188619139726e-05,0.08421763806518541,3.28293149532682e-05
2025-02-27,4.1136759383499436e-05,0.07451174654386847,4.0888408701856916e-05,0.0750264250003387,4.2820595336902274e-05,0.07073979925537045,3.834425407938043e-05,0.08235306599799962,3.4100716923220275e-05,0.0870405145153199,3.442799289176082e-05,0.08064146347097632,3.983616165730263e-05
2025-02-28,4.287062512115285e-05,0.09604340590382282,4.204607413654379e-05,0.10752826301666905,4.348962403928609e-05,0.1050343494395629,4.268474194776806e-05,0.09978103200667286,3.8473525227028044e-05,0.10995209739715799,3.68534903964605e-05,0.11399895465186223,4.844780257984651e-05
2025-03-03,4.341925107843303e-05,0.17905165805938913,4.212946789563699e-05,0.19052639087489745,4.38749760200081e-05,0.1686187372779718,4.2338906242240654e-05,0.17828344503684976,4.062479058933007e-05,0.18999511010504597,3.9870138894458254e-05,0.19421700132898054,4.897732480813526e-05
2025-03-04,5.8045771183327596e-05,0.1104835309453871,6.0845197970205575e-05,0.10479846327900326,6.425344340014215e-05,0.08441712838984422,5.2200854606111384e-05,0.10999979218716488,5.4825699922325845e-05,0.107281177598612,5.0558310421358946e-05,0.11846303168086775,6.996887261968836e-05
2025-03-05,5.024741683583687e-05,0.10213661859253137,5.3149433755163794e-05,0.09963670840057,5.5782180952768146e-05,0.08417448533242694,4.93217589401027e-05,0.09528845915377122,4.853051599466707e-05,0.09130380608259764,4.5461414100280444e-05,0.09398018440513352,4.962947612510908e-05
2025-03-06,3.776608885582654e-05,0.11107305011513578,3.8944287659988364e-05,0.10558224257825737,4.061190749787398e-05,0.09561879544372498,4.098168195645329e-05,0.11691601018650277,3.996270159348845e-05,0.10723048488209362,4.0022070689318654e-05,0.10499953514098924,4.506631091504413e-05
2025-03-07,4.6651399492640375e-05,0.11193116297896073,4.8051137583358224e-05,0.11120059463074082,4.973146375025392e-05,0.09923257273887652,4.4412701692923466e-05,0.11673641757073668,4.5737141568401275e-05,0.10860704994945185,4.465329190783887e-05,0.10562433106618324,5.479215993276005e-05
2025-03-10,5.035370232551624e-05,0.10718763921667536,5.627022924044965e-05,0.08856989533791232,5.9491548052175606e-05,0.07349004200532981,5.0905290537625406e-05,0.08887807028206655,5.391655415598029e-05,0.08248631875969624,5.405009596009036e-05,0.08018993708577746,6.389005182446995e-05
2025-03-11,7.71542802572873e-05,0.06972956054591352,8.683492038616495e-05,0.06383062398145938,8.853276863833423e-05,0.058901164022979506,6.459276308670496e-05,0.1145997463619806,6.896766424691009e-05,0.09056641480638901,6.6319535372312e-05,0.09438005273529697,9.406809900827922e-05
2025-03-12,4.347027070584367e-05,0.08978964238924773,4.982223408953271e-05,0.08761966646758867,5.4153408614179556e-05,0.09089521431185817,4.4042809279431517e-05,0.09519342961425988,4.7788345239295746e-05,0.08838484358100966,4.805104604063866e-05,0.09005918791322425,4.509354218460137e-05
2025-03-13,3.956421047033678e-05,0.04524449897445915,4.361940783114285e-05,0.050645336038645905,4.394884565824147e-05,0.05279284053940233,3.8052716211479474e-05,0.04127833020022917,4.1370177633598794e-05,0.046030804628117254,4.093148224198505e-05,0.04929972319159728,3.865612345409136e-05
2025-03-14,2.4823679357614996e-05,0.06009502005959506,2.6926558159067867e-05,0.06644794672200095,2.693845824157223e-05,0.06759008619625347,2.284702289263333e-05,0.0475538871259353,2.581246532090376e-05,0.0538197864711542,2.603770574375312e-05,0.058317555816675165,2.125097255008638e-05
2025-03-17,2.35157764920302e-05,0.05583339468568984,2.4251633074517483e-05,0.05672936489887646,2.5486986442144432e-05,0.06368273380625954,2.2054151942742218e-05,0.052405481893213146,2.4026819906118883e-05,0.053875825374758934,2.3847831990395774e-05,0.05622783795021574,2.110019241225309e-05
2025-03-18,2.751143081997829e-05,0.0872409594764479,2.923119725054294e-05,0.0879292479409879,3.0182299015823773e-05,0.0858463565693941,2.5978521523806892e-05,0.08945421477841657,2.9137019033976996e-05,0.08529038019304341,2.8875383405392393e-05,0.08606741304677785,2.8404040679798297e-05
2025-03-19,2.224201346626065e-05,0.2870135755807668,2.404631947746315e-05,0.2727912131226501,2.515666380588472e-05,0.263716508829654,2.3926803308006998e-05,0.22696931510543986,2.545912026351806e-05,0.2055801490699859,2.5385350262003028e-05,0.20343174293451086,2.7747416841527706e-05
2025-03-20,2.3923482162064965e-05,0.06244118509848706,2.533288691836204e-05,0.06028963082994885,2.5747730414355866e-05,0.06007772941837756,2.3352235620443637e-05,0.06478980072723346,2.4773217738958433e-05,0.05584738728717237,2.451745601716673e-05,0.05678937484254796,2.398529004643974e-05
2025-03-21,2.1286474180823187e-05,0.10364865151304765,2.23388354086193e-05,0.10476254247065808,2.1942834431816928e-05,0.10894287991278451,1.951225719075612e-05,0.08091246113913692,2.1044864110407916e-05,0.07401067925611049,2.1031708463361767e-05,0.07300053022930324,1.990852611245745e-05
2025-03-24,1.6908900438576553e-05,0.09417370583247109,1.7184097787996284e-05,0.09080165672117256,1.6788843150283183e-05,0.08787486408894568,1.6409220766037932e-05,0.08552941041645774,1.7037216053836947e-05,0.09107516392052577,1.634512685116321e-05,0.08597002918606354,1.358571543943522e-05
2025-03-25,1.5975898110686222e-05,0.21959847358279627,1.6577414849328572e-05,0.21907886759631942,1.5837043756575526e-05,0.22952496206201656,1.5165706244207026e-05,0.21745466747738562,1.4999428243670299e-05,0.20542621077327372,1.5198704271964368e-05,0.20037017531994547,1.5353967054842194e-05
2025-03-26,2.100054137132535e-05,0.06227503989252197,2.2651226159352893e-05,0.058261109416408746,2.2130990971460242e-05,0.057507935777520745,2.1037952176604445e-05,0.06347311479633037,2.0749766720460143e-05,0.05754775592790331,2.089619628945248e-05,0.057865894861169415,2.2199427132823792e-05
2025-03-27,2.644222861101249e-05,0.07352714992612992,2.7430623578758403e-05,0.07159752499004958,2.6793612433084334e-05,0.07248156296002921,2.7024852314278874e-05,0.06510232836589903,2.6146223173332062e-05,0.06843278382219346,2.586249243359263e-05,0.06883735579974261,3.207449356445621e-05
2025-03-28,2.9220018655228632e-05,0.07310334563637894,3.137849968513739e-05,0.07320341288518412,3.188844594220077e-05,0.07514610687310658,2.7539870663459262e-05,0.08243015600779634,3.053370027162905e-05,0.0739425251791149,2.9394963416819236e-05,0.07526522776137479,2.8210863723175216e-05
2025-03-31,3.41692751144007e-05,0.1659445500184007,3.5865914556946446e-05,0.1616685245433602,3.746336975761168e-05,0.1500359266947834,3.362853220086957e-05,0.13126505619511328,3.749343455333598e-05,0.10914058737254738,3.672868221794809e-05,0.10730332201513605,4.055052084748357e-05
2025-04-01,3.401934595192165e-05,0.05985931864729411,3.5454094179358156e-05,0.05983112358193266,3.3800680726426245e-05,0.05318073456561398,3.443958268054521e-05,0.05250174686368388,3.8766405628661784e-05,0.06799408704918818,3.584436658447586e-05,0.056847938682196834,3.134864117282091e-05
2025-04-02,4.3672878720430124e-05,0.3247810038808701,4.775269982209526e-05,0.2988106645718114,4.462451918898574e-05,0.2980780595214039,4.036234538435984e-05,0.3559593564268078,4.198527330890912e-05,0.2951804592115345,3.979387172500247e-05,0.30600359105082064,5.937993059733585e-05
2025-04-03,5.223965174926067e-05,0.05071488460577383,5.495880400446842e-05,0.055762637422425286,5.5733661135763076e-05,0.05331338731727203,4.874964168505013e-05,0.05791701336949082,4.948047057147341e-05,0.05452140693256704,4.813510775985741e-05,0.05053180036487962,4.7834037100703745e-05
2025-04-07,0.00023940861205045032,0.6158135774221539,0.0002593757765515029,0.564663937442552,0.00024888646422632175,0.5583317750167595,0.00014012625725475848,1.2318194159166176,0.0001403805252651663,1.1585633009724203,0.00012555138559973766,1.3779007584040226,0.0004639338378779787
2025-04-08,0.00011886857181803543,0.08422120047530274,0.00013732025813245166,0.10012016565854474,0.0001275816354174912,0.09171457132620991,0.00010588404758596442,0.09526906820031554,0.00014240515281639776,0.12242051467580073,0.00013373745936841907,0.11821369869196352,0.00010555893016146361
2025-04-09,0.00018691911480364808,2.488346387981571,0.00020394638834073141,1.9903140608375216,0.00019977882830482331,2.060012037654125,0.00019302495229656731,2.5507802128639576,0.00019311412140316417,2.205589920721149,0.00019995314157767352,2.2483901375063824,0.0003800906411908819
2025-04-10,0.00015650722172380656,0.1153350118101823,0.00016260072104201233,0.11088991873081677,0.00015006751232108932,0.11645883664444356,0.000183439017736752,0.1347426714656134,0.00018375241658929003,0.15578911491250155,0.0001584555304862158,0.14878778981734278,0.00015742542790129439
2025-04-11,9.170815542525364e-05,0.0909440704979635,0.00010321281595930595,0.1146565196875977,9.717055059125551e-05,0.09930739815642668,0.0001256494390891613,0.23208331395259776,0.00015485687716192237,0.3493734387864695,0.00014522679397785686,0.31152823252262424,7.097774605543027e-05
2025-04-14,5.40728502355468e-05,0.1294585062590837,4.984979181139496e-05,0.10969164857309427,4.8440556588393156e-05,0.10712039202244832,5.591288181599802e-05,0.14592944746341377,6.157587461652428e-05,0.15687828364009312,6.026958352134331e-05,0.15049289471005226,4.2186080070584134e-05
2025-04-15,3.133746928203947e-05,0.07238582122555806,3.147488055716012e-05,0.07032195560340444,3.043751151742537e-05,0.06798615128122415,2.9574488508515468e-05,0.0799489118304348,3.213202162443726e-05,0.09038131885676731,3.0587883029533714e-05,0.08028916950794578,2.7826427745247524e-05
2025-04-16,2.831853050243599e-05,0.2387299507205457,2.868862678716607e-05,0.23742192220255745,3.070374151720773e-05,0.22970586298414608,3.09582822022548e-05,0.18272019408659565,3.148919130447811e-05,0.22788097079438066,3.202264864507404e-05,0.22278810573116156,3.30159304235205e-05
2025-04-17,3.511245996588201e-05,0.07794793249886468,3.326210334059039e-05,0.08123272361924189,3.179205981870079e-05,0.0963364671947996,3.16690879308914e-05,0.09763617614179776,2.993592023625054e-05,0.12210770050132243,2.887518087559072e-05,0.12431403821887176,3.559661432839672e-05
2025-04-21,2.3760953365547666e-05,0.07039975273454564,2.5106153865228718e-05,0.06913431218240199,2.6893941052128277e-05,0.07967685698694614,2.0148859033308985e-05,0.04372432645168021,2.988559500198594e-05,0.12209591960940534,2.8010688286513492e-05,0.0993512944757355,1.8955332352534478e-05
2025-04-22,2.526013158380058e-05,0.2770066241901006,2.7027554582700523e-05,0.2641451016360253,2.7631410773054498e-05,0.275805767814695,2.3305446146858736e-05,0.30384129511520963,2.6563097250470924e-05,0.24668810542087452,2.6794172859420816e-05,0.2633616839748223,2.692959418345632e-05
2025-04-23,4.143645558196609e-05,0.07429576735801138,4.718688607730816e-05,0.07253608486246786,4.28895275682088e-05,0.07705143583186712,4.282743471518524e-05,0.08265596457587017,4.304479812845097e-05,0.07174386501688035,4.032594789346785e-05,0.06805784430709158,3.780034563323363e-05
2025-04-24,2.1291638760674047e-05,0.059980748589397226,2.3074097580972873e-05,0.08021677217476271,2.2283377804709694e-05,0.0686023957665281,1.9457453252576205e-05,0.04869187102606362,2.177772986893209e-05,0.05853054671505561,2.0785595928923638e-05,0.052842412495156595,1.6802159172238045e-05
2025-04-25,2.6077399995651606e-05,0.16804449429895255,2.7276379901333127e-05,0.16472548917838528,2.9335153313128743e-05,0.14511871375710395,2.4860917723723027e-05,0.16748236189907875,2.5992289405409015e-05,0.17127375069047976,2.588880817804549e-05,0.16441637806791498,2.8966318935355546e-05
2025-04-28,2.7740952621810827e-05,0.055596097037862745,2.8370309085976124e-05,0.06028762123304688,2.7412981298041754e-05,0.05624976151206853,2.2903563314796933e-05,0.07107004111850442,2.3389740927661417e-05,0.08348317729213524,2.345616762452406e-05,0.09261821166793005,2.5002866718102713e-05
2025-04-29,2.1967674304690753e-05,0.11805243001889039,2.328842335730182e-05,0.12955993874400196,2.2449801380601504e-05,0.12246753803608361,2.0205820805494465e-05,0.11272770673231707,2.1653645979011724e-05,0.12107473033905963,2.14023108230758e-05,0.11735065354413271,1.903153950721552e-05
2025-04-30,2.4427512780055395e-05,0.18785025496705854,2.651515848981796e-05,0.16446340078819846,2.592982556495563e-05,0.16488693928940426,2.3182231968026438e-05,0.18558723106631506,2.439055682524523e-05,0.16396186394493292,2.4371812260396057e-05,0.15777719049274527,2.682390761570366e-05
2025-05-01,2.5863980554771527e-05,0.11512906374559106,2.7329158083530043e-05,0.1208105165984149,2.698968746941956e-05,0.11697868833314311,2.2814560892437122e-05,0.1027723930562731,2.3333083937630624e-05,0.11128059431910925,2.303984606039847e-05,0.10699848435894645,2.2431231111357536e-05
2025-05-02,2.4787230788002263e-05,0.1034939400055836,2.3903244135144326e-05,0.09555778621829153,2.376629934331279e-05,0.09020669413148398,2.276536612735972e-05,0.10603186020050576,2.1799583542539508e-05,0.09790918195212199,2.211637035721556e-05,0.09590751193090263,2.3050713616257396e-05
2025-05-05,1.413022546336239e-05,0.07690819185987584,1.4160014465255503e-05,0.07587229740352615,1.4117238607521586e-05,0.0751284795469021,1.3963876133810922e-05,0.10064919893525333,1.450179057141986e-05,0.09909612840934512,1.421828697553848e-05,0.09622752635016434,1.1383283817574161e-05
2025-05-06,1.4544341034841043e-05,0.15837626418910722,1.4964357875538504e-05,0.1543275414090635,1.4772015838647737e-05,0.15611190246718046,1.4653160413282902e-05,0.1479131584954051,1.4439819870768595e-05,0.14218648132326056,1.460277405031725e-05,0.1514844927071096,1.4078301052539068e-05
2025-05-07,1.758193254535952e-05,0.4347528881672287,1.876438107429048e-05,0.4054242296489525,1.8451806827910933e-05,0.4346119804654305,1.8405707537211302e-05,0.32498630837721104,1.881468132209787e-05,0.3019579590565569,1.8755337201863585e-05,0.3232832508163355,2.9058960707664512e-05
2025-05-08,1.8290099956234644e-05,0.10028870076483899,1.8509065619578237e-05,0.08669747261611926,1.8904132880164006e-05,0.11045728078089372,1.701974175195083e-05,0.0936627034738955,1.686580746444964e-05,0.08691376784213302,1.6925218240003615e-05,0.08808967777499399,1.6507642645961565e-05
2025-05-09,1.7292523763898365e-05,0.08617137050725356,1.731681426753444e-05,0.0786260723013046,1.7017179302032135e-05,0.07610168215028436,1.6562920725793562e-05,0.07810180397615242,1.679200715911184e-05,0.0877658004547174,1.709152364591635e-05,0.08746805019179722,1.675052854925013e-05
2025-05-12,1.68829151193221e-05,0.10509555563232503,1.672666758101276e-05,0.09660347614852553,1.6856603029706532e-05,0.10022569469020326,1.4639120749396255e-05,0.07753848384361266,1.4336616050586188e-05,0.07487363717231292,1.5167651779753372e-05,0.07936744020738351,1.3434397173780925e-05
2025-05-13,1.7214703081611643e-05,0.10006892239263006,1.6404632362496098e-05,0.09262329461677538,1.6718449279945944e-05,0.08698526086427394,1.6265057177392545e-05,0.08872317594213175,1.5552830755789796e-05,0.09174820540940239,1.6219643079984055e-05,0.08459971890843836,1.6979596599279593e-05
2025-05-14,1.707457646362495e-05,0.12601504127379856,1.7294136148969937e-05,0.12460039826494869,1.7442684048448585e-05,0.11722828743210824,1.547455619071887e-05,0.11889710581187446,1.6304481294327528e-05,0.10875812324428513,1.6766036714199794e-05,0.10882676492867467,1.5569454007496853e-05
2025-05-15,1.533805392066852e-05,0.35858676219416447,1.570960341904383e-05,0.32200591050636124,1.5492816353973e-05,0.3279916700330658,1.4710988642366966e-05,0.44812533562495166,1.489203700804518e-05,0.4063769107720679,1.488707210052229e-05,0.41525690500872403,1.797431882768786e-05
2025-05-16,1.2282312477052405e-05,0.07965484836713337,1.2194631102772994e-05,0.08053990141077834,1.2116101248155837e-05,0.07911263840473441,1.116047746719357e-05,0.06609668693437622,1.162851088874957e-05,0.06887435817912922,1.1822318018013729e-05,0.06903795711030769,1.1055311462287678e-05
2025-05-19,1.1887930202527091e-05,0.08177099499049473,1.1730691459292807e-05,0.07907594181695253,1.1633223687440356e-05,0.07807282070072784,1.0538552701446637e-05,0.06501405110504156,1.0923804639845474e-05,0.0664494800832594,1.0915750160800321e-05,0.06603287476409041,9.242081834071314e-06
2025-05-20,1.1673586362377191e-05,0.15497329353238953,1.208621255863824e-05,0.15455439114123593,1.1962432358762873e-05,0.15072943332719438,1.1261255976053531e-05,0.16146918535990265,1.1779054428453025e-05,0.15340478675828945,1.1795890495475445e-05,0.1552716090995913,1.0406655593370114e-05
2025-05-21,1.6651520862127087e-05,0.70477162299998,1.758230276602638e-05,0.6378582627200243,1.7696187964296415e-05,0.5935018731295957,1.8856122382661853e-05,0.6464936387148594,1.912047062267378e-05,0.6163810535372302,1.8812464891134756e-05,0.5980916599594205,2.487919542149651e-05
2025-05-22,1.5866209816916246e-05,0.17511769002492306,1.6766205558936563e-05,0.1800976678331,1.6665481018380743e-05,0.1892817593372301,1.450630412633114e-05,0.16795800059689936,1.4788618933679085e-05,0.16228061680159553,1.4310460773072182e-05,0.16039423498470465,1.3518140571216119e-05
2025-05-23,1.553325295576158e-05,0.09338401108754997,1.563186971246149e-05,0.09253939163080788,1.5564913949387212e-05,0.09123203702028372,1.476087278983778e-05,0.09268984952272695,1.496957635494386e-05,0.09065715871329555,1.4182639622096156e-05,0.08717338900051612,1.3178785416207354e-05
2025-05-27,9.633448204443255e-06,0.09477156773373113,1.0319467241762119e-05,0.10753814701469185,1.054601635580099e-05,0.09773510185767816,9.845272528977638e-06,0.08873785681566919,9.950792245054766e-06,0.08841145073244083,1.0277935964287123e-05,0.09599345432028374,7.760223869477357e-06
2025-05-28,8.781830837478348e-06,0.11880505773943667,9.494618231284079e-06,0.12985424165594886,9.466276871961366e-06,0.12269575082226829,9.228047861138798e-06,0.12728212905625666,9.782287296292666e-06,0.1589085932326784,9.798965313293389e-06,0.154772698923692,7.6280290426741406e-06
2025-05-29,1.513844829316406e-05,0.15339228049046666,1.5153479217496906e-05,0.14568894055156476,1.5037636186340125e-05,0.14951030530810974,1.4376922619575009e-05,0.15743805828202356,1.4673449318263644e-05,0.15548905214054776,1.477231877341733e-05,0.15478288302509838,1.4585334525638298e-05
2025-05-30,1.5538402037053574e-05,0.21105603613021992,1.5400264156130507e-05,0.21065214627153642,1.4913968784283287e-05,0.20002634807458364,1.4836128995328963e-05,0.188574736196488,1.4720268554566314e-05,0.1932019753760775,1.4851813218462736e-05,0.19092253071570628,1.7109592311656565e-05
2025-06-02,1.4267619028614205e-05,0.10799817148101148,1.393336400804075e-05,0.10477282969674902,1.3875520688217403e-05,0.10184968732825062,1.2510996586867718e-05,0.0889111650465172,1.2054916635805442e-05,0.08815784663619658,1.208850677458255e-05,0.08988296053091993,1.1588717816213855e-05
2025-06-03,1.0617325628097894e-05,0.14329999490222073,1.072453883227003e-05,0.139907966434617,1.0987301965243324e-05,0.13916288436017463,1.035366195341746e-05,0.13132395197398364,1.039074302476489e-05,0.11919003486298663,1.0018681344013915e-05,0.11029723152252534,9.228134642222094e-06
2025-06-04,1.232531099862763e-05,0.2667736942374685,1.2862104263015972e-05,0.2645509568754422,1.3280363220197158e-05,0.278567896474299,1.2746874621479436e-05,0.31764188347469285,1.2590217109819622e-05,0.2858615625329727,1.1909695230837363e-05,0.28658842341132384,1.1252174122782822e-05
2025-06-05,2.384443346303853e-05,0.3423563681638215,2.452217873085459e-05,0.32014740776232015,2.6672020347293547e-05,0.29914063873533037,2.2119036900741604e-05,0.35326124207253845,2.5181142750089627e-05,0.30863064740520463,2.607519854762361e-05,0.3053442804505994,4.4975443469434246e-05
2025-06-06,1.95350907644806e-05,0.11502600919996121,2.032593238877717e-05,0.1122601826122755,1.9766793456611504e-05,0.1084569327566849,1.7858104946016352e-05,0.1178896290701754,1.8205519283709087e-05,0.1111562421848729,1.835915906790173e-05,0.11065965654549842,1.6530054966075564e-05
2025-06-09,1.5352626504484425e-05,0.43070205087711494,1.5212967130344804e-05,0.40829481658928163,1.5419447937407224e-05,0.3915090520948137,1.5530101986356357e-05,0.4251104427875258,1.5630880150868706e-05,0.39038812581838767,1.552754507073641e-05,0.3928096888367893,1.52426101829694e-05
2025-06-10,1.3270883118743579e-05,0.15885702258972934,1.3425517934737466e-05,0.15319936424924985,1.3324449630255186e-05,0.1502858920347813,1.4067738826595226e-05,0.1775371913171657,1.3742191739115557e-05,0.17752321716824548,1.3823729002842631e-05,0.16787474906599165,1.3377803684700122e-05
2025-06-11,1.4195248186476962e-05,0.16746221411920495,1.4590866163225326e-05,0.1533890307678546,1.454270529071259e-05,0.15373551804815402,1.4551241314611416e-05,0.14472588073738582,1.414722910077523e-05,0.15120521335722517,1.341967237141791e-05,0.15877378112488202,1.4675545213931849e-05
2025-06-12,1.1906090097499501e-05,0.11347839949180688,1.2260014453395803e-05,0.12118932754186841,1.2192290556821973e-05,0.12645983456388427,1.2197025221392192e-05,0.12608109374343837,1.1918911783411368e-05,0.1308413268465592,1.2334641738891559e-05,0.12713808757225334,1.2158104772193531e-05
2025-06-13,1.4808311475148865e-05,0.09810289984363896,1.4346602005702823e-05,0.103767308890369,1.440282078968343e-05,0.10724093016184695,1.4348349838190242e-05,0.10915327118986921,1.4565646187537371e-05,0.10016453354920152,1.4367823467050284e-05,0.11596349949951706,1.7190537996390042e-05
2025-06-16,1.0278914831535708e-05,0.1046771974944894,1.0156874172487431e-05,0.10242992302114001,1.023753324985406e-05,0.1001674452888859,9.952533594860484e-06,0.0998974458384801,1.0009562646309384e-05,0.09492651082550287,9.939254916439366e-06,0.09536055872082501,8.86833033387674e-06
2025-06-17,9.093332640255843e-06,0.08116572515302158,9.553957117867002e-06,0.08288761898492979,9.570323047446247e-06,0.08661608492965746,9.317921604015315e-06,0.0761399979258871,9.938953470524492e-06,0.07745780964804598,9.949712765082208e-06,0.07973080171831831,8.854618017762622e-06
2025-06-18,9.826696459603017e-06,0.19427215732146574,1.0698699273134914e-05,0.1694175009328965,1.0779769687613266e-05,0.1664460055920668,1.0523038623476827e-05,0.1644585700130338,1.0759453782709246e-05,0.15768926519708984,1.0947714477440782e-05,0.16683569007413998,1.2598204156293323e-05
2025-06-20,1.3371499132515855e-05,0.09619301176787766,1.3539154631615814e-05,0.09567548529398213,1.3313200847826215e-05,0.0974323680889122,1.1797412169260515e-05,0.07754145208907745,1.2391624779388983e-05,0.08376985346731658,1.2419535856201428e-05,0.08189922349896217,1.2505257867904193e-05
2025-06-23,1.930213676576477e-05,0.1742333812627214,1.860260630095598e-05,0.1733779683111997,1.8698592925988204e-05,0.17404645159626395,1.6984566871201098e-05,0.18841020564885602,1.7506804877745014e-05,0.1835302069456106,1.7968152368206056e-05,0.18316734103465682,2.2296153567294072e-05
2025-06-24,1.1968942007079542e-05,0.1109743403389122,1.1795883957599378e-05,0.10943438654054422,1.174279077729319e-05,0.11151547032992887,1.1915924303522396e-05,0.12546832569380176,1.166637954369018e-05,0.12234817726237641,1.168016277032825e-05,0.12213283925105756,9.892042682704492e-06
2025-06-25,1.1167136790703957e-05,0.10732670589984654,1.148500793101893e-05,0.10959166115162604,1.2242973986563854e-05,0.1107055685100054,1.1819981265825985e-05,0.11431434921068279,1.176284884722243e-05,0.0968426988560211,1.2347066407738468e-05,0.09491846127389625,1.0233377841791322e-05
2025-06-26,1.0712289537642536e-05,0.13691708027375935,1.0606173632678058e-05,0.13343530361895126,1.0887857533218206e-05,0.13394387847485892,1.1261816531919228e-05,0.1257279465741288,1.0693280288498433e-05,0.12316306689988643,1.0823602298951296e-05,0.12496455118487741,1.0030833839605374e-05
2025-06-27,1.1119416096926129e-05,0.15585343197137522,1.0830066374293673e-05,0.1591316841295513,1.0584696965243337e-05,0.1658989033185336,1.0427400308560843e-05,0.16469303438628305,1.0615896410765638e-05,0.16610386326417437,1.056317525148492e-05,0.1787526309513904,1.1913611756072534e-05
2025-06-30,9.692417145129665e-06,0.4145107010874363,9.564348809895635e-06,0.41516977486959533,9.817455117464765e-06,0.4184029627682935,1.0133456095313841e-05,0.4445511594277638,1.0242013936244756e-05,0.40397079391599505,1.0379665027308616e-05,0.39808668346970366,1.0991626402326368e-05
2025-07-01,1.6177290393925433e-05,0.13296277487598854,1.602049855007043e-05,0.129005540554358,1.6979760164793503e-05,0.12387684133764114,1.518149520102685e-05,0.12769807859800794,1.565177140109951e-05,0.11802545143355576,1.559252545755556e-05,0.11572170242389368,1.837918317398401e-05
2025-07-02,1.2805096935220286e-05,0.12699063600786173,1.251801110011832e-05,0.1298247315891531,1.2616692509686723e-05,0.12731107561903823,1.3090932827539002e-05,0.13620370007082977,1.2666195501275323e-05,0.12914339548732356,1.3061060261788319e-05,0.1437974592153682,1.3106377072289718e-05
2025-07-03,1.1597269441630285e-05,0.07628575741676909,1.164614853379841e-05,0.07547757994572267,1.1777525502931966e-05,0.07227027103734118,1.2422430235451715e-05,0.08136677819514147,1.2676345087973408e-05,0.07796778709113807,1.2580187902127892e-05,0.07668338513159724,1.1792523308920316e-05
2025-07-07,1.1603201317106442e-05,0.18574593707630535,1.1051453209373867e-05,0.18816428934702642,1.1455980327961933e-05,0.18739713884027887,1.1807765291914928e-05,0.18092223860849968,1.1307002246674476e-05,0.18568848004065006,1.187595588829864e-05,0.18440239865216226,1.0847822149112061e-05
2025-07-08,9.850046296894538e-06,0.30685403940431083,9.830789606276852e-06,0.3221849687074892,1.0090406625526719e-05,0.300977253143147,9.852072257221106e-06,0.32382652406667406,9.656648264449112e-06,0.3224219211990218,9.508004049998622e-06,0.3097311970154059,1.1634041087525693e-05
2025-07-09,9.265551638935926e-06,0.19043557355308371,9.501286970189984e-06,0.19027978687511538,9.660614526914948e-06,0.19942843377692068,9.773792600057958e-06,0.2003658662850555,9.54816689043956e-06,0.1973766037236094,9.540939952750188e-06,0.17915854474943163,8.979567144574984e-06
2025-07-10,9.587017100464187e-06,0.09374138877745337,9.691314405631383e-06,0.10041141383578396,9.606951283030925e-06,0.11086483975668386,9.98980198965855e-06,0.11606268257952573,9.746672330635802e-06,0.10570888940244944,9.873524370710033e-06,0.10762719784330554,8.303358422209233e-06
2025-07-11,7.900924163584097e-06,0.08542891621797048,7.643353946707114e-06,0.08159760493299238,7.506015832798565e-06,0.08010602941304104,7.851872032057145e-06,0.09481035570340347,7.899458604239032e-06,0.09379481548904096,8.081633394746001e-06,0.08865463021463892,7.111836469435659e-06
2025-07-14,7.659979858259646e-06,0.10633047022981966,7.309892210873637e-06,0.10768148384975207,7.12670077435966e-06,0.103722351528993,7.761647663294798e-06,0.12894858765172418,8.11661611018216e-06,0.13679156145367002,8.066757468225372e-06,0.1387346279182933,6.972145799582051e-06
2025-07-15,9.106943789399459e-06,0.07151524593359708,8.933263942030791e-06,0.07101316667438716,8.92268905195556e-06,0.07487337614791802,8.818927339002855e-06,0.07790089055607784,8.623799291093697e-06,0.07501547348655023,8.829985922047861e-06,0.06938082767481275,8.434216060524699e-06
2025-07-16,1.2270966901501445e-05,0.19156753771251253,1.2240008502403628e-05,0.1986072911868569,1.208873003664743e-05,0.201489286287265,1.144955369408604e-05,0.2065445819446955,1.136052186177297e-05,0.19915183870024145,1.1619686102963224e-05,0.19175650357779425,1.3479121765983136e-05
2025-07-17,6.932609891966652e-06,0.18522986195629043,7.103025409669774e-06,0.18608002750056563,7.044587261701943e-06,0.18710729855733646,7.41976579312832e-06,0.1964101559223981,7.506715596576179e-06,0.18932224173537907,7.4555910965124136e-06,0.18835462455348842,6.70607695359057e-06
2025-07-18,7.671433523629244e-06,0.14616628561588335,7.590951838492306e-06,0.14013414566904434,7.457961635552638e-06,0.1378047021570332,7.93609302316183e-06,0.12912921356882015,7.933559122728422e-06,0.12545638908659626,8.079167095096557e-06,0.12542308384217468,7.310285085962236e-06
2025-07-21,7.138924436631226e-06,0.09933794939292827,6.961934266827831e-06,0.09668786955183932,6.781901250748464e-06,0.09334642848663899,7.423380363950869e-06,0.12404877179825073,7.232543467081522e-06,0.1364011339928979,7.201890212002485e-06,0.1287773948617506,5.910404525184769e-06
2025-07-22,9.92021237568328e-06,0.13042353501286288,1.0046304631618667e-05,0.12835424395680461,9.793008706342851e-06,0.1278773982767474,9.03952093107594e-06,0.12271800423526846,9.687144117264684e-06,0.12747488043821356,9.029816128565285e-06,0.13068972491796946,8.55149850001038e-06
2025-07-23,8.000965491200453e-06,0.18765474670873902,8.575142882864154e-06,0.18764624801713614,8.418097481777924e-06,0.18610704959376767,8.205781708176988e-06,0.1972264695661795,8.24957474508681e-06,0.1892527462696613,8.226643270097046e-06,0.18116002580047386,7.618741262631488e-06
2025-07-24,1.0482759857511677e-05,0.08773369685583741,1.0290907539289336e-05,0.09026270306412855,1.074919647948916e-05,0.08823943544020574,9.762333217536482e-06,0.07516627434315691,8.950325787112452e-06,0.06882838902784394,9.828445136607309e-06,0.0719286303162671,8.002189135772045e-06
2025-07-25,7.251095151214605e-06,0.08591396431825567,7.035767469375764e-06,0.08978738568193517,6.831843124050715e-06,0.08990926422125602,7.806347179238564e-06,0.09455606419654178,8.131073595279382e-06,0.10548475872433165,7.903340666562602e-06,0.09912971138597836,7.596554044013443e-06
2025-07-28,7.606919332547658e-06,0.10475169471143853,7.149030895331472e-06,0.10937333460441107,7.025667559127916e-06,0.10909666359174147,7.433753406494459e-06,0.10609063498904193,6.954583173898171e-06,0.1145670612800392,6.792712429576461e-06,0.10746822773491592,7.434005622841355e-06
2025-07-29,8.48836542117703e-06,0.1027570499457019,8.340418541010706e-06,0.10186809946936802,7.955331505496418e-06,0.09994843231180954,8.421727471541202e-06,0.10329381750718679,8.022394344232541e-06,0.10906124037786301,7.78801796116454e-06,0.12099053714572318,8.703110196081599e-06
2025-07-30,7.613530590276922e-06,0.21716459652876488,7.918292206334893e-06,0.20784998360139206,8.325666371802777e-06,0.18838341526999744,8.126635600174941e-06,0.23261023203470307,8.343623434767098e-06,0.22579875502690624,8.473863536425773e-06,0.21144909800972364,9.230566918517003e-06
2025-07-31,1.74724512586465e-05,0.10709063636239073,1.6554610434031157e-05,0.1121223084036514,1.6713751699816688e-05,0.11168855221521501,1.5983489514105157e-05,0.11183984609668259,1.5622213534021794e-05,0.11788399197381534,1.5458544321975365e-05,0.11638945784492831,1.917522637857357e-05
2025-08-01,2.377205875209363e-05,0.07247800883201835,2.15751104205731e-05,0.05817429621605471,2.195376082987027e-05,0.05641713599216919,2.0115477197667628e-05,0.05602183887910459,1.9681996031348992e-05,0.05227939581686203,1.9818401431181782e-05,0.05103505370160749,2.0567584364377198e-05
2025-08-04,1.2640770657358275e-05,0.11270918639479323,1.1394881601356606e-05,0.10674886515248842,1.1439400707967098e-05,0.10558549487581971,1.1627389852200288e-05,0.10337162091997802,1.0908249833333794e-05,0.10763397331826763,1.0617655285006607e-05,0.10330482154283332,1.1770246958176235e-05
2025-08-05,1.2171926954583149e-05,0.0849720452126609,1.1577293283839092e-05,0.07904770431351514,1.1284977262656897e-05,0.07445610172122426,1.120033604551856e-05,0.06610406068666651,1.0709864044265966e-05,0.06728479175765352,1.077554903044083e-05,0.06779371086335065,1.11573279350577e-05
2025-08-06,1.2113129428339197e-05,0.08241813682455323,1.1962556503405388e-05,0.08289432832949332,1.1897826105193966e-05,0.08228567634860744,1.138239887607576e-05,0.08910287089282097,1.1093943963229344e-05,0.07843629159503396,1.1163473880173118e-05,0.07683786967520014,1.0613089400234052e-05
2025-08-07,1.4355344533683917e-05,0.08227978439473434,1.3528994380467614e-05,0.08051331284921392,1.3338383880047912e-05,0.08428023729275684,1.3345884924394108e-05,0.08026629054996332,1.2943142173970713e-05,0.08207249122009538,1.270724020302302e-05,0.08443566733588986,1.3371263111459315e-05
2025-08-08,1.1777592605336302e-05,0.12264817051854887,1.0980436679783182e-05,0.12288122378523934,1.1089274060344407e-05,0.1169694075318548,1.1257404404014234e-05,0.1127101836903839,1.0885048303151511e-05,0.11839981529147818,1.1037012712339573e-05,0.11677398960556971,1.1294988090853664e-05
2025-08-11,1.0322011883261748e-05,0.0738102704677598,9.538403025778565e-06,0.06921472083567441,9.496390918718645e-06,0.07013622116578642,9.877348280402604e-06,0.07607088951512515,9.665433221854357e-06,0.07330615137867748,9.835509492266652e-06,0.07339315873660768,9.403153061612068e-06
2025-08-12,1.1967994804043716e-05,0.12854272653305931,1.1375838315091722e-05,0.12655631459270617,1.1235894515320676e-05,0.11999249087781914,1.0678771158322827e-05,0.12142784020152451,1.071658592885054e-05,0.1218963916300853,1.066105555786162e-05,0.12055768083924782,1.0140446381895395e-05
2025-08-13,1.1108088107321124e-05,0.3652167387759451,1.1005628194022998e-05,0.36963747477907344,1.0861431095094204e-05,0.3770857703365964,1.108574589301045e-05,0.3982020018984711,1.079035351937611e-05,0.3809464023615474,1.0810152684557497e-05,0.37294575010052106,1.3616823511755985e-05
2025-08-14,1.0237752732355753e-05,0.14652555196063843,9.867141830929638e-06,0.14085993676403366,9.827788729031263e-06,0.13855819568385025,9.846578188201103e-06,0.15442963115497266,9.721801021412757e-06,0.15497197179439023,9.726468865223142e-06,0.15005058788734796,9.327652415440483e-06
2025-08-15,9.210791858899588e-06,0.13052359936861155,8.681242506811875e-06,0.1261622820622619,8.60305871443025e-06,0.12512891494982611,8.776798386394042e-06,0.11936543794188674,8.789364081454443e-06,0.11451378649207065,8.84767080855417e-06,0.10500675871587772,8.266909608440063e-06
2025-08-18,7.259550611352042e-06,0.13016627444656143,6.9033267352843106e-06,0.12276549536968058,6.840446560741174e-06,0.12069750514127453,7.0808313669080495e-06,0.11083110300726429,7.096443050161573e-06,0.10925998686134812,7.116617387912021e-06,0.10529560204319782,5.943794124561538e-06
2025-08-19,1.0678785003873242e-05,0.1271503155898043,1.0430846420954388e-05,0.12845223548668802,1.0457047906943129e-05,0.13111105062056203,1.0747734045438945e-05,0.13086089158162806,1.0534069311625622e-05,0.12987092509162038,1.0534027812477992e-05,0.12717821958500183,1.2042224147353821e-05
2025-08-20,1.79775506539165e-05,0.08261519933366525,1.8382602320006636e-05,0.0826788656100973,1.8669427272903477e-05,0.08401466559397562,1.6076726303696015e-05,0.08386357969649892,1.776306345984569e-05,0.07479739552483851,1.6629609355041187e-05,0.08002678089358282,1.623929795693668e-05
2025-08-21,1.0742905265080515e-05,0.08554894976728823,1.0800221921677012e-05,0.08985286225200374,1.0356125929995288e-05,0.09215525870115943,1.033513378001564e-05,0.08077680683086795,1.05568113363398e-05,0.09089467564509124,1.035662476258163e-05,0.0882656378035136,9.312063454919567e-06
2025-08-22,1.629710569920571e-05,0.17756294826983376,1.543610671878642e-05,0.16531598301421876,1.551294027197619e-05,0.16531882196021988,2.3600404291963112e-05,0.17957750954116414,1.786183601755894e-05,0.14842878618471547,1.7522857938475992e-05,0.15760121561693322,1.1279925326250747e-05
2025-08-25,8.175973147234118e-06,0.12891749576532685,7.798472579425986e-06,0.1206397956055494,7.900907106428306e-06,0.12410774165332962,8.033101726465153e-06,0.13066775048285176,7.665333095113192e-06,0.11927112101880961,7.779646821680596e-06,0.1175993027736962,6.635158514770459e-06
2025-08-26,6.344289184557636e-06,0.2155860129533913,6.426086218793908e-06,0.21661295089145613,6.445989179688335e-06,0.2151291098184137,6.232910053932494e-06,0.19557508545382674,6.412561998164544e-06,0.190167457857069,6.5081229809591855e-06,0.17486274023719325,6.3862472114177314e-06
2025-08-27,5.97662910104467e-06,0.183965694024817,6.4258099213184076e-06,0.1822138770751056,6.516409548488249e-06,0.17782211980630636,6.448817450633162e-06,0.1923169968094374,6.5521966034293426e-06,0.20608755186394792,6.6332227932032e-06,0.1999228569763416,5.1553268501059285e-06
2025-08-28,9.641524481567063e-06,0.0785441859644279,9.634096736144107e-06,0.08090063039607383,9.729864608203412e-06,0.08253546752887646,9.116340021228276e-06,0.07020389048600582,9.220827346723701e-06,0.0655423277136969,9.376912101168356e-06,0.06738518054550498,8.363752583037565e-06
2025-08-29,1.0275140385907047e-05,0.13317713778576068,9.845903026691297e-06,0.13238910336046214,9.85512799988196e-06,0.13186453046200786,9.715911331584859e-06,0.11929542246634339,9.140164508888442e-06,0.11028744675387991,9.276940343293985e-06,0.11144968131765458,9.638504453618197e-06
2025-09-02,1.1341726537347839e-05,0.12947962557136772,1.120791058263924e-05,0.1257325327731248,1.1427149186009952e-05,0.12519530062067935,1.0549774619019471e-05,0.1388172014635536,1.0463533391148642e-05,0.13849083368241358,1.1018859338961857e-05,0.1346227874781444,1.0820959962717061e-05
2025-09-03,1.0784177382517146e-05,0.07445359044957182,1.0983899742618278e-05,0.07429773275386246,1.1005339263133937e-05,0.07324452636188551,1.1181199145849729e-05,0.07654395980073776,1.0362459231341073e-05,0.06659648238648015,1.0445236689977531e-05,0.06706453412401887,1.038663231995713e-05
2025-09-04,9.420050357379253e-06,0.06583362652043666,9.443402842566565e-06,0.06674473661746481,9.272615296140527e-06,0.06487291197432558,8.511892589362579e-06,0.058361270581025027,8.520316243666387e-06,0.05905165075636445,8.2696346979053e-06,0.054717070230047675,7.88832524239308e-06
2025-09-05,1.8251641762738094e-05,0.07630910759817947,1.6643280273412233e-05,0.0726135636495622,1.6595069615508355e-05,0.06981085333940619,1.6298604238984743e-05,0.07990147659913525,1.398323853333944e-05,0.10212431741629462,1.4231411349598731e-05,0.09979221995065503,1.8078906512273408e-05
2025-09-08,9.464904129116496e-06,0.09555631024128179,8.831410124397194e-06,0.08973526121450659,8.806519258001558e-06,0.09104115041546686,8.881767822581772e-06,0.08405472186227096,8.486326599945481e-06,0.08263139662309034,8.33651723078203e-06,0.08139683999272385,8.073174291460718e-06
2025-09-09,8.248113138996366e-06,0.20470722326736548,8.128211663479828e-06,0.2067089751232116,8.095304808427348e-06,0.19819897818981977,8.485064838367534e-06,0.19099231481079018,8.121213028512227e-06,0.19444182352819747,8.252086989335287e-06,0.19098959325844392,8.56707756958968e-06
2025-09-10,1.1258524574782395e-05,0.06448705435868944,1.1384344106990057e-05,0.06459520769793224,1.1408977606795238e-05,0.06453686320304787,1.1037322879308096e-05,0.0732109869045421,1.1006599074292443e-05,0.06898456580881764,1.0858336808255946e-05,0.07281478750785325,1.1328970500983502e-05
2025-09-11,9.456048761593164e-06,0.11156817771421378,9.553181823706083e-06,0.11299040528043404,9.536591044830306e-06,0.10927429292668907,9.25099931193496e-06,0.0961226959225952,9.083868487315736e-06,0.09320844768008253,9.53399140279625e-06,0.11627636432864973,8.964162406923887e-06
2025-09-12,1.0619804947902854e-05,0.2082903157372832,1.061541521842553e-05,0.20038741675224606,1.0606823727816827e-05,0.19788633614427456,1.077459087323247e-05,0.1926607839331019,1.118463688099163e-05,0.18879388583214385,1.175358111772969e-05,0.19286899488187395,1.0947951192193096e-05
2025-09-15,1.2242960296728416e-05,0.13486896404610144,1.2182848168634705e-05,0.136323950639562,1.213300707337208e-05,0.13439692248593987,1.2535789871774867e-05,0.14005839360321856,1.2357785253078607e-05,0.1448000305266225,1.2601548184642253e-05,0.14584260328923543,1.3635956912103557e-05
2025-09-16,9.655362700765235e-06,0.09971838459145704,1.0046443539678598e-05,0.10129335700220711,9.895006779212695e-06,0.09825594551836547,9.97824531545708e-06,0.09434594224541809,1.0284537097273942e-05,0.10974740668225223,1.0162613125537385e-05,0.10212303522757522,8.684014766742605e-06
2025-09-17,1.2828712862911782e-05,0.6841376219774657,1.3688411630333135e-05,0.6089705216517972,1.3816362621647854e-05,0.5802026147221158,1.595970544197085e-05,0.5839107963469937,1.6129421353461024e-05,0.4493624440568211,1.568534213597503e-05,0.49157088203618643,2.0011285577139104e-05
2025-09-18,1.117756200892063e-05,0.10643327115230673,1.1299688132392664e-05,0.09455016867532706,1.1220412415933868e-05,0.13089239019706347,1.0351517203603338e-05,0.08669426502735665,1.0273316621825078e-05,0.08283060460974401,1.0475208759059542e-05,0.08501064889656705,1.0866771111756495e-05
2025-09-19,8.940497081247582e-06,0.25888143554490883,8.821992753152875e-06,0.24318274939242787,8.76091626507364e-06,0.23745446727144837,8.728179059713959e-06,0.17517010011223946,9.012301334578781e-06,0.1552589298934973,9.071401429063677e-06,0.17163831604491833,8.821696728146098e-06
2025-09-22,1.0109355855417271e-05,0.4012420338465608,1.0016713590628362e-05,0.4101544610572809,1.0201746641494577e-05,0.4068789299470607,1.0679786753736069e-05,0.3678154813406222,1.0902272007545346e-05,0.367467683594707,1.103885438476465e-05,0.35590224653128627,1.1696656919886995e-05
2025-09-23,1.1202731958228172e-05,0.1564543729993042,1.1212750844420928e-05,0.15278146444634091,1.1624938934224008e-05,0.16051055528041303,1.0953884835327555e-05,0.15322758065734413,1.0987229041200963e-05,0.15750684542589607,1.1308774159818078e-05,0.15619240560466713,1.1954533682945678e-05
2025-09-24,1.02019523576078e-05,0.08716738816105024,1.0514576643748464e-05,0.09107748445645653,1.0946091056232868e-05,0.09699666185167616,1.0038372199334232e-05,0.08418906229446317,1.026442936932999e-05,0.08408104626519809,1.0684740338361193e-05,0.09771269342243695,9.385727542622495e-06
2025-09-25,1.3535651436198963e-05,0.08972031069035719,1.3715234053015848e-05,0.09120899830032869,1.4076098038140821e-05,0.09115976921468671,1.2544785768954874e-05,0.09458407966380543,1.2674640323412309e-05,0.09547093818993922,1.2647452111854772e-05,0.09335431213551647,1.3307600900851741e-05
2025-09-26,1.1799185345648109e-05,0.09407362912787313,1.1588021316180463e-05,0.08928996176334437,1.178333802357789e-05,0.09195692194673534,1.0756311231331124e-05,0.07677079192145068,1.0841307329968584e-05,0.07021282757947085,1.0863077156651721e-05,0.07624137513112153,9.875419382373302e-06
2025-09-29,8.527517567296058e-06,0.11916381697232013,8.387233233328876e-06,0.11311173714904955,8.402863202053266e-06,0.11397266967024311,8.832899544718386e-06,0.11456118333373687,8.763736594808044e-06,0.10838872726343059,8.659720741878444e-06,0.11094158122474945,6.9074157307179335e-06
2025-09-30,9.964097292209625e-06,0.10304807723175861,9.981321992965472e-06,0.1022712095421835,1.0448084354111165e-05,0.10536537202805536,1.0027509622712446e-05,0.08698802967919252,9.996209386953758e-06,0.08740286021894933,9.997685410869187e-06,0.08620194560544536,9.793127788277302e-06
2025-10-01,1.029136291501435e-05,0.11234861489103765,1.0612875697264769e-05,0.11043088356537362,1.1132765827624257e-05,0.11063248570253807,1.0023262963350204e-05,0.09864588567255202,1.0738283460178782e-05,0.09901092669125527,1.0898473173254122e-05,0.10112940218807276,9.559469069994262e-06
2025-10-02,1.4107811923759586e-05,0.13766174940566492,1.4463792342580387e-05,0.13977251011175754,1.4365160558050688e-05,0.1428407331576331,1.291165985546592e-05,0.15416029944769463,1.3781419426013896e-05,0.1451014401324293,1.4004534881995898e-05,0.14943314600309032,1.5884310639005373e-05
2025-10-03,1.421938109564033e-05,0.17229934928481505,1.4234166516173186e-05,0.16340231068138916,1.4814190761911976e-05,0.15861225188696984,1.3901272014293043e-05,0.1704153954618847,1.3742078310516386e-05,0.15784209563018078,1.4182240452600269e-05,0.15580653407775946,1.4734774774539702e-05
2025-10-06,1.1936546813959097e-05,0.15968720323612393,1.1807101929737094e-05,0.15878587684614728,1.2014965966652196e-05,0.16229807075312672,1.098866415164168e-05,0.16255522439546471,1.1347202116570584e-05,0.15369346565975148,1.1434620396266286e-05,0.15488261721798027,1.0530087901027671e-05
2025-10-07,1.2900478056137476e-05,0.20395276557915187,1.2932005556775088e-05,0.2115242653436081,1.297551906228313e-05,0.2085595915341246,1.308902600371262e-05,0.20875867392252756,1.3040587891949691e-05,0.22494353981261986,1.3253870543721294e-05,0.2183018952840863,1.7044151483169438e-05
2025-10-08,9.305476181124518e-06,0.0953634149524365,9.74118705543072e-06,0.10413921949296105,9.797686100217277e-06,0.10106173523650475,9.192546110335008e-06,0.0847301615527427,9.597873276453486e-06,0.09811511407776248,9.456560033020772e-06,0.09683193591068583,8.28933976072833e-06
2025-10-09,1.1210293141611228e-05,0.13807622408334005,1.1434115190668816e-05,0.13381973127289487,1.1639991668581094e-05,0.13022380540396053,1.113218110666165e-05,0.1551325956235262,1.1101109652760682e-05,0.16182951167533774,1.1116973679104573e-05,0.15036031856527793,1.1215601832639075e-05
2025-10-10,2.9744828975749907e-05,0.5991251415045354,2.923263612920543e-05,0.6174765359009341,3.0127694100130184e-05,0.6048507971332585,2.8373960683347835e-05,0.6974436608579135,2.808460982755842e-05,0.6911881047099518,2.888986699626891e-05,0.6974909222271135,4.2614071512893306e-05
2025-10-13,1.5756220951908834e-05,0.10691233583196387,1.4919118315538231e-05,0.09599457278582112,1.4865558754635221e-05,0.0933785140449304,1.2707874458872289e-05,0.06790763599424186,1.2940589986257484e-05,0.07768661468962439,1.2830162006279794e-05,0.07487709392757368,1.2263845035674615e-05
2025-10-14,1.3995536156124776e-05,0.17162004739669948,1.3989132529452483e-05,0.1685756427627297,1.3709162471594569e-05,0.17611679806680391,1.2444458092737693e-05,0.18266293226357988,1.2736820224135122e-05,0.18631447060182774,1.2447366352016665e-05,0.19327106753972204,1.427009372269896e-05
2025-10-15,1.5227033802511464e-05,0.2008488531468379,1.581050942398681e-05,0.19386482752665582,1.5982286852081866e-05,0.2003984046889462,1.533153620312201e-05,0.17157473053066755,1.5216003336349785e-05,0.1861093352915838,1.4879760378151132e-05,0.1811649225308639,1.6370060403338924e-05
2025-10-16,1.9748251564714333e-05,0.1354378596446752,1.9745023871325298e-05,0.13458441207685204,1.9616705213526084e-05,0.13481625851980833,1.8363977748240895e-05,0.17076252296756514,1.9148962967429487e-05,0.1547324501446,1.8727006234958048e-05,0.15734966077918364,2.2530205004074036e-05
2025-10-17,1.8677301673263787e-05,0.047369507125429505,1.8253266841186896e-05,0.0419160242680435,1.8341637614907144e-05,0.044051183743203985,1.562731634652642e-05,0.03668885581871215,1.6357045953774012e-05,0.03533664964122762,1.6289278609005752e-05,0.040031293038766916,1.6109003446308547e-05
2025-10-20,9.86775705491906e-06,0.12615322542281074,1.0357604983676983e-05,0.16498956191687042,1.1765736506567763e-05,0.2292309073818434,1.0132664302444434e-05,0.13253674138533572,9.241880872899454e-06,0.14163384132866208,1.0388757454308647e-05,0.15681966129224975,8.915440053310733e-06
2025-10-21,9.184499913017572e-06,0.1407784917184331,9.556863152089521e-06,0.14495335434390133,9.598544234732493e-06,0.14117359971567922,8.740720797749622e-06,0.13055821659423159,8.725299832170182e-06,0.13921760185015078,8.70676048675743e-06,0.1286153881166358,7.164680641601691e-06
2025-10-22,1.6750425807873228e-05,0.3007228196422896,1.756998825244503e-05,0.2823988649604187,1.7437676268547715e-05,0.29111499526791745,1.719247584503489e-05,0.3189676879255177,1.7504508945541693e-05,0.3165257130364425,1.6312966001618756e-05,0.31670708858362423,1.94835579756317e-05
2025-10-23,1.4219474089462465e-05,0.12058027584997878,1.4314597959934437e-05,0.12661776953287088,1.4424645137984593e-05,0.1252046771216291,1.3264072132231293e-05,0.1054929956718428,1.2728897505452318e-05,0.15007208073972475,1.2818336684307643e-05,0.14091322302558226,1.3289521314269977e-05
2025-10-24,1.0062592296864545e-05,0.11985491827105767,1.0119164032546351e-05,0.11963483781265742,1.027250074203513e-05,0.12248143233390167,9.101714818279619e-06,0.1238005388946684,9.861053372121228e-06,0.13621027411236228,1.0137405974584035e-05,0.13934168652766996,8.92611315786333e-06
2025-10-27,8.74766690533459e-06,0.2954463598599506,8.745079400634681e-06,0.2722687483759942,8.998054638058791e-06,0.2643300882711696,9.010391124633612e-06,0.2767038520347868,9.331167225010168e-06,0.26324684854483765,9.690531894886366e-06,0.26366254261381755,9.148501016124031e-06
2025-10-28,1.2411459977243266e-05,0.21910209531574343,1.2846538196148806e-05,0.20969766583194413,1.3031967880840002e-05,0.19991355828708857,1.2859761382690021e-05,0.20222972642985312,1.3356398649735299e-05,0.19388208689481512,1.318083223714349e-05,0.18801919804773048,1.4254257470722366e-05
2025-10-29,1.6060199357775803e-05,0.28630598494043047,1.7040606043373014e-05,0.2675548554201738,1.7375667101869837e-05,0.26376728710853065,1.5993558022911805e-05,0.28959848372743585,1.6570304260215952e-05,0.2620001004680339,1.797700090734752e-05,0.2781470534504832,1.9685136075199488e-05
2025-10-30,2.383208875284696e-05,0.08946283211502348,2.391604982026717e-05,0.09153262602469693,2.529097129260956e-05,0.0893982947905328,1.977578934281613e-05,0.10219861310097317,2.11851523880354e-05,0.10468255399813847,2.0653582681138498e-05,0.10030155730767552,2.17747893761229e-05
2025-10-31,2.2129835662702086e-05,0.1128791315575197,2.1151000999065103e-05,0.10652572204325417,2.183935962536431e-05,0.1037955788520299,1.9731512930144032e-05,0.09513352646069369,1.923323679246848e-05,0.09485331228151844,1.9485921942336907e-05,0.0893403331864806,1.912555199194732e-05
2025-11-03,1.7926688246281578e-05,0.10089028605666926,1.694633232767123e-05,0.08997928696783382,1.7273637414865978e-05,0.09018536569107571,1.571220977691359e-05,0.09427432802853836,1.548056595287818e-05,0.08452856431007533,1.5326753497867398e-05,0.08416437903614248,1.5607173538640945e-05
2025-11-04,1.6482609188733992e-05,0.05497095862540019,1.6190235802100216e-05,0.0528487572586529,1.6504350523013474e-05,0.055720117951467724,1.55162105595988e-05,0.060957440981429946,1.4852474584784719e-05,0.06154598874395487,1.5070394235372356e-05,0.06020538788092189,1.5873501536343338e-05
2025-11-05,1.4762962066802422e-05,0.24178583907711124,1.539208561783102e-05,0.23448007885867547,1.5802872708636333e-05,0.2444167205342148,1.3995241376166412e-05,0.22038691085168052,1.3796599467079407e-05,0.2068046605211491,1.3704537029988853e-05,0.21270627798436692,1.44014227430725e-05
2025-11-06,2.8597731282361462e-05,0.08224310161763325,2.8888804244771727e-05,0.08143190482987399,2.9537991508415978e-05,0.08293616991136851,2.741096740002151e-05,0.09634975237154646,2.670112160417775e-05,0.09533710497675658,2.5279761121528663e-05,0.10290999649660054,3.432097560699032e-05
2025-11-07,2.866311157379887e-05,0.06096221495925394,2.7616321739143883e-05,0.06153963783804902,2.8642018142748444e-05,0.061082888777712674,2.4031271374389527e-05,0.05846135412936829,2.2662613260731647e-05,0.0647600143789109,2.3722187724536925e-05,0.06301265652143358,2.588735368885567e-05
2025-11-10,1.60312515857892e-05,0.12753095992498642,1.4973373164851191e-05,0.12115373764039894,1.5020848920484375e-05,0.11946618979632952,1.4795053026979714e-05,0.11789823209074364,1.4363958064530036e-05,0.11754056158631081,1.4262854699179812e-05,0.11959752901699382,1.4851658788177362e-05
2025-11-11,1.1201244344710838e-05,0.0895247649688946,1.1134827192168644e-05,0.09206639052910609,1.1244965328471668e-05,0.09617561697366696,1.1033570597723004e-05,0.08242043266068656,1.0750783681257528e-05,0.0854825496823645,1.088457753463364e-05,0.08558663991937045,9.157803495709389e-06
2025-11-12,1.3854382376101412e-05,0.09436641090447079,1.4411812901840191e-05,0.08951171590785383,1.4665216303299912e-05,0.088389309758143,1.429523705020892e-05,0.09950144034334095,1.3461319006106834e-05,0.09582009957312172,1.3413920626423382e-05,0.09032608197234639,1.4216439712049794e-05
2025-11-13,2.304469274546854e-05,0.050409960639426994,2.3110289205377624e-05,0.05019468142562048,2.3680952089323403e-05,0.04771608387305768,2.139163211876415e-05,0.06057228789348812,2.1453701667136763e-05,0.05745078533225686,2.2199187943770473e-05,0.0533464838350278,2.5831561329905206e-05
2025-11-14,2.6978226361566625e-05,0.07359090726905244,2.642987816555116e-05,0.06934027646541482,2.7061235053809865e-05,0.07098495022677488,2.3781345267953813e-05,0.057552720950416185,2.3411859271885724e-05,0.05595810772701437,2.2866095824173782e-05,0.05693541930608483,2.416064905224829e-05
2025-11-17,2.250474308461622e-05,0.0824567498684868,2.1738258865158026e-05,0.08156252658135633,2.1877773181056523e-05,0.08071852524255795,2.033700640945874e-05,0.08857951436078708,1.9867513330396824e-05,0.08874481358391806,1.9601474204663032e-05,0.08718928131795178,2.125809180177418e-05
2025-11-18,3.4639634547953995e-05,0.06438284823780303,3.50646617122757e-05,0.06424327669890369,3.580932882489376e-05,0.06328330327447264,3.154134419617019e-05,0.0874215659579853,3.089972491956458e-05,0.0894619801667596,3.0361906227103727e-05,0.0900639713357171,3.4615359737489356e-05
2025-11-19,2.274693817946099e-05,0.07847424475025172,2.4077801177657783e-05,0.08433180190038615,2.5067062939274627e-05,0.08611486895224955,2.312542615361716e-05,0.08497720338938498,2.2597062997864254e-05,0.08306960680168007,2.265175469338843e-05,0.07965571298151054,2.1021122954880233e-05
2025-11-20,4.621534501504645e-05,0.10283368617660298,4.673647594991307e-05,0.10021891378740823,4.73783264020249e-05,0.09797070514309396,4.9691792550168806e-05,0.1121085642096656,4.756625058059848e-05,0.10996084182108978,4.438457559559166e-05,0.12501797160192935,5.768936967559896e-05
2025-11-21,4.497713619740483e-05,0.13631556177285653,4.418848240025718e-05,0.1407663465607665,4.641324723221162e-05,0.13999060364697005,4.168478323404311e-05,0.13528878075014097,4.0702501388833674e-05,0.13109248081524835,4.092505864583245e-05,0.1339835595930231,4.324988607390365e-05
2025-11-24,1.9563675305042174e-05,0.18305958467767816,1.807465801353877e-05,0.1653517695409902,1.859924346591104e-05,0.16708417683571722,1.712422093652737e-05,0.12443624431593077,1.5919690464923237e-05,0.10415570663123774,1.6022358322288446e-05,0.10453900280302457,1.3358896311908833e-05
2025-11-25,2.036026023815735e-05,0.14183424781436074,1.9358133541843277e-05,0.13232789545759316,2.028776255908443e-05,0.14066814488095314,1.7932541303932715e-05,0.1069695932139384,1.631535509883723e-05,0.08178912018758583,1.6712891052233648e-05,0.08252138922626685,1.4706874757241075e-05
2025-11-26,1.20125224851066e-05,0.16024642921029789,1.2016161448019131e-05,0.1592065869318242,1.2190866855494706e-05,0.1610448007584718,1.2613310557669019e-05,0.17430039346373707,1.0471225082368461e-05,0.12595278511285501,1.0611895868239095e-05,0.12610279131031432,8.405442478705599e-06
2025-11-28,1.009130340258283e-05,0.09421571379107414,9.919113004521345e-06,0.0909488446843379,1.0739654431986812e-05,0.11038188548386008,9.476407890117316e-06,0.08047619801464921,8.966619876938315e-06,0.06965708247241391,9.136501399685507e-06,0.0653381242489231,7.720740188718107e-06
2025-12-01,1.0281219127706247e-05,0.1132733562940746,9.663191424907683e-06,0.1045315850628498,9.516761157665612e-06,0.10202946948818871,9.023606282443527e-06,0.09528835638128007,8.883946457077963e-06,0.0928691794733546,8.765120808146049e-06,0.0944028739223335,7.616479509139074e-06
2025-12-02,1.2422893226849615e-05,0.18479365571953654,1.2143168231511169e-05,0.18137683498467763,1.2201518426423603e-05,0.17338661996183946,1.1840364408404624e-05,0.15878029117087758,1.1463375013231308e-05,0.14889210178685833,1.1555611542841285e-05,0.14304010763670397,1.1773373180886377e-05
2025-12-03,1.1617632347346458e-05,0.1729057896081129,1.1405127193604209e-05,0.18585344744239765,1.1535429655704009e-05,0.17841304779888423,1.1134506011187858e-05,0.18401285460092995,1.0652693890467641e-05,0.17611482847790258,1.075658984076137e-05,0.17629864308510101,1.0852806732073536e-05
2025-12-04,1.2782933277435553e-05,0.11242971411903947,1.2738829142862791e-05,0.11268987500615546,1.2751434916567297e-05,0.11096402196497888,1.178388373030544e-05,0.10987305948087311,1.1704118914434936e-05,0.10929794236816877,1.1870182249074672e-05,0.11386828975288461,1.0702064224957223e-05
2025-12-05,8.876128505783757e-06,0.10791469763196282,8.752457514317927e-06,0.11388154120616749,8.758472714251188e-06,0.11317325278922596,8.256810958179107e-06,0.08616544379536789,8.238495374743524e-06,0.08954720183350794,8.386468682957803e-06,0.09248124188211947,7.203845577110956e-06
2025-12-08,9.983524195039108e-06,0.3046186742279783,9.597927227471925e-06,0.3096889410641171,9.625802678513864e-06,0.31229704220888316,9.562509570027974e-06,0.3416230004798811,9.70556325661653e-06,0.3305733375250099,9.822011174934862e-06,0.331959685379618,1.0326798243134831e-05
2025-12-09,7.056282712493855e-06,0.1285500940388063,7.156868799547422e-06,0.13612238734022566,7.121393720622916e-06,0.1340484545187048,6.811795356815904e-06,0.11872541780749198,6.970699379462799e-06,0.1240619063646587,6.950457539910278e-06,0.12165678645140944,4.998253837601026e-06
2025-12-10,1.0207691310844111e-05,0.3198559182472713,1.0446229572563834e-05,0.2829555545121327,1.0488404768117993e-05,0.2807906555217856,1.063163666472846e-05,0.28143552609049,1.0796719484270479e-05,0.273082193328195,1.080794807548015e-05,0.2719897126868823,1.2395922149576262e-05
2025-12-11,9.758843340119436e-06,0.12712584012912587,9.973592210357385e-06,0.13343649135072103,1.0044444396206785e-05,0.13348015029245025,9.38996529978579e-06,0.11970122999406459,9.402207220184573e-06,0.10838556353573142,9.54481421862528e-06,0.11879868177637228,8.733458110781803e-06
2025-12-12,1.5937347910302e-05,0.12649361329475964,1.5331832458715845e-05,0.12355371331268429,1.5257782549509362e-05,0.13288719993848197,1.4838150552849087e-05,0.1279316333748143,1.472469658616299e-05,0.11997954077805713,1.50806451102009e-05,0.12290153522959406,1.8292082139571976e-05
2025-12-15,1.542250531199903e-05,0.04990249132116287,1.4906702753414417e-05,0.04654548972536545,1.508773018299694e-05,0.048818834566981474,1.3927207482994394e-05,0.03648518553534954,1.329134202190856e-05,0.03526642801571781,1.3881706874297828e-05,0.03629110690852099,1.3562951106436633e-05
2025-12-16,1.476194757229008e-05,0.07417839792155366,1.4599388523949594e-05,0.07461879257846163,1.4915777722435731e-05,0.0791109037406585,1.3037790777309532e-05,0.05144680624774456,1.2406640273461545e-05,0.04630527905706703,1.2728826763410807e-05,0.047499028610634875,1.1266405381750808e-05
2025-12-17,1.6237947606263867e-05,0.0711827365837752,1.680030287346248e-05,0.075146177210183,1.713001007485323e-05,0.07336954920545588,1.547137356212447e-05,0.07877252976945023,1.4748990652312204e-05,0.0746535639537349,1.5348498992962885e-05,0.07295608595767646,1.6140920238759236e-05
2025-12-18,1.4369725336900342e-05,0.1032844903093284,1.4482038025747821e-05,0.10329450675961847,1.4695069753513215e-05,0.1051195069950429,1.329435203639341e-05,0.10732009418821002,1.2696460946564575e-05,0.10889358211015558,1.2851199303221246e-05,0.1060155069505318,1.174365102319234e-05
2025-12-19,1.0506863053217531e-05,0.2254679152439397,1.0133041439072701e-05,0.22375067213583597,1.026454757847505e-05,0.22267997290169675,9.670926382552607e-06,0.178273496646256,8.632670489446898e-06,0.17047094200643,9.224552006945145e-06,0.17489346149125515,8.97331931253961e-06
2025-12-22,7.673091766974085e-06,0.13359360834550787,7.15879191957549e-06,0.12402476509175826,7.194076338705846e-06,0.12519866995259846,7.5834402160434395e-06,0.15901766238010567,6.93255240247568e-06,0.13578484606731647,7.308024130110481e-06,0.1402152083624555,5.97038664213981e-06
2025-12-23,6.20051560658453e-06,0.11841892919582837,6.048645137881167e-06,0.11596447329924404,6.169170535017136e-06,0.117135853468267,6.530513226663458e-06,0.14133737640854094,5.515179666560351e-06,0.10981340763363305,5.812264617515709e-06,0.12002942426352131,4.728860161810821e-06
2025-12-24,5.078921803958699e-06,0.09001561739914075,5.415131263575155e-06,0.09192635635143798,5.557179701060459e-06,0.09288105128488698,5.568544321971026e-06,0.09448640583111427,4.6129288883291e-06,0.09099676542654701,4.895892395514661e-06,0.08751759587243253,4.779669598827537e-06
2025-12-26,4.448293359588921e-06,0.13176425002928038,4.384134798569311e-06,0.13173370264810433,4.466227792565047e-06,0.13145047191730672,4.488219572980909e-06,0.13919970989101596,4.372405457559096e-06,0.13299013874309104,4.552993070255329e-06,0.13862493151034747,3.5351408925187784e-06
2025-12-29,5.594018705527677e-06,0.08251622793360398,5.468318099809729e-06,0.0812434173251549,5.559519808118747e-06,0.08263627529142756,5.045442557366052e-06,0.08119067256822847,5.1096683849806465e-06,0.07479245393163954,5.076781274875448e-06,0.07319106692570797,4.224899058052083e-06
2025-12-30,4.471218668463808e-06,0.09258976803387636,4.56147671646883e-06,0.09939767531400556,4.67685692671448e-06,0.10224383807648012,4.439151868290945e-06,0.10198986299691794,4.346656965712984e-06,0.08937816661090629,4.344635128566392e-06,0.08640058231023497,3.4219483985079307e-06
2025-12-31,3.830119282215883e-06,0.09589343833642817,4.098795879781971e-06,0.09679386785662382,4.277840550942091e-06,0.10249062233818736,3.899881986764124e-06,0.1295851006349347,3.8342921689717664e-06,0.14978583264777243,3.871896316395236e-06,0.15548194914156424,3.4548359720496594e-06
2026-01-02,1.2109741658238732e-05,0.08489507301899117,1.1665791860094991e-05,0.08570640140826612,1.2085173572158264e-05,0.08686051654487152,1.0733344652779517e-05,0.09865928811028069,1.0780428510440205e-05,0.09991300535666542,1.071303972002969e-05,0.10411551548092325,1.2807568709100957e-05
2026-01-05,8.753628320198002e-06,0.10401404174772166,8.538480386841446e-06,0.09981049554485248,8.601493224086454e-06,0.09946028218997012,7.640384941213602e-06,0.09992568530589209,8.075376417378294e-06,0.09064638474771565,8.029235715058877e-06,0.08965637081883863,7.546591752097697e-06
2026-01-06,8.84473966747366e-06,0.12283745525577834,8.959738213486733e-06,0.11793124279505139,9.096032775323488e-06,0.11326308632482311,8.881886228487324e-06,0.1362334590176355,8.973127603271938e-06,0.1310770441640022,8.901211273445919e-06,0.1289673458610877,1.0847532285335063e-05
2026-01-07,9.67212813313487e-06,0.11674413697886865,1.0122821815106503e-05,0.11883925873869972,1.0134359156586414e-05,0.11958029614763166,9.281323330524782e-06,0.1188146570623102,9.00254209117168e-06,0.11589482000417395,9.097327075819338e-06,0.11057207540061681,9.904790427722961e-06
2026-01-08,1.0144175446511731e-05,0.08086177328511167,1.0405168808525668e-05,0.0843324566781151,1.0581519497709886e-05,0.08779058571019444,9.376265339407692e-06,0.07297670695135641,9.68294285529086e-06,0.07296003269719939,9.790865539294287e-06,0.07387951464379,8.451629165110641e-06
2026-01-09,9.77949880653003e-06,0.10208528549987496,9.330200052716492e-06,0.094336206716645,9.334699224133449e-06,0.09275395238507018,9.071767245514702e-06,0.08608484329025524,8.999883627892686e-06,0.07861428466065272,9.033572540201894e-06,0.07503321291222459,7.456685500446055e-06
2026-01-12,7.266703584458684e-06,0.14299443154776756,6.8832190430333445e-06,0.14427350200873476,6.8043786206071206e-06,0.1394356146141035,7.01543163611701e-06,0.1400382555248619,7.040134636222365e-06,0.14357159772600842,6.893779114719738e-06,0.14409972802360152,7.095560078537933e-06
2026-01-13,1.0370914319225856e-05,0.08008830690449298,1.0069644183915676e-05,0.07710963971250011,1.0376900516949194e-05,0.0809043747475069,9.876600510164195e-06,0.07700743623501975,9.759424664522613e-06,0.0751139257006795,9.987513675433677e-06,0.07767174449993186,9.640788164172791e-06
2026-01-14,1.100546810243762e-05,0.14718452856152334,1.1230177990751762e-05,0.14205760698214828,1.1505660378495429e-05,0.1440341862310511,1.0894358125839259e-05,0.1660240632561486,1.07684229422834e-05,0.15784187160432808,1.0888736256047077e-05,0.16259569005376387,1.037343779843528e-05
2026-01-15,9.468395587478185e-06,0.10820238681822884,9.37863488045656e-06,0.10792892496048617,9.559262531006308e-06,0.11033958636599428,9.264977970859998e-06,0.11212063217852945,9.210978951967634e-06,0.11150717805005356,9.220164945986323e-06,0.11229709432648101,8.548818959066136e-06
2026-01-16,8.041990547634508e-06,0.12316714967175402,7.36416873743559e-06,0.119588975260703,7.387284546376634e-06,0.11732054663066804,7.626720684354859e-06,0.11898787373205567,7.4319952494368795e-06,0.12579105946612293,7.589074286738999e-06,0.12330269279462576,6.929318568504807e-06
2026-01-20,1.0940329055027308e-05,0.08001184818639996,1.0891422696994265e-05,0.07916541975096415,1.1414578620434074e-05,0.08464233844400336,9.791504122493624e-06,0.08681842849446124,1.024661589106763e-05,0.08463672703760074,1.0733689858890612e-05,0.08615397547006749,9.930764231217728e-06
2026-01-21,1.4562788515440553e-05,0.6284408663714244,1.4845323621116066e-05,0.5977459350518305,1.5224511071810348e-05,0.5727535096896192,1.4707513191878463e-05,0.6522426149977926,1.4854325988157497e-05,0.6321816424839969,1.4700314478244028e-05,0.6195711487059482,2.0834190992079358e-05
2026-01-22,1.1556032888105409e-05,0.14650572259687492,1.1760942551872219e-05,0.1516677713790517,1.1677071859626373e-05,0.14876748859868172,1.1395781819097262e-05,0.14847461781512844,1.1500328004087433e-05,0.14411890285674955,1.1593447122082229e-05,0.14443177205761257,9.585434417503418e-06
2026-01-23,1.0901713024001749e-05,0.10465873681579557,1.0808925737816212e-05,0.10139711592923882,1.0658075900263353e-05,0.0975048340314773,1.0831900219217977e-05,0.10413033019543101,1.128711353947919e-05,0.11304128138668573,1.1322247756497322e-05,0.11379030758817356,9.661086383609942e-06
2026-01-26,7.843262580352863e-06,0.12137487476091369,7.911337160319206e-06,0.12380058098982756,7.876001875410773e-06,0.12247516485109199,8.219390720391407e-06,0.1349319963618965,8.77195093195599e-06,0.1516784857073805,8.60338848256976e-06,0.1423169271964647,6.873364809608574e-06
2026-01-27,7.3506264730331e-06,0.07883704079444633,7.877038619721246e-06,0.08533611166300532,7.781046046294604e-06,0.0810226568702551,8.296721878297091e-06,0.09118278505220105,8.614944975421515e-06,0.09937129229094167,8.556733363226451e-06,0.0968610834776465,6.672576025646344e-06
2026-01-28,9.542655915048261e-06,0.16794181141144945,1.0544421537911308e-05,0.14876879568551468,1.0423244867162625e-05,0.14636832820844806,1.0272435589900071e-05,0.12054421258276193,1.117966629948869e-05,0.1233855310499773,1.096732744929471e-05,0.12322248617317184,1.048246099610804e-05
2026-01-29,2.5634664856908317e-05,0.10803061995482961,2.33437266977035e-05,0.10346935416890185,2.3874640119278403e-05,0.10243145353159129,1.947968242228088e-05,0.11706389206156163,2.004751404887087e-05,0.11886101301387018,1.981664600956782e-05,0.12609246305681926,2.2459601918169993e-05
2026-01-30,2.336256571960424e-05,0.05888329018148749,2.1566163029012307e-05,0.050089748526865874,2.0768826120055466e-05,0.04749589090733144,1.9538893333430204e-05,0.057338027041222726,1.92207764065554e-05,0.057179967329182235,1.902360438806007e-05,0.05675753738277576,2.102936455237035e-05
2026-02-02,1.4766618027079189e-05,0.21267602543940764,1.1469286221083382e-05,0.2723615376074792,1.1526088699416284e-05,0.26415261597641765,1.3233170448930844e-05,0.29947303924169527,1.27464938416617e-05,0.25894111403591497,1.2568355818076945e-05,0.24514744199323724,1.4994668308216466e-05
2026-02-03,2.22331570604966e-05,0.05915710581795718,1.9094960240908127e-05,0.09511565781641561,1.965440176704431e-05,0.08266562948975634,1.9531203848040054e-05,0.08662886177035799,1.9406018065555416e-05,0.08700657399365674,1.958070312571783e-05,0.09697303487600416,2.4939693677972142e-05
2026-02-04,2.9826105427563945e-05,0.08191036207315516,2.757854247444732e-05,0.08822497755244536,2.8560593923858114e-05,0.08131544225947687,2.4374254150814066e-05,0.10776861780963688,2.497292778285332e-05,0.09885316833797585,2.5192764473719434e-05,0.09351669332998165,3.1314498252380474e-05
2026-02-05,3.463802565287515e-05,0.05844563517656354,3.435699136019252e-05,0.05821958054770266,3.611144663368438e-05,0.060500672936805444,3.019366665353401e-05,0.05882324193378815,3.120095459002899e-05,0.0565979628385976,3.152066847911093e-05,0.05322863520521274,3.0379797322818444e-05
2026-02-06,2.7382380427925056e-05,0.1184199291388759,2.5951502189281925e-05,0.11552308589186601,2.6915454476148107e-05,0.10896029147867631,2.3522284900822046e-05,0.11313396051401582,2.334648015542354e-05,0.11723614150916696,2.3371366377818573e-05,0.11501586323263695,2.535194593445637e-05
2026-02-09,1.766302305707103e-05,0.1293532812710861,1.5330925515809232e-05,0.11974355647328705,1.5713324953821847e-05,0.11797075649827242,1.630817762121185e-05,0.12564641247857863,1.6106674547593602e-05,0.1213510946311211,1.557840883319571e-05,0.12226188314093335,1.4155819189340545e-05
2026-02-10,1.487740924111715e-05,0.1079794604546813,1.3293735820942742e-05,0.09397213511510404,1.3651658896738552e-05,0.09420085513968667,1.3897996177860577e-05,0.10660526515848284,1.3271397435259379e-05,0.09170136766706073,1.3287837900723606e-05,0.09471754486561289,1.2035454494675318e-05
2026-02-11,1.98976676479503e-05,0.12956690773501378,1.7999471339588268e-05,0.12608082165290432,1.7860734235650197e-05,0.1283956365562773,1.94656518147625e-05,0.15497962007417523,1.7464687395534127e-05,0.13134215146836528,1.7893735338498754e-05,0.14007313394371304,1.8580837621899787e-05
2026-02-12,2.425402624572764e-05,0.05600065409817775,2.260314967651485e-05,0.058512930189412095,2.345348969606158e-05,0.0599196989271926,2.186940842251514e-05,0.06732824196106785,2.155661071463404e-05,0.059352530428045135,2.1031879808118163e-05,0.07121379506747309,2.4675471472783998e-05
2026-02-13,2.4504804625466523e-05,0.07580890513425113,2.3393595308983533e-05,0.06896077895117601,2.3559085923309628e-05,0.06997869964689513,2.082702506039938e-05,0.0707498956228686,2.0670961966805248e-05,0.0650164451774186,2.0765731810401904e-05,0.06704116266295762,2.1513538204111878e-05
2026-02-17,2.3469641029457995e-05,0.08036196922161802,2.2234263403935075e-05,0.07360568415184941,2.3250069916499615e-05,0.07932315574129387,2.1037570009492818e-05,0.0691973834435482,2.0989377833674082e-05,0.07154301798287958,2.1950679772219977e-05,0.07499386155016208,1.9081210906313643e-05
2026-02-18,1.2330544827806206e-05,0.10019243354949171,1.1623673601003488e-05,0.08781123330814612,1.1671977037315984e-05,0.08682873050591462,1.2577011408667268e-05,0.11365425413289748,1.1909560313729187e-05,0.09479622418693162,1.1961745271606108e-05,0.09400661168313862,8.88719931863166e-06
2026-02-19,1.3444837286589774e-05,0.08070745402303924,1.303007927179055e-05,0.07719858252308073,1.335549369788244e-05,0.08164918349663623,1.2797254220522093e-05,0.08771584525286112,1.2498161250448588e-05,0.08459810406378619,1.2541505978865552e-05,0.08814840510557638,1.1273285026743344e-05
2026-02-20,2.2744036996102373e-05,0.1525709088826758,2.1633780551428113e-05,0.14641948321721363,2.170504503220722e-05,0.1462058328603518,2.1432398935572352e-05,0.1328629192952833,1.9628233517132086e-05,0.13415655823639105,1.9227518043650018e-05,0.12838189040826706,1.9172638507543877e-05
2026-02-23,1.3367072625906437e-05,0.07747216956584539,1.227788893660005e-05,0.06463372730741511,1.2689226224093273e-05,0.06926457001402063,1.1706290408195261e-05,0.059740564562513025,1.2592346350771411e-05,0.0682224281813764,1.3147812345604629e-05,0.07524319260261239,1.0544327436734903e-05
2026-02-24,1.2110995910781586e-05,0.08408500614298237,1.1707168925274854e-05,0.08389155373059591,1.1932740690685688e-05,0.0862341235473607,1.0975182334952506e-05,0.0786108911291937,1.1697307893565481e-05,0.08828676978719467,1.1495420958605997e-05,0.08493429961748078,9.96689521312278e-06
2026-02-25,7.628505852591104e-06,0.09355596613271931,7.681527002194953e-06,0.10326467487566772,7.668299222263334e-06,0.10406960576435752,8.405787225563388e-06,0.12457617688967239,8.287159959739927e-06,0.12256095845401464,8.31306442349128e-06,0.12277761369685065,6.218711626956371e-06
2026-02-26,1.6713736623505317e-05,0.10023437266415823,1.634718021538131e-05,0.09694761544007331,1.6494540165689987e-05,0.09855341170705097,1.5964683261104208e-05,0.0923250411742577,1.584717864439163e-05,0.0933744216483589,1.5772210227035596e-05,0.09351492900924936,1.6435841406993983e-05
2026-02-27,1.4732754992685097e-05,0.08202868129345832,1.453663024047736e-05,0.08133976909896336,1.5025825746605239e-05,0.08432560619088891,1.301951757636705e-05,0.07012990764455075,1.3297332035003011e-05,0.07171393741762888,1.3329823094586277e-05,0.06708562216734361,1.3591113139747951e-05
2026-03-02,1.63813150251935e-05,0.09130416235375811,1.4677818600878933e-05,0.09908335622690627,1.4634081354410122e-05,0.10177292411713394,1.447395975910747e-05,0.1103409434194426,1.5447250897061834e-05,0.10582997599083525,1.557780906693324e-05,0.10314411101813065,1.5787469214774148e-05
2026-03-03,2.31029381711923e-05,0.07775947864885704,2.2163799206549154e-05,0.08159788706403391,2.2387963875918646e-05,0.07947917980165466,2.0877503794903364e-05,0.09150632476804503,2.13992212419097e-05,0.08482044765654552,2.1656832646494736e-05,0.08275896876695847,2.301026939574865e-05
2026-03-04,1.6020902960625557e-05,0.11127314557046498,1.5416264632086975e-05,0.10486607133212712,1.5237640236479292e-05,0.10227150628030557,1.495446630936864e-05,0.11180523296036994,1.5280385231407093e-05,0.10955992555614924,1.4475320160260073e-05,0.10233975029354596,1.3086383113195436e-05
2026-03-05,2.0971637214317e-05,0.11002748388362626,2.0598175437710093e-05,0.11703063387664321,2.0668867458418244e-05,0.1141184984248883,2.022282739602922e-05,0.13496509688010772,2.0003098196692014e-05,0.14670131742824152,1.9745454676626195e-05,0.14667278051574992,2.415949844749957e-05
2026-03-06,1.6968730641558913e-05,0.0751851991131433,1.7452190399383344e-05,0.07074951253876434,1.737135990553939e-05,0.06869078566873381,1.5690490128294105e-05,0.08590343946089302,1.688951516702241e-05,0.07562174303859148,1.707256357857114e-05,0.0774147667437639,1.6946496238079633e-05
2026-03-09,1.783772061178824e-05,0.37434501097422296,1.7100458511483578e-05,0.3925214468680933,1.7409301456205097e-05,0.39205173654559244,1.6134211352386725e-05,0.4093329878983454,1.713478335014634e-05,0.38970632074932426,1.743728461398483e-05,0.39172212584757155,2.0034463850065354e-05
2026-03-10,1.6392749733341102e-05,0.14893819125029842,1.5849026788550653e-05,0.15235816333623375,1.5866056351468742e-05,0.15403395868213907,1.5520398045438096e-05,0.1426468143363284,1.5700424736973205e-05,0.13508256876943625,1.5382332932588226e-05,0.14995780558272923,1.5497103450109276e-05
2026-03-11,1.4313190643694784e-05,0.1490908550626512,1.4184248727859894e-05,0.145929867671764,1.4028147099104233e-05,0.1456534707601316,1.3898743262024915e-05,0.15609727208293825,1.4343177819324784e-05,0.15610447458196727,1.4248382868163302e-05,0.15663200402759792,1.2263326645479527e-05
2026-03-12,1.4608046247497198e-05,0.09637295370151093,1.5214340884461902e-05,0.08927943602048088,1.5611297443666374e-05,0.08871923420175093,1.4762970538250986e-05,0.09657110787332153,1.5250108011181233e-05,0.09494420291199517,1.510388308386157e-05,0.09448824393509044,1.6579322357303816e-05
2026-03-13,1.531923983566327e-05,0.08127782239160833,1.6002326313803713e-05,0.08113194412388686,1.6741995320967987e-05,0.08403711352390932,1.5076944065147045e-05,0.08741061333039742,1.5442577352133152e-05,0.09048227780671007,1.5458698190691012e-05,0.0896715470904984,1.531189409464924e-05
2026-03-16,1.1879662736746903e-05,0.7897576081309389,1.1120323434725092e-05,0.8032755981199,1.1266975591393177e-05,0.8048336750377515,1.2312714747389746e-05,0.7101532733144569,1.2762502662969871e-05,0.630154419874662,1.27976133442764e-05,0.6121032843257124,1.7942891455932756e-05
2026-03-17,9.400917120445175e-06,0.19013303959780817,9.180335586281542e-06,0.18335308888831434,9.386742896484827e-06,0.18784641051427595,1.1650271794899052e-05,0.2179219896052865,1.1569929226062347e-05,0.21023821426220032,1.1922201145731602e-05,0.22614770962864875,8.534572370545689e-06
2026-03-18,9.678828051406422e-06,0.08686254515131515,9.559724704711798e-06,0.08562986288205482,9.699947961209421e-06,0.08802416092661225,1.1577777026270442e-05,0.09210315809176402,1.195978740740232e-05,0.09664195690266246,1.2031092997865125e-05,0.09854475305798283,9.316770955485531e-06
2026-03-19,1.2516299015477731e-05,0.24211928178801645,1.2880860310546501e-05,0.2343873479140439,1.3885327834908031e-05,0.21183415326492527,1.3345393962414884e-05,0.19056558820569713,1.333344428491288e-05,0.1892713511058648,1.3302303776926393e-05,0.18757759984290165,1.5206690178251305e-05
2026-03-20,1.3001009679218498e-05,0.10789048652230869,1.329950875257307e-05,0.104927030387427,1.3635223708046624e-05,0.10648734253269998,1.398888978556698e-05,0.12057222875834474,1.4300615769840313e-05,0.12282130181716544,1.4284294450894894e-05,0.12263154337229161,1.2628255516893295e-05
2026-03-23,1.4644661349334335e-05,0.07130554623807078,1.3699077521815577e-05,0.06887166807220191,1.3706449295990223e-05,0.06772979021739527,1.53491816135296e-05,0.09979086866553498,1.5380834447577376e-05,0.1044488127324431,1.523088047716736e-05,0.0997491552123555,1.3250307811877968e-05
2026-03-24,1.537871980057146e-05,0.13073515492761842,1.5189228657547664e-05,0.12661931253584802,1.5601162760548175e-05,0.12692579954404978,1.5300960699367896e-05,0.15987340257513058,1.5259222598348822e-05,0.1571107339792157,1.4886625503556035e-05,0.15144441709861575,1.5314806962479785e-05
2026-03-25,1.252108345985587e-05,0.172386754271083,1.2442127800834116e-05,0.16926430765753822,1.231516584313567e-05,0.16388412997700635,1.3680840706845873e-05,0.191792162906827,1.2016017270736307e-05,0.14568459086265398,1.214548596753355e-05,0.14669549789498926,1.1228045818830555e-05
2026-03-26,1.415858430680863e-05,0.09828262609170398,1.5191109183251542e-05,0.10133176067607663,1.6054407964155807e-05,0.10802417282362702,1.4726675730936988e-05,0.11585896436863286,1.6269895077206126e-05,0.11550734589849775,1.6294275696995e-05,0.10909944373499715,1.2927078870646025e-05
2026-03-27,1.532849394234721e-05,0.10836110356284566,1.6018016508919836e-05,0.11384984370374822,1.672228683356345e-05,0.12500555092584556,1.4944960968653183e-05,0.13211310626126296,1.4941921772088527e-05,0.10541436716821771,1.5444427314449975e-05,0.11154958077148754,1.2814060015851004e-05
2026-03-30,1.4708645727496283e-05,0.08543781016870784,1.4535864037409263e-05,0.08265457635702274,1.4932788560466305e-05,0.08348835474198174,1.4761072126251113e-05,0.07849495964955167,1.4921037733506583e-05,0.08410021833135349,1.504203428586028e-05,0.08363486584920382,1.3761847692435043e-05
2026-03-31,1.8185985273891926e-05,0.35345121329017637,1.8295080974810014e-05,0.3428699411573726,1.818867733032309e-05,0.33743829217404614,1.7528136513110748e-05,0.3346829517473755,1.805608232723039e-05,0.3258408047831056,1.8140499886555167e-05,0.3126074922192934,2.1597309372521026e-05
2026-04-01,1.2398371209918334e-05,0.06805716967278976,1.2502904349773752e-05,0.06784838630763325,1.2088438136509038e-05,0.06348435570789633,1.2997173137703486e-05,0.08638505896825309,1.223790465469564e-05,0.06379951783559673,1.2449034047416606e-05,0.07124335002642031,1.0601376008405236e-05
2026-04-02,1.7379026999533544e-05,0.2668615842609133,1.6888325952942905e-05,0.26358302019517976,1.6801026284881997e-05,0.2615775067952476,1.5641987560550655e-05,0.30778244526160387,1.5634539516209357e-05,0.31874971816360276,1.5607650354242416e-05,0.3178562715848092,2.0608371666821756e-05
2026-04-06,1.1628941168611832e-05,0.16474556593547027,1.1015153721343689e-05,0.15307943118130712,1.1138369576299017e-05,0.1484047105337156,1.156760106214876e-05,0.1765149981362907,1.1836519684739555e-05,0.18133539780669874,1.2071505010238312e-05,0.18372413239826932,8.852850423026839e-06
2026-04-07,1.220902537848085e-05,0.28856710817458836,1.2527926626248418e-05,0.2746424476411891,1.2955039890106757e-05,0.2652891948691803,1.1702717713082344e-05,0.30252414829879076,1.4303927319074525e-05,0.23353601654045128,1.4464570053702041e-05,0.24576074650063995,1.4003498293047716e-05
2026-04-08,1.5824951542080538e-05,0.26513140546645997,1.5435329744845368e-05,0.2626881081906676,1.538133095235009e-05,0.2660309333990573,1.493165103659218e-05,0.24436909484279037,1.4678678166734594e-05,0.273003552908299,1.5263270981341752e-05,0.26824491644138304,1.7182350602312816e-05
2026-04-09,1.4092256370397291e-05,0.09525651083823018,1.4197041129846431e-05,0.09830570723220354,1.4707640643069118e-05,0.09738342488151679,1.3867596140119299e-05,0.11182247470128844,1.3494116728920812e-05,0.10547869214979404,1.3625097885834676e-05,0.10542209423787845,1.4451615993791094e-05
2026-04-10,1.0935446045757793e-05,0.08965661353910288,1.0709641366973325e-05,0.08897299258699216,1.0806479960477662e-05,0.09140429743757379,1.0739323500644826e-05,0.09928192744229562,1.0057639921346788e-05,0.07044811163062524,1.0239303334504998e-05,0.07623716794559661,8.633442632841111e-06
2026-04-13,1.0498558208545358e-05,0.1478896791853925,9.530258644574071e-06,0.13686980829587192,9.309499693589671e-06,0.1370750775167055,1.0799169519404642e-05,0.15169684100336833,1.0211817718039148e-05,0.13516068764082415,1.0047504113504017e-05,0.13297246979431993,8.729155767967253e-06
2026-04-14,9.827983732664997e-06,0.12920704546023207,9.476504120585785e-06,0.12494776242759144,9.549778059565899e-06,0.12424775662126897,9.549020077742467e-06,0.1275610998862011,9.538862480934952e-06,0.12294915836235239,9.581813903815262e-06,0.11900950991083055,8.001530225632489e-06
2026-04-15,1.2674983389122325e-05,0.17201432154282403,1.2229304061944034e-05,0.17753868265518977,1.2221593477761989e-05,0.1700302256997701,1.2617901724767659e-05,0.16853567690702234,1.300130084399614e-05,0.16555701876723297,1.324759440820952e-05,0.1589678353703223,1.5150195914700679e-05
2026-04-16,1.1615959817121352e-05,0.14190590025157554,1.1574939982373201e-05,0.13895902327609275,1.173532702130589e-05,0.1365317168900484,1.0990080418690699e-05,0.15178790426660127,1.1031356415244613e-05,0.1471443259563734,1.0725047814370039e-05,0.144530876206071,1.023677263097867e-05
2026-04-17,1.350263994708673e-05,0.18610909174639867,1.308081322441297e-05,0.17991706831705145,1.2826739213395191e-05,0.17976928985458032,1.240893226042677e-05,0.18041915851501,1.2233910010911186e-05,0.18237615870059712,1.2621118461413525e-05,0.178409884628543,1.373784636777415e-05
2026-04-20,1.1182024996528313e-05,0.10756002294945168,1.0317975105304197e-05,0.08849123322219166,9.955573886996685e-06,0.08267265960240154,1.0091201903937202e-05,0.0897372987507734,1.0350958988322462e-05,0.0930431625249432,1.0862237323071438e-05,0.09934896596702354,8.749352166718571e-06
2026-04-21,1.1615824374234129e-05,0.08548965670679438,1.1364105042851645e-05,0.08757514427638009,1.1378493052904764e-05,0.08397171248327022,1.1680427274263466e-05,0.0780686325750773,1.2218084493795284e-05,0.07692171359368043,1.2439981651293282e-05,0.07821525497934305,1.1414941868842469e-05
2026-04-22,8.3831503894021e-06,0.07843001084295054,8.449321518022782e-06,0.07898917596770537,8.486149892394401e-06,0.07843138531477854,8.36449985108515e-06,0.0871434393230297,8.464959290717615e-06,0.08877055858936606,8.541032967279194e-06,0.08594005308100627,7.109213986599909e-06
2026-04-23,1.729082951823411e-05,0.2593474222940046,1.7050861378562822e-05,0.2522020787092844,1.762635256597047e-05,0.24129282212018824,1.679986486156264e-05,0.24190482718577322,1.698170243646587e-05,0.2398504824589843,1.7025182096915035e-05,0.22432429314878655,1.8329257014882382e-05
2026-04-24,1.4726441793060508e-05,0.11541551390828109,1.4570736047400415e-05,0.12045407958138699,1.4448050489978934e-05,0.11618025052662616,1.3319804283250653e-05,0.10755128089184658,1.3072519405974144e-05,0.10777089602036923,1.3582920991987157e-05,0.10922248572310263,1.2815682968023863e-05
2026-04-27,1.1585643142649073e-05,0.08481769582818938,1.1184019225098815e-05,0.09285944264129775,1.094055573696761e-05,0.08801467502692817,1.1221249871759864e-05,0.08161029557226428,1.1315114051872273e-05,0.09404987305501994,1.1252643704541145e-05,0.08002034736249998,1.0869412163331872e-05
2026-04-28,1.2807328505339507e-05,0.09526540758247835,1.3400718877834538e-05,0.10831121997225775,1.3051965815575235e-05,0.10419184507818234,1.2090483168134057e-05,0.09622731545190012,1.2774948035720955e-05,0.10335947252375492,1.2349356274953991e-05,0.09975440994876734,1.2286287898789807e-05
2026-04-29,1.179395622743877e-05,0.07908611878929318,1.2551773093271967e-05,0.08944757820426529,1.2448012503912827e-05,0.08830403119918508,1.1712146126296826e-05,0.07602816235319221,1.2498373306215516e-05,0.09184356678152694,1.2572332345779348e-05,0.08995498414119611,1.0676497659875544e-05
2026-04-30,2.499749607039175e-05,0.13671734463544546,2.4306473407634272e-05,0.13875026643062402,2.418499394033487e-05,0.1311615936180456,2.3763569847025293e-05,0.13497482726924626,2.3789823149547265e-05,0.13771138898826202,2.3351116631091246e-05,0.13829941761071698,2.6956990875460703e-05
2026-05-01,1.977813706323825e-05,0.0927913554166301,1.8156335681991908e-05,0.07892069304069183,1.7768512775823904e-05,0.07682381409199131,1.8314515376393635e-05,0.07819752400039534,1.7368321336667653e-05,0.0691334784150412,1.759225551537817e-05,0.06737459195776964,1.737836971178049e-05
2026-05-04,1.7436434782177455e-05,0.15661845459160353,1.511766096016087e-05,0.14702510400590085,1.477797040829814e-05,0.14352137177655613,1.636915549012542e-05,0.14094268218070977,1.545978863552224e-05,0.1279568297944728,1.506066817894307e-05,0.13164047564948808,1.6880352176192896e-05
2026-05-05,1.2700785477072533e-05,0.11803677203215031,1.2025962849598353e-05,0.11444092532692639,1.2040629988876707e-05,0.1106459369256302,1.2294078877600245e-05,0.12084152739137732,1.1859927626940635e-05,0.12144507285251703,1.19497483843522e-05,0.11950375867278999,1.1600955072929122e-05
2026-05-06,1.6234818281846034e-05,0.12960019518104796,1.4915331688811671e-05,0.12901299289508747,1.480719771410199e-05,0.12862447403573185,1.6112463094718735e-05,0.13215228799395015,1.5209524367871054e-05,0.1315842155351132,1.496320904631139e-05,0.1348760195281809,1.6118804653764877e-05
2026-05-07,1.8575172410732745e-05,0.10549803483983415,1.774423591096878e-05,0.10649319562516789,1.7925856729614283e-05,0.10691944113143086,1.8318415954157836e-05,0.11503031111299944,1.771446579163446e-05,0.11101285292013992,1.7507890476187542e-05,0.12074560884875964,2.001811232750023e-05
2026-05-08,1.2652671063343877e-05,0.08887951746331514,1.22296049141294e-05,0.08156382459417537,1.2123316722360592e-05,0.07751614770705824,1.2245312169140988e-05,0.07951598242816262,1.2242912066786582e-05,0.08064260012077107,1.2403895742508197e-05,0.07815059975532768,1.1746292277199072e-05
2026-05-11,1.3323328114123503e-05,0.1275675368744482,1.2362296699720612e-05,0.1322659810011497,1.226001255945285e-05,0.1390158454198345,1.3624498533249688e-05,0.1239100437532798,1.3615142383252382e-05,0.1214348205952917,1.3990873019307885e-05,0.11601282602745999,1.5817603549731126e-05
2026-05-12,1.6711870024350405e-05,0.058260572458753,1.655805100344188e-05,0.05843881654589029,1.649873955506086e-05,0.058203975727033404,1.571843799862508e-05,0.05941530984817215,1.6088659423101805e-05,0.055673025152279586,1.6186095692503543e-05,0.05707422737914736,1.5830681362738596e-05
2026-05-13,1.4900445627893849e-05,0.09111877880573475,1.4861532245516781e-05,0.08909460340840948,1.4879401980111222e-05,0.08991875037100601,1.4760897489423287e-05,0.09998919620219127,1.4569645986795337e-05,0.09567276769693124,1.5019864322979214e-05,0.0929274750308856,1.5422491053177452e-05
2026-05-14,1.3591092069894292e-05,0.1735032065782448,1.3991925136457503e-05,0.17747660223355077,1.4253889836265231e-05,0.1748203668097714,1.3361101267242101e-05,0.1744745596967494,1.3813905777230252e-05,0.16314740870634614,1.4050614056514664e-05,0.16819902296750142,1.2535354744987767e-05
2026-05-15,1.6361585357743594e-05,0.07982698327356791,1.5697924082361015e-05,0.07543409688707998,1.535852124199343e-05,0.07574879725444782,1.470328835567416e-05,0.07479191674740611,1.4855176130553346e-05,0.0739389515754343,1.4895395069791166e-05,0.07424697922872615,1.4451449075909876e-05
2026-05-18,2.1511319389113452e-05,0.2497082356565146,1.976205193658744e-05,0.27644263520338314,2.0182263828530916e-05,0.2915108903539038,1.893958021086661e-05,0.33520369098575203,1.905692875539184e-05,0.34011701393289434,1.9465284394685963e-05,0.3293012719749632,2.4331687829828513e-05
2026-05-19,1.83982876270403e-05,0.07429049903856534,1.805826473708891e-05,0.06966320885357587,1.81602717121509e-05,0.07543091690483314,1.6888725571354207e-05,0.06591481865731408,1.674760003376554e-05,0.06885118850519768,1.6262455539638954e-05,0.06896351025406888,1.486968682432571e-05
2026-05-20,1.5014060213932706e-05,0.14864032701933258,1.448189881802136e-05,0.14380124798778546,1.452081487717981e-05,0.14666118445532242,1.422825198987874e-05,0.16002214833197667,1.3871023880197099e-05,0.15271650668954007,1.3956046793853414e-05,0.15094457916697573,1.3243182059046441e-05
2026-05-21,1.808433993932964e-05,0.21312224435954782,1.7317357041864976e-05,0.20606919408833937,1.7351599763889317e-05,0.19769800483980213,1.698947974474011e-05,0.20211169838746526,1.6052151731652204e-05,0.21883996675950557,1.5691484898143315e-05,0.20922555228860332,1.559832785848688e-05
2026-05-22,1.1763865292790755e-05,0.1285025299671575,1.1007676523360058e-05,0.11852903701588634,1.0990772776805844e-05,0.11499406982818106,1.082505516788919e-05,0.11788880662927331,1.0697674315744618e-05,0.1163316162935717,1.0762486107143502e-05,0.11241077118909203,9.860429645493955e-06
2026-05-26,1.162986866130412e-05,0.05489641260385094,1.1434700014337895e-05,0.05925290583786219,1.1290851559636283e-05,0.055855728448877685,1.1583755577208155e-05,0.05878808012387857,1.1532644820591297e-05,0.06256510684476307,1.174210705251576e-05,0.06266264484699491,1.1180102038519974e-05
2026-05-27,1.4857768757564195e-05,0.4418450113225815,1.4821240665411042e-05,0.4384699082881314,1.4874919684419868e-05,0.42751546325150297,1.4495813551212706e-05,0.37903199732450554,1.4260007040569619e-05,0.3631663974274624,1.4320535844328727e-05,0.3597376739714242,1.6878172969894836e-05
2026-05-28,1.2514786086959652e-05,0.10467296518479696,1.2361281200933724e-05,0.10432173497738316,1.2295593111730433e-05,0.10480263379775456,1.2280391726097732e-05,0.0965760988262927,1.2040687111870607e-05,0.09608586384893324,1.207402365300713e-05,0.09904900378950322,1.0823946700097914e-05
2026-05-29,1.3210125294246526e-05,0.23356038026560144,1.2596620165820722e-05,0.2424578534714296,1.2583269575164787e-05,0.23054567236233345,1.2478052172487216e-05,0.20396820903757265,1.2415836106313346e-05,0.19991455527481258,1.263865922573949e-05,0.20273768287307734,1.4784246803498683e-05
2026-06-01,1.6080641914142485e-05,0.09664164673132368,1.4910865514926263e-05,0.10373601487746499,1.515413997410867e-05,0.10067548742429948,1.5523608900719725e-05,0.10058278470150166,1.5856883890633884e-05,0.09431053651790955,1.5906642173890842e-05,0.09650215504750002,1.5759415079402367e-05
2026-06-02,1.3277549282482983e-05,0.11576975518305632,1.3512452915575855e-05,0.11842813356892112,1.341114022921417e-05,0.11540704599572248,1.3818824100778147e-05,0.11122090326859053,1.4060025036163388e-05,0.11780240713074495,1.4021357937763198e-05,0.11334674089548108,1.3653505160165354e-05
2026-06-03,1.6814323992279588e-05,0.07735076782091312,1.6485285973385674e-05,0.08799554541998576,1.6408717968534458e-05,0.08823124042336906,1.6210893944227466e-05,0.08285270031062268,1.54300883994388e-05,0.0835525109099211,1.5896963530454918e-05,0.07644604812351133,1.599788080018808e-05
2026-06-04,1.4587588801048833e-05,0.10477386529209502,1.4752468585605436e-05,0.10551748485440225,1.4361227209817586e-05,0.1096227431132377,1.4301533181458393e-05,0.1083462207179859,1.4241263353439746e-05,0.10848579538211599,1.4182763663946345e-05,0.10942812858488445,1.3550299761873648e-05
2026-06-05,2.2545050926653748e-05,0.8349212318682687,2.1061301374359317e-05,0.8418839258253192,2.155477180370792e-05,0.8759930505678476,2.0985530613291942e-05,0.906191552003874,1.9251544478256626e-05,0.8928455728409516,1.9506060058723402e-05,0.8756488360306559,3.101249814243874e-05
2026-06-08,1.9169976064308864e-05,0.3097037885993808,1.8275452369929222e-05,0.31549310865731206,1.859668294927269e-05,0.3346807528490301,1.7669543800959364e-05,0.28606443805341336,1.783230895237625e-05,0.28702886437400627,1.7487013109999144e-05,0.2791851752560454,2.0351700998533376e-05
2026-06-09,3.252501916108463e-05,0.11654870723900794,3.24277770703466e-05,0.11849709648932717,3.261381319378041e-05,0.11717637655068491,2.48883726737484e-05,0.2115751341893497,2.3097876806381043e-05,0.24734799552099707,2.3339346548525056e-05,0.23783264828393136,3.840415987897835e-05
2026-06-10,2.7387795060572917e-05,0.1032997589282842,2.6918390001623158e-05,0.10031810384624651,2.769877957808614e-05,0.10459338585316864,2.2986093097555286e-05,0.11986154186872912,2.134345038089805e-05,0.11914579179282488,2.1536157490817203e-05,0.11886242288733954,2.5736346290750844e-05
2026-06-11,2.8536574007335166e-05,0.47954680353248763,2.9112901107695214e-05,0.47015258241008895,2.950796985082246e-05,0.4350559214221685,2.5734530798383475e-05,0.5087078115351976,2.6958763134191156e-05,0.5150104363671401,2.631964900474978e-05,0.525593472827225,3.377152751476827e-05
2026-06-12,2.770329260488997e-05,0.13083799156119064,2.7149326636188512e-05,0.12293949547127343,2.7165123374622772e-05,0.11405151942400173,2.3530684008694144e-05,0.1354091124795354,2.4735754421818256e-05,0.11529007858666636,2.442342643842642e-05,0.11778933402254227,2.5788975847642687e-05
2026-06-15,1.406304606213903e-05,0.10694406777064952,1.3340823068476919e-05,0.09498861784623537,1.3281793456327494e-05,0.091820510388586,1.3644872122626885e-05,0.09360564656459364,1.2990921546386484e-05,0.07930333543646327,1.3108981311404428e-05,0.07966238606509914,1.1035525702966754e-05
2026-06-16,1.4843499102360174e-05,0.12012976725442272,1.4656790443374896e-05,0.11972357005620897,1.4539461069504248e-05,0.11159980002778687,1.4296838574148236e-05,0.11393843884715722,1.3725402630959138e-05,0.10563185257124248,1.3491125117312617e-05,0.10964004955161653,1.2572632719704586e-05
2026-06-17,1.7293050729137744e-05,0.3944772236849852,1.6349915730319486e-05,0.42453300362000473,1.5727730705365535e-05,0.45436577520375465,1.6812485597099136e-05,0.2949991550183429,1.544227296018391e-05,0.43561593335192494,1.5847003370464304e-05,0.4173850346496019,2.0493916401547106e-05
2026-06-18,1.6966479016821383e-05,0.15743239937893022,1.586247833155312e-05,0.15551996879445576,1.6084440036374133e-05,0.15428097343320524,1.5419223309025608e-05,0.1561822623185239,1.4689406599532505e-05,0.1492240155904708,1.5105991741222595e-05,0.14567533798980672,1.5846185654777217e-05
2026-06-22,1.7638722116400434e-05,0.12155417826390014,1.715434122915883e-05,0.12124232173592762,1.7247814260909725e-05,0.12105040764591853,1.645250330341314e-05,0.09316947241507652,1.603342005193159e-05,0.09914644271671176,1.637370927968042e-05,0.1089198966838465,1.6122010403970975e-05
2026-06-23,1.5741777450457562e-05,0.1340936092829996,1.586776994546508e-05,0.1310972905188013,1.6371553894959476e-05,0.13549824565365406,1.5164425964690216e-05,0.12850737207443616,1.4987389302723768e-05,0.12290667966121711,1.540373920976156e-05,0.12259064385446405,1.3532972861097515e-05
2026-06-24,1.7760482049366277e-05,0.07627116720207276,1.774464016583974e-05,0.07559480285062546,1.798420968992044e-05,0.07381688824167373,1.774560585490509e-05,0.072151483981976,1.6899826126772092e-05,0.07711248729518792,1.742882111052433e-05,0.07063467891621954,1.686483646003797e-05
2026-06-25,2.6734845322626847e-05,0.10453309100868129,2.6935089023193533e-05,0.10152616294383125,2.7820568292508146e-05,0.10071108960757892,2.4461007470023357e-05,0.10099451444527142,2.3679975993187952e-05,0.10750471837886799,2.4168941259480802e-05,0.10450980154990856,2.491952626145833e-05
2026-06-26,2.2946493159472508e-05,0.1634556865726041,2.237065229951446e-05,0.16819728674691206,2.252290515650086e-05,0.17253632039076605,2.086142283171612e-05,0.16245154067715187,2.031056093278228e-05,0.1714713314953058,2.085178543956763e-05,0.16513199372917045,2.477839226658969e-05
2026-06-29,2.3677284036412876e-05,0.09417998519403786,2.3356294424938434e-05,0.09041862915182719,2.2767823382390207e-05,0.09083384554205208,2.161504910542649e-05,0.08466164812391953,2.1280935257503156e-05,0.08189583273294626,2.1584983616561558e-05,0.0841268571635045,2.03438063977014e-05
2026-06-30,1.5786090171866828e-05,0.11098086488451187,1.590096205945637e-05,0.11132655488577459,1.585478176617065e-05,0.11024955027028512,1.469177604521258e-05,0.11390502226596777,1.5157008345227535e-05,0.11170076806576412,1.5011305600350832e-05,0.11188090627542646,1.576571274600423e-05
2026-07-01,2.278792080940963e-05,0.11003829906402061,2.3314457502781655e-05,0.11080940152162617,2.290039166418622e-05,0.11319025335722643,2.273657710844455e-05,0.10680714503685369,2.057462608321587e-05,0.12233819504173388,2.152804405225777e-05,0.11044075220969501,2.3550135984048335e-05
2026-07-02,2.738496678609947e-05,0.109389232655146,2.6481589585212326e-05,0.10587919951301616,2.6061741703537963e-05,0.10841032791376165,2.643529453913303e-05,0.10524453484803357,2.32335875103522e-05,0.11561669083996806,2.4831357746777565e-05,0.11317409380047073,2.5392434221722872e-05
2026-07-06,1.5399980474176735e-05,0.14777236997018933,1.5198535662319608e-05,0.14478038358081344,1.5079652443086446e-05,0.14504747023193074,1.4068004806985413e-05,0.13726103843451215,1.4199990866308971e-05,0.13177811966374567,1.4592864441686588e-05,0.14179359573545405,1.2220183387933774e-05
2026-07-07,1.7676069312076784e-05,0.16949481795906615,1.8282191277199113e-05,0.16644724856404183,1.806037303604433e-05,0.1646356330911545,1.7281483121543025e-05,0.180313874781158,1.7507285941089356e-05,0.1720010195173085,1.7420343946519966e-05,0.1643371548053347,1.7169362291775872e-05
2026-07-08,1.6640131510295665e-05,0.20249350842303734,1.6934678847346636e-05,0.2084713307623259,1.706506216692126e-05,0.20714414691129832,1.6429675611195066e-05,0.22773902454205422,1.6337281120217904e-05,0.21321129831392296,1.6279363901199546e-05,0.22072054782985115,1.6110316259503757e-05
2026-07-09,1.6282006786190825e-05,0.14236604563826993,1.703629470303956e-05,0.14514629919794053,1.722059905995377e-05,0.145632084447452,1.5652416728061966e-05,0.1438335973003647,1.5972125692573536e-05,0.13712027016866488,1.5604318247369428e-05,0.13907431576943416,1.5449313014648385e-05
2026-07-10,1.9498209540495654e-05,0.12449491432874567,2.0791174988323895e-05,0.1309125443448189,2.0493071758184842e-05,0.12842307655977306,1.8150337211686004e-05,0.12293462456932126,1.7960989970448656e-05,0.12055767622103997,1.821556127725622e-05,0.11129871933992426,1.8701491195827203e-05
2026-07-13,1.7446237299356338e-05,0.09732643385093682,1.7335161872345713e-05,0.09392309557942032,1.7267867709708663e-05,0.09384863556067762,1.5543453005656783e-05,0.09074298068298169,1.5742173452227885e-05,0.08289072199925963,1.598962546384558e-05,0.08673809059237288,1.4860867286969833e-05
2026-07-14,1.4814451422021745e-05,0.1032964920122698,1.5331288112963936e-05,0.1067482180825531,1.533829658024617e-05,0.10642325363137423,1.3888331715978977e-05,0.09945805722432012,1.4400436167409525e-05,0.0970340391962798,1.4204025809983887e-05,0.09525475503778753,1.3361725232837598e-05
2026-07-15,1.9677323351377945e-05,0.09264157023674426,2.0376824573040835e-05,0.09216932766020086,2.0303230648519915e-05,0.09057353704825165,1.957252719437439e-05,0.1002490046550717,1.901069267455789e-05,0.09518430744128038,1.930843616095936e-05,0.09341355295212896,2.142596476145468e-05
2026-07-16,1.780928965518411e-05,0.1418744869522083,1.8639441761656663e-05,0.1339450741272341,1.8770925176922484e-05,0.1321882789838877,1.7180010278381073e-05,0.14134357034648262,1.752439557361674e-05,0.13857114426928446,1.719278075062578e-05,0.13495403184463808,1.943114529395253e-05
2026-07-17,2.285087114639867e-05,0.23410392847284647,2.4012976431197497e-05,0.2256965064600942,2.3660773036563612e-05,0.22676489262909938,2.126058712380531e-05,0.26478745386636054,2.238409043063379e-05,0.2644469190796475,2.2128569390383274e-05,0.2565653734058278,2.4678233539120358e-05
2026-07-20,1.4759952640664486e-05,0.09588748077681601,1.4841245231585697e-05,0.09523313601607653,1.4877396352861046e-05,0.09302450631756125,1.3872491662058204e-05,0.09886611766038755,1.426894459615777e-05,0.10033470197841547,1.5154891394721626e-05,0.09882123250025816,1.3350129990367274e-05
2026-07-21,1.0954413113463965e-05,0.13097598211811992,1.1650505632954015e-05,0.1348179216063028,1.1804190490782068e-05,0.1382001245688981,1.0911340967171873e-05,0.116275993062813,1.1166787423209535e-05,0.11461139686778599,1.1261746062731543e-05,0.11966387975263078,9.675387373663955e-06
2026-07-22,1.012930242568514e-05,0.12652703499641457,1.0847145251697871e-05,0.14021403825464845,1.102940482098017e-05,0.14122155256559737,1.0628500520143871e-05,0.1452598347639561,1.102508311456735e-05,0.13506953930846174,1.1387988285395912e-05,0.1405352471719419,9.541649329557888e-06
2026-07-23,1.890282071557892e-05,0.0946969883337061,1.9793468594159662e-05,0.10727256364463295,1.982192962098377e-05,0.11992303241032853,1.835558663714551e-05,0.09102419911877117,1.977249040602693e-05,0.10450638342421303,1.9844878216554178e-05,0.10264062296271308,1.9295652889051945e-05
2026-07-24,1.880281445596616e-05,0.10076114232210788,1.9287437564164897e-05,0.1080526688549362,1.9567744567970742e-05,0.10442992167129017,1.754680090641897e-05,0.09648422360352828,1.8109702807473787e-05,0.09976820686844058,1.8406512106132514e-05,0.09676369054097207,1.76878473267802e-05
2026-07-27,2.0080665053855832e-05,0.10163891779754429,2.0493615955044834e-05,0.10656593149059058,2.069986558876492e-05,0.10645914064699426,1.821104685122228e-05,0.10454955335025777,1.9107192470950438e-05,0.10174779094011695,1.9452757137016077e-05,0.10785583520352356,1.774990365439512e-05
2026-07-28,1.8376501141316587e-05,0.08200059619008744,1.9701512080544858e-05,0.09451913127205631,2.0143610338099624e-05,0.09407563880269586,1.7020530609072362e-05,0.07913909261196546,1.7359467178721945e-05,0.08826822053764921,1.7431618242313802e-05,0.08243690422757251,1.6734810506878443e-05
2026-07-29,1.9476712354417727e-05,0.13378075440070666,2.0988211466179128e-05,0.12449979772309282,2.1279502717693958e-05,0.12093770300186209,1.9841041815553907e-05,0.1033162101221539,2.098932162354937e-05,0.1005649023732304,2.0969800932882915e-05,0.09406854124268027,2.1286709018689405e-05
2026-07-30,2.4831302480876287e-05,0.11982822231239075,2.7529344292735316e-05,0.11610801525738566,2.7931482738842116e-05,0.11349126159331695,2.446079602727589e-05,0.10063367227379723,2.566859559539517e-05,0.1052893995446207,2.6491429858771243e-05,0.10460076586120426,2.330324618398648e-05
2026-07-31,2.9593325763810336e-05,0.11838759309320317,2.9635672773382265e-05,0.11908624904923837,2.908916329591015e-05,0.11629103181847535,2.6217148918659898e-05,0.10579336626712847,2.627750276744057e-05,0.09994408376260439,2.674387731390238e-05,0.09913761359821043,2.7090895660882568e-05
