horizon_minutes,window,N_asset_sessions,N_available_origins,N_origins,N_sessions,N_unknown_membership_origins,N_verified_membership_origins,N_verified_nonmember_origins,alternative,baseline_loss,bootstrap_block_length,bootstrap_repetitions,bootstrap_seed,ci_high,ci_low,contrast,coverage_status,endpoint,estimate,expanded_loss,family,holm_family_size,holm_unavailable_treated_as_one,inference_role,interval,null,null_calibration,null_exceedances,p_holm,p_raw,percent_reduction_mean,removed_each_tail,statistic,status,subset,reason
15,primary,2509,160832,12451,419,0,160832,148381,two-sided,0.14066166508758465,5,9999,20260907,0.004547816386226671,-0.0017962292947302503,B1_over_B0,COMPLETE_COVERAGE,qlike_regime_secondary,0.0006491103523353859,0.1400125547352493,log_ridge_harq,4,False,SECONDARY,two-sided percentile 95%; not inversion of centered-null p,delta = 0,resampled statistic minus observed statistic; +1 correction,7022,1.0,0.7023,0.46146926522674786,0,mean,COMPUTED,first_hour,
15,primary,2509,160832,12451,419,0,160832,148381,two-sided,0.1400125547352493,5,9999,20260907,0.0013661024170148162,-0.0005020394507697894,B2_over_B1,COMPLETE_COVERAGE,qlike_regime_secondary,0.0004260804810304033,0.13958647425421888,log_ridge_harq,4,False,SECONDARY,two-sided percentile 95%; not inversion of centered-null p,delta = 0,resampled statistic minus observed statistic; +1 correction,3673,1.0,0.3674,0.30431591069535285,0,mean,COMPUTED,first_hour,
15,primary,2509,160832,12451,419,0,160832,148381,two-sided,0.15649565153900538,5,9999,20260907,0.005691228335367042,-0.0012303137311533016,B1_over_B0,COMPLETE_COVERAGE,qlike_regime_secondary,0.0016859251854261879,0.1548097263535792,lightgbm_qlike,4,False,SECONDARY,two-sided percentile 95%; not inversion of centered-null p,delta = 0,resampled statistic minus observed statistic; +1 correction,3343,1.0,0.3344,1.077298422573731,0,mean,COMPUTED,first_hour,
15,primary,2509,160832,12451,419,0,160832,148381,two-sided,0.1548097263535792,5,9999,20260907,0.0012062927825518472,-0.013971079291301992,B2_over_B1,COMPLETE_COVERAGE,qlike_regime_secondary,-0.0041755058482506185,0.15898523220182983,lightgbm_qlike,4,False,SECONDARY,two-sided percentile 95%; not inversion of centered-null p,delta = 0,resampled statistic minus observed statistic; +1 correction,5096,1.0,0.5097,-2.697185730251813,0,mean,COMPUTED,first_hour,
15,primary,2509,160832,12451,419,0,160832,148381,two-sided,0.14066166508758465,5,9999,20260907,-4.521619418047795e-05,-0.0018759121381810295,B1_over_B0,COMPLETE_COVERAGE,qlike_regime_secondary,-0.0006763216765484845,0.1400125547352493,log_ridge_harq,4,False,SECONDARY,two-sided percentile 95%; not inversion of centered-null p,delta = 0,resampled statistic minus observed statistic; +1 correction,1154,0.34650000000000003,0.1155,0.46146926522674786,0,median,COMPUTED,first_hour,
15,primary,2509,160832,12451,419,0,160832,148381,two-sided,0.1400125547352493,5,9999,20260907,0.0007340871686382852,-0.000662681564514711,B2_over_B1,COMPLETE_COVERAGE,qlike_regime_secondary,-0.00016149546284030536,0.13958647425421888,log_ridge_harq,4,False,SECONDARY,two-sided percentile 95%; not inversion of centered-null p,delta = 0,resampled statistic minus observed statistic; +1 correction,6181,1.0,0.6182,0.30431591069535285,0,median,COMPUTED,first_hour,
15,primary,2509,160832,12451,419,0,160832,148381,two-sided,0.15649565153900538,5,9999,20260907,0.0015033895623048493,-0.0001138762732043469,B1_over_B0,COMPLETE_COVERAGE,qlike_regime_secondary,0.0007914161991102731,0.1548097263535792,lightgbm_qlike,4,False,SECONDARY,two-sided percentile 95%; not inversion of centered-null p,delta = 0,resampled statistic minus observed statistic; +1 correction,580,0.2324,0.0581,1.077298422573731,0,median,COMPUTED,first_hour,
15,primary,2509,160832,12451,419,0,160832,148381,two-sided,0.1548097263535792,5,9999,20260907,0.0010561821614561429,-0.0005296225215567496,B2_over_B1,COMPLETE_COVERAGE,qlike_regime_secondary,0.00016839928818734862,0.15898523220182983,lightgbm_qlike,4,False,SECONDARY,two-sided percentile 95%; not inversion of centered-null p,delta = 0,resampled statistic minus observed statistic; +1 correction,5678,1.0,0.5679,-2.697185730251813,0,median,COMPUTED,first_hour,
15,primary,2509,160832,12451,419,0,160832,148381,two-sided,0.14066166508758465,5,9999,20260907,-1.8862464168203294e-05,-0.002061112035798857,B1_over_B0,COMPLETE_COVERAGE,qlike_regime_secondary,-0.0010196447699496842,0.1400125547352493,log_ridge_harq,4,False,SECONDARY,two-sided percentile 95%; not inversion of centered-null p,delta = 0,resampled statistic minus observed statistic; +1 correction,502,0.2012,0.0503,0.46146926522674786,20,trimmed_mean_5pct,COMPUTED,first_hour,
15,primary,2509,160832,12451,419,0,160832,148381,two-sided,0.1400125547352493,5,9999,20260907,0.0009692917487174209,-0.0006234885749734957,B2_over_B1,COMPLETE_COVERAGE,qlike_regime_secondary,0.0001881315470541716,0.13958647425421888,log_ridge_harq,4,False,SECONDARY,two-sided percentile 95%; not inversion of centered-null p,delta = 0,resampled statistic minus observed statistic; +1 correction,6415,1.0,0.6416,0.30431591069535285,20,trimmed_mean_5pct,COMPUTED,first_hour,
15,primary,2509,160832,12451,419,0,160832,148381,two-sided,0.15649565153900538,5,9999,20260907,0.0015734309484286395,-0.0008975752903864605,B1_over_B0,COMPLETE_COVERAGE,qlike_regime_secondary,0.0003708677431341879,0.1548097263535792,lightgbm_qlike,4,False,SECONDARY,two-sided percentile 95%; not inversion of centered-null p,delta = 0,resampled statistic minus observed statistic; +1 correction,5632,1.0,0.5633,1.077298422573731,20,trimmed_mean_5pct,COMPUTED,first_hour,
15,primary,2509,160832,12451,419,0,160832,148381,two-sided,0.1548097263535792,5,9999,20260907,0.0013774071599898848,-0.0005579114568688308,B2_over_B1,COMPLETE_COVERAGE,qlike_regime_secondary,0.00038193469360006124,0.15898523220182983,lightgbm_qlike,4,False,SECONDARY,two-sided percentile 95%; not inversion of centered-null p,delta = 0,resampled statistic minus observed statistic; +1 correction,4294,1.0,0.4295,-2.697185730251813,20,trimmed_mean_5pct,COMPUTED,first_hour,
15,primary,1168,160832,75030,393,780,160052,85022,two-sided,0.18018049530723768,5,9999,20260907,0.003516195146576649,0.00013835911821960303,B1_over_B0,PARTIAL_COVERAGE,qlike_regime_secondary,0.0016637782485467102,0.17851671705869096,log_ridge_harq,4,False,SECONDARY,two-sided percentile 95%; not inversion of centered-null p,delta = 0,resampled statistic minus observed statistic; +1 correction,527,0.15839999999999999,0.0528,0.9233953129664184,0,mean,COMPUTED,high_flow,
15,primary,1168,160832,75030,393,780,160052,85022,two-sided,0.17851671705869096,5,9999,20260907,0.0020809879042433055,-8.983708388720266e-05,B2_over_B1,PARTIAL_COVERAGE,qlike_regime_secondary,0.0009769945485730237,0.17753972251011793,log_ridge_harq,4,False,SECONDARY,two-sided percentile 95%; not inversion of centered-null p,delta = 0,resampled statistic minus observed statistic; +1 correction,783,0.15839999999999999,0.0784,0.5472846267119158,0,mean,COMPUTED,high_flow,
15,primary,1168,160832,75030,393,780,160052,85022,two-sided,0.18438764074135142,5,9999,20260907,0.005094944066523017,0.0009789805454787242,B1_over_B0,PARTIAL_COVERAGE,qlike_regime_secondary,0.00295312150056133,0.18143451924079007,lightgbm_qlike,4,False,SECONDARY,two-sided percentile 95%; not inversion of centered-null p,delta = 0,resampled statistic minus observed statistic; +1 correction,48,0.0196,0.0049,1.601583212783661,0,mean,COMPUTED,high_flow,
15,primary,1168,160832,75030,393,780,160052,85022,two-sided,0.18143451924079007,5,9999,20260907,0.0013189851731736852,-0.0009101908843227222,B2_over_B1,PARTIAL_COVERAGE,qlike_regime_secondary,0.00022085790746978657,0.18121366133332023,lightgbm_qlike,4,False,SECONDARY,two-sided percentile 95%; not inversion of centered-null p,delta = 0,resampled statistic minus observed statistic; +1 correction,7010,0.7011,0.7011,0.12172871424575822,0,mean,COMPUTED,high_flow,
15,primary,1168,160832,75030,393,780,160052,85022,two-sided,0.18018049530723768,5,9999,20260907,0.0012662171196506367,0.0003122838058134958,B1_over_B0,PARTIAL_COVERAGE,qlike_regime_secondary,0.0007702649594435174,0.17851671705869096,log_ridge_harq,4,False,SECONDARY,two-sided percentile 95%; not inversion of centered-null p,delta = 0,resampled statistic minus observed statistic; +1 correction,79,0.024,0.008,0.9233953129664184,0,median,COMPUTED,high_flow,
15,primary,1168,160832,75030,393,780,160052,85022,two-sided,0.17851671705869096,5,9999,20260907,0.0016320620189573254,0.00032149132998024466,B2_over_B1,PARTIAL_COVERAGE,qlike_regime_secondary,0.0012163767214850296,0.17753972251011793,log_ridge_harq,4,False,SECONDARY,two-sided percentile 95%; not inversion of centered-null p,delta = 0,resampled statistic minus observed statistic; +1 correction,59,0.024,0.006,0.5472846267119158,0,median,COMPUTED,high_flow,
15,primary,1168,160832,75030,393,780,160052,85022,two-sided,0.18438764074135142,5,9999,20260907,0.001832528142913556,0.00028645469017798963,B1_over_B0,PARTIAL_COVERAGE,qlike_regime_secondary,0.0010259920376143594,0.18143451924079007,lightgbm_qlike,4,False,SECONDARY,two-sided percentile 95%; not inversion of centered-null p,delta = 0,resampled statistic minus observed statistic; +1 correction,198,0.0398,0.0199,1.601583212783661,0,median,COMPUTED,high_flow,
15,primary,1168,160832,75030,393,780,160052,85022,two-sided,0.18143451924079007,5,9999,20260907,0.0010823228289496278,-0.00013420635725344687,B2_over_B1,PARTIAL_COVERAGE,qlike_regime_secondary,0.0004801568034516479,0.18121366133332023,lightgbm_qlike,4,False,SECONDARY,two-sided percentile 95%; not inversion of centered-null p,delta = 0,resampled statistic minus observed statistic; +1 correction,1358,0.1359,0.1359,0.12172871424575822,0,median,COMPUTED,high_flow,
15,primary,1168,160832,75030,393,780,160052,85022,two-sided,0.18018049530723768,5,9999,20260907,0.0017568022043282865,0.00020385029095677424,B1_over_B0,PARTIAL_COVERAGE,qlike_regime_secondary,0.0009796432549866554,0.17851671705869096,log_ridge_harq,4,False,SECONDARY,two-sided percentile 95%; not inversion of centered-null p,delta = 0,resampled statistic minus observed statistic; +1 correction,128,0.0258,0.0129,0.9233953129664184,19,trimmed_mean_5pct,COMPUTED,high_flow,
15,primary,1168,160832,75030,393,780,160052,85022,two-sided,0.17851671705869096,5,9999,20260907,0.001655714234988381,0.0002674357949163146,B2_over_B1,PARTIAL_COVERAGE,qlike_regime_secondary,0.000960126262446445,0.17753972251011793,log_ridge_harq,4,False,SECONDARY,two-sided percentile 95%; not inversion of centered-null p,delta = 0,resampled statistic minus observed statistic; +1 correction,78,0.023700000000000002,0.0079,0.5472846267119158,19,trimmed_mean_5pct,COMPUTED,high_flow,
15,primary,1168,160832,75030,393,780,160052,85022,two-sided,0.18438764074135142,5,9999,20260907,0.003142273748052506,0.000649727154402314,B1_over_B0,PARTIAL_COVERAGE,qlike_regime_secondary,0.0018326574532832403,0.18143451924079007,lightgbm_qlike,4,False,SECONDARY,two-sided percentile 95%; not inversion of centered-null p,delta = 0,resampled statistic minus observed statistic; +1 correction,51,0.0208,0.0052,1.601583212783661,19,trimmed_mean_5pct,COMPUTED,high_flow,
15,primary,1168,160832,75030,393,780,160052,85022,two-sided,0.18143451924079007,5,9999,20260907,0.0010201199932474451,-0.0006774181712448012,B2_over_B1,PARTIAL_COVERAGE,qlike_regime_secondary,0.00016939322948340536,0.18121366133332023,lightgbm_qlike,4,False,SECONDARY,two-sided percentile 95%; not inversion of centered-null p,delta = 0,resampled statistic minus observed statistic; +1 correction,6956,0.6957,0.6957,0.12172871424575822,19,trimmed_mean_5pct,COMPUTED,high_flow,
15,primary,233,160832,15047,56,0,160832,145785,two-sided,0.19829727203827563,5,9999,20260907,0.006767837719349329,-0.0017203861402128391,B1_over_B0,COMPLETE_COVERAGE,qlike_regime_secondary,0.0024691647384598885,0.19582810729981576,log_ridge_harq,4,False,SECONDARY,two-sided percentile 95%; not inversion of centered-null p,delta = 0,resampled statistic minus observed statistic; +1 correction,2593,1.0,0.2594,1.2451834122979195,0,mean,COMPUTED,event,
15,primary,233,160832,15047,56,0,160832,145785,two-sided,0.19582810729981576,5,9999,20260907,0.004475834927304859,-0.0010113862840397734,B2_over_B1,COMPLETE_COVERAGE,qlike_regime_secondary,0.0015593858708733037,0.19426872142894241,log_ridge_harq,4,False,SECONDARY,two-sided percentile 95%; not inversion of centered-null p,delta = 0,resampled statistic minus observed statistic; +1 correction,2676,1.0,0.2677,0.7963033970837806,0,mean,COMPUTED,event,
15,primary,233,160832,15047,56,0,160832,145785,two-sided,0.19071062637508424,5,9999,20260907,0.004899826157309034,-0.006325385065120793,B1_over_B0,COMPLETE_COVERAGE,qlike_regime_secondary,-0.0009191796614662403,0.19162980603655047,lightgbm_qlike,4,False,SECONDARY,two-sided percentile 95%; not inversion of centered-null p,delta = 0,resampled statistic minus observed statistic; +1 correction,7470,1.0,0.7471,-0.48197611162915693,0,mean,COMPUTED,event,
15,primary,233,160832,15047,56,0,160832,145785,two-sided,0.19162980603655047,5,9999,20260907,0.0035549531376226286,-0.002611418883799027,B2_over_B1,COMPLETE_COVERAGE,qlike_regime_secondary,0.0005215330974618827,0.19110827293908864,lightgbm_qlike,4,False,SECONDARY,two-sided percentile 95%; not inversion of centered-null p,delta = 0,resampled statistic minus observed statistic; +1 correction,7419,1.0,0.742,0.27215656491475454,0,mean,COMPUTED,event,
15,primary,233,160832,15047,56,0,160832,145785,two-sided,0.19829727203827563,5,9999,20260907,0.003372174142345981,0.00017372325113171327,B1_over_B0,COMPLETE_COVERAGE,qlike_regime_secondary,0.0018651006651323326,0.19582810729981576,log_ridge_harq,4,False,SECONDARY,two-sided percentile 95%; not inversion of centered-null p,delta = 0,resampled statistic minus observed statistic; +1 correction,316,0.1268,0.0317,1.2451834122979195,0,median,COMPUTED,event,
15,primary,233,160832,15047,56,0,160832,145785,two-sided,0.19582810729981576,5,9999,20260907,0.0023612062502850473,-0.0010758227748354152,B2_over_B1,COMPLETE_COVERAGE,qlike_regime_secondary,0.0006718414583645957,0.19426872142894241,log_ridge_harq,4,False,SECONDARY,two-sided percentile 95%; not inversion of centered-null p,delta = 0,resampled statistic minus observed statistic; +1 correction,2607,0.7824,0.2608,0.7963033970837806,0,median,COMPUTED,event,
15,primary,233,160832,15047,56,0,160832,145785,two-sided,0.19071062637508424,5,9999,20260907,0.0025031194742510393,-0.0050636789272422295,B1_over_B0,COMPLETE_COVERAGE,qlike_regime_secondary,-0.000603070886733649,0.19162980603655047,lightgbm_qlike,4,False,SECONDARY,two-sided percentile 95%; not inversion of centered-null p,delta = 0,resampled statistic minus observed statistic; +1 correction,4464,0.893,0.4465,-0.48197611162915693,0,median,COMPUTED,event,
15,primary,233,160832,15047,56,0,160832,145785,two-sided,0.19162980603655047,5,9999,20260907,0.0027441461425434244,-0.0011510769688701794,B2_over_B1,COMPLETE_COVERAGE,qlike_regime_secondary,0.00010810824588301793,0.19110827293908864,lightgbm_qlike,4,False,SECONDARY,two-sided percentile 95%; not inversion of centered-null p,delta = 0,resampled statistic minus observed statistic; +1 correction,8661,0.893,0.8662,0.27215656491475454,0,median,COMPUTED,event,
15,primary,233,160832,15047,56,0,160832,145785,two-sided,0.19829727203827563,5,9999,20260907,0.0064651510077738785,-0.0012222194220225199,B1_over_B0,COMPLETE_COVERAGE,qlike_regime_secondary,0.0027096736308831124,0.19582810729981576,log_ridge_harq,4,False,SECONDARY,two-sided percentile 95%; not inversion of centered-null p,delta = 0,resampled statistic minus observed statistic; +1 correction,1709,0.684,0.171,1.2451834122979195,2,trimmed_mean_5pct,COMPUTED,event,
15,primary,233,160832,15047,56,0,160832,145785,two-sided,0.19582810729981576,5,9999,20260907,0.00430301746163679,-0.001124369894672289,B2_over_B1,COMPLETE_COVERAGE,qlike_regime_secondary,0.0013321568642808228,0.19426872142894241,log_ridge_harq,4,False,SECONDARY,two-sided percentile 95%; not inversion of centered-null p,delta = 0,resampled statistic minus observed statistic; +1 correction,3331,0.9996,0.3332,0.7963033970837806,2,trimmed_mean_5pct,COMPUTED,event,
15,primary,233,160832,15047,56,0,160832,145785,two-sided,0.19071062637508424,5,9999,20260907,0.003239727091274888,-0.0050604379689003194,B1_over_B0,COMPLETE_COVERAGE,qlike_regime_secondary,-0.0011029913198685524,0.19162980603655047,lightgbm_qlike,4,False,SECONDARY,two-sided percentile 95%; not inversion of centered-null p,delta = 0,resampled statistic minus observed statistic; +1 correction,5879,1.0,0.588,-0.48197611162915693,2,trimmed_mean_5pct,COMPUTED,event,
15,primary,233,160832,15047,56,0,160832,145785,two-sided,0.19162980603655047,5,9999,20260907,0.003588887785308186,-0.0023104093219588557,B2_over_B1,COMPLETE_COVERAGE,qlike_regime_secondary,0.0007636564511057874,0.19110827293908864,lightgbm_qlike,4,False,SECONDARY,two-sided percentile 95%; not inversion of centered-null p,delta = 0,resampled statistic minus observed statistic; +1 correction,6176,1.0,0.6177,0.27215656491475454,2,trimmed_mean_5pct,COMPUTED,event,
15,primary,2482,160832,29562,414,0,160832,131270,two-sided,0.20044065669892738,5,9999,20260907,0.003120388131813508,-0.0008921241981504185,B1_over_B0,COMPLETE_COVERAGE,qlike_regime_secondary,0.0010190716603843528,0.199421585038543,log_ridge_harq,4,False,SECONDARY,two-sided percentile 95%; not inversion of centered-null p,delta = 0,resampled statistic minus observed statistic; +1 correction,3235,0.6472,0.3236,0.50841564639007,0,mean,COMPUTED,last_hour,
15,primary,2482,160832,29562,414,0,160832,131270,two-sided,0.199421585038543,5,9999,20260907,0.0028153436595766096,0.00012925789438868166,B2_over_B1,COMPLETE_COVERAGE,qlike_regime_secondary,0.0014420052873061625,0.19797957975123684,log_ridge_harq,4,False,SECONDARY,two-sided percentile 95%; not inversion of centered-null p,delta = 0,resampled statistic minus observed statistic; +1 correction,363,0.1092,0.0364,0.7230938852619493,0,mean,COMPUTED,last_hour,
15,primary,2482,160832,29562,414,0,160832,131270,two-sided,0.20136656651415108,5,9999,20260907,0.005927991036888856,0.0006013809349940194,B1_over_B0,COMPLETE_COVERAGE,qlike_regime_secondary,0.0031714613746717584,0.1981951051394793,lightgbm_qlike,4,False,SECONDARY,two-sided percentile 95%; not inversion of centered-null p,delta = 0,resampled statistic minus observed statistic; +1 correction,189,0.076,0.019,1.57496918657988,0,mean,COMPUTED,last_hour,
15,primary,2482,160832,29562,414,0,160832,131270,two-sided,0.1981951051394793,5,9999,20260907,0.0019023991001721953,-0.001484282356544097,B2_over_B1,COMPLETE_COVERAGE,qlike_regime_secondary,0.00019572305889597831,0.19799938208058337,lightgbm_qlike,4,False,SECONDARY,two-sided percentile 95%; not inversion of centered-null p,delta = 0,resampled statistic minus observed statistic; +1 correction,8178,0.8179,0.8179,0.09875272083951755,0,mean,COMPUTED,last_hour,
15,primary,2482,160832,29562,414,0,160832,131270,two-sided,0.20044065669892738,5,9999,20260907,0.0013671255585735106,-7.988950806703948e-05,B1_over_B0,COMPLETE_COVERAGE,qlike_regime_secondary,0.0007678039917184964,0.199421585038543,log_ridge_harq,4,False,SECONDARY,two-sided percentile 95%; not inversion of centered-null p,delta = 0,resampled statistic minus observed statistic; +1 correction,705,0.2118,0.0706,0.50841564639007,0,median,COMPUTED,last_hour,
15,primary,2482,160832,29562,414,0,160832,131270,two-sided,0.199421585038543,5,9999,20260907,0.0011403561349625918,-0.0002188714441346412,B2_over_B1,COMPLETE_COVERAGE,qlike_regime_secondary,0.0006247387757486664,0.19797957975123684,log_ridge_harq,4,False,SECONDARY,two-sided percentile 95%; not inversion of centered-null p,delta = 0,resampled statistic minus observed statistic; +1 correction,1730,0.3462,0.1731,0.7230938852619493,0,median,COMPUTED,last_hour,
15,primary,2482,160832,29562,414,0,160832,131270,two-sided,0.20136656651415108,5,9999,20260907,0.0030388734097890613,0.0004989300548272971,B1_over_B0,COMPLETE_COVERAGE,qlike_regime_secondary,0.0016212057547058123,0.1981951051394793,lightgbm_qlike,4,False,SECONDARY,two-sided percentile 95%; not inversion of centered-null p,delta = 0,resampled statistic minus observed statistic; +1 correction,200,0.0804,0.0201,1.57496918657988,0,median,COMPUTED,last_hour,
15,primary,2482,160832,29562,414,0,160832,131270,two-sided,0.1981951051394793,5,9999,20260907,0.0012264574471877697,-0.000914766044937454,B2_over_B1,COMPLETE_COVERAGE,qlike_regime_secondary,0.00023509214755410707,0.19799938208058337,lightgbm_qlike,4,False,SECONDARY,two-sided percentile 95%; not inversion of centered-null p,delta = 0,resampled statistic minus observed statistic; +1 correction,8315,0.8316,0.8316,0.09875272083951755,0,median,COMPUTED,last_hour,
15,primary,2482,160832,29562,414,0,160832,131270,two-sided,0.20044065669892738,5,9999,20260907,0.0014459765387830027,-0.0006661552754718605,B1_over_B0,COMPLETE_COVERAGE,qlike_regime_secondary,0.0003867637980679789,0.199421585038543,log_ridge_harq,4,False,SECONDARY,two-sided percentile 95%; not inversion of centered-null p,delta = 0,resampled statistic minus observed statistic; +1 correction,4733,0.9468,0.4734,0.50841564639007,20,trimmed_mean_5pct,COMPUTED,last_hour,
15,primary,2482,160832,29562,414,0,160832,131270,two-sided,0.199421585038543,5,9999,20260907,0.0020839097150783903,7.87576173991601e-05,B2_over_B1,COMPLETE_COVERAGE,qlike_regime_secondary,0.0010462914896845758,0.19797957975123684,log_ridge_harq,4,False,SECONDARY,two-sided percentile 95%; not inversion of centered-null p,delta = 0,resampled statistic minus observed statistic; +1 correction,396,0.1588,0.0397,0.7230938852619493,20,trimmed_mean_5pct,COMPUTED,last_hour,
15,primary,2482,160832,29562,414,0,160832,131270,two-sided,0.20136656651415108,5,9999,20260907,0.0034680086193068496,-2.093495590244491e-05,B1_over_B0,COMPLETE_COVERAGE,qlike_regime_secondary,0.0016855720858531536,0.1981951051394793,lightgbm_qlike,4,False,SECONDARY,two-sided percentile 95%; not inversion of centered-null p,delta = 0,resampled statistic minus observed statistic; +1 correction,594,0.1785,0.0595,1.57496918657988,20,trimmed_mean_5pct,COMPUTED,last_hour,
15,primary,2482,160832,29562,414,0,160832,131270,two-sided,0.1981951051394793,5,9999,20260907,0.0012868794324027997,-0.0012254426243548983,B2_over_B1,COMPLETE_COVERAGE,qlike_regime_secondary,4.1493253366068466e-05,0.19799938208058337,lightgbm_qlike,4,False,SECONDARY,two-sided percentile 95%; not inversion of centered-null p,delta = 0,resampled statistic minus observed statistic; +1 correction,9511,0.9512,0.9512,0.09875272083951755,20,trimmed_mean_5pct,COMPUTED,last_hour,
15,primary,492,160832,31399,82,0,160832,129433,two-sided,0.1615898262583496,5,9999,20260907,0.0022361325537749097,-6.719398342244616e-05,B1_over_B0,COMPLETE_COVERAGE,qlike_regime_secondary,0.001103369831084733,0.1604864564272649,log_ridge_harq,4,False,SECONDARY,two-sided percentile 95%; not inversion of centered-null p,delta = 0,resampled statistic minus observed statistic; +1 correction,617,0.2472,0.0618,0.6828213487405245,0,mean,COMPUTED,weekly_expiration,
15,primary,492,160832,31399,82,0,160832,129433,two-sided,0.1604864564272649,5,9999,20260907,0.0025245417610374812,-0.00015301428617254723,B2_over_B1,COMPLETE_COVERAGE,qlike_regime_secondary,0.0012484158798402444,0.15923804054742466,log_ridge_harq,4,False,SECONDARY,two-sided percentile 95%; not inversion of centered-null p,delta = 0,resampled statistic minus observed statistic; +1 correction,664,0.2472,0.0665,0.7778948502150068,0,mean,COMPUTED,weekly_expiration,
15,primary,492,160832,31399,82,0,160832,129433,two-sided,0.16365059020949352,5,9999,20260907,0.0028480948819877847,-0.0008070214631853588,B1_over_B0,COMPLETE_COVERAGE,qlike_regime_secondary,0.0010269908956689236,0.16262359931382456,lightgbm_qlike,4,False,SECONDARY,two-sided percentile 95%; not inversion of centered-null p,delta = 0,resampled statistic minus observed statistic; +1 correction,2719,0.4424,0.272,0.6275509879642016,0,mean,COMPUTED,weekly_expiration,
15,primary,492,160832,31399,82,0,160832,129433,two-sided,0.16262359931382456,5,9999,20260907,0.0027289139224219933,-0.0007155941030709038,B2_over_B1,COMPLETE_COVERAGE,qlike_regime_secondary,0.0010700412110686021,0.16155355810275598,lightgbm_qlike,4,False,SECONDARY,two-sided percentile 95%; not inversion of centered-null p,delta = 0,resampled statistic minus observed statistic; +1 correction,2211,0.4424,0.2212,0.6579864272980941,0,mean,COMPUTED,weekly_expiration,
15,primary,492,160832,31399,82,0,160832,129433,two-sided,0.1615898262583496,5,9999,20260907,0.0028123820046065118,0.0004011075793857871,B1_over_B0,COMPLETE_COVERAGE,qlike_regime_secondary,0.0015738621056432603,0.1604864564272649,log_ridge_harq,4,False,SECONDARY,two-sided percentile 95%; not inversion of centered-null p,delta = 0,resampled statistic minus observed statistic; +1 correction,9,0.0032,0.001,0.6828213487405245,0,median,COMPUTED,weekly_expiration,
15,primary,492,160832,31399,82,0,160832,129433,two-sided,0.1604864564272649,5,9999,20260907,0.0024009436535793044,0.00044612176291889544,B2_over_B1,COMPLETE_COVERAGE,qlike_regime_secondary,0.001256908338571186,0.15923804054742466,log_ridge_harq,4,False,SECONDARY,two-sided percentile 95%; not inversion of centered-null p,delta = 0,resampled statistic minus observed statistic; +1 correction,167,0.0336,0.0168,0.7778948502150068,0,median,COMPUTED,weekly_expiration,
15,primary,492,160832,31399,82,0,160832,129433,two-sided,0.16365059020949352,5,9999,20260907,0.003033112001119706,0.0008024209935340518,B1_over_B0,COMPLETE_COVERAGE,qlike_regime_secondary,0.001503140776776865,0.16262359931382456,lightgbm_qlike,4,False,SECONDARY,two-sided percentile 95%; not inversion of centered-null p,delta = 0,resampled statistic minus observed statistic; +1 correction,423,0.0424,0.0424,0.6275509879642016,0,median,COMPUTED,weekly_expiration,
15,primary,492,160832,31399,82,0,160832,129433,two-sided,0.16262359931382456,5,9999,20260907,0.002327676484610519,0.00046308683205208145,B2_over_B1,COMPLETE_COVERAGE,qlike_regime_secondary,0.0014218730700849558,0.16155355810275598,lightgbm_qlike,4,False,SECONDARY,two-sided percentile 95%; not inversion of centered-null p,delta = 0,resampled statistic minus observed statistic; +1 correction,7,0.0032,0.0008,0.6579864272980941,0,median,COMPUTED,weekly_expiration,
15,primary,492,160832,31399,82,0,160832,129433,two-sided,0.1615898262583496,5,9999,20260907,0.0024472015238680405,0.00037578702969748984,B1_over_B0,COMPLETE_COVERAGE,qlike_regime_secondary,0.001441307466692845,0.1604864564272649,log_ridge_harq,4,False,SECONDARY,two-sided percentile 95%; not inversion of centered-null p,delta = 0,resampled statistic minus observed statistic; +1 correction,72,0.0219,0.0073,0.6828213487405245,4,trimmed_mean_5pct,COMPUTED,weekly_expiration,
15,primary,492,160832,31399,82,0,160832,129433,two-sided,0.1604864564272649,5,9999,20260907,0.0025124156406954286,0.0005773700063575332,B2_over_B1,COMPLETE_COVERAGE,qlike_regime_secondary,0.0015762702117610324,0.15923804054742466,log_ridge_harq,4,False,SECONDARY,two-sided percentile 95%; not inversion of centered-null p,delta = 0,resampled statistic minus observed statistic; +1 correction,14,0.006,0.0015,0.7778948502150068,4,trimmed_mean_5pct,COMPUTED,weekly_expiration,
15,primary,492,160832,31399,82,0,160832,129433,two-sided,0.16365059020949352,5,9999,20260907,0.0026642489518008228,-0.00047700649958045446,B1_over_B0,COMPLETE_COVERAGE,qlike_regime_secondary,0.001133575480752652,0.16262359931382456,lightgbm_qlike,4,False,SECONDARY,two-sided percentile 95%; not inversion of centered-null p,delta = 0,resampled statistic minus observed statistic; +1 correction,1608,0.1609,0.1609,0.6275509879642016,4,trimmed_mean_5pct,COMPUTED,weekly_expiration,
15,primary,492,160832,31399,82,0,160832,129433,two-sided,0.16262359931382456,5,9999,20260907,0.002700581820891785,7.581819180025807e-05,B2_over_B1,COMPLETE_COVERAGE,qlike_regime_secondary,0.0015562365328403629,0.16155355810275598,lightgbm_qlike,4,False,SECONDARY,two-sided percentile 95%; not inversion of centered-null p,delta = 0,resampled statistic minus observed statistic; +1 correction,246,0.0494,0.0247,0.6579864272980941,4,trimmed_mean_5pct,COMPUTED,weekly_expiration,
15,primary,108,160832,6989,18,0,160832,153843,two-sided,0.1556404866054496,5,9999,20260907,0.002775186741246838,0.00015541971265964618,B1_over_B0,COMPLETE_COVERAGE,qlike_regime_secondary,0.0014112802729150911,0.15422920633253445,log_ridge_harq,4,False,SECONDARY,two-sided percentile 95%; not inversion of centered-null p,delta = 0,resampled statistic minus observed statistic; +1 correction,350,0.1053,0.0351,0.9067565282629209,0,mean,COMPUTED,third_friday,
15,primary,108,160832,6989,18,0,160832,153843,two-sided,0.15422920633253445,5,9999,20260907,0.0018908881518203832,0.0006171496826804126,B2_over_B1,COMPLETE_COVERAGE,qlike_regime_secondary,0.0012364301320273033,0.15299277620050722,log_ridge_harq,4,False,SECONDARY,two-sided percentile 95%; not inversion of centered-null p,delta = 0,resampled statistic minus observed statistic; +1 correction,1,0.0008,0.0002,0.8016835211882174,0,mean,COMPUTED,third_friday,
15,primary,108,160832,6989,18,0,160832,153843,two-sided,0.15602915447529256,5,9999,20260907,0.0024335883787490473,-0.002262800277864951,B1_over_B0,COMPLETE_COVERAGE,qlike_regime_secondary,0.000262361702578185,0.15576679277271432,lightgbm_qlike,4,False,SECONDARY,two-sided percentile 95%; not inversion of centered-null p,delta = 0,resampled statistic minus observed statistic; +1 correction,8299,0.83,0.83,0.1681491535735588,0,mean,COMPUTED,third_friday,
15,primary,108,160832,6989,18,0,160832,153843,two-sided,0.15576679277271432,5,9999,20260907,0.005935051873859305,-0.0006745733494178774,B2_over_B1,COMPLETE_COVERAGE,qlike_regime_secondary,0.00249913537768967,0.1532676573950247,lightgbm_qlike,4,False,SECONDARY,two-sided percentile 95%; not inversion of centered-null p,delta = 0,resampled statistic minus observed statistic; +1 correction,1461,0.2924,0.1462,1.6044083165635055,0,mean,COMPUTED,third_friday,
15,primary,108,160832,6989,18,0,160832,153843,two-sided,0.1556404866054496,5,9999,20260907,0.0035509367945676384,0.0003240721304652583,B1_over_B0,COMPLETE_COVERAGE,qlike_regime_secondary,0.002152833364629625,0.15422920633253445,log_ridge_harq,4,False,SECONDARY,two-sided percentile 95%; not inversion of centered-null p,delta = 0,resampled statistic minus observed statistic; +1 correction,22,0.0092,0.0023,0.9067565282629209,0,median,COMPUTED,third_friday,
15,primary,108,160832,6989,18,0,160832,153843,two-sided,0.15422920633253445,5,9999,20260907,0.0024283600406828088,0.0005377476948228432,B2_over_B1,COMPLETE_COVERAGE,qlike_regime_secondary,0.0009767135659605256,0.15299277620050722,log_ridge_harq,4,False,SECONDARY,two-sided percentile 95%; not inversion of centered-null p,delta = 0,resampled statistic minus observed statistic; +1 correction,497,0.14939999999999998,0.0498,0.8016835211882174,0,median,COMPUTED,third_friday,
15,primary,108,160832,6989,18,0,160832,153843,two-sided,0.15602915447529256,5,9999,20260907,0.004041952361430956,-0.0011542172714231608,B1_over_B0,COMPLETE_COVERAGE,qlike_regime_secondary,0.0007696728734551267,0.15576679277271432,lightgbm_qlike,4,False,SECONDARY,two-sided percentile 95%; not inversion of centered-null p,delta = 0,resampled statistic minus observed statistic; +1 correction,8118,0.8119,0.8119,0.1681491535735588,0,median,COMPUTED,third_friday,
15,primary,108,160832,6989,18,0,160832,153843,two-sided,0.15576679277271432,5,9999,20260907,0.0027441461425434244,-0.0011510769688701794,B2_over_B1,COMPLETE_COVERAGE,qlike_regime_secondary,0.0016852453385437227,0.1532676573950247,lightgbm_qlike,4,False,SECONDARY,two-sided percentile 95%; not inversion of centered-null p,delta = 0,resampled statistic minus observed statistic; +1 correction,1679,0.336,0.168,1.6044083165635055,0,median,COMPUTED,third_friday,
15,primary,108,160832,6989,18,0,160832,153843,two-sided,0.1556404866054496,5,9999,20260907,0.002775186741246838,0.00015541971265964618,B1_over_B0,COMPLETE_COVERAGE,qlike_regime_secondary,0.0014112802729150911,0.15422920633253445,log_ridge_harq,4,False,SECONDARY,two-sided percentile 95%; not inversion of centered-null p,delta = 0,resampled statistic minus observed statistic; +1 correction,350,0.1053,0.0351,0.9067565282629209,0,trimmed_mean_5pct,COMPUTED,third_friday,
15,primary,108,160832,6989,18,0,160832,153843,two-sided,0.15422920633253445,5,9999,20260907,0.0018908881518203832,0.0006171496826804126,B2_over_B1,COMPLETE_COVERAGE,qlike_regime_secondary,0.0012364301320273033,0.15299277620050722,log_ridge_harq,4,False,SECONDARY,two-sided percentile 95%; not inversion of centered-null p,delta = 0,resampled statistic minus observed statistic; +1 correction,1,0.0008,0.0002,0.8016835211882174,0,trimmed_mean_5pct,COMPUTED,third_friday,
15,primary,108,160832,6989,18,0,160832,153843,two-sided,0.15602915447529256,5,9999,20260907,0.0024335883787490473,-0.002262800277864951,B1_over_B0,COMPLETE_COVERAGE,qlike_regime_secondary,0.000262361702578185,0.15576679277271432,lightgbm_qlike,4,False,SECONDARY,two-sided percentile 95%; not inversion of centered-null p,delta = 0,resampled statistic minus observed statistic; +1 correction,8299,0.83,0.83,0.1681491535735588,0,trimmed_mean_5pct,COMPUTED,third_friday,
15,primary,108,160832,6989,18,0,160832,153843,two-sided,0.15576679277271432,5,9999,20260907,0.005935051873859305,-0.0006745733494178774,B2_over_B1,COMPLETE_COVERAGE,qlike_regime_secondary,0.00249913537768967,0.1532676573950247,lightgbm_qlike,4,False,SECONDARY,two-sided percentile 95%; not inversion of centered-null p,delta = 0,resampled statistic minus observed statistic; +1 correction,1461,0.2924,0.1462,1.6044083165635055,0,trimmed_mean_5pct,COMPUTED,third_friday,
15,primary,1694,160832,67269,403,378,160454,93185,two-sided,0.17890276341112651,5,9999,20260907,0.0018837602144057344,-0.000488676582766798,B1_over_B0,PARTIAL_COVERAGE,qlike_regime_secondary,0.0006817167787702274,0.17822104663235627,log_ridge_harq,4,False,SECONDARY,two-sided percentile 95%; not inversion of centered-null p,delta = 0,resampled statistic minus observed statistic; +1 correction,2554,0.7665,0.2555,0.38105435923514047,0,mean,COMPUTED,high_gamma,
15,primary,1694,160832,67269,403,378,160454,93185,two-sided,0.17822104663235627,5,9999,20260907,0.0026440559823050365,0.00016849078150966634,B2_over_B1,PARTIAL_COVERAGE,qlike_regime_secondary,0.0013616487132099753,0.17685939791914634,log_ridge_harq,4,False,SECONDARY,two-sided percentile 95%; not inversion of centered-null p,delta = 0,resampled statistic minus observed statistic; +1 correction,323,0.1296,0.0324,0.7640223974325859,0,mean,COMPUTED,high_gamma,
15,primary,1694,160832,67269,403,378,160454,93185,two-sided,0.1801165782721294,5,9999,20260907,0.0025520597530901846,-0.0010187060992269993,B1_over_B0,PARTIAL_COVERAGE,qlike_regime_secondary,0.0007482671170305771,0.1793683111550988,lightgbm_qlike,4,False,SECONDARY,two-sided percentile 95%; not inversion of centered-null p,delta = 0,resampled statistic minus observed statistic; +1 correction,4054,0.811,0.4055,0.4154348945603756,0,mean,COMPUTED,high_gamma,
15,primary,1694,160832,67269,403,378,160454,93185,two-sided,0.1793683111550988,5,9999,20260907,0.0015465105743425896,-0.0011898177348490383,B2_over_B1,PARTIAL_COVERAGE,qlike_regime_secondary,0.00021629141652921666,0.17915201973856956,lightgbm_qlike,4,False,SECONDARY,two-sided percentile 95%; not inversion of centered-null p,delta = 0,resampled statistic minus observed statistic; +1 correction,7513,0.811,0.7514,0.12058507722815691,0,mean,COMPUTED,high_gamma,
15,primary,1694,160832,67269,403,378,160454,93185,two-sided,0.17890276341112651,5,9999,20260907,0.0017443806689233787,5.7055838790676106e-05,B1_over_B0,PARTIAL_COVERAGE,qlike_regime_secondary,0.0006472123953875364,0.17822104663235627,log_ridge_harq,4,False,SECONDARY,two-sided percentile 95%; not inversion of centered-null p,delta = 0,resampled statistic minus observed statistic; +1 correction,1142,0.3796,0.1143,0.38105435923514047,0,median,COMPUTED,high_gamma,
15,primary,1694,160832,67269,403,378,160454,93185,two-sided,0.17822104663235627,5,9999,20260907,0.0014886715710575038,6.373346776528122e-05,B2_over_B1,PARTIAL_COVERAGE,qlike_regime_secondary,0.0005877883798356132,0.17685939791914634,log_ridge_harq,4,False,SECONDARY,two-sided percentile 95%; not inversion of centered-null p,delta = 0,resampled statistic minus observed statistic; +1 correction,948,0.3796,0.0949,0.7640223974325859,0,median,COMPUTED,high_gamma,
15,primary,1694,160832,67269,403,378,160454,93185,two-sided,0.1801165782721294,5,9999,20260907,0.0018720390941243253,-0.00045401806196249117,B1_over_B0,PARTIAL_COVERAGE,qlike_regime_secondary,0.00045726625540987165,0.1793683111550988,lightgbm_qlike,4,False,SECONDARY,two-sided percentile 95%; not inversion of centered-null p,delta = 0,resampled statistic minus observed statistic; +1 correction,2581,0.5164,0.2582,0.4154348945603756,0,median,COMPUTED,high_gamma,
15,primary,1694,160832,67269,403,378,160454,93185,two-sided,0.1793683111550988,5,9999,20260907,0.0016871112634553043,-0.00018596188621544663,B2_over_B1,PARTIAL_COVERAGE,qlike_regime_secondary,0.00047130322932120716,0.17915201973856956,lightgbm_qlike,4,False,SECONDARY,two-sided percentile 95%; not inversion of centered-null p,delta = 0,resampled statistic minus observed statistic; +1 correction,3584,0.5164,0.3585,0.12058507722815691,0,median,COMPUTED,high_gamma,
15,primary,1694,160832,67269,403,378,160454,93185,two-sided,0.17890276341112651,5,9999,20260907,0.0014988082803245718,-2.997714810079851e-05,B1_over_B0,PARTIAL_COVERAGE,qlike_regime_secondary,0.0007379049789350212,0.17822104663235627,log_ridge_harq,4,False,SECONDARY,two-sided percentile 95%; not inversion of centered-null p,delta = 0,resampled statistic minus observed statistic; +1 correction,573,0.2296,0.0574,0.38105435923514047,20,trimmed_mean_5pct,COMPUTED,high_gamma,
15,primary,1694,160832,67269,403,378,160454,93185,two-sided,0.17822104663235627,5,9999,20260907,0.0018132081258475019,-8.271672785523577e-05,B2_over_B1,PARTIAL_COVERAGE,qlike_regime_secondary,0.0008137557683812584,0.17685939791914634,log_ridge_harq,4,False,SECONDARY,two-sided percentile 95%; not inversion of centered-null p,delta = 0,resampled statistic minus observed statistic; +1 correction,869,0.261,0.087,0.7640223974325859,20,trimmed_mean_5pct,COMPUTED,high_gamma,
15,primary,1694,160832,67269,403,378,160454,93185,two-sided,0.1801165782721294,5,9999,20260907,0.002300978648087169,-0.00022851629378564014,B1_over_B0,PARTIAL_COVERAGE,qlike_regime_secondary,0.001017399392071117,0.1793683111550988,lightgbm_qlike,4,False,SECONDARY,two-sided percentile 95%; not inversion of centered-null p,delta = 0,resampled statistic minus observed statistic; +1 correction,1142,0.261,0.1143,0.4154348945603756,20,trimmed_mean_5pct,COMPUTED,high_gamma,
15,primary,1694,160832,67269,403,378,160454,93185,two-sided,0.1793683111550988,5,9999,20260907,0.0012965180865879592,-0.0008156852235433809,B2_over_B1,PARTIAL_COVERAGE,qlike_regime_secondary,0.00027833424768944847,0.17915201973856956,lightgbm_qlike,4,False,SECONDARY,two-sided percentile 95%; not inversion of centered-null p,delta = 0,resampled statistic minus observed statistic; +1 correction,5962,0.5963,0.5963,0.12058507722815691,20,trimmed_mean_5pct,COMPUTED,high_gamma,
15,primary,25,160832,412,6,0,160832,160420,two-sided,0.06686480979952632,5,9999,20260907,,,B1_over_B0,COMPLETE_COVERAGE,qlike_regime_secondary,-0.03583870902162379,0.1027035188211501,log_ridge_harq,4,True,SECONDARY,,,,,,,-53.59876013866666,0,mean,NO VERIFICABLE,window_empty_5m,insufficient finite sessions
15,primary,25,160832,412,6,0,160832,160420,two-sided,0.1027035188211501,5,9999,20260907,,,B2_over_B1,COMPLETE_COVERAGE,qlike_regime_secondary,-0.09942280444406677,0.20212632326521685,log_ridge_harq,4,True,SECONDARY,,,,,,,-96.8056455954577,0,mean,NO VERIFICABLE,window_empty_5m,insufficient finite sessions
15,primary,25,160832,412,6,0,160832,160420,two-sided,0.06407263665654005,5,9999,20260907,,,B1_over_B0,COMPLETE_COVERAGE,qlike_regime_secondary,-0.0030442510317969652,0.06711688768833701,lightgbm_qlike,4,True,SECONDARY,,,,,,,-4.75124981685334,0,mean,NO VERIFICABLE,window_empty_5m,insufficient finite sessions
15,primary,25,160832,412,6,0,160832,160420,two-sided,0.06711688768833701,5,9999,20260907,,,B2_over_B1,COMPLETE_COVERAGE,qlike_regime_secondary,-0.016577314046343963,0.08369420173468096,lightgbm_qlike,4,True,SECONDARY,,,,,,,-24.699169787672712,0,mean,NO VERIFICABLE,window_empty_5m,insufficient finite sessions
15,primary,25,160832,412,6,0,160832,160420,two-sided,0.06686480979952632,5,9999,20260907,,,B1_over_B0,COMPLETE_COVERAGE,qlike_regime_secondary,-0.012505838759012974,0.1027035188211501,log_ridge_harq,4,True,SECONDARY,,,,,,,-53.59876013866666,0,median,NO VERIFICABLE,window_empty_5m,insufficient finite sessions
15,primary,25,160832,412,6,0,160832,160420,two-sided,0.1027035188211501,5,9999,20260907,,,B2_over_B1,COMPLETE_COVERAGE,qlike_regime_secondary,-0.08096956402002992,0.20212632326521685,log_ridge_harq,4,True,SECONDARY,,,,,,,-96.8056455954577,0,median,NO VERIFICABLE,window_empty_5m,insufficient finite sessions
15,primary,25,160832,412,6,0,160832,160420,two-sided,0.06407263665654005,5,9999,20260907,,,B1_over_B0,COMPLETE_COVERAGE,qlike_regime_secondary,-0.00421011910071333,0.06711688768833701,lightgbm_qlike,4,True,SECONDARY,,,,,,,-4.75124981685334,0,median,NO VERIFICABLE,window_empty_5m,insufficient finite sessions
15,primary,25,160832,412,6,0,160832,160420,two-sided,0.06711688768833701,5,9999,20260907,,,B2_over_B1,COMPLETE_COVERAGE,qlike_regime_secondary,-0.008380711311939083,0.08369420173468096,lightgbm_qlike,4,True,SECONDARY,,,,,,,-24.699169787672712,0,median,NO VERIFICABLE,window_empty_5m,insufficient finite sessions
15,primary,25,160832,412,6,0,160832,160420,two-sided,0.06686480979952632,5,9999,20260907,,,B1_over_B0,COMPLETE_COVERAGE,qlike_regime_secondary,-0.03583870902162378,0.1027035188211501,log_ridge_harq,4,True,SECONDARY,,,,,,,-53.59876013866666,0,trimmed_mean_5pct,NO VERIFICABLE,window_empty_5m,insufficient finite sessions
15,primary,25,160832,412,6,0,160832,160420,two-sided,0.1027035188211501,5,9999,20260907,,,B2_over_B1,COMPLETE_COVERAGE,qlike_regime_secondary,-0.09942280444406677,0.20212632326521685,log_ridge_harq,4,True,SECONDARY,,,,,,,-96.8056455954577,0,trimmed_mean_5pct,NO VERIFICABLE,window_empty_5m,insufficient finite sessions
15,primary,25,160832,412,6,0,160832,160420,two-sided,0.06407263665654005,5,9999,20260907,,,B1_over_B0,COMPLETE_COVERAGE,qlike_regime_secondary,-0.0030442510317969657,0.06711688768833701,lightgbm_qlike,4,True,SECONDARY,,,,,,,-4.75124981685334,0,trimmed_mean_5pct,NO VERIFICABLE,window_empty_5m,insufficient finite sessions
15,primary,25,160832,412,6,0,160832,160420,two-sided,0.06711688768833701,5,9999,20260907,,,B2_over_B1,COMPLETE_COVERAGE,qlike_regime_secondary,-0.016577314046343963,0.08369420173468096,lightgbm_qlike,4,True,SECONDARY,,,,,,,-24.699169787672712,0,trimmed_mean_5pct,NO VERIFICABLE,window_empty_5m,insufficient finite sessions
15,primary,7,160832,384,2,0,160832,160448,two-sided,0.0965842046751427,5,9999,20260907,,,B1_over_B0,COMPLETE_COVERAGE,qlike_regime_secondary,-0.10688319162810783,0.20346739630325053,log_ridge_harq,4,True,SECONDARY,,,,,,,-110.66322074878121,0,mean,NO VERIFICABLE,window_empty_30m,insufficient finite sessions
15,primary,7,160832,384,2,0,160832,160448,two-sided,0.20346739630325053,5,9999,20260907,,,B2_over_B1,COMPLETE_COVERAGE,qlike_regime_secondary,0.041146549103093524,0.162320847200157,log_ridge_harq,4,True,SECONDARY,,,,,,,20.222674418936464,0,mean,NO VERIFICABLE,window_empty_30m,insufficient finite sessions
15,primary,7,160832,384,2,0,160832,160448,two-sided,0.09179173942647799,5,9999,20260907,,,B1_over_B0,COMPLETE_COVERAGE,qlike_regime_secondary,-0.0015954799680792157,0.0933872193945572,lightgbm_qlike,4,True,SECONDARY,,,,,,,-1.7381520146016407,0,mean,NO VERIFICABLE,window_empty_30m,insufficient finite sessions
15,primary,7,160832,384,2,0,160832,160448,two-sided,0.0933872193945572,5,9999,20260907,,,B2_over_B1,COMPLETE_COVERAGE,qlike_regime_secondary,-0.006009099540221186,0.09939631893477839,lightgbm_qlike,4,True,SECONDARY,,,,,,,-6.434605912007065,0,mean,NO VERIFICABLE,window_empty_30m,insufficient finite sessions
15,primary,7,160832,384,2,0,160832,160448,two-sided,0.0965842046751427,5,9999,20260907,,,B1_over_B0,COMPLETE_COVERAGE,qlike_regime_secondary,-0.10688319162810783,0.20346739630325053,log_ridge_harq,4,True,SECONDARY,,,,,,,-110.66322074878121,0,median,NO VERIFICABLE,window_empty_30m,insufficient finite sessions
15,primary,7,160832,384,2,0,160832,160448,two-sided,0.20346739630325053,5,9999,20260907,,,B2_over_B1,COMPLETE_COVERAGE,qlike_regime_secondary,0.041146549103093524,0.162320847200157,log_ridge_harq,4,True,SECONDARY,,,,,,,20.222674418936464,0,median,NO VERIFICABLE,window_empty_30m,insufficient finite sessions
15,primary,7,160832,384,2,0,160832,160448,two-sided,0.09179173942647799,5,9999,20260907,,,B1_over_B0,COMPLETE_COVERAGE,qlike_regime_secondary,-0.0015954799680792157,0.0933872193945572,lightgbm_qlike,4,True,SECONDARY,,,,,,,-1.7381520146016407,0,median,NO VERIFICABLE,window_empty_30m,insufficient finite sessions
15,primary,7,160832,384,2,0,160832,160448,two-sided,0.0933872193945572,5,9999,20260907,,,B2_over_B1,COMPLETE_COVERAGE,qlike_regime_secondary,-0.006009099540221186,0.09939631893477839,lightgbm_qlike,4,True,SECONDARY,,,,,,,-6.434605912007065,0,median,NO VERIFICABLE,window_empty_30m,insufficient finite sessions
15,primary,7,160832,384,2,0,160832,160448,two-sided,0.0965842046751427,5,9999,20260907,,,B1_over_B0,COMPLETE_COVERAGE,qlike_regime_secondary,-0.10688319162810783,0.20346739630325053,log_ridge_harq,4,True,SECONDARY,,,,,,,-110.66322074878121,0,trimmed_mean_5pct,NO VERIFICABLE,window_empty_30m,insufficient finite sessions
15,primary,7,160832,384,2,0,160832,160448,two-sided,0.20346739630325053,5,9999,20260907,,,B2_over_B1,COMPLETE_COVERAGE,qlike_regime_secondary,0.041146549103093524,0.162320847200157,log_ridge_harq,4,True,SECONDARY,,,,,,,20.222674418936464,0,trimmed_mean_5pct,NO VERIFICABLE,window_empty_30m,insufficient finite sessions
15,primary,7,160832,384,2,0,160832,160448,two-sided,0.09179173942647799,5,9999,20260907,,,B1_over_B0,COMPLETE_COVERAGE,qlike_regime_secondary,-0.0015954799680792157,0.0933872193945572,lightgbm_qlike,4,True,SECONDARY,,,,,,,-1.7381520146016407,0,trimmed_mean_5pct,NO VERIFICABLE,window_empty_30m,insufficient finite sessions
15,primary,7,160832,384,2,0,160832,160448,two-sided,0.0933872193945572,5,9999,20260907,,,B2_over_B1,COMPLETE_COVERAGE,qlike_regime_secondary,-0.006009099540221186,0.09939631893477839,lightgbm_qlike,4,True,SECONDARY,,,,,,,-6.434605912007065,0,trimmed_mean_5pct,NO VERIFICABLE,window_empty_30m,insufficient finite sessions
15,primary,2508,160832,160420,418,0,160832,412,two-sided,0.1837237930292649,5,9999,20260907,0.0035124293288274285,0.00031216339367719275,B1_over_B0,COMPLETE_COVERAGE,qlike_regime_secondary,0.0016823062946387177,0.1820414867346262,log_ridge_harq,4,False,SECONDARY,two-sided percentile 95%; not inversion of centered-null p,delta = 0,resampled statistic minus observed statistic; +1 correction,388,0.0778,0.0389,0.9156714363995019,0,mean,COMPUTED,window_nonempty_5m,
15,primary,2508,160832,160420,418,0,160832,412,two-sided,0.1820414867346262,5,9999,20260907,0.0020389024388696338,0.000610184564584959,B2_over_B1,COMPLETE_COVERAGE,qlike_regime_secondary,0.001298810466070259,0.18074267626855592,log_ridge_harq,4,False,SECONDARY,two-sided percentile 95%; not inversion of centered-null p,delta = 0,resampled statistic minus observed statistic; +1 correction,6,0.0028,0.0007,0.7134694894925903,0,mean,COMPUTED,window_nonempty_5m,
15,primary,2508,160832,160420,418,0,160832,412,two-sided,0.18783311599575614,5,9999,20260907,0.004120574900299361,0.0006434630215506038,B1_over_B0,COMPLETE_COVERAGE,qlike_regime_secondary,0.002226642223117194,0.18560647377263897,lightgbm_qlike,4,False,SECONDARY,two-sided percentile 95%; not inversion of centered-null p,delta = 0,resampled statistic minus observed statistic; +1 correction,144,0.043500000000000004,0.0145,1.1854364504965686,0,mean,COMPUTED,window_nonempty_5m,
15,primary,2508,160832,160420,418,0,160832,412,two-sided,0.18560647377263897,5,9999,20260907,0.0011081421375961193,-0.002030449283627865,B2_over_B1,COMPLETE_COVERAGE,qlike_regime_secondary,-0.00020894572120155574,0.1858154194938405,lightgbm_qlike,4,False,SECONDARY,two-sided percentile 95%; not inversion of centered-null p,delta = 0,resampled statistic minus observed statistic; +1 correction,8044,0.8045,0.8045,-0.11257458694975611,0,mean,COMPUTED,window_nonempty_5m,
15,primary,2508,160832,160420,418,0,160832,412,two-sided,0.1837237930292649,5,9999,20260907,0.001445039190211314,0.0002594082140618126,B1_over_B0,COMPLETE_COVERAGE,qlike_regime_secondary,0.0008036681747404517,0.1820414867346262,log_ridge_harq,4,False,SECONDARY,two-sided percentile 95%; not inversion of centered-null p,delta = 0,resampled statistic minus observed statistic; +1 correction,63,0.0256,0.0064,0.9156714363995019,0,median,COMPUTED,window_nonempty_5m,
15,primary,2508,160832,160420,418,0,160832,412,two-sided,0.1820414867346262,5,9999,20260907,0.001477686847701859,0.000410883967376944,B2_over_B1,COMPLETE_COVERAGE,qlike_regime_secondary,0.0007259750919982461,0.18074267626855592,log_ridge_harq,4,False,SECONDARY,two-sided percentile 95%; not inversion of centered-null p,delta = 0,resampled statistic minus observed statistic; +1 correction,279,0.084,0.028,0.7134694894925903,0,median,COMPUTED,window_nonempty_5m,
15,primary,2508,160832,160420,418,0,160832,412,two-sided,0.18783311599575614,5,9999,20260907,0.0016848753759853147,-0.00010346255818306782,B1_over_B0,COMPLETE_COVERAGE,qlike_regime_secondary,0.0008267264312001379,0.18560647377263897,lightgbm_qlike,4,False,SECONDARY,two-sided percentile 95%; not inversion of centered-null p,delta = 0,resampled statistic minus observed statistic; +1 correction,703,0.0982,0.0704,1.1854364504965686,0,median,COMPUTED,window_nonempty_5m,
15,primary,2508,160832,160420,418,0,160832,412,two-sided,0.18560647377263897,5,9999,20260907,0.001257367123456421,0.00011564480935349897,B2_over_B1,COMPLETE_COVERAGE,qlike_regime_secondary,0.0005948266443423361,0.1858154194938405,lightgbm_qlike,4,False,SECONDARY,two-sided percentile 95%; not inversion of centered-null p,delta = 0,resampled statistic minus observed statistic; +1 correction,490,0.0982,0.0491,-0.11257458694975611,0,median,COMPUTED,window_nonempty_5m,
15,primary,2508,160832,160420,418,0,160832,412,two-sided,0.1837237930292649,5,9999,20260907,0.0015883849322082498,0.0003110214871542676,B1_over_B0,COMPLETE_COVERAGE,qlike_regime_secondary,0.0009534943734918709,0.1820414867346262,log_ridge_harq,4,False,SECONDARY,two-sided percentile 95%; not inversion of centered-null p,delta = 0,resampled statistic minus observed statistic; +1 correction,43,0.0132,0.0044,0.9156714363995019,20,trimmed_mean_5pct,COMPUTED,window_nonempty_5m,
15,primary,2508,160832,160420,418,0,160832,412,two-sided,0.1820414867346262,5,9999,20260907,0.0016973030823953482,0.0005353003568427223,B2_over_B1,COMPLETE_COVERAGE,qlike_regime_secondary,0.0010874838015031468,0.18074267626855592,log_ridge_harq,4,False,SECONDARY,two-sided percentile 95%; not inversion of centered-null p,delta = 0,resampled statistic minus observed statistic; +1 correction,9,0.004,0.001,0.7134694894925903,20,trimmed_mean_5pct,COMPUTED,window_nonempty_5m,
15,primary,2508,160832,160420,418,0,160832,412,two-sided,0.18783311599575614,5,9999,20260907,0.0021202245331474905,0.0002892539720566681,B1_over_B0,COMPLETE_COVERAGE,qlike_regime_secondary,0.0011842046549205476,0.18560647377263897,lightgbm_qlike,4,False,SECONDARY,two-sided percentile 95%; not inversion of centered-null p,delta = 0,resampled statistic minus observed statistic; +1 correction,120,0.0242,0.0121,1.1854364504965686,20,trimmed_mean_5pct,COMPUTED,window_nonempty_5m,
15,primary,2508,160832,160420,418,0,160832,412,two-sided,0.18560647377263897,5,9999,20260907,0.001085681380430836,-0.0001501096664254316,B2_over_B1,COMPLETE_COVERAGE,qlike_regime_secondary,0.0004869322548603041,0.1858154194938405,lightgbm_qlike,4,False,SECONDARY,two-sided percentile 95%; not inversion of centered-null p,delta = 0,resampled statistic minus observed statistic; +1 correction,1239,0.124,0.124,-0.11257458694975611,20,trimmed_mean_5pct,COMPUTED,window_nonempty_5m,
15,primary,2508,160832,160448,418,0,160832,384,two-sided,0.1836882376094623,5,9999,20260907,0.0035078155404357973,0.00031203736453382645,B1_over_B0,COMPLETE_COVERAGE,qlike_regime_secondary,0.0016778642728201112,0.18201037333664213,log_ridge_harq,4,False,SECONDARY,two-sided percentile 95%; not inversion of centered-null p,delta = 0,resampled statistic minus observed statistic; +1 correction,395,0.0792,0.0396,0.9134304377112058,0,mean,COMPUTED,window_nonempty_30m,
15,primary,2508,160832,160448,418,0,160832,384,two-sided,0.18201037333664213,5,9999,20260907,0.0020224705111000644,0.0005910310062482381,B2_over_B1,COMPLETE_COVERAGE,qlike_regime_secondary,0.001281253409272962,0.1807291199273692,log_ridge_harq,4,False,SECONDARY,two-sided percentile 95%; not inversion of centered-null p,delta = 0,resampled statistic minus observed statistic; +1 correction,8,0.0036,0.0009,0.7039452673959334,0,mean,COMPUTED,window_nonempty_30m,
15,primary,2508,160832,160448,418,0,160832,384,two-sided,0.18779463789633088,5,9999,20260907,0.004115254312942525,0.0006415187058550734,B1_over_B0,COMPLETE_COVERAGE,qlike_regime_secondary,0.0022246409037231037,0.18556999699260776,lightgbm_qlike,4,False,SECONDARY,two-sided percentile 95%; not inversion of centered-null p,delta = 0,resampled statistic minus observed statistic; +1 correction,144,0.043500000000000004,0.0145,1.1846136442677253,0,mean,COMPUTED,window_nonempty_30m,
15,primary,2508,160832,160448,418,0,160832,384,two-sided,0.18556999699260776,5,9999,20260907,0.0011081257238081072,-0.0020322025869527202,B2_over_B1,COMPLETE_COVERAGE,qlike_regime_secondary,-0.00020961783089767144,0.18577961482350547,lightgbm_qlike,4,False,SECONDARY,two-sided percentile 95%; not inversion of centered-null p,delta = 0,resampled statistic minus observed statistic; +1 correction,8035,0.8036,0.8036,-0.11295890192099406,0,mean,COMPUTED,window_nonempty_30m,
15,primary,2508,160832,160448,418,0,160832,384,two-sided,0.1836882376094623,5,9999,20260907,0.001445039190211314,0.0002594082140618126,B1_over_B0,COMPLETE_COVERAGE,qlike_regime_secondary,0.0008036681747404517,0.18201037333664213,log_ridge_harq,4,False,SECONDARY,two-sided percentile 95%; not inversion of centered-null p,delta = 0,resampled statistic minus observed statistic; +1 correction,63,0.0256,0.0064,0.9134304377112058,0,median,COMPUTED,window_nonempty_30m,
15,primary,2508,160832,160448,418,0,160832,384,two-sided,0.18201037333664213,5,9999,20260907,0.001477686847701859,0.0004004055209703983,B2_over_B1,COMPLETE_COVERAGE,qlike_regime_secondary,0.0007259750919982461,0.1807291199273692,log_ridge_harq,4,False,SECONDARY,two-sided percentile 95%; not inversion of centered-null p,delta = 0,resampled statistic minus observed statistic; +1 correction,280,0.0843,0.0281,0.7039452673959334,0,median,COMPUTED,window_nonempty_30m,
15,primary,2508,160832,160448,418,0,160832,384,two-sided,0.18779463789633088,5,9999,20260907,0.0016848753759853147,-0.00010346255818306782,B1_over_B0,COMPLETE_COVERAGE,qlike_regime_secondary,0.0008267264312001379,0.18556999699260776,lightgbm_qlike,4,False,SECONDARY,two-sided percentile 95%; not inversion of centered-null p,delta = 0,resampled statistic minus observed statistic; +1 correction,703,0.0982,0.0704,1.1846136442677253,0,median,COMPUTED,window_nonempty_30m,
15,primary,2508,160832,160448,418,0,160832,384,two-sided,0.18556999699260776,5,9999,20260907,0.001257367123456421,0.00011564480935349897,B2_over_B1,COMPLETE_COVERAGE,qlike_regime_secondary,0.0005948266443423361,0.18577961482350547,lightgbm_qlike,4,False,SECONDARY,two-sided percentile 95%; not inversion of centered-null p,delta = 0,resampled statistic minus observed statistic; +1 correction,490,0.0982,0.0491,-0.11295890192099406,0,median,COMPUTED,window_nonempty_30m,
15,primary,2508,160832,160448,418,0,160832,384,two-sided,0.1836882376094623,5,9999,20260907,0.0015883636751654311,0.00031172460051158586,B1_over_B0,COMPLETE_COVERAGE,qlike_regime_secondary,0.0009530822106354374,0.18201037333664213,log_ridge_harq,4,False,SECONDARY,two-sided percentile 95%; not inversion of centered-null p,delta = 0,resampled statistic minus observed statistic; +1 correction,43,0.0132,0.0044,0.9134304377112058,20,trimmed_mean_5pct,COMPUTED,window_nonempty_30m,
15,primary,2508,160832,160448,418,0,160832,384,two-sided,0.18201037333664213,5,9999,20260907,0.0016907058947960483,0.0005275649195981393,B2_over_B1,COMPLETE_COVERAGE,qlike_regime_secondary,0.0010792838871790799,0.1807291199273692,log_ridge_harq,4,False,SECONDARY,two-sided percentile 95%; not inversion of centered-null p,delta = 0,resampled statistic minus observed statistic; +1 correction,10,0.0044,0.0011,0.7039452673959334,20,trimmed_mean_5pct,COMPUTED,window_nonempty_30m,
15,primary,2508,160832,160448,418,0,160832,384,two-sided,0.18779463789633088,5,9999,20260907,0.0021201525387782054,0.00028906666497485474,B1_over_B0,COMPLETE_COVERAGE,qlike_regime_secondary,0.0011842048237882912,0.18556999699260776,lightgbm_qlike,4,False,SECONDARY,two-sided percentile 95%; not inversion of centered-null p,delta = 0,resampled statistic minus observed statistic; +1 correction,120,0.0242,0.0121,1.1846136442677253,20,trimmed_mean_5pct,COMPUTED,window_nonempty_30m,
15,primary,2508,160832,160448,418,0,160832,384,two-sided,0.18556999699260776,5,9999,20260907,0.001084673673731237,-0.00015118554922698054,B2_over_B1,COMPLETE_COVERAGE,qlike_regime_secondary,0.00048595186775598614,0.18577961482350547,lightgbm_qlike,4,False,SECONDARY,two-sided percentile 95%; not inversion of centered-null p,delta = 0,resampled statistic minus observed statistic; +1 correction,1247,0.1248,0.1248,-0.11295890192099406,20,trimmed_mean_5pct,COMPUTED,window_nonempty_30m,
15,primary,419,160832,26898,419,0,160832,133934,two-sided,0.19458778846000088,5,9999,20260907,0.005098582178302419,0.0005071599997852246,B1_over_B0,COMPLETE_COVERAGE,qlike_regime_secondary,0.002470328159092283,0.19211746030090857,log_ridge_harq,4,False,SECONDARY,two-sided percentile 95%; not inversion of centered-null p,delta = 0,resampled statistic minus observed statistic; +1 correction,349,0.14,0.035,1.2695185955104678,0,mean,COMPUTED,asset_AAPL,
15,primary,419,160832,26898,419,0,160832,133934,two-sided,0.19211746030090857,5,9999,20260907,0.0032351078118677615,3.193953911768328e-05,B2_over_B1,COMPLETE_COVERAGE,qlike_regime_secondary,0.0015291325661040927,0.19058832773480447,log_ridge_harq,4,False,SECONDARY,two-sided percentile 95%; not inversion of centered-null p,delta = 0,resampled statistic minus observed statistic; +1 correction,610,0.18330000000000002,0.0611,0.7959362796640411,0,mean,COMPUTED,asset_AAPL,
15,primary,419,160832,26898,419,0,160832,133934,two-sided,0.1975547446688195,5,9999,20260907,0.004589680371235937,-0.0007943030903274953,B1_over_B0,COMPLETE_COVERAGE,qlike_regime_secondary,0.0018376250912231513,0.19571711957759638,lightgbm_qlike,4,False,SECONDARY,two-sided percentile 95%; not inversion of centered-null p,delta = 0,resampled statistic minus observed statistic; +1 correction,1801,0.3604,0.1802,0.9301852477923238,0,mean,COMPUTED,asset_AAPL,
15,primary,419,160832,26898,419,0,160832,133934,two-sided,0.19571711957759638,5,9999,20260907,0.0012148905107840903,-0.005950134430150553,B2_over_B1,COMPLETE_COVERAGE,qlike_regime_secondary,-0.0017399709633425828,0.19745709054093893,lightgbm_qlike,4,False,SECONDARY,two-sided percentile 95%; not inversion of centered-null p,delta = 0,resampled statistic minus observed statistic; +1 correction,3480,0.3604,0.3481,-0.8890233859449034,0,mean,COMPUTED,asset_AAPL,
15,primary,419,160832,26898,419,0,160832,133934,two-sided,0.19458778846000088,5,9999,20260907,0.0017463316398186601,4.641714332814795e-05,B1_over_B0,COMPLETE_COVERAGE,qlike_regime_secondary,0.0009324510859077539,0.19211746030090857,log_ridge_harq,4,False,SECONDARY,two-sided percentile 95%; not inversion of centered-null p,delta = 0,resampled statistic minus observed statistic; +1 correction,294,0.118,0.0295,1.2695185955104678,0,median,COMPUTED,asset_AAPL,
15,primary,419,160832,26898,419,0,160832,133934,two-sided,0.19211746030090857,5,9999,20260907,0.00140460189321151,1.6259708733590283e-06,B2_over_B1,COMPLETE_COVERAGE,qlike_regime_secondary,0.0006567337618839098,0.19058832773480447,log_ridge_harq,4,False,SECONDARY,two-sided percentile 95%; not inversion of centered-null p,delta = 0,resampled statistic minus observed statistic; +1 correction,894,0.179,0.0895,0.7959362796640411,0,median,COMPUTED,asset_AAPL,
15,primary,419,160832,26898,419,0,160832,133934,two-sided,0.1975547446688195,5,9999,20260907,0.003280299884398999,9.396491377361427e-05,B1_over_B0,COMPLETE_COVERAGE,qlike_regime_secondary,0.0015646562841495348,0.19571711957759638,lightgbm_qlike,4,False,SECONDARY,two-sided percentile 95%; not inversion of centered-null p,delta = 0,resampled statistic minus observed statistic; +1 correction,520,0.1563,0.0521,0.9301852477923238,0,median,COMPUTED,asset_AAPL,
15,primary,419,160832,26898,419,0,160832,133934,two-sided,0.19571711957759638,5,9999,20260907,0.0008220530124557757,-0.0008398911159226627,B2_over_B1,COMPLETE_COVERAGE,qlike_regime_secondary,0.0001400245415486695,0.19745709054093893,lightgbm_qlike,4,False,SECONDARY,two-sided percentile 95%; not inversion of centered-null p,delta = 0,resampled statistic minus observed statistic; +1 correction,7704,0.7705,0.7705,-0.8890233859449034,0,median,COMPUTED,asset_AAPL,
15,primary,419,160832,26898,419,0,160832,133934,two-sided,0.19458778846000088,5,9999,20260907,0.0021736359033455712,0.00023255315410470456,B1_over_B0,COMPLETE_COVERAGE,qlike_regime_secondary,0.001201919534124796,0.19211746030090857,log_ridge_harq,4,False,SECONDARY,two-sided percentile 95%; not inversion of centered-null p,delta = 0,resampled statistic minus observed statistic; +1 correction,148,0.0596,0.0149,1.2695185955104678,20,trimmed_mean_5pct,COMPUTED,asset_AAPL,
15,primary,419,160832,26898,419,0,160832,133934,two-sided,0.19211746030090857,5,9999,20260907,0.0019615332585584317,3.3094572185090357e-05,B2_over_B1,COMPLETE_COVERAGE,qlike_regime_secondary,0.0009212386554852976,0.19058832773480447,log_ridge_harq,4,False,SECONDARY,two-sided percentile 95%; not inversion of centered-null p,delta = 0,resampled statistic minus observed statistic; +1 correction,602,0.1809,0.0603,0.7959362796640411,20,trimmed_mean_5pct,COMPUTED,asset_AAPL,
15,primary,419,160832,26898,419,0,160832,133934,two-sided,0.1975547446688195,5,9999,20260907,0.0032380588284295396,-0.0006960109097239257,B1_over_B0,COMPLETE_COVERAGE,qlike_regime_secondary,0.001275033893758585,0.19571711957759638,lightgbm_qlike,4,False,SECONDARY,two-sided percentile 95%; not inversion of centered-null p,delta = 0,resampled statistic minus observed statistic; +1 correction,1950,0.3902,0.1951,0.9301852477923238,20,trimmed_mean_5pct,COMPUTED,asset_AAPL,
15,primary,419,160832,26898,419,0,160832,133934,two-sided,0.19571711957759638,5,9999,20260907,0.0006181701472259137,-0.0015957609271862736,B2_over_B1,COMPLETE_COVERAGE,qlike_regime_secondary,-0.0005177333923748321,0.19745709054093893,lightgbm_qlike,4,False,SECONDARY,two-sided percentile 95%; not inversion of centered-null p,delta = 0,resampled statistic minus observed statistic; +1 correction,3523,0.3902,0.3524,-0.8890233859449034,20,trimmed_mean_5pct,COMPUTED,asset_AAPL,
15,primary,419,160832,26743,419,0,160832,134089,two-sided,0.17930192314404064,5,9999,20260907,0.004862055140395626,0.00036106360402021417,B1_over_B0,COMPLETE_COVERAGE,qlike_regime_secondary,0.0022447147650524434,0.17705720837898814,log_ridge_harq,4,False,SECONDARY,two-sided percentile 95%; not inversion of centered-null p,delta = 0,resampled statistic minus observed statistic; +1 correction,498,0.16,0.0499,1.251918956412515,0,mean,COMPUTED,asset_AMZN,
15,primary,419,160832,26743,419,0,160832,134089,two-sided,0.17705720837898814,5,9999,20260907,0.0016924859555210033,-0.0006664590228771647,B2_over_B1,COMPLETE_COVERAGE,qlike_regime_secondary,0.000513946955014077,0.17654326142397406,log_ridge_harq,4,False,SECONDARY,two-sided percentile 95%; not inversion of centered-null p,delta = 0,resampled statistic minus observed statistic; +1 correction,3949,0.79,0.395,0.2902716922510049,0,mean,COMPUTED,asset_AMZN,
15,primary,419,160832,26743,419,0,160832,134089,two-sided,0.18381489836850146,5,9999,20260907,0.005222558254174526,0.0003803744566090232,B1_over_B0,COMPLETE_COVERAGE,qlike_regime_secondary,0.002543660845364593,0.18127123752313684,lightgbm_qlike,4,False,SECONDARY,two-sided percentile 95%; not inversion of centered-null p,delta = 0,resampled statistic minus observed statistic; +1 correction,399,0.16,0.04,1.3838164740407544,0,mean,COMPUTED,asset_AMZN,
15,primary,419,160832,26743,419,0,160832,134089,two-sided,0.18127123752313684,5,9999,20260907,0.0015733283949755643,-0.0019485076905237314,B2_over_B1,COMPLETE_COVERAGE,qlike_regime_secondary,-6.818128691242335e-05,0.18133941881004925,lightgbm_qlike,4,False,SECONDARY,two-sided percentile 95%; not inversion of centered-null p,delta = 0,resampled statistic minus observed statistic; +1 correction,9370,0.9371,0.9371,-0.037612854551026566,0,mean,COMPUTED,asset_AMZN,
15,primary,419,160832,26743,419,0,160832,134089,two-sided,0.17930192314404064,5,9999,20260907,0.001405296281842744,-2.9154043616683167e-05,B1_over_B0,COMPLETE_COVERAGE,qlike_regime_secondary,0.0008101040024111189,0.17705720837898814,log_ridge_harq,4,False,SECONDARY,two-sided percentile 95%; not inversion of centered-null p,delta = 0,resampled statistic minus observed statistic; +1 correction,344,0.10350000000000001,0.0345,1.251918956412515,0,median,COMPUTED,asset_AMZN,
15,primary,419,160832,26743,419,0,160832,134089,two-sided,0.17705720837898814,5,9999,20260907,0.00128373158182854,-2.7479821157083695e-05,B2_over_B1,COMPLETE_COVERAGE,qlike_regime_secondary,0.0006959611785434389,0.17654326142397406,log_ridge_harq,4,False,SECONDARY,two-sided percentile 95%; not inversion of centered-null p,delta = 0,resampled statistic minus observed statistic; +1 correction,406,0.10350000000000001,0.0407,0.2902716922510049,0,median,COMPUTED,asset_AMZN,
15,primary,419,160832,26743,419,0,160832,134089,two-sided,0.18381489836850146,5,9999,20260907,0.002667021696208277,0.0005208768966103727,B1_over_B0,COMPLETE_COVERAGE,qlike_regime_secondary,0.0016690943531469798,0.18127123752313684,lightgbm_qlike,4,False,SECONDARY,two-sided percentile 95%; not inversion of centered-null p,delta = 0,resampled statistic minus observed statistic; +1 correction,66,0.0268,0.0067,1.3838164740407544,0,median,COMPUTED,asset_AMZN,
15,primary,419,160832,26743,419,0,160832,134089,two-sided,0.18127123752313684,5,9999,20260907,0.0012041408950791421,-0.00029506590136763045,B2_over_B1,COMPLETE_COVERAGE,qlike_regime_secondary,0.0007843959718866478,0.18133941881004925,lightgbm_qlike,4,False,SECONDARY,two-sided percentile 95%; not inversion of centered-null p,delta = 0,resampled statistic minus observed statistic; +1 correction,1202,0.1203,0.1203,-0.037612854551026566,0,median,COMPUTED,asset_AMZN,
15,primary,419,160832,26743,419,0,160832,134089,two-sided,0.17930192314404064,5,9999,20260907,0.0017085052077223503,-0.00019059513254487593,B1_over_B0,COMPLETE_COVERAGE,qlike_regime_secondary,0.000754782063820677,0.17705720837898814,log_ridge_harq,4,False,SECONDARY,two-sided percentile 95%; not inversion of centered-null p,delta = 0,resampled statistic minus observed statistic; +1 correction,1189,0.2847,0.119,1.251918956412515,20,trimmed_mean_5pct,COMPUTED,asset_AMZN,
15,primary,419,160832,26743,419,0,160832,134089,two-sided,0.17705720837898814,5,9999,20260907,0.0015885859559302844,-0.00015073958298668228,B2_over_B1,COMPLETE_COVERAGE,qlike_regime_secondary,0.0007520706574712252,0.17654326142397406,log_ridge_harq,4,False,SECONDARY,two-sided percentile 95%; not inversion of centered-null p,delta = 0,resampled statistic minus observed statistic; +1 correction,948,0.2847,0.0949,0.2902716922510049,20,trimmed_mean_5pct,COMPUTED,asset_AMZN,
15,primary,419,160832,26743,419,0,160832,134089,two-sided,0.18381489836850146,5,9999,20260907,0.003015214883018677,0.0005081163737079502,B1_over_B0,COMPLETE_COVERAGE,qlike_regime_secondary,0.0017667676307601774,0.18127123752313684,lightgbm_qlike,4,False,SECONDARY,two-sided percentile 95%; not inversion of centered-null p,delta = 0,resampled statistic minus observed statistic; +1 correction,61,0.0248,0.0062,1.3838164740407544,20,trimmed_mean_5pct,COMPUTED,asset_AMZN,
15,primary,419,160832,26743,419,0,160832,134089,two-sided,0.18127123752313684,5,9999,20260907,0.001148309727033865,-0.0006327044508006012,B2_over_B1,COMPLETE_COVERAGE,qlike_regime_secondary,0.00029848227665133957,0.18133941881004925,lightgbm_qlike,4,False,SECONDARY,two-sided percentile 95%; not inversion of centered-null p,delta = 0,resampled statistic minus observed statistic; +1 correction,5078,0.5079,0.5079,-0.037612854551026566,20,trimmed_mean_5pct,COMPUTED,asset_AMZN,
15,primary,419,160832,26853,419,0,160832,133979,two-sided,0.19375639284914292,5,9999,20260907,0.004848493141186332,0.0005211004101767933,B1_over_B0,COMPLETE_COVERAGE,qlike_regime_secondary,0.0024773449769160253,0.19127904787222688,log_ridge_harq,4,False,SECONDARY,two-sided percentile 95%; not inversion of centered-null p,delta = 0,resampled statistic minus observed statistic; +1 correction,254,0.0765,0.0255,1.2785874780631703,0,mean,COMPUTED,asset_META,
15,primary,419,160832,26853,419,0,160832,133979,two-sided,0.19127904787222688,5,9999,20260907,0.00148488516130345,-0.001479174039796643,B2_over_B1,COMPLETE_COVERAGE,qlike_regime_secondary,4.531936915142427e-05,0.19123372850307543,log_ridge_harq,4,False,SECONDARY,two-sided percentile 95%; not inversion of centered-null p,delta = 0,resampled statistic minus observed statistic; +1 correction,9489,1.0,0.949,0.023692803605807004,0,mean,COMPUTED,asset_META,
15,primary,419,160832,26853,419,0,160832,133979,two-sided,0.1984571685891333,5,9999,20260907,0.004639317377891213,0.0005668528190438749,B1_over_B0,COMPLETE_COVERAGE,qlike_regime_secondary,0.0024922617454581374,0.19596490684367515,lightgbm_qlike,4,False,SECONDARY,two-sided percentile 95%; not inversion of centered-null p,delta = 0,resampled statistic minus observed statistic; +1 correction,183,0.0736,0.0184,1.2558184535111843,0,mean,COMPUTED,asset_META,
15,primary,419,160832,26853,419,0,160832,133979,two-sided,0.19596490684367515,5,9999,20260907,0.0028227475949152395,-0.002504179572483617,B2_over_B1,COMPLETE_COVERAGE,qlike_regime_secondary,0.00023213684560391466,0.1957327699980712,lightgbm_qlike,4,False,SECONDARY,two-sided percentile 95%; not inversion of centered-null p,delta = 0,resampled statistic minus observed statistic; +1 correction,8597,1.0,0.8598,0.11845837570759266,0,mean,COMPUTED,asset_META,
15,primary,419,160832,26853,419,0,160832,133979,two-sided,0.19375639284914292,5,9999,20260907,0.0020314500323829476,0.0005839719267160537,B1_over_B0,COMPLETE_COVERAGE,qlike_regime_secondary,0.0012868497031664483,0.19127904787222688,log_ridge_harq,4,False,SECONDARY,two-sided percentile 95%; not inversion of centered-null p,delta = 0,resampled statistic minus observed statistic; +1 correction,4,0.002,0.0005,1.2785874780631703,0,median,COMPUTED,asset_META,
15,primary,419,160832,26853,419,0,160832,133979,two-sided,0.19127904787222688,5,9999,20260907,0.0015945328270390996,-5.79407250475561e-06,B2_over_B1,COMPLETE_COVERAGE,qlike_regime_secondary,0.000791842794883188,0.19123372850307543,log_ridge_harq,4,False,SECONDARY,two-sided percentile 95%; not inversion of centered-null p,delta = 0,resampled statistic minus observed statistic; +1 correction,524,0.1575,0.0525,0.023692803605807004,0,median,COMPUTED,asset_META,
15,primary,419,160832,26853,419,0,160832,133979,two-sided,0.1984571685891333,5,9999,20260907,0.002093497514438186,-0.00023867099690083604,B1_over_B0,COMPLETE_COVERAGE,qlike_regime_secondary,0.0010974798140862552,0.19596490684367515,lightgbm_qlike,4,False,SECONDARY,two-sided percentile 95%; not inversion of centered-null p,delta = 0,resampled statistic minus observed statistic; +1 correction,663,0.1575,0.0664,1.2558184535111843,0,median,COMPUTED,asset_META,
15,primary,419,160832,26853,419,0,160832,133979,two-sided,0.19596490684367515,5,9999,20260907,0.0013542221418998412,-0.00048780424377400933,B2_over_B1,COMPLETE_COVERAGE,qlike_regime_secondary,0.00039954190846092086,0.1957327699980712,lightgbm_qlike,4,False,SECONDARY,two-sided percentile 95%; not inversion of centered-null p,delta = 0,resampled statistic minus observed statistic; +1 correction,3918,0.3919,0.3919,0.11845837570759266,0,median,COMPUTED,asset_META,
15,primary,419,160832,26853,419,0,160832,133979,two-sided,0.19375639284914292,5,9999,20260907,0.002082934088308428,0.0002400767213149348,B1_over_B0,COMPLETE_COVERAGE,qlike_regime_secondary,0.00113615468323864,0.19127904787222688,log_ridge_harq,4,False,SECONDARY,two-sided percentile 95%; not inversion of centered-null p,delta = 0,resampled statistic minus observed statistic; +1 correction,170,0.0684,0.0171,1.2785874780631703,20,trimmed_mean_5pct,COMPUTED,asset_META,
15,primary,419,160832,26853,419,0,160832,133979,two-sided,0.19127904787222688,5,9999,20260907,0.0015353621460243371,-0.00023879203394559532,B2_over_B1,COMPLETE_COVERAGE,qlike_regime_secondary,0.0006531712088385725,0.19123372850307543,log_ridge_harq,4,False,SECONDARY,two-sided percentile 95%; not inversion of centered-null p,delta = 0,resampled statistic minus observed statistic; +1 correction,1586,0.3174,0.1587,0.023692803605807004,20,trimmed_mean_5pct,COMPUTED,asset_META,
15,primary,419,160832,26853,419,0,160832,133979,two-sided,0.1984571685891333,5,9999,20260907,0.003030618459336479,0.0002620147449057321,B1_over_B0,COMPLETE_COVERAGE,qlike_regime_secondary,0.0016255062816098438,0.19596490684367515,lightgbm_qlike,4,False,SECONDARY,two-sided percentile 95%; not inversion of centered-null p,delta = 0,resampled statistic minus observed statistic; +1 correction,218,0.0684,0.0219,1.2558184535111843,20,trimmed_mean_5pct,COMPUTED,asset_META,
15,primary,419,160832,26853,419,0,160832,133979,two-sided,0.19596490684367515,5,9999,20260907,0.0013281499010889463,-0.0008430273039879559,B2_over_B1,COMPLETE_COVERAGE,qlike_regime_secondary,0.0002616032788882379,0.1957327699980712,lightgbm_qlike,4,False,SECONDARY,two-sided percentile 95%; not inversion of centered-null p,delta = 0,resampled statistic minus observed statistic; +1 correction,6421,0.6422,0.6422,0.11845837570759266,20,trimmed_mean_5pct,COMPUTED,asset_META,
15,primary,419,160832,26729,419,0,160832,134103,two-sided,0.17841853060545476,5,9999,20260907,0.0032662101698771925,-0.0014543073780978598,B1_over_B0,COMPLETE_COVERAGE,qlike_regime_secondary,0.0008978172172918919,0.17752071338816283,log_ridge_harq,4,False,SECONDARY,two-sided percentile 95%; not inversion of centered-null p,delta = 0,resampled statistic minus observed statistic; +1 correction,4460,1.0,0.4461,0.5032085032004199,0,mean,COMPUTED,asset_MSFT,
15,primary,419,160832,26729,419,0,160832,134103,two-sided,0.17752071338816283,5,9999,20260907,0.003254949576533273,-0.0012905449556167678,B2_over_B1,COMPLETE_COVERAGE,qlike_regime_secondary,0.0007797463824454374,0.17674096700571743,log_ridge_harq,4,False,SECONDARY,two-sided percentile 95%; not inversion of centered-null p,delta = 0,resampled statistic minus observed statistic; +1 correction,4909,1.0,0.491,0.43924247912437203,0,mean,COMPUTED,asset_MSFT,
15,primary,419,160832,26729,419,0,160832,134103,two-sided,0.18336332285809087,5,9999,20260907,0.005385743949840398,-0.0024287558585691866,B1_over_B0,COMPLETE_COVERAGE,qlike_regime_secondary,0.0014329081682954512,0.18193041468979543,lightgbm_qlike,4,False,SECONDARY,two-sided percentile 95%; not inversion of centered-null p,delta = 0,resampled statistic minus observed statistic; +1 correction,4555,1.0,0.4556,0.7814584432484418,0,mean,COMPUTED,asset_MSFT,
15,primary,419,160832,26729,419,0,160832,134103,two-sided,0.18193041468979543,5,9999,20260907,0.0012528532206820143,-0.00294165838934784,B2_over_B1,COMPLETE_COVERAGE,qlike_regime_secondary,-0.0006875474888096151,0.182617962178605,lightgbm_qlike,4,False,SECONDARY,two-sided percentile 95%; not inversion of centered-null p,delta = 0,resampled statistic minus observed statistic; +1 correction,5242,1.0,0.5243,-0.37791783742258467,0,mean,COMPUTED,asset_MSFT,
15,primary,419,160832,26729,419,0,160832,134103,two-sided,0.17841853060545476,5,9999,20260907,0.0017276073403635628,0.0004347239700625838,B1_over_B0,COMPLETE_COVERAGE,qlike_regime_secondary,0.001045699232841743,0.17752071338816283,log_ridge_harq,4,False,SECONDARY,two-sided percentile 95%; not inversion of centered-null p,delta = 0,resampled statistic minus observed statistic; +1 correction,33,0.0136,0.0034,0.5032085032004199,0,median,COMPUTED,asset_MSFT,
15,primary,419,160832,26729,419,0,160832,134103,two-sided,0.17752071338816283,5,9999,20260907,0.001860435526278098,1.095599578129769e-05,B2_over_B1,COMPLETE_COVERAGE,qlike_regime_secondary,0.000906452148143222,0.17674096700571743,log_ridge_harq,4,False,SECONDARY,two-sided percentile 95%; not inversion of centered-null p,delta = 0,resampled statistic minus observed statistic; +1 correction,529,0.159,0.053,0.43924247912437203,0,median,COMPUTED,asset_MSFT,
15,primary,419,160832,26729,419,0,160832,134103,two-sided,0.18336332285809087,5,9999,20260907,0.0028286917208371204,-0.0001632343035451872,B1_over_B0,COMPLETE_COVERAGE,qlike_regime_secondary,0.0011082471320578435,0.18193041468979543,lightgbm_qlike,4,False,SECONDARY,two-sided percentile 95%; not inversion of centered-null p,delta = 0,resampled statistic minus observed statistic; +1 correction,1768,0.3538,0.1769,0.7814584432484418,0,median,COMPUTED,asset_MSFT,
15,primary,419,160832,26729,419,0,160832,134103,two-sided,0.18193041468979543,5,9999,20260907,0.0010333793211061981,-0.0006848264975113372,B2_over_B1,COMPLETE_COVERAGE,qlike_regime_secondary,1.1388881492019332e-05,0.182617962178605,lightgbm_qlike,4,False,SECONDARY,two-sided percentile 95%; not inversion of centered-null p,delta = 0,resampled statistic minus observed statistic; +1 correction,9195,0.9196,0.9196,-0.37791783742258467,0,median,COMPUTED,asset_MSFT,
15,primary,419,160832,26729,419,0,160832,134103,two-sided,0.17841853060545476,5,9999,20260907,0.0017060068617974547,-0.00014452633847361274,B1_over_B0,COMPLETE_COVERAGE,qlike_regime_secondary,0.0008248345119353106,0.17752071338816283,log_ridge_harq,4,False,SECONDARY,two-sided percentile 95%; not inversion of centered-null p,delta = 0,resampled statistic minus observed statistic; +1 correction,801,0.3208,0.0802,0.5032085032004199,20,trimmed_mean_5pct,COMPUTED,asset_MSFT,
15,primary,419,160832,26729,419,0,160832,134103,two-sided,0.17752071338816283,5,9999,20260907,0.0015830947565606426,-0.000193335549936453,B2_over_B1,COMPLETE_COVERAGE,qlike_regime_secondary,0.0007037443378797437,0.17674096700571743,log_ridge_harq,4,False,SECONDARY,two-sided percentile 95%; not inversion of centered-null p,delta = 0,resampled statistic minus observed statistic; +1 correction,1205,0.3618,0.1206,0.43924247912437203,20,trimmed_mean_5pct,COMPUTED,asset_MSFT,
15,primary,419,160832,26729,419,0,160832,134103,two-sided,0.18336332285809087,5,9999,20260907,0.003478705595711879,-0.0005771577742408336,B1_over_B0,COMPLETE_COVERAGE,qlike_regime_secondary,0.00145774125570686,0.18193041468979543,lightgbm_qlike,4,False,SECONDARY,two-sided percentile 95%; not inversion of centered-null p,delta = 0,resampled statistic minus observed statistic; +1 correction,1562,0.3618,0.1563,0.7814584432484418,20,trimmed_mean_5pct,COMPUTED,asset_MSFT,
15,primary,419,160832,26729,419,0,160832,134103,two-sided,0.18193041468979543,5,9999,20260907,0.0010740806915263746,-0.0012401088121282307,B2_over_B1,COMPLETE_COVERAGE,qlike_regime_secondary,-5.85946490992448e-05,0.182617962178605,lightgbm_qlike,4,False,SECONDARY,two-sided percentile 95%; not inversion of centered-null p,delta = 0,resampled statistic minus observed statistic; +1 correction,9218,0.9219,0.9219,-0.37791783742258467,20,trimmed_mean_5pct,COMPUTED,asset_MSFT,
15,primary,419,160832,26764,419,0,160832,134068,two-sided,0.18102912532433638,5,9999,20260907,0.0020918673275049254,-0.0007720843588894917,B1_over_B0,COMPLETE_COVERAGE,qlike_regime_secondary,0.0006937700851507865,0.1803353552391856,log_ridge_harq,4,False,SECONDARY,two-sided percentile 95%; not inversion of centered-null p,delta = 0,resampled statistic minus observed statistic; +1 correction,3364,0.5068,0.3365,0.38323672166443407,0,mean,COMPUTED,asset_NVDA,
15,primary,419,160832,26764,419,0,160832,134068,two-sided,0.1803353552391856,5,9999,20260907,0.003410737210775238,0.0011905521820526161,B2_over_B1,COMPLETE_COVERAGE,qlike_regime_secondary,0.002278727558413713,0.17805662768077188,log_ridge_harq,4,False,SECONDARY,two-sided percentile 95%; not inversion of centered-null p,delta = 0,resampled statistic minus observed statistic; +1 correction,1,0.0008,0.0002,1.2636055505540502,0,mean,COMPUTED,asset_NVDA,
15,primary,419,160832,26764,419,0,160832,134068,two-sided,0.1827683899802937,5,9999,20260907,0.0038217088132098996,-0.00017122705882199012,B1_over_B0,COMPLETE_COVERAGE,qlike_regime_secondary,0.0017840737888896352,0.18098431619140404,lightgbm_qlike,4,False,SECONDARY,two-sided percentile 95%; not inversion of centered-null p,delta = 0,resampled statistic minus observed statistic; +1 correction,768,0.2307,0.0769,0.9761391393128735,0,mean,COMPUTED,asset_NVDA,
15,primary,419,160832,26764,419,0,160832,134068,two-sided,0.18098431619140404,5,9999,20260907,0.002873758967013546,-0.0006601525356163066,B2_over_B1,COMPLETE_COVERAGE,qlike_regime_secondary,0.001029045904754202,0.17995527028664984,lightgbm_qlike,4,False,SECONDARY,two-sided percentile 95%; not inversion of centered-null p,delta = 0,resampled statistic minus observed statistic; +1 correction,2533,0.5068,0.2534,0.5685829172434541,0,mean,COMPUTED,asset_NVDA,
15,primary,419,160832,26764,419,0,160832,134068,two-sided,0.18102912532433638,5,9999,20260907,0.0016110879759946573,0.00012202302850186642,B1_over_B0,COMPLETE_COVERAGE,qlike_regime_secondary,0.0007577514823293302,0.1803353552391856,log_ridge_harq,4,False,SECONDARY,two-sided percentile 95%; not inversion of centered-null p,delta = 0,resampled statistic minus observed statistic; +1 correction,765,0.2298,0.0766,0.38323672166443407,0,median,COMPUTED,asset_NVDA,
15,primary,419,160832,26764,419,0,160832,134068,two-sided,0.1803353552391856,5,9999,20260907,0.0024323341890420402,0.0005398592538075342,B2_over_B1,COMPLETE_COVERAGE,qlike_regime_secondary,0.0014264175530286777,0.17805662768077188,log_ridge_harq,4,False,SECONDARY,two-sided percentile 95%; not inversion of centered-null p,delta = 0,resampled statistic minus observed statistic; +1 correction,3,0.0016,0.0004,1.2636055505540502,0,median,COMPUTED,asset_NVDA,
15,primary,419,160832,26764,419,0,160832,134068,two-sided,0.1827683899802937,5,9999,20260907,0.0018968599160041066,-6.339244748472528e-05,B1_over_B0,COMPLETE_COVERAGE,qlike_regime_secondary,0.0008033339073170789,0.18098431619140404,lightgbm_qlike,4,False,SECONDARY,two-sided percentile 95%; not inversion of centered-null p,delta = 0,resampled statistic minus observed statistic; +1 correction,1029,0.2298,0.103,0.9761391393128735,0,median,COMPUTED,asset_NVDA,
15,primary,419,160832,26764,419,0,160832,134068,two-sided,0.18098431619140404,5,9999,20260907,0.0007330284303039003,-0.0009317874598944453,B2_over_B1,COMPLETE_COVERAGE,qlike_regime_secondary,-7.087322867413426e-05,0.17995527028664984,lightgbm_qlike,4,False,SECONDARY,two-sided percentile 95%; not inversion of centered-null p,delta = 0,resampled statistic minus observed statistic; +1 correction,8390,0.8391,0.8391,0.5685829172434541,0,median,COMPUTED,asset_NVDA,
15,primary,419,160832,26764,419,0,160832,134068,two-sided,0.18102912532433638,5,9999,20260907,0.0018245809244829428,0.00013984006761524887,B1_over_B0,COMPLETE_COVERAGE,qlike_regime_secondary,0.0009857918891402727,0.1803353552391856,log_ridge_harq,4,False,SECONDARY,two-sided percentile 95%; not inversion of centered-null p,delta = 0,resampled statistic minus observed statistic; +1 correction,229,0.0657,0.023,0.38323672166443407,20,trimmed_mean_5pct,COMPUTED,asset_NVDA,
15,primary,419,160832,26764,419,0,160832,134068,two-sided,0.1803353552391856,5,9999,20260907,0.0030014236494386847,0.0011246115360134927,B2_over_B1,COMPLETE_COVERAGE,qlike_regime_secondary,0.002025721545960517,0.17805662768077188,log_ridge_harq,4,False,SECONDARY,two-sided percentile 95%; not inversion of centered-null p,delta = 0,resampled statistic minus observed statistic; +1 correction,0,0.0004,0.0001,1.2636055505540502,20,trimmed_mean_5pct,COMPUTED,asset_NVDA,
15,primary,419,160832,26764,419,0,160832,134068,two-sided,0.1827683899802937,5,9999,20260907,0.0027652452138243458,0.0002646149467625652,B1_over_B0,COMPLETE_COVERAGE,qlike_regime_secondary,0.0014901455925890252,0.18098431619140404,lightgbm_qlike,4,False,SECONDARY,two-sided percentile 95%; not inversion of centered-null p,delta = 0,resampled statistic minus observed statistic; +1 correction,218,0.0657,0.0219,0.9761391393128735,20,trimmed_mean_5pct,COMPUTED,asset_NVDA,
15,primary,419,160832,26764,419,0,160832,134068,two-sided,0.18098431619140404,5,9999,20260907,0.0012539294978538063,-0.0008418964270340867,B2_over_B1,COMPLETE_COVERAGE,qlike_regime_secondary,0.00022267975935744532,0.17995527028664984,lightgbm_qlike,4,False,SECONDARY,two-sided percentile 95%; not inversion of centered-null p,delta = 0,resampled statistic minus observed statistic; +1 correction,6713,0.6714,0.6714,0.5685829172434541,20,trimmed_mean_5pct,COMPUTED,asset_NVDA,
15,primary,419,160832,26845,419,0,160832,133987,two-sided,0.1748684703797321,5,9999,20260907,0.0028193390988081254,-0.000758953923622409,B1_over_B0,COMPLETE_COVERAGE,qlike_regime_secondary,0.0009138950140293057,0.1739545753657028,log_ridge_harq,4,False,SECONDARY,two-sided percentile 95%; not inversion of centered-null p,delta = 0,resampled statistic minus observed statistic; +1 correction,3045,0.6092,0.3046,0.5226185212490023,0,mean,COMPUTED,asset_TSLA,
15,primary,419,160832,26845,419,0,160832,133987,two-sided,0.1739545753657028,5,9999,20260907,0.0029026704210251097,0.0004513723740307865,B2_over_B1,COMPLETE_COVERAGE,qlike_regime_secondary,0.001655685123425383,0.17229889024227743,log_ridge_harq,4,False,SECONDARY,two-sided percentile 95%; not inversion of centered-null p,delta = 0,resampled statistic minus observed statistic; +1 correction,77,0.0312,0.0078,0.951791650173417,0,mean,COMPUTED,asset_TSLA,
15,primary,419,160832,26845,419,0,160832,133987,two-sided,0.18054302589845428,5,9999,20260907,0.007226033476321584,-1.5247624497323345e-05,B1_over_B0,COMPLETE_COVERAGE,qlike_regime_secondary,0.0030891860589228825,0.17745383983953136,lightgbm_qlike,4,False,SECONDARY,two-sided percentile 95%; not inversion of centered-null p,delta = 0,resampled statistic minus observed statistic; +1 correction,922,0.2769,0.0923,1.711052555782677,0,mean,COMPUTED,asset_TSLA,
15,primary,419,160832,26845,419,0,160832,133987,two-sided,0.17745383983953136,5,9999,20260907,0.0025522957748310418,-0.0033747806730915755,B2_over_B1,COMPLETE_COVERAGE,qlike_regime_secondary,-4.2901441897062556e-05,0.17749674128142845,lightgbm_qlike,4,False,SECONDARY,two-sided percentile 95%; not inversion of centered-null p,delta = 0,resampled statistic minus observed statistic; +1 correction,9774,0.9775,0.9775,-0.024176113594305788,0,mean,COMPUTED,asset_TSLA,
15,primary,419,160832,26845,419,0,160832,133987,two-sided,0.1748684703797321,5,9999,20260907,0.0014302773659060075,-1.0985411856179184e-05,B1_over_B0,COMPLETE_COVERAGE,qlike_regime_secondary,0.0006936890907833088,0.1739545753657028,log_ridge_harq,4,False,SECONDARY,two-sided percentile 95%; not inversion of centered-null p,delta = 0,resampled statistic minus observed statistic; +1 correction,623,0.2496,0.0624,0.5226185212490023,0,median,COMPUTED,asset_TSLA,
15,primary,419,160832,26845,419,0,160832,133987,two-sided,0.1739545753657028,5,9999,20260907,0.001008505060502235,-0.00024022971829101847,B2_over_B1,COMPLETE_COVERAGE,qlike_regime_secondary,0.000398137404306817,0.17229889024227743,log_ridge_harq,4,False,SECONDARY,two-sided percentile 95%; not inversion of centered-null p,delta = 0,resampled statistic minus observed statistic; +1 correction,3316,0.9951,0.3317,0.951791650173417,0,median,COMPUTED,asset_TSLA,
15,primary,419,160832,26845,419,0,160832,133987,two-sided,0.18054302589845428,5,9999,20260907,0.001399069676117054,-0.0007026533091914755,B1_over_B0,COMPLETE_COVERAGE,qlike_regime_secondary,0.0003147567856894018,0.17745383983953136,lightgbm_qlike,4,False,SECONDARY,two-sided percentile 95%; not inversion of centered-null p,delta = 0,resampled statistic minus observed statistic; +1 correction,4519,0.9951,0.452,1.711052555782677,0,median,COMPUTED,asset_TSLA,
15,primary,419,160832,26845,419,0,160832,133987,two-sided,0.17745383983953136,5,9999,20260907,0.001370399874136452,-0.0010420577112720125,B2_over_B1,COMPLETE_COVERAGE,qlike_regime_secondary,-3.254183911602371e-05,0.17749674128142845,lightgbm_qlike,4,False,SECONDARY,two-sided percentile 95%; not inversion of centered-null p,delta = 0,resampled statistic minus observed statistic; +1 correction,9256,0.9951,0.9257,-0.024176113594305788,0,median,COMPUTED,asset_TSLA,
15,primary,419,160832,26845,419,0,160832,133987,two-sided,0.1748684703797321,5,9999,20260907,0.001196051175115005,-0.0007302622491703919,B1_over_B0,COMPLETE_COVERAGE,qlike_regime_secondary,0.0002699442420822973,0.1739545753657028,log_ridge_harq,4,False,SECONDARY,two-sided percentile 95%; not inversion of centered-null p,delta = 0,resampled statistic minus observed statistic; +1 correction,5822,0.5823,0.5823,0.5226185212490023,20,trimmed_mean_5pct,COMPUTED,asset_TSLA,
15,primary,419,160832,26845,419,0,160832,133987,two-sided,0.1739545753657028,5,9999,20260907,0.0019144424706485981,0.00015735356566989872,B2_over_B1,COMPLETE_COVERAGE,qlike_regime_secondary,0.0010396648529950386,0.17229889024227743,log_ridge_harq,4,False,SECONDARY,two-sided percentile 95%; not inversion of centered-null p,delta = 0,resampled statistic minus observed statistic; +1 correction,217,0.0872,0.0218,0.951791650173417,20,trimmed_mean_5pct,COMPUTED,asset_TSLA,
15,primary,419,160832,26845,419,0,160832,133987,two-sided,0.18054302589845428,5,9999,20260907,0.0019347906167697657,-0.000433150287102808,B1_over_B0,COMPLETE_COVERAGE,qlike_regime_secondary,0.0007242733486166438,0.17745383983953136,lightgbm_qlike,4,False,SECONDARY,two-sided percentile 95%; not inversion of centered-null p,delta = 0,resampled statistic minus observed statistic; +1 correction,2327,0.4656,0.2328,1.711052555782677,20,trimmed_mean_5pct,COMPUTED,asset_TSLA,
15,primary,419,160832,26845,419,0,160832,133987,two-sided,0.17745383983953136,5,9999,20260907,0.002093227632208835,-0.00011416431600991724,B2_over_B1,COMPLETE_COVERAGE,qlike_regime_secondary,0.0010149759199409045,0.17749674128142845,lightgbm_qlike,4,False,SECONDARY,two-sided percentile 95%; not inversion of centered-null p,delta = 0,resampled statistic minus observed statistic; +1 correction,720,0.2163,0.0721,-0.024176113594305788,20,trimmed_mean_5pct,COMPUTED,asset_TSLA,
15,primary,180,160832,11700,30,0,160832,149132,two-sided,0.1686917461504006,5,9999,20260907,0.000933866738201242,-0.0032603591853646533,B1_over_B0,COMPLETE_COVERAGE,qlike_regime_secondary,-0.0010528192215797307,0.16974456537198035,log_ridge_harq,4,False,SECONDARY,two-sided percentile 95%; not inversion of centered-null p,delta = 0,resampled statistic minus observed statistic; +1 correction,3442,1.0,0.3443,-0.6241083192304311,0,mean,COMPUTED,last30sessions,
15,primary,180,160832,11700,30,0,160832,149132,two-sided,0.16974456537198035,5,9999,20260907,0.0019797069941318826,-0.0005919338647290053,B2_over_B1,COMPLETE_COVERAGE,qlike_regime_secondary,0.0006614217124004622,0.16908314365957994,log_ridge_harq,4,False,SECONDARY,two-sided percentile 95%; not inversion of centered-null p,delta = 0,resampled statistic minus observed statistic; +1 correction,3323,1.0,0.3324,0.38965707735680044,0,mean,COMPUTED,last30sessions,
15,primary,180,160832,11700,30,0,160832,149132,two-sided,0.17041462712886993,5,9999,20260907,0.0035089377647444012,-0.0016473031276512153,B1_over_B0,COMPLETE_COVERAGE,qlike_regime_secondary,0.0009324438473412032,0.16948218328152867,lightgbm_qlike,4,False,SECONDARY,two-sided percentile 95%; not inversion of centered-null p,delta = 0,resampled statistic minus observed statistic; +1 correction,4815,1.0,0.4816,0.5471618622479373,0,mean,COMPUTED,last30sessions,
15,primary,180,160832,11700,30,0,160832,149132,two-sided,0.16948218328152867,5,9999,20260907,0.001970336276360885,-0.00288490798421213,B2_over_B1,COMPLETE_COVERAGE,qlike_regime_secondary,-0.0008107430402686887,0.1702929263217974,lightgbm_qlike,4,False,SECONDARY,two-sided percentile 95%; not inversion of centered-null p,delta = 0,resampled statistic minus observed statistic; +1 correction,5324,1.0,0.5325,-0.4783647605730655,0,mean,COMPUTED,last30sessions,
15,primary,180,160832,11700,30,0,160832,149132,two-sided,0.1686917461504006,5,9999,20260907,0.000853348837411276,-0.0032676255490378947,B1_over_B0,COMPLETE_COVERAGE,qlike_regime_secondary,0.00013793903523226514,0.16974456537198035,log_ridge_harq,4,False,SECONDARY,two-sided percentile 95%; not inversion of centered-null p,delta = 0,resampled statistic minus observed statistic; +1 correction,7291,0.8169,0.7292,-0.6241083192304311,0,median,COMPUTED,last30sessions,
15,primary,180,160832,11700,30,0,160832,149132,two-sided,0.16974456537198035,5,9999,20260907,0.0022478407640465076,-0.0001747029687032206,B2_over_B1,COMPLETE_COVERAGE,qlike_regime_secondary,0.0007721762499337814,0.16908314365957994,log_ridge_harq,4,False,SECONDARY,two-sided percentile 95%; not inversion of centered-null p,delta = 0,resampled statistic minus observed statistic; +1 correction,2722,0.8169,0.2723,0.38965707735680044,0,median,COMPUTED,last30sessions,
15,primary,180,160832,11700,30,0,160832,149132,two-sided,0.17041462712886993,5,9999,20260907,0.001911679556810264,-0.00019542720053242896,B1_over_B0,COMPLETE_COVERAGE,qlike_regime_secondary,0.001143462358548411,0.16948218328152867,lightgbm_qlike,4,False,SECONDARY,two-sided percentile 95%; not inversion of centered-null p,delta = 0,resampled statistic minus observed statistic; +1 correction,476,0.1908,0.0477,0.5471618622479373,0,median,COMPUTED,last30sessions,
15,primary,180,160832,11700,30,0,160832,149132,two-sided,0.16948218328152867,5,9999,20260907,0.0016624144785200162,-0.0028554263540929298,B2_over_B1,COMPLETE_COVERAGE,qlike_regime_secondary,-0.0010365355209093416,0.1702929263217974,lightgbm_qlike,4,False,SECONDARY,two-sided percentile 95%; not inversion of centered-null p,delta = 0,resampled statistic minus observed statistic; +1 correction,3258,0.8169,0.3259,-0.4783647605730655,0,median,COMPUTED,last30sessions,
15,primary,180,160832,11700,30,0,160832,149132,two-sided,0.1686917461504006,5,9999,20260907,0.0011035838692839942,-0.003288509499635396,B1_over_B0,COMPLETE_COVERAGE,qlike_regime_secondary,-0.000922598734573367,0.16974456537198035,log_ridge_harq,4,False,SECONDARY,two-sided percentile 95%; not inversion of centered-null p,delta = 0,resampled statistic minus observed statistic; +1 correction,4335,1.0,0.4336,-0.6241083192304311,1,trimmed_mean_5pct,COMPUTED,last30sessions,
15,primary,180,160832,11700,30,0,160832,149132,two-sided,0.16974456537198035,5,9999,20260907,0.0018099894404507997,-0.00055259668324472,B2_over_B1,COMPLETE_COVERAGE,qlike_regime_secondary,0.0005189584322404511,0.16908314365957994,log_ridge_harq,4,False,SECONDARY,two-sided percentile 95%; not inversion of centered-null p,delta = 0,resampled statistic minus observed statistic; +1 correction,4030,1.0,0.4031,0.38965707735680044,1,trimmed_mean_5pct,COMPUTED,last30sessions,
15,primary,180,160832,11700,30,0,160832,149132,two-sided,0.17041462712886993,5,9999,20260907,0.0036081610034710766,-0.0013110401530340475,B1_over_B0,COMPLETE_COVERAGE,qlike_regime_secondary,0.0012837061522883927,0.16948218328152867,lightgbm_qlike,4,False,SECONDARY,two-sided percentile 95%; not inversion of centered-null p,delta = 0,resampled statistic minus observed statistic; +1 correction,2998,1.0,0.2999,0.5471618622479373,1,trimmed_mean_5pct,COMPUTED,last30sessions,
15,primary,180,160832,11700,30,0,160832,149132,two-sided,0.16948218328152867,5,9999,20260907,0.0017372111021839375,-0.0027586931166533944,B2_over_B1,COMPLETE_COVERAGE,qlike_regime_secondary,-0.0011272271541316271,0.1702929263217974,lightgbm_qlike,4,False,SECONDARY,two-sided percentile 95%; not inversion of centered-null p,delta = 0,resampled statistic minus observed statistic; +1 correction,2958,1.0,0.2959,-0.4783647605730655,1,trimmed_mean_5pct,COMPUTED,last30sessions,
15,primary,834,160832,53528,139,0,160832,107304,two-sided,0.18216766963281467,5,9999,20260907,0.008445829336512264,-0.00013124275696533173,B1_over_B0,COMPLETE_COVERAGE,qlike_regime_secondary,0.003337574865040956,0.1788300947677737,log_ridge_harq,4,False,SECONDARY,two-sided percentile 95%; not inversion of centered-null p,delta = 0,resampled statistic minus observed statistic; +1 correction,1225,0.3678,0.1226,1.8321444588758926,0,mean,COMPUTED,chronological_block_1,
15,primary,834,160832,53528,139,0,160832,107304,two-sided,0.1788300947677737,5,9999,20260907,0.0037708994493620873,0.0006093118477584503,B2_over_B1,COMPLETE_COVERAGE,qlike_regime_secondary,0.0021131623738115564,0.17671693239396216,log_ridge_harq,4,False,SECONDARY,two-sided percentile 95%; not inversion of centered-null p,delta = 0,resampled statistic minus observed statistic; +1 correction,89,0.036,0.009,1.181659259620524,0,mean,COMPUTED,chronological_block_1,
15,primary,834,160832,53528,139,0,160832,107304,two-sided,0.19186516732256975,5,9999,20260907,0.007522061251585749,-0.0013740153853909747,B1_over_B0,COMPLETE_COVERAGE,qlike_regime_secondary,0.002364035368240962,0.18950113195432883,lightgbm_qlike,4,False,SECONDARY,two-sided percentile 95%; not inversion of centered-null p,delta = 0,resampled statistic minus observed statistic; +1 correction,3085,0.6172,0.3086,1.232133691190789,0,mean,COMPUTED,chronological_block_1,
15,primary,834,160832,53528,139,0,160832,107304,two-sided,0.18950113195432883,5,9999,20260907,0.002122558667659035,-0.006323386306329308,B2_over_B1,COMPLETE_COVERAGE,qlike_regime_secondary,-0.0012118300229653886,0.1907129619772942,lightgbm_qlike,4,False,SECONDARY,two-sided percentile 95%; not inversion of centered-null p,delta = 0,resampled statistic minus observed statistic; +1 correction,6100,0.6172,0.6101,-0.6394843188891604,0,mean,COMPUTED,chronological_block_1,
15,primary,834,160832,53528,139,0,160832,107304,two-sided,0.18216766963281467,5,9999,20260907,0.0015132884575783656,-0.0005947744555448581,B1_over_B0,COMPLETE_COVERAGE,qlike_regime_secondary,0.0003890531503445982,0.1788300947677737,log_ridge_harq,4,False,SECONDARY,two-sided percentile 95%; not inversion of centered-null p,delta = 0,resampled statistic minus observed statistic; +1 correction,4304,0.861,0.4305,1.8321444588758926,0,median,COMPUTED,chronological_block_1,
15,primary,834,160832,53528,139,0,160832,107304,two-sided,0.1788300947677737,5,9999,20260907,0.001928344322398412,-0.00019256127149910873,B2_over_B1,COMPLETE_COVERAGE,qlike_regime_secondary,0.000698152482672465,0.17671693239396216,log_ridge_harq,4,False,SECONDARY,two-sided percentile 95%; not inversion of centered-null p,delta = 0,resampled statistic minus observed statistic; +1 correction,2842,0.8529,0.2843,1.181659259620524,0,median,COMPUTED,chronological_block_1,
15,primary,834,160832,53528,139,0,160832,107304,two-sided,0.19186516732256975,5,9999,20260907,0.0010128655160494965,-0.0015690548032640805,B1_over_B0,COMPLETE_COVERAGE,qlike_regime_secondary,-9.706739702111666e-05,0.18950113195432883,lightgbm_qlike,4,False,SECONDARY,two-sided percentile 95%; not inversion of centered-null p,delta = 0,resampled statistic minus observed statistic; +1 correction,8804,0.8805,0.8805,1.232133691190789,0,median,COMPUTED,chronological_block_1,
15,primary,834,160832,53528,139,0,160832,107304,two-sided,0.18950113195432883,5,9999,20260907,0.0021535445186866564,0.00040248887466161343,B2_over_B1,COMPLETE_COVERAGE,qlike_regime_secondary,0.0008597580210178285,0.1907129619772942,lightgbm_qlike,4,False,SECONDARY,two-sided percentile 95%; not inversion of centered-null p,delta = 0,resampled statistic minus observed statistic; +1 correction,589,0.236,0.059,-0.6394843188891604,0,median,COMPUTED,chronological_block_1,
15,primary,834,160832,53528,139,0,160832,107304,two-sided,0.18216766963281467,5,9999,20260907,0.002602623572485934,-0.0003529282633987934,B1_over_B0,COMPLETE_COVERAGE,qlike_regime_secondary,0.0009579561237250552,0.1788300947677737,log_ridge_harq,4,False,SECONDARY,two-sided percentile 95%; not inversion of centered-null p,delta = 0,resampled statistic minus observed statistic; +1 correction,1841,0.3684,0.1842,1.8321444588758926,6,trimmed_mean_5pct,COMPUTED,chronological_block_1,
15,primary,834,160832,53528,139,0,160832,107304,two-sided,0.1788300947677737,5,9999,20260907,0.00303994408776596,0.0003054158476488604,B2_over_B1,COMPLETE_COVERAGE,qlike_regime_secondary,0.0015981384009261007,0.17671693239396216,log_ridge_harq,4,False,SECONDARY,two-sided percentile 95%; not inversion of centered-null p,delta = 0,resampled statistic minus observed statistic; +1 correction,217,0.0872,0.0218,1.181659259620524,6,trimmed_mean_5pct,COMPUTED,chronological_block_1,
15,primary,834,160832,53528,139,0,160832,107304,two-sided,0.19186516732256975,5,9999,20260907,0.0023507690132945564,-0.0017398060133422962,B1_over_B0,COMPLETE_COVERAGE,qlike_regime_secondary,0.00012098011685591654,0.18950113195432883,lightgbm_qlike,4,False,SECONDARY,two-sided percentile 95%; not inversion of centered-null p,delta = 0,resampled statistic minus observed statistic; +1 correction,9044,0.9045,0.9045,1.232133691190789,6,trimmed_mean_5pct,COMPUTED,chronological_block_1,
15,primary,834,160832,53528,139,0,160832,107304,two-sided,0.18950113195432883,5,9999,20260907,0.002189289414973981,-0.00032289157104604867,B2_over_B1,COMPLETE_COVERAGE,qlike_regime_secondary,0.0009766386331451164,0.1907129619772942,lightgbm_qlike,4,False,SECONDARY,two-sided percentile 95%; not inversion of centered-null p,delta = 0,resampled statistic minus observed statistic; +1 correction,1144,0.3435,0.1145,-0.6394843188891604,6,trimmed_mean_5pct,COMPUTED,chronological_block_1,
15,primary,1680,160832,107304,280,0,160832,53528,two-sided,0.18440139179512327,5,9999,20260907,0.0016996240467151257,-0.000234697043666879,B1_over_B0,COMPLETE_COVERAGE,qlike_regime_secondary,0.0007618274902988474,0.1836395643048244,log_ridge_harq,4,False,SECONDARY,two-sided percentile 95%; not inversion of centered-null p,delta = 0,resampled statistic minus observed statistic; +1 correction,1254,0.3765,0.1255,0.41313543400218244,0,mean,COMPUTED,leave_block_1_out,
15,primary,1680,160832,107304,280,0,160832,53528,two-sided,0.1836395643048244,5,9999,20260907,0.0014967317039336198,-0.0002979620590175167,B2_over_B1,COMPLETE_COVERAGE,qlike_regime_secondary,0.0006475561685710386,0.18299200813625338,log_ridge_harq,4,False,SECONDARY,two-sided percentile 95%; not inversion of centered-null p,delta = 0,resampled statistic minus observed statistic; +1 correction,1528,0.3765,0.1529,0.35262345073753076,0,mean,COMPUTED,leave_block_1_out,
15,primary,1680,160832,107304,280,0,160832,53528,two-sided,0.1857075000328551,5,9999,20260907,0.003507726327417304,0.0007594426435542947,B1_over_B0,COMPLETE_COVERAGE,qlike_regime_secondary,0.0021135091550080354,0.18359399087784709,lightgbm_qlike,4,False,SECONDARY,two-sided percentile 95%; not inversion of centered-null p,delta = 0,resampled statistic minus observed statistic; +1 correction,35,0.0144,0.0036,1.1380849748309123,0,mean,COMPUTED,leave_block_1_out,
15,primary,1680,160832,107304,280,0,160832,53528,two-sided,0.18359399087784709,5,9999,20260907,0.001299114403250888,-0.0007771680851875742,B2_over_B1,COMPLETE_COVERAGE,qlike_regime_secondary,0.0002829928075775238,0.18331099807026954,lightgbm_qlike,4,False,SECONDARY,two-sided percentile 95%; not inversion of centered-null p,delta = 0,resampled statistic minus observed statistic; +1 correction,5924,0.5925,0.5925,0.15414056104146187,0,mean,COMPUTED,leave_block_1_out,
15,primary,1680,160832,107304,280,0,160832,53528,two-sided,0.18440139179512327,5,9999,20260907,0.001663454573228501,0.0002855474862796942,B1_over_B0,COMPLETE_COVERAGE,qlike_regime_secondary,0.0010676101059548387,0.1836395643048244,log_ridge_harq,4,False,SECONDARY,two-sided percentile 95%; not inversion of centered-null p,delta = 0,resampled statistic minus observed statistic; +1 correction,7,0.0032,0.0008,0.41313543400218244,0,median,COMPUTED,leave_block_1_out,
15,primary,1680,160832,107304,280,0,160832,53528,two-sided,0.1836395643048244,5,9999,20260907,0.001610728759535468,0.00039902556783061316,B2_over_B1,COMPLETE_COVERAGE,qlike_regime_secondary,0.000769700935782866,0.18299200813625338,log_ridge_harq,4,False,SECONDARY,two-sided percentile 95%; not inversion of centered-null p,delta = 0,resampled statistic minus observed statistic; +1 correction,344,0.069,0.0345,0.35262345073753076,0,median,COMPUTED,leave_block_1_out,
15,primary,1680,160832,107304,280,0,160832,53528,two-sided,0.1857075000328551,5,9999,20260907,0.0022843180263775187,0.0001579901024076743,B1_over_B0,COMPLETE_COVERAGE,qlike_regime_secondary,0.0013596904435512341,0.18359399087784709,lightgbm_qlike,4,False,SECONDARY,two-sided percentile 95%; not inversion of centered-null p,delta = 0,resampled statistic minus observed statistic; +1 correction,128,0.0387,0.0129,1.1380849748309123,0,median,COMPUTED,leave_block_1_out,
15,primary,1680,160832,107304,280,0,160832,53528,two-sided,0.18359399087784709,5,9999,20260907,0.0012700802920760368,-0.00043224528102733806,B2_over_B1,COMPLETE_COVERAGE,qlike_regime_secondary,0.0003172343874446315,0.18331099807026954,lightgbm_qlike,4,False,SECONDARY,two-sided percentile 95%; not inversion of centered-null p,delta = 0,resampled statistic minus observed statistic; +1 correction,3289,0.329,0.329,0.15414056104146187,0,median,COMPUTED,leave_block_1_out,
15,primary,1680,160832,107304,280,0,160832,53528,two-sided,0.18440139179512327,5,9999,20260907,0.0016484631423745461,0.00026562745900283655,B1_over_B0,COMPLETE_COVERAGE,qlike_regime_secondary,0.0009610347611612613,0.1836395643048244,log_ridge_harq,4,False,SECONDARY,two-sided percentile 95%; not inversion of centered-null p,delta = 0,resampled statistic minus observed statistic; +1 correction,71,0.0186,0.0072,0.41313543400218244,14,trimmed_mean_5pct,COMPUTED,leave_block_1_out,
15,primary,1680,160832,107304,280,0,160832,53528,two-sided,0.1836395643048244,5,9999,20260907,0.0014263177064907523,0.000249851746708541,B2_over_B1,COMPLETE_COVERAGE,qlike_regime_secondary,0.0008405481572783747,0.18299200813625338,log_ridge_harq,4,False,SECONDARY,two-sided percentile 95%; not inversion of centered-null p,delta = 0,resampled statistic minus observed statistic; +1 correction,61,0.0186,0.0062,0.35262345073753076,14,trimmed_mean_5pct,COMPUTED,leave_block_1_out,
15,primary,1680,160832,107304,280,0,160832,53528,two-sided,0.1857075000328551,5,9999,20260907,0.0027018345712660386,0.0006801061164325258,B1_over_B0,COMPLETE_COVERAGE,qlike_regime_secondary,0.001653501860749735,0.18359399087784709,lightgbm_qlike,4,False,SECONDARY,two-sided percentile 95%; not inversion of centered-null p,delta = 0,resampled statistic minus observed statistic; +1 correction,25,0.0104,0.0026,1.1380849748309123,14,trimmed_mean_5pct,COMPUTED,leave_block_1_out,
15,primary,1680,160832,107304,280,0,160832,53528,two-sided,0.18359399087784709,5,9999,20260907,0.0009656219443420445,-0.0005709955414535233,B2_over_B1,COMPLETE_COVERAGE,qlike_regime_secondary,0.00023842156509782072,0.18331099807026954,lightgbm_qlike,4,False,SECONDARY,two-sided percentile 95%; not inversion of centered-null p,delta = 0,resampled statistic minus observed statistic; +1 correction,5287,0.5288,0.5288,0.15414056104146187,14,trimmed_mean_5pct,COMPUTED,leave_block_1_out,
15,primary,834,160832,52674,139,0,160832,108158,two-sided,0.17788519856164278,5,9999,20260907,0.00251072236879117,0.00036801933289756734,B1_over_B0,COMPLETE_COVERAGE,qlike_regime_secondary,0.0013955743043126071,0.17648962425733017,log_ridge_harq,4,False,SECONDARY,two-sided percentile 95%; not inversion of centered-null p,delta = 0,resampled statistic minus observed statistic; +1 correction,111,0.0448,0.0112,0.7845364963454208,0,mean,COMPUTED,chronological_block_2,
15,primary,834,160832,52674,139,0,160832,108158,two-sided,0.17648962425733017,5,9999,20260907,0.0017768161380508592,-0.0010810318696757354,B2_over_B1,COMPLETE_COVERAGE,qlike_regime_secondary,0.00048216132559099773,0.1760074629317392,log_ridge_harq,4,False,SECONDARY,two-sided percentile 95%; not inversion of centered-null p,delta = 0,resampled statistic minus observed statistic; +1 correction,5021,0.5022,0.5022,0.27319528137698557,0,mean,COMPUTED,chronological_block_2,
15,primary,834,160832,52674,139,0,160832,108158,two-sided,0.1788358955893559,5,9999,20260907,0.004411446589267361,0.00033841080312744273,B1_over_B0,COMPLETE_COVERAGE,qlike_regime_secondary,0.002271156923676324,0.1765647386656796,lightgbm_qlike,4,False,SECONDARY,two-sided percentile 95%; not inversion of centered-null p,delta = 0,resampled statistic minus observed statistic; +1 correction,271,0.08159999999999999,0.0272,1.2699670366464733,0,mean,COMPUTED,chronological_block_2,
15,primary,834,160832,52674,139,0,160832,108158,two-sided,0.1765647386656796,5,9999,20260907,0.0022601536754150815,-0.00010645647670757067,B2_over_B1,COMPLETE_COVERAGE,qlike_regime_secondary,0.001084054257363538,0.17548068440831602,lightgbm_qlike,4,False,SECONDARY,two-sided percentile 95%; not inversion of centered-null p,delta = 0,resampled statistic minus observed statistic; +1 correction,731,0.1464,0.0732,0.6139698478619587,0,mean,COMPUTED,chronological_block_2,
15,primary,834,160832,52674,139,0,160832,108158,two-sided,0.17788519856164278,5,9999,20260907,0.001643054788452697,0.00024376650263303878,B1_over_B0,COMPLETE_COVERAGE,qlike_regime_secondary,0.0006556605799410836,0.17648962425733017,log_ridge_harq,4,False,SECONDARY,two-sided percentile 95%; not inversion of centered-null p,delta = 0,resampled statistic minus observed statistic; +1 correction,1156,0.24630000000000002,0.1157,0.7845364963454208,0,median,COMPUTED,chronological_block_2,
15,primary,834,160832,52674,139,0,160832,108158,two-sided,0.17648962425733017,5,9999,20260907,0.001674710672621288,-0.00023352241110913274,B2_over_B1,COMPLETE_COVERAGE,qlike_regime_secondary,0.000721958536161138,0.1760074629317392,log_ridge_harq,4,False,SECONDARY,two-sided percentile 95%; not inversion of centered-null p,delta = 0,resampled statistic minus observed statistic; +1 correction,932,0.24630000000000002,0.0933,0.27319528137698557,0,median,COMPUTED,chronological_block_2,
15,primary,834,160832,52674,139,0,160832,108158,two-sided,0.1788358955893559,5,9999,20260907,0.0031813856644631877,-0.0007798226119889728,B1_over_B0,COMPLETE_COVERAGE,qlike_regime_secondary,0.0021221861962210375,0.1765647386656796,lightgbm_qlike,4,False,SECONDARY,two-sided percentile 95%; not inversion of centered-null p,delta = 0,resampled statistic minus observed statistic; +1 correction,820,0.24630000000000002,0.0821,1.2699670366464733,0,median,COMPUTED,chronological_block_2,
15,primary,834,160832,52674,139,0,160832,108158,two-sided,0.1765647386656796,5,9999,20260907,0.002200291005766658,0.00030793997006661744,B2_over_B1,COMPLETE_COVERAGE,qlike_regime_secondary,0.0013721512738604225,0.17548068440831602,lightgbm_qlike,4,False,SECONDARY,two-sided percentile 95%; not inversion of centered-null p,delta = 0,resampled statistic minus observed statistic; +1 correction,38,0.0156,0.0039,0.6139698478619587,0,median,COMPUTED,chronological_block_2,
15,primary,834,160832,52674,139,0,160832,108158,two-sided,0.17788519856164278,5,9999,20260907,0.0018008566614061891,0.00010145048246344804,B1_over_B0,COMPLETE_COVERAGE,qlike_regime_secondary,0.0009233183191955804,0.17648962425733017,log_ridge_harq,4,False,SECONDARY,two-sided percentile 95%; not inversion of centered-null p,delta = 0,resampled statistic minus observed statistic; +1 correction,360,0.1108,0.0361,0.7845364963454208,6,trimmed_mean_5pct,COMPUTED,chronological_block_2,
15,primary,834,160832,52674,139,0,160832,108158,two-sided,0.17648962425733017,5,9999,20260907,0.0015973510674230922,-0.00015600447153707098,B2_over_B1,COMPLETE_COVERAGE,qlike_regime_secondary,0.0007401354440358494,0.1760074629317392,log_ridge_harq,4,False,SECONDARY,two-sided percentile 95%; not inversion of centered-null p,delta = 0,resampled statistic minus observed statistic; +1 correction,947,0.1682,0.0948,0.27319528137698557,6,trimmed_mean_5pct,COMPUTED,chronological_block_2,
15,primary,834,160832,52674,139,0,160832,108158,two-sided,0.1788358955893559,5,9999,20260907,0.003127416946623491,-2.789207668584386e-05,B1_over_B0,COMPLETE_COVERAGE,qlike_regime_secondary,0.0013772897126874462,0.1765647386656796,lightgbm_qlike,4,False,SECONDARY,two-sided percentile 95%; not inversion of centered-null p,delta = 0,resampled statistic minus observed statistic; +1 correction,840,0.1682,0.0841,1.2699670366464733,6,trimmed_mean_5pct,COMPUTED,chronological_block_2,
15,primary,834,160832,52674,139,0,160832,108158,two-sided,0.1765647386656796,5,9999,20260907,0.002038595809433135,0.00011956261122689579,B2_over_B1,COMPLETE_COVERAGE,qlike_regime_secondary,0.0010987458431520282,0.17548068440831602,lightgbm_qlike,4,False,SECONDARY,two-sided percentile 95%; not inversion of centered-null p,delta = 0,resampled statistic minus observed statistic; +1 correction,276,0.1108,0.0277,0.6139698478619587,6,trimmed_mean_5pct,COMPUTED,chronological_block_2,
15,primary,1680,160832,108158,280,0,160832,52674,two-sided,0.1865273327911693,5,9999,20260907,0.004463313332605461,-0.00029902611521853424,B1_over_B0,COMPLETE_COVERAGE,qlike_regime_secondary,0.0017258920543747065,0.1848014407367946,log_ridge_harq,4,False,SECONDARY,two-sided percentile 95%; not inversion of centered-null p,delta = 0,resampled statistic minus observed statistic; +1 correction,1438,0.2878,0.1439,0.9252756840237276,0,mean,COMPUTED,leave_block_2_out,
15,primary,1680,160832,108158,280,0,160832,52674,two-sided,0.1848014407367946,5,9999,20260907,0.002454397340608016,0.0005141424624720759,B2_over_B1,COMPLETE_COVERAGE,qlike_regime_secondary,0.001457231688937673,0.18334420904785692,log_ridge_harq,4,False,SECONDARY,two-sided percentile 95%; not inversion of centered-null p,delta = 0,resampled statistic minus observed statistic; +1 correction,31,0.0128,0.0032,0.7885391386169713,0,mean,COMPUTED,leave_block_2_out,
15,primary,1680,160832,108158,280,0,160832,52674,two-sided,0.19217560278612916,5,9999,20260907,0.004887222660360526,2.2478957336867406e-06,B1_over_B0,COMPLETE_COVERAGE,qlike_regime_secondary,0.0021596166685597666,0.1900159861175694,lightgbm_qlike,4,False,SECONDARY,two-sided percentile 95%; not inversion of centered-null p,delta = 0,resampled statistic minus observed statistic; +1 correction,774,0.23249999999999998,0.0775,1.1237725482579537,0,mean,COMPUTED,leave_block_2_out,
15,primary,1680,160832,108158,280,0,160832,52674,two-sided,0.1900159861175694,5,9999,20260907,0.0010386533232330773,-0.0035680360860495543,B2_over_B1,COMPLETE_COVERAGE,qlike_regime_secondary,-0.0008567497458714788,0.19087273586344086,lightgbm_qlike,4,False,SECONDARY,two-sided percentile 95%; not inversion of centered-null p,delta = 0,resampled statistic minus observed statistic; +1 correction,4797,0.4798,0.4798,-0.45088298273039956,0,mean,COMPUTED,leave_block_2_out,
15,primary,1680,160832,108158,280,0,160832,52674,two-sided,0.1865273327911693,5,9999,20260907,0.001654199831730395,0.0001322111020223421,B1_over_B0,COMPLETE_COVERAGE,qlike_regime_secondary,0.0008605750202738405,0.1848014407367946,log_ridge_harq,4,False,SECONDARY,two-sided percentile 95%; not inversion of centered-null p,delta = 0,resampled statistic minus observed statistic; +1 correction,151,0.0608,0.0152,0.9252756840237276,0,median,COMPUTED,leave_block_2_out,
15,primary,1680,160832,108158,280,0,160832,52674,two-sided,0.1848014407367946,5,9999,20260907,0.0017175783980834247,0.00031024959390926754,B2_over_B1,COMPLETE_COVERAGE,qlike_regime_secondary,0.0007343243503643848,0.18334420904785692,log_ridge_harq,4,False,SECONDARY,two-sided percentile 95%; not inversion of centered-null p,delta = 0,resampled statistic minus observed statistic; +1 correction,900,0.2703,0.0901,0.7885391386169713,0,median,COMPUTED,leave_block_2_out,
15,primary,1680,160832,108158,280,0,160832,52674,two-sided,0.19217560278612916,5,9999,20260907,0.0012419468689552071,-0.0004855018696818189,B1_over_B0,COMPLETE_COVERAGE,qlike_regime_secondary,0.0004650266963148325,0.1900159861175694,lightgbm_qlike,4,False,SECONDARY,two-sided percentile 95%; not inversion of centered-null p,delta = 0,resampled statistic minus observed statistic; +1 correction,2845,0.433,0.2846,1.1237725482579537,0,median,COMPUTED,leave_block_2_out,
15,primary,1680,160832,108158,280,0,160832,52674,two-sided,0.1900159861175694,5,9999,20260907,0.0008365618453244489,-0.00033008830146152857,B2_over_B1,COMPLETE_COVERAGE,qlike_regime_secondary,0.0003134886787108937,0.19087273586344086,lightgbm_qlike,4,False,SECONDARY,two-sided percentile 95%; not inversion of centered-null p,delta = 0,resampled statistic minus observed statistic; +1 correction,2164,0.433,0.2165,-0.45088298273039956,0,median,COMPUTED,leave_block_2_out,
15,primary,1680,160832,108158,280,0,160832,52674,two-sided,0.1865273327911693,5,9999,20260907,0.0017202853184901492,-6.98852582843762e-05,B1_over_B0,COMPLETE_COVERAGE,qlike_regime_secondary,0.000853837653625828,0.1848014407367946,log_ridge_harq,4,False,SECONDARY,two-sided percentile 95%; not inversion of centered-null p,delta = 0,resampled statistic minus observed statistic; +1 correction,633,0.19019999999999998,0.0634,0.9252756840237276,14,trimmed_mean_5pct,COMPUTED,leave_block_2_out,
15,primary,1680,160832,108158,280,0,160832,52674,two-sided,0.1848014407367946,5,9999,20260907,0.002042547763411263,0.0005108672305038922,B2_over_B1,COMPLETE_COVERAGE,qlike_regime_secondary,0.0012377226698244202,0.18334420904785692,log_ridge_harq,4,False,SECONDARY,two-sided percentile 95%; not inversion of centered-null p,delta = 0,resampled statistic minus observed statistic; +1 correction,24,0.01,0.0025,0.7885391386169713,14,trimmed_mean_5pct,COMPUTED,leave_block_2_out,
15,primary,1680,160832,108158,280,0,160832,52674,two-sided,0.19217560278612916,5,9999,20260907,0.002216843391881604,-5.693052233902206e-05,B1_over_B0,COMPLETE_COVERAGE,qlike_regime_secondary,0.0010432423246856952,0.1900159861175694,lightgbm_qlike,4,False,SECONDARY,two-sided percentile 95%; not inversion of centered-null p,delta = 0,resampled statistic minus observed statistic; +1 correction,710,0.19019999999999998,0.0711,1.1237725482579537,14,trimmed_mean_5pct,COMPUTED,leave_block_2_out,
15,primary,1680,160832,108158,280,0,160832,52674,two-sided,0.1900159861175694,5,9999,20260907,0.0009507108605223291,-0.00067255596189792,B2_over_B1,COMPLETE_COVERAGE,qlike_regime_secondary,0.00017614826703515576,0.19087273586344086,lightgbm_qlike,4,False,SECONDARY,two-sided percentile 95%; not inversion of centered-null p,delta = 0,resampled statistic minus observed statistic; +1 correction,6585,0.6586,0.6586,-0.45088298273039956,14,trimmed_mean_5pct,COMPUTED,leave_block_2_out,
15,primary,846,160832,54630,141,0,160832,106202,two-sided,0.1908251567557884,5,9999,20260907,0.001613877733258849,-0.001554008343879063,B1_over_B0,COMPLETE_COVERAGE,qlike_regime_secondary,0.00013706999279592102,0.19068808676299248,log_ridge_harq,4,False,SECONDARY,two-sided percentile 95%; not inversion of centered-null p,delta = 0,resampled statistic minus observed statistic; +1 correction,8601,1.0,0.8602,0.07183014814516231,0,mean,COMPUTED,chronological_block_3,
15,primary,846,160832,54630,141,0,160832,106202,two-sided,0.19068808676299248,5,9999,20260907,0.001878382771453886,-0.000325943776507009,B2_over_B1,COMPLETE_COVERAGE,qlike_regime_secondary,0.0008106049854095187,0.18987748177758296,log_ridge_harq,4,False,SECONDARY,two-sided percentile 95%; not inversion of centered-null p,delta = 0,resampled statistic minus observed statistic; +1 correction,1417,0.4254,0.1418,0.4250947183800869,0,mean,COMPUTED,chronological_block_3,
15,primary,846,160832,54630,141,0,160832,106202,two-sided,0.1924816349097799,5,9999,20260907,0.0038211721872396043,0.0001248757819776051,B1_over_B0,COMPLETE_COVERAGE,qlike_regime_secondary,0.001958097524902417,0.19052353738487748,lightgbm_qlike,4,False,SECONDARY,two-sided percentile 95%; not inversion of centered-null p,delta = 0,resampled statistic minus observed statistic; +1 correction,361,0.1448,0.0362,1.0172905720694951,0,mean,COMPUTED,chronological_block_3,
15,primary,846,160832,54630,141,0,160832,106202,two-sided,0.19052353738487748,5,9999,20260907,0.001051501931589038,-0.002149942938824778,B2_over_B1,COMPLETE_COVERAGE,qlike_regime_secondary,-0.0005067060684526601,0.19103024345333014,lightgbm_qlike,4,False,SECONDARY,two-sided percentile 95%; not inversion of centered-null p,delta = 0,resampled statistic minus observed statistic; +1 correction,5274,1.0,0.5275,-0.26595457727045074,0,mean,COMPUTED,chronological_block_3,
15,primary,846,160832,54630,141,0,160832,106202,two-sided,0.1908251567557884,5,9999,20260907,0.0025031443395602676,0.00013372593159108326,B1_over_B0,COMPLETE_COVERAGE,qlike_regime_secondary,0.0013619147271642928,0.19068808676299248,log_ridge_harq,4,False,SECONDARY,two-sided percentile 95%; not inversion of centered-null p,delta = 0,resampled statistic minus observed statistic; +1 correction,211,0.0848,0.0212,0.07183014814516231,0,median,COMPUTED,chronological_block_3,
15,primary,846,160832,54630,141,0,160832,106202,two-sided,0.19068808676299248,5,9999,20260907,0.0020068323939806954,0.00029499652946349264,B2_over_B1,COMPLETE_COVERAGE,qlike_regime_secondary,0.0008327044203501333,0.18987748177758296,log_ridge_harq,4,False,SECONDARY,two-sided percentile 95%; not inversion of centered-null p,delta = 0,resampled statistic minus observed statistic; +1 correction,1216,0.2434,0.1217,0.4250947183800869,0,median,COMPUTED,chronological_block_3,
15,primary,846,160832,54630,141,0,160832,106202,two-sided,0.1924816349097799,5,9999,20260907,0.002313146849940606,1.5448103190290885e-05,B1_over_B0,COMPLETE_COVERAGE,qlike_regime_secondary,0.001040021497360183,0.19052353738487748,lightgbm_qlike,4,False,SECONDARY,two-sided percentile 95%; not inversion of centered-null p,delta = 0,resampled statistic minus observed statistic; +1 correction,666,0.2001,0.0667,1.0172905720694951,0,median,COMPUTED,chronological_block_3,
15,primary,846,160832,54630,141,0,160832,106202,two-sided,0.19052353738487748,5,9999,20260907,0.0003273142610037971,-0.00119452253154205,B2_over_B1,COMPLETE_COVERAGE,qlike_regime_secondary,-0.0004261311436446896,0.19103024345333014,lightgbm_qlike,4,False,SECONDARY,two-sided percentile 95%; not inversion of centered-null p,delta = 0,resampled statistic minus observed statistic; +1 correction,4257,0.4258,0.4258,-0.26595457727045074,0,median,COMPUTED,chronological_block_3,
15,primary,846,160832,54630,141,0,160832,106202,two-sided,0.1908251567557884,5,9999,20260907,0.002002117900449138,-0.00041355296197661374,B1_over_B0,COMPLETE_COVERAGE,qlike_regime_secondary,0.0009350303917521623,0.19068808676299248,log_ridge_harq,4,False,SECONDARY,two-sided percentile 95%; not inversion of centered-null p,delta = 0,resampled statistic minus observed statistic; +1 correction,1244,0.249,0.1245,0.07183014814516231,7,trimmed_mean_5pct,COMPUTED,chronological_block_3,
15,primary,846,160832,54630,141,0,160832,106202,two-sided,0.19068808676299248,5,9999,20260907,0.0018107335014579447,0.00017550293034465363,B2_over_B1,COMPLETE_COVERAGE,qlike_regime_secondary,0.0009400807257743525,0.18987748177758296,log_ridge_harq,4,False,SECONDARY,two-sided percentile 95%; not inversion of centered-null p,delta = 0,resampled statistic minus observed statistic; +1 correction,270,0.0813,0.0271,0.4250947183800869,7,trimmed_mean_5pct,COMPUTED,chronological_block_3,
15,primary,846,160832,54630,141,0,160832,106202,two-sided,0.1924816349097799,5,9999,20260907,0.0033392458602558286,0.0006750907784455436,B1_over_B0,COMPLETE_COVERAGE,qlike_regime_secondary,0.0019327939806253833,0.19052353738487748,lightgbm_qlike,4,False,SECONDARY,two-sided percentile 95%; not inversion of centered-null p,delta = 0,resampled statistic minus observed statistic; +1 correction,41,0.0168,0.0042,1.0172905720694951,7,trimmed_mean_5pct,COMPUTED,chronological_block_3,
15,primary,846,160832,54630,141,0,160832,106202,two-sided,0.19052353738487748,5,9999,20260907,0.00038867955972078286,-0.0018725620722423906,B2_over_B1,COMPLETE_COVERAGE,qlike_regime_secondary,-0.0006072597232577547,0.19103024345333014,lightgbm_qlike,4,False,SECONDARY,two-sided percentile 95%; not inversion of centered-null p,delta = 0,resampled statistic minus observed statistic; +1 correction,2650,0.2651,0.2651,-0.26595457727045074,7,trimmed_mean_5pct,COMPUTED,chronological_block_3,
15,primary,1668,160832,106202,278,0,160832,54630,two-sided,0.1800264340972287,5,9999,20260907,0.005045612113353569,0.0005156851952427604,B1_over_B0,COMPLETE_COVERAGE,qlike_regime_secondary,0.002366574584676782,0.17765985951255195,log_ridge_harq,4,False,SECONDARY,two-sided percentile 95%; not inversion of centered-null p,delta = 0,resampled statistic minus observed statistic; +1 correction,415,0.1248,0.0416,1.31457060544711,0,mean,COMPUTED,leave_block_3_out,
15,primary,1668,160832,106202,278,0,160832,54630,two-sided,0.17765985951255195,5,9999,20260907,0.002364435531715894,0.00024984162686967455,B2_over_B1,COMPLETE_COVERAGE,qlike_regime_secondary,0.0012976618497012769,0.1763621976628507,log_ridge_harq,4,False,SECONDARY,two-sided percentile 95%; not inversion of centered-null p,delta = 0,resampled statistic minus observed statistic; +1 correction,173,0.0696,0.0174,0.7304192704315378,0,mean,COMPUTED,leave_block_3_out,
15,primary,1668,160832,106202,278,0,160832,54630,two-sided,0.18535053145596284,5,9999,20260907,0.005065657664769905,0.00019810733168025733,B1_over_B0,COMPLETE_COVERAGE,qlike_regime_secondary,0.0023175961459586435,0.18303293531000417,lightgbm_qlike,4,False,SECONDARY,two-sided percentile 95%; not inversion of centered-null p,delta = 0,resampled statistic minus observed statistic; +1 correction,622,0.1248,0.0623,1.250385487299926,0,mean,COMPUTED,leave_block_3_out,
15,primary,1668,160832,106202,278,0,160832,54630,two-sided,0.18303293531000417,5,9999,20260907,0.001722174234996401,-0.0027086515264492035,B2_over_B1,COMPLETE_COVERAGE,qlike_regime_secondary,-6.388788280092537e-05,0.1830968231928051,lightgbm_qlike,4,False,SECONDARY,two-sided percentile 95%; not inversion of centered-null p,delta = 0,resampled statistic minus observed statistic; +1 correction,9578,0.9579,0.9579,-0.03490512933790742,0,mean,COMPUTED,leave_block_3_out,
15,primary,1668,160832,106202,278,0,160832,54630,two-sided,0.1800264340972287,5,9999,20260907,0.0011560835133003836,0.00013069627245360094,B1_over_B0,COMPLETE_COVERAGE,qlike_regime_secondary,0.0004982486934898,0.17765985951255195,log_ridge_harq,4,False,SECONDARY,two-sided percentile 95%; not inversion of centered-null p,delta = 0,resampled statistic minus observed statistic; +1 correction,832,0.1695,0.0833,1.31457060544711,0,median,COMPUTED,leave_block_3_out,
15,primary,1668,160832,106202,278,0,160832,54630,two-sided,0.17765985951255195,5,9999,20260907,0.0016285345659479283,0.00020286629034633324,B2_over_B1,COMPLETE_COVERAGE,qlike_regime_secondary,0.0007100555094168015,0.1763621976628507,log_ridge_harq,4,False,SECONDARY,two-sided percentile 95%; not inversion of centered-null p,delta = 0,resampled statistic minus observed statistic; +1 correction,564,0.1695,0.0565,0.7304192704315378,0,median,COMPUTED,leave_block_3_out,
15,primary,1668,160832,106202,278,0,160832,54630,two-sided,0.18535053145596284,5,9999,20260907,0.001986910547525679,-0.0010212235000502945,B1_over_B0,COMPLETE_COVERAGE,qlike_regime_secondary,0.0007326910956514596,0.18303293531000417,lightgbm_qlike,4,False,SECONDARY,two-sided percentile 95%; not inversion of centered-null p,delta = 0,resampled statistic minus observed statistic; +1 correction,3141,0.3142,0.3142,1.250385487299926,0,median,COMPUTED,leave_block_3_out,
15,primary,1668,160832,106202,278,0,160832,54630,two-sided,0.18303293531000417,5,9999,20260907,0.0019420650838121514,0.0006929472882023918,B2_over_B1,COMPLETE_COVERAGE,qlike_regime_secondary,0.0011949210513782366,0.1830968231928051,lightgbm_qlike,4,False,SECONDARY,two-sided percentile 95%; not inversion of centered-null p,delta = 0,resampled statistic minus observed statistic; +1 correction,3,0.0016,0.0004,-0.03490512933790742,0,median,COMPUTED,leave_block_3_out,
15,primary,1668,160832,106202,278,0,160832,54630,two-sided,0.1800264340972287,5,9999,20260907,0.0017064120698012323,0.00018113204346910535,B1_over_B0,COMPLETE_COVERAGE,qlike_regime_secondary,0.000937957107678306,0.17765985951255195,log_ridge_harq,4,False,SECONDARY,two-sided percentile 95%; not inversion of centered-null p,delta = 0,resampled statistic minus observed statistic; +1 correction,173,0.0348,0.0174,1.31457060544711,13,trimmed_mean_5pct,COMPUTED,leave_block_3_out,
15,primary,1668,160832,106202,278,0,160832,54630,two-sided,0.17765985951255195,5,9999,20260907,0.001943423251036208,0.0003623209827157959,B2_over_B1,COMPLETE_COVERAGE,qlike_regime_secondary,0.001118176545780617,0.1763621976628507,log_ridge_harq,4,False,SECONDARY,two-sided percentile 95%; not inversion of centered-null p,delta = 0,resampled statistic minus observed statistic; +1 correction,77,0.023399999999999997,0.0078,0.7304192704315378,13,trimmed_mean_5pct,COMPUTED,leave_block_3_out,
15,primary,1668,160832,106202,278,0,160832,54630,two-sided,0.18535053145596284,5,9999,20260907,0.0020270707148385587,-0.0003976053443867523,B1_over_B0,COMPLETE_COVERAGE,qlike_regime_secondary,0.0007381153839050465,0.18303293531000417,lightgbm_qlike,4,False,SECONDARY,two-sided percentile 95%; not inversion of centered-null p,delta = 0,resampled statistic minus observed statistic; +1 correction,2422,0.2423,0.2423,1.250385487299926,13,trimmed_mean_5pct,COMPUTED,leave_block_3_out,
15,primary,1668,160832,106202,278,0,160832,54630,two-sided,0.18303293531000417,5,9999,20260907,0.0017620536426172873,0.0003291705752853984,B2_over_B1,COMPLETE_COVERAGE,qlike_regime_secondary,0.001039978968600284,0.1830968231928051,lightgbm_qlike,4,False,SECONDARY,two-sided percentile 95%; not inversion of centered-null p,delta = 0,resampled statistic minus observed statistic; +1 correction,51,0.0208,0.0052,-0.03490512933790742,13,trimmed_mean_5pct,COMPUTED,leave_block_3_out,
15,confirmation,150,9750,750,25,0,9750,9000,two-sided,0.13665003886956967,5,9999,20260907,0.004035520651980693,-0.0006420246413639648,B1_over_B0,COMPLETE_COVERAGE,qlike_regime_secondary,0.0017147478569878782,0.13493529101258178,log_ridge_harq,4,False,SECONDARY,two-sided percentile 95%; not inversion of centered-null p,delta = 0,resampled statistic minus observed statistic; +1 correction,1566,0.4701,0.1567,1.2548462270285765,0,mean,COMPUTED,first_hour,
15,confirmation,150,9750,750,25,0,9750,9000,two-sided,0.13493529101258178,5,9999,20260907,0.002935803753290062,-0.0022990922028533305,B2_over_B1,COMPLETE_COVERAGE,qlike_regime_secondary,0.00022607245833475121,0.13470921855424703,log_ridge_harq,4,False,SECONDARY,two-sided percentile 95%; not inversion of centered-null p,delta = 0,resampled statistic minus observed statistic; +1 correction,8731,1.0,0.8732,0.16754138716288203,0,mean,COMPUTED,first_hour,
15,confirmation,150,9750,750,25,0,9750,9000,two-sided,0.13732921182260013,5,9999,20260907,0.007014699264112347,0.00018952194897336146,B1_over_B0,COMPLETE_COVERAGE,qlike_regime_secondary,0.003327526397835175,0.13400168542476495,lightgbm_qlike,4,False,SECONDARY,two-sided percentile 95%; not inversion of centered-null p,delta = 0,resampled statistic minus observed statistic; +1 correction,550,0.2204,0.0551,2.42302883244799,0,mean,COMPUTED,first_hour,
15,confirmation,150,9750,750,25,0,9750,9000,two-sided,0.13400168542476495,5,9999,20260907,0.0032472145418082367,-0.0044359409968388165,B2_over_B1,COMPLETE_COVERAGE,qlike_regime_secondary,-0.0005786445677650817,0.13458032999253003,lightgbm_qlike,4,False,SECONDARY,two-sided percentile 95%; not inversion of centered-null p,delta = 0,resampled statistic minus observed statistic; +1 correction,7684,1.0,0.7685,-0.4318188729722813,0,mean,COMPUTED,first_hour,
15,confirmation,150,9750,750,25,0,9750,9000,two-sided,0.13665003886956967,5,9999,20260907,0.0030849230256368154,-0.0011136756088550859,B1_over_B0,COMPLETE_COVERAGE,qlike_regime_secondary,0.0008431504398684203,0.13493529101258178,log_ridge_harq,4,False,SECONDARY,two-sided percentile 95%; not inversion of centered-null p,delta = 0,resampled statistic minus observed statistic; +1 correction,5688,1.0,0.5689,1.2548462270285765,0,median,COMPUTED,first_hour,
15,confirmation,150,9750,750,25,0,9750,9000,two-sided,0.13493529101258178,5,9999,20260907,0.003168854849906255,-0.002728641755003411,B2_over_B1,COMPLETE_COVERAGE,qlike_regime_secondary,-0.0005088040978018238,0.13470921855424703,log_ridge_harq,4,False,SECONDARY,two-sided percentile 95%; not inversion of centered-null p,delta = 0,resampled statistic minus observed statistic; +1 correction,6629,1.0,0.663,0.16754138716288203,0,median,COMPUTED,first_hour,
15,confirmation,150,9750,750,25,0,9750,9000,two-sided,0.13732921182260013,5,9999,20260907,0.004182920730370521,0.00011990152583429836,B1_over_B0,COMPLETE_COVERAGE,qlike_regime_secondary,0.001274748212583332,0.13400168542476495,lightgbm_qlike,4,False,SECONDARY,two-sided percentile 95%; not inversion of centered-null p,delta = 0,resampled statistic minus observed statistic; +1 correction,2493,0.9976,0.2494,2.42302883244799,0,median,COMPUTED,first_hour,
15,confirmation,150,9750,750,25,0,9750,9000,two-sided,0.13400168542476495,5,9999,20260907,0.0033158978851872134,-0.006691363639944894,B2_over_B1,COMPLETE_COVERAGE,qlike_regime_secondary,0.0011609867346467073,0.13458032999253003,lightgbm_qlike,4,False,SECONDARY,two-sided percentile 95%; not inversion of centered-null p,delta = 0,resampled statistic minus observed statistic; +1 correction,6908,1.0,0.6909,-0.4318188729722813,0,median,COMPUTED,first_hour,
15,confirmation,150,9750,750,25,0,9750,9000,two-sided,0.13665003886956967,5,9999,20260907,0.004057241931894682,-0.0008231868265325233,B1_over_B0,COMPLETE_COVERAGE,qlike_regime_secondary,0.0016647114384361617,0.13493529101258178,log_ridge_harq,4,False,SECONDARY,two-sided percentile 95%; not inversion of centered-null p,delta = 0,resampled statistic minus observed statistic; +1 correction,1858,0.5577000000000001,0.1859,1.2548462270285765,1,trimmed_mean_5pct,COMPUTED,first_hour,
15,confirmation,150,9750,750,25,0,9750,9000,two-sided,0.13493529101258178,5,9999,20260907,0.0027394466385016686,-0.002515495126951015,B2_over_B1,COMPLETE_COVERAGE,qlike_regime_secondary,-6.823954961119908e-05,0.13470921855424703,log_ridge_harq,4,False,SECONDARY,two-sided percentile 95%; not inversion of centered-null p,delta = 0,resampled statistic minus observed statistic; +1 correction,9612,1.0,0.9613,0.16754138716288203,1,trimmed_mean_5pct,COMPUTED,first_hour,
15,confirmation,150,9750,750,25,0,9750,9000,two-sided,0.13732921182260013,5,9999,20260907,0.007053132293702397,-0.0001201083998811632,B1_over_B0,COMPLETE_COVERAGE,qlike_regime_secondary,0.003166086833980363,0.13400168542476495,lightgbm_qlike,4,False,SECONDARY,two-sided percentile 95%; not inversion of centered-null p,delta = 0,resampled statistic minus observed statistic; +1 correction,788,0.3156,0.0789,2.42302883244799,1,trimmed_mean_5pct,COMPUTED,first_hour,
15,confirmation,150,9750,750,25,0,9750,9000,two-sided,0.13400168542476495,5,9999,20260907,0.003309188962430752,-0.004538161441025138,B2_over_B1,COMPLETE_COVERAGE,qlike_regime_secondary,-0.0006561576225388027,0.13458032999253003,lightgbm_qlike,4,False,SECONDARY,two-sided percentile 95%; not inversion of centered-null p,delta = 0,resampled statistic minus observed statistic; +1 correction,7464,1.0,0.7465,-0.4318188729722813,1,trimmed_mean_5pct,COMPUTED,first_hour,
15,confirmation,63,9750,4095,24,0,9750,5655,two-sided,0.24436950406180516,5,9999,20260907,0.004191417083638227,0.00011662815069303774,B1_over_B0,COMPLETE_COVERAGE,qlike_regime_secondary,0.0021943004985728264,0.24217520356323233,log_ridge_harq,4,False,SECONDARY,two-sided percentile 95%; not inversion of centered-null p,delta = 0,resampled statistic minus observed statistic; +1 correction,335,0.1344,0.0336,0.8979436722259136,0,mean,COMPUTED,high_flow,
15,confirmation,63,9750,4095,24,0,9750,5655,two-sided,0.24217520356323233,5,9999,20260907,0.01831547102726733,0.00016936005138315505,B2_over_B1,COMPLETE_COVERAGE,qlike_regime_secondary,0.007097721231962122,0.23507748233127024,log_ridge_harq,4,False,SECONDARY,two-sided percentile 95%; not inversion of centered-null p,delta = 0,resampled statistic minus observed statistic; +1 correction,809,0.1767,0.081,2.930820797311272,0,mean,COMPUTED,high_flow,
15,confirmation,63,9750,4095,24,0,9750,5655,two-sided,0.24424639082538846,5,9999,20260907,0.01925737315648757,0.0011897601958342973,B1_over_B0,COMPLETE_COVERAGE,qlike_regime_secondary,0.008219218444866084,0.23602717238052243,lightgbm_qlike,4,False,SECONDARY,two-sided percentile 95%; not inversion of centered-null p,delta = 0,resampled statistic minus observed statistic; +1 correction,588,0.1767,0.0589,3.3651340423457867,0,mean,COMPUTED,high_flow,
15,confirmation,63,9750,4095,24,0,9750,5655,two-sided,0.23602717238052243,5,9999,20260907,0.00321163379707681,-0.010906344098213418,B2_over_B1,COMPLETE_COVERAGE,qlike_regime_secondary,-0.0025260263239777346,0.23855319870450012,lightgbm_qlike,4,False,SECONDARY,two-sided percentile 95%; not inversion of centered-null p,delta = 0,resampled statistic minus observed statistic; +1 correction,5500,0.5501,0.5501,-1.0702269143424221,0,mean,COMPUTED,high_flow,
15,confirmation,63,9750,4095,24,0,9750,5655,two-sided,0.24436950406180516,5,9999,20260907,0.004884850340825364,0.0001395855386714523,B1_over_B0,COMPLETE_COVERAGE,qlike_regime_secondary,0.0017664091978249752,0.24217520356323233,log_ridge_harq,4,False,SECONDARY,two-sided percentile 95%; not inversion of centered-null p,delta = 0,resampled statistic minus observed statistic; +1 correction,1053,0.4216,0.1054,0.8979436722259136,0,median,COMPUTED,high_flow,
15,confirmation,63,9750,4095,24,0,9750,5655,two-sided,0.24217520356323233,5,9999,20260907,0.0040089129593561534,-0.0013208757147459699,B2_over_B1,COMPLETE_COVERAGE,qlike_regime_secondary,0.0016634612247554692,0.23507748233127024,log_ridge_harq,4,False,SECONDARY,two-sided percentile 95%; not inversion of centered-null p,delta = 0,resampled statistic minus observed statistic; +1 correction,2648,0.7209000000000001,0.2649,2.930820797311272,0,median,COMPUTED,high_flow,
15,confirmation,63,9750,4095,24,0,9750,5655,two-sided,0.24424639082538846,5,9999,20260907,0.007809860904423399,0.0003648391134844116,B1_over_B0,COMPLETE_COVERAGE,qlike_regime_secondary,0.0025650530737178004,0.23602717238052243,lightgbm_qlike,4,False,SECONDARY,two-sided percentile 95%; not inversion of centered-null p,delta = 0,resampled statistic minus observed statistic; +1 correction,2402,0.7209000000000001,0.2403,3.3651340423457867,0,median,COMPUTED,high_flow,
15,confirmation,63,9750,4095,24,0,9750,5655,two-sided,0.23602717238052243,5,9999,20260907,0.002460884676513453,-0.0014716725644111708,B2_over_B1,COMPLETE_COVERAGE,qlike_regime_secondary,0.0005679097257933613,0.23855319870450012,lightgbm_qlike,4,False,SECONDARY,two-sided percentile 95%; not inversion of centered-null p,delta = 0,resampled statistic minus observed statistic; +1 correction,5958,0.7209000000000001,0.5959,-1.0702269143424221,0,median,COMPUTED,high_flow,
15,confirmation,63,9750,4095,24,0,9750,5655,two-sided,0.24436950406180516,5,9999,20260907,0.004301310445081165,0.0001572393873427909,B1_over_B0,COMPLETE_COVERAGE,qlike_regime_secondary,0.0023916732806541965,0.24217520356323233,log_ridge_harq,4,False,SECONDARY,two-sided percentile 95%; not inversion of centered-null p,delta = 0,resampled statistic minus observed statistic; +1 correction,204,0.082,0.0205,0.8979436722259136,1,trimmed_mean_5pct,COMPUTED,high_flow,
15,confirmation,63,9750,4095,24,0,9750,5655,two-sided,0.24217520356323233,5,9999,20260907,0.013937312186459643,-0.00015830063866460492,B2_over_B1,COMPLETE_COVERAGE,qlike_regime_secondary,0.001748790845196447,0.23507748233127024,log_ridge_harq,4,False,SECONDARY,two-sided percentile 95%; not inversion of centered-null p,delta = 0,resampled statistic minus observed statistic; +1 correction,3220,0.7887000000000001,0.3221,2.930820797311272,1,trimmed_mean_5pct,COMPUTED,high_flow,
15,confirmation,63,9750,4095,24,0,9750,5655,two-sided,0.24424639082538846,5,9999,20260907,0.015199007885672564,0.0007796579461839507,B1_over_B0,COMPLETE_COVERAGE,qlike_regime_secondary,0.0032682690493972127,0.23602717238052243,lightgbm_qlike,4,False,SECONDARY,two-sided percentile 95%; not inversion of centered-null p,delta = 0,resampled statistic minus observed statistic; +1 correction,2628,0.7887000000000001,0.2629,3.3651340423457867,1,trimmed_mean_5pct,COMPUTED,high_flow,
15,confirmation,63,9750,4095,24,0,9750,5655,two-sided,0.23602717238052243,5,9999,20260907,0.003381862892771979,-0.008074511438074201,B2_over_B1,COMPLETE_COVERAGE,qlike_regime_secondary,0.0008580169589906788,0.23855319870450012,lightgbm_qlike,4,False,SECONDARY,two-sided percentile 95%; not inversion of centered-null p,delta = 0,resampled statistic minus observed statistic; +1 correction,6417,0.7887000000000001,0.6418,-1.0702269143424221,1,trimmed_mean_5pct,COMPUTED,high_flow,
15,confirmation,7,9750,455,2,0,9750,9295,two-sided,0.13560742410628016,5,9999,20260907,,,B1_over_B0,COMPLETE_COVERAGE,qlike_regime_secondary,-0.005052983389423692,0.14066040749570385,log_ridge_harq,4,True,SECONDARY,,,,,,,-3.7261849214564364,0,mean,NO VERIFICABLE,event,insufficient finite sessions
15,confirmation,7,9750,455,2,0,9750,9295,two-sided,0.14066040749570385,5,9999,20260907,,,B2_over_B1,COMPLETE_COVERAGE,qlike_regime_secondary,-0.0022065959443216404,0.14286700344002548,log_ridge_harq,4,True,SECONDARY,,,,,,,-1.568739905995961,0,mean,NO VERIFICABLE,event,insufficient finite sessions
15,confirmation,7,9750,455,2,0,9750,9295,two-sided,0.1320157276384574,5,9999,20260907,,,B1_over_B0,COMPLETE_COVERAGE,qlike_regime_secondary,-0.00037663721763222385,0.13239236485608963,lightgbm_qlike,4,True,SECONDARY,,,,,,,-0.28529723266283463,0,mean,NO VERIFICABLE,event,insufficient finite sessions
15,confirmation,7,9750,455,2,0,9750,9295,two-sided,0.13239236485608963,5,9999,20260907,,,B2_over_B1,COMPLETE_COVERAGE,qlike_regime_secondary,0.002492265621790897,0.1299000992342987,lightgbm_qlike,4,True,SECONDARY,,,,,,,1.8824844049730416,0,mean,NO VERIFICABLE,event,insufficient finite sessions
15,confirmation,7,9750,455,2,0,9750,9295,two-sided,0.13560742410628016,5,9999,20260907,,,B1_over_B0,COMPLETE_COVERAGE,qlike_regime_secondary,-0.005052983389423692,0.14066040749570385,log_ridge_harq,4,True,SECONDARY,,,,,,,-3.7261849214564364,0,median,NO VERIFICABLE,event,insufficient finite sessions
15,confirmation,7,9750,455,2,0,9750,9295,two-sided,0.14066040749570385,5,9999,20260907,,,B2_over_B1,COMPLETE_COVERAGE,qlike_regime_secondary,-0.0022065959443216404,0.14286700344002548,log_ridge_harq,4,True,SECONDARY,,,,,,,-1.568739905995961,0,median,NO VERIFICABLE,event,insufficient finite sessions
15,confirmation,7,9750,455,2,0,9750,9295,two-sided,0.1320157276384574,5,9999,20260907,,,B1_over_B0,COMPLETE_COVERAGE,qlike_regime_secondary,-0.00037663721763222385,0.13239236485608963,lightgbm_qlike,4,True,SECONDARY,,,,,,,-0.28529723266283463,0,median,NO VERIFICABLE,event,insufficient finite sessions
15,confirmation,7,9750,455,2,0,9750,9295,two-sided,0.13239236485608963,5,9999,20260907,,,B2_over_B1,COMPLETE_COVERAGE,qlike_regime_secondary,0.002492265621790897,0.1299000992342987,lightgbm_qlike,4,True,SECONDARY,,,,,,,1.8824844049730416,0,median,NO VERIFICABLE,event,insufficient finite sessions
15,confirmation,7,9750,455,2,0,9750,9295,two-sided,0.13560742410628016,5,9999,20260907,,,B1_over_B0,COMPLETE_COVERAGE,qlike_regime_secondary,-0.005052983389423692,0.14066040749570385,log_ridge_harq,4,True,SECONDARY,,,,,,,-3.7261849214564364,0,trimmed_mean_5pct,NO VERIFICABLE,event,insufficient finite sessions
15,confirmation,7,9750,455,2,0,9750,9295,two-sided,0.14066040749570385,5,9999,20260907,,,B2_over_B1,COMPLETE_COVERAGE,qlike_regime_secondary,-0.0022065959443216404,0.14286700344002548,log_ridge_harq,4,True,SECONDARY,,,,,,,-1.568739905995961,0,trimmed_mean_5pct,NO VERIFICABLE,event,insufficient finite sessions
15,confirmation,7,9750,455,2,0,9750,9295,two-sided,0.1320157276384574,5,9999,20260907,,,B1_over_B0,COMPLETE_COVERAGE,qlike_regime_secondary,-0.00037663721763222385,0.13239236485608963,lightgbm_qlike,4,True,SECONDARY,,,,,,,-0.28529723266283463,0,trimmed_mean_5pct,NO VERIFICABLE,event,insufficient finite sessions
15,confirmation,7,9750,455,2,0,9750,9295,two-sided,0.13239236485608963,5,9999,20260907,,,B2_over_B1,COMPLETE_COVERAGE,qlike_regime_secondary,0.002492265621790897,0.1299000992342987,lightgbm_qlike,4,True,SECONDARY,,,,,,,1.8824844049730416,0,trimmed_mean_5pct,NO VERIFICABLE,event,insufficient finite sessions
15,confirmation,150,9750,1800,25,0,9750,7950,two-sided,0.2640991369528557,5,9999,20260907,0.0006854068366559383,-0.01728809091033386,B1_over_B0,COMPLETE_COVERAGE,qlike_regime_secondary,-0.006375572287526856,0.2704747092403825,log_ridge_harq,4,False,SECONDARY,two-sided percentile 95%; not inversion of centered-null p,delta = 0,resampled statistic minus observed statistic; +1 correction,1704,0.6176,0.1705,-2.414082969405901,0,mean,COMPUTED,last_hour,
15,confirmation,150,9750,1800,25,0,9750,7950,two-sided,0.2704747092403825,5,9999,20260907,0.0016835122708262942,-0.01264860698688066,B2_over_B1,COMPLETE_COVERAGE,qlike_regime_secondary,-0.005137582030664065,0.2756122912710466,log_ridge_harq,4,False,SECONDARY,two-sided percentile 95%; not inversion of centered-null p,delta = 0,resampled statistic minus observed statistic; +1 correction,1591,0.6176,0.1592,-1.899468547389425,0,mean,COMPUTED,last_hour,
15,confirmation,150,9750,1800,25,0,9750,7950,two-sided,0.2567559714136204,5,9999,20260907,0.006896099878532846,-0.002843913592119278,B1_over_B0,COMPLETE_COVERAGE,qlike_regime_secondary,0.0021830091933797953,0.25457296222024056,lightgbm_qlike,4,False,SECONDARY,two-sided percentile 95%; not inversion of centered-null p,delta = 0,resampled statistic minus observed statistic; +1 correction,3893,0.6176,0.3894,0.8502272338052392,0,mean,COMPUTED,last_hour,
15,confirmation,150,9750,1800,25,0,9750,7950,two-sided,0.25457296222024056,5,9999,20260907,0.02089345553339088,-0.0019893327819777,B2_over_B1,COMPLETE_COVERAGE,qlike_regime_secondary,0.00848366343505592,0.24608929878518462,lightgbm_qlike,4,False,SECONDARY,two-sided percentile 95%; not inversion of centered-null p,delta = 0,resampled statistic minus observed statistic; +1 correction,1543,0.6176,0.1544,3.3325076477353424,0,mean,COMPUTED,last_hour,
15,confirmation,150,9750,1800,25,0,9750,7950,two-sided,0.2640991369528557,5,9999,20260907,0.0027431186447752776,-0.006982033183584133,B1_over_B0,COMPLETE_COVERAGE,qlike_regime_secondary,-0.0011373913055868767,0.2704747092403825,log_ridge_harq,4,False,SECONDARY,two-sided percentile 95%; not inversion of centered-null p,delta = 0,resampled statistic minus observed statistic; +1 correction,6671,1.0,0.6672,-2.414082969405901,0,median,COMPUTED,last_hour,
15,confirmation,150,9750,1800,25,0,9750,7950,two-sided,0.2704747092403825,5,9999,20260907,0.0024073447382508273,-0.00341685762051136,B2_over_B1,COMPLETE_COVERAGE,qlike_regime_secondary,-0.0022105830778550856,0.2756122912710466,log_ridge_harq,4,False,SECONDARY,two-sided percentile 95%; not inversion of centered-null p,delta = 0,resampled statistic minus observed statistic; +1 correction,3510,1.0,0.3511,-1.899468547389425,0,median,COMPUTED,last_hour,
15,confirmation,150,9750,1800,25,0,9750,7950,two-sided,0.2567559714136204,5,9999,20260907,0.0033207790170790286,-0.004124301994586854,B1_over_B0,COMPLETE_COVERAGE,qlike_regime_secondary,0.0012159627394704442,0.25457296222024056,lightgbm_qlike,4,False,SECONDARY,two-sided percentile 95%; not inversion of centered-null p,delta = 0,resampled statistic minus observed statistic; +1 correction,3830,1.0,0.3831,0.8502272338052392,0,median,COMPUTED,last_hour,
15,confirmation,150,9750,1800,25,0,9750,7950,two-sided,0.25457296222024056,5,9999,20260907,0.0014238988574776235,-0.0042026589290435346,B2_over_B1,COMPLETE_COVERAGE,qlike_regime_secondary,-0.0014026566233699134,0.24608929878518462,lightgbm_qlike,4,False,SECONDARY,two-sided percentile 95%; not inversion of centered-null p,delta = 0,resampled statistic minus observed statistic; +1 correction,3148,1.0,0.3149,3.3325076477353424,0,median,COMPUTED,last_hour,
15,confirmation,150,9750,1800,25,0,9750,7950,two-sided,0.2640991369528557,5,9999,20260907,0.0010078081801654629,-0.013426456712408516,B1_over_B0,COMPLETE_COVERAGE,qlike_regime_secondary,-0.001580846421619126,0.2704747092403825,log_ridge_harq,4,False,SECONDARY,two-sided percentile 95%; not inversion of centered-null p,delta = 0,resampled statistic minus observed statistic; +1 correction,4860,1.0,0.4861,-2.414082969405901,1,trimmed_mean_5pct,COMPUTED,last_hour,
15,confirmation,150,9750,1800,25,0,9750,7950,two-sided,0.2704747092403825,5,9999,20260907,0.0028117385173532985,-0.010148567519070515,B2_over_B1,COMPLETE_COVERAGE,qlike_regime_secondary,-0.002197032057578174,0.2756122912710466,log_ridge_harq,4,False,SECONDARY,two-sided percentile 95%; not inversion of centered-null p,delta = 0,resampled statistic minus observed statistic; +1 correction,4862,1.0,0.4863,-1.899468547389425,1,trimmed_mean_5pct,COMPUTED,last_hour,
15,confirmation,150,9750,1800,25,0,9750,7950,two-sided,0.2567559714136204,5,9999,20260907,0.006328936418531371,-0.00318676894904083,B1_over_B0,COMPLETE_COVERAGE,qlike_regime_secondary,0.00113817668717009,0.25457296222024056,lightgbm_qlike,4,False,SECONDARY,two-sided percentile 95%; not inversion of centered-null p,delta = 0,resampled statistic minus observed statistic; +1 correction,6449,1.0,0.645,0.8502272338052392,1,trimmed_mean_5pct,COMPUTED,last_hour,
15,confirmation,150,9750,1800,25,0,9750,7950,two-sided,0.25457296222024056,5,9999,20260907,0.017536599214682983,-0.003277027441502571,B2_over_B1,COMPLETE_COVERAGE,qlike_regime_secondary,0.004098213919691077,0.24608929878518462,lightgbm_qlike,4,False,SECONDARY,two-sided percentile 95%; not inversion of centered-null p,delta = 0,resampled statistic minus observed statistic; +1 correction,4335,1.0,0.4336,3.3325076477353424,1,trimmed_mean_5pct,COMPUTED,last_hour,
15,confirmation,30,9750,1950,5,0,9750,7800,two-sided,0.14877889243412393,5,9999,20260907,,,B1_over_B0,COMPLETE_COVERAGE,qlike_regime_secondary,0.0035513995450462523,0.14522749288907766,log_ridge_harq,4,True,SECONDARY,,,,,,,2.3870318476921955,0,mean,NO VERIFICABLE,weekly_expiration,insufficient finite sessions
15,confirmation,30,9750,1950,5,0,9750,7800,two-sided,0.14522749288907766,5,9999,20260907,,,B2_over_B1,COMPLETE_COVERAGE,qlike_regime_secondary,-0.00016707682479214224,0.14539456971386983,log_ridge_harq,4,True,SECONDARY,,,,,,,-0.11504490056834676,0,mean,NO VERIFICABLE,weekly_expiration,insufficient finite sessions
15,confirmation,30,9750,1950,5,0,9750,7800,two-sided,0.15795222583265234,5,9999,20260907,,,B1_over_B0,COMPLETE_COVERAGE,qlike_regime_secondary,0.004983895541530697,0.15296833029112164,lightgbm_qlike,4,True,SECONDARY,,,,,,,3.1553183345520237,0,mean,NO VERIFICABLE,weekly_expiration,insufficient finite sessions
15,confirmation,30,9750,1950,5,0,9750,7800,two-sided,0.15296833029112164,5,9999,20260907,,,B2_over_B1,COMPLETE_COVERAGE,qlike_regime_secondary,-0.002935748531292076,0.1559040788224137,lightgbm_qlike,4,True,SECONDARY,,,,,,,-1.9191871452770042,0,mean,NO VERIFICABLE,weekly_expiration,insufficient finite sessions
15,confirmation,30,9750,1950,5,0,9750,7800,two-sided,0.14877889243412393,5,9999,20260907,,,B1_over_B0,COMPLETE_COVERAGE,qlike_regime_secondary,0.0029154067864823885,0.14522749288907766,log_ridge_harq,4,True,SECONDARY,,,,,,,2.3870318476921955,0,median,NO VERIFICABLE,weekly_expiration,insufficient finite sessions
15,confirmation,30,9750,1950,5,0,9750,7800,two-sided,0.14522749288907766,5,9999,20260907,,,B2_over_B1,COMPLETE_COVERAGE,qlike_regime_secondary,0.00115729049754279,0.14539456971386983,log_ridge_harq,4,True,SECONDARY,,,,,,,-0.11504490056834676,0,median,NO VERIFICABLE,weekly_expiration,insufficient finite sessions
15,confirmation,30,9750,1950,5,0,9750,7800,two-sided,0.15795222583265234,5,9999,20260907,,,B1_over_B0,COMPLETE_COVERAGE,qlike_regime_secondary,0.003086842316862959,0.15296833029112164,lightgbm_qlike,4,True,SECONDARY,,,,,,,3.1553183345520237,0,median,NO VERIFICABLE,weekly_expiration,insufficient finite sessions
15,confirmation,30,9750,1950,5,0,9750,7800,two-sided,0.15296833029112164,5,9999,20260907,,,B2_over_B1,COMPLETE_COVERAGE,qlike_regime_secondary,-0.002354369093752362,0.1559040788224137,lightgbm_qlike,4,True,SECONDARY,,,,,,,-1.9191871452770042,0,median,NO VERIFICABLE,weekly_expiration,insufficient finite sessions
15,confirmation,30,9750,1950,5,0,9750,7800,two-sided,0.14877889243412393,5,9999,20260907,,,B1_over_B0,COMPLETE_COVERAGE,qlike_regime_secondary,0.0035513995450462523,0.14522749288907766,log_ridge_harq,4,True,SECONDARY,,,,,,,2.3870318476921955,0,trimmed_mean_5pct,NO VERIFICABLE,weekly_expiration,insufficient finite sessions
15,confirmation,30,9750,1950,5,0,9750,7800,two-sided,0.14522749288907766,5,9999,20260907,,,B2_over_B1,COMPLETE_COVERAGE,qlike_regime_secondary,-0.00016707682479214224,0.14539456971386983,log_ridge_harq,4,True,SECONDARY,,,,,,,-0.11504490056834676,0,trimmed_mean_5pct,NO VERIFICABLE,weekly_expiration,insufficient finite sessions
15,confirmation,30,9750,1950,5,0,9750,7800,two-sided,0.15795222583265234,5,9999,20260907,,,B1_over_B0,COMPLETE_COVERAGE,qlike_regime_secondary,0.004983895541530697,0.15296833029112164,lightgbm_qlike,4,True,SECONDARY,,,,,,,3.1553183345520237,0,trimmed_mean_5pct,NO VERIFICABLE,weekly_expiration,insufficient finite sessions
15,confirmation,30,9750,1950,5,0,9750,7800,two-sided,0.15296833029112164,5,9999,20260907,,,B2_over_B1,COMPLETE_COVERAGE,qlike_regime_secondary,-0.002935748531292076,0.1559040788224137,lightgbm_qlike,4,True,SECONDARY,,,,,,,-1.9191871452770042,0,trimmed_mean_5pct,NO VERIFICABLE,weekly_expiration,insufficient finite sessions
15,confirmation,6,9750,390,1,0,9750,9360,two-sided,0.15528505462379258,5,9999,20260907,,,B1_over_B0,COMPLETE_COVERAGE,qlike_regime_secondary,-0.0020089914081445337,0.1572940460319371,log_ridge_harq,4,True,SECONDARY,,,,,,,-1.2937442131901846,0,mean,NO VERIFICABLE,third_friday,insufficient finite sessions
15,confirmation,6,9750,390,1,0,9750,9360,two-sided,0.1572940460319371,5,9999,20260907,,,B2_over_B1,COMPLETE_COVERAGE,qlike_regime_secondary,0.001971771753321777,0.15532227427861534,log_ridge_harq,4,True,SECONDARY,,,,,,,1.2535577811517589,0,mean,NO VERIFICABLE,third_friday,insufficient finite sessions
15,confirmation,6,9750,390,1,0,9750,9360,two-sided,0.1507276960193144,5,9999,20260907,,,B1_over_B0,COMPLETE_COVERAGE,qlike_regime_secondary,-0.001189060415920401,0.1519167564352348,lightgbm_qlike,4,True,SECONDARY,,,,,,,-0.7888798457902744,0,mean,NO VERIFICABLE,third_friday,insufficient finite sessions
15,confirmation,6,9750,390,1,0,9750,9360,two-sided,0.1519167564352348,5,9999,20260907,,,B2_over_B1,COMPLETE_COVERAGE,qlike_regime_secondary,0.0007626478566932215,0.15115410857854158,lightgbm_qlike,4,True,SECONDARY,,,,,,,0.5020169430870872,0,mean,NO VERIFICABLE,third_friday,insufficient finite sessions
15,confirmation,6,9750,390,1,0,9750,9360,two-sided,0.15528505462379258,5,9999,20260907,,,B1_over_B0,COMPLETE_COVERAGE,qlike_regime_secondary,-0.0020089914081445337,0.1572940460319371,log_ridge_harq,4,True,SECONDARY,,,,,,,-1.2937442131901846,0,median,NO VERIFICABLE,third_friday,insufficient finite sessions
15,confirmation,6,9750,390,1,0,9750,9360,two-sided,0.1572940460319371,5,9999,20260907,,,B2_over_B1,COMPLETE_COVERAGE,qlike_regime_secondary,0.001971771753321777,0.15532227427861534,log_ridge_harq,4,True,SECONDARY,,,,,,,1.2535577811517589,0,median,NO VERIFICABLE,third_friday,insufficient finite sessions
15,confirmation,6,9750,390,1,0,9750,9360,two-sided,0.1507276960193144,5,9999,20260907,,,B1_over_B0,COMPLETE_COVERAGE,qlike_regime_secondary,-0.001189060415920401,0.1519167564352348,lightgbm_qlike,4,True,SECONDARY,,,,,,,-0.7888798457902744,0,median,NO VERIFICABLE,third_friday,insufficient finite sessions
15,confirmation,6,9750,390,1,0,9750,9360,two-sided,0.1519167564352348,5,9999,20260907,,,B2_over_B1,COMPLETE_COVERAGE,qlike_regime_secondary,0.0007626478566932215,0.15115410857854158,lightgbm_qlike,4,True,SECONDARY,,,,,,,0.5020169430870872,0,median,NO VERIFICABLE,third_friday,insufficient finite sessions
15,confirmation,6,9750,390,1,0,9750,9360,two-sided,0.15528505462379258,5,9999,20260907,,,B1_over_B0,COMPLETE_COVERAGE,qlike_regime_secondary,-0.0020089914081445337,0.1572940460319371,log_ridge_harq,4,True,SECONDARY,,,,,,,-1.2937442131901846,0,trimmed_mean_5pct,NO VERIFICABLE,third_friday,insufficient finite sessions
15,confirmation,6,9750,390,1,0,9750,9360,two-sided,0.1572940460319371,5,9999,20260907,,,B2_over_B1,COMPLETE_COVERAGE,qlike_regime_secondary,0.001971771753321777,0.15532227427861534,log_ridge_harq,4,True,SECONDARY,,,,,,,1.2535577811517589,0,trimmed_mean_5pct,NO VERIFICABLE,third_friday,insufficient finite sessions
15,confirmation,6,9750,390,1,0,9750,9360,two-sided,0.1507276960193144,5,9999,20260907,,,B1_over_B0,COMPLETE_COVERAGE,qlike_regime_secondary,-0.001189060415920401,0.1519167564352348,lightgbm_qlike,4,True,SECONDARY,,,,,,,-0.7888798457902744,0,trimmed_mean_5pct,NO VERIFICABLE,third_friday,insufficient finite sessions
15,confirmation,6,9750,390,1,0,9750,9360,two-sided,0.1519167564352348,5,9999,20260907,,,B2_over_B1,COMPLETE_COVERAGE,qlike_regime_secondary,0.0007626478566932215,0.15115410857854158,lightgbm_qlike,4,True,SECONDARY,,,,,,,0.5020169430870872,0,trimmed_mean_5pct,NO VERIFICABLE,third_friday,insufficient finite sessions
15,confirmation,138,9750,6069,25,0,9750,3681,two-sided,0.30845375891100224,5,9999,20260907,0.003762081540147001,-0.0019996863354711015,B1_over_B0,COMPLETE_COVERAGE,qlike_regime_secondary,0.0010393852533147735,0.3074143736576875,log_ridge_harq,4,False,SECONDARY,two-sided percentile 95%; not inversion of centered-null p,delta = 0,resampled statistic minus observed statistic; +1 correction,4941,1.0,0.4942,0.33696631125013005,0,mean,COMPUTED,high_gamma,
15,confirmation,138,9750,6069,25,0,9750,3681,two-sided,0.3074143736576875,5,9999,20260907,0.02905494456149054,-0.0026591190191899657,B2_over_B1,COMPLETE_COVERAGE,qlike_regime_secondary,0.008684307125696284,0.2987300665319912,log_ridge_harq,4,False,SECONDARY,two-sided percentile 95%; not inversion of centered-null p,delta = 0,resampled statistic minus observed statistic; +1 correction,5580,1.0,0.5581,2.8249515539460255,0,mean,COMPUTED,high_gamma,
15,confirmation,138,9750,6069,25,0,9750,3681,two-sided,0.30338245969887045,5,9999,20260907,0.030903159236864257,0.0010874010147157492,B1_over_B0,COMPLETE_COVERAGE,qlike_regime_secondary,0.012236355060117688,0.2911461046387528,lightgbm_qlike,4,False,SECONDARY,two-sided percentile 95%; not inversion of centered-null p,delta = 0,resampled statistic minus observed statistic; +1 correction,614,0.246,0.0615,4.033309991705907,0,mean,COMPUTED,high_gamma,
15,confirmation,138,9750,6069,25,0,9750,3681,two-sided,0.2911461046387528,5,9999,20260907,0.006043017019345182,-0.017871975456867757,B2_over_B1,COMPLETE_COVERAGE,qlike_regime_secondary,-0.0035153636170054507,0.2946614682557583,lightgbm_qlike,4,False,SECONDARY,two-sided percentile 95%; not inversion of centered-null p,delta = 0,resampled statistic minus observed statistic; +1 correction,5972,1.0,0.5973,-1.2074225143308137,0,mean,COMPUTED,high_gamma,
15,confirmation,138,9750,6069,25,0,9750,3681,two-sided,0.30845375891100224,5,9999,20260907,0.002648226257645464,-0.0014977442092485027,B1_over_B0,COMPLETE_COVERAGE,qlike_regime_secondary,0.0009504610443980682,0.3074143736576875,log_ridge_harq,4,False,SECONDARY,two-sided percentile 95%; not inversion of centered-null p,delta = 0,resampled statistic minus observed statistic; +1 correction,4617,0.911,0.4618,0.33696631125013005,0,median,COMPUTED,high_gamma,
15,confirmation,138,9750,6069,25,0,9750,3681,two-sided,0.3074143736576875,5,9999,20260907,0.0011483141802642594,-0.001752299713471142,B2_over_B1,COMPLETE_COVERAGE,qlike_regime_secondary,-0.0012290155195491814,0.2987300665319912,log_ridge_harq,4,False,SECONDARY,two-sided percentile 95%; not inversion of centered-null p,delta = 0,resampled statistic minus observed statistic; +1 correction,1086,0.3261,0.1087,2.8249515539460255,0,median,COMPUTED,high_gamma,
15,confirmation,138,9750,6069,25,0,9750,3681,two-sided,0.30338245969887045,5,9999,20260907,0.005025756222528238,0.0008014452225733604,B1_over_B0,COMPLETE_COVERAGE,qlike_regime_secondary,0.00331054048204385,0.2911461046387528,lightgbm_qlike,4,False,SECONDARY,two-sided percentile 95%; not inversion of centered-null p,delta = 0,resampled statistic minus observed statistic; +1 correction,14,0.006,0.0015,4.033309991705907,0,median,COMPUTED,high_gamma,
15,confirmation,138,9750,6069,25,0,9750,3681,two-sided,0.2911461046387528,5,9999,20260907,0.002135507145455906,-0.0022148043344732415,B2_over_B1,COMPLETE_COVERAGE,qlike_regime_secondary,-0.0006233775139101727,0.2946614682557583,lightgbm_qlike,4,False,SECONDARY,two-sided percentile 95%; not inversion of centered-null p,delta = 0,resampled statistic minus observed statistic; +1 correction,4554,0.911,0.4555,-1.2074225143308137,0,median,COMPUTED,high_gamma,
15,confirmation,138,9750,6069,25,0,9750,3681,two-sided,0.30845375891100224,5,9999,20260907,0.0035149152289394936,-0.0016690483140508253,B1_over_B0,COMPLETE_COVERAGE,qlike_regime_secondary,0.0012414438833898826,0.3074143736576875,log_ridge_harq,4,False,SECONDARY,two-sided percentile 95%; not inversion of centered-null p,delta = 0,resampled statistic minus observed statistic; +1 correction,3785,1.0,0.3786,0.33696631125013005,1,trimmed_mean_5pct,COMPUTED,high_gamma,
15,confirmation,138,9750,6069,25,0,9750,3681,two-sided,0.3074143736576875,5,9999,20260907,0.021245275834626973,-0.0025452684137857377,B2_over_B1,COMPLETE_COVERAGE,qlike_regime_secondary,-0.0007520677038074206,0.2987300665319912,log_ridge_harq,4,False,SECONDARY,two-sided percentile 95%; not inversion of centered-null p,delta = 0,resampled statistic minus observed statistic; +1 correction,5896,1.0,0.5897,2.8249515539460255,1,trimmed_mean_5pct,COMPUTED,high_gamma,
15,confirmation,138,9750,6069,25,0,9750,3681,two-sided,0.30338245969887045,5,9999,20260907,0.023852839256917474,0.0007431884921411332,B1_over_B0,COMPLETE_COVERAGE,qlike_regime_secondary,0.0036660531974261083,0.2911461046387528,lightgbm_qlike,4,False,SECONDARY,two-sided percentile 95%; not inversion of centered-null p,delta = 0,resampled statistic minus observed statistic; +1 correction,2727,1.0,0.2728,4.033309991705907,1,trimmed_mean_5pct,COMPUTED,high_gamma,
15,confirmation,138,9750,6069,25,0,9750,3681,two-sided,0.2911461046387528,5,9999,20260907,0.0055687827502842015,-0.013683969763152275,B2_over_B1,COMPLETE_COVERAGE,qlike_regime_secondary,0.0011135440643663113,0.2946614682557583,lightgbm_qlike,4,False,SECONDARY,two-sided percentile 95%; not inversion of centered-null p,delta = 0,resampled statistic minus observed statistic; +1 correction,6182,1.0,0.6183,-1.2074225143308137,1,trimmed_mean_5pct,COMPUTED,high_gamma,
15,confirmation,0,9750,0,0,0,9750,9750,two-sided,,5,9999,20260907,,,B1_over_B0,COMPLETE_COVERAGE,qlike_regime_secondary,,,log_ridge_harq,4,True,SECONDARY,,,,,,,,0,mean,NO VERIFICABLE,window_empty_5m,insufficient finite sessions
15,confirmation,0,9750,0,0,0,9750,9750,two-sided,,5,9999,20260907,,,B2_over_B1,COMPLETE_COVERAGE,qlike_regime_secondary,,,log_ridge_harq,4,True,SECONDARY,,,,,,,,0,mean,NO VERIFICABLE,window_empty_5m,insufficient finite sessions
15,confirmation,0,9750,0,0,0,9750,9750,two-sided,,5,9999,20260907,,,B1_over_B0,COMPLETE_COVERAGE,qlike_regime_secondary,,,lightgbm_qlike,4,True,SECONDARY,,,,,,,,0,mean,NO VERIFICABLE,window_empty_5m,insufficient finite sessions
15,confirmation,0,9750,0,0,0,9750,9750,two-sided,,5,9999,20260907,,,B2_over_B1,COMPLETE_COVERAGE,qlike_regime_secondary,,,lightgbm_qlike,4,True,SECONDARY,,,,,,,,0,mean,NO VERIFICABLE,window_empty_5m,insufficient finite sessions
15,confirmation,0,9750,0,0,0,9750,9750,two-sided,,5,9999,20260907,,,B1_over_B0,COMPLETE_COVERAGE,qlike_regime_secondary,,,log_ridge_harq,4,True,SECONDARY,,,,,,,,0,median,NO VERIFICABLE,window_empty_5m,insufficient finite sessions
15,confirmation,0,9750,0,0,0,9750,9750,two-sided,,5,9999,20260907,,,B2_over_B1,COMPLETE_COVERAGE,qlike_regime_secondary,,,log_ridge_harq,4,True,SECONDARY,,,,,,,,0,median,NO VERIFICABLE,window_empty_5m,insufficient finite sessions
15,confirmation,0,9750,0,0,0,9750,9750,two-sided,,5,9999,20260907,,,B1_over_B0,COMPLETE_COVERAGE,qlike_regime_secondary,,,lightgbm_qlike,4,True,SECONDARY,,,,,,,,0,median,NO VERIFICABLE,window_empty_5m,insufficient finite sessions
15,confirmation,0,9750,0,0,0,9750,9750,two-sided,,5,9999,20260907,,,B2_over_B1,COMPLETE_COVERAGE,qlike_regime_secondary,,,lightgbm_qlike,4,True,SECONDARY,,,,,,,,0,median,NO VERIFICABLE,window_empty_5m,insufficient finite sessions
15,confirmation,0,9750,0,0,0,9750,9750,two-sided,,5,9999,20260907,,,B1_over_B0,COMPLETE_COVERAGE,qlike_regime_secondary,,,log_ridge_harq,4,True,SECONDARY,,,,,,,,0,trimmed_mean_5pct,NO VERIFICABLE,window_empty_5m,insufficient finite sessions
15,confirmation,0,9750,0,0,0,9750,9750,two-sided,,5,9999,20260907,,,B2_over_B1,COMPLETE_COVERAGE,qlike_regime_secondary,,,log_ridge_harq,4,True,SECONDARY,,,,,,,,0,trimmed_mean_5pct,NO VERIFICABLE,window_empty_5m,insufficient finite sessions
15,confirmation,0,9750,0,0,0,9750,9750,two-sided,,5,9999,20260907,,,B1_over_B0,COMPLETE_COVERAGE,qlike_regime_secondary,,,lightgbm_qlike,4,True,SECONDARY,,,,,,,,0,trimmed_mean_5pct,NO VERIFICABLE,window_empty_5m,insufficient finite sessions
15,confirmation,0,9750,0,0,0,9750,9750,two-sided,,5,9999,20260907,,,B2_over_B1,COMPLETE_COVERAGE,qlike_regime_secondary,,,lightgbm_qlike,4,True,SECONDARY,,,,,,,,0,trimmed_mean_5pct,NO VERIFICABLE,window_empty_5m,insufficient finite sessions
15,confirmation,0,9750,0,0,0,9750,9750,two-sided,,5,9999,20260907,,,B1_over_B0,COMPLETE_COVERAGE,qlike_regime_secondary,,,log_ridge_harq,4,True,SECONDARY,,,,,,,,0,mean,NO VERIFICABLE,window_empty_30m,insufficient finite sessions
15,confirmation,0,9750,0,0,0,9750,9750,two-sided,,5,9999,20260907,,,B2_over_B1,COMPLETE_COVERAGE,qlike_regime_secondary,,,log_ridge_harq,4,True,SECONDARY,,,,,,,,0,mean,NO VERIFICABLE,window_empty_30m,insufficient finite sessions
15,confirmation,0,9750,0,0,0,9750,9750,two-sided,,5,9999,20260907,,,B1_over_B0,COMPLETE_COVERAGE,qlike_regime_secondary,,,lightgbm_qlike,4,True,SECONDARY,,,,,,,,0,mean,NO VERIFICABLE,window_empty_30m,insufficient finite sessions
15,confirmation,0,9750,0,0,0,9750,9750,two-sided,,5,9999,20260907,,,B2_over_B1,COMPLETE_COVERAGE,qlike_regime_secondary,,,lightgbm_qlike,4,True,SECONDARY,,,,,,,,0,mean,NO VERIFICABLE,window_empty_30m,insufficient finite sessions
15,confirmation,0,9750,0,0,0,9750,9750,two-sided,,5,9999,20260907,,,B1_over_B0,COMPLETE_COVERAGE,qlike_regime_secondary,,,log_ridge_harq,4,True,SECONDARY,,,,,,,,0,median,NO VERIFICABLE,window_empty_30m,insufficient finite sessions
15,confirmation,0,9750,0,0,0,9750,9750,two-sided,,5,9999,20260907,,,B2_over_B1,COMPLETE_COVERAGE,qlike_regime_secondary,,,log_ridge_harq,4,True,SECONDARY,,,,,,,,0,median,NO VERIFICABLE,window_empty_30m,insufficient finite sessions
15,confirmation,0,9750,0,0,0,9750,9750,two-sided,,5,9999,20260907,,,B1_over_B0,COMPLETE_COVERAGE,qlike_regime_secondary,,,lightgbm_qlike,4,True,SECONDARY,,,,,,,,0,median,NO VERIFICABLE,window_empty_30m,insufficient finite sessions
15,confirmation,0,9750,0,0,0,9750,9750,two-sided,,5,9999,20260907,,,B2_over_B1,COMPLETE_COVERAGE,qlike_regime_secondary,,,lightgbm_qlike,4,True,SECONDARY,,,,,,,,0,median,NO VERIFICABLE,window_empty_30m,insufficient finite sessions
15,confirmation,0,9750,0,0,0,9750,9750,two-sided,,5,9999,20260907,,,B1_over_B0,COMPLETE_COVERAGE,qlike_regime_secondary,,,log_ridge_harq,4,True,SECONDARY,,,,,,,,0,trimmed_mean_5pct,NO VERIFICABLE,window_empty_30m,insufficient finite sessions
15,confirmation,0,9750,0,0,0,9750,9750,two-sided,,5,9999,20260907,,,B2_over_B1,COMPLETE_COVERAGE,qlike_regime_secondary,,,log_ridge_harq,4,True,SECONDARY,,,,,,,,0,trimmed_mean_5pct,NO VERIFICABLE,window_empty_30m,insufficient finite sessions
15,confirmation,0,9750,0,0,0,9750,9750,two-sided,,5,9999,20260907,,,B1_over_B0,COMPLETE_COVERAGE,qlike_regime_secondary,,,lightgbm_qlike,4,True,SECONDARY,,,,,,,,0,trimmed_mean_5pct,NO VERIFICABLE,window_empty_30m,insufficient finite sessions
15,confirmation,0,9750,0,0,0,9750,9750,two-sided,,5,9999,20260907,,,B2_over_B1,COMPLETE_COVERAGE,qlike_regime_secondary,,,lightgbm_qlike,4,True,SECONDARY,,,,,,,,0,trimmed_mean_5pct,NO VERIFICABLE,window_empty_30m,insufficient finite sessions
15,confirmation,150,9750,9750,25,0,9750,0,two-sided,0.2390964004319574,5,9999,20260907,0.0028780554487611836,-0.0022086272919664665,B1_over_B0,COMPLETE_COVERAGE,qlike_regime_secondary,0.00041622522194090185,0.23868017521001647,log_ridge_harq,4,False,SECONDARY,two-sided percentile 95%; not inversion of centered-null p,delta = 0,resampled statistic minus observed statistic; +1 correction,7659,1.0,0.766,0.17408259647110502,0,mean,COMPUTED,window_nonempty_5m,
15,confirmation,150,9750,9750,25,0,9750,0,two-sided,0.23868017521001647,5,9999,20260907,0.014742152610369255,-0.0011087291167046942,B2_over_B1,COMPLETE_COVERAGE,qlike_regime_secondary,0.004767313254824691,0.23391286195519181,log_ridge_harq,4,False,SECONDARY,two-sided percentile 95%; not inversion of centered-null p,delta = 0,resampled statistic minus observed statistic; +1 correction,3599,1.0,0.36,1.9973645698181244,0,mean,COMPUTED,window_nonempty_5m,
15,confirmation,150,9750,9750,25,0,9750,0,two-sided,0.23658006676968593,5,9999,20260907,0.01680713671969026,0.001644364167826952,B1_over_B0,COMPLETE_COVERAGE,qlike_regime_secondary,0.007482146159045653,0.22909792061064024,lightgbm_qlike,4,False,SECONDARY,two-sided percentile 95%; not inversion of centered-null p,delta = 0,resampled statistic minus observed statistic; +1 correction,567,0.2272,0.0568,3.162627461057245,0,mean,COMPUTED,window_nonempty_5m,
15,confirmation,150,9750,9750,25,0,9750,0,two-sided,0.22909792061064024,5,9999,20260907,0.0021952091469455196,-0.00907196547290959,B2_over_B1,COMPLETE_COVERAGE,qlike_regime_secondary,-0.0022724768497439274,0.2313703974603842,lightgbm_qlike,4,False,SECONDARY,two-sided percentile 95%; not inversion of centered-null p,delta = 0,resampled statistic minus observed statistic; +1 correction,5322,1.0,0.5323,-0.9919238217819006,0,mean,COMPUTED,window_nonempty_5m,
15,confirmation,150,9750,9750,25,0,9750,0,two-sided,0.2390964004319574,5,9999,20260907,0.001676851767585058,-0.0007103292434489927,B1_over_B0,COMPLETE_COVERAGE,qlike_regime_secondary,0.0006838061826980601,0.23868017521001647,log_ridge_harq,4,False,SECONDARY,two-sided percentile 95%; not inversion of centered-null p,delta = 0,resampled statistic minus observed statistic; +1 correction,5164,0.7614,0.5165,0.17408259647110502,0,median,COMPUTED,window_nonempty_5m,
15,confirmation,150,9750,9750,25,0,9750,0,two-sided,0.23868017521001647,5,9999,20260907,0.002502196062741144,-0.0011059622160617122,B2_over_B1,COMPLETE_COVERAGE,qlike_regime_secondary,0.0010321515921699609,0.23391286195519181,log_ridge_harq,4,False,SECONDARY,two-sided percentile 95%; not inversion of centered-null p,delta = 0,resampled statistic minus observed statistic; +1 correction,2015,0.6048,0.2016,1.9973645698181244,0,median,COMPUTED,window_nonempty_5m,
15,confirmation,150,9750,9750,25,0,9750,0,two-sided,0.23658006676968593,5,9999,20260907,0.005131854173169581,0.00028117749172754114,B1_over_B0,COMPLETE_COVERAGE,qlike_regime_secondary,0.003086842316862959,0.22909792061064024,lightgbm_qlike,4,False,SECONDARY,two-sided percentile 95%; not inversion of centered-null p,delta = 0,resampled statistic minus observed statistic; +1 correction,78,0.0316,0.0079,3.162627461057245,0,median,COMPUTED,window_nonempty_5m,
15,confirmation,150,9750,9750,25,0,9750,0,two-sided,0.22909792061064024,5,9999,20260907,0.0007626478566932215,-0.0016001401701466744,B2_over_B1,COMPLETE_COVERAGE,qlike_regime_secondary,-0.001089332984912622,0.2313703974603842,lightgbm_qlike,4,False,SECONDARY,two-sided percentile 95%; not inversion of centered-null p,delta = 0,resampled statistic minus observed statistic; +1 correction,3806,0.7614,0.3807,-0.9919238217819006,0,median,COMPUTED,window_nonempty_5m,
15,confirmation,150,9750,9750,25,0,9750,0,two-sided,0.2390964004319574,5,9999,20260907,0.003038666119337933,-0.0017065834607405226,B1_over_B0,COMPLETE_COVERAGE,qlike_regime_secondary,0.0010286997035935887,0.23868017521001647,log_ridge_harq,4,False,SECONDARY,two-sided percentile 95%; not inversion of centered-null p,delta = 0,resampled statistic minus observed statistic; +1 correction,3935,1.0,0.3936,0.17408259647110502,1,trimmed_mean_5pct,COMPUTED,window_nonempty_5m,
15,confirmation,150,9750,9750,25,0,9750,0,two-sided,0.23868017521001647,5,9999,20260907,0.011340791716878802,-0.0008380104279293421,B2_over_B1,COMPLETE_COVERAGE,qlike_regime_secondary,0.0008015436509276095,0.23391286195519181,log_ridge_harq,4,False,SECONDARY,two-sided percentile 95%; not inversion of centered-null p,delta = 0,resampled statistic minus observed statistic; +1 correction,4785,1.0,0.4786,1.9973645698181244,1,trimmed_mean_5pct,COMPUTED,window_nonempty_5m,
15,confirmation,150,9750,9750,25,0,9750,0,two-sided,0.23658006676968593,5,9999,20260907,0.013515385983526628,0.001445264169664332,B1_over_B0,COMPLETE_COVERAGE,qlike_regime_secondary,0.0034853065218016037,0.22909792061064024,lightgbm_qlike,4,False,SECONDARY,two-sided percentile 95%; not inversion of centered-null p,delta = 0,resampled statistic minus observed statistic; +1 correction,2516,1.0,0.2517,3.162627461057245,1,trimmed_mean_5pct,COMPUTED,window_nonempty_5m,
15,confirmation,150,9750,9750,25,0,9750,0,two-sided,0.22909792061064024,5,9999,20260907,0.0016647050204552777,-0.00708815764663216,B2_over_B1,COMPLETE_COVERAGE,qlike_regime_secondary,-0.00022018762281436743,0.2313703974603842,lightgbm_qlike,4,False,SECONDARY,two-sided percentile 95%; not inversion of centered-null p,delta = 0,resampled statistic minus observed statistic; +1 correction,8189,1.0,0.819,-0.9919238217819006,1,trimmed_mean_5pct,COMPUTED,window_nonempty_5m,
15,confirmation,150,9750,9750,25,0,9750,0,two-sided,0.2390964004319574,5,9999,20260907,0.0028780554487611836,-0.0022086272919664665,B1_over_B0,COMPLETE_COVERAGE,qlike_regime_secondary,0.00041622522194090185,0.23868017521001647,log_ridge_harq,4,False,SECONDARY,two-sided percentile 95%; not inversion of centered-null p,delta = 0,resampled statistic minus observed statistic; +1 correction,7659,1.0,0.766,0.17408259647110502,0,mean,COMPUTED,window_nonempty_30m,
15,confirmation,150,9750,9750,25,0,9750,0,two-sided,0.23868017521001647,5,9999,20260907,0.014742152610369255,-0.0011087291167046942,B2_over_B1,COMPLETE_COVERAGE,qlike_regime_secondary,0.004767313254824691,0.23391286195519181,log_ridge_harq,4,False,SECONDARY,two-sided percentile 95%; not inversion of centered-null p,delta = 0,resampled statistic minus observed statistic; +1 correction,3599,1.0,0.36,1.9973645698181244,0,mean,COMPUTED,window_nonempty_30m,
15,confirmation,150,9750,9750,25,0,9750,0,two-sided,0.23658006676968593,5,9999,20260907,0.01680713671969026,0.001644364167826952,B1_over_B0,COMPLETE_COVERAGE,qlike_regime_secondary,0.007482146159045653,0.22909792061064024,lightgbm_qlike,4,False,SECONDARY,two-sided percentile 95%; not inversion of centered-null p,delta = 0,resampled statistic minus observed statistic; +1 correction,567,0.2272,0.0568,3.162627461057245,0,mean,COMPUTED,window_nonempty_30m,
15,confirmation,150,9750,9750,25,0,9750,0,two-sided,0.22909792061064024,5,9999,20260907,0.0021952091469455196,-0.00907196547290959,B2_over_B1,COMPLETE_COVERAGE,qlike_regime_secondary,-0.0022724768497439274,0.2313703974603842,lightgbm_qlike,4,False,SECONDARY,two-sided percentile 95%; not inversion of centered-null p,delta = 0,resampled statistic minus observed statistic; +1 correction,5322,1.0,0.5323,-0.9919238217819006,0,mean,COMPUTED,window_nonempty_30m,
15,confirmation,150,9750,9750,25,0,9750,0,two-sided,0.2390964004319574,5,9999,20260907,0.001676851767585058,-0.0007103292434489927,B1_over_B0,COMPLETE_COVERAGE,qlike_regime_secondary,0.0006838061826980601,0.23868017521001647,log_ridge_harq,4,False,SECONDARY,two-sided percentile 95%; not inversion of centered-null p,delta = 0,resampled statistic minus observed statistic; +1 correction,5164,0.7614,0.5165,0.17408259647110502,0,median,COMPUTED,window_nonempty_30m,
15,confirmation,150,9750,9750,25,0,9750,0,two-sided,0.23868017521001647,5,9999,20260907,0.002502196062741144,-0.0011059622160617122,B2_over_B1,COMPLETE_COVERAGE,qlike_regime_secondary,0.0010321515921699609,0.23391286195519181,log_ridge_harq,4,False,SECONDARY,two-sided percentile 95%; not inversion of centered-null p,delta = 0,resampled statistic minus observed statistic; +1 correction,2015,0.6048,0.2016,1.9973645698181244,0,median,COMPUTED,window_nonempty_30m,
15,confirmation,150,9750,9750,25,0,9750,0,two-sided,0.23658006676968593,5,9999,20260907,0.005131854173169581,0.00028117749172754114,B1_over_B0,COMPLETE_COVERAGE,qlike_regime_secondary,0.003086842316862959,0.22909792061064024,lightgbm_qlike,4,False,SECONDARY,two-sided percentile 95%; not inversion of centered-null p,delta = 0,resampled statistic minus observed statistic; +1 correction,78,0.0316,0.0079,3.162627461057245,0,median,COMPUTED,window_nonempty_30m,
15,confirmation,150,9750,9750,25,0,9750,0,two-sided,0.22909792061064024,5,9999,20260907,0.0007626478566932215,-0.0016001401701466744,B2_over_B1,COMPLETE_COVERAGE,qlike_regime_secondary,-0.001089332984912622,0.2313703974603842,lightgbm_qlike,4,False,SECONDARY,two-sided percentile 95%; not inversion of centered-null p,delta = 0,resampled statistic minus observed statistic; +1 correction,3806,0.7614,0.3807,-0.9919238217819006,0,median,COMPUTED,window_nonempty_30m,
15,confirmation,150,9750,9750,25,0,9750,0,two-sided,0.2390964004319574,5,9999,20260907,0.003038666119337933,-0.0017065834607405226,B1_over_B0,COMPLETE_COVERAGE,qlike_regime_secondary,0.0010286997035935887,0.23868017521001647,log_ridge_harq,4,False,SECONDARY,two-sided percentile 95%; not inversion of centered-null p,delta = 0,resampled statistic minus observed statistic; +1 correction,3935,1.0,0.3936,0.17408259647110502,1,trimmed_mean_5pct,COMPUTED,window_nonempty_30m,
15,confirmation,150,9750,9750,25,0,9750,0,two-sided,0.23868017521001647,5,9999,20260907,0.011340791716878802,-0.0008380104279293421,B2_over_B1,COMPLETE_COVERAGE,qlike_regime_secondary,0.0008015436509276095,0.23391286195519181,log_ridge_harq,4,False,SECONDARY,two-sided percentile 95%; not inversion of centered-null p,delta = 0,resampled statistic minus observed statistic; +1 correction,4785,1.0,0.4786,1.9973645698181244,1,trimmed_mean_5pct,COMPUTED,window_nonempty_30m,
15,confirmation,150,9750,9750,25,0,9750,0,two-sided,0.23658006676968593,5,9999,20260907,0.013515385983526628,0.001445264169664332,B1_over_B0,COMPLETE_COVERAGE,qlike_regime_secondary,0.0034853065218016037,0.22909792061064024,lightgbm_qlike,4,False,SECONDARY,two-sided percentile 95%; not inversion of centered-null p,delta = 0,resampled statistic minus observed statistic; +1 correction,2516,1.0,0.2517,3.162627461057245,1,trimmed_mean_5pct,COMPUTED,window_nonempty_30m,
15,confirmation,150,9750,9750,25,0,9750,0,two-sided,0.22909792061064024,5,9999,20260907,0.0016647050204552777,-0.00708815764663216,B2_over_B1,COMPLETE_COVERAGE,qlike_regime_secondary,-0.00022018762281436743,0.2313703974603842,lightgbm_qlike,4,False,SECONDARY,two-sided percentile 95%; not inversion of centered-null p,delta = 0,resampled statistic minus observed statistic; +1 correction,8189,1.0,0.819,-0.9919238217819006,1,trimmed_mean_5pct,COMPUTED,window_nonempty_30m,
15,confirmation,25,9750,1625,25,0,9750,8125,two-sided,0.17746651351145556,5,9999,20260907,0.005876475351986799,0.0008238719792061813,B1_over_B0,COMPLETE_COVERAGE,qlike_regime_secondary,0.003384080195595421,0.1740824333158601,log_ridge_harq,4,False,SECONDARY,two-sided percentile 95%; not inversion of centered-null p,delta = 0,resampled statistic minus observed statistic; +1 correction,70,0.0284,0.0071,1.9068837994481573,0,mean,COMPUTED,asset_AAPL,
15,confirmation,25,9750,1625,25,0,9750,8125,two-sided,0.1740824333158601,5,9999,20260907,0.003032543431460512,-0.0017482822833574418,B2_over_B1,COMPLETE_COVERAGE,qlike_regime_secondary,0.0006618241644948358,0.1734206091513653,log_ridge_harq,4,False,SECONDARY,two-sided percentile 95%; not inversion of centered-null p,delta = 0,resampled statistic minus observed statistic; +1 correction,5973,1.0,0.5974,0.38017860383075147,0,mean,COMPUTED,asset_AAPL,
15,confirmation,25,9750,1625,25,0,9750,8125,two-sided,0.18474105990932776,5,9999,20260907,0.00740203032783135,-0.0011702423540148174,B1_over_B0,COMPLETE_COVERAGE,qlike_regime_secondary,0.0028838552280452995,0.18185720468128244,lightgbm_qlike,4,False,SECONDARY,two-sided percentile 95%; not inversion of centered-null p,delta = 0,resampled statistic minus observed statistic; +1 correction,1987,0.5964,0.1988,1.5610255941265663,0,mean,COMPUTED,asset_AAPL,
15,confirmation,25,9750,1625,25,0,9750,8125,two-sided,0.18185720468128244,5,9999,20260907,0.005564578511541308,-0.007093587935099169,B2_over_B1,COMPLETE_COVERAGE,qlike_regime_secondary,-0.0010784152349104209,0.18293561991619292,lightgbm_qlike,4,False,SECONDARY,two-sided percentile 95%; not inversion of centered-null p,delta = 0,resampled statistic minus observed statistic; +1 correction,7443,1.0,0.7444,-0.5930011058953752,0,mean,COMPUTED,asset_AAPL,
15,confirmation,25,9750,1625,25,0,9750,8125,two-sided,0.17746651351145556,5,9999,20260907,0.005373979103283466,0.0002452643973235302,B1_over_B0,COMPLETE_COVERAGE,qlike_regime_secondary,0.0029473760863381604,0.1740824333158601,log_ridge_harq,4,False,SECONDARY,two-sided percentile 95%; not inversion of centered-null p,delta = 0,resampled statistic minus observed statistic; +1 correction,66,0.0268,0.0067,1.9068837994481573,0,median,COMPUTED,asset_AAPL,
15,confirmation,25,9750,1625,25,0,9750,8125,two-sided,0.1740824333158601,5,9999,20260907,0.002137387595595619,-0.0023613908184125787,B2_over_B1,COMPLETE_COVERAGE,qlike_regime_secondary,-0.00031572970812546175,0.1734206091513653,log_ridge_harq,4,False,SECONDARY,two-sided percentile 95%; not inversion of centered-null p,delta = 0,resampled statistic minus observed statistic; +1 correction,8724,1.0,0.8725,0.38017860383075147,0,median,COMPUTED,asset_AAPL,
15,confirmation,25,9750,1625,25,0,9750,8125,two-sided,0.18474105990932776,5,9999,20260907,0.010089596560301978,-0.001788587822842802,B1_over_B0,COMPLETE_COVERAGE,qlike_regime_secondary,0.0011015274774907602,0.18185720468128244,lightgbm_qlike,4,False,SECONDARY,two-sided percentile 95%; not inversion of centered-null p,delta = 0,resampled statistic minus observed statistic; +1 correction,7115,1.0,0.7116,1.5610255941265663,0,median,COMPUTED,asset_AAPL,
15,confirmation,25,9750,1625,25,0,9750,8125,two-sided,0.18185720468128244,5,9999,20260907,0.0009015136311054106,-0.005538369986177127,B2_over_B1,COMPLETE_COVERAGE,qlike_regime_secondary,-0.0006317776427481325,0.18293561991619292,lightgbm_qlike,4,False,SECONDARY,two-sided percentile 95%; not inversion of centered-null p,delta = 0,resampled statistic minus observed statistic; +1 correction,5766,1.0,0.5767,-0.5930011058953752,0,median,COMPUTED,asset_AAPL,
15,confirmation,25,9750,1625,25,0,9750,8125,two-sided,0.17746651351145556,5,9999,20260907,0.005781944519525188,0.0008294819325165745,B1_over_B0,COMPLETE_COVERAGE,qlike_regime_secondary,0.0033606881249408807,0.1740824333158601,log_ridge_harq,4,False,SECONDARY,two-sided percentile 95%; not inversion of centered-null p,delta = 0,resampled statistic minus observed statistic; +1 correction,55,0.0224,0.0056,1.9068837994481573,1,trimmed_mean_5pct,COMPUTED,asset_AAPL,
15,confirmation,25,9750,1625,25,0,9750,8125,two-sided,0.1740824333158601,5,9999,20260907,0.0029352924448214574,-0.0019423522549901857,B2_over_B1,COMPLETE_COVERAGE,qlike_regime_secondary,0.00040699949816204933,0.1734206091513653,log_ridge_harq,4,False,SECONDARY,two-sided percentile 95%; not inversion of centered-null p,delta = 0,resampled statistic minus observed statistic; +1 correction,7549,0.755,0.755,0.38017860383075147,1,trimmed_mean_5pct,COMPUTED,asset_AAPL,
15,confirmation,25,9750,1625,25,0,9750,8125,two-sided,0.18474105990932776,5,9999,20260907,0.008008738711572433,-0.0012035711843565511,B1_over_B0,COMPLETE_COVERAGE,qlike_regime_secondary,0.0031832632470070966,0.18185720468128244,lightgbm_qlike,4,False,SECONDARY,two-sided percentile 95%; not inversion of centered-null p,delta = 0,resampled statistic minus observed statistic; +1 correction,1872,0.5619,0.1873,1.5610255941265663,1,trimmed_mean_5pct,COMPUTED,asset_AAPL,
15,confirmation,25,9750,1625,25,0,9750,8125,two-sided,0.18185720468128244,5,9999,20260907,0.004455697880567067,-0.007072809356255034,B2_over_B1,COMPLETE_COVERAGE,qlike_regime_secondary,-0.0024121804877274985,0.18293561991619292,lightgbm_qlike,4,False,SECONDARY,two-sided percentile 95%; not inversion of centered-null p,delta = 0,resampled statistic minus observed statistic; +1 correction,3709,0.742,0.371,-0.5930011058953752,1,trimmed_mean_5pct,COMPUTED,asset_AAPL,
15,confirmation,25,9750,1625,25,0,9750,8125,two-sided,0.5127589486578441,5,9999,20260907,0.004120738544354647,-0.0051501283595953035,B1_over_B0,COMPLETE_COVERAGE,qlike_regime_secondary,-0.0002948612018958485,0.5130538098597399,log_ridge_harq,4,False,SECONDARY,two-sided percentile 95%; not inversion of centered-null p,delta = 0,resampled statistic minus observed statistic; +1 correction,9000,1.0,0.9001,-0.05750483783221201,0,mean,COMPUTED,asset_AMZN,
15,confirmation,25,9750,1625,25,0,9750,8125,two-sided,0.5130538098597399,5,9999,20260907,0.08747056933335695,-0.0021083576520560476,B2_over_B1,COMPLETE_COVERAGE,qlike_regime_secondary,0.028259866291791634,0.4847939435679482,log_ridge_harq,4,False,SECONDARY,two-sided percentile 95%; not inversion of centered-null p,delta = 0,resampled statistic minus observed statistic; +1 correction,5805,1.0,0.5806,5.508168100246131,0,mean,COMPUTED,asset_AMZN,
15,confirmation,25,9750,1625,25,0,9750,8125,two-sided,0.502945966470171,5,9999,20260907,0.0874489329888842,0.00472538488237496,B1_over_B0,COMPLETE_COVERAGE,qlike_regime_secondary,0.03435041735224833,0.46859554911792256,lightgbm_qlike,4,False,SECONDARY,two-sided percentile 95%; not inversion of centered-null p,delta = 0,resampled statistic minus observed statistic; +1 correction,568,0.2276,0.0569,6.829842496467383,0,mean,COMPUTED,asset_AMZN,
15,confirmation,25,9750,1625,25,0,9750,8125,two-sided,0.46859554911792256,5,9999,20260907,0.0012403588287038122,-0.05139661557593831,B2_over_B1,COMPLETE_COVERAGE,qlike_regime_secondary,-0.016872007362637245,0.48546755648055995,lightgbm_qlike,4,False,SECONDARY,two-sided percentile 95%; not inversion of centered-null p,delta = 0,resampled statistic minus observed statistic; +1 correction,4126,1.0,0.4127,-3.6005479340119355,0,mean,COMPUTED,asset_AMZN,
15,confirmation,25,9750,1625,25,0,9750,8125,two-sided,0.5127589486578441,5,9999,20260907,0.003761177970865781,-0.0016967100737266677,B1_over_B0,COMPLETE_COVERAGE,qlike_regime_secondary,0.0015408324292259384,0.5130538098597399,log_ridge_harq,4,False,SECONDARY,two-sided percentile 95%; not inversion of centered-null p,delta = 0,resampled statistic minus observed statistic; +1 correction,1686,0.5061,0.1687,-0.05750483783221201,0,median,COMPUTED,asset_AMZN,
15,confirmation,25,9750,1625,25,0,9750,8125,two-sided,0.5130538098597399,5,9999,20260907,0.0015249276176488302,-0.0036484646702300005,B2_over_B1,COMPLETE_COVERAGE,qlike_regime_secondary,-0.0022534072748819356,0.4847939435679482,log_ridge_harq,4,False,SECONDARY,two-sided percentile 95%; not inversion of centered-null p,delta = 0,resampled statistic minus observed statistic; +1 correction,4242,0.8282,0.4243,5.508168100246131,0,median,COMPUTED,asset_AMZN,
15,confirmation,25,9750,1625,25,0,9750,8125,two-sided,0.502945966470171,5,9999,20260907,0.007809860904423399,0.001922263832887979,B1_over_B0,COMPLETE_COVERAGE,qlike_regime_secondary,0.005220454748308623,0.46859554911792256,lightgbm_qlike,4,False,SECONDARY,two-sided percentile 95%; not inversion of centered-null p,delta = 0,resampled statistic minus observed statistic; +1 correction,130,0.0524,0.0131,6.829842496467383,0,median,COMPUTED,asset_AMZN,
15,confirmation,25,9750,1625,25,0,9750,8125,two-sided,0.46859554911792256,5,9999,20260907,0.0024434563326368175,-0.003100587830852722,B2_over_B1,COMPLETE_COVERAGE,qlike_regime_secondary,-0.0012160487793669572,0.48546755648055995,lightgbm_qlike,4,False,SECONDARY,two-sided percentile 95%; not inversion of centered-null p,delta = 0,resampled statistic minus observed statistic; +1 correction,4140,0.8282,0.4141,-3.6005479340119355,0,median,COMPUTED,asset_AMZN,
15,confirmation,25,9750,1625,25,0,9750,8125,two-sided,0.5127589486578441,5,9999,20260907,0.004383749565706357,-0.003920008783466366,B1_over_B0,COMPLETE_COVERAGE,qlike_regime_secondary,0.001215833739838574,0.5130538098597399,log_ridge_harq,4,False,SECONDARY,two-sided percentile 95%; not inversion of centered-null p,delta = 0,resampled statistic minus observed statistic; +1 correction,5171,1.0,0.5172,-0.05750483783221201,1,trimmed_mean_5pct,COMPUTED,asset_AMZN,
15,confirmation,25,9750,1625,25,0,9750,8125,two-sided,0.5130538098597399,5,9999,20260907,0.06343330235235956,-0.0022619846718798494,B2_over_B1,COMPLETE_COVERAGE,qlike_regime_secondary,-0.0008678151158159118,0.4847939435679482,log_ridge_harq,4,False,SECONDARY,two-sided percentile 95%; not inversion of centered-null p,delta = 0,resampled statistic minus observed statistic; +1 correction,4223,1.0,0.4224,5.508168100246131,1,trimmed_mean_5pct,COMPUTED,asset_AMZN,
15,confirmation,25,9750,1625,25,0,9750,8125,two-sided,0.502945966470171,5,9999,20260907,0.06587078258864058,0.0034266287567817624,B1_over_B0,COMPLETE_COVERAGE,qlike_regime_secondary,0.008196827453872235,0.46859554911792256,lightgbm_qlike,4,False,SECONDARY,two-sided percentile 95%; not inversion of centered-null p,delta = 0,resampled statistic minus observed statistic; +1 correction,2652,1.0,0.2653,6.829842496467383,1,trimmed_mean_5pct,COMPUTED,asset_AMZN,
15,confirmation,25,9750,1625,25,0,9750,8125,two-sided,0.46859554911792256,5,9999,20260907,0.001271159581856849,-0.03801179844297644,B2_over_B1,COMPLETE_COVERAGE,qlike_regime_secondary,-0.0005158563245339676,0.48546755648055995,lightgbm_qlike,4,False,SECONDARY,two-sided percentile 95%; not inversion of centered-null p,delta = 0,resampled statistic minus observed statistic; +1 correction,6619,1.0,0.662,-3.6005479340119355,1,trimmed_mean_5pct,COMPUTED,asset_AMZN,
15,confirmation,25,9750,1625,25,0,9750,8125,two-sided,0.18297945400749385,5,9999,20260907,0.0026879474350651935,-0.0012983628659585219,B1_over_B0,COMPLETE_COVERAGE,qlike_regime_secondary,0.0007732966411045805,0.18220615736638926,log_ridge_harq,4,False,SECONDARY,two-sided percentile 95%; not inversion of centered-null p,delta = 0,resampled statistic minus observed statistic; +1 correction,4667,1.0,0.4668,0.42261391875882987,0,mean,COMPUTED,asset_META,
15,confirmation,25,9750,1625,25,0,9750,8125,two-sided,0.18220615736638926,5,9999,20260907,0.004362681935716324,-0.0021507603153113927,B2_over_B1,COMPLETE_COVERAGE,qlike_regime_secondary,0.0012136907364720616,0.18099246662991722,log_ridge_harq,4,False,SECONDARY,two-sided percentile 95%; not inversion of centered-null p,delta = 0,resampled statistic minus observed statistic; +1 correction,4792,1.0,0.4793,0.6661085190614671,0,mean,COMPUTED,asset_META,
15,confirmation,25,9750,1625,25,0,9750,8125,two-sided,0.1794574961596366,5,9999,20260907,0.003978371980627473,-0.003271501112768788,B1_over_B0,COMPLETE_COVERAGE,qlike_regime_secondary,0.000683667896160437,0.17877382826347613,lightgbm_qlike,4,False,SECONDARY,two-sided percentile 95%; not inversion of centered-null p,delta = 0,resampled statistic minus observed statistic; +1 correction,7227,1.0,0.7228,0.380963688221906,0,mean,COMPUTED,asset_META,
15,confirmation,25,9750,1625,25,0,9750,8125,two-sided,0.17877382826347613,5,9999,20260907,0.005624587398062885,-0.004648337784960394,B2_over_B1,COMPLETE_COVERAGE,qlike_regime_secondary,0.000282330131521904,0.17849149813195425,lightgbm_qlike,4,False,SECONDARY,two-sided percentile 95%; not inversion of centered-null p,delta = 0,resampled statistic minus observed statistic; +1 correction,9146,1.0,0.9147,0.1579258744215104,0,mean,COMPUTED,asset_META,
15,confirmation,25,9750,1625,25,0,9750,8125,two-sided,0.18297945400749385,5,9999,20260907,0.0026760239368441574,-0.0011246492555378462,B1_over_B0,COMPLETE_COVERAGE,qlike_regime_secondary,0.00023653801645465156,0.18220615736638926,log_ridge_harq,4,False,SECONDARY,two-sided percentile 95%; not inversion of centered-null p,delta = 0,resampled statistic minus observed statistic; +1 correction,8201,1.0,0.8202,0.42261391875882987,0,median,COMPUTED,asset_META,
15,confirmation,25,9750,1625,25,0,9750,8125,two-sided,0.18220615736638926,5,9999,20260907,0.0068220327293251615,0.0004302065120187215,B2_over_B1,COMPLETE_COVERAGE,qlike_regime_secondary,0.002857501407041052,0.18099246662991722,log_ridge_harq,4,False,SECONDARY,two-sided percentile 95%; not inversion of centered-null p,delta = 0,resampled statistic minus observed statistic; +1 correction,1306,0.5228,0.1307,0.6661085190614671,0,median,COMPUTED,asset_META,
15,confirmation,25,9750,1625,25,0,9750,8125,two-sided,0.1794574961596366,5,9999,20260907,0.005818807721752278,-0.0030604937375276753,B1_over_B0,COMPLETE_COVERAGE,qlike_regime_secondary,-0.0014042477794124208,0.17877382826347613,lightgbm_qlike,4,False,SECONDARY,two-sided percentile 95%; not inversion of centered-null p,delta = 0,resampled statistic minus observed statistic; +1 correction,5791,1.0,0.5792,0.380963688221906,0,median,COMPUTED,asset_META,
15,confirmation,25,9750,1625,25,0,9750,8125,two-sided,0.17877382826347613,5,9999,20260907,0.004928792874750038,-0.003580092220492881,B2_over_B1,COMPLETE_COVERAGE,qlike_regime_secondary,-0.00113329493327749,0.17849149813195425,lightgbm_qlike,4,False,SECONDARY,two-sided percentile 95%; not inversion of centered-null p,delta = 0,resampled statistic minus observed statistic; +1 correction,3521,1.0,0.3522,0.1579258744215104,0,median,COMPUTED,asset_META,
15,confirmation,25,9750,1625,25,0,9750,8125,two-sided,0.18297945400749385,5,9999,20260907,0.002499575515117222,-0.001452817236623732,B1_over_B0,COMPLETE_COVERAGE,qlike_regime_secondary,0.0005608932534794869,0.18220615736638926,log_ridge_harq,4,False,SECONDARY,two-sided percentile 95%; not inversion of centered-null p,delta = 0,resampled statistic minus observed statistic; +1 correction,5794,1.0,0.5795,0.42261391875882987,1,trimmed_mean_5pct,COMPUTED,asset_META,
15,confirmation,25,9750,1625,25,0,9750,8125,two-sided,0.18220615736638926,5,9999,20260907,0.004950397068679413,-0.0014363994928033002,B2_over_B1,COMPLETE_COVERAGE,qlike_regime_secondary,0.0021719460639888885,0.18099246662991722,log_ridge_harq,4,False,SECONDARY,two-sided percentile 95%; not inversion of centered-null p,delta = 0,resampled statistic minus observed statistic; +1 correction,1970,0.7884,0.1971,0.6661085190614671,1,trimmed_mean_5pct,COMPUTED,asset_META,
15,confirmation,25,9750,1625,25,0,9750,8125,two-sided,0.1794574961596366,5,9999,20260907,0.004072244403904708,-0.003328072827923012,B1_over_B0,COMPLETE_COVERAGE,qlike_regime_secondary,0.0008559256560522851,0.17877382826347613,lightgbm_qlike,4,False,SECONDARY,two-sided percentile 95%; not inversion of centered-null p,delta = 0,resampled statistic minus observed statistic; +1 correction,6431,1.0,0.6432,0.380963688221906,1,trimmed_mean_5pct,COMPUTED,asset_META,
15,confirmation,25,9750,1625,25,0,9750,8125,two-sided,0.17877382826347613,5,9999,20260907,0.006308224836744437,-0.0045946247957873425,B2_over_B1,COMPLETE_COVERAGE,qlike_regime_secondary,0.0005855642646038471,0.17849149813195425,lightgbm_qlike,4,False,SECONDARY,two-sided percentile 95%; not inversion of centered-null p,delta = 0,resampled statistic minus observed statistic; +1 correction,8291,1.0,0.8292,0.1579258744215104,1,trimmed_mean_5pct,COMPUTED,asset_META,
15,confirmation,25,9750,1625,25,0,9750,8125,two-sided,0.17895811371062734,5,9999,20260907,0.004215572867219133,0.0009751145277572699,B1_over_B0,COMPLETE_COVERAGE,qlike_regime_secondary,0.002744860901108005,0.17621325280951936,log_ridge_harq,4,False,SECONDARY,two-sided percentile 95%; not inversion of centered-null p,delta = 0,resampled statistic minus observed statistic; +1 correction,20,0.0084,0.0021,1.5338007560508853,0,mean,COMPUTED,asset_MSFT,
15,confirmation,25,9750,1625,25,0,9750,8125,two-sided,0.17621325280951936,5,9999,20260907,0.006227571140120669,0.0006189536440900382,B2_over_B1,COMPLETE_COVERAGE,qlike_regime_secondary,0.0034335084610011947,0.17277974434851814,log_ridge_harq,4,False,SECONDARY,two-sided percentile 95%; not inversion of centered-null p,delta = 0,resampled statistic minus observed statistic; +1 correction,156,0.047099999999999996,0.0157,1.9484961580686002,0,mean,COMPUTED,asset_MSFT,
15,confirmation,25,9750,1625,25,0,9750,8125,two-sided,0.18155296967877788,5,9999,20260907,0.0058828999418903535,-0.004006940520132897,B1_over_B0,COMPLETE_COVERAGE,qlike_regime_secondary,0.0007234516388946622,0.18082951803988323,lightgbm_qlike,4,False,SECONDARY,two-sided percentile 95%; not inversion of centered-null p,delta = 0,resampled statistic minus observed statistic; +1 correction,7863,1.0,0.7864,0.3984796504153399,0,mean,COMPUTED,asset_MSFT,
15,confirmation,25,9750,1625,25,0,9750,8125,two-sided,0.18082951803988323,5,9999,20260907,0.0055083922603723,-0.0030707695529865403,B2_over_B1,COMPLETE_COVERAGE,qlike_regime_secondary,0.001148858079345475,0.17968065996053773,lightgbm_qlike,4,False,SECONDARY,two-sided percentile 95%; not inversion of centered-null p,delta = 0,resampled statistic minus observed statistic; +1 correction,6091,1.0,0.6092,0.6353266279745801,0,mean,COMPUTED,asset_MSFT,
15,confirmation,25,9750,1625,25,0,9750,8125,two-sided,0.17895811371062734,5,9999,20260907,0.0028198931846199204,-0.0013851884923757884,B1_over_B0,COMPLETE_COVERAGE,qlike_regime_secondary,0.0014608705752417739,0.17621325280951936,log_ridge_harq,4,False,SECONDARY,two-sided percentile 95%; not inversion of centered-null p,delta = 0,resampled statistic minus observed statistic; +1 correction,2081,0.6246,0.2082,1.5338007560508853,0,median,COMPUTED,asset_MSFT,
15,confirmation,25,9750,1625,25,0,9750,8125,two-sided,0.17621325280951936,5,9999,20260907,0.005758593655009775,0.0007166876748590234,B2_over_B1,COMPLETE_COVERAGE,qlike_regime_secondary,0.0048293457249290045,0.17277974434851814,log_ridge_harq,4,False,SECONDARY,two-sided percentile 95%; not inversion of centered-null p,delta = 0,resampled statistic minus observed statistic; +1 correction,0,0.0004,0.0001,1.9484961580686002,0,median,COMPUTED,asset_MSFT,
15,confirmation,25,9750,1625,25,0,9750,8125,two-sided,0.18155296967877788,5,9999,20260907,0.008726829136114028,-0.004204768291266869,B1_over_B0,COMPLETE_COVERAGE,qlike_regime_secondary,0.0014460437986518332,0.18082951803988323,lightgbm_qlike,4,False,SECONDARY,two-sided percentile 95%; not inversion of centered-null p,delta = 0,resampled statistic minus observed statistic; +1 correction,4798,0.9598,0.4799,0.3984796504153399,0,median,COMPUTED,asset_MSFT,
15,confirmation,25,9750,1625,25,0,9750,8125,two-sided,0.18082951803988323,5,9999,20260907,0.00715878704278608,-0.0016731326582028194,B2_over_B1,COMPLETE_COVERAGE,qlike_regime_secondary,0.0010337222381238687,0.17968065996053773,lightgbm_qlike,4,False,SECONDARY,two-sided percentile 95%; not inversion of centered-null p,delta = 0,resampled statistic minus observed statistic; +1 correction,7912,0.9598,0.7913,0.6353266279745801,0,median,COMPUTED,asset_MSFT,
15,confirmation,25,9750,1625,25,0,9750,8125,two-sided,0.17895811371062734,5,9999,20260907,0.00369943145747387,0.0004127108720360744,B1_over_B0,COMPLETE_COVERAGE,qlike_regime_secondary,0.0020142375858425445,0.17621325280951936,log_ridge_harq,4,False,SECONDARY,two-sided percentile 95%; not inversion of centered-null p,delta = 0,resampled statistic minus observed statistic; +1 correction,140,0.0564,0.0141,1.5338007560508853,1,trimmed_mean_5pct,COMPUTED,asset_MSFT,
15,confirmation,25,9750,1625,25,0,9750,8125,two-sided,0.17621325280951936,5,9999,20260907,0.005997775284624771,0.0006058540090761085,B2_over_B1,COMPLETE_COVERAGE,qlike_regime_secondary,0.003124458021966021,0.17277974434851814,log_ridge_harq,4,False,SECONDARY,two-sided percentile 95%; not inversion of centered-null p,delta = 0,resampled statistic minus observed statistic; +1 correction,239,0.07200000000000001,0.024,1.9484961580686002,1,trimmed_mean_5pct,COMPUTED,asset_MSFT,
15,confirmation,25,9750,1625,25,0,9750,8125,two-sided,0.18155296967877788,5,9999,20260907,0.006361282052008521,-0.0030036863394062303,B1_over_B0,COMPLETE_COVERAGE,qlike_regime_secondary,0.0018267134171637376,0.18082951803988323,lightgbm_qlike,4,False,SECONDARY,two-sided percentile 95%; not inversion of centered-null p,delta = 0,resampled statistic minus observed statistic; +1 correction,4564,0.913,0.4565,0.3984796504153399,1,trimmed_mean_5pct,COMPUTED,asset_MSFT,
15,confirmation,25,9750,1625,25,0,9750,8125,two-sided,0.18082951803988323,5,9999,20260907,0.005703095163294316,-0.002771154516928585,B2_over_B1,COMPLETE_COVERAGE,qlike_regime_secondary,0.0014113118467116751,0.17968065996053773,lightgbm_qlike,4,False,SECONDARY,two-sided percentile 95%; not inversion of centered-null p,delta = 0,resampled statistic minus observed statistic; +1 correction,5062,0.913,0.5063,0.6353266279745801,1,trimmed_mean_5pct,COMPUTED,asset_MSFT,
15,confirmation,25,9750,1625,25,0,9750,8125,two-sided,0.1483427095894111,5,9999,20260907,0.002407534461695137,-0.000638431855439177,B1_over_B0,COMPLETE_COVERAGE,qlike_regime_secondary,0.0008966147866596174,0.14744609480275145,log_ridge_harq,4,False,SECONDARY,two-sided percentile 95%; not inversion of centered-null p,delta = 0,resampled statistic minus observed statistic; +1 correction,2540,0.5082,0.2541,0.6044212008404753,0,mean,COMPUTED,asset_NVDA,
15,confirmation,25,9750,1625,25,0,9750,8125,two-sided,0.14744609480275145,5,9999,20260907,0.001473481739637503,-0.001998732768179509,B2_over_B1,COMPLETE_COVERAGE,qlike_regime_secondary,-0.0002674708647931307,0.14771356566754457,log_ridge_harq,4,False,SECONDARY,two-sided percentile 95%; not inversion of centered-null p,delta = 0,resampled statistic minus observed statistic; +1 correction,7664,0.7665,0.7665,-0.18140247468130263,0,mean,COMPUTED,asset_NVDA,
15,confirmation,25,9750,1625,25,0,9750,8125,two-sided,0.14978816549504592,5,9999,20260907,0.005332972271091556,0.0007984266726481169,B1_over_B0,COMPLETE_COVERAGE,qlike_regime_secondary,0.0029490708801960964,0.14683909461484979,lightgbm_qlike,4,False,SECONDARY,two-sided percentile 95%; not inversion of centered-null p,delta = 0,resampled statistic minus observed statistic; +1 correction,78,0.0316,0.0079,1.9688276910592337,0,mean,COMPUTED,asset_NVDA,
15,confirmation,25,9750,1625,25,0,9750,8125,two-sided,0.14683909461484979,5,9999,20260907,0.00044807018093420556,-0.006192949211974619,B2_over_B1,COMPLETE_COVERAGE,qlike_regime_secondary,-0.0028084381774021437,0.14964753279225196,lightgbm_qlike,4,False,SECONDARY,two-sided percentile 95%; not inversion of centered-null p,delta = 0,resampled statistic minus observed statistic; +1 correction,1000,0.3003,0.1001,-1.9125956781254407,0,mean,COMPUTED,asset_NVDA,
15,confirmation,25,9750,1625,25,0,9750,8125,two-sided,0.1483427095894111,5,9999,20260907,0.004213211582594079,-0.0005824942665506871,B1_over_B0,COMPLETE_COVERAGE,qlike_regime_secondary,0.0013354575803929264,0.14744609480275145,log_ridge_harq,4,False,SECONDARY,two-sided percentile 95%; not inversion of centered-null p,delta = 0,resampled statistic minus observed statistic; +1 correction,3551,0.7104,0.3552,0.6044212008404753,0,median,COMPUTED,asset_NVDA,
15,confirmation,25,9750,1625,25,0,9750,8125,two-sided,0.14744609480275145,5,9999,20260907,0.0021010447442321584,-0.0033811479896736635,B2_over_B1,COMPLETE_COVERAGE,qlike_regime_secondary,0.00042721719689528537,0.14771356566754457,log_ridge_harq,4,False,SECONDARY,two-sided percentile 95%; not inversion of centered-null p,delta = 0,resampled statistic minus observed statistic; +1 correction,8203,0.8204,0.8204,-0.18140247468130263,0,median,COMPUTED,asset_NVDA,
15,confirmation,25,9750,1625,25,0,9750,8125,two-sided,0.14978816549504592,5,9999,20260907,0.005520489975610415,0.0009835473122332683,B1_over_B0,COMPLETE_COVERAGE,qlike_regime_secondary,0.0027288472318786894,0.14683909461484979,lightgbm_qlike,4,False,SECONDARY,two-sided percentile 95%; not inversion of centered-null p,delta = 0,resampled statistic minus observed statistic; +1 correction,601,0.238,0.0602,1.9688276910592337,0,median,COMPUTED,asset_NVDA,
15,confirmation,25,9750,1625,25,0,9750,8125,two-sided,0.14683909461484979,5,9999,20260907,0.0013689867685125479,-0.009406264563626615,B2_over_B1,COMPLETE_COVERAGE,qlike_regime_secondary,-0.004138219965060849,0.14964753279225196,lightgbm_qlike,4,False,SECONDARY,two-sided percentile 95%; not inversion of centered-null p,delta = 0,resampled statistic minus observed statistic; +1 correction,594,0.238,0.0595,-1.9125956781254407,0,median,COMPUTED,asset_NVDA,
15,confirmation,25,9750,1625,25,0,9750,8125,two-sided,0.1483427095894111,5,9999,20260907,0.0027002967896946994,-0.0005795117968748197,B1_over_B0,COMPLETE_COVERAGE,qlike_regime_secondary,0.0011158294076101672,0.14744609480275145,log_ridge_harq,4,False,SECONDARY,two-sided percentile 95%; not inversion of centered-null p,delta = 0,resampled statistic minus observed statistic; +1 correction,1878,0.3758,0.1879,0.6044212008404753,1,trimmed_mean_5pct,COMPUTED,asset_NVDA,
15,confirmation,25,9750,1625,25,0,9750,8125,two-sided,0.14744609480275145,5,9999,20260907,0.0016112859548289512,-0.002182431972947822,B2_over_B1,COMPLETE_COVERAGE,qlike_regime_secondary,-0.00030702015638688437,0.14771356566754457,log_ridge_harq,4,False,SECONDARY,two-sided percentile 95%; not inversion of centered-null p,delta = 0,resampled statistic minus observed statistic; +1 correction,7535,0.7536,0.7536,-0.18140247468130263,1,trimmed_mean_5pct,COMPUTED,asset_NVDA,
15,confirmation,25,9750,1625,25,0,9750,8125,two-sided,0.14978816549504592,5,9999,20260907,0.005837095403160858,0.0011430849680213258,B1_over_B0,COMPLETE_COVERAGE,qlike_regime_secondary,0.0036936627323627775,0.14683909461484979,lightgbm_qlike,4,False,SECONDARY,two-sided percentile 95%; not inversion of centered-null p,delta = 0,resampled statistic minus observed statistic; +1 correction,11,0.0048,0.0012,1.9688276910592337,1,trimmed_mean_5pct,COMPUTED,asset_NVDA,
15,confirmation,25,9750,1625,25,0,9750,8125,two-sided,0.14683909461484979,5,9999,20260907,0.00022291285505869076,-0.006676546472664888,B2_over_B1,COMPLETE_COVERAGE,qlike_regime_secondary,-0.0033117838101769845,0.14964753279225196,lightgbm_qlike,4,False,SECONDARY,two-sided percentile 95%; not inversion of centered-null p,delta = 0,resampled statistic minus observed statistic; +1 correction,613,0.1842,0.0614,-1.9125956781254407,1,trimmed_mean_5pct,COMPUTED,asset_NVDA,
15,confirmation,25,9750,1625,25,0,9750,8125,two-sided,0.23407266311491262,5,9999,20260907,0.003941657785336852,-0.01814315989430395,B1_over_B0,COMPLETE_COVERAGE,qlike_regime_secondary,-0.0050066399909262874,0.2390793031058389,log_ridge_harq,4,False,SECONDARY,two-sided percentile 95%; not inversion of centered-null p,delta = 0,resampled statistic minus observed statistic; +1 correction,4695,0.8974,0.4696,-2.1389255474349826,0,mean,COMPUTED,asset_TSLA,
15,confirmation,25,9750,1625,25,0,9750,8125,two-sided,0.2390793031058389,5,9999,20260907,0.0019715779023785074,-0.013891588270061326,B2_over_B1,COMPLETE_COVERAGE,qlike_regime_secondary,-0.0046975392600185385,0.24377684236585742,log_ridge_harq,4,False,SECONDARY,two-sided percentile 95%; not inversion of centered-null p,delta = 0,resampled statistic minus observed statistic; +1 correction,2621,0.7866,0.2622,-1.964845638661983,0,mean,COMPUTED,asset_TSLA,
15,confirmation,25,9750,1625,25,0,9750,8125,two-sided,0.22099474290515622,5,9999,20260907,0.0054270109531671515,0.0010390306336926492,B1_over_B0,COMPLETE_COVERAGE,qlike_regime_secondary,0.003302413958728993,0.21769232894642726,lightgbm_qlike,4,False,SECONDARY,two-sided percentile 95%; not inversion of centered-null p,delta = 0,resampled statistic minus observed statistic; +1 correction,18,0.0076,0.0019,1.4943405057134242,0,mean,COMPUTED,asset_TSLA,
15,confirmation,25,9750,1625,25,0,9750,8125,two-sided,0.21769232894642726,5,9999,20260907,0.01938601682739156,-0.0034442380486069987,B2_over_B1,COMPLETE_COVERAGE,qlike_regime_secondary,0.005692811465618868,0.21199951748080842,lightgbm_qlike,4,False,SECONDARY,two-sided percentile 95%; not inversion of centered-null p,delta = 0,resampled statistic minus observed statistic; +1 correction,4486,0.8974,0.4487,2.6150721493819074,0,mean,COMPUTED,asset_TSLA,
15,confirmation,25,9750,1625,25,0,9750,8125,two-sided,0.23407266311491262,5,9999,20260907,0.0026583020937826496,-0.0011741174642031504,B1_over_B0,COMPLETE_COVERAGE,qlike_regime_secondary,0.0007236865684381866,0.2390793031058389,log_ridge_harq,4,False,SECONDARY,two-sided percentile 95%; not inversion of centered-null p,delta = 0,resampled statistic minus observed statistic; +1 correction,6188,1.0,0.6189,-2.1389255474349826,0,median,COMPUTED,asset_TSLA,
15,confirmation,25,9750,1625,25,0,9750,8125,two-sided,0.2390793031058389,5,9999,20260907,0.004070053725645145,-0.0019029809260676933,B2_over_B1,COMPLETE_COVERAGE,qlike_regime_secondary,-0.00020598217152394127,0.24377684236585742,log_ridge_harq,4,False,SECONDARY,two-sided percentile 95%; not inversion of centered-null p,delta = 0,resampled statistic minus observed statistic; +1 correction,8367,1.0,0.8368,-1.964845638661983,0,median,COMPUTED,asset_TSLA,
15,confirmation,25,9750,1625,25,0,9750,8125,two-sided,0.22099474290515622,5,9999,20260907,0.005647218955473848,0.0010060247010096057,B1_over_B0,COMPLETE_COVERAGE,qlike_regime_secondary,0.0037468896161043375,0.21769232894642726,lightgbm_qlike,4,False,SECONDARY,two-sided percentile 95%; not inversion of centered-null p,delta = 0,resampled statistic minus observed statistic; +1 correction,195,0.0784,0.0196,1.4943405057134242,0,median,COMPUTED,asset_TSLA,
15,confirmation,25,9750,1625,25,0,9750,8125,two-sided,0.21769232894642726,5,9999,20260907,0.004695207669351609,-0.004257386501080054,B2_over_B1,COMPLETE_COVERAGE,qlike_regime_secondary,0.0013487205021379955,0.21199951748080842,lightgbm_qlike,4,False,SECONDARY,two-sided percentile 95%; not inversion of centered-null p,delta = 0,resampled statistic minus observed statistic; +1 correction,4851,1.0,0.4852,2.6150721493819074,0,median,COMPUTED,asset_TSLA,
15,confirmation,25,9750,1625,25,0,9750,8125,two-sided,0.23407266311491262,5,9999,20260907,0.004244977724266686,-0.014212386417739553,B1_over_B0,COMPLETE_COVERAGE,qlike_regime_secondary,1.7522679133321326e-05,0.2390793031058389,log_ridge_harq,4,False,SECONDARY,two-sided percentile 95%; not inversion of centered-null p,delta = 0,resampled statistic minus observed statistic; +1 correction,9956,1.0,0.9957,-2.1389255474349826,1,trimmed_mean_5pct,COMPUTED,asset_TSLA,
15,confirmation,25,9750,1625,25,0,9750,8125,two-sided,0.2390793031058389,5,9999,20260907,0.00235385446950488,-0.010525365088888093,B2_over_B1,COMPLETE_COVERAGE,qlike_regime_secondary,-0.0009912283744440836,0.24377684236585742,log_ridge_harq,4,False,SECONDARY,two-sided percentile 95%; not inversion of centered-null p,delta = 0,resampled statistic minus observed statistic; +1 correction,6167,1.0,0.6168,-1.964845638661983,1,trimmed_mean_5pct,COMPUTED,asset_TSLA,
15,confirmation,25,9750,1625,25,0,9750,8125,two-sided,0.22099474290515622,5,9999,20260907,0.005524286428254214,0.0009757323908284059,B1_over_B0,COMPLETE_COVERAGE,qlike_regime_secondary,0.0032518619580919443,0.21769232894642726,lightgbm_qlike,4,False,SECONDARY,two-sided percentile 95%; not inversion of centered-null p,delta = 0,resampled statistic minus observed statistic; +1 correction,36,0.0148,0.0037,1.4943405057134242,1,trimmed_mean_5pct,COMPUTED,asset_TSLA,
15,confirmation,25,9750,1625,25,0,9750,8125,two-sided,0.21769232894642726,5,9999,20260907,0.015302289269836703,-0.0036035346537714365,B2_over_B1,COMPLETE_COVERAGE,qlike_regime_secondary,0.00043846236932853393,0.21199951748080842,lightgbm_qlike,4,False,SECONDARY,two-sided percentile 95%; not inversion of centered-null p,delta = 0,resampled statistic minus observed statistic; +1 correction,8802,1.0,0.8803,2.6150721493819074,1,trimmed_mean_5pct,COMPUTED,asset_TSLA,
15,confirmation,150,9750,9750,25,0,9750,0,two-sided,0.2390964004319574,5,9999,20260907,0.0028780554487611836,-0.0022086272919664665,B1_over_B0,COMPLETE_COVERAGE,qlike_regime_secondary,0.00041622522194090185,0.23868017521001647,log_ridge_harq,4,False,SECONDARY,two-sided percentile 95%; not inversion of centered-null p,delta = 0,resampled statistic minus observed statistic; +1 correction,7659,1.0,0.766,0.17408259647110502,0,mean,COMPUTED,last30sessions,
15,confirmation,150,9750,9750,25,0,9750,0,two-sided,0.23868017521001647,5,9999,20260907,0.014742152610369255,-0.0011087291167046942,B2_over_B1,COMPLETE_COVERAGE,qlike_regime_secondary,0.004767313254824691,0.23391286195519181,log_ridge_harq,4,False,SECONDARY,two-sided percentile 95%; not inversion of centered-null p,delta = 0,resampled statistic minus observed statistic; +1 correction,3599,1.0,0.36,1.9973645698181244,0,mean,COMPUTED,last30sessions,
15,confirmation,150,9750,9750,25,0,9750,0,two-sided,0.23658006676968593,5,9999,20260907,0.01680713671969026,0.001644364167826952,B1_over_B0,COMPLETE_COVERAGE,qlike_regime_secondary,0.007482146159045653,0.22909792061064024,lightgbm_qlike,4,False,SECONDARY,two-sided percentile 95%; not inversion of centered-null p,delta = 0,resampled statistic minus observed statistic; +1 correction,567,0.2272,0.0568,3.162627461057245,0,mean,COMPUTED,last30sessions,
15,confirmation,150,9750,9750,25,0,9750,0,two-sided,0.22909792061064024,5,9999,20260907,0.0021952091469455196,-0.00907196547290959,B2_over_B1,COMPLETE_COVERAGE,qlike_regime_secondary,-0.0022724768497439274,0.2313703974603842,lightgbm_qlike,4,False,SECONDARY,two-sided percentile 95%; not inversion of centered-null p,delta = 0,resampled statistic minus observed statistic; +1 correction,5322,1.0,0.5323,-0.9919238217819006,0,mean,COMPUTED,last30sessions,
15,confirmation,150,9750,9750,25,0,9750,0,two-sided,0.2390964004319574,5,9999,20260907,0.001676851767585058,-0.0007103292434489927,B1_over_B0,COMPLETE_COVERAGE,qlike_regime_secondary,0.0006838061826980601,0.23868017521001647,log_ridge_harq,4,False,SECONDARY,two-sided percentile 95%; not inversion of centered-null p,delta = 0,resampled statistic minus observed statistic; +1 correction,5164,0.7614,0.5165,0.17408259647110502,0,median,COMPUTED,last30sessions,
15,confirmation,150,9750,9750,25,0,9750,0,two-sided,0.23868017521001647,5,9999,20260907,0.002502196062741144,-0.0011059622160617122,B2_over_B1,COMPLETE_COVERAGE,qlike_regime_secondary,0.0010321515921699609,0.23391286195519181,log_ridge_harq,4,False,SECONDARY,two-sided percentile 95%; not inversion of centered-null p,delta = 0,resampled statistic minus observed statistic; +1 correction,2015,0.6048,0.2016,1.9973645698181244,0,median,COMPUTED,last30sessions,
15,confirmation,150,9750,9750,25,0,9750,0,two-sided,0.23658006676968593,5,9999,20260907,0.005131854173169581,0.00028117749172754114,B1_over_B0,COMPLETE_COVERAGE,qlike_regime_secondary,0.003086842316862959,0.22909792061064024,lightgbm_qlike,4,False,SECONDARY,two-sided percentile 95%; not inversion of centered-null p,delta = 0,resampled statistic minus observed statistic; +1 correction,78,0.0316,0.0079,3.162627461057245,0,median,COMPUTED,last30sessions,
15,confirmation,150,9750,9750,25,0,9750,0,two-sided,0.22909792061064024,5,9999,20260907,0.0007626478566932215,-0.0016001401701466744,B2_over_B1,COMPLETE_COVERAGE,qlike_regime_secondary,-0.001089332984912622,0.2313703974603842,lightgbm_qlike,4,False,SECONDARY,two-sided percentile 95%; not inversion of centered-null p,delta = 0,resampled statistic minus observed statistic; +1 correction,3806,0.7614,0.3807,-0.9919238217819006,0,median,COMPUTED,last30sessions,
15,confirmation,150,9750,9750,25,0,9750,0,two-sided,0.2390964004319574,5,9999,20260907,0.003038666119337933,-0.0017065834607405226,B1_over_B0,COMPLETE_COVERAGE,qlike_regime_secondary,0.0010286997035935887,0.23868017521001647,log_ridge_harq,4,False,SECONDARY,two-sided percentile 95%; not inversion of centered-null p,delta = 0,resampled statistic minus observed statistic; +1 correction,3935,1.0,0.3936,0.17408259647110502,1,trimmed_mean_5pct,COMPUTED,last30sessions,
15,confirmation,150,9750,9750,25,0,9750,0,two-sided,0.23868017521001647,5,9999,20260907,0.011340791716878802,-0.0008380104279293421,B2_over_B1,COMPLETE_COVERAGE,qlike_regime_secondary,0.0008015436509276095,0.23391286195519181,log_ridge_harq,4,False,SECONDARY,two-sided percentile 95%; not inversion of centered-null p,delta = 0,resampled statistic minus observed statistic; +1 correction,4785,1.0,0.4786,1.9973645698181244,1,trimmed_mean_5pct,COMPUTED,last30sessions,
15,confirmation,150,9750,9750,25,0,9750,0,two-sided,0.23658006676968593,5,9999,20260907,0.013515385983526628,0.001445264169664332,B1_over_B0,COMPLETE_COVERAGE,qlike_regime_secondary,0.0034853065218016037,0.22909792061064024,lightgbm_qlike,4,False,SECONDARY,two-sided percentile 95%; not inversion of centered-null p,delta = 0,resampled statistic minus observed statistic; +1 correction,2516,1.0,0.2517,3.162627461057245,1,trimmed_mean_5pct,COMPUTED,last30sessions,
15,confirmation,150,9750,9750,25,0,9750,0,two-sided,0.22909792061064024,5,9999,20260907,0.0016647050204552777,-0.00708815764663216,B2_over_B1,COMPLETE_COVERAGE,qlike_regime_secondary,-0.00022018762281436743,0.2313703974603842,lightgbm_qlike,4,False,SECONDARY,two-sided percentile 95%; not inversion of centered-null p,delta = 0,resampled statistic minus observed statistic; +1 correction,8189,1.0,0.819,-0.9919238217819006,1,trimmed_mean_5pct,COMPUTED,last30sessions,
15,confirmation,48,9750,3120,8,0,9750,6630,two-sided,0.1716050434663261,5,9999,20260907,,,B1_over_B0,COMPLETE_COVERAGE,qlike_regime_secondary,0.003219966800254853,0.16838507666607128,log_ridge_harq,4,True,SECONDARY,,,,,,,1.8763823808515885,0,mean,NO VERIFICABLE,chronological_block_1,insufficient finite sessions
15,confirmation,48,9750,3120,8,0,9750,6630,two-sided,0.16838507666607128,5,9999,20260907,,,B2_over_B1,COMPLETE_COVERAGE,qlike_regime_secondary,0.0005603668228238174,0.16782470984324746,log_ridge_harq,4,True,SECONDARY,,,,,,,0.33278888718570654,0,mean,NO VERIFICABLE,chronological_block_1,insufficient finite sessions
15,confirmation,48,9750,3120,8,0,9750,6630,two-sided,0.16913874759809872,5,9999,20260907,,,B1_over_B0,COMPLETE_COVERAGE,qlike_regime_secondary,0.004107883365523885,0.16503086423257485,lightgbm_qlike,4,True,SECONDARY,,,,,,,2.4287062685865966,0,mean,NO VERIFICABLE,chronological_block_1,insufficient finite sessions
15,confirmation,48,9750,3120,8,0,9750,6630,two-sided,0.16503086423257485,5,9999,20260907,,,B2_over_B1,COMPLETE_COVERAGE,qlike_regime_secondary,-7.252250033220123e-05,0.16510338673290703,lightgbm_qlike,4,True,SECONDARY,,,,,,,-0.043944810365894135,0,mean,NO VERIFICABLE,chronological_block_1,insufficient finite sessions
15,confirmation,48,9750,3120,8,0,9750,6630,two-sided,0.1716050434663261,5,9999,20260907,,,B1_over_B0,COMPLETE_COVERAGE,qlike_regime_secondary,0.0017998728191421232,0.16838507666607128,log_ridge_harq,4,True,SECONDARY,,,,,,,1.8763823808515885,0,median,NO VERIFICABLE,chronological_block_1,insufficient finite sessions
15,confirmation,48,9750,3120,8,0,9750,6630,two-sided,0.16838507666607128,5,9999,20260907,,,B2_over_B1,COMPLETE_COVERAGE,qlike_regime_secondary,-0.0006208086961109749,0.16782470984324746,log_ridge_harq,4,True,SECONDARY,,,,,,,0.33278888718570654,0,median,NO VERIFICABLE,chronological_block_1,insufficient finite sessions
15,confirmation,48,9750,3120,8,0,9750,6630,two-sided,0.16913874759809872,5,9999,20260907,,,B1_over_B0,COMPLETE_COVERAGE,qlike_regime_secondary,0.00451940707119515,0.16503086423257485,lightgbm_qlike,4,True,SECONDARY,,,,,,,2.4287062685865966,0,median,NO VERIFICABLE,chronological_block_1,insufficient finite sessions
15,confirmation,48,9750,3120,8,0,9750,6630,two-sided,0.16503086423257485,5,9999,20260907,,,B2_over_B1,COMPLETE_COVERAGE,qlike_regime_secondary,-0.00039062308471171647,0.16510338673290703,lightgbm_qlike,4,True,SECONDARY,,,,,,,-0.043944810365894135,0,median,NO VERIFICABLE,chronological_block_1,insufficient finite sessions
15,confirmation,48,9750,3120,8,0,9750,6630,two-sided,0.1716050434663261,5,9999,20260907,,,B1_over_B0,COMPLETE_COVERAGE,qlike_regime_secondary,0.003219966800254853,0.16838507666607128,log_ridge_harq,4,True,SECONDARY,,,,,,,1.8763823808515885,0,trimmed_mean_5pct,NO VERIFICABLE,chronological_block_1,insufficient finite sessions
15,confirmation,48,9750,3120,8,0,9750,6630,two-sided,0.16838507666607128,5,9999,20260907,,,B2_over_B1,COMPLETE_COVERAGE,qlike_regime_secondary,0.0005603668228238174,0.16782470984324746,log_ridge_harq,4,True,SECONDARY,,,,,,,0.33278888718570654,0,trimmed_mean_5pct,NO VERIFICABLE,chronological_block_1,insufficient finite sessions
15,confirmation,48,9750,3120,8,0,9750,6630,two-sided,0.16913874759809872,5,9999,20260907,,,B1_over_B0,COMPLETE_COVERAGE,qlike_regime_secondary,0.004107883365523885,0.16503086423257485,lightgbm_qlike,4,True,SECONDARY,,,,,,,2.4287062685865966,0,trimmed_mean_5pct,NO VERIFICABLE,chronological_block_1,insufficient finite sessions
15,confirmation,48,9750,3120,8,0,9750,6630,two-sided,0.16503086423257485,5,9999,20260907,,,B2_over_B1,COMPLETE_COVERAGE,qlike_regime_secondary,-7.252250033220123e-05,0.16510338673290703,lightgbm_qlike,4,True,SECONDARY,,,,,,,-0.043944810365894135,0,trimmed_mean_5pct,NO VERIFICABLE,chronological_block_1,insufficient finite sessions
15,confirmation,102,9750,6630,17,0,9750,3120,two-sided,0.2708570390040192,5,9999,20260907,0.0012675138114802535,-0.0034716826476648903,B1_over_B0,COMPLETE_COVERAGE,qlike_regime_secondary,-0.0009031825796186046,0.2717602215836378,log_ridge_harq,4,False,SECONDARY,two-sided percentile 95%; not inversion of centered-null p,delta = 0,resampled statistic minus observed statistic; +1 correction,4690,1.0,0.4691,-0.3334536118905156,0,mean,COMPUTED,leave_block_1_out,
15,confirmation,102,9750,6630,17,0,9750,3120,two-sided,0.2717602215836378,5,9999,20260907,0.02129102840744822,-0.0019956583014813897,B2_over_B1,COMPLETE_COVERAGE,qlike_regime_secondary,0.006747052752236867,0.2650131688314009,log_ridge_harq,4,False,SECONDARY,two-sided percentile 95%; not inversion of centered-null p,delta = 0,resampled statistic minus observed statistic; +1 correction,4219,1.0,0.422,2.4827227152375473,0,mean,COMPUTED,leave_block_1_out,
15,confirmation,102,9750,6630,17,0,9750,3120,two-sided,0.2683171581445505,5,9999,20260907,0.022709129289724926,0.000797861220515911,B1_over_B0,COMPLETE_COVERAGE,qlike_regime_secondary,0.009070034532467661,0.2592471236120828,lightgbm_qlike,4,False,SECONDARY,two-sided percentile 95%; not inversion of centered-null p,delta = 0,resampled statistic minus observed statistic; +1 correction,491,0.1968,0.0492,3.3803408604906893,0,mean,COMPUTED,leave_block_1_out,
15,confirmation,102,9750,6630,17,0,9750,3120,two-sided,0.2592471236120828,5,9999,20260907,0.0033014899705427906,-0.013216039181905039,B2_over_B1,COMPLETE_COVERAGE,qlike_regime_secondary,-0.0033077494847612104,0.262554873096844,lightgbm_qlike,4,False,SECONDARY,two-sided percentile 95%; not inversion of centered-null p,delta = 0,resampled statistic minus observed statistic; +1 correction,5395,1.0,0.5396,-1.2759059536223318,0,mean,COMPUTED,leave_block_1_out,
15,confirmation,102,9750,6630,17,0,9750,3120,two-sided,0.2708570390040192,5,9999,20260907,0.0010792965530838639,-0.0009540255686397436,B1_over_B0,COMPLETE_COVERAGE,qlike_regime_secondary,-0.0002600854077668413,0.2717602215836378,log_ridge_harq,4,False,SECONDARY,two-sided percentile 95%; not inversion of centered-null p,delta = 0,resampled statistic minus observed statistic; +1 correction,4393,0.7592,0.4394,-0.3334536118905156,0,median,COMPUTED,leave_block_1_out,
15,confirmation,102,9750,6630,17,0,9750,3120,two-sided,0.2717602215836378,5,9999,20260907,0.002502196062741144,0.00033911118449983513,B2_over_B1,COMPLETE_COVERAGE,qlike_regime_secondary,0.00115729049754279,0.2650131688314009,log_ridge_harq,4,False,SECONDARY,two-sided percentile 95%; not inversion of centered-null p,delta = 0,resampled statistic minus observed statistic; +1 correction,530,0.2124,0.0531,2.4827227152375473,0,median,COMPUTED,leave_block_1_out,
15,confirmation,102,9750,6630,17,0,9750,3120,two-sided,0.2683171581445505,5,9999,20260907,0.004625843532755247,-3.7139614953968225e-05,B1_over_B0,COMPLETE_COVERAGE,qlike_regime_secondary,0.00295353108875554,0.2592471236120828,lightgbm_qlike,4,False,SECONDARY,two-sided percentile 95%; not inversion of centered-null p,delta = 0,resampled statistic minus observed statistic; +1 correction,914,0.27449999999999997,0.0915,3.3803408604906893,0,median,COMPUTED,leave_block_1_out,
15,confirmation,102,9750,6630,17,0,9750,3120,two-sided,0.2592471236120828,5,9999,20260907,0.0009630573263957332,-0.0022495116562084305,B2_over_B1,COMPLETE_COVERAGE,qlike_regime_secondary,-0.001146069372392422,0.262554873096844,lightgbm_qlike,4,False,SECONDARY,two-sided percentile 95%; not inversion of centered-null p,delta = 0,resampled statistic minus observed statistic; +1 correction,3795,0.7592,0.3796,-1.2759059536223318,0,median,COMPUTED,leave_block_1_out,
15,confirmation,102,9750,6630,17,0,9750,3120,two-sided,0.2708570390040192,5,9999,20260907,0.0012675138114802535,-0.0034716826476648903,B1_over_B0,COMPLETE_COVERAGE,qlike_regime_secondary,-0.0009031825796186046,0.2717602215836378,log_ridge_harq,4,False,SECONDARY,two-sided percentile 95%; not inversion of centered-null p,delta = 0,resampled statistic minus observed statistic; +1 correction,4690,1.0,0.4691,-0.3334536118905156,0,trimmed_mean_5pct,COMPUTED,leave_block_1_out,
15,confirmation,102,9750,6630,17,0,9750,3120,two-sided,0.2717602215836378,5,9999,20260907,0.02129102840744822,-0.0019956583014813897,B2_over_B1,COMPLETE_COVERAGE,qlike_regime_secondary,0.006747052752236867,0.2650131688314009,log_ridge_harq,4,False,SECONDARY,two-sided percentile 95%; not inversion of centered-null p,delta = 0,resampled statistic minus observed statistic; +1 correction,4219,1.0,0.422,2.4827227152375473,0,trimmed_mean_5pct,COMPUTED,leave_block_1_out,
15,confirmation,102,9750,6630,17,0,9750,3120,two-sided,0.2683171581445505,5,9999,20260907,0.022709129289724926,0.000797861220515911,B1_over_B0,COMPLETE_COVERAGE,qlike_regime_secondary,0.009070034532467661,0.2592471236120828,lightgbm_qlike,4,False,SECONDARY,two-sided percentile 95%; not inversion of centered-null p,delta = 0,resampled statistic minus observed statistic; +1 correction,491,0.1968,0.0492,3.3803408604906893,0,trimmed_mean_5pct,COMPUTED,leave_block_1_out,
15,confirmation,102,9750,6630,17,0,9750,3120,two-sided,0.2592471236120828,5,9999,20260907,0.0033014899705427906,-0.013216039181905039,B2_over_B1,COMPLETE_COVERAGE,qlike_regime_secondary,-0.0033077494847612104,0.262554873096844,lightgbm_qlike,4,False,SECONDARY,two-sided percentile 95%; not inversion of centered-null p,delta = 0,resampled statistic minus observed statistic; +1 correction,5395,1.0,0.5396,-1.2759059536223318,0,trimmed_mean_5pct,COMPUTED,leave_block_1_out,
15,confirmation,48,9750,3120,8,0,9750,6630,two-sided,0.19881255093065642,5,9999,20260907,,,B1_over_B0,COMPLETE_COVERAGE,qlike_regime_secondary,-0.00311559845481643,0.20192814938547282,log_ridge_harq,4,True,SECONDARY,,,,,,,-1.5671035054034972,0,mean,NO VERIFICABLE,chronological_block_2,insufficient finite sessions
15,confirmation,48,9750,3120,8,0,9750,6630,two-sided,0.20192814938547282,5,9999,20260907,,,B2_over_B1,COMPLETE_COVERAGE,qlike_regime_secondary,-0.0012378213609461671,0.203165970746419,log_ridge_harq,4,True,SECONDARY,,,,,,,-0.6130008939878983,0,mean,NO VERIFICABLE,chronological_block_2,insufficient finite sessions
15,confirmation,48,9750,3120,8,0,9750,6630,two-sided,0.19012292215413565,5,9999,20260907,,,B1_over_B0,COMPLETE_COVERAGE,qlike_regime_secondary,0.0011793553029755405,0.1889435668511601,lightgbm_qlike,4,True,SECONDARY,,,,,,,0.62031200110601,0,mean,NO VERIFICABLE,chronological_block_2,insufficient finite sessions
15,confirmation,48,9750,3120,8,0,9750,6630,two-sided,0.1889435668511601,5,9999,20260907,,,B2_over_B1,COMPLETE_COVERAGE,qlike_regime_secondary,0.0018033237136380748,0.18714024313752203,lightgbm_qlike,4,True,SECONDARY,,,,,,,0.9544245108163113,0,mean,NO VERIFICABLE,chronological_block_2,insufficient finite sessions
15,confirmation,48,9750,3120,8,0,9750,6630,two-sided,0.19881255093065642,5,9999,20260907,,,B1_over_B0,COMPLETE_COVERAGE,qlike_regime_secondary,-0.0008338599389664039,0.20192814938547282,log_ridge_harq,4,True,SECONDARY,,,,,,,-1.5671035054034972,0,median,NO VERIFICABLE,chronological_block_2,insufficient finite sessions
15,confirmation,48,9750,3120,8,0,9750,6630,two-sided,0.20192814938547282,5,9999,20260907,,,B2_over_B1,COMPLETE_COVERAGE,qlike_regime_secondary,0.00046483538975097133,0.203165970746419,log_ridge_harq,4,True,SECONDARY,,,,,,,-0.6130008939878983,0,median,NO VERIFICABLE,chronological_block_2,insufficient finite sessions
15,confirmation,48,9750,3120,8,0,9750,6630,two-sided,0.19012292215413565,5,9999,20260907,,,B1_over_B0,COMPLETE_COVERAGE,qlike_regime_secondary,0.00012201893838678646,0.1889435668511601,lightgbm_qlike,4,True,SECONDARY,,,,,,,0.62031200110601,0,median,NO VERIFICABLE,chronological_block_2,insufficient finite sessions
15,confirmation,48,9750,3120,8,0,9750,6630,two-sided,0.1889435668511601,5,9999,20260907,,,B2_over_B1,COMPLETE_COVERAGE,qlike_regime_secondary,-0.0019248259131775525,0.18714024313752203,lightgbm_qlike,4,True,SECONDARY,,,,,,,0.9544245108163113,0,median,NO VERIFICABLE,chronological_block_2,insufficient finite sessions
15,confirmation,48,9750,3120,8,0,9750,6630,two-sided,0.19881255093065642,5,9999,20260907,,,B1_over_B0,COMPLETE_COVERAGE,qlike_regime_secondary,-0.00311559845481643,0.20192814938547282,log_ridge_harq,4,True,SECONDARY,,,,,,,-1.5671035054034972,0,trimmed_mean_5pct,NO VERIFICABLE,chronological_block_2,insufficient finite sessions
15,confirmation,48,9750,3120,8,0,9750,6630,two-sided,0.20192814938547282,5,9999,20260907,,,B2_over_B1,COMPLETE_COVERAGE,qlike_regime_secondary,-0.0012378213609461671,0.203165970746419,log_ridge_harq,4,True,SECONDARY,,,,,,,-0.6130008939878983,0,trimmed_mean_5pct,NO VERIFICABLE,chronological_block_2,insufficient finite sessions
15,confirmation,48,9750,3120,8,0,9750,6630,two-sided,0.19012292215413565,5,9999,20260907,,,B1_over_B0,COMPLETE_COVERAGE,qlike_regime_secondary,0.0011793553029755405,0.1889435668511601,lightgbm_qlike,4,True,SECONDARY,,,,,,,0.62031200110601,0,trimmed_mean_5pct,NO VERIFICABLE,chronological_block_2,insufficient finite sessions
15,confirmation,48,9750,3120,8,0,9750,6630,two-sided,0.1889435668511601,5,9999,20260907,,,B2_over_B1,COMPLETE_COVERAGE,qlike_regime_secondary,0.0018033237136380748,0.18714024313752203,lightgbm_qlike,4,True,SECONDARY,,,,,,,0.9544245108163113,0,trimmed_mean_5pct,NO VERIFICABLE,chronological_block_2,insufficient finite sessions
15,confirmation,102,9750,6630,17,0,9750,3120,two-sided,0.2580535060796285,5,9999,20260907,0.004047170130674395,-8.869708594424629e-05,B1_over_B0,COMPLETE_COVERAGE,qlike_regime_secondary,0.0020782598933561168,0.2559752461862723,log_ridge_harq,4,False,SECONDARY,two-sided percentile 95%; not inversion of centered-null p,delta = 0,resampled statistic minus observed statistic; +1 correction,510,0.1784,0.0511,0.8053600685102958,0,mean,COMPUTED,leave_block_2_out,
15,confirmation,102,9750,6630,17,0,9750,3120,two-sided,0.2559752461862723,5,9999,20260907,0.021478750562581857,-0.0004308795632332297,B2_over_B1,COMPLETE_COVERAGE,qlike_regime_secondary,0.007593258956363919,0.2483819872299085,log_ridge_harq,4,False,SECONDARY,two-sided percentile 95%; not inversion of centered-null p,delta = 0,resampled statistic minus observed statistic; +1 correction,1485,0.2972,0.1486,2.9664036149957758,0,mean,COMPUTED,leave_block_2_out,
15,confirmation,102,9750,6630,17,0,9750,3120,two-sided,0.2584422524711214,5,9999,20260907,0.022998380549816486,0.0027510319333907797,B1_over_B0,COMPLETE_COVERAGE,qlike_regime_secondary,0.010448165385431588,0.24799408708568974,lightgbm_qlike,4,False,SECONDARY,two-sided percentile 95%; not inversion of centered-null p,delta = 0,resampled statistic minus observed statistic; +1 correction,445,0.1784,0.0446,4.0427466041370606,0,mean,COMPUTED,leave_block_2_out,
15,confirmation,102,9750,6630,17,0,9750,3120,two-sided,0.24799408708568974,5,9999,20260907,0.0013565140440600823,-0.01361539933360733,B2_over_B1,COMPLETE_COVERAGE,qlike_regime_secondary,-0.004190500644276634,0.2521845877299664,lightgbm_qlike,4,False,SECONDARY,two-sided percentile 95%; not inversion of centered-null p,delta = 0,resampled statistic minus observed statistic; +1 correction,4541,0.4542,0.4542,-1.6897582896114314,0,mean,COMPUTED,leave_block_2_out,
15,confirmation,102,9750,6630,17,0,9750,3120,two-sided,0.2580535060796285,5,9999,20260907,0.00250460443353126,0.0003416443964255611,B1_over_B0,COMPLETE_COVERAGE,qlike_regime_secondary,0.001608117156413874,0.2559752461862723,log_ridge_harq,4,False,SECONDARY,two-sided percentile 95%; not inversion of centered-null p,delta = 0,resampled statistic minus observed statistic; +1 correction,444,0.1335,0.0445,0.8053600685102958,0,median,COMPUTED,leave_block_2_out,
15,confirmation,102,9750,6630,17,0,9750,3120,two-sided,0.2559752461862723,5,9999,20260907,0.003031526254072714,-0.0011059622160617122,B2_over_B1,COMPLETE_COVERAGE,qlike_regime_secondary,0.0011671725755794948,0.2483819872299085,log_ridge_harq,4,False,SECONDARY,two-sided percentile 95%; not inversion of centered-null p,delta = 0,resampled statistic minus observed statistic; +1 correction,5268,1.0,0.5269,2.9664036149957758,0,median,COMPUTED,leave_block_2_out,
15,confirmation,102,9750,6630,17,0,9750,3120,two-sided,0.2584422524711214,5,9999,20260907,0.0063540383759408126,0.00295353108875554,B1_over_B0,COMPLETE_COVERAGE,qlike_regime_secondary,0.004625843532755247,0.24799408708568974,lightgbm_qlike,4,False,SECONDARY,two-sided percentile 95%; not inversion of centered-null p,delta = 0,resampled statistic minus observed statistic; +1 correction,0,0.0004,0.0001,4.0427466041370606,0,median,COMPUTED,leave_block_2_out,
15,confirmation,102,9750,6630,17,0,9750,3120,two-sided,0.24799408708568974,5,9999,20260907,0.0009630573263957332,-0.001146069372392422,B2_over_B1,COMPLETE_COVERAGE,qlike_regime_secondary,0.00030808681548918915,0.2521845877299664,lightgbm_qlike,4,False,SECONDARY,two-sided percentile 95%; not inversion of centered-null p,delta = 0,resampled statistic minus observed statistic; +1 correction,5124,1.0,0.5125,-1.6897582896114314,0,median,COMPUTED,leave_block_2_out,
15,confirmation,102,9750,6630,17,0,9750,3120,two-sided,0.2580535060796285,5,9999,20260907,0.004047170130674395,-8.869708594424629e-05,B1_over_B0,COMPLETE_COVERAGE,qlike_regime_secondary,0.0020782598933561168,0.2559752461862723,log_ridge_harq,4,False,SECONDARY,two-sided percentile 95%; not inversion of centered-null p,delta = 0,resampled statistic minus observed statistic; +1 correction,510,0.1784,0.0511,0.8053600685102958,0,trimmed_mean_5pct,COMPUTED,leave_block_2_out,
15,confirmation,102,9750,6630,17,0,9750,3120,two-sided,0.2559752461862723,5,9999,20260907,0.021478750562581854,-0.0004308795632332297,B2_over_B1,COMPLETE_COVERAGE,qlike_regime_secondary,0.007593258956363919,0.2483819872299085,log_ridge_harq,4,False,SECONDARY,two-sided percentile 95%; not inversion of centered-null p,delta = 0,resampled statistic minus observed statistic; +1 correction,1485,0.2972,0.1486,2.9664036149957758,0,trimmed_mean_5pct,COMPUTED,leave_block_2_out,
15,confirmation,102,9750,6630,17,0,9750,3120,two-sided,0.2584422524711214,5,9999,20260907,0.022998380549816486,0.0027510319333907797,B1_over_B0,COMPLETE_COVERAGE,qlike_regime_secondary,0.010448165385431588,0.24799408708568974,lightgbm_qlike,4,False,SECONDARY,two-sided percentile 95%; not inversion of centered-null p,delta = 0,resampled statistic minus observed statistic; +1 correction,445,0.1784,0.0446,4.0427466041370606,0,trimmed_mean_5pct,COMPUTED,leave_block_2_out,
15,confirmation,102,9750,6630,17,0,9750,3120,two-sided,0.24799408708568974,5,9999,20260907,0.0013565140440600823,-0.01361539933360733,B2_over_B1,COMPLETE_COVERAGE,qlike_regime_secondary,-0.004190500644276634,0.2521845877299664,lightgbm_qlike,4,False,SECONDARY,two-sided percentile 95%; not inversion of centered-null p,delta = 0,resampled statistic minus observed statistic; +1 correction,4541,0.4542,0.4542,-1.6897582896114314,0,trimmed_mean_5pct,COMPUTED,leave_block_2_out,
15,confirmation,54,9750,3510,9,0,9750,6240,two-sided,0.33489658395811944,5,9999,20260907,,,B1_over_B0,COMPLETE_COVERAGE,qlike_regime_secondary,0.0010634093094461288,0.33383317464867335,log_ridge_harq,4,True,SECONDARY,,,,,,,0.3175336388558427,0,mean,NO VERIFICABLE,chronological_block_3,insufficient finite sessions
15,confirmation,54,9750,3510,9,0,9750,6240,two-sided,0.33383317464867335,5,9999,20260907,,,B2_over_B1,COMPLETE_COVERAGE,qlike_regime_secondary,0.013844718630621786,0.31998845601805154,log_ridge_harq,4,True,SECONDARY,,,,,,,4.147196768323577,0,mean,NO VERIFICABLE,chronological_block_3,insufficient finite sessions
15,confirmation,54,9750,3510,9,0,9750,6240,two-sided,0.3378231456915859,5,9999,20260907,,,B1_over_B0,COMPLETE_COVERAGE,qlike_regime_secondary,0.016083971625349545,0.3217391740662363,lightgbm_qlike,4,True,SECONDARY,,,,,,,4.761062653780784,0,mean,NO VERIFICABLE,chronological_block_3,insufficient finite sessions
15,confirmation,54,9750,3510,9,0,9750,6240,two-sided,0.3217391740662363,5,9999,20260907,,,B2_over_B1,COMPLETE_COVERAGE,qlike_regime_secondary,-0.00785092566111613,0.3295900997273525,lightgbm_qlike,4,True,SECONDARY,,,,,,,-2.440152239434749,0,mean,NO VERIFICABLE,chronological_block_3,insufficient finite sessions
15,confirmation,54,9750,3510,9,0,9750,6240,two-sided,0.33489658395811944,5,9999,20260907,,,B1_over_B0,COMPLETE_COVERAGE,qlike_regime_secondary,0.0003416443964255611,0.33383317464867335,log_ridge_harq,4,True,SECONDARY,,,,,,,0.3175336388558427,0,median,NO VERIFICABLE,chronological_block_3,insufficient finite sessions
15,confirmation,54,9750,3510,9,0,9750,6240,two-sided,0.33383317464867335,5,9999,20260907,,,B2_over_B1,COMPLETE_COVERAGE,qlike_regime_secondary,0.00127110598685512,0.31998845601805154,log_ridge_harq,4,True,SECONDARY,,,,,,,4.147196768323577,0,median,NO VERIFICABLE,chronological_block_3,insufficient finite sessions
15,confirmation,54,9750,3510,9,0,9750,6240,two-sided,0.3378231456915859,5,9999,20260907,,,B1_over_B0,COMPLETE_COVERAGE,qlike_regime_secondary,0.004625843532755247,0.3217391740662363,lightgbm_qlike,4,True,SECONDARY,,,,,,,4.761062653780784,0,median,NO VERIFICABLE,chronological_block_3,insufficient finite sessions
15,confirmation,54,9750,3510,9,0,9750,6240,two-sided,0.3217391740662363,5,9999,20260907,,,B2_over_B1,COMPLETE_COVERAGE,qlike_regime_secondary,0.0005635011103954923,0.3295900997273525,lightgbm_qlike,4,True,SECONDARY,,,,,,,-2.440152239434749,0,median,NO VERIFICABLE,chronological_block_3,insufficient finite sessions
15,confirmation,54,9750,3510,9,0,9750,6240,two-sided,0.33489658395811944,5,9999,20260907,,,B1_over_B0,COMPLETE_COVERAGE,qlike_regime_secondary,0.0010634093094461288,0.33383317464867335,log_ridge_harq,4,True,SECONDARY,,,,,,,0.3175336388558427,0,trimmed_mean_5pct,NO VERIFICABLE,chronological_block_3,insufficient finite sessions
15,confirmation,54,9750,3510,9,0,9750,6240,two-sided,0.33383317464867335,5,9999,20260907,,,B2_over_B1,COMPLETE_COVERAGE,qlike_regime_secondary,0.013844718630621788,0.31998845601805154,log_ridge_harq,4,True,SECONDARY,,,,,,,4.147196768323577,0,trimmed_mean_5pct,NO VERIFICABLE,chronological_block_3,insufficient finite sessions
15,confirmation,54,9750,3510,9,0,9750,6240,two-sided,0.3378231456915859,5,9999,20260907,,,B1_over_B0,COMPLETE_COVERAGE,qlike_regime_secondary,0.016083971625349545,0.3217391740662363,lightgbm_qlike,4,True,SECONDARY,,,,,,,4.761062653780784,0,trimmed_mean_5pct,NO VERIFICABLE,chronological_block_3,insufficient finite sessions
15,confirmation,54,9750,3510,9,0,9750,6240,two-sided,0.3217391740662363,5,9999,20260907,,,B2_over_B1,COMPLETE_COVERAGE,qlike_regime_secondary,-0.00785092566111613,0.3295900997273525,lightgbm_qlike,4,True,SECONDARY,,,,,,,-2.440152239434749,0,trimmed_mean_5pct,NO VERIFICABLE,chronological_block_3,insufficient finite sessions
15,confirmation,96,9750,6240,16,0,9750,3510,two-sided,0.18520879719849126,5,9999,20260907,0.0030946401726493393,-0.003639745208694486,B1_over_B0,COMPLETE_COVERAGE,qlike_regime_secondary,5.218417271921159e-05,0.18515661302577205,log_ridge_harq,4,False,SECONDARY,two-sided percentile 95%; not inversion of centered-null p,delta = 0,resampled statistic minus observed statistic; +1 correction,9743,1.0,0.9744,0.02817586070886523,0,mean,COMPUTED,leave_block_3_out,
15,confirmation,96,9750,6240,16,0,9750,3510,two-sided,0.18515661302577205,5,9999,20260907,0.001417374618481946,-0.002040350408642855,B2_over_B1,COMPLETE_COVERAGE,qlike_regime_secondary,-0.00033872726906117485,0.18549534029483322,log_ridge_harq,4,False,SECONDARY,two-sided percentile 95%; not inversion of centered-null p,delta = 0,resampled statistic minus observed statistic; +1 correction,6878,1.0,0.6879,-0.18294095119034567,0,mean,COMPUTED,leave_block_3_out,
15,confirmation,96,9750,6240,16,0,9750,3510,two-sided,0.1796308348761172,5,9999,20260907,0.004241167292443834,0.0011543921408903313,B1_over_B0,COMPLETE_COVERAGE,qlike_regime_secondary,0.002643619334249713,0.17698721554186747,lightgbm_qlike,4,False,SECONDARY,two-sided percentile 95%; not inversion of centered-null p,delta = 0,resampled statistic minus observed statistic; +1 correction,5,0.0024,0.0006,1.4716957342389967,0,mean,COMPUTED,leave_block_3_out,
15,confirmation,96,9750,6240,16,0,9750,3510,two-sided,0.17698721554186747,5,9999,20260907,0.003445726740152809,-0.0011945068606785524,B2_over_B1,COMPLETE_COVERAGE,qlike_regime_secondary,0.0008654006066529368,0.17612181493521453,lightgbm_qlike,4,False,SECONDARY,two-sided percentile 95%; not inversion of centered-null p,delta = 0,resampled statistic minus observed statistic; +1 correction,4919,1.0,0.492,0.4889622134589833,0,mean,COMPUTED,leave_block_3_out,
15,confirmation,96,9750,6240,16,0,9750,3510,two-sided,0.18520879719849126,5,9999,20260907,0.001676851767585058,-0.0008338599389664039,B1_over_B0,COMPLETE_COVERAGE,qlike_regime_secondary,0.0009241543759940379,0.18515661302577205,log_ridge_harq,4,False,SECONDARY,two-sided percentile 95%; not inversion of centered-null p,delta = 0,resampled statistic minus observed statistic; +1 correction,2914,0.583,0.2915,0.02817586070886523,0,median,COMPUTED,leave_block_3_out,
15,confirmation,96,9750,6240,16,0,9750,3510,two-sided,0.18515661302577205,5,9999,20260907,0.0015645311254322836,-0.0013277133670120955,B2_over_B1,COMPLETE_COVERAGE,qlike_regime_secondary,0.00010172800416979877,0.18549534029483322,log_ridge_harq,4,False,SECONDARY,two-sided percentile 95%; not inversion of centered-null p,delta = 0,resampled statistic minus observed statistic; +1 correction,8791,0.8792,0.8792,-0.18294095119034567,0,median,COMPUTED,leave_block_3_out,
15,confirmation,96,9750,6240,16,0,9750,3510,two-sided,0.1796308348761172,5,9999,20260907,0.00451940707119515,2.8330909143392535e-06,B1_over_B0,COMPLETE_COVERAGE,qlike_regime_secondary,0.0020036461718640902,0.17698721554186747,lightgbm_qlike,4,False,SECONDARY,two-sided percentile 95%; not inversion of centered-null p,delta = 0,resampled statistic minus observed statistic; +1 correction,598,0.2396,0.0599,1.4716957342389967,0,median,COMPUTED,leave_block_3_out,
15,confirmation,96,9750,6240,16,0,9750,3510,two-sided,0.17698721554186747,5,9999,20260907,0.0005471677951345982,-0.0022630966268593483,B2_over_B1,COMPLETE_COVERAGE,qlike_regime_secondary,-0.0013447365775296483,0.17612181493521453,lightgbm_qlike,4,False,SECONDARY,two-sided percentile 95%; not inversion of centered-null p,delta = 0,resampled statistic minus observed statistic; +1 correction,1597,0.4794,0.1598,0.4889622134589833,0,median,COMPUTED,leave_block_3_out,
15,confirmation,96,9750,6240,16,0,9750,3510,two-sided,0.18520879719849126,5,9999,20260907,0.0030946401726493393,-0.003639745208694486,B1_over_B0,COMPLETE_COVERAGE,qlike_regime_secondary,5.218417271921159e-05,0.18515661302577205,log_ridge_harq,4,False,SECONDARY,two-sided percentile 95%; not inversion of centered-null p,delta = 0,resampled statistic minus observed statistic; +1 correction,9743,1.0,0.9744,0.02817586070886523,0,trimmed_mean_5pct,COMPUTED,leave_block_3_out,
15,confirmation,96,9750,6240,16,0,9750,3510,two-sided,0.18515661302577205,5,9999,20260907,0.001417374618481946,-0.002040350408642855,B2_over_B1,COMPLETE_COVERAGE,qlike_regime_secondary,-0.00033872726906117485,0.18549534029483322,log_ridge_harq,4,False,SECONDARY,two-sided percentile 95%; not inversion of centered-null p,delta = 0,resampled statistic minus observed statistic; +1 correction,6878,1.0,0.6879,-0.18294095119034567,0,trimmed_mean_5pct,COMPUTED,leave_block_3_out,
15,confirmation,96,9750,6240,16,0,9750,3510,two-sided,0.1796308348761172,5,9999,20260907,0.004241167292443834,0.0011543921408903313,B1_over_B0,COMPLETE_COVERAGE,qlike_regime_secondary,0.002643619334249713,0.17698721554186747,lightgbm_qlike,4,False,SECONDARY,two-sided percentile 95%; not inversion of centered-null p,delta = 0,resampled statistic minus observed statistic; +1 correction,5,0.0024,0.0006,1.4716957342389967,0,trimmed_mean_5pct,COMPUTED,leave_block_3_out,
15,confirmation,96,9750,6240,16,0,9750,3510,two-sided,0.17698721554186747,5,9999,20260907,0.003445726740152809,-0.0011945068606785524,B2_over_B1,COMPLETE_COVERAGE,qlike_regime_secondary,0.0008654006066529368,0.17612181493521453,lightgbm_qlike,4,False,SECONDARY,two-sided percentile 95%; not inversion of centered-null p,delta = 0,resampled statistic minus observed statistic; +1 correction,4919,1.0,0.492,0.4889622134589833,0,trimmed_mean_5pct,COMPUTED,leave_block_3_out,
5,primary,2509,160832,12451,419,0,160832,148381,two-sided,0.29541645124107013,5,9999,20260907,0.003997285497624248,-0.0022253728326650244,B1_over_B0,COMPLETE_COVERAGE,qlike_regime_secondary,0.0001861702153423827,0.29523028102572774,log_ridge_harq,4,False,SECONDARY,two-sided percentile 95%; not inversion of centered-null p,delta = 0,resampled statistic minus observed statistic; +1 correction,8991,1.0,0.8992,0.063019582883846,0,mean,COMPUTED,first_hour,
5,primary,2509,160832,12451,419,0,160832,148381,two-sided,0.29523028102572774,5,9999,20260907,0.0015297605010543835,-0.0006193657073906268,B2_over_B1,COMPLETE_COVERAGE,qlike_regime_secondary,0.00043030864336760324,0.29479997238236016,log_ridge_harq,4,False,SECONDARY,two-sided percentile 95%; not inversion of centered-null p,delta = 0,resampled statistic minus observed statistic; +1 correction,4305,1.0,0.4306,0.14575355951719063,0,mean,COMPUTED,first_hour,
5,primary,2509,160832,12451,419,0,160832,148381,two-sided,0.3200738803471326,5,9999,20260907,0.02249851892024426,0.00021076937052226052,B1_over_B0,COMPLETE_COVERAGE,qlike_regime_secondary,0.008046061576264236,0.3120278187708683,lightgbm_qlike,4,False,SECONDARY,two-sided percentile 95%; not inversion of centered-null p,delta = 0,resampled statistic minus observed statistic; +1 correction,1069,0.428,0.107,2.5138138630799767,0,mean,COMPUTED,first_hour,
5,primary,2509,160832,12451,419,0,160832,148381,two-sided,0.3120278187708683,5,9999,20260907,0.0016276109393104203,-0.01183839059939867,B2_over_B1,COMPLETE_COVERAGE,qlike_regime_secondary,-0.003356445727230363,0.3153842644980987,lightgbm_qlike,4,False,SECONDARY,two-sided percentile 95%; not inversion of centered-null p,delta = 0,resampled statistic minus observed statistic; +1 correction,4763,1.0,0.4764,-1.075687975659345,0,mean,COMPUTED,first_hour,
5,primary,2509,160832,12451,419,0,160832,148381,two-sided,0.29541645124107013,5,9999,20260907,-0.0002117504866101516,-0.0021740576519784227,B1_over_B0,COMPLETE_COVERAGE,qlike_regime_secondary,-0.0012185545101411344,0.29523028102572774,log_ridge_harq,4,False,SECONDARY,two-sided percentile 95%; not inversion of centered-null p,delta = 0,resampled statistic minus observed statistic; +1 correction,211,0.0848,0.0212,0.063019582883846,0,median,COMPUTED,first_hour,
5,primary,2509,160832,12451,419,0,160832,148381,two-sided,0.29523028102572774,5,9999,20260907,0.00046685799675300066,-0.0012037086198606883,B2_over_B1,COMPLETE_COVERAGE,qlike_regime_secondary,-0.00039815328264912464,0.29479997238236016,log_ridge_harq,4,False,SECONDARY,two-sided percentile 95%; not inversion of centered-null p,delta = 0,resampled statistic minus observed statistic; +1 correction,2865,0.5732,0.2866,0.14575355951719063,0,median,COMPUTED,first_hour,
5,primary,2509,160832,12451,419,0,160832,148381,two-sided,0.3200738803471326,5,9999,20260907,0.002474792101670009,-2.348561868159571e-05,B1_over_B0,COMPLETE_COVERAGE,qlike_regime_secondary,0.0011779203095659274,0.3120278187708683,lightgbm_qlike,4,False,SECONDARY,two-sided percentile 95%; not inversion of centered-null p,delta = 0,resampled statistic minus observed statistic; +1 correction,673,0.2022,0.0674,2.5138138630799767,0,median,COMPUTED,first_hour,
5,primary,2509,160832,12451,419,0,160832,148381,two-sided,0.3120278187708683,5,9999,20260907,0.0017437999140858251,-0.0006301519248001486,B2_over_B1,COMPLETE_COVERAGE,qlike_regime_secondary,0.0004992383880320639,0.3153842644980987,lightgbm_qlike,4,False,SECONDARY,two-sided percentile 95%; not inversion of centered-null p,delta = 0,resampled statistic minus observed statistic; +1 correction,3392,0.5732,0.3393,-1.075687975659345,0,median,COMPUTED,first_hour,
5,primary,2509,160832,12451,419,0,160832,148381,two-sided,0.29541645124107013,5,9999,20260907,-0.0005364746142137069,-0.002494716019734853,B1_over_B0,COMPLETE_COVERAGE,qlike_regime_secondary,-0.0014889288646169174,0.29523028102572774,log_ridge_harq,4,False,SECONDARY,two-sided percentile 95%; not inversion of centered-null p,delta = 0,resampled statistic minus observed statistic; +1 correction,33,0.0136,0.0034,0.063019582883846,20,trimmed_mean_5pct,COMPUTED,first_hour,
5,primary,2509,160832,12451,419,0,160832,148381,two-sided,0.29523028102572774,5,9999,20260907,0.0011315338074242094,-0.0007958609331973004,B2_over_B1,COMPLETE_COVERAGE,qlike_regime_secondary,0.00016415957584884881,0.29479997238236016,log_ridge_harq,4,False,SECONDARY,two-sided percentile 95%; not inversion of centered-null p,delta = 0,resampled statistic minus observed statistic; +1 correction,7354,0.7355,0.7355,0.14575355951719063,20,trimmed_mean_5pct,COMPUTED,first_hour,
5,primary,2509,160832,12451,419,0,160832,148381,two-sided,0.3200738803471326,5,9999,20260907,0.0024266277020025995,0.00017218176914317313,B1_over_B0,COMPLETE_COVERAGE,qlike_regime_secondary,0.0012693532762618697,0.3120278187708683,lightgbm_qlike,4,False,SECONDARY,two-sided percentile 95%; not inversion of centered-null p,delta = 0,resampled statistic minus observed statistic; +1 correction,274,0.0825,0.0275,2.5138138630799767,20,trimmed_mean_5pct,COMPUTED,first_hour,
5,primary,2509,160832,12451,419,0,160832,148381,two-sided,0.3120278187708683,5,9999,20260907,0.0018457116502221132,-0.0005867456992157203,B2_over_B1,COMPLETE_COVERAGE,qlike_regime_secondary,0.0006079871481945384,0.3153842644980987,lightgbm_qlike,4,False,SECONDARY,two-sided percentile 95%; not inversion of centered-null p,delta = 0,resampled statistic minus observed statistic; +1 correction,3320,0.6642,0.3321,-1.075687975659345,20,trimmed_mean_5pct,COMPUTED,first_hour,
5,primary,1168,160832,75030,393,780,160052,85022,two-sided,0.3469317579660995,5,9999,20260907,0.002746884775215419,0.0006080203537053436,B1_over_B0,PARTIAL_COVERAGE,qlike_regime_secondary,0.0016318904222259397,0.34529986754387354,log_ridge_harq,4,False,SECONDARY,two-sided percentile 95%; not inversion of centered-null p,delta = 0,resampled statistic minus observed statistic; +1 correction,37,0.0152,0.0038,0.4703779301707514,0,mean,COMPUTED,high_flow,
5,primary,1168,160832,75030,393,780,160052,85022,two-sided,0.34529986754387354,5,9999,20260907,0.0017435933297565488,-0.00033250142152543264,B2_over_B1,PARTIAL_COVERAGE,qlike_regime_secondary,0.0007111433700693362,0.34458872417380426,log_ridge_harq,4,False,SECONDARY,two-sided percentile 95%; not inversion of centered-null p,delta = 0,resampled statistic minus observed statistic; +1 correction,1862,0.3726,0.1863,0.20594950560731937,0,mean,COMPUTED,high_flow,
5,primary,1168,160832,75030,393,780,160052,85022,two-sided,0.34982378449297913,5,9999,20260907,0.002885237088161326,9.86272491669755e-05,B1_over_B0,PARTIAL_COVERAGE,qlike_regime_secondary,0.0014615537470375284,0.3483622307459417,lightgbm_qlike,4,False,SECONDARY,two-sided percentile 95%; not inversion of centered-null p,delta = 0,resampled statistic minus observed statistic; +1 correction,401,0.1206,0.0402,0.41779713439320515,0,mean,COMPUTED,high_flow,
5,primary,1168,160832,75030,393,780,160052,85022,two-sided,0.3483622307459417,5,9999,20260907,0.0029517002615492348,-0.0006112137032570785,B2_over_B1,PARTIAL_COVERAGE,qlike_regime_secondary,0.0010157860345627095,0.34734644471137893,lightgbm_qlike,4,False,SECONDARY,two-sided percentile 95%; not inversion of centered-null p,delta = 0,resampled statistic minus observed statistic; +1 correction,2652,0.3726,0.2653,0.29158902570684125,0,mean,COMPUTED,high_flow,
5,primary,1168,160832,75030,393,780,160052,85022,two-sided,0.3469317579660995,5,9999,20260907,0.0016544259068322353,0.0004498832227683991,B1_over_B0,PARTIAL_COVERAGE,qlike_regime_secondary,0.0011215897124732255,0.34529986754387354,log_ridge_harq,4,False,SECONDARY,two-sided percentile 95%; not inversion of centered-null p,delta = 0,resampled statistic minus observed statistic; +1 correction,4,0.002,0.0005,0.4703779301707514,0,median,COMPUTED,high_flow,
5,primary,1168,160832,75030,393,780,160052,85022,two-sided,0.34529986754387354,5,9999,20260907,0.0020429925887983647,0.0004342842307166195,B2_over_B1,PARTIAL_COVERAGE,qlike_regime_secondary,0.0011848723044590725,0.34458872417380426,log_ridge_harq,4,False,SECONDARY,two-sided percentile 95%; not inversion of centered-null p,delta = 0,resampled statistic minus observed statistic; +1 correction,8,0.0027,0.0009,0.20594950560731937,0,median,COMPUTED,high_flow,
5,primary,1168,160832,75030,393,780,160052,85022,two-sided,0.34982378449297913,5,9999,20260907,0.0011933549900197682,7.981052063713023e-05,B1_over_B0,PARTIAL_COVERAGE,qlike_regime_secondary,0.0006798440308807274,0.3483622307459417,lightgbm_qlike,4,False,SECONDARY,two-sided percentile 95%; not inversion of centered-null p,delta = 0,resampled statistic minus observed statistic; +1 correction,202,0.0406,0.0203,0.41779713439320515,0,median,COMPUTED,high_flow,
5,primary,1168,160832,75030,393,780,160052,85022,two-sided,0.3483622307459417,5,9999,20260907,0.001015071313143101,3.847254599287364e-06,B2_over_B1,PARTIAL_COVERAGE,qlike_regime_secondary,0.0006018858069150035,0.34734644471137893,lightgbm_qlike,4,False,SECONDARY,two-sided percentile 95%; not inversion of centered-null p,delta = 0,resampled statistic minus observed statistic; +1 correction,391,0.0406,0.0392,0.29158902570684125,0,median,COMPUTED,high_flow,
5,primary,1168,160832,75030,393,780,160052,85022,two-sided,0.3469317579660995,5,9999,20260907,0.0017876278996276993,0.0004966262550888726,B1_over_B0,PARTIAL_COVERAGE,qlike_regime_secondary,0.001137824510759318,0.34529986754387354,log_ridge_harq,4,False,SECONDARY,two-sided percentile 95%; not inversion of centered-null p,delta = 0,resampled statistic minus observed statistic; +1 correction,1,0.0008,0.0002,0.4703779301707514,19,trimmed_mean_5pct,COMPUTED,high_flow,
5,primary,1168,160832,75030,393,780,160052,85022,two-sided,0.34529986754387354,5,9999,20260907,0.0018081950196111604,0.0002140915314652406,B2_over_B1,PARTIAL_COVERAGE,qlike_regime_secondary,0.0010173704422033996,0.34458872417380426,log_ridge_harq,4,False,SECONDARY,two-sided percentile 95%; not inversion of centered-null p,delta = 0,resampled statistic minus observed statistic; +1 correction,139,0.042,0.014,0.20594950560731937,19,trimmed_mean_5pct,COMPUTED,high_flow,
5,primary,1168,160832,75030,393,780,160052,85022,two-sided,0.34982378449297913,5,9999,20260907,0.0020183422166610023,2.08027753335267e-05,B1_over_B0,PARTIAL_COVERAGE,qlike_regime_secondary,0.0009794052555283238,0.3483622307459417,lightgbm_qlike,4,False,SECONDARY,two-sided percentile 95%; not inversion of centered-null p,delta = 0,resampled statistic minus observed statistic; +1 correction,541,0.0632,0.0542,0.41779713439320515,19,trimmed_mean_5pct,COMPUTED,high_flow,
5,primary,1168,160832,75030,393,780,160052,85022,two-sided,0.3483622307459417,5,9999,20260907,0.001328065202364583,5.5313088020183526e-05,B2_over_B1,PARTIAL_COVERAGE,qlike_regime_secondary,0.0006980174967421604,0.34734644471137893,lightgbm_qlike,4,False,SECONDARY,two-sided percentile 95%; not inversion of centered-null p,delta = 0,resampled statistic minus observed statistic; +1 correction,315,0.0632,0.0316,0.29158902570684125,19,trimmed_mean_5pct,COMPUTED,high_flow,
5,primary,233,160832,15047,56,0,160832,145785,two-sided,0.3635182914838023,5,9999,20260907,0.0036817705728971637,-0.0022148002264465194,B1_over_B0,COMPLETE_COVERAGE,qlike_regime_secondary,0.0006998952956108176,0.36281839618819145,log_ridge_harq,4,False,SECONDARY,two-sided percentile 95%; not inversion of centered-null p,delta = 0,resampled statistic minus observed statistic; +1 correction,6495,1.0,0.6496,0.1925337216881158,0,mean,COMPUTED,event,
5,primary,233,160832,15047,56,0,160832,145785,two-sided,0.36281839618819145,5,9999,20260907,0.0058900246535904584,6.766648029939617e-05,B2_over_B1,COMPLETE_COVERAGE,qlike_regime_secondary,0.002868579056659109,0.35994981713153235,log_ridge_harq,4,False,SECONDARY,two-sided percentile 95%; not inversion of centered-null p,delta = 0,resampled statistic minus observed statistic; +1 correction,524,0.21,0.0525,0.7906377093324662,0,mean,COMPUTED,event,
5,primary,233,160832,15047,56,0,160832,145785,two-sided,0.352980343063011,5,9999,20260907,0.0027550320425275172,-0.0063694845838711345,B1_over_B0,COMPLETE_COVERAGE,qlike_regime_secondary,-0.001631597414724095,0.35461194047773514,lightgbm_qlike,4,False,SECONDARY,two-sided percentile 95%; not inversion of centered-null p,delta = 0,resampled statistic minus observed statistic; +1 correction,4839,1.0,0.484,-0.4622346390639765,0,mean,COMPUTED,event,
5,primary,233,160832,15047,56,0,160832,145785,two-sided,0.35461194047773514,5,9999,20260907,0.002912117129635426,-0.0021792562076261334,B2_over_B1,COMPLETE_COVERAGE,qlike_regime_secondary,0.0003115747432854337,0.3543003657344497,lightgbm_qlike,4,False,SECONDARY,two-sided percentile 95%; not inversion of centered-null p,delta = 0,resampled statistic minus observed statistic; +1 correction,8018,1.0,0.8019,0.08786357923133624,0,mean,COMPUTED,event,
5,primary,233,160832,15047,56,0,160832,145785,two-sided,0.3635182914838023,5,9999,20260907,0.003404084123172127,-0.00033522292398888154,B1_over_B0,COMPLETE_COVERAGE,qlike_regime_secondary,0.0018110386373324655,0.36281839618819145,log_ridge_harq,4,False,SECONDARY,two-sided percentile 95%; not inversion of centered-null p,delta = 0,resampled statistic minus observed statistic; +1 correction,976,0.3908,0.0977,0.1925337216881158,0,median,COMPUTED,event,
5,primary,233,160832,15047,56,0,160832,145785,two-sided,0.36281839618819145,5,9999,20260907,0.003200015115279592,-0.0012247742431481662,B2_over_B1,COMPLETE_COVERAGE,qlike_regime_secondary,0.0013672160881033624,0.35994981713153235,log_ridge_harq,4,False,SECONDARY,two-sided percentile 95%; not inversion of centered-null p,delta = 0,resampled statistic minus observed statistic; +1 correction,2267,0.6804,0.2268,0.7906377093324662,0,median,COMPUTED,event,
5,primary,233,160832,15047,56,0,160832,145785,two-sided,0.352980343063011,5,9999,20260907,0.001487773846111845,-0.0027935535146976775,B1_over_B0,COMPLETE_COVERAGE,qlike_regime_secondary,-0.0005142119599464701,0.35461194047773514,lightgbm_qlike,4,False,SECONDARY,two-sided percentile 95%; not inversion of centered-null p,delta = 0,resampled statistic minus observed statistic; +1 correction,8216,1.0,0.8217,-0.4622346390639765,0,median,COMPUTED,event,
5,primary,233,160832,15047,56,0,160832,145785,two-sided,0.35461194047773514,5,9999,20260907,0.002220914839843366,-0.002941235290734187,B2_over_B1,COMPLETE_COVERAGE,qlike_regime_secondary,-0.0005126316954077448,0.3543003657344497,lightgbm_qlike,4,False,SECONDARY,two-sided percentile 95%; not inversion of centered-null p,delta = 0,resampled statistic minus observed statistic; +1 correction,6514,1.0,0.6515,0.08786357923133624,0,median,COMPUTED,event,
5,primary,233,160832,15047,56,0,160832,145785,two-sided,0.3635182914838023,5,9999,20260907,0.0039229544170121125,-0.0015728119230484278,B1_over_B0,COMPLETE_COVERAGE,qlike_regime_secondary,0.0011427591146629145,0.36281839618819145,log_ridge_harq,4,False,SECONDARY,two-sided percentile 95%; not inversion of centered-null p,delta = 0,resampled statistic minus observed statistic; +1 correction,4138,1.0,0.4139,0.1925337216881158,2,trimmed_mean_5pct,COMPUTED,event,
5,primary,233,160832,15047,56,0,160832,145785,two-sided,0.36281839618819145,5,9999,20260907,0.005623885671201827,-0.00044844499092804377,B2_over_B1,COMPLETE_COVERAGE,qlike_regime_secondary,0.0024643744288348948,0.35994981713153235,log_ridge_harq,4,False,SECONDARY,two-sided percentile 95%; not inversion of centered-null p,delta = 0,resampled statistic minus observed statistic; +1 correction,1080,0.4324,0.1081,0.7906377093324662,2,trimmed_mean_5pct,COMPUTED,event,
5,primary,233,160832,15047,56,0,160832,145785,two-sided,0.352980343063011,5,9999,20260907,0.00287142426182407,-0.004432763310412036,B1_over_B0,COMPLETE_COVERAGE,qlike_regime_secondary,-0.000570172549410925,0.35461194047773514,lightgbm_qlike,4,False,SECONDARY,two-sided percentile 95%; not inversion of centered-null p,delta = 0,resampled statistic minus observed statistic; +1 correction,7521,1.0,0.7522,-0.4622346390639765,2,trimmed_mean_5pct,COMPUTED,event,
5,primary,233,160832,15047,56,0,160832,145785,two-sided,0.35461194047773514,5,9999,20260907,0.0026571781232414787,-0.002239597333861563,B2_over_B1,COMPLETE_COVERAGE,qlike_regime_secondary,7.864060278579565e-05,0.3543003657344497,lightgbm_qlike,4,False,SECONDARY,two-sided percentile 95%; not inversion of centered-null p,delta = 0,resampled statistic minus observed statistic; +1 correction,9494,1.0,0.9495,0.08786357923133624,2,trimmed_mean_5pct,COMPUTED,event,
5,primary,2482,160832,29562,414,0,160832,131270,two-sided,0.37371477259064756,5,9999,20260907,0.001963759036791341,-0.0009596137799661552,B1_over_B0,COMPLETE_COVERAGE,qlike_regime_secondary,0.0004908166760606796,0.37322395591458685,log_ridge_harq,4,False,SECONDARY,two-sided percentile 95%; not inversion of centered-null p,delta = 0,resampled statistic minus observed statistic; +1 correction,5067,0.787,0.5068,0.1313345663748489,0,mean,COMPUTED,last_hour,
5,primary,2482,160832,29562,414,0,160832,131270,two-sided,0.37322395591458685,5,9999,20260907,0.002651973059172504,-0.0002813549449239043,B2_over_B1,COMPLETE_COVERAGE,qlike_regime_secondary,0.0011848813764983941,0.37203907453808843,log_ridge_harq,4,False,SECONDARY,two-sided percentile 95%; not inversion of centered-null p,delta = 0,resampled statistic minus observed statistic; +1 correction,1131,0.3396,0.1132,0.317471951551137,0,mean,COMPUTED,last_hour,
5,primary,2482,160832,29562,414,0,160832,131270,two-sided,0.3726057555798872,5,9999,20260907,0.0032023684608309907,-0.0012845963323899483,B1_over_B0,COMPLETE_COVERAGE,qlike_regime_secondary,0.0009783323508248988,0.3716274232290624,lightgbm_qlike,4,False,SECONDARY,two-sided percentile 95%; not inversion of centered-null p,delta = 0,resampled statistic minus observed statistic; +1 correction,3934,0.787,0.3935,0.2625650130665099,0,mean,COMPUTED,last_hour,
5,primary,2482,160832,29562,414,0,160832,131270,two-sided,0.3716274232290624,5,9999,20260907,0.003700327980966464,-1.8194388308465344e-05,B2_over_B1,COMPLETE_COVERAGE,qlike_regime_secondary,0.001753178495092005,0.3698742447339703,lightgbm_qlike,4,False,SECONDARY,two-sided percentile 95%; not inversion of centered-null p,delta = 0,resampled statistic minus observed statistic; +1 correction,630,0.2524,0.0631,0.4717570301617346,0,mean,COMPUTED,last_hour,
5,primary,2482,160832,29562,414,0,160832,131270,two-sided,0.37371477259064756,5,9999,20260907,0.0011058718099505316,-0.0003142317277540496,B1_over_B0,COMPLETE_COVERAGE,qlike_regime_secondary,0.0005130085988011013,0.37322395591458685,log_ridge_harq,4,False,SECONDARY,two-sided percentile 95%; not inversion of centered-null p,delta = 0,resampled statistic minus observed statistic; +1 correction,1371,0.41159999999999997,0.1372,0.1313345663748489,0,median,COMPUTED,last_hour,
5,primary,2482,160832,29562,414,0,160832,131270,two-sided,0.37322395591458685,5,9999,20260907,0.0014060168306450072,-0.0010835202626836432,B2_over_B1,COMPLETE_COVERAGE,qlike_regime_secondary,-9.389885283170307e-05,0.37203907453808843,log_ridge_harq,4,False,SECONDARY,two-sided percentile 95%; not inversion of centered-null p,delta = 0,resampled statistic minus observed statistic; +1 correction,8600,1.0,0.8601,0.317471951551137,0,median,COMPUTED,last_hour,
5,primary,2482,160832,29562,414,0,160832,131270,two-sided,0.3726057555798872,5,9999,20260907,0.0018078247761545707,-0.0009077892581114133,B1_over_B0,COMPLETE_COVERAGE,qlike_regime_secondary,0.0005059998267611943,0.3716274232290624,lightgbm_qlike,4,False,SECONDARY,two-sided percentile 95%; not inversion of centered-null p,delta = 0,resampled statistic minus observed statistic; +1 correction,5471,1.0,0.5472,0.2625650130665099,0,median,COMPUTED,last_hour,
5,primary,2482,160832,29562,414,0,160832,131270,two-sided,0.3716274232290624,5,9999,20260907,0.0020184110387691523,0.00012931009643006586,B2_over_B1,COMPLETE_COVERAGE,qlike_regime_secondary,0.0009580683760149478,0.3698742447339703,lightgbm_qlike,4,False,SECONDARY,two-sided percentile 95%; not inversion of centered-null p,delta = 0,resampled statistic minus observed statistic; +1 correction,614,0.246,0.0615,0.4717570301617346,0,median,COMPUTED,last_hour,
5,primary,2482,160832,29562,414,0,160832,131270,two-sided,0.37371477259064756,5,9999,20260907,0.0013245491190630645,-0.0005252795719891353,B1_over_B0,COMPLETE_COVERAGE,qlike_regime_secondary,0.0003836250325979796,0.37322395591458685,log_ridge_harq,4,False,SECONDARY,two-sided percentile 95%; not inversion of centered-null p,delta = 0,resampled statistic minus observed statistic; +1 correction,4196,0.8394,0.4197,0.1313345663748489,20,trimmed_mean_5pct,COMPUTED,last_hour,
5,primary,2482,160832,29562,414,0,160832,131270,two-sided,0.37322395591458685,5,9999,20260907,0.0019587509093782086,-0.00010499976565756704,B2_over_B1,COMPLETE_COVERAGE,qlike_regime_secondary,0.0009045689280166494,0.37203907453808843,log_ridge_harq,4,False,SECONDARY,two-sided percentile 95%; not inversion of centered-null p,delta = 0,resampled statistic minus observed statistic; +1 correction,863,0.2592,0.0864,0.317471951551137,20,trimmed_mean_5pct,COMPUTED,last_hour,
5,primary,2482,160832,29562,414,0,160832,131270,two-sided,0.3726057555798872,5,9999,20260907,0.0018723138272823936,-0.0010907257636366906,B1_over_B0,COMPLETE_COVERAGE,qlike_regime_secondary,0.00039897002112313206,0.3716274232290624,lightgbm_qlike,4,False,SECONDARY,two-sided percentile 95%; not inversion of centered-null p,delta = 0,resampled statistic minus observed statistic; +1 correction,5920,0.8394,0.5921,0.2625650130665099,20,trimmed_mean_5pct,COMPUTED,last_hour,
5,primary,2482,160832,29562,414,0,160832,131270,two-sided,0.3716274232290624,5,9999,20260907,0.0022574716325387484,8.408441208587067e-05,B2_over_B1,COMPLETE_COVERAGE,qlike_regime_secondary,0.0011780410240763825,0.3698742447339703,lightgbm_qlike,4,False,SECONDARY,two-sided percentile 95%; not inversion of centered-null p,delta = 0,resampled statistic minus observed statistic; +1 correction,323,0.1296,0.0324,0.4717570301617346,20,trimmed_mean_5pct,COMPUTED,last_hour,
5,primary,492,160832,31399,82,0,160832,129433,two-sided,0.3253532747167729,5,9999,20260907,0.0024151201919365827,0.000747317803016655,B1_over_B0,COMPLETE_COVERAGE,qlike_regime_secondary,0.0016144505047796997,0.3237388242119932,log_ridge_harq,4,False,SECONDARY,two-sided percentile 95%; not inversion of centered-null p,delta = 0,resampled statistic minus observed statistic; +1 correction,2,0.0012,0.0003,0.49621461661485167,0,mean,COMPUTED,weekly_expiration,
5,primary,492,160832,31399,82,0,160832,129433,two-sided,0.3237388242119932,5,9999,20260907,0.002798632848261315,-5.931253690380883e-05,B2_over_B1,COMPLETE_COVERAGE,qlike_regime_secondary,0.0014267672438185292,0.32231205696817466,log_ridge_harq,4,False,SECONDARY,two-sided percentile 95%; not inversion of centered-null p,delta = 0,resampled statistic minus observed statistic; +1 correction,493,0.1482,0.0494,0.4407155203863477,0,mean,COMPUTED,weekly_expiration,
5,primary,492,160832,31399,82,0,160832,129433,two-sided,0.326035677527202,5,9999,20260907,0.0032651732625230425,-0.0006842297590312982,B1_over_B0,COMPLETE_COVERAGE,qlike_regime_secondary,0.0012673954344438675,0.32476828209275815,lightgbm_qlike,4,False,SECONDARY,two-sided percentile 95%; not inversion of centered-null p,delta = 0,resampled statistic minus observed statistic; +1 correction,2104,0.3428,0.2105,0.38872906304498706,0,mean,COMPUTED,weekly_expiration,
5,primary,492,160832,31399,82,0,160832,129433,two-sided,0.32476828209275815,5,9999,20260907,0.0029320262515663727,-0.0006097368291261934,B2_over_B1,COMPLETE_COVERAGE,qlike_regime_secondary,0.001238413137367569,0.32352986895539054,lightgbm_qlike,4,False,SECONDARY,two-sided percentile 95%; not inversion of centered-null p,delta = 0,resampled statistic minus observed statistic; +1 correction,1713,0.3428,0.1714,0.38132207042738914,0,mean,COMPUTED,weekly_expiration,
5,primary,492,160832,31399,82,0,160832,129433,two-sided,0.3253532747167729,5,9999,20260907,0.0024647779333887986,0.0006188538983368796,B1_over_B0,COMPLETE_COVERAGE,qlike_regime_secondary,0.0015484866210384585,0.3237388242119932,log_ridge_harq,4,False,SECONDARY,two-sided percentile 95%; not inversion of centered-null p,delta = 0,resampled statistic minus observed statistic; +1 correction,86,0.0308,0.0087,0.49621461661485167,0,median,COMPUTED,weekly_expiration,
5,primary,492,160832,31399,82,0,160832,129433,two-sided,0.3237388242119932,5,9999,20260907,0.0026803624600208187,0.0006497461669992544,B2_over_B1,COMPLETE_COVERAGE,qlike_regime_secondary,0.0020654907530396893,0.32231205696817466,log_ridge_harq,4,False,SECONDARY,two-sided percentile 95%; not inversion of centered-null p,delta = 0,resampled statistic minus observed statistic; +1 correction,76,0.0308,0.0077,0.4407155203863477,0,median,COMPUTED,weekly_expiration,
5,primary,492,160832,31399,82,0,160832,129433,two-sided,0.326035677527202,5,9999,20260907,0.0020753230695042257,-0.0002477550588082522,B1_over_B0,COMPLETE_COVERAGE,qlike_regime_secondary,0.0010682197555594575,0.32476828209275815,lightgbm_qlike,4,False,SECONDARY,two-sided percentile 95%; not inversion of centered-null p,delta = 0,resampled statistic minus observed statistic; +1 correction,1176,0.1177,0.1177,0.38872906304498706,0,median,COMPUTED,weekly_expiration,
5,primary,492,160832,31399,82,0,160832,129433,two-sided,0.32476828209275815,5,9999,20260907,0.002622653424267457,0.0005817876590558657,B2_over_B1,COMPLETE_COVERAGE,qlike_regime_secondary,0.0016679228305548077,0.32352986895539054,lightgbm_qlike,4,False,SECONDARY,two-sided percentile 95%; not inversion of centered-null p,delta = 0,resampled statistic minus observed statistic; +1 correction,80,0.0308,0.0081,0.38132207042738914,0,median,COMPUTED,weekly_expiration,
5,primary,492,160832,31399,82,0,160832,129433,two-sided,0.3253532747167729,5,9999,20260907,0.0023938115474885636,0.0009319649638057579,B1_over_B0,COMPLETE_COVERAGE,qlike_regime_secondary,0.0017302875308728596,0.3237388242119932,log_ridge_harq,4,False,SECONDARY,two-sided percentile 95%; not inversion of centered-null p,delta = 0,resampled statistic minus observed statistic; +1 correction,0,0.0004,0.0001,0.49621461661485167,4,trimmed_mean_5pct,COMPUTED,weekly_expiration,
5,primary,492,160832,31399,82,0,160832,129433,two-sided,0.3237388242119932,5,9999,20260907,0.00296444066175201,0.00041789315518222354,B2_over_B1,COMPLETE_COVERAGE,qlike_regime_secondary,0.0017638302851815165,0.32231205696817466,log_ridge_harq,4,False,SECONDARY,two-sided percentile 95%; not inversion of centered-null p,delta = 0,resampled statistic minus observed statistic; +1 correction,73,0.0222,0.0074,0.4407155203863477,4,trimmed_mean_5pct,COMPUTED,weekly_expiration,
5,primary,492,160832,31399,82,0,160832,129433,two-sided,0.326035677527202,5,9999,20260907,0.0030779533686958313,-0.0001609527296133534,B1_over_B0,COMPLETE_COVERAGE,qlike_regime_secondary,0.001291948200811936,0.32476828209275815,lightgbm_qlike,4,False,SECONDARY,two-sided percentile 95%; not inversion of centered-null p,delta = 0,resampled statistic minus observed statistic; +1 correction,1145,0.1146,0.1146,0.38872906304498706,4,trimmed_mean_5pct,COMPUTED,weekly_expiration,
5,primary,492,160832,31399,82,0,160832,129433,two-sided,0.32476828209275815,5,9999,20260907,0.002656394427740438,-3.5566825508524364e-06,B2_over_B1,COMPLETE_COVERAGE,qlike_regime_secondary,0.0014771787349335593,0.32352986895539054,lightgbm_qlike,4,False,SECONDARY,two-sided percentile 95%; not inversion of centered-null p,delta = 0,resampled statistic minus observed statistic; +1 correction,331,0.0664,0.0332,0.38132207042738914,4,trimmed_mean_5pct,COMPUTED,weekly_expiration,
5,primary,108,160832,6989,18,0,160832,153843,two-sided,0.3205767118423423,5,9999,20260907,0.0022886778713794268,0.00017897385029411338,B1_over_B0,COMPLETE_COVERAGE,qlike_regime_secondary,0.0011196673794726308,0.3194570444628697,log_ridge_harq,4,False,SECONDARY,two-sided percentile 95%; not inversion of centered-null p,delta = 0,resampled statistic minus observed statistic; +1 correction,372,0.0746,0.0373,0.3492665992604218,0,mean,COMPUTED,third_friday,
5,primary,108,160832,6989,18,0,160832,153843,two-sided,0.3194570444628697,5,9999,20260907,0.001438118872767517,0.0005327958880840491,B2_over_B1,COMPLETE_COVERAGE,qlike_regime_secondary,0.0009776123331049615,0.3184794321297647,log_ridge_harq,4,False,SECONDARY,two-sided percentile 95%; not inversion of centered-null p,delta = 0,resampled statistic minus observed statistic; +1 correction,0,0.0004,0.0001,0.3060230945129741,0,mean,COMPUTED,third_friday,
5,primary,108,160832,6989,18,0,160832,153843,two-sided,0.319042107513029,5,9999,20260907,-0.00039200318169707967,-0.0028938151134610185,B1_over_B0,COMPLETE_COVERAGE,qlike_regime_secondary,-0.0016826186380359204,0.32072472615106506,lightgbm_qlike,4,False,SECONDARY,two-sided percentile 95%; not inversion of centered-null p,delta = 0,resampled statistic minus observed statistic; +1 correction,76,0.023100000000000002,0.0077,-0.5273970420870561,0,mean,COMPUTED,third_friday,
5,primary,108,160832,6989,18,0,160832,153843,two-sided,0.32072472615106506,5,9999,20260907,0.003427822226525709,-0.0004253729022915227,B2_over_B1,COMPLETE_COVERAGE,qlike_regime_secondary,0.0015259140301721874,0.3191988121208928,lightgbm_qlike,4,False,SECONDARY,two-sided percentile 95%; not inversion of centered-null p,delta = 0,resampled statistic minus observed statistic; +1 correction,1226,0.1227,0.1227,0.47577062376334034,0,mean,COMPUTED,third_friday,
5,primary,108,160832,6989,18,0,160832,153843,two-sided,0.3205767118423423,5,9999,20260907,0.0029786370229141212,-0.00019537192771729162,B1_over_B0,COMPLETE_COVERAGE,qlike_regime_secondary,0.0012704600889177353,0.3194570444628697,log_ridge_harq,4,False,SECONDARY,two-sided percentile 95%; not inversion of centered-null p,delta = 0,resampled statistic minus observed statistic; +1 correction,3359,1.0,0.336,0.3492665992604218,0,median,COMPUTED,third_friday,
5,primary,108,160832,6989,18,0,160832,153843,two-sided,0.3194570444628697,5,9999,20260907,0.0022336912338883907,6.022436504808659e-05,B2_over_B1,COMPLETE_COVERAGE,qlike_regime_secondary,0.0010940018809161012,0.3184794321297647,log_ridge_harq,4,False,SECONDARY,two-sided percentile 95%; not inversion of centered-null p,delta = 0,resampled statistic minus observed statistic; +1 correction,507,0.2032,0.0508,0.3060230945129741,0,median,COMPUTED,third_friday,
5,primary,108,160832,6989,18,0,160832,153843,two-sided,0.319042107513029,5,9999,20260907,0.0005693353112697086,-0.002661734203698085,B1_over_B0,COMPLETE_COVERAGE,qlike_regime_secondary,-0.0005142119599464701,0.32072472615106506,lightgbm_qlike,4,False,SECONDARY,two-sided percentile 95%; not inversion of centered-null p,delta = 0,resampled statistic minus observed statistic; +1 correction,6447,1.0,0.6448,-0.5273970420870561,0,median,COMPUTED,third_friday,
5,primary,108,160832,6989,18,0,160832,153843,two-sided,0.32072472615106506,5,9999,20260907,0.0030037401866385427,-0.0020910553606873217,B2_over_B1,COMPLETE_COVERAGE,qlike_regime_secondary,0.0005702794211924211,0.3191988121208928,lightgbm_qlike,4,False,SECONDARY,two-sided percentile 95%; not inversion of centered-null p,delta = 0,resampled statistic minus observed statistic; +1 correction,8406,1.0,0.8407,0.47577062376334034,0,median,COMPUTED,third_friday,
5,primary,108,160832,6989,18,0,160832,153843,two-sided,0.3205767118423423,5,9999,20260907,0.0022886778713794268,0.00017897385029411338,B1_over_B0,COMPLETE_COVERAGE,qlike_regime_secondary,0.0011196673794726308,0.3194570444628697,log_ridge_harq,4,False,SECONDARY,two-sided percentile 95%; not inversion of centered-null p,delta = 0,resampled statistic minus observed statistic; +1 correction,372,0.0746,0.0373,0.3492665992604218,0,trimmed_mean_5pct,COMPUTED,third_friday,
5,primary,108,160832,6989,18,0,160832,153843,two-sided,0.3194570444628697,5,9999,20260907,0.001438118872767517,0.0005327958880840491,B2_over_B1,COMPLETE_COVERAGE,qlike_regime_secondary,0.0009776123331049615,0.3184794321297647,log_ridge_harq,4,False,SECONDARY,two-sided percentile 95%; not inversion of centered-null p,delta = 0,resampled statistic minus observed statistic; +1 correction,0,0.0004,0.0001,0.3060230945129741,0,trimmed_mean_5pct,COMPUTED,third_friday,
5,primary,108,160832,6989,18,0,160832,153843,two-sided,0.319042107513029,5,9999,20260907,-0.00039200318169707967,-0.0028938151134610185,B1_over_B0,COMPLETE_COVERAGE,qlike_regime_secondary,-0.0016826186380359204,0.32072472615106506,lightgbm_qlike,4,False,SECONDARY,two-sided percentile 95%; not inversion of centered-null p,delta = 0,resampled statistic minus observed statistic; +1 correction,76,0.023100000000000002,0.0077,-0.5273970420870561,0,trimmed_mean_5pct,COMPUTED,third_friday,
5,primary,108,160832,6989,18,0,160832,153843,two-sided,0.32072472615106506,5,9999,20260907,0.003427822226525709,-0.0004253729022915227,B2_over_B1,COMPLETE_COVERAGE,qlike_regime_secondary,0.0015259140301721874,0.3191988121208928,lightgbm_qlike,4,False,SECONDARY,two-sided percentile 95%; not inversion of centered-null p,delta = 0,resampled statistic minus observed statistic; +1 correction,1226,0.1227,0.1227,0.47577062376334034,0,trimmed_mean_5pct,COMPUTED,third_friday,
5,primary,1694,160832,67269,403,378,160454,93185,two-sided,0.34692841129490476,5,9999,20260907,0.002052721760382969,1.581253037695109e-05,B1_over_B0,PARTIAL_COVERAGE,qlike_regime_secondary,0.0010607808202670649,0.3458676304746377,log_ridge_harq,4,False,SECONDARY,two-sided percentile 95%; not inversion of centered-null p,delta = 0,resampled statistic minus observed statistic; +1 correction,402,0.1612,0.0403,0.30576360590005225,0,mean,COMPUTED,high_gamma,
5,primary,1694,160832,67269,403,378,160454,93185,two-sided,0.3458676304746377,5,9999,20260907,0.002529296175678254,-0.00019597227063512335,B2_over_B1,PARTIAL_COVERAGE,qlike_regime_secondary,0.0011321682246811047,0.3447354622499566,log_ridge_harq,4,False,SECONDARY,two-sided percentile 95%; not inversion of centered-null p,delta = 0,resampled statistic minus observed statistic; +1 correction,1023,0.30720000000000003,0.1024,0.327341481227202,0,mean,COMPUTED,high_gamma,
5,primary,1694,160832,67269,403,378,160454,93185,two-sided,0.3462791186184276,5,9999,20260907,0.0031199599390842863,-0.0007757763217383734,B1_over_B0,PARTIAL_COVERAGE,qlike_regime_secondary,0.0011988059709564462,0.34508031264747124,lightgbm_qlike,4,False,SECONDARY,two-sided percentile 95%; not inversion of centered-null p,delta = 0,resampled statistic minus observed statistic; +1 correction,2228,0.4458,0.2229,0.34619643706481656,0,mean,COMPUTED,high_gamma,
5,primary,1694,160832,67269,403,378,160454,93185,two-sided,0.34508031264747124,5,9999,20260907,0.002597103106934453,-0.0008462024601584782,B2_over_B1,PARTIAL_COVERAGE,qlike_regime_secondary,0.0008972234181259403,0.3441830892293452,lightgbm_qlike,4,False,SECONDARY,two-sided percentile 95%; not inversion of centered-null p,delta = 0,resampled statistic minus observed statistic; +1 correction,3050,0.4458,0.3051,0.2600042324183617,0,mean,COMPUTED,high_gamma,
5,primary,1694,160832,67269,403,378,160454,93185,two-sided,0.34692841129490476,5,9999,20260907,0.001128261962672128,-1.9696226818438634e-05,B1_over_B0,PARTIAL_COVERAGE,qlike_regime_secondary,0.0005832740341935594,0.3458676304746377,log_ridge_harq,4,False,SECONDARY,two-sided percentile 95%; not inversion of centered-null p,delta = 0,resampled statistic minus observed statistic; +1 correction,498,0.1996,0.0499,0.30576360590005225,0,median,COMPUTED,high_gamma,
5,primary,1694,160832,67269,403,378,160454,93185,two-sided,0.3458676304746377,5,9999,20260907,0.0012152799656115487,-0.0005598615151051756,B2_over_B1,PARTIAL_COVERAGE,qlike_regime_secondary,0.00014540133499785224,0.3447354622499566,log_ridge_harq,4,False,SECONDARY,two-sided percentile 95%; not inversion of centered-null p,delta = 0,resampled statistic minus observed statistic; +1 correction,7007,0.7008,0.7008,0.327341481227202,0,median,COMPUTED,high_gamma,
5,primary,1694,160832,67269,403,378,160454,93185,two-sided,0.3462791186184276,5,9999,20260907,0.0018734694419562659,-0.00015154813543372114,B1_over_B0,PARTIAL_COVERAGE,qlike_regime_secondary,0.0007844986616636906,0.34508031264747124,lightgbm_qlike,4,False,SECONDARY,two-sided percentile 95%; not inversion of centered-null p,delta = 0,resampled statistic minus observed statistic; +1 correction,1625,0.3993,0.1626,0.34619643706481656,0,median,COMPUTED,high_gamma,
5,primary,1694,160832,67269,403,378,160454,93185,two-sided,0.34508031264747124,5,9999,20260907,0.0015017111281636075,-0.0003985764597326247,B2_over_B1,PARTIAL_COVERAGE,qlike_regime_secondary,0.000657828908112168,0.3441830892293452,lightgbm_qlike,4,False,SECONDARY,two-sided percentile 95%; not inversion of centered-null p,delta = 0,resampled statistic minus observed statistic; +1 correction,1330,0.3993,0.1331,0.2600042324183617,0,median,COMPUTED,high_gamma,
5,primary,1694,160832,67269,403,378,160454,93185,two-sided,0.34692841129490476,5,9999,20260907,0.0015387035081037474,0.00017433017813383526,B1_over_B0,PARTIAL_COVERAGE,qlike_regime_secondary,0.0008685083956047874,0.3458676304746377,log_ridge_harq,4,False,SECONDARY,two-sided percentile 95%; not inversion of centered-null p,delta = 0,resampled statistic minus observed statistic; +1 correction,134,0.054,0.0135,0.30576360590005225,20,trimmed_mean_5pct,COMPUTED,high_gamma,
5,primary,1694,160832,67269,403,378,160454,93185,two-sided,0.3458676304746377,5,9999,20260907,0.0016850324450071402,-0.0004900644838668674,B2_over_B1,PARTIAL_COVERAGE,qlike_regime_secondary,0.0005616049566978698,0.3447354622499566,log_ridge_harq,4,False,SECONDARY,two-sided percentile 95%; not inversion of centered-null p,delta = 0,resampled statistic minus observed statistic; +1 correction,3139,0.5306,0.314,0.327341481227202,20,trimmed_mean_5pct,COMPUTED,high_gamma,
5,primary,1694,160832,67269,403,378,160454,93185,two-sided,0.3462791186184276,5,9999,20260907,0.0026054213098467686,-8.391810093848106e-05,B1_over_B0,PARTIAL_COVERAGE,qlike_regime_secondary,0.0012427943333710395,0.34508031264747124,lightgbm_qlike,4,False,SECONDARY,two-sided percentile 95%; not inversion of centered-null p,delta = 0,resampled statistic minus observed statistic; +1 correction,720,0.2163,0.0721,0.34619643706481656,20,trimmed_mean_5pct,COMPUTED,high_gamma,
5,primary,1694,160832,67269,403,378,160454,93185,two-sided,0.34508031264747124,5,9999,20260907,0.0015856370667046203,-0.0004363913673471869,B2_over_B1,PARTIAL_COVERAGE,qlike_regime_secondary,0.0005703618849117488,0.3441830892293452,lightgbm_qlike,4,False,SECONDARY,two-sided percentile 95%; not inversion of centered-null p,delta = 0,resampled statistic minus observed statistic; +1 correction,2652,0.5306,0.2653,0.2600042324183617,20,trimmed_mean_5pct,COMPUTED,high_gamma,
5,primary,25,160832,412,6,0,160832,160420,two-sided,0.19075433160362065,5,9999,20260907,,,B1_over_B0,COMPLETE_COVERAGE,qlike_regime_secondary,-0.024620461409866828,0.21537479301348747,log_ridge_harq,4,True,SECONDARY,,,,,,,-12.906895063870472,0,mean,NO VERIFICABLE,window_empty_5m,insufficient finite sessions
5,primary,25,160832,412,6,0,160832,160420,two-sided,0.21537479301348747,5,9999,20260907,,,B2_over_B1,COMPLETE_COVERAGE,qlike_regime_secondary,-0.10580405871485242,0.3211788517283399,log_ridge_harq,4,True,SECONDARY,,,,,,,-49.12555328989991,0,mean,NO VERIFICABLE,window_empty_5m,insufficient finite sessions
5,primary,25,160832,412,6,0,160832,160420,two-sided,0.19126045047015885,5,9999,20260907,,,B1_over_B0,COMPLETE_COVERAGE,qlike_regime_secondary,0.010072737545308028,0.1811877129248508,lightgbm_qlike,4,True,SECONDARY,,,,,,,5.266503095933894,0,mean,NO VERIFICABLE,window_empty_5m,insufficient finite sessions
5,primary,25,160832,412,6,0,160832,160420,two-sided,0.1811877129248508,5,9999,20260907,,,B2_over_B1,COMPLETE_COVERAGE,qlike_regime_secondary,-0.006484954281478291,0.18767266720632914,lightgbm_qlike,4,True,SECONDARY,,,,,,,-3.5791357906084844,0,mean,NO VERIFICABLE,window_empty_5m,insufficient finite sessions
5,primary,25,160832,412,6,0,160832,160420,two-sided,0.19075433160362065,5,9999,20260907,,,B1_over_B0,COMPLETE_COVERAGE,qlike_regime_secondary,-0.009514694217645836,0.21537479301348747,log_ridge_harq,4,True,SECONDARY,,,,,,,-12.906895063870472,0,median,NO VERIFICABLE,window_empty_5m,insufficient finite sessions
5,primary,25,160832,412,6,0,160832,160420,two-sided,0.21537479301348747,5,9999,20260907,,,B2_over_B1,COMPLETE_COVERAGE,qlike_regime_secondary,-0.06604466392988667,0.3211788517283399,log_ridge_harq,4,True,SECONDARY,,,,,,,-49.12555328989991,0,median,NO VERIFICABLE,window_empty_5m,insufficient finite sessions
5,primary,25,160832,412,6,0,160832,160420,two-sided,0.19126045047015885,5,9999,20260907,,,B1_over_B0,COMPLETE_COVERAGE,qlike_regime_secondary,0.0099401283341694,0.1811877129248508,lightgbm_qlike,4,True,SECONDARY,,,,,,,5.266503095933894,0,median,NO VERIFICABLE,window_empty_5m,insufficient finite sessions
5,primary,25,160832,412,6,0,160832,160420,two-sided,0.1811877129248508,5,9999,20260907,,,B2_over_B1,COMPLETE_COVERAGE,qlike_regime_secondary,-0.007455087311849205,0.18767266720632914,lightgbm_qlike,4,True,SECONDARY,,,,,,,-3.5791357906084844,0,median,NO VERIFICABLE,window_empty_5m,insufficient finite sessions
5,primary,25,160832,412,6,0,160832,160420,two-sided,0.19075433160362065,5,9999,20260907,,,B1_over_B0,COMPLETE_COVERAGE,qlike_regime_secondary,-0.02462046140986682,0.21537479301348747,log_ridge_harq,4,True,SECONDARY,,,,,,,-12.906895063870472,0,trimmed_mean_5pct,NO VERIFICABLE,window_empty_5m,insufficient finite sessions
5,primary,25,160832,412,6,0,160832,160420,two-sided,0.21537479301348747,5,9999,20260907,,,B2_over_B1,COMPLETE_COVERAGE,qlike_regime_secondary,-0.10580405871485243,0.3211788517283399,log_ridge_harq,4,True,SECONDARY,,,,,,,-49.12555328989991,0,trimmed_mean_5pct,NO VERIFICABLE,window_empty_5m,insufficient finite sessions
5,primary,25,160832,412,6,0,160832,160420,two-sided,0.19126045047015885,5,9999,20260907,,,B1_over_B0,COMPLETE_COVERAGE,qlike_regime_secondary,0.010072737545308028,0.1811877129248508,lightgbm_qlike,4,True,SECONDARY,,,,,,,5.266503095933894,0,trimmed_mean_5pct,NO VERIFICABLE,window_empty_5m,insufficient finite sessions
5,primary,25,160832,412,6,0,160832,160420,two-sided,0.1811877129248508,5,9999,20260907,,,B2_over_B1,COMPLETE_COVERAGE,qlike_regime_secondary,-0.006484954281478291,0.18767266720632914,lightgbm_qlike,4,True,SECONDARY,,,,,,,-3.5791357906084844,0,trimmed_mean_5pct,NO VERIFICABLE,window_empty_5m,insufficient finite sessions
5,primary,7,160832,384,2,0,160832,160448,two-sided,0.22725022686347018,5,9999,20260907,,,B1_over_B0,COMPLETE_COVERAGE,qlike_regime_secondary,-0.005798219356980661,0.23304844622045084,log_ridge_harq,4,True,SECONDARY,,,,,,,-2.5514691171085944,0,mean,NO VERIFICABLE,window_empty_30m,insufficient finite sessions
5,primary,7,160832,384,2,0,160832,160448,two-sided,0.23304844622045084,5,9999,20260907,,,B2_over_B1,COMPLETE_COVERAGE,qlike_regime_secondary,-0.06993254143235736,0.30298098765280823,log_ridge_harq,4,True,SECONDARY,,,,,,,-30.007726962575443,0,mean,NO VERIFICABLE,window_empty_30m,insufficient finite sessions
5,primary,7,160832,384,2,0,160832,160448,two-sided,0.2126406346403137,5,9999,20260907,,,B1_over_B0,COMPLETE_COVERAGE,qlike_regime_secondary,-0.009471357157416399,0.2221119917977301,lightgbm_qlike,4,True,SECONDARY,,,,,,,-4.454161441644212,0,mean,NO VERIFICABLE,window_empty_30m,insufficient finite sessions
5,primary,7,160832,384,2,0,160832,160448,two-sided,0.2221119917977301,5,9999,20260907,,,B2_over_B1,COMPLETE_COVERAGE,qlike_regime_secondary,-0.0040328393470101115,0.2261448311447402,lightgbm_qlike,4,True,SECONDARY,,,,,,,-1.8156783496330455,0,mean,NO VERIFICABLE,window_empty_30m,insufficient finite sessions
5,primary,7,160832,384,2,0,160832,160448,two-sided,0.22725022686347018,5,9999,20260907,,,B1_over_B0,COMPLETE_COVERAGE,qlike_regime_secondary,-0.005798219356980661,0.23304844622045084,log_ridge_harq,4,True,SECONDARY,,,,,,,-2.5514691171085944,0,median,NO VERIFICABLE,window_empty_30m,insufficient finite sessions
5,primary,7,160832,384,2,0,160832,160448,two-sided,0.23304844622045084,5,9999,20260907,,,B2_over_B1,COMPLETE_COVERAGE,qlike_regime_secondary,-0.06993254143235736,0.30298098765280823,log_ridge_harq,4,True,SECONDARY,,,,,,,-30.007726962575443,0,median,NO VERIFICABLE,window_empty_30m,insufficient finite sessions
5,primary,7,160832,384,2,0,160832,160448,two-sided,0.2126406346403137,5,9999,20260907,,,B1_over_B0,COMPLETE_COVERAGE,qlike_regime_secondary,-0.009471357157416399,0.2221119917977301,lightgbm_qlike,4,True,SECONDARY,,,,,,,-4.454161441644212,0,median,NO VERIFICABLE,window_empty_30m,insufficient finite sessions
5,primary,7,160832,384,2,0,160832,160448,two-sided,0.2221119917977301,5,9999,20260907,,,B2_over_B1,COMPLETE_COVERAGE,qlike_regime_secondary,-0.0040328393470101115,0.2261448311447402,lightgbm_qlike,4,True,SECONDARY,,,,,,,-1.8156783496330455,0,median,NO VERIFICABLE,window_empty_30m,insufficient finite sessions
5,primary,7,160832,384,2,0,160832,160448,two-sided,0.22725022686347018,5,9999,20260907,,,B1_over_B0,COMPLETE_COVERAGE,qlike_regime_secondary,-0.005798219356980661,0.23304844622045084,log_ridge_harq,4,True,SECONDARY,,,,,,,-2.5514691171085944,0,trimmed_mean_5pct,NO VERIFICABLE,window_empty_30m,insufficient finite sessions
5,primary,7,160832,384,2,0,160832,160448,two-sided,0.23304844622045084,5,9999,20260907,,,B2_over_B1,COMPLETE_COVERAGE,qlike_regime_secondary,-0.06993254143235736,0.30298098765280823,log_ridge_harq,4,True,SECONDARY,,,,,,,-30.007726962575443,0,trimmed_mean_5pct,NO VERIFICABLE,window_empty_30m,insufficient finite sessions
5,primary,7,160832,384,2,0,160832,160448,two-sided,0.2126406346403137,5,9999,20260907,,,B1_over_B0,COMPLETE_COVERAGE,qlike_regime_secondary,-0.009471357157416399,0.2221119917977301,lightgbm_qlike,4,True,SECONDARY,,,,,,,-4.454161441644212,0,trimmed_mean_5pct,NO VERIFICABLE,window_empty_30m,insufficient finite sessions
5,primary,7,160832,384,2,0,160832,160448,two-sided,0.2221119917977301,5,9999,20260907,,,B2_over_B1,COMPLETE_COVERAGE,qlike_regime_secondary,-0.0040328393470101115,0.2261448311447402,lightgbm_qlike,4,True,SECONDARY,,,,,,,-1.8156783496330455,0,trimmed_mean_5pct,NO VERIFICABLE,window_empty_30m,insufficient finite sessions
5,primary,2508,160832,160420,418,0,160832,412,two-sided,0.3489991447690655,5,9999,20260907,0.002418543553906083,0.0004904554203005915,B1_over_B0,COMPLETE_COVERAGE,qlike_regime_secondary,0.0013528957385596627,0.3476462490305059,log_ridge_harq,4,False,SECONDARY,two-sided percentile 95%; not inversion of centered-null p,delta = 0,resampled statistic minus observed statistic; +1 correction,87,0.0284,0.0088,0.3876501587002113,0,mean,COMPUTED,window_nonempty_5m,
5,primary,2508,160832,160420,418,0,160832,412,two-sided,0.3476462490305059,5,9999,20260907,0.0018160736803669619,0.0003105516808109572,B2_over_B1,COMPLETE_COVERAGE,qlike_regime_secondary,0.0010502834989725468,0.3465959655315333,log_ridge_harq,4,False,SECONDARY,two-sided percentile 95%; not inversion of centered-null p,delta = 0,resampled statistic minus observed statistic; +1 correction,70,0.0284,0.0071,0.30211270850800537,0,mean,COMPUTED,window_nonempty_5m,
5,primary,2508,160832,160420,418,0,160832,412,two-sided,0.3533908687393372,5,9999,20260907,0.004419431575580119,0.00021080547816222203,B1_over_B0,COMPLETE_COVERAGE,qlike_regime_secondary,0.0019399727356551467,0.3514508960036822,lightgbm_qlike,4,False,SECONDARY,two-sided percentile 95%; not inversion of centered-null p,delta = 0,resampled statistic minus observed statistic; +1 correction,660,0.1322,0.0661,0.5489594970508646,0,mean,COMPUTED,window_nonempty_5m,
5,primary,2508,160832,160420,418,0,160832,412,two-sided,0.3514508960036822,5,9999,20260907,0.001991624338452757,-0.0009353403834935657,B2_over_B1,COMPLETE_COVERAGE,qlike_regime_secondary,0.0005887417035580222,0.3508621543001242,lightgbm_qlike,4,False,SECONDARY,two-sided percentile 95%; not inversion of centered-null p,delta = 0,resampled statistic minus observed statistic; +1 correction,3808,0.3809,0.3809,0.16751748544463918,0,mean,COMPUTED,window_nonempty_5m,
5,primary,2508,160832,160420,418,0,160832,412,two-sided,0.3489991447690655,5,9999,20260907,0.001103819282791435,0.00023165339401054474,B1_over_B0,COMPLETE_COVERAGE,qlike_regime_secondary,0.0008985798503194364,0.3476462490305059,log_ridge_harq,4,False,SECONDARY,two-sided percentile 95%; not inversion of centered-null p,delta = 0,resampled statistic minus observed statistic; +1 correction,22,0.0054,0.0023,0.3876501587002113,0,median,COMPUTED,window_nonempty_5m,
5,primary,2508,160832,160420,418,0,160832,412,two-sided,0.3476462490305059,5,9999,20260907,0.0017682978661205675,0.0006621771365035722,B2_over_B1,COMPLETE_COVERAGE,qlike_regime_secondary,0.0010612465700609586,0.3465959655315333,log_ridge_harq,4,False,SECONDARY,two-sided percentile 95%; not inversion of centered-null p,delta = 0,resampled statistic minus observed statistic; +1 correction,5,0.0024,0.0006,0.30211270850800537,0,median,COMPUTED,window_nonempty_5m,
5,primary,2508,160832,160420,418,0,160832,412,two-sided,0.3533908687393372,5,9999,20260907,0.0014629569539206244,0.00021991762038447993,B1_over_B0,COMPLETE_COVERAGE,qlike_regime_secondary,0.0008843066943699796,0.3514508960036822,lightgbm_qlike,4,False,SECONDARY,two-sided percentile 95%; not inversion of centered-null p,delta = 0,resampled statistic minus observed statistic; +1 correction,31,0.0054,0.0032,0.5489594970508646,0,median,COMPUTED,window_nonempty_5m,
5,primary,2508,160832,160420,418,0,160832,412,two-sided,0.3514508960036822,5,9999,20260907,0.0014610875465388418,0.0003523101575671206,B2_over_B1,COMPLETE_COVERAGE,qlike_regime_secondary,0.0009887027162859552,0.3508621543001242,lightgbm_qlike,4,False,SECONDARY,two-sided percentile 95%; not inversion of centered-null p,delta = 0,resampled statistic minus observed statistic; +1 correction,17,0.0054,0.0018,0.16751748544463918,0,median,COMPUTED,window_nonempty_5m,
5,primary,2508,160832,160420,418,0,160832,412,two-sided,0.3489991447690655,5,9999,20260907,0.0015812194446962842,0.0006180603085533943,B1_over_B0,COMPLETE_COVERAGE,qlike_regime_secondary,0.0011127414942481465,0.3476462490305059,log_ridge_harq,4,False,SECONDARY,two-sided percentile 95%; not inversion of centered-null p,delta = 0,resampled statistic minus observed statistic; +1 correction,0,0.0004,0.0001,0.3876501587002113,20,trimmed_mean_5pct,COMPUTED,window_nonempty_5m,
5,primary,2508,160832,160420,418,0,160832,412,two-sided,0.3476462490305059,5,9999,20260907,0.0018832932798701118,0.0005727932197188536,B2_over_B1,COMPLETE_COVERAGE,qlike_regime_secondary,0.0012098282015273285,0.3465959655315333,log_ridge_harq,4,False,SECONDARY,two-sided percentile 95%; not inversion of centered-null p,delta = 0,resampled statistic minus observed statistic; +1 correction,5,0.0018,0.0006,0.30211270850800537,20,trimmed_mean_5pct,COMPUTED,window_nonempty_5m,
5,primary,2508,160832,160420,418,0,160832,412,two-sided,0.3533908687393372,5,9999,20260907,0.0017843903346005142,0.0002531151546073482,B1_over_B0,COMPLETE_COVERAGE,qlike_regime_secondary,0.0009988839680602167,0.3514508960036822,lightgbm_qlike,4,False,SECONDARY,two-sided percentile 95%; not inversion of centered-null p,delta = 0,resampled statistic minus observed statistic; +1 correction,109,0.011,0.011,0.5489594970508646,20,trimmed_mean_5pct,COMPUTED,window_nonempty_5m,
5,primary,2508,160832,160420,418,0,160832,412,two-sided,0.3514508960036822,5,9999,20260907,0.0013516072595245792,0.0003100361764703344,B2_over_B1,COMPLETE_COVERAGE,qlike_regime_secondary,0.0008389067894866762,0.3508621543001242,lightgbm_qlike,4,False,SECONDARY,two-sided percentile 95%; not inversion of centered-null p,delta = 0,resampled statistic minus observed statistic; +1 correction,15,0.0032,0.0016,0.16751748544463918,20,trimmed_mean_5pct,COMPUTED,window_nonempty_5m,
5,primary,2508,160832,160448,418,0,160832,384,two-sided,0.3489601380096823,5,9999,20260907,0.002410250050435721,0.0004844258939173704,B1_over_B0,COMPLETE_COVERAGE,qlike_regime_secondary,0.0013459794913241567,0.3476141585183581,log_ridge_harq,4,False,SECONDARY,two-sided percentile 95%; not inversion of centered-null p,delta = 0,resampled statistic minus observed statistic; +1 correction,87,0.0312,0.0088,0.385711531122449,0,mean,COMPUTED,window_nonempty_30m,
5,primary,2508,160832,160448,418,0,160832,384,two-sided,0.3476141585183581,5,9999,20260907,0.0018125329658383212,0.00029431235003791486,B2_over_B1,COMPLETE_COVERAGE,qlike_regime_secondary,0.001039722093364001,0.34657443642499397,log_ridge_harq,4,False,SECONDARY,two-sided percentile 95%; not inversion of centered-null p,delta = 0,resampled statistic minus observed statistic; +1 correction,77,0.0312,0.0078,0.2991023431829206,0,mean,COMPUTED,window_nonempty_30m,
5,primary,2508,160832,160448,418,0,160832,384,two-sided,0.3533501881642571,5,9999,20260907,0.004420597954810222,0.00021422060349458806,B1_over_B0,COMPLETE_COVERAGE,qlike_regime_secondary,0.001942781591752524,0.35140740657250474,lightgbm_qlike,4,False,SECONDARY,two-sided percentile 95%; not inversion of centered-null p,delta = 0,resampled statistic minus observed statistic; +1 correction,653,0.1308,0.0654,0.5498176191289899,0,mean,COMPUTED,window_nonempty_30m,
5,primary,2508,160832,160448,418,0,160832,384,two-sided,0.35140740657250474,5,9999,20260907,0.001992225765204848,-0.000934674977736452,B2_over_B1,COMPLETE_COVERAGE,qlike_regime_secondary,0.0005883374343160007,0.35081906913818867,lightgbm_qlike,4,False,SECONDARY,two-sided percentile 95%; not inversion of centered-null p,delta = 0,resampled statistic minus observed statistic; +1 correction,3809,0.381,0.381,0.16742317415970884,0,mean,COMPUTED,window_nonempty_30m,
5,primary,2508,160832,160448,418,0,160832,384,two-sided,0.3489601380096823,5,9999,20260907,0.001103819282791435,0.00023165339401054474,B1_over_B0,COMPLETE_COVERAGE,qlike_regime_secondary,0.0008985798503194364,0.3476141585183581,log_ridge_harq,4,False,SECONDARY,two-sided percentile 95%; not inversion of centered-null p,delta = 0,resampled statistic minus observed statistic; +1 correction,22,0.0054,0.0023,0.385711531122449,0,median,COMPUTED,window_nonempty_30m,
5,primary,2508,160832,160448,418,0,160832,384,two-sided,0.3476141585183581,5,9999,20260907,0.0017339862122882632,0.0006571168570078945,B2_over_B1,COMPLETE_COVERAGE,qlike_regime_secondary,0.00104643490656392,0.34657443642499397,log_ridge_harq,4,False,SECONDARY,two-sided percentile 95%; not inversion of centered-null p,delta = 0,resampled statistic minus observed statistic; +1 correction,7,0.0032,0.0008,0.2991023431829206,0,median,COMPUTED,window_nonempty_30m,
5,primary,2508,160832,160448,418,0,160832,384,two-sided,0.3533501881642571,5,9999,20260907,0.0014629569539206244,0.00021991762038447993,B1_over_B0,COMPLETE_COVERAGE,qlike_regime_secondary,0.0008843066943699796,0.35140740657250474,lightgbm_qlike,4,False,SECONDARY,two-sided percentile 95%; not inversion of centered-null p,delta = 0,resampled statistic minus observed statistic; +1 correction,31,0.0054,0.0032,0.5498176191289899,0,median,COMPUTED,window_nonempty_30m,
5,primary,2508,160832,160448,418,0,160832,384,two-sided,0.35140740657250474,5,9999,20260907,0.0014610875465388418,0.0003523101575671206,B2_over_B1,COMPLETE_COVERAGE,qlike_regime_secondary,0.0009887027162859552,0.35081906913818867,lightgbm_qlike,4,False,SECONDARY,two-sided percentile 95%; not inversion of centered-null p,delta = 0,resampled statistic minus observed statistic; +1 correction,17,0.0054,0.0018,0.16742317415970884,0,median,COMPUTED,window_nonempty_30m,
5,primary,2508,160832,160448,418,0,160832,384,two-sided,0.3489601380096823,5,9999,20260907,0.001578309676210012,0.0006164863818312947,B1_over_B0,COMPLETE_COVERAGE,qlike_regime_secondary,0.001109549389454891,0.3476141585183581,log_ridge_harq,4,False,SECONDARY,two-sided percentile 95%; not inversion of centered-null p,delta = 0,resampled statistic minus observed statistic; +1 correction,0,0.0004,0.0001,0.385711531122449,20,trimmed_mean_5pct,COMPUTED,window_nonempty_30m,
5,primary,2508,160832,160448,418,0,160832,384,two-sided,0.3476141585183581,5,9999,20260907,0.0018842061625985649,0.0005665819870574318,B2_over_B1,COMPLETE_COVERAGE,qlike_regime_secondary,0.0012056231223864654,0.34657443642499397,log_ridge_harq,4,False,SECONDARY,two-sided percentile 95%; not inversion of centered-null p,delta = 0,resampled statistic minus observed statistic; +1 correction,6,0.0021,0.0007,0.2991023431829206,20,trimmed_mean_5pct,COMPUTED,window_nonempty_30m,
5,primary,2508,160832,160448,418,0,160832,384,two-sided,0.3533501881642571,5,9999,20260907,0.001789318071313133,0.00025666767648348596,B1_over_B0,COMPLETE_COVERAGE,qlike_regime_secondary,0.0010019900576070523,0.35140740657250474,lightgbm_qlike,4,False,SECONDARY,two-sided percentile 95%; not inversion of centered-null p,delta = 0,resampled statistic minus observed statistic; +1 correction,108,0.0109,0.0109,0.5498176191289899,20,trimmed_mean_5pct,COMPUTED,window_nonempty_30m,
5,primary,2508,160832,160448,418,0,160832,384,two-sided,0.35140740657250474,5,9999,20260907,0.0013512311263929938,0.00030978290751849783,B2_over_B1,COMPLETE_COVERAGE,qlike_regime_secondary,0.0008392914765110042,0.35081906913818867,lightgbm_qlike,4,False,SECONDARY,two-sided percentile 95%; not inversion of centered-null p,delta = 0,resampled statistic minus observed statistic; +1 correction,14,0.003,0.0015,0.16742317415970884,20,trimmed_mean_5pct,COMPUTED,window_nonempty_30m,
5,primary,419,160832,26898,419,0,160832,133934,two-sided,0.3664277585416072,5,9999,20260907,0.003560242387691614,0.00044401899726440264,B1_over_B0,COMPLETE_COVERAGE,qlike_regime_secondary,0.0018570723379525574,0.3645706862036546,log_ridge_harq,4,False,SECONDARY,two-sided percentile 95%; not inversion of centered-null p,delta = 0,resampled statistic minus observed statistic; +1 correction,205,0.0824,0.0206,0.5068044913801721,0,mean,COMPUTED,asset_AAPL,
5,primary,419,160832,26898,419,0,160832,133934,two-sided,0.3645706862036546,5,9999,20260907,0.0036874732132864915,0.0003427747536818157,B2_over_B1,COMPLETE_COVERAGE,qlike_regime_secondary,0.0019128816970803587,0.3626578045065743,log_ridge_harq,4,False,SECONDARY,two-sided percentile 95%; not inversion of centered-null p,delta = 0,resampled statistic minus observed statistic; +1 correction,270,0.0824,0.0271,0.5246943238908117,0,mean,COMPUTED,asset_AAPL,
5,primary,419,160832,26898,419,0,160832,133934,two-sided,0.3703421824919332,5,9999,20260907,0.0024629650254266275,-0.0022631119187594318,B1_over_B0,COMPLETE_COVERAGE,qlike_regime_secondary,3.9336716566499785e-05,0.37030284577536665,lightgbm_qlike,4,False,SECONDARY,two-sided percentile 95%; not inversion of centered-null p,delta = 0,resampled statistic minus observed statistic; +1 correction,9750,0.9751,0.9751,0.010621721863227563,0,mean,COMPUTED,asset_AAPL,
5,primary,419,160832,26898,419,0,160832,133934,two-sided,0.37030284577536665,5,9999,20260907,0.004679443445009984,-0.0015538165158137881,B2_over_B1,COMPLETE_COVERAGE,qlike_regime_secondary,0.0015046603488818703,0.36879818542648485,lightgbm_qlike,4,False,SECONDARY,two-sided percentile 95%; not inversion of centered-null p,delta = 0,resampled statistic minus observed statistic; +1 correction,3073,0.6148,0.3074,0.4063323752566104,0,mean,COMPUTED,asset_AAPL,
5,primary,419,160832,26898,419,0,160832,133934,two-sided,0.3664277585416072,5,9999,20260907,0.0019277391230458352,0.00038974444938744135,B1_over_B0,COMPLETE_COVERAGE,qlike_regime_secondary,0.0010600441714982423,0.3645706862036546,log_ridge_harq,4,False,SECONDARY,two-sided percentile 95%; not inversion of centered-null p,delta = 0,resampled statistic minus observed statistic; +1 correction,107,0.0324,0.0108,0.5068044913801721,0,median,COMPUTED,asset_AAPL,
5,primary,419,160832,26898,419,0,160832,133934,two-sided,0.3645706862036546,5,9999,20260907,0.0023597522863030296,0.000416388356644537,B2_over_B1,COMPLETE_COVERAGE,qlike_regime_secondary,0.0012622312768765243,0.3626578045065743,log_ridge_harq,4,False,SECONDARY,two-sided percentile 95%; not inversion of centered-null p,delta = 0,resampled statistic minus observed statistic; +1 correction,52,0.0212,0.0053,0.5246943238908117,0,median,COMPUTED,asset_AAPL,
5,primary,419,160832,26898,419,0,160832,133934,two-sided,0.3703421824919332,5,9999,20260907,0.00143857027573438,-0.0012971289974455513,B1_over_B0,COMPLETE_COVERAGE,qlike_regime_secondary,-4.999641105651875e-05,0.37030284577536665,lightgbm_qlike,4,False,SECONDARY,two-sided percentile 95%; not inversion of centered-null p,delta = 0,resampled statistic minus observed statistic; +1 correction,9269,0.927,0.927,0.010621721863227563,0,median,COMPUTED,asset_AAPL,
5,primary,419,160832,26898,419,0,160832,133934,two-sided,0.37030284577536665,5,9999,20260907,0.0023407412148838125,0.0002255241099429206,B2_over_B1,COMPLETE_COVERAGE,qlike_regime_secondary,0.0010122095840279233,0.36879818542648485,lightgbm_qlike,4,False,SECONDARY,two-sided percentile 95%; not inversion of centered-null p,delta = 0,resampled statistic minus observed statistic; +1 correction,614,0.123,0.0615,0.4063323752566104,0,median,COMPUTED,asset_AAPL,
5,primary,419,160832,26898,419,0,160832,133934,two-sided,0.3664277585416072,5,9999,20260907,0.0021212690311950355,0.00045848835396235173,B1_over_B0,COMPLETE_COVERAGE,qlike_regime_secondary,0.0013026406430328326,0.3645706862036546,log_ridge_harq,4,False,SECONDARY,two-sided percentile 95%; not inversion of centered-null p,delta = 0,resampled statistic minus observed statistic; +1 correction,25,0.0104,0.0026,0.5068044913801721,20,trimmed_mean_5pct,COMPUTED,asset_AAPL,
5,primary,419,160832,26898,419,0,160832,133934,two-sided,0.3645706862036546,5,9999,20260907,0.002603209644270621,0.00036264159058588437,B2_over_B1,COMPLETE_COVERAGE,qlike_regime_secondary,0.001423797399496479,0.3626578045065743,log_ridge_harq,4,False,SECONDARY,two-sided percentile 95%; not inversion of centered-null p,delta = 0,resampled statistic minus observed statistic; +1 correction,135,0.040799999999999996,0.0136,0.5246943238908117,20,trimmed_mean_5pct,COMPUTED,asset_AAPL,
5,primary,419,160832,26898,419,0,160832,133934,two-sided,0.3703421824919332,5,9999,20260907,0.0009918466697258438,-0.0021794342512583484,B1_over_B0,COMPLETE_COVERAGE,qlike_regime_secondary,-0.0005777458447511213,0.37030284577536665,lightgbm_qlike,4,False,SECONDARY,two-sided percentile 95%; not inversion of centered-null p,delta = 0,resampled statistic minus observed statistic; +1 correction,4714,0.4715,0.4715,0.010621721863227563,20,trimmed_mean_5pct,COMPUTED,asset_AAPL,
5,primary,419,160832,26898,419,0,160832,133934,two-sided,0.37030284577536665,5,9999,20260907,0.0024771921452636917,0.00013488262650364612,B2_over_B1,COMPLETE_COVERAGE,qlike_regime_secondary,0.001309842637057052,0.36879818542648485,lightgbm_qlike,4,False,SECONDARY,two-sided percentile 95%; not inversion of centered-null p,delta = 0,resampled statistic minus observed statistic; +1 correction,280,0.0562,0.0281,0.4063323752566104,20,trimmed_mean_5pct,COMPUTED,asset_AAPL,
5,primary,419,160832,26743,419,0,160832,134089,two-sided,0.34832776686716443,5,9999,20260907,0.0035693881555870204,0.0005089057904803144,B1_over_B0,COMPLETE_COVERAGE,qlike_regime_secondary,0.0018423370264299785,0.3464854298407345,log_ridge_harq,4,False,SECONDARY,two-sided percentile 95%; not inversion of centered-null p,delta = 0,resampled statistic minus observed statistic; +1 correction,210,0.0633,0.0211,0.5289090338676784,0,mean,COMPUTED,asset_AMZN,
5,primary,419,160832,26743,419,0,160832,134089,two-sided,0.3464854298407345,5,9999,20260907,0.0007401781843952516,-0.0018192814633707438,B2_over_B1,COMPLETE_COVERAGE,qlike_regime_secondary,-0.0005167221111539288,0.3470021519518883,log_ridge_harq,4,False,SECONDARY,two-sided percentile 95%; not inversion of centered-null p,delta = 0,resampled statistic minus observed statistic; +1 correction,4221,0.5536,0.4222,-0.14913242135216054,0,mean,COMPUTED,asset_AMZN,
5,primary,419,160832,26743,419,0,160832,134089,two-sided,0.3521239725252986,5,9999,20260907,0.004570834683203974,0.0011164497907851653,B1_over_B0,COMPLETE_COVERAGE,qlike_regime_secondary,0.0028077760591874094,0.3493161964661111,lightgbm_qlike,4,False,SECONDARY,two-sided percentile 95%; not inversion of centered-null p,delta = 0,resampled statistic minus observed statistic; +1 correction,16,0.0068,0.0017,0.7973828191960668,0,mean,COMPUTED,asset_AMZN,
5,primary,419,160832,26743,419,0,160832,134089,two-sided,0.3493161964661111,5,9999,20260907,0.0009273879669345311,-0.003202695444747995,B2_over_B1,COMPLETE_COVERAGE,qlike_regime_secondary,-0.0010844690505417355,0.35040066551665283,lightgbm_qlike,4,False,SECONDARY,two-sided percentile 95%; not inversion of centered-null p,delta = 0,resampled statistic minus observed statistic; +1 correction,2767,0.5536,0.2768,-0.31045484335191575,0,mean,COMPUTED,asset_AMZN,
5,primary,419,160832,26743,419,0,160832,134089,two-sided,0.34832776686716443,5,9999,20260907,0.0012359653580393815,-1.7141784629470802e-05,B1_over_B0,COMPLETE_COVERAGE,qlike_regime_secondary,0.0004881632103100886,0.3464854298407345,log_ridge_harq,4,False,SECONDARY,two-sided percentile 95%; not inversion of centered-null p,delta = 0,resampled statistic minus observed statistic; +1 correction,1037,0.3114,0.1038,0.5289090338676784,0,median,COMPUTED,asset_AMZN,
5,primary,419,160832,26743,419,0,160832,134089,two-sided,0.3464854298407345,5,9999,20260907,0.001532733371428674,-0.0005017123818015223,B2_over_B1,COMPLETE_COVERAGE,qlike_regime_secondary,0.0006069002882713725,0.3470021519518883,log_ridge_harq,4,False,SECONDARY,two-sided percentile 95%; not inversion of centered-null p,delta = 0,resampled statistic minus observed statistic; +1 correction,3046,0.6094,0.3047,-0.14913242135216054,0,median,COMPUTED,asset_AMZN,
5,primary,419,160832,26743,419,0,160832,134089,two-sided,0.3521239725252986,5,9999,20260907,0.002386024591613578,0.0006367565254522534,B1_over_B0,COMPLETE_COVERAGE,qlike_regime_secondary,0.0017845505716138077,0.3493161964661111,lightgbm_qlike,4,False,SECONDARY,two-sided percentile 95%; not inversion of centered-null p,delta = 0,resampled statistic minus observed statistic; +1 correction,7,0.0032,0.0008,0.7973828191960668,0,median,COMPUTED,asset_AMZN,
5,primary,419,160832,26743,419,0,160832,134089,two-sided,0.3493161964661111,5,9999,20260907,0.0007010188514487425,-0.0010077741796895578,B2_over_B1,COMPLETE_COVERAGE,qlike_regime_secondary,-9.796241581286336e-05,0.35040066551665283,lightgbm_qlike,4,False,SECONDARY,two-sided percentile 95%; not inversion of centered-null p,delta = 0,resampled statistic minus observed statistic; +1 correction,7859,0.786,0.786,-0.31045484335191575,0,median,COMPUTED,asset_AMZN,
5,primary,419,160832,26743,419,0,160832,134089,two-sided,0.34832776686716443,5,9999,20260907,0.0016838102811660943,0.00021938783875830202,B1_over_B0,COMPLETE_COVERAGE,qlike_regime_secondary,0.0009308159737628545,0.3464854298407345,log_ridge_harq,4,False,SECONDARY,two-sided percentile 95%; not inversion of centered-null p,delta = 0,resampled statistic minus observed statistic; +1 correction,131,0.039599999999999996,0.0132,0.5289090338676784,20,trimmed_mean_5pct,COMPUTED,asset_AMZN,
5,primary,419,160832,26743,419,0,160832,134089,two-sided,0.3464854298407345,5,9999,20260907,0.0012193925807569093,-0.0008917341021819082,B2_over_B1,COMPLETE_COVERAGE,qlike_regime_secondary,0.00018930490216378072,0.3470021519518883,log_ridge_harq,4,False,SECONDARY,two-sided percentile 95%; not inversion of centered-null p,delta = 0,resampled statistic minus observed statistic; +1 correction,7217,0.7218,0.7218,-0.14913242135216054,20,trimmed_mean_5pct,COMPUTED,asset_AMZN,
5,primary,419,160832,26743,419,0,160832,134089,two-sided,0.3521239725252986,5,9999,20260907,0.003547391581768168,0.0011912280222426553,B1_over_B0,COMPLETE_COVERAGE,qlike_regime_secondary,0.0023154092417729585,0.3493161964661111,lightgbm_qlike,4,False,SECONDARY,two-sided percentile 95%; not inversion of centered-null p,delta = 0,resampled statistic minus observed statistic; +1 correction,1,0.0008,0.0002,0.7973828191960668,20,trimmed_mean_5pct,COMPUTED,asset_AMZN,
5,primary,419,160832,26743,419,0,160832,134089,two-sided,0.3493161964661111,5,9999,20260907,0.0003279121523006731,-0.0014869328622907421,B2_over_B1,COMPLETE_COVERAGE,qlike_regime_secondary,-0.000554894037204122,0.35040066551665283,lightgbm_qlike,4,False,SECONDARY,two-sided percentile 95%; not inversion of centered-null p,delta = 0,resampled statistic minus observed statistic; +1 correction,2244,0.449,0.2245,-0.31045484335191575,20,trimmed_mean_5pct,COMPUTED,asset_AMZN,
5,primary,419,160832,26853,419,0,160832,133979,two-sided,0.36182017776453185,5,9999,20260907,0.0036360729208004673,0.000745257247503314,B1_over_B0,COMPLETE_COVERAGE,qlike_regime_secondary,0.002064006020786625,0.35975617174374525,log_ridge_harq,4,False,SECONDARY,two-sided percentile 95%; not inversion of centered-null p,delta = 0,resampled statistic minus observed statistic; +1 correction,66,0.0268,0.0067,0.5704507784886046,0,mean,COMPUTED,asset_META,
5,primary,419,160832,26853,419,0,160832,133979,two-sided,0.35975617174374525,5,9999,20260907,0.0014064448320734058,-0.0017864000146453527,B2_over_B1,COMPLETE_COVERAGE,qlike_regime_secondary,-0.00015705920513874275,0.359913230948884,log_ridge_harq,4,False,SECONDARY,two-sided percentile 95%; not inversion of centered-null p,delta = 0,resampled statistic minus observed statistic; +1 correction,8449,1.0,0.845,-0.04365712598549003,0,mean,COMPUTED,asset_META,
5,primary,419,160832,26853,419,0,160832,133979,two-sided,0.36315298784273736,5,9999,20260907,0.0033893951127831243,-0.0011520896580977777,B1_over_B0,COMPLETE_COVERAGE,qlike_regime_secondary,0.0010692413096261473,0.3620837465331112,lightgbm_qlike,4,False,SECONDARY,two-sided percentile 95%; not inversion of centered-null p,delta = 0,resampled statistic minus observed statistic; +1 correction,3449,1.0,0.345,0.29443274471671976,0,mean,COMPUTED,asset_META,
5,primary,419,160832,26853,419,0,160832,133979,two-sided,0.3620837465331112,5,9999,20260907,0.002423937049327655,-0.0021258056155017183,B2_over_B1,COMPLETE_COVERAGE,qlike_regime_secondary,0.00026971426836659116,0.3618140322647446,lightgbm_qlike,4,False,SECONDARY,two-sided percentile 95%; not inversion of centered-null p,delta = 0,resampled statistic minus observed statistic; +1 correction,7954,1.0,0.7955,0.07448947127537713,0,mean,COMPUTED,asset_META,
5,primary,419,160832,26853,419,0,160832,133979,two-sided,0.36182017776453185,5,9999,20260907,0.0018298776781925374,0.0007574664045207347,B1_over_B0,COMPLETE_COVERAGE,qlike_regime_secondary,0.001248820515612592,0.35975617174374525,log_ridge_harq,4,False,SECONDARY,two-sided percentile 95%; not inversion of centered-null p,delta = 0,resampled statistic minus observed statistic; +1 correction,0,0.0004,0.0001,0.5704507784886046,0,median,COMPUTED,asset_META,
5,primary,419,160832,26853,419,0,160832,133979,two-sided,0.35975617174374525,5,9999,20260907,0.0019657029835553064,-0.00031463715432522577,B2_over_B1,COMPLETE_COVERAGE,qlike_regime_secondary,0.0012231323502822633,0.359913230948884,log_ridge_harq,4,False,SECONDARY,two-sided percentile 95%; not inversion of centered-null p,delta = 0,resampled statistic minus observed statistic; +1 correction,450,0.1353,0.0451,-0.04365712598549003,0,median,COMPUTED,asset_META,
5,primary,419,160832,26853,419,0,160832,133979,two-sided,0.36315298784273736,5,9999,20260907,0.0025559450880053847,-0.0002827644794274331,B1_over_B0,COMPLETE_COVERAGE,qlike_regime_secondary,0.001056151579279463,0.3620837465331112,lightgbm_qlike,4,False,SECONDARY,two-sided percentile 95%; not inversion of centered-null p,delta = 0,resampled statistic minus observed statistic; +1 correction,1218,0.2438,0.1219,0.29443274471671976,0,median,COMPUTED,asset_META,
5,primary,419,160832,26853,419,0,160832,133979,two-sided,0.3620837465331112,5,9999,20260907,0.0013251555474716459,-0.0009110957095310734,B2_over_B1,COMPLETE_COVERAGE,qlike_regime_secondary,0.0003703798915801748,0.3618140322647446,lightgbm_qlike,4,False,SECONDARY,two-sided percentile 95%; not inversion of centered-null p,delta = 0,resampled statistic minus observed statistic; +1 correction,4790,0.4791,0.4791,0.07448947127537713,0,median,COMPUTED,asset_META,
5,primary,419,160832,26853,419,0,160832,133979,two-sided,0.36182017776453185,5,9999,20260907,0.001950130598077147,0.0005107964897532785,B1_over_B0,COMPLETE_COVERAGE,qlike_regime_secondary,0.0012104517653094568,0.35975617174374525,log_ridge_harq,4,False,SECONDARY,two-sided percentile 95%; not inversion of centered-null p,delta = 0,resampled statistic minus observed statistic; +1 correction,15,0.0064,0.0016,0.5704507784886046,20,trimmed_mean_5pct,COMPUTED,asset_META,
5,primary,419,160832,26853,419,0,160832,133979,two-sided,0.35975617174374525,5,9999,20260907,0.0017894820201071009,-0.0003515522863390421,B2_over_B1,COMPLETE_COVERAGE,qlike_regime_secondary,0.0007303250492548198,0.359913230948884,log_ridge_harq,4,False,SECONDARY,two-sided percentile 95%; not inversion of centered-null p,delta = 0,resampled statistic minus observed statistic; +1 correction,1803,0.4344,0.1804,-0.04365712598549003,20,trimmed_mean_5pct,COMPUTED,asset_META,
5,primary,419,160832,26853,419,0,160832,133979,two-sided,0.36315298784273736,5,9999,20260907,0.0023910341742360026,-0.000292081142961975,B1_over_B0,COMPLETE_COVERAGE,qlike_regime_secondary,0.0010047016679046838,0.3620837465331112,lightgbm_qlike,4,False,SECONDARY,two-sided percentile 95%; not inversion of centered-null p,delta = 0,resampled statistic minus observed statistic; +1 correction,1447,0.4344,0.1448,0.29443274471671976,20,trimmed_mean_5pct,COMPUTED,asset_META,
5,primary,419,160832,26853,419,0,160832,133979,two-sided,0.3620837465331112,5,9999,20260907,0.0014018009016736575,-0.000644423022011534,B2_over_B1,COMPLETE_COVERAGE,qlike_regime_secondary,0.00039788246904551246,0.3618140322647446,lightgbm_qlike,4,False,SECONDARY,two-sided percentile 95%; not inversion of centered-null p,delta = 0,resampled statistic minus observed statistic; +1 correction,4467,0.4468,0.4468,0.07448947127537713,20,trimmed_mean_5pct,COMPUTED,asset_META,
5,primary,419,160832,26729,419,0,160832,134103,two-sided,0.34882809745082827,5,9999,20260907,0.0030710451417657507,0.00015659499239300978,B1_over_B0,COMPLETE_COVERAGE,qlike_regime_secondary,0.0016109037383696203,0.3472171937124586,log_ridge_harq,4,False,SECONDARY,two-sided percentile 95%; not inversion of centered-null p,delta = 0,resampled statistic minus observed statistic; +1 correction,281,0.1128,0.0282,0.46180446762798333,0,mean,COMPUTED,asset_MSFT,
5,primary,419,160832,26729,419,0,160832,134103,two-sided,0.3472171937124586,5,9999,20260907,0.0016470019221248365,-0.001950612732364144,B2_over_B1,COMPLETE_COVERAGE,qlike_regime_secondary,-1.7963241809380777e-05,0.347235156954268,log_ridge_harq,4,False,SECONDARY,two-sided percentile 95%; not inversion of centered-null p,delta = 0,resampled statistic minus observed statistic; +1 correction,9839,1.0,0.984,-0.005173488564122403,0,mean,COMPUTED,asset_MSFT,
5,primary,419,160832,26729,419,0,160832,134103,two-sided,0.35352275637844516,5,9999,20260907,0.002615924848879746,-0.0016109810229424273,B1_over_B0,COMPLETE_COVERAGE,qlike_regime_secondary,0.0005093652907024765,0.3530133910877426,lightgbm_qlike,4,False,SECONDARY,two-sided percentile 95%; not inversion of centered-null p,delta = 0,resampled statistic minus observed statistic; +1 correction,6337,1.0,0.6338,0.1440827447490261,0,mean,COMPUTED,asset_MSFT,
5,primary,419,160832,26729,419,0,160832,134103,two-sided,0.3530133910877426,5,9999,20260907,0.0018536038311622472,-0.0033343695824815138,B2_over_B1,COMPLETE_COVERAGE,qlike_regime_secondary,-0.0005063585043634184,0.3535197495921061,lightgbm_qlike,4,False,SECONDARY,two-sided percentile 95%; not inversion of centered-null p,delta = 0,resampled statistic minus observed statistic; +1 correction,6994,1.0,0.6995,-0.14343889414596211,0,mean,COMPUTED,asset_MSFT,
5,primary,419,160832,26729,419,0,160832,134103,two-sided,0.34882809745082827,5,9999,20260907,0.0017428877515892616,0.0006724941258287043,B1_over_B0,COMPLETE_COVERAGE,qlike_regime_secondary,0.0011694255293262512,0.3472171937124586,log_ridge_harq,4,False,SECONDARY,two-sided percentile 95%; not inversion of centered-null p,delta = 0,resampled statistic minus observed statistic; +1 correction,12,0.0052,0.0013,0.46180446762798333,0,median,COMPUTED,asset_MSFT,
5,primary,419,160832,26729,419,0,160832,134103,two-sided,0.3472171937124586,5,9999,20260907,0.0020872611471086655,0.0003546904850185162,B2_over_B1,COMPLETE_COVERAGE,qlike_regime_secondary,0.0011000878664606528,0.347235156954268,log_ridge_harq,4,False,SECONDARY,two-sided percentile 95%; not inversion of centered-null p,delta = 0,resampled statistic minus observed statistic; +1 correction,149,0.045,0.015,-0.005173488564122403,0,median,COMPUTED,asset_MSFT,
5,primary,419,160832,26729,419,0,160832,134103,two-sided,0.35352275637844516,5,9999,20260907,0.0024331896869985714,-0.00042317709790606894,B1_over_B0,COMPLETE_COVERAGE,qlike_regime_secondary,0.0008951617825471159,0.3530133910877426,lightgbm_qlike,4,False,SECONDARY,two-sided percentile 95%; not inversion of centered-null p,delta = 0,resampled statistic minus observed statistic; +1 correction,3072,0.3073,0.3073,0.1440827447490261,0,median,COMPUTED,asset_MSFT,
5,primary,419,160832,26729,419,0,160832,134103,two-sided,0.3530133910877426,5,9999,20260907,0.0014719072602946692,-2.1400989436148876e-07,B2_over_B1,COMPLETE_COVERAGE,qlike_regime_secondary,0.0004605248976292109,0.3535197495921061,lightgbm_qlike,4,False,SECONDARY,two-sided percentile 95%; not inversion of centered-null p,delta = 0,resampled statistic minus observed statistic; +1 correction,1480,0.2962,0.1481,-0.14343889414596211,0,median,COMPUTED,asset_MSFT,
5,primary,419,160832,26729,419,0,160832,134103,two-sided,0.34882809745082827,5,9999,20260907,0.0023230911062816083,0.000672638450238926,B1_over_B0,COMPLETE_COVERAGE,qlike_regime_secondary,0.0015182125273256574,0.3472171937124586,log_ridge_harq,4,False,SECONDARY,two-sided percentile 95%; not inversion of centered-null p,delta = 0,resampled statistic minus observed statistic; +1 correction,3,0.0016,0.0004,0.46180446762798333,20,trimmed_mean_5pct,COMPUTED,asset_MSFT,
5,primary,419,160832,26729,419,0,160832,134103,two-sided,0.3472171937124586,5,9999,20260907,0.001737352105131914,-0.00018664361072161944,B2_over_B1,COMPLETE_COVERAGE,qlike_regime_secondary,0.0007923266658436256,0.347235156954268,log_ridge_harq,4,False,SECONDARY,two-sided percentile 95%; not inversion of centered-null p,delta = 0,resampled statistic minus observed statistic; +1 correction,1074,0.3135,0.1075,-0.005173488564122403,20,trimmed_mean_5pct,COMPUTED,asset_MSFT,
5,primary,419,160832,26729,419,0,160832,134103,two-sided,0.35352275637844516,5,9999,20260907,0.002179167425152876,-0.0006584868777893015,B1_over_B0,COMPLETE_COVERAGE,qlike_regime_secondary,0.0007593637727423726,0.3530133910877426,lightgbm_qlike,4,False,SECONDARY,two-sided percentile 95%; not inversion of centered-null p,delta = 0,resampled statistic minus observed statistic; +1 correction,2964,0.3135,0.2965,0.1440827447490261,20,trimmed_mean_5pct,COMPUTED,asset_MSFT,
5,primary,419,160832,26729,419,0,160832,134103,two-sided,0.3530133910877426,5,9999,20260907,0.002059892349746934,-0.0002022716624134009,B2_over_B1,COMPLETE_COVERAGE,qlike_regime_secondary,0.000937453500604632,0.3535197495921061,lightgbm_qlike,4,False,SECONDARY,two-sided percentile 95%; not inversion of centered-null p,delta = 0,resampled statistic minus observed statistic; +1 correction,1044,0.3135,0.1045,-0.14343889414596211,20,trimmed_mean_5pct,COMPUTED,asset_MSFT,
5,primary,419,160832,26764,419,0,160832,134068,two-sided,0.3338313045116597,5,9999,20260907,0.0014783433733725922,-0.0005981775012448968,B1_over_B0,COMPLETE_COVERAGE,qlike_regime_secondary,0.00045840681558599063,0.33337289769607376,log_ridge_harq,4,False,SECONDARY,two-sided percentile 95%; not inversion of centered-null p,delta = 0,resampled statistic minus observed statistic; +1 correction,3862,0.3863,0.3863,0.13731690509269776,0,mean,COMPUTED,asset_NVDA,
5,primary,419,160832,26764,419,0,160832,134068,two-sided,0.33337289769607376,5,9999,20260907,0.0038303202181209487,0.0015089157488241396,B2_over_B1,COMPLETE_COVERAGE,qlike_regime_secondary,0.002648147285710646,0.3307247504103631,log_ridge_harq,4,False,SECONDARY,two-sided percentile 95%; not inversion of centered-null p,delta = 0,resampled statistic minus observed statistic; +1 correction,1,0.0008,0.0002,0.7943499018702125,0,mean,COMPUTED,asset_NVDA,
5,primary,419,160832,26764,419,0,160832,134068,two-sided,0.33645805340197155,5,9999,20260907,0.006501135433590654,-0.00042572056623756604,B1_over_B0,COMPLETE_COVERAGE,qlike_regime_secondary,0.002394108020048251,0.3340639453819233,lightgbm_qlike,4,False,SECONDARY,two-sided percentile 95%; not inversion of centered-null p,delta = 0,resampled statistic minus observed statistic; +1 correction,1723,0.3448,0.1724,0.7115621088100317,0,mean,COMPUTED,asset_NVDA,
5,primary,419,160832,26764,419,0,160832,134068,two-sided,0.3340639453819233,5,9999,20260907,0.0031226763481997967,2.9865487541734455e-05,B2_over_B1,COMPLETE_COVERAGE,qlike_regime_secondary,0.0015120347883117544,0.3325519105936116,lightgbm_qlike,4,False,SECONDARY,two-sided percentile 95%; not inversion of centered-null p,delta = 0,resampled statistic minus observed statistic; +1 correction,552,0.1659,0.0553,0.45261837118731846,0,mean,COMPUTED,asset_NVDA,
5,primary,419,160832,26764,419,0,160832,134068,two-sided,0.3338313045116597,5,9999,20260907,0.0011766718193352843,-1.3438642705643211e-05,B1_over_B0,COMPLETE_COVERAGE,qlike_regime_secondary,0.0006182239257715993,0.33337289769607376,log_ridge_harq,4,False,SECONDARY,two-sided percentile 95%; not inversion of centered-null p,delta = 0,resampled statistic minus observed statistic; +1 correction,388,0.1167,0.0389,0.13731690509269776,0,median,COMPUTED,asset_NVDA,
5,primary,419,160832,26764,419,0,160832,134068,two-sided,0.33337289769607376,5,9999,20260907,0.0027740122033117487,0.0008144130088759693,B2_over_B1,COMPLETE_COVERAGE,qlike_regime_secondary,0.0019477394916245783,0.3307247504103631,log_ridge_harq,4,False,SECONDARY,two-sided percentile 95%; not inversion of centered-null p,delta = 0,resampled statistic minus observed statistic; +1 correction,2,0.0012,0.0003,0.7943499018702125,0,median,COMPUTED,asset_NVDA,
5,primary,419,160832,26764,419,0,160832,134068,two-sided,0.33645805340197155,5,9999,20260907,0.0008760009232987587,-0.0008765818979575846,B1_over_B0,COMPLETE_COVERAGE,qlike_regime_secondary,-8.025404756312193e-05,0.3340639453819233,lightgbm_qlike,4,False,SECONDARY,two-sided percentile 95%; not inversion of centered-null p,delta = 0,resampled statistic minus observed statistic; +1 correction,7740,0.7741,0.7741,0.7115621088100317,0,median,COMPUTED,asset_NVDA,
5,primary,419,160832,26764,419,0,160832,134068,two-sided,0.3340639453819233,5,9999,20260907,0.002017086867748874,0.00012121918793817077,B2_over_B1,COMPLETE_COVERAGE,qlike_regime_secondary,0.0009300887552697312,0.3325519105936116,lightgbm_qlike,4,False,SECONDARY,two-sided percentile 95%; not inversion of centered-null p,delta = 0,resampled statistic minus observed statistic; +1 correction,603,0.1208,0.0604,0.45261837118731846,0,median,COMPUTED,asset_NVDA,
5,primary,419,160832,26764,419,0,160832,134068,two-sided,0.3338313045116597,5,9999,20260907,0.0014772492534164746,2.084623545926656e-05,B1_over_B0,COMPLETE_COVERAGE,qlike_regime_secondary,0.0007582532314688271,0.33337289769607376,log_ridge_harq,4,False,SECONDARY,two-sided percentile 95%; not inversion of centered-null p,delta = 0,resampled statistic minus observed statistic; +1 correction,411,0.0824,0.0412,0.13731690509269776,20,trimmed_mean_5pct,COMPUTED,asset_NVDA,
5,primary,419,160832,26764,419,0,160832,134068,two-sided,0.33337289769607376,5,9999,20260907,0.00319385193126335,0.0013547957217598925,B2_over_B1,COMPLETE_COVERAGE,qlike_regime_secondary,0.002255327579904584,0.3307247504103631,log_ridge_harq,4,False,SECONDARY,two-sided percentile 95%; not inversion of centered-null p,delta = 0,resampled statistic minus observed statistic; +1 correction,0,0.0004,0.0001,0.7943499018702125,20,trimmed_mean_5pct,COMPUTED,asset_NVDA,
5,primary,419,160832,26764,419,0,160832,134068,two-sided,0.33645805340197155,5,9999,20260907,0.001987566543731522,-0.0002734607003378729,B1_over_B0,COMPLETE_COVERAGE,qlike_regime_secondary,0.0008135693097052788,0.3340639453819233,lightgbm_qlike,4,False,SECONDARY,two-sided percentile 95%; not inversion of centered-null p,delta = 0,resampled statistic minus observed statistic; +1 correction,1643,0.1644,0.1644,0.7115621088100317,20,trimmed_mean_5pct,COMPUTED,asset_NVDA,
5,primary,419,160832,26764,419,0,160832,134068,two-sided,0.3340639453819233,5,9999,20260907,0.0020407864914517887,0.00016066751928061444,B2_over_B1,COMPLETE_COVERAGE,qlike_regime_secondary,0.0011074585571549935,0.3325519105936116,lightgbm_qlike,4,False,SECONDARY,two-sided percentile 95%; not inversion of centered-null p,delta = 0,resampled statistic minus observed statistic; +1 correction,222,0.0669,0.0223,0.45261837118731846,20,trimmed_mean_5pct,COMPUTED,asset_NVDA,
5,primary,419,160832,26845,419,0,160832,133987,two-sided,0.3343857239347851,5,9999,20260907,0.0012613975797138009,-0.0011218407778925364,B1_over_B0,COMPLETE_COVERAGE,qlike_regime_secondary,6.573282760522327e-05,0.3343199911071798,log_ridge_harq,4,False,SECONDARY,two-sided percentile 95%; not inversion of centered-null p,delta = 0,resampled statistic minus observed statistic; +1 correction,9096,0.9097,0.9097,0.01965778527615703,0,mean,COMPUTED,asset_TSLA,
5,primary,419,160832,26845,419,0,160832,133987,two-sided,0.3343199911071798,5,9999,20260907,0.002907271430783818,4.307540842809664e-05,B2_over_B1,COMPLETE_COVERAGE,qlike_regime_secondary,0.001476809494039077,0.33284318161314075,log_ridge_harq,4,False,SECONDARY,two-sided percentile 95%; not inversion of centered-null p,delta = 0,resampled statistic minus observed statistic; +1 correction,439,0.176,0.044,0.44173532343916155,0,mean,COMPUTED,asset_TSLA,
5,primary,419,160832,26845,419,0,160832,133987,two-sided,0.34424577150228575,5,9999,20260907,0.01065593821900991,0.0007541685824359425,B1_over_B0,COMPLETE_COVERAGE,qlike_regime_secondary,0.00453778982644398,0.33970798167584176,lightgbm_qlike,4,False,SECONDARY,two-sided percentile 95%; not inversion of centered-null p,delta = 0,resampled statistic minus observed statistic; +1 correction,730,0.2193,0.0731,1.3181831708901177,0,mean,COMPUTED,asset_TSLA,
5,primary,419,160832,26845,419,0,160832,133987,two-sided,0.33970798167584176,5,9999,20260907,0.003849701484955835,-0.0007155239536817322,B2_over_B1,COMPLETE_COVERAGE,qlike_regime_secondary,0.0016882492122214509,0.3380197324636203,lightgbm_qlike,4,False,SECONDARY,two-sided percentile 95%; not inversion of centered-null p,delta = 0,resampled statistic minus observed statistic; +1 correction,1329,0.266,0.133,0.4969707228817551,0,mean,COMPUTED,asset_TSLA,
5,primary,419,160832,26845,419,0,160832,133987,two-sided,0.3343857239347851,5,9999,20260907,0.0011650309301764195,-0.00019500851715609224,B1_over_B0,COMPLETE_COVERAGE,qlike_regime_secondary,0.0003967831351811002,0.3343199911071798,log_ridge_harq,4,False,SECONDARY,two-sided percentile 95%; not inversion of centered-null p,delta = 0,resampled statistic minus observed statistic; +1 correction,2109,0.3676,0.211,0.01965778527615703,0,median,COMPUTED,asset_TSLA,
5,primary,419,160832,26845,419,0,160832,133987,two-sided,0.3343199911071798,5,9999,20260907,0.0015138102410628962,3.271165807333665e-05,B2_over_B1,COMPLETE_COVERAGE,qlike_regime_secondary,0.0005776996380010835,0.33284318161314075,log_ridge_harq,4,False,SECONDARY,two-sided percentile 95%; not inversion of centered-null p,delta = 0,resampled statistic minus observed statistic; +1 correction,1837,0.3676,0.1838,0.44173532343916155,0,median,COMPUTED,asset_TSLA,
5,primary,419,160832,26845,419,0,160832,133987,two-sided,0.34424577150228575,5,9999,20260907,0.002233283193630864,8.59863154071272e-05,B1_over_B0,COMPLETE_COVERAGE,qlike_regime_secondary,0.0015449128146668434,0.33970798167584176,lightgbm_qlike,4,False,SECONDARY,two-sided percentile 95%; not inversion of centered-null p,delta = 0,resampled statistic minus observed statistic; +1 correction,195,0.0588,0.0196,1.3181831708901177,0,median,COMPUTED,asset_TSLA,
5,primary,419,160832,26845,419,0,160832,133987,two-sided,0.33970798167584176,5,9999,20260907,0.0022868142096019173,0.00013920815455364943,B2_over_B1,COMPLETE_COVERAGE,qlike_regime_secondary,0.0012636446879987773,0.3380197324636203,lightgbm_qlike,4,False,SECONDARY,two-sided percentile 95%; not inversion of centered-null p,delta = 0,resampled statistic minus observed statistic; +1 correction,127,0.0512,0.0128,0.4969707228817551,0,median,COMPUTED,asset_TSLA,
5,primary,419,160832,26845,419,0,160832,133987,two-sided,0.3343857239347851,5,9999,20260907,0.0009016242668504834,-0.0007861715219272689,B1_over_B0,COMPLETE_COVERAGE,qlike_regime_secondary,8.993244647185653e-05,0.3343199911071798,log_ridge_harq,4,False,SECONDARY,two-sided percentile 95%; not inversion of centered-null p,delta = 0,resampled statistic minus observed statistic; +1 correction,8352,0.8353,0.8353,0.01965778527615703,20,trimmed_mean_5pct,COMPUTED,asset_TSLA,
5,primary,419,160832,26845,419,0,160832,133987,two-sided,0.3343199911071798,5,9999,20260907,0.002161638440871268,0.00019506693763922628,B2_over_B1,COMPLETE_COVERAGE,qlike_regime_secondary,0.0011630128649718823,0.33284318161314075,log_ridge_harq,4,False,SECONDARY,two-sided percentile 95%; not inversion of centered-null p,delta = 0,resampled statistic minus observed statistic; +1 correction,206,0.0414,0.0207,0.44173532343916155,20,trimmed_mean_5pct,COMPUTED,asset_TSLA,
5,primary,419,160832,26845,419,0,160832,133987,two-sided,0.34424577150228575,5,9999,20260907,0.0027594335465616292,0.00043302635859656665,B1_over_B0,COMPLETE_COVERAGE,qlike_regime_secondary,0.0015757084881516848,0.33970798167584176,lightgbm_qlike,4,False,SECONDARY,two-sided percentile 95%; not inversion of centered-null p,delta = 0,resampled statistic minus observed statistic; +1 correction,98,0.029700000000000004,0.0099,1.3181831708901177,20,trimmed_mean_5pct,COMPUTED,asset_TSLA,
5,primary,419,160832,26845,419,0,160832,133987,two-sided,0.33970798167584176,5,9999,20260907,0.0027316708491867004,0.0005694377903224605,B2_over_B1,COMPLETE_COVERAGE,qlike_regime_secondary,0.0016306183626130049,0.3380197324636203,lightgbm_qlike,4,False,SECONDARY,two-sided percentile 95%; not inversion of centered-null p,delta = 0,resampled statistic minus observed statistic; +1 correction,30,0.0124,0.0031,0.4969707228817551,20,trimmed_mean_5pct,COMPUTED,asset_TSLA,
5,primary,180,160832,11700,30,0,160832,149132,two-sided,0.3417033894161578,5,9999,20260907,0.0017178856335171608,-0.001891561244434432,B1_over_B0,COMPLETE_COVERAGE,qlike_regime_secondary,1.7178642468568262e-05,0.34168621077368927,log_ridge_harq,4,False,SECONDARY,two-sided percentile 95%; not inversion of centered-null p,delta = 0,resampled statistic minus observed statistic; +1 correction,9847,1.0,0.9848,0.005027355010414173,0,mean,COMPUTED,last30sessions,
5,primary,180,160832,11700,30,0,160832,149132,two-sided,0.34168621077368927,5,9999,20260907,0.0017904868181667388,-0.0016245000271763337,B2_over_B1,COMPLETE_COVERAGE,qlike_regime_secondary,0.0002006130517894796,0.3414855977218998,log_ridge_harq,4,False,SECONDARY,two-sided percentile 95%; not inversion of centered-null p,delta = 0,resampled statistic minus observed statistic; +1 correction,8215,1.0,0.8216,0.05871265666098321,0,mean,COMPUTED,last30sessions,
5,primary,180,160832,11700,30,0,160832,149132,two-sided,0.3413507653569904,5,9999,20260907,0.002273801056789756,-0.0032268473300890595,B1_over_B0,COMPLETE_COVERAGE,qlike_regime_secondary,-0.00036534369743464835,0.341716109054425,lightgbm_qlike,4,False,SECONDARY,two-sided percentile 95%; not inversion of centered-null p,delta = 0,resampled statistic minus observed statistic; +1 correction,8021,1.0,0.8022,-0.10702882035508716,0,mean,COMPUTED,last30sessions,
5,primary,180,160832,11700,30,0,160832,149132,two-sided,0.341716109054425,5,9999,20260907,0.0019405882784936635,-0.0004194058427379455,B2_over_B1,COMPLETE_COVERAGE,qlike_regime_secondary,0.0006655121420525915,0.34105059691237233,lightgbm_qlike,4,False,SECONDARY,two-sided percentile 95%; not inversion of centered-null p,delta = 0,resampled statistic minus observed statistic; +1 correction,2737,1.0,0.2738,0.19475585856755603,0,mean,COMPUTED,last30sessions,
5,primary,180,160832,11700,30,0,160832,149132,two-sided,0.3417033894161578,5,9999,20260907,0.0010165058132814708,-0.0017669161412080525,B1_over_B0,COMPLETE_COVERAGE,qlike_regime_secondary,-5.025236402753097e-05,0.34168621077368927,log_ridge_harq,4,False,SECONDARY,two-sided percentile 95%; not inversion of centered-null p,delta = 0,resampled statistic minus observed statistic; +1 correction,8435,1.0,0.8436,0.005027355010414173,0,median,COMPUTED,last30sessions,
5,primary,180,160832,11700,30,0,160832,149132,two-sided,0.34168621077368927,5,9999,20260907,0.0025990169824068876,-0.001121468766804301,B2_over_B1,COMPLETE_COVERAGE,qlike_regime_secondary,0.0018001589153349151,0.3414855977218998,log_ridge_harq,4,False,SECONDARY,two-sided percentile 95%; not inversion of centered-null p,delta = 0,resampled statistic minus observed statistic; +1 correction,784,0.314,0.0785,0.05871265666098321,0,median,COMPUTED,last30sessions,
5,primary,180,160832,11700,30,0,160832,149132,two-sided,0.3413507653569904,5,9999,20260907,0.0033081376642070115,-0.00322778606640986,B1_over_B0,COMPLETE_COVERAGE,qlike_regime_secondary,0.0003281085421694696,0.341716109054425,lightgbm_qlike,4,False,SECONDARY,two-sided percentile 95%; not inversion of centered-null p,delta = 0,resampled statistic minus observed statistic; +1 correction,8474,1.0,0.8475,-0.10702882035508716,0,median,COMPUTED,last30sessions,
5,primary,180,160832,11700,30,0,160832,149132,two-sided,0.341716109054425,5,9999,20260907,0.0017450349806193144,-0.0012941998433036728,B2_over_B1,COMPLETE_COVERAGE,qlike_regime_secondary,-0.0001303795229609106,0.34105059691237233,lightgbm_qlike,4,False,SECONDARY,two-sided percentile 95%; not inversion of centered-null p,delta = 0,resampled statistic minus observed statistic; +1 correction,8727,1.0,0.8728,0.19475585856755603,0,median,COMPUTED,last30sessions,
5,primary,180,160832,11700,30,0,160832,149132,two-sided,0.3417033894161578,5,9999,20260907,0.0016857047885625671,-0.001986764189598073,B1_over_B0,COMPLETE_COVERAGE,qlike_regime_secondary,-2.9708889484758978e-05,0.34168621077368927,log_ridge_harq,4,False,SECONDARY,two-sided percentile 95%; not inversion of centered-null p,delta = 0,resampled statistic minus observed statistic; +1 correction,9756,1.0,0.9757,0.005027355010414173,1,trimmed_mean_5pct,COMPUTED,last30sessions,
5,primary,180,160832,11700,30,0,160832,149132,two-sided,0.34168621077368927,5,9999,20260907,0.0018791566650634129,-0.0010724337929691034,B2_over_B1,COMPLETE_COVERAGE,qlike_regime_secondary,0.0007308339828889529,0.3414855977218998,log_ridge_harq,4,False,SECONDARY,two-sided percentile 95%; not inversion of centered-null p,delta = 0,resampled statistic minus observed statistic; +1 correction,3022,1.0,0.3023,0.05871265666098321,1,trimmed_mean_5pct,COMPUTED,last30sessions,
5,primary,180,160832,11700,30,0,160832,149132,two-sided,0.3413507653569904,5,9999,20260907,0.0021995664348560097,-0.0030596846514545873,B1_over_B0,COMPLETE_COVERAGE,qlike_regime_secondary,-0.00022909467825395807,0.341716109054425,lightgbm_qlike,4,False,SECONDARY,two-sided percentile 95%; not inversion of centered-null p,delta = 0,resampled statistic minus observed statistic; +1 correction,8687,1.0,0.8688,-0.10702882035508716,1,trimmed_mean_5pct,COMPUTED,last30sessions,
5,primary,180,160832,11700,30,0,160832,149132,two-sided,0.341716109054425,5,9999,20260907,0.0018647234684385744,-0.0005131146137401729,B2_over_B1,COMPLETE_COVERAGE,qlike_regime_secondary,0.0005190331346824993,0.34105059691237233,lightgbm_qlike,4,False,SECONDARY,two-sided percentile 95%; not inversion of centered-null p,delta = 0,resampled statistic minus observed statistic; +1 correction,3812,1.0,0.3813,0.19475585856755603,1,trimmed_mean_5pct,COMPUTED,last30sessions,
5,primary,834,160832,53528,139,0,160832,107304,two-sided,0.33734634863783125,5,9999,20260907,0.004907405086979267,-0.00019862860828314926,B1_over_B0,COMPLETE_COVERAGE,qlike_regime_secondary,0.0019115352201598142,0.3354348134176714,log_ridge_harq,4,False,SECONDARY,two-sided percentile 95%; not inversion of centered-null p,delta = 0,resampled statistic minus observed statistic; +1 correction,1324,0.3975,0.1325,0.5666387758096065,0,mean,COMPUTED,chronological_block_1,
5,primary,834,160832,53528,139,0,160832,107304,two-sided,0.3354348134176714,5,9999,20260907,0.002853961394245883,-0.00039987843948728006,B2_over_B1,COMPLETE_COVERAGE,qlike_regime_secondary,0.0012433073126288771,0.3341915061050425,log_ridge_harq,4,False,SECONDARY,two-sided percentile 95%; not inversion of centered-null p,delta = 0,resampled statistic minus observed statistic; +1 correction,1332,0.3975,0.1333,0.370655418846092,0,mean,COMPUTED,chronological_block_1,
5,primary,834,160832,53528,139,0,160832,107304,two-sided,0.35225906418706676,5,9999,20260907,0.010862704771408457,0.00021199983144815998,B1_over_B0,COMPLETE_COVERAGE,qlike_regime_secondary,0.004254822199351599,0.3480042419877152,lightgbm_qlike,4,False,SECONDARY,two-sided percentile 95%; not inversion of centered-null p,delta = 0,resampled statistic minus observed statistic; +1 correction,988,0.3956,0.0989,1.2078673430790927,0,mean,COMPUTED,chronological_block_1,
5,primary,834,160832,53528,139,0,160832,107304,two-sided,0.3480042419877152,5,9999,20260907,0.004197208979992845,-0.004240687718255621,B2_over_B1,COMPLETE_COVERAGE,qlike_regime_secondary,0.00010527905632617303,0.347898962931389,lightgbm_qlike,4,False,SECONDARY,two-sided percentile 95%; not inversion of centered-null p,delta = 0,resampled statistic minus observed statistic; +1 correction,9348,0.9349,0.9349,0.03025223362935026,0,mean,COMPUTED,chronological_block_1,
5,primary,834,160832,53528,139,0,160832,107304,two-sided,0.33734634863783125,5,9999,20260907,0.0009586875670573036,-0.00047507392026047146,B1_over_B0,COMPLETE_COVERAGE,qlike_regime_secondary,2.4655155949016017e-05,0.3354348134176714,log_ridge_harq,4,False,SECONDARY,two-sided percentile 95%; not inversion of centered-null p,delta = 0,resampled statistic minus observed statistic; +1 correction,9276,0.9277,0.9277,0.5666387758096065,0,median,COMPUTED,chronological_block_1,
5,primary,834,160832,53528,139,0,160832,107304,two-sided,0.3354348134176714,5,9999,20260907,0.0024035934082711763,0.0003552129631373413,B2_over_B1,COMPLETE_COVERAGE,qlike_regime_secondary,0.0011125554949633076,0.3341915061050425,log_ridge_harq,4,False,SECONDARY,two-sided percentile 95%; not inversion of centered-null p,delta = 0,resampled statistic minus observed statistic; +1 correction,585,0.1172,0.0586,0.370655418846092,0,median,COMPUTED,chronological_block_1,
5,primary,834,160832,53528,139,0,160832,107304,two-sided,0.35225906418706676,5,9999,20260907,0.002499849826286038,0.0005300921913773404,B1_over_B0,COMPLETE_COVERAGE,qlike_regime_secondary,0.0014970901607791465,0.3480042419877152,lightgbm_qlike,4,False,SECONDARY,two-sided percentile 95%; not inversion of centered-null p,delta = 0,resampled statistic minus observed statistic; +1 correction,18,0.0076,0.0019,1.2078673430790927,0,median,COMPUTED,chronological_block_1,
5,primary,834,160832,53528,139,0,160832,107304,two-sided,0.3480042419877152,5,9999,20260907,0.002098689026560907,0.00034801670422435205,B2_over_B1,COMPLETE_COVERAGE,qlike_regime_secondary,0.0014510364839716572,0.347898962931389,lightgbm_qlike,4,False,SECONDARY,two-sided percentile 95%; not inversion of centered-null p,delta = 0,resampled statistic minus observed statistic; +1 correction,93,0.028200000000000003,0.0094,0.03025223362935026,0,median,COMPUTED,chronological_block_1,
5,primary,834,160832,53528,139,0,160832,107304,two-sided,0.33734634863783125,5,9999,20260907,0.0018837346163513712,-0.00017147414205806517,B1_over_B0,COMPLETE_COVERAGE,qlike_regime_secondary,0.0008402962530075642,0.3354348134176714,log_ridge_harq,4,False,SECONDARY,two-sided percentile 95%; not inversion of centered-null p,delta = 0,resampled statistic minus observed statistic; +1 correction,1078,0.122,0.1079,0.5666387758096065,6,trimmed_mean_5pct,COMPUTED,chronological_block_1,
5,primary,834,160832,53528,139,0,160832,107304,two-sided,0.3354348134176714,5,9999,20260907,0.003063927512636321,0.0001943370279119361,B2_over_B1,COMPLETE_COVERAGE,qlike_regime_secondary,0.001591212316824348,0.3341915061050425,log_ridge_harq,4,False,SECONDARY,two-sided percentile 95%; not inversion of centered-null p,delta = 0,resampled statistic minus observed statistic; +1 correction,294,0.118,0.0295,0.370655418846092,6,trimmed_mean_5pct,COMPUTED,chronological_block_1,
5,primary,834,160832,53528,139,0,160832,107304,two-sided,0.35225906418706676,5,9999,20260907,0.002632657230589316,-0.00016706365004262353,B1_over_B0,COMPLETE_COVERAGE,qlike_regime_secondary,0.0013457429495941544,0.3480042419877152,lightgbm_qlike,4,False,SECONDARY,two-sided percentile 95%; not inversion of centered-null p,delta = 0,resampled statistic minus observed statistic; +1 correction,609,0.122,0.061,1.2078673430790927,6,trimmed_mean_5pct,COMPUTED,chronological_block_1,
5,primary,834,160832,53528,139,0,160832,107304,two-sided,0.3480042419877152,5,9999,20260907,0.0016017418441914787,7.010530235186541e-05,B2_over_B1,COMPLETE_COVERAGE,qlike_regime_secondary,0.0008459097279450539,0.347898962931389,lightgbm_qlike,4,False,SECONDARY,two-sided percentile 95%; not inversion of centered-null p,delta = 0,resampled statistic minus observed statistic; +1 correction,323,0.118,0.0324,0.03025223362935026,6,trimmed_mean_5pct,COMPUTED,chronological_block_1,
5,primary,1680,160832,107304,280,0,160832,53528,two-sided,0.354690638462274,5,9999,20260907,0.001665939189014608,0.00032125451626534334,B1_over_B0,COMPLETE_COVERAGE,qlike_regime_secondary,0.0010209725295515404,0.3536696659327225,log_ridge_harq,4,False,SECONDARY,two-sided percentile 95%; not inversion of centered-null p,delta = 0,resampled statistic minus observed statistic; +1 correction,40,0.0164,0.0041,0.287848738827127,0,mean,COMPUTED,leave_block_1_out,
5,primary,1680,160832,107304,280,0,160832,53528,two-sided,0.3536696659327225,5,9999,20260907,0.0016127633441537386,-0.00026588739005332305,B2_over_B1,COMPLETE_COVERAGE,qlike_regime_secondary,0.0007161280078658075,0.3529535379248566,log_ridge_harq,4,False,SECONDARY,two-sided percentile 95%; not inversion of centered-null p,delta = 0,resampled statistic minus observed statistic; +1 correction,1342,0.2686,0.1343,0.20248499570275116,0,mean,COMPUTED,leave_block_1_out,
5,primary,1680,160832,107304,280,0,160832,53528,two-sided,0.35382815409747964,5,9999,20260907,0.001998801871368169,-0.0005737951918769547,B1_over_B0,COMPLETE_COVERAGE,qlike_regime_secondary,0.0007204285130949942,0.3531077255843846,lightgbm_qlike,4,False,SECONDARY,two-sided percentile 95%; not inversion of centered-null p,delta = 0,resampled statistic minus observed statistic; +1 correction,2643,0.2686,0.2644,0.20360971978971357,0,mean,COMPUTED,leave_block_1_out,
5,primary,1680,160832,107304,280,0,160832,53528,two-sided,0.3531077255843846,5,9999,20260907,0.0015846049609903588,-1.7429377866379322e-05,B2_over_B1,COMPLETE_COVERAGE,qlike_regime_secondary,0.0007916800490293088,0.3523160455353553,lightgbm_qlike,4,False,SECONDARY,two-sided percentile 95%; not inversion of centered-null p,delta = 0,resampled statistic minus observed statistic; +1 correction,538,0.1617,0.0539,0.2242035480019866,0,mean,COMPUTED,leave_block_1_out,
5,primary,1680,160832,107304,280,0,160832,53528,two-sided,0.354690638462274,5,9999,20260907,0.0014220895880014406,0.0005829812551676472,B1_over_B0,COMPLETE_COVERAGE,qlike_regime_secondary,0.0010084117246974278,0.3536696659327225,log_ridge_harq,4,False,SECONDARY,two-sided percentile 95%; not inversion of centered-null p,delta = 0,resampled statistic minus observed statistic; +1 correction,10,0.0044,0.0011,0.287848738827127,0,median,COMPUTED,leave_block_1_out,
5,primary,1680,160832,107304,280,0,160832,53528,two-sided,0.3536696659327225,5,9999,20260907,0.0018828165540483721,0.00039142045080520216,B2_over_B1,COMPLETE_COVERAGE,qlike_regime_secondary,0.0010261199528643905,0.3529535379248566,log_ridge_harq,4,False,SECONDARY,two-sided percentile 95%; not inversion of centered-null p,delta = 0,resampled statistic minus observed statistic; +1 correction,58,0.0177,0.0059,0.20248499570275116,0,median,COMPUTED,leave_block_1_out,
5,primary,1680,160832,107304,280,0,160832,53528,two-sided,0.35382815409747964,5,9999,20260907,0.0011633249793372435,-0.0002477550588082522,B1_over_B0,COMPLETE_COVERAGE,qlike_regime_secondary,0.0005369595202494026,0.3531077255843846,lightgbm_qlike,4,False,SECONDARY,two-sided percentile 95%; not inversion of centered-null p,delta = 0,resampled statistic minus observed statistic; +1 correction,1228,0.1229,0.1229,0.20360971978971357,0,median,COMPUTED,leave_block_1_out,
5,primary,1680,160832,107304,280,0,160832,53528,two-sided,0.3531077255843846,5,9999,20260907,0.001438734212927728,5.963521525736981e-06,B2_over_B1,COMPLETE_COVERAGE,qlike_regime_secondary,0.0009163127615231803,0.3523160455353553,lightgbm_qlike,4,False,SECONDARY,two-sided percentile 95%; not inversion of centered-null p,delta = 0,resampled statistic minus observed statistic; +1 correction,255,0.0512,0.0256,0.2242035480019866,0,median,COMPUTED,leave_block_1_out,
5,primary,1680,160832,107304,280,0,160832,53528,two-sided,0.354690638462274,5,9999,20260907,0.0017298669774507677,0.0006827521073489259,B1_over_B0,COMPLETE_COVERAGE,qlike_regime_secondary,0.001199444868346439,0.3536696659327225,log_ridge_harq,4,False,SECONDARY,two-sided percentile 95%; not inversion of centered-null p,delta = 0,resampled statistic minus observed statistic; +1 correction,0,0.0004,0.0001,0.287848738827127,14,trimmed_mean_5pct,COMPUTED,leave_block_1_out,
5,primary,1680,160832,107304,280,0,160832,53528,two-sided,0.3536696659327225,5,9999,20260907,0.0016765135660572023,0.0002572596340329028,B2_over_B1,COMPLETE_COVERAGE,qlike_regime_secondary,0.0009766769339300421,0.3529535379248566,log_ridge_harq,4,False,SECONDARY,two-sided percentile 95%; not inversion of centered-null p,delta = 0,resampled statistic minus observed statistic; +1 correction,65,0.019799999999999998,0.0066,0.20248499570275116,14,trimmed_mean_5pct,COMPUTED,leave_block_1_out,
5,primary,1680,160832,107304,280,0,160832,53528,two-sided,0.35382815409747964,5,9999,20260907,0.0017509146320730988,-0.000142523486858945,B1_over_B0,COMPLETE_COVERAGE,qlike_regime_secondary,0.0007659610657959903,0.3531077255843846,lightgbm_qlike,4,False,SECONDARY,two-sided percentile 95%; not inversion of centered-null p,delta = 0,resampled statistic minus observed statistic; +1 correction,1129,0.113,0.113,0.20360971978971357,14,trimmed_mean_5pct,COMPUTED,leave_block_1_out,
5,primary,1680,160832,107304,280,0,160832,53528,two-sided,0.3531077255843846,5,9999,20260907,0.0014619563843428574,9.621570477987527e-05,B2_over_B1,COMPLETE_COVERAGE,qlike_regime_secondary,0.0007966728709897489,0.3523160455353553,lightgbm_qlike,4,False,SECONDARY,two-sided percentile 95%; not inversion of centered-null p,delta = 0,resampled statistic minus observed statistic; +1 correction,223,0.0448,0.0224,0.2242035480019866,14,trimmed_mean_5pct,COMPUTED,leave_block_1_out,
5,primary,834,160832,52674,139,0,160832,108158,two-sided,0.3447716957071763,5,9999,20260907,0.00226602556918322,0.0009417670280796564,B1_over_B0,COMPLETE_COVERAGE,qlike_regime_secondary,0.0015819970430718906,0.3431896986641045,log_ridge_harq,4,False,SECONDARY,two-sided percentile 95%; not inversion of centered-null p,delta = 0,resampled statistic minus observed statistic; +1 correction,0,0.0004,0.0001,0.4588535145923122,0,mean,COMPUTED,chronological_block_2,
5,primary,834,160832,52674,139,0,160832,108158,two-sided,0.3431896986641045,5,9999,20260907,0.0017796940141473635,-0.001141043485645098,B2_over_B1,COMPLETE_COVERAGE,qlike_regime_secondary,0.00042935148053750173,0.34276034718356696,log_ridge_harq,4,False,SECONDARY,two-sided percentile 95%; not inversion of centered-null p,delta = 0,resampled statistic minus observed statistic; +1 correction,5525,0.5526,0.5526,0.1251061678741493,0,mean,COMPUTED,chronological_block_2,
5,primary,834,160832,52674,139,0,160832,108158,two-sided,0.3452978111288814,5,9999,20260907,0.0023047857579898893,-0.00048487130190713016,B1_over_B0,COMPLETE_COVERAGE,qlike_regime_secondary,0.0009311049714168788,0.3443667061574645,lightgbm_qlike,4,False,SECONDARY,two-sided percentile 95%; not inversion of centered-null p,delta = 0,resampled statistic minus observed statistic; +1 correction,1913,0.3828,0.1914,0.26965272915365995,0,mean,COMPUTED,chronological_block_2,
5,primary,834,160832,52674,139,0,160832,108158,two-sided,0.3443667061574645,5,9999,20260907,0.0026433282362590587,2.16675577136454e-05,B2_over_B1,COMPLETE_COVERAGE,qlike_regime_secondary,0.0013137953634328793,0.34305291079403166,lightgbm_qlike,4,False,SECONDARY,two-sided percentile 95%; not inversion of centered-null p,delta = 0,resampled statistic minus observed statistic; +1 correction,501,0.1506,0.0502,0.3815105641577718,0,mean,COMPUTED,chronological_block_2,
5,primary,834,160832,52674,139,0,160832,108158,two-sided,0.3447716957071763,5,9999,20260907,0.0016660215102065985,0.000403344590878707,B1_over_B0,COMPLETE_COVERAGE,qlike_regime_secondary,0.0010369289225122813,0.3431896986641045,log_ridge_harq,4,False,SECONDARY,two-sided percentile 95%; not inversion of centered-null p,delta = 0,resampled statistic minus observed statistic; +1 correction,33,0.0136,0.0034,0.4588535145923122,0,median,COMPUTED,chronological_block_2,
5,primary,834,160832,52674,139,0,160832,108158,two-sided,0.3431896986641045,5,9999,20260907,0.0018532723702739395,-0.00010057783773176343,B2_over_B1,COMPLETE_COVERAGE,qlike_regime_secondary,0.0007551586454624393,0.34276034718356696,log_ridge_harq,4,False,SECONDARY,two-sided percentile 95%; not inversion of centered-null p,delta = 0,resampled statistic minus observed statistic; +1 correction,1132,0.2266,0.1133,0.1251061678741493,0,median,COMPUTED,chronological_block_2,
5,primary,834,160832,52674,139,0,160832,108158,two-sided,0.3452978111288814,5,9999,20260907,0.0009556546660438592,-0.0007458389111408836,B1_over_B0,COMPLETE_COVERAGE,qlike_regime_secondary,0.00013184504376717587,0.3443667061574645,lightgbm_qlike,4,False,SECONDARY,two-sided percentile 95%; not inversion of centered-null p,delta = 0,resampled statistic minus observed statistic; +1 correction,6654,0.6655,0.6655,0.26965272915365995,0,median,COMPUTED,chronological_block_2,
5,primary,834,160832,52674,139,0,160832,108158,two-sided,0.3443667061574645,5,9999,20260907,0.0025042258991223587,0.00047273583646334494,B2_over_B1,COMPLETE_COVERAGE,qlike_regime_secondary,0.001414654656672898,0.34305291079403166,lightgbm_qlike,4,False,SECONDARY,two-sided percentile 95%; not inversion of centered-null p,delta = 0,resampled statistic minus observed statistic; +1 correction,72,0.0219,0.0073,0.3815105641577718,0,median,COMPUTED,chronological_block_2,
5,primary,834,160832,52674,139,0,160832,108158,two-sided,0.3447716957071763,5,9999,20260907,0.0020475442407013435,0.000806284773327492,B1_over_B0,COMPLETE_COVERAGE,qlike_regime_secondary,0.0014055886997980552,0.3431896986641045,log_ridge_harq,4,False,SECONDARY,two-sided percentile 95%; not inversion of centered-null p,delta = 0,resampled statistic minus observed statistic; +1 correction,1,0.0008,0.0002,0.4588535145923122,6,trimmed_mean_5pct,COMPUTED,chronological_block_2,
5,primary,834,160832,52674,139,0,160832,108158,two-sided,0.3431896986641045,5,9999,20260907,0.0016720442594428775,-0.00037141845184740003,B2_over_B1,COMPLETE_COVERAGE,qlike_regime_secondary,0.0006855276589604193,0.34276034718356696,log_ridge_harq,4,False,SECONDARY,two-sided percentile 95%; not inversion of centered-null p,delta = 0,resampled statistic minus observed statistic; +1 correction,1845,0.3692,0.1846,0.1251061678741493,6,trimmed_mean_5pct,COMPUTED,chronological_block_2,
5,primary,834,160832,52674,139,0,160832,108158,two-sided,0.3452978111288814,5,9999,20260907,0.0019342495727662375,-0.0006580230583732649,B1_over_B0,COMPLETE_COVERAGE,qlike_regime_secondary,0.0006107307591715262,0.3443667061574645,lightgbm_qlike,4,False,SECONDARY,two-sided percentile 95%; not inversion of centered-null p,delta = 0,resampled statistic minus observed statistic; +1 correction,3544,0.3692,0.3545,0.26965272915365995,6,trimmed_mean_5pct,COMPUTED,chronological_block_2,
5,primary,834,160832,52674,139,0,160832,108158,two-sided,0.3443667061574645,5,9999,20260907,0.0024838938624055745,0.0002068237204557644,B2_over_B1,COMPLETE_COVERAGE,qlike_regime_secondary,0.001355630939186911,0.34305291079403166,lightgbm_qlike,4,False,SECONDARY,two-sided percentile 95%; not inversion of centered-null p,delta = 0,resampled statistic minus observed statistic; +1 correction,189,0.056999999999999995,0.019,0.3815105641577718,6,trimmed_mean_5pct,COMPUTED,chronological_block_2,
5,primary,1680,160832,108158,280,0,160832,52674,two-sided,0.3510044840242777,5,9999,20260907,0.0027714390049173275,-6.077477234928671e-05,B1_over_B0,COMPLETE_COVERAGE,qlike_regime_secondary,0.001184564696034474,0.3498199193282432,log_ridge_harq,4,False,SECONDARY,two-sided percentile 95%; not inversion of centered-null p,delta = 0,resampled statistic minus observed statistic; +1 correction,972,0.2919,0.0973,0.33747850809579455,0,mean,COMPUTED,leave_block_2_out,
5,primary,1680,160832,108158,280,0,160832,52674,two-sided,0.3498199193282432,5,9999,20260907,0.0021166042950051776,9.407222212838023e-05,B2_over_B1,COMPLETE_COVERAGE,qlike_regime_secondary,0.001120198938796883,0.3486997203894463,log_ridge_harq,4,False,SECONDARY,two-sided percentile 95%; not inversion of centered-null p,delta = 0,resampled statistic minus observed statistic; +1 correction,296,0.1188,0.0297,0.320221598858062,0,mean,COMPUTED,leave_block_2_out,
5,primary,1680,160832,108158,280,0,160832,52674,two-sided,0.3572839190085073,5,9999,20260907,0.0060261963199043775,-6.569318523439736e-05,B1_over_B0,COMPLETE_COVERAGE,qlike_regime_secondary,0.0023704167083911584,0.3549135023001162,lightgbm_qlike,4,False,SECONDARY,two-sided percentile 95%; not inversion of centered-null p,delta = 0,resampled statistic minus observed statistic; +1 correction,1136,0.2919,0.1137,0.6634546315348484,0,mean,COMPUTED,leave_block_2_out,
5,primary,1680,160832,108158,280,0,160832,52674,two-sided,0.3549135023001162,5,9999,20260907,0.002198165709145108,-0.0020286794564395227,B2_over_B1,COMPLETE_COVERAGE,qlike_regime_secondary,0.000191738025144194,0.354721764274972,lightgbm_qlike,4,False,SECONDARY,two-sided percentile 95%; not inversion of centered-null p,delta = 0,resampled statistic minus observed statistic; +1 correction,8006,0.8007,0.8007,0.05402387452198412,0,mean,COMPUTED,leave_block_2_out,
5,primary,1680,160832,108158,280,0,160832,52674,two-sided,0.3510044840242777,5,9999,20260907,0.001084602444863636,-0.00016228235000317892,B1_over_B0,COMPLETE_COVERAGE,qlike_regime_secondary,0.0006089218893132742,0.3498199193282432,log_ridge_harq,4,False,SECONDARY,two-sided percentile 95%; not inversion of centered-null p,delta = 0,resampled statistic minus observed statistic; +1 correction,1055,0.2112,0.1056,0.33747850809579455,0,median,COMPUTED,leave_block_2_out,
5,primary,1680,160832,108158,280,0,160832,52674,two-sided,0.3498199193282432,5,9999,20260907,0.002060294279377256,0.0005167567201887491,B2_over_B1,COMPLETE_COVERAGE,qlike_regime_secondary,0.0012937341693426974,0.3486997203894463,log_ridge_harq,4,False,SECONDARY,two-sided percentile 95%; not inversion of centered-null p,delta = 0,resampled statistic minus observed statistic; +1 correction,3,0.0016,0.0004,0.320221598858062,0,median,COMPUTED,leave_block_2_out,
5,primary,1680,160832,108158,280,0,160832,52674,two-sided,0.3572839190085073,5,9999,20260907,0.0019364762691434778,0.0005356417620221154,B1_over_B0,COMPLETE_COVERAGE,qlike_regime_secondary,0.0013561669809289967,0.3549135023001162,lightgbm_qlike,4,False,SECONDARY,two-sided percentile 95%; not inversion of centered-null p,delta = 0,resampled statistic minus observed statistic; +1 correction,12,0.0039,0.0013,0.6634546315348484,0,median,COMPUTED,leave_block_2_out,
5,primary,1680,160832,108158,280,0,160832,52674,two-sided,0.3549135023001162,5,9999,20260907,0.0013976375028682542,-0.0001904865753671603,B2_over_B1,COMPLETE_COVERAGE,qlike_regime_secondary,0.0005794201973474966,0.354721764274972,lightgbm_qlike,4,False,SECONDARY,two-sided percentile 95%; not inversion of centered-null p,delta = 0,resampled statistic minus observed statistic; +1 correction,1666,0.2112,0.1667,0.05402387452198412,0,median,COMPUTED,leave_block_2_out,
5,primary,1680,160832,108158,280,0,160832,52674,two-sided,0.3510044840242777,5,9999,20260907,0.0015280496932420045,0.00017923544548050475,B1_over_B0,COMPLETE_COVERAGE,qlike_regime_secondary,0.0008782504807246697,0.3498199193282432,log_ridge_harq,4,False,SECONDARY,two-sided percentile 95%; not inversion of centered-null p,delta = 0,resampled statistic minus observed statistic; +1 correction,119,0.036000000000000004,0.012,0.33747850809579455,14,trimmed_mean_5pct,COMPUTED,leave_block_2_out,
5,primary,1680,160832,108158,280,0,160832,52674,two-sided,0.3498199193282432,5,9999,20260907,0.0022986858317976255,0.0005963473024995761,B2_over_B1,COMPLETE_COVERAGE,qlike_regime_secondary,0.0014401101641789847,0.3486997203894463,log_ridge_harq,4,False,SECONDARY,two-sided percentile 95%; not inversion of centered-null p,delta = 0,resampled statistic minus observed statistic; +1 correction,12,0.0052,0.0013,0.320221598858062,14,trimmed_mean_5pct,COMPUTED,leave_block_2_out,
5,primary,1680,160832,108158,280,0,160832,52674,two-sided,0.3572839190085073,5,9999,20260907,0.0021294500984071728,0.00019363719884962058,B1_over_B0,COMPLETE_COVERAGE,qlike_regime_secondary,0.0011532061468645814,0.3549135023001162,lightgbm_qlike,4,False,SECONDARY,two-sided percentile 95%; not inversion of centered-null p,delta = 0,resampled statistic minus observed statistic; +1 correction,201,0.0404,0.0202,0.6634546315348484,14,trimmed_mean_5pct,COMPUTED,leave_block_2_out,
5,primary,1680,160832,108158,280,0,160832,52674,two-sided,0.3549135023001162,5,9999,20260907,0.0011092315313576562,-5.032063044094625e-05,B2_over_B1,COMPLETE_COVERAGE,qlike_regime_secondary,0.0005402643177871345,0.354721764274972,lightgbm_qlike,4,False,SECONDARY,two-sided percentile 95%; not inversion of centered-null p,delta = 0,resampled statistic minus observed statistic; +1 correction,693,0.0694,0.0694,0.05402387452198412,14,trimmed_mean_5pct,COMPUTED,leave_block_2_out,
5,primary,846,160832,54630,141,0,160832,106202,two-sided,0.36446888699389507,5,9999,20260907,0.001532396809919726,-0.0007344669938721696,B1_over_B0,COMPLETE_COVERAGE,qlike_regime_secondary,0.00046790581054920947,0.36400098118334584,log_ridge_harq,4,False,SECONDARY,two-sided percentile 95%; not inversion of centered-null p,delta = 0,resampled statistic minus observed statistic; +1 correction,4126,1.0,0.4127,0.12838017928181808,0,mean,COMPUTED,chronological_block_3,
5,primary,846,160832,54630,141,0,160832,106202,two-sided,0.36400098118334584,5,9999,20260907,0.0021982281697294527,-0.00025279967902593043,B2_over_B1,COMPLETE_COVERAGE,qlike_regime_secondary,0.0009988367830334282,0.3630021444003125,log_ridge_harq,4,False,SECONDARY,two-sided percentile 95%; not inversion of centered-null p,delta = 0,resampled statistic minus observed statistic; +1 correction,1095,0.4384,0.1096,0.2744049699498799,0,mean,COMPUTED,chronological_block_3,
5,primary,846,160832,54630,141,0,160832,106202,two-sided,0.36223749929347354,5,9999,20260907,0.002600477966110626,-0.0016319055206230123,B1_over_B0,COMPLETE_COVERAGE,qlike_regime_secondary,0.0005127403733308669,0.36172475892014266,lightgbm_qlike,4,False,SECONDARY,two-sided percentile 95%; not inversion of centered-null p,delta = 0,resampled statistic minus observed statistic; +1 correction,6289,1.0,0.629,0.14154812086847493,0,mean,COMPUTED,chronological_block_3,
5,primary,846,160832,54630,141,0,160832,106202,two-sided,0.36172475892014266,5,9999,20260907,0.0011930596507418077,-0.0006711489158797448,B2_over_B1,COMPLETE_COVERAGE,qlike_regime_secondary,0.0002769706256101863,0.3614477882945325,lightgbm_qlike,4,False,SECONDARY,two-sided percentile 95%; not inversion of centered-null p,delta = 0,resampled statistic minus observed statistic; +1 correction,5630,1.0,0.5631,0.07656944092990124,0,mean,COMPUTED,chronological_block_3,
5,primary,846,160832,54630,141,0,160832,106202,two-sided,0.36446888699389507,5,9999,20260907,0.0016320066324090332,-3.4897531042354935e-05,B1_over_B0,COMPLETE_COVERAGE,qlike_regime_secondary,0.0009734740118121921,0.36400098118334584,log_ridge_harq,4,False,SECONDARY,two-sided percentile 95%; not inversion of centered-null p,delta = 0,resampled statistic minus observed statistic; +1 correction,473,0.1422,0.0474,0.12838017928181808,0,median,COMPUTED,chronological_block_3,
5,primary,846,160832,54630,141,0,160832,106202,two-sided,0.36400098118334584,5,9999,20260907,0.0021974412316456693,0.0002815808876577841,B2_over_B1,COMPLETE_COVERAGE,qlike_regime_secondary,0.001324910390023415,0.3630021444003125,log_ridge_harq,4,False,SECONDARY,two-sided percentile 95%; not inversion of centered-null p,delta = 0,resampled statistic minus observed statistic; +1 correction,86,0.0348,0.0087,0.2744049699498799,0,median,COMPUTED,chronological_block_3,
5,primary,846,160832,54630,141,0,160832,106202,two-sided,0.36223749929347354,5,9999,20260907,0.0019544375021534055,-0.00030287360460623525,B1_over_B0,COMPLETE_COVERAGE,qlike_regime_secondary,0.000985841447808944,0.36172475892014266,lightgbm_qlike,4,False,SECONDARY,two-sided percentile 95%; not inversion of centered-null p,delta = 0,resampled statistic minus observed statistic; +1 correction,799,0.16,0.08,0.14154812086847493,0,median,COMPUTED,chronological_block_3,
5,primary,846,160832,54630,141,0,160832,106202,two-sided,0.36172475892014266,5,9999,20260907,0.0011003206606975402,-0.0008977856631590675,B2_over_B1,COMPLETE_COVERAGE,qlike_regime_secondary,-9.333868109301369e-05,0.3614477882945325,lightgbm_qlike,4,False,SECONDARY,two-sided percentile 95%; not inversion of centered-null p,delta = 0,resampled statistic minus observed statistic; +1 correction,8294,0.8295,0.8295,0.07656944092990124,0,median,COMPUTED,chronological_block_3,
5,primary,846,160832,54630,141,0,160832,106202,two-sided,0.36446888699389507,5,9999,20260907,0.0017843131022955254,5.577127045300678e-05,B1_over_B0,COMPLETE_COVERAGE,qlike_regime_secondary,0.0009592087460249317,0.36400098118334584,log_ridge_harq,4,False,SECONDARY,two-sided percentile 95%; not inversion of centered-null p,delta = 0,resampled statistic minus observed statistic; +1 correction,306,0.0921,0.0307,0.12838017928181808,7,trimmed_mean_5pct,COMPUTED,chronological_block_3,
5,primary,846,160832,54630,141,0,160832,106202,two-sided,0.36400098118334584,5,9999,20260907,0.0022820543541593424,0.0002828293653976532,B2_over_B1,COMPLETE_COVERAGE,qlike_regime_secondary,0.0012408169146641017,0.3630021444003125,log_ridge_harq,4,False,SECONDARY,two-sided percentile 95%; not inversion of centered-null p,delta = 0,resampled statistic minus observed statistic; +1 correction,152,0.0612,0.0153,0.2744049699498799,7,trimmed_mean_5pct,COMPUTED,chronological_block_3,
5,primary,846,160832,54630,141,0,160832,106202,two-sided,0.36223749929347354,5,9999,20260907,0.0024444918440072396,-0.0003404891389478482,B1_over_B0,COMPLETE_COVERAGE,qlike_regime_secondary,0.0009643724120702341,0.36172475892014266,lightgbm_qlike,4,False,SECONDARY,two-sided percentile 95%; not inversion of centered-null p,delta = 0,resampled statistic minus observed statistic; +1 correction,1656,0.3314,0.1657,0.14154812086847493,7,trimmed_mean_5pct,COMPUTED,chronological_block_3,
5,primary,846,160832,54630,141,0,160832,106202,two-sided,0.36172475892014266,5,9999,20260907,0.001108916827763833,-0.0006747017775979179,B2_over_B1,COMPLETE_COVERAGE,qlike_regime_secondary,0.0002508242472449156,0.3614477882945325,lightgbm_qlike,4,False,SECONDARY,two-sided percentile 95%; not inversion of centered-null p,delta = 0,resampled statistic minus observed statistic; +1 correction,5823,0.5824,0.5824,0.07656944092990124,7,trimmed_mean_5pct,COMPUTED,chronological_block_3,
5,primary,1668,160832,106202,278,0,160832,54630,two-sided,0.3410590221725038,5,9999,20260907,0.0032743296065646894,0.000611490075243046,B1_over_B0,COMPLETE_COVERAGE,qlike_regime_secondary,0.0017467661316158524,0.3393122560408879,log_ridge_harq,4,False,SECONDARY,two-sided percentile 95%; not inversion of centered-null p,delta = 0,resampled statistic minus observed statistic; +1 correction,142,0.0572,0.0143,0.5121594850325812,0,mean,COMPUTED,leave_block_3_out,
5,primary,1668,160832,106202,278,0,160832,54630,two-sided,0.3393122560408879,5,9999,20260907,0.0018921793582816575,-0.0002687866034424561,B2_over_B1,COMPLETE_COVERAGE,qlike_regime_secondary,0.0008363293965831894,0.33847592664430465,log_ridge_harq,4,False,SECONDARY,two-sided percentile 95%; not inversion of centered-null p,delta = 0,resampled statistic minus observed statistic; +1 correction,1250,0.2502,0.1251,0.24647780376150336,0,mean,COMPUTED,leave_block_3_out,
5,primary,1668,160832,106202,278,0,160832,54630,two-sided,0.34877843765797406,5,9999,20260907,0.006126730652176226,0.00034816961349800365,B1_over_B0,COMPLETE_COVERAGE,qlike_regime_secondary,0.0025929635853842387,0.3461854740725898,lightgbm_qlike,4,False,SECONDARY,two-sided percentile 95%; not inversion of centered-null p,delta = 0,resampled statistic minus observed statistic; +1 correction,714,0.21449999999999997,0.0715,0.743441481874806,0,mean,COMPUTED,leave_block_3_out,
5,primary,1668,160832,106202,278,0,160832,54630,two-sided,0.3461854740725898,5,9999,20260907,0.0027446094937949085,-0.0015449172558729882,B2_over_B1,COMPLETE_COVERAGE,qlike_regime_secondary,0.0007095372098795261,0.3454759368627103,lightgbm_qlike,4,False,SECONDARY,two-sided percentile 95%; not inversion of centered-null p,delta = 0,resampled statistic minus observed statistic; +1 correction,4577,0.4578,0.4578,0.20495868920564442,0,mean,COMPUTED,leave_block_3_out,
5,primary,1668,160832,106202,278,0,160832,54630,two-sided,0.3410590221725038,5,9999,20260907,0.001123872440342344,3.7181801617575116e-05,B1_over_B0,COMPLETE_COVERAGE,qlike_regime_secondary,0.0007736512311204147,0.3393122560408879,log_ridge_harq,4,False,SECONDARY,two-sided percentile 95%; not inversion of centered-null p,delta = 0,resampled statistic minus observed statistic; +1 correction,129,0.039,0.013,0.5121594850325812,0,median,COMPUTED,leave_block_3_out,
5,primary,1668,160832,106202,278,0,160832,54630,two-sided,0.3393122560408879,5,9999,20260907,0.0017374692455742469,0.00046253644144200745,B2_over_B1,COMPLETE_COVERAGE,qlike_regime_secondary,0.0009281026213038557,0.33847592664430465,log_ridge_harq,4,False,SECONDARY,two-sided percentile 95%; not inversion of centered-null p,delta = 0,resampled statistic minus observed statistic; +1 correction,150,0.039,0.0151,0.24647780376150336,0,median,COMPUTED,leave_block_3_out,
5,primary,1668,160832,106202,278,0,160832,54630,two-sided,0.34877843765797406,5,9999,20260907,0.0014970901607791465,0.0001441788857022841,B1_over_B0,COMPLETE_COVERAGE,qlike_regime_secondary,0.0007825885066960192,0.3461854740725898,lightgbm_qlike,4,False,SECONDARY,two-sided percentile 95%; not inversion of centered-null p,delta = 0,resampled statistic minus observed statistic; +1 correction,197,0.039,0.0198,0.743441481874806,0,median,COMPUTED,leave_block_3_out,
5,primary,1668,160832,106202,278,0,160832,54630,two-sided,0.3461854740725898,5,9999,20260907,0.002087399965134157,0.0006709915236146335,B2_over_B1,COMPLETE_COVERAGE,qlike_regime_secondary,0.001426694434800313,0.3454759368627103,lightgbm_qlike,4,False,SECONDARY,two-sided percentile 95%; not inversion of centered-null p,delta = 0,resampled statistic minus observed statistic; +1 correction,3,0.0016,0.0004,0.20495868920564442,0,median,COMPUTED,leave_block_3_out,
5,primary,1668,160832,106202,278,0,160832,54630,two-sided,0.3410590221725038,5,9999,20260907,0.0017204851525830123,0.0005644201322831888,B1_over_B0,COMPLETE_COVERAGE,qlike_regime_secondary,0.0011605276877242501,0.3393122560408879,log_ridge_harq,4,False,SECONDARY,two-sided percentile 95%; not inversion of centered-null p,delta = 0,resampled statistic minus observed statistic; +1 correction,1,0.0008,0.0002,0.5121594850325812,13,trimmed_mean_5pct,COMPUTED,leave_block_3_out,
5,primary,1668,160832,106202,278,0,160832,54630,two-sided,0.3393122560408879,5,9999,20260907,0.001994585349435175,0.00027269947278405447,B2_over_B1,COMPLETE_COVERAGE,qlike_regime_secondary,0.0011305861140279083,0.33847592664430465,log_ridge_harq,4,False,SECONDARY,two-sided percentile 95%; not inversion of centered-null p,delta = 0,resampled statistic minus observed statistic; +1 correction,118,0.0238,0.0119,0.24647780376150336,13,trimmed_mean_5pct,COMPUTED,leave_block_3_out,
5,primary,1668,160832,106202,278,0,160832,54630,two-sided,0.34877843765797406,5,9999,20260907,0.0018938406964700808,3.6071143259604755e-05,B1_over_B0,COMPLETE_COVERAGE,qlike_regime_secondary,0.0009721196571822034,0.3461854740725898,lightgbm_qlike,4,False,SECONDARY,two-sided percentile 95%; not inversion of centered-null p,delta = 0,resampled statistic minus observed statistic; +1 correction,394,0.0395,0.0395,0.743441481874806,13,trimmed_mean_5pct,COMPUTED,leave_block_3_out,
5,primary,1668,160832,106202,278,0,160832,54630,two-sided,0.3461854740725898,5,9999,20260907,0.0017339704146307196,0.0004336240375514368,B2_over_B1,COMPLETE_COVERAGE,qlike_regime_secondary,0.0011008098052659675,0.3454759368627103,lightgbm_qlike,4,False,SECONDARY,two-sided percentile 95%; not inversion of centered-null p,delta = 0,resampled statistic minus observed statistic; +1 correction,8,0.0027,0.0009,0.20495868920564442,13,trimmed_mean_5pct,COMPUTED,leave_block_3_out,
5,confirmation,150,9750,750,25,0,9750,9000,two-sided,0.30079992760256574,5,9999,20260907,0.0031933409612223333,-0.0002314515445214285,B1_over_B0,COMPLETE_COVERAGE,qlike_regime_secondary,0.0015317387517688951,0.29926818885079687,log_ridge_harq,4,False,SECONDARY,two-sided percentile 95%; not inversion of centered-null p,delta = 0,resampled statistic minus observed statistic; +1 correction,793,0.3176,0.0794,0.5092217820586437,0,mean,COMPUTED,first_hour,
5,confirmation,150,9750,750,25,0,9750,9000,two-sided,0.29926818885079687,5,9999,20260907,0.0036273834542225876,-0.001983598546319819,B2_over_B1,COMPLETE_COVERAGE,qlike_regime_secondary,0.0009461389409575393,0.29832204990983935,log_ridge_harq,4,False,SECONDARY,two-sided percentile 95%; not inversion of centered-null p,delta = 0,resampled statistic minus observed statistic; +1 correction,5133,1.0,0.5134,0.3161508560568214,0,mean,COMPUTED,first_hour,
5,confirmation,150,9750,750,25,0,9750,9000,two-sided,0.29756154757197956,5,9999,20260907,0.005616254889326113,-0.003473277767637677,B1_over_B0,COMPLETE_COVERAGE,qlike_regime_secondary,0.0015004710681271471,0.2960610765038524,lightgbm_qlike,4,False,SECONDARY,two-sided percentile 95%; not inversion of centered-null p,delta = 0,resampled statistic minus observed statistic; +1 correction,5360,1.0,0.5361,0.5042557011719352,0,mean,COMPUTED,first_hour,
5,confirmation,150,9750,750,25,0,9750,9000,two-sided,0.2960610765038524,5,9999,20260907,0.003589970991576686,-0.0015508311472921675,B2_over_B1,COMPLETE_COVERAGE,qlike_regime_secondary,0.00106253756016069,0.2949985389436917,lightgbm_qlike,4,False,SECONDARY,two-sided percentile 95%; not inversion of centered-null p,delta = 0,resampled statistic minus observed statistic; +1 correction,4249,1.0,0.425,0.3588913384724737,0,mean,COMPUTED,first_hour,
5,confirmation,150,9750,750,25,0,9750,9000,two-sided,0.30079992760256574,5,9999,20260907,0.003483044586973072,-0.0013835725921287345,B1_over_B0,COMPLETE_COVERAGE,qlike_regime_secondary,0.0010238228161563168,0.29926818885079687,log_ridge_harq,4,False,SECONDARY,two-sided percentile 95%; not inversion of centered-null p,delta = 0,resampled statistic minus observed statistic; +1 correction,4749,0.95,0.475,0.5092217820586437,0,median,COMPUTED,first_hour,
5,confirmation,150,9750,750,25,0,9750,9000,two-sided,0.29926818885079687,5,9999,20260907,0.0022702565218265525,-0.0028696300167593836,B2_over_B1,COMPLETE_COVERAGE,qlike_regime_secondary,-0.00027391259831166526,0.29832204990983935,log_ridge_harq,4,False,SECONDARY,two-sided percentile 95%; not inversion of centered-null p,delta = 0,resampled statistic minus observed statistic; +1 correction,8413,0.95,0.8414,0.3161508560568214,0,median,COMPUTED,first_hour,
5,confirmation,150,9750,750,25,0,9750,9000,two-sided,0.29756154757197956,5,9999,20260907,0.004143290696701829,-0.003354440438085221,B1_over_B0,COMPLETE_COVERAGE,qlike_regime_secondary,0.0009875320769257012,0.2960610765038524,lightgbm_qlike,4,False,SECONDARY,two-sided percentile 95%; not inversion of centered-null p,delta = 0,resampled statistic minus observed statistic; +1 correction,2959,0.8879999999999999,0.296,0.5042557011719352,0,median,COMPUTED,first_hour,
5,confirmation,150,9750,750,25,0,9750,9000,two-sided,0.2960610765038524,5,9999,20260907,0.0013188489465437714,-0.004727021713093582,B2_over_B1,COMPLETE_COVERAGE,qlike_regime_secondary,-0.0016873499912042345,0.2949985389436917,lightgbm_qlike,4,False,SECONDARY,two-sided percentile 95%; not inversion of centered-null p,delta = 0,resampled statistic minus observed statistic; +1 correction,2213,0.8856,0.2214,0.3588913384724737,0,median,COMPUTED,first_hour,
5,confirmation,150,9750,750,25,0,9750,9000,two-sided,0.30079992760256574,5,9999,20260907,0.0031001350160854988,-0.0004697676697297702,B1_over_B0,COMPLETE_COVERAGE,qlike_regime_secondary,0.001379197221955606,0.29926818885079687,log_ridge_harq,4,False,SECONDARY,two-sided percentile 95%; not inversion of centered-null p,delta = 0,resampled statistic minus observed statistic; +1 correction,1292,0.5172,0.1293,0.5092217820586437,1,trimmed_mean_5pct,COMPUTED,first_hour,
5,confirmation,150,9750,750,25,0,9750,9000,two-sided,0.29926818885079687,5,9999,20260907,0.0035714384214473086,-0.0022399907126107858,B2_over_B1,COMPLETE_COVERAGE,qlike_regime_secondary,0.0008155893465103572,0.29832204990983935,log_ridge_harq,4,False,SECONDARY,two-sided percentile 95%; not inversion of centered-null p,delta = 0,resampled statistic minus observed statistic; +1 correction,5882,1.0,0.5883,0.3161508560568214,1,trimmed_mean_5pct,COMPUTED,first_hour,
5,confirmation,150,9750,750,25,0,9750,9000,two-sided,0.29756154757197956,5,9999,20260907,0.005379197349935964,-0.0037324254379330433,B1_over_B0,COMPLETE_COVERAGE,qlike_regime_secondary,0.0012065846652720437,0.2960610765038524,lightgbm_qlike,4,False,SECONDARY,two-sided percentile 95%; not inversion of centered-null p,delta = 0,resampled statistic minus observed statistic; +1 correction,6316,1.0,0.6317,0.5042557011719352,1,trimmed_mean_5pct,COMPUTED,first_hour,
5,confirmation,150,9750,750,25,0,9750,9000,two-sided,0.2960610765038524,5,9999,20260907,0.0032264491150038395,-0.0021838494861520135,B2_over_B1,COMPLETE_COVERAGE,qlike_regime_secondary,0.00044683573263308996,0.2949985389436917,lightgbm_qlike,4,False,SECONDARY,two-sided percentile 95%; not inversion of centered-null p,delta = 0,resampled statistic minus observed statistic; +1 correction,7518,1.0,0.7519,0.3588913384724737,1,trimmed_mean_5pct,COMPUTED,first_hour,
5,confirmation,63,9750,4095,24,0,9750,5655,two-sided,0.4200961163939459,5,9999,20260907,0.0038471168078331045,-0.0016187199828454804,B1_over_B0,COMPLETE_COVERAGE,qlike_regime_secondary,0.001234772658128844,0.41886134373581707,log_ridge_harq,4,False,SECONDARY,two-sided percentile 95%; not inversion of centered-null p,delta = 0,resampled statistic minus observed statistic; +1 correction,3992,0.7986,0.3993,0.29392622543811703,0,mean,COMPUTED,high_flow,
5,confirmation,63,9750,4095,24,0,9750,5655,two-sided,0.41886134373581707,5,9999,20260907,0.016588170724703276,-0.001114284585578206,B2_over_B1,COMPLETE_COVERAGE,qlike_regime_secondary,0.005942455682262269,0.41291888805355476,log_ridge_harq,4,False,SECONDARY,two-sided percentile 95%; not inversion of centered-null p,delta = 0,resampled statistic minus observed statistic; +1 correction,1996,0.5991,0.1997,1.418716663911167,0,mean,COMPUTED,high_flow,
5,confirmation,63,9750,4095,24,0,9750,5655,two-sided,0.4203601438691784,5,9999,20260907,0.014402832695242323,0.002828121015417946,B1_over_B0,COMPLETE_COVERAGE,qlike_regime_secondary,0.008355635166006932,0.41200450870317146,lightgbm_qlike,4,False,SECONDARY,two-sided percentile 95%; not inversion of centered-null p,delta = 0,resampled statistic minus observed statistic; +1 correction,47,0.0192,0.0048,1.9877324926902005,0,mean,COMPUTED,high_flow,
5,confirmation,63,9750,4095,24,0,9750,5655,two-sided,0.41200450870317146,5,9999,20260907,0.003329666692271485,-0.019490177054934922,B2_over_B1,COMPLETE_COVERAGE,qlike_regime_secondary,-0.005491425564253243,0.41749593426742476,lightgbm_qlike,4,False,SECONDARY,two-sided percentile 95%; not inversion of centered-null p,delta = 0,resampled statistic minus observed statistic; +1 correction,5027,0.7986,0.5028,-1.3328556965403358,0,mean,COMPUTED,high_flow,
5,confirmation,63,9750,4095,24,0,9750,5655,two-sided,0.4200961163939459,5,9999,20260907,0.0031058062206106296,0.00011926710693105358,B1_over_B0,COMPLETE_COVERAGE,qlike_regime_secondary,0.0007311859600595272,0.41886134373581707,log_ridge_harq,4,False,SECONDARY,two-sided percentile 95%; not inversion of centered-null p,delta = 0,resampled statistic minus observed statistic; +1 correction,2394,0.726,0.2395,0.29392622543811703,0,median,COMPUTED,high_flow,
5,confirmation,63,9750,4095,24,0,9750,5655,two-sided,0.41886134373581707,5,9999,20260907,0.0029387165016022954,-0.0032796327264882352,B2_over_B1,COMPLETE_COVERAGE,qlike_regime_secondary,0.0012979134568954775,0.41291888805355476,log_ridge_harq,4,False,SECONDARY,two-sided percentile 95%; not inversion of centered-null p,delta = 0,resampled statistic minus observed statistic; +1 correction,4375,0.726,0.4376,1.418716663911167,0,median,COMPUTED,high_flow,
5,confirmation,63,9750,4095,24,0,9750,5655,two-sided,0.4203601438691784,5,9999,20260907,0.010069531504367957,0.0005284410046407784,B1_over_B0,COMPLETE_COVERAGE,qlike_regime_secondary,0.003093827911359426,0.41200450870317146,lightgbm_qlike,4,False,SECONDARY,two-sided percentile 95%; not inversion of centered-null p,delta = 0,resampled statistic minus observed statistic; +1 correction,1814,0.726,0.1815,1.9877324926902005,0,median,COMPUTED,high_flow,
5,confirmation,63,9750,4095,24,0,9750,5655,two-sided,0.41200450870317146,5,9999,20260907,0.002885208677276152,-0.0034681949195282946,B2_over_B1,COMPLETE_COVERAGE,qlike_regime_secondary,-0.0012446660112374608,0.41749593426742476,lightgbm_qlike,4,False,SECONDARY,two-sided percentile 95%; not inversion of centered-null p,delta = 0,resampled statistic minus observed statistic; +1 correction,2007,0.726,0.2008,-1.3328556965403358,0,median,COMPUTED,high_flow,
5,confirmation,63,9750,4095,24,0,9750,5655,two-sided,0.4200961163939459,5,9999,20260907,0.0037117142139382166,-0.0011564848140416177,B1_over_B0,COMPLETE_COVERAGE,qlike_regime_secondary,0.0016391399009638872,0.41886134373581707,log_ridge_harq,4,False,SECONDARY,two-sided percentile 95%; not inversion of centered-null p,delta = 0,resampled statistic minus observed statistic; +1 correction,1813,0.5442,0.1814,0.29392622543811703,1,trimmed_mean_5pct,COMPUTED,high_flow,
5,confirmation,63,9750,4095,24,0,9750,5655,two-sided,0.41886134373581707,5,9999,20260907,0.012600212558220757,-0.0015364050673888844,B2_over_B1,COMPLETE_COVERAGE,qlike_regime_secondary,0.001049326189662612,0.41291888805355476,log_ridge_harq,4,False,SECONDARY,two-sided percentile 95%; not inversion of centered-null p,delta = 0,resampled statistic minus observed statistic; +1 correction,6021,1.0,0.6022,1.418716663911167,1,trimmed_mean_5pct,COMPUTED,high_flow,
5,confirmation,63,9750,4095,24,0,9750,5655,two-sided,0.4203601438691784,5,9999,20260907,0.012770881789157435,0.0022392710790293414,B1_over_B0,COMPLETE_COVERAGE,qlike_regime_secondary,0.006428118565097426,0.41200450870317146,lightgbm_qlike,4,False,SECONDARY,two-sided percentile 95%; not inversion of centered-null p,delta = 0,resampled statistic minus observed statistic; +1 correction,240,0.0964,0.0241,1.9877324926902005,1,trimmed_mean_5pct,COMPUTED,high_flow,
5,confirmation,63,9750,4095,24,0,9750,5655,two-sided,0.41200450870317146,5,9999,20260907,0.003316323726182567,-0.014805572516081018,B2_over_B1,COMPLETE_COVERAGE,qlike_regime_secondary,0.0002739132504618741,0.41749593426742476,lightgbm_qlike,4,False,SECONDARY,two-sided percentile 95%; not inversion of centered-null p,delta = 0,resampled statistic minus observed statistic; +1 correction,8804,1.0,0.8805,-1.3328556965403358,1,trimmed_mean_5pct,COMPUTED,high_flow,
5,confirmation,7,9750,455,2,0,9750,9295,two-sided,0.2983389428646994,5,9999,20260907,,,B1_over_B0,COMPLETE_COVERAGE,qlike_regime_secondary,-0.004276137438210814,0.3026150803029103,log_ridge_harq,4,True,SECONDARY,,,,,,,-1.433315207579219,0,mean,NO VERIFICABLE,event,insufficient finite sessions
5,confirmation,7,9750,455,2,0,9750,9295,two-sided,0.3026150803029103,5,9999,20260907,,,B2_over_B1,COMPLETE_COVERAGE,qlike_regime_secondary,-0.0037552425516890753,0.3063703228545993,log_ridge_harq,4,True,SECONDARY,,,,,,,-1.2409304083359525,0,mean,NO VERIFICABLE,event,insufficient finite sessions
5,confirmation,7,9750,455,2,0,9750,9295,two-sided,0.2991296931190166,5,9999,20260907,,,B1_over_B0,COMPLETE_COVERAGE,qlike_regime_secondary,0.0011141627718654068,0.29801553034715117,lightgbm_qlike,4,True,SECONDARY,,,,,,,0.37246812920779077,0,mean,NO VERIFICABLE,event,insufficient finite sessions
5,confirmation,7,9750,455,2,0,9750,9295,two-sided,0.29801553034715117,5,9999,20260907,,,B2_over_B1,COMPLETE_COVERAGE,qlike_regime_secondary,-0.00389788901421409,0.3019134193613653,lightgbm_qlike,4,True,SECONDARY,,,,,,,-1.3079482836594227,0,mean,NO VERIFICABLE,event,insufficient finite sessions
5,confirmation,7,9750,455,2,0,9750,9295,two-sided,0.2983389428646994,5,9999,20260907,,,B1_over_B0,COMPLETE_COVERAGE,qlike_regime_secondary,-0.004276137438210814,0.3026150803029103,log_ridge_harq,4,True,SECONDARY,,,,,,,-1.433315207579219,0,median,NO VERIFICABLE,event,insufficient finite sessions
5,confirmation,7,9750,455,2,0,9750,9295,two-sided,0.3026150803029103,5,9999,20260907,,,B2_over_B1,COMPLETE_COVERAGE,qlike_regime_secondary,-0.0037552425516890753,0.3063703228545993,log_ridge_harq,4,True,SECONDARY,,,,,,,-1.2409304083359525,0,median,NO VERIFICABLE,event,insufficient finite sessions
5,confirmation,7,9750,455,2,0,9750,9295,two-sided,0.2991296931190166,5,9999,20260907,,,B1_over_B0,COMPLETE_COVERAGE,qlike_regime_secondary,0.0011141627718654068,0.29801553034715117,lightgbm_qlike,4,True,SECONDARY,,,,,,,0.37246812920779077,0,median,NO VERIFICABLE,event,insufficient finite sessions
5,confirmation,7,9750,455,2,0,9750,9295,two-sided,0.29801553034715117,5,9999,20260907,,,B2_over_B1,COMPLETE_COVERAGE,qlike_regime_secondary,-0.00389788901421409,0.3019134193613653,lightgbm_qlike,4,True,SECONDARY,,,,,,,-1.3079482836594227,0,median,NO VERIFICABLE,event,insufficient finite sessions
5,confirmation,7,9750,455,2,0,9750,9295,two-sided,0.2983389428646994,5,9999,20260907,,,B1_over_B0,COMPLETE_COVERAGE,qlike_regime_secondary,-0.004276137438210814,0.3026150803029103,log_ridge_harq,4,True,SECONDARY,,,,,,,-1.433315207579219,0,trimmed_mean_5pct,NO VERIFICABLE,event,insufficient finite sessions
5,confirmation,7,9750,455,2,0,9750,9295,two-sided,0.3026150803029103,5,9999,20260907,,,B2_over_B1,COMPLETE_COVERAGE,qlike_regime_secondary,-0.0037552425516890753,0.3063703228545993,log_ridge_harq,4,True,SECONDARY,,,,,,,-1.2409304083359525,0,trimmed_mean_5pct,NO VERIFICABLE,event,insufficient finite sessions
5,confirmation,7,9750,455,2,0,9750,9295,two-sided,0.2991296931190166,5,9999,20260907,,,B1_over_B0,COMPLETE_COVERAGE,qlike_regime_secondary,0.0011141627718654068,0.29801553034715117,lightgbm_qlike,4,True,SECONDARY,,,,,,,0.37246812920779077,0,trimmed_mean_5pct,NO VERIFICABLE,event,insufficient finite sessions
5,confirmation,7,9750,455,2,0,9750,9295,two-sided,0.29801553034715117,5,9999,20260907,,,B2_over_B1,COMPLETE_COVERAGE,qlike_regime_secondary,-0.00389788901421409,0.3019134193613653,lightgbm_qlike,4,True,SECONDARY,,,,,,,-1.3079482836594227,0,trimmed_mean_5pct,NO VERIFICABLE,event,insufficient finite sessions
5,confirmation,150,9750,1800,25,0,9750,7950,two-sided,0.45928199067730935,5,9999,20260907,-0.0005510946775622795,-0.014827585172534912,B1_over_B0,COMPLETE_COVERAGE,qlike_regime_secondary,-0.0061846450879247915,0.4654666357652343,log_ridge_harq,4,False,SECONDARY,two-sided percentile 95%; not inversion of centered-null p,delta = 0,resampled statistic minus observed statistic; +1 correction,724,0.29,0.0725,-1.346589941139258,0,mean,COMPUTED,last_hour,
5,confirmation,150,9750,1800,25,0,9750,7950,two-sided,0.4654666357652343,5,9999,20260907,0.00454283989096404,-0.006882203683673076,B2_over_B1,COMPLETE_COVERAGE,qlike_regime_secondary,-0.0015736186300791721,0.4670402543953134,log_ridge_harq,4,False,SECONDARY,two-sided percentile 95%; not inversion of centered-null p,delta = 0,resampled statistic minus observed statistic; +1 correction,6006,1.0,0.6007,-0.33807334600730704,0,mean,COMPUTED,last_hour,
5,confirmation,150,9750,1800,25,0,9750,7950,two-sided,0.45340873082644056,5,9999,20260907,0.006843523163185571,-0.003761274899638235,B1_over_B0,COMPLETE_COVERAGE,qlike_regime_secondary,0.0017351685454570043,0.4516735622809837,lightgbm_qlike,4,False,SECONDARY,two-sided percentile 95%; not inversion of centered-null p,delta = 0,resampled statistic minus observed statistic; +1 correction,5365,1.0,0.5366,0.3826941184600184,0,mean,COMPUTED,last_hour,
5,confirmation,150,9750,1800,25,0,9750,7950,two-sided,0.4516735622809837,5,9999,20260907,0.00818288989316126,-0.0018833223565434929,B2_over_B1,COMPLETE_COVERAGE,qlike_regime_secondary,0.0028757879629817016,0.44879777431800194,lightgbm_qlike,4,False,SECONDARY,two-sided percentile 95%; not inversion of centered-null p,delta = 0,resampled statistic minus observed statistic; +1 correction,2658,0.7977000000000001,0.2659,0.6366961015957558,0,mean,COMPUTED,last_hour,
5,confirmation,150,9750,1800,25,0,9750,7950,two-sided,0.45928199067730935,5,9999,20260907,0.00044287495404293775,-0.005621917107782093,B1_over_B0,COMPLETE_COVERAGE,qlike_regime_secondary,-0.0020072672067340536,0.4654666357652343,log_ridge_harq,4,False,SECONDARY,two-sided percentile 95%; not inversion of centered-null p,delta = 0,resampled statistic minus observed statistic; +1 correction,3288,0.9867000000000001,0.3289,-1.346589941139258,0,median,COMPUTED,last_hour,
5,confirmation,150,9750,1800,25,0,9750,7950,two-sided,0.4654666357652343,5,9999,20260907,0.0033687739361236146,-0.004746909523535681,B2_over_B1,COMPLETE_COVERAGE,qlike_regime_secondary,-0.0012882971750297623,0.4670402543953134,log_ridge_harq,4,False,SECONDARY,two-sided percentile 95%; not inversion of centered-null p,delta = 0,resampled statistic minus observed statistic; +1 correction,6893,0.9867000000000001,0.6894,-0.33807334600730704,0,median,COMPUTED,last_hour,
5,confirmation,150,9750,1800,25,0,9750,7950,two-sided,0.45340873082644056,5,9999,20260907,0.005475833074259195,-0.002455482996552627,B1_over_B0,COMPLETE_COVERAGE,qlike_regime_secondary,0.0025308684508916768,0.4516735622809837,lightgbm_qlike,4,False,SECONDARY,two-sided percentile 95%; not inversion of centered-null p,delta = 0,resampled statistic minus observed statistic; +1 correction,2335,0.9344,0.2336,0.3826941184600184,0,median,COMPUTED,last_hour,
5,confirmation,150,9750,1800,25,0,9750,7950,two-sided,0.4516735622809837,5,9999,20260907,0.011148263511570944,-0.0021550170133734503,B2_over_B1,COMPLETE_COVERAGE,qlike_regime_secondary,0.0014616296246039995,0.44879777431800194,lightgbm_qlike,4,False,SECONDARY,two-sided percentile 95%; not inversion of centered-null p,delta = 0,resampled statistic minus observed statistic; +1 correction,3587,0.9867000000000001,0.3588,0.6366961015957558,0,median,COMPUTED,last_hour,
5,confirmation,150,9750,1800,25,0,9750,7950,two-sided,0.45928199067730935,5,9999,20260907,-0.0003537910586700523,-0.012082268421227883,B1_over_B0,COMPLETE_COVERAGE,qlike_regime_secondary,-0.0026968422201747878,0.4654666357652343,log_ridge_harq,4,False,SECONDARY,two-sided percentile 95%; not inversion of centered-null p,delta = 0,resampled statistic minus observed statistic; +1 correction,2673,0.7716,0.2674,-1.346589941139258,1,trimmed_mean_5pct,COMPUTED,last_hour,
5,confirmation,150,9750,1800,25,0,9750,7950,two-sided,0.4654666357652343,5,9999,20260907,0.004793404627085192,-0.006513647645149575,B2_over_B1,COMPLETE_COVERAGE,qlike_regime_secondary,-0.0012765124878537817,0.4670402543953134,log_ridge_harq,4,False,SECONDARY,two-sided percentile 95%; not inversion of centered-null p,delta = 0,resampled statistic minus observed statistic; +1 correction,6755,0.7716,0.6756,-0.33807334600730704,1,trimmed_mean_5pct,COMPUTED,last_hour,
5,confirmation,150,9750,1800,25,0,9750,7950,two-sided,0.45340873082644056,5,9999,20260907,0.0076079651327290295,-0.002388920857846086,B1_over_B0,COMPLETE_COVERAGE,qlike_regime_secondary,0.003494600652743287,0.4516735622809837,lightgbm_qlike,4,False,SECONDARY,two-sided percentile 95%; not inversion of centered-null p,delta = 0,resampled statistic minus observed statistic; +1 correction,1822,0.7292,0.1823,0.3826941184600184,1,trimmed_mean_5pct,COMPUTED,last_hour,
5,confirmation,150,9750,1800,25,0,9750,7950,two-sided,0.4516735622809837,5,9999,20260907,0.008485897121526052,-0.0018519524368602058,B2_over_B1,COMPLETE_COVERAGE,qlike_regime_secondary,0.003040128578841817,0.44879777431800194,lightgbm_qlike,4,False,SECONDARY,two-sided percentile 95%; not inversion of centered-null p,delta = 0,resampled statistic minus observed statistic; +1 correction,2571,0.7716,0.2572,0.6366961015957558,1,trimmed_mean_5pct,COMPUTED,last_hour,
5,confirmation,30,9750,1950,5,0,9750,7800,two-sided,0.32343879482579496,5,9999,20260907,,,B1_over_B0,COMPLETE_COVERAGE,qlike_regime_secondary,0.0035400340555455712,0.31989876077024937,log_ridge_harq,4,True,SECONDARY,,,,,,,1.0944989012379431,0,mean,NO VERIFICABLE,weekly_expiration,insufficient finite sessions
5,confirmation,30,9750,1950,5,0,9750,7800,two-sided,0.31989876077024937,5,9999,20260907,,,B2_over_B1,COMPLETE_COVERAGE,qlike_regime_secondary,-0.0001568854440172851,0.3200556462142667,log_ridge_harq,4,True,SECONDARY,,,,,,,-0.04904221686871738,0,mean,NO VERIFICABLE,weekly_expiration,insufficient finite sessions
5,confirmation,30,9750,1950,5,0,9750,7800,two-sided,0.3342028942548413,5,9999,20260907,,,B1_over_B0,COMPLETE_COVERAGE,qlike_regime_secondary,0.0036165898050296687,0.3305863044498117,lightgbm_qlike,4,True,SECONDARY,,,,,,,1.0821539451635909,0,mean,NO VERIFICABLE,weekly_expiration,insufficient finite sessions
5,confirmation,30,9750,1950,5,0,9750,7800,two-sided,0.3305863044498117,5,9999,20260907,,,B2_over_B1,COMPLETE_COVERAGE,qlike_regime_secondary,-0.0026686499921450444,0.3332549544419567,lightgbm_qlike,4,True,SECONDARY,,,,,,,-0.8072475950225544,0,mean,NO VERIFICABLE,weekly_expiration,insufficient finite sessions
5,confirmation,30,9750,1950,5,0,9750,7800,two-sided,0.32343879482579496,5,9999,20260907,,,B1_over_B0,COMPLETE_COVERAGE,qlike_regime_secondary,0.0030960284642390645,0.31989876077024937,log_ridge_harq,4,True,SECONDARY,,,,,,,1.0944989012379431,0,median,NO VERIFICABLE,weekly_expiration,insufficient finite sessions
5,confirmation,30,9750,1950,5,0,9750,7800,two-sided,0.31989876077024937,5,9999,20260907,,,B2_over_B1,COMPLETE_COVERAGE,qlike_regime_secondary,0.0023538742437433924,0.3200556462142667,log_ridge_harq,4,True,SECONDARY,,,,,,,-0.04904221686871738,0,median,NO VERIFICABLE,weekly_expiration,insufficient finite sessions
5,confirmation,30,9750,1950,5,0,9750,7800,two-sided,0.3342028942548413,5,9999,20260907,,,B1_over_B0,COMPLETE_COVERAGE,qlike_regime_secondary,0.005850213553181716,0.3305863044498117,lightgbm_qlike,4,True,SECONDARY,,,,,,,1.0821539451635909,0,median,NO VERIFICABLE,weekly_expiration,insufficient finite sessions
5,confirmation,30,9750,1950,5,0,9750,7800,two-sided,0.3305863044498117,5,9999,20260907,,,B2_over_B1,COMPLETE_COVERAGE,qlike_regime_secondary,0.00015529218180099225,0.3332549544419567,lightgbm_qlike,4,True,SECONDARY,,,,,,,-0.8072475950225544,0,median,NO VERIFICABLE,weekly_expiration,insufficient finite sessions
5,confirmation,30,9750,1950,5,0,9750,7800,two-sided,0.32343879482579496,5,9999,20260907,,,B1_over_B0,COMPLETE_COVERAGE,qlike_regime_secondary,0.0035400340555455712,0.31989876077024937,log_ridge_harq,4,True,SECONDARY,,,,,,,1.0944989012379431,0,trimmed_mean_5pct,NO VERIFICABLE,weekly_expiration,insufficient finite sessions
5,confirmation,30,9750,1950,5,0,9750,7800,two-sided,0.31989876077024937,5,9999,20260907,,,B2_over_B1,COMPLETE_COVERAGE,qlike_regime_secondary,-0.0001568854440172851,0.3200556462142667,log_ridge_harq,4,True,SECONDARY,,,,,,,-0.04904221686871738,0,trimmed_mean_5pct,NO VERIFICABLE,weekly_expiration,insufficient finite sessions
5,confirmation,30,9750,1950,5,0,9750,7800,two-sided,0.3342028942548413,5,9999,20260907,,,B1_over_B0,COMPLETE_COVERAGE,qlike_regime_secondary,0.0036165898050296687,0.3305863044498117,lightgbm_qlike,4,True,SECONDARY,,,,,,,1.0821539451635909,0,trimmed_mean_5pct,NO VERIFICABLE,weekly_expiration,insufficient finite sessions
5,confirmation,30,9750,1950,5,0,9750,7800,two-sided,0.3305863044498117,5,9999,20260907,,,B2_over_B1,COMPLETE_COVERAGE,qlike_regime_secondary,-0.0026686499921450444,0.3332549544419567,lightgbm_qlike,4,True,SECONDARY,,,,,,,-0.8072475950225544,0,trimmed_mean_5pct,NO VERIFICABLE,weekly_expiration,insufficient finite sessions
5,confirmation,6,9750,390,1,0,9750,9360,two-sided,0.3263830162050226,5,9999,20260907,,,B1_over_B0,COMPLETE_COVERAGE,qlike_regime_secondary,-0.0005920126148272198,0.3269750288198498,log_ridge_harq,4,True,SECONDARY,,,,,,,-0.18138585203077412,0,mean,NO VERIFICABLE,third_friday,insufficient finite sessions
5,confirmation,6,9750,390,1,0,9750,9360,two-sided,0.3269750288198498,5,9999,20260907,,,B2_over_B1,COMPLETE_COVERAGE,qlike_regime_secondary,0.0023538742437433924,0.3246211545761064,log_ridge_harq,4,True,SECONDARY,,,,,,,0.719894192605235,0,mean,NO VERIFICABLE,third_friday,insufficient finite sessions
5,confirmation,6,9750,390,1,0,9750,9360,two-sided,0.3256172000343714,5,9999,20260907,,,B1_over_B0,COMPLETE_COVERAGE,qlike_regime_secondary,-0.0012693817000856145,0.326886581734457,lightgbm_qlike,4,True,SECONDARY,,,,,,,-0.3898386510146336,0,mean,NO VERIFICABLE,third_friday,insufficient finite sessions
5,confirmation,6,9750,390,1,0,9750,9360,two-sided,0.326886581734457,5,9999,20260907,,,B2_over_B1,COMPLETE_COVERAGE,qlike_regime_secondary,0.0023753818903715085,0.3245111998440855,lightgbm_qlike,4,True,SECONDARY,,,,,,,0.7266685214693597,0,mean,NO VERIFICABLE,third_friday,insufficient finite sessions
5,confirmation,6,9750,390,1,0,9750,9360,two-sided,0.3263830162050226,5,9999,20260907,,,B1_over_B0,COMPLETE_COVERAGE,qlike_regime_secondary,-0.0005920126148272198,0.3269750288198498,log_ridge_harq,4,True,SECONDARY,,,,,,,-0.18138585203077412,0,median,NO VERIFICABLE,third_friday,insufficient finite sessions
5,confirmation,6,9750,390,1,0,9750,9360,two-sided,0.3269750288198498,5,9999,20260907,,,B2_over_B1,COMPLETE_COVERAGE,qlike_regime_secondary,0.0023538742437433924,0.3246211545761064,log_ridge_harq,4,True,SECONDARY,,,,,,,0.719894192605235,0,median,NO VERIFICABLE,third_friday,insufficient finite sessions
5,confirmation,6,9750,390,1,0,9750,9360,two-sided,0.3256172000343714,5,9999,20260907,,,B1_over_B0,COMPLETE_COVERAGE,qlike_regime_secondary,-0.0012693817000856145,0.326886581734457,lightgbm_qlike,4,True,SECONDARY,,,,,,,-0.3898386510146336,0,median,NO VERIFICABLE,third_friday,insufficient finite sessions
5,confirmation,6,9750,390,1,0,9750,9360,two-sided,0.326886581734457,5,9999,20260907,,,B2_over_B1,COMPLETE_COVERAGE,qlike_regime_secondary,0.0023753818903715085,0.3245111998440855,lightgbm_qlike,4,True,SECONDARY,,,,,,,0.7266685214693597,0,median,NO VERIFICABLE,third_friday,insufficient finite sessions
5,confirmation,6,9750,390,1,0,9750,9360,two-sided,0.3263830162050226,5,9999,20260907,,,B1_over_B0,COMPLETE_COVERAGE,qlike_regime_secondary,-0.0005920126148272198,0.3269750288198498,log_ridge_harq,4,True,SECONDARY,,,,,,,-0.18138585203077412,0,trimmed_mean_5pct,NO VERIFICABLE,third_friday,insufficient finite sessions
5,confirmation,6,9750,390,1,0,9750,9360,two-sided,0.3269750288198498,5,9999,20260907,,,B2_over_B1,COMPLETE_COVERAGE,qlike_regime_secondary,0.0023538742437433924,0.3246211545761064,log_ridge_harq,4,True,SECONDARY,,,,,,,0.719894192605235,0,trimmed_mean_5pct,NO VERIFICABLE,third_friday,insufficient finite sessions
5,confirmation,6,9750,390,1,0,9750,9360,two-sided,0.3256172000343714,5,9999,20260907,,,B1_over_B0,COMPLETE_COVERAGE,qlike_regime_secondary,-0.0012693817000856145,0.326886581734457,lightgbm_qlike,4,True,SECONDARY,,,,,,,-0.3898386510146336,0,trimmed_mean_5pct,NO VERIFICABLE,third_friday,insufficient finite sessions
5,confirmation,6,9750,390,1,0,9750,9360,two-sided,0.326886581734457,5,9999,20260907,,,B2_over_B1,COMPLETE_COVERAGE,qlike_regime_secondary,0.0023753818903715085,0.3245111998440855,lightgbm_qlike,4,True,SECONDARY,,,,,,,0.7266685214693597,0,trimmed_mean_5pct,NO VERIFICABLE,third_friday,insufficient finite sessions
5,confirmation,138,9750,6069,25,0,9750,3681,two-sided,0.4627673949125714,5,9999,20260907,0.0021721898452012477,-0.003958385884428891,B1_over_B0,COMPLETE_COVERAGE,qlike_regime_secondary,-0.0008269539711224671,0.46359434888369394,log_ridge_harq,4,False,SECONDARY,two-sided percentile 95%; not inversion of centered-null p,delta = 0,resampled statistic minus observed statistic; +1 correction,6131,1.0,0.6132,-0.1786975444280598,0,mean,COMPUTED,high_gamma,
5,confirmation,138,9750,6069,25,0,9750,3681,two-sided,0.46359434888369394,5,9999,20260907,0.030009663066289126,-0.0015726665126517606,B2_over_B1,COMPLETE_COVERAGE,qlike_regime_secondary,0.010374408113317442,0.4532199407703764,log_ridge_harq,4,False,SECONDARY,two-sided percentile 95%; not inversion of centered-null p,delta = 0,resampled statistic minus observed statistic; +1 correction,2304,0.6915,0.2305,2.2378202275973305,0,mean,COMPUTED,high_gamma,
5,confirmation,138,9750,6069,25,0,9750,3681,two-sided,0.45584001300806415,5,9999,20260907,0.01879136704782832,0.0006916016070363235,B1_over_B0,COMPLETE_COVERAGE,qlike_regime_secondary,0.007289185023902261,0.44855082798416185,lightgbm_qlike,4,False,SECONDARY,two-sided percentile 95%; not inversion of centered-null p,delta = 0,resampled statistic minus observed statistic; +1 correction,594,0.238,0.0595,1.5990665180534098,0,mean,COMPUTED,high_gamma,
5,confirmation,138,9750,6069,25,0,9750,3681,two-sided,0.44855082798416185,5,9999,20260907,0.005758603133876082,-0.028733271971196347,B2_over_B1,COMPLETE_COVERAGE,qlike_regime_secondary,-0.0073250659648077705,0.45587589394896966,lightgbm_qlike,4,False,SECONDARY,two-sided percentile 95%; not inversion of centered-null p,delta = 0,resampled statistic minus observed statistic; +1 correction,5748,1.0,0.5749,-1.6330514866570296,0,mean,COMPUTED,high_gamma,
5,confirmation,138,9750,6069,25,0,9750,3681,two-sided,0.4627673949125714,5,9999,20260907,0.001563260196974836,-0.0006628301744426301,B1_over_B0,COMPLETE_COVERAGE,qlike_regime_secondary,-0.00012209700972604098,0.46359434888369394,log_ridge_harq,4,False,SECONDARY,two-sided percentile 95%; not inversion of centered-null p,delta = 0,resampled statistic minus observed statistic; +1 correction,5235,1.0,0.5236,-0.1786975444280598,0,median,COMPUTED,high_gamma,
5,confirmation,138,9750,6069,25,0,9750,3681,two-sided,0.46359434888369394,5,9999,20260907,0.0011783920755336075,-0.002087311075480325,B2_over_B1,COMPLETE_COVERAGE,qlike_regime_secondary,-0.0003539670419082652,0.4532199407703764,log_ridge_harq,4,False,SECONDARY,two-sided percentile 95%; not inversion of centered-null p,delta = 0,resampled statistic minus observed statistic; +1 correction,7079,1.0,0.708,2.2378202275973305,0,median,COMPUTED,high_gamma,
5,confirmation,138,9750,6069,25,0,9750,3681,two-sided,0.45584001300806415,5,9999,20260907,0.006745472396524788,3.4828075353932064e-05,B1_over_B0,COMPLETE_COVERAGE,qlike_regime_secondary,0.004136225511279901,0.44855082798416185,lightgbm_qlike,4,False,SECONDARY,two-sided percentile 95%; not inversion of centered-null p,delta = 0,resampled statistic minus observed statistic; +1 correction,167,0.0672,0.0168,1.5990665180534098,0,median,COMPUTED,high_gamma,
5,confirmation,138,9750,6069,25,0,9750,3681,two-sided,0.44855082798416185,5,9999,20260907,0.005191595930132076,-0.0024344175169948024,B2_over_B1,COMPLETE_COVERAGE,qlike_regime_secondary,-0.0007597914980285725,0.45587589394896966,lightgbm_qlike,4,False,SECONDARY,two-sided percentile 95%; not inversion of centered-null p,delta = 0,resampled statistic minus observed statistic; +1 correction,7083,1.0,0.7084,-1.6330514866570296,0,median,COMPUTED,high_gamma,
5,confirmation,138,9750,6069,25,0,9750,3681,two-sided,0.4627673949125714,5,9999,20260907,0.0025630225194202207,-0.0032172269614006146,B1_over_B0,COMPLETE_COVERAGE,qlike_regime_secondary,0.00011190630103913422,0.46359434888369394,log_ridge_harq,4,False,SECONDARY,two-sided percentile 95%; not inversion of centered-null p,delta = 0,resampled statistic minus observed statistic; +1 correction,9425,1.0,0.9426,-0.1786975444280598,1,trimmed_mean_5pct,COMPUTED,high_gamma,
5,confirmation,138,9750,6069,25,0,9750,3681,two-sided,0.46359434888369394,5,9999,20260907,0.022603913693368696,-0.002024606307026694,B2_over_B1,COMPLETE_COVERAGE,qlike_regime_secondary,0.0013284351935407316,0.4532199407703764,log_ridge_harq,4,False,SECONDARY,two-sided percentile 95%; not inversion of centered-null p,delta = 0,resampled statistic minus observed statistic; +1 correction,6529,1.0,0.653,2.2378202275973305,1,trimmed_mean_5pct,COMPUTED,high_gamma,
5,confirmation,138,9750,6069,25,0,9750,3681,two-sided,0.45584001300806415,5,9999,20260907,0.015283017749301442,0.00091141758097796,B1_over_B0,COMPLETE_COVERAGE,qlike_regime_secondary,0.003031565849772982,0.44855082798416185,lightgbm_qlike,4,False,SECONDARY,two-sided percentile 95%; not inversion of centered-null p,delta = 0,resampled statistic minus observed statistic; +1 correction,2659,1.0,0.266,1.5990665180534098,1,trimmed_mean_5pct,COMPUTED,high_gamma,
5,confirmation,138,9750,6069,25,0,9750,3681,two-sided,0.44855082798416185,5,9999,20260907,0.005750804505464895,-0.02138184777630911,B2_over_B1,COMPLETE_COVERAGE,qlike_regime_secondary,0.0018071036352396007,0.45587589394896966,lightgbm_qlike,4,False,SECONDARY,two-sided percentile 95%; not inversion of centered-null p,delta = 0,resampled statistic minus observed statistic; +1 correction,5252,1.0,0.5253,-1.6330514866570296,1,trimmed_mean_5pct,COMPUTED,high_gamma,
5,confirmation,0,9750,0,0,0,9750,9750,two-sided,,5,9999,20260907,,,B1_over_B0,COMPLETE_COVERAGE,qlike_regime_secondary,,,log_ridge_harq,4,True,SECONDARY,,,,,,,,0,mean,NO VERIFICABLE,window_empty_5m,insufficient finite sessions
5,confirmation,0,9750,0,0,0,9750,9750,two-sided,,5,9999,20260907,,,B2_over_B1,COMPLETE_COVERAGE,qlike_regime_secondary,,,log_ridge_harq,4,True,SECONDARY,,,,,,,,0,mean,NO VERIFICABLE,window_empty_5m,insufficient finite sessions
5,confirmation,0,9750,0,0,0,9750,9750,two-sided,,5,9999,20260907,,,B1_over_B0,COMPLETE_COVERAGE,qlike_regime_secondary,,,lightgbm_qlike,4,True,SECONDARY,,,,,,,,0,mean,NO VERIFICABLE,window_empty_5m,insufficient finite sessions
5,confirmation,0,9750,0,0,0,9750,9750,two-sided,,5,9999,20260907,,,B2_over_B1,COMPLETE_COVERAGE,qlike_regime_secondary,,,lightgbm_qlike,4,True,SECONDARY,,,,,,,,0,mean,NO VERIFICABLE,window_empty_5m,insufficient finite sessions
5,confirmation,0,9750,0,0,0,9750,9750,two-sided,,5,9999,20260907,,,B1_over_B0,COMPLETE_COVERAGE,qlike_regime_secondary,,,log_ridge_harq,4,True,SECONDARY,,,,,,,,0,median,NO VERIFICABLE,window_empty_5m,insufficient finite sessions
5,confirmation,0,9750,0,0,0,9750,9750,two-sided,,5,9999,20260907,,,B2_over_B1,COMPLETE_COVERAGE,qlike_regime_secondary,,,log_ridge_harq,4,True,SECONDARY,,,,,,,,0,median,NO VERIFICABLE,window_empty_5m,insufficient finite sessions
5,confirmation,0,9750,0,0,0,9750,9750,two-sided,,5,9999,20260907,,,B1_over_B0,COMPLETE_COVERAGE,qlike_regime_secondary,,,lightgbm_qlike,4,True,SECONDARY,,,,,,,,0,median,NO VERIFICABLE,window_empty_5m,insufficient finite sessions
5,confirmation,0,9750,0,0,0,9750,9750,two-sided,,5,9999,20260907,,,B2_over_B1,COMPLETE_COVERAGE,qlike_regime_secondary,,,lightgbm_qlike,4,True,SECONDARY,,,,,,,,0,median,NO VERIFICABLE,window_empty_5m,insufficient finite sessions
5,confirmation,0,9750,0,0,0,9750,9750,two-sided,,5,9999,20260907,,,B1_over_B0,COMPLETE_COVERAGE,qlike_regime_secondary,,,log_ridge_harq,4,True,SECONDARY,,,,,,,,0,trimmed_mean_5pct,NO VERIFICABLE,window_empty_5m,insufficient finite sessions
5,confirmation,0,9750,0,0,0,9750,9750,two-sided,,5,9999,20260907,,,B2_over_B1,COMPLETE_COVERAGE,qlike_regime_secondary,,,log_ridge_harq,4,True,SECONDARY,,,,,,,,0,trimmed_mean_5pct,NO VERIFICABLE,window_empty_5m,insufficient finite sessions
5,confirmation,0,9750,0,0,0,9750,9750,two-sided,,5,9999,20260907,,,B1_over_B0,COMPLETE_COVERAGE,qlike_regime_secondary,,,lightgbm_qlike,4,True,SECONDARY,,,,,,,,0,trimmed_mean_5pct,NO VERIFICABLE,window_empty_5m,insufficient finite sessions
5,confirmation,0,9750,0,0,0,9750,9750,two-sided,,5,9999,20260907,,,B2_over_B1,COMPLETE_COVERAGE,qlike_regime_secondary,,,lightgbm_qlike,4,True,SECONDARY,,,,,,,,0,trimmed_mean_5pct,NO VERIFICABLE,window_empty_5m,insufficient finite sessions
5,confirmation,0,9750,0,0,0,9750,9750,two-sided,,5,9999,20260907,,,B1_over_B0,COMPLETE_COVERAGE,qlike_regime_secondary,,,log_ridge_harq,4,True,SECONDARY,,,,,,,,0,mean,NO VERIFICABLE,window_empty_30m,insufficient finite sessions
5,confirmation,0,9750,0,0,0,9750,9750,two-sided,,5,9999,20260907,,,B2_over_B1,COMPLETE_COVERAGE,qlike_regime_secondary,,,log_ridge_harq,4,True,SECONDARY,,,,,,,,0,mean,NO VERIFICABLE,window_empty_30m,insufficient finite sessions
5,confirmation,0,9750,0,0,0,9750,9750,two-sided,,5,9999,20260907,,,B1_over_B0,COMPLETE_COVERAGE,qlike_regime_secondary,,,lightgbm_qlike,4,True,SECONDARY,,,,,,,,0,mean,NO VERIFICABLE,window_empty_30m,insufficient finite sessions
5,confirmation,0,9750,0,0,0,9750,9750,two-sided,,5,9999,20260907,,,B2_over_B1,COMPLETE_COVERAGE,qlike_regime_secondary,,,lightgbm_qlike,4,True,SECONDARY,,,,,,,,0,mean,NO VERIFICABLE,window_empty_30m,insufficient finite sessions
5,confirmation,0,9750,0,0,0,9750,9750,two-sided,,5,9999,20260907,,,B1_over_B0,COMPLETE_COVERAGE,qlike_regime_secondary,,,log_ridge_harq,4,True,SECONDARY,,,,,,,,0,median,NO VERIFICABLE,window_empty_30m,insufficient finite sessions
5,confirmation,0,9750,0,0,0,9750,9750,two-sided,,5,9999,20260907,,,B2_over_B1,COMPLETE_COVERAGE,qlike_regime_secondary,,,log_ridge_harq,4,True,SECONDARY,,,,,,,,0,median,NO VERIFICABLE,window_empty_30m,insufficient finite sessions
5,confirmation,0,9750,0,0,0,9750,9750,two-sided,,5,9999,20260907,,,B1_over_B0,COMPLETE_COVERAGE,qlike_regime_secondary,,,lightgbm_qlike,4,True,SECONDARY,,,,,,,,0,median,NO VERIFICABLE,window_empty_30m,insufficient finite sessions
5,confirmation,0,9750,0,0,0,9750,9750,two-sided,,5,9999,20260907,,,B2_over_B1,COMPLETE_COVERAGE,qlike_regime_secondary,,,lightgbm_qlike,4,True,SECONDARY,,,,,,,,0,median,NO VERIFICABLE,window_empty_30m,insufficient finite sessions
5,confirmation,0,9750,0,0,0,9750,9750,two-sided,,5,9999,20260907,,,B1_over_B0,COMPLETE_COVERAGE,qlike_regime_secondary,,,log_ridge_harq,4,True,SECONDARY,,,,,,,,0,trimmed_mean_5pct,NO VERIFICABLE,window_empty_30m,insufficient finite sessions
5,confirmation,0,9750,0,0,0,9750,9750,two-sided,,5,9999,20260907,,,B2_over_B1,COMPLETE_COVERAGE,qlike_regime_secondary,,,log_ridge_harq,4,True,SECONDARY,,,,,,,,0,trimmed_mean_5pct,NO VERIFICABLE,window_empty_30m,insufficient finite sessions
5,confirmation,0,9750,0,0,0,9750,9750,two-sided,,5,9999,20260907,,,B1_over_B0,COMPLETE_COVERAGE,qlike_regime_secondary,,,lightgbm_qlike,4,True,SECONDARY,,,,,,,,0,trimmed_mean_5pct,NO VERIFICABLE,window_empty_30m,insufficient finite sessions
5,confirmation,0,9750,0,0,0,9750,9750,two-sided,,5,9999,20260907,,,B2_over_B1,COMPLETE_COVERAGE,qlike_regime_secondary,,,lightgbm_qlike,4,True,SECONDARY,,,,,,,,0,trimmed_mean_5pct,NO VERIFICABLE,window_empty_30m,insufficient finite sessions
5,confirmation,150,9750,9750,25,0,9750,0,two-sided,0.4158056519100697,5,9999,20260907,0.0025449240579097795,-0.002583890412819075,B1_over_B0,COMPLETE_COVERAGE,qlike_regime_secondary,3.600068890998731e-06,0.41580205184117863,log_ridge_harq,4,False,SECONDARY,two-sided percentile 95%; not inversion of centered-null p,delta = 0,resampled statistic minus observed statistic; +1 correction,9983,0.9984,0.9984,0.0008658056653297615,0,mean,COMPUTED,window_nonempty_5m,
5,confirmation,150,9750,9750,25,0,9750,0,two-sided,0.41580205184117863,5,9999,20260907,0.014481553505870493,-0.0007692214554592633,B2_over_B1,COMPLETE_COVERAGE,qlike_regime_secondary,0.005107753949557885,0.4106942978916208,log_ridge_harq,4,False,SECONDARY,two-sided percentile 95%; not inversion of centered-null p,delta = 0,resampled statistic minus observed statistic; +1 correction,1973,0.5922,0.1974,1.2284099914708604,0,mean,COMPUTED,window_nonempty_5m,
5,confirmation,150,9750,9750,25,0,9750,0,two-sided,0.4133320293325866,5,9999,20260907,0.010864310014167666,0.0013003445470713632,B1_over_B0,COMPLETE_COVERAGE,qlike_regime_secondary,0.005499485139160578,0.40783254419342607,lightgbm_qlike,4,False,SECONDARY,two-sided percentile 95%; not inversion of centered-null p,delta = 0,resampled statistic minus observed statistic; +1 correction,242,0.0972,0.0243,1.3305247957775443,0,mean,COMPUTED,window_nonempty_5m,
5,confirmation,150,9750,9750,25,0,9750,0,two-sided,0.40783254419342607,5,9999,20260907,0.0021786846598025236,-0.014423982126994944,B2_over_B1,COMPLETE_COVERAGE,qlike_regime_secondary,-0.004162569606580859,0.41199511380000686,lightgbm_qlike,4,False,SECONDARY,two-sided percentile 95%; not inversion of centered-null p,delta = 0,resampled statistic minus observed statistic; +1 correction,4878,0.9758,0.4879,-1.0206565576597642,0,mean,COMPUTED,window_nonempty_5m,
5,confirmation,150,9750,9750,25,0,9750,0,two-sided,0.4158056519100697,5,9999,20260907,0.0015046104757030498,-0.0010233367587632047,B1_over_B0,COMPLETE_COVERAGE,qlike_regime_secondary,0.0004105383080676428,0.41580205184117863,log_ridge_harq,4,False,SECONDARY,two-sided percentile 95%; not inversion of centered-null p,delta = 0,resampled statistic minus observed statistic; +1 correction,2091,0.5972999999999999,0.2092,0.0008658056653297615,0,median,COMPUTED,window_nonempty_5m,
5,confirmation,150,9750,9750,25,0,9750,0,two-sided,0.41580205184117863,5,9999,20260907,0.0025508900996306094,-0.0005182874516347358,B2_over_B1,COMPLETE_COVERAGE,qlike_regime_secondary,0.0017658580191503015,0.4106942978916208,log_ridge_harq,4,False,SECONDARY,two-sided percentile 95%; not inversion of centered-null p,delta = 0,resampled statistic minus observed statistic; +1 correction,1990,0.5972999999999999,0.1991,1.2284099914708604,0,median,COMPUTED,window_nonempty_5m,
5,confirmation,150,9750,9750,25,0,9750,0,two-sided,0.4133320293325866,5,9999,20260907,0.0061576792804947655,2.3967566488702907e-06,B1_over_B0,COMPLETE_COVERAGE,qlike_regime_secondary,0.003058816913176332,0.40783254419342607,lightgbm_qlike,4,False,SECONDARY,two-sided percentile 95%; not inversion of centered-null p,delta = 0,resampled statistic minus observed statistic; +1 correction,801,0.3208,0.0802,1.3305247957775443,0,median,COMPUTED,window_nonempty_5m,
5,confirmation,150,9750,9750,25,0,9750,0,two-sided,0.40783254419342607,5,9999,20260907,0.0026213276751617665,-0.0015972948619699112,B2_over_B1,COMPLETE_COVERAGE,qlike_regime_secondary,0.00015529218180099225,0.41199511380000686,lightgbm_qlike,4,False,SECONDARY,two-sided percentile 95%; not inversion of centered-null p,delta = 0,resampled statistic minus observed statistic; +1 correction,7468,0.7469,0.7469,-1.0206565576597642,0,median,COMPUTED,window_nonempty_5m,
5,confirmation,150,9750,9750,25,0,9750,0,two-sided,0.4158056519100697,5,9999,20260907,0.0026993843714918616,-0.002223473667385819,B1_over_B0,COMPLETE_COVERAGE,qlike_regime_secondary,0.00041718978670502376,0.41580205184117863,log_ridge_harq,4,False,SECONDARY,two-sided percentile 95%; not inversion of centered-null p,delta = 0,resampled statistic minus observed statistic; +1 correction,7649,1.0,0.765,0.0008658056653297615,1,trimmed_mean_5pct,COMPUTED,window_nonempty_5m,
5,confirmation,150,9750,9750,25,0,9750,0,two-sided,0.41580205184117863,5,9999,20260907,0.011296229354959197,-0.0010426461392383307,B2_over_B1,COMPLETE_COVERAGE,qlike_regime_secondary,0.0011214957080868514,0.4106942978916208,log_ridge_harq,4,False,SECONDARY,two-sided percentile 95%; not inversion of centered-null p,delta = 0,resampled statistic minus observed statistic; +1 correction,4789,1.0,0.479,1.2284099914708604,1,trimmed_mean_5pct,COMPUTED,window_nonempty_5m,
5,confirmation,150,9750,9750,25,0,9750,0,two-sided,0.4133320293325866,5,9999,20260907,0.009255120999463495,0.0013538537349097326,B1_over_B0,COMPLETE_COVERAGE,qlike_regime_secondary,0.0038749833184061116,0.40783254419342607,lightgbm_qlike,4,False,SECONDARY,two-sided percentile 95%; not inversion of centered-null p,delta = 0,resampled statistic minus observed statistic; +1 correction,678,0.2716,0.0679,1.3305247957775443,1,trimmed_mean_5pct,COMPUTED,window_nonempty_5m,
5,confirmation,150,9750,9750,25,0,9750,0,two-sided,0.40783254419342607,5,9999,20260907,0.0024950569170826414,-0.01042960235657273,B2_over_B1,COMPLETE_COVERAGE,qlike_regime_secondary,0.000662623190759857,0.41199511380000686,lightgbm_qlike,4,False,SECONDARY,two-sided percentile 95%; not inversion of centered-null p,delta = 0,resampled statistic minus observed statistic; +1 correction,6390,1.0,0.6391,-1.0206565576597642,1,trimmed_mean_5pct,COMPUTED,window_nonempty_5m,
5,confirmation,150,9750,9750,25,0,9750,0,two-sided,0.4158056519100697,5,9999,20260907,0.0025449240579097795,-0.002583890412819075,B1_over_B0,COMPLETE_COVERAGE,qlike_regime_secondary,3.600068890998731e-06,0.41580205184117863,log_ridge_harq,4,False,SECONDARY,two-sided percentile 95%; not inversion of centered-null p,delta = 0,resampled statistic minus observed statistic; +1 correction,9983,0.9984,0.9984,0.0008658056653297615,0,mean,COMPUTED,window_nonempty_30m,
5,confirmation,150,9750,9750,25,0,9750,0,two-sided,0.41580205184117863,5,9999,20260907,0.014481553505870493,-0.0007692214554592633,B2_over_B1,COMPLETE_COVERAGE,qlike_regime_secondary,0.005107753949557885,0.4106942978916208,log_ridge_harq,4,False,SECONDARY,two-sided percentile 95%; not inversion of centered-null p,delta = 0,resampled statistic minus observed statistic; +1 correction,1973,0.5922,0.1974,1.2284099914708604,0,mean,COMPUTED,window_nonempty_30m,
5,confirmation,150,9750,9750,25,0,9750,0,two-sided,0.4133320293325866,5,9999,20260907,0.010864310014167666,0.0013003445470713632,B1_over_B0,COMPLETE_COVERAGE,qlike_regime_secondary,0.005499485139160578,0.40783254419342607,lightgbm_qlike,4,False,SECONDARY,two-sided percentile 95%; not inversion of centered-null p,delta = 0,resampled statistic minus observed statistic; +1 correction,242,0.0972,0.0243,1.3305247957775443,0,mean,COMPUTED,window_nonempty_30m,
5,confirmation,150,9750,9750,25,0,9750,0,two-sided,0.40783254419342607,5,9999,20260907,0.0021786846598025236,-0.014423982126994944,B2_over_B1,COMPLETE_COVERAGE,qlike_regime_secondary,-0.004162569606580859,0.41199511380000686,lightgbm_qlike,4,False,SECONDARY,two-sided percentile 95%; not inversion of centered-null p,delta = 0,resampled statistic minus observed statistic; +1 correction,4878,0.9758,0.4879,-1.0206565576597642,0,mean,COMPUTED,window_nonempty_30m,
5,confirmation,150,9750,9750,25,0,9750,0,two-sided,0.4158056519100697,5,9999,20260907,0.0015046104757030498,-0.0010233367587632047,B1_over_B0,COMPLETE_COVERAGE,qlike_regime_secondary,0.0004105383080676428,0.41580205184117863,log_ridge_harq,4,False,SECONDARY,two-sided percentile 95%; not inversion of centered-null p,delta = 0,resampled statistic minus observed statistic; +1 correction,2091,0.5972999999999999,0.2092,0.0008658056653297615,0,median,COMPUTED,window_nonempty_30m,
5,confirmation,150,9750,9750,25,0,9750,0,two-sided,0.41580205184117863,5,9999,20260907,0.0025508900996306094,-0.0005182874516347358,B2_over_B1,COMPLETE_COVERAGE,qlike_regime_secondary,0.0017658580191503015,0.4106942978916208,log_ridge_harq,4,False,SECONDARY,two-sided percentile 95%; not inversion of centered-null p,delta = 0,resampled statistic minus observed statistic; +1 correction,1990,0.5972999999999999,0.1991,1.2284099914708604,0,median,COMPUTED,window_nonempty_30m,
5,confirmation,150,9750,9750,25,0,9750,0,two-sided,0.4133320293325866,5,9999,20260907,0.0061576792804947655,2.3967566488702907e-06,B1_over_B0,COMPLETE_COVERAGE,qlike_regime_secondary,0.003058816913176332,0.40783254419342607,lightgbm_qlike,4,False,SECONDARY,two-sided percentile 95%; not inversion of centered-null p,delta = 0,resampled statistic minus observed statistic; +1 correction,801,0.3208,0.0802,1.3305247957775443,0,median,COMPUTED,window_nonempty_30m,
5,confirmation,150,9750,9750,25,0,9750,0,two-sided,0.40783254419342607,5,9999,20260907,0.0026213276751617665,-0.0015972948619699112,B2_over_B1,COMPLETE_COVERAGE,qlike_regime_secondary,0.00015529218180099225,0.41199511380000686,lightgbm_qlike,4,False,SECONDARY,two-sided percentile 95%; not inversion of centered-null p,delta = 0,resampled statistic minus observed statistic; +1 correction,7468,0.7469,0.7469,-1.0206565576597642,0,median,COMPUTED,window_nonempty_30m,
5,confirmation,150,9750,9750,25,0,9750,0,two-sided,0.4158056519100697,5,9999,20260907,0.0026993843714918616,-0.002223473667385819,B1_over_B0,COMPLETE_COVERAGE,qlike_regime_secondary,0.00041718978670502376,0.41580205184117863,log_ridge_harq,4,False,SECONDARY,two-sided percentile 95%; not inversion of centered-null p,delta = 0,resampled statistic minus observed statistic; +1 correction,7649,1.0,0.765,0.0008658056653297615,1,trimmed_mean_5pct,COMPUTED,window_nonempty_30m,
5,confirmation,150,9750,9750,25,0,9750,0,two-sided,0.41580205184117863,5,9999,20260907,0.011296229354959197,-0.0010426461392383307,B2_over_B1,COMPLETE_COVERAGE,qlike_regime_secondary,0.0011214957080868514,0.4106942978916208,log_ridge_harq,4,False,SECONDARY,two-sided percentile 95%; not inversion of centered-null p,delta = 0,resampled statistic minus observed statistic; +1 correction,4789,1.0,0.479,1.2284099914708604,1,trimmed_mean_5pct,COMPUTED,window_nonempty_30m,
5,confirmation,150,9750,9750,25,0,9750,0,two-sided,0.4133320293325866,5,9999,20260907,0.009255120999463495,0.0013538537349097326,B1_over_B0,COMPLETE_COVERAGE,qlike_regime_secondary,0.0038749833184061116,0.40783254419342607,lightgbm_qlike,4,False,SECONDARY,two-sided percentile 95%; not inversion of centered-null p,delta = 0,resampled statistic minus observed statistic; +1 correction,678,0.2716,0.0679,1.3305247957775443,1,trimmed_mean_5pct,COMPUTED,window_nonempty_30m,
5,confirmation,150,9750,9750,25,0,9750,0,two-sided,0.40783254419342607,5,9999,20260907,0.0024950569170826414,-0.01042960235657273,B2_over_B1,COMPLETE_COVERAGE,qlike_regime_secondary,0.000662623190759857,0.41199511380000686,lightgbm_qlike,4,False,SECONDARY,two-sided percentile 95%; not inversion of centered-null p,delta = 0,resampled statistic minus observed statistic; +1 correction,6390,1.0,0.6391,-1.0206565576597642,1,trimmed_mean_5pct,COMPUTED,window_nonempty_30m,
5,confirmation,25,9750,1625,25,0,9750,8125,two-sided,0.3551069675070389,5,9999,20260907,0.004602179794833196,0.0002896794461316832,B1_over_B0,COMPLETE_COVERAGE,qlike_regime_secondary,0.002603819311131177,0.3525031481959077,log_ridge_harq,4,False,SECONDARY,two-sided percentile 95%; not inversion of centered-null p,delta = 0,resampled statistic minus observed statistic; +1 correction,162,0.0652,0.0163,0.7332492880696756,0,mean,COMPUTED,asset_AAPL,
5,confirmation,25,9750,1625,25,0,9750,8125,two-sided,0.3525031481959077,5,9999,20260907,0.006214739833475155,-0.0015998532037818356,B2_over_B1,COMPLETE_COVERAGE,qlike_regime_secondary,0.002516304593152716,0.34998684360275495,log_ridge_harq,4,False,SECONDARY,two-sided percentile 95%; not inversion of centered-null p,delta = 0,resampled statistic minus observed statistic; +1 correction,2146,0.4294,0.2147,0.7138388993207659,0,mean,COMPUTED,asset_AAPL,
5,confirmation,25,9750,1625,25,0,9750,8125,two-sided,0.3633714012476899,5,9999,20260907,0.006802512789065343,-0.0001164142193659384,B1_over_B0,COMPLETE_COVERAGE,qlike_regime_secondary,0.0037316352812123443,0.3596397659664776,lightgbm_qlike,4,False,SECONDARY,two-sided percentile 95%; not inversion of centered-null p,delta = 0,resampled statistic minus observed statistic; +1 correction,336,0.1011,0.0337,1.0269479844586606,0,mean,COMPUTED,asset_AAPL,
5,confirmation,25,9750,1625,25,0,9750,8125,two-sided,0.3596397659664776,5,9999,20260907,0.007247032616776973,-0.005101929017823039,B2_over_B1,COMPLETE_COVERAGE,qlike_regime_secondary,0.0004900735115274246,0.35914969245495015,lightgbm_qlike,4,False,SECONDARY,two-sided percentile 95%; not inversion of centered-null p,delta = 0,resampled statistic minus observed statistic; +1 correction,8870,0.8871,0.8871,0.1362678874541101,0,mean,COMPUTED,asset_AAPL,
5,confirmation,25,9750,1625,25,0,9750,8125,two-sided,0.3551069675070389,5,9999,20260907,0.0033521328107076753,0.0011124682242900086,B1_over_B0,COMPLETE_COVERAGE,qlike_regime_secondary,0.001935220383948999,0.3525031481959077,log_ridge_harq,4,False,SECONDARY,two-sided percentile 95%; not inversion of centered-null p,delta = 0,resampled statistic minus observed statistic; +1 correction,144,0.058,0.0145,0.7332492880696756,0,median,COMPUTED,asset_AAPL,
5,confirmation,25,9750,1625,25,0,9750,8125,two-sided,0.3525031481959077,5,9999,20260907,0.00455414005514293,-0.005121961383084073,B2_over_B1,COMPLETE_COVERAGE,qlike_regime_secondary,0.001031848087639009,0.34998684360275495,log_ridge_harq,4,False,SECONDARY,two-sided percentile 95%; not inversion of centered-null p,delta = 0,resampled statistic minus observed statistic; +1 correction,8749,0.875,0.875,0.7138388993207659,0,median,COMPUTED,asset_AAPL,
5,confirmation,25,9750,1625,25,0,9750,8125,two-sided,0.3633714012476899,5,9999,20260907,0.00374273316741508,-0.0004350060518972243,B1_over_B0,COMPLETE_COVERAGE,qlike_regime_secondary,0.002524337213109684,0.3596397659664776,lightgbm_qlike,4,False,SECONDARY,two-sided percentile 95%; not inversion of centered-null p,delta = 0,resampled statistic minus observed statistic; +1 correction,520,0.1563,0.0521,1.0269479844586606,0,median,COMPUTED,asset_AAPL,
5,confirmation,25,9750,1625,25,0,9750,8125,two-sided,0.3596397659664776,5,9999,20260907,0.005884921352639794,-0.004326794327479455,B2_over_B1,COMPLETE_COVERAGE,qlike_regime_secondary,-0.0011384565011295367,0.35914969245495015,lightgbm_qlike,4,False,SECONDARY,two-sided percentile 95%; not inversion of centered-null p,delta = 0,resampled statistic minus observed statistic; +1 correction,2931,0.5864,0.2932,0.1362678874541101,0,median,COMPUTED,asset_AAPL,
5,confirmation,25,9750,1625,25,0,9750,8125,two-sided,0.3551069675070389,5,9999,20260907,0.0045792654727813496,0.0002822400501360402,B1_over_B0,COMPLETE_COVERAGE,qlike_regime_secondary,0.0026173633215907884,0.3525031481959077,log_ridge_harq,4,False,SECONDARY,two-sided percentile 95%; not inversion of centered-null p,delta = 0,resampled statistic minus observed statistic; +1 correction,183,0.0736,0.0184,0.7332492880696756,1,trimmed_mean_5pct,COMPUTED,asset_AAPL,
5,confirmation,25,9750,1625,25,0,9750,8125,two-sided,0.3525031481959077,5,9999,20260907,0.006159488407760376,-0.001938540174765384,B2_over_B1,COMPLETE_COVERAGE,qlike_regime_secondary,0.002404025583887873,0.34998684360275495,log_ridge_harq,4,False,SECONDARY,two-sided percentile 95%; not inversion of centered-null p,delta = 0,resampled statistic minus observed statistic; +1 correction,2497,0.4996,0.2498,0.7138388993207659,1,trimmed_mean_5pct,COMPUTED,asset_AAPL,
5,confirmation,25,9750,1625,25,0,9750,8125,two-sided,0.3633714012476899,5,9999,20260907,0.006733652042662326,-8.203753490393912e-05,B1_over_B0,COMPLETE_COVERAGE,qlike_regime_secondary,0.004057108514582254,0.3596397659664776,lightgbm_qlike,4,False,SECONDARY,two-sided percentile 95%; not inversion of centered-null p,delta = 0,resampled statistic minus observed statistic; +1 correction,280,0.0843,0.0281,1.0269479844586606,1,trimmed_mean_5pct,COMPUTED,asset_AAPL,
5,confirmation,25,9750,1625,25,0,9750,8125,two-sided,0.3596397659664776,5,9999,20260907,0.007352085788454306,-0.004904619106768192,B2_over_B1,COMPLETE_COVERAGE,qlike_regime_secondary,0.0004285103555354782,0.35914969245495015,lightgbm_qlike,4,False,SECONDARY,two-sided percentile 95%; not inversion of centered-null p,delta = 0,resampled statistic minus observed statistic; +1 correction,9058,0.9059,0.9059,0.1362678874541101,1,trimmed_mean_5pct,COMPUTED,asset_AAPL,
5,confirmation,25,9750,1625,25,0,9750,8125,two-sided,0.6921042896257774,5,9999,20260907,0.0033105449925932766,-0.012807584394944557,B1_over_B0,COMPLETE_COVERAGE,qlike_regime_secondary,-0.0032626108197766203,0.6953669004455542,log_ridge_harq,4,False,SECONDARY,two-sided percentile 95%; not inversion of centered-null p,delta = 0,resampled statistic minus observed statistic; +1 correction,5135,1.0,0.5136,-0.47140450777161375,0,mean,COMPUTED,asset_AMZN,
5,confirmation,25,9750,1625,25,0,9750,8125,two-sided,0.6953669004455542,5,9999,20260907,0.08261815519466553,-0.0057883424927848825,B2_over_B1,COMPLETE_COVERAGE,qlike_regime_secondary,0.024794883972668914,0.6705720164728851,log_ridge_harq,4,False,SECONDARY,two-sided percentile 95%; not inversion of centered-null p,delta = 0,resampled statistic minus observed statistic; +1 correction,5926,1.0,0.5927,3.56572680649333,0,mean,COMPUTED,asset_AMZN,
5,confirmation,25,9750,1625,25,0,9750,8125,two-sided,0.6756790373525494,5,9999,20260907,0.051481303297565784,0.001056404913450241,B1_over_B0,COMPLETE_COVERAGE,qlike_regime_secondary,0.01998698491914199,0.6556920524334074,lightgbm_qlike,4,False,SECONDARY,two-sided percentile 95%; not inversion of centered-null p,delta = 0,resampled statistic minus observed statistic; +1 correction,701,0.2808,0.0702,2.958059050855735,0,mean,COMPUTED,asset_AMZN,
5,confirmation,25,9750,1625,25,0,9750,8125,two-sided,0.6556920524334074,5,9999,20260907,0.002508588573675617,-0.09006978039565103,B2_over_B1,COMPLETE_COVERAGE,qlike_regime_secondary,-0.029701252511412726,0.6853933049448202,lightgbm_qlike,4,False,SECONDARY,two-sided percentile 95%; not inversion of centered-null p,delta = 0,resampled statistic minus observed statistic; +1 correction,3798,1.0,0.3799,-4.52975636980581,0,mean,COMPUTED,asset_AMZN,
5,confirmation,25,9750,1625,25,0,9750,8125,two-sided,0.6921042896257774,5,9999,20260907,0.0014150332919447006,-0.001340702850212705,B1_over_B0,COMPLETE_COVERAGE,qlike_regime_secondary,0.0009003252341451273,0.6953669004455542,log_ridge_harq,4,False,SECONDARY,two-sided percentile 95%; not inversion of centered-null p,delta = 0,resampled statistic minus observed statistic; +1 correction,4622,0.8854,0.4623,-0.47140450777161375,0,median,COMPUTED,asset_AMZN,
5,confirmation,25,9750,1625,25,0,9750,8125,two-sided,0.6953669004455542,5,9999,20260907,-0.0007289240490631066,-0.006191786409056266,B2_over_B1,COMPLETE_COVERAGE,qlike_regime_secondary,-0.0034254360730565647,0.6705720164728851,log_ridge_harq,4,False,SECONDARY,two-sided percentile 95%; not inversion of centered-null p,delta = 0,resampled statistic minus observed statistic; +1 correction,176,0.0708,0.0177,3.56572680649333,0,median,COMPUTED,asset_AMZN,
5,confirmation,25,9750,1625,25,0,9750,8125,two-sided,0.6756790373525494,5,9999,20260907,0.007752128755533605,-2.010050863859858e-05,B1_over_B0,COMPLETE_COVERAGE,qlike_regime_secondary,0.00433011037770803,0.6556920524334074,lightgbm_qlike,4,False,SECONDARY,two-sided percentile 95%; not inversion of centered-null p,delta = 0,resampled statistic minus observed statistic; +1 correction,593,0.1782,0.0594,2.958059050855735,0,median,COMPUTED,asset_AMZN,
5,confirmation,25,9750,1625,25,0,9750,8125,two-sided,0.6556920524334074,5,9999,20260907,0.0038676515375540843,-0.0030948031500461215,B2_over_B1,COMPLETE_COVERAGE,qlike_regime_secondary,-0.0016135199894052321,0.6853933049448202,lightgbm_qlike,4,False,SECONDARY,two-sided percentile 95%; not inversion of centered-null p,delta = 0,resampled statistic minus observed statistic; +1 correction,4426,0.8854,0.4427,-4.52975636980581,0,median,COMPUTED,asset_AMZN,
5,confirmation,25,9750,1625,25,0,9750,8125,two-sided,0.6921042896257774,5,9999,20260907,0.0034829082678126773,-0.009715253032462024,B1_over_B0,COMPLETE_COVERAGE,qlike_regime_secondary,0.0005772669407923428,0.6953669004455542,log_ridge_harq,4,False,SECONDARY,two-sided percentile 95%; not inversion of centered-null p,delta = 0,resampled statistic minus observed statistic; +1 correction,7507,1.0,0.7508,-0.47140450777161375,1,trimmed_mean_5pct,COMPUTED,asset_AMZN,
5,confirmation,25,9750,1625,25,0,9750,8125,two-sided,0.6953669004455542,5,9999,20260907,0.05965917482488603,-0.005789989944422772,B2_over_B1,COMPLETE_COVERAGE,qlike_regime_secondary,-0.0029150046222766552,0.6705720164728851,log_ridge_harq,4,False,SECONDARY,two-sided percentile 95%; not inversion of centered-null p,delta = 0,resampled statistic minus observed statistic; +1 correction,2891,1.0,0.2892,3.56572680649333,1,trimmed_mean_5pct,COMPUTED,asset_AMZN,
5,confirmation,25,9750,1625,25,0,9750,8125,two-sided,0.6756790373525494,5,9999,20260907,0.03932666070407257,4.8070088398916366e-05,B1_over_B0,COMPLETE_COVERAGE,qlike_regime_secondary,0.005365347516055656,0.6556920524334074,lightgbm_qlike,4,False,SECONDARY,two-sided percentile 95%; not inversion of centered-null p,delta = 0,resampled statistic minus observed statistic; +1 correction,2900,1.0,0.2901,2.958059050855735,1,trimmed_mean_5pct,COMPUTED,asset_AMZN,
5,confirmation,25,9750,1625,25,0,9750,8125,two-sided,0.6556920524334074,5,9999,20260907,0.0020138686598240737,-0.06666958760472935,B2_over_B1,COMPLETE_COVERAGE,qlike_regime_secondary,-0.001750418931433545,0.6853933049448202,lightgbm_qlike,4,False,SECONDARY,two-sided percentile 95%; not inversion of centered-null p,delta = 0,resampled statistic minus observed statistic; +1 correction,5398,1.0,0.5399,-4.52975636980581,1,trimmed_mean_5pct,COMPUTED,asset_AMZN,
5,confirmation,25,9750,1625,25,0,9750,8125,two-sided,0.36559115278282805,5,9999,20260907,0.0021932981971350403,-0.002135871183486362,B1_over_B0,COMPLETE_COVERAGE,qlike_regime_secondary,0.00014521709469633937,0.3654459356881316,log_ridge_harq,4,False,SECONDARY,two-sided percentile 95%; not inversion of centered-null p,delta = 0,resampled statistic minus observed statistic; +1 correction,8947,1.0,0.8948,0.03972117311673639,0,mean,COMPUTED,asset_META,
5,confirmation,25,9750,1625,25,0,9750,8125,two-sided,0.3654459356881316,5,9999,20260907,0.005119079009152316,-0.002207795249350741,B2_over_B1,COMPLETE_COVERAGE,qlike_regime_secondary,0.0017042820074219466,0.36374165368070976,log_ridge_harq,4,False,SECONDARY,two-sided percentile 95%; not inversion of centered-null p,delta = 0,resampled statistic minus observed statistic; +1 correction,3774,1.0,0.3775,0.46635680985555306,0,mean,COMPUTED,asset_META,
5,confirmation,25,9750,1625,25,0,9750,8125,two-sided,0.3608925235187462,5,9999,20260907,0.009406905811281886,-0.0011504369895925979,B1_over_B0,COMPLETE_COVERAGE,qlike_regime_secondary,0.0038411185713685047,0.35705140494737775,lightgbm_qlike,4,False,SECONDARY,two-sided percentile 95%; not inversion of centered-null p,delta = 0,resampled statistic minus observed statistic; +1 correction,1530,0.6124,0.1531,1.0643386385279279,0,mean,COMPUTED,asset_META,
5,confirmation,25,9750,1625,25,0,9750,8125,two-sided,0.35705140494737775,5,9999,20260907,0.004029126356237766,-0.0016411039155584907,B2_over_B1,COMPLETE_COVERAGE,qlike_regime_secondary,0.001128705479813643,0.35592269946756416,lightgbm_qlike,4,False,SECONDARY,two-sided percentile 95%; not inversion of centered-null p,delta = 0,resampled statistic minus observed statistic; +1 correction,4462,1.0,0.4463,0.3161184815895044,0,mean,COMPUTED,asset_META,
5,confirmation,25,9750,1625,25,0,9750,8125,two-sided,0.36559115278282805,5,9999,20260907,0.00010614271106257345,-0.0021591377768135356,B1_over_B0,COMPLETE_COVERAGE,qlike_regime_secondary,-0.00017950087315354857,0.3654459356881316,log_ridge_harq,4,False,SECONDARY,two-sided percentile 95%; not inversion of centered-null p,delta = 0,resampled statistic minus observed statistic; +1 correction,4758,1.0,0.4759,0.03972117311673639,0,median,COMPUTED,asset_META,
5,confirmation,25,9750,1625,25,0,9750,8125,two-sided,0.3654459356881316,5,9999,20260907,0.009145185416810586,0.00107468080012324,B2_over_B1,COMPLETE_COVERAGE,qlike_regime_secondary,0.0032051639969329915,0.36374165368070976,log_ridge_harq,4,False,SECONDARY,two-sided percentile 95%; not inversion of centered-null p,delta = 0,resampled statistic minus observed statistic; +1 correction,732,0.2932,0.0733,0.46635680985555306,0,median,COMPUTED,asset_META,
5,confirmation,25,9750,1625,25,0,9750,8125,two-sided,0.3608925235187462,5,9999,20260907,0.004883431437657848,-0.005289046053960578,B1_over_B0,COMPLETE_COVERAGE,qlike_regime_secondary,-0.00058295811102127,0.35705140494737775,lightgbm_qlike,4,False,SECONDARY,two-sided percentile 95%; not inversion of centered-null p,delta = 0,resampled statistic minus observed statistic; +1 correction,7007,1.0,0.7008,1.0643386385279279,0,median,COMPUTED,asset_META,
5,confirmation,25,9750,1625,25,0,9750,8125,two-sided,0.35705140494737775,5,9999,20260907,0.004029185379993638,-0.00543920102831541,B2_over_B1,COMPLETE_COVERAGE,qlike_regime_secondary,0.0007252594786756883,0.35592269946756416,lightgbm_qlike,4,False,SECONDARY,two-sided percentile 95%; not inversion of centered-null p,delta = 0,resampled statistic minus observed statistic; +1 correction,4693,1.0,0.4694,0.3161184815895044,0,median,COMPUTED,asset_META,
5,confirmation,25,9750,1625,25,0,9750,8125,two-sided,0.36559115278282805,5,9999,20260907,0.0019004518554218452,-0.0022532083824128957,B1_over_B0,COMPLETE_COVERAGE,qlike_regime_secondary,-6.018044496050469e-05,0.3654459356881316,log_ridge_harq,4,False,SECONDARY,two-sided percentile 95%; not inversion of centered-null p,delta = 0,resampled statistic minus observed statistic; +1 correction,9545,0.9678,0.9546,0.03972117311673639,1,trimmed_mean_5pct,COMPUTED,asset_META,
5,confirmation,25,9750,1625,25,0,9750,8125,two-sided,0.3654459356881316,5,9999,20260907,0.005864041898879521,-0.001529281967188667,B2_over_B1,COMPLETE_COVERAGE,qlike_regime_secondary,0.0027160645290481736,0.36374165368070976,log_ridge_harq,4,False,SECONDARY,two-sided percentile 95%; not inversion of centered-null p,delta = 0,resampled statistic minus observed statistic; +1 correction,1634,0.654,0.1635,0.46635680985555306,1,trimmed_mean_5pct,COMPUTED,asset_META,
5,confirmation,25,9750,1625,25,0,9750,8125,two-sided,0.3608925235187462,5,9999,20260907,0.008689287759694743,-0.001958807678729627,B1_over_B0,COMPLETE_COVERAGE,qlike_regime_secondary,0.003083494220981082,0.35705140494737775,lightgbm_qlike,4,False,SECONDARY,two-sided percentile 95%; not inversion of centered-null p,delta = 0,resampled statistic minus observed statistic; +1 correction,2582,0.7748999999999999,0.2583,1.0643386385279279,1,trimmed_mean_5pct,COMPUTED,asset_META,
5,confirmation,25,9750,1625,25,0,9750,8125,two-sided,0.35705140494737775,5,9999,20260907,0.004394752367502862,-0.0019081581498819327,B2_over_B1,COMPLETE_COVERAGE,qlike_regime_secondary,0.001166986986001293,0.35592269946756416,lightgbm_qlike,4,False,SECONDARY,two-sided percentile 95%; not inversion of centered-null p,delta = 0,resampled statistic minus observed statistic; +1 correction,4838,0.9678,0.4839,0.3161184815895044,1,trimmed_mean_5pct,COMPUTED,asset_META,
5,confirmation,25,9750,1625,25,0,9750,8125,two-sided,0.36377536163509605,5,9999,20260907,0.005786440026432052,0.0007829467967395777,B1_over_B0,COMPLETE_COVERAGE,qlike_regime_secondary,0.003287243245605418,0.3604881183894906,log_ridge_harq,4,False,SECONDARY,two-sided percentile 95%; not inversion of centered-null p,delta = 0,resampled statistic minus observed statistic; +1 correction,98,0.0396,0.0099,0.9036464786482322,0,mean,COMPUTED,asset_MSFT,
5,confirmation,25,9750,1625,25,0,9750,8125,two-sided,0.3604881183894906,5,9999,20260907,0.006887480212548444,0.00010254496909798281,B2_over_B1,COMPLETE_COVERAGE,qlike_regime_secondary,0.0033537258011641026,0.3571343925883264,log_ridge_harq,4,False,SECONDARY,two-sided percentile 95%; not inversion of centered-null p,delta = 0,resampled statistic minus observed statistic; +1 correction,531,0.1596,0.0532,0.9303290816205372,0,mean,COMPUTED,asset_MSFT,
5,confirmation,25,9750,1625,25,0,9750,8125,two-sided,0.3705043707034525,5,9999,20260907,0.009157042521475565,-0.0013445595427285868,B1_over_B0,COMPLETE_COVERAGE,qlike_regime_secondary,0.004096205830058683,0.3664081648733938,lightgbm_qlike,4,False,SECONDARY,two-sided percentile 95%; not inversion of centered-null p,delta = 0,resampled statistic minus observed statistic; +1 correction,1330,0.2662,0.1331,1.1055755758782235,0,mean,COMPUTED,asset_MSFT,
5,confirmation,25,9750,1625,25,0,9750,8125,two-sided,0.3664081648733938,5,9999,20260907,0.008477549538731238,-0.003904893073038669,B2_over_B1,COMPLETE_COVERAGE,qlike_regime_secondary,0.0021914674944430368,0.36421669737895074,lightgbm_qlike,4,False,SECONDARY,two-sided percentile 95%; not inversion of centered-null p,delta = 0,resampled statistic minus observed statistic; +1 correction,4863,0.4864,0.4864,0.5980946126569701,0,mean,COMPUTED,asset_MSFT,
5,confirmation,25,9750,1625,25,0,9750,8125,two-sided,0.36377536163509605,5,9999,20260907,0.004809258502725899,-0.0016775467071256656,B1_over_B0,COMPLETE_COVERAGE,qlike_regime_secondary,0.0015275199758163494,0.3604881183894906,log_ridge_harq,4,False,SECONDARY,two-sided percentile 95%; not inversion of centered-null p,delta = 0,resampled statistic minus observed statistic; +1 correction,3014,0.5496,0.3015,0.9036464786482322,0,median,COMPUTED,asset_MSFT,
5,confirmation,25,9750,1625,25,0,9750,8125,two-sided,0.3604881183894906,5,9999,20260907,0.003984094766443069,0.0010179431130468153,B2_over_B1,COMPLETE_COVERAGE,qlike_regime_secondary,0.003146684055173321,0.3571343925883264,log_ridge_harq,4,False,SECONDARY,two-sided percentile 95%; not inversion of centered-null p,delta = 0,resampled statistic minus observed statistic; +1 correction,9,0.004,0.001,0.9303290816205372,0,median,COMPUTED,asset_MSFT,
5,confirmation,25,9750,1625,25,0,9750,8125,two-sided,0.3705043707034525,5,9999,20260907,0.0013042737468031973,-0.0029868011254283733,B1_over_B0,COMPLETE_COVERAGE,qlike_regime_secondary,-0.0008518104257008163,0.3664081648733938,lightgbm_qlike,4,False,SECONDARY,two-sided percentile 95%; not inversion of centered-null p,delta = 0,resampled statistic minus observed statistic; +1 correction,2421,0.5496,0.2422,1.1055755758782235,0,median,COMPUTED,asset_MSFT,
5,confirmation,25,9750,1625,25,0,9750,8125,two-sided,0.3664081648733938,5,9999,20260907,0.009172070654381748,-0.002474504356077545,B2_over_B1,COMPLETE_COVERAGE,qlike_regime_secondary,0.005367869982106643,0.36421669737895074,lightgbm_qlike,4,False,SECONDARY,two-sided percentile 95%; not inversion of centered-null p,delta = 0,resampled statistic minus observed statistic; +1 correction,1831,0.5496,0.1832,0.5980946126569701,0,median,COMPUTED,asset_MSFT,
5,confirmation,25,9750,1625,25,0,9750,8125,two-sided,0.36377536163509605,5,9999,20260907,0.005283476021852183,0.00021606941223076227,B1_over_B0,COMPLETE_COVERAGE,qlike_regime_secondary,0.0026630925851676506,0.3604881183894906,log_ridge_harq,4,False,SECONDARY,two-sided percentile 95%; not inversion of centered-null p,delta = 0,resampled statistic minus observed statistic; +1 correction,392,0.1572,0.0393,0.9036464786482322,1,trimmed_mean_5pct,COMPUTED,asset_MSFT,
5,confirmation,25,9750,1625,25,0,9750,8125,two-sided,0.3604881183894906,5,9999,20260907,0.006478632262552684,3.376633220698216e-05,B2_over_B1,COMPLETE_COVERAGE,qlike_regime_secondary,0.0029150424976739824,0.3571343925883264,log_ridge_harq,4,False,SECONDARY,two-sided percentile 95%; not inversion of centered-null p,delta = 0,resampled statistic minus observed statistic; +1 correction,757,0.22740000000000002,0.0758,0.9303290816205372,1,trimmed_mean_5pct,COMPUTED,asset_MSFT,
5,confirmation,25,9750,1625,25,0,9750,8125,two-sided,0.3705043707034525,5,9999,20260907,0.00859397357282578,-0.0023293621019527338,B1_over_B0,COMPLETE_COVERAGE,qlike_regime_secondary,0.0033060682163259633,0.3664081648733938,lightgbm_qlike,4,False,SECONDARY,two-sided percentile 95%; not inversion of centered-null p,delta = 0,resampled statistic minus observed statistic; +1 correction,2495,0.4992,0.2496,1.1055755758782235,1,trimmed_mean_5pct,COMPUTED,asset_MSFT,
5,confirmation,25,9750,1625,25,0,9750,8125,two-sided,0.3664081648733938,5,9999,20260907,0.009267444940641316,-0.0034244367092718993,B2_over_B1,COMPLETE_COVERAGE,qlike_regime_secondary,0.0028179270832368753,0.36421669737895074,lightgbm_qlike,4,False,SECONDARY,two-sided percentile 95%; not inversion of centered-null p,delta = 0,resampled statistic minus observed statistic; +1 correction,3842,0.4992,0.3843,0.5980946126569701,1,trimmed_mean_5pct,COMPUTED,asset_MSFT,
5,confirmation,25,9750,1625,25,0,9750,8125,two-sided,0.3037458607409842,5,9999,20260907,0.003152612567486855,-0.00038664420936503454,B1_over_B0,COMPLETE_COVERAGE,qlike_regime_secondary,0.0013794255785601994,0.30236643516242395,log_ridge_harq,4,False,SECONDARY,two-sided percentile 95%; not inversion of centered-null p,delta = 0,resampled statistic minus observed statistic; +1 correction,1450,0.48,0.1451,0.45413806634108794,0,mean,COMPUTED,asset_NVDA,
5,confirmation,25,9750,1625,25,0,9750,8125,two-sided,0.30236643516242395,5,9999,20260907,0.0019503649705533194,-0.003468003388666573,B2_over_B1,COMPLETE_COVERAGE,qlike_regime_secondary,-0.0007383208529813834,0.3031047560154054,log_ridge_harq,4,False,SECONDARY,two-sided percentile 95%; not inversion of centered-null p,delta = 0,resampled statistic minus observed statistic; +1 correction,5901,0.8308,0.5902,-0.24418082403384994,0,mean,COMPUTED,asset_NVDA,
5,confirmation,25,9750,1625,25,0,9750,8125,two-sided,0.30659726636810963,5,9999,20260907,0.006309726413632375,-0.0006430056299716373,B1_over_B0,COMPLETE_COVERAGE,qlike_regime_secondary,0.0027569821886858337,0.3038402841794239,lightgbm_qlike,4,False,SECONDARY,two-sided percentile 95%; not inversion of centered-null p,delta = 0,resampled statistic minus observed statistic; +1 correction,1199,0.48,0.12,0.8992194292351323,0,mean,COMPUTED,asset_NVDA,
5,confirmation,25,9750,1625,25,0,9750,8125,two-sided,0.3038402841794239,5,9999,20260907,0.0016400026794474317,-0.0033348453690643953,B2_over_B1,COMPLETE_COVERAGE,qlike_regime_secondary,-0.001110197078441022,0.30495048125786484,lightgbm_qlike,4,False,SECONDARY,two-sided percentile 95%; not inversion of centered-null p,delta = 0,resampled statistic minus observed statistic; +1 correction,4153,0.8308,0.4154,-0.36538837548790204,0,mean,COMPUTED,asset_NVDA,
5,confirmation,25,9750,1625,25,0,9750,8125,two-sided,0.3037458607409842,5,9999,20260907,0.0038650305694129528,-0.0007614355225257219,B1_over_B0,COMPLETE_COVERAGE,qlike_regime_secondary,0.0026767589467665,0.30236643516242395,log_ridge_harq,4,False,SECONDARY,two-sided percentile 95%; not inversion of centered-null p,delta = 0,resampled statistic minus observed statistic; +1 correction,2061,0.8248,0.2062,0.45413806634108794,0,median,COMPUTED,asset_NVDA,
5,confirmation,25,9750,1625,25,0,9750,8125,two-sided,0.30236643516242395,5,9999,20260907,0.004550603401478781,-0.003347752622048006,B2_over_B1,COMPLETE_COVERAGE,qlike_regime_secondary,-0.0006978484178020161,0.3031047560154054,log_ridge_harq,4,False,SECONDARY,two-sided percentile 95%; not inversion of centered-null p,delta = 0,resampled statistic minus observed statistic; +1 correction,5745,1.0,0.5746,-0.24418082403384994,0,median,COMPUTED,asset_NVDA,
5,confirmation,25,9750,1625,25,0,9750,8125,two-sided,0.30659726636810963,5,9999,20260907,0.005455205306273164,-0.003996386764496124,B1_over_B0,COMPLETE_COVERAGE,qlike_regime_secondary,0.0008182092044509703,0.3038402841794239,lightgbm_qlike,4,False,SECONDARY,two-sided percentile 95%; not inversion of centered-null p,delta = 0,resampled statistic minus observed statistic; +1 correction,5824,1.0,0.5825,0.8992194292351323,0,median,COMPUTED,asset_NVDA,
5,confirmation,25,9750,1625,25,0,9750,8125,two-sided,0.3038402841794239,5,9999,20260907,0.002083099139975786,-0.003781488601457217,B2_over_B1,COMPLETE_COVERAGE,qlike_regime_secondary,-0.001045981409266289,0.30495048125786484,lightgbm_qlike,4,False,SECONDARY,two-sided percentile 95%; not inversion of centered-null p,delta = 0,resampled statistic minus observed statistic; +1 correction,4852,1.0,0.4853,-0.36538837548790204,0,median,COMPUTED,asset_NVDA,
5,confirmation,25,9750,1625,25,0,9750,8125,two-sided,0.3037458607409842,5,9999,20260907,0.003344101948148455,-0.0003715585116368579,B1_over_B0,COMPLETE_COVERAGE,qlike_regime_secondary,0.0015073240561743473,0.30236643516242395,log_ridge_harq,4,False,SECONDARY,two-sided percentile 95%; not inversion of centered-null p,delta = 0,resampled statistic minus observed statistic; +1 correction,1288,0.5156,0.1289,0.45413806634108794,1,trimmed_mean_5pct,COMPUTED,asset_NVDA,
5,confirmation,25,9750,1625,25,0,9750,8125,two-sided,0.30236643516242395,5,9999,20260907,0.0021150987511452898,-0.0036349290419205077,B2_over_B1,COMPLETE_COVERAGE,qlike_regime_secondary,-0.0007534421203832943,0.3031047560154054,log_ridge_harq,4,False,SECONDARY,two-sided percentile 95%; not inversion of centered-null p,delta = 0,resampled statistic minus observed statistic; +1 correction,6044,0.6045,0.6045,-0.24418082403384994,1,trimmed_mean_5pct,COMPUTED,asset_NVDA,
5,confirmation,25,9750,1625,25,0,9750,8125,two-sided,0.30659726636810963,5,9999,20260907,0.006378155248832747,-0.0011410245263815389,B1_over_B0,COMPLETE_COVERAGE,qlike_regime_secondary,0.0025145847859545717,0.3038402841794239,lightgbm_qlike,4,False,SECONDARY,two-sided percentile 95%; not inversion of centered-null p,delta = 0,resampled statistic minus observed statistic; +1 correction,1903,0.5712,0.1904,0.8992194292351323,1,trimmed_mean_5pct,COMPUTED,asset_NVDA,
5,confirmation,25,9750,1625,25,0,9750,8125,two-sided,0.3038402841794239,5,9999,20260907,0.0015755652497727833,-0.0034854003025874673,B2_over_B1,COMPLETE_COVERAGE,qlike_regime_secondary,-0.0013776638617487304,0.30495048125786484,lightgbm_qlike,4,False,SECONDARY,two-sided percentile 95%; not inversion of centered-null p,delta = 0,resampled statistic minus observed statistic; +1 correction,2887,0.5776,0.2888,-0.36538837548790204,1,trimmed_mean_5pct,COMPUTED,asset_NVDA,
5,confirmation,25,9750,1625,25,0,9750,8125,two-sided,0.41451027916869365,5,9999,20260907,0.003080986267404163,-0.014951452354288386,B1_over_B0,COMPLETE_COVERAGE,qlike_regime_secondary,-0.004131493996870423,0.418641773165564,log_ridge_harq,4,False,SECONDARY,two-sided percentile 95%; not inversion of centered-null p,delta = 0,resampled statistic minus observed statistic; +1 correction,4776,1.0,0.4777,-0.9967168981083397,0,mean,COMPUTED,asset_TSLA,
5,confirmation,25,9750,1625,25,0,9750,8125,two-sided,0.418641773165564,5,9999,20260907,0.003995376415319532,-0.005369624022154595,B2_over_B1,COMPLETE_COVERAGE,qlike_regime_secondary,-0.0009843518240789907,0.419626124989643,log_ridge_harq,4,False,SECONDARY,two-sided percentile 95%; not inversion of centered-null p,delta = 0,resampled statistic minus observed statistic; +1 correction,6872,1.0,0.6873,-0.2351298621338727,0,mean,COMPUTED,asset_TSLA,
5,confirmation,25,9750,1625,25,0,9750,8125,two-sided,0.402947576804972,5,9999,20260907,0.004225913499766,-0.008830158504446461,B1_over_B0,COMPLETE_COVERAGE,qlike_regime_secondary,-0.0014160159555038354,0.40436359276047584,lightgbm_qlike,4,False,SECONDARY,two-sided percentile 95%; not inversion of centered-null p,delta = 0,resampled statistic minus observed statistic; +1 correction,6886,1.0,0.6887,-0.3514144362727343,0,mean,COMPUTED,asset_TSLA,
5,confirmation,25,9750,1625,25,0,9750,8125,two-sided,0.40436359276047584,5,9999,20260907,0.007638718773247041,-0.0031655136142836014,B2_over_B1,COMPLETE_COVERAGE,qlike_regime_secondary,0.0020257854645844885,0.4023378072958913,lightgbm_qlike,4,False,SECONDARY,two-sided percentile 95%; not inversion of centered-null p,delta = 0,resampled statistic minus observed statistic; +1 correction,4774,1.0,0.4775,0.5009811716121683,0,mean,COMPUTED,asset_TSLA,
5,confirmation,25,9750,1625,25,0,9750,8125,two-sided,0.41451027916869365,5,9999,20260907,0.001901056346692187,-0.0007542076322131219,B1_over_B0,COMPLETE_COVERAGE,qlike_regime_secondary,0.0008104295381193283,0.418641773165564,log_ridge_harq,4,False,SECONDARY,two-sided percentile 95%; not inversion of centered-null p,delta = 0,resampled statistic minus observed statistic; +1 correction,2243,0.6732,0.2244,-0.9967168981083397,0,median,COMPUTED,asset_TSLA,
5,confirmation,25,9750,1625,25,0,9750,8125,two-sided,0.418641773165564,5,9999,20260907,0.004457885643856796,-0.002866661192415576,B2_over_B1,COMPLETE_COVERAGE,qlike_regime_secondary,-0.00025963943340989726,0.419626124989643,log_ridge_harq,4,False,SECONDARY,two-sided percentile 95%; not inversion of centered-null p,delta = 0,resampled statistic minus observed statistic; +1 correction,7472,1.0,0.7473,-0.2351298621338727,0,median,COMPUTED,asset_TSLA,
5,confirmation,25,9750,1625,25,0,9750,8125,two-sided,0.402947576804972,5,9999,20260907,0.004643809846740399,0.0003792556693617555,B1_over_B0,COMPLETE_COVERAGE,qlike_regime_secondary,0.0035986518951042212,0.40436359276047584,lightgbm_qlike,4,False,SECONDARY,two-sided percentile 95%; not inversion of centered-null p,delta = 0,resampled statistic minus observed statistic; +1 correction,146,0.0588,0.0147,-0.3514144362727343,0,median,COMPUTED,asset_TSLA,
5,confirmation,25,9750,1625,25,0,9750,8125,two-sided,0.40436359276047584,5,9999,20260907,0.005279441379662353,-0.002003905790951499,B2_over_B1,COMPLETE_COVERAGE,qlike_regime_secondary,0.0006161618048170503,0.4023378072958913,lightgbm_qlike,4,False,SECONDARY,two-sided percentile 95%; not inversion of centered-null p,delta = 0,resampled statistic minus observed statistic; +1 correction,7180,1.0,0.7181,0.5009811716121683,0,median,COMPUTED,asset_TSLA,
5,confirmation,25,9750,1625,25,0,9750,8125,two-sided,0.41451027916869365,5,9999,20260907,0.0033625546432492414,-0.01161866422110981,B1_over_B0,COMPLETE_COVERAGE,qlike_regime_secondary,7.817142739696933e-05,0.418641773165564,log_ridge_harq,4,False,SECONDARY,two-sided percentile 95%; not inversion of centered-null p,delta = 0,resampled statistic minus observed statistic; +1 correction,9711,1.0,0.9712,-0.9967168981083397,1,trimmed_mean_5pct,COMPUTED,asset_TSLA,
5,confirmation,25,9750,1625,25,0,9750,8125,two-sided,0.418641773165564,5,9999,20260907,0.0043774405846684775,-0.00391987177133142,B2_over_B1,COMPLETE_COVERAGE,qlike_regime_secondary,0.00036741895079339914,0.419626124989643,log_ridge_harq,4,False,SECONDARY,two-sided percentile 95%; not inversion of centered-null p,delta = 0,resampled statistic minus observed statistic; +1 correction,8731,1.0,0.8732,-0.2351298621338727,1,trimmed_mean_5pct,COMPUTED,asset_TSLA,
5,confirmation,25,9750,1625,25,0,9750,8125,two-sided,0.402947576804972,5,9999,20260907,0.004957113414738637,-0.006309647172596818,B1_over_B0,COMPLETE_COVERAGE,qlike_regime_secondary,0.0017426386752652898,0.40436359276047584,lightgbm_qlike,4,False,SECONDARY,two-sided percentile 95%; not inversion of centered-null p,delta = 0,resampled statistic minus observed statistic; +1 correction,4670,1.0,0.4671,-0.3514144362727343,1,trimmed_mean_5pct,COMPUTED,asset_TSLA,
5,confirmation,25,9750,1625,25,0,9750,8125,two-sided,0.40436359276047584,5,9999,20260907,0.007956593842820915,-0.003126300908596069,B2_over_B1,COMPLETE_COVERAGE,qlike_regime_secondary,0.002254479248340645,0.4023378072958913,lightgbm_qlike,4,False,SECONDARY,two-sided percentile 95%; not inversion of centered-null p,delta = 0,resampled statistic minus observed statistic; +1 correction,4423,1.0,0.4424,0.5009811716121683,1,trimmed_mean_5pct,COMPUTED,asset_TSLA,
5,confirmation,150,9750,9750,25,0,9750,0,two-sided,0.4158056519100697,5,9999,20260907,0.0025449240579097795,-0.002583890412819075,B1_over_B0,COMPLETE_COVERAGE,qlike_regime_secondary,3.600068890998731e-06,0.41580205184117863,log_ridge_harq,4,False,SECONDARY,two-sided percentile 95%; not inversion of centered-null p,delta = 0,resampled statistic minus observed statistic; +1 correction,9983,0.9984,0.9984,0.0008658056653297615,0,mean,COMPUTED,last30sessions,
5,confirmation,150,9750,9750,25,0,9750,0,two-sided,0.41580205184117863,5,9999,20260907,0.014481553505870493,-0.0007692214554592633,B2_over_B1,COMPLETE_COVERAGE,qlike_regime_secondary,0.005107753949557885,0.4106942978916208,log_ridge_harq,4,False,SECONDARY,two-sided percentile 95%; not inversion of centered-null p,delta = 0,resampled statistic minus observed statistic; +1 correction,1973,0.5922,0.1974,1.2284099914708604,0,mean,COMPUTED,last30sessions,
5,confirmation,150,9750,9750,25,0,9750,0,two-sided,0.4133320293325866,5,9999,20260907,0.010864310014167666,0.0013003445470713632,B1_over_B0,COMPLETE_COVERAGE,qlike_regime_secondary,0.005499485139160578,0.40783254419342607,lightgbm_qlike,4,False,SECONDARY,two-sided percentile 95%; not inversion of centered-null p,delta = 0,resampled statistic minus observed statistic; +1 correction,242,0.0972,0.0243,1.3305247957775443,0,mean,COMPUTED,last30sessions,
5,confirmation,150,9750,9750,25,0,9750,0,two-sided,0.40783254419342607,5,9999,20260907,0.0021786846598025236,-0.014423982126994944,B2_over_B1,COMPLETE_COVERAGE,qlike_regime_secondary,-0.004162569606580859,0.41199511380000686,lightgbm_qlike,4,False,SECONDARY,two-sided percentile 95%; not inversion of centered-null p,delta = 0,resampled statistic minus observed statistic; +1 correction,4878,0.9758,0.4879,-1.0206565576597642,0,mean,COMPUTED,last30sessions,
5,confirmation,150,9750,9750,25,0,9750,0,two-sided,0.4158056519100697,5,9999,20260907,0.0015046104757030498,-0.0010233367587632047,B1_over_B0,COMPLETE_COVERAGE,qlike_regime_secondary,0.0004105383080676428,0.41580205184117863,log_ridge_harq,4,False,SECONDARY,two-sided percentile 95%; not inversion of centered-null p,delta = 0,resampled statistic minus observed statistic; +1 correction,2091,0.5972999999999999,0.2092,0.0008658056653297615,0,median,COMPUTED,last30sessions,
5,confirmation,150,9750,9750,25,0,9750,0,two-sided,0.41580205184117863,5,9999,20260907,0.0025508900996306094,-0.0005182874516347358,B2_over_B1,COMPLETE_COVERAGE,qlike_regime_secondary,0.0017658580191503015,0.4106942978916208,log_ridge_harq,4,False,SECONDARY,two-sided percentile 95%; not inversion of centered-null p,delta = 0,resampled statistic minus observed statistic; +1 correction,1990,0.5972999999999999,0.1991,1.2284099914708604,0,median,COMPUTED,last30sessions,
5,confirmation,150,9750,9750,25,0,9750,0,two-sided,0.4133320293325866,5,9999,20260907,0.0061576792804947655,2.3967566488702907e-06,B1_over_B0,COMPLETE_COVERAGE,qlike_regime_secondary,0.003058816913176332,0.40783254419342607,lightgbm_qlike,4,False,SECONDARY,two-sided percentile 95%; not inversion of centered-null p,delta = 0,resampled statistic minus observed statistic; +1 correction,801,0.3208,0.0802,1.3305247957775443,0,median,COMPUTED,last30sessions,
5,confirmation,150,9750,9750,25,0,9750,0,two-sided,0.40783254419342607,5,9999,20260907,0.0026213276751617665,-0.0015972948619699112,B2_over_B1,COMPLETE_COVERAGE,qlike_regime_secondary,0.00015529218180099225,0.41199511380000686,lightgbm_qlike,4,False,SECONDARY,two-sided percentile 95%; not inversion of centered-null p,delta = 0,resampled statistic minus observed statistic; +1 correction,7468,0.7469,0.7469,-1.0206565576597642,0,median,COMPUTED,last30sessions,
5,confirmation,150,9750,9750,25,0,9750,0,two-sided,0.4158056519100697,5,9999,20260907,0.0026993843714918616,-0.002223473667385819,B1_over_B0,COMPLETE_COVERAGE,qlike_regime_secondary,0.00041718978670502376,0.41580205184117863,log_ridge_harq,4,False,SECONDARY,two-sided percentile 95%; not inversion of centered-null p,delta = 0,resampled statistic minus observed statistic; +1 correction,7649,1.0,0.765,0.0008658056653297615,1,trimmed_mean_5pct,COMPUTED,last30sessions,
5,confirmation,150,9750,9750,25,0,9750,0,two-sided,0.41580205184117863,5,9999,20260907,0.011296229354959197,-0.0010426461392383307,B2_over_B1,COMPLETE_COVERAGE,qlike_regime_secondary,0.0011214957080868514,0.4106942978916208,log_ridge_harq,4,False,SECONDARY,two-sided percentile 95%; not inversion of centered-null p,delta = 0,resampled statistic minus observed statistic; +1 correction,4789,1.0,0.479,1.2284099914708604,1,trimmed_mean_5pct,COMPUTED,last30sessions,
5,confirmation,150,9750,9750,25,0,9750,0,two-sided,0.4133320293325866,5,9999,20260907,0.009255120999463495,0.0013538537349097326,B1_over_B0,COMPLETE_COVERAGE,qlike_regime_secondary,0.0038749833184061116,0.40783254419342607,lightgbm_qlike,4,False,SECONDARY,two-sided percentile 95%; not inversion of centered-null p,delta = 0,resampled statistic minus observed statistic; +1 correction,678,0.2716,0.0679,1.3305247957775443,1,trimmed_mean_5pct,COMPUTED,last30sessions,
5,confirmation,150,9750,9750,25,0,9750,0,two-sided,0.40783254419342607,5,9999,20260907,0.0024950569170826414,-0.01042960235657273,B2_over_B1,COMPLETE_COVERAGE,qlike_regime_secondary,0.000662623190759857,0.41199511380000686,lightgbm_qlike,4,False,SECONDARY,two-sided percentile 95%; not inversion of centered-null p,delta = 0,resampled statistic minus observed statistic; +1 correction,6390,1.0,0.6391,-1.0206565576597642,1,trimmed_mean_5pct,COMPUTED,last30sessions,
5,confirmation,48,9750,3120,8,0,9750,6630,two-sided,0.35407659764503785,5,9999,20260907,,,B1_over_B0,COMPLETE_COVERAGE,qlike_regime_secondary,0.002826685593779174,0.3512499120512587,log_ridge_harq,4,True,SECONDARY,,,,,,,0.7983260154947968,0,mean,NO VERIFICABLE,chronological_block_1,insufficient finite sessions
5,confirmation,48,9750,3120,8,0,9750,6630,two-sided,0.3512499120512587,5,9999,20260907,,,B2_over_B1,COMPLETE_COVERAGE,qlike_regime_secondary,-0.0014140488277334592,0.35266396087899216,log_ridge_harq,4,True,SECONDARY,,,,,,,-0.40257627951437147,0,mean,NO VERIFICABLE,chronological_block_1,insufficient finite sessions
5,confirmation,48,9750,3120,8,0,9750,6630,two-sided,0.35360732138243556,5,9999,20260907,,,B1_over_B0,COMPLETE_COVERAGE,qlike_regime_secondary,0.005234178343776839,0.34837314303865874,lightgbm_qlike,4,True,SECONDARY,,,,,,,1.4802234080769892,0,mean,NO VERIFICABLE,chronological_block_1,insufficient finite sessions
5,confirmation,48,9750,3120,8,0,9750,6630,two-sided,0.34837314303865874,5,9999,20260907,,,B2_over_B1,COMPLETE_COVERAGE,qlike_regime_secondary,0.0013221455337276006,0.3470509975049311,lightgbm_qlike,4,True,SECONDARY,,,,,,,0.37951993721309424,0,mean,NO VERIFICABLE,chronological_block_1,insufficient finite sessions
5,confirmation,48,9750,3120,8,0,9750,6630,two-sided,0.35407659764503785,5,9999,20260907,,,B1_over_B0,COMPLETE_COVERAGE,qlike_regime_secondary,0.0010516504681390704,0.3512499120512587,log_ridge_harq,4,True,SECONDARY,,,,,,,0.7983260154947968,0,median,NO VERIFICABLE,chronological_block_1,insufficient finite sessions
5,confirmation,48,9750,3120,8,0,9750,6630,two-sided,0.3512499120512587,5,9999,20260907,,,B2_over_B1,COMPLETE_COVERAGE,qlike_regime_secondary,-0.0011940734328658997,0.35266396087899216,log_ridge_harq,4,True,SECONDARY,,,,,,,-0.40257627951437147,0,median,NO VERIFICABLE,chronological_block_1,insufficient finite sessions
5,confirmation,48,9750,3120,8,0,9750,6630,two-sided,0.35360732138243556,5,9999,20260907,,,B1_over_B0,COMPLETE_COVERAGE,qlike_regime_secondary,0.004454515233179024,0.34837314303865874,lightgbm_qlike,4,True,SECONDARY,,,,,,,1.4802234080769892,0,median,NO VERIFICABLE,chronological_block_1,insufficient finite sessions
5,confirmation,48,9750,3120,8,0,9750,6630,two-sided,0.34837314303865874,5,9999,20260907,,,B2_over_B1,COMPLETE_COVERAGE,qlike_regime_secondary,-0.0008254233801900102,0.3470509975049311,lightgbm_qlike,4,True,SECONDARY,,,,,,,0.37951993721309424,0,median,NO VERIFICABLE,chronological_block_1,insufficient finite sessions
5,confirmation,48,9750,3120,8,0,9750,6630,two-sided,0.35407659764503785,5,9999,20260907,,,B1_over_B0,COMPLETE_COVERAGE,qlike_regime_secondary,0.002826685593779174,0.3512499120512587,log_ridge_harq,4,True,SECONDARY,,,,,,,0.7983260154947968,0,trimmed_mean_5pct,NO VERIFICABLE,chronological_block_1,insufficient finite sessions
5,confirmation,48,9750,3120,8,0,9750,6630,two-sided,0.3512499120512587,5,9999,20260907,,,B2_over_B1,COMPLETE_COVERAGE,qlike_regime_secondary,-0.0014140488277334592,0.35266396087899216,log_ridge_harq,4,True,SECONDARY,,,,,,,-0.40257627951437147,0,trimmed_mean_5pct,NO VERIFICABLE,chronological_block_1,insufficient finite sessions
5,confirmation,48,9750,3120,8,0,9750,6630,two-sided,0.35360732138243556,5,9999,20260907,,,B1_over_B0,COMPLETE_COVERAGE,qlike_regime_secondary,0.005234178343776839,0.34837314303865874,lightgbm_qlike,4,True,SECONDARY,,,,,,,1.4802234080769892,0,trimmed_mean_5pct,NO VERIFICABLE,chronological_block_1,insufficient finite sessions
5,confirmation,48,9750,3120,8,0,9750,6630,two-sided,0.34837314303865874,5,9999,20260907,,,B2_over_B1,COMPLETE_COVERAGE,qlike_regime_secondary,0.0013221455337276006,0.3470509975049311,lightgbm_qlike,4,True,SECONDARY,,,,,,,0.37951993721309424,0,trimmed_mean_5pct,NO VERIFICABLE,chronological_block_1,insufficient finite sessions
5,confirmation,102,9750,6630,17,0,9750,3120,two-sided,0.4448546186230259,5,9999,20260907,0.0011528915719351486,-0.0037854792379022634,B1_over_B0,COMPLETE_COVERAGE,qlike_regime_secondary,-0.0013249107663504955,0.4461795293893763,log_ridge_harq,4,False,SECONDARY,two-sided percentile 95%; not inversion of centered-null p,delta = 0,resampled statistic minus observed statistic; +1 correction,3106,0.6214,0.3107,-0.29783005748069746,0,mean,COMPUTED,leave_block_1_out,
5,confirmation,102,9750,6630,17,0,9750,3120,two-sided,0.4461795293893763,5,9999,20260907,0.020786286713446914,0.0010084573057779472,B2_over_B1,COMPLETE_COVERAGE,qlike_regime_secondary,0.008176837609459694,0.43800269177991663,log_ridge_harq,4,False,SECONDARY,two-sided percentile 95%; not inversion of centered-null p,delta = 0,resampled statistic minus observed statistic; +1 correction,447,0.1792,0.0448,1.8326339670155176,0,mean,COMPUTED,leave_block_1_out,
5,confirmation,102,9750,6630,17,0,9750,3120,two-sided,0.4414377742503047,5,9999,20260907,0.013831766738289732,-0.0002371349277616227,B1_over_B0,COMPLETE_COVERAGE,qlike_regime_secondary,0.005624335395811749,0.43581343885449303,lightgbm_qlike,4,False,SECONDARY,two-sided percentile 95%; not inversion of centered-null p,delta = 0,resampled statistic minus observed statistic; +1 correction,949,0.28500000000000003,0.095,1.2740947249844166,0,mean,COMPUTED,leave_block_1_out,
5,confirmation,102,9750,6630,17,0,9750,3120,two-sided,0.43581343885449303,5,9999,20260907,0.002591335268912326,-0.021402348105401453,B2_over_B1,COMPLETE_COVERAGE,qlike_regime_secondary,-0.006743612025549546,0.4425570508800426,lightgbm_qlike,4,False,SECONDARY,two-sided percentile 95%; not inversion of centered-null p,delta = 0,resampled statistic minus observed statistic; +1 correction,4047,0.6214,0.4048,-1.5473621105569135,0,mean,COMPUTED,leave_block_1_out,
5,confirmation,102,9750,6630,17,0,9750,3120,two-sided,0.4448546186230259,5,9999,20260907,0.0021243661840976147,-0.0011064478754675977,B1_over_B0,COMPLETE_COVERAGE,qlike_regime_secondary,-0.0005920126148272198,0.4461795293893763,log_ridge_harq,4,False,SECONDARY,two-sided percentile 95%; not inversion of centered-null p,delta = 0,resampled statistic minus observed statistic; +1 correction,3707,0.7416,0.3708,-0.29783005748069746,0,median,COMPUTED,leave_block_1_out,
5,confirmation,102,9750,6630,17,0,9750,3120,two-sided,0.4461795293893763,5,9999,20260907,0.0033192263349650086,0.0017658580191503015,B2_over_B1,COMPLETE_COVERAGE,qlike_regime_secondary,0.0023538742437433924,0.43800269177991663,log_ridge_harq,4,False,SECONDARY,two-sided percentile 95%; not inversion of centered-null p,delta = 0,resampled statistic minus observed statistic; +1 correction,0,0.0004,0.0001,1.8326339670155176,0,median,COMPUTED,leave_block_1_out,
5,confirmation,102,9750,6630,17,0,9750,3120,two-sided,0.4414377742503047,5,9999,20260907,0.006392207945700112,-0.0012693817000856145,B1_over_B0,COMPLETE_COVERAGE,qlike_regime_secondary,0.001826444827778717,0.43581343885449303,lightgbm_qlike,4,False,SECONDARY,two-sided percentile 95%; not inversion of centered-null p,delta = 0,resampled statistic minus observed statistic; +1 correction,5234,0.7416,0.5235,1.2740947249844166,0,median,COMPUTED,leave_block_1_out,
5,confirmation,102,9750,6630,17,0,9750,3120,two-sided,0.43581343885449303,5,9999,20260907,0.0026283447741414223,-0.002483619905680745,B2_over_B1,COMPLETE_COVERAGE,qlike_regime_secondary,0.002295501849371606,0.4425570508800426,lightgbm_qlike,4,False,SECONDARY,two-sided percentile 95%; not inversion of centered-null p,delta = 0,resampled statistic minus observed statistic; +1 correction,1431,0.4296,0.1432,-1.5473621105569135,0,median,COMPUTED,leave_block_1_out,
5,confirmation,102,9750,6630,17,0,9750,3120,two-sided,0.4448546186230259,5,9999,20260907,0.0011528915719351486,-0.0037854792379022634,B1_over_B0,COMPLETE_COVERAGE,qlike_regime_secondary,-0.0013249107663504955,0.4461795293893763,log_ridge_harq,4,False,SECONDARY,two-sided percentile 95%; not inversion of centered-null p,delta = 0,resampled statistic minus observed statistic; +1 correction,3106,0.6214,0.3107,-0.29783005748069746,0,trimmed_mean_5pct,COMPUTED,leave_block_1_out,
5,confirmation,102,9750,6630,17,0,9750,3120,two-sided,0.4461795293893763,5,9999,20260907,0.020786286713446914,0.0010084573057779472,B2_over_B1,COMPLETE_COVERAGE,qlike_regime_secondary,0.008176837609459694,0.43800269177991663,log_ridge_harq,4,False,SECONDARY,two-sided percentile 95%; not inversion of centered-null p,delta = 0,resampled statistic minus observed statistic; +1 correction,447,0.1792,0.0448,1.8326339670155176,0,trimmed_mean_5pct,COMPUTED,leave_block_1_out,
5,confirmation,102,9750,6630,17,0,9750,3120,two-sided,0.4414377742503047,5,9999,20260907,0.013831766738289732,-0.0002371349277616227,B1_over_B0,COMPLETE_COVERAGE,qlike_regime_secondary,0.005624335395811749,0.43581343885449303,lightgbm_qlike,4,False,SECONDARY,two-sided percentile 95%; not inversion of centered-null p,delta = 0,resampled statistic minus observed statistic; +1 correction,949,0.28500000000000003,0.095,1.2740947249844166,0,trimmed_mean_5pct,COMPUTED,leave_block_1_out,
5,confirmation,102,9750,6630,17,0,9750,3120,two-sided,0.43581343885449303,5,9999,20260907,0.002591335268912326,-0.021402348105401453,B2_over_B1,COMPLETE_COVERAGE,qlike_regime_secondary,-0.006743612025549546,0.4425570508800426,lightgbm_qlike,4,False,SECONDARY,two-sided percentile 95%; not inversion of centered-null p,delta = 0,resampled statistic minus observed statistic; +1 correction,4047,0.6214,0.4048,-1.5473621105569135,0,trimmed_mean_5pct,COMPUTED,leave_block_1_out,
5,confirmation,48,9750,3120,8,0,9750,6630,two-sided,0.3802930772107529,5,9999,20260907,,,B1_over_B0,COMPLETE_COVERAGE,qlike_regime_secondary,-0.0024586575001838626,0.3827517347109368,log_ridge_harq,4,True,SECONDARY,,,,,,,-0.6465165020138692,0,mean,NO VERIFICABLE,chronological_block_2,insufficient finite sessions
5,confirmation,48,9750,3120,8,0,9750,6630,two-sided,0.3827517347109368,5,9999,20260907,,,B2_over_B1,COMPLETE_COVERAGE,qlike_regime_secondary,0.0018015164884936513,0.3809502182224431,log_ridge_harq,4,True,SECONDARY,,,,,,,0.470674937594783,0,mean,NO VERIFICABLE,chronological_block_2,insufficient finite sessions
5,confirmation,48,9750,3120,8,0,9750,6630,two-sided,0.3725800611502008,5,9999,20260907,,,B1_over_B0,COMPLETE_COVERAGE,qlike_regime_secondary,0.0003809329871171871,0.37219912816308365,lightgbm_qlike,4,True,SECONDARY,,,,,,,0.10224191437974425,0,mean,NO VERIFICABLE,chronological_block_2,insufficient finite sessions
5,confirmation,48,9750,3120,8,0,9750,6630,two-sided,0.37219912816308365,5,9999,20260907,,,B2_over_B1,COMPLETE_COVERAGE,qlike_regime_secondary,0.00024704872296239105,0.3719520794401212,lightgbm_qlike,4,True,SECONDARY,,,,,,,0.06637541688548598,0,mean,NO VERIFICABLE,chronological_block_2,insufficient finite sessions
5,confirmation,48,9750,3120,8,0,9750,6630,two-sided,0.3802930772107529,5,9999,20260907,,,B1_over_B0,COMPLETE_COVERAGE,qlike_regime_secondary,-0.0008076746867952123,0.3827517347109368,log_ridge_harq,4,True,SECONDARY,,,,,,,-0.6465165020138692,0,median,NO VERIFICABLE,chronological_block_2,insufficient finite sessions
5,confirmation,48,9750,3120,8,0,9750,6630,two-sided,0.3827517347109368,5,9999,20260907,,,B2_over_B1,COMPLETE_COVERAGE,qlike_regime_secondary,0.002109409319248551,0.3809502182224431,log_ridge_harq,4,True,SECONDARY,,,,,,,0.470674937594783,0,median,NO VERIFICABLE,chronological_block_2,insufficient finite sessions
5,confirmation,48,9750,3120,8,0,9750,6630,two-sided,0.3725800611502008,5,9999,20260907,,,B1_over_B0,COMPLETE_COVERAGE,qlike_regime_secondary,-0.0004653656970333153,0.37219912816308365,lightgbm_qlike,4,True,SECONDARY,,,,,,,0.10224191437974425,0,median,NO VERIFICABLE,chronological_block_2,insufficient finite sessions
5,confirmation,48,9750,3120,8,0,9750,6630,two-sided,0.37219912816308365,5,9999,20260907,,,B2_over_B1,COMPLETE_COVERAGE,qlike_regime_secondary,0.0015433373513401571,0.3719520794401212,lightgbm_qlike,4,True,SECONDARY,,,,,,,0.06637541688548598,0,median,NO VERIFICABLE,chronological_block_2,insufficient finite sessions
5,confirmation,48,9750,3120,8,0,9750,6630,two-sided,0.3802930772107529,5,9999,20260907,,,B1_over_B0,COMPLETE_COVERAGE,qlike_regime_secondary,-0.0024586575001838626,0.3827517347109368,log_ridge_harq,4,True,SECONDARY,,,,,,,-0.6465165020138692,0,trimmed_mean_5pct,NO VERIFICABLE,chronological_block_2,insufficient finite sessions
5,confirmation,48,9750,3120,8,0,9750,6630,two-sided,0.3827517347109368,5,9999,20260907,,,B2_over_B1,COMPLETE_COVERAGE,qlike_regime_secondary,0.0018015164884936513,0.3809502182224431,log_ridge_harq,4,True,SECONDARY,,,,,,,0.470674937594783,0,trimmed_mean_5pct,NO VERIFICABLE,chronological_block_2,insufficient finite sessions
5,confirmation,48,9750,3120,8,0,9750,6630,two-sided,0.3725800611502008,5,9999,20260907,,,B1_over_B0,COMPLETE_COVERAGE,qlike_regime_secondary,0.0003809329871171871,0.37219912816308365,lightgbm_qlike,4,True,SECONDARY,,,,,,,0.10224191437974425,0,trimmed_mean_5pct,NO VERIFICABLE,chronological_block_2,insufficient finite sessions
5,confirmation,48,9750,3120,8,0,9750,6630,two-sided,0.37219912816308365,5,9999,20260907,,,B2_over_B1,COMPLETE_COVERAGE,qlike_regime_secondary,0.00024704872296239105,0.3719520794401212,lightgbm_qlike,4,True,SECONDARY,,,,,,,0.06637541688548598,0,trimmed_mean_5pct,NO VERIFICABLE,chronological_block_2,insufficient finite sessions
5,confirmation,102,9750,6630,17,0,9750,3120,two-sided,0.4325174517685717,5,9999,20260907,0.0037513145904292324,-0.0020681463514903545,B1_over_B0,COMPLETE_COVERAGE,qlike_regime_secondary,0.0011623095131615218,0.4313551422554102,log_ridge_harq,4,False,SECONDARY,two-sided percentile 95%; not inversion of centered-null p,delta = 0,resampled statistic minus observed statistic; +1 correction,4786,1.0,0.4787,0.26873124041788765,0,mean,COMPUTED,leave_block_2_out,
5,confirmation,102,9750,6630,17,0,9750,3120,two-sided,0.4313551422554102,5,9999,20260907,0.02031967315509079,-0.0017068271015413827,B2_over_B1,COMPLETE_COVERAGE,qlike_regime_secondary,0.006663630401823406,0.4246915118535868,log_ridge_harq,4,False,SECONDARY,two-sided percentile 95%; not inversion of centered-null p,delta = 0,resampled statistic minus observed statistic; +1 correction,3575,1.0,0.3576,1.544813020422461,0,mean,COMPUTED,leave_block_2_out,
5,confirmation,102,9750,6630,17,0,9750,3120,two-sided,0.43250942612429755,5,9999,20260907,0.01440865766217604,0.0035047927921621033,B1_over_B0,COMPLETE_COVERAGE,qlike_regime_secondary,0.007908215563651585,0.4246012105606459,lightgbm_qlike,4,False,SECONDARY,two-sided percentile 95%; not inversion of centered-null p,delta = 0,resampled statistic minus observed statistic; +1 correction,40,0.0164,0.0041,1.8284492975140079,0,mean,COMPUTED,leave_block_2_out,
5,confirmation,102,9750,6630,17,0,9750,3120,two-sided,0.4246012105606459,5,9999,20260907,0.0032724430364218385,-0.021195329349087636,B2_over_B1,COMPLETE_COVERAGE,qlike_regime_secondary,-0.0062376841146012125,0.4308388946752472,lightgbm_qlike,4,False,SECONDARY,two-sided percentile 95%; not inversion of centered-null p,delta = 0,resampled statistic minus observed statistic; +1 correction,4939,1.0,0.494,-1.4690688484766536,0,mean,COMPUTED,leave_block_2_out,
5,confirmation,102,9750,6630,17,0,9750,3120,two-sided,0.4325174517685717,5,9999,20260907,0.0021243661840976147,2.3891431425171472e-05,B1_over_B0,COMPLETE_COVERAGE,qlike_regime_secondary,0.0005986904605750909,0.4313551422554102,log_ridge_harq,4,False,SECONDARY,two-sided percentile 95%; not inversion of centered-null p,delta = 0,resampled statistic minus observed statistic; +1 correction,2419,0.726,0.242,0.26873124041788765,0,median,COMPUTED,leave_block_2_out,
5,confirmation,102,9750,6630,17,0,9750,3120,two-sided,0.4313551422554102,5,9999,20260907,0.0033192263349650086,-0.0018698594140970637,B2_over_B1,COMPLETE_COVERAGE,qlike_regime_secondary,0.000655463494854458,0.4246915118535868,log_ridge_harq,4,False,SECONDARY,two-sided percentile 95%; not inversion of centered-null p,delta = 0,resampled statistic minus observed statistic; +1 correction,7422,1.0,0.7423,1.544813020422461,0,median,COMPUTED,leave_block_2_out,
5,confirmation,102,9750,6630,17,0,9750,3120,two-sided,0.43250942612429755,5,9999,20260907,0.006797372435027205,0.001826444827778717,B1_over_B0,COMPLETE_COVERAGE,qlike_regime_secondary,0.005666973314620127,0.4246012105606459,lightgbm_qlike,4,False,SECONDARY,two-sided percentile 95%; not inversion of centered-null p,delta = 0,resampled statistic minus observed statistic; +1 correction,22,0.0092,0.0023,1.8284492975140079,0,median,COMPUTED,leave_block_2_out,
5,confirmation,102,9750,6630,17,0,9750,3120,two-sided,0.4246012105606459,5,9999,20260907,0.0026283447741414223,-0.0015663289978651296,B2_over_B1,COMPLETE_COVERAGE,qlike_regime_secondary,1.0139537281239619e-05,0.4308388946752472,lightgbm_qlike,4,False,SECONDARY,two-sided percentile 95%; not inversion of centered-null p,delta = 0,resampled statistic minus observed statistic; +1 correction,7891,1.0,0.7892,-1.4690688484766536,0,median,COMPUTED,leave_block_2_out,
5,confirmation,102,9750,6630,17,0,9750,3120,two-sided,0.4325174517685717,5,9999,20260907,0.0037513145904292324,-0.0020681463514903545,B1_over_B0,COMPLETE_COVERAGE,qlike_regime_secondary,0.0011623095131615218,0.4313551422554102,log_ridge_harq,4,False,SECONDARY,two-sided percentile 95%; not inversion of centered-null p,delta = 0,resampled statistic minus observed statistic; +1 correction,4786,1.0,0.4787,0.26873124041788765,0,trimmed_mean_5pct,COMPUTED,leave_block_2_out,
5,confirmation,102,9750,6630,17,0,9750,3120,two-sided,0.4313551422554102,5,9999,20260907,0.02031967315509079,-0.0017068271015413827,B2_over_B1,COMPLETE_COVERAGE,qlike_regime_secondary,0.006663630401823406,0.4246915118535868,log_ridge_harq,4,False,SECONDARY,two-sided percentile 95%; not inversion of centered-null p,delta = 0,resampled statistic minus observed statistic; +1 correction,3575,1.0,0.3576,1.544813020422461,0,trimmed_mean_5pct,COMPUTED,leave_block_2_out,
5,confirmation,102,9750,6630,17,0,9750,3120,two-sided,0.43250942612429755,5,9999,20260907,0.01440865766217604,0.0035047927921621033,B1_over_B0,COMPLETE_COVERAGE,qlike_regime_secondary,0.007908215563651585,0.4246012105606459,lightgbm_qlike,4,False,SECONDARY,two-sided percentile 95%; not inversion of centered-null p,delta = 0,resampled statistic minus observed statistic; +1 correction,40,0.0164,0.0041,1.8284492975140079,0,trimmed_mean_5pct,COMPUTED,leave_block_2_out,
5,confirmation,102,9750,6630,17,0,9750,3120,two-sided,0.4246012105606459,5,9999,20260907,0.0032724430364218385,-0.021195329349087636,B2_over_B1,COMPLETE_COVERAGE,qlike_regime_secondary,-0.0062376841146012125,0.4308388946752472,lightgbm_qlike,4,False,SECONDARY,two-sided percentile 95%; not inversion of centered-null p,delta = 0,resampled statistic minus observed statistic; +1 correction,4939,1.0,0.494,-1.4690688484766536,0,trimmed_mean_5pct,COMPUTED,leave_block_2_out,
5,confirmation,54,9750,3510,9,0,9750,6240,two-sided,0.502242655433935,5,9999,20260907,,,B1_over_B0,COMPLETE_COVERAGE,qlike_regime_secondary,-0.00031713589183194707,0.5025597913257669,log_ridge_harq,4,True,SECONDARY,,,,,,,-0.06314395808495067,0,mean,NO VERIFICABLE,chronological_block_3,insufficient finite sessions
5,confirmation,54,9750,3510,9,0,9750,6240,two-sided,0.5025597913257669,5,9999,20260907,,,B2_over_B1,COMPLETE_COVERAGE,qlike_regime_secondary,0.013843789716985066,0.4887160016087819,log_ridge_harq,4,True,SECONDARY,,,,,,,2.754655258126552,0,mean,NO VERIFICABLE,chronological_block_3,insufficient finite sessions
5,confirmation,54,9750,3510,9,0,9750,6240,two-sided,0.502644630339286,5,9999,20260907,,,B1_over_B0,COMPLETE_COVERAGE,qlike_regime_secondary,0.010285137536873582,0.4923594928024124,lightgbm_qlike,4,True,SECONDARY,,,,,,,2.046204597854969,0,mean,NO VERIFICABLE,chronological_block_3,insufficient finite sessions
5,confirmation,54,9750,3510,9,0,9750,6240,two-sided,0.4923594928024124,5,9999,20260907,,,B2_over_B1,COMPLETE_COVERAGE,qlike_regime_secondary,-0.01295753269089349,0.5053170254933059,lightgbm_qlike,4,True,SECONDARY,,,,,,,-2.631721918702489,0,mean,NO VERIFICABLE,chronological_block_3,insufficient finite sessions
5,confirmation,54,9750,3510,9,0,9750,6240,two-sided,0.502242655433935,5,9999,20260907,,,B1_over_B0,COMPLETE_COVERAGE,qlike_regime_secondary,0.0004105383080676428,0.5025597913257669,log_ridge_harq,4,True,SECONDARY,,,,,,,-0.06314395808495067,0,median,NO VERIFICABLE,chronological_block_3,insufficient finite sessions
5,confirmation,54,9750,3510,9,0,9750,6240,two-sided,0.5025597913257669,5,9999,20260907,,,B2_over_B1,COMPLETE_COVERAGE,qlike_regime_secondary,0.002639632805260528,0.4887160016087819,log_ridge_harq,4,True,SECONDARY,,,,,,,2.754655258126552,0,median,NO VERIFICABLE,chronological_block_3,insufficient finite sessions
5,confirmation,54,9750,3510,9,0,9750,6240,two-sided,0.502644630339286,5,9999,20260907,,,B1_over_B0,COMPLETE_COVERAGE,qlike_regime_secondary,0.005666973314620127,0.4923594928024124,lightgbm_qlike,4,True,SECONDARY,,,,,,,2.046204597854969,0,median,NO VERIFICABLE,chronological_block_3,insufficient finite sessions
5,confirmation,54,9750,3510,9,0,9750,6240,two-sided,0.4923594928024124,5,9999,20260907,,,B2_over_B1,COMPLETE_COVERAGE,qlike_regime_secondary,0.002295501849371606,0.5053170254933059,lightgbm_qlike,4,True,SECONDARY,,,,,,,-2.631721918702489,0,median,NO VERIFICABLE,chronological_block_3,insufficient finite sessions
5,confirmation,54,9750,3510,9,0,9750,6240,two-sided,0.502242655433935,5,9999,20260907,,,B1_over_B0,COMPLETE_COVERAGE,qlike_regime_secondary,-0.00031713589183194707,0.5025597913257669,log_ridge_harq,4,True,SECONDARY,,,,,,,-0.06314395808495067,0,trimmed_mean_5pct,NO VERIFICABLE,chronological_block_3,insufficient finite sessions
5,confirmation,54,9750,3510,9,0,9750,6240,two-sided,0.5025597913257669,5,9999,20260907,,,B2_over_B1,COMPLETE_COVERAGE,qlike_regime_secondary,0.013843789716985066,0.4887160016087819,log_ridge_harq,4,True,SECONDARY,,,,,,,2.754655258126552,0,trimmed_mean_5pct,NO VERIFICABLE,chronological_block_3,insufficient finite sessions
5,confirmation,54,9750,3510,9,0,9750,6240,two-sided,0.502644630339286,5,9999,20260907,,,B1_over_B0,COMPLETE_COVERAGE,qlike_regime_secondary,0.010285137536873582,0.4923594928024124,lightgbm_qlike,4,True,SECONDARY,,,,,,,2.046204597854969,0,trimmed_mean_5pct,NO VERIFICABLE,chronological_block_3,insufficient finite sessions
5,confirmation,54,9750,3510,9,0,9750,6240,two-sided,0.4923594928024124,5,9999,20260907,,,B2_over_B1,COMPLETE_COVERAGE,qlike_regime_secondary,-0.01295753269089349,0.5053170254933059,lightgbm_qlike,4,True,SECONDARY,,,,,,,-2.631721918702489,0,trimmed_mean_5pct,NO VERIFICABLE,chronological_block_3,insufficient finite sessions
5,confirmation,96,9750,6240,16,0,9750,3510,two-sided,0.3671848374278954,5,9999,20260907,0.0030474636727689693,-0.0031389523372571185,B1_over_B0,COMPLETE_COVERAGE,qlike_regime_secondary,0.00018401404679765573,0.36700082338109774,log_ridge_harq,4,False,SECONDARY,two-sided percentile 95%; not inversion of centered-null p,delta = 0,resampled statistic minus observed statistic; +1 correction,9108,1.0,0.9109,0.050114827204375184,0,mean,COMPUTED,leave_block_3_out,
5,confirmation,96,9750,6240,16,0,9750,3510,two-sided,0.36700082338109774,5,9999,20260907,0.0021244770607669883,-0.0016861584550435496,B2_over_B1,COMPLETE_COVERAGE,qlike_regime_secondary,0.00019373383038009603,0.3668070895507176,log_ridge_harq,4,False,SECONDARY,two-sided percentile 95%; not inversion of centered-null p,delta = 0,resampled statistic minus observed statistic; +1 correction,8491,1.0,0.8492,0.05278839120721009,0,mean,COMPUTED,leave_block_3_out,
5,confirmation,96,9750,6240,16,0,9750,3510,two-sided,0.3630936912663182,5,9999,20260907,0.005634062303588153,-0.00044050977291209355,B1_over_B0,COMPLETE_COVERAGE,qlike_regime_secondary,0.0028075556654470132,0.3602861356008712,lightgbm_qlike,4,False,SECONDARY,two-sided percentile 95%; not inversion of centered-null p,delta = 0,resampled statistic minus observed statistic; +1 correction,723,0.2896,0.0724,0.7732317396249545,0,mean,COMPUTED,leave_block_3_out,
5,confirmation,96,9750,6240,16,0,9750,3510,two-sided,0.3602861356008712,5,9999,20260907,0.0027035986905545534,-0.0009358306988610415,B2_over_B1,COMPLETE_COVERAGE,qlike_regime_secondary,0.0007845971283449958,0.3595015384725262,lightgbm_qlike,4,False,SECONDARY,two-sided percentile 95%; not inversion of centered-null p,delta = 0,resampled statistic minus observed statistic; +1 correction,4088,1.0,0.4089,0.21777055812499563,0,mean,COMPUTED,leave_block_3_out,
5,confirmation,96,9750,6240,16,0,9750,3510,two-sided,0.3671848374278954,5,9999,20260907,0.0015046104757030498,-0.0008076746867952123,B1_over_B0,COMPLETE_COVERAGE,qlike_regime_secondary,0.00038273241926381485,0.36700082338109774,log_ridge_harq,4,False,SECONDARY,two-sided percentile 95%; not inversion of centered-null p,delta = 0,resampled statistic minus observed statistic; +1 correction,4512,1.0,0.4513,0.050114827204375184,0,median,COMPUTED,leave_block_3_out,
5,confirmation,96,9750,6240,16,0,9750,3510,two-sided,0.36700082338109774,5,9999,20260907,0.002109409319248551,-0.002429613738921782,B2_over_B1,COMPLETE_COVERAGE,qlike_regime_secondary,-0.00024659939999252534,0.3668070895507176,log_ridge_harq,4,False,SECONDARY,two-sided percentile 95%; not inversion of centered-null p,delta = 0,resampled statistic minus observed statistic; +1 correction,6650,1.0,0.6651,0.05278839120721009,0,median,COMPUTED,leave_block_3_out,
5,confirmation,96,9750,6240,16,0,9750,3510,two-sided,0.3630936912663182,5,9999,20260907,0.0061576792804947655,-0.0009331281507155009,B1_over_B0,COMPLETE_COVERAGE,qlike_regime_secondary,0.0029523061878504175,0.3602861356008712,lightgbm_qlike,4,False,SECONDARY,two-sided percentile 95%; not inversion of centered-null p,delta = 0,resampled statistic minus observed statistic; +1 correction,2129,0.852,0.213,0.7732317396249545,0,median,COMPUTED,leave_block_3_out,
5,confirmation,96,9750,6240,16,0,9750,3510,two-sided,0.3602861356008712,5,9999,20260907,0.0023753818903715085,-0.002040457383825328,B2_over_B1,COMPLETE_COVERAGE,qlike_regime_secondary,3.5387209643050754e-05,0.3595015384725262,lightgbm_qlike,4,False,SECONDARY,two-sided percentile 95%; not inversion of centered-null p,delta = 0,resampled statistic minus observed statistic; +1 correction,8798,1.0,0.8799,0.21777055812499563,0,median,COMPUTED,leave_block_3_out,
5,confirmation,96,9750,6240,16,0,9750,3510,two-sided,0.3671848374278954,5,9999,20260907,0.0030474636727689693,-0.0031389523372571185,B1_over_B0,COMPLETE_COVERAGE,qlike_regime_secondary,0.00018401404679765573,0.36700082338109774,log_ridge_harq,4,False,SECONDARY,two-sided percentile 95%; not inversion of centered-null p,delta = 0,resampled statistic minus observed statistic; +1 correction,9108,1.0,0.9109,0.050114827204375184,0,trimmed_mean_5pct,COMPUTED,leave_block_3_out,
5,confirmation,96,9750,6240,16,0,9750,3510,two-sided,0.36700082338109774,5,9999,20260907,0.0021244770607669883,-0.0016861584550435496,B2_over_B1,COMPLETE_COVERAGE,qlike_regime_secondary,0.00019373383038009603,0.3668070895507176,log_ridge_harq,4,False,SECONDARY,two-sided percentile 95%; not inversion of centered-null p,delta = 0,resampled statistic minus observed statistic; +1 correction,8491,1.0,0.8492,0.05278839120721009,0,trimmed_mean_5pct,COMPUTED,leave_block_3_out,
5,confirmation,96,9750,6240,16,0,9750,3510,two-sided,0.3630936912663182,5,9999,20260907,0.005634062303588153,-0.00044050977291209355,B1_over_B0,COMPLETE_COVERAGE,qlike_regime_secondary,0.0028075556654470132,0.3602861356008712,lightgbm_qlike,4,False,SECONDARY,two-sided percentile 95%; not inversion of centered-null p,delta = 0,resampled statistic minus observed statistic; +1 correction,723,0.2896,0.0724,0.7732317396249545,0,trimmed_mean_5pct,COMPUTED,leave_block_3_out,
5,confirmation,96,9750,6240,16,0,9750,3510,two-sided,0.3602861356008712,5,9999,20260907,0.0027035986905545534,-0.0009358306988610415,B2_over_B1,COMPLETE_COVERAGE,qlike_regime_secondary,0.0007845971283449958,0.3595015384725262,lightgbm_qlike,4,False,SECONDARY,two-sided percentile 95%; not inversion of centered-null p,delta = 0,resampled statistic minus observed statistic; +1 correction,4088,1.0,0.4089,0.21777055812499563,0,trimmed_mean_5pct,COMPUTED,leave_block_3_out,
