window,asset,session_date,horizon,available_origins,available_empty,available_nonempty,available_unknown,executed_N_origins,executed_N_empty_origins,executed_N_nonempty_origins,executed_N_unknown_origins
primary,AAPL,2024-10-28,5m,65,0,65,0,65,0,65,0
primary,AAPL,2024-10-28,30m,65,0,65,0,65,0,65,0
primary,AMZN,2024-10-28,5m,65,0,65,0,65,0,65,0
primary,AMZN,2024-10-28,30m,65,0,65,0,65,0,65,0
primary,META,2024-10-28,5m,65,0,65,0,65,0,65,0
primary,META,2024-10-28,30m,65,0,65,0,65,0,65,0
primary,MSFT,2024-10-28,5m,65,0,65,0,65,0,65,0
primary,MSFT,2024-10-28,30m,65,0,65,0,65,0,65,0
primary,NVDA,2024-10-28,5m,65,0,65,0,65,0,65,0
primary,NVDA,2024-10-28,30m,65,0,65,0,65,0,65,0
primary,TSLA,2024-10-28,5m,65,0,65,0,65,0,65,0
primary,TSLA,2024-10-28,30m,65,0,65,0,65,0,65,0
primary,AAPL,2024-10-29,5m,65,0,65,0,65,0,65,0
primary,AAPL,2024-10-29,30m,65,0,65,0,65,0,65,0
primary,AMZN,2024-10-29,5m,65,0,65,0,65,0,65,0
primary,AMZN,2024-10-29,30m,65,0,65,0,65,0,65,0
primary,META,2024-10-29,5m,65,0,65,0,65,0,65,0
primary,META,2024-10-29,30m,65,0,65,0,65,0,65,0
primary,MSFT,2024-10-29,5m,65,0,65,0,65,0,65,0
primary,MSFT,2024-10-29,30m,65,0,65,0,65,0,65,0
primary,NVDA,2024-10-29,5m,65,0,65,0,65,0,65,0
primary,NVDA,2024-10-29,30m,65,0,65,0,65,0,65,0
primary,TSLA,2024-10-29,5m,65,0,65,0,65,0,65,0
primary,TSLA,2024-10-29,30m,65,0,65,0,65,0,65,0
primary,AAPL,2024-10-30,5m,65,0,65,0,65,0,65,0
primary,AAPL,2024-10-30,30m,65,0,65,0,65,0,65,0
primary,AMZN,2024-10-30,5m,65,0,65,0,65,0,65,0
primary,AMZN,2024-10-30,30m,65,0,65,0,65,0,65,0
primary,META,2024-10-30,5m,65,0,65,0,65,0,65,0
primary,META,2024-10-30,30m,65,0,65,0,65,0,65,0
primary,MSFT,2024-10-30,5m,65,0,65,0,65,0,65,0
primary,MSFT,2024-10-30,30m,65,0,65,0,65,0,65,0
primary,NVDA,2024-10-30,5m,65,0,65,0,65,0,65,0
primary,NVDA,2024-10-30,30m,65,0,65,0,65,0,65,0
primary,TSLA,2024-10-30,5m,65,0,65,0,65,0,65,0
primary,TSLA,2024-10-30,30m,65,0,65,0,65,0,65,0
primary,AAPL,2024-10-31,5m,65,0,65,0,65,0,65,0
primary,AAPL,2024-10-31,30m,65,0,65,0,65,0,65,0
primary,AMZN,2024-10-31,5m,65,0,65,0,65,0,65,0
primary,AMZN,2024-10-31,30m,65,0,65,0,65,0,65,0
primary,META,2024-10-31,5m,65,0,65,0,65,0,65,0
primary,META,2024-10-31,30m,65,0,65,0,65,0,65,0
primary,MSFT,2024-10-31,5m,65,0,65,0,65,0,65,0
primary,MSFT,2024-10-31,30m,65,0,65,0,65,0,65,0
primary,NVDA,2024-10-31,5m,65,0,65,0,65,0,65,0
primary,NVDA,2024-10-31,30m,65,0,65,0,65,0,65,0
primary,TSLA,2024-10-31,5m,65,0,65,0,65,0,65,0
primary,TSLA,2024-10-31,30m,65,0,65,0,65,0,65,0
primary,AAPL,2024-11-01,5m,65,0,65,0,65,0,65,0
primary,AAPL,2024-11-01,30m,65,0,65,0,65,0,65,0
primary,AMZN,2024-11-01,5m,65,0,65,0,65,0,65,0
primary,AMZN,2024-11-01,30m,65,0,65,0,65,0,65,0
primary,META,2024-11-01,5m,65,0,65,0,65,0,65,0
primary,META,2024-11-01,30m,65,0,65,0,65,0,65,0
primary,MSFT,2024-11-01,5m,65,0,65,0,65,0,65,0
primary,MSFT,2024-11-01,30m,65,0,65,0,65,0,65,0
primary,NVDA,2024-11-01,5m,65,0,65,0,65,0,65,0
primary,NVDA,2024-11-01,30m,65,0,65,0,65,0,65,0
primary,TSLA,2024-11-01,5m,65,0,65,0,65,0,65,0
primary,TSLA,2024-11-01,30m,65,0,65,0,65,0,65,0
primary,AAPL,2024-11-04,5m,65,0,65,0,65,0,65,0
primary,AAPL,2024-11-04,30m,65,0,65,0,65,0,65,0
primary,AMZN,2024-11-04,5m,65,0,65,0,65,0,65,0
primary,AMZN,2024-11-04,30m,65,0,65,0,65,0,65,0
primary,META,2024-11-04,5m,65,0,65,0,65,0,65,0
primary,META,2024-11-04,30m,65,0,65,0,65,0,65,0
primary,MSFT,2024-11-04,5m,65,0,65,0,65,0,65,0
primary,MSFT,2024-11-04,30m,65,0,65,0,65,0,65,0
primary,NVDA,2024-11-04,5m,65,0,65,0,65,0,65,0
primary,NVDA,2024-11-04,30m,65,0,65,0,65,0,65,0
primary,TSLA,2024-11-04,5m,65,0,65,0,65,0,65,0
primary,TSLA,2024-11-04,30m,65,0,65,0,65,0,65,0
primary,AAPL,2024-11-05,5m,65,0,65,0,65,0,65,0
primary,AAPL,2024-11-05,30m,65,0,65,0,65,0,65,0
primary,AMZN,2024-11-05,5m,65,0,65,0,65,0,65,0
primary,AMZN,2024-11-05,30m,65,0,65,0,65,0,65,0
primary,META,2024-11-05,5m,65,0,65,0,65,0,65,0
primary,META,2024-11-05,30m,65,0,65,0,65,0,65,0
primary,MSFT,2024-11-05,5m,65,0,65,0,65,0,65,0
primary,MSFT,2024-11-05,30m,65,0,65,0,65,0,65,0
primary,NVDA,2024-11-05,5m,65,0,65,0,65,0,65,0
primary,NVDA,2024-11-05,30m,65,0,65,0,65,0,65,0
primary,TSLA,2024-11-05,5m,65,0,65,0,65,0,65,0
primary,TSLA,2024-11-05,30m,65,0,65,0,65,0,65,0
primary,AAPL,2024-11-06,5m,65,0,65,0,65,0,65,0
primary,AAPL,2024-11-06,30m,65,0,65,0,65,0,65,0
primary,AMZN,2024-11-06,5m,65,0,65,0,65,0,65,0
primary,AMZN,2024-11-06,30m,65,0,65,0,65,0,65,0
primary,META,2024-11-06,5m,65,0,65,0,65,0,65,0
primary,META,2024-11-06,30m,65,0,65,0,65,0,65,0
primary,MSFT,2024-11-06,5m,65,0,65,0,65,0,65,0
primary,MSFT,2024-11-06,30m,65,0,65,0,65,0,65,0
primary,NVDA,2024-11-06,5m,65,0,65,0,65,0,65,0
primary,NVDA,2024-11-06,30m,65,0,65,0,65,0,65,0
primary,TSLA,2024-11-06,5m,65,0,65,0,65,0,65,0
primary,TSLA,2024-11-06,30m,65,0,65,0,65,0,65,0
primary,AAPL,2024-11-07,5m,65,0,65,0,65,0,65,0
primary,AAPL,2024-11-07,30m,65,0,65,0,65,0,65,0
primary,AMZN,2024-11-07,5m,65,0,65,0,65,0,65,0
primary,AMZN,2024-11-07,30m,65,0,65,0,65,0,65,0
primary,META,2024-11-07,5m,65,0,65,0,65,0,65,0
primary,META,2024-11-07,30m,65,0,65,0,65,0,65,0
primary,MSFT,2024-11-07,5m,65,0,65,0,65,0,65,0
primary,MSFT,2024-11-07,30m,65,0,65,0,65,0,65,0
primary,NVDA,2024-11-07,5m,65,0,65,0,65,0,65,0
primary,NVDA,2024-11-07,30m,65,0,65,0,65,0,65,0
primary,TSLA,2024-11-07,5m,65,0,65,0,65,0,65,0
primary,TSLA,2024-11-07,30m,65,0,65,0,65,0,65,0
primary,AAPL,2024-11-08,5m,65,0,65,0,65,0,65,0
primary,AAPL,2024-11-08,30m,65,0,65,0,65,0,65,0
primary,AMZN,2024-11-08,5m,65,0,65,0,65,0,65,0
primary,AMZN,2024-11-08,30m,65,0,65,0,65,0,65,0
primary,META,2024-11-08,5m,65,0,65,0,65,0,65,0
primary,META,2024-11-08,30m,65,0,65,0,65,0,65,0
primary,MSFT,2024-11-08,5m,65,0,65,0,65,0,65,0
primary,MSFT,2024-11-08,30m,65,0,65,0,65,0,65,0
primary,NVDA,2024-11-08,5m,65,0,65,0,65,0,65,0
primary,NVDA,2024-11-08,30m,65,0,65,0,65,0,65,0
primary,TSLA,2024-11-08,5m,65,0,65,0,65,0,65,0
primary,TSLA,2024-11-08,30m,65,0,65,0,65,0,65,0
primary,AAPL,2024-11-11,5m,65,0,65,0,65,0,65,0
primary,AAPL,2024-11-11,30m,65,0,65,0,65,0,65,0
primary,AMZN,2024-11-11,5m,65,0,65,0,65,0,65,0
primary,AMZN,2024-11-11,30m,65,0,65,0,65,0,65,0
primary,META,2024-11-11,5m,65,0,65,0,65,0,65,0
primary,META,2024-11-11,30m,65,0,65,0,65,0,65,0
primary,MSFT,2024-11-11,5m,65,0,65,0,65,0,65,0
primary,MSFT,2024-11-11,30m,65,0,65,0,65,0,65,0
primary,NVDA,2024-11-11,5m,65,0,65,0,65,0,65,0
primary,NVDA,2024-11-11,30m,65,0,65,0,65,0,65,0
primary,TSLA,2024-11-11,5m,65,0,65,0,65,0,65,0
primary,TSLA,2024-11-11,30m,65,0,65,0,65,0,65,0
primary,AAPL,2024-11-12,5m,65,0,65,0,65,0,65,0
primary,AAPL,2024-11-12,30m,65,0,65,0,65,0,65,0
primary,AMZN,2024-11-12,5m,65,0,65,0,65,0,65,0
primary,AMZN,2024-11-12,30m,65,0,65,0,65,0,65,0
primary,META,2024-11-12,5m,65,0,65,0,65,0,65,0
primary,META,2024-11-12,30m,65,0,65,0,65,0,65,0
primary,MSFT,2024-11-12,5m,65,0,65,0,65,0,65,0
primary,MSFT,2024-11-12,30m,65,0,65,0,65,0,65,0
primary,NVDA,2024-11-12,5m,65,0,65,0,65,0,65,0
primary,NVDA,2024-11-12,30m,65,0,65,0,65,0,65,0
primary,TSLA,2024-11-12,5m,65,0,65,0,65,0,65,0
primary,TSLA,2024-11-12,30m,65,0,65,0,65,0,65,0
primary,AAPL,2024-11-13,5m,65,0,65,0,65,0,65,0
primary,AAPL,2024-11-13,30m,65,0,65,0,65,0,65,0
primary,AMZN,2024-11-13,5m,65,0,65,0,65,0,65,0
primary,AMZN,2024-11-13,30m,65,0,65,0,65,0,65,0
primary,META,2024-11-13,5m,65,0,65,0,65,0,65,0
primary,META,2024-11-13,30m,65,0,65,0,65,0,65,0
primary,MSFT,2024-11-13,5m,65,0,65,0,65,0,65,0
primary,MSFT,2024-11-13,30m,65,0,65,0,65,0,65,0
primary,NVDA,2024-11-13,5m,65,0,65,0,65,0,65,0
primary,NVDA,2024-11-13,30m,65,0,65,0,65,0,65,0
primary,TSLA,2024-11-13,5m,65,0,65,0,65,0,65,0
primary,TSLA,2024-11-13,30m,65,0,65,0,65,0,65,0
primary,AAPL,2024-11-14,5m,65,0,65,0,65,0,65,0
primary,AAPL,2024-11-14,30m,65,0,65,0,65,0,65,0
primary,AMZN,2024-11-14,5m,65,0,65,0,65,0,65,0
primary,AMZN,2024-11-14,30m,65,0,65,0,65,0,65,0
primary,META,2024-11-14,5m,65,0,65,0,65,0,65,0
primary,META,2024-11-14,30m,65,0,65,0,65,0,65,0
primary,MSFT,2024-11-14,5m,65,0,65,0,65,0,65,0
primary,MSFT,2024-11-14,30m,65,0,65,0,65,0,65,0
primary,NVDA,2024-11-14,5m,65,0,65,0,65,0,65,0
primary,NVDA,2024-11-14,30m,65,0,65,0,65,0,65,0
primary,TSLA,2024-11-14,5m,65,0,65,0,65,0,65,0
primary,TSLA,2024-11-14,30m,65,0,65,0,65,0,65,0
primary,AAPL,2024-11-15,5m,65,0,65,0,65,0,65,0
primary,AAPL,2024-11-15,30m,65,0,65,0,65,0,65,0
primary,AMZN,2024-11-15,5m,65,0,65,0,65,0,65,0
primary,AMZN,2024-11-15,30m,65,0,65,0,65,0,65,0
primary,META,2024-11-15,5m,65,0,65,0,65,0,65,0
primary,META,2024-11-15,30m,65,0,65,0,65,0,65,0
primary,MSFT,2024-11-15,5m,65,0,65,0,65,0,65,0
primary,MSFT,2024-11-15,30m,65,0,65,0,65,0,65,0
primary,NVDA,2024-11-15,5m,65,0,65,0,65,0,65,0
primary,NVDA,2024-11-15,30m,65,0,65,0,65,0,65,0
primary,TSLA,2024-11-15,5m,65,0,65,0,65,0,65,0
primary,TSLA,2024-11-15,30m,65,0,65,0,65,0,65,0
primary,AAPL,2024-11-18,5m,65,0,65,0,65,0,65,0
primary,AAPL,2024-11-18,30m,65,0,65,0,65,0,65,0
primary,AMZN,2024-11-18,5m,65,0,65,0,65,0,65,0
primary,AMZN,2024-11-18,30m,65,0,65,0,65,0,65,0
primary,META,2024-11-18,5m,65,0,65,0,65,0,65,0
primary,META,2024-11-18,30m,65,0,65,0,65,0,65,0
primary,MSFT,2024-11-18,5m,65,0,65,0,65,0,65,0
primary,MSFT,2024-11-18,30m,65,0,65,0,65,0,65,0
primary,NVDA,2024-11-18,5m,65,0,65,0,65,0,65,0
primary,NVDA,2024-11-18,30m,65,0,65,0,65,0,65,0
primary,TSLA,2024-11-18,5m,65,0,65,0,65,0,65,0
primary,TSLA,2024-11-18,30m,65,0,65,0,65,0,65,0
primary,AAPL,2024-11-19,5m,65,0,65,0,65,0,65,0
primary,AAPL,2024-11-19,30m,65,0,65,0,65,0,65,0
primary,AMZN,2024-11-19,5m,65,0,65,0,65,0,65,0
primary,AMZN,2024-11-19,30m,65,0,65,0,65,0,65,0
primary,META,2024-11-19,5m,65,0,65,0,65,0,65,0
primary,META,2024-11-19,30m,65,0,65,0,65,0,65,0
primary,MSFT,2024-11-19,5m,65,0,65,0,65,0,65,0
primary,MSFT,2024-11-19,30m,65,0,65,0,65,0,65,0
primary,NVDA,2024-11-19,5m,65,0,65,0,65,0,65,0
primary,NVDA,2024-11-19,30m,65,0,65,0,65,0,65,0
primary,TSLA,2024-11-19,5m,65,0,65,0,65,0,65,0
primary,TSLA,2024-11-19,30m,65,0,65,0,65,0,65,0
primary,AAPL,2024-11-20,5m,65,0,65,0,65,0,65,0
primary,AAPL,2024-11-20,30m,65,0,65,0,65,0,65,0
primary,AMZN,2024-11-20,5m,65,0,65,0,65,0,65,0
primary,AMZN,2024-11-20,30m,65,0,65,0,65,0,65,0
primary,META,2024-11-20,5m,65,0,65,0,65,0,65,0
primary,META,2024-11-20,30m,65,0,65,0,65,0,65,0
primary,MSFT,2024-11-20,5m,65,0,65,0,65,0,65,0
primary,MSFT,2024-11-20,30m,65,0,65,0,65,0,65,0
primary,NVDA,2024-11-20,5m,65,0,65,0,65,0,65,0
primary,NVDA,2024-11-20,30m,65,0,65,0,65,0,65,0
primary,TSLA,2024-11-20,5m,65,0,65,0,65,0,65,0
primary,TSLA,2024-11-20,30m,65,0,65,0,65,0,65,0
primary,AAPL,2024-11-21,5m,65,0,65,0,65,0,65,0
primary,AAPL,2024-11-21,30m,65,0,65,0,65,0,65,0
primary,AMZN,2024-11-21,5m,65,0,65,0,65,0,65,0
primary,AMZN,2024-11-21,30m,65,0,65,0,65,0,65,0
primary,META,2024-11-21,5m,65,0,65,0,65,0,65,0
primary,META,2024-11-21,30m,65,0,65,0,65,0,65,0
primary,MSFT,2024-11-21,5m,65,0,65,0,65,0,65,0
primary,MSFT,2024-11-21,30m,65,0,65,0,65,0,65,0
primary,NVDA,2024-11-21,5m,65,0,65,0,65,0,65,0
primary,NVDA,2024-11-21,30m,65,0,65,0,65,0,65,0
primary,TSLA,2024-11-21,5m,65,0,65,0,65,0,65,0
primary,TSLA,2024-11-21,30m,65,0,65,0,65,0,65,0
primary,AAPL,2024-11-22,5m,65,0,65,0,65,0,65,0
primary,AAPL,2024-11-22,30m,65,0,65,0,65,0,65,0
primary,AMZN,2024-11-22,5m,65,0,65,0,65,0,65,0
primary,AMZN,2024-11-22,30m,65,0,65,0,65,0,65,0
primary,META,2024-11-22,5m,65,0,65,0,65,0,65,0
primary,META,2024-11-22,30m,65,0,65,0,65,0,65,0
primary,MSFT,2024-11-22,5m,65,0,65,0,65,0,65,0
primary,MSFT,2024-11-22,30m,65,0,65,0,65,0,65,0
primary,NVDA,2024-11-22,5m,65,0,65,0,65,0,65,0
primary,NVDA,2024-11-22,30m,65,0,65,0,65,0,65,0
primary,TSLA,2024-11-22,5m,65,0,65,0,65,0,65,0
primary,TSLA,2024-11-22,30m,65,0,65,0,65,0,65,0
primary,AAPL,2024-11-25,5m,65,0,65,0,65,0,65,0
primary,AAPL,2024-11-25,30m,65,0,65,0,65,0,65,0
primary,AMZN,2024-11-25,5m,65,0,65,0,65,0,65,0
primary,AMZN,2024-11-25,30m,65,0,65,0,65,0,65,0
primary,META,2024-11-25,5m,65,0,65,0,65,0,65,0
primary,META,2024-11-25,30m,65,0,65,0,65,0,65,0
primary,MSFT,2024-11-25,5m,65,0,65,0,65,0,65,0
primary,MSFT,2024-11-25,30m,65,0,65,0,65,0,65,0
primary,NVDA,2024-11-25,5m,65,0,65,0,65,0,65,0
primary,NVDA,2024-11-25,30m,65,0,65,0,65,0,65,0
primary,TSLA,2024-11-25,5m,65,0,65,0,65,0,65,0
primary,TSLA,2024-11-25,30m,65,0,65,0,65,0,65,0
primary,AAPL,2024-11-26,5m,65,0,65,0,65,0,65,0
primary,AAPL,2024-11-26,30m,65,0,65,0,65,0,65,0
primary,AMZN,2024-11-26,5m,65,0,65,0,65,0,65,0
primary,AMZN,2024-11-26,30m,65,0,65,0,65,0,65,0
primary,META,2024-11-26,5m,65,0,65,0,65,0,65,0
primary,META,2024-11-26,30m,65,0,65,0,65,0,65,0
primary,MSFT,2024-11-26,5m,65,0,65,0,65,0,65,0
primary,MSFT,2024-11-26,30m,65,0,65,0,65,0,65,0
primary,NVDA,2024-11-26,5m,65,0,65,0,65,0,65,0
primary,NVDA,2024-11-26,30m,65,0,65,0,65,0,65,0
primary,TSLA,2024-11-26,5m,65,0,65,0,65,0,65,0
primary,TSLA,2024-11-26,30m,65,0,65,0,65,0,65,0
primary,AAPL,2024-11-27,5m,65,0,65,0,65,0,65,0
primary,AAPL,2024-11-27,30m,65,0,65,0,65,0,65,0
primary,AMZN,2024-11-27,5m,65,0,65,0,65,0,65,0
primary,AMZN,2024-11-27,30m,65,0,65,0,65,0,65,0
primary,META,2024-11-27,5m,65,0,65,0,65,0,65,0
primary,META,2024-11-27,30m,65,0,65,0,65,0,65,0
primary,MSFT,2024-11-27,5m,65,0,65,0,65,0,65,0
primary,MSFT,2024-11-27,30m,65,0,65,0,65,0,65,0
primary,NVDA,2024-11-27,5m,65,0,65,0,65,0,65,0
primary,NVDA,2024-11-27,30m,65,0,65,0,65,0,65,0
primary,TSLA,2024-11-27,5m,65,0,65,0,65,0,65,0
primary,TSLA,2024-11-27,30m,65,0,65,0,65,0,65,0
primary,AAPL,2024-11-29,5m,29,0,29,0,29,0,29,0
primary,AAPL,2024-11-29,30m,29,0,29,0,29,0,29,0
primary,AMZN,2024-11-29,5m,29,0,29,0,29,0,29,0
primary,AMZN,2024-11-29,30m,29,0,29,0,29,0,29,0
primary,META,2024-11-29,5m,29,0,29,0,29,0,29,0
primary,META,2024-11-29,30m,29,0,29,0,29,0,29,0
primary,MSFT,2024-11-29,5m,29,0,29,0,29,0,29,0
primary,MSFT,2024-11-29,30m,29,0,29,0,29,0,29,0
primary,NVDA,2024-11-29,5m,29,0,29,0,29,0,29,0
primary,NVDA,2024-11-29,30m,29,0,29,0,29,0,29,0
primary,TSLA,2024-11-29,5m,29,0,29,0,29,0,29,0
primary,TSLA,2024-11-29,30m,29,0,29,0,29,0,29,0
primary,AAPL,2024-12-02,5m,65,0,65,0,65,0,65,0
primary,AAPL,2024-12-02,30m,65,0,65,0,65,0,65,0
primary,AMZN,2024-12-02,5m,65,0,65,0,65,0,65,0
primary,AMZN,2024-12-02,30m,65,0,65,0,65,0,65,0
primary,META,2024-12-02,5m,65,0,65,0,65,0,65,0
primary,META,2024-12-02,30m,65,0,65,0,65,0,65,0
primary,MSFT,2024-12-02,5m,65,0,65,0,65,0,65,0
primary,MSFT,2024-12-02,30m,65,0,65,0,65,0,65,0
primary,NVDA,2024-12-02,5m,65,0,65,0,65,0,65,0
primary,NVDA,2024-12-02,30m,65,0,65,0,65,0,65,0
primary,TSLA,2024-12-02,5m,65,0,65,0,65,0,65,0
primary,TSLA,2024-12-02,30m,65,0,65,0,65,0,65,0
primary,AAPL,2024-12-03,5m,65,0,65,0,65,0,65,0
primary,AAPL,2024-12-03,30m,65,0,65,0,65,0,65,0
primary,AMZN,2024-12-03,5m,65,0,65,0,65,0,65,0
primary,AMZN,2024-12-03,30m,65,0,65,0,65,0,65,0
primary,META,2024-12-03,5m,65,0,65,0,65,0,65,0
primary,META,2024-12-03,30m,65,0,65,0,65,0,65,0
primary,MSFT,2024-12-03,5m,65,0,65,0,65,0,65,0
primary,MSFT,2024-12-03,30m,65,0,65,0,65,0,65,0
primary,NVDA,2024-12-03,5m,65,0,65,0,65,0,65,0
primary,NVDA,2024-12-03,30m,65,0,65,0,65,0,65,0
primary,TSLA,2024-12-03,5m,65,0,65,0,65,0,65,0
primary,TSLA,2024-12-03,30m,65,0,65,0,65,0,65,0
primary,AAPL,2024-12-04,5m,65,0,65,0,65,0,65,0
primary,AAPL,2024-12-04,30m,65,0,65,0,65,0,65,0
primary,AMZN,2024-12-04,5m,65,0,65,0,65,0,65,0
primary,AMZN,2024-12-04,30m,65,0,65,0,65,0,65,0
primary,META,2024-12-04,5m,65,0,65,0,65,0,65,0
primary,META,2024-12-04,30m,65,0,65,0,65,0,65,0
primary,MSFT,2024-12-04,5m,65,0,65,0,65,0,65,0
primary,MSFT,2024-12-04,30m,65,0,65,0,65,0,65,0
primary,NVDA,2024-12-04,5m,65,0,65,0,65,0,65,0
primary,NVDA,2024-12-04,30m,65,0,65,0,65,0,65,0
primary,TSLA,2024-12-04,5m,65,0,65,0,65,0,65,0
primary,TSLA,2024-12-04,30m,65,0,65,0,65,0,65,0
primary,AAPL,2024-12-05,5m,65,0,65,0,65,0,65,0
primary,AAPL,2024-12-05,30m,65,0,65,0,65,0,65,0
primary,AMZN,2024-12-05,5m,65,0,65,0,65,0,65,0
primary,AMZN,2024-12-05,30m,65,0,65,0,65,0,65,0
primary,META,2024-12-05,5m,65,0,65,0,65,0,65,0
primary,META,2024-12-05,30m,65,0,65,0,65,0,65,0
primary,MSFT,2024-12-05,5m,65,0,65,0,65,0,65,0
primary,MSFT,2024-12-05,30m,65,0,65,0,65,0,65,0
primary,NVDA,2024-12-05,5m,65,0,65,0,65,0,65,0
primary,NVDA,2024-12-05,30m,65,0,65,0,65,0,65,0
primary,TSLA,2024-12-05,5m,65,0,65,0,65,0,65,0
primary,TSLA,2024-12-05,30m,65,0,65,0,65,0,65,0
primary,AAPL,2024-12-06,5m,65,0,65,0,65,0,65,0
primary,AAPL,2024-12-06,30m,65,0,65,0,65,0,65,0
primary,AMZN,2024-12-06,5m,65,0,65,0,65,0,65,0
primary,AMZN,2024-12-06,30m,65,0,65,0,65,0,65,0
primary,META,2024-12-06,5m,65,0,65,0,65,0,65,0
primary,META,2024-12-06,30m,65,0,65,0,65,0,65,0
primary,MSFT,2024-12-06,5m,65,0,65,0,65,0,65,0
primary,MSFT,2024-12-06,30m,65,0,65,0,65,0,65,0
primary,NVDA,2024-12-06,5m,65,0,65,0,65,0,65,0
primary,NVDA,2024-12-06,30m,65,0,65,0,65,0,65,0
primary,TSLA,2024-12-06,5m,65,0,65,0,65,0,65,0
primary,TSLA,2024-12-06,30m,65,0,65,0,65,0,65,0
primary,AAPL,2024-12-09,5m,65,0,65,0,65,0,65,0
primary,AAPL,2024-12-09,30m,65,0,65,0,65,0,65,0
primary,AMZN,2024-12-09,5m,65,0,65,0,65,0,65,0
primary,AMZN,2024-12-09,30m,65,0,65,0,65,0,65,0
primary,META,2024-12-09,5m,65,0,65,0,65,0,65,0
primary,META,2024-12-09,30m,65,0,65,0,65,0,65,0
primary,MSFT,2024-12-09,5m,65,0,65,0,65,0,65,0
primary,MSFT,2024-12-09,30m,65,0,65,0,65,0,65,0
primary,NVDA,2024-12-09,5m,65,0,65,0,65,0,65,0
primary,NVDA,2024-12-09,30m,65,0,65,0,65,0,65,0
primary,TSLA,2024-12-09,5m,65,0,65,0,65,0,65,0
primary,TSLA,2024-12-09,30m,65,0,65,0,65,0,65,0
primary,AAPL,2024-12-10,5m,65,0,65,0,65,0,65,0
primary,AAPL,2024-12-10,30m,65,0,65,0,65,0,65,0
primary,AMZN,2024-12-10,5m,65,0,65,0,65,0,65,0
primary,AMZN,2024-12-10,30m,65,0,65,0,65,0,65,0
primary,META,2024-12-10,5m,65,0,65,0,65,0,65,0
primary,META,2024-12-10,30m,65,0,65,0,65,0,65,0
primary,MSFT,2024-12-10,5m,65,0,65,0,65,0,65,0
primary,MSFT,2024-12-10,30m,65,0,65,0,65,0,65,0
primary,NVDA,2024-12-10,5m,65,0,65,0,65,0,65,0
primary,NVDA,2024-12-10,30m,65,0,65,0,65,0,65,0
primary,TSLA,2024-12-10,5m,65,0,65,0,65,0,65,0
primary,TSLA,2024-12-10,30m,65,0,65,0,65,0,65,0
primary,AAPL,2024-12-11,5m,65,0,65,0,65,0,65,0
primary,AAPL,2024-12-11,30m,65,0,65,0,65,0,65,0
primary,AMZN,2024-12-11,5m,65,0,65,0,65,0,65,0
primary,AMZN,2024-12-11,30m,65,0,65,0,65,0,65,0
primary,META,2024-12-11,5m,65,0,65,0,65,0,65,0
primary,META,2024-12-11,30m,65,0,65,0,65,0,65,0
primary,MSFT,2024-12-11,5m,65,0,65,0,65,0,65,0
primary,MSFT,2024-12-11,30m,65,0,65,0,65,0,65,0
primary,NVDA,2024-12-11,5m,65,0,65,0,65,0,65,0
primary,NVDA,2024-12-11,30m,65,0,65,0,65,0,65,0
primary,TSLA,2024-12-11,5m,65,0,65,0,65,0,65,0
primary,TSLA,2024-12-11,30m,65,0,65,0,65,0,65,0
primary,AAPL,2024-12-12,5m,65,0,65,0,65,0,65,0
primary,AAPL,2024-12-12,30m,65,0,65,0,65,0,65,0
primary,AMZN,2024-12-12,5m,65,0,65,0,65,0,65,0
primary,AMZN,2024-12-12,30m,65,0,65,0,65,0,65,0
primary,META,2024-12-12,5m,65,0,65,0,65,0,65,0
primary,META,2024-12-12,30m,65,0,65,0,65,0,65,0
primary,MSFT,2024-12-12,5m,65,0,65,0,65,0,65,0
primary,MSFT,2024-12-12,30m,65,0,65,0,65,0,65,0
primary,NVDA,2024-12-12,5m,65,0,65,0,65,0,65,0
primary,NVDA,2024-12-12,30m,65,0,65,0,65,0,65,0
primary,TSLA,2024-12-12,5m,65,0,65,0,65,0,65,0
primary,TSLA,2024-12-12,30m,65,0,65,0,65,0,65,0
primary,AAPL,2024-12-13,5m,65,0,65,0,65,0,65,0
primary,AAPL,2024-12-13,30m,65,0,65,0,65,0,65,0
primary,AMZN,2024-12-13,5m,65,0,65,0,65,0,65,0
primary,AMZN,2024-12-13,30m,65,0,65,0,65,0,65,0
primary,META,2024-12-13,5m,65,0,65,0,65,0,65,0
primary,META,2024-12-13,30m,65,0,65,0,65,0,65,0
primary,MSFT,2024-12-13,5m,65,0,65,0,65,0,65,0
primary,MSFT,2024-12-13,30m,65,0,65,0,65,0,65,0
primary,NVDA,2024-12-13,5m,65,0,65,0,65,0,65,0
primary,NVDA,2024-12-13,30m,65,0,65,0,65,0,65,0
primary,TSLA,2024-12-13,5m,65,0,65,0,65,0,65,0
primary,TSLA,2024-12-13,30m,65,0,65,0,65,0,65,0
primary,AAPL,2024-12-16,5m,65,0,65,0,65,0,65,0
primary,AAPL,2024-12-16,30m,65,0,65,0,65,0,65,0
primary,AMZN,2024-12-16,5m,65,0,65,0,65,0,65,0
primary,AMZN,2024-12-16,30m,65,0,65,0,65,0,65,0
primary,META,2024-12-16,5m,65,0,65,0,65,0,65,0
primary,META,2024-12-16,30m,65,0,65,0,65,0,65,0
primary,MSFT,2024-12-16,5m,65,0,65,0,65,0,65,0
primary,MSFT,2024-12-16,30m,65,0,65,0,65,0,65,0
primary,NVDA,2024-12-16,5m,65,0,65,0,65,0,65,0
primary,NVDA,2024-12-16,30m,65,0,65,0,65,0,65,0
primary,TSLA,2024-12-16,5m,65,0,65,0,65,0,65,0
primary,TSLA,2024-12-16,30m,65,0,65,0,65,0,65,0
primary,AAPL,2024-12-17,5m,65,0,65,0,65,0,65,0
primary,AAPL,2024-12-17,30m,65,0,65,0,65,0,65,0
primary,AMZN,2024-12-17,5m,65,0,65,0,65,0,65,0
primary,AMZN,2024-12-17,30m,65,0,65,0,65,0,65,0
primary,META,2024-12-17,5m,65,0,65,0,65,0,65,0
primary,META,2024-12-17,30m,65,0,65,0,65,0,65,0
primary,MSFT,2024-12-17,5m,65,0,65,0,65,0,65,0
primary,MSFT,2024-12-17,30m,65,0,65,0,65,0,65,0
primary,NVDA,2024-12-17,5m,65,0,65,0,65,0,65,0
primary,NVDA,2024-12-17,30m,65,0,65,0,65,0,65,0
primary,TSLA,2024-12-17,5m,65,0,65,0,65,0,65,0
primary,TSLA,2024-12-17,30m,65,0,65,0,65,0,65,0
primary,AAPL,2024-12-18,5m,65,0,65,0,65,0,65,0
primary,AAPL,2024-12-18,30m,65,0,65,0,65,0,65,0
primary,AMZN,2024-12-18,5m,65,0,65,0,65,0,65,0
primary,AMZN,2024-12-18,30m,65,0,65,0,65,0,65,0
primary,META,2024-12-18,5m,65,0,65,0,65,0,65,0
primary,META,2024-12-18,30m,65,0,65,0,65,0,65,0
primary,MSFT,2024-12-18,5m,65,0,65,0,65,0,65,0
primary,MSFT,2024-12-18,30m,65,0,65,0,65,0,65,0
primary,NVDA,2024-12-18,5m,65,0,65,0,65,0,65,0
primary,NVDA,2024-12-18,30m,65,0,65,0,65,0,65,0
primary,TSLA,2024-12-18,5m,65,0,65,0,65,0,65,0
primary,TSLA,2024-12-18,30m,65,0,65,0,65,0,65,0
primary,AAPL,2024-12-19,5m,65,0,65,0,65,0,65,0
primary,AAPL,2024-12-19,30m,65,0,65,0,65,0,65,0
primary,AMZN,2024-12-19,5m,65,0,65,0,65,0,65,0
primary,AMZN,2024-12-19,30m,65,0,65,0,65,0,65,0
primary,META,2024-12-19,5m,65,0,65,0,65,0,65,0
primary,META,2024-12-19,30m,65,0,65,0,65,0,65,0
primary,MSFT,2024-12-19,5m,65,0,65,0,65,0,65,0
primary,MSFT,2024-12-19,30m,65,0,65,0,65,0,65,0
primary,NVDA,2024-12-19,5m,65,0,65,0,65,0,65,0
primary,NVDA,2024-12-19,30m,65,0,65,0,65,0,65,0
primary,TSLA,2024-12-19,5m,65,0,65,0,65,0,65,0
primary,TSLA,2024-12-19,30m,65,0,65,0,65,0,65,0
primary,AAPL,2024-12-20,5m,65,0,65,0,65,0,65,0
primary,AAPL,2024-12-20,30m,65,0,65,0,65,0,65,0
primary,AMZN,2024-12-20,5m,65,0,65,0,65,0,65,0
primary,AMZN,2024-12-20,30m,65,0,65,0,65,0,65,0
primary,META,2024-12-20,5m,65,0,65,0,65,0,65,0
primary,META,2024-12-20,30m,65,0,65,0,65,0,65,0
primary,MSFT,2024-12-20,5m,65,0,65,0,65,0,65,0
primary,MSFT,2024-12-20,30m,65,0,65,0,65,0,65,0
primary,NVDA,2024-12-20,5m,65,0,65,0,65,0,65,0
primary,NVDA,2024-12-20,30m,65,0,65,0,65,0,65,0
primary,TSLA,2024-12-20,5m,65,0,65,0,65,0,65,0
primary,TSLA,2024-12-20,30m,65,0,65,0,65,0,65,0
primary,AAPL,2024-12-23,5m,65,0,65,0,65,0,65,0
primary,AAPL,2024-12-23,30m,65,0,65,0,65,0,65,0
primary,AMZN,2024-12-23,5m,65,0,65,0,65,0,65,0
primary,AMZN,2024-12-23,30m,65,0,65,0,65,0,65,0
primary,META,2024-12-23,5m,65,0,65,0,65,0,65,0
primary,META,2024-12-23,30m,65,0,65,0,65,0,65,0
primary,MSFT,2024-12-23,5m,65,0,65,0,65,0,65,0
primary,MSFT,2024-12-23,30m,65,0,65,0,65,0,65,0
primary,NVDA,2024-12-23,5m,65,0,65,0,65,0,65,0
primary,NVDA,2024-12-23,30m,65,0,65,0,65,0,65,0
primary,TSLA,2024-12-23,5m,65,0,65,0,65,0,65,0
primary,TSLA,2024-12-23,30m,65,0,65,0,65,0,65,0
primary,AAPL,2024-12-24,5m,29,0,29,0,29,0,29,0
primary,AAPL,2024-12-24,30m,29,0,29,0,29,0,29,0
primary,AMZN,2024-12-24,5m,29,0,29,0,29,0,29,0
primary,AMZN,2024-12-24,30m,29,0,29,0,29,0,29,0
primary,META,2024-12-24,5m,29,0,29,0,29,0,29,0
primary,META,2024-12-24,30m,29,0,29,0,29,0,29,0
primary,MSFT,2024-12-24,5m,29,0,29,0,29,0,29,0
primary,MSFT,2024-12-24,30m,29,0,29,0,29,0,29,0
primary,NVDA,2024-12-24,5m,29,0,29,0,29,0,29,0
primary,NVDA,2024-12-24,30m,29,0,29,0,29,0,29,0
primary,TSLA,2024-12-24,5m,29,0,29,0,29,0,29,0
primary,TSLA,2024-12-24,30m,29,0,29,0,29,0,29,0
primary,AAPL,2024-12-26,5m,65,0,65,0,65,0,65,0
primary,AAPL,2024-12-26,30m,65,0,65,0,65,0,65,0
primary,AMZN,2024-12-26,5m,65,0,65,0,65,0,65,0
primary,AMZN,2024-12-26,30m,65,0,65,0,65,0,65,0
primary,META,2024-12-26,5m,65,0,65,0,65,0,65,0
primary,META,2024-12-26,30m,65,0,65,0,65,0,65,0
primary,MSFT,2024-12-26,5m,65,0,65,0,65,0,65,0
primary,MSFT,2024-12-26,30m,65,0,65,0,65,0,65,0
primary,NVDA,2024-12-26,5m,65,0,65,0,65,0,65,0
primary,NVDA,2024-12-26,30m,65,0,65,0,65,0,65,0
primary,TSLA,2024-12-26,5m,65,0,65,0,65,0,65,0
primary,TSLA,2024-12-26,30m,65,0,65,0,65,0,65,0
primary,AAPL,2024-12-27,5m,65,0,65,0,65,0,65,0
primary,AAPL,2024-12-27,30m,65,0,65,0,65,0,65,0
primary,AMZN,2024-12-27,5m,65,0,65,0,65,0,65,0
primary,AMZN,2024-12-27,30m,65,0,65,0,65,0,65,0
primary,META,2024-12-27,5m,65,0,65,0,65,0,65,0
primary,META,2024-12-27,30m,65,0,65,0,65,0,65,0
primary,MSFT,2024-12-27,5m,65,0,65,0,65,0,65,0
primary,MSFT,2024-12-27,30m,65,0,65,0,65,0,65,0
primary,NVDA,2024-12-27,5m,65,0,65,0,65,0,65,0
primary,NVDA,2024-12-27,30m,65,0,65,0,65,0,65,0
primary,TSLA,2024-12-27,5m,65,0,65,0,65,0,65,0
primary,TSLA,2024-12-27,30m,65,0,65,0,65,0,65,0
primary,AAPL,2024-12-30,5m,65,0,65,0,65,0,65,0
primary,AAPL,2024-12-30,30m,65,0,65,0,65,0,65,0
primary,AMZN,2024-12-30,5m,65,0,65,0,65,0,65,0
primary,AMZN,2024-12-30,30m,65,0,65,0,65,0,65,0
primary,META,2024-12-30,5m,65,0,65,0,65,0,65,0
primary,META,2024-12-30,30m,65,0,65,0,65,0,65,0
primary,MSFT,2024-12-30,5m,65,0,65,0,65,0,65,0
primary,MSFT,2024-12-30,30m,65,0,65,0,65,0,65,0
primary,NVDA,2024-12-30,5m,65,0,65,0,65,0,65,0
primary,NVDA,2024-12-30,30m,65,0,65,0,65,0,65,0
primary,TSLA,2024-12-30,5m,65,0,65,0,65,0,65,0
primary,TSLA,2024-12-30,30m,65,0,65,0,65,0,65,0
primary,AAPL,2024-12-31,5m,65,0,65,0,65,0,65,0
primary,AAPL,2024-12-31,30m,65,0,65,0,65,0,65,0
primary,AMZN,2024-12-31,5m,65,0,65,0,65,0,65,0
primary,AMZN,2024-12-31,30m,65,0,65,0,65,0,65,0
primary,META,2024-12-31,5m,65,0,65,0,65,0,65,0
primary,META,2024-12-31,30m,65,0,65,0,65,0,65,0
primary,MSFT,2024-12-31,5m,65,0,65,0,65,0,65,0
primary,MSFT,2024-12-31,30m,65,0,65,0,65,0,65,0
primary,NVDA,2024-12-31,5m,65,0,65,0,65,0,65,0
primary,NVDA,2024-12-31,30m,65,0,65,0,65,0,65,0
primary,TSLA,2024-12-31,5m,65,0,65,0,65,0,65,0
primary,TSLA,2024-12-31,30m,65,0,65,0,65,0,65,0
primary,AAPL,2025-01-02,5m,65,0,65,0,65,0,65,0
primary,AAPL,2025-01-02,30m,65,0,65,0,65,0,65,0
primary,AMZN,2025-01-02,5m,65,0,65,0,65,0,65,0
primary,AMZN,2025-01-02,30m,65,0,65,0,65,0,65,0
primary,META,2025-01-02,5m,65,0,65,0,65,0,65,0
primary,META,2025-01-02,30m,65,0,65,0,65,0,65,0
primary,MSFT,2025-01-02,5m,65,0,65,0,65,0,65,0
primary,MSFT,2025-01-02,30m,65,0,65,0,65,0,65,0
primary,NVDA,2025-01-02,5m,65,0,65,0,65,0,65,0
primary,NVDA,2025-01-02,30m,65,0,65,0,65,0,65,0
primary,TSLA,2025-01-02,5m,65,0,65,0,65,0,65,0
primary,TSLA,2025-01-02,30m,65,0,65,0,65,0,65,0
primary,AAPL,2025-01-03,5m,65,0,65,0,65,0,65,0
primary,AAPL,2025-01-03,30m,65,0,65,0,65,0,65,0
primary,AMZN,2025-01-03,5m,65,0,65,0,65,0,65,0
primary,AMZN,2025-01-03,30m,65,0,65,0,65,0,65,0
primary,META,2025-01-03,5m,65,0,65,0,65,0,65,0
primary,META,2025-01-03,30m,65,0,65,0,65,0,65,0
primary,MSFT,2025-01-03,5m,65,0,65,0,65,0,65,0
primary,MSFT,2025-01-03,30m,65,0,65,0,65,0,65,0
primary,NVDA,2025-01-03,5m,65,0,65,0,65,0,65,0
primary,NVDA,2025-01-03,30m,65,0,65,0,65,0,65,0
primary,TSLA,2025-01-03,5m,65,0,65,0,65,0,65,0
primary,TSLA,2025-01-03,30m,65,0,65,0,65,0,65,0
primary,AAPL,2025-01-06,5m,65,0,65,0,65,0,65,0
primary,AAPL,2025-01-06,30m,65,0,65,0,65,0,65,0
primary,AMZN,2025-01-06,5m,65,0,65,0,65,0,65,0
primary,AMZN,2025-01-06,30m,65,0,65,0,65,0,65,0
primary,META,2025-01-06,5m,65,0,65,0,65,0,65,0
primary,META,2025-01-06,30m,65,0,65,0,65,0,65,0
primary,MSFT,2025-01-06,5m,65,0,65,0,65,0,65,0
primary,MSFT,2025-01-06,30m,65,0,65,0,65,0,65,0
primary,NVDA,2025-01-06,5m,65,0,65,0,65,0,65,0
primary,NVDA,2025-01-06,30m,65,0,65,0,65,0,65,0
primary,TSLA,2025-01-06,5m,65,0,65,0,65,0,65,0
primary,TSLA,2025-01-06,30m,65,0,65,0,65,0,65,0
primary,AAPL,2025-01-07,5m,65,0,65,0,65,0,65,0
primary,AAPL,2025-01-07,30m,65,0,65,0,65,0,65,0
primary,AMZN,2025-01-07,5m,65,0,65,0,65,0,65,0
primary,AMZN,2025-01-07,30m,65,0,65,0,65,0,65,0
primary,META,2025-01-07,5m,65,0,65,0,65,0,65,0
primary,META,2025-01-07,30m,65,0,65,0,65,0,65,0
primary,MSFT,2025-01-07,5m,65,0,65,0,65,0,65,0
primary,MSFT,2025-01-07,30m,65,0,65,0,65,0,65,0
primary,NVDA,2025-01-07,5m,65,0,65,0,65,0,65,0
primary,NVDA,2025-01-07,30m,65,0,65,0,65,0,65,0
primary,TSLA,2025-01-07,5m,65,0,65,0,65,0,65,0
primary,TSLA,2025-01-07,30m,65,0,65,0,65,0,65,0
primary,AAPL,2025-01-08,5m,65,0,65,0,65,0,65,0
primary,AAPL,2025-01-08,30m,65,0,65,0,65,0,65,0
primary,AMZN,2025-01-08,5m,65,0,65,0,65,0,65,0
primary,AMZN,2025-01-08,30m,65,0,65,0,65,0,65,0
primary,META,2025-01-08,5m,65,0,65,0,65,0,65,0
primary,META,2025-01-08,30m,65,0,65,0,65,0,65,0
primary,MSFT,2025-01-08,5m,65,0,65,0,65,0,65,0
primary,MSFT,2025-01-08,30m,65,0,65,0,65,0,65,0
primary,NVDA,2025-01-08,5m,65,0,65,0,65,0,65,0
primary,NVDA,2025-01-08,30m,65,0,65,0,65,0,65,0
primary,TSLA,2025-01-08,5m,65,0,65,0,65,0,65,0
primary,TSLA,2025-01-08,30m,65,0,65,0,65,0,65,0
primary,AAPL,2025-01-10,5m,65,0,65,0,65,0,65,0
primary,AAPL,2025-01-10,30m,65,0,65,0,65,0,65,0
primary,AMZN,2025-01-10,5m,65,0,65,0,65,0,65,0
primary,AMZN,2025-01-10,30m,65,0,65,0,65,0,65,0
primary,META,2025-01-10,5m,65,0,65,0,65,0,65,0
primary,META,2025-01-10,30m,65,0,65,0,65,0,65,0
primary,MSFT,2025-01-10,5m,65,0,65,0,65,0,65,0
primary,MSFT,2025-01-10,30m,65,0,65,0,65,0,65,0
primary,NVDA,2025-01-10,5m,65,0,65,0,65,0,65,0
primary,NVDA,2025-01-10,30m,65,0,65,0,65,0,65,0
primary,TSLA,2025-01-10,5m,65,0,65,0,65,0,65,0
primary,TSLA,2025-01-10,30m,65,0,65,0,65,0,65,0
primary,AAPL,2025-01-13,5m,65,0,65,0,65,0,65,0
primary,AAPL,2025-01-13,30m,65,0,65,0,65,0,65,0
primary,AMZN,2025-01-13,5m,65,0,65,0,65,0,65,0
primary,AMZN,2025-01-13,30m,65,0,65,0,65,0,65,0
primary,META,2025-01-13,5m,65,0,65,0,65,0,65,0
primary,META,2025-01-13,30m,65,0,65,0,65,0,65,0
primary,MSFT,2025-01-13,5m,65,0,65,0,65,0,65,0
primary,MSFT,2025-01-13,30m,65,0,65,0,65,0,65,0
primary,NVDA,2025-01-13,5m,65,0,65,0,65,0,65,0
primary,NVDA,2025-01-13,30m,65,0,65,0,65,0,65,0
primary,TSLA,2025-01-13,5m,65,0,65,0,65,0,65,0
primary,TSLA,2025-01-13,30m,65,0,65,0,65,0,65,0
primary,AAPL,2025-01-14,5m,65,0,65,0,65,0,65,0
primary,AAPL,2025-01-14,30m,65,0,65,0,65,0,65,0
primary,AMZN,2025-01-14,5m,65,0,65,0,65,0,65,0
primary,AMZN,2025-01-14,30m,65,0,65,0,65,0,65,0
primary,META,2025-01-14,5m,65,0,65,0,65,0,65,0
primary,META,2025-01-14,30m,65,0,65,0,65,0,65,0
primary,MSFT,2025-01-14,5m,65,0,65,0,65,0,65,0
primary,MSFT,2025-01-14,30m,65,0,65,0,65,0,65,0
primary,NVDA,2025-01-14,5m,65,0,65,0,65,0,65,0
primary,NVDA,2025-01-14,30m,65,0,65,0,65,0,65,0
primary,TSLA,2025-01-14,5m,65,0,65,0,65,0,65,0
primary,TSLA,2025-01-14,30m,65,0,65,0,65,0,65,0
primary,AAPL,2025-01-15,5m,65,0,65,0,65,0,65,0
primary,AAPL,2025-01-15,30m,65,0,65,0,65,0,65,0
primary,AMZN,2025-01-15,5m,65,0,65,0,65,0,65,0
primary,AMZN,2025-01-15,30m,65,0,65,0,65,0,65,0
primary,META,2025-01-15,5m,65,0,65,0,65,0,65,0
primary,META,2025-01-15,30m,65,0,65,0,65,0,65,0
primary,MSFT,2025-01-15,5m,65,0,65,0,65,0,65,0
primary,MSFT,2025-01-15,30m,65,0,65,0,65,0,65,0
primary,NVDA,2025-01-15,5m,65,0,65,0,65,0,65,0
primary,NVDA,2025-01-15,30m,65,0,65,0,65,0,65,0
primary,TSLA,2025-01-15,5m,65,0,65,0,65,0,65,0
primary,TSLA,2025-01-15,30m,65,0,65,0,65,0,65,0
primary,AAPL,2025-01-16,5m,65,0,65,0,65,0,65,0
primary,AAPL,2025-01-16,30m,65,0,65,0,65,0,65,0
primary,AMZN,2025-01-16,5m,65,0,65,0,65,0,65,0
primary,AMZN,2025-01-16,30m,65,0,65,0,65,0,65,0
primary,META,2025-01-16,5m,65,0,65,0,65,0,65,0
primary,META,2025-01-16,30m,65,0,65,0,65,0,65,0
primary,MSFT,2025-01-16,5m,65,0,65,0,65,0,65,0
primary,MSFT,2025-01-16,30m,65,0,65,0,65,0,65,0
primary,NVDA,2025-01-16,5m,65,0,65,0,65,0,65,0
primary,NVDA,2025-01-16,30m,65,0,65,0,65,0,65,0
primary,TSLA,2025-01-16,5m,65,0,65,0,65,0,65,0
primary,TSLA,2025-01-16,30m,65,0,65,0,65,0,65,0
primary,AAPL,2025-01-17,5m,65,0,65,0,65,0,65,0
primary,AAPL,2025-01-17,30m,65,0,65,0,65,0,65,0
primary,AMZN,2025-01-17,5m,65,0,65,0,65,0,65,0
primary,AMZN,2025-01-17,30m,65,0,65,0,65,0,65,0
primary,META,2025-01-17,5m,65,0,65,0,65,0,65,0
primary,META,2025-01-17,30m,65,0,65,0,65,0,65,0
primary,MSFT,2025-01-17,5m,65,0,65,0,65,0,65,0
primary,MSFT,2025-01-17,30m,65,0,65,0,65,0,65,0
primary,NVDA,2025-01-17,5m,65,0,65,0,65,0,65,0
primary,NVDA,2025-01-17,30m,65,0,65,0,65,0,65,0
primary,TSLA,2025-01-17,5m,65,0,65,0,65,0,65,0
primary,TSLA,2025-01-17,30m,65,0,65,0,65,0,65,0
primary,AAPL,2025-01-21,5m,65,0,65,0,65,0,65,0
primary,AAPL,2025-01-21,30m,65,0,65,0,65,0,65,0
primary,AMZN,2025-01-21,5m,65,0,65,0,65,0,65,0
primary,AMZN,2025-01-21,30m,65,0,65,0,65,0,65,0
primary,META,2025-01-21,5m,65,0,65,0,65,0,65,0
primary,META,2025-01-21,30m,65,0,65,0,65,0,65,0
primary,MSFT,2025-01-21,5m,65,0,65,0,65,0,65,0
primary,MSFT,2025-01-21,30m,65,0,65,0,65,0,65,0
primary,NVDA,2025-01-21,5m,65,0,65,0,65,0,65,0
primary,NVDA,2025-01-21,30m,65,0,65,0,65,0,65,0
primary,TSLA,2025-01-21,5m,65,0,65,0,65,0,65,0
primary,TSLA,2025-01-21,30m,65,0,65,0,65,0,65,0
primary,AAPL,2025-01-22,5m,65,0,65,0,65,0,65,0
primary,AAPL,2025-01-22,30m,65,0,65,0,65,0,65,0
primary,AMZN,2025-01-22,5m,65,0,65,0,65,0,65,0
primary,AMZN,2025-01-22,30m,65,0,65,0,65,0,65,0
primary,META,2025-01-22,5m,65,0,65,0,65,0,65,0
primary,META,2025-01-22,30m,65,0,65,0,65,0,65,0
primary,MSFT,2025-01-22,5m,65,0,65,0,65,0,65,0
primary,MSFT,2025-01-22,30m,65,0,65,0,65,0,65,0
primary,NVDA,2025-01-22,5m,65,0,65,0,65,0,65,0
primary,NVDA,2025-01-22,30m,65,0,65,0,65,0,65,0
primary,TSLA,2025-01-22,5m,65,0,65,0,65,0,65,0
primary,TSLA,2025-01-22,30m,65,0,65,0,65,0,65,0
primary,AAPL,2025-01-23,5m,65,0,65,0,65,0,65,0
primary,AAPL,2025-01-23,30m,65,0,65,0,65,0,65,0
primary,AMZN,2025-01-23,5m,65,0,65,0,65,0,65,0
primary,AMZN,2025-01-23,30m,65,0,65,0,65,0,65,0
primary,META,2025-01-23,5m,65,0,65,0,65,0,65,0
primary,META,2025-01-23,30m,65,0,65,0,65,0,65,0
primary,MSFT,2025-01-23,5m,65,0,65,0,65,0,65,0
primary,MSFT,2025-01-23,30m,65,0,65,0,65,0,65,0
primary,NVDA,2025-01-23,5m,65,0,65,0,65,0,65,0
primary,NVDA,2025-01-23,30m,65,0,65,0,65,0,65,0
primary,TSLA,2025-01-23,5m,65,0,65,0,65,0,65,0
primary,TSLA,2025-01-23,30m,65,0,65,0,65,0,65,0
primary,AAPL,2025-01-24,5m,65,0,65,0,65,0,65,0
primary,AAPL,2025-01-24,30m,65,0,65,0,65,0,65,0
primary,AMZN,2025-01-24,5m,65,0,65,0,65,0,65,0
primary,AMZN,2025-01-24,30m,65,0,65,0,65,0,65,0
primary,META,2025-01-24,5m,65,0,65,0,65,0,65,0
primary,META,2025-01-24,30m,65,0,65,0,65,0,65,0
primary,MSFT,2025-01-24,5m,65,0,65,0,65,0,65,0
primary,MSFT,2025-01-24,30m,65,0,65,0,65,0,65,0
primary,NVDA,2025-01-24,5m,65,0,65,0,65,0,65,0
primary,NVDA,2025-01-24,30m,65,0,65,0,65,0,65,0
primary,TSLA,2025-01-24,5m,65,0,65,0,65,0,65,0
primary,TSLA,2025-01-24,30m,65,0,65,0,65,0,65,0
primary,AAPL,2025-02-25,5m,65,0,65,0,65,0,65,0
primary,AAPL,2025-02-25,30m,65,0,65,0,65,0,65,0
primary,AMZN,2025-02-25,5m,65,0,65,0,65,0,65,0
primary,AMZN,2025-02-25,30m,65,0,65,0,65,0,65,0
primary,META,2025-02-25,5m,65,0,65,0,65,0,65,0
primary,META,2025-02-25,30m,65,0,65,0,65,0,65,0
primary,MSFT,2025-02-25,5m,65,0,65,0,65,0,65,0
primary,MSFT,2025-02-25,30m,65,0,65,0,65,0,65,0
primary,NVDA,2025-02-25,5m,65,0,65,0,65,0,65,0
primary,NVDA,2025-02-25,30m,65,0,65,0,65,0,65,0
primary,TSLA,2025-02-25,5m,65,0,65,0,65,0,65,0
primary,TSLA,2025-02-25,30m,65,0,65,0,65,0,65,0
primary,AAPL,2025-02-26,5m,65,0,65,0,65,0,65,0
primary,AAPL,2025-02-26,30m,65,0,65,0,65,0,65,0
primary,AMZN,2025-02-26,5m,65,0,65,0,65,0,65,0
primary,AMZN,2025-02-26,30m,65,0,65,0,65,0,65,0
primary,META,2025-02-26,5m,65,0,65,0,65,0,65,0
primary,META,2025-02-26,30m,65,0,65,0,65,0,65,0
primary,MSFT,2025-02-26,5m,65,0,65,0,65,0,65,0
primary,MSFT,2025-02-26,30m,65,0,65,0,65,0,65,0
primary,NVDA,2025-02-26,5m,65,0,65,0,65,0,65,0
primary,NVDA,2025-02-26,30m,65,0,65,0,65,0,65,0
primary,TSLA,2025-02-26,5m,65,0,65,0,65,0,65,0
primary,TSLA,2025-02-26,30m,65,0,65,0,65,0,65,0
primary,AAPL,2025-02-27,5m,65,0,65,0,65,0,65,0
primary,AAPL,2025-02-27,30m,65,0,65,0,65,0,65,0
primary,AMZN,2025-02-27,5m,65,0,65,0,65,0,65,0
primary,AMZN,2025-02-27,30m,65,0,65,0,65,0,65,0
primary,META,2025-02-27,5m,65,0,65,0,65,0,65,0
primary,META,2025-02-27,30m,65,0,65,0,65,0,65,0
primary,MSFT,2025-02-27,5m,65,0,65,0,65,0,65,0
primary,MSFT,2025-02-27,30m,65,0,65,0,65,0,65,0
primary,NVDA,2025-02-27,5m,65,0,65,0,65,0,65,0
primary,NVDA,2025-02-27,30m,65,0,65,0,65,0,65,0
primary,TSLA,2025-02-27,5m,65,0,65,0,65,0,65,0
primary,TSLA,2025-02-27,30m,65,0,65,0,65,0,65,0
primary,AAPL,2025-02-28,5m,65,0,65,0,65,0,65,0
primary,AAPL,2025-02-28,30m,65,0,65,0,65,0,65,0
primary,AMZN,2025-02-28,5m,65,0,65,0,65,0,65,0
primary,AMZN,2025-02-28,30m,65,0,65,0,65,0,65,0
primary,META,2025-02-28,5m,65,0,65,0,65,0,65,0
primary,META,2025-02-28,30m,65,0,65,0,65,0,65,0
primary,MSFT,2025-02-28,5m,65,0,65,0,65,0,65,0
primary,MSFT,2025-02-28,30m,65,0,65,0,65,0,65,0
primary,NVDA,2025-02-28,5m,65,0,65,0,65,0,65,0
primary,NVDA,2025-02-28,30m,65,0,65,0,65,0,65,0
primary,TSLA,2025-02-28,5m,65,0,65,0,65,0,65,0
primary,TSLA,2025-02-28,30m,65,0,65,0,65,0,65,0
primary,AAPL,2025-03-03,5m,65,0,65,0,65,0,65,0
primary,AAPL,2025-03-03,30m,65,0,65,0,65,0,65,0
primary,AMZN,2025-03-03,5m,65,0,65,0,65,0,65,0
primary,AMZN,2025-03-03,30m,65,0,65,0,65,0,65,0
primary,META,2025-03-03,5m,65,0,65,0,65,0,65,0
primary,META,2025-03-03,30m,65,0,65,0,65,0,65,0
primary,MSFT,2025-03-03,5m,65,0,65,0,65,0,65,0
primary,MSFT,2025-03-03,30m,65,0,65,0,65,0,65,0
primary,NVDA,2025-03-03,5m,65,0,65,0,65,0,65,0
primary,NVDA,2025-03-03,30m,65,0,65,0,65,0,65,0
primary,TSLA,2025-03-03,5m,65,0,65,0,65,0,65,0
primary,TSLA,2025-03-03,30m,65,0,65,0,65,0,65,0
primary,AAPL,2025-03-04,5m,65,0,65,0,65,0,65,0
primary,AAPL,2025-03-04,30m,65,0,65,0,65,0,65,0
primary,AMZN,2025-03-04,5m,65,0,65,0,65,0,65,0
primary,AMZN,2025-03-04,30m,65,0,65,0,65,0,65,0
primary,META,2025-03-04,5m,65,0,65,0,65,0,65,0
primary,META,2025-03-04,30m,65,0,65,0,65,0,65,0
primary,MSFT,2025-03-04,5m,65,0,65,0,65,0,65,0
primary,MSFT,2025-03-04,30m,65,0,65,0,65,0,65,0
primary,NVDA,2025-03-04,5m,65,0,65,0,65,0,65,0
primary,NVDA,2025-03-04,30m,65,0,65,0,65,0,65,0
primary,TSLA,2025-03-04,5m,65,0,65,0,65,0,65,0
primary,TSLA,2025-03-04,30m,65,0,65,0,65,0,65,0
primary,AAPL,2025-03-05,5m,65,0,65,0,65,0,65,0
primary,AAPL,2025-03-05,30m,65,0,65,0,65,0,65,0
primary,AMZN,2025-03-05,5m,65,0,65,0,65,0,65,0
primary,AMZN,2025-03-05,30m,65,0,65,0,65,0,65,0
primary,META,2025-03-05,5m,65,0,65,0,65,0,65,0
primary,META,2025-03-05,30m,65,0,65,0,65,0,65,0
primary,MSFT,2025-03-05,5m,65,0,65,0,65,0,65,0
primary,MSFT,2025-03-05,30m,65,0,65,0,65,0,65,0
primary,NVDA,2025-03-05,5m,65,0,65,0,65,0,65,0
primary,NVDA,2025-03-05,30m,65,0,65,0,65,0,65,0
primary,TSLA,2025-03-05,5m,65,0,65,0,65,0,65,0
primary,TSLA,2025-03-05,30m,65,0,65,0,65,0,65,0
primary,AAPL,2025-03-06,5m,65,0,65,0,65,0,65,0
primary,AAPL,2025-03-06,30m,65,0,65,0,65,0,65,0
primary,AMZN,2025-03-06,5m,65,0,65,0,65,0,65,0
primary,AMZN,2025-03-06,30m,65,0,65,0,65,0,65,0
primary,META,2025-03-06,5m,65,0,65,0,65,0,65,0
primary,META,2025-03-06,30m,65,0,65,0,65,0,65,0
primary,MSFT,2025-03-06,5m,65,0,65,0,65,0,65,0
primary,MSFT,2025-03-06,30m,65,0,65,0,65,0,65,0
primary,NVDA,2025-03-06,5m,65,0,65,0,65,0,65,0
primary,NVDA,2025-03-06,30m,65,0,65,0,65,0,65,0
primary,TSLA,2025-03-06,5m,65,0,65,0,65,0,65,0
primary,TSLA,2025-03-06,30m,65,0,65,0,65,0,65,0
primary,AAPL,2025-03-07,5m,65,0,65,0,65,0,65,0
primary,AAPL,2025-03-07,30m,65,0,65,0,65,0,65,0
primary,AMZN,2025-03-07,5m,65,0,65,0,65,0,65,0
primary,AMZN,2025-03-07,30m,65,0,65,0,65,0,65,0
primary,META,2025-03-07,5m,65,0,65,0,65,0,65,0
primary,META,2025-03-07,30m,65,0,65,0,65,0,65,0
primary,MSFT,2025-03-07,5m,65,0,65,0,65,0,65,0
primary,MSFT,2025-03-07,30m,65,0,65,0,65,0,65,0
primary,NVDA,2025-03-07,5m,65,0,65,0,65,0,65,0
primary,NVDA,2025-03-07,30m,65,0,65,0,65,0,65,0
primary,TSLA,2025-03-07,5m,65,0,65,0,65,0,65,0
primary,TSLA,2025-03-07,30m,65,0,65,0,65,0,65,0
primary,AAPL,2025-03-10,5m,65,0,65,0,65,0,65,0
primary,AAPL,2025-03-10,30m,65,0,65,0,65,0,65,0
primary,AMZN,2025-03-10,5m,65,0,65,0,65,0,65,0
primary,AMZN,2025-03-10,30m,65,0,65,0,65,0,65,0
primary,META,2025-03-10,5m,65,0,65,0,65,0,65,0
primary,META,2025-03-10,30m,65,0,65,0,65,0,65,0
primary,MSFT,2025-03-10,5m,65,0,65,0,65,0,65,0
primary,MSFT,2025-03-10,30m,65,0,65,0,65,0,65,0
primary,NVDA,2025-03-10,5m,65,0,65,0,65,0,65,0
primary,NVDA,2025-03-10,30m,65,0,65,0,65,0,65,0
primary,TSLA,2025-03-10,5m,65,0,65,0,65,0,65,0
primary,TSLA,2025-03-10,30m,65,0,65,0,65,0,65,0
primary,AAPL,2025-03-11,5m,65,0,65,0,65,0,65,0
primary,AAPL,2025-03-11,30m,65,0,65,0,65,0,65,0
primary,AMZN,2025-03-11,5m,65,0,65,0,65,0,65,0
primary,AMZN,2025-03-11,30m,65,0,65,0,65,0,65,0
primary,META,2025-03-11,5m,65,0,65,0,65,0,65,0
primary,META,2025-03-11,30m,65,0,65,0,65,0,65,0
primary,MSFT,2025-03-11,5m,65,0,65,0,65,0,65,0
primary,MSFT,2025-03-11,30m,65,0,65,0,65,0,65,0
primary,NVDA,2025-03-11,5m,65,0,65,0,65,0,65,0
primary,NVDA,2025-03-11,30m,65,0,65,0,65,0,65,0
primary,TSLA,2025-03-11,5m,65,0,65,0,65,0,65,0
primary,TSLA,2025-03-11,30m,65,0,65,0,65,0,65,0
primary,AAPL,2025-03-12,5m,65,0,65,0,65,0,65,0
primary,AAPL,2025-03-12,30m,65,0,65,0,65,0,65,0
primary,AMZN,2025-03-12,5m,65,0,65,0,53,0,53,0
primary,AMZN,2025-03-12,30m,65,0,65,0,53,0,53,0
primary,META,2025-03-12,5m,65,0,65,0,65,0,65,0
primary,META,2025-03-12,30m,65,0,65,0,65,0,65,0
primary,MSFT,2025-03-12,5m,65,0,65,0,65,0,65,0
primary,MSFT,2025-03-12,30m,65,0,65,0,65,0,65,0
primary,NVDA,2025-03-12,5m,65,0,65,0,65,0,65,0
primary,NVDA,2025-03-12,30m,65,0,65,0,65,0,65,0
primary,TSLA,2025-03-12,5m,65,0,65,0,65,0,65,0
primary,TSLA,2025-03-12,30m,65,0,65,0,65,0,65,0
primary,AAPL,2025-03-13,5m,65,0,65,0,65,0,65,0
primary,AAPL,2025-03-13,30m,65,0,65,0,65,0,65,0
primary,AMZN,2025-03-13,5m,65,0,65,0,53,0,53,0
primary,AMZN,2025-03-13,30m,65,0,65,0,53,0,53,0
primary,META,2025-03-13,5m,65,0,65,0,65,0,65,0
primary,META,2025-03-13,30m,65,0,65,0,65,0,65,0
primary,MSFT,2025-03-13,5m,65,0,65,0,65,0,65,0
primary,MSFT,2025-03-13,30m,65,0,65,0,65,0,65,0
primary,NVDA,2025-03-13,5m,65,0,65,0,65,0,65,0
primary,NVDA,2025-03-13,30m,65,0,65,0,65,0,65,0
primary,TSLA,2025-03-13,5m,65,0,65,0,65,0,65,0
primary,TSLA,2025-03-13,30m,65,0,65,0,65,0,65,0
primary,AAPL,2025-03-14,5m,65,0,65,0,65,0,65,0
primary,AAPL,2025-03-14,30m,65,0,65,0,65,0,65,0
primary,AMZN,2025-03-14,5m,65,0,65,0,45,0,45,0
primary,AMZN,2025-03-14,30m,65,0,65,0,45,0,45,0
primary,META,2025-03-14,5m,65,0,65,0,65,0,65,0
primary,META,2025-03-14,30m,65,0,65,0,65,0,65,0
primary,MSFT,2025-03-14,5m,65,0,65,0,65,0,65,0
primary,MSFT,2025-03-14,30m,65,0,65,0,65,0,65,0
primary,NVDA,2025-03-14,5m,65,0,65,0,65,0,65,0
primary,NVDA,2025-03-14,30m,65,0,65,0,65,0,65,0
primary,TSLA,2025-03-14,5m,65,0,65,0,65,0,65,0
primary,TSLA,2025-03-14,30m,65,0,65,0,65,0,65,0
primary,AAPL,2025-03-17,5m,65,0,65,0,65,0,65,0
primary,AAPL,2025-03-17,30m,65,0,65,0,65,0,65,0
primary,AMZN,2025-03-17,5m,65,0,65,0,65,0,65,0
primary,AMZN,2025-03-17,30m,65,0,65,0,65,0,65,0
primary,META,2025-03-17,5m,65,0,65,0,65,0,65,0
primary,META,2025-03-17,30m,65,0,65,0,65,0,65,0
primary,MSFT,2025-03-17,5m,65,0,65,0,65,0,65,0
primary,MSFT,2025-03-17,30m,65,0,65,0,65,0,65,0
primary,NVDA,2025-03-17,5m,65,0,65,0,65,0,65,0
primary,NVDA,2025-03-17,30m,65,0,65,0,65,0,65,0
primary,TSLA,2025-03-17,5m,65,0,65,0,65,0,65,0
primary,TSLA,2025-03-17,30m,65,0,65,0,65,0,65,0
primary,AAPL,2025-03-18,5m,65,0,65,0,65,0,65,0
primary,AAPL,2025-03-18,30m,65,0,65,0,65,0,65,0
primary,AMZN,2025-03-18,5m,65,0,65,0,65,0,65,0
primary,AMZN,2025-03-18,30m,65,0,65,0,65,0,65,0
primary,META,2025-03-18,5m,65,0,65,0,65,0,65,0
primary,META,2025-03-18,30m,65,0,65,0,65,0,65,0
primary,MSFT,2025-03-18,5m,65,0,65,0,65,0,65,0
primary,MSFT,2025-03-18,30m,65,0,65,0,65,0,65,0
primary,NVDA,2025-03-18,5m,65,0,65,0,65,0,65,0
primary,NVDA,2025-03-18,30m,65,0,65,0,65,0,65,0
primary,TSLA,2025-03-18,5m,65,0,65,0,65,0,65,0
primary,TSLA,2025-03-18,30m,65,0,65,0,65,0,65,0
primary,AAPL,2025-03-19,5m,65,0,65,0,65,0,65,0
primary,AAPL,2025-03-19,30m,65,0,65,0,65,0,65,0
primary,AMZN,2025-03-19,5m,65,0,65,0,65,0,65,0
primary,AMZN,2025-03-19,30m,65,0,65,0,65,0,65,0
primary,META,2025-03-19,5m,65,0,65,0,65,0,65,0
primary,META,2025-03-19,30m,65,0,65,0,65,0,65,0
primary,MSFT,2025-03-19,5m,65,0,65,0,65,0,65,0
primary,MSFT,2025-03-19,30m,65,0,65,0,65,0,65,0
primary,NVDA,2025-03-19,5m,65,0,65,0,65,0,65,0
primary,NVDA,2025-03-19,30m,65,0,65,0,65,0,65,0
primary,TSLA,2025-03-19,5m,65,0,65,0,65,0,65,0
primary,TSLA,2025-03-19,30m,65,0,65,0,65,0,65,0
primary,AAPL,2025-03-20,5m,65,0,65,0,65,0,65,0
primary,AAPL,2025-03-20,30m,65,0,65,0,65,0,65,0
primary,AMZN,2025-03-20,5m,65,0,65,0,65,0,65,0
primary,AMZN,2025-03-20,30m,65,0,65,0,65,0,65,0
primary,META,2025-03-20,5m,65,0,65,0,65,0,65,0
primary,META,2025-03-20,30m,65,0,65,0,65,0,65,0
primary,MSFT,2025-03-20,5m,65,0,65,0,65,0,65,0
primary,MSFT,2025-03-20,30m,65,0,65,0,65,0,65,0
primary,NVDA,2025-03-20,5m,65,0,65,0,65,0,65,0
primary,NVDA,2025-03-20,30m,65,0,65,0,65,0,65,0
primary,TSLA,2025-03-20,5m,65,0,65,0,65,0,65,0
primary,TSLA,2025-03-20,30m,65,0,65,0,65,0,65,0
primary,AAPL,2025-03-21,5m,65,0,65,0,65,0,65,0
primary,AAPL,2025-03-21,30m,65,0,65,0,65,0,65,0
primary,AMZN,2025-03-21,5m,65,0,65,0,65,0,65,0
primary,AMZN,2025-03-21,30m,65,0,65,0,65,0,65,0
primary,META,2025-03-21,5m,65,0,65,0,65,0,65,0
primary,META,2025-03-21,30m,65,0,65,0,65,0,65,0
primary,MSFT,2025-03-21,5m,65,0,65,0,65,0,65,0
primary,MSFT,2025-03-21,30m,65,0,65,0,65,0,65,0
primary,NVDA,2025-03-21,5m,65,0,65,0,65,0,65,0
primary,NVDA,2025-03-21,30m,65,0,65,0,65,0,65,0
primary,TSLA,2025-03-21,5m,65,0,65,0,65,0,65,0
primary,TSLA,2025-03-21,30m,65,0,65,0,65,0,65,0
primary,AAPL,2025-03-24,5m,65,0,65,0,65,0,65,0
primary,AAPL,2025-03-24,30m,65,0,65,0,65,0,65,0
primary,AMZN,2025-03-24,5m,65,0,65,0,65,0,65,0
primary,AMZN,2025-03-24,30m,65,0,65,0,65,0,65,0
primary,META,2025-03-24,5m,65,0,65,0,65,0,65,0
primary,META,2025-03-24,30m,65,0,65,0,65,0,65,0
primary,MSFT,2025-03-24,5m,65,0,65,0,65,0,65,0
primary,MSFT,2025-03-24,30m,65,0,65,0,65,0,65,0
primary,NVDA,2025-03-24,5m,65,0,65,0,65,0,65,0
primary,NVDA,2025-03-24,30m,65,0,65,0,65,0,65,0
primary,TSLA,2025-03-24,5m,65,0,65,0,65,0,65,0
primary,TSLA,2025-03-24,30m,65,0,65,0,65,0,65,0
primary,AAPL,2025-03-25,5m,65,0,65,0,65,0,65,0
primary,AAPL,2025-03-25,30m,65,0,65,0,65,0,65,0
primary,AMZN,2025-03-25,5m,65,0,65,0,65,0,65,0
primary,AMZN,2025-03-25,30m,65,0,65,0,65,0,65,0
primary,META,2025-03-25,5m,65,0,65,0,65,0,65,0
primary,META,2025-03-25,30m,65,0,65,0,65,0,65,0
primary,MSFT,2025-03-25,5m,65,0,65,0,65,0,65,0
primary,MSFT,2025-03-25,30m,65,0,65,0,65,0,65,0
primary,NVDA,2025-03-25,5m,65,0,65,0,65,0,65,0
primary,NVDA,2025-03-25,30m,65,0,65,0,65,0,65,0
primary,TSLA,2025-03-25,5m,65,0,65,0,65,0,65,0
primary,TSLA,2025-03-25,30m,65,0,65,0,65,0,65,0
primary,AAPL,2025-03-26,5m,65,0,65,0,65,0,65,0
primary,AAPL,2025-03-26,30m,65,0,65,0,65,0,65,0
primary,AMZN,2025-03-26,5m,65,0,65,0,65,0,65,0
primary,AMZN,2025-03-26,30m,65,0,65,0,65,0,65,0
primary,META,2025-03-26,5m,65,0,65,0,65,0,65,0
primary,META,2025-03-26,30m,65,0,65,0,65,0,65,0
primary,MSFT,2025-03-26,5m,65,0,65,0,65,0,65,0
primary,MSFT,2025-03-26,30m,65,0,65,0,65,0,65,0
primary,NVDA,2025-03-26,5m,65,0,65,0,65,0,65,0
primary,NVDA,2025-03-26,30m,65,0,65,0,65,0,65,0
primary,TSLA,2025-03-26,5m,65,0,65,0,65,0,65,0
primary,TSLA,2025-03-26,30m,65,0,65,0,65,0,65,0
primary,AAPL,2025-03-27,5m,65,0,65,0,65,0,65,0
primary,AAPL,2025-03-27,30m,65,0,65,0,65,0,65,0
primary,AMZN,2025-03-27,5m,65,0,65,0,65,0,65,0
primary,AMZN,2025-03-27,30m,65,0,65,0,65,0,65,0
primary,META,2025-03-27,5m,65,0,65,0,65,0,65,0
primary,META,2025-03-27,30m,65,0,65,0,65,0,65,0
primary,MSFT,2025-03-27,5m,65,0,65,0,65,0,65,0
primary,MSFT,2025-03-27,30m,65,0,65,0,65,0,65,0
primary,NVDA,2025-03-27,5m,65,0,65,0,65,0,65,0
primary,NVDA,2025-03-27,30m,65,0,65,0,65,0,65,0
primary,TSLA,2025-03-27,5m,65,0,65,0,65,0,65,0
primary,TSLA,2025-03-27,30m,65,0,65,0,65,0,65,0
primary,AAPL,2025-03-28,5m,65,0,65,0,65,0,65,0
primary,AAPL,2025-03-28,30m,65,0,65,0,65,0,65,0
primary,AMZN,2025-03-28,5m,65,0,65,0,65,0,65,0
primary,AMZN,2025-03-28,30m,65,0,65,0,65,0,65,0
primary,META,2025-03-28,5m,65,0,65,0,65,0,65,0
primary,META,2025-03-28,30m,65,0,65,0,65,0,65,0
primary,MSFT,2025-03-28,5m,65,0,65,0,65,0,65,0
primary,MSFT,2025-03-28,30m,65,0,65,0,65,0,65,0
primary,NVDA,2025-03-28,5m,65,0,65,0,65,0,65,0
primary,NVDA,2025-03-28,30m,65,0,65,0,65,0,65,0
primary,TSLA,2025-03-28,5m,65,0,65,0,65,0,65,0
primary,TSLA,2025-03-28,30m,65,0,65,0,65,0,65,0
primary,AAPL,2025-03-31,5m,65,0,65,0,65,0,65,0
primary,AAPL,2025-03-31,30m,65,0,65,0,65,0,65,0
primary,AMZN,2025-03-31,5m,65,0,65,0,65,0,65,0
primary,AMZN,2025-03-31,30m,65,0,65,0,65,0,65,0
primary,META,2025-03-31,5m,65,0,65,0,65,0,65,0
primary,META,2025-03-31,30m,65,0,65,0,65,0,65,0
primary,MSFT,2025-03-31,5m,65,0,65,0,65,0,65,0
primary,MSFT,2025-03-31,30m,65,0,65,0,65,0,65,0
primary,NVDA,2025-03-31,5m,65,0,65,0,65,0,65,0
primary,NVDA,2025-03-31,30m,65,0,65,0,65,0,65,0
primary,TSLA,2025-03-31,5m,65,0,65,0,65,0,65,0
primary,TSLA,2025-03-31,30m,65,0,65,0,65,0,65,0
primary,AAPL,2025-04-01,5m,65,0,65,0,65,0,65,0
primary,AAPL,2025-04-01,30m,65,0,65,0,65,0,65,0
primary,AMZN,2025-04-01,5m,65,0,65,0,65,0,65,0
primary,AMZN,2025-04-01,30m,65,0,65,0,65,0,65,0
primary,META,2025-04-01,5m,65,0,65,0,65,0,65,0
primary,META,2025-04-01,30m,65,0,65,0,65,0,65,0
primary,MSFT,2025-04-01,5m,65,0,65,0,65,0,65,0
primary,MSFT,2025-04-01,30m,65,0,65,0,65,0,65,0
primary,NVDA,2025-04-01,5m,65,0,65,0,65,0,65,0
primary,NVDA,2025-04-01,30m,65,0,65,0,65,0,65,0
primary,TSLA,2025-04-01,5m,65,0,65,0,65,0,65,0
primary,TSLA,2025-04-01,30m,65,0,65,0,65,0,65,0
primary,AAPL,2025-04-02,5m,65,0,65,0,65,0,65,0
primary,AAPL,2025-04-02,30m,65,0,65,0,65,0,65,0
primary,AMZN,2025-04-02,5m,65,0,65,0,65,0,65,0
primary,AMZN,2025-04-02,30m,65,0,65,0,65,0,65,0
primary,META,2025-04-02,5m,65,0,65,0,65,0,65,0
primary,META,2025-04-02,30m,65,0,65,0,65,0,65,0
primary,MSFT,2025-04-02,5m,65,0,65,0,65,0,65,0
primary,MSFT,2025-04-02,30m,65,0,65,0,65,0,65,0
primary,NVDA,2025-04-02,5m,65,0,65,0,65,0,65,0
primary,NVDA,2025-04-02,30m,65,0,65,0,65,0,65,0
primary,TSLA,2025-04-02,5m,65,0,65,0,65,0,65,0
primary,TSLA,2025-04-02,30m,65,0,65,0,65,0,65,0
primary,AAPL,2025-04-03,5m,65,0,65,0,65,0,65,0
primary,AAPL,2025-04-03,30m,65,0,65,0,65,0,65,0
primary,AMZN,2025-04-03,5m,65,0,65,0,65,0,65,0
primary,AMZN,2025-04-03,30m,65,0,65,0,65,0,65,0
primary,META,2025-04-03,5m,65,0,65,0,65,0,65,0
primary,META,2025-04-03,30m,65,0,65,0,65,0,65,0
primary,MSFT,2025-04-03,5m,65,0,65,0,65,0,65,0
primary,MSFT,2025-04-03,30m,65,0,65,0,65,0,65,0
primary,NVDA,2025-04-03,5m,65,0,65,0,65,0,65,0
primary,NVDA,2025-04-03,30m,65,0,65,0,65,0,65,0
primary,TSLA,2025-04-03,5m,65,0,65,0,65,0,65,0
primary,TSLA,2025-04-03,30m,65,0,65,0,65,0,65,0
primary,AAPL,2025-04-07,5m,65,0,65,0,65,0,65,0
primary,AAPL,2025-04-07,30m,65,0,65,0,65,0,65,0
primary,AMZN,2025-04-07,5m,65,0,65,0,65,0,65,0
primary,AMZN,2025-04-07,30m,65,0,65,0,65,0,65,0
primary,META,2025-04-07,5m,65,0,65,0,65,0,65,0
primary,META,2025-04-07,30m,65,0,65,0,65,0,65,0
primary,MSFT,2025-04-07,5m,65,0,65,0,65,0,65,0
primary,MSFT,2025-04-07,30m,65,0,65,0,65,0,65,0
primary,NVDA,2025-04-07,5m,65,0,65,0,65,0,65,0
primary,NVDA,2025-04-07,30m,65,0,65,0,65,0,65,0
primary,TSLA,2025-04-07,5m,65,0,65,0,65,0,65,0
primary,TSLA,2025-04-07,30m,65,0,65,0,65,0,65,0
primary,AAPL,2025-04-08,5m,65,0,65,0,65,0,65,0
primary,AAPL,2025-04-08,30m,65,0,65,0,65,0,65,0
primary,AMZN,2025-04-08,5m,65,0,65,0,65,0,65,0
primary,AMZN,2025-04-08,30m,65,0,65,0,65,0,65,0
primary,META,2025-04-08,5m,65,0,65,0,65,0,65,0
primary,META,2025-04-08,30m,65,0,65,0,65,0,65,0
primary,MSFT,2025-04-08,5m,65,0,65,0,65,0,65,0
primary,MSFT,2025-04-08,30m,65,0,65,0,65,0,65,0
primary,NVDA,2025-04-08,5m,65,0,65,0,65,0,65,0
primary,NVDA,2025-04-08,30m,65,0,65,0,65,0,65,0
primary,TSLA,2025-04-08,5m,65,0,65,0,65,0,65,0
primary,TSLA,2025-04-08,30m,65,0,65,0,65,0,65,0
primary,AAPL,2025-04-09,5m,65,0,65,0,65,0,65,0
primary,AAPL,2025-04-09,30m,65,0,65,0,65,0,65,0
primary,AMZN,2025-04-09,5m,65,0,65,0,65,0,65,0
primary,AMZN,2025-04-09,30m,65,0,65,0,65,0,65,0
primary,META,2025-04-09,5m,65,0,65,0,65,0,65,0
primary,META,2025-04-09,30m,65,0,65,0,65,0,65,0
primary,MSFT,2025-04-09,5m,65,0,65,0,65,0,65,0
primary,MSFT,2025-04-09,30m,65,0,65,0,65,0,65,0
primary,NVDA,2025-04-09,5m,65,0,65,0,65,0,65,0
primary,NVDA,2025-04-09,30m,65,0,65,0,65,0,65,0
primary,TSLA,2025-04-09,5m,65,0,65,0,65,0,65,0
primary,TSLA,2025-04-09,30m,65,0,65,0,65,0,65,0
primary,AAPL,2025-04-10,5m,65,0,65,0,65,0,65,0
primary,AAPL,2025-04-10,30m,65,0,65,0,65,0,65,0
primary,AMZN,2025-04-10,5m,65,0,65,0,65,0,65,0
primary,AMZN,2025-04-10,30m,65,0,65,0,65,0,65,0
primary,META,2025-04-10,5m,65,0,65,0,65,0,65,0
primary,META,2025-04-10,30m,65,0,65,0,65,0,65,0
primary,MSFT,2025-04-10,5m,65,0,65,0,65,0,65,0
primary,MSFT,2025-04-10,30m,65,0,65,0,65,0,65,0
primary,NVDA,2025-04-10,5m,65,0,65,0,65,0,65,0
primary,NVDA,2025-04-10,30m,65,0,65,0,65,0,65,0
primary,TSLA,2025-04-10,5m,65,0,65,0,65,0,65,0
primary,TSLA,2025-04-10,30m,65,0,65,0,65,0,65,0
primary,AAPL,2025-04-11,5m,65,0,65,0,65,0,65,0
primary,AAPL,2025-04-11,30m,65,0,65,0,65,0,65,0
primary,AMZN,2025-04-11,5m,65,0,65,0,65,0,65,0
primary,AMZN,2025-04-11,30m,65,0,65,0,65,0,65,0
primary,META,2025-04-11,5m,65,0,65,0,65,0,65,0
primary,META,2025-04-11,30m,65,0,65,0,65,0,65,0
primary,MSFT,2025-04-11,5m,65,0,65,0,65,0,65,0
primary,MSFT,2025-04-11,30m,65,0,65,0,65,0,65,0
primary,NVDA,2025-04-11,5m,65,0,65,0,65,0,65,0
primary,NVDA,2025-04-11,30m,65,0,65,0,65,0,65,0
primary,TSLA,2025-04-11,5m,65,0,65,0,65,0,65,0
primary,TSLA,2025-04-11,30m,65,0,65,0,65,0,65,0
primary,AAPL,2025-04-14,5m,65,0,65,0,65,0,65,0
primary,AAPL,2025-04-14,30m,65,0,65,0,65,0,65,0
primary,AMZN,2025-04-14,5m,65,0,65,0,65,0,65,0
primary,AMZN,2025-04-14,30m,65,0,65,0,65,0,65,0
primary,META,2025-04-14,5m,65,0,65,0,65,0,65,0
primary,META,2025-04-14,30m,65,0,65,0,65,0,65,0
primary,MSFT,2025-04-14,5m,65,0,65,0,65,0,65,0
primary,MSFT,2025-04-14,30m,65,0,65,0,65,0,65,0
primary,NVDA,2025-04-14,5m,65,0,65,0,65,0,65,0
primary,NVDA,2025-04-14,30m,65,0,65,0,65,0,65,0
primary,TSLA,2025-04-14,5m,65,0,65,0,65,0,65,0
primary,TSLA,2025-04-14,30m,65,0,65,0,65,0,65,0
primary,AAPL,2025-04-15,5m,65,0,65,0,65,0,65,0
primary,AAPL,2025-04-15,30m,65,0,65,0,65,0,65,0
primary,AMZN,2025-04-15,5m,65,0,65,0,65,0,65,0
primary,AMZN,2025-04-15,30m,65,0,65,0,65,0,65,0
primary,META,2025-04-15,5m,65,0,65,0,65,0,65,0
primary,META,2025-04-15,30m,65,0,65,0,65,0,65,0
primary,MSFT,2025-04-15,5m,65,0,65,0,65,0,65,0
primary,MSFT,2025-04-15,30m,65,0,65,0,65,0,65,0
primary,NVDA,2025-04-15,5m,65,0,65,0,65,0,65,0
primary,NVDA,2025-04-15,30m,65,0,65,0,65,0,65,0
primary,TSLA,2025-04-15,5m,65,0,65,0,65,0,65,0
primary,TSLA,2025-04-15,30m,65,0,65,0,65,0,65,0
primary,AAPL,2025-04-16,5m,65,0,65,0,65,0,65,0
primary,AAPL,2025-04-16,30m,65,0,65,0,65,0,65,0
primary,AMZN,2025-04-16,5m,65,0,65,0,65,0,65,0
primary,AMZN,2025-04-16,30m,65,0,65,0,65,0,65,0
primary,META,2025-04-16,5m,65,0,65,0,65,0,65,0
primary,META,2025-04-16,30m,65,0,65,0,65,0,65,0
primary,MSFT,2025-04-16,5m,65,0,65,0,65,0,65,0
primary,MSFT,2025-04-16,30m,65,0,65,0,65,0,65,0
primary,NVDA,2025-04-16,5m,65,0,65,0,65,0,65,0
primary,NVDA,2025-04-16,30m,65,0,65,0,65,0,65,0
primary,TSLA,2025-04-16,5m,65,0,65,0,65,0,65,0
primary,TSLA,2025-04-16,30m,65,0,65,0,65,0,65,0
primary,AAPL,2025-04-17,5m,65,0,65,0,65,0,65,0
primary,AAPL,2025-04-17,30m,65,0,65,0,65,0,65,0
primary,AMZN,2025-04-17,5m,65,0,65,0,65,0,65,0
primary,AMZN,2025-04-17,30m,65,0,65,0,65,0,65,0
primary,META,2025-04-17,5m,65,0,65,0,65,0,65,0
primary,META,2025-04-17,30m,65,0,65,0,65,0,65,0
primary,MSFT,2025-04-17,5m,65,0,65,0,65,0,65,0
primary,MSFT,2025-04-17,30m,65,0,65,0,65,0,65,0
primary,NVDA,2025-04-17,5m,65,0,65,0,65,0,65,0
primary,NVDA,2025-04-17,30m,65,0,65,0,65,0,65,0
primary,TSLA,2025-04-17,5m,65,0,65,0,65,0,65,0
primary,TSLA,2025-04-17,30m,65,0,65,0,65,0,65,0
primary,AAPL,2025-04-21,5m,65,0,65,0,65,0,65,0
primary,AAPL,2025-04-21,30m,65,0,65,0,65,0,65,0
primary,AMZN,2025-04-21,5m,65,0,65,0,65,0,65,0
primary,AMZN,2025-04-21,30m,65,0,65,0,65,0,65,0
primary,META,2025-04-21,5m,65,0,65,0,65,0,65,0
primary,META,2025-04-21,30m,65,0,65,0,65,0,65,0
primary,MSFT,2025-04-21,5m,65,0,65,0,65,0,65,0
primary,MSFT,2025-04-21,30m,65,0,65,0,65,0,65,0
primary,NVDA,2025-04-21,5m,65,0,65,0,65,0,65,0
primary,NVDA,2025-04-21,30m,65,0,65,0,65,0,65,0
primary,TSLA,2025-04-21,5m,65,0,65,0,65,0,65,0
primary,TSLA,2025-04-21,30m,65,0,65,0,65,0,65,0
primary,AAPL,2025-04-22,5m,65,0,65,0,65,0,65,0
primary,AAPL,2025-04-22,30m,65,0,65,0,65,0,65,0
primary,AMZN,2025-04-22,5m,65,0,65,0,65,0,65,0
primary,AMZN,2025-04-22,30m,65,0,65,0,65,0,65,0
primary,META,2025-04-22,5m,65,0,65,0,65,0,65,0
primary,META,2025-04-22,30m,65,0,65,0,65,0,65,0
primary,MSFT,2025-04-22,5m,65,0,65,0,65,0,65,0
primary,MSFT,2025-04-22,30m,65,0,65,0,65,0,65,0
primary,NVDA,2025-04-22,5m,65,0,65,0,65,0,65,0
primary,NVDA,2025-04-22,30m,65,0,65,0,65,0,65,0
primary,TSLA,2025-04-22,5m,65,0,65,0,65,0,65,0
primary,TSLA,2025-04-22,30m,65,0,65,0,65,0,65,0
primary,AAPL,2025-04-23,5m,65,0,65,0,65,0,65,0
primary,AAPL,2025-04-23,30m,65,0,65,0,65,0,65,0
primary,AMZN,2025-04-23,5m,65,0,65,0,65,0,65,0
primary,AMZN,2025-04-23,30m,65,0,65,0,65,0,65,0
primary,META,2025-04-23,5m,65,0,65,0,65,0,65,0
primary,META,2025-04-23,30m,65,0,65,0,65,0,65,0
primary,MSFT,2025-04-23,5m,65,0,65,0,65,0,65,0
primary,MSFT,2025-04-23,30m,65,0,65,0,65,0,65,0
primary,NVDA,2025-04-23,5m,65,0,65,0,65,0,65,0
primary,NVDA,2025-04-23,30m,65,0,65,0,65,0,65,0
primary,TSLA,2025-04-23,5m,65,0,65,0,65,0,65,0
primary,TSLA,2025-04-23,30m,65,0,65,0,65,0,65,0
primary,AAPL,2025-04-24,5m,65,0,65,0,65,0,65,0
primary,AAPL,2025-04-24,30m,65,0,65,0,65,0,65,0
primary,AMZN,2025-04-24,5m,65,0,65,0,65,0,65,0
primary,AMZN,2025-04-24,30m,65,0,65,0,65,0,65,0
primary,META,2025-04-24,5m,65,0,65,0,65,0,65,0
primary,META,2025-04-24,30m,65,0,65,0,65,0,65,0
primary,MSFT,2025-04-24,5m,65,0,65,0,65,0,65,0
primary,MSFT,2025-04-24,30m,65,0,65,0,65,0,65,0
primary,NVDA,2025-04-24,5m,65,0,65,0,65,0,65,0
primary,NVDA,2025-04-24,30m,65,0,65,0,65,0,65,0
primary,TSLA,2025-04-24,5m,65,0,65,0,65,0,65,0
primary,TSLA,2025-04-24,30m,65,0,65,0,65,0,65,0
primary,AAPL,2025-04-25,5m,65,0,65,0,65,0,65,0
primary,AAPL,2025-04-25,30m,65,0,65,0,65,0,65,0
primary,AMZN,2025-04-25,5m,65,0,65,0,65,0,65,0
primary,AMZN,2025-04-25,30m,65,0,65,0,65,0,65,0
primary,META,2025-04-25,5m,65,0,65,0,65,0,65,0
primary,META,2025-04-25,30m,65,0,65,0,65,0,65,0
primary,MSFT,2025-04-25,5m,65,0,65,0,65,0,65,0
primary,MSFT,2025-04-25,30m,65,0,65,0,65,0,65,0
primary,NVDA,2025-04-25,5m,65,0,65,0,65,0,65,0
primary,NVDA,2025-04-25,30m,65,0,65,0,65,0,65,0
primary,TSLA,2025-04-25,5m,65,0,65,0,65,0,65,0
primary,TSLA,2025-04-25,30m,65,0,65,0,65,0,65,0
primary,AAPL,2025-04-28,5m,65,0,65,0,65,0,65,0
primary,AAPL,2025-04-28,30m,65,0,65,0,65,0,65,0
primary,AMZN,2025-04-28,5m,65,0,65,0,65,0,65,0
primary,AMZN,2025-04-28,30m,65,0,65,0,65,0,65,0
primary,META,2025-04-28,5m,65,0,65,0,65,0,65,0
primary,META,2025-04-28,30m,65,0,65,0,65,0,65,0
primary,MSFT,2025-04-28,5m,65,0,65,0,65,0,65,0
primary,MSFT,2025-04-28,30m,65,0,65,0,65,0,65,0
primary,NVDA,2025-04-28,5m,65,0,65,0,65,0,65,0
primary,NVDA,2025-04-28,30m,65,0,65,0,65,0,65,0
primary,TSLA,2025-04-28,5m,65,0,65,0,65,0,65,0
primary,TSLA,2025-04-28,30m,65,0,65,0,65,0,65,0
primary,AAPL,2025-04-29,5m,65,0,65,0,65,0,65,0
primary,AAPL,2025-04-29,30m,65,0,65,0,65,0,65,0
primary,AMZN,2025-04-29,5m,65,0,65,0,65,0,65,0
primary,AMZN,2025-04-29,30m,65,0,65,0,65,0,65,0
primary,META,2025-04-29,5m,65,0,65,0,65,0,65,0
primary,META,2025-04-29,30m,65,0,65,0,65,0,65,0
primary,MSFT,2025-04-29,5m,65,0,65,0,41,0,41,0
primary,MSFT,2025-04-29,30m,65,0,65,0,41,0,41,0
primary,NVDA,2025-04-29,5m,65,0,65,0,65,0,65,0
primary,NVDA,2025-04-29,30m,65,0,65,0,65,0,65,0
primary,TSLA,2025-04-29,5m,65,0,65,0,65,0,65,0
primary,TSLA,2025-04-29,30m,65,0,65,0,65,0,65,0
primary,AAPL,2025-04-30,5m,65,0,65,0,65,0,65,0
primary,AAPL,2025-04-30,30m,65,0,65,0,65,0,65,0
primary,AMZN,2025-04-30,5m,65,0,65,0,65,0,65,0
primary,AMZN,2025-04-30,30m,65,0,65,0,65,0,65,0
primary,META,2025-04-30,5m,65,0,65,0,65,0,65,0
primary,META,2025-04-30,30m,65,0,65,0,65,0,65,0
primary,MSFT,2025-04-30,5m,65,0,65,0,44,0,44,0
primary,MSFT,2025-04-30,30m,65,0,65,0,44,0,44,0
primary,NVDA,2025-04-30,5m,65,0,65,0,65,0,65,0
primary,NVDA,2025-04-30,30m,65,0,65,0,65,0,65,0
primary,TSLA,2025-04-30,5m,65,0,65,0,65,0,65,0
primary,TSLA,2025-04-30,30m,65,0,65,0,65,0,65,0
primary,AAPL,2025-05-01,5m,65,0,65,0,65,0,65,0
primary,AAPL,2025-05-01,30m,65,0,65,0,65,0,65,0
primary,AMZN,2025-05-01,5m,65,0,65,0,65,0,65,0
primary,AMZN,2025-05-01,30m,65,0,65,0,65,0,65,0
primary,META,2025-05-01,5m,65,0,65,0,65,0,65,0
primary,META,2025-05-01,30m,65,0,65,0,65,0,65,0
primary,MSFT,2025-05-01,5m,65,0,65,0,65,0,65,0
primary,MSFT,2025-05-01,30m,65,0,65,0,65,0,65,0
primary,NVDA,2025-05-01,5m,65,0,65,0,65,0,65,0
primary,NVDA,2025-05-01,30m,65,0,65,0,65,0,65,0
primary,TSLA,2025-05-01,5m,65,0,65,0,65,0,65,0
primary,TSLA,2025-05-01,30m,65,0,65,0,65,0,65,0
primary,AAPL,2025-05-02,5m,65,0,65,0,65,0,65,0
primary,AAPL,2025-05-02,30m,65,0,65,0,65,0,65,0
primary,AMZN,2025-05-02,5m,65,0,65,0,65,0,65,0
primary,AMZN,2025-05-02,30m,65,0,65,0,65,0,65,0
primary,META,2025-05-02,5m,65,0,65,0,65,0,65,0
primary,META,2025-05-02,30m,65,0,65,0,65,0,65,0
primary,MSFT,2025-05-02,5m,65,0,65,0,65,0,65,0
primary,MSFT,2025-05-02,30m,65,0,65,0,65,0,65,0
primary,NVDA,2025-05-02,5m,65,0,65,0,65,0,65,0
primary,NVDA,2025-05-02,30m,65,0,65,0,65,0,65,0
primary,TSLA,2025-05-02,5m,65,0,65,0,65,0,65,0
primary,TSLA,2025-05-02,30m,65,0,65,0,65,0,65,0
primary,AAPL,2025-05-05,5m,65,0,65,0,65,0,65,0
primary,AAPL,2025-05-05,30m,65,0,65,0,65,0,65,0
primary,AMZN,2025-05-05,5m,65,0,65,0,65,0,65,0
primary,AMZN,2025-05-05,30m,65,0,65,0,65,0,65,0
primary,META,2025-05-05,5m,65,0,65,0,65,0,65,0
primary,META,2025-05-05,30m,65,0,65,0,65,0,65,0
primary,MSFT,2025-05-05,5m,65,0,65,0,65,0,65,0
primary,MSFT,2025-05-05,30m,65,0,65,0,65,0,65,0
primary,NVDA,2025-05-05,5m,65,0,65,0,65,0,65,0
primary,NVDA,2025-05-05,30m,65,0,65,0,65,0,65,0
primary,TSLA,2025-05-05,5m,65,0,65,0,65,0,65,0
primary,TSLA,2025-05-05,30m,65,0,65,0,65,0,65,0
primary,AAPL,2025-05-06,5m,65,0,65,0,65,0,65,0
primary,AAPL,2025-05-06,30m,65,0,65,0,65,0,65,0
primary,AMZN,2025-05-06,5m,65,0,65,0,65,0,65,0
primary,AMZN,2025-05-06,30m,65,0,65,0,65,0,65,0
primary,META,2025-05-06,5m,65,0,65,0,65,0,65,0
primary,META,2025-05-06,30m,65,0,65,0,65,0,65,0
primary,MSFT,2025-05-06,5m,65,0,65,0,65,0,65,0
primary,MSFT,2025-05-06,30m,65,0,65,0,65,0,65,0
primary,NVDA,2025-05-06,5m,65,0,65,0,65,0,65,0
primary,NVDA,2025-05-06,30m,65,0,65,0,65,0,65,0
primary,TSLA,2025-05-06,5m,65,0,65,0,65,0,65,0
primary,TSLA,2025-05-06,30m,65,0,65,0,65,0,65,0
primary,AAPL,2025-05-07,5m,65,0,65,0,65,0,65,0
primary,AAPL,2025-05-07,30m,65,0,65,0,65,0,65,0
primary,AMZN,2025-05-07,5m,65,0,65,0,65,0,65,0
primary,AMZN,2025-05-07,30m,65,0,65,0,65,0,65,0
primary,META,2025-05-07,5m,65,0,65,0,65,0,65,0
primary,META,2025-05-07,30m,65,0,65,0,65,0,65,0
primary,MSFT,2025-05-07,5m,65,0,65,0,65,0,65,0
primary,MSFT,2025-05-07,30m,65,0,65,0,65,0,65,0
primary,NVDA,2025-05-07,5m,65,0,65,0,65,0,65,0
primary,NVDA,2025-05-07,30m,65,0,65,0,65,0,65,0
primary,TSLA,2025-05-07,5m,65,0,65,0,65,0,65,0
primary,TSLA,2025-05-07,30m,65,0,65,0,65,0,65,0
primary,AAPL,2025-05-08,5m,65,0,65,0,65,0,65,0
primary,AAPL,2025-05-08,30m,65,0,65,0,65,0,65,0
primary,AMZN,2025-05-08,5m,65,0,65,0,65,0,65,0
primary,AMZN,2025-05-08,30m,65,0,65,0,65,0,65,0
primary,META,2025-05-08,5m,65,0,65,0,65,0,65,0
primary,META,2025-05-08,30m,65,0,65,0,65,0,65,0
primary,MSFT,2025-05-08,5m,65,0,65,0,65,0,65,0
primary,MSFT,2025-05-08,30m,65,0,65,0,65,0,65,0
primary,NVDA,2025-05-08,5m,65,0,65,0,65,0,65,0
primary,NVDA,2025-05-08,30m,65,0,65,0,65,0,65,0
primary,TSLA,2025-05-08,5m,65,0,65,0,65,0,65,0
primary,TSLA,2025-05-08,30m,65,0,65,0,65,0,65,0
primary,AAPL,2025-05-09,5m,65,0,65,0,65,0,65,0
primary,AAPL,2025-05-09,30m,65,0,65,0,65,0,65,0
primary,AMZN,2025-05-09,5m,65,0,65,0,65,0,65,0
primary,AMZN,2025-05-09,30m,65,0,65,0,65,0,65,0
primary,META,2025-05-09,5m,65,0,65,0,65,0,65,0
primary,META,2025-05-09,30m,65,0,65,0,65,0,65,0
primary,MSFT,2025-05-09,5m,65,0,65,0,65,0,65,0
primary,MSFT,2025-05-09,30m,65,0,65,0,65,0,65,0
primary,NVDA,2025-05-09,5m,65,0,65,0,65,0,65,0
primary,NVDA,2025-05-09,30m,65,0,65,0,65,0,65,0
primary,TSLA,2025-05-09,5m,65,0,65,0,65,0,65,0
primary,TSLA,2025-05-09,30m,65,0,65,0,65,0,65,0
primary,AAPL,2025-05-12,5m,65,0,65,0,65,0,65,0
primary,AAPL,2025-05-12,30m,65,0,65,0,65,0,65,0
primary,AMZN,2025-05-12,5m,65,0,65,0,47,0,47,0
primary,AMZN,2025-05-12,30m,65,0,65,0,47,0,47,0
primary,META,2025-05-12,5m,65,0,65,0,65,0,65,0
primary,META,2025-05-12,30m,65,0,65,0,65,0,65,0
primary,MSFT,2025-05-12,5m,65,0,65,0,65,0,65,0
primary,MSFT,2025-05-12,30m,65,0,65,0,65,0,65,0
primary,NVDA,2025-05-12,5m,65,0,65,0,65,0,65,0
primary,NVDA,2025-05-12,30m,65,0,65,0,65,0,65,0
primary,TSLA,2025-05-12,5m,65,0,65,0,65,0,65,0
primary,TSLA,2025-05-12,30m,65,0,65,0,65,0,65,0
primary,AAPL,2025-05-13,5m,65,0,65,0,65,0,65,0
primary,AAPL,2025-05-13,30m,65,0,65,0,65,0,65,0
primary,AMZN,2025-05-13,5m,65,0,65,0,53,0,53,0
primary,AMZN,2025-05-13,30m,65,0,65,0,53,0,53,0
primary,META,2025-05-13,5m,65,0,65,0,65,0,65,0
primary,META,2025-05-13,30m,65,0,65,0,65,0,65,0
primary,MSFT,2025-05-13,5m,65,0,65,0,65,0,65,0
primary,MSFT,2025-05-13,30m,65,0,65,0,65,0,65,0
primary,NVDA,2025-05-13,5m,65,0,65,0,65,0,65,0
primary,NVDA,2025-05-13,30m,65,0,65,0,65,0,65,0
primary,TSLA,2025-05-13,5m,65,0,65,0,65,0,65,0
primary,TSLA,2025-05-13,30m,65,0,65,0,65,0,65,0
primary,AAPL,2025-05-14,5m,65,0,65,0,65,0,65,0
primary,AAPL,2025-05-14,30m,65,0,65,0,65,0,65,0
primary,AMZN,2025-05-14,5m,65,0,65,0,65,0,65,0
primary,AMZN,2025-05-14,30m,65,0,65,0,65,0,65,0
primary,META,2025-05-14,5m,65,0,65,0,65,0,65,0
primary,META,2025-05-14,30m,65,0,65,0,65,0,65,0
primary,MSFT,2025-05-14,5m,65,0,65,0,65,0,65,0
primary,MSFT,2025-05-14,30m,65,0,65,0,65,0,65,0
primary,NVDA,2025-05-14,5m,65,0,65,0,65,0,65,0
primary,NVDA,2025-05-14,30m,65,0,65,0,65,0,65,0
primary,TSLA,2025-05-14,5m,65,0,65,0,65,0,65,0
primary,TSLA,2025-05-14,30m,65,0,65,0,65,0,65,0
primary,AAPL,2025-05-15,5m,65,1,64,0,65,1,64,0
primary,AAPL,2025-05-15,30m,65,0,65,0,65,0,65,0
primary,AMZN,2025-05-15,5m,65,1,64,0,59,1,58,0
primary,AMZN,2025-05-15,30m,65,0,65,0,59,0,59,0
primary,META,2025-05-15,5m,65,1,64,0,65,1,64,0
primary,META,2025-05-15,30m,65,0,65,0,65,0,65,0
primary,MSFT,2025-05-15,5m,65,1,64,0,65,1,64,0
primary,MSFT,2025-05-15,30m,65,0,65,0,65,0,65,0
primary,NVDA,2025-05-15,5m,65,0,65,0,65,0,65,0
primary,NVDA,2025-05-15,30m,65,0,65,0,65,0,65,0
primary,TSLA,2025-05-15,5m,65,1,64,0,65,1,64,0
primary,TSLA,2025-05-15,30m,65,0,65,0,65,0,65,0
primary,AAPL,2025-05-16,5m,65,0,65,0,65,0,65,0
primary,AAPL,2025-05-16,30m,65,0,65,0,65,0,65,0
primary,AMZN,2025-05-16,5m,65,0,65,0,65,0,65,0
primary,AMZN,2025-05-16,30m,65,0,65,0,65,0,65,0
primary,META,2025-05-16,5m,65,0,65,0,65,0,65,0
primary,META,2025-05-16,30m,65,0,65,0,65,0,65,0
primary,MSFT,2025-05-16,5m,65,0,65,0,65,0,65,0
primary,MSFT,2025-05-16,30m,65,0,65,0,65,0,65,0
primary,NVDA,2025-05-16,5m,65,0,65,0,65,0,65,0
primary,NVDA,2025-05-16,30m,65,0,65,0,65,0,65,0
primary,TSLA,2025-05-16,5m,65,0,65,0,65,0,65,0
primary,TSLA,2025-05-16,30m,65,0,65,0,65,0,65,0
primary,AAPL,2025-05-19,5m,65,0,65,0,65,0,65,0
primary,AAPL,2025-05-19,30m,65,0,65,0,65,0,65,0
primary,AMZN,2025-05-19,5m,65,0,65,0,65,0,65,0
primary,AMZN,2025-05-19,30m,65,0,65,0,65,0,65,0
primary,META,2025-05-19,5m,65,0,65,0,59,0,59,0
primary,META,2025-05-19,30m,65,0,65,0,59,0,59,0
primary,MSFT,2025-05-19,5m,65,0,65,0,65,0,65,0
primary,MSFT,2025-05-19,30m,65,0,65,0,65,0,65,0
primary,NVDA,2025-05-19,5m,65,0,65,0,65,0,65,0
primary,NVDA,2025-05-19,30m,65,0,65,0,65,0,65,0
primary,TSLA,2025-05-19,5m,65,0,65,0,65,0,65,0
primary,TSLA,2025-05-19,30m,65,0,65,0,65,0,65,0
primary,AAPL,2025-05-20,5m,65,0,65,0,65,0,65,0
primary,AAPL,2025-05-20,30m,65,0,65,0,65,0,65,0
primary,AMZN,2025-05-20,5m,65,0,65,0,65,0,65,0
primary,AMZN,2025-05-20,30m,65,0,65,0,65,0,65,0
primary,META,2025-05-20,5m,65,0,65,0,59,0,59,0
primary,META,2025-05-20,30m,65,0,65,0,59,0,59,0
primary,MSFT,2025-05-20,5m,65,0,65,0,65,0,65,0
primary,MSFT,2025-05-20,30m,65,0,65,0,65,0,65,0
primary,NVDA,2025-05-20,5m,65,0,65,0,65,0,65,0
primary,NVDA,2025-05-20,30m,65,0,65,0,65,0,65,0
primary,TSLA,2025-05-20,5m,65,0,65,0,65,0,65,0
primary,TSLA,2025-05-20,30m,65,0,65,0,65,0,65,0
primary,AAPL,2025-05-21,5m,65,0,65,0,65,0,65,0
primary,AAPL,2025-05-21,30m,65,0,65,0,65,0,65,0
primary,AMZN,2025-05-21,5m,65,0,65,0,65,0,65,0
primary,AMZN,2025-05-21,30m,65,0,65,0,65,0,65,0
primary,META,2025-05-21,5m,65,0,65,0,65,0,65,0
primary,META,2025-05-21,30m,65,0,65,0,65,0,65,0
primary,MSFT,2025-05-21,5m,65,0,65,0,65,0,65,0
primary,MSFT,2025-05-21,30m,65,0,65,0,65,0,65,0
primary,NVDA,2025-05-21,5m,65,0,65,0,65,0,65,0
primary,NVDA,2025-05-21,30m,65,0,65,0,65,0,65,0
primary,TSLA,2025-05-21,5m,65,0,65,0,65,0,65,0
primary,TSLA,2025-05-21,30m,65,0,65,0,65,0,65,0
primary,AAPL,2025-05-22,5m,65,0,65,0,65,0,65,0
primary,AAPL,2025-05-22,30m,65,0,65,0,65,0,65,0
primary,AMZN,2025-05-22,5m,65,0,65,0,65,0,65,0
primary,AMZN,2025-05-22,30m,65,0,65,0,65,0,65,0
primary,META,2025-05-22,5m,65,0,65,0,65,0,65,0
primary,META,2025-05-22,30m,65,0,65,0,65,0,65,0
primary,MSFT,2025-05-22,5m,65,0,65,0,65,0,65,0
primary,MSFT,2025-05-22,30m,65,0,65,0,65,0,65,0
primary,NVDA,2025-05-22,5m,65,0,65,0,65,0,65,0
primary,NVDA,2025-05-22,30m,65,0,65,0,65,0,65,0
primary,TSLA,2025-05-22,5m,65,0,65,0,65,0,65,0
primary,TSLA,2025-05-22,30m,65,0,65,0,65,0,65,0
primary,AAPL,2025-05-23,5m,65,0,65,0,65,0,65,0
primary,AAPL,2025-05-23,30m,65,0,65,0,65,0,65,0
primary,AMZN,2025-05-23,5m,65,0,65,0,65,0,65,0
primary,AMZN,2025-05-23,30m,65,0,65,0,65,0,65,0
primary,META,2025-05-23,5m,65,0,65,0,65,0,65,0
primary,META,2025-05-23,30m,65,0,65,0,65,0,65,0
primary,MSFT,2025-05-23,5m,65,0,65,0,65,0,65,0
primary,MSFT,2025-05-23,30m,65,0,65,0,65,0,65,0
primary,NVDA,2025-05-23,5m,65,0,65,0,65,0,65,0
primary,NVDA,2025-05-23,30m,65,0,65,0,65,0,65,0
primary,TSLA,2025-05-23,5m,65,0,65,0,65,0,65,0
primary,TSLA,2025-05-23,30m,65,0,65,0,65,0,65,0
primary,AAPL,2025-05-27,5m,65,0,65,0,65,0,65,0
primary,AAPL,2025-05-27,30m,65,0,65,0,65,0,65,0
primary,AMZN,2025-05-27,5m,65,0,65,0,65,0,65,0
primary,AMZN,2025-05-27,30m,65,0,65,0,65,0,65,0
primary,META,2025-05-27,5m,65,0,65,0,59,0,59,0
primary,META,2025-05-27,30m,65,0,65,0,59,0,59,0
primary,MSFT,2025-05-27,5m,65,0,65,0,65,0,65,0
primary,MSFT,2025-05-27,30m,65,0,65,0,65,0,65,0
primary,NVDA,2025-05-27,5m,65,0,65,0,65,0,65,0
primary,NVDA,2025-05-27,30m,65,0,65,0,65,0,65,0
primary,TSLA,2025-05-27,5m,65,0,65,0,65,0,65,0
primary,TSLA,2025-05-27,30m,65,0,65,0,65,0,65,0
primary,AAPL,2025-05-28,5m,65,0,65,0,65,0,65,0
primary,AAPL,2025-05-28,30m,65,0,65,0,65,0,65,0
primary,AMZN,2025-05-28,5m,65,0,65,0,65,0,65,0
primary,AMZN,2025-05-28,30m,65,0,65,0,65,0,65,0
primary,META,2025-05-28,5m,65,0,65,0,65,0,65,0
primary,META,2025-05-28,30m,65,0,65,0,65,0,65,0
primary,MSFT,2025-05-28,5m,65,0,65,0,65,0,65,0
primary,MSFT,2025-05-28,30m,65,0,65,0,65,0,65,0
primary,NVDA,2025-05-28,5m,65,0,65,0,65,0,65,0
primary,NVDA,2025-05-28,30m,65,0,65,0,65,0,65,0
primary,TSLA,2025-05-28,5m,65,0,65,0,65,0,65,0
primary,TSLA,2025-05-28,30m,65,0,65,0,65,0,65,0
primary,AAPL,2025-05-29,5m,65,0,65,0,65,0,65,0
primary,AAPL,2025-05-29,30m,65,0,65,0,65,0,65,0
primary,AMZN,2025-05-29,5m,65,0,65,0,65,0,65,0
primary,AMZN,2025-05-29,30m,65,0,65,0,65,0,65,0
primary,META,2025-05-29,5m,65,0,65,0,65,0,65,0
primary,META,2025-05-29,30m,65,0,65,0,65,0,65,0
primary,MSFT,2025-05-29,5m,65,0,65,0,65,0,65,0
primary,MSFT,2025-05-29,30m,65,0,65,0,65,0,65,0
primary,NVDA,2025-05-29,5m,65,0,65,0,65,0,65,0
primary,NVDA,2025-05-29,30m,65,0,65,0,65,0,65,0
primary,TSLA,2025-05-29,5m,65,0,65,0,65,0,65,0
primary,TSLA,2025-05-29,30m,65,0,65,0,65,0,65,0
primary,AAPL,2025-05-30,5m,65,0,65,0,65,0,65,0
primary,AAPL,2025-05-30,30m,65,0,65,0,65,0,65,0
primary,AMZN,2025-05-30,5m,65,0,65,0,65,0,65,0
primary,AMZN,2025-05-30,30m,65,0,65,0,65,0,65,0
primary,META,2025-05-30,5m,65,0,65,0,65,0,65,0
primary,META,2025-05-30,30m,65,0,65,0,65,0,65,0
primary,MSFT,2025-05-30,5m,65,0,65,0,65,0,65,0
primary,MSFT,2025-05-30,30m,65,0,65,0,65,0,65,0
primary,NVDA,2025-05-30,5m,65,0,65,0,65,0,65,0
primary,NVDA,2025-05-30,30m,65,0,65,0,65,0,65,0
primary,TSLA,2025-05-30,5m,65,0,65,0,65,0,65,0
primary,TSLA,2025-05-30,30m,65,0,65,0,65,0,65,0
primary,AAPL,2025-06-02,5m,65,0,65,0,65,0,65,0
primary,AAPL,2025-06-02,30m,65,0,65,0,65,0,65,0
primary,AMZN,2025-06-02,5m,65,0,65,0,65,0,65,0
primary,AMZN,2025-06-02,30m,65,0,65,0,65,0,65,0
primary,META,2025-06-02,5m,65,0,65,0,65,0,65,0
primary,META,2025-06-02,30m,65,0,65,0,65,0,65,0
primary,MSFT,2025-06-02,5m,65,0,65,0,65,0,65,0
primary,MSFT,2025-06-02,30m,65,0,65,0,65,0,65,0
primary,NVDA,2025-06-02,5m,65,0,65,0,65,0,65,0
primary,NVDA,2025-06-02,30m,65,0,65,0,65,0,65,0
primary,TSLA,2025-06-02,5m,65,0,65,0,65,0,65,0
primary,TSLA,2025-06-02,30m,65,0,65,0,65,0,65,0
primary,AAPL,2025-06-03,5m,65,0,65,0,65,0,65,0
primary,AAPL,2025-06-03,30m,65,0,65,0,65,0,65,0
primary,AMZN,2025-06-03,5m,65,0,65,0,65,0,65,0
primary,AMZN,2025-06-03,30m,65,0,65,0,65,0,65,0
primary,META,2025-06-03,5m,65,0,65,0,59,0,59,0
primary,META,2025-06-03,30m,65,0,65,0,59,0,59,0
primary,MSFT,2025-06-03,5m,65,0,65,0,65,0,65,0
primary,MSFT,2025-06-03,30m,65,0,65,0,65,0,65,0
primary,NVDA,2025-06-03,5m,65,0,65,0,59,0,59,0
primary,NVDA,2025-06-03,30m,65,0,65,0,59,0,59,0
primary,TSLA,2025-06-03,5m,65,0,65,0,65,0,65,0
primary,TSLA,2025-06-03,30m,65,0,65,0,65,0,65,0
primary,AAPL,2025-06-04,5m,65,0,65,0,65,0,65,0
primary,AAPL,2025-06-04,30m,65,0,65,0,65,0,65,0
primary,AMZN,2025-06-04,5m,65,0,65,0,65,0,65,0
primary,AMZN,2025-06-04,30m,65,0,65,0,65,0,65,0
primary,META,2025-06-04,5m,65,0,65,0,55,0,55,0
primary,META,2025-06-04,30m,65,0,65,0,55,0,55,0
primary,MSFT,2025-06-04,5m,65,0,65,0,65,0,65,0
primary,MSFT,2025-06-04,30m,65,0,65,0,65,0,65,0
primary,NVDA,2025-06-04,5m,65,0,65,0,65,0,65,0
primary,NVDA,2025-06-04,30m,65,0,65,0,65,0,65,0
primary,TSLA,2025-06-04,5m,65,0,65,0,65,0,65,0
primary,TSLA,2025-06-04,30m,65,0,65,0,65,0,65,0
primary,AAPL,2025-06-05,5m,65,0,65,0,65,0,65,0
primary,AAPL,2025-06-05,30m,65,0,65,0,65,0,65,0
primary,AMZN,2025-06-05,5m,65,0,65,0,65,0,65,0
primary,AMZN,2025-06-05,30m,65,0,65,0,65,0,65,0
primary,META,2025-06-05,5m,65,0,65,0,59,0,59,0
primary,META,2025-06-05,30m,65,0,65,0,59,0,59,0
primary,MSFT,2025-06-05,5m,65,0,65,0,65,0,65,0
primary,MSFT,2025-06-05,30m,65,0,65,0,65,0,65,0
primary,NVDA,2025-06-05,5m,65,0,65,0,65,0,65,0
primary,NVDA,2025-06-05,30m,65,0,65,0,65,0,65,0
primary,TSLA,2025-06-05,5m,65,0,65,0,65,0,65,0
primary,TSLA,2025-06-05,30m,65,0,65,0,65,0,65,0
primary,AAPL,2025-06-06,5m,65,0,65,0,65,0,65,0
primary,AAPL,2025-06-06,30m,65,0,65,0,65,0,65,0
primary,AMZN,2025-06-06,5m,65,0,65,0,65,0,65,0
primary,AMZN,2025-06-06,30m,65,0,65,0,65,0,65,0
primary,META,2025-06-06,5m,65,0,65,0,61,0,61,0
primary,META,2025-06-06,30m,65,0,65,0,61,0,61,0
primary,MSFT,2025-06-06,5m,65,0,65,0,65,0,65,0
primary,MSFT,2025-06-06,30m,65,0,65,0,65,0,65,0
primary,NVDA,2025-06-06,5m,65,0,65,0,65,0,65,0
primary,NVDA,2025-06-06,30m,65,0,65,0,65,0,65,0
primary,TSLA,2025-06-06,5m,65,0,65,0,65,0,65,0
primary,TSLA,2025-06-06,30m,65,0,65,0,65,0,65,0
primary,AAPL,2025-06-09,5m,65,0,65,0,65,0,65,0
primary,AAPL,2025-06-09,30m,65,0,65,0,65,0,65,0
primary,AMZN,2025-06-09,5m,65,0,65,0,59,0,59,0
primary,AMZN,2025-06-09,30m,65,0,65,0,59,0,59,0
primary,META,2025-06-09,5m,65,0,65,0,65,0,65,0
primary,META,2025-06-09,30m,65,0,65,0,65,0,65,0
primary,MSFT,2025-06-09,5m,65,0,65,0,65,0,65,0
primary,MSFT,2025-06-09,30m,65,0,65,0,65,0,65,0
primary,NVDA,2025-06-09,5m,65,0,65,0,65,0,65,0
primary,NVDA,2025-06-09,30m,65,0,65,0,65,0,65,0
primary,TSLA,2025-06-09,5m,65,0,65,0,65,0,65,0
primary,TSLA,2025-06-09,30m,65,0,65,0,65,0,65,0
primary,AAPL,2025-06-10,5m,65,0,65,0,65,0,65,0
primary,AAPL,2025-06-10,30m,65,0,65,0,65,0,65,0
primary,AMZN,2025-06-10,5m,65,0,65,0,65,0,65,0
primary,AMZN,2025-06-10,30m,65,0,65,0,65,0,65,0
primary,META,2025-06-10,5m,65,0,65,0,65,0,65,0
primary,META,2025-06-10,30m,65,0,65,0,65,0,65,0
primary,MSFT,2025-06-10,5m,65,0,65,0,47,0,47,0
primary,MSFT,2025-06-10,30m,65,0,65,0,47,0,47,0
primary,NVDA,2025-06-10,5m,65,0,65,0,65,0,65,0
primary,NVDA,2025-06-10,30m,65,0,65,0,65,0,65,0
primary,TSLA,2025-06-10,5m,65,0,65,0,65,0,65,0
primary,TSLA,2025-06-10,30m,65,0,65,0,65,0,65,0
primary,AAPL,2025-06-11,5m,65,0,65,0,65,0,65,0
primary,AAPL,2025-06-11,30m,65,0,65,0,65,0,65,0
primary,AMZN,2025-06-11,5m,65,0,65,0,65,0,65,0
primary,AMZN,2025-06-11,30m,65,0,65,0,65,0,65,0
primary,META,2025-06-11,5m,65,0,65,0,59,0,59,0
primary,META,2025-06-11,30m,65,0,65,0,59,0,59,0
primary,MSFT,2025-06-11,5m,65,0,65,0,59,0,59,0
primary,MSFT,2025-06-11,30m,65,0,65,0,59,0,59,0
primary,NVDA,2025-06-11,5m,65,0,65,0,65,0,65,0
primary,NVDA,2025-06-11,30m,65,0,65,0,65,0,65,0
primary,TSLA,2025-06-11,5m,65,0,65,0,65,0,65,0
primary,TSLA,2025-06-11,30m,65,0,65,0,65,0,65,0
primary,AAPL,2025-06-12,5m,65,0,65,0,65,0,65,0
primary,AAPL,2025-06-12,30m,65,0,65,0,65,0,65,0
primary,AMZN,2025-06-12,5m,65,0,65,0,65,0,65,0
primary,AMZN,2025-06-12,30m,65,0,65,0,65,0,65,0
primary,META,2025-06-12,5m,65,0,65,0,65,0,65,0
primary,META,2025-06-12,30m,65,0,65,0,65,0,65,0
primary,MSFT,2025-06-12,5m,65,0,65,0,59,0,59,0
primary,MSFT,2025-06-12,30m,65,0,65,0,59,0,59,0
primary,NVDA,2025-06-12,5m,65,0,65,0,65,0,65,0
primary,NVDA,2025-06-12,30m,65,0,65,0,65,0,65,0
primary,TSLA,2025-06-12,5m,65,0,65,0,65,0,65,0
primary,TSLA,2025-06-12,30m,65,0,65,0,65,0,65,0
primary,AAPL,2025-06-13,5m,65,0,65,0,65,0,65,0
primary,AAPL,2025-06-13,30m,65,0,65,0,65,0,65,0
primary,AMZN,2025-06-13,5m,65,0,65,0,65,0,65,0
primary,AMZN,2025-06-13,30m,65,0,65,0,65,0,65,0
primary,META,2025-06-13,5m,65,0,65,0,65,0,65,0
primary,META,2025-06-13,30m,65,0,65,0,65,0,65,0
primary,MSFT,2025-06-13,5m,65,0,65,0,65,0,65,0
primary,MSFT,2025-06-13,30m,65,0,65,0,65,0,65,0
primary,NVDA,2025-06-13,5m,65,0,65,0,65,0,65,0
primary,NVDA,2025-06-13,30m,65,0,65,0,65,0,65,0
primary,TSLA,2025-06-13,5m,65,0,65,0,65,0,65,0
primary,TSLA,2025-06-13,30m,65,0,65,0,65,0,65,0
primary,AAPL,2025-06-16,5m,65,0,65,0,65,0,65,0
primary,AAPL,2025-06-16,30m,65,0,65,0,65,0,65,0
primary,AMZN,2025-06-16,5m,65,0,65,0,65,0,65,0
primary,AMZN,2025-06-16,30m,65,0,65,0,65,0,65,0
primary,META,2025-06-16,5m,65,0,65,0,65,0,65,0
primary,META,2025-06-16,30m,65,0,65,0,65,0,65,0
primary,MSFT,2025-06-16,5m,65,0,65,0,53,0,53,0
primary,MSFT,2025-06-16,30m,65,0,65,0,53,0,53,0
primary,NVDA,2025-06-16,5m,65,0,65,0,65,0,65,0
primary,NVDA,2025-06-16,30m,65,0,65,0,65,0,65,0
primary,TSLA,2025-06-16,5m,65,0,65,0,65,0,65,0
primary,TSLA,2025-06-16,30m,65,0,65,0,65,0,65,0
primary,AAPL,2025-06-17,5m,65,0,65,0,65,0,65,0
primary,AAPL,2025-06-17,30m,65,0,65,0,65,0,65,0
primary,AMZN,2025-06-17,5m,65,0,65,0,65,0,65,0
primary,AMZN,2025-06-17,30m,65,0,65,0,65,0,65,0
primary,META,2025-06-17,5m,65,0,65,0,65,0,65,0
primary,META,2025-06-17,30m,65,0,65,0,65,0,65,0
primary,MSFT,2025-06-17,5m,65,0,65,0,44,0,44,0
primary,MSFT,2025-06-17,30m,65,0,65,0,44,0,44,0
primary,NVDA,2025-06-17,5m,65,0,65,0,65,0,65,0
primary,NVDA,2025-06-17,30m,65,0,65,0,65,0,65,0
primary,TSLA,2025-06-17,5m,65,0,65,0,65,0,65,0
primary,TSLA,2025-06-17,30m,65,0,65,0,65,0,65,0
primary,AAPL,2025-06-18,5m,65,0,65,0,65,0,65,0
primary,AAPL,2025-06-18,30m,65,0,65,0,65,0,65,0
primary,AMZN,2025-06-18,5m,65,0,65,0,65,0,65,0
primary,AMZN,2025-06-18,30m,65,0,65,0,65,0,65,0
primary,META,2025-06-18,5m,65,0,65,0,65,0,65,0
primary,META,2025-06-18,30m,65,0,65,0,65,0,65,0
primary,MSFT,2025-06-18,5m,65,0,65,0,65,0,65,0
primary,MSFT,2025-06-18,30m,65,0,65,0,65,0,65,0
primary,NVDA,2025-06-18,5m,65,0,65,0,65,0,65,0
primary,NVDA,2025-06-18,30m,65,0,65,0,65,0,65,0
primary,TSLA,2025-06-18,5m,65,0,65,0,65,0,65,0
primary,TSLA,2025-06-18,30m,65,0,65,0,65,0,65,0
primary,AAPL,2025-06-20,5m,65,0,65,0,65,0,65,0
primary,AAPL,2025-06-20,30m,65,0,65,0,65,0,65,0
primary,AMZN,2025-06-20,5m,65,0,65,0,65,0,65,0
primary,AMZN,2025-06-20,30m,65,0,65,0,65,0,65,0
primary,META,2025-06-20,5m,65,0,65,0,65,0,65,0
primary,META,2025-06-20,30m,65,0,65,0,65,0,65,0
primary,MSFT,2025-06-20,5m,65,0,65,0,65,0,65,0
primary,MSFT,2025-06-20,30m,65,0,65,0,65,0,65,0
primary,NVDA,2025-06-20,5m,65,0,65,0,65,0,65,0
primary,NVDA,2025-06-20,30m,65,0,65,0,65,0,65,0
primary,TSLA,2025-06-20,5m,65,0,65,0,65,0,65,0
primary,TSLA,2025-06-20,30m,65,0,65,0,65,0,65,0
primary,AAPL,2025-06-23,5m,65,0,65,0,65,0,65,0
primary,AAPL,2025-06-23,30m,65,0,65,0,65,0,65,0
primary,AMZN,2025-06-23,5m,65,0,65,0,65,0,65,0
primary,AMZN,2025-06-23,30m,65,0,65,0,65,0,65,0
primary,META,2025-06-23,5m,65,0,65,0,56,0,56,0
primary,META,2025-06-23,30m,65,0,65,0,56,0,56,0
primary,MSFT,2025-06-23,5m,65,0,65,0,51,0,51,0
primary,MSFT,2025-06-23,30m,65,0,65,0,51,0,51,0
primary,NVDA,2025-06-23,5m,65,0,65,0,65,0,65,0
primary,NVDA,2025-06-23,30m,65,0,65,0,65,0,65,0
primary,TSLA,2025-06-23,5m,65,0,65,0,65,0,65,0
primary,TSLA,2025-06-23,30m,65,0,65,0,65,0,65,0
primary,AAPL,2025-06-24,5m,65,0,65,0,65,0,65,0
primary,AAPL,2025-06-24,30m,65,0,65,0,65,0,65,0
primary,AMZN,2025-06-24,5m,65,0,65,0,65,0,65,0
primary,AMZN,2025-06-24,30m,65,0,65,0,65,0,65,0
primary,META,2025-06-24,5m,65,0,65,0,65,0,65,0
primary,META,2025-06-24,30m,65,0,65,0,65,0,65,0
primary,MSFT,2025-06-24,5m,65,0,65,0,44,0,44,0
primary,MSFT,2025-06-24,30m,65,0,65,0,44,0,44,0
primary,NVDA,2025-06-24,5m,65,0,65,0,59,0,59,0
primary,NVDA,2025-06-24,30m,65,0,65,0,59,0,59,0
primary,TSLA,2025-06-24,5m,65,0,65,0,65,0,65,0
primary,TSLA,2025-06-24,30m,65,0,65,0,65,0,65,0
primary,AAPL,2025-06-25,5m,65,0,65,0,65,0,65,0
primary,AAPL,2025-06-25,30m,65,0,65,0,65,0,65,0
primary,AMZN,2025-06-25,5m,65,0,65,0,65,0,65,0
primary,AMZN,2025-06-25,30m,65,0,65,0,65,0,65,0
primary,META,2025-06-25,5m,65,0,65,0,65,0,65,0
primary,META,2025-06-25,30m,65,0,65,0,65,0,65,0
primary,MSFT,2025-06-25,5m,65,0,65,0,65,0,65,0
primary,MSFT,2025-06-25,30m,65,0,65,0,65,0,65,0
primary,NVDA,2025-06-25,5m,65,0,65,0,45,0,45,0
primary,NVDA,2025-06-25,30m,65,0,65,0,45,0,45,0
primary,TSLA,2025-06-25,5m,65,0,65,0,65,0,65,0
primary,TSLA,2025-06-25,30m,65,0,65,0,65,0,65,0
primary,AAPL,2025-06-26,5m,65,0,65,0,65,0,65,0
primary,AAPL,2025-06-26,30m,65,0,65,0,65,0,65,0
primary,AMZN,2025-06-26,5m,65,0,65,0,65,0,65,0
primary,AMZN,2025-06-26,30m,65,0,65,0,65,0,65,0
primary,META,2025-06-26,5m,65,0,65,0,65,0,65,0
primary,META,2025-06-26,30m,65,0,65,0,65,0,65,0
primary,MSFT,2025-06-26,5m,65,0,65,0,65,0,65,0
primary,MSFT,2025-06-26,30m,65,0,65,0,65,0,65,0
primary,NVDA,2025-06-26,5m,65,0,65,0,65,0,65,0
primary,NVDA,2025-06-26,30m,65,0,65,0,65,0,65,0
primary,TSLA,2025-06-26,5m,65,0,65,0,65,0,65,0
primary,TSLA,2025-06-26,30m,65,0,65,0,65,0,65,0
primary,AAPL,2025-06-27,5m,65,0,65,0,65,0,65,0
primary,AAPL,2025-06-27,30m,65,0,65,0,65,0,65,0
primary,AMZN,2025-06-27,5m,65,0,65,0,65,0,65,0
primary,AMZN,2025-06-27,30m,65,0,65,0,65,0,65,0
primary,META,2025-06-27,5m,65,0,65,0,65,0,65,0
primary,META,2025-06-27,30m,65,0,65,0,65,0,65,0
primary,MSFT,2025-06-27,5m,65,0,65,0,65,0,65,0
primary,MSFT,2025-06-27,30m,65,0,65,0,65,0,65,0
primary,NVDA,2025-06-27,5m,65,0,65,0,65,0,65,0
primary,NVDA,2025-06-27,30m,65,0,65,0,65,0,65,0
primary,TSLA,2025-06-27,5m,65,0,65,0,65,0,65,0
primary,TSLA,2025-06-27,30m,65,0,65,0,65,0,65,0
primary,AAPL,2025-06-30,5m,65,0,65,0,65,0,65,0
primary,AAPL,2025-06-30,30m,65,0,65,0,65,0,65,0
primary,AMZN,2025-06-30,5m,65,0,65,0,65,0,65,0
primary,AMZN,2025-06-30,30m,65,0,65,0,65,0,65,0
primary,META,2025-06-30,5m,65,0,65,0,62,0,62,0
primary,META,2025-06-30,30m,65,0,65,0,62,0,62,0
primary,MSFT,2025-06-30,5m,65,0,65,0,65,0,65,0
primary,MSFT,2025-06-30,30m,65,0,65,0,65,0,65,0
primary,NVDA,2025-06-30,5m,65,0,65,0,62,0,62,0
primary,NVDA,2025-06-30,30m,65,0,65,0,62,0,62,0
primary,TSLA,2025-06-30,5m,65,0,65,0,65,0,65,0
primary,TSLA,2025-06-30,30m,65,0,65,0,65,0,65,0
primary,AAPL,2025-07-01,5m,65,0,65,0,65,0,65,0
primary,AAPL,2025-07-01,30m,65,0,65,0,65,0,65,0
primary,AMZN,2025-07-01,5m,65,0,65,0,65,0,65,0
primary,AMZN,2025-07-01,30m,65,0,65,0,65,0,65,0
primary,META,2025-07-01,5m,65,0,65,0,65,0,65,0
primary,META,2025-07-01,30m,65,0,65,0,65,0,65,0
primary,MSFT,2025-07-01,5m,65,0,65,0,65,0,65,0
primary,MSFT,2025-07-01,30m,65,0,65,0,65,0,65,0
primary,NVDA,2025-07-01,5m,65,0,65,0,65,0,65,0
primary,NVDA,2025-07-01,30m,65,0,65,0,65,0,65,0
primary,TSLA,2025-07-01,5m,65,0,65,0,65,0,65,0
primary,TSLA,2025-07-01,30m,65,0,65,0,65,0,65,0
primary,AAPL,2025-07-02,5m,65,0,65,0,65,0,65,0
primary,AAPL,2025-07-02,30m,65,0,65,0,65,0,65,0
primary,AMZN,2025-07-02,5m,65,0,65,0,65,0,65,0
primary,AMZN,2025-07-02,30m,65,0,65,0,65,0,65,0
primary,META,2025-07-02,5m,65,0,65,0,54,0,54,0
primary,META,2025-07-02,30m,65,0,65,0,54,0,54,0
primary,MSFT,2025-07-02,5m,65,0,65,0,65,0,65,0
primary,MSFT,2025-07-02,30m,65,0,65,0,65,0,65,0
primary,NVDA,2025-07-02,5m,65,0,65,0,59,0,59,0
primary,NVDA,2025-07-02,30m,65,0,65,0,59,0,59,0
primary,TSLA,2025-07-02,5m,65,0,65,0,65,0,65,0
primary,TSLA,2025-07-02,30m,65,0,65,0,65,0,65,0
primary,AAPL,2025-07-03,5m,29,0,29,0,29,0,29,0
primary,AAPL,2025-07-03,30m,29,0,29,0,29,0,29,0
primary,AMZN,2025-07-03,5m,29,0,29,0,29,0,29,0
primary,AMZN,2025-07-03,30m,29,0,29,0,29,0,29,0
primary,META,2025-07-03,5m,29,0,29,0,20,0,20,0
primary,META,2025-07-03,30m,29,0,29,0,20,0,20,0
primary,MSFT,2025-07-03,5m,29,0,29,0,29,0,29,0
primary,MSFT,2025-07-03,30m,29,0,29,0,29,0,29,0
primary,NVDA,2025-07-03,5m,29,0,29,0,12,0,12,0
primary,NVDA,2025-07-03,30m,29,0,29,0,12,0,12,0
primary,TSLA,2025-07-03,5m,29,0,29,0,29,0,29,0
primary,TSLA,2025-07-03,30m,29,0,29,0,29,0,29,0
primary,AAPL,2025-07-07,5m,65,0,65,0,65,0,65,0
primary,AAPL,2025-07-07,30m,65,0,65,0,65,0,65,0
primary,AMZN,2025-07-07,5m,65,0,65,0,65,0,65,0
primary,AMZN,2025-07-07,30m,65,0,65,0,65,0,65,0
primary,META,2025-07-07,5m,65,0,65,0,65,0,65,0
primary,META,2025-07-07,30m,65,0,65,0,65,0,65,0
primary,MSFT,2025-07-07,5m,65,0,65,0,65,0,65,0
primary,MSFT,2025-07-07,30m,65,0,65,0,65,0,65,0
primary,NVDA,2025-07-07,5m,65,0,65,0,59,0,59,0
primary,NVDA,2025-07-07,30m,65,0,65,0,59,0,59,0
primary,TSLA,2025-07-07,5m,65,0,65,0,65,0,65,0
primary,TSLA,2025-07-07,30m,65,0,65,0,65,0,65,0
primary,AAPL,2025-07-08,5m,65,0,65,0,65,0,65,0
primary,AAPL,2025-07-08,30m,65,0,65,0,65,0,65,0
primary,AMZN,2025-07-08,5m,65,0,65,0,65,0,65,0
primary,AMZN,2025-07-08,30m,65,0,65,0,65,0,65,0
primary,META,2025-07-08,5m,65,0,65,0,65,0,65,0
primary,META,2025-07-08,30m,65,0,65,0,65,0,65,0
primary,MSFT,2025-07-08,5m,65,0,65,0,65,0,65,0
primary,MSFT,2025-07-08,30m,65,0,65,0,65,0,65,0
primary,NVDA,2025-07-08,5m,65,0,65,0,55,0,55,0
primary,NVDA,2025-07-08,30m,65,0,65,0,55,0,55,0
primary,TSLA,2025-07-08,5m,65,0,65,0,65,0,65,0
primary,TSLA,2025-07-08,30m,65,0,65,0,65,0,65,0
primary,AAPL,2025-07-09,5m,65,0,65,0,65,0,65,0
primary,AAPL,2025-07-09,30m,65,0,65,0,65,0,65,0
primary,AMZN,2025-07-09,5m,65,0,65,0,65,0,65,0
primary,AMZN,2025-07-09,30m,65,0,65,0,65,0,65,0
primary,META,2025-07-09,5m,65,0,65,0,65,0,65,0
primary,META,2025-07-09,30m,65,0,65,0,65,0,65,0
primary,MSFT,2025-07-09,5m,65,0,65,0,65,0,65,0
primary,MSFT,2025-07-09,30m,65,0,65,0,65,0,65,0
primary,NVDA,2025-07-09,5m,65,0,65,0,65,0,65,0
primary,NVDA,2025-07-09,30m,65,0,65,0,65,0,65,0
primary,TSLA,2025-07-09,5m,65,0,65,0,65,0,65,0
primary,TSLA,2025-07-09,30m,65,0,65,0,65,0,65,0
primary,AAPL,2025-07-10,5m,65,0,65,0,65,0,65,0
primary,AAPL,2025-07-10,30m,65,0,65,0,65,0,65,0
primary,AMZN,2025-07-10,5m,65,0,65,0,44,0,44,0
primary,AMZN,2025-07-10,30m,65,0,65,0,44,0,44,0
primary,META,2025-07-10,5m,65,0,65,0,65,0,65,0
primary,META,2025-07-10,30m,65,0,65,0,65,0,65,0
primary,MSFT,2025-07-10,5m,65,0,65,0,46,0,46,0
primary,MSFT,2025-07-10,30m,65,0,65,0,46,0,46,0
primary,NVDA,2025-07-10,5m,65,0,65,0,65,0,65,0
primary,NVDA,2025-07-10,30m,65,0,65,0,65,0,65,0
primary,TSLA,2025-07-10,5m,65,0,65,0,65,0,65,0
primary,TSLA,2025-07-10,30m,65,0,65,0,65,0,65,0
primary,AAPL,2025-07-11,5m,65,0,65,0,65,0,65,0
primary,AAPL,2025-07-11,30m,65,0,65,0,65,0,65,0
primary,AMZN,2025-07-11,5m,65,0,65,0,65,0,65,0
primary,AMZN,2025-07-11,30m,65,0,65,0,65,0,65,0
primary,META,2025-07-11,5m,65,0,65,0,65,0,65,0
primary,META,2025-07-11,30m,65,0,65,0,65,0,65,0
primary,MSFT,2025-07-11,5m,65,0,65,0,65,0,65,0
primary,MSFT,2025-07-11,30m,65,0,65,0,65,0,65,0
primary,NVDA,2025-07-11,5m,65,0,65,0,65,0,65,0
primary,NVDA,2025-07-11,30m,65,0,65,0,65,0,65,0
primary,TSLA,2025-07-11,5m,65,0,65,0,65,0,65,0
primary,TSLA,2025-07-11,30m,65,0,65,0,65,0,65,0
primary,AAPL,2025-07-14,5m,65,0,65,0,65,0,65,0
primary,AAPL,2025-07-14,30m,65,0,65,0,65,0,65,0
primary,AMZN,2025-07-14,5m,65,0,65,0,65,0,65,0
primary,AMZN,2025-07-14,30m,65,0,65,0,65,0,65,0
primary,META,2025-07-14,5m,65,0,65,0,65,0,65,0
primary,META,2025-07-14,30m,65,0,65,0,65,0,65,0
primary,MSFT,2025-07-14,5m,65,0,65,0,59,0,59,0
primary,MSFT,2025-07-14,30m,65,0,65,0,59,0,59,0
primary,NVDA,2025-07-14,5m,65,0,65,0,65,0,65,0
primary,NVDA,2025-07-14,30m,65,0,65,0,65,0,65,0
primary,TSLA,2025-07-14,5m,65,0,65,0,65,0,65,0
primary,TSLA,2025-07-14,30m,65,0,65,0,65,0,65,0
primary,AAPL,2025-07-15,5m,65,0,65,0,65,0,65,0
primary,AAPL,2025-07-15,30m,65,0,65,0,65,0,65,0
primary,AMZN,2025-07-15,5m,65,0,65,0,65,0,65,0
primary,AMZN,2025-07-15,30m,65,0,65,0,65,0,65,0
primary,META,2025-07-15,5m,65,0,65,0,65,0,65,0
primary,META,2025-07-15,30m,65,0,65,0,65,0,65,0
primary,MSFT,2025-07-15,5m,65,0,65,0,59,0,59,0
primary,MSFT,2025-07-15,30m,65,0,65,0,59,0,59,0
primary,NVDA,2025-07-15,5m,65,0,65,0,65,0,65,0
primary,NVDA,2025-07-15,30m,65,0,65,0,65,0,65,0
primary,TSLA,2025-07-15,5m,65,0,65,0,65,0,65,0
primary,TSLA,2025-07-15,30m,65,0,65,0,65,0,65,0
primary,AAPL,2025-07-16,5m,65,0,65,0,65,0,65,0
primary,AAPL,2025-07-16,30m,65,0,65,0,65,0,65,0
primary,AMZN,2025-07-16,5m,65,0,65,0,65,0,65,0
primary,AMZN,2025-07-16,30m,65,0,65,0,65,0,65,0
primary,META,2025-07-16,5m,65,0,65,0,65,0,65,0
primary,META,2025-07-16,30m,65,0,65,0,65,0,65,0
primary,MSFT,2025-07-16,5m,65,0,65,0,65,0,65,0
primary,MSFT,2025-07-16,30m,65,0,65,0,65,0,65,0
primary,NVDA,2025-07-16,5m,65,0,65,0,65,0,65,0
primary,NVDA,2025-07-16,30m,65,0,65,0,65,0,65,0
primary,TSLA,2025-07-16,5m,65,0,65,0,65,0,65,0
primary,TSLA,2025-07-16,30m,65,0,65,0,65,0,65,0
primary,AAPL,2025-07-17,5m,65,0,65,0,65,0,65,0
primary,AAPL,2025-07-17,30m,65,0,65,0,65,0,65,0
primary,AMZN,2025-07-17,5m,65,0,65,0,65,0,65,0
primary,AMZN,2025-07-17,30m,65,0,65,0,65,0,65,0
primary,META,2025-07-17,5m,65,0,65,0,65,0,65,0
primary,META,2025-07-17,30m,65,0,65,0,65,0,65,0
primary,MSFT,2025-07-17,5m,65,0,65,0,65,0,65,0
primary,MSFT,2025-07-17,30m,65,0,65,0,65,0,65,0
primary,NVDA,2025-07-17,5m,65,0,65,0,65,0,65,0
primary,NVDA,2025-07-17,30m,65,0,65,0,65,0,65,0
primary,TSLA,2025-07-17,5m,65,0,65,0,65,0,65,0
primary,TSLA,2025-07-17,30m,65,0,65,0,65,0,65,0
primary,AAPL,2025-07-18,5m,65,0,65,0,65,0,65,0
primary,AAPL,2025-07-18,30m,65,0,65,0,65,0,65,0
primary,AMZN,2025-07-18,5m,65,0,65,0,65,0,65,0
primary,AMZN,2025-07-18,30m,65,0,65,0,65,0,65,0
primary,META,2025-07-18,5m,65,0,65,0,65,0,65,0
primary,META,2025-07-18,30m,65,0,65,0,65,0,65,0
primary,MSFT,2025-07-18,5m,65,0,65,0,65,0,65,0
primary,MSFT,2025-07-18,30m,65,0,65,0,65,0,65,0
primary,NVDA,2025-07-18,5m,65,0,65,0,65,0,65,0
primary,NVDA,2025-07-18,30m,65,0,65,0,65,0,65,0
primary,TSLA,2025-07-18,5m,65,0,65,0,65,0,65,0
primary,TSLA,2025-07-18,30m,65,0,65,0,65,0,65,0
primary,AAPL,2025-07-21,5m,65,0,65,0,65,0,65,0
primary,AAPL,2025-07-21,30m,65,0,65,0,65,0,65,0
primary,AMZN,2025-07-21,5m,65,0,65,0,65,0,65,0
primary,AMZN,2025-07-21,30m,65,0,65,0,65,0,65,0
primary,META,2025-07-21,5m,65,0,65,0,65,0,65,0
primary,META,2025-07-21,30m,65,0,65,0,65,0,65,0
primary,MSFT,2025-07-21,5m,65,0,65,0,65,0,65,0
primary,MSFT,2025-07-21,30m,65,0,65,0,65,0,65,0
primary,NVDA,2025-07-21,5m,65,0,65,0,65,0,65,0
primary,NVDA,2025-07-21,30m,65,0,65,0,65,0,65,0
primary,TSLA,2025-07-21,5m,65,0,65,0,65,0,65,0
primary,TSLA,2025-07-21,30m,65,0,65,0,65,0,65,0
primary,AAPL,2025-07-22,5m,65,0,65,0,65,0,65,0
primary,AAPL,2025-07-22,30m,65,0,65,0,65,0,65,0
primary,AMZN,2025-07-22,5m,65,0,65,0,65,0,65,0
primary,AMZN,2025-07-22,30m,65,0,65,0,65,0,65,0
primary,META,2025-07-22,5m,65,0,65,0,65,0,65,0
primary,META,2025-07-22,30m,65,0,65,0,65,0,65,0
primary,MSFT,2025-07-22,5m,65,0,65,0,65,0,65,0
primary,MSFT,2025-07-22,30m,65,0,65,0,65,0,65,0
primary,NVDA,2025-07-22,5m,65,0,65,0,65,0,65,0
primary,NVDA,2025-07-22,30m,65,0,65,0,65,0,65,0
primary,TSLA,2025-07-22,5m,65,0,65,0,65,0,65,0
primary,TSLA,2025-07-22,30m,65,0,65,0,65,0,65,0
primary,AAPL,2025-07-23,5m,65,0,65,0,59,0,59,0
primary,AAPL,2025-07-23,30m,65,0,65,0,59,0,59,0
primary,AMZN,2025-07-23,5m,65,0,65,0,65,0,65,0
primary,AMZN,2025-07-23,30m,65,0,65,0,65,0,65,0
primary,META,2025-07-23,5m,65,0,65,0,65,0,65,0
primary,META,2025-07-23,30m,65,0,65,0,65,0,65,0
primary,MSFT,2025-07-23,5m,65,0,65,0,65,0,65,0
primary,MSFT,2025-07-23,30m,65,0,65,0,65,0,65,0
primary,NVDA,2025-07-23,5m,65,0,65,0,65,0,65,0
primary,NVDA,2025-07-23,30m,65,0,65,0,65,0,65,0
primary,TSLA,2025-07-23,5m,65,0,65,0,65,0,65,0
primary,TSLA,2025-07-23,30m,65,0,65,0,65,0,65,0
primary,AAPL,2025-07-24,5m,65,0,65,0,65,0,65,0
primary,AAPL,2025-07-24,30m,65,0,65,0,65,0,65,0
primary,AMZN,2025-07-24,5m,65,0,65,0,65,0,65,0
primary,AMZN,2025-07-24,30m,65,0,65,0,65,0,65,0
primary,META,2025-07-24,5m,65,0,65,0,65,0,65,0
primary,META,2025-07-24,30m,65,0,65,0,65,0,65,0
primary,MSFT,2025-07-24,5m,65,0,65,0,65,0,65,0
primary,MSFT,2025-07-24,30m,65,0,65,0,65,0,65,0
primary,NVDA,2025-07-24,5m,65,0,65,0,65,0,65,0
primary,NVDA,2025-07-24,30m,65,0,65,0,65,0,65,0
primary,TSLA,2025-07-24,5m,65,0,65,0,65,0,65,0
primary,TSLA,2025-07-24,30m,65,0,65,0,65,0,65,0
primary,AAPL,2025-07-25,5m,65,0,65,0,65,0,65,0
primary,AAPL,2025-07-25,30m,65,0,65,0,65,0,65,0
primary,AMZN,2025-07-25,5m,65,0,65,0,65,0,65,0
primary,AMZN,2025-07-25,30m,65,0,65,0,65,0,65,0
primary,META,2025-07-25,5m,65,0,65,0,65,0,65,0
primary,META,2025-07-25,30m,65,0,65,0,65,0,65,0
primary,MSFT,2025-07-25,5m,65,0,65,0,65,0,65,0
primary,MSFT,2025-07-25,30m,65,0,65,0,65,0,65,0
primary,NVDA,2025-07-25,5m,65,0,65,0,65,0,65,0
primary,NVDA,2025-07-25,30m,65,0,65,0,65,0,65,0
primary,TSLA,2025-07-25,5m,65,0,65,0,65,0,65,0
primary,TSLA,2025-07-25,30m,65,0,65,0,65,0,65,0
primary,AAPL,2025-07-28,5m,65,0,65,0,65,0,65,0
primary,AAPL,2025-07-28,30m,65,0,65,0,65,0,65,0
primary,AMZN,2025-07-28,5m,65,0,65,0,65,0,65,0
primary,AMZN,2025-07-28,30m,65,0,65,0,65,0,65,0
primary,META,2025-07-28,5m,65,0,65,0,65,0,65,0
primary,META,2025-07-28,30m,65,0,65,0,65,0,65,0
primary,MSFT,2025-07-28,5m,65,0,65,0,59,0,59,0
primary,MSFT,2025-07-28,30m,65,0,65,0,59,0,59,0
primary,NVDA,2025-07-28,5m,65,0,65,0,65,0,65,0
primary,NVDA,2025-07-28,30m,65,0,65,0,65,0,65,0
primary,TSLA,2025-07-28,5m,65,0,65,0,65,0,65,0
primary,TSLA,2025-07-28,30m,65,0,65,0,65,0,65,0
primary,AAPL,2025-07-29,5m,65,0,65,0,65,0,65,0
primary,AAPL,2025-07-29,30m,65,0,65,0,65,0,65,0
primary,AMZN,2025-07-29,5m,65,0,65,0,65,0,65,0
primary,AMZN,2025-07-29,30m,65,0,65,0,65,0,65,0
primary,META,2025-07-29,5m,65,0,65,0,65,0,65,0
primary,META,2025-07-29,30m,65,0,65,0,65,0,65,0
primary,MSFT,2025-07-29,5m,65,0,65,0,59,0,59,0
primary,MSFT,2025-07-29,30m,65,0,65,0,59,0,59,0
primary,NVDA,2025-07-29,5m,65,0,65,0,65,0,65,0
primary,NVDA,2025-07-29,30m,65,0,65,0,65,0,65,0
primary,TSLA,2025-07-29,5m,65,0,65,0,65,0,65,0
primary,TSLA,2025-07-29,30m,65,0,65,0,65,0,65,0
primary,AAPL,2025-07-30,5m,65,0,65,0,65,0,65,0
primary,AAPL,2025-07-30,30m,65,0,65,0,65,0,65,0
primary,AMZN,2025-07-30,5m,65,0,65,0,65,0,65,0
primary,AMZN,2025-07-30,30m,65,0,65,0,65,0,65,0
primary,META,2025-07-30,5m,65,0,65,0,65,0,65,0
primary,META,2025-07-30,30m,65,0,65,0,65,0,65,0
primary,MSFT,2025-07-30,5m,65,0,65,0,65,0,65,0
primary,MSFT,2025-07-30,30m,65,0,65,0,65,0,65,0
primary,NVDA,2025-07-30,5m,65,0,65,0,65,0,65,0
primary,NVDA,2025-07-30,30m,65,0,65,0,65,0,65,0
primary,TSLA,2025-07-30,5m,65,0,65,0,65,0,65,0
primary,TSLA,2025-07-30,30m,65,0,65,0,65,0,65,0
primary,AAPL,2025-07-31,5m,65,0,65,0,65,0,65,0
primary,AAPL,2025-07-31,30m,65,0,65,0,65,0,65,0
primary,AMZN,2025-07-31,5m,65,0,65,0,65,0,65,0
primary,AMZN,2025-07-31,30m,65,0,65,0,65,0,65,0
primary,META,2025-07-31,5m,65,0,65,0,65,0,65,0
primary,META,2025-07-31,30m,65,0,65,0,65,0,65,0
primary,MSFT,2025-07-31,5m,65,0,65,0,65,0,65,0
primary,MSFT,2025-07-31,30m,65,0,65,0,65,0,65,0
primary,NVDA,2025-07-31,5m,65,0,65,0,65,0,65,0
primary,NVDA,2025-07-31,30m,65,0,65,0,65,0,65,0
primary,TSLA,2025-07-31,5m,65,0,65,0,65,0,65,0
primary,TSLA,2025-07-31,30m,65,0,65,0,65,0,65,0
primary,AAPL,2025-08-01,5m,65,0,65,0,65,0,65,0
primary,AAPL,2025-08-01,30m,65,0,65,0,65,0,65,0
primary,AMZN,2025-08-01,5m,65,0,65,0,65,0,65,0
primary,AMZN,2025-08-01,30m,65,0,65,0,65,0,65,0
primary,META,2025-08-01,5m,65,0,65,0,65,0,65,0
primary,META,2025-08-01,30m,65,0,65,0,65,0,65,0
primary,MSFT,2025-08-01,5m,65,0,65,0,65,0,65,0
primary,MSFT,2025-08-01,30m,65,0,65,0,65,0,65,0
primary,NVDA,2025-08-01,5m,65,0,65,0,65,0,65,0
primary,NVDA,2025-08-01,30m,65,0,65,0,65,0,65,0
primary,TSLA,2025-08-01,5m,65,0,65,0,65,0,65,0
primary,TSLA,2025-08-01,30m,65,0,65,0,65,0,65,0
primary,AAPL,2025-08-04,5m,65,0,65,0,65,0,65,0
primary,AAPL,2025-08-04,30m,65,0,65,0,65,0,65,0
primary,AMZN,2025-08-04,5m,65,0,65,0,65,0,65,0
primary,AMZN,2025-08-04,30m,65,0,65,0,65,0,65,0
primary,META,2025-08-04,5m,65,0,65,0,65,0,65,0
primary,META,2025-08-04,30m,65,0,65,0,65,0,65,0
primary,MSFT,2025-08-04,5m,65,0,65,0,59,0,59,0
primary,MSFT,2025-08-04,30m,65,0,65,0,59,0,59,0
primary,NVDA,2025-08-04,5m,65,0,65,0,59,0,59,0
primary,NVDA,2025-08-04,30m,65,0,65,0,59,0,59,0
primary,TSLA,2025-08-04,5m,65,0,65,0,65,0,65,0
primary,TSLA,2025-08-04,30m,65,0,65,0,65,0,65,0
primary,AAPL,2025-08-05,5m,65,0,65,0,65,0,65,0
primary,AAPL,2025-08-05,30m,65,0,65,0,65,0,65,0
primary,AMZN,2025-08-05,5m,65,0,65,0,65,0,65,0
primary,AMZN,2025-08-05,30m,65,0,65,0,65,0,65,0
primary,META,2025-08-05,5m,65,0,65,0,65,0,65,0
primary,META,2025-08-05,30m,65,0,65,0,65,0,65,0
primary,MSFT,2025-08-05,5m,65,0,65,0,58,0,58,0
primary,MSFT,2025-08-05,30m,65,0,65,0,58,0,58,0
primary,NVDA,2025-08-05,5m,65,0,65,0,65,0,65,0
primary,NVDA,2025-08-05,30m,65,0,65,0,65,0,65,0
primary,TSLA,2025-08-05,5m,65,0,65,0,65,0,65,0
primary,TSLA,2025-08-05,30m,65,0,65,0,65,0,65,0
primary,AAPL,2025-08-06,5m,65,0,65,0,65,0,65,0
primary,AAPL,2025-08-06,30m,65,0,65,0,65,0,65,0
primary,AMZN,2025-08-06,5m,65,0,65,0,65,0,65,0
primary,AMZN,2025-08-06,30m,65,0,65,0,65,0,65,0
primary,META,2025-08-06,5m,65,0,65,0,65,0,65,0
primary,META,2025-08-06,30m,65,0,65,0,65,0,65,0
primary,MSFT,2025-08-06,5m,65,0,65,0,65,0,65,0
primary,MSFT,2025-08-06,30m,65,0,65,0,65,0,65,0
primary,NVDA,2025-08-06,5m,65,0,65,0,65,0,65,0
primary,NVDA,2025-08-06,30m,65,0,65,0,65,0,65,0
primary,TSLA,2025-08-06,5m,65,0,65,0,65,0,65,0
primary,TSLA,2025-08-06,30m,65,0,65,0,65,0,65,0
primary,AAPL,2025-08-07,5m,65,0,65,0,65,0,65,0
primary,AAPL,2025-08-07,30m,65,0,65,0,65,0,65,0
primary,AMZN,2025-08-07,5m,65,0,65,0,65,0,65,0
primary,AMZN,2025-08-07,30m,65,0,65,0,65,0,65,0
primary,META,2025-08-07,5m,65,0,65,0,65,0,65,0
primary,META,2025-08-07,30m,65,0,65,0,65,0,65,0
primary,MSFT,2025-08-07,5m,65,0,65,0,53,0,53,0
primary,MSFT,2025-08-07,30m,65,0,65,0,53,0,53,0
primary,NVDA,2025-08-07,5m,65,0,65,0,65,0,65,0
primary,NVDA,2025-08-07,30m,65,0,65,0,65,0,65,0
primary,TSLA,2025-08-07,5m,65,0,65,0,65,0,65,0
primary,TSLA,2025-08-07,30m,65,0,65,0,65,0,65,0
primary,AAPL,2025-08-08,5m,65,0,65,0,65,0,65,0
primary,AAPL,2025-08-08,30m,65,0,65,0,65,0,65,0
primary,AMZN,2025-08-08,5m,65,0,65,0,65,0,65,0
primary,AMZN,2025-08-08,30m,65,0,65,0,65,0,65,0
primary,META,2025-08-08,5m,65,0,65,0,65,0,65,0
primary,META,2025-08-08,30m,65,0,65,0,65,0,65,0
primary,MSFT,2025-08-08,5m,65,0,65,0,65,0,65,0
primary,MSFT,2025-08-08,30m,65,0,65,0,65,0,65,0
primary,NVDA,2025-08-08,5m,65,0,65,0,65,0,65,0
primary,NVDA,2025-08-08,30m,65,0,65,0,65,0,65,0
primary,TSLA,2025-08-08,5m,65,0,65,0,65,0,65,0
primary,TSLA,2025-08-08,30m,65,0,65,0,65,0,65,0
primary,AAPL,2025-08-11,5m,65,0,65,0,65,0,65,0
primary,AAPL,2025-08-11,30m,65,0,65,0,65,0,65,0
primary,AMZN,2025-08-11,5m,65,0,65,0,65,0,65,0
primary,AMZN,2025-08-11,30m,65,0,65,0,65,0,65,0
primary,META,2025-08-11,5m,65,0,65,0,65,0,65,0
primary,META,2025-08-11,30m,65,0,65,0,65,0,65,0
primary,MSFT,2025-08-11,5m,65,0,65,0,65,0,65,0
primary,MSFT,2025-08-11,30m,65,0,65,0,65,0,65,0
primary,NVDA,2025-08-11,5m,65,0,65,0,65,0,65,0
primary,NVDA,2025-08-11,30m,65,0,65,0,65,0,65,0
primary,TSLA,2025-08-11,5m,65,0,65,0,65,0,65,0
primary,TSLA,2025-08-11,30m,65,0,65,0,65,0,65,0
primary,AAPL,2025-08-12,5m,65,0,65,0,65,0,65,0
primary,AAPL,2025-08-12,30m,65,0,65,0,65,0,65,0
primary,AMZN,2025-08-12,5m,65,0,65,0,65,0,65,0
primary,AMZN,2025-08-12,30m,65,0,65,0,65,0,65,0
primary,META,2025-08-12,5m,65,0,65,0,65,0,65,0
primary,META,2025-08-12,30m,65,0,65,0,65,0,65,0
primary,MSFT,2025-08-12,5m,65,0,65,0,65,0,65,0
primary,MSFT,2025-08-12,30m,65,0,65,0,65,0,65,0
primary,NVDA,2025-08-12,5m,65,0,65,0,65,0,65,0
primary,NVDA,2025-08-12,30m,65,0,65,0,65,0,65,0
primary,TSLA,2025-08-12,5m,65,0,65,0,65,0,65,0
primary,TSLA,2025-08-12,30m,65,0,65,0,65,0,65,0
primary,AAPL,2025-08-13,5m,65,0,65,0,65,0,65,0
primary,AAPL,2025-08-13,30m,65,0,65,0,65,0,65,0
primary,AMZN,2025-08-13,5m,65,0,65,0,65,0,65,0
primary,AMZN,2025-08-13,30m,65,0,65,0,65,0,65,0
primary,META,2025-08-13,5m,65,0,65,0,65,0,65,0
primary,META,2025-08-13,30m,65,0,65,0,65,0,65,0
primary,MSFT,2025-08-13,5m,65,0,65,0,65,0,65,0
primary,MSFT,2025-08-13,30m,65,0,65,0,65,0,65,0
primary,NVDA,2025-08-13,5m,65,0,65,0,65,0,65,0
primary,NVDA,2025-08-13,30m,65,0,65,0,65,0,65,0
primary,TSLA,2025-08-13,5m,65,0,65,0,65,0,65,0
primary,TSLA,2025-08-13,30m,65,0,65,0,65,0,65,0
primary,AAPL,2025-08-14,5m,65,0,65,0,65,0,65,0
primary,AAPL,2025-08-14,30m,65,0,65,0,65,0,65,0
primary,AMZN,2025-08-14,5m,65,0,65,0,65,0,65,0
primary,AMZN,2025-08-14,30m,65,0,65,0,65,0,65,0
primary,META,2025-08-14,5m,65,0,65,0,65,0,65,0
primary,META,2025-08-14,30m,65,0,65,0,65,0,65,0
primary,MSFT,2025-08-14,5m,65,0,65,0,59,0,59,0
primary,MSFT,2025-08-14,30m,65,0,65,0,59,0,59,0
primary,NVDA,2025-08-14,5m,65,0,65,0,59,0,59,0
primary,NVDA,2025-08-14,30m,65,0,65,0,59,0,59,0
primary,TSLA,2025-08-14,5m,65,0,65,0,65,0,65,0
primary,TSLA,2025-08-14,30m,65,0,65,0,65,0,65,0
primary,AAPL,2025-08-15,5m,65,0,65,0,65,0,65,0
primary,AAPL,2025-08-15,30m,65,0,65,0,65,0,65,0
primary,AMZN,2025-08-15,5m,65,0,65,0,62,0,62,0
primary,AMZN,2025-08-15,30m,65,0,65,0,62,0,62,0
primary,META,2025-08-15,5m,65,0,65,0,65,0,65,0
primary,META,2025-08-15,30m,65,0,65,0,65,0,65,0
primary,MSFT,2025-08-15,5m,65,0,65,0,65,0,65,0
primary,MSFT,2025-08-15,30m,65,0,65,0,65,0,65,0
primary,NVDA,2025-08-15,5m,65,0,65,0,65,0,65,0
primary,NVDA,2025-08-15,30m,65,0,65,0,65,0,65,0
primary,TSLA,2025-08-15,5m,65,0,65,0,65,0,65,0
primary,TSLA,2025-08-15,30m,65,0,65,0,65,0,65,0
primary,AAPL,2025-08-18,5m,65,0,65,0,53,0,53,0
primary,AAPL,2025-08-18,30m,65,0,65,0,53,0,53,0
primary,AMZN,2025-08-18,5m,65,0,65,0,65,0,65,0
primary,AMZN,2025-08-18,30m,65,0,65,0,65,0,65,0
primary,META,2025-08-18,5m,64,0,64,0,64,0,64,0
primary,META,2025-08-18,30m,64,0,64,0,64,0,64,0
primary,MSFT,2025-08-18,5m,65,0,65,0,65,0,65,0
primary,MSFT,2025-08-18,30m,65,0,65,0,65,0,65,0
primary,NVDA,2025-08-18,5m,65,0,65,0,57,0,57,0
primary,NVDA,2025-08-18,30m,65,0,65,0,57,0,57,0
primary,TSLA,2025-08-18,5m,65,0,65,0,65,0,65,0
primary,TSLA,2025-08-18,30m,65,0,65,0,65,0,65,0
primary,AAPL,2025-08-19,5m,65,0,65,0,50,0,50,0
primary,AAPL,2025-08-19,30m,65,0,65,0,50,0,50,0
primary,AMZN,2025-08-19,5m,65,0,65,0,59,0,59,0
primary,AMZN,2025-08-19,30m,65,0,65,0,59,0,59,0
primary,META,2025-08-19,5m,65,0,65,0,65,0,65,0
primary,META,2025-08-19,30m,65,0,65,0,65,0,65,0
primary,MSFT,2025-08-19,5m,65,0,65,0,65,0,65,0
primary,MSFT,2025-08-19,30m,65,0,65,0,65,0,65,0
primary,NVDA,2025-08-19,5m,65,0,65,0,44,0,44,0
primary,NVDA,2025-08-19,30m,65,0,65,0,44,0,44,0
primary,TSLA,2025-08-19,5m,65,0,65,0,65,0,65,0
primary,TSLA,2025-08-19,30m,65,0,65,0,65,0,65,0
primary,AAPL,2025-08-20,5m,65,0,65,0,65,0,65,0
primary,AAPL,2025-08-20,30m,65,0,65,0,65,0,65,0
primary,AMZN,2025-08-20,5m,65,0,65,0,59,0,59,0
primary,AMZN,2025-08-20,30m,65,0,65,0,59,0,59,0
primary,META,2025-08-20,5m,65,0,65,0,65,0,65,0
primary,META,2025-08-20,30m,65,0,65,0,65,0,65,0
primary,MSFT,2025-08-20,5m,65,0,65,0,65,0,65,0
primary,MSFT,2025-08-20,30m,65,0,65,0,65,0,65,0
primary,NVDA,2025-08-20,5m,65,0,65,0,59,0,59,0
primary,NVDA,2025-08-20,30m,65,0,65,0,59,0,59,0
primary,TSLA,2025-08-20,5m,65,0,65,0,65,0,65,0
primary,TSLA,2025-08-20,30m,65,0,65,0,65,0,65,0
primary,AAPL,2025-08-21,5m,65,2,63,0,65,2,63,0
primary,AAPL,2025-08-21,30m,65,0,65,0,65,0,65,0
primary,AMZN,2025-08-21,5m,65,1,64,0,53,1,52,0
primary,AMZN,2025-08-21,30m,65,0,65,0,53,0,53,0
primary,META,2025-08-21,5m,65,2,63,0,65,2,63,0
primary,META,2025-08-21,30m,65,0,65,0,65,0,65,0
primary,MSFT,2025-08-21,5m,65,2,63,0,65,2,63,0
primary,MSFT,2025-08-21,30m,65,0,65,0,65,0,65,0
primary,NVDA,2025-08-21,5m,65,1,64,0,65,1,64,0
primary,NVDA,2025-08-21,30m,65,0,65,0,65,0,65,0
primary,TSLA,2025-08-21,5m,65,2,63,0,65,2,63,0
primary,TSLA,2025-08-21,30m,65,0,65,0,65,0,65,0
primary,AAPL,2025-08-22,5m,65,0,65,0,65,0,65,0
primary,AAPL,2025-08-22,30m,65,0,65,0,65,0,65,0
primary,AMZN,2025-08-22,5m,65,0,65,0,65,0,65,0
primary,AMZN,2025-08-22,30m,65,0,65,0,65,0,65,0
primary,META,2025-08-22,5m,65,0,65,0,65,0,65,0
primary,META,2025-08-22,30m,65,0,65,0,65,0,65,0
primary,MSFT,2025-08-22,5m,65,0,65,0,65,0,65,0
primary,MSFT,2025-08-22,30m,65,0,65,0,65,0,65,0
primary,NVDA,2025-08-22,5m,65,0,65,0,65,0,65,0
primary,NVDA,2025-08-22,30m,65,0,65,0,65,0,65,0
primary,TSLA,2025-08-22,5m,65,0,65,0,65,0,65,0
primary,TSLA,2025-08-22,30m,65,0,65,0,65,0,65,0
primary,AAPL,2025-08-25,5m,65,0,65,0,65,0,65,0
primary,AAPL,2025-08-25,30m,65,0,65,0,65,0,65,0
primary,AMZN,2025-08-25,5m,65,0,65,0,59,0,59,0
primary,AMZN,2025-08-25,30m,65,0,65,0,59,0,59,0
primary,META,2025-08-25,5m,65,0,65,0,65,0,65,0
primary,META,2025-08-25,30m,65,0,65,0,65,0,65,0
primary,MSFT,2025-08-25,5m,65,0,65,0,65,0,65,0
primary,MSFT,2025-08-25,30m,65,0,65,0,65,0,65,0
primary,NVDA,2025-08-25,5m,65,0,65,0,65,0,65,0
primary,NVDA,2025-08-25,30m,65,0,65,0,65,0,65,0
primary,TSLA,2025-08-25,5m,65,0,65,0,65,0,65,0
primary,TSLA,2025-08-25,30m,65,0,65,0,65,0,65,0
primary,AAPL,2025-08-26,5m,65,0,65,0,65,0,65,0
primary,AAPL,2025-08-26,30m,65,0,65,0,65,0,65,0
primary,AMZN,2025-08-26,5m,65,0,65,0,65,0,65,0
primary,AMZN,2025-08-26,30m,65,0,65,0,65,0,65,0
primary,META,2025-08-26,5m,65,0,65,0,65,0,65,0
primary,META,2025-08-26,30m,65,0,65,0,65,0,65,0
primary,MSFT,2025-08-26,5m,65,0,65,0,65,0,65,0
primary,MSFT,2025-08-26,30m,65,0,65,0,65,0,65,0
primary,NVDA,2025-08-26,5m,65,0,65,0,65,0,65,0
primary,NVDA,2025-08-26,30m,65,0,65,0,65,0,65,0
primary,TSLA,2025-08-26,5m,65,0,65,0,65,0,65,0
primary,TSLA,2025-08-26,30m,65,0,65,0,65,0,65,0
primary,AAPL,2025-08-27,5m,65,0,65,0,59,0,59,0
primary,AAPL,2025-08-27,30m,65,0,65,0,59,0,59,0
primary,AMZN,2025-08-27,5m,65,0,65,0,65,0,65,0
primary,AMZN,2025-08-27,30m,65,0,65,0,65,0,65,0
primary,META,2025-08-27,5m,65,0,65,0,65,0,65,0
primary,META,2025-08-27,30m,65,0,65,0,65,0,65,0
primary,MSFT,2025-08-27,5m,65,0,65,0,65,0,65,0
primary,MSFT,2025-08-27,30m,65,0,65,0,65,0,65,0
primary,NVDA,2025-08-27,5m,65,0,65,0,65,0,65,0
primary,NVDA,2025-08-27,30m,65,0,65,0,65,0,65,0
primary,TSLA,2025-08-27,5m,65,0,65,0,65,0,65,0
primary,TSLA,2025-08-27,30m,65,0,65,0,65,0,65,0
primary,AAPL,2025-08-28,5m,65,0,65,0,65,0,65,0
primary,AAPL,2025-08-28,30m,65,0,65,0,65,0,65,0
primary,AMZN,2025-08-28,5m,65,0,65,0,65,0,65,0
primary,AMZN,2025-08-28,30m,65,0,65,0,65,0,65,0
primary,META,2025-08-28,5m,65,0,65,0,65,0,65,0
primary,META,2025-08-28,30m,65,0,65,0,65,0,65,0
primary,MSFT,2025-08-28,5m,65,0,65,0,65,0,65,0
primary,MSFT,2025-08-28,30m,65,0,65,0,65,0,65,0
primary,NVDA,2025-08-28,5m,65,0,65,0,65,0,65,0
primary,NVDA,2025-08-28,30m,65,0,65,0,65,0,65,0
primary,TSLA,2025-08-28,5m,65,0,65,0,65,0,65,0
primary,TSLA,2025-08-28,30m,65,0,65,0,65,0,65,0
primary,AAPL,2025-08-29,5m,65,0,65,0,65,0,65,0
primary,AAPL,2025-08-29,30m,65,0,65,0,65,0,65,0
primary,AMZN,2025-08-29,5m,65,0,65,0,65,0,65,0
primary,AMZN,2025-08-29,30m,65,0,65,0,65,0,65,0
primary,META,2025-08-29,5m,65,0,65,0,65,0,65,0
primary,META,2025-08-29,30m,65,0,65,0,65,0,65,0
primary,MSFT,2025-08-29,5m,65,0,65,0,65,0,65,0
primary,MSFT,2025-08-29,30m,65,0,65,0,65,0,65,0
primary,NVDA,2025-08-29,5m,65,0,65,0,65,0,65,0
primary,NVDA,2025-08-29,30m,65,0,65,0,65,0,65,0
primary,TSLA,2025-08-29,5m,65,0,65,0,65,0,65,0
primary,TSLA,2025-08-29,30m,65,0,65,0,65,0,65,0
primary,AAPL,2025-09-02,5m,65,0,65,0,65,0,65,0
primary,AAPL,2025-09-02,30m,65,0,65,0,65,0,65,0
primary,AMZN,2025-09-02,5m,65,0,65,0,59,0,59,0
primary,AMZN,2025-09-02,30m,65,0,65,0,59,0,59,0
primary,META,2025-09-02,5m,65,0,65,0,65,0,65,0
primary,META,2025-09-02,30m,65,0,65,0,65,0,65,0
primary,MSFT,2025-09-02,5m,65,0,65,0,65,0,65,0
primary,MSFT,2025-09-02,30m,65,0,65,0,65,0,65,0
primary,NVDA,2025-09-02,5m,65,0,65,0,65,0,65,0
primary,NVDA,2025-09-02,30m,65,0,65,0,65,0,65,0
primary,TSLA,2025-09-02,5m,65,0,65,0,65,0,65,0
primary,TSLA,2025-09-02,30m,65,0,65,0,65,0,65,0
primary,AAPL,2025-09-03,5m,65,0,65,0,65,0,65,0
primary,AAPL,2025-09-03,30m,65,0,65,0,65,0,65,0
primary,AMZN,2025-09-03,5m,65,0,65,0,63,0,63,0
primary,AMZN,2025-09-03,30m,65,0,65,0,63,0,63,0
primary,META,2025-09-03,5m,65,0,65,0,65,0,65,0
primary,META,2025-09-03,30m,65,0,65,0,65,0,65,0
primary,MSFT,2025-09-03,5m,65,0,65,0,65,0,65,0
primary,MSFT,2025-09-03,30m,65,0,65,0,65,0,65,0
primary,NVDA,2025-09-03,5m,65,0,65,0,65,0,65,0
primary,NVDA,2025-09-03,30m,65,0,65,0,65,0,65,0
primary,TSLA,2025-09-03,5m,65,0,65,0,65,0,65,0
primary,TSLA,2025-09-03,30m,65,0,65,0,65,0,65,0
primary,AAPL,2025-09-04,5m,65,0,65,0,65,0,65,0
primary,AAPL,2025-09-04,30m,65,0,65,0,65,0,65,0
primary,AMZN,2025-09-04,5m,65,0,65,0,65,0,65,0
primary,AMZN,2025-09-04,30m,65,0,65,0,65,0,65,0
primary,META,2025-09-04,5m,65,0,65,0,65,0,65,0
primary,META,2025-09-04,30m,65,0,65,0,65,0,65,0
primary,MSFT,2025-09-04,5m,65,0,65,0,65,0,65,0
primary,MSFT,2025-09-04,30m,65,0,65,0,65,0,65,0
primary,NVDA,2025-09-04,5m,65,0,65,0,65,0,65,0
primary,NVDA,2025-09-04,30m,65,0,65,0,65,0,65,0
primary,TSLA,2025-09-04,5m,65,0,65,0,65,0,65,0
primary,TSLA,2025-09-04,30m,65,0,65,0,65,0,65,0
primary,AAPL,2025-09-05,5m,65,0,65,0,65,0,65,0
primary,AAPL,2025-09-05,30m,65,0,65,0,65,0,65,0
primary,AMZN,2025-09-05,5m,65,0,65,0,65,0,65,0
primary,AMZN,2025-09-05,30m,65,0,65,0,65,0,65,0
primary,META,2025-09-05,5m,65,0,65,0,65,0,65,0
primary,META,2025-09-05,30m,65,0,65,0,65,0,65,0
primary,MSFT,2025-09-05,5m,65,0,65,0,65,0,65,0
primary,MSFT,2025-09-05,30m,65,0,65,0,65,0,65,0
primary,NVDA,2025-09-05,5m,65,0,65,0,65,0,65,0
primary,NVDA,2025-09-05,30m,65,0,65,0,65,0,65,0
primary,TSLA,2025-09-05,5m,65,0,65,0,65,0,65,0
primary,TSLA,2025-09-05,30m,65,0,65,0,65,0,65,0
primary,AAPL,2025-09-08,5m,65,0,65,0,65,0,65,0
primary,AAPL,2025-09-08,30m,65,0,65,0,65,0,65,0
primary,AMZN,2025-09-08,5m,65,0,65,0,65,0,65,0
primary,AMZN,2025-09-08,30m,65,0,65,0,65,0,65,0
primary,META,2025-09-08,5m,65,0,65,0,65,0,65,0
primary,META,2025-09-08,30m,65,0,65,0,65,0,65,0
primary,MSFT,2025-09-08,5m,65,0,65,0,65,0,65,0
primary,MSFT,2025-09-08,30m,65,0,65,0,65,0,65,0
primary,NVDA,2025-09-08,5m,65,0,65,0,65,0,65,0
primary,NVDA,2025-09-08,30m,65,0,65,0,65,0,65,0
primary,TSLA,2025-09-08,5m,65,0,65,0,65,0,65,0
primary,TSLA,2025-09-08,30m,65,0,65,0,65,0,65,0
primary,AAPL,2025-09-09,5m,65,0,65,0,65,0,65,0
primary,AAPL,2025-09-09,30m,65,0,65,0,65,0,65,0
primary,AMZN,2025-09-09,5m,65,0,65,0,65,0,65,0
primary,AMZN,2025-09-09,30m,65,0,65,0,65,0,65,0
primary,META,2025-09-09,5m,65,0,65,0,65,0,65,0
primary,META,2025-09-09,30m,65,0,65,0,65,0,65,0
primary,MSFT,2025-09-09,5m,65,0,65,0,65,0,65,0
primary,MSFT,2025-09-09,30m,65,0,65,0,65,0,65,0
primary,NVDA,2025-09-09,5m,65,0,65,0,65,0,65,0
primary,NVDA,2025-09-09,30m,65,0,65,0,65,0,65,0
primary,TSLA,2025-09-09,5m,65,0,65,0,65,0,65,0
primary,TSLA,2025-09-09,30m,65,0,65,0,65,0,65,0
primary,AAPL,2025-09-10,5m,65,0,65,0,65,0,65,0
primary,AAPL,2025-09-10,30m,65,0,65,0,65,0,65,0
primary,AMZN,2025-09-10,5m,65,0,65,0,65,0,65,0
primary,AMZN,2025-09-10,30m,65,0,65,0,65,0,65,0
primary,META,2025-09-10,5m,65,0,65,0,65,0,65,0
primary,META,2025-09-10,30m,65,0,65,0,65,0,65,0
primary,MSFT,2025-09-10,5m,65,0,65,0,65,0,65,0
primary,MSFT,2025-09-10,30m,65,0,65,0,65,0,65,0
primary,NVDA,2025-09-10,5m,65,0,65,0,65,0,65,0
primary,NVDA,2025-09-10,30m,65,0,65,0,65,0,65,0
primary,TSLA,2025-09-10,5m,65,0,65,0,65,0,65,0
primary,TSLA,2025-09-10,30m,65,0,65,0,65,0,65,0
primary,AAPL,2025-09-11,5m,65,0,65,0,65,0,65,0
primary,AAPL,2025-09-11,30m,65,0,65,0,65,0,65,0
primary,AMZN,2025-09-11,5m,65,0,65,0,65,0,65,0
primary,AMZN,2025-09-11,30m,65,0,65,0,65,0,65,0
primary,META,2025-09-11,5m,65,0,65,0,65,0,65,0
primary,META,2025-09-11,30m,65,0,65,0,65,0,65,0
primary,MSFT,2025-09-11,5m,65,0,65,0,65,0,65,0
primary,MSFT,2025-09-11,30m,65,0,65,0,65,0,65,0
primary,NVDA,2025-09-11,5m,65,0,65,0,65,0,65,0
primary,NVDA,2025-09-11,30m,65,0,65,0,65,0,65,0
primary,TSLA,2025-09-11,5m,65,0,65,0,65,0,65,0
primary,TSLA,2025-09-11,30m,65,0,65,0,65,0,65,0
primary,AAPL,2025-09-12,5m,65,0,65,0,65,0,65,0
primary,AAPL,2025-09-12,30m,65,0,65,0,65,0,65,0
primary,AMZN,2025-09-12,5m,65,0,65,0,65,0,65,0
primary,AMZN,2025-09-12,30m,65,0,65,0,65,0,65,0
primary,META,2025-09-12,5m,65,0,65,0,65,0,65,0
primary,META,2025-09-12,30m,65,0,65,0,65,0,65,0
primary,MSFT,2025-09-12,5m,65,0,65,0,65,0,65,0
primary,MSFT,2025-09-12,30m,65,0,65,0,65,0,65,0
primary,NVDA,2025-09-12,5m,65,0,65,0,65,0,65,0
primary,NVDA,2025-09-12,30m,65,0,65,0,65,0,65,0
primary,TSLA,2025-09-12,5m,65,0,65,0,65,0,65,0
primary,TSLA,2025-09-12,30m,65,0,65,0,65,0,65,0
primary,AAPL,2025-09-15,5m,65,0,65,0,65,0,65,0
primary,AAPL,2025-09-15,30m,65,0,65,0,65,0,65,0
primary,AMZN,2025-09-15,5m,65,0,65,0,59,0,59,0
primary,AMZN,2025-09-15,30m,65,0,65,0,59,0,59,0
primary,META,2025-09-15,5m,65,0,65,0,65,0,65,0
primary,META,2025-09-15,30m,65,0,65,0,65,0,65,0
primary,MSFT,2025-09-15,5m,65,0,65,0,65,0,65,0
primary,MSFT,2025-09-15,30m,65,0,65,0,65,0,65,0
primary,NVDA,2025-09-15,5m,65,0,65,0,65,0,65,0
primary,NVDA,2025-09-15,30m,65,0,65,0,65,0,65,0
primary,TSLA,2025-09-15,5m,65,0,65,0,65,0,65,0
primary,TSLA,2025-09-15,30m,65,0,65,0,65,0,65,0
primary,AAPL,2025-09-16,5m,65,0,65,0,65,0,65,0
primary,AAPL,2025-09-16,30m,65,0,65,0,65,0,65,0
primary,AMZN,2025-09-16,5m,65,0,65,0,47,0,47,0
primary,AMZN,2025-09-16,30m,65,0,65,0,47,0,47,0
primary,META,2025-09-16,5m,65,0,65,0,65,0,65,0
primary,META,2025-09-16,30m,65,0,65,0,65,0,65,0
primary,MSFT,2025-09-16,5m,65,0,65,0,65,0,65,0
primary,MSFT,2025-09-16,30m,65,0,65,0,65,0,65,0
primary,NVDA,2025-09-16,5m,65,0,65,0,65,0,65,0
primary,NVDA,2025-09-16,30m,65,0,65,0,65,0,65,0
primary,TSLA,2025-09-16,5m,65,0,65,0,65,0,65,0
primary,TSLA,2025-09-16,30m,65,0,65,0,65,0,65,0
primary,AAPL,2025-09-17,5m,65,0,65,0,65,0,65,0
primary,AAPL,2025-09-17,30m,65,0,65,0,65,0,65,0
primary,AMZN,2025-09-17,5m,65,0,65,0,59,0,59,0
primary,AMZN,2025-09-17,30m,65,0,65,0,59,0,59,0
primary,META,2025-09-17,5m,65,0,65,0,65,0,65,0
primary,META,2025-09-17,30m,65,0,65,0,65,0,65,0
primary,MSFT,2025-09-17,5m,65,0,65,0,65,0,65,0
primary,MSFT,2025-09-17,30m,65,0,65,0,65,0,65,0
primary,NVDA,2025-09-17,5m,65,0,65,0,65,0,65,0
primary,NVDA,2025-09-17,30m,65,0,65,0,65,0,65,0
primary,TSLA,2025-09-17,5m,65,0,65,0,65,0,65,0
primary,TSLA,2025-09-17,30m,65,0,65,0,65,0,65,0
primary,AAPL,2025-09-18,5m,65,0,65,0,65,0,65,0
primary,AAPL,2025-09-18,30m,65,0,65,0,65,0,65,0
primary,AMZN,2025-09-18,5m,65,0,65,0,65,0,65,0
primary,AMZN,2025-09-18,30m,65,0,65,0,65,0,65,0
primary,META,2025-09-18,5m,65,0,65,0,65,0,65,0
primary,META,2025-09-18,30m,65,0,65,0,65,0,65,0
primary,MSFT,2025-09-18,5m,65,0,65,0,65,0,65,0
primary,MSFT,2025-09-18,30m,65,0,65,0,65,0,65,0
primary,NVDA,2025-09-18,5m,65,10,55,0,65,10,55,0
primary,NVDA,2025-09-18,30m,65,6,59,0,65,6,59,0
primary,TSLA,2025-09-18,5m,65,0,65,0,65,0,65,0
primary,TSLA,2025-09-18,30m,65,0,65,0,65,0,65,0
primary,AAPL,2025-09-19,5m,65,0,65,0,65,0,65,0
primary,AAPL,2025-09-19,30m,65,0,65,0,65,0,65,0
primary,AMZN,2025-09-19,5m,65,0,65,0,65,0,65,0
primary,AMZN,2025-09-19,30m,65,0,65,0,65,0,65,0
primary,META,2025-09-19,5m,65,0,65,0,65,0,65,0
primary,META,2025-09-19,30m,65,0,65,0,65,0,65,0
primary,MSFT,2025-09-19,5m,65,0,65,0,65,0,65,0
primary,MSFT,2025-09-19,30m,65,0,65,0,65,0,65,0
primary,NVDA,2025-09-19,5m,65,0,65,0,65,0,65,0
primary,NVDA,2025-09-19,30m,65,0,65,0,65,0,65,0
primary,TSLA,2025-09-19,5m,65,0,65,0,65,0,65,0
primary,TSLA,2025-09-19,30m,65,0,65,0,65,0,65,0
primary,AAPL,2025-09-22,5m,65,0,65,0,65,0,65,0
primary,AAPL,2025-09-22,30m,65,0,65,0,65,0,65,0
primary,AMZN,2025-09-22,5m,65,0,65,0,65,0,65,0
primary,AMZN,2025-09-22,30m,65,0,65,0,65,0,65,0
primary,META,2025-09-22,5m,65,0,65,0,65,0,65,0
primary,META,2025-09-22,30m,65,0,65,0,65,0,65,0
primary,MSFT,2025-09-22,5m,65,0,65,0,65,0,65,0
primary,MSFT,2025-09-22,30m,65,0,65,0,65,0,65,0
primary,NVDA,2025-09-22,5m,65,0,65,0,65,0,65,0
primary,NVDA,2025-09-22,30m,65,0,65,0,65,0,65,0
primary,TSLA,2025-09-22,5m,65,0,65,0,65,0,65,0
primary,TSLA,2025-09-22,30m,65,0,65,0,65,0,65,0
primary,AAPL,2025-09-23,5m,65,0,65,0,65,0,65,0
primary,AAPL,2025-09-23,30m,65,0,65,0,65,0,65,0
primary,AMZN,2025-09-23,5m,65,0,65,0,65,0,65,0
primary,AMZN,2025-09-23,30m,65,0,65,0,65,0,65,0
primary,META,2025-09-23,5m,65,0,65,0,65,0,65,0
primary,META,2025-09-23,30m,65,0,65,0,65,0,65,0
primary,MSFT,2025-09-23,5m,65,0,65,0,65,0,65,0
primary,MSFT,2025-09-23,30m,65,0,65,0,65,0,65,0
primary,NVDA,2025-09-23,5m,65,0,65,0,65,0,65,0
primary,NVDA,2025-09-23,30m,65,0,65,0,65,0,65,0
primary,TSLA,2025-09-23,5m,65,0,65,0,65,0,65,0
primary,TSLA,2025-09-23,30m,65,0,65,0,65,0,65,0
primary,AAPL,2025-09-24,5m,65,0,65,0,65,0,65,0
primary,AAPL,2025-09-24,30m,65,0,65,0,65,0,65,0
primary,AMZN,2025-09-24,5m,65,0,65,0,65,0,65,0
primary,AMZN,2025-09-24,30m,65,0,65,0,65,0,65,0
primary,META,2025-09-24,5m,65,0,65,0,65,0,65,0
primary,META,2025-09-24,30m,65,0,65,0,65,0,65,0
primary,MSFT,2025-09-24,5m,65,0,65,0,65,0,65,0
primary,MSFT,2025-09-24,30m,65,0,65,0,65,0,65,0
primary,NVDA,2025-09-24,5m,65,0,65,0,65,0,65,0
primary,NVDA,2025-09-24,30m,65,0,65,0,65,0,65,0
primary,TSLA,2025-09-24,5m,65,0,65,0,65,0,65,0
primary,TSLA,2025-09-24,30m,65,0,65,0,65,0,65,0
primary,AAPL,2025-09-25,5m,65,0,65,0,65,0,65,0
primary,AAPL,2025-09-25,30m,65,0,65,0,65,0,65,0
primary,AMZN,2025-09-25,5m,65,0,65,0,65,0,65,0
primary,AMZN,2025-09-25,30m,65,0,65,0,65,0,65,0
primary,META,2025-09-25,5m,65,0,65,0,65,0,65,0
primary,META,2025-09-25,30m,65,0,65,0,65,0,65,0
primary,MSFT,2025-09-25,5m,65,0,65,0,65,0,65,0
primary,MSFT,2025-09-25,30m,65,0,65,0,65,0,65,0
primary,NVDA,2025-09-25,5m,65,0,65,0,65,0,65,0
primary,NVDA,2025-09-25,30m,65,0,65,0,65,0,65,0
primary,TSLA,2025-09-25,5m,65,0,65,0,65,0,65,0
primary,TSLA,2025-09-25,30m,65,0,65,0,65,0,65,0
primary,AAPL,2025-09-26,5m,65,0,65,0,65,0,65,0
primary,AAPL,2025-09-26,30m,65,0,65,0,65,0,65,0
primary,AMZN,2025-09-26,5m,65,0,65,0,65,0,65,0
primary,AMZN,2025-09-26,30m,65,0,65,0,65,0,65,0
primary,META,2025-09-26,5m,65,0,65,0,65,0,65,0
primary,META,2025-09-26,30m,65,0,65,0,65,0,65,0
primary,MSFT,2025-09-26,5m,65,0,65,0,65,0,65,0
primary,MSFT,2025-09-26,30m,65,0,65,0,65,0,65,0
primary,NVDA,2025-09-26,5m,65,0,65,0,65,0,65,0
primary,NVDA,2025-09-26,30m,65,0,65,0,65,0,65,0
primary,TSLA,2025-09-26,5m,65,0,65,0,65,0,65,0
primary,TSLA,2025-09-26,30m,65,0,65,0,65,0,65,0
primary,AAPL,2025-09-29,5m,65,0,65,0,65,0,65,0
primary,AAPL,2025-09-29,30m,65,0,65,0,65,0,65,0
primary,AMZN,2025-09-29,5m,65,0,65,0,65,0,65,0
primary,AMZN,2025-09-29,30m,65,0,65,0,65,0,65,0
primary,META,2025-09-29,5m,65,0,65,0,65,0,65,0
primary,META,2025-09-29,30m,65,0,65,0,65,0,65,0
primary,MSFT,2025-09-29,5m,65,0,65,0,65,0,65,0
primary,MSFT,2025-09-29,30m,65,0,65,0,65,0,65,0
primary,NVDA,2025-09-29,5m,65,0,65,0,65,0,65,0
primary,NVDA,2025-09-29,30m,65,0,65,0,65,0,65,0
primary,TSLA,2025-09-29,5m,65,0,65,0,65,0,65,0
primary,TSLA,2025-09-29,30m,65,0,65,0,65,0,65,0
primary,AAPL,2025-09-30,5m,65,0,65,0,65,0,65,0
primary,AAPL,2025-09-30,30m,65,0,65,0,65,0,65,0
primary,AMZN,2025-09-30,5m,65,0,65,0,65,0,65,0
primary,AMZN,2025-09-30,30m,65,0,65,0,65,0,65,0
primary,META,2025-09-30,5m,65,0,65,0,65,0,65,0
primary,META,2025-09-30,30m,65,0,65,0,65,0,65,0
primary,MSFT,2025-09-30,5m,65,0,65,0,65,0,65,0
primary,MSFT,2025-09-30,30m,65,0,65,0,65,0,65,0
primary,NVDA,2025-09-30,5m,65,0,65,0,65,0,65,0
primary,NVDA,2025-09-30,30m,65,0,65,0,65,0,65,0
primary,TSLA,2025-09-30,5m,65,0,65,0,65,0,65,0
primary,TSLA,2025-09-30,30m,65,0,65,0,65,0,65,0
primary,AAPL,2025-10-01,5m,65,0,65,0,65,0,65,0
primary,AAPL,2025-10-01,30m,65,0,65,0,65,0,65,0
primary,AMZN,2025-10-01,5m,65,0,65,0,65,0,65,0
primary,AMZN,2025-10-01,30m,65,0,65,0,65,0,65,0
primary,META,2025-10-01,5m,65,0,65,0,65,0,65,0
primary,META,2025-10-01,30m,65,0,65,0,65,0,65,0
primary,MSFT,2025-10-01,5m,65,0,65,0,65,0,65,0
primary,MSFT,2025-10-01,30m,65,0,65,0,65,0,65,0
primary,NVDA,2025-10-01,5m,65,0,65,0,65,0,65,0
primary,NVDA,2025-10-01,30m,65,0,65,0,65,0,65,0
primary,TSLA,2025-10-01,5m,65,0,65,0,65,0,65,0
primary,TSLA,2025-10-01,30m,65,0,65,0,65,0,65,0
primary,AAPL,2025-10-02,5m,65,0,65,0,65,0,65,0
primary,AAPL,2025-10-02,30m,65,0,65,0,65,0,65,0
primary,AMZN,2025-10-02,5m,65,0,65,0,65,0,65,0
primary,AMZN,2025-10-02,30m,65,0,65,0,65,0,65,0
primary,META,2025-10-02,5m,65,0,65,0,65,0,65,0
primary,META,2025-10-02,30m,65,0,65,0,65,0,65,0
primary,MSFT,2025-10-02,5m,65,0,65,0,65,0,65,0
primary,MSFT,2025-10-02,30m,65,0,65,0,65,0,65,0
primary,NVDA,2025-10-02,5m,65,0,65,0,65,0,65,0
primary,NVDA,2025-10-02,30m,65,0,65,0,65,0,65,0
primary,TSLA,2025-10-02,5m,65,0,65,0,65,0,65,0
primary,TSLA,2025-10-02,30m,65,0,65,0,65,0,65,0
primary,AAPL,2025-10-03,5m,65,0,65,0,65,0,65,0
primary,AAPL,2025-10-03,30m,65,0,65,0,65,0,65,0
primary,AMZN,2025-10-03,5m,65,0,65,0,65,0,65,0
primary,AMZN,2025-10-03,30m,65,0,65,0,65,0,65,0
primary,META,2025-10-03,5m,65,0,65,0,65,0,65,0
primary,META,2025-10-03,30m,65,0,65,0,65,0,65,0
primary,MSFT,2025-10-03,5m,65,0,65,0,65,0,65,0
primary,MSFT,2025-10-03,30m,65,0,65,0,65,0,65,0
primary,NVDA,2025-10-03,5m,65,0,65,0,59,0,59,0
primary,NVDA,2025-10-03,30m,65,0,65,0,59,0,59,0
primary,TSLA,2025-10-03,5m,65,0,65,0,65,0,65,0
primary,TSLA,2025-10-03,30m,65,0,65,0,65,0,65,0
primary,AAPL,2025-10-06,5m,65,0,65,0,65,0,65,0
primary,AAPL,2025-10-06,30m,65,0,65,0,65,0,65,0
primary,AMZN,2025-10-06,5m,65,0,65,0,65,0,65,0
primary,AMZN,2025-10-06,30m,65,0,65,0,65,0,65,0
primary,META,2025-10-06,5m,65,0,65,0,65,0,65,0
primary,META,2025-10-06,30m,65,0,65,0,65,0,65,0
primary,MSFT,2025-10-06,5m,65,0,65,0,65,0,65,0
primary,MSFT,2025-10-06,30m,65,0,65,0,65,0,65,0
primary,NVDA,2025-10-06,5m,65,0,65,0,59,0,59,0
primary,NVDA,2025-10-06,30m,65,0,65,0,59,0,59,0
primary,TSLA,2025-10-06,5m,65,0,65,0,65,0,65,0
primary,TSLA,2025-10-06,30m,65,0,65,0,65,0,65,0
primary,AAPL,2025-10-07,5m,65,0,65,0,65,0,65,0
primary,AAPL,2025-10-07,30m,65,0,65,0,65,0,65,0
primary,AMZN,2025-10-07,5m,65,0,65,0,65,0,65,0
primary,AMZN,2025-10-07,30m,65,0,65,0,65,0,65,0
primary,META,2025-10-07,5m,65,0,65,0,65,0,65,0
primary,META,2025-10-07,30m,65,0,65,0,65,0,65,0
primary,MSFT,2025-10-07,5m,65,0,65,0,65,0,65,0
primary,MSFT,2025-10-07,30m,65,0,65,0,65,0,65,0
primary,NVDA,2025-10-07,5m,65,0,65,0,53,0,53,0
primary,NVDA,2025-10-07,30m,65,0,65,0,53,0,53,0
primary,TSLA,2025-10-07,5m,65,0,65,0,65,0,65,0
primary,TSLA,2025-10-07,30m,65,0,65,0,65,0,65,0
primary,AAPL,2025-10-08,5m,65,0,65,0,65,0,65,0
primary,AAPL,2025-10-08,30m,65,0,65,0,65,0,65,0
primary,AMZN,2025-10-08,5m,65,0,65,0,65,0,65,0
primary,AMZN,2025-10-08,30m,65,0,65,0,65,0,65,0
primary,META,2025-10-08,5m,65,0,65,0,65,0,65,0
primary,META,2025-10-08,30m,65,0,65,0,65,0,65,0
primary,MSFT,2025-10-08,5m,65,0,65,0,65,0,65,0
primary,MSFT,2025-10-08,30m,65,0,65,0,65,0,65,0
primary,NVDA,2025-10-08,5m,65,0,65,0,65,0,65,0
primary,NVDA,2025-10-08,30m,65,0,65,0,65,0,65,0
primary,TSLA,2025-10-08,5m,65,0,65,0,65,0,65,0
primary,TSLA,2025-10-08,30m,65,0,65,0,65,0,65,0
primary,AAPL,2025-10-09,5m,65,0,65,0,65,0,65,0
primary,AAPL,2025-10-09,30m,65,0,65,0,65,0,65,0
primary,AMZN,2025-10-09,5m,65,0,65,0,65,0,65,0
primary,AMZN,2025-10-09,30m,65,0,65,0,65,0,65,0
primary,META,2025-10-09,5m,65,0,65,0,59,0,59,0
primary,META,2025-10-09,30m,65,0,65,0,59,0,59,0
primary,MSFT,2025-10-09,5m,65,0,65,0,65,0,65,0
primary,MSFT,2025-10-09,30m,65,0,65,0,65,0,65,0
primary,NVDA,2025-10-09,5m,65,0,65,0,65,0,65,0
primary,NVDA,2025-10-09,30m,65,0,65,0,65,0,65,0
primary,TSLA,2025-10-09,5m,65,0,65,0,65,0,65,0
primary,TSLA,2025-10-09,30m,65,0,65,0,65,0,65,0
primary,AAPL,2025-10-10,5m,65,0,65,0,65,0,65,0
primary,AAPL,2025-10-10,30m,65,0,65,0,65,0,65,0
primary,AMZN,2025-10-10,5m,65,0,65,0,65,0,65,0
primary,AMZN,2025-10-10,30m,65,0,65,0,65,0,65,0
primary,META,2025-10-10,5m,65,0,65,0,65,0,65,0
primary,META,2025-10-10,30m,65,0,65,0,65,0,65,0
primary,MSFT,2025-10-10,5m,65,0,65,0,65,0,65,0
primary,MSFT,2025-10-10,30m,65,0,65,0,65,0,65,0
primary,NVDA,2025-10-10,5m,65,0,65,0,65,0,65,0
primary,NVDA,2025-10-10,30m,65,0,65,0,65,0,65,0
primary,TSLA,2025-10-10,5m,65,0,65,0,65,0,65,0
primary,TSLA,2025-10-10,30m,65,0,65,0,65,0,65,0
primary,AAPL,2025-10-13,5m,65,0,65,0,65,0,65,0
primary,AAPL,2025-10-13,30m,65,0,65,0,65,0,65,0
primary,AMZN,2025-10-13,5m,65,0,65,0,65,0,65,0
primary,AMZN,2025-10-13,30m,65,0,65,0,65,0,65,0
primary,META,2025-10-13,5m,65,0,65,0,65,0,65,0
primary,META,2025-10-13,30m,65,0,65,0,65,0,65,0
primary,MSFT,2025-10-13,5m,65,0,65,0,65,0,65,0
primary,MSFT,2025-10-13,30m,65,0,65,0,65,0,65,0
primary,NVDA,2025-10-13,5m,65,0,65,0,65,0,65,0
primary,NVDA,2025-10-13,30m,65,0,65,0,65,0,65,0
primary,TSLA,2025-10-13,5m,65,0,65,0,65,0,65,0
primary,TSLA,2025-10-13,30m,65,0,65,0,65,0,65,0
primary,AAPL,2025-10-14,5m,65,0,65,0,62,0,62,0
primary,AAPL,2025-10-14,30m,65,0,65,0,62,0,62,0
primary,AMZN,2025-10-14,5m,65,0,65,0,65,0,65,0
primary,AMZN,2025-10-14,30m,65,0,65,0,65,0,65,0
primary,META,2025-10-14,5m,65,0,65,0,65,0,65,0
primary,META,2025-10-14,30m,65,0,65,0,65,0,65,0
primary,MSFT,2025-10-14,5m,65,0,65,0,65,0,65,0
primary,MSFT,2025-10-14,30m,65,0,65,0,65,0,65,0
primary,NVDA,2025-10-14,5m,65,0,65,0,65,0,65,0
primary,NVDA,2025-10-14,30m,65,0,65,0,65,0,65,0
primary,TSLA,2025-10-14,5m,65,0,65,0,65,0,65,0
primary,TSLA,2025-10-14,30m,65,0,65,0,65,0,65,0
primary,AAPL,2025-10-15,5m,65,0,65,0,65,0,65,0
primary,AAPL,2025-10-15,30m,65,0,65,0,65,0,65,0
primary,AMZN,2025-10-15,5m,65,0,65,0,59,0,59,0
primary,AMZN,2025-10-15,30m,65,0,65,0,59,0,59,0
primary,META,2025-10-15,5m,65,0,65,0,65,0,65,0
primary,META,2025-10-15,30m,65,0,65,0,65,0,65,0
primary,MSFT,2025-10-15,5m,65,0,65,0,65,0,65,0
primary,MSFT,2025-10-15,30m,65,0,65,0,65,0,65,0
primary,NVDA,2025-10-15,5m,65,0,65,0,65,0,65,0
primary,NVDA,2025-10-15,30m,65,0,65,0,65,0,65,0
primary,TSLA,2025-10-15,5m,65,0,65,0,65,0,65,0
primary,TSLA,2025-10-15,30m,65,0,65,0,65,0,65,0
primary,AAPL,2025-10-16,5m,65,0,65,0,65,0,65,0
primary,AAPL,2025-10-16,30m,65,0,65,0,65,0,65,0
primary,AMZN,2025-10-16,5m,65,0,65,0,65,0,65,0
primary,AMZN,2025-10-16,30m,65,0,65,0,65,0,65,0
primary,META,2025-10-16,5m,65,0,65,0,65,0,65,0
primary,META,2025-10-16,30m,65,0,65,0,65,0,65,0
primary,MSFT,2025-10-16,5m,65,0,65,0,65,0,65,0
primary,MSFT,2025-10-16,30m,65,0,65,0,65,0,65,0
primary,NVDA,2025-10-16,5m,65,0,65,0,65,0,65,0
primary,NVDA,2025-10-16,30m,65,0,65,0,65,0,65,0
primary,TSLA,2025-10-16,5m,65,0,65,0,65,0,65,0
primary,TSLA,2025-10-16,30m,65,0,65,0,65,0,65,0
primary,AAPL,2025-10-17,5m,65,0,65,0,65,0,65,0
primary,AAPL,2025-10-17,30m,65,0,65,0,65,0,65,0
primary,AMZN,2025-10-17,5m,65,0,65,0,65,0,65,0
primary,AMZN,2025-10-17,30m,65,0,65,0,65,0,65,0
primary,META,2025-10-17,5m,65,0,65,0,65,0,65,0
primary,META,2025-10-17,30m,65,0,65,0,65,0,65,0
primary,MSFT,2025-10-17,5m,65,0,65,0,65,0,65,0
primary,MSFT,2025-10-17,30m,65,0,65,0,65,0,65,0
primary,NVDA,2025-10-17,5m,65,0,65,0,65,0,65,0
primary,NVDA,2025-10-17,30m,65,0,65,0,65,0,65,0
primary,TSLA,2025-10-17,5m,65,0,65,0,65,0,65,0
primary,TSLA,2025-10-17,30m,65,0,65,0,65,0,65,0
primary,AAPL,2025-10-20,5m,65,65,0,0,65,65,0,0
primary,AAPL,2025-10-20,30m,65,65,0,0,65,65,0,0
primary,AMZN,2025-10-20,5m,65,65,0,0,65,65,0,0
primary,AMZN,2025-10-20,30m,65,65,0,0,65,65,0,0
primary,META,2025-10-20,5m,65,65,0,0,59,59,0,0
primary,META,2025-10-20,30m,65,65,0,0,59,59,0,0
primary,MSFT,2025-10-20,5m,65,65,0,0,59,59,0,0
primary,MSFT,2025-10-20,30m,65,65,0,0,59,59,0,0
primary,NVDA,2025-10-20,5m,65,65,0,0,65,65,0,0
primary,NVDA,2025-10-20,30m,65,65,0,0,65,65,0,0
primary,TSLA,2025-10-20,5m,65,65,0,0,65,65,0,0
primary,TSLA,2025-10-20,30m,65,65,0,0,65,65,0,0
primary,AAPL,2025-10-21,5m,65,0,65,0,65,0,65,0
primary,AAPL,2025-10-21,30m,65,0,65,0,65,0,65,0
primary,AMZN,2025-10-21,5m,65,0,65,0,59,0,59,0
primary,AMZN,2025-10-21,30m,65,0,65,0,59,0,59,0
primary,META,2025-10-21,5m,65,0,65,0,65,0,65,0
primary,META,2025-10-21,30m,65,0,65,0,65,0,65,0
primary,MSFT,2025-10-21,5m,65,0,65,0,59,0,59,0
primary,MSFT,2025-10-21,30m,65,0,65,0,59,0,59,0
primary,NVDA,2025-10-21,5m,65,0,65,0,65,0,65,0
primary,NVDA,2025-10-21,30m,65,0,65,0,65,0,65,0
primary,TSLA,2025-10-21,5m,65,0,65,0,59,0,59,0
primary,TSLA,2025-10-21,30m,65,0,65,0,59,0,59,0
primary,AAPL,2025-10-22,5m,65,1,64,0,65,1,64,0
primary,AAPL,2025-10-22,30m,65,0,65,0,65,0,65,0
primary,AMZN,2025-10-22,5m,65,1,64,0,65,1,64,0
primary,AMZN,2025-10-22,30m,65,0,65,0,65,0,65,0
primary,META,2025-10-22,5m,65,1,64,0,65,1,64,0
primary,META,2025-10-22,30m,65,0,65,0,65,0,65,0
primary,MSFT,2025-10-22,5m,65,1,64,0,62,1,61,0
primary,MSFT,2025-10-22,30m,65,0,65,0,62,0,62,0
primary,NVDA,2025-10-22,5m,65,1,64,0,65,1,64,0
primary,NVDA,2025-10-22,30m,65,0,65,0,65,0,65,0
primary,TSLA,2025-10-22,5m,65,1,64,0,56,1,55,0
primary,TSLA,2025-10-22,30m,65,0,65,0,56,0,56,0
primary,AAPL,2025-10-23,5m,65,0,65,0,65,0,65,0
primary,AAPL,2025-10-23,30m,65,0,65,0,65,0,65,0
primary,AMZN,2025-10-23,5m,65,0,65,0,65,0,65,0
primary,AMZN,2025-10-23,30m,65,0,65,0,65,0,65,0
primary,META,2025-10-23,5m,65,0,65,0,65,0,65,0
primary,META,2025-10-23,30m,65,0,65,0,65,0,65,0
primary,MSFT,2025-10-23,5m,65,0,65,0,59,0,59,0
primary,MSFT,2025-10-23,30m,65,0,65,0,59,0,59,0
primary,NVDA,2025-10-23,5m,65,0,65,0,65,0,65,0
primary,NVDA,2025-10-23,30m,65,0,65,0,65,0,65,0
primary,TSLA,2025-10-23,5m,65,0,65,0,65,0,65,0
primary,TSLA,2025-10-23,30m,65,0,65,0,65,0,65,0
primary,AAPL,2025-10-24,5m,65,0,65,0,65,0,65,0
primary,AAPL,2025-10-24,30m,65,0,65,0,65,0,65,0
primary,AMZN,2025-10-24,5m,65,0,65,0,65,0,65,0
primary,AMZN,2025-10-24,30m,65,0,65,0,65,0,65,0
primary,META,2025-10-24,5m,65,0,65,0,65,0,65,0
primary,META,2025-10-24,30m,65,0,65,0,65,0,65,0
primary,MSFT,2025-10-24,5m,65,0,65,0,65,0,65,0
primary,MSFT,2025-10-24,30m,65,0,65,0,65,0,65,0
primary,NVDA,2025-10-24,5m,65,0,65,0,65,0,65,0
primary,NVDA,2025-10-24,30m,65,0,65,0,65,0,65,0
primary,TSLA,2025-10-24,5m,65,0,65,0,65,0,65,0
primary,TSLA,2025-10-24,30m,65,0,65,0,65,0,65,0
primary,AAPL,2025-10-27,5m,65,0,65,0,65,0,65,0
primary,AAPL,2025-10-27,30m,65,0,65,0,65,0,65,0
primary,AMZN,2025-10-27,5m,65,0,65,0,65,0,65,0
primary,AMZN,2025-10-27,30m,65,0,65,0,65,0,65,0
primary,META,2025-10-27,5m,65,0,65,0,65,0,65,0
primary,META,2025-10-27,30m,65,0,65,0,65,0,65,0
primary,MSFT,2025-10-27,5m,65,0,65,0,65,0,65,0
primary,MSFT,2025-10-27,30m,65,0,65,0,65,0,65,0
primary,NVDA,2025-10-27,5m,65,0,65,0,65,0,65,0
primary,NVDA,2025-10-27,30m,65,0,65,0,65,0,65,0
primary,TSLA,2025-10-27,5m,65,0,65,0,53,0,53,0
primary,TSLA,2025-10-27,30m,65,0,65,0,53,0,53,0
primary,AAPL,2025-10-28,5m,65,0,65,0,65,0,65,0
primary,AAPL,2025-10-28,30m,65,0,65,0,65,0,65,0
primary,AMZN,2025-10-28,5m,65,0,65,0,65,0,65,0
primary,AMZN,2025-10-28,30m,65,0,65,0,65,0,65,0
primary,META,2025-10-28,5m,65,0,65,0,65,0,65,0
primary,META,2025-10-28,30m,65,0,65,0,65,0,65,0
primary,MSFT,2025-10-28,5m,65,0,65,0,65,0,65,0
primary,MSFT,2025-10-28,30m,65,0,65,0,65,0,65,0
primary,NVDA,2025-10-28,5m,65,0,65,0,65,0,65,0
primary,NVDA,2025-10-28,30m,65,0,65,0,65,0,65,0
primary,TSLA,2025-10-28,5m,65,0,65,0,52,0,52,0
primary,TSLA,2025-10-28,30m,65,0,65,0,52,0,52,0
primary,AAPL,2025-10-29,5m,65,0,65,0,65,0,65,0
primary,AAPL,2025-10-29,30m,65,0,65,0,65,0,65,0
primary,AMZN,2025-10-29,5m,65,0,65,0,65,0,65,0
primary,AMZN,2025-10-29,30m,65,0,65,0,65,0,65,0
primary,META,2025-10-29,5m,65,0,65,0,59,0,59,0
primary,META,2025-10-29,30m,65,0,65,0,59,0,59,0
primary,MSFT,2025-10-29,5m,65,0,65,0,65,0,65,0
primary,MSFT,2025-10-29,30m,65,0,65,0,65,0,65,0
primary,NVDA,2025-10-29,5m,65,0,65,0,65,0,65,0
primary,NVDA,2025-10-29,30m,65,0,65,0,65,0,65,0
primary,TSLA,2025-10-29,5m,65,0,65,0,59,0,59,0
primary,TSLA,2025-10-29,30m,65,0,65,0,59,0,59,0
primary,AAPL,2025-10-30,5m,65,0,65,0,65,0,65,0
primary,AAPL,2025-10-30,30m,65,0,65,0,65,0,65,0
primary,AMZN,2025-10-30,5m,65,0,65,0,65,0,65,0
primary,AMZN,2025-10-30,30m,65,0,65,0,65,0,65,0
primary,META,2025-10-30,5m,65,0,65,0,65,0,65,0
primary,META,2025-10-30,30m,65,0,65,0,65,0,65,0
primary,MSFT,2025-10-30,5m,65,0,65,0,65,0,65,0
primary,MSFT,2025-10-30,30m,65,0,65,0,65,0,65,0
primary,NVDA,2025-10-30,5m,65,0,65,0,65,0,65,0
primary,NVDA,2025-10-30,30m,65,0,65,0,65,0,65,0
primary,TSLA,2025-10-30,5m,65,0,65,0,65,0,65,0
primary,TSLA,2025-10-30,30m,65,0,65,0,65,0,65,0
primary,AAPL,2025-10-31,5m,65,0,65,0,65,0,65,0
primary,AAPL,2025-10-31,30m,65,0,65,0,65,0,65,0
primary,AMZN,2025-10-31,5m,65,0,65,0,65,0,65,0
primary,AMZN,2025-10-31,30m,65,0,65,0,65,0,65,0
primary,META,2025-10-31,5m,65,0,65,0,65,0,65,0
primary,META,2025-10-31,30m,65,0,65,0,65,0,65,0
primary,MSFT,2025-10-31,5m,65,0,65,0,65,0,65,0
primary,MSFT,2025-10-31,30m,65,0,65,0,65,0,65,0
primary,NVDA,2025-10-31,5m,65,0,65,0,65,0,65,0
primary,NVDA,2025-10-31,30m,65,0,65,0,65,0,65,0
primary,TSLA,2025-10-31,5m,65,0,65,0,59,0,59,0
primary,TSLA,2025-10-31,30m,65,0,65,0,59,0,59,0
primary,AAPL,2025-11-03,5m,65,0,65,0,65,0,65,0
primary,AAPL,2025-11-03,30m,65,0,65,0,65,0,65,0
primary,AMZN,2025-11-03,5m,65,0,65,0,65,0,65,0
primary,AMZN,2025-11-03,30m,65,0,65,0,65,0,65,0
primary,META,2025-11-03,5m,65,0,65,0,65,0,65,0
primary,META,2025-11-03,30m,65,0,65,0,65,0,65,0
primary,MSFT,2025-11-03,5m,65,0,65,0,65,0,65,0
primary,MSFT,2025-11-03,30m,65,0,65,0,65,0,65,0
primary,NVDA,2025-11-03,5m,65,0,65,0,65,0,65,0
primary,NVDA,2025-11-03,30m,65,0,65,0,65,0,65,0
primary,TSLA,2025-11-03,5m,65,0,65,0,54,0,54,0
primary,TSLA,2025-11-03,30m,65,0,65,0,54,0,54,0
primary,AAPL,2025-11-04,5m,65,0,65,0,65,0,65,0
primary,AAPL,2025-11-04,30m,65,0,65,0,65,0,65,0
primary,AMZN,2025-11-04,5m,65,0,65,0,65,0,65,0
primary,AMZN,2025-11-04,30m,65,0,65,0,65,0,65,0
primary,META,2025-11-04,5m,65,0,65,0,65,0,65,0
primary,META,2025-11-04,30m,65,0,65,0,65,0,65,0
primary,MSFT,2025-11-04,5m,65,0,65,0,65,0,65,0
primary,MSFT,2025-11-04,30m,65,0,65,0,65,0,65,0
primary,NVDA,2025-11-04,5m,65,0,65,0,65,0,65,0
primary,NVDA,2025-11-04,30m,65,0,65,0,65,0,65,0
primary,TSLA,2025-11-04,5m,65,0,65,0,49,0,49,0
primary,TSLA,2025-11-04,30m,65,0,65,0,49,0,49,0
primary,AAPL,2025-11-05,5m,65,0,65,0,65,0,65,0
primary,AAPL,2025-11-05,30m,65,0,65,0,65,0,65,0
primary,AMZN,2025-11-05,5m,65,0,65,0,65,0,65,0
primary,AMZN,2025-11-05,30m,65,0,65,0,65,0,65,0
primary,META,2025-11-05,5m,65,0,65,0,65,0,65,0
primary,META,2025-11-05,30m,65,0,65,0,65,0,65,0
primary,MSFT,2025-11-05,5m,65,0,65,0,65,0,65,0
primary,MSFT,2025-11-05,30m,65,0,65,0,65,0,65,0
primary,NVDA,2025-11-05,5m,65,0,65,0,65,0,65,0
primary,NVDA,2025-11-05,30m,65,0,65,0,65,0,65,0
primary,TSLA,2025-11-05,5m,65,0,65,0,59,0,59,0
primary,TSLA,2025-11-05,30m,65,0,65,0,59,0,59,0
primary,AAPL,2025-11-06,5m,65,0,65,0,65,0,65,0
primary,AAPL,2025-11-06,30m,65,0,65,0,65,0,65,0
primary,AMZN,2025-11-06,5m,65,0,65,0,65,0,65,0
primary,AMZN,2025-11-06,30m,65,0,65,0,65,0,65,0
primary,META,2025-11-06,5m,65,0,65,0,65,0,65,0
primary,META,2025-11-06,30m,65,0,65,0,65,0,65,0
primary,MSFT,2025-11-06,5m,65,0,65,0,65,0,65,0
primary,MSFT,2025-11-06,30m,65,0,65,0,65,0,65,0
primary,NVDA,2025-11-06,5m,65,0,65,0,65,0,65,0
primary,NVDA,2025-11-06,30m,65,0,65,0,65,0,65,0
primary,TSLA,2025-11-06,5m,65,0,65,0,65,0,65,0
primary,TSLA,2025-11-06,30m,65,0,65,0,65,0,65,0
primary,AAPL,2025-11-07,5m,65,0,65,0,65,0,65,0
primary,AAPL,2025-11-07,30m,65,0,65,0,65,0,65,0
primary,AMZN,2025-11-07,5m,65,0,65,0,65,0,65,0
primary,AMZN,2025-11-07,30m,65,0,65,0,65,0,65,0
primary,META,2025-11-07,5m,65,0,65,0,65,0,65,0
primary,META,2025-11-07,30m,65,0,65,0,65,0,65,0
primary,MSFT,2025-11-07,5m,65,0,65,0,65,0,65,0
primary,MSFT,2025-11-07,30m,65,0,65,0,65,0,65,0
primary,NVDA,2025-11-07,5m,65,0,65,0,65,0,65,0
primary,NVDA,2025-11-07,30m,65,0,65,0,65,0,65,0
primary,TSLA,2025-11-07,5m,65,0,65,0,65,0,65,0
primary,TSLA,2025-11-07,30m,65,0,65,0,65,0,65,0
primary,AAPL,2025-11-10,5m,65,0,65,0,65,0,65,0
primary,AAPL,2025-11-10,30m,65,0,65,0,65,0,65,0
primary,AMZN,2025-11-10,5m,65,0,65,0,57,0,57,0
primary,AMZN,2025-11-10,30m,65,0,65,0,57,0,57,0
primary,META,2025-11-10,5m,65,0,65,0,65,0,65,0
primary,META,2025-11-10,30m,65,0,65,0,65,0,65,0
primary,MSFT,2025-11-10,5m,65,0,65,0,65,0,65,0
primary,MSFT,2025-11-10,30m,65,0,65,0,65,0,65,0
primary,NVDA,2025-11-10,5m,65,0,65,0,59,0,59,0
primary,NVDA,2025-11-10,30m,65,0,65,0,59,0,59,0
primary,TSLA,2025-11-10,5m,65,0,65,0,63,0,63,0
primary,TSLA,2025-11-10,30m,65,0,65,0,63,0,63,0
primary,AAPL,2025-11-11,5m,65,0,65,0,65,0,65,0
primary,AAPL,2025-11-11,30m,65,0,65,0,65,0,65,0
primary,AMZN,2025-11-11,5m,65,0,65,0,65,0,65,0
primary,AMZN,2025-11-11,30m,65,0,65,0,65,0,65,0
primary,META,2025-11-11,5m,65,0,65,0,65,0,65,0
primary,META,2025-11-11,30m,65,0,65,0,65,0,65,0
primary,MSFT,2025-11-11,5m,65,0,65,0,65,0,65,0
primary,MSFT,2025-11-11,30m,65,0,65,0,65,0,65,0
primary,NVDA,2025-11-11,5m,65,0,65,0,65,0,65,0
primary,NVDA,2025-11-11,30m,65,0,65,0,65,0,65,0
primary,TSLA,2025-11-11,5m,65,0,65,0,65,0,65,0
primary,TSLA,2025-11-11,30m,65,0,65,0,65,0,65,0
primary,AAPL,2025-11-12,5m,65,0,65,0,65,0,65,0
primary,AAPL,2025-11-12,30m,65,0,65,0,65,0,65,0
primary,AMZN,2025-11-12,5m,65,0,65,0,65,0,65,0
primary,AMZN,2025-11-12,30m,65,0,65,0,65,0,65,0
primary,META,2025-11-12,5m,65,0,65,0,65,0,65,0
primary,META,2025-11-12,30m,65,0,65,0,65,0,65,0
primary,MSFT,2025-11-12,5m,65,0,65,0,65,0,65,0
primary,MSFT,2025-11-12,30m,65,0,65,0,65,0,65,0
primary,NVDA,2025-11-12,5m,65,0,65,0,65,0,65,0
primary,NVDA,2025-11-12,30m,65,0,65,0,65,0,65,0
primary,TSLA,2025-11-12,5m,65,0,65,0,65,0,65,0
primary,TSLA,2025-11-12,30m,65,0,65,0,65,0,65,0
primary,AAPL,2025-11-13,5m,65,0,65,0,65,0,65,0
primary,AAPL,2025-11-13,30m,65,0,65,0,65,0,65,0
primary,AMZN,2025-11-13,5m,65,0,65,0,65,0,65,0
primary,AMZN,2025-11-13,30m,65,0,65,0,65,0,65,0
primary,META,2025-11-13,5m,65,0,65,0,65,0,65,0
primary,META,2025-11-13,30m,65,0,65,0,65,0,65,0
primary,MSFT,2025-11-13,5m,65,0,65,0,65,0,65,0
primary,MSFT,2025-11-13,30m,65,0,65,0,65,0,65,0
primary,NVDA,2025-11-13,5m,65,0,65,0,65,0,65,0
primary,NVDA,2025-11-13,30m,65,0,65,0,65,0,65,0
primary,TSLA,2025-11-13,5m,65,0,65,0,65,0,65,0
primary,TSLA,2025-11-13,30m,65,0,65,0,65,0,65,0
primary,AAPL,2025-11-14,5m,65,0,65,0,65,0,65,0
primary,AAPL,2025-11-14,30m,65,0,65,0,65,0,65,0
primary,AMZN,2025-11-14,5m,65,0,65,0,65,0,65,0
primary,AMZN,2025-11-14,30m,65,0,65,0,65,0,65,0
primary,META,2025-11-14,5m,65,0,65,0,59,0,59,0
primary,META,2025-11-14,30m,65,0,65,0,59,0,59,0
primary,MSFT,2025-11-14,5m,65,0,65,0,65,0,65,0
primary,MSFT,2025-11-14,30m,65,0,65,0,65,0,65,0
primary,NVDA,2025-11-14,5m,65,0,65,0,65,0,65,0
primary,NVDA,2025-11-14,30m,65,0,65,0,65,0,65,0
primary,TSLA,2025-11-14,5m,65,0,65,0,53,0,53,0
primary,TSLA,2025-11-14,30m,65,0,65,0,53,0,53,0
primary,AAPL,2025-11-17,5m,65,0,65,0,65,0,65,0
primary,AAPL,2025-11-17,30m,65,0,65,0,65,0,65,0
primary,AMZN,2025-11-17,5m,65,0,65,0,65,0,65,0
primary,AMZN,2025-11-17,30m,65,0,65,0,65,0,65,0
primary,META,2025-11-17,5m,65,0,65,0,59,0,59,0
primary,META,2025-11-17,30m,65,0,65,0,59,0,59,0
primary,MSFT,2025-11-17,5m,65,0,65,0,53,0,53,0
primary,MSFT,2025-11-17,30m,65,0,65,0,53,0,53,0
primary,NVDA,2025-11-17,5m,65,0,65,0,65,0,65,0
primary,NVDA,2025-11-17,30m,65,0,65,0,65,0,65,0
primary,TSLA,2025-11-17,5m,65,0,65,0,65,0,65,0
primary,TSLA,2025-11-17,30m,65,0,65,0,65,0,65,0
primary,AAPL,2025-11-18,5m,65,0,65,0,65,0,65,0
primary,AAPL,2025-11-18,30m,65,0,65,0,65,0,65,0
primary,AMZN,2025-11-18,5m,65,0,65,0,65,0,65,0
primary,AMZN,2025-11-18,30m,65,0,65,0,65,0,65,0
primary,META,2025-11-18,5m,65,0,65,0,65,0,65,0
primary,META,2025-11-18,30m,65,0,65,0,65,0,65,0
primary,MSFT,2025-11-18,5m,65,0,65,0,53,0,53,0
primary,MSFT,2025-11-18,30m,65,0,65,0,53,0,53,0
primary,NVDA,2025-11-18,5m,65,0,65,0,65,0,65,0
primary,NVDA,2025-11-18,30m,65,0,65,0,65,0,65,0
primary,TSLA,2025-11-18,5m,65,0,65,0,65,0,65,0
primary,TSLA,2025-11-18,30m,65,0,65,0,65,0,65,0
primary,AAPL,2025-11-19,5m,65,0,65,0,65,0,65,0
primary,AAPL,2025-11-19,30m,65,0,65,0,65,0,65,0
primary,AMZN,2025-11-19,5m,65,0,65,0,65,0,65,0
primary,AMZN,2025-11-19,30m,65,0,65,0,65,0,65,0
primary,META,2025-11-19,5m,65,0,65,0,65,0,65,0
primary,META,2025-11-19,30m,65,0,65,0,65,0,65,0
primary,MSFT,2025-11-19,5m,65,0,65,0,65,0,65,0
primary,MSFT,2025-11-19,30m,65,0,65,0,65,0,65,0
primary,NVDA,2025-11-19,5m,65,0,65,0,58,0,58,0
primary,NVDA,2025-11-19,30m,65,0,65,0,58,0,58,0
primary,TSLA,2025-11-19,5m,65,0,65,0,53,0,53,0
primary,TSLA,2025-11-19,30m,65,0,65,0,53,0,53,0
primary,AAPL,2025-11-20,5m,65,0,65,0,65,0,65,0
primary,AAPL,2025-11-20,30m,65,0,65,0,65,0,65,0
primary,AMZN,2025-11-20,5m,65,0,65,0,65,0,65,0
primary,AMZN,2025-11-20,30m,65,0,65,0,65,0,65,0
primary,META,2025-11-20,5m,65,0,65,0,59,0,59,0
primary,META,2025-11-20,30m,65,0,65,0,59,0,59,0
primary,MSFT,2025-11-20,5m,65,0,65,0,65,0,65,0
primary,MSFT,2025-11-20,30m,65,0,65,0,65,0,65,0
primary,NVDA,2025-11-20,5m,65,0,65,0,59,0,59,0
primary,NVDA,2025-11-20,30m,65,0,65,0,59,0,59,0
primary,TSLA,2025-11-20,5m,65,0,65,0,53,0,53,0
primary,TSLA,2025-11-20,30m,65,0,65,0,53,0,53,0
primary,AAPL,2025-11-21,5m,65,0,65,0,65,0,65,0
primary,AAPL,2025-11-21,30m,65,0,65,0,65,0,65,0
primary,AMZN,2025-11-21,5m,65,0,65,0,65,0,65,0
primary,AMZN,2025-11-21,30m,65,0,65,0,65,0,65,0
primary,META,2025-11-21,5m,65,0,65,0,65,0,65,0
primary,META,2025-11-21,30m,65,0,65,0,65,0,65,0
primary,MSFT,2025-11-21,5m,65,0,65,0,65,0,65,0
primary,MSFT,2025-11-21,30m,65,0,65,0,65,0,65,0
primary,NVDA,2025-11-21,5m,65,0,65,0,65,0,65,0
primary,NVDA,2025-11-21,30m,65,0,65,0,65,0,65,0
primary,TSLA,2025-11-21,5m,65,0,65,0,63,0,63,0
primary,TSLA,2025-11-21,30m,65,0,65,0,63,0,63,0
primary,AAPL,2025-11-24,5m,65,0,65,0,65,0,65,0
primary,AAPL,2025-11-24,30m,65,0,65,0,65,0,65,0
primary,AMZN,2025-11-24,5m,65,0,65,0,65,0,65,0
primary,AMZN,2025-11-24,30m,65,0,65,0,65,0,65,0
primary,META,2025-11-24,5m,65,0,65,0,59,0,59,0
primary,META,2025-11-24,30m,65,0,65,0,59,0,59,0
primary,MSFT,2025-11-24,5m,65,0,65,0,59,0,59,0
primary,MSFT,2025-11-24,30m,65,0,65,0,59,0,59,0
primary,NVDA,2025-11-24,5m,65,0,65,0,65,0,65,0
primary,NVDA,2025-11-24,30m,65,0,65,0,65,0,65,0
primary,TSLA,2025-11-24,5m,65,0,65,0,45,0,45,0
primary,TSLA,2025-11-24,30m,65,0,65,0,45,0,45,0
primary,AAPL,2025-11-25,5m,65,0,65,0,65,0,65,0
primary,AAPL,2025-11-25,30m,65,0,65,0,65,0,65,0
primary,AMZN,2025-11-25,5m,65,0,65,0,65,0,65,0
primary,AMZN,2025-11-25,30m,65,0,65,0,65,0,65,0
primary,META,2025-11-25,5m,65,0,65,0,59,0,59,0
primary,META,2025-11-25,30m,65,0,65,0,59,0,59,0
primary,MSFT,2025-11-25,5m,65,0,65,0,65,0,65,0
primary,MSFT,2025-11-25,30m,65,0,65,0,65,0,65,0
primary,NVDA,2025-11-25,5m,65,0,65,0,65,0,65,0
primary,NVDA,2025-11-25,30m,65,0,65,0,65,0,65,0
primary,TSLA,2025-11-25,5m,65,0,65,0,53,0,53,0
primary,TSLA,2025-11-25,30m,65,0,65,0,53,0,53,0
primary,AAPL,2025-11-26,5m,65,0,65,0,65,0,65,0
primary,AAPL,2025-11-26,30m,65,0,65,0,65,0,65,0
primary,AMZN,2025-11-26,5m,65,0,65,0,65,0,65,0
primary,AMZN,2025-11-26,30m,65,0,65,0,65,0,65,0
primary,META,2025-11-26,5m,65,0,65,0,65,0,65,0
primary,META,2025-11-26,30m,65,0,65,0,65,0,65,0
primary,MSFT,2025-11-26,5m,65,0,65,0,65,0,65,0
primary,MSFT,2025-11-26,30m,65,0,65,0,65,0,65,0
primary,NVDA,2025-11-26,5m,65,0,65,0,65,0,65,0
primary,NVDA,2025-11-26,30m,65,0,65,0,65,0,65,0
primary,TSLA,2025-11-26,5m,65,0,65,0,65,0,65,0
primary,TSLA,2025-11-26,30m,65,0,65,0,65,0,65,0
primary,AAPL,2025-11-28,5m,29,0,29,0,29,0,29,0
primary,AAPL,2025-11-28,30m,29,0,29,0,29,0,29,0
primary,AMZN,2025-11-28,5m,29,0,29,0,29,0,29,0
primary,AMZN,2025-11-28,30m,29,0,29,0,29,0,29,0
primary,META,2025-11-28,5m,29,0,29,0,29,0,29,0
primary,META,2025-11-28,30m,29,0,29,0,29,0,29,0
primary,MSFT,2025-11-28,5m,29,0,29,0,29,0,29,0
primary,MSFT,2025-11-28,30m,29,0,29,0,29,0,29,0
primary,NVDA,2025-11-28,5m,29,0,29,0,29,0,29,0
primary,NVDA,2025-11-28,30m,29,0,29,0,29,0,29,0
primary,TSLA,2025-11-28,5m,29,0,29,0,29,0,29,0
primary,TSLA,2025-11-28,30m,29,0,29,0,29,0,29,0
primary,AAPL,2025-12-01,5m,65,0,65,0,65,0,65,0
primary,AAPL,2025-12-01,30m,65,0,65,0,65,0,65,0
primary,AMZN,2025-12-01,5m,65,0,65,0,65,0,65,0
primary,AMZN,2025-12-01,30m,65,0,65,0,65,0,65,0
primary,META,2025-12-01,5m,65,0,65,0,65,0,65,0
primary,META,2025-12-01,30m,65,0,65,0,65,0,65,0
primary,MSFT,2025-12-01,5m,65,0,65,0,59,0,59,0
primary,MSFT,2025-12-01,30m,65,0,65,0,59,0,59,0
primary,NVDA,2025-12-01,5m,65,0,65,0,65,0,65,0
primary,NVDA,2025-12-01,30m,65,0,65,0,65,0,65,0
primary,TSLA,2025-12-01,5m,65,0,65,0,65,0,65,0
primary,TSLA,2025-12-01,30m,65,0,65,0,65,0,65,0
primary,AAPL,2025-12-02,5m,65,0,65,0,65,0,65,0
primary,AAPL,2025-12-02,30m,65,0,65,0,65,0,65,0
primary,AMZN,2025-12-02,5m,65,0,65,0,65,0,65,0
primary,AMZN,2025-12-02,30m,65,0,65,0,65,0,65,0
primary,META,2025-12-02,5m,65,0,65,0,65,0,65,0
primary,META,2025-12-02,30m,65,0,65,0,65,0,65,0
primary,MSFT,2025-12-02,5m,65,0,65,0,64,0,64,0
primary,MSFT,2025-12-02,30m,65,0,65,0,64,0,64,0
primary,NVDA,2025-12-02,5m,65,0,65,0,65,0,65,0
primary,NVDA,2025-12-02,30m,65,0,65,0,65,0,65,0
primary,TSLA,2025-12-02,5m,65,0,65,0,65,0,65,0
primary,TSLA,2025-12-02,30m,65,0,65,0,65,0,65,0
primary,AAPL,2025-12-03,5m,65,0,65,0,65,0,65,0
primary,AAPL,2025-12-03,30m,65,0,65,0,65,0,65,0
primary,AMZN,2025-12-03,5m,65,0,65,0,65,0,65,0
primary,AMZN,2025-12-03,30m,65,0,65,0,65,0,65,0
primary,META,2025-12-03,5m,65,0,65,0,65,0,65,0
primary,META,2025-12-03,30m,65,0,65,0,65,0,65,0
primary,MSFT,2025-12-03,5m,65,0,65,0,65,0,65,0
primary,MSFT,2025-12-03,30m,65,0,65,0,65,0,65,0
primary,NVDA,2025-12-03,5m,65,0,65,0,65,0,65,0
primary,NVDA,2025-12-03,30m,65,0,65,0,65,0,65,0
primary,TSLA,2025-12-03,5m,65,0,65,0,65,0,65,0
primary,TSLA,2025-12-03,30m,65,0,65,0,65,0,65,0
primary,AAPL,2025-12-04,5m,65,0,65,0,65,0,65,0
primary,AAPL,2025-12-04,30m,65,0,65,0,65,0,65,0
primary,AMZN,2025-12-04,5m,65,0,65,0,65,0,65,0
primary,AMZN,2025-12-04,30m,65,0,65,0,65,0,65,0
primary,META,2025-12-04,5m,65,0,65,0,65,0,65,0
primary,META,2025-12-04,30m,65,0,65,0,65,0,65,0
primary,MSFT,2025-12-04,5m,65,0,65,0,65,0,65,0
primary,MSFT,2025-12-04,30m,65,0,65,0,65,0,65,0
primary,NVDA,2025-12-04,5m,65,0,65,0,65,0,65,0
primary,NVDA,2025-12-04,30m,65,0,65,0,65,0,65,0
primary,TSLA,2025-12-04,5m,65,0,65,0,65,0,65,0
primary,TSLA,2025-12-04,30m,65,0,65,0,65,0,65,0
primary,AAPL,2025-12-05,5m,65,0,65,0,65,0,65,0
primary,AAPL,2025-12-05,30m,65,0,65,0,65,0,65,0
primary,AMZN,2025-12-05,5m,65,0,65,0,65,0,65,0
primary,AMZN,2025-12-05,30m,65,0,65,0,65,0,65,0
primary,META,2025-12-05,5m,65,0,65,0,65,0,65,0
primary,META,2025-12-05,30m,65,0,65,0,65,0,65,0
primary,MSFT,2025-12-05,5m,65,0,65,0,65,0,65,0
primary,MSFT,2025-12-05,30m,65,0,65,0,65,0,65,0
primary,NVDA,2025-12-05,5m,65,0,65,0,65,0,65,0
primary,NVDA,2025-12-05,30m,65,0,65,0,65,0,65,0
primary,TSLA,2025-12-05,5m,65,0,65,0,65,0,65,0
primary,TSLA,2025-12-05,30m,65,0,65,0,65,0,65,0
primary,AAPL,2025-12-08,5m,65,0,65,0,65,0,65,0
primary,AAPL,2025-12-08,30m,65,0,65,0,65,0,65,0
primary,AMZN,2025-12-08,5m,65,0,65,0,59,0,59,0
primary,AMZN,2025-12-08,30m,65,0,65,0,59,0,59,0
primary,META,2025-12-08,5m,65,0,65,0,53,0,53,0
primary,META,2025-12-08,30m,65,0,65,0,53,0,53,0
primary,MSFT,2025-12-08,5m,65,0,65,0,65,0,65,0
primary,MSFT,2025-12-08,30m,65,0,65,0,65,0,65,0
primary,NVDA,2025-12-08,5m,65,0,65,0,65,0,65,0
primary,NVDA,2025-12-08,30m,65,0,65,0,65,0,65,0
primary,TSLA,2025-12-08,5m,65,0,65,0,65,0,65,0
primary,TSLA,2025-12-08,30m,65,0,65,0,65,0,65,0
primary,AAPL,2025-12-09,5m,65,0,65,0,65,0,65,0
primary,AAPL,2025-12-09,30m,65,0,65,0,65,0,65,0
primary,AMZN,2025-12-09,5m,65,0,65,0,65,0,65,0
primary,AMZN,2025-12-09,30m,65,0,65,0,65,0,65,0
primary,META,2025-12-09,5m,65,0,65,0,65,0,65,0
primary,META,2025-12-09,30m,65,0,65,0,65,0,65,0
primary,MSFT,2025-12-09,5m,65,0,65,0,65,0,65,0
primary,MSFT,2025-12-09,30m,65,0,65,0,65,0,65,0
primary,NVDA,2025-12-09,5m,65,0,65,0,65,0,65,0
primary,NVDA,2025-12-09,30m,65,0,65,0,65,0,65,0
primary,TSLA,2025-12-09,5m,65,0,65,0,65,0,65,0
primary,TSLA,2025-12-09,30m,65,0,65,0,65,0,65,0
primary,AAPL,2025-12-10,5m,65,0,65,0,65,0,65,0
primary,AAPL,2025-12-10,30m,65,0,65,0,65,0,65,0
primary,AMZN,2025-12-10,5m,65,0,65,0,59,0,59,0
primary,AMZN,2025-12-10,30m,65,0,65,0,59,0,59,0
primary,META,2025-12-10,5m,65,0,65,0,65,0,65,0
primary,META,2025-12-10,30m,65,0,65,0,65,0,65,0
primary,MSFT,2025-12-10,5m,65,0,65,0,65,0,65,0
primary,MSFT,2025-12-10,30m,65,0,65,0,65,0,65,0
primary,NVDA,2025-12-10,5m,65,0,65,0,65,0,65,0
primary,NVDA,2025-12-10,30m,65,0,65,0,65,0,65,0
primary,TSLA,2025-12-10,5m,65,0,65,0,65,0,65,0
primary,TSLA,2025-12-10,30m,65,0,65,0,65,0,65,0
primary,AAPL,2025-12-11,5m,65,0,65,0,65,0,65,0
primary,AAPL,2025-12-11,30m,65,0,65,0,65,0,65,0
primary,AMZN,2025-12-11,5m,65,0,65,0,48,0,48,0
primary,AMZN,2025-12-11,30m,65,0,65,0,48,0,48,0
primary,META,2025-12-11,5m,65,0,65,0,65,0,65,0
primary,META,2025-12-11,30m,65,0,65,0,65,0,65,0
primary,MSFT,2025-12-11,5m,65,0,65,0,65,0,65,0
primary,MSFT,2025-12-11,30m,65,0,65,0,65,0,65,0
primary,NVDA,2025-12-11,5m,65,0,65,0,65,0,65,0
primary,NVDA,2025-12-11,30m,65,0,65,0,65,0,65,0
primary,TSLA,2025-12-11,5m,65,0,65,0,65,0,65,0
primary,TSLA,2025-12-11,30m,65,0,65,0,65,0,65,0
primary,AAPL,2025-12-12,5m,65,0,65,0,65,0,65,0
primary,AAPL,2025-12-12,30m,65,0,65,0,65,0,65,0
primary,AMZN,2025-12-12,5m,65,0,65,0,59,0,59,0
primary,AMZN,2025-12-12,30m,65,0,65,0,59,0,59,0
primary,META,2025-12-12,5m,65,0,65,0,65,0,65,0
primary,META,2025-12-12,30m,65,0,65,0,65,0,65,0
primary,MSFT,2025-12-12,5m,65,0,65,0,65,0,65,0
primary,MSFT,2025-12-12,30m,65,0,65,0,65,0,65,0
primary,NVDA,2025-12-12,5m,65,0,65,0,65,0,65,0
primary,NVDA,2025-12-12,30m,65,0,65,0,65,0,65,0
primary,TSLA,2025-12-12,5m,65,0,65,0,65,0,65,0
primary,TSLA,2025-12-12,30m,65,0,65,0,65,0,65,0
primary,AAPL,2025-12-15,5m,65,0,65,0,65,0,65,0
primary,AAPL,2025-12-15,30m,65,0,65,0,65,0,65,0
primary,AMZN,2025-12-15,5m,65,0,65,0,65,0,65,0
primary,AMZN,2025-12-15,30m,65,0,65,0,65,0,65,0
primary,META,2025-12-15,5m,65,0,65,0,59,0,59,0
primary,META,2025-12-15,30m,65,0,65,0,59,0,59,0
primary,MSFT,2025-12-15,5m,65,0,65,0,62,0,62,0
primary,MSFT,2025-12-15,30m,65,0,65,0,62,0,62,0
primary,NVDA,2025-12-15,5m,65,0,65,0,65,0,65,0
primary,NVDA,2025-12-15,30m,65,0,65,0,65,0,65,0
primary,TSLA,2025-12-15,5m,65,0,65,0,65,0,65,0
primary,TSLA,2025-12-15,30m,65,0,65,0,65,0,65,0
primary,AAPL,2025-12-16,5m,65,0,65,0,65,0,65,0
primary,AAPL,2025-12-16,30m,65,0,65,0,65,0,65,0
primary,AMZN,2025-12-16,5m,65,0,65,0,65,0,65,0
primary,AMZN,2025-12-16,30m,65,0,65,0,65,0,65,0
primary,META,2025-12-16,5m,65,0,65,0,65,0,65,0
primary,META,2025-12-16,30m,65,0,65,0,65,0,65,0
primary,MSFT,2025-12-16,5m,65,0,65,0,65,0,65,0
primary,MSFT,2025-12-16,30m,65,0,65,0,65,0,65,0
primary,NVDA,2025-12-16,5m,65,0,65,0,65,0,65,0
primary,NVDA,2025-12-16,30m,65,0,65,0,65,0,65,0
primary,TSLA,2025-12-16,5m,65,0,65,0,59,0,59,0
primary,TSLA,2025-12-16,30m,65,0,65,0,59,0,59,0
primary,AAPL,2025-12-17,5m,65,0,65,0,59,0,59,0
primary,AAPL,2025-12-17,30m,65,0,65,0,59,0,59,0
primary,AMZN,2025-12-17,5m,65,0,65,0,65,0,65,0
primary,AMZN,2025-12-17,30m,65,0,65,0,65,0,65,0
primary,META,2025-12-17,5m,65,0,65,0,65,0,65,0
primary,META,2025-12-17,30m,65,0,65,0,65,0,65,0
primary,MSFT,2025-12-17,5m,65,0,65,0,65,0,65,0
primary,MSFT,2025-12-17,30m,65,0,65,0,65,0,65,0
primary,NVDA,2025-12-17,5m,65,0,65,0,65,0,65,0
primary,NVDA,2025-12-17,30m,65,0,65,0,65,0,65,0
primary,TSLA,2025-12-17,5m,65,0,65,0,65,0,65,0
primary,TSLA,2025-12-17,30m,65,0,65,0,65,0,65,0
primary,AAPL,2025-12-18,5m,65,0,65,0,65,0,65,0
primary,AAPL,2025-12-18,30m,65,0,65,0,65,0,65,0
primary,AMZN,2025-12-18,5m,65,0,65,0,65,0,65,0
primary,AMZN,2025-12-18,30m,65,0,65,0,65,0,65,0
primary,META,2025-12-18,5m,65,0,65,0,65,0,65,0
primary,META,2025-12-18,30m,65,0,65,0,65,0,65,0
primary,MSFT,2025-12-18,5m,65,0,65,0,65,0,65,0
primary,MSFT,2025-12-18,30m,65,0,65,0,65,0,65,0
primary,NVDA,2025-12-18,5m,65,0,65,0,65,0,65,0
primary,NVDA,2025-12-18,30m,65,0,65,0,65,0,65,0
primary,TSLA,2025-12-18,5m,65,0,65,0,65,0,65,0
primary,TSLA,2025-12-18,30m,65,0,65,0,65,0,65,0
primary,AAPL,2025-12-19,5m,65,0,65,0,65,0,65,0
primary,AAPL,2025-12-19,30m,65,0,65,0,65,0,65,0
primary,AMZN,2025-12-19,5m,65,0,65,0,65,0,65,0
primary,AMZN,2025-12-19,30m,65,0,65,0,65,0,65,0
primary,META,2025-12-19,5m,65,0,65,0,65,0,65,0
primary,META,2025-12-19,30m,65,0,65,0,65,0,65,0
primary,MSFT,2025-12-19,5m,65,0,65,0,65,0,65,0
primary,MSFT,2025-12-19,30m,65,0,65,0,65,0,65,0
primary,NVDA,2025-12-19,5m,65,0,65,0,53,0,53,0
primary,NVDA,2025-12-19,30m,65,0,65,0,53,0,53,0
primary,TSLA,2025-12-19,5m,65,0,65,0,51,0,51,0
primary,TSLA,2025-12-19,30m,65,0,65,0,51,0,51,0
primary,AAPL,2025-12-22,5m,65,0,65,0,65,0,65,0
primary,AAPL,2025-12-22,30m,65,0,65,0,65,0,65,0
primary,AMZN,2025-12-22,5m,65,0,65,0,65,0,65,0
primary,AMZN,2025-12-22,30m,65,0,65,0,65,0,65,0
primary,META,2025-12-22,5m,65,0,65,0,65,0,65,0
primary,META,2025-12-22,30m,65,0,65,0,65,0,65,0
primary,MSFT,2025-12-22,5m,65,0,65,0,65,0,65,0
primary,MSFT,2025-12-22,30m,65,0,65,0,65,0,65,0
primary,NVDA,2025-12-22,5m,65,0,65,0,65,0,65,0
primary,NVDA,2025-12-22,30m,65,0,65,0,65,0,65,0
primary,TSLA,2025-12-22,5m,65,0,65,0,56,0,56,0
primary,TSLA,2025-12-22,30m,65,0,65,0,56,0,56,0
primary,AAPL,2025-12-23,5m,65,0,65,0,65,0,65,0
primary,AAPL,2025-12-23,30m,65,0,65,0,65,0,65,0
primary,AMZN,2025-12-23,5m,65,0,65,0,65,0,65,0
primary,AMZN,2025-12-23,30m,65,0,65,0,65,0,65,0
primary,META,2025-12-23,5m,65,0,65,0,59,0,59,0
primary,META,2025-12-23,30m,65,0,65,0,59,0,59,0
primary,MSFT,2025-12-23,5m,65,0,65,0,65,0,65,0
primary,MSFT,2025-12-23,30m,65,0,65,0,65,0,65,0
primary,NVDA,2025-12-23,5m,65,0,65,0,59,0,59,0
primary,NVDA,2025-12-23,30m,65,0,65,0,59,0,59,0
primary,TSLA,2025-12-23,5m,65,0,65,0,65,0,65,0
primary,TSLA,2025-12-23,30m,65,0,65,0,65,0,65,0
primary,AAPL,2025-12-24,5m,29,0,29,0,29,0,29,0
primary,AAPL,2025-12-24,30m,29,0,29,0,29,0,29,0
primary,AMZN,2025-12-24,5m,29,0,29,0,29,0,29,0
primary,AMZN,2025-12-24,30m,29,0,29,0,29,0,29,0
primary,META,2025-12-24,5m,29,0,29,0,29,0,29,0
primary,META,2025-12-24,30m,29,0,29,0,29,0,29,0
primary,MSFT,2025-12-24,5m,29,0,29,0,29,0,29,0
primary,MSFT,2025-12-24,30m,29,0,29,0,29,0,29,0
primary,NVDA,2025-12-24,5m,29,0,29,0,29,0,29,0
primary,NVDA,2025-12-24,30m,29,0,29,0,29,0,29,0
primary,TSLA,2025-12-24,5m,29,0,29,0,29,0,29,0
primary,TSLA,2025-12-24,30m,29,0,29,0,29,0,29,0
primary,AAPL,2025-12-26,5m,65,0,65,0,65,0,65,0
primary,AAPL,2025-12-26,30m,65,0,65,0,65,0,65,0
primary,AMZN,2025-12-26,5m,65,0,65,0,65,0,65,0
primary,AMZN,2025-12-26,30m,65,0,65,0,65,0,65,0
primary,META,2025-12-26,5m,65,0,65,0,65,0,65,0
primary,META,2025-12-26,30m,65,0,65,0,65,0,65,0
primary,MSFT,2025-12-26,5m,65,0,65,0,59,0,59,0
primary,MSFT,2025-12-26,30m,65,0,65,0,59,0,59,0
primary,NVDA,2025-12-26,5m,65,0,65,0,65,0,65,0
primary,NVDA,2025-12-26,30m,65,0,65,0,65,0,65,0
primary,TSLA,2025-12-26,5m,65,0,65,0,65,0,65,0
primary,TSLA,2025-12-26,30m,65,0,65,0,65,0,65,0
primary,AAPL,2025-12-29,5m,65,0,65,0,65,0,65,0
primary,AAPL,2025-12-29,30m,65,0,65,0,65,0,65,0
primary,AMZN,2025-12-29,5m,65,0,65,0,65,0,65,0
primary,AMZN,2025-12-29,30m,65,0,65,0,65,0,65,0
primary,META,2025-12-29,5m,65,0,65,0,65,0,65,0
primary,META,2025-12-29,30m,65,0,65,0,65,0,65,0
primary,MSFT,2025-12-29,5m,65,0,65,0,65,0,65,0
primary,MSFT,2025-12-29,30m,65,0,65,0,65,0,65,0
primary,NVDA,2025-12-29,5m,65,0,65,0,65,0,65,0
primary,NVDA,2025-12-29,30m,65,0,65,0,65,0,65,0
primary,TSLA,2025-12-29,5m,65,0,65,0,65,0,65,0
primary,TSLA,2025-12-29,30m,65,0,65,0,65,0,65,0
primary,AAPL,2025-12-30,5m,65,0,65,0,59,0,59,0
primary,AAPL,2025-12-30,30m,65,0,65,0,59,0,59,0
primary,AMZN,2025-12-30,5m,65,0,65,0,60,0,60,0
primary,AMZN,2025-12-30,30m,65,0,65,0,60,0,60,0
primary,META,2025-12-30,5m,65,0,65,0,60,0,60,0
primary,META,2025-12-30,30m,65,0,65,0,60,0,60,0
primary,MSFT,2025-12-30,5m,65,0,65,0,65,0,65,0
primary,MSFT,2025-12-30,30m,65,0,65,0,65,0,65,0
primary,NVDA,2025-12-30,5m,65,0,65,0,65,0,65,0
primary,NVDA,2025-12-30,30m,65,0,65,0,65,0,65,0
primary,TSLA,2025-12-30,5m,65,0,65,0,65,0,65,0
primary,TSLA,2025-12-30,30m,65,0,65,0,65,0,65,0
primary,AAPL,2025-12-31,5m,65,0,65,0,65,0,65,0
primary,AAPL,2025-12-31,30m,65,0,65,0,65,0,65,0
primary,AMZN,2025-12-31,5m,65,0,65,0,65,0,65,0
primary,AMZN,2025-12-31,30m,65,0,65,0,65,0,65,0
primary,META,2025-12-31,5m,65,0,65,0,65,0,65,0
primary,META,2025-12-31,30m,65,0,65,0,65,0,65,0
primary,MSFT,2025-12-31,5m,65,0,65,0,65,0,65,0
primary,MSFT,2025-12-31,30m,65,0,65,0,65,0,65,0
primary,NVDA,2025-12-31,5m,65,0,65,0,65,0,65,0
primary,NVDA,2025-12-31,30m,65,0,65,0,65,0,65,0
primary,TSLA,2025-12-31,5m,65,0,65,0,65,0,65,0
primary,TSLA,2025-12-31,30m,65,0,65,0,65,0,65,0
primary,AAPL,2026-01-02,5m,65,0,65,0,65,0,65,0
primary,AAPL,2026-01-02,30m,65,0,65,0,65,0,65,0
primary,AMZN,2026-01-02,5m,65,0,65,0,65,0,65,0
primary,AMZN,2026-01-02,30m,65,0,65,0,65,0,65,0
primary,META,2026-01-02,5m,65,0,65,0,65,0,65,0
primary,META,2026-01-02,30m,65,0,65,0,65,0,65,0
primary,MSFT,2026-01-02,5m,65,0,65,0,65,0,65,0
primary,MSFT,2026-01-02,30m,65,0,65,0,65,0,65,0
primary,NVDA,2026-01-02,5m,65,0,65,0,59,0,59,0
primary,NVDA,2026-01-02,30m,65,0,65,0,59,0,59,0
primary,TSLA,2026-01-02,5m,65,0,65,0,65,0,65,0
primary,TSLA,2026-01-02,30m,65,0,65,0,65,0,65,0
primary,AAPL,2026-01-05,5m,65,0,65,0,65,0,65,0
primary,AAPL,2026-01-05,30m,65,0,65,0,65,0,65,0
primary,AMZN,2026-01-05,5m,65,0,65,0,65,0,65,0
primary,AMZN,2026-01-05,30m,65,0,65,0,65,0,65,0
primary,META,2026-01-05,5m,65,0,65,0,65,0,65,0
primary,META,2026-01-05,30m,65,0,65,0,65,0,65,0
primary,MSFT,2026-01-05,5m,65,0,65,0,53,0,53,0
primary,MSFT,2026-01-05,30m,65,0,65,0,53,0,53,0
primary,NVDA,2026-01-05,5m,65,0,65,0,65,0,65,0
primary,NVDA,2026-01-05,30m,65,0,65,0,65,0,65,0
primary,TSLA,2026-01-05,5m,65,0,65,0,65,0,65,0
primary,TSLA,2026-01-05,30m,65,0,65,0,65,0,65,0
primary,AAPL,2026-01-06,5m,65,0,65,0,49,0,49,0
primary,AAPL,2026-01-06,30m,65,0,65,0,49,0,49,0
primary,AMZN,2026-01-06,5m,65,0,65,0,65,0,65,0
primary,AMZN,2026-01-06,30m,65,0,65,0,65,0,65,0
primary,META,2026-01-06,5m,65,0,65,0,65,0,65,0
primary,META,2026-01-06,30m,65,0,65,0,65,0,65,0
primary,MSFT,2026-01-06,5m,65,0,65,0,65,0,65,0
primary,MSFT,2026-01-06,30m,65,0,65,0,65,0,65,0
primary,NVDA,2026-01-06,5m,65,0,65,0,65,0,65,0
primary,NVDA,2026-01-06,30m,65,0,65,0,65,0,65,0
primary,TSLA,2026-01-06,5m,65,0,65,0,65,0,65,0
primary,TSLA,2026-01-06,30m,65,0,65,0,65,0,65,0
primary,AAPL,2026-01-07,5m,65,0,65,0,65,0,65,0
primary,AAPL,2026-01-07,30m,65,0,65,0,65,0,65,0
primary,AMZN,2026-01-07,5m,65,0,65,0,65,0,65,0
primary,AMZN,2026-01-07,30m,65,0,65,0,65,0,65,0
primary,META,2026-01-07,5m,65,0,65,0,65,0,65,0
primary,META,2026-01-07,30m,65,0,65,0,65,0,65,0
primary,MSFT,2026-01-07,5m,65,0,65,0,65,0,65,0
primary,MSFT,2026-01-07,30m,65,0,65,0,65,0,65,0
primary,NVDA,2026-01-07,5m,65,0,65,0,65,0,65,0
primary,NVDA,2026-01-07,30m,65,0,65,0,65,0,65,0
primary,TSLA,2026-01-07,5m,65,0,65,0,65,0,65,0
primary,TSLA,2026-01-07,30m,65,0,65,0,65,0,65,0
primary,AAPL,2026-01-08,5m,65,0,65,0,65,0,65,0
primary,AAPL,2026-01-08,30m,65,0,65,0,65,0,65,0
primary,AMZN,2026-01-08,5m,65,0,65,0,59,0,59,0
primary,AMZN,2026-01-08,30m,65,0,65,0,59,0,59,0
primary,META,2026-01-08,5m,65,0,65,0,59,0,59,0
primary,META,2026-01-08,30m,65,0,65,0,59,0,59,0
primary,MSFT,2026-01-08,5m,65,0,65,0,65,0,65,0
primary,MSFT,2026-01-08,30m,65,0,65,0,65,0,65,0
primary,NVDA,2026-01-08,5m,65,0,65,0,65,0,65,0
primary,NVDA,2026-01-08,30m,65,0,65,0,65,0,65,0
primary,TSLA,2026-01-08,5m,65,0,65,0,65,0,65,0
primary,TSLA,2026-01-08,30m,65,0,65,0,65,0,65,0
primary,AAPL,2026-01-09,5m,65,0,65,0,65,0,65,0
primary,AAPL,2026-01-09,30m,65,0,65,0,65,0,65,0
primary,AMZN,2026-01-09,5m,65,0,65,0,65,0,65,0
primary,AMZN,2026-01-09,30m,65,0,65,0,65,0,65,0
primary,META,2026-01-09,5m,65,0,65,0,65,0,65,0
primary,META,2026-01-09,30m,65,0,65,0,65,0,65,0
primary,MSFT,2026-01-09,5m,65,0,65,0,65,0,65,0
primary,MSFT,2026-01-09,30m,65,0,65,0,65,0,65,0
primary,NVDA,2026-01-09,5m,65,0,65,0,65,0,65,0
primary,NVDA,2026-01-09,30m,65,0,65,0,65,0,65,0
primary,TSLA,2026-01-09,5m,65,0,65,0,65,0,65,0
primary,TSLA,2026-01-09,30m,65,0,65,0,65,0,65,0
primary,AAPL,2026-01-12,5m,65,0,65,0,65,0,65,0
primary,AAPL,2026-01-12,30m,65,0,65,0,65,0,65,0
primary,AMZN,2026-01-12,5m,65,0,65,0,65,0,65,0
primary,AMZN,2026-01-12,30m,65,0,65,0,65,0,65,0
primary,META,2026-01-12,5m,65,0,65,0,59,0,59,0
primary,META,2026-01-12,30m,65,0,65,0,59,0,59,0
primary,MSFT,2026-01-12,5m,65,0,65,0,59,0,59,0
primary,MSFT,2026-01-12,30m,65,0,65,0,59,0,59,0
primary,NVDA,2026-01-12,5m,65,0,65,0,65,0,65,0
primary,NVDA,2026-01-12,30m,65,0,65,0,65,0,65,0
primary,TSLA,2026-01-12,5m,65,0,65,0,65,0,65,0
primary,TSLA,2026-01-12,30m,65,0,65,0,65,0,65,0
primary,AAPL,2026-01-13,5m,65,0,65,0,65,0,65,0
primary,AAPL,2026-01-13,30m,65,0,65,0,65,0,65,0
primary,AMZN,2026-01-13,5m,65,0,65,0,65,0,65,0
primary,AMZN,2026-01-13,30m,65,0,65,0,65,0,65,0
primary,META,2026-01-13,5m,65,0,65,0,59,0,59,0
primary,META,2026-01-13,30m,65,0,65,0,59,0,59,0
primary,MSFT,2026-01-13,5m,65,0,65,0,65,0,65,0
primary,MSFT,2026-01-13,30m,65,0,65,0,65,0,65,0
primary,NVDA,2026-01-13,5m,65,0,65,0,65,0,65,0
primary,NVDA,2026-01-13,30m,65,0,65,0,65,0,65,0
primary,TSLA,2026-01-13,5m,65,0,65,0,65,0,65,0
primary,TSLA,2026-01-13,30m,65,0,65,0,65,0,65,0
primary,AAPL,2026-01-14,5m,65,0,65,0,65,0,65,0
primary,AAPL,2026-01-14,30m,65,0,65,0,65,0,65,0
primary,AMZN,2026-01-14,5m,65,0,65,0,65,0,65,0
primary,AMZN,2026-01-14,30m,65,0,65,0,65,0,65,0
primary,META,2026-01-14,5m,65,0,65,0,65,0,65,0
primary,META,2026-01-14,30m,65,0,65,0,65,0,65,0
primary,MSFT,2026-01-14,5m,65,0,65,0,65,0,65,0
primary,MSFT,2026-01-14,30m,65,0,65,0,65,0,65,0
primary,NVDA,2026-01-14,5m,65,0,65,0,65,0,65,0
primary,NVDA,2026-01-14,30m,65,0,65,0,65,0,65,0
primary,TSLA,2026-01-14,5m,65,0,65,0,65,0,65,0
primary,TSLA,2026-01-14,30m,65,0,65,0,65,0,65,0
primary,AAPL,2026-01-15,5m,65,0,65,0,65,0,65,0
primary,AAPL,2026-01-15,30m,65,0,65,0,65,0,65,0
primary,AMZN,2026-01-15,5m,65,0,65,0,65,0,65,0
primary,AMZN,2026-01-15,30m,65,0,65,0,65,0,65,0
primary,META,2026-01-15,5m,65,0,65,0,65,0,65,0
primary,META,2026-01-15,30m,65,0,65,0,65,0,65,0
primary,MSFT,2026-01-15,5m,65,0,65,0,65,0,65,0
primary,MSFT,2026-01-15,30m,65,0,65,0,65,0,65,0
primary,NVDA,2026-01-15,5m,65,0,65,0,65,0,65,0
primary,NVDA,2026-01-15,30m,65,0,65,0,65,0,65,0
primary,TSLA,2026-01-15,5m,65,0,65,0,65,0,65,0
primary,TSLA,2026-01-15,30m,65,0,65,0,65,0,65,0
primary,AAPL,2026-01-16,5m,65,0,65,0,65,0,65,0
primary,AAPL,2026-01-16,30m,65,0,65,0,65,0,65,0
primary,AMZN,2026-01-16,5m,65,0,65,0,65,0,65,0
primary,AMZN,2026-01-16,30m,65,0,65,0,65,0,65,0
primary,META,2026-01-16,5m,65,0,65,0,65,0,65,0
primary,META,2026-01-16,30m,65,0,65,0,65,0,65,0
primary,MSFT,2026-01-16,5m,65,0,65,0,65,0,65,0
primary,MSFT,2026-01-16,30m,65,0,65,0,65,0,65,0
primary,NVDA,2026-01-16,5m,65,0,65,0,65,0,65,0
primary,NVDA,2026-01-16,30m,65,0,65,0,65,0,65,0
primary,TSLA,2026-01-16,5m,65,0,65,0,65,0,65,0
primary,TSLA,2026-01-16,30m,65,0,65,0,65,0,65,0
primary,AAPL,2026-01-20,5m,65,0,65,0,65,0,65,0
primary,AAPL,2026-01-20,30m,65,0,65,0,65,0,65,0
primary,AMZN,2026-01-20,5m,65,0,65,0,65,0,65,0
primary,AMZN,2026-01-20,30m,65,0,65,0,65,0,65,0
primary,META,2026-01-20,5m,65,0,65,0,65,0,65,0
primary,META,2026-01-20,30m,65,0,65,0,65,0,65,0
primary,MSFT,2026-01-20,5m,65,0,65,0,59,0,59,0
primary,MSFT,2026-01-20,30m,65,0,65,0,59,0,59,0
primary,NVDA,2026-01-20,5m,65,0,65,0,65,0,65,0
primary,NVDA,2026-01-20,30m,65,0,65,0,65,0,65,0
primary,TSLA,2026-01-20,5m,65,0,65,0,65,0,65,0
primary,TSLA,2026-01-20,30m,65,0,65,0,65,0,65,0
primary,AAPL,2026-01-21,5m,65,0,65,0,58,0,58,0
primary,AAPL,2026-01-21,30m,65,0,65,0,58,0,58,0
primary,AMZN,2026-01-21,5m,65,0,65,0,65,0,65,0
primary,AMZN,2026-01-21,30m,65,0,65,0,65,0,65,0
primary,META,2026-01-21,5m,65,0,65,0,59,0,59,0
primary,META,2026-01-21,30m,65,0,65,0,59,0,59,0
primary,MSFT,2026-01-21,5m,65,0,65,0,65,0,65,0
primary,MSFT,2026-01-21,30m,65,0,65,0,65,0,65,0
primary,NVDA,2026-01-21,5m,65,0,65,0,61,0,61,0
primary,NVDA,2026-01-21,30m,65,0,65,0,61,0,61,0
primary,TSLA,2026-01-21,5m,65,0,65,0,65,0,65,0
primary,TSLA,2026-01-21,30m,65,0,65,0,65,0,65,0
primary,AAPL,2026-01-22,5m,65,0,65,0,59,0,59,0
primary,AAPL,2026-01-22,30m,65,0,65,0,59,0,59,0
primary,AMZN,2026-01-22,5m,65,0,65,0,65,0,65,0
primary,AMZN,2026-01-22,30m,65,0,65,0,65,0,65,0
primary,META,2026-01-22,5m,65,0,65,0,53,0,53,0
primary,META,2026-01-22,30m,65,0,65,0,53,0,53,0
primary,MSFT,2026-01-22,5m,65,0,65,0,65,0,65,0
primary,MSFT,2026-01-22,30m,65,0,65,0,65,0,65,0
primary,NVDA,2026-01-22,5m,65,0,65,0,65,0,65,0
primary,NVDA,2026-01-22,30m,65,0,65,0,65,0,65,0
primary,TSLA,2026-01-22,5m,65,0,65,0,65,0,65,0
primary,TSLA,2026-01-22,30m,65,0,65,0,65,0,65,0
primary,AAPL,2026-01-23,5m,65,0,65,0,65,0,65,0
primary,AAPL,2026-01-23,30m,65,0,65,0,65,0,65,0
primary,AMZN,2026-01-23,5m,65,0,65,0,65,0,65,0
primary,AMZN,2026-01-23,30m,65,0,65,0,65,0,65,0
primary,META,2026-01-23,5m,65,0,65,0,65,0,65,0
primary,META,2026-01-23,30m,65,0,65,0,65,0,65,0
primary,MSFT,2026-01-23,5m,65,0,65,0,65,0,65,0
primary,MSFT,2026-01-23,30m,65,0,65,0,65,0,65,0
primary,NVDA,2026-01-23,5m,65,0,65,0,65,0,65,0
primary,NVDA,2026-01-23,30m,65,0,65,0,65,0,65,0
primary,TSLA,2026-01-23,5m,65,0,65,0,65,0,65,0
primary,TSLA,2026-01-23,30m,65,0,65,0,65,0,65,0
primary,AAPL,2026-01-26,5m,65,0,65,0,65,0,65,0
primary,AAPL,2026-01-26,30m,65,0,65,0,65,0,65,0
primary,AMZN,2026-01-26,5m,65,0,65,0,59,0,59,0
primary,AMZN,2026-01-26,30m,65,0,65,0,59,0,59,0
primary,META,2026-01-26,5m,65,0,65,0,65,0,65,0
primary,META,2026-01-26,30m,65,0,65,0,65,0,65,0
primary,MSFT,2026-01-26,5m,65,0,65,0,65,0,65,0
primary,MSFT,2026-01-26,30m,65,0,65,0,65,0,65,0
primary,NVDA,2026-01-26,5m,65,0,65,0,65,0,65,0
primary,NVDA,2026-01-26,30m,65,0,65,0,65,0,65,0
primary,TSLA,2026-01-26,5m,65,0,65,0,65,0,65,0
primary,TSLA,2026-01-26,30m,65,0,65,0,65,0,65,0
primary,AAPL,2026-01-27,5m,65,0,65,0,59,0,59,0
primary,AAPL,2026-01-27,30m,65,0,65,0,59,0,59,0
primary,AMZN,2026-01-27,5m,65,0,65,0,65,0,65,0
primary,AMZN,2026-01-27,30m,65,0,65,0,65,0,65,0
primary,META,2026-01-27,5m,65,0,65,0,65,0,65,0
primary,META,2026-01-27,30m,65,0,65,0,65,0,65,0
primary,MSFT,2026-01-27,5m,65,0,65,0,65,0,65,0
primary,MSFT,2026-01-27,30m,65,0,65,0,65,0,65,0
primary,NVDA,2026-01-27,5m,65,0,65,0,65,0,65,0
primary,NVDA,2026-01-27,30m,65,0,65,0,65,0,65,0
primary,TSLA,2026-01-27,5m,65,0,65,0,65,0,65,0
primary,TSLA,2026-01-27,30m,65,0,65,0,65,0,65,0
primary,AAPL,2026-01-28,5m,65,0,65,0,65,0,65,0
primary,AAPL,2026-01-28,30m,65,0,65,0,65,0,65,0
primary,AMZN,2026-01-28,5m,65,0,65,0,65,0,65,0
primary,AMZN,2026-01-28,30m,65,0,65,0,65,0,65,0
primary,META,2026-01-28,5m,65,0,65,0,65,0,65,0
primary,META,2026-01-28,30m,65,0,65,0,65,0,65,0
primary,MSFT,2026-01-28,5m,65,0,65,0,65,0,65,0
primary,MSFT,2026-01-28,30m,65,0,65,0,65,0,65,0
primary,NVDA,2026-01-28,5m,65,0,65,0,65,0,65,0
primary,NVDA,2026-01-28,30m,65,0,65,0,65,0,65,0
primary,TSLA,2026-01-28,5m,65,0,65,0,65,0,65,0
primary,TSLA,2026-01-28,30m,65,0,65,0,65,0,65,0
primary,AAPL,2026-01-29,5m,65,0,65,0,59,0,59,0
primary,AAPL,2026-01-29,30m,65,0,65,0,59,0,59,0
primary,AMZN,2026-01-29,5m,65,0,65,0,65,0,65,0
primary,AMZN,2026-01-29,30m,65,0,65,0,65,0,65,0
primary,META,2026-01-29,5m,65,0,65,0,65,0,65,0
primary,META,2026-01-29,30m,65,0,65,0,65,0,65,0
primary,MSFT,2026-01-29,5m,65,0,65,0,65,0,65,0
primary,MSFT,2026-01-29,30m,65,0,65,0,65,0,65,0
primary,NVDA,2026-01-29,5m,65,0,65,0,65,0,65,0
primary,NVDA,2026-01-29,30m,65,0,65,0,65,0,65,0
primary,TSLA,2026-01-29,5m,65,0,65,0,65,0,65,0
primary,TSLA,2026-01-29,30m,65,0,65,0,65,0,65,0
primary,AAPL,2026-01-30,5m,65,0,65,0,65,0,65,0
primary,AAPL,2026-01-30,30m,65,0,65,0,65,0,65,0
primary,AMZN,2026-01-30,5m,65,0,65,0,65,0,65,0
primary,AMZN,2026-01-30,30m,65,0,65,0,65,0,65,0
primary,META,2026-01-30,5m,65,0,65,0,65,0,65,0
primary,META,2026-01-30,30m,65,0,65,0,65,0,65,0
primary,MSFT,2026-01-30,5m,65,0,65,0,65,0,65,0
primary,MSFT,2026-01-30,30m,65,0,65,0,65,0,65,0
primary,NVDA,2026-01-30,5m,65,0,65,0,65,0,65,0
primary,NVDA,2026-01-30,30m,65,0,65,0,65,0,65,0
primary,TSLA,2026-01-30,5m,65,0,65,0,65,0,65,0
primary,TSLA,2026-01-30,30m,65,0,65,0,65,0,65,0
primary,AAPL,2026-02-02,5m,65,0,65,0,33,0,33,0
primary,AAPL,2026-02-02,30m,65,0,65,0,33,0,33,0
primary,AMZN,2026-02-02,5m,65,0,65,0,65,0,65,0
primary,AMZN,2026-02-02,30m,65,0,65,0,65,0,65,0
primary,META,2026-02-02,5m,65,0,65,0,65,0,65,0
primary,META,2026-02-02,30m,65,0,65,0,65,0,65,0
primary,MSFT,2026-02-02,5m,65,0,65,0,65,0,65,0
primary,MSFT,2026-02-02,30m,65,0,65,0,65,0,65,0
primary,NVDA,2026-02-02,5m,65,0,65,0,14,0,14,0
primary,NVDA,2026-02-02,30m,65,0,65,0,14,0,14,0
primary,TSLA,2026-02-02,5m,65,0,65,0,65,0,65,0
primary,TSLA,2026-02-02,30m,65,0,65,0,65,0,65,0
primary,AAPL,2026-02-03,5m,65,0,65,0,65,0,65,0
primary,AAPL,2026-02-03,30m,65,0,65,0,65,0,65,0
primary,AMZN,2026-02-03,5m,65,0,65,0,65,0,65,0
primary,AMZN,2026-02-03,30m,65,0,65,0,65,0,65,0
primary,META,2026-02-03,5m,65,0,65,0,65,0,65,0
primary,META,2026-02-03,30m,65,0,65,0,65,0,65,0
primary,MSFT,2026-02-03,5m,65,0,65,0,65,0,65,0
primary,MSFT,2026-02-03,30m,65,0,65,0,65,0,65,0
primary,NVDA,2026-02-03,5m,65,0,65,0,53,0,53,0
primary,NVDA,2026-02-03,30m,65,0,65,0,53,0,53,0
primary,TSLA,2026-02-03,5m,65,0,65,0,65,0,65,0
primary,TSLA,2026-02-03,30m,65,0,65,0,65,0,65,0
primary,AAPL,2026-02-04,5m,65,0,65,0,65,0,65,0
primary,AAPL,2026-02-04,30m,65,0,65,0,65,0,65,0
primary,AMZN,2026-02-04,5m,65,0,65,0,65,0,65,0
primary,AMZN,2026-02-04,30m,65,0,65,0,65,0,65,0
primary,META,2026-02-04,5m,65,0,65,0,65,0,65,0
primary,META,2026-02-04,30m,65,0,65,0,65,0,65,0
primary,MSFT,2026-02-04,5m,65,0,65,0,65,0,65,0
primary,MSFT,2026-02-04,30m,65,0,65,0,65,0,65,0
primary,NVDA,2026-02-04,5m,65,0,65,0,65,0,65,0
primary,NVDA,2026-02-04,30m,65,0,65,0,65,0,65,0
primary,TSLA,2026-02-04,5m,65,0,65,0,65,0,65,0
primary,TSLA,2026-02-04,30m,65,0,65,0,65,0,65,0
primary,AAPL,2026-02-05,5m,65,0,65,0,65,0,65,0
primary,AAPL,2026-02-05,30m,65,0,65,0,65,0,65,0
primary,AMZN,2026-02-05,5m,65,0,65,0,65,0,65,0
primary,AMZN,2026-02-05,30m,65,0,65,0,65,0,65,0
primary,META,2026-02-05,5m,65,0,65,0,59,0,59,0
primary,META,2026-02-05,30m,65,0,65,0,59,0,59,0
primary,MSFT,2026-02-05,5m,65,0,65,0,65,0,65,0
primary,MSFT,2026-02-05,30m,65,0,65,0,65,0,65,0
primary,NVDA,2026-02-05,5m,65,0,65,0,65,0,65,0
primary,NVDA,2026-02-05,30m,65,0,65,0,65,0,65,0
primary,TSLA,2026-02-05,5m,65,0,65,0,65,0,65,0
primary,TSLA,2026-02-05,30m,65,0,65,0,65,0,65,0
primary,AAPL,2026-02-06,5m,65,0,65,0,49,0,49,0
primary,AAPL,2026-02-06,30m,65,0,65,0,49,0,49,0
primary,AMZN,2026-02-06,5m,65,0,65,0,65,0,65,0
primary,AMZN,2026-02-06,30m,65,0,65,0,65,0,65,0
primary,META,2026-02-06,5m,65,0,65,0,65,0,65,0
primary,META,2026-02-06,30m,65,0,65,0,65,0,65,0
primary,MSFT,2026-02-06,5m,65,0,65,0,65,0,65,0
primary,MSFT,2026-02-06,30m,65,0,65,0,65,0,65,0
primary,NVDA,2026-02-06,5m,65,0,65,0,65,0,65,0
primary,NVDA,2026-02-06,30m,65,0,65,0,65,0,65,0
primary,TSLA,2026-02-06,5m,65,0,65,0,65,0,65,0
primary,TSLA,2026-02-06,30m,65,0,65,0,65,0,65,0
primary,AAPL,2026-02-09,5m,65,0,65,0,65,0,65,0
primary,AAPL,2026-02-09,30m,65,0,65,0,65,0,65,0
primary,AMZN,2026-02-09,5m,65,0,65,0,65,0,65,0
primary,AMZN,2026-02-09,30m,65,0,65,0,65,0,65,0
primary,META,2026-02-09,5m,65,0,65,0,65,0,65,0
primary,META,2026-02-09,30m,65,0,65,0,65,0,65,0
primary,MSFT,2026-02-09,5m,65,0,65,0,65,0,65,0
primary,MSFT,2026-02-09,30m,65,0,65,0,65,0,65,0
primary,NVDA,2026-02-09,5m,65,0,65,0,65,0,65,0
primary,NVDA,2026-02-09,30m,65,0,65,0,65,0,65,0
primary,TSLA,2026-02-09,5m,65,0,65,0,65,0,65,0
primary,TSLA,2026-02-09,30m,65,0,65,0,65,0,65,0
primary,AAPL,2026-02-10,5m,65,0,65,0,65,0,65,0
primary,AAPL,2026-02-10,30m,65,0,65,0,65,0,65,0
primary,AMZN,2026-02-10,5m,65,0,65,0,51,0,51,0
primary,AMZN,2026-02-10,30m,65,0,65,0,51,0,51,0
primary,META,2026-02-10,5m,65,0,65,0,65,0,65,0
primary,META,2026-02-10,30m,65,0,65,0,65,0,65,0
primary,MSFT,2026-02-10,5m,65,0,65,0,65,0,65,0
primary,MSFT,2026-02-10,30m,65,0,65,0,65,0,65,0
primary,NVDA,2026-02-10,5m,65,0,65,0,59,0,59,0
primary,NVDA,2026-02-10,30m,65,0,65,0,59,0,59,0
primary,TSLA,2026-02-10,5m,65,0,65,0,65,0,65,0
primary,TSLA,2026-02-10,30m,65,0,65,0,65,0,65,0
primary,AAPL,2026-02-11,5m,65,0,65,0,57,0,57,0
primary,AAPL,2026-02-11,30m,65,0,65,0,57,0,57,0
primary,AMZN,2026-02-11,5m,65,0,65,0,59,0,59,0
primary,AMZN,2026-02-11,30m,65,0,65,0,59,0,59,0
primary,META,2026-02-11,5m,65,0,65,0,65,0,65,0
primary,META,2026-02-11,30m,65,0,65,0,65,0,65,0
primary,MSFT,2026-02-11,5m,65,0,65,0,65,0,65,0
primary,MSFT,2026-02-11,30m,65,0,65,0,65,0,65,0
primary,NVDA,2026-02-11,5m,65,0,65,0,65,0,65,0
primary,NVDA,2026-02-11,30m,65,0,65,0,65,0,65,0
primary,TSLA,2026-02-11,5m,65,0,65,0,65,0,65,0
primary,TSLA,2026-02-11,30m,65,0,65,0,65,0,65,0
primary,AAPL,2026-02-12,5m,65,0,65,0,65,0,65,0
primary,AAPL,2026-02-12,30m,65,0,65,0,65,0,65,0
primary,AMZN,2026-02-12,5m,65,0,65,0,59,0,59,0
primary,AMZN,2026-02-12,30m,65,0,65,0,59,0,59,0
primary,META,2026-02-12,5m,65,0,65,0,65,0,65,0
primary,META,2026-02-12,30m,65,0,65,0,65,0,65,0
primary,MSFT,2026-02-12,5m,65,0,65,0,65,0,65,0
primary,MSFT,2026-02-12,30m,65,0,65,0,65,0,65,0
primary,NVDA,2026-02-12,5m,65,0,65,0,65,0,65,0
primary,NVDA,2026-02-12,30m,65,0,65,0,65,0,65,0
primary,TSLA,2026-02-12,5m,65,0,65,0,65,0,65,0
primary,TSLA,2026-02-12,30m,65,0,65,0,65,0,65,0
primary,AAPL,2026-02-13,5m,65,0,65,0,59,0,59,0
primary,AAPL,2026-02-13,30m,65,0,65,0,59,0,59,0
primary,AMZN,2026-02-13,5m,65,0,65,0,53,0,53,0
primary,AMZN,2026-02-13,30m,65,0,65,0,53,0,53,0
primary,META,2026-02-13,5m,65,0,65,0,65,0,65,0
primary,META,2026-02-13,30m,65,0,65,0,65,0,65,0
primary,MSFT,2026-02-13,5m,65,0,65,0,65,0,65,0
primary,MSFT,2026-02-13,30m,65,0,65,0,65,0,65,0
primary,NVDA,2026-02-13,5m,65,0,65,0,65,0,65,0
primary,NVDA,2026-02-13,30m,65,0,65,0,65,0,65,0
primary,TSLA,2026-02-13,5m,65,0,65,0,65,0,65,0
primary,TSLA,2026-02-13,30m,65,0,65,0,65,0,65,0
primary,AAPL,2026-02-17,5m,65,0,65,0,65,0,65,0
primary,AAPL,2026-02-17,30m,65,0,65,0,65,0,65,0
primary,AMZN,2026-02-17,5m,65,0,65,0,65,0,65,0
primary,AMZN,2026-02-17,30m,65,0,65,0,65,0,65,0
primary,META,2026-02-17,5m,65,0,65,0,65,0,65,0
primary,META,2026-02-17,30m,65,0,65,0,65,0,65,0
primary,MSFT,2026-02-17,5m,65,0,65,0,65,0,65,0
primary,MSFT,2026-02-17,30m,65,0,65,0,65,0,65,0
primary,NVDA,2026-02-17,5m,65,0,65,0,53,0,53,0
primary,NVDA,2026-02-17,30m,65,0,65,0,53,0,53,0
primary,TSLA,2026-02-17,5m,65,0,65,0,53,0,53,0
primary,TSLA,2026-02-17,30m,65,0,65,0,53,0,53,0
primary,AAPL,2026-02-18,5m,65,0,65,0,65,0,65,0
primary,AAPL,2026-02-18,30m,65,0,65,0,65,0,65,0
primary,AMZN,2026-02-18,5m,65,0,65,0,65,0,65,0
primary,AMZN,2026-02-18,30m,65,0,65,0,65,0,65,0
primary,META,2026-02-18,5m,65,0,65,0,65,0,65,0
primary,META,2026-02-18,30m,65,0,65,0,65,0,65,0
primary,MSFT,2026-02-18,5m,65,0,65,0,65,0,65,0
primary,MSFT,2026-02-18,30m,65,0,65,0,65,0,65,0
primary,NVDA,2026-02-18,5m,65,0,65,0,65,0,65,0
primary,NVDA,2026-02-18,30m,65,0,65,0,65,0,65,0
primary,TSLA,2026-02-18,5m,65,0,65,0,65,0,65,0
primary,TSLA,2026-02-18,30m,65,0,65,0,65,0,65,0
primary,AAPL,2026-02-19,5m,65,0,65,0,65,0,65,0
primary,AAPL,2026-02-19,30m,65,0,65,0,65,0,65,0
primary,AMZN,2026-02-19,5m,65,0,65,0,65,0,65,0
primary,AMZN,2026-02-19,30m,65,0,65,0,65,0,65,0
primary,META,2026-02-19,5m,65,0,65,0,65,0,65,0
primary,META,2026-02-19,30m,65,0,65,0,65,0,65,0
primary,MSFT,2026-02-19,5m,65,0,65,0,65,0,65,0
primary,MSFT,2026-02-19,30m,65,0,65,0,65,0,65,0
primary,NVDA,2026-02-19,5m,65,0,65,0,47,0,47,0
primary,NVDA,2026-02-19,30m,65,0,65,0,47,0,47,0
primary,TSLA,2026-02-19,5m,65,0,65,0,65,0,65,0
primary,TSLA,2026-02-19,30m,65,0,65,0,65,0,65,0
primary,AAPL,2026-02-20,5m,65,0,65,0,65,0,65,0
primary,AAPL,2026-02-20,30m,65,0,65,0,65,0,65,0
primary,AMZN,2026-02-20,5m,65,0,65,0,65,0,65,0
primary,AMZN,2026-02-20,30m,65,0,65,0,65,0,65,0
primary,META,2026-02-20,5m,65,0,65,0,65,0,65,0
primary,META,2026-02-20,30m,65,0,65,0,65,0,65,0
primary,MSFT,2026-02-20,5m,65,0,65,0,65,0,65,0
primary,MSFT,2026-02-20,30m,65,0,65,0,65,0,65,0
primary,NVDA,2026-02-20,5m,65,0,65,0,65,0,65,0
primary,NVDA,2026-02-20,30m,65,0,65,0,65,0,65,0
primary,TSLA,2026-02-20,5m,65,0,65,0,65,0,65,0
primary,TSLA,2026-02-20,30m,65,0,65,0,65,0,65,0
primary,AAPL,2026-02-23,5m,65,0,65,0,65,0,65,0
primary,AAPL,2026-02-23,30m,65,0,65,0,65,0,65,0
primary,AMZN,2026-02-23,5m,65,0,65,0,65,0,65,0
primary,AMZN,2026-02-23,30m,65,0,65,0,65,0,65,0
primary,META,2026-02-23,5m,65,0,65,0,65,0,65,0
primary,META,2026-02-23,30m,65,0,65,0,65,0,65,0
primary,MSFT,2026-02-23,5m,65,0,65,0,65,0,65,0
primary,MSFT,2026-02-23,30m,65,0,65,0,65,0,65,0
primary,NVDA,2026-02-23,5m,65,0,65,0,65,0,65,0
primary,NVDA,2026-02-23,30m,65,0,65,0,65,0,65,0
primary,TSLA,2026-02-23,5m,65,0,65,0,65,0,65,0
primary,TSLA,2026-02-23,30m,65,0,65,0,65,0,65,0
primary,AAPL,2026-02-24,5m,65,0,65,0,65,0,65,0
primary,AAPL,2026-02-24,30m,65,0,65,0,65,0,65,0
primary,AMZN,2026-02-24,5m,65,0,65,0,65,0,65,0
primary,AMZN,2026-02-24,30m,65,0,65,0,65,0,65,0
primary,META,2026-02-24,5m,65,0,65,0,65,0,65,0
primary,META,2026-02-24,30m,65,0,65,0,65,0,65,0
primary,MSFT,2026-02-24,5m,65,0,65,0,65,0,65,0
primary,MSFT,2026-02-24,30m,65,0,65,0,65,0,65,0
primary,NVDA,2026-02-24,5m,65,0,65,0,65,0,65,0
primary,NVDA,2026-02-24,30m,65,0,65,0,65,0,65,0
primary,TSLA,2026-02-24,5m,65,0,65,0,65,0,65,0
primary,TSLA,2026-02-24,30m,65,0,65,0,65,0,65,0
primary,AAPL,2026-02-25,5m,65,0,65,0,65,0,65,0
primary,AAPL,2026-02-25,30m,65,0,65,0,65,0,65,0
primary,AMZN,2026-02-25,5m,65,0,65,0,65,0,65,0
primary,AMZN,2026-02-25,30m,65,0,65,0,65,0,65,0
primary,META,2026-02-25,5m,65,0,65,0,65,0,65,0
primary,META,2026-02-25,30m,65,0,65,0,65,0,65,0
primary,MSFT,2026-02-25,5m,65,0,65,0,65,0,65,0
primary,MSFT,2026-02-25,30m,65,0,65,0,65,0,65,0
primary,NVDA,2026-02-25,5m,65,0,65,0,65,0,65,0
primary,NVDA,2026-02-25,30m,65,0,65,0,65,0,65,0
primary,TSLA,2026-02-25,5m,65,0,65,0,65,0,65,0
primary,TSLA,2026-02-25,30m,65,0,65,0,65,0,65,0
primary,AAPL,2026-02-26,5m,65,0,65,0,65,0,65,0
primary,AAPL,2026-02-26,30m,65,0,65,0,65,0,65,0
primary,AMZN,2026-02-26,5m,65,0,65,0,65,0,65,0
primary,AMZN,2026-02-26,30m,65,0,65,0,65,0,65,0
primary,META,2026-02-26,5m,65,0,65,0,65,0,65,0
primary,META,2026-02-26,30m,65,0,65,0,65,0,65,0
primary,MSFT,2026-02-26,5m,65,0,65,0,65,0,65,0
primary,MSFT,2026-02-26,30m,65,0,65,0,65,0,65,0
primary,NVDA,2026-02-26,5m,65,0,65,0,65,0,65,0
primary,NVDA,2026-02-26,30m,65,0,65,0,65,0,65,0
primary,TSLA,2026-02-26,5m,65,0,65,0,65,0,65,0
primary,TSLA,2026-02-26,30m,65,0,65,0,65,0,65,0
primary,AAPL,2026-02-27,5m,65,0,65,0,65,0,65,0
primary,AAPL,2026-02-27,30m,65,0,65,0,65,0,65,0
primary,AMZN,2026-02-27,5m,65,0,65,0,65,0,65,0
primary,AMZN,2026-02-27,30m,65,0,65,0,65,0,65,0
primary,META,2026-02-27,5m,65,0,65,0,65,0,65,0
primary,META,2026-02-27,30m,65,0,65,0,65,0,65,0
primary,MSFT,2026-02-27,5m,65,0,65,0,65,0,65,0
primary,MSFT,2026-02-27,30m,65,0,65,0,65,0,65,0
primary,NVDA,2026-02-27,5m,65,0,65,0,65,0,65,0
primary,NVDA,2026-02-27,30m,65,0,65,0,65,0,65,0
primary,TSLA,2026-02-27,5m,65,0,65,0,65,0,65,0
primary,TSLA,2026-02-27,30m,65,0,65,0,65,0,65,0
primary,AAPL,2026-03-02,5m,65,0,65,0,65,0,65,0
primary,AAPL,2026-03-02,30m,65,0,65,0,65,0,65,0
primary,AMZN,2026-03-02,5m,65,0,65,0,65,0,65,0
primary,AMZN,2026-03-02,30m,65,0,65,0,65,0,65,0
primary,META,2026-03-02,5m,65,0,65,0,65,0,65,0
primary,META,2026-03-02,30m,65,0,65,0,65,0,65,0
primary,MSFT,2026-03-02,5m,65,0,65,0,65,0,65,0
primary,MSFT,2026-03-02,30m,65,0,65,0,65,0,65,0
primary,NVDA,2026-03-02,5m,65,0,65,0,65,0,65,0
primary,NVDA,2026-03-02,30m,65,0,65,0,65,0,65,0
primary,TSLA,2026-03-02,5m,65,0,65,0,65,0,65,0
primary,TSLA,2026-03-02,30m,65,0,65,0,65,0,65,0
primary,AAPL,2026-03-03,5m,65,0,65,0,65,0,65,0
primary,AAPL,2026-03-03,30m,65,0,65,0,65,0,65,0
primary,AMZN,2026-03-03,5m,65,0,65,0,65,0,65,0
primary,AMZN,2026-03-03,30m,65,0,65,0,65,0,65,0
primary,META,2026-03-03,5m,65,0,65,0,65,0,65,0
primary,META,2026-03-03,30m,65,0,65,0,65,0,65,0
primary,MSFT,2026-03-03,5m,65,0,65,0,59,0,59,0
primary,MSFT,2026-03-03,30m,65,0,65,0,59,0,59,0
primary,NVDA,2026-03-03,5m,65,0,65,0,65,0,65,0
primary,NVDA,2026-03-03,30m,65,0,65,0,65,0,65,0
primary,TSLA,2026-03-03,5m,65,0,65,0,65,0,65,0
primary,TSLA,2026-03-03,30m,65,0,65,0,65,0,65,0
primary,AAPL,2026-03-04,5m,65,0,65,0,65,0,65,0
primary,AAPL,2026-03-04,30m,65,0,65,0,65,0,65,0
primary,AMZN,2026-03-04,5m,65,0,65,0,65,0,65,0
primary,AMZN,2026-03-04,30m,65,0,65,0,65,0,65,0
primary,META,2026-03-04,5m,65,0,65,0,65,0,65,0
primary,META,2026-03-04,30m,65,0,65,0,65,0,65,0
primary,MSFT,2026-03-04,5m,65,0,65,0,65,0,65,0
primary,MSFT,2026-03-04,30m,65,0,65,0,65,0,65,0
primary,NVDA,2026-03-04,5m,65,0,65,0,65,0,65,0
primary,NVDA,2026-03-04,30m,65,0,65,0,65,0,65,0
primary,TSLA,2026-03-04,5m,65,0,65,0,65,0,65,0
primary,TSLA,2026-03-04,30m,65,0,65,0,65,0,65,0
primary,AAPL,2026-03-05,5m,65,0,65,0,65,0,65,0
primary,AAPL,2026-03-05,30m,65,0,65,0,65,0,65,0
primary,AMZN,2026-03-05,5m,65,0,65,0,59,0,59,0
primary,AMZN,2026-03-05,30m,65,0,65,0,59,0,59,0
primary,META,2026-03-05,5m,65,0,65,0,65,0,65,0
primary,META,2026-03-05,30m,65,0,65,0,65,0,65,0
primary,MSFT,2026-03-05,5m,65,0,65,0,65,0,65,0
primary,MSFT,2026-03-05,30m,65,0,65,0,65,0,65,0
primary,NVDA,2026-03-05,5m,65,0,65,0,65,0,65,0
primary,NVDA,2026-03-05,30m,65,0,65,0,65,0,65,0
primary,TSLA,2026-03-05,5m,65,0,65,0,65,0,65,0
primary,TSLA,2026-03-05,30m,65,0,65,0,65,0,65,0
primary,AAPL,2026-03-06,5m,65,0,65,0,65,0,65,0
primary,AAPL,2026-03-06,30m,65,0,65,0,65,0,65,0
primary,AMZN,2026-03-06,5m,65,0,65,0,53,0,53,0
primary,AMZN,2026-03-06,30m,65,0,65,0,53,0,53,0
primary,META,2026-03-06,5m,65,0,65,0,65,0,65,0
primary,META,2026-03-06,30m,65,0,65,0,65,0,65,0
primary,MSFT,2026-03-06,5m,65,0,65,0,65,0,65,0
primary,MSFT,2026-03-06,30m,65,0,65,0,65,0,65,0
primary,NVDA,2026-03-06,5m,65,0,65,0,65,0,65,0
primary,NVDA,2026-03-06,30m,65,0,65,0,65,0,65,0
primary,TSLA,2026-03-06,5m,65,0,65,0,65,0,65,0
primary,TSLA,2026-03-06,30m,65,0,65,0,65,0,65,0
primary,AAPL,2026-03-09,5m,65,0,65,0,65,0,65,0
primary,AAPL,2026-03-09,30m,65,0,65,0,65,0,65,0
primary,AMZN,2026-03-09,5m,65,0,65,0,65,0,65,0
primary,AMZN,2026-03-09,30m,65,0,65,0,65,0,65,0
primary,META,2026-03-09,5m,65,0,65,0,65,0,65,0
primary,META,2026-03-09,30m,65,0,65,0,65,0,65,0
primary,MSFT,2026-03-09,5m,65,0,65,0,59,0,59,0
primary,MSFT,2026-03-09,30m,65,0,65,0,59,0,59,0
primary,NVDA,2026-03-09,5m,65,0,65,0,65,0,65,0
primary,NVDA,2026-03-09,30m,65,0,65,0,65,0,65,0
primary,TSLA,2026-03-09,5m,65,0,65,0,59,0,59,0
primary,TSLA,2026-03-09,30m,65,0,65,0,59,0,59,0
primary,AAPL,2026-03-10,5m,65,0,65,0,65,0,65,0
primary,AAPL,2026-03-10,30m,65,0,65,0,65,0,65,0
primary,AMZN,2026-03-10,5m,65,0,65,0,65,0,65,0
primary,AMZN,2026-03-10,30m,65,0,65,0,65,0,65,0
primary,META,2026-03-10,5m,65,0,65,0,65,0,65,0
primary,META,2026-03-10,30m,65,0,65,0,65,0,65,0
primary,MSFT,2026-03-10,5m,65,0,65,0,59,0,59,0
primary,MSFT,2026-03-10,30m,65,0,65,0,59,0,59,0
primary,NVDA,2026-03-10,5m,65,0,65,0,65,0,65,0
primary,NVDA,2026-03-10,30m,65,0,65,0,65,0,65,0
primary,TSLA,2026-03-10,5m,65,0,65,0,65,0,65,0
primary,TSLA,2026-03-10,30m,65,0,65,0,65,0,65,0
primary,AAPL,2026-03-11,5m,65,0,65,0,65,0,65,0
primary,AAPL,2026-03-11,30m,65,0,65,0,65,0,65,0
primary,AMZN,2026-03-11,5m,65,0,65,0,59,0,59,0
primary,AMZN,2026-03-11,30m,65,0,65,0,59,0,59,0
primary,META,2026-03-11,5m,65,0,65,0,65,0,65,0
primary,META,2026-03-11,30m,65,0,65,0,65,0,65,0
primary,MSFT,2026-03-11,5m,65,0,65,0,65,0,65,0
primary,MSFT,2026-03-11,30m,65,0,65,0,65,0,65,0
primary,NVDA,2026-03-11,5m,65,0,65,0,65,0,65,0
primary,NVDA,2026-03-11,30m,65,0,65,0,65,0,65,0
primary,TSLA,2026-03-11,5m,65,0,65,0,65,0,65,0
primary,TSLA,2026-03-11,30m,65,0,65,0,65,0,65,0
primary,AAPL,2026-03-12,5m,65,0,65,0,65,0,65,0
primary,AAPL,2026-03-12,30m,65,0,65,0,65,0,65,0
primary,AMZN,2026-03-12,5m,65,0,65,0,65,0,65,0
primary,AMZN,2026-03-12,30m,65,0,65,0,65,0,65,0
primary,META,2026-03-12,5m,65,0,65,0,65,0,65,0
primary,META,2026-03-12,30m,65,0,65,0,65,0,65,0
primary,MSFT,2026-03-12,5m,65,0,65,0,65,0,65,0
primary,MSFT,2026-03-12,30m,65,0,65,0,65,0,65,0
primary,NVDA,2026-03-12,5m,65,0,65,0,65,0,65,0
primary,NVDA,2026-03-12,30m,65,0,65,0,65,0,65,0
primary,TSLA,2026-03-12,5m,65,0,65,0,59,0,59,0
primary,TSLA,2026-03-12,30m,65,0,65,0,59,0,59,0
primary,AAPL,2026-03-13,5m,65,0,65,0,65,0,65,0
primary,AAPL,2026-03-13,30m,65,0,65,0,65,0,65,0
primary,AMZN,2026-03-13,5m,65,0,65,0,65,0,65,0
primary,AMZN,2026-03-13,30m,65,0,65,0,65,0,65,0
primary,META,2026-03-13,5m,65,0,65,0,65,0,65,0
primary,META,2026-03-13,30m,65,0,65,0,65,0,65,0
primary,MSFT,2026-03-13,5m,65,0,65,0,65,0,65,0
primary,MSFT,2026-03-13,30m,65,0,65,0,65,0,65,0
primary,NVDA,2026-03-13,5m,65,0,65,0,65,0,65,0
primary,NVDA,2026-03-13,30m,65,0,65,0,65,0,65,0
primary,TSLA,2026-03-13,5m,65,0,65,0,65,0,65,0
primary,TSLA,2026-03-13,30m,65,0,65,0,65,0,65,0
primary,AAPL,2026-03-16,5m,65,0,65,0,65,0,65,0
primary,AAPL,2026-03-16,30m,65,0,65,0,65,0,65,0
primary,AMZN,2026-03-16,5m,65,0,65,0,65,0,65,0
primary,AMZN,2026-03-16,30m,65,0,65,0,65,0,65,0
primary,META,2026-03-16,5m,65,0,65,0,65,0,65,0
primary,META,2026-03-16,30m,65,0,65,0,65,0,65,0
primary,MSFT,2026-03-16,5m,65,0,65,0,65,0,65,0
primary,MSFT,2026-03-16,30m,65,0,65,0,65,0,65,0
primary,NVDA,2026-03-16,5m,65,0,65,0,65,0,65,0
primary,NVDA,2026-03-16,30m,65,0,65,0,65,0,65,0
primary,TSLA,2026-03-16,5m,65,0,65,0,65,0,65,0
primary,TSLA,2026-03-16,30m,65,0,65,0,65,0,65,0
primary,AAPL,2026-03-17,5m,65,0,65,0,65,0,65,0
primary,AAPL,2026-03-17,30m,65,0,65,0,65,0,65,0
primary,AMZN,2026-03-17,5m,65,0,65,0,65,0,65,0
primary,AMZN,2026-03-17,30m,65,0,65,0,65,0,65,0
primary,META,2026-03-17,5m,65,0,65,0,65,0,65,0
primary,META,2026-03-17,30m,65,0,65,0,65,0,65,0
primary,MSFT,2026-03-17,5m,65,0,65,0,65,0,65,0
primary,MSFT,2026-03-17,30m,65,0,65,0,65,0,65,0
primary,NVDA,2026-03-17,5m,65,0,65,0,65,0,65,0
primary,NVDA,2026-03-17,30m,65,0,65,0,65,0,65,0
primary,TSLA,2026-03-17,5m,65,0,65,0,65,0,65,0
primary,TSLA,2026-03-17,30m,65,0,65,0,65,0,65,0
primary,AAPL,2026-03-18,5m,65,0,65,0,65,0,65,0
primary,AAPL,2026-03-18,30m,65,0,65,0,65,0,65,0
primary,AMZN,2026-03-18,5m,65,0,65,0,65,0,65,0
primary,AMZN,2026-03-18,30m,65,0,65,0,65,0,65,0
primary,META,2026-03-18,5m,65,0,65,0,65,0,65,0
primary,META,2026-03-18,30m,65,0,65,0,65,0,65,0
primary,MSFT,2026-03-18,5m,65,0,65,0,65,0,65,0
primary,MSFT,2026-03-18,30m,65,0,65,0,65,0,65,0
primary,NVDA,2026-03-18,5m,65,0,65,0,65,0,65,0
primary,NVDA,2026-03-18,30m,65,0,65,0,65,0,65,0
primary,TSLA,2026-03-18,5m,65,0,65,0,65,0,65,0
primary,TSLA,2026-03-18,30m,65,0,65,0,65,0,65,0
primary,AAPL,2026-03-19,5m,65,0,65,0,65,0,65,0
primary,AAPL,2026-03-19,30m,65,0,65,0,65,0,65,0
primary,AMZN,2026-03-19,5m,65,0,65,0,65,0,65,0
primary,AMZN,2026-03-19,30m,65,0,65,0,65,0,65,0
primary,META,2026-03-19,5m,65,0,65,0,65,0,65,0
primary,META,2026-03-19,30m,65,0,65,0,65,0,65,0
primary,MSFT,2026-03-19,5m,65,0,65,0,65,0,65,0
primary,MSFT,2026-03-19,30m,65,0,65,0,65,0,65,0
primary,NVDA,2026-03-19,5m,65,0,65,0,65,0,65,0
primary,NVDA,2026-03-19,30m,65,0,65,0,65,0,65,0
primary,TSLA,2026-03-19,5m,65,0,65,0,65,0,65,0
primary,TSLA,2026-03-19,30m,65,0,65,0,65,0,65,0
primary,AAPL,2026-03-20,5m,65,0,65,0,65,0,65,0
primary,AAPL,2026-03-20,30m,65,0,65,0,65,0,65,0
primary,AMZN,2026-03-20,5m,65,0,65,0,65,0,65,0
primary,AMZN,2026-03-20,30m,65,0,65,0,65,0,65,0
primary,META,2026-03-20,5m,65,0,65,0,65,0,65,0
primary,META,2026-03-20,30m,65,0,65,0,65,0,65,0
primary,MSFT,2026-03-20,5m,65,0,65,0,65,0,65,0
primary,MSFT,2026-03-20,30m,65,0,65,0,65,0,65,0
primary,NVDA,2026-03-20,5m,65,0,65,0,65,0,65,0
primary,NVDA,2026-03-20,30m,65,0,65,0,65,0,65,0
primary,TSLA,2026-03-20,5m,65,0,65,0,65,0,65,0
primary,TSLA,2026-03-20,30m,65,0,65,0,65,0,65,0
primary,AAPL,2026-03-23,5m,65,0,65,0,65,0,65,0
primary,AAPL,2026-03-23,30m,65,0,65,0,65,0,65,0
primary,AMZN,2026-03-23,5m,65,0,65,0,65,0,65,0
primary,AMZN,2026-03-23,30m,65,0,65,0,65,0,65,0
primary,META,2026-03-23,5m,65,0,65,0,65,0,65,0
primary,META,2026-03-23,30m,65,0,65,0,65,0,65,0
primary,MSFT,2026-03-23,5m,65,0,65,0,65,0,65,0
primary,MSFT,2026-03-23,30m,65,0,65,0,65,0,65,0
primary,NVDA,2026-03-23,5m,65,0,65,0,65,0,65,0
primary,NVDA,2026-03-23,30m,65,0,65,0,65,0,65,0
primary,TSLA,2026-03-23,5m,65,0,65,0,65,0,65,0
primary,TSLA,2026-03-23,30m,65,0,65,0,65,0,65,0
primary,AAPL,2026-03-24,5m,65,0,65,0,65,0,65,0
primary,AAPL,2026-03-24,30m,65,0,65,0,65,0,65,0
primary,AMZN,2026-03-24,5m,65,0,65,0,65,0,65,0
primary,AMZN,2026-03-24,30m,65,0,65,0,65,0,65,0
primary,META,2026-03-24,5m,65,0,65,0,65,0,65,0
primary,META,2026-03-24,30m,65,0,65,0,65,0,65,0
primary,MSFT,2026-03-24,5m,65,0,65,0,65,0,65,0
primary,MSFT,2026-03-24,30m,65,0,65,0,65,0,65,0
primary,NVDA,2026-03-24,5m,65,0,65,0,65,0,65,0
primary,NVDA,2026-03-24,30m,65,0,65,0,65,0,65,0
primary,TSLA,2026-03-24,5m,65,0,65,0,65,0,65,0
primary,TSLA,2026-03-24,30m,65,0,65,0,65,0,65,0
primary,AAPL,2026-03-25,5m,65,0,65,0,65,0,65,0
primary,AAPL,2026-03-25,30m,65,0,65,0,65,0,65,0
primary,AMZN,2026-03-25,5m,65,0,65,0,65,0,65,0
primary,AMZN,2026-03-25,30m,65,0,65,0,65,0,65,0
primary,META,2026-03-25,5m,65,0,65,0,65,0,65,0
primary,META,2026-03-25,30m,65,0,65,0,65,0,65,0
primary,MSFT,2026-03-25,5m,65,0,65,0,65,0,65,0
primary,MSFT,2026-03-25,30m,65,0,65,0,65,0,65,0
primary,NVDA,2026-03-25,5m,65,0,65,0,65,0,65,0
primary,NVDA,2026-03-25,30m,65,0,65,0,65,0,65,0
primary,TSLA,2026-03-25,5m,65,0,65,0,65,0,65,0
primary,TSLA,2026-03-25,30m,65,0,65,0,65,0,65,0
primary,AAPL,2026-03-26,5m,65,0,65,0,65,0,65,0
primary,AAPL,2026-03-26,30m,65,0,65,0,65,0,65,0
primary,AMZN,2026-03-26,5m,65,0,65,0,65,0,65,0
primary,AMZN,2026-03-26,30m,65,0,65,0,65,0,65,0
primary,META,2026-03-26,5m,65,0,65,0,65,0,65,0
primary,META,2026-03-26,30m,65,0,65,0,65,0,65,0
primary,MSFT,2026-03-26,5m,65,0,65,0,65,0,65,0
primary,MSFT,2026-03-26,30m,65,0,65,0,65,0,65,0
primary,NVDA,2026-03-26,5m,65,0,65,0,65,0,65,0
primary,NVDA,2026-03-26,30m,65,0,65,0,65,0,65,0
primary,TSLA,2026-03-26,5m,65,0,65,0,65,0,65,0
primary,TSLA,2026-03-26,30m,65,0,65,0,65,0,65,0
primary,AAPL,2026-03-27,5m,65,0,65,0,65,0,65,0
primary,AAPL,2026-03-27,30m,65,0,65,0,65,0,65,0
primary,AMZN,2026-03-27,5m,65,0,65,0,65,0,65,0
primary,AMZN,2026-03-27,30m,65,0,65,0,65,0,65,0
primary,META,2026-03-27,5m,65,0,65,0,65,0,65,0
primary,META,2026-03-27,30m,65,0,65,0,65,0,65,0
primary,MSFT,2026-03-27,5m,65,0,65,0,65,0,65,0
primary,MSFT,2026-03-27,30m,65,0,65,0,65,0,65,0
primary,NVDA,2026-03-27,5m,65,0,65,0,65,0,65,0
primary,NVDA,2026-03-27,30m,65,0,65,0,65,0,65,0
primary,TSLA,2026-03-27,5m,65,0,65,0,65,0,65,0
primary,TSLA,2026-03-27,30m,65,0,65,0,65,0,65,0
primary,AAPL,2026-03-30,5m,65,0,65,0,65,0,65,0
primary,AAPL,2026-03-30,30m,65,0,65,0,65,0,65,0
primary,AMZN,2026-03-30,5m,65,0,65,0,65,0,65,0
primary,AMZN,2026-03-30,30m,65,0,65,0,65,0,65,0
primary,META,2026-03-30,5m,65,0,65,0,65,0,65,0
primary,META,2026-03-30,30m,65,0,65,0,65,0,65,0
primary,MSFT,2026-03-30,5m,65,0,65,0,65,0,65,0
primary,MSFT,2026-03-30,30m,65,0,65,0,65,0,65,0
primary,NVDA,2026-03-30,5m,65,0,65,0,65,0,65,0
primary,NVDA,2026-03-30,30m,65,0,65,0,65,0,65,0
primary,TSLA,2026-03-30,5m,65,0,65,0,65,0,65,0
primary,TSLA,2026-03-30,30m,65,0,65,0,65,0,65,0
primary,AAPL,2026-03-31,5m,65,0,65,0,65,0,65,0
primary,AAPL,2026-03-31,30m,65,0,65,0,65,0,65,0
primary,AMZN,2026-03-31,5m,65,0,65,0,65,0,65,0
primary,AMZN,2026-03-31,30m,65,0,65,0,65,0,65,0
primary,META,2026-03-31,5m,65,0,65,0,65,0,65,0
primary,META,2026-03-31,30m,65,0,65,0,65,0,65,0
primary,MSFT,2026-03-31,5m,65,0,65,0,65,0,65,0
primary,MSFT,2026-03-31,30m,65,0,65,0,65,0,65,0
primary,NVDA,2026-03-31,5m,65,0,65,0,65,0,65,0
primary,NVDA,2026-03-31,30m,65,0,65,0,65,0,65,0
primary,TSLA,2026-03-31,5m,65,0,65,0,65,0,65,0
primary,TSLA,2026-03-31,30m,65,0,65,0,65,0,65,0
primary,AAPL,2026-04-01,5m,65,0,65,0,65,0,65,0
primary,AAPL,2026-04-01,30m,65,0,65,0,65,0,65,0
primary,AMZN,2026-04-01,5m,65,0,65,0,65,0,65,0
primary,AMZN,2026-04-01,30m,65,0,65,0,65,0,65,0
primary,META,2026-04-01,5m,65,0,65,0,65,0,65,0
primary,META,2026-04-01,30m,65,0,65,0,65,0,65,0
primary,MSFT,2026-04-01,5m,65,0,65,0,65,0,65,0
primary,MSFT,2026-04-01,30m,65,0,65,0,65,0,65,0
primary,NVDA,2026-04-01,5m,65,0,65,0,65,0,65,0
primary,NVDA,2026-04-01,30m,65,0,65,0,65,0,65,0
primary,TSLA,2026-04-01,5m,65,0,65,0,65,0,65,0
primary,TSLA,2026-04-01,30m,65,0,65,0,65,0,65,0
primary,AAPL,2026-04-02,5m,65,0,65,0,65,0,65,0
primary,AAPL,2026-04-02,30m,65,0,65,0,65,0,65,0
primary,AMZN,2026-04-02,5m,65,0,65,0,65,0,65,0
primary,AMZN,2026-04-02,30m,65,0,65,0,65,0,65,0
primary,META,2026-04-02,5m,65,0,65,0,65,0,65,0
primary,META,2026-04-02,30m,65,0,65,0,65,0,65,0
primary,MSFT,2026-04-02,5m,65,0,65,0,65,0,65,0
primary,MSFT,2026-04-02,30m,65,0,65,0,65,0,65,0
primary,NVDA,2026-04-02,5m,65,0,65,0,65,0,65,0
primary,NVDA,2026-04-02,30m,65,0,65,0,65,0,65,0
primary,TSLA,2026-04-02,5m,65,0,65,0,65,0,65,0
primary,TSLA,2026-04-02,30m,65,0,65,0,65,0,65,0
primary,AAPL,2026-04-06,5m,65,0,65,0,65,0,65,0
primary,AAPL,2026-04-06,30m,65,0,65,0,65,0,65,0
primary,AMZN,2026-04-06,5m,65,0,65,0,65,0,65,0
primary,AMZN,2026-04-06,30m,65,0,65,0,65,0,65,0
primary,META,2026-04-06,5m,65,0,65,0,65,0,65,0
primary,META,2026-04-06,30m,65,0,65,0,65,0,65,0
primary,MSFT,2026-04-06,5m,65,0,65,0,65,0,65,0
primary,MSFT,2026-04-06,30m,65,0,65,0,65,0,65,0
primary,NVDA,2026-04-06,5m,65,0,65,0,65,0,65,0
primary,NVDA,2026-04-06,30m,65,0,65,0,65,0,65,0
primary,TSLA,2026-04-06,5m,65,0,65,0,65,0,65,0
primary,TSLA,2026-04-06,30m,65,0,65,0,65,0,65,0
primary,AAPL,2026-04-07,5m,65,0,65,0,65,0,65,0
primary,AAPL,2026-04-07,30m,65,0,65,0,65,0,65,0
primary,AMZN,2026-04-07,5m,65,0,65,0,65,0,65,0
primary,AMZN,2026-04-07,30m,65,0,65,0,65,0,65,0
primary,META,2026-04-07,5m,65,0,65,0,65,0,65,0
primary,META,2026-04-07,30m,65,0,65,0,65,0,65,0
primary,MSFT,2026-04-07,5m,65,0,65,0,65,0,65,0
primary,MSFT,2026-04-07,30m,65,0,65,0,65,0,65,0
primary,NVDA,2026-04-07,5m,65,0,65,0,65,0,65,0
primary,NVDA,2026-04-07,30m,65,0,65,0,65,0,65,0
primary,TSLA,2026-04-07,5m,65,0,65,0,65,0,65,0
primary,TSLA,2026-04-07,30m,65,0,65,0,65,0,65,0
primary,AAPL,2026-04-08,5m,65,0,65,0,65,0,65,0
primary,AAPL,2026-04-08,30m,65,0,65,0,65,0,65,0
primary,AMZN,2026-04-08,5m,65,0,65,0,65,0,65,0
primary,AMZN,2026-04-08,30m,65,0,65,0,65,0,65,0
primary,META,2026-04-08,5m,65,0,65,0,65,0,65,0
primary,META,2026-04-08,30m,65,0,65,0,65,0,65,0
primary,MSFT,2026-04-08,5m,65,0,65,0,65,0,65,0
primary,MSFT,2026-04-08,30m,65,0,65,0,65,0,65,0
primary,NVDA,2026-04-08,5m,65,0,65,0,65,0,65,0
primary,NVDA,2026-04-08,30m,65,0,65,0,65,0,65,0
primary,TSLA,2026-04-08,5m,65,0,65,0,65,0,65,0
primary,TSLA,2026-04-08,30m,65,0,65,0,65,0,65,0
primary,AAPL,2026-04-09,5m,65,0,65,0,65,0,65,0
primary,AAPL,2026-04-09,30m,65,0,65,0,65,0,65,0
primary,AMZN,2026-04-09,5m,65,0,65,0,65,0,65,0
primary,AMZN,2026-04-09,30m,65,0,65,0,65,0,65,0
primary,META,2026-04-09,5m,65,0,65,0,65,0,65,0
primary,META,2026-04-09,30m,65,0,65,0,65,0,65,0
primary,MSFT,2026-04-09,5m,65,0,65,0,65,0,65,0
primary,MSFT,2026-04-09,30m,65,0,65,0,65,0,65,0
primary,NVDA,2026-04-09,5m,65,0,65,0,65,0,65,0
primary,NVDA,2026-04-09,30m,65,0,65,0,65,0,65,0
primary,TSLA,2026-04-09,5m,65,0,65,0,65,0,65,0
primary,TSLA,2026-04-09,30m,65,0,65,0,65,0,65,0
primary,AAPL,2026-04-10,5m,65,0,65,0,65,0,65,0
primary,AAPL,2026-04-10,30m,65,0,65,0,65,0,65,0
primary,AMZN,2026-04-10,5m,65,0,65,0,65,0,65,0
primary,AMZN,2026-04-10,30m,65,0,65,0,65,0,65,0
primary,META,2026-04-10,5m,65,0,65,0,65,0,65,0
primary,META,2026-04-10,30m,65,0,65,0,65,0,65,0
primary,MSFT,2026-04-10,5m,65,0,65,0,65,0,65,0
primary,MSFT,2026-04-10,30m,65,0,65,0,65,0,65,0
primary,NVDA,2026-04-10,5m,65,0,65,0,65,0,65,0
primary,NVDA,2026-04-10,30m,65,0,65,0,65,0,65,0
primary,TSLA,2026-04-10,5m,65,0,65,0,65,0,65,0
primary,TSLA,2026-04-10,30m,65,0,65,0,65,0,65,0
primary,AAPL,2026-04-13,5m,65,0,65,0,65,0,65,0
primary,AAPL,2026-04-13,30m,65,0,65,0,65,0,65,0
primary,AMZN,2026-04-13,5m,65,0,65,0,65,0,65,0
primary,AMZN,2026-04-13,30m,65,0,65,0,65,0,65,0
primary,META,2026-04-13,5m,65,0,65,0,65,0,65,0
primary,META,2026-04-13,30m,65,0,65,0,65,0,65,0
primary,MSFT,2026-04-13,5m,65,0,65,0,65,0,65,0
primary,MSFT,2026-04-13,30m,65,0,65,0,65,0,65,0
primary,NVDA,2026-04-13,5m,65,0,65,0,65,0,65,0
primary,NVDA,2026-04-13,30m,65,0,65,0,65,0,65,0
primary,TSLA,2026-04-13,5m,65,0,65,0,65,0,65,0
primary,TSLA,2026-04-13,30m,65,0,65,0,65,0,65,0
primary,AAPL,2026-04-14,5m,65,0,65,0,65,0,65,0
primary,AAPL,2026-04-14,30m,65,0,65,0,65,0,65,0
primary,AMZN,2026-04-14,5m,65,0,65,0,65,0,65,0
primary,AMZN,2026-04-14,30m,65,0,65,0,65,0,65,0
primary,META,2026-04-14,5m,65,0,65,0,65,0,65,0
primary,META,2026-04-14,30m,65,0,65,0,65,0,65,0
primary,MSFT,2026-04-14,5m,65,0,65,0,65,0,65,0
primary,MSFT,2026-04-14,30m,65,0,65,0,65,0,65,0
primary,NVDA,2026-04-14,5m,65,0,65,0,65,0,65,0
primary,NVDA,2026-04-14,30m,65,0,65,0,65,0,65,0
primary,TSLA,2026-04-14,5m,65,0,65,0,65,0,65,0
primary,TSLA,2026-04-14,30m,65,0,65,0,65,0,65,0
primary,AAPL,2026-04-15,5m,65,0,65,0,65,0,65,0
primary,AAPL,2026-04-15,30m,65,0,65,0,65,0,65,0
primary,AMZN,2026-04-15,5m,65,0,65,0,65,0,65,0
primary,AMZN,2026-04-15,30m,65,0,65,0,65,0,65,0
primary,META,2026-04-15,5m,65,0,65,0,65,0,65,0
primary,META,2026-04-15,30m,65,0,65,0,65,0,65,0
primary,MSFT,2026-04-15,5m,65,0,65,0,65,0,65,0
primary,MSFT,2026-04-15,30m,65,0,65,0,65,0,65,0
primary,NVDA,2026-04-15,5m,65,0,65,0,65,0,65,0
primary,NVDA,2026-04-15,30m,65,0,65,0,65,0,65,0
primary,TSLA,2026-04-15,5m,65,0,65,0,65,0,65,0
primary,TSLA,2026-04-15,30m,65,0,65,0,65,0,65,0
primary,AAPL,2026-04-16,5m,65,0,65,0,65,0,65,0
primary,AAPL,2026-04-16,30m,65,0,65,0,65,0,65,0
primary,AMZN,2026-04-16,5m,65,0,65,0,65,0,65,0
primary,AMZN,2026-04-16,30m,65,0,65,0,65,0,65,0
primary,META,2026-04-16,5m,65,0,65,0,65,0,65,0
primary,META,2026-04-16,30m,65,0,65,0,65,0,65,0
primary,MSFT,2026-04-16,5m,65,0,65,0,65,0,65,0
primary,MSFT,2026-04-16,30m,65,0,65,0,65,0,65,0
primary,NVDA,2026-04-16,5m,65,0,65,0,65,0,65,0
primary,NVDA,2026-04-16,30m,65,0,65,0,65,0,65,0
primary,TSLA,2026-04-16,5m,65,0,65,0,65,0,65,0
primary,TSLA,2026-04-16,30m,65,0,65,0,65,0,65,0
primary,AAPL,2026-04-17,5m,65,0,65,0,65,0,65,0
primary,AAPL,2026-04-17,30m,65,0,65,0,65,0,65,0
primary,AMZN,2026-04-17,5m,65,0,65,0,65,0,65,0
primary,AMZN,2026-04-17,30m,65,0,65,0,65,0,65,0
primary,META,2026-04-17,5m,65,0,65,0,65,0,65,0
primary,META,2026-04-17,30m,65,0,65,0,65,0,65,0
primary,MSFT,2026-04-17,5m,65,0,65,0,65,0,65,0
primary,MSFT,2026-04-17,30m,65,0,65,0,65,0,65,0
primary,NVDA,2026-04-17,5m,65,0,65,0,65,0,65,0
primary,NVDA,2026-04-17,30m,65,0,65,0,65,0,65,0
primary,TSLA,2026-04-17,5m,65,0,65,0,65,0,65,0
primary,TSLA,2026-04-17,30m,65,0,65,0,65,0,65,0
primary,AAPL,2026-04-20,5m,65,0,65,0,65,0,65,0
primary,AAPL,2026-04-20,30m,65,0,65,0,65,0,65,0
primary,AMZN,2026-04-20,5m,65,0,65,0,65,0,65,0
primary,AMZN,2026-04-20,30m,65,0,65,0,65,0,65,0
primary,META,2026-04-20,5m,65,0,65,0,65,0,65,0
primary,META,2026-04-20,30m,65,0,65,0,65,0,65,0
primary,MSFT,2026-04-20,5m,65,0,65,0,65,0,65,0
primary,MSFT,2026-04-20,30m,65,0,65,0,65,0,65,0
primary,NVDA,2026-04-20,5m,65,0,65,0,65,0,65,0
primary,NVDA,2026-04-20,30m,65,0,65,0,65,0,65,0
primary,TSLA,2026-04-20,5m,65,0,65,0,65,0,65,0
primary,TSLA,2026-04-20,30m,65,0,65,0,65,0,65,0
primary,AAPL,2026-04-21,5m,65,0,65,0,65,0,65,0
primary,AAPL,2026-04-21,30m,65,0,65,0,65,0,65,0
primary,AMZN,2026-04-21,5m,65,0,65,0,65,0,65,0
primary,AMZN,2026-04-21,30m,65,0,65,0,65,0,65,0
primary,META,2026-04-21,5m,65,0,65,0,65,0,65,0
primary,META,2026-04-21,30m,65,0,65,0,65,0,65,0
primary,MSFT,2026-04-21,5m,65,0,65,0,65,0,65,0
primary,MSFT,2026-04-21,30m,65,0,65,0,65,0,65,0
primary,NVDA,2026-04-21,5m,65,0,65,0,65,0,65,0
primary,NVDA,2026-04-21,30m,65,0,65,0,65,0,65,0
primary,TSLA,2026-04-21,5m,65,0,65,0,65,0,65,0
primary,TSLA,2026-04-21,30m,65,0,65,0,65,0,65,0
primary,AAPL,2026-04-22,5m,65,0,65,0,65,0,65,0
primary,AAPL,2026-04-22,30m,65,0,65,0,65,0,65,0
primary,AMZN,2026-04-22,5m,65,0,65,0,65,0,65,0
primary,AMZN,2026-04-22,30m,65,0,65,0,65,0,65,0
primary,META,2026-04-22,5m,65,0,65,0,65,0,65,0
primary,META,2026-04-22,30m,65,0,65,0,65,0,65,0
primary,MSFT,2026-04-22,5m,65,0,65,0,65,0,65,0
primary,MSFT,2026-04-22,30m,65,0,65,0,65,0,65,0
primary,NVDA,2026-04-22,5m,65,0,65,0,65,0,65,0
primary,NVDA,2026-04-22,30m,65,0,65,0,65,0,65,0
primary,TSLA,2026-04-22,5m,65,0,65,0,65,0,65,0
primary,TSLA,2026-04-22,30m,65,0,65,0,65,0,65,0
primary,AAPL,2026-04-23,5m,65,0,65,0,65,0,65,0
primary,AAPL,2026-04-23,30m,65,0,65,0,65,0,65,0
primary,AMZN,2026-04-23,5m,65,0,65,0,65,0,65,0
primary,AMZN,2026-04-23,30m,65,0,65,0,65,0,65,0
primary,META,2026-04-23,5m,65,0,65,0,65,0,65,0
primary,META,2026-04-23,30m,65,0,65,0,65,0,65,0
primary,MSFT,2026-04-23,5m,65,0,65,0,65,0,65,0
primary,MSFT,2026-04-23,30m,65,0,65,0,65,0,65,0
primary,NVDA,2026-04-23,5m,65,0,65,0,65,0,65,0
primary,NVDA,2026-04-23,30m,65,0,65,0,65,0,65,0
primary,TSLA,2026-04-23,5m,65,0,65,0,65,0,65,0
primary,TSLA,2026-04-23,30m,65,0,65,0,65,0,65,0
primary,AAPL,2026-04-24,5m,65,0,65,0,65,0,65,0
primary,AAPL,2026-04-24,30m,65,0,65,0,65,0,65,0
primary,AMZN,2026-04-24,5m,65,0,65,0,65,0,65,0
primary,AMZN,2026-04-24,30m,65,0,65,0,65,0,65,0
primary,META,2026-04-24,5m,65,0,65,0,65,0,65,0
primary,META,2026-04-24,30m,65,0,65,0,65,0,65,0
primary,MSFT,2026-04-24,5m,65,0,65,0,65,0,65,0
primary,MSFT,2026-04-24,30m,65,0,65,0,65,0,65,0
primary,NVDA,2026-04-24,5m,65,0,65,0,65,0,65,0
primary,NVDA,2026-04-24,30m,65,0,65,0,65,0,65,0
primary,TSLA,2026-04-24,5m,65,0,65,0,65,0,65,0
primary,TSLA,2026-04-24,30m,65,0,65,0,65,0,65,0
primary,AAPL,2026-04-27,5m,65,0,65,0,65,0,65,0
primary,AAPL,2026-04-27,30m,65,0,65,0,65,0,65,0
primary,AMZN,2026-04-27,5m,65,0,65,0,65,0,65,0
primary,AMZN,2026-04-27,30m,65,0,65,0,65,0,65,0
primary,META,2026-04-27,5m,65,0,65,0,65,0,65,0
primary,META,2026-04-27,30m,65,0,65,0,65,0,65,0
primary,MSFT,2026-04-27,5m,65,0,65,0,65,0,65,0
primary,MSFT,2026-04-27,30m,65,0,65,0,65,0,65,0
primary,NVDA,2026-04-27,5m,65,0,65,0,65,0,65,0
primary,NVDA,2026-04-27,30m,65,0,65,0,65,0,65,0
primary,TSLA,2026-04-27,5m,65,0,65,0,65,0,65,0
primary,TSLA,2026-04-27,30m,65,0,65,0,65,0,65,0
primary,AAPL,2026-04-28,5m,65,0,65,0,65,0,65,0
primary,AAPL,2026-04-28,30m,65,0,65,0,65,0,65,0
primary,AMZN,2026-04-28,5m,65,0,65,0,65,0,65,0
primary,AMZN,2026-04-28,30m,65,0,65,0,65,0,65,0
primary,META,2026-04-28,5m,65,0,65,0,65,0,65,0
primary,META,2026-04-28,30m,65,0,65,0,65,0,65,0
primary,MSFT,2026-04-28,5m,65,0,65,0,65,0,65,0
primary,MSFT,2026-04-28,30m,65,0,65,0,65,0,65,0
primary,NVDA,2026-04-28,5m,65,0,65,0,65,0,65,0
primary,NVDA,2026-04-28,30m,65,0,65,0,65,0,65,0
primary,TSLA,2026-04-28,5m,65,0,65,0,65,0,65,0
primary,TSLA,2026-04-28,30m,65,0,65,0,65,0,65,0
primary,AAPL,2026-04-29,5m,65,0,65,0,65,0,65,0
primary,AAPL,2026-04-29,30m,65,0,65,0,65,0,65,0
primary,AMZN,2026-04-29,5m,65,0,65,0,65,0,65,0
primary,AMZN,2026-04-29,30m,65,0,65,0,65,0,65,0
primary,META,2026-04-29,5m,65,0,65,0,65,0,65,0
primary,META,2026-04-29,30m,65,0,65,0,65,0,65,0
primary,MSFT,2026-04-29,5m,65,0,65,0,65,0,65,0
primary,MSFT,2026-04-29,30m,65,0,65,0,65,0,65,0
primary,NVDA,2026-04-29,5m,65,0,65,0,65,0,65,0
primary,NVDA,2026-04-29,30m,65,0,65,0,65,0,65,0
primary,TSLA,2026-04-29,5m,65,0,65,0,65,0,65,0
primary,TSLA,2026-04-29,30m,65,0,65,0,65,0,65,0
primary,AAPL,2026-04-30,5m,65,0,65,0,65,0,65,0
primary,AAPL,2026-04-30,30m,65,0,65,0,65,0,65,0
primary,AMZN,2026-04-30,5m,65,0,65,0,65,0,65,0
primary,AMZN,2026-04-30,30m,65,0,65,0,65,0,65,0
primary,META,2026-04-30,5m,65,0,65,0,65,0,65,0
primary,META,2026-04-30,30m,65,0,65,0,65,0,65,0
primary,MSFT,2026-04-30,5m,65,0,65,0,65,0,65,0
primary,MSFT,2026-04-30,30m,65,0,65,0,65,0,65,0
primary,NVDA,2026-04-30,5m,65,0,65,0,65,0,65,0
primary,NVDA,2026-04-30,30m,65,0,65,0,65,0,65,0
primary,TSLA,2026-04-30,5m,65,0,65,0,65,0,65,0
primary,TSLA,2026-04-30,30m,65,0,65,0,65,0,65,0
primary,AAPL,2026-05-01,5m,65,0,65,0,65,0,65,0
primary,AAPL,2026-05-01,30m,65,0,65,0,65,0,65,0
primary,AMZN,2026-05-01,5m,65,0,65,0,65,0,65,0
primary,AMZN,2026-05-01,30m,65,0,65,0,65,0,65,0
primary,META,2026-05-01,5m,65,0,65,0,65,0,65,0
primary,META,2026-05-01,30m,65,0,65,0,65,0,65,0
primary,MSFT,2026-05-01,5m,65,0,65,0,65,0,65,0
primary,MSFT,2026-05-01,30m,65,0,65,0,65,0,65,0
primary,NVDA,2026-05-01,5m,65,0,65,0,65,0,65,0
primary,NVDA,2026-05-01,30m,65,0,65,0,65,0,65,0
primary,TSLA,2026-05-01,5m,65,0,65,0,65,0,65,0
primary,TSLA,2026-05-01,30m,65,0,65,0,65,0,65,0
primary,AAPL,2026-05-04,5m,65,0,65,0,65,0,65,0
primary,AAPL,2026-05-04,30m,65,0,65,0,65,0,65,0
primary,AMZN,2026-05-04,5m,65,0,65,0,65,0,65,0
primary,AMZN,2026-05-04,30m,65,0,65,0,65,0,65,0
primary,META,2026-05-04,5m,65,0,65,0,65,0,65,0
primary,META,2026-05-04,30m,65,0,65,0,65,0,65,0
primary,MSFT,2026-05-04,5m,65,0,65,0,65,0,65,0
primary,MSFT,2026-05-04,30m,65,0,65,0,65,0,65,0
primary,NVDA,2026-05-04,5m,65,0,65,0,65,0,65,0
primary,NVDA,2026-05-04,30m,65,0,65,0,65,0,65,0
primary,TSLA,2026-05-04,5m,65,0,65,0,65,0,65,0
primary,TSLA,2026-05-04,30m,65,0,65,0,65,0,65,0
primary,AAPL,2026-05-05,5m,65,0,65,0,65,0,65,0
primary,AAPL,2026-05-05,30m,65,0,65,0,65,0,65,0
primary,AMZN,2026-05-05,5m,65,0,65,0,65,0,65,0
primary,AMZN,2026-05-05,30m,65,0,65,0,65,0,65,0
primary,META,2026-05-05,5m,65,0,65,0,65,0,65,0
primary,META,2026-05-05,30m,65,0,65,0,65,0,65,0
primary,MSFT,2026-05-05,5m,65,0,65,0,65,0,65,0
primary,MSFT,2026-05-05,30m,65,0,65,0,65,0,65,0
primary,NVDA,2026-05-05,5m,65,0,65,0,65,0,65,0
primary,NVDA,2026-05-05,30m,65,0,65,0,65,0,65,0
primary,TSLA,2026-05-05,5m,65,0,65,0,65,0,65,0
primary,TSLA,2026-05-05,30m,65,0,65,0,65,0,65,0
primary,AAPL,2026-05-06,5m,65,0,65,0,65,0,65,0
primary,AAPL,2026-05-06,30m,65,0,65,0,65,0,65,0
primary,AMZN,2026-05-06,5m,65,0,65,0,65,0,65,0
primary,AMZN,2026-05-06,30m,65,0,65,0,65,0,65,0
primary,META,2026-05-06,5m,65,0,65,0,65,0,65,0
primary,META,2026-05-06,30m,65,0,65,0,65,0,65,0
primary,MSFT,2026-05-06,5m,65,0,65,0,65,0,65,0
primary,MSFT,2026-05-06,30m,65,0,65,0,65,0,65,0
primary,NVDA,2026-05-06,5m,65,0,65,0,65,0,65,0
primary,NVDA,2026-05-06,30m,65,0,65,0,65,0,65,0
primary,TSLA,2026-05-06,5m,65,0,65,0,65,0,65,0
primary,TSLA,2026-05-06,30m,65,0,65,0,65,0,65,0
primary,AAPL,2026-05-07,5m,65,0,65,0,65,0,65,0
primary,AAPL,2026-05-07,30m,65,0,65,0,65,0,65,0
primary,AMZN,2026-05-07,5m,65,0,65,0,65,0,65,0
primary,AMZN,2026-05-07,30m,65,0,65,0,65,0,65,0
primary,META,2026-05-07,5m,65,0,65,0,65,0,65,0
primary,META,2026-05-07,30m,65,0,65,0,65,0,65,0
primary,MSFT,2026-05-07,5m,65,0,65,0,65,0,65,0
primary,MSFT,2026-05-07,30m,65,0,65,0,65,0,65,0
primary,NVDA,2026-05-07,5m,65,0,65,0,65,0,65,0
primary,NVDA,2026-05-07,30m,65,0,65,0,65,0,65,0
primary,TSLA,2026-05-07,5m,65,0,65,0,65,0,65,0
primary,TSLA,2026-05-07,30m,65,0,65,0,65,0,65,0
primary,AAPL,2026-05-08,5m,65,0,65,0,65,0,65,0
primary,AAPL,2026-05-08,30m,65,0,65,0,65,0,65,0
primary,AMZN,2026-05-08,5m,65,0,65,0,65,0,65,0
primary,AMZN,2026-05-08,30m,65,0,65,0,65,0,65,0
primary,META,2026-05-08,5m,65,0,65,0,65,0,65,0
primary,META,2026-05-08,30m,65,0,65,0,65,0,65,0
primary,MSFT,2026-05-08,5m,65,0,65,0,65,0,65,0
primary,MSFT,2026-05-08,30m,65,0,65,0,65,0,65,0
primary,NVDA,2026-05-08,5m,65,0,65,0,65,0,65,0
primary,NVDA,2026-05-08,30m,65,0,65,0,65,0,65,0
primary,TSLA,2026-05-08,5m,65,0,65,0,65,0,65,0
primary,TSLA,2026-05-08,30m,65,0,65,0,65,0,65,0
primary,AAPL,2026-05-11,5m,65,0,65,0,65,0,65,0
primary,AAPL,2026-05-11,30m,65,0,65,0,65,0,65,0
primary,AMZN,2026-05-11,5m,65,0,65,0,65,0,65,0
primary,AMZN,2026-05-11,30m,65,0,65,0,65,0,65,0
primary,META,2026-05-11,5m,65,0,65,0,65,0,65,0
primary,META,2026-05-11,30m,65,0,65,0,65,0,65,0
primary,MSFT,2026-05-11,5m,65,0,65,0,65,0,65,0
primary,MSFT,2026-05-11,30m,65,0,65,0,65,0,65,0
primary,NVDA,2026-05-11,5m,65,0,65,0,65,0,65,0
primary,NVDA,2026-05-11,30m,65,0,65,0,65,0,65,0
primary,TSLA,2026-05-11,5m,65,0,65,0,65,0,65,0
primary,TSLA,2026-05-11,30m,65,0,65,0,65,0,65,0
primary,AAPL,2026-05-12,5m,65,0,65,0,65,0,65,0
primary,AAPL,2026-05-12,30m,65,0,65,0,65,0,65,0
primary,AMZN,2026-05-12,5m,65,0,65,0,65,0,65,0
primary,AMZN,2026-05-12,30m,65,0,65,0,65,0,65,0
primary,META,2026-05-12,5m,65,0,65,0,65,0,65,0
primary,META,2026-05-12,30m,65,0,65,0,65,0,65,0
primary,MSFT,2026-05-12,5m,65,0,65,0,65,0,65,0
primary,MSFT,2026-05-12,30m,65,0,65,0,65,0,65,0
primary,NVDA,2026-05-12,5m,65,0,65,0,65,0,65,0
primary,NVDA,2026-05-12,30m,65,0,65,0,65,0,65,0
primary,TSLA,2026-05-12,5m,65,0,65,0,65,0,65,0
primary,TSLA,2026-05-12,30m,65,0,65,0,65,0,65,0
primary,AAPL,2026-05-13,5m,65,0,65,0,65,0,65,0
primary,AAPL,2026-05-13,30m,65,0,65,0,65,0,65,0
primary,AMZN,2026-05-13,5m,65,0,65,0,65,0,65,0
primary,AMZN,2026-05-13,30m,65,0,65,0,65,0,65,0
primary,META,2026-05-13,5m,65,0,65,0,65,0,65,0
primary,META,2026-05-13,30m,65,0,65,0,65,0,65,0
primary,MSFT,2026-05-13,5m,65,0,65,0,65,0,65,0
primary,MSFT,2026-05-13,30m,65,0,65,0,65,0,65,0
primary,NVDA,2026-05-13,5m,65,0,65,0,65,0,65,0
primary,NVDA,2026-05-13,30m,65,0,65,0,65,0,65,0
primary,TSLA,2026-05-13,5m,65,0,65,0,65,0,65,0
primary,TSLA,2026-05-13,30m,65,0,65,0,65,0,65,0
primary,AAPL,2026-05-14,5m,65,0,65,0,65,0,65,0
primary,AAPL,2026-05-14,30m,65,0,65,0,65,0,65,0
primary,AMZN,2026-05-14,5m,65,0,65,0,65,0,65,0
primary,AMZN,2026-05-14,30m,65,0,65,0,65,0,65,0
primary,META,2026-05-14,5m,65,0,65,0,65,0,65,0
primary,META,2026-05-14,30m,65,0,65,0,65,0,65,0
primary,MSFT,2026-05-14,5m,65,0,65,0,65,0,65,0
primary,MSFT,2026-05-14,30m,65,0,65,0,65,0,65,0
primary,NVDA,2026-05-14,5m,65,0,65,0,65,0,65,0
primary,NVDA,2026-05-14,30m,65,0,65,0,65,0,65,0
primary,TSLA,2026-05-14,5m,65,0,65,0,65,0,65,0
primary,TSLA,2026-05-14,30m,65,0,65,0,65,0,65,0
primary,AAPL,2026-05-15,5m,65,0,65,0,65,0,65,0
primary,AAPL,2026-05-15,30m,65,0,65,0,65,0,65,0
primary,AMZN,2026-05-15,5m,65,0,65,0,65,0,65,0
primary,AMZN,2026-05-15,30m,65,0,65,0,65,0,65,0
primary,META,2026-05-15,5m,65,0,65,0,65,0,65,0
primary,META,2026-05-15,30m,65,0,65,0,65,0,65,0
primary,MSFT,2026-05-15,5m,65,0,65,0,65,0,65,0
primary,MSFT,2026-05-15,30m,65,0,65,0,65,0,65,0
primary,NVDA,2026-05-15,5m,65,0,65,0,65,0,65,0
primary,NVDA,2026-05-15,30m,65,0,65,0,65,0,65,0
primary,TSLA,2026-05-15,5m,65,0,65,0,65,0,65,0
primary,TSLA,2026-05-15,30m,65,0,65,0,65,0,65,0
primary,AAPL,2026-05-18,5m,65,0,65,0,65,0,65,0
primary,AAPL,2026-05-18,30m,65,0,65,0,65,0,65,0
primary,AMZN,2026-05-18,5m,65,0,65,0,65,0,65,0
primary,AMZN,2026-05-18,30m,65,0,65,0,65,0,65,0
primary,META,2026-05-18,5m,65,0,65,0,65,0,65,0
primary,META,2026-05-18,30m,65,0,65,0,65,0,65,0
primary,MSFT,2026-05-18,5m,65,0,65,0,65,0,65,0
primary,MSFT,2026-05-18,30m,65,0,65,0,65,0,65,0
primary,NVDA,2026-05-18,5m,65,0,65,0,65,0,65,0
primary,NVDA,2026-05-18,30m,65,0,65,0,65,0,65,0
primary,TSLA,2026-05-18,5m,65,0,65,0,65,0,65,0
primary,TSLA,2026-05-18,30m,65,0,65,0,65,0,65,0
primary,AAPL,2026-05-19,5m,65,0,65,0,65,0,65,0
primary,AAPL,2026-05-19,30m,65,0,65,0,65,0,65,0
primary,AMZN,2026-05-19,5m,65,0,65,0,65,0,65,0
primary,AMZN,2026-05-19,30m,65,0,65,0,65,0,65,0
primary,META,2026-05-19,5m,65,0,65,0,65,0,65,0
primary,META,2026-05-19,30m,65,0,65,0,65,0,65,0
primary,MSFT,2026-05-19,5m,65,0,65,0,65,0,65,0
primary,MSFT,2026-05-19,30m,65,0,65,0,65,0,65,0
primary,NVDA,2026-05-19,5m,65,0,65,0,65,0,65,0
primary,NVDA,2026-05-19,30m,65,0,65,0,65,0,65,0
primary,TSLA,2026-05-19,5m,65,0,65,0,65,0,65,0
primary,TSLA,2026-05-19,30m,65,0,65,0,65,0,65,0
primary,AAPL,2026-05-20,5m,65,0,65,0,65,0,65,0
primary,AAPL,2026-05-20,30m,65,0,65,0,65,0,65,0
primary,AMZN,2026-05-20,5m,65,0,65,0,65,0,65,0
primary,AMZN,2026-05-20,30m,65,0,65,0,65,0,65,0
primary,META,2026-05-20,5m,65,0,65,0,65,0,65,0
primary,META,2026-05-20,30m,65,0,65,0,65,0,65,0
primary,MSFT,2026-05-20,5m,65,0,65,0,65,0,65,0
primary,MSFT,2026-05-20,30m,65,0,65,0,65,0,65,0
primary,NVDA,2026-05-20,5m,65,0,65,0,65,0,65,0
primary,NVDA,2026-05-20,30m,65,0,65,0,65,0,65,0
primary,TSLA,2026-05-20,5m,65,0,65,0,65,0,65,0
primary,TSLA,2026-05-20,30m,65,0,65,0,65,0,65,0
primary,AAPL,2026-05-21,5m,65,0,65,0,65,0,65,0
primary,AAPL,2026-05-21,30m,65,0,65,0,65,0,65,0
primary,AMZN,2026-05-21,5m,65,0,65,0,65,0,65,0
primary,AMZN,2026-05-21,30m,65,0,65,0,65,0,65,0
primary,META,2026-05-21,5m,65,0,65,0,65,0,65,0
primary,META,2026-05-21,30m,65,0,65,0,65,0,65,0
primary,MSFT,2026-05-21,5m,65,0,65,0,65,0,65,0
primary,MSFT,2026-05-21,30m,65,0,65,0,65,0,65,0
primary,NVDA,2026-05-21,5m,65,0,65,0,65,0,65,0
primary,NVDA,2026-05-21,30m,65,0,65,0,65,0,65,0
primary,TSLA,2026-05-21,5m,65,0,65,0,65,0,65,0
primary,TSLA,2026-05-21,30m,65,0,65,0,65,0,65,0
primary,AAPL,2026-05-22,5m,65,0,65,0,65,0,65,0
primary,AAPL,2026-05-22,30m,65,0,65,0,65,0,65,0
primary,AMZN,2026-05-22,5m,65,0,65,0,65,0,65,0
primary,AMZN,2026-05-22,30m,65,0,65,0,65,0,65,0
primary,META,2026-05-22,5m,65,0,65,0,65,0,65,0
primary,META,2026-05-22,30m,65,0,65,0,65,0,65,0
primary,MSFT,2026-05-22,5m,65,0,65,0,65,0,65,0
primary,MSFT,2026-05-22,30m,65,0,65,0,65,0,65,0
primary,NVDA,2026-05-22,5m,65,0,65,0,65,0,65,0
primary,NVDA,2026-05-22,30m,65,0,65,0,65,0,65,0
primary,TSLA,2026-05-22,5m,65,0,65,0,65,0,65,0
primary,TSLA,2026-05-22,30m,65,0,65,0,65,0,65,0
primary,AAPL,2026-05-26,5m,65,0,65,0,65,0,65,0
primary,AAPL,2026-05-26,30m,65,0,65,0,65,0,65,0
primary,AMZN,2026-05-26,5m,65,0,65,0,65,0,65,0
primary,AMZN,2026-05-26,30m,65,0,65,0,65,0,65,0
primary,META,2026-05-26,5m,65,0,65,0,65,0,65,0
primary,META,2026-05-26,30m,65,0,65,0,65,0,65,0
primary,MSFT,2026-05-26,5m,65,0,65,0,65,0,65,0
primary,MSFT,2026-05-26,30m,65,0,65,0,65,0,65,0
primary,NVDA,2026-05-26,5m,65,0,65,0,65,0,65,0
primary,NVDA,2026-05-26,30m,65,0,65,0,65,0,65,0
primary,TSLA,2026-05-26,5m,65,0,65,0,65,0,65,0
primary,TSLA,2026-05-26,30m,65,0,65,0,65,0,65,0
primary,AAPL,2026-05-27,5m,65,0,65,0,65,0,65,0
primary,AAPL,2026-05-27,30m,65,0,65,0,65,0,65,0
primary,AMZN,2026-05-27,5m,65,0,65,0,65,0,65,0
primary,AMZN,2026-05-27,30m,65,0,65,0,65,0,65,0
primary,META,2026-05-27,5m,65,0,65,0,65,0,65,0
primary,META,2026-05-27,30m,65,0,65,0,65,0,65,0
primary,MSFT,2026-05-27,5m,65,0,65,0,65,0,65,0
primary,MSFT,2026-05-27,30m,65,0,65,0,65,0,65,0
primary,NVDA,2026-05-27,5m,65,0,65,0,65,0,65,0
primary,NVDA,2026-05-27,30m,65,0,65,0,65,0,65,0
primary,TSLA,2026-05-27,5m,65,0,65,0,65,0,65,0
primary,TSLA,2026-05-27,30m,65,0,65,0,65,0,65,0
primary,AAPL,2026-05-28,5m,65,0,65,0,65,0,65,0
primary,AAPL,2026-05-28,30m,65,0,65,0,65,0,65,0
primary,AMZN,2026-05-28,5m,65,0,65,0,65,0,65,0
primary,AMZN,2026-05-28,30m,65,0,65,0,65,0,65,0
primary,META,2026-05-28,5m,65,0,65,0,65,0,65,0
primary,META,2026-05-28,30m,65,0,65,0,65,0,65,0
primary,MSFT,2026-05-28,5m,65,0,65,0,65,0,65,0
primary,MSFT,2026-05-28,30m,65,0,65,0,65,0,65,0
primary,NVDA,2026-05-28,5m,65,0,65,0,65,0,65,0
primary,NVDA,2026-05-28,30m,65,0,65,0,65,0,65,0
primary,TSLA,2026-05-28,5m,65,0,65,0,65,0,65,0
primary,TSLA,2026-05-28,30m,65,0,65,0,65,0,65,0
primary,AAPL,2026-05-29,5m,65,0,65,0,65,0,65,0
primary,AAPL,2026-05-29,30m,65,0,65,0,65,0,65,0
primary,AMZN,2026-05-29,5m,65,0,65,0,65,0,65,0
primary,AMZN,2026-05-29,30m,65,0,65,0,65,0,65,0
primary,META,2026-05-29,5m,65,0,65,0,65,0,65,0
primary,META,2026-05-29,30m,65,0,65,0,65,0,65,0
primary,MSFT,2026-05-29,5m,65,0,65,0,65,0,65,0
primary,MSFT,2026-05-29,30m,65,0,65,0,65,0,65,0
primary,NVDA,2026-05-29,5m,65,0,65,0,65,0,65,0
primary,NVDA,2026-05-29,30m,65,0,65,0,65,0,65,0
primary,TSLA,2026-05-29,5m,65,0,65,0,65,0,65,0
primary,TSLA,2026-05-29,30m,65,0,65,0,65,0,65,0
primary,AAPL,2026-06-01,5m,65,0,65,0,65,0,65,0
primary,AAPL,2026-06-01,30m,65,0,65,0,65,0,65,0
primary,AMZN,2026-06-01,5m,65,0,65,0,65,0,65,0
primary,AMZN,2026-06-01,30m,65,0,65,0,65,0,65,0
primary,META,2026-06-01,5m,65,0,65,0,65,0,65,0
primary,META,2026-06-01,30m,65,0,65,0,65,0,65,0
primary,MSFT,2026-06-01,5m,65,0,65,0,65,0,65,0
primary,MSFT,2026-06-01,30m,65,0,65,0,65,0,65,0
primary,NVDA,2026-06-01,5m,65,0,65,0,65,0,65,0
primary,NVDA,2026-06-01,30m,65,0,65,0,65,0,65,0
primary,TSLA,2026-06-01,5m,65,0,65,0,65,0,65,0
primary,TSLA,2026-06-01,30m,65,0,65,0,65,0,65,0
primary,AAPL,2026-06-02,5m,65,0,65,0,65,0,65,0
primary,AAPL,2026-06-02,30m,65,0,65,0,65,0,65,0
primary,AMZN,2026-06-02,5m,65,0,65,0,65,0,65,0
primary,AMZN,2026-06-02,30m,65,0,65,0,65,0,65,0
primary,META,2026-06-02,5m,65,0,65,0,65,0,65,0
primary,META,2026-06-02,30m,65,0,65,0,65,0,65,0
primary,MSFT,2026-06-02,5m,65,0,65,0,65,0,65,0
primary,MSFT,2026-06-02,30m,65,0,65,0,65,0,65,0
primary,NVDA,2026-06-02,5m,65,0,65,0,65,0,65,0
primary,NVDA,2026-06-02,30m,65,0,65,0,65,0,65,0
primary,TSLA,2026-06-02,5m,65,0,65,0,65,0,65,0
primary,TSLA,2026-06-02,30m,65,0,65,0,65,0,65,0
primary,AAPL,2026-06-03,5m,65,0,65,0,65,0,65,0
primary,AAPL,2026-06-03,30m,65,0,65,0,65,0,65,0
primary,AMZN,2026-06-03,5m,65,0,65,0,65,0,65,0
primary,AMZN,2026-06-03,30m,65,0,65,0,65,0,65,0
primary,META,2026-06-03,5m,65,0,65,0,65,0,65,0
primary,META,2026-06-03,30m,65,0,65,0,65,0,65,0
primary,MSFT,2026-06-03,5m,65,0,65,0,65,0,65,0
primary,MSFT,2026-06-03,30m,65,0,65,0,65,0,65,0
primary,NVDA,2026-06-03,5m,65,0,65,0,65,0,65,0
primary,NVDA,2026-06-03,30m,65,0,65,0,65,0,65,0
primary,TSLA,2026-06-03,5m,65,0,65,0,65,0,65,0
primary,TSLA,2026-06-03,30m,65,0,65,0,65,0,65,0
primary,AAPL,2026-06-04,5m,65,0,65,0,65,0,65,0
primary,AAPL,2026-06-04,30m,65,0,65,0,65,0,65,0
primary,AMZN,2026-06-04,5m,65,0,65,0,65,0,65,0
primary,AMZN,2026-06-04,30m,65,0,65,0,65,0,65,0
primary,META,2026-06-04,5m,65,0,65,0,65,0,65,0
primary,META,2026-06-04,30m,65,0,65,0,65,0,65,0
primary,MSFT,2026-06-04,5m,65,0,65,0,65,0,65,0
primary,MSFT,2026-06-04,30m,65,0,65,0,65,0,65,0
primary,NVDA,2026-06-04,5m,65,0,65,0,65,0,65,0
primary,NVDA,2026-06-04,30m,65,0,65,0,65,0,65,0
primary,TSLA,2026-06-04,5m,65,0,65,0,65,0,65,0
primary,TSLA,2026-06-04,30m,65,0,65,0,65,0,65,0
primary,AAPL,2026-06-05,5m,65,0,65,0,65,0,65,0
primary,AAPL,2026-06-05,30m,65,0,65,0,65,0,65,0
primary,AMZN,2026-06-05,5m,65,0,65,0,65,0,65,0
primary,AMZN,2026-06-05,30m,65,0,65,0,65,0,65,0
primary,META,2026-06-05,5m,65,0,65,0,65,0,65,0
primary,META,2026-06-05,30m,65,0,65,0,65,0,65,0
primary,MSFT,2026-06-05,5m,65,0,65,0,65,0,65,0
primary,MSFT,2026-06-05,30m,65,0,65,0,65,0,65,0
primary,NVDA,2026-06-05,5m,65,0,65,0,65,0,65,0
primary,NVDA,2026-06-05,30m,65,0,65,0,65,0,65,0
primary,TSLA,2026-06-05,5m,65,0,65,0,65,0,65,0
primary,TSLA,2026-06-05,30m,65,0,65,0,65,0,65,0
primary,AAPL,2026-06-08,5m,65,0,65,0,65,0,65,0
primary,AAPL,2026-06-08,30m,65,0,65,0,65,0,65,0
primary,AMZN,2026-06-08,5m,65,0,65,0,65,0,65,0
primary,AMZN,2026-06-08,30m,65,0,65,0,65,0,65,0
primary,META,2026-06-08,5m,65,0,65,0,65,0,65,0
primary,META,2026-06-08,30m,65,0,65,0,65,0,65,0
primary,MSFT,2026-06-08,5m,65,0,65,0,65,0,65,0
primary,MSFT,2026-06-08,30m,65,0,65,0,65,0,65,0
primary,NVDA,2026-06-08,5m,65,0,65,0,65,0,65,0
primary,NVDA,2026-06-08,30m,65,0,65,0,65,0,65,0
primary,TSLA,2026-06-08,5m,65,0,65,0,65,0,65,0
primary,TSLA,2026-06-08,30m,65,0,65,0,65,0,65,0
primary,AAPL,2026-06-09,5m,65,0,65,0,65,0,65,0
primary,AAPL,2026-06-09,30m,65,0,65,0,65,0,65,0
primary,AMZN,2026-06-09,5m,65,0,65,0,65,0,65,0
primary,AMZN,2026-06-09,30m,65,0,65,0,65,0,65,0
primary,META,2026-06-09,5m,65,0,65,0,65,0,65,0
primary,META,2026-06-09,30m,65,0,65,0,65,0,65,0
primary,MSFT,2026-06-09,5m,65,0,65,0,65,0,65,0
primary,MSFT,2026-06-09,30m,65,0,65,0,65,0,65,0
primary,NVDA,2026-06-09,5m,65,0,65,0,65,0,65,0
primary,NVDA,2026-06-09,30m,65,0,65,0,65,0,65,0
primary,TSLA,2026-06-09,5m,65,0,65,0,65,0,65,0
primary,TSLA,2026-06-09,30m,65,0,65,0,65,0,65,0
primary,AAPL,2026-06-10,5m,65,0,65,0,65,0,65,0
primary,AAPL,2026-06-10,30m,65,0,65,0,65,0,65,0
primary,AMZN,2026-06-10,5m,65,0,65,0,65,0,65,0
primary,AMZN,2026-06-10,30m,65,0,65,0,65,0,65,0
primary,META,2026-06-10,5m,65,0,65,0,65,0,65,0
primary,META,2026-06-10,30m,65,0,65,0,65,0,65,0
primary,MSFT,2026-06-10,5m,65,0,65,0,65,0,65,0
primary,MSFT,2026-06-10,30m,65,0,65,0,65,0,65,0
primary,NVDA,2026-06-10,5m,65,0,65,0,65,0,65,0
primary,NVDA,2026-06-10,30m,65,0,65,0,65,0,65,0
primary,TSLA,2026-06-10,5m,65,0,65,0,65,0,65,0
primary,TSLA,2026-06-10,30m,65,0,65,0,65,0,65,0
primary,AAPL,2026-06-11,5m,65,0,65,0,65,0,65,0
primary,AAPL,2026-06-11,30m,65,0,65,0,65,0,65,0
primary,AMZN,2026-06-11,5m,65,0,65,0,65,0,65,0
primary,AMZN,2026-06-11,30m,65,0,65,0,65,0,65,0
primary,META,2026-06-11,5m,65,0,65,0,65,0,65,0
primary,META,2026-06-11,30m,65,0,65,0,65,0,65,0
primary,MSFT,2026-06-11,5m,65,0,65,0,65,0,65,0
primary,MSFT,2026-06-11,30m,65,0,65,0,65,0,65,0
primary,NVDA,2026-06-11,5m,65,0,65,0,65,0,65,0
primary,NVDA,2026-06-11,30m,65,0,65,0,65,0,65,0
primary,TSLA,2026-06-11,5m,65,0,65,0,65,0,65,0
primary,TSLA,2026-06-11,30m,65,0,65,0,65,0,65,0
primary,AAPL,2026-06-12,5m,65,0,65,0,65,0,65,0
primary,AAPL,2026-06-12,30m,65,0,65,0,65,0,65,0
primary,AMZN,2026-06-12,5m,65,0,65,0,65,0,65,0
primary,AMZN,2026-06-12,30m,65,0,65,0,65,0,65,0
primary,META,2026-06-12,5m,65,0,65,0,65,0,65,0
primary,META,2026-06-12,30m,65,0,65,0,65,0,65,0
primary,MSFT,2026-06-12,5m,65,0,65,0,65,0,65,0
primary,MSFT,2026-06-12,30m,65,0,65,0,65,0,65,0
primary,NVDA,2026-06-12,5m,65,0,65,0,65,0,65,0
primary,NVDA,2026-06-12,30m,65,0,65,0,65,0,65,0
primary,TSLA,2026-06-12,5m,65,0,65,0,65,0,65,0
primary,TSLA,2026-06-12,30m,65,0,65,0,65,0,65,0
primary,AAPL,2026-06-15,5m,65,0,65,0,65,0,65,0
primary,AAPL,2026-06-15,30m,65,0,65,0,65,0,65,0
primary,AMZN,2026-06-15,5m,65,0,65,0,65,0,65,0
primary,AMZN,2026-06-15,30m,65,0,65,0,65,0,65,0
primary,META,2026-06-15,5m,65,0,65,0,65,0,65,0
primary,META,2026-06-15,30m,65,0,65,0,65,0,65,0
primary,MSFT,2026-06-15,5m,65,0,65,0,65,0,65,0
primary,MSFT,2026-06-15,30m,65,0,65,0,65,0,65,0
primary,NVDA,2026-06-15,5m,65,0,65,0,65,0,65,0
primary,NVDA,2026-06-15,30m,65,0,65,0,65,0,65,0
primary,TSLA,2026-06-15,5m,65,0,65,0,65,0,65,0
primary,TSLA,2026-06-15,30m,65,0,65,0,65,0,65,0
primary,AAPL,2026-06-16,5m,65,0,65,0,65,0,65,0
primary,AAPL,2026-06-16,30m,65,0,65,0,65,0,65,0
primary,AMZN,2026-06-16,5m,65,0,65,0,65,0,65,0
primary,AMZN,2026-06-16,30m,65,0,65,0,65,0,65,0
primary,META,2026-06-16,5m,65,0,65,0,65,0,65,0
primary,META,2026-06-16,30m,65,0,65,0,65,0,65,0
primary,MSFT,2026-06-16,5m,65,0,65,0,65,0,65,0
primary,MSFT,2026-06-16,30m,65,0,65,0,65,0,65,0
primary,NVDA,2026-06-16,5m,65,0,65,0,65,0,65,0
primary,NVDA,2026-06-16,30m,65,0,65,0,65,0,65,0
primary,TSLA,2026-06-16,5m,65,0,65,0,65,0,65,0
primary,TSLA,2026-06-16,30m,65,0,65,0,65,0,65,0
primary,AAPL,2026-06-17,5m,65,0,65,0,65,0,65,0
primary,AAPL,2026-06-17,30m,65,0,65,0,65,0,65,0
primary,AMZN,2026-06-17,5m,65,0,65,0,65,0,65,0
primary,AMZN,2026-06-17,30m,65,0,65,0,65,0,65,0
primary,META,2026-06-17,5m,65,0,65,0,65,0,65,0
primary,META,2026-06-17,30m,65,0,65,0,65,0,65,0
primary,MSFT,2026-06-17,5m,65,0,65,0,65,0,65,0
primary,MSFT,2026-06-17,30m,65,0,65,0,65,0,65,0
primary,NVDA,2026-06-17,5m,65,0,65,0,65,0,65,0
primary,NVDA,2026-06-17,30m,65,0,65,0,65,0,65,0
primary,TSLA,2026-06-17,5m,65,0,65,0,65,0,65,0
primary,TSLA,2026-06-17,30m,65,0,65,0,65,0,65,0
primary,AAPL,2026-06-18,5m,65,0,65,0,65,0,65,0
primary,AAPL,2026-06-18,30m,65,0,65,0,65,0,65,0
primary,AMZN,2026-06-18,5m,65,0,65,0,65,0,65,0
primary,AMZN,2026-06-18,30m,65,0,65,0,65,0,65,0
primary,META,2026-06-18,5m,65,0,65,0,65,0,65,0
primary,META,2026-06-18,30m,65,0,65,0,65,0,65,0
primary,MSFT,2026-06-18,5m,65,0,65,0,65,0,65,0
primary,MSFT,2026-06-18,30m,65,0,65,0,65,0,65,0
primary,NVDA,2026-06-18,5m,65,0,65,0,65,0,65,0
primary,NVDA,2026-06-18,30m,65,0,65,0,65,0,65,0
primary,TSLA,2026-06-18,5m,65,0,65,0,65,0,65,0
primary,TSLA,2026-06-18,30m,65,0,65,0,65,0,65,0
primary,AAPL,2026-06-22,5m,65,0,65,0,65,0,65,0
primary,AAPL,2026-06-22,30m,65,0,65,0,65,0,65,0
primary,AMZN,2026-06-22,5m,65,0,65,0,65,0,65,0
primary,AMZN,2026-06-22,30m,65,0,65,0,65,0,65,0
primary,META,2026-06-22,5m,65,0,65,0,65,0,65,0
primary,META,2026-06-22,30m,65,0,65,0,65,0,65,0
primary,MSFT,2026-06-22,5m,65,0,65,0,65,0,65,0
primary,MSFT,2026-06-22,30m,65,0,65,0,65,0,65,0
primary,NVDA,2026-06-22,5m,65,0,65,0,65,0,65,0
primary,NVDA,2026-06-22,30m,65,0,65,0,65,0,65,0
primary,TSLA,2026-06-22,5m,65,0,65,0,65,0,65,0
primary,TSLA,2026-06-22,30m,65,0,65,0,65,0,65,0
primary,AAPL,2026-06-23,5m,65,0,65,0,65,0,65,0
primary,AAPL,2026-06-23,30m,65,0,65,0,65,0,65,0
primary,AMZN,2026-06-23,5m,65,0,65,0,65,0,65,0
primary,AMZN,2026-06-23,30m,65,0,65,0,65,0,65,0
primary,META,2026-06-23,5m,65,0,65,0,65,0,65,0
primary,META,2026-06-23,30m,65,0,65,0,65,0,65,0
primary,MSFT,2026-06-23,5m,65,0,65,0,65,0,65,0
primary,MSFT,2026-06-23,30m,65,0,65,0,65,0,65,0
primary,NVDA,2026-06-23,5m,65,0,65,0,65,0,65,0
primary,NVDA,2026-06-23,30m,65,0,65,0,65,0,65,0
primary,TSLA,2026-06-23,5m,65,0,65,0,65,0,65,0
primary,TSLA,2026-06-23,30m,65,0,65,0,65,0,65,0
primary,AAPL,2026-06-24,5m,65,0,65,0,65,0,65,0
primary,AAPL,2026-06-24,30m,65,0,65,0,65,0,65,0
primary,AMZN,2026-06-24,5m,65,0,65,0,65,0,65,0
primary,AMZN,2026-06-24,30m,65,0,65,0,65,0,65,0
primary,META,2026-06-24,5m,65,0,65,0,65,0,65,0
primary,META,2026-06-24,30m,65,0,65,0,65,0,65,0
primary,MSFT,2026-06-24,5m,65,0,65,0,65,0,65,0
primary,MSFT,2026-06-24,30m,65,0,65,0,65,0,65,0
primary,NVDA,2026-06-24,5m,65,0,65,0,65,0,65,0
primary,NVDA,2026-06-24,30m,65,0,65,0,65,0,65,0
primary,TSLA,2026-06-24,5m,65,0,65,0,65,0,65,0
primary,TSLA,2026-06-24,30m,65,0,65,0,65,0,65,0
primary,AAPL,2026-06-25,5m,65,0,65,0,65,0,65,0
primary,AAPL,2026-06-25,30m,65,0,65,0,65,0,65,0
primary,AMZN,2026-06-25,5m,65,0,65,0,65,0,65,0
primary,AMZN,2026-06-25,30m,65,0,65,0,65,0,65,0
primary,META,2026-06-25,5m,65,0,65,0,65,0,65,0
primary,META,2026-06-25,30m,65,0,65,0,65,0,65,0
primary,MSFT,2026-06-25,5m,65,0,65,0,65,0,65,0
primary,MSFT,2026-06-25,30m,65,0,65,0,65,0,65,0
primary,NVDA,2026-06-25,5m,65,0,65,0,65,0,65,0
primary,NVDA,2026-06-25,30m,65,0,65,0,65,0,65,0
primary,TSLA,2026-06-25,5m,65,0,65,0,65,0,65,0
primary,TSLA,2026-06-25,30m,65,0,65,0,65,0,65,0
primary,AAPL,2026-06-26,5m,65,0,65,0,65,0,65,0
primary,AAPL,2026-06-26,30m,65,0,65,0,65,0,65,0
primary,AMZN,2026-06-26,5m,65,0,65,0,65,0,65,0
primary,AMZN,2026-06-26,30m,65,0,65,0,65,0,65,0
primary,META,2026-06-26,5m,65,0,65,0,65,0,65,0
primary,META,2026-06-26,30m,65,0,65,0,65,0,65,0
primary,MSFT,2026-06-26,5m,65,0,65,0,65,0,65,0
primary,MSFT,2026-06-26,30m,65,0,65,0,65,0,65,0
primary,NVDA,2026-06-26,5m,65,0,65,0,65,0,65,0
primary,NVDA,2026-06-26,30m,65,0,65,0,65,0,65,0
primary,TSLA,2026-06-26,5m,65,0,65,0,65,0,65,0
primary,TSLA,2026-06-26,30m,65,0,65,0,65,0,65,0
primary,AAPL,2026-06-29,5m,65,0,65,0,65,0,65,0
primary,AAPL,2026-06-29,30m,65,0,65,0,65,0,65,0
primary,AMZN,2026-06-29,5m,65,0,65,0,65,0,65,0
primary,AMZN,2026-06-29,30m,65,0,65,0,65,0,65,0
primary,META,2026-06-29,5m,65,0,65,0,65,0,65,0
primary,META,2026-06-29,30m,65,0,65,0,65,0,65,0
primary,MSFT,2026-06-29,5m,65,0,65,0,65,0,65,0
primary,MSFT,2026-06-29,30m,65,0,65,0,65,0,65,0
primary,NVDA,2026-06-29,5m,65,0,65,0,65,0,65,0
primary,NVDA,2026-06-29,30m,65,0,65,0,65,0,65,0
primary,TSLA,2026-06-29,5m,65,0,65,0,65,0,65,0
primary,TSLA,2026-06-29,30m,65,0,65,0,65,0,65,0
primary,AAPL,2026-06-30,5m,65,0,65,0,65,0,65,0
primary,AAPL,2026-06-30,30m,65,0,65,0,65,0,65,0
primary,AMZN,2026-06-30,5m,65,0,65,0,65,0,65,0
primary,AMZN,2026-06-30,30m,65,0,65,0,65,0,65,0
primary,META,2026-06-30,5m,65,0,65,0,65,0,65,0
primary,META,2026-06-30,30m,65,0,65,0,65,0,65,0
primary,MSFT,2026-06-30,5m,65,0,65,0,65,0,65,0
primary,MSFT,2026-06-30,30m,65,0,65,0,65,0,65,0
primary,NVDA,2026-06-30,5m,65,0,65,0,65,0,65,0
primary,NVDA,2026-06-30,30m,65,0,65,0,65,0,65,0
primary,TSLA,2026-06-30,5m,65,0,65,0,65,0,65,0
primary,TSLA,2026-06-30,30m,65,0,65,0,65,0,65,0
primary,AAPL,2026-07-01,5m,65,0,65,0,65,0,65,0
primary,AAPL,2026-07-01,30m,65,0,65,0,65,0,65,0
primary,AMZN,2026-07-01,5m,65,0,65,0,65,0,65,0
primary,AMZN,2026-07-01,30m,65,0,65,0,65,0,65,0
primary,META,2026-07-01,5m,65,0,65,0,65,0,65,0
primary,META,2026-07-01,30m,65,0,65,0,65,0,65,0
primary,MSFT,2026-07-01,5m,65,0,65,0,65,0,65,0
primary,MSFT,2026-07-01,30m,65,0,65,0,65,0,65,0
primary,NVDA,2026-07-01,5m,65,0,65,0,65,0,65,0
primary,NVDA,2026-07-01,30m,65,0,65,0,65,0,65,0
primary,TSLA,2026-07-01,5m,65,0,65,0,65,0,65,0
primary,TSLA,2026-07-01,30m,65,0,65,0,65,0,65,0
primary,AAPL,2026-07-02,5m,65,0,65,0,65,0,65,0
primary,AAPL,2026-07-02,30m,65,0,65,0,65,0,65,0
primary,AMZN,2026-07-02,5m,65,0,65,0,65,0,65,0
primary,AMZN,2026-07-02,30m,65,0,65,0,65,0,65,0
primary,META,2026-07-02,5m,65,0,65,0,65,0,65,0
primary,META,2026-07-02,30m,65,0,65,0,65,0,65,0
primary,MSFT,2026-07-02,5m,65,0,65,0,65,0,65,0
primary,MSFT,2026-07-02,30m,65,0,65,0,65,0,65,0
primary,NVDA,2026-07-02,5m,65,0,65,0,65,0,65,0
primary,NVDA,2026-07-02,30m,65,0,65,0,65,0,65,0
primary,TSLA,2026-07-02,5m,65,0,65,0,65,0,65,0
primary,TSLA,2026-07-02,30m,65,0,65,0,65,0,65,0
primary,AAPL,2026-07-06,5m,65,0,65,0,65,0,65,0
primary,AAPL,2026-07-06,30m,65,0,65,0,65,0,65,0
primary,AMZN,2026-07-06,5m,65,0,65,0,65,0,65,0
primary,AMZN,2026-07-06,30m,65,0,65,0,65,0,65,0
primary,META,2026-07-06,5m,65,0,65,0,65,0,65,0
primary,META,2026-07-06,30m,65,0,65,0,65,0,65,0
primary,MSFT,2026-07-06,5m,65,0,65,0,65,0,65,0
primary,MSFT,2026-07-06,30m,65,0,65,0,65,0,65,0
primary,NVDA,2026-07-06,5m,65,0,65,0,65,0,65,0
primary,NVDA,2026-07-06,30m,65,0,65,0,65,0,65,0
primary,TSLA,2026-07-06,5m,65,0,65,0,65,0,65,0
primary,TSLA,2026-07-06,30m,65,0,65,0,65,0,65,0
primary,AAPL,2026-07-07,5m,65,0,65,0,65,0,65,0
primary,AAPL,2026-07-07,30m,65,0,65,0,65,0,65,0
primary,AMZN,2026-07-07,5m,65,0,65,0,65,0,65,0
primary,AMZN,2026-07-07,30m,65,0,65,0,65,0,65,0
primary,META,2026-07-07,5m,65,0,65,0,65,0,65,0
primary,META,2026-07-07,30m,65,0,65,0,65,0,65,0
primary,MSFT,2026-07-07,5m,65,0,65,0,65,0,65,0
primary,MSFT,2026-07-07,30m,65,0,65,0,65,0,65,0
primary,NVDA,2026-07-07,5m,65,0,65,0,65,0,65,0
primary,NVDA,2026-07-07,30m,65,0,65,0,65,0,65,0
primary,TSLA,2026-07-07,5m,65,0,65,0,65,0,65,0
primary,TSLA,2026-07-07,30m,65,0,65,0,65,0,65,0
primary,AAPL,2026-07-08,5m,65,0,65,0,65,0,65,0
primary,AAPL,2026-07-08,30m,65,0,65,0,65,0,65,0
primary,AMZN,2026-07-08,5m,65,0,65,0,65,0,65,0
primary,AMZN,2026-07-08,30m,65,0,65,0,65,0,65,0
primary,META,2026-07-08,5m,65,0,65,0,65,0,65,0
primary,META,2026-07-08,30m,65,0,65,0,65,0,65,0
primary,MSFT,2026-07-08,5m,65,0,65,0,65,0,65,0
primary,MSFT,2026-07-08,30m,65,0,65,0,65,0,65,0
primary,NVDA,2026-07-08,5m,65,0,65,0,65,0,65,0
primary,NVDA,2026-07-08,30m,65,0,65,0,65,0,65,0
primary,TSLA,2026-07-08,5m,65,0,65,0,65,0,65,0
primary,TSLA,2026-07-08,30m,65,0,65,0,65,0,65,0
primary,AAPL,2026-07-09,5m,65,0,65,0,65,0,65,0
primary,AAPL,2026-07-09,30m,65,0,65,0,65,0,65,0
primary,AMZN,2026-07-09,5m,65,0,65,0,65,0,65,0
primary,AMZN,2026-07-09,30m,65,0,65,0,65,0,65,0
primary,META,2026-07-09,5m,65,0,65,0,65,0,65,0
primary,META,2026-07-09,30m,65,0,65,0,65,0,65,0
primary,MSFT,2026-07-09,5m,65,0,65,0,65,0,65,0
primary,MSFT,2026-07-09,30m,65,0,65,0,65,0,65,0
primary,NVDA,2026-07-09,5m,65,0,65,0,65,0,65,0
primary,NVDA,2026-07-09,30m,65,0,65,0,65,0,65,0
primary,TSLA,2026-07-09,5m,65,0,65,0,65,0,65,0
primary,TSLA,2026-07-09,30m,65,0,65,0,65,0,65,0
primary,AAPL,2026-07-10,5m,65,0,65,0,65,0,65,0
primary,AAPL,2026-07-10,30m,65,0,65,0,65,0,65,0
primary,AMZN,2026-07-10,5m,65,0,65,0,65,0,65,0
primary,AMZN,2026-07-10,30m,65,0,65,0,65,0,65,0
primary,META,2026-07-10,5m,65,0,65,0,65,0,65,0
primary,META,2026-07-10,30m,65,0,65,0,65,0,65,0
primary,MSFT,2026-07-10,5m,65,0,65,0,65,0,65,0
primary,MSFT,2026-07-10,30m,65,0,65,0,65,0,65,0
primary,NVDA,2026-07-10,5m,65,0,65,0,65,0,65,0
primary,NVDA,2026-07-10,30m,65,0,65,0,65,0,65,0
primary,TSLA,2026-07-10,5m,65,0,65,0,65,0,65,0
primary,TSLA,2026-07-10,30m,65,0,65,0,65,0,65,0
primary,AAPL,2026-07-13,5m,65,0,65,0,65,0,65,0
primary,AAPL,2026-07-13,30m,65,0,65,0,65,0,65,0
primary,AMZN,2026-07-13,5m,65,0,65,0,65,0,65,0
primary,AMZN,2026-07-13,30m,65,0,65,0,65,0,65,0
primary,META,2026-07-13,5m,65,0,65,0,65,0,65,0
primary,META,2026-07-13,30m,65,0,65,0,65,0,65,0
primary,MSFT,2026-07-13,5m,65,0,65,0,65,0,65,0
primary,MSFT,2026-07-13,30m,65,0,65,0,65,0,65,0
primary,NVDA,2026-07-13,5m,65,0,65,0,65,0,65,0
primary,NVDA,2026-07-13,30m,65,0,65,0,65,0,65,0
primary,TSLA,2026-07-13,5m,65,0,65,0,65,0,65,0
primary,TSLA,2026-07-13,30m,65,0,65,0,65,0,65,0
primary,AAPL,2026-07-14,5m,65,0,65,0,65,0,65,0
primary,AAPL,2026-07-14,30m,65,0,65,0,65,0,65,0
primary,AMZN,2026-07-14,5m,65,0,65,0,65,0,65,0
primary,AMZN,2026-07-14,30m,65,0,65,0,65,0,65,0
primary,META,2026-07-14,5m,65,0,65,0,65,0,65,0
primary,META,2026-07-14,30m,65,0,65,0,65,0,65,0
primary,MSFT,2026-07-14,5m,65,0,65,0,65,0,65,0
primary,MSFT,2026-07-14,30m,65,0,65,0,65,0,65,0
primary,NVDA,2026-07-14,5m,65,0,65,0,65,0,65,0
primary,NVDA,2026-07-14,30m,65,0,65,0,65,0,65,0
primary,TSLA,2026-07-14,5m,65,0,65,0,65,0,65,0
primary,TSLA,2026-07-14,30m,65,0,65,0,65,0,65,0
primary,AAPL,2026-07-15,5m,65,0,65,0,65,0,65,0
primary,AAPL,2026-07-15,30m,65,0,65,0,65,0,65,0
primary,AMZN,2026-07-15,5m,65,0,65,0,65,0,65,0
primary,AMZN,2026-07-15,30m,65,0,65,0,65,0,65,0
primary,META,2026-07-15,5m,65,0,65,0,65,0,65,0
primary,META,2026-07-15,30m,65,0,65,0,65,0,65,0
primary,MSFT,2026-07-15,5m,65,0,65,0,65,0,65,0
primary,MSFT,2026-07-15,30m,65,0,65,0,65,0,65,0
primary,NVDA,2026-07-15,5m,65,0,65,0,65,0,65,0
primary,NVDA,2026-07-15,30m,65,0,65,0,65,0,65,0
primary,TSLA,2026-07-15,5m,65,0,65,0,65,0,65,0
primary,TSLA,2026-07-15,30m,65,0,65,0,65,0,65,0
primary,AAPL,2026-07-16,5m,65,0,65,0,65,0,65,0
primary,AAPL,2026-07-16,30m,65,0,65,0,65,0,65,0
primary,AMZN,2026-07-16,5m,65,0,65,0,65,0,65,0
primary,AMZN,2026-07-16,30m,65,0,65,0,65,0,65,0
primary,META,2026-07-16,5m,65,0,65,0,65,0,65,0
primary,META,2026-07-16,30m,65,0,65,0,65,0,65,0
primary,MSFT,2026-07-16,5m,65,0,65,0,65,0,65,0
primary,MSFT,2026-07-16,30m,65,0,65,0,65,0,65,0
primary,NVDA,2026-07-16,5m,65,0,65,0,65,0,65,0
primary,NVDA,2026-07-16,30m,65,0,65,0,65,0,65,0
primary,TSLA,2026-07-16,5m,65,0,65,0,65,0,65,0
primary,TSLA,2026-07-16,30m,65,0,65,0,65,0,65,0
primary,AAPL,2026-07-17,5m,65,0,65,0,65,0,65,0
primary,AAPL,2026-07-17,30m,65,0,65,0,65,0,65,0
primary,AMZN,2026-07-17,5m,65,0,65,0,65,0,65,0
primary,AMZN,2026-07-17,30m,65,0,65,0,65,0,65,0
primary,META,2026-07-17,5m,65,0,65,0,65,0,65,0
primary,META,2026-07-17,30m,65,0,65,0,65,0,65,0
primary,MSFT,2026-07-17,5m,65,0,65,0,65,0,65,0
primary,MSFT,2026-07-17,30m,65,0,65,0,65,0,65,0
primary,NVDA,2026-07-17,5m,65,0,65,0,65,0,65,0
primary,NVDA,2026-07-17,30m,65,0,65,0,65,0,65,0
primary,TSLA,2026-07-17,5m,65,0,65,0,65,0,65,0
primary,TSLA,2026-07-17,30m,65,0,65,0,65,0,65,0
primary,AAPL,2026-07-20,5m,65,0,65,0,65,0,65,0
primary,AAPL,2026-07-20,30m,65,0,65,0,65,0,65,0
primary,AMZN,2026-07-20,5m,65,0,65,0,65,0,65,0
primary,AMZN,2026-07-20,30m,65,0,65,0,65,0,65,0
primary,META,2026-07-20,5m,65,0,65,0,65,0,65,0
primary,META,2026-07-20,30m,65,0,65,0,65,0,65,0
primary,MSFT,2026-07-20,5m,65,0,65,0,65,0,65,0
primary,MSFT,2026-07-20,30m,65,0,65,0,65,0,65,0
primary,NVDA,2026-07-20,5m,65,0,65,0,65,0,65,0
primary,NVDA,2026-07-20,30m,65,0,65,0,65,0,65,0
primary,TSLA,2026-07-20,5m,65,0,65,0,65,0,65,0
primary,TSLA,2026-07-20,30m,65,0,65,0,65,0,65,0
primary,AAPL,2026-07-21,5m,65,0,65,0,65,0,65,0
primary,AAPL,2026-07-21,30m,65,0,65,0,65,0,65,0
primary,AMZN,2026-07-21,5m,65,0,65,0,65,0,65,0
primary,AMZN,2026-07-21,30m,65,0,65,0,65,0,65,0
primary,META,2026-07-21,5m,65,0,65,0,65,0,65,0
primary,META,2026-07-21,30m,65,0,65,0,65,0,65,0
primary,MSFT,2026-07-21,5m,65,0,65,0,65,0,65,0
primary,MSFT,2026-07-21,30m,65,0,65,0,65,0,65,0
primary,NVDA,2026-07-21,5m,65,0,65,0,65,0,65,0
primary,NVDA,2026-07-21,30m,65,0,65,0,65,0,65,0
primary,TSLA,2026-07-21,5m,65,0,65,0,65,0,65,0
primary,TSLA,2026-07-21,30m,65,0,65,0,65,0,65,0
primary,AAPL,2026-07-22,5m,65,0,65,0,65,0,65,0
primary,AAPL,2026-07-22,30m,65,0,65,0,65,0,65,0
primary,AMZN,2026-07-22,5m,65,0,65,0,65,0,65,0
primary,AMZN,2026-07-22,30m,65,0,65,0,65,0,65,0
primary,META,2026-07-22,5m,65,0,65,0,65,0,65,0
primary,META,2026-07-22,30m,65,0,65,0,65,0,65,0
primary,MSFT,2026-07-22,5m,65,0,65,0,65,0,65,0
primary,MSFT,2026-07-22,30m,65,0,65,0,65,0,65,0
primary,NVDA,2026-07-22,5m,65,0,65,0,65,0,65,0
primary,NVDA,2026-07-22,30m,65,0,65,0,65,0,65,0
primary,TSLA,2026-07-22,5m,65,0,65,0,65,0,65,0
primary,TSLA,2026-07-22,30m,65,0,65,0,65,0,65,0
primary,AAPL,2026-07-23,5m,65,0,65,0,65,0,65,0
primary,AAPL,2026-07-23,30m,65,0,65,0,65,0,65,0
primary,AMZN,2026-07-23,5m,65,0,65,0,65,0,65,0
primary,AMZN,2026-07-23,30m,65,0,65,0,65,0,65,0
primary,META,2026-07-23,5m,65,0,65,0,65,0,65,0
primary,META,2026-07-23,30m,65,0,65,0,65,0,65,0
primary,MSFT,2026-07-23,5m,65,0,65,0,65,0,65,0
primary,MSFT,2026-07-23,30m,65,0,65,0,65,0,65,0
primary,NVDA,2026-07-23,5m,65,0,65,0,65,0,65,0
primary,NVDA,2026-07-23,30m,65,0,65,0,65,0,65,0
primary,TSLA,2026-07-23,5m,65,3,62,0,65,3,62,0
primary,TSLA,2026-07-23,30m,65,0,65,0,65,0,65,0
primary,AAPL,2026-07-24,5m,65,0,65,0,65,0,65,0
primary,AAPL,2026-07-24,30m,65,0,65,0,65,0,65,0
primary,AMZN,2026-07-24,5m,65,0,65,0,65,0,65,0
primary,AMZN,2026-07-24,30m,65,0,65,0,65,0,65,0
primary,META,2026-07-24,5m,65,0,65,0,65,0,65,0
primary,META,2026-07-24,30m,65,0,65,0,65,0,65,0
primary,MSFT,2026-07-24,5m,65,0,65,0,65,0,65,0
primary,MSFT,2026-07-24,30m,65,0,65,0,65,0,65,0
primary,NVDA,2026-07-24,5m,65,0,65,0,65,0,65,0
primary,NVDA,2026-07-24,30m,65,0,65,0,65,0,65,0
primary,TSLA,2026-07-24,5m,65,0,65,0,65,0,65,0
primary,TSLA,2026-07-24,30m,65,0,65,0,65,0,65,0
primary,AAPL,2026-07-27,5m,65,0,65,0,65,0,65,0
primary,AAPL,2026-07-27,30m,65,0,65,0,65,0,65,0
primary,AMZN,2026-07-27,5m,65,0,65,0,65,0,65,0
primary,AMZN,2026-07-27,30m,65,0,65,0,65,0,65,0
primary,META,2026-07-27,5m,65,0,65,0,65,0,65,0
primary,META,2026-07-27,30m,65,0,65,0,65,0,65,0
primary,MSFT,2026-07-27,5m,65,0,65,0,65,0,65,0
primary,MSFT,2026-07-27,30m,65,0,65,0,65,0,65,0
primary,NVDA,2026-07-27,5m,65,0,65,0,65,0,65,0
primary,NVDA,2026-07-27,30m,65,0,65,0,65,0,65,0
primary,TSLA,2026-07-27,5m,65,0,65,0,65,0,65,0
primary,TSLA,2026-07-27,30m,65,0,65,0,65,0,65,0
primary,AAPL,2026-07-28,5m,65,0,65,0,65,0,65,0
primary,AAPL,2026-07-28,30m,65,0,65,0,65,0,65,0
primary,AMZN,2026-07-28,5m,65,0,65,0,65,0,65,0
primary,AMZN,2026-07-28,30m,65,0,65,0,65,0,65,0
primary,META,2026-07-28,5m,65,0,65,0,65,0,65,0
primary,META,2026-07-28,30m,65,0,65,0,65,0,65,0
primary,MSFT,2026-07-28,5m,65,0,65,0,65,0,65,0
primary,MSFT,2026-07-28,30m,65,0,65,0,65,0,65,0
primary,NVDA,2026-07-28,5m,65,0,65,0,65,0,65,0
primary,NVDA,2026-07-28,30m,65,0,65,0,65,0,65,0
primary,TSLA,2026-07-28,5m,65,0,65,0,65,0,65,0
primary,TSLA,2026-07-28,30m,65,0,65,0,65,0,65,0
primary,AAPL,2026-07-29,5m,65,0,65,0,65,0,65,0
primary,AAPL,2026-07-29,30m,65,0,65,0,65,0,65,0
primary,AMZN,2026-07-29,5m,65,0,65,0,65,0,65,0
primary,AMZN,2026-07-29,30m,65,0,65,0,65,0,65,0
primary,META,2026-07-29,5m,65,0,65,0,65,0,65,0
primary,META,2026-07-29,30m,65,0,65,0,65,0,65,0
primary,MSFT,2026-07-29,5m,65,0,65,0,65,0,65,0
primary,MSFT,2026-07-29,30m,65,0,65,0,65,0,65,0
primary,NVDA,2026-07-29,5m,65,0,65,0,65,0,65,0
primary,NVDA,2026-07-29,30m,65,0,65,0,65,0,65,0
primary,TSLA,2026-07-29,5m,65,0,65,0,65,0,65,0
primary,TSLA,2026-07-29,30m,65,0,65,0,65,0,65,0
primary,AAPL,2026-07-30,5m,65,0,65,0,65,0,65,0
primary,AAPL,2026-07-30,30m,65,0,65,0,65,0,65,0
primary,AMZN,2026-07-30,5m,65,0,65,0,65,0,65,0
primary,AMZN,2026-07-30,30m,65,0,65,0,65,0,65,0
primary,META,2026-07-30,5m,65,0,65,0,65,0,65,0
primary,META,2026-07-30,30m,65,0,65,0,65,0,65,0
primary,MSFT,2026-07-30,5m,65,0,65,0,65,0,65,0
primary,MSFT,2026-07-30,30m,65,0,65,0,65,0,65,0
primary,NVDA,2026-07-30,5m,65,0,65,0,65,0,65,0
primary,NVDA,2026-07-30,30m,65,0,65,0,65,0,65,0
primary,TSLA,2026-07-30,5m,65,0,65,0,65,0,65,0
primary,TSLA,2026-07-30,30m,65,0,65,0,65,0,65,0
primary,AAPL,2026-07-31,5m,65,0,65,0,65,0,65,0
primary,AAPL,2026-07-31,30m,65,0,65,0,65,0,65,0
primary,AMZN,2026-07-31,5m,65,0,65,0,65,0,65,0
primary,AMZN,2026-07-31,30m,65,0,65,0,65,0,65,0
primary,META,2026-07-31,5m,65,0,65,0,65,0,65,0
primary,META,2026-07-31,30m,65,0,65,0,65,0,65,0
primary,MSFT,2026-07-31,5m,65,0,65,0,65,0,65,0
primary,MSFT,2026-07-31,30m,65,0,65,0,65,0,65,0
primary,NVDA,2026-07-31,5m,65,0,65,0,65,0,65,0
primary,NVDA,2026-07-31,30m,65,0,65,0,65,0,65,0
primary,TSLA,2026-07-31,5m,65,0,65,0,65,0,65,0
primary,TSLA,2026-07-31,30m,65,0,65,0,65,0,65,0
confirmation,AAPL,2026-08-03,5m,65,0,65,0,65,0,65,0
confirmation,AAPL,2026-08-03,30m,65,0,65,0,65,0,65,0
confirmation,AMZN,2026-08-03,5m,65,0,65,0,65,0,65,0
confirmation,AMZN,2026-08-03,30m,65,0,65,0,65,0,65,0
confirmation,META,2026-08-03,5m,65,0,65,0,65,0,65,0
confirmation,META,2026-08-03,30m,65,0,65,0,65,0,65,0
confirmation,MSFT,2026-08-03,5m,65,0,65,0,65,0,65,0
confirmation,MSFT,2026-08-03,30m,65,0,65,0,65,0,65,0
confirmation,NVDA,2026-08-03,5m,65,0,65,0,65,0,65,0
confirmation,NVDA,2026-08-03,30m,65,0,65,0,65,0,65,0
confirmation,TSLA,2026-08-03,5m,65,0,65,0,65,0,65,0
confirmation,TSLA,2026-08-03,30m,65,0,65,0,65,0,65,0
confirmation,AAPL,2026-08-04,5m,65,0,65,0,65,0,65,0
confirmation,AAPL,2026-08-04,30m,65,0,65,0,65,0,65,0
confirmation,AMZN,2026-08-04,5m,65,0,65,0,65,0,65,0
confirmation,AMZN,2026-08-04,30m,65,0,65,0,65,0,65,0
confirmation,META,2026-08-04,5m,65,0,65,0,65,0,65,0
confirmation,META,2026-08-04,30m,65,0,65,0,65,0,65,0
confirmation,MSFT,2026-08-04,5m,65,0,65,0,65,0,65,0
confirmation,MSFT,2026-08-04,30m,65,0,65,0,65,0,65,0
confirmation,NVDA,2026-08-04,5m,65,0,65,0,65,0,65,0
confirmation,NVDA,2026-08-04,30m,65,0,65,0,65,0,65,0
confirmation,TSLA,2026-08-04,5m,65,0,65,0,65,0,65,0
confirmation,TSLA,2026-08-04,30m,65,0,65,0,65,0,65,0
confirmation,AAPL,2026-08-05,5m,65,0,65,0,65,0,65,0
confirmation,AAPL,2026-08-05,30m,65,0,65,0,65,0,65,0
confirmation,AMZN,2026-08-05,5m,65,0,65,0,65,0,65,0
confirmation,AMZN,2026-08-05,30m,65,0,65,0,65,0,65,0
confirmation,META,2026-08-05,5m,65,0,65,0,65,0,65,0
confirmation,META,2026-08-05,30m,65,0,65,0,65,0,65,0
confirmation,MSFT,2026-08-05,5m,65,0,65,0,65,0,65,0
confirmation,MSFT,2026-08-05,30m,65,0,65,0,65,0,65,0
confirmation,NVDA,2026-08-05,5m,65,0,65,0,65,0,65,0
confirmation,NVDA,2026-08-05,30m,65,0,65,0,65,0,65,0
confirmation,TSLA,2026-08-05,5m,65,0,65,0,65,0,65,0
confirmation,TSLA,2026-08-05,30m,65,0,65,0,65,0,65,0
confirmation,AAPL,2026-08-06,5m,65,0,65,0,65,0,65,0
confirmation,AAPL,2026-08-06,30m,65,0,65,0,65,0,65,0
confirmation,AMZN,2026-08-06,5m,65,0,65,0,65,0,65,0
confirmation,AMZN,2026-08-06,30m,65,0,65,0,65,0,65,0
confirmation,META,2026-08-06,5m,65,0,65,0,65,0,65,0
confirmation,META,2026-08-06,30m,65,0,65,0,65,0,65,0
confirmation,MSFT,2026-08-06,5m,65,0,65,0,65,0,65,0
confirmation,MSFT,2026-08-06,30m,65,0,65,0,65,0,65,0
confirmation,NVDA,2026-08-06,5m,65,0,65,0,65,0,65,0
confirmation,NVDA,2026-08-06,30m,65,0,65,0,65,0,65,0
confirmation,TSLA,2026-08-06,5m,65,0,65,0,65,0,65,0
confirmation,TSLA,2026-08-06,30m,65,0,65,0,65,0,65,0
confirmation,AAPL,2026-08-07,5m,65,0,65,0,65,0,65,0
confirmation,AAPL,2026-08-07,30m,65,0,65,0,65,0,65,0
confirmation,AMZN,2026-08-07,5m,65,0,65,0,65,0,65,0
confirmation,AMZN,2026-08-07,30m,65,0,65,0,65,0,65,0
confirmation,META,2026-08-07,5m,65,0,65,0,65,0,65,0
confirmation,META,2026-08-07,30m,65,0,65,0,65,0,65,0
confirmation,MSFT,2026-08-07,5m,65,0,65,0,65,0,65,0
confirmation,MSFT,2026-08-07,30m,65,0,65,0,65,0,65,0
confirmation,NVDA,2026-08-07,5m,65,0,65,0,65,0,65,0
confirmation,NVDA,2026-08-07,30m,65,0,65,0,65,0,65,0
confirmation,TSLA,2026-08-07,5m,65,0,65,0,65,0,65,0
confirmation,TSLA,2026-08-07,30m,65,0,65,0,65,0,65,0
confirmation,AAPL,2026-08-10,5m,65,0,65,0,65,0,65,0
confirmation,AAPL,2026-08-10,30m,65,0,65,0,65,0,65,0
confirmation,AMZN,2026-08-10,5m,65,0,65,0,65,0,65,0
confirmation,AMZN,2026-08-10,30m,65,0,65,0,65,0,65,0
confirmation,META,2026-08-10,5m,65,0,65,0,65,0,65,0
confirmation,META,2026-08-10,30m,65,0,65,0,65,0,65,0
confirmation,MSFT,2026-08-10,5m,65,0,65,0,65,0,65,0
confirmation,MSFT,2026-08-10,30m,65,0,65,0,65,0,65,0
confirmation,NVDA,2026-08-10,5m,65,0,65,0,65,0,65,0
confirmation,NVDA,2026-08-10,30m,65,0,65,0,65,0,65,0
confirmation,TSLA,2026-08-10,5m,65,0,65,0,65,0,65,0
confirmation,TSLA,2026-08-10,30m,65,0,65,0,65,0,65,0
confirmation,AAPL,2026-08-11,5m,65,0,65,0,65,0,65,0
confirmation,AAPL,2026-08-11,30m,65,0,65,0,65,0,65,0
confirmation,AMZN,2026-08-11,5m,65,0,65,0,65,0,65,0
confirmation,AMZN,2026-08-11,30m,65,0,65,0,65,0,65,0
confirmation,META,2026-08-11,5m,65,0,65,0,65,0,65,0
confirmation,META,2026-08-11,30m,65,0,65,0,65,0,65,0
confirmation,MSFT,2026-08-11,5m,65,0,65,0,65,0,65,0
confirmation,MSFT,2026-08-11,30m,65,0,65,0,65,0,65,0
confirmation,NVDA,2026-08-11,5m,65,0,65,0,65,0,65,0
confirmation,NVDA,2026-08-11,30m,65,0,65,0,65,0,65,0
confirmation,TSLA,2026-08-11,5m,65,0,65,0,65,0,65,0
confirmation,TSLA,2026-08-11,30m,65,0,65,0,65,0,65,0
confirmation,AAPL,2026-08-12,5m,65,0,65,0,65,0,65,0
confirmation,AAPL,2026-08-12,30m,65,0,65,0,65,0,65,0
confirmation,AMZN,2026-08-12,5m,65,0,65,0,65,0,65,0
confirmation,AMZN,2026-08-12,30m,65,0,65,0,65,0,65,0
confirmation,META,2026-08-12,5m,65,0,65,0,65,0,65,0
confirmation,META,2026-08-12,30m,65,0,65,0,65,0,65,0
confirmation,MSFT,2026-08-12,5m,65,0,65,0,65,0,65,0
confirmation,MSFT,2026-08-12,30m,65,0,65,0,65,0,65,0
confirmation,NVDA,2026-08-12,5m,65,0,65,0,65,0,65,0
confirmation,NVDA,2026-08-12,30m,65,0,65,0,65,0,65,0
confirmation,TSLA,2026-08-12,5m,65,0,65,0,65,0,65,0
confirmation,TSLA,2026-08-12,30m,65,0,65,0,65,0,65,0
confirmation,AAPL,2026-08-13,5m,65,0,65,0,65,0,65,0
confirmation,AAPL,2026-08-13,30m,65,0,65,0,65,0,65,0
confirmation,AMZN,2026-08-13,5m,65,0,65,0,65,0,65,0
confirmation,AMZN,2026-08-13,30m,65,0,65,0,65,0,65,0
confirmation,META,2026-08-13,5m,65,0,65,0,65,0,65,0
confirmation,META,2026-08-13,30m,65,0,65,0,65,0,65,0
confirmation,MSFT,2026-08-13,5m,65,0,65,0,65,0,65,0
confirmation,MSFT,2026-08-13,30m,65,0,65,0,65,0,65,0
confirmation,NVDA,2026-08-13,5m,65,0,65,0,65,0,65,0
confirmation,NVDA,2026-08-13,30m,65,0,65,0,65,0,65,0
confirmation,TSLA,2026-08-13,5m,65,0,65,0,65,0,65,0
confirmation,TSLA,2026-08-13,30m,65,0,65,0,65,0,65,0
confirmation,AAPL,2026-08-14,5m,65,0,65,0,65,0,65,0
confirmation,AAPL,2026-08-14,30m,65,0,65,0,65,0,65,0
confirmation,AMZN,2026-08-14,5m,65,0,65,0,65,0,65,0
confirmation,AMZN,2026-08-14,30m,65,0,65,0,65,0,65,0
confirmation,META,2026-08-14,5m,65,0,65,0,65,0,65,0
confirmation,META,2026-08-14,30m,65,0,65,0,65,0,65,0
confirmation,MSFT,2026-08-14,5m,65,0,65,0,65,0,65,0
confirmation,MSFT,2026-08-14,30m,65,0,65,0,65,0,65,0
confirmation,NVDA,2026-08-14,5m,65,0,65,0,65,0,65,0
confirmation,NVDA,2026-08-14,30m,65,0,65,0,65,0,65,0
confirmation,TSLA,2026-08-14,5m,65,0,65,0,65,0,65,0
confirmation,TSLA,2026-08-14,30m,65,0,65,0,65,0,65,0
confirmation,AAPL,2026-08-17,5m,65,0,65,0,65,0,65,0
confirmation,AAPL,2026-08-17,30m,65,0,65,0,65,0,65,0
confirmation,AMZN,2026-08-17,5m,65,0,65,0,65,0,65,0
confirmation,AMZN,2026-08-17,30m,65,0,65,0,65,0,65,0
confirmation,META,2026-08-17,5m,65,0,65,0,65,0,65,0
confirmation,META,2026-08-17,30m,65,0,65,0,65,0,65,0
confirmation,MSFT,2026-08-17,5m,65,0,65,0,65,0,65,0
confirmation,MSFT,2026-08-17,30m,65,0,65,0,65,0,65,0
confirmation,NVDA,2026-08-17,5m,65,0,65,0,65,0,65,0
confirmation,NVDA,2026-08-17,30m,65,0,65,0,65,0,65,0
confirmation,TSLA,2026-08-17,5m,65,0,65,0,65,0,65,0
confirmation,TSLA,2026-08-17,30m,65,0,65,0,65,0,65,0
confirmation,AAPL,2026-08-18,5m,65,0,65,0,65,0,65,0
confirmation,AAPL,2026-08-18,30m,65,0,65,0,65,0,65,0
confirmation,AMZN,2026-08-18,5m,65,0,65,0,65,0,65,0
confirmation,AMZN,2026-08-18,30m,65,0,65,0,65,0,65,0
confirmation,META,2026-08-18,5m,65,0,65,0,65,0,65,0
confirmation,META,2026-08-18,30m,65,0,65,0,65,0,65,0
confirmation,MSFT,2026-08-18,5m,65,0,65,0,65,0,65,0
confirmation,MSFT,2026-08-18,30m,65,0,65,0,65,0,65,0
confirmation,NVDA,2026-08-18,5m,65,0,65,0,65,0,65,0
confirmation,NVDA,2026-08-18,30m,65,0,65,0,65,0,65,0
confirmation,TSLA,2026-08-18,5m,65,0,65,0,65,0,65,0
confirmation,TSLA,2026-08-18,30m,65,0,65,0,65,0,65,0
confirmation,AAPL,2026-08-19,5m,65,0,65,0,65,0,65,0
confirmation,AAPL,2026-08-19,30m,65,0,65,0,65,0,65,0
confirmation,AMZN,2026-08-19,5m,65,0,65,0,65,0,65,0
confirmation,AMZN,2026-08-19,30m,65,0,65,0,65,0,65,0
confirmation,META,2026-08-19,5m,65,0,65,0,65,0,65,0
confirmation,META,2026-08-19,30m,65,0,65,0,65,0,65,0
confirmation,MSFT,2026-08-19,5m,65,0,65,0,65,0,65,0
confirmation,MSFT,2026-08-19,30m,65,0,65,0,65,0,65,0
confirmation,NVDA,2026-08-19,5m,65,0,65,0,65,0,65,0
confirmation,NVDA,2026-08-19,30m,65,0,65,0,65,0,65,0
confirmation,TSLA,2026-08-19,5m,65,0,65,0,65,0,65,0
confirmation,TSLA,2026-08-19,30m,65,0,65,0,65,0,65,0
confirmation,AAPL,2026-08-20,5m,65,0,65,0,65,0,65,0
confirmation,AAPL,2026-08-20,30m,65,0,65,0,65,0,65,0
confirmation,AMZN,2026-08-20,5m,65,0,65,0,65,0,65,0
confirmation,AMZN,2026-08-20,30m,65,0,65,0,65,0,65,0
confirmation,META,2026-08-20,5m,65,0,65,0,65,0,65,0
confirmation,META,2026-08-20,30m,65,0,65,0,65,0,65,0
confirmation,MSFT,2026-08-20,5m,65,0,65,0,65,0,65,0
confirmation,MSFT,2026-08-20,30m,65,0,65,0,65,0,65,0
confirmation,NVDA,2026-08-20,5m,65,0,65,0,65,0,65,0
confirmation,NVDA,2026-08-20,30m,65,0,65,0,65,0,65,0
confirmation,TSLA,2026-08-20,5m,65,0,65,0,65,0,65,0
confirmation,TSLA,2026-08-20,30m,65,0,65,0,65,0,65,0
confirmation,AAPL,2026-08-21,5m,65,0,65,0,65,0,65,0
confirmation,AAPL,2026-08-21,30m,65,0,65,0,65,0,65,0
confirmation,AMZN,2026-08-21,5m,65,0,65,0,65,0,65,0
confirmation,AMZN,2026-08-21,30m,65,0,65,0,65,0,65,0
confirmation,META,2026-08-21,5m,65,0,65,0,65,0,65,0
confirmation,META,2026-08-21,30m,65,0,65,0,65,0,65,0
confirmation,MSFT,2026-08-21,5m,65,0,65,0,65,0,65,0
confirmation,MSFT,2026-08-21,30m,65,0,65,0,65,0,65,0
confirmation,NVDA,2026-08-21,5m,65,0,65,0,65,0,65,0
confirmation,NVDA,2026-08-21,30m,65,0,65,0,65,0,65,0
confirmation,TSLA,2026-08-21,5m,65,0,65,0,65,0,65,0
confirmation,TSLA,2026-08-21,30m,65,0,65,0,65,0,65,0
confirmation,AAPL,2026-08-24,5m,65,0,65,0,65,0,65,0
confirmation,AAPL,2026-08-24,30m,65,0,65,0,65,0,65,0
confirmation,AMZN,2026-08-24,5m,65,0,65,0,65,0,65,0
confirmation,AMZN,2026-08-24,30m,65,0,65,0,65,0,65,0
confirmation,META,2026-08-24,5m,65,0,65,0,65,0,65,0
confirmation,META,2026-08-24,30m,65,0,65,0,65,0,65,0
confirmation,MSFT,2026-08-24,5m,65,0,65,0,65,0,65,0
confirmation,MSFT,2026-08-24,30m,65,0,65,0,65,0,65,0
confirmation,NVDA,2026-08-24,5m,65,0,65,0,65,0,65,0
confirmation,NVDA,2026-08-24,30m,65,0,65,0,65,0,65,0
confirmation,TSLA,2026-08-24,5m,65,0,65,0,65,0,65,0
confirmation,TSLA,2026-08-24,30m,65,0,65,0,65,0,65,0
confirmation,AAPL,2026-08-25,5m,65,0,65,0,65,0,65,0
confirmation,AAPL,2026-08-25,30m,65,0,65,0,65,0,65,0
confirmation,AMZN,2026-08-25,5m,65,0,65,0,65,0,65,0
confirmation,AMZN,2026-08-25,30m,65,0,65,0,65,0,65,0
confirmation,META,2026-08-25,5m,65,0,65,0,65,0,65,0
confirmation,META,2026-08-25,30m,65,0,65,0,65,0,65,0
confirmation,MSFT,2026-08-25,5m,65,0,65,0,65,0,65,0
confirmation,MSFT,2026-08-25,30m,65,0,65,0,65,0,65,0
confirmation,NVDA,2026-08-25,5m,65,0,65,0,65,0,65,0
confirmation,NVDA,2026-08-25,30m,65,0,65,0,65,0,65,0
confirmation,TSLA,2026-08-25,5m,65,0,65,0,65,0,65,0
confirmation,TSLA,2026-08-25,30m,65,0,65,0,65,0,65,0
confirmation,AAPL,2026-08-26,5m,65,0,65,0,65,0,65,0
confirmation,AAPL,2026-08-26,30m,65,0,65,0,65,0,65,0
confirmation,AMZN,2026-08-26,5m,65,0,65,0,65,0,65,0
confirmation,AMZN,2026-08-26,30m,65,0,65,0,65,0,65,0
confirmation,META,2026-08-26,5m,65,0,65,0,65,0,65,0
confirmation,META,2026-08-26,30m,65,0,65,0,65,0,65,0
confirmation,MSFT,2026-08-26,5m,65,0,65,0,65,0,65,0
confirmation,MSFT,2026-08-26,30m,65,0,65,0,65,0,65,0
confirmation,NVDA,2026-08-26,5m,65,0,65,0,65,0,65,0
confirmation,NVDA,2026-08-26,30m,65,0,65,0,65,0,65,0
confirmation,TSLA,2026-08-26,5m,65,0,65,0,65,0,65,0
confirmation,TSLA,2026-08-26,30m,65,0,65,0,65,0,65,0
confirmation,AAPL,2026-08-27,5m,65,0,65,0,65,0,65,0
confirmation,AAPL,2026-08-27,30m,65,0,65,0,65,0,65,0
confirmation,AMZN,2026-08-27,5m,65,0,65,0,65,0,65,0
confirmation,AMZN,2026-08-27,30m,65,0,65,0,65,0,65,0
confirmation,META,2026-08-27,5m,65,0,65,0,65,0,65,0
confirmation,META,2026-08-27,30m,65,0,65,0,65,0,65,0
confirmation,MSFT,2026-08-27,5m,65,0,65,0,65,0,65,0
confirmation,MSFT,2026-08-27,30m,65,0,65,0,65,0,65,0
confirmation,NVDA,2026-08-27,5m,65,0,65,0,65,0,65,0
confirmation,NVDA,2026-08-27,30m,65,0,65,0,65,0,65,0
confirmation,TSLA,2026-08-27,5m,65,0,65,0,65,0,65,0
confirmation,TSLA,2026-08-27,30m,65,0,65,0,65,0,65,0
confirmation,AAPL,2026-08-28,5m,65,0,65,0,65,0,65,0
confirmation,AAPL,2026-08-28,30m,65,0,65,0,65,0,65,0
confirmation,AMZN,2026-08-28,5m,65,0,65,0,65,0,65,0
confirmation,AMZN,2026-08-28,30m,65,0,65,0,65,0,65,0
confirmation,META,2026-08-28,5m,65,0,65,0,65,0,65,0
confirmation,META,2026-08-28,30m,65,0,65,0,65,0,65,0
confirmation,MSFT,2026-08-28,5m,65,0,65,0,65,0,65,0
confirmation,MSFT,2026-08-28,30m,65,0,65,0,65,0,65,0
confirmation,NVDA,2026-08-28,5m,65,0,65,0,65,0,65,0
confirmation,NVDA,2026-08-28,30m,65,0,65,0,65,0,65,0
confirmation,TSLA,2026-08-28,5m,65,0,65,0,65,0,65,0
confirmation,TSLA,2026-08-28,30m,65,0,65,0,65,0,65,0
confirmation,AAPL,2026-08-31,5m,65,0,65,0,65,0,65,0
confirmation,AAPL,2026-08-31,30m,65,0,65,0,65,0,65,0
confirmation,AMZN,2026-08-31,5m,65,0,65,0,65,0,65,0
confirmation,AMZN,2026-08-31,30m,65,0,65,0,65,0,65,0
confirmation,META,2026-08-31,5m,65,0,65,0,65,0,65,0
confirmation,META,2026-08-31,30m,65,0,65,0,65,0,65,0
confirmation,MSFT,2026-08-31,5m,65,0,65,0,65,0,65,0
confirmation,MSFT,2026-08-31,30m,65,0,65,0,65,0,65,0
confirmation,NVDA,2026-08-31,5m,65,0,65,0,65,0,65,0
confirmation,NVDA,2026-08-31,30m,65,0,65,0,65,0,65,0
confirmation,TSLA,2026-08-31,5m,65,0,65,0,65,0,65,0
confirmation,TSLA,2026-08-31,30m,65,0,65,0,65,0,65,0
confirmation,AAPL,2026-09-01,5m,65,0,65,0,65,0,65,0
confirmation,AAPL,2026-09-01,30m,65,0,65,0,65,0,65,0
confirmation,AMZN,2026-09-01,5m,65,0,65,0,65,0,65,0
confirmation,AMZN,2026-09-01,30m,65,0,65,0,65,0,65,0
confirmation,META,2026-09-01,5m,65,0,65,0,65,0,65,0
confirmation,META,2026-09-01,30m,65,0,65,0,65,0,65,0
confirmation,MSFT,2026-09-01,5m,65,0,65,0,65,0,65,0
confirmation,MSFT,2026-09-01,30m,65,0,65,0,65,0,65,0
confirmation,NVDA,2026-09-01,5m,65,0,65,0,65,0,65,0
confirmation,NVDA,2026-09-01,30m,65,0,65,0,65,0,65,0
confirmation,TSLA,2026-09-01,5m,65,0,65,0,65,0,65,0
confirmation,TSLA,2026-09-01,30m,65,0,65,0,65,0,65,0
confirmation,AAPL,2026-09-02,5m,65,0,65,0,65,0,65,0
confirmation,AAPL,2026-09-02,30m,65,0,65,0,65,0,65,0
confirmation,AMZN,2026-09-02,5m,65,0,65,0,65,0,65,0
confirmation,AMZN,2026-09-02,30m,65,0,65,0,65,0,65,0
confirmation,META,2026-09-02,5m,65,0,65,0,65,0,65,0
confirmation,META,2026-09-02,30m,65,0,65,0,65,0,65,0
confirmation,MSFT,2026-09-02,5m,65,0,65,0,65,0,65,0
confirmation,MSFT,2026-09-02,30m,65,0,65,0,65,0,65,0
confirmation,NVDA,2026-09-02,5m,65,0,65,0,65,0,65,0
confirmation,NVDA,2026-09-02,30m,65,0,65,0,65,0,65,0
confirmation,TSLA,2026-09-02,5m,65,0,65,0,65,0,65,0
confirmation,TSLA,2026-09-02,30m,65,0,65,0,65,0,65,0
confirmation,AAPL,2026-09-03,5m,65,0,65,0,65,0,65,0
confirmation,AAPL,2026-09-03,30m,65,0,65,0,65,0,65,0
confirmation,AMZN,2026-09-03,5m,65,0,65,0,65,0,65,0
confirmation,AMZN,2026-09-03,30m,65,0,65,0,65,0,65,0
confirmation,META,2026-09-03,5m,65,0,65,0,65,0,65,0
confirmation,META,2026-09-03,30m,65,0,65,0,65,0,65,0
confirmation,MSFT,2026-09-03,5m,65,0,65,0,65,0,65,0
confirmation,MSFT,2026-09-03,30m,65,0,65,0,65,0,65,0
confirmation,NVDA,2026-09-03,5m,65,0,65,0,65,0,65,0
confirmation,NVDA,2026-09-03,30m,65,0,65,0,65,0,65,0
confirmation,TSLA,2026-09-03,5m,65,0,65,0,65,0,65,0
confirmation,TSLA,2026-09-03,30m,65,0,65,0,65,0,65,0
confirmation,AAPL,2026-09-04,5m,65,0,65,0,65,0,65,0
confirmation,AAPL,2026-09-04,30m,65,0,65,0,65,0,65,0
confirmation,AMZN,2026-09-04,5m,65,0,65,0,65,0,65,0
confirmation,AMZN,2026-09-04,30m,65,0,65,0,65,0,65,0
confirmation,META,2026-09-04,5m,65,0,65,0,65,0,65,0
confirmation,META,2026-09-04,30m,65,0,65,0,65,0,65,0
confirmation,MSFT,2026-09-04,5m,65,0,65,0,65,0,65,0
confirmation,MSFT,2026-09-04,30m,65,0,65,0,65,0,65,0
confirmation,NVDA,2026-09-04,5m,65,0,65,0,65,0,65,0
confirmation,NVDA,2026-09-04,30m,65,0,65,0,65,0,65,0
confirmation,TSLA,2026-09-04,5m,65,0,65,0,65,0,65,0
confirmation,TSLA,2026-09-04,30m,65,0,65,0,65,0,65,0
