window,session,information_set,intercept,slope,attempted_intercept,attempted_slope,rank,calibration_sessions,inner_fit_last_session,selected_num_leaves,selected_rounds,N_calibration_sessions,training_identity_fallback,training_fallback_reason,origin_identity_fallback_count,count_floor,prediction_rows
primary,2024-10-28,B0,-9.451133047422361e-06,1.8981777276729337,-9.451133047422361e-06,1.8981777276729337,2,"[""2024-10-14"", ""2024-10-15"", ""2024-10-16"", ""2024-10-17"", ""2024-10-18"", ""2024-10-21"", ""2024-10-22"", ""2024-10-23"", ""2024-10-24"", ""2024-10-25""]",2024-10-11,31,62,10,False,,0,167,390
primary,2024-10-28,B1,-8.283208049316043e-06,1.7193911516964977,-8.283208049316043e-06,1.7193911516964977,2,"[""2024-10-14"", ""2024-10-15"", ""2024-10-16"", ""2024-10-17"", ""2024-10-18"", ""2024-10-21"", ""2024-10-22"", ""2024-10-23"", ""2024-10-24"", ""2024-10-25""]",2024-10-11,31,87,10,False,,0,60,390
primary,2024-10-28,B2,-7.197871893640937e-06,1.6361772909583467,-7.197871893640937e-06,1.6361772909583467,2,"[""2024-10-14"", ""2024-10-15"", ""2024-10-16"", ""2024-10-17"", ""2024-10-18"", ""2024-10-21"", ""2024-10-22"", ""2024-10-23"", ""2024-10-24"", ""2024-10-25""]",2024-10-11,63,94,10,False,,0,56,390
primary,2024-10-29,B0,-1.0282720961445125e-05,1.9851488028474302,-1.0282720961445125e-05,1.9851488028474302,2,"[""2024-10-15"", ""2024-10-16"", ""2024-10-17"", ""2024-10-18"", ""2024-10-21"", ""2024-10-22"", ""2024-10-23"", ""2024-10-24"", ""2024-10-25"", ""2024-10-28""]",2024-10-14,31,59,10,False,,0,184,390
primary,2024-10-29,B1,-7.811828978474976e-06,1.6551642853524322,-7.811828978474976e-06,1.6551642853524322,2,"[""2024-10-15"", ""2024-10-16"", ""2024-10-17"", ""2024-10-18"", ""2024-10-21"", ""2024-10-22"", ""2024-10-23"", ""2024-10-24"", ""2024-10-25"", ""2024-10-28""]",2024-10-14,31,107,10,False,,0,163,390
primary,2024-10-29,B2,-6.965764450518955e-06,1.5902756901004513,-6.965764450518955e-06,1.5902756901004513,2,"[""2024-10-15"", ""2024-10-16"", ""2024-10-17"", ""2024-10-18"", ""2024-10-21"", ""2024-10-22"", ""2024-10-23"", ""2024-10-24"", ""2024-10-25"", ""2024-10-28""]",2024-10-14,31,121,10,False,,0,137,390
primary,2024-10-30,B0,-6.24463498584797e-06,1.5589696018508759,-6.24463498584797e-06,1.5589696018508759,2,"[""2024-10-16"", ""2024-10-17"", ""2024-10-18"", ""2024-10-21"", ""2024-10-22"", ""2024-10-23"", ""2024-10-24"", ""2024-10-25"", ""2024-10-28"", ""2024-10-29""]",2024-10-15,31,54,10,False,,0,50,390
primary,2024-10-30,B1,-4.001339757529637e-06,1.1959178024295207,-4.001339757529637e-06,1.1959178024295207,2,"[""2024-10-16"", ""2024-10-17"", ""2024-10-18"", ""2024-10-21"", ""2024-10-22"", ""2024-10-23"", ""2024-10-24"", ""2024-10-25"", ""2024-10-28"", ""2024-10-29""]",2024-10-15,15,93,10,False,,0,28,390
primary,2024-10-30,B2,-3.3566068058764375e-06,1.157021068524541,-3.3566068058764375e-06,1.157021068524541,2,"[""2024-10-16"", ""2024-10-17"", ""2024-10-18"", ""2024-10-21"", ""2024-10-22"", ""2024-10-23"", ""2024-10-24"", ""2024-10-25"", ""2024-10-28"", ""2024-10-29""]",2024-10-15,31,78,10,False,,0,17,390
primary,2024-10-31,B0,-5.8390909619179765e-06,1.5564423497607147,-5.8390909619179765e-06,1.5564423497607147,2,"[""2024-10-17"", ""2024-10-18"", ""2024-10-21"", ""2024-10-22"", ""2024-10-23"", ""2024-10-24"", ""2024-10-25"", ""2024-10-28"", ""2024-10-29"", ""2024-10-30""]",2024-10-16,63,57,10,False,,0,11,390
primary,2024-10-31,B1,-3.3821977931842135e-06,1.1952955146390831,-3.3821977931842135e-06,1.1952955146390831,2,"[""2024-10-17"", ""2024-10-18"", ""2024-10-21"", ""2024-10-22"", ""2024-10-23"", ""2024-10-24"", ""2024-10-25"", ""2024-10-28"", ""2024-10-29"", ""2024-10-30""]",2024-10-16,63,83,10,False,,0,0,390
primary,2024-10-31,B2,-3.1290766417740934e-06,1.1657265387924365,-3.1290766417740934e-06,1.1657265387924365,2,"[""2024-10-17"", ""2024-10-18"", ""2024-10-21"", ""2024-10-22"", ""2024-10-23"", ""2024-10-24"", ""2024-10-25"", ""2024-10-28"", ""2024-10-29"", ""2024-10-30""]",2024-10-16,63,120,10,False,,0,0,390
primary,2024-11-01,B0,-3.852171911272783e-06,1.3264028025261956,-3.852171911272783e-06,1.3264028025261956,2,"[""2024-10-18"", ""2024-10-21"", ""2024-10-22"", ""2024-10-23"", ""2024-10-24"", ""2024-10-25"", ""2024-10-28"", ""2024-10-29"", ""2024-10-30"", ""2024-10-31""]",2024-10-17,15,69,10,False,,0,0,390
primary,2024-11-01,B1,-2.0152172669129083e-06,1.0587775059299827,-2.0152172669129083e-06,1.0587775059299827,2,"[""2024-10-18"", ""2024-10-21"", ""2024-10-22"", ""2024-10-23"", ""2024-10-24"", ""2024-10-25"", ""2024-10-28"", ""2024-10-29"", ""2024-10-30"", ""2024-10-31""]",2024-10-17,31,208,10,False,,0,0,390
primary,2024-11-01,B2,-2.0980218189421867e-06,1.082183368406484,-2.0980218189421867e-06,1.082183368406484,2,"[""2024-10-18"", ""2024-10-21"", ""2024-10-22"", ""2024-10-23"", ""2024-10-24"", ""2024-10-25"", ""2024-10-28"", ""2024-10-29"", ""2024-10-30"", ""2024-10-31""]",2024-10-17,63,94,10,False,,0,0,390
primary,2024-11-04,B0,-2.801698350735242e-06,1.2343194284206485,-2.801698350735242e-06,1.2343194284206485,2,"[""2024-10-21"", ""2024-10-22"", ""2024-10-23"", ""2024-10-24"", ""2024-10-25"", ""2024-10-28"", ""2024-10-29"", ""2024-10-30"", ""2024-10-31"", ""2024-11-01""]",2024-10-18,15,68,10,False,,0,1,390
primary,2024-11-04,B1,-2.7321180679250032e-06,1.154867894039754,-2.7321180679250032e-06,1.154867894039754,2,"[""2024-10-21"", ""2024-10-22"", ""2024-10-23"", ""2024-10-24"", ""2024-10-25"", ""2024-10-28"", ""2024-10-29"", ""2024-10-30"", ""2024-10-31"", ""2024-11-01""]",2024-10-18,15,86,10,False,,0,1,390
primary,2024-11-04,B2,-2.5264308628558616e-06,1.1727538566618712,-2.5264308628558616e-06,1.1727538566618712,2,"[""2024-10-21"", ""2024-10-22"", ""2024-10-23"", ""2024-10-24"", ""2024-10-25"", ""2024-10-28"", ""2024-10-29"", ""2024-10-30"", ""2024-10-31"", ""2024-11-01""]",2024-10-18,63,81,10,False,,0,0,390
primary,2024-11-05,B0,-2.6673327935315412e-06,1.2825134813646397,-2.6673327935315412e-06,1.2825134813646397,2,"[""2024-10-22"", ""2024-10-23"", ""2024-10-24"", ""2024-10-25"", ""2024-10-28"", ""2024-10-29"", ""2024-10-30"", ""2024-10-31"", ""2024-11-01"", ""2024-11-04""]",2024-10-21,63,48,10,False,,0,0,390
primary,2024-11-05,B1,-3.280858154134873e-06,1.2485838961607254,-3.280858154134873e-06,1.2485838961607254,2,"[""2024-10-22"", ""2024-10-23"", ""2024-10-24"", ""2024-10-25"", ""2024-10-28"", ""2024-10-29"", ""2024-10-30"", ""2024-10-31"", ""2024-11-01"", ""2024-11-04""]",2024-10-21,31,66,10,False,,0,19,390
primary,2024-11-05,B2,-3.1851515837453075e-06,1.2382233238673193,-3.1851515837453075e-06,1.2382233238673193,2,"[""2024-10-22"", ""2024-10-23"", ""2024-10-24"", ""2024-10-25"", ""2024-10-28"", ""2024-10-29"", ""2024-10-30"", ""2024-10-31"", ""2024-11-01"", ""2024-11-04""]",2024-10-21,31,64,10,False,,0,12,390
primary,2024-11-06,B0,-2.2501920265185304e-06,1.2159548215174099,-2.2501920265185304e-06,1.2159548215174099,2,"[""2024-10-23"", ""2024-10-24"", ""2024-10-25"", ""2024-10-28"", ""2024-10-29"", ""2024-10-30"", ""2024-10-31"", ""2024-11-01"", ""2024-11-04"", ""2024-11-05""]",2024-10-22,31,59,10,False,,0,0,390
primary,2024-11-06,B1,-1.7600959938990525e-06,1.1078503955587986,-1.7600959938990525e-06,1.1078503955587986,2,"[""2024-10-23"", ""2024-10-24"", ""2024-10-25"", ""2024-10-28"", ""2024-10-29"", ""2024-10-30"", ""2024-10-31"", ""2024-11-01"", ""2024-11-04"", ""2024-11-05""]",2024-10-22,15,141,10,False,,0,0,390
primary,2024-11-06,B2,-5.449999647818199e-06,1.4097551372275052,-5.449999647818199e-06,1.4097551372275052,2,"[""2024-10-23"", ""2024-10-24"", ""2024-10-25"", ""2024-10-28"", ""2024-10-29"", ""2024-10-30"", ""2024-10-31"", ""2024-11-01"", ""2024-11-04"", ""2024-11-05""]",2024-10-22,15,61,10,False,,0,30,390
primary,2024-11-07,B0,-1.102076694121716e-06,1.0826115518946284,-1.102076694121716e-06,1.0826115518946284,2,"[""2024-10-24"", ""2024-10-25"", ""2024-10-28"", ""2024-10-29"", ""2024-10-30"", ""2024-10-31"", ""2024-11-01"", ""2024-11-04"", ""2024-11-05"", ""2024-11-06""]",2024-10-23,31,71,10,False,,0,0,390
primary,2024-11-07,B1,-4.940964367786256e-06,1.3008544294786337,-4.940964367786256e-06,1.3008544294786337,2,"[""2024-10-24"", ""2024-10-25"", ""2024-10-28"", ""2024-10-29"", ""2024-10-30"", ""2024-10-31"", ""2024-11-01"", ""2024-11-04"", ""2024-11-05"", ""2024-11-06""]",2024-10-23,15,72,10,False,,0,44,390
primary,2024-11-07,B2,-3.73504086539685e-06,1.2150922386869307,-3.73504086539685e-06,1.2150922386869307,2,"[""2024-10-24"", ""2024-10-25"", ""2024-10-28"", ""2024-10-29"", ""2024-10-30"", ""2024-10-31"", ""2024-11-01"", ""2024-11-04"", ""2024-11-05"", ""2024-11-06""]",2024-10-23,15,81,10,False,,0,9,390
primary,2024-11-08,B0,-1.2309400242319298e-06,1.1131223525775134,-1.2309400242319298e-06,1.1131223525775134,2,"[""2024-10-25"", ""2024-10-28"", ""2024-10-29"", ""2024-10-30"", ""2024-10-31"", ""2024-11-01"", ""2024-11-04"", ""2024-11-05"", ""2024-11-06"", ""2024-11-07""]",2024-10-24,63,63,10,False,,0,0,390
primary,2024-11-08,B1,-1.7834168925817651e-06,1.1025656998342752,-1.7834168925817651e-06,1.1025656998342752,2,"[""2024-10-25"", ""2024-10-28"", ""2024-10-29"", ""2024-10-30"", ""2024-10-31"", ""2024-11-01"", ""2024-11-04"", ""2024-11-05"", ""2024-11-06"", ""2024-11-07""]",2024-10-24,15,221,10,False,,0,10,390
primary,2024-11-08,B2,-1.487563983719882e-06,1.0754634263093805,-1.487563983719882e-06,1.0754634263093805,2,"[""2024-10-25"", ""2024-10-28"", ""2024-10-29"", ""2024-10-30"", ""2024-10-31"", ""2024-11-01"", ""2024-11-04"", ""2024-11-05"", ""2024-11-06"", ""2024-11-07""]",2024-10-24,15,219,10,False,,0,0,390
primary,2024-11-11,B0,-2.7525225557158077e-06,1.2357835489166922,-2.7525225557158077e-06,1.2357835489166922,2,"[""2024-10-28"", ""2024-10-29"", ""2024-10-30"", ""2024-10-31"", ""2024-11-01"", ""2024-11-04"", ""2024-11-05"", ""2024-11-06"", ""2024-11-07"", ""2024-11-08""]",2024-10-25,31,108,10,False,,0,25,390
primary,2024-11-11,B1,-3.7503775618447633e-06,1.2955733607370503,-3.7503775618447633e-06,1.2955733607370503,2,"[""2024-10-28"", ""2024-10-29"", ""2024-10-30"", ""2024-10-31"", ""2024-11-01"", ""2024-11-04"", ""2024-11-05"", ""2024-11-06"", ""2024-11-07"", ""2024-11-08""]",2024-10-25,15,174,10,False,,0,73,390
primary,2024-11-11,B2,-5.251973965886e-06,1.3982731594293525,-5.251973965886e-06,1.3982731594293525,2,"[""2024-10-28"", ""2024-10-29"", ""2024-10-30"", ""2024-10-31"", ""2024-11-01"", ""2024-11-04"", ""2024-11-05"", ""2024-11-06"", ""2024-11-07"", ""2024-11-08""]",2024-10-25,15,108,10,False,,0,100,390
primary,2024-11-12,B0,-8.452087139333717e-06,1.7289376306812352,-8.452087139333717e-06,1.7289376306812352,2,"[""2024-10-29"", ""2024-10-30"", ""2024-10-31"", ""2024-11-01"", ""2024-11-04"", ""2024-11-05"", ""2024-11-06"", ""2024-11-07"", ""2024-11-08"", ""2024-11-11""]",2024-10-28,31,112,10,False,,0,113,390
primary,2024-11-12,B1,-9.902723495366439e-06,1.8590775241393442,-9.902723495366439e-06,1.8590775241393442,2,"[""2024-10-29"", ""2024-10-30"", ""2024-10-31"", ""2024-11-01"", ""2024-11-04"", ""2024-11-05"", ""2024-11-06"", ""2024-11-07"", ""2024-11-08"", ""2024-11-11""]",2024-10-28,31,106,10,False,,0,139,390
primary,2024-11-12,B2,-1.0146500357286056e-05,1.8724028188597432,-1.0146500357286056e-05,1.8724028188597432,2,"[""2024-10-29"", ""2024-10-30"", ""2024-10-31"", ""2024-11-01"", ""2024-11-04"", ""2024-11-05"", ""2024-11-06"", ""2024-11-07"", ""2024-11-08"", ""2024-11-11""]",2024-10-28,31,126,10,False,,0,136,390
primary,2024-11-13,B0,-1.0928150491554896e-05,1.887008288875942,-1.0928150491554896e-05,1.887008288875942,2,"[""2024-10-30"", ""2024-10-31"", ""2024-11-01"", ""2024-11-04"", ""2024-11-05"", ""2024-11-06"", ""2024-11-07"", ""2024-11-08"", ""2024-11-11"", ""2024-11-12""]",2024-10-29,15,142,10,False,,0,103,390
primary,2024-11-13,B1,-1.2693697847311003e-05,2.034363130990817,-1.2693697847311003e-05,2.034363130990817,2,"[""2024-10-30"", ""2024-10-31"", ""2024-11-01"", ""2024-11-04"", ""2024-11-05"", ""2024-11-06"", ""2024-11-07"", ""2024-11-08"", ""2024-11-11"", ""2024-11-12""]",2024-10-29,15,113,10,False,,0,108,390
primary,2024-11-13,B2,-1.219884708381834e-05,1.9899995538883843,-1.219884708381834e-05,1.9899995538883843,2,"[""2024-10-30"", ""2024-10-31"", ""2024-11-01"", ""2024-11-04"", ""2024-11-05"", ""2024-11-06"", ""2024-11-07"", ""2024-11-08"", ""2024-11-11"", ""2024-11-12""]",2024-10-29,15,153,10,False,,0,106,390
primary,2024-11-14,B0,-1.2278535966363947e-05,1.95839871237116,-1.2278535966363947e-05,1.95839871237116,2,"[""2024-10-31"", ""2024-11-01"", ""2024-11-04"", ""2024-11-05"", ""2024-11-06"", ""2024-11-07"", ""2024-11-08"", ""2024-11-11"", ""2024-11-12"", ""2024-11-13""]",2024-10-30,15,112,10,False,,0,109,390
primary,2024-11-14,B1,-1.3959558199578797e-05,2.1029389251001698,-1.3959558199578797e-05,2.1029389251001698,2,"[""2024-10-31"", ""2024-11-01"", ""2024-11-04"", ""2024-11-05"", ""2024-11-06"", ""2024-11-07"", ""2024-11-08"", ""2024-11-11"", ""2024-11-12"", ""2024-11-13""]",2024-10-30,15,105,10,False,,0,114,390
primary,2024-11-14,B2,-1.3824160001601053e-05,2.1057563487270605,-1.3824160001601053e-05,2.1057563487270605,2,"[""2024-10-31"", ""2024-11-01"", ""2024-11-04"", ""2024-11-05"", ""2024-11-06"", ""2024-11-07"", ""2024-11-08"", ""2024-11-11"", ""2024-11-12"", ""2024-11-13""]",2024-10-30,15,130,10,False,,0,126,390
primary,2024-11-15,B0,-1.2399112142778368e-05,2.017515353039177,-1.2399112142778368e-05,2.017515353039177,2,"[""2024-11-01"", ""2024-11-04"", ""2024-11-05"", ""2024-11-06"", ""2024-11-07"", ""2024-11-08"", ""2024-11-11"", ""2024-11-12"", ""2024-11-13"", ""2024-11-14""]",2024-10-31,31,106,10,False,,0,103,390
primary,2024-11-15,B1,-1.5577996280417228e-05,2.2631137818873523,-1.5577996280417228e-05,2.2631137818873523,2,"[""2024-11-01"", ""2024-11-04"", ""2024-11-05"", ""2024-11-06"", ""2024-11-07"", ""2024-11-08"", ""2024-11-11"", ""2024-11-12"", ""2024-11-13"", ""2024-11-14""]",2024-10-31,15,95,10,False,,0,110,390
primary,2024-11-15,B2,-1.571879444027895e-05,2.3002477113425805,-1.571879444027895e-05,2.3002477113425805,2,"[""2024-11-01"", ""2024-11-04"", ""2024-11-05"", ""2024-11-06"", ""2024-11-07"", ""2024-11-08"", ""2024-11-11"", ""2024-11-12"", ""2024-11-13"", ""2024-11-14""]",2024-10-31,31,110,10,False,,0,107,390
primary,2024-11-18,B0,-1.0392475817525542e-05,1.8745070515691171,-1.0392475817525542e-05,1.8745070515691171,2,"[""2024-11-04"", ""2024-11-05"", ""2024-11-06"", ""2024-11-07"", ""2024-11-08"", ""2024-11-11"", ""2024-11-12"", ""2024-11-13"", ""2024-11-14"", ""2024-11-15""]",2024-11-01,31,126,10,False,,0,141,390
primary,2024-11-18,B1,-1.4823573829536393e-05,2.215992016940284,-1.4823573829536393e-05,2.215992016940284,2,"[""2024-11-04"", ""2024-11-05"", ""2024-11-06"", ""2024-11-07"", ""2024-11-08"", ""2024-11-11"", ""2024-11-12"", ""2024-11-13"", ""2024-11-14"", ""2024-11-15""]",2024-11-01,31,89,10,False,,0,183,390
primary,2024-11-18,B2,-1.5936061143739118e-05,2.3236177820784354,-1.5936061143739118e-05,2.3236177820784354,2,"[""2024-11-04"", ""2024-11-05"", ""2024-11-06"", ""2024-11-07"", ""2024-11-08"", ""2024-11-11"", ""2024-11-12"", ""2024-11-13"", ""2024-11-14"", ""2024-11-15""]",2024-11-01,63,88,10,False,,0,186,390
primary,2024-11-19,B0,-1.2476896228544703e-05,2.0074897444648303,-1.2476896228544703e-05,2.0074897444648303,2,"[""2024-11-05"", ""2024-11-06"", ""2024-11-07"", ""2024-11-08"", ""2024-11-11"", ""2024-11-12"", ""2024-11-13"", ""2024-11-14"", ""2024-11-15"", ""2024-11-18""]",2024-11-04,31,108,10,False,,0,185,390
primary,2024-11-19,B1,-1.4673856802810389e-05,2.1749326970173044,-1.4673856802810389e-05,2.1749326970173044,2,"[""2024-11-05"", ""2024-11-06"", ""2024-11-07"", ""2024-11-08"", ""2024-11-11"", ""2024-11-12"", ""2024-11-13"", ""2024-11-14"", ""2024-11-15"", ""2024-11-18""]",2024-11-04,15,88,10,False,,0,188,390
primary,2024-11-19,B2,-1.5706859734560492e-05,2.2549206415884986,-1.5706859734560492e-05,2.2549206415884986,2,"[""2024-11-05"", ""2024-11-06"", ""2024-11-07"", ""2024-11-08"", ""2024-11-11"", ""2024-11-12"", ""2024-11-13"", ""2024-11-14"", ""2024-11-15"", ""2024-11-18""]",2024-11-04,31,105,10,False,,0,195,390
primary,2024-11-20,B0,-1.5281278125753996e-05,2.1211632146570003,-1.5281278125753996e-05,2.1211632146570003,2,"[""2024-11-06"", ""2024-11-07"", ""2024-11-08"", ""2024-11-11"", ""2024-11-12"", ""2024-11-13"", ""2024-11-14"", ""2024-11-15"", ""2024-11-18"", ""2024-11-19""]",2024-11-05,15,134,10,False,,0,157,390
primary,2024-11-20,B1,-1.7329957123808723e-05,2.2983023893127084,-1.7329957123808723e-05,2.2983023893127084,2,"[""2024-11-06"", ""2024-11-07"", ""2024-11-08"", ""2024-11-11"", ""2024-11-12"", ""2024-11-13"", ""2024-11-14"", ""2024-11-15"", ""2024-11-18"", ""2024-11-19""]",2024-11-05,15,100,10,False,,0,155,390
primary,2024-11-20,B2,-1.9405441145312203e-05,2.460740267214282,-1.9405441145312203e-05,2.460740267214282,2,"[""2024-11-06"", ""2024-11-07"", ""2024-11-08"", ""2024-11-11"", ""2024-11-12"", ""2024-11-13"", ""2024-11-14"", ""2024-11-15"", ""2024-11-18"", ""2024-11-19""]",2024-11-05,15,92,10,False,,0,168,390
primary,2024-11-21,B0,-1.6814307236993637e-05,2.2715932066103868,-1.6814307236993637e-05,2.2715932066103868,2,"[""2024-11-07"", ""2024-11-08"", ""2024-11-11"", ""2024-11-12"", ""2024-11-13"", ""2024-11-14"", ""2024-11-15"", ""2024-11-18"", ""2024-11-19"", ""2024-11-20""]",2024-11-06,31,107,10,False,,0,97,390
primary,2024-11-21,B1,-1.906390963675608e-05,2.475049196724337,-1.906390963675608e-05,2.475049196724337,2,"[""2024-11-07"", ""2024-11-08"", ""2024-11-11"", ""2024-11-12"", ""2024-11-13"", ""2024-11-14"", ""2024-11-15"", ""2024-11-18"", ""2024-11-19"", ""2024-11-20""]",2024-11-06,15,88,10,False,,0,104,390
primary,2024-11-21,B2,-1.8260745683818578e-05,2.420929814258996,-1.8260745683818578e-05,2.420929814258996,2,"[""2024-11-07"", ""2024-11-08"", ""2024-11-11"", ""2024-11-12"", ""2024-11-13"", ""2024-11-14"", ""2024-11-15"", ""2024-11-18"", ""2024-11-19"", ""2024-11-20""]",2024-11-06,15,102,10,False,,0,104,390
primary,2024-11-22,B0,-9.564050281402021e-06,1.8124276602906955,-9.564050281402021e-06,1.8124276602906955,2,"[""2024-11-08"", ""2024-11-11"", ""2024-11-12"", ""2024-11-13"", ""2024-11-14"", ""2024-11-15"", ""2024-11-18"", ""2024-11-19"", ""2024-11-20"", ""2024-11-21""]",2024-11-07,15,124,10,False,,0,108,390
primary,2024-11-22,B1,-1.1857129419024597e-05,2.0341067449950807,-1.1857129419024597e-05,2.0341067449950807,2,"[""2024-11-08"", ""2024-11-11"", ""2024-11-12"", ""2024-11-13"", ""2024-11-14"", ""2024-11-15"", ""2024-11-18"", ""2024-11-19"", ""2024-11-20"", ""2024-11-21""]",2024-11-07,15,83,10,False,,0,161,390
primary,2024-11-22,B2,-1.0078493834015155e-05,1.9072958213356583,-1.0078493834015155e-05,1.9072958213356583,2,"[""2024-11-08"", ""2024-11-11"", ""2024-11-12"", ""2024-11-13"", ""2024-11-14"", ""2024-11-15"", ""2024-11-18"", ""2024-11-19"", ""2024-11-20"", ""2024-11-21""]",2024-11-07,15,104,10,False,,0,137,390
primary,2024-11-25,B0,-1.1690338981243437e-05,1.8169944779203588,-1.1690338981243437e-05,1.8169944779203588,2,"[""2024-11-11"", ""2024-11-12"", ""2024-11-13"", ""2024-11-14"", ""2024-11-15"", ""2024-11-18"", ""2024-11-19"", ""2024-11-20"", ""2024-11-21"", ""2024-11-22""]",2024-11-08,15,138,10,False,,0,161,390
primary,2024-11-25,B1,-1.1974071195718796e-05,1.9187371612954673,-1.1974071195718796e-05,1.9187371612954673,2,"[""2024-11-11"", ""2024-11-12"", ""2024-11-13"", ""2024-11-14"", ""2024-11-15"", ""2024-11-18"", ""2024-11-19"", ""2024-11-20"", ""2024-11-21"", ""2024-11-22""]",2024-11-08,15,89,10,False,,0,163,390
primary,2024-11-25,B2,-1.1136784952890598e-05,1.8942412685002659,-1.1136784952890598e-05,1.8942412685002659,2,"[""2024-11-11"", ""2024-11-12"", ""2024-11-13"", ""2024-11-14"", ""2024-11-15"", ""2024-11-18"", ""2024-11-19"", ""2024-11-20"", ""2024-11-21"", ""2024-11-22""]",2024-11-08,15,116,10,False,,0,148,390
primary,2024-11-26,B0,-6.519780667986338e-06,1.490181314301814,-6.519780667986338e-06,1.490181314301814,2,"[""2024-11-12"", ""2024-11-13"", ""2024-11-14"", ""2024-11-15"", ""2024-11-18"", ""2024-11-19"", ""2024-11-20"", ""2024-11-21"", ""2024-11-22"", ""2024-11-25""]",2024-11-11,15,120,10,False,,0,92,390
primary,2024-11-26,B1,-7.5842757695488046e-06,1.5845494928750958,-7.5842757695488046e-06,1.5845494928750958,2,"[""2024-11-12"", ""2024-11-13"", ""2024-11-14"", ""2024-11-15"", ""2024-11-18"", ""2024-11-19"", ""2024-11-20"", ""2024-11-21"", ""2024-11-22"", ""2024-11-25""]",2024-11-11,15,90,10,False,,0,102,390
primary,2024-11-26,B2,-8.06093565594887e-06,1.5909017281981335,-8.06093565594887e-06,1.5909017281981335,2,"[""2024-11-12"", ""2024-11-13"", ""2024-11-14"", ""2024-11-15"", ""2024-11-18"", ""2024-11-19"", ""2024-11-20"", ""2024-11-21"", ""2024-11-22"", ""2024-11-25""]",2024-11-11,15,97,10,False,,0,113,390
primary,2024-11-27,B0,-8.381783097686545e-06,1.5506342940969269,-8.381783097686545e-06,1.5506342940969269,2,"[""2024-11-13"", ""2024-11-14"", ""2024-11-15"", ""2024-11-18"", ""2024-11-19"", ""2024-11-20"", ""2024-11-21"", ""2024-11-22"", ""2024-11-25"", ""2024-11-26""]",2024-11-12,15,127,10,False,,0,123,390
primary,2024-11-27,B1,-7.962211004834537e-06,1.546809883201645,-7.962211004834537e-06,1.546809883201645,2,"[""2024-11-13"", ""2024-11-14"", ""2024-11-15"", ""2024-11-18"", ""2024-11-19"", ""2024-11-20"", ""2024-11-21"", ""2024-11-22"", ""2024-11-25"", ""2024-11-26""]",2024-11-12,15,105,10,False,,0,124,390
primary,2024-11-27,B2,-9.643836719796092e-06,1.6904873829655973,-9.643836719796092e-06,1.6904873829655973,2,"[""2024-11-13"", ""2024-11-14"", ""2024-11-15"", ""2024-11-18"", ""2024-11-19"", ""2024-11-20"", ""2024-11-21"", ""2024-11-22"", ""2024-11-25"", ""2024-11-26""]",2024-11-12,15,87,10,False,,0,147,390
primary,2024-11-29,B0,-9.765235164662434e-06,1.6990954507860159,-9.765235164662434e-06,1.6990954507860159,2,"[""2024-11-14"", ""2024-11-15"", ""2024-11-18"", ""2024-11-19"", ""2024-11-20"", ""2024-11-21"", ""2024-11-22"", ""2024-11-25"", ""2024-11-26"", ""2024-11-27""]",2024-11-13,15,75,10,False,,0,62,174
primary,2024-11-29,B1,-6.890324359726706e-06,1.4136455479018135,-6.890324359726706e-06,1.4136455479018135,2,"[""2024-11-14"", ""2024-11-15"", ""2024-11-18"", ""2024-11-19"", ""2024-11-20"", ""2024-11-21"", ""2024-11-22"", ""2024-11-25"", ""2024-11-26"", ""2024-11-27""]",2024-11-13,15,178,10,False,,0,43,174
primary,2024-11-29,B2,-7.142993621911403e-06,1.466435698160601,-7.142993621911403e-06,1.466435698160601,2,"[""2024-11-14"", ""2024-11-15"", ""2024-11-18"", ""2024-11-19"", ""2024-11-20"", ""2024-11-21"", ""2024-11-22"", ""2024-11-25"", ""2024-11-26"", ""2024-11-27""]",2024-11-13,15,136,10,False,,0,48,174
primary,2024-12-02,B0,-7.5704669845724616e-06,1.4857878089720193,-7.5704669845724616e-06,1.4857878089720193,2,"[""2024-11-15"", ""2024-11-18"", ""2024-11-19"", ""2024-11-20"", ""2024-11-21"", ""2024-11-22"", ""2024-11-25"", ""2024-11-26"", ""2024-11-27"", ""2024-11-29""]",2024-11-14,31,99,10,False,,0,160,390
primary,2024-12-02,B1,-6.196712287865335e-06,1.3442459898706647,-6.196712287865335e-06,1.3442459898706647,2,"[""2024-11-15"", ""2024-11-18"", ""2024-11-19"", ""2024-11-20"", ""2024-11-21"", ""2024-11-22"", ""2024-11-25"", ""2024-11-26"", ""2024-11-27"", ""2024-11-29""]",2024-11-14,15,126,10,False,,0,126,390
primary,2024-12-02,B2,-7.656270135506445e-06,1.4888644600614203,-7.656270135506445e-06,1.4888644600614203,2,"[""2024-11-15"", ""2024-11-18"", ""2024-11-19"", ""2024-11-20"", ""2024-11-21"", ""2024-11-22"", ""2024-11-25"", ""2024-11-26"", ""2024-11-27"", ""2024-11-29""]",2024-11-14,15,96,10,False,,0,136,390
primary,2024-12-03,B0,-4.814918797148892e-06,1.3296871455738006,-4.814918797148892e-06,1.3296871455738006,2,"[""2024-11-18"", ""2024-11-19"", ""2024-11-20"", ""2024-11-21"", ""2024-11-22"", ""2024-11-25"", ""2024-11-26"", ""2024-11-27"", ""2024-11-29"", ""2024-12-02""]",2024-11-15,15,91,10,False,,0,82,390
primary,2024-12-03,B1,-5.351061652128755e-06,1.3133264671077087,-5.351061652128755e-06,1.3133264671077087,2,"[""2024-11-18"", ""2024-11-19"", ""2024-11-20"", ""2024-11-21"", ""2024-11-22"", ""2024-11-25"", ""2024-11-26"", ""2024-11-27"", ""2024-11-29"", ""2024-12-02""]",2024-11-15,31,99,10,False,,0,96,390
primary,2024-12-03,B2,-7.348312884252241e-06,1.4660555959786892,-7.348312884252241e-06,1.4660555959786892,2,"[""2024-11-18"", ""2024-11-19"", ""2024-11-20"", ""2024-11-21"", ""2024-11-22"", ""2024-11-25"", ""2024-11-26"", ""2024-11-27"", ""2024-11-29"", ""2024-12-02""]",2024-11-15,15,82,10,False,,0,119,390
primary,2024-12-04,B0,-4.094136692931646e-06,1.29216915361922,-4.094136692931646e-06,1.29216915361922,2,"[""2024-11-19"", ""2024-11-20"", ""2024-11-21"", ""2024-11-22"", ""2024-11-25"", ""2024-11-26"", ""2024-11-27"", ""2024-11-29"", ""2024-12-02"", ""2024-12-03""]",2024-11-18,31,93,10,False,,0,31,390
primary,2024-12-04,B1,-4.534892681977048e-06,1.2836616931946818,-4.534892681977048e-06,1.2836616931946818,2,"[""2024-11-19"", ""2024-11-20"", ""2024-11-21"", ""2024-11-22"", ""2024-11-25"", ""2024-11-26"", ""2024-11-27"", ""2024-11-29"", ""2024-12-02"", ""2024-12-03""]",2024-11-18,31,112,10,False,,0,47,390
primary,2024-12-04,B2,-6.589565938424498e-06,1.4634783782812606,-6.589565938424498e-06,1.4634783782812606,2,"[""2024-11-19"", ""2024-11-20"", ""2024-11-21"", ""2024-11-22"", ""2024-11-25"", ""2024-11-26"", ""2024-11-27"", ""2024-11-29"", ""2024-12-02"", ""2024-12-03""]",2024-11-18,15,73,10,False,,0,80,390
primary,2024-12-05,B0,-2.878062526999179e-06,1.2025401536448794,-2.878062526999179e-06,1.2025401536448794,2,"[""2024-11-20"", ""2024-11-21"", ""2024-11-22"", ""2024-11-25"", ""2024-11-26"", ""2024-11-27"", ""2024-11-29"", ""2024-12-02"", ""2024-12-03"", ""2024-12-04""]",2024-11-19,31,149,10,False,,0,15,390
primary,2024-12-05,B1,-5.631016371488994e-06,1.4444050294960384,-5.631016371488994e-06,1.4444050294960384,2,"[""2024-11-20"", ""2024-11-21"", ""2024-11-22"", ""2024-11-25"", ""2024-11-26"", ""2024-11-27"", ""2024-11-29"", ""2024-12-02"", ""2024-12-03"", ""2024-12-04""]",2024-11-19,63,81,10,False,,0,43,390
primary,2024-12-05,B2,-5.7124709193820966e-06,1.3914252616649294,-5.7124709193820966e-06,1.3914252616649294,2,"[""2024-11-20"", ""2024-11-21"", ""2024-11-22"", ""2024-11-25"", ""2024-11-26"", ""2024-11-27"", ""2024-11-29"", ""2024-12-02"", ""2024-12-03"", ""2024-12-04""]",2024-11-19,15,92,10,False,,0,49,390
primary,2024-12-06,B0,-4.056559697199141e-06,1.2917180405180628,-4.056559697199141e-06,1.2917180405180628,2,"[""2024-11-21"", ""2024-11-22"", ""2024-11-25"", ""2024-11-26"", ""2024-11-27"", ""2024-11-29"", ""2024-12-02"", ""2024-12-03"", ""2024-12-04"", ""2024-12-05""]",2024-11-20,15,98,10,False,,0,59,390
primary,2024-12-06,B1,-5.165538252657329e-06,1.3824616943968064,-5.165538252657329e-06,1.3824616943968064,2,"[""2024-11-21"", ""2024-11-22"", ""2024-11-25"", ""2024-11-26"", ""2024-11-27"", ""2024-11-29"", ""2024-12-02"", ""2024-12-03"", ""2024-12-04"", ""2024-12-05""]",2024-11-20,63,106,10,False,,0,79,390
primary,2024-12-06,B2,-6.033635842201374e-06,1.4209134308620541,-6.033635842201374e-06,1.4209134308620541,2,"[""2024-11-21"", ""2024-11-22"", ""2024-11-25"", ""2024-11-26"", ""2024-11-27"", ""2024-11-29"", ""2024-12-02"", ""2024-12-03"", ""2024-12-04"", ""2024-12-05""]",2024-11-20,15,131,10,False,,0,96,390
primary,2024-12-09,B0,-1.669635588840863e-06,1.1165221401990857,-1.669635588840863e-06,1.1165221401990857,2,"[""2024-11-22"", ""2024-11-25"", ""2024-11-26"", ""2024-11-27"", ""2024-11-29"", ""2024-12-02"", ""2024-12-03"", ""2024-12-04"", ""2024-12-05"", ""2024-12-06""]",2024-11-21,31,76,10,False,,0,0,390
primary,2024-12-09,B1,-4.4153742036367196e-06,1.318942445272523,-4.4153742036367196e-06,1.318942445272523,2,"[""2024-11-22"", ""2024-11-25"", ""2024-11-26"", ""2024-11-27"", ""2024-11-29"", ""2024-12-02"", ""2024-12-03"", ""2024-12-04"", ""2024-12-05"", ""2024-12-06""]",2024-11-21,31,198,10,False,,0,39,390
primary,2024-12-09,B2,-5.080569463761505e-06,1.354727816726728,-5.080569463761505e-06,1.354727816726728,2,"[""2024-11-22"", ""2024-11-25"", ""2024-11-26"", ""2024-11-27"", ""2024-11-29"", ""2024-12-02"", ""2024-12-03"", ""2024-12-04"", ""2024-12-05"", ""2024-12-06""]",2024-11-21,31,93,10,False,,0,35,390
primary,2024-12-10,B0,-3.003367405290814e-06,1.2451462035926972,-3.003367405290814e-06,1.2451462035926972,2,"[""2024-11-25"", ""2024-11-26"", ""2024-11-27"", ""2024-11-29"", ""2024-12-02"", ""2024-12-03"", ""2024-12-04"", ""2024-12-05"", ""2024-12-06"", ""2024-12-09""]",2024-11-22,31,74,10,False,,0,2,390
primary,2024-12-10,B1,-5.126197532237185e-06,1.3705799154823382,-5.126197532237185e-06,1.3705799154823382,2,"[""2024-11-25"", ""2024-11-26"", ""2024-11-27"", ""2024-11-29"", ""2024-12-02"", ""2024-12-03"", ""2024-12-04"", ""2024-12-05"", ""2024-12-06"", ""2024-12-09""]",2024-11-22,15,240,10,False,,0,38,390
primary,2024-12-10,B2,-5.7391013078573325e-06,1.4221129954221365,-5.7391013078573325e-06,1.4221129954221365,2,"[""2024-11-25"", ""2024-11-26"", ""2024-11-27"", ""2024-11-29"", ""2024-12-02"", ""2024-12-03"", ""2024-12-04"", ""2024-12-05"", ""2024-12-06"", ""2024-12-09""]",2024-11-22,15,97,10,False,,0,44,390
primary,2024-12-11,B0,-4.7510083622344845e-06,1.3839076637645598,-4.7510083622344845e-06,1.3839076637645598,2,"[""2024-11-26"", ""2024-11-27"", ""2024-11-29"", ""2024-12-02"", ""2024-12-03"", ""2024-12-04"", ""2024-12-05"", ""2024-12-06"", ""2024-12-09"", ""2024-12-10""]",2024-11-25,15,82,10,False,,0,66,390
primary,2024-12-11,B1,-4.776043992045448e-06,1.3483590548762854,-4.776043992045448e-06,1.3483590548762854,2,"[""2024-11-26"", ""2024-11-27"", ""2024-11-29"", ""2024-12-02"", ""2024-12-03"", ""2024-12-04"", ""2024-12-05"", ""2024-12-06"", ""2024-12-09"", ""2024-12-10""]",2024-11-25,15,110,10,False,,0,62,390
primary,2024-12-11,B2,-5.369544345405222e-06,1.371701736078225,-5.369544345405222e-06,1.371701736078225,2,"[""2024-11-26"", ""2024-11-27"", ""2024-11-29"", ""2024-12-02"", ""2024-12-03"", ""2024-12-04"", ""2024-12-05"", ""2024-12-06"", ""2024-12-09"", ""2024-12-10""]",2024-11-25,15,137,10,False,,0,73,390
primary,2024-12-12,B0,-3.404920218380712e-06,1.2697498929071664,-3.404920218380712e-06,1.2697498929071664,2,"[""2024-11-27"", ""2024-11-29"", ""2024-12-02"", ""2024-12-03"", ""2024-12-04"", ""2024-12-05"", ""2024-12-06"", ""2024-12-09"", ""2024-12-10"", ""2024-12-11""]",2024-11-26,15,152,10,False,,0,34,390
primary,2024-12-12,B1,-3.3066669609770055e-06,1.2031034450201128,-3.3066669609770055e-06,1.2031034450201128,2,"[""2024-11-27"", ""2024-11-29"", ""2024-12-02"", ""2024-12-03"", ""2024-12-04"", ""2024-12-05"", ""2024-12-06"", ""2024-12-09"", ""2024-12-10"", ""2024-12-11""]",2024-11-26,15,158,10,False,,0,12,390
primary,2024-12-12,B2,-4.038730803956154e-06,1.2598131861189619,-4.038730803956154e-06,1.2598131861189619,2,"[""2024-11-27"", ""2024-11-29"", ""2024-12-02"", ""2024-12-03"", ""2024-12-04"", ""2024-12-05"", ""2024-12-06"", ""2024-12-09"", ""2024-12-10"", ""2024-12-11""]",2024-11-26,15,146,10,False,,0,28,390
primary,2024-12-13,B0,-5.1262164425547e-06,1.424965568007594,-5.1262164425547e-06,1.424965568007594,2,"[""2024-11-29"", ""2024-12-02"", ""2024-12-03"", ""2024-12-04"", ""2024-12-05"", ""2024-12-06"", ""2024-12-09"", ""2024-12-10"", ""2024-12-11"", ""2024-12-12""]",2024-11-27,31,67,10,False,,0,65,390
primary,2024-12-13,B1,-5.750872820262922e-06,1.4343871367368264,-5.750872820262922e-06,1.4343871367368264,2,"[""2024-11-29"", ""2024-12-02"", ""2024-12-03"", ""2024-12-04"", ""2024-12-05"", ""2024-12-06"", ""2024-12-09"", ""2024-12-10"", ""2024-12-11"", ""2024-12-12""]",2024-11-27,31,63,10,False,,0,81,390
primary,2024-12-13,B2,-4.141290877976789e-06,1.26065306537209,-4.141290877976789e-06,1.26065306537209,2,"[""2024-11-29"", ""2024-12-02"", ""2024-12-03"", ""2024-12-04"", ""2024-12-05"", ""2024-12-06"", ""2024-12-09"", ""2024-12-10"", ""2024-12-11"", ""2024-12-12""]",2024-11-27,63,89,10,False,,0,48,390
primary,2024-12-16,B0,-3.0440888532924084e-06,1.2476381529586846,-3.0440888532924084e-06,1.2476381529586846,2,"[""2024-12-02"", ""2024-12-03"", ""2024-12-04"", ""2024-12-05"", ""2024-12-06"", ""2024-12-09"", ""2024-12-10"", ""2024-12-11"", ""2024-12-12"", ""2024-12-13""]",2024-11-29,31,137,10,False,,0,35,390
primary,2024-12-16,B1,-4.169831150759383e-06,1.2800052615540272,-4.169831150759383e-06,1.2800052615540272,2,"[""2024-12-02"", ""2024-12-03"", ""2024-12-04"", ""2024-12-05"", ""2024-12-06"", ""2024-12-09"", ""2024-12-10"", ""2024-12-11"", ""2024-12-12"", ""2024-12-13""]",2024-11-29,63,137,10,False,,0,66,390
primary,2024-12-16,B2,-5.2842033854287385e-06,1.3596468057494593,-5.2842033854287385e-06,1.3596468057494593,2,"[""2024-12-02"", ""2024-12-03"", ""2024-12-04"", ""2024-12-05"", ""2024-12-06"", ""2024-12-09"", ""2024-12-10"", ""2024-12-11"", ""2024-12-12"", ""2024-12-13""]",2024-11-29,15,85,10,False,,0,82,390
primary,2024-12-17,B0,-4.313462576841263e-06,1.3541712437842135,-4.313462576841263e-06,1.3541712437842135,2,"[""2024-12-03"", ""2024-12-04"", ""2024-12-05"", ""2024-12-06"", ""2024-12-09"", ""2024-12-10"", ""2024-12-11"", ""2024-12-12"", ""2024-12-13"", ""2024-12-16""]",2024-12-02,63,96,10,False,,0,42,390
primary,2024-12-17,B1,-4.478259743864551e-06,1.309666207610745,-4.478259743864551e-06,1.309666207610745,2,"[""2024-12-03"", ""2024-12-04"", ""2024-12-05"", ""2024-12-06"", ""2024-12-09"", ""2024-12-10"", ""2024-12-11"", ""2024-12-12"", ""2024-12-13"", ""2024-12-16""]",2024-12-02,63,139,10,False,,0,64,390
primary,2024-12-17,B2,-4.150584718727841e-06,1.2703882005338392,-4.150584718727841e-06,1.2703882005338392,2,"[""2024-12-03"", ""2024-12-04"", ""2024-12-05"", ""2024-12-06"", ""2024-12-09"", ""2024-12-10"", ""2024-12-11"", ""2024-12-12"", ""2024-12-13"", ""2024-12-16""]",2024-12-02,63,113,10,False,,0,57,390
primary,2024-12-18,B0,-4.3209143779192674e-06,1.3349557493274775,-4.3209143779192674e-06,1.3349557493274775,2,"[""2024-12-04"", ""2024-12-05"", ""2024-12-06"", ""2024-12-09"", ""2024-12-10"", ""2024-12-11"", ""2024-12-12"", ""2024-12-13"", ""2024-12-16"", ""2024-12-17""]",2024-12-03,31,125,10,False,,0,27,390
primary,2024-12-18,B1,-9.472885670433143e-06,1.660432845167188,-9.472885670433143e-06,1.660432845167188,2,"[""2024-12-04"", ""2024-12-05"", ""2024-12-06"", ""2024-12-09"", ""2024-12-10"", ""2024-12-11"", ""2024-12-12"", ""2024-12-13"", ""2024-12-16"", ""2024-12-17""]",2024-12-03,31,99,10,False,,0,82,390
primary,2024-12-18,B2,-8.230381037002341e-06,1.551852130711571,-8.230381037002341e-06,1.551852130711571,2,"[""2024-12-04"", ""2024-12-05"", ""2024-12-06"", ""2024-12-09"", ""2024-12-10"", ""2024-12-11"", ""2024-12-12"", ""2024-12-13"", ""2024-12-16"", ""2024-12-17""]",2024-12-03,63,103,10,False,,0,82,390
primary,2024-12-19,B0,-1.912502346794553e-05,2.4078435812889554,-1.912502346794553e-05,2.4078435812889554,2,"[""2024-12-05"", ""2024-12-06"", ""2024-12-09"", ""2024-12-10"", ""2024-12-11"", ""2024-12-12"", ""2024-12-13"", ""2024-12-16"", ""2024-12-17"", ""2024-12-18""]",2024-12-04,15,159,10,False,,0,96,390
primary,2024-12-19,B1,-2.9644754186504887e-05,3.0339329440897944,-2.9644754186504887e-05,3.0339329440897944,2,"[""2024-12-05"", ""2024-12-06"", ""2024-12-09"", ""2024-12-10"", ""2024-12-11"", ""2024-12-12"", ""2024-12-13"", ""2024-12-16"", ""2024-12-17"", ""2024-12-18""]",2024-12-04,15,113,10,False,,0,120,390
primary,2024-12-19,B2,-2.7232394547379725e-05,2.7812996355018837,-2.7232394547379725e-05,2.7812996355018837,2,"[""2024-12-05"", ""2024-12-06"", ""2024-12-09"", ""2024-12-10"", ""2024-12-11"", ""2024-12-12"", ""2024-12-13"", ""2024-12-16"", ""2024-12-17"", ""2024-12-18""]",2024-12-04,31,218,10,False,,0,125,390
primary,2024-12-20,B0,-1.3363216468836478e-05,2.0207945960493614,-1.3363216468836478e-05,2.0207945960493614,2,"[""2024-12-06"", ""2024-12-09"", ""2024-12-10"", ""2024-12-11"", ""2024-12-12"", ""2024-12-13"", ""2024-12-16"", ""2024-12-17"", ""2024-12-18"", ""2024-12-19""]",2024-12-05,15,135,10,False,,0,77,390
primary,2024-12-20,B1,-1.865005285641981e-05,2.342914446100748,-1.865005285641981e-05,2.342914446100748,2,"[""2024-12-06"", ""2024-12-09"", ""2024-12-10"", ""2024-12-11"", ""2024-12-12"", ""2024-12-13"", ""2024-12-16"", ""2024-12-17"", ""2024-12-18"", ""2024-12-19""]",2024-12-05,31,129,10,False,,0,127,390
primary,2024-12-20,B2,-1.842351904136557e-05,2.2731185685442172,-1.842351904136557e-05,2.2731185685442172,2,"[""2024-12-06"", ""2024-12-09"", ""2024-12-10"", ""2024-12-11"", ""2024-12-12"", ""2024-12-13"", ""2024-12-16"", ""2024-12-17"", ""2024-12-18"", ""2024-12-19""]",2024-12-05,31,127,10,False,,0,135,390
primary,2024-12-23,B0,-1.2497628282881764e-05,1.9268089388537877,-1.2497628282881764e-05,1.9268089388537877,2,"[""2024-12-09"", ""2024-12-10"", ""2024-12-11"", ""2024-12-12"", ""2024-12-13"", ""2024-12-16"", ""2024-12-17"", ""2024-12-18"", ""2024-12-19"", ""2024-12-20""]",2024-12-06,31,126,10,False,,0,147,390
primary,2024-12-23,B1,-2.2225947731016114e-05,2.4700438074710322,-2.2225947731016114e-05,2.4700438074710322,2,"[""2024-12-09"", ""2024-12-10"", ""2024-12-11"", ""2024-12-12"", ""2024-12-13"", ""2024-12-16"", ""2024-12-17"", ""2024-12-18"", ""2024-12-19"", ""2024-12-20""]",2024-12-06,31,122,10,False,,0,198,390
primary,2024-12-23,B2,-2.1338652814642128e-05,2.401735547993226,-2.1338652814642128e-05,2.401735547993226,2,"[""2024-12-09"", ""2024-12-10"", ""2024-12-11"", ""2024-12-12"", ""2024-12-13"", ""2024-12-16"", ""2024-12-17"", ""2024-12-18"", ""2024-12-19"", ""2024-12-20""]",2024-12-06,31,136,10,False,,0,187,390
primary,2024-12-24,B0,-1.4961638494189213e-05,2.019927631718502,-1.4961638494189213e-05,2.019927631718502,2,"[""2024-12-10"", ""2024-12-11"", ""2024-12-12"", ""2024-12-13"", ""2024-12-16"", ""2024-12-17"", ""2024-12-18"", ""2024-12-19"", ""2024-12-20"", ""2024-12-23""]",2024-12-09,15,150,10,False,,0,94,174
primary,2024-12-24,B1,-2.038929786264792e-05,2.367581389745163,-2.038929786264792e-05,2.367581389745163,2,"[""2024-12-10"", ""2024-12-11"", ""2024-12-12"", ""2024-12-13"", ""2024-12-16"", ""2024-12-17"", ""2024-12-18"", ""2024-12-19"", ""2024-12-20"", ""2024-12-23""]",2024-12-09,31,132,10,False,,0,98,174
primary,2024-12-24,B2,-2.259521468569309e-05,2.4155318015747014,-2.259521468569309e-05,2.4155318015747014,2,"[""2024-12-10"", ""2024-12-11"", ""2024-12-12"", ""2024-12-13"", ""2024-12-16"", ""2024-12-17"", ""2024-12-18"", ""2024-12-19"", ""2024-12-20"", ""2024-12-23""]",2024-12-09,15,237,10,False,,0,100,174
primary,2024-12-26,B0,-1.4912077090129926e-05,1.9930040785694105,-1.4912077090129926e-05,1.9930040785694105,2,"[""2024-12-11"", ""2024-12-12"", ""2024-12-13"", ""2024-12-16"", ""2024-12-17"", ""2024-12-18"", ""2024-12-19"", ""2024-12-20"", ""2024-12-23"", ""2024-12-24""]",2024-12-10,15,285,10,False,,0,237,390
primary,2024-12-26,B1,-2.0850511171189868e-05,2.391622776497069,-2.0850511171189868e-05,2.391622776497069,2,"[""2024-12-11"", ""2024-12-12"", ""2024-12-13"", ""2024-12-16"", ""2024-12-17"", ""2024-12-18"", ""2024-12-19"", ""2024-12-20"", ""2024-12-23"", ""2024-12-24""]",2024-12-10,15,231,10,False,,0,258,390
primary,2024-12-26,B2,-2.1212396465087908e-05,2.377887599130048,-2.1212396465087908e-05,2.377887599130048,2,"[""2024-12-11"", ""2024-12-12"", ""2024-12-13"", ""2024-12-16"", ""2024-12-17"", ""2024-12-18"", ""2024-12-19"", ""2024-12-20"", ""2024-12-23"", ""2024-12-24""]",2024-12-10,15,257,10,False,,0,257,390
primary,2024-12-27,B0,-1.4509009769252482e-05,2.010671190841148,-1.4509009769252482e-05,2.010671190841148,2,"[""2024-12-12"", ""2024-12-13"", ""2024-12-16"", ""2024-12-17"", ""2024-12-18"", ""2024-12-19"", ""2024-12-20"", ""2024-12-23"", ""2024-12-24"", ""2024-12-26""]",2024-12-11,31,146,10,False,,0,179,390
primary,2024-12-27,B1,-1.811810862875428e-05,2.310402123307561,-1.811810862875428e-05,2.310402123307561,2,"[""2024-12-12"", ""2024-12-13"", ""2024-12-16"", ""2024-12-17"", ""2024-12-18"", ""2024-12-19"", ""2024-12-20"", ""2024-12-23"", ""2024-12-24"", ""2024-12-26""]",2024-12-11,31,167,10,False,,0,189,390
primary,2024-12-27,B2,-1.836673375102427e-05,2.283150627128055,-1.836673375102427e-05,2.283150627128055,2,"[""2024-12-12"", ""2024-12-13"", ""2024-12-16"", ""2024-12-17"", ""2024-12-18"", ""2024-12-19"", ""2024-12-20"", ""2024-12-23"", ""2024-12-24"", ""2024-12-26""]",2024-12-11,63,138,10,False,,0,192,390
primary,2024-12-30,B0,-1.3397229075539285e-05,1.9261792852134643,-1.3397229075539285e-05,1.9261792852134643,2,"[""2024-12-13"", ""2024-12-16"", ""2024-12-17"", ""2024-12-18"", ""2024-12-19"", ""2024-12-20"", ""2024-12-23"", ""2024-12-24"", ""2024-12-26"", ""2024-12-27""]",2024-12-12,15,259,10,False,,0,170,390
primary,2024-12-30,B1,-1.7073970725951147e-05,2.2587536780510455,-1.7073970725951147e-05,2.2587536780510455,2,"[""2024-12-13"", ""2024-12-16"", ""2024-12-17"", ""2024-12-18"", ""2024-12-19"", ""2024-12-20"", ""2024-12-23"", ""2024-12-24"", ""2024-12-26"", ""2024-12-27""]",2024-12-12,15,189,10,False,,0,184,390
primary,2024-12-30,B2,-1.8281094262757915e-05,2.267002880352925,-1.8281094262757915e-05,2.267002880352925,2,"[""2024-12-13"", ""2024-12-16"", ""2024-12-17"", ""2024-12-18"", ""2024-12-19"", ""2024-12-20"", ""2024-12-23"", ""2024-12-24"", ""2024-12-26"", ""2024-12-27""]",2024-12-12,15,284,10,False,,0,196,390
primary,2024-12-31,B0,-1.3097828408557846e-05,1.9229138644063901,-1.3097828408557846e-05,1.9229138644063901,2,"[""2024-12-16"", ""2024-12-17"", ""2024-12-18"", ""2024-12-19"", ""2024-12-20"", ""2024-12-23"", ""2024-12-24"", ""2024-12-26"", ""2024-12-27"", ""2024-12-30""]",2024-12-13,15,198,10,False,,0,181,390
primary,2024-12-31,B1,-1.6036592011551086e-05,2.1840300211675028,-1.6036592011551086e-05,2.1840300211675028,2,"[""2024-12-16"", ""2024-12-17"", ""2024-12-18"", ""2024-12-19"", ""2024-12-20"", ""2024-12-23"", ""2024-12-24"", ""2024-12-26"", ""2024-12-27"", ""2024-12-30""]",2024-12-13,15,245,10,False,,0,196,390
primary,2024-12-31,B2,-1.7415771918914038e-05,2.2247068008250928,-1.7415771918914038e-05,2.2247068008250928,2,"[""2024-12-16"", ""2024-12-17"", ""2024-12-18"", ""2024-12-19"", ""2024-12-20"", ""2024-12-23"", ""2024-12-24"", ""2024-12-26"", ""2024-12-27"", ""2024-12-30""]",2024-12-13,15,226,10,False,,0,208,390
primary,2025-01-02,B0,-1.4456908897635023e-05,2.024572131543233,-1.4456908897635023e-05,2.024572131543233,2,"[""2024-12-17"", ""2024-12-18"", ""2024-12-19"", ""2024-12-20"", ""2024-12-23"", ""2024-12-24"", ""2024-12-26"", ""2024-12-27"", ""2024-12-30"", ""2024-12-31""]",2024-12-16,15,140,10,False,,0,38,390
primary,2025-01-02,B1,-1.5185415946039587e-05,2.1717514879712003,-1.5185415946039587e-05,2.1717514879712003,2,"[""2024-12-17"", ""2024-12-18"", ""2024-12-19"", ""2024-12-20"", ""2024-12-23"", ""2024-12-24"", ""2024-12-26"", ""2024-12-27"", ""2024-12-30"", ""2024-12-31""]",2024-12-16,31,108,10,False,,0,47,390
primary,2025-01-02,B2,-1.7597532022441528e-05,2.2482841275152294,-1.7597532022441528e-05,2.2482841275152294,2,"[""2024-12-17"", ""2024-12-18"", ""2024-12-19"", ""2024-12-20"", ""2024-12-23"", ""2024-12-24"", ""2024-12-26"", ""2024-12-27"", ""2024-12-30"", ""2024-12-31""]",2024-12-16,15,157,10,False,,0,52,390
primary,2025-01-03,B0,-1.2734880736208213e-05,1.9229426757289902,-1.2734880736208213e-05,1.9229426757289902,2,"[""2024-12-18"", ""2024-12-19"", ""2024-12-20"", ""2024-12-23"", ""2024-12-24"", ""2024-12-26"", ""2024-12-27"", ""2024-12-30"", ""2024-12-31"", ""2025-01-02""]",2024-12-17,15,187,10,False,,0,149,390
primary,2025-01-03,B1,-1.625136379770621e-05,2.1626524208405304,-1.625136379770621e-05,2.1626524208405304,2,"[""2024-12-18"", ""2024-12-19"", ""2024-12-20"", ""2024-12-23"", ""2024-12-24"", ""2024-12-26"", ""2024-12-27"", ""2024-12-30"", ""2024-12-31"", ""2025-01-02""]",2024-12-17,15,222,10,False,,0,180,390
primary,2025-01-03,B2,-1.6136657143380018e-05,2.1374624113664695,-1.6136657143380018e-05,2.1374624113664695,2,"[""2024-12-18"", ""2024-12-19"", ""2024-12-20"", ""2024-12-23"", ""2024-12-24"", ""2024-12-26"", ""2024-12-27"", ""2024-12-30"", ""2024-12-31"", ""2025-01-02""]",2024-12-17,15,211,10,False,,0,179,390
primary,2025-01-06,B0,-7.067607282491214e-06,1.4424891962921838,-7.067607282491214e-06,1.4424891962921838,2,"[""2024-12-19"", ""2024-12-20"", ""2024-12-23"", ""2024-12-24"", ""2024-12-26"", ""2024-12-27"", ""2024-12-30"", ""2024-12-31"", ""2025-01-02"", ""2025-01-03""]",2024-12-18,15,135,10,False,,0,61,390
primary,2025-01-06,B1,-4.3782518113796426e-06,1.3024658400762779,-4.3782518113796426e-06,1.3024658400762779,2,"[""2024-12-19"", ""2024-12-20"", ""2024-12-23"", ""2024-12-24"", ""2024-12-26"", ""2024-12-27"", ""2024-12-30"", ""2024-12-31"", ""2025-01-02"", ""2025-01-03""]",2024-12-18,15,126,10,False,,0,30,390
primary,2025-01-06,B2,-6.65785380927165e-06,1.4212445649911156,-6.65785380927165e-06,1.4212445649911156,2,"[""2024-12-19"", ""2024-12-20"", ""2024-12-23"", ""2024-12-24"", ""2024-12-26"", ""2024-12-27"", ""2024-12-30"", ""2024-12-31"", ""2025-01-02"", ""2025-01-03""]",2024-12-18,15,110,10,False,,0,68,390
primary,2025-01-07,B0,-4.42282241493807e-06,1.280872159296362,-4.42282241493807e-06,1.280872159296362,2,"[""2024-12-20"", ""2024-12-23"", ""2024-12-24"", ""2024-12-26"", ""2024-12-27"", ""2024-12-30"", ""2024-12-31"", ""2025-01-02"", ""2025-01-03"", ""2025-01-06""]",2024-12-19,15,144,10,False,,0,19,390
primary,2025-01-07,B1,-8.306628565765885e-06,1.5425829060311438,-8.306628565765885e-06,1.5425829060311438,2,"[""2024-12-20"", ""2024-12-23"", ""2024-12-24"", ""2024-12-26"", ""2024-12-27"", ""2024-12-30"", ""2024-12-31"", ""2025-01-02"", ""2025-01-03"", ""2025-01-06""]",2024-12-19,15,83,10,False,,0,78,390
primary,2025-01-07,B2,-8.148522398881632e-06,1.5227344299498828,-8.148522398881632e-06,1.5227344299498828,2,"[""2024-12-20"", ""2024-12-23"", ""2024-12-24"", ""2024-12-26"", ""2024-12-27"", ""2024-12-30"", ""2024-12-31"", ""2025-01-02"", ""2025-01-03"", ""2025-01-06""]",2024-12-19,15,76,10,False,,0,72,390
primary,2025-01-08,B0,-7.05613466532305e-06,1.4652723932988372,-7.05613466532305e-06,1.4652723932988372,2,"[""2024-12-23"", ""2024-12-24"", ""2024-12-26"", ""2024-12-27"", ""2024-12-30"", ""2024-12-31"", ""2025-01-02"", ""2025-01-03"", ""2025-01-06"", ""2025-01-07""]",2024-12-20,31,78,10,False,,0,9,390
primary,2025-01-08,B1,-1.1598716752926486e-05,1.7718476973097264,-1.1598716752926486e-05,1.7718476973097264,2,"[""2024-12-23"", ""2024-12-24"", ""2024-12-26"", ""2024-12-27"", ""2024-12-30"", ""2024-12-31"", ""2025-01-02"", ""2025-01-03"", ""2025-01-06"", ""2025-01-07""]",2024-12-20,15,64,10,False,,0,85,390
primary,2025-01-08,B2,-1.0224594151279148e-05,1.6726556485892146,-1.0224594151279148e-05,1.6726556485892146,2,"[""2024-12-23"", ""2024-12-24"", ""2024-12-26"", ""2024-12-27"", ""2024-12-30"", ""2024-12-31"", ""2025-01-02"", ""2025-01-03"", ""2025-01-06"", ""2025-01-07""]",2024-12-20,15,64,10,False,,0,75,390
primary,2025-01-10,B0,-5.771254529936159e-06,1.3917171899249365,-5.771254529936159e-06,1.3917171899249365,2,"[""2024-12-24"", ""2024-12-26"", ""2024-12-27"", ""2024-12-30"", ""2024-12-31"", ""2025-01-02"", ""2025-01-03"", ""2025-01-06"", ""2025-01-07"", ""2025-01-08""]",2024-12-23,31,81,10,False,,0,0,390
primary,2025-01-10,B1,-1.1007819053615656e-05,1.7773843495178914,-1.1007819053615656e-05,1.7773843495178914,2,"[""2024-12-24"", ""2024-12-26"", ""2024-12-27"", ""2024-12-30"", ""2024-12-31"", ""2025-01-02"", ""2025-01-03"", ""2025-01-06"", ""2025-01-07"", ""2025-01-08""]",2024-12-23,15,59,10,False,,0,39,390
primary,2025-01-10,B2,-1.0524102409922969e-05,1.7128268447823756,-1.0524102409922969e-05,1.7128268447823756,2,"[""2024-12-24"", ""2024-12-26"", ""2024-12-27"", ""2024-12-30"", ""2024-12-31"", ""2025-01-02"", ""2025-01-03"", ""2025-01-06"", ""2025-01-07"", ""2025-01-08""]",2024-12-23,15,63,10,False,,0,36,390
primary,2025-01-13,B0,-4.096418947423175e-06,1.275649466901573,-4.096418947423175e-06,1.275649466901573,2,"[""2024-12-26"", ""2024-12-27"", ""2024-12-30"", ""2024-12-31"", ""2025-01-02"", ""2025-01-03"", ""2025-01-06"", ""2025-01-07"", ""2025-01-08"", ""2025-01-10""]",2024-12-24,15,108,10,False,,0,0,390
primary,2025-01-13,B1,-9.766562074557915e-06,1.699271233519969,-9.766562074557915e-06,1.699271233519969,2,"[""2024-12-26"", ""2024-12-27"", ""2024-12-30"", ""2024-12-31"", ""2025-01-02"", ""2025-01-03"", ""2025-01-06"", ""2025-01-07"", ""2025-01-08"", ""2025-01-10""]",2024-12-24,15,58,10,False,,0,51,390
primary,2025-01-13,B2,-1.0108013774810582e-05,1.657761469449206,-1.0108013774810582e-05,1.657761469449206,2,"[""2024-12-26"", ""2024-12-27"", ""2024-12-30"", ""2024-12-31"", ""2025-01-02"", ""2025-01-03"", ""2025-01-06"", ""2025-01-07"", ""2025-01-08"", ""2025-01-10""]",2024-12-24,15,69,10,False,,0,57,390
primary,2025-01-14,B0,-3.3398247035089018e-06,1.251217546971733,-3.3398247035089018e-06,1.251217546971733,2,"[""2024-12-27"", ""2024-12-30"", ""2024-12-31"", ""2025-01-02"", ""2025-01-03"", ""2025-01-06"", ""2025-01-07"", ""2025-01-08"", ""2025-01-10"", ""2025-01-13""]",2024-12-26,15,116,10,False,,0,3,390
primary,2025-01-14,B1,-9.94188233132551e-06,1.70101701861192,-9.94188233132551e-06,1.70101701861192,2,"[""2024-12-27"", ""2024-12-30"", ""2024-12-31"", ""2025-01-02"", ""2025-01-03"", ""2025-01-06"", ""2025-01-07"", ""2025-01-08"", ""2025-01-10"", ""2025-01-13""]",2024-12-26,15,60,10,False,,0,66,390
primary,2025-01-14,B2,-9.892845402050222e-06,1.6765483698487753,-9.892845402050222e-06,1.6765483698487753,2,"[""2024-12-27"", ""2024-12-30"", ""2024-12-31"", ""2025-01-02"", ""2025-01-03"", ""2025-01-06"", ""2025-01-07"", ""2025-01-08"", ""2025-01-10"", ""2025-01-13""]",2024-12-26,15,64,10,False,,0,73,390
primary,2025-01-15,B0,-4.62842722721874e-06,1.3425293845282786,-4.62842722721874e-06,1.3425293845282786,2,"[""2024-12-30"", ""2024-12-31"", ""2025-01-02"", ""2025-01-03"", ""2025-01-06"", ""2025-01-07"", ""2025-01-08"", ""2025-01-10"", ""2025-01-13"", ""2025-01-14""]",2024-12-27,15,86,10,False,,0,35,390
primary,2025-01-15,B1,-1.1031340546487753e-05,1.754286250315858,-1.1031340546487753e-05,1.754286250315858,2,"[""2024-12-30"", ""2024-12-31"", ""2025-01-02"", ""2025-01-03"", ""2025-01-06"", ""2025-01-07"", ""2025-01-08"", ""2025-01-10"", ""2025-01-13"", ""2025-01-14""]",2024-12-27,15,64,10,False,,0,120,390
primary,2025-01-15,B2,-9.548805717542241e-06,1.6649306090702476,-9.548805717542241e-06,1.6649306090702476,2,"[""2024-12-30"", ""2024-12-31"", ""2025-01-02"", ""2025-01-03"", ""2025-01-06"", ""2025-01-07"", ""2025-01-08"", ""2025-01-10"", ""2025-01-13"", ""2025-01-14""]",2024-12-27,15,67,10,False,,0,104,390
primary,2025-01-16,B0,-5.283859102022323e-06,1.3582258825606368,-5.283859102022323e-06,1.3582258825606368,2,"[""2024-12-31"", ""2025-01-02"", ""2025-01-03"", ""2025-01-06"", ""2025-01-07"", ""2025-01-08"", ""2025-01-10"", ""2025-01-13"", ""2025-01-14"", ""2025-01-15""]",2024-12-30,15,95,10,False,,0,4,390
primary,2025-01-16,B1,-8.888206905464779e-06,1.6299984567653254,-8.888206905464779e-06,1.6299984567653254,2,"[""2024-12-31"", ""2025-01-02"", ""2025-01-03"", ""2025-01-06"", ""2025-01-07"", ""2025-01-08"", ""2025-01-10"", ""2025-01-13"", ""2025-01-14"", ""2025-01-15""]",2024-12-30,15,74,10,False,,0,40,390
primary,2025-01-16,B2,-9.862592318485016e-06,1.682674002827599,-9.862592318485016e-06,1.682674002827599,2,"[""2024-12-31"", ""2025-01-02"", ""2025-01-03"", ""2025-01-06"", ""2025-01-07"", ""2025-01-08"", ""2025-01-10"", ""2025-01-13"", ""2025-01-14"", ""2025-01-15""]",2024-12-30,15,65,10,False,,0,49,390
primary,2025-01-17,B0,-8.153727650251505e-06,1.481793222703325,-8.153727650251505e-06,1.481793222703325,2,"[""2025-01-02"", ""2025-01-03"", ""2025-01-06"", ""2025-01-07"", ""2025-01-08"", ""2025-01-10"", ""2025-01-13"", ""2025-01-14"", ""2025-01-15"", ""2025-01-16""]",2024-12-31,15,94,10,False,,0,112,390
primary,2025-01-17,B1,-1.0057360247533412e-05,1.646803204979058,-1.0057360247533412e-05,1.646803204979058,2,"[""2025-01-02"", ""2025-01-03"", ""2025-01-06"", ""2025-01-07"", ""2025-01-08"", ""2025-01-10"", ""2025-01-13"", ""2025-01-14"", ""2025-01-15"", ""2025-01-16""]",2024-12-31,15,82,10,False,,0,136,390
primary,2025-01-17,B2,-1.0055467711686268e-05,1.6347937095562708,-1.0055467711686268e-05,1.6347937095562708,2,"[""2025-01-02"", ""2025-01-03"", ""2025-01-06"", ""2025-01-07"", ""2025-01-08"", ""2025-01-10"", ""2025-01-13"", ""2025-01-14"", ""2025-01-15"", ""2025-01-16""]",2024-12-31,15,77,10,False,,0,135,390
primary,2025-01-21,B0,-2.870516939868701e-06,1.1894157545156223,-2.870516939868701e-06,1.1894157545156223,2,"[""2025-01-03"", ""2025-01-06"", ""2025-01-07"", ""2025-01-08"", ""2025-01-10"", ""2025-01-13"", ""2025-01-14"", ""2025-01-15"", ""2025-01-16"", ""2025-01-17""]",2025-01-02,15,125,10,False,,0,0,390
primary,2025-01-21,B1,-5.221927707366912e-06,1.3597351608678172,-5.221927707366912e-06,1.3597351608678172,2,"[""2025-01-03"", ""2025-01-06"", ""2025-01-07"", ""2025-01-08"", ""2025-01-10"", ""2025-01-13"", ""2025-01-14"", ""2025-01-15"", ""2025-01-16"", ""2025-01-17""]",2025-01-02,15,91,10,False,,0,19,390
primary,2025-01-21,B2,-5.9653882058386575e-06,1.3839026539852053,-5.9653882058386575e-06,1.3839026539852053,2,"[""2025-01-03"", ""2025-01-06"", ""2025-01-07"", ""2025-01-08"", ""2025-01-10"", ""2025-01-13"", ""2025-01-14"", ""2025-01-15"", ""2025-01-16"", ""2025-01-17""]",2025-01-02,15,92,10,False,,0,32,390
primary,2025-01-22,B0,-1.956970618207734e-06,1.153760695969689,-1.956970618207734e-06,1.153760695969689,2,"[""2025-01-06"", ""2025-01-07"", ""2025-01-08"", ""2025-01-10"", ""2025-01-13"", ""2025-01-14"", ""2025-01-15"", ""2025-01-16"", ""2025-01-17"", ""2025-01-21""]",2025-01-03,15,127,10,False,,0,0,390
primary,2025-01-22,B1,-5.109466923758857e-06,1.3782409619052687,-5.109466923758857e-06,1.3782409619052687,2,"[""2025-01-06"", ""2025-01-07"", ""2025-01-08"", ""2025-01-10"", ""2025-01-13"", ""2025-01-14"", ""2025-01-15"", ""2025-01-16"", ""2025-01-17"", ""2025-01-21""]",2025-01-03,15,75,10,False,,0,7,390
primary,2025-01-22,B2,-6.072283453995001e-06,1.4247950558299938,-6.072283453995001e-06,1.4247950558299938,2,"[""2025-01-06"", ""2025-01-07"", ""2025-01-08"", ""2025-01-10"", ""2025-01-13"", ""2025-01-14"", ""2025-01-15"", ""2025-01-16"", ""2025-01-17"", ""2025-01-21""]",2025-01-03,15,76,10,False,,0,13,390
primary,2025-01-23,B0,-5.433054793662637e-06,1.3438335206524152,-5.433054793662637e-06,1.3438335206524152,2,"[""2025-01-07"", ""2025-01-08"", ""2025-01-10"", ""2025-01-13"", ""2025-01-14"", ""2025-01-15"", ""2025-01-16"", ""2025-01-17"", ""2025-01-21"", ""2025-01-22""]",2025-01-06,15,76,10,False,,0,78,390
primary,2025-01-23,B1,-7.237025179030415e-06,1.4797473800305292,-7.237025179030415e-06,1.4797473800305292,2,"[""2025-01-07"", ""2025-01-08"", ""2025-01-10"", ""2025-01-13"", ""2025-01-14"", ""2025-01-15"", ""2025-01-16"", ""2025-01-17"", ""2025-01-21"", ""2025-01-22""]",2025-01-06,15,73,10,False,,0,100,390
primary,2025-01-23,B2,-7.009477523555947e-06,1.4361663720826587,-7.009477523555947e-06,1.4361663720826587,2,"[""2025-01-07"", ""2025-01-08"", ""2025-01-10"", ""2025-01-13"", ""2025-01-14"", ""2025-01-15"", ""2025-01-16"", ""2025-01-17"", ""2025-01-21"", ""2025-01-22""]",2025-01-06,15,87,10,False,,0,97,390
primary,2025-01-24,B0,-4.670915256673755e-06,1.2990800195306778,-4.670915256673755e-06,1.2990800195306778,2,"[""2025-01-08"", ""2025-01-10"", ""2025-01-13"", ""2025-01-14"", ""2025-01-15"", ""2025-01-16"", ""2025-01-17"", ""2025-01-21"", ""2025-01-22"", ""2025-01-23""]",2025-01-07,15,81,10,False,,0,68,390
primary,2025-01-24,B1,-7.241404949978572e-06,1.4952849896325195,-7.241404949978572e-06,1.4952849896325195,2,"[""2025-01-08"", ""2025-01-10"", ""2025-01-13"", ""2025-01-14"", ""2025-01-15"", ""2025-01-16"", ""2025-01-17"", ""2025-01-21"", ""2025-01-22"", ""2025-01-23""]",2025-01-07,15,68,10,False,,0,113,390
primary,2025-01-24,B2,-7.73050129400262e-06,1.5042208239529509,-7.73050129400262e-06,1.5042208239529509,2,"[""2025-01-08"", ""2025-01-10"", ""2025-01-13"", ""2025-01-14"", ""2025-01-15"", ""2025-01-16"", ""2025-01-17"", ""2025-01-21"", ""2025-01-22"", ""2025-01-23""]",2025-01-07,15,85,10,False,,0,125,390
primary,2025-02-25,B0,-6.148230061267053e-06,1.4134247531825728,-6.148230061267053e-06,1.4134247531825728,2,"[""2025-01-10"", ""2025-01-13"", ""2025-01-14"", ""2025-01-15"", ""2025-01-16"", ""2025-01-17"", ""2025-01-21"", ""2025-01-22"", ""2025-01-23"", ""2025-01-24""]",2025-01-08,15,71,10,False,,0,0,390
primary,2025-02-25,B1,-7.737425691105937e-06,1.5187581854712935,-7.737425691105937e-06,1.5187581854712935,2,"[""2025-01-10"", ""2025-01-13"", ""2025-01-14"", ""2025-01-15"", ""2025-01-16"", ""2025-01-17"", ""2025-01-21"", ""2025-01-22"", ""2025-01-23"", ""2025-01-24""]",2025-01-08,15,67,10,False,,0,4,390
primary,2025-02-25,B2,-8.735676400833519e-06,1.5893776845033976,-8.735676400833519e-06,1.5893776845033976,2,"[""2025-01-10"", ""2025-01-13"", ""2025-01-14"", ""2025-01-15"", ""2025-01-16"", ""2025-01-17"", ""2025-01-21"", ""2025-01-22"", ""2025-01-23"", ""2025-01-24""]",2025-01-08,31,70,10,False,,0,9,390
primary,2025-02-26,B0,-7.995874903048176e-06,1.5227074095716322,-7.995874903048176e-06,1.5227074095716322,2,"[""2025-01-13"", ""2025-01-14"", ""2025-01-15"", ""2025-01-16"", ""2025-01-17"", ""2025-01-21"", ""2025-01-22"", ""2025-01-23"", ""2025-01-24"", ""2025-02-25""]",2025-01-10,15,99,10,False,,0,20,390
primary,2025-02-26,B1,-8.70275477276484e-06,1.5606940983004458,-8.70275477276484e-06,1.5606940983004458,2,"[""2025-01-13"", ""2025-01-14"", ""2025-01-15"", ""2025-01-16"", ""2025-01-17"", ""2025-01-21"", ""2025-01-22"", ""2025-01-23"", ""2025-01-24"", ""2025-02-25""]",2025-01-10,15,87,10,False,,0,29,390
primary,2025-02-26,B2,-8.605747720527909e-06,1.568024753738431,-8.605747720527909e-06,1.568024753738431,2,"[""2025-01-13"", ""2025-01-14"", ""2025-01-15"", ""2025-01-16"", ""2025-01-17"", ""2025-01-21"", ""2025-01-22"", ""2025-01-23"", ""2025-01-24"", ""2025-02-25""]",2025-01-10,15,84,10,False,,0,28,390
primary,2025-02-27,B0,-6.738996477637273e-06,1.4461329676555923,-6.738996477637273e-06,1.4461329676555923,2,"[""2025-01-14"", ""2025-01-15"", ""2025-01-16"", ""2025-01-17"", ""2025-01-21"", ""2025-01-22"", ""2025-01-23"", ""2025-01-24"", ""2025-02-25"", ""2025-02-26""]",2025-01-13,15,99,10,False,,0,3,390
primary,2025-02-27,B1,-8.603072157903945e-06,1.5694202163104136,-8.603072157903945e-06,1.5694202163104136,2,"[""2025-01-14"", ""2025-01-15"", ""2025-01-16"", ""2025-01-17"", ""2025-01-21"", ""2025-01-22"", ""2025-01-23"", ""2025-01-24"", ""2025-02-25"", ""2025-02-26""]",2025-01-13,15,87,10,False,,0,7,390
primary,2025-02-27,B2,-7.673290575567181e-06,1.5076487502201992,-7.673290575567181e-06,1.5076487502201992,2,"[""2025-01-14"", ""2025-01-15"", ""2025-01-16"", ""2025-01-17"", ""2025-01-21"", ""2025-01-22"", ""2025-01-23"", ""2025-01-24"", ""2025-02-25"", ""2025-02-26""]",2025-01-13,31,90,10,False,,0,5,390
primary,2025-02-28,B0,-4.375755341094892e-06,1.2779427528065785,-4.375755341094892e-06,1.2779427528065785,2,"[""2025-01-15"", ""2025-01-16"", ""2025-01-17"", ""2025-01-21"", ""2025-01-22"", ""2025-01-23"", ""2025-01-24"", ""2025-02-25"", ""2025-02-26"", ""2025-02-27""]",2025-01-14,15,107,10,False,,0,0,390
primary,2025-02-28,B1,-6.773227531665905e-06,1.422208256948269,-6.773227531665905e-06,1.422208256948269,2,"[""2025-01-15"", ""2025-01-16"", ""2025-01-17"", ""2025-01-21"", ""2025-01-22"", ""2025-01-23"", ""2025-01-24"", ""2025-02-25"", ""2025-02-26"", ""2025-02-27""]",2025-01-14,15,103,10,False,,0,0,390
primary,2025-02-28,B2,-7.0003847593515435e-06,1.4215072488585183,-7.0003847593515435e-06,1.4215072488585183,2,"[""2025-01-15"", ""2025-01-16"", ""2025-01-17"", ""2025-01-21"", ""2025-01-22"", ""2025-01-23"", ""2025-01-24"", ""2025-02-25"", ""2025-02-26"", ""2025-02-27""]",2025-01-14,15,94,10,False,,0,0,390
primary,2025-03-03,B0,-4.111756644227799e-06,1.2759345979129821,-4.111756644227799e-06,1.2759345979129821,2,"[""2025-01-16"", ""2025-01-17"", ""2025-01-21"", ""2025-01-22"", ""2025-01-23"", ""2025-01-24"", ""2025-02-25"", ""2025-02-26"", ""2025-02-27"", ""2025-02-28""]",2025-01-15,15,101,10,False,,0,0,390
primary,2025-03-03,B1,-7.020762664937603e-06,1.4647194568825552,-7.020762664937603e-06,1.4647194568825552,2,"[""2025-01-16"", ""2025-01-17"", ""2025-01-21"", ""2025-01-22"", ""2025-01-23"", ""2025-01-24"", ""2025-02-25"", ""2025-02-26"", ""2025-02-27"", ""2025-02-28""]",2025-01-15,15,96,10,False,,0,0,390
primary,2025-03-03,B2,-7.426601575010808e-06,1.4554380810164436,-7.426601575010808e-06,1.4554380810164436,2,"[""2025-01-16"", ""2025-01-17"", ""2025-01-21"", ""2025-01-22"", ""2025-01-23"", ""2025-01-24"", ""2025-02-25"", ""2025-02-26"", ""2025-02-27"", ""2025-02-28""]",2025-01-15,15,126,10,False,,0,0,390
primary,2025-03-04,B0,-4.581861311538192e-06,1.3160484575230729,-4.581861311538192e-06,1.3160484575230729,2,"[""2025-01-17"", ""2025-01-21"", ""2025-01-22"", ""2025-01-23"", ""2025-01-24"", ""2025-02-25"", ""2025-02-26"", ""2025-02-27"", ""2025-02-28"", ""2025-03-03""]",2025-01-16,15,90,10,False,,0,0,390
primary,2025-03-04,B1,-7.745782589622986e-06,1.5067505354259574,-7.745782589622986e-06,1.5067505354259574,2,"[""2025-01-17"", ""2025-01-21"", ""2025-01-22"", ""2025-01-23"", ""2025-01-24"", ""2025-02-25"", ""2025-02-26"", ""2025-02-27"", ""2025-02-28"", ""2025-03-03""]",2025-01-16,15,93,10,False,,0,0,390
primary,2025-03-04,B2,-8.13765193693762e-06,1.511228389690435,-8.13765193693762e-06,1.511228389690435,2,"[""2025-01-17"", ""2025-01-21"", ""2025-01-22"", ""2025-01-23"", ""2025-01-24"", ""2025-02-25"", ""2025-02-26"", ""2025-02-27"", ""2025-02-28"", ""2025-03-03""]",2025-01-16,15,89,10,False,,0,0,390
primary,2025-03-05,B0,-7.131937890099298e-06,1.4133075783885805,-7.131937890099298e-06,1.4133075783885805,2,"[""2025-01-21"", ""2025-01-22"", ""2025-01-23"", ""2025-01-24"", ""2025-02-25"", ""2025-02-26"", ""2025-02-27"", ""2025-02-28"", ""2025-03-03"", ""2025-03-04""]",2025-01-17,15,95,10,False,,0,0,390
primary,2025-03-05,B1,-9.673839226313555e-06,1.5870092738501524,-9.673839226313555e-06,1.5870092738501524,2,"[""2025-01-21"", ""2025-01-22"", ""2025-01-23"", ""2025-01-24"", ""2025-02-25"", ""2025-02-26"", ""2025-02-27"", ""2025-02-28"", ""2025-03-03"", ""2025-03-04""]",2025-01-17,15,88,10,False,,0,0,390
primary,2025-03-05,B2,-1.0961208285364527e-05,1.6526898704782205,-1.0961208285364527e-05,1.6526898704782205,2,"[""2025-01-21"", ""2025-01-22"", ""2025-01-23"", ""2025-01-24"", ""2025-02-25"", ""2025-02-26"", ""2025-02-27"", ""2025-02-28"", ""2025-03-03"", ""2025-03-04""]",2025-01-17,15,83,10,False,,0,0,390
primary,2025-03-06,B0,-5.880200252466159e-06,1.3252817388566989,-5.880200252466159e-06,1.3252817388566989,2,"[""2025-01-22"", ""2025-01-23"", ""2025-01-24"", ""2025-02-25"", ""2025-02-26"", ""2025-02-27"", ""2025-02-28"", ""2025-03-03"", ""2025-03-04"", ""2025-03-05""]",2025-01-21,15,117,10,False,,0,0,390
primary,2025-03-06,B1,-6.965365346844034e-06,1.4367066909894124,-6.965365346844034e-06,1.4367066909894124,2,"[""2025-01-22"", ""2025-01-23"", ""2025-01-24"", ""2025-02-25"", ""2025-02-26"", ""2025-02-27"", ""2025-02-28"", ""2025-03-03"", ""2025-03-04"", ""2025-03-05""]",2025-01-21,15,95,10,False,,0,0,390
primary,2025-03-06,B2,-9.095301509041114e-06,1.5462961025398017,-9.095301509041114e-06,1.5462961025398017,2,"[""2025-01-22"", ""2025-01-23"", ""2025-01-24"", ""2025-02-25"", ""2025-02-26"", ""2025-02-27"", ""2025-02-28"", ""2025-03-03"", ""2025-03-04"", ""2025-03-05""]",2025-01-21,15,108,10,False,,0,0,390
primary,2025-03-07,B0,-5.455071936958166e-06,1.3460509197032906,-5.455071936958166e-06,1.3460509197032906,2,"[""2025-01-23"", ""2025-01-24"", ""2025-02-25"", ""2025-02-26"", ""2025-02-27"", ""2025-02-28"", ""2025-03-03"", ""2025-03-04"", ""2025-03-05"", ""2025-03-06""]",2025-01-22,15,98,10,False,,0,0,390
primary,2025-03-07,B1,-6.5093601118132005e-06,1.4566103582965204,-6.5093601118132005e-06,1.4566103582965204,2,"[""2025-01-23"", ""2025-01-24"", ""2025-02-25"", ""2025-02-26"", ""2025-02-27"", ""2025-02-28"", ""2025-03-03"", ""2025-03-04"", ""2025-03-05"", ""2025-03-06""]",2025-01-22,15,96,10,False,,0,0,390
primary,2025-03-07,B2,-7.617877337142175e-06,1.4857663746697782,-7.617877337142175e-06,1.4857663746697782,2,"[""2025-01-23"", ""2025-01-24"", ""2025-02-25"", ""2025-02-26"", ""2025-02-27"", ""2025-02-28"", ""2025-03-03"", ""2025-03-04"", ""2025-03-05"", ""2025-03-06""]",2025-01-22,15,111,10,False,,0,0,390
primary,2025-03-10,B0,-5.561795274394209e-06,1.3246818430784697,-5.561795274394209e-06,1.3246818430784697,2,"[""2025-01-24"", ""2025-02-25"", ""2025-02-26"", ""2025-02-27"", ""2025-02-28"", ""2025-03-03"", ""2025-03-04"", ""2025-03-05"", ""2025-03-06"", ""2025-03-07""]",2025-01-23,15,118,10,False,,0,0,390
primary,2025-03-10,B1,-7.040477887022092e-06,1.4893973734835324,-7.040477887022092e-06,1.4893973734835324,2,"[""2025-01-24"", ""2025-02-25"", ""2025-02-26"", ""2025-02-27"", ""2025-02-28"", ""2025-03-03"", ""2025-03-04"", ""2025-03-05"", ""2025-03-06"", ""2025-03-07""]",2025-01-23,15,86,10,False,,0,0,390
primary,2025-03-10,B2,-9.84074368467094e-06,1.591535784902232,-9.84074368467094e-06,1.591535784902232,2,"[""2025-01-24"", ""2025-02-25"", ""2025-02-26"", ""2025-02-27"", ""2025-02-28"", ""2025-03-03"", ""2025-03-04"", ""2025-03-05"", ""2025-03-06"", ""2025-03-07""]",2025-01-23,15,83,10,False,,0,0,390
primary,2025-03-11,B0,-1.1162803848073824e-05,1.5042411219248093,-1.1162803848073824e-05,1.5042411219248093,2,"[""2025-02-25"", ""2025-02-26"", ""2025-02-27"", ""2025-02-28"", ""2025-03-03"", ""2025-03-04"", ""2025-03-05"", ""2025-03-06"", ""2025-03-07"", ""2025-03-10""]",2025-01-24,15,97,10,False,,0,0,390
primary,2025-03-11,B1,-4.676366423943598e-06,1.402603928779185,-4.676366423943598e-06,1.402603928779185,2,"[""2025-02-25"", ""2025-02-26"", ""2025-02-27"", ""2025-02-28"", ""2025-03-03"", ""2025-03-04"", ""2025-03-05"", ""2025-03-06"", ""2025-03-07"", ""2025-03-10""]",2025-01-24,15,101,10,False,,0,0,390
primary,2025-03-11,B2,-1.1003272293489315e-05,1.5759724936689328,-1.1003272293489315e-05,1.5759724936689328,2,"[""2025-02-25"", ""2025-02-26"", ""2025-02-27"", ""2025-02-28"", ""2025-03-03"", ""2025-03-04"", ""2025-03-05"", ""2025-03-06"", ""2025-03-07"", ""2025-03-10""]",2025-01-24,15,117,10,False,,0,0,390
primary,2025-03-12,B0,-3.238841445279438e-05,2.0416177697948292,-3.238841445279438e-05,2.0416177697948292,2,"[""2025-02-26"", ""2025-02-27"", ""2025-02-28"", ""2025-03-03"", ""2025-03-04"", ""2025-03-05"", ""2025-03-06"", ""2025-03-07"", ""2025-03-10"", ""2025-03-11""]",2025-02-25,15,96,10,False,,0,71,378
primary,2025-03-12,B1,-1.501220758549066e-05,1.6545583536081618,-1.501220758549066e-05,1.6545583536081618,2,"[""2025-02-26"", ""2025-02-27"", ""2025-02-28"", ""2025-03-03"", ""2025-03-04"", ""2025-03-05"", ""2025-03-06"", ""2025-03-07"", ""2025-03-10"", ""2025-03-11""]",2025-02-25,15,105,10,False,,0,3,378
primary,2025-03-12,B2,-2.5181661936016015e-05,1.9192003446673997,-2.5181661936016015e-05,1.9192003446673997,2,"[""2025-02-26"", ""2025-02-27"", ""2025-02-28"", ""2025-03-03"", ""2025-03-04"", ""2025-03-05"", ""2025-03-06"", ""2025-03-07"", ""2025-03-10"", ""2025-03-11""]",2025-02-25,15,127,10,False,,0,43,378
primary,2025-03-13,B0,-3.4425712731434184e-05,2.059258256351519,-3.4425712731434184e-05,2.059258256351519,2,"[""2025-02-27"", ""2025-02-28"", ""2025-03-03"", ""2025-03-04"", ""2025-03-05"", ""2025-03-06"", ""2025-03-07"", ""2025-03-10"", ""2025-03-11"", ""2025-03-12""]",2025-02-26,15,90,10,False,,0,93,378
primary,2025-03-13,B1,-1.688062139678532e-05,1.6243949265563136,-1.688062139678532e-05,1.6243949265563136,2,"[""2025-02-27"", ""2025-02-28"", ""2025-03-03"", ""2025-03-04"", ""2025-03-05"", ""2025-03-06"", ""2025-03-07"", ""2025-03-10"", ""2025-03-11"", ""2025-03-12""]",2025-02-26,15,107,10,False,,0,30,378
primary,2025-03-13,B2,-2.3758427413139463e-05,1.830237517639838,-2.3758427413139463e-05,1.830237517639838,2,"[""2025-02-27"", ""2025-02-28"", ""2025-03-03"", ""2025-03-04"", ""2025-03-05"", ""2025-03-06"", ""2025-03-07"", ""2025-03-10"", ""2025-03-11"", ""2025-03-12""]",2025-02-26,15,135,10,False,,0,44,378
primary,2025-03-14,B0,-3.692913458384328e-05,2.14947532163029,-3.692913458384328e-05,2.14947532163029,2,"[""2025-02-28"", ""2025-03-03"", ""2025-03-04"", ""2025-03-05"", ""2025-03-06"", ""2025-03-07"", ""2025-03-10"", ""2025-03-11"", ""2025-03-12"", ""2025-03-13""]",2025-02-27,15,90,10,False,,0,202,370
primary,2025-03-14,B1,-1.895659246376016e-05,1.6189446267767726,-1.895659246376016e-05,1.6189446267767726,2,"[""2025-02-28"", ""2025-03-03"", ""2025-03-04"", ""2025-03-05"", ""2025-03-06"", ""2025-03-07"", ""2025-03-10"", ""2025-03-11"", ""2025-03-12"", ""2025-03-13""]",2025-02-27,15,143,10,False,,0,108,370
primary,2025-03-14,B2,-2.390591137011918e-05,1.7817827961884827,-2.390591137011918e-05,1.7817827961884827,2,"[""2025-02-28"", ""2025-03-03"", ""2025-03-04"", ""2025-03-05"", ""2025-03-06"", ""2025-03-07"", ""2025-03-10"", ""2025-03-11"", ""2025-03-12"", ""2025-03-13""]",2025-02-27,15,192,10,False,,0,138,370
primary,2025-03-17,B0,-2.3727052575514887e-05,1.811276805472545,-2.3727052575514887e-05,1.811276805472545,2,"[""2025-03-03"", ""2025-03-04"", ""2025-03-05"", ""2025-03-06"", ""2025-03-07"", ""2025-03-10"", ""2025-03-11"", ""2025-03-12"", ""2025-03-13"", ""2025-03-14""]",2025-02-28,15,104,10,False,,0,163,390
primary,2025-03-17,B1,-2.308834411407101e-05,1.7639369867787797,-2.308834411407101e-05,1.7639369867787797,2,"[""2025-03-03"", ""2025-03-04"", ""2025-03-05"", ""2025-03-06"", ""2025-03-07"", ""2025-03-10"", ""2025-03-11"", ""2025-03-12"", ""2025-03-13"", ""2025-03-14""]",2025-02-28,31,87,10,False,,0,157,390
primary,2025-03-17,B2,-2.5674734936884115e-05,1.7902843707684077,-2.5674734936884115e-05,1.7902843707684077,2,"[""2025-03-03"", ""2025-03-04"", ""2025-03-05"", ""2025-03-06"", ""2025-03-07"", ""2025-03-10"", ""2025-03-11"", ""2025-03-12"", ""2025-03-13"", ""2025-03-14""]",2025-02-28,15,229,10,False,,0,167,390
primary,2025-03-18,B0,-1.6508866236266455e-05,1.5849497945761732,-1.6508866236266455e-05,1.5849497945761732,2,"[""2025-03-04"", ""2025-03-05"", ""2025-03-06"", ""2025-03-07"", ""2025-03-10"", ""2025-03-11"", ""2025-03-12"", ""2025-03-13"", ""2025-03-14"", ""2025-03-17""]",2025-03-03,15,150,10,False,,0,108,390
primary,2025-03-18,B1,-1.7723918441003476e-05,1.5044139645466332,-1.7723918441003476e-05,1.5044139645466332,2,"[""2025-03-04"", ""2025-03-05"", ""2025-03-06"", ""2025-03-07"", ""2025-03-10"", ""2025-03-11"", ""2025-03-12"", ""2025-03-13"", ""2025-03-14"", ""2025-03-17""]",2025-03-03,15,330,10,False,,0,114,390
primary,2025-03-18,B2,-1.9046375184737756e-05,1.5819809841188934,-1.9046375184737756e-05,1.5819809841188934,2,"[""2025-03-04"", ""2025-03-05"", ""2025-03-06"", ""2025-03-07"", ""2025-03-10"", ""2025-03-11"", ""2025-03-12"", ""2025-03-13"", ""2025-03-14"", ""2025-03-17""]",2025-03-03,15,255,10,False,,0,115,390
primary,2025-03-19,B0,-9.686068313048554e-06,1.3621531204303137,-9.686068313048554e-06,1.3621531204303137,2,"[""2025-03-05"", ""2025-03-06"", ""2025-03-07"", ""2025-03-10"", ""2025-03-11"", ""2025-03-12"", ""2025-03-13"", ""2025-03-14"", ""2025-03-17"", ""2025-03-18""]",2025-03-04,15,214,10,False,,0,65,390
primary,2025-03-19,B1,-1.2253432943934399e-05,1.3081348101093306,-1.2253432943934399e-05,1.3081348101093306,2,"[""2025-03-05"", ""2025-03-06"", ""2025-03-07"", ""2025-03-10"", ""2025-03-11"", ""2025-03-12"", ""2025-03-13"", ""2025-03-14"", ""2025-03-17"", ""2025-03-18""]",2025-03-04,31,195,10,False,,0,95,390
primary,2025-03-19,B2,-1.2999196728816907e-05,1.3329652767396063,-1.2999196728816907e-05,1.3329652767396063,2,"[""2025-03-05"", ""2025-03-06"", ""2025-03-07"", ""2025-03-10"", ""2025-03-11"", ""2025-03-12"", ""2025-03-13"", ""2025-03-14"", ""2025-03-17"", ""2025-03-18""]",2025-03-04,15,447,10,False,,0,103,390
primary,2025-03-20,B0,-1.1537197143649663e-05,1.4836394362740775,-1.1537197143649663e-05,1.4836394362740775,2,"[""2025-03-06"", ""2025-03-07"", ""2025-03-10"", ""2025-03-11"", ""2025-03-12"", ""2025-03-13"", ""2025-03-14"", ""2025-03-17"", ""2025-03-18"", ""2025-03-19""]",2025-03-05,15,150,10,False,,0,60,390
primary,2025-03-20,B1,-1.0960127017534869e-05,1.2988225143788374,-1.0960127017534869e-05,1.2988225143788374,2,"[""2025-03-06"", ""2025-03-07"", ""2025-03-10"", ""2025-03-11"", ""2025-03-12"", ""2025-03-13"", ""2025-03-14"", ""2025-03-17"", ""2025-03-18"", ""2025-03-19""]",2025-03-05,15,474,10,False,,0,67,390
primary,2025-03-20,B2,-1.2593955497240373e-05,1.3693701140226038,-1.2593955497240373e-05,1.3693701140226038,2,"[""2025-03-06"", ""2025-03-07"", ""2025-03-10"", ""2025-03-11"", ""2025-03-12"", ""2025-03-13"", ""2025-03-14"", ""2025-03-17"", ""2025-03-18"", ""2025-03-19""]",2025-03-05,15,431,10,False,,0,83,390
primary,2025-03-21,B0,-9.323070933766788e-06,1.421151293071493,-9.323070933766788e-06,1.421151293071493,2,"[""2025-03-07"", ""2025-03-10"", ""2025-03-11"", ""2025-03-12"", ""2025-03-13"", ""2025-03-14"", ""2025-03-17"", ""2025-03-18"", ""2025-03-19"", ""2025-03-20""]",2025-03-06,31,228,10,False,,0,80,390
primary,2025-03-21,B1,-1.3882977082213436e-05,1.381278693845383,-1.3882977082213436e-05,1.381278693845383,2,"[""2025-03-07"", ""2025-03-10"", ""2025-03-11"", ""2025-03-12"", ""2025-03-13"", ""2025-03-14"", ""2025-03-17"", ""2025-03-18"", ""2025-03-19"", ""2025-03-20""]",2025-03-06,15,433,10,False,,0,131,390
primary,2025-03-21,B2,-1.2244529458798893e-05,1.3878135170429697,-1.2244529458798893e-05,1.3878135170429697,2,"[""2025-03-07"", ""2025-03-10"", ""2025-03-11"", ""2025-03-12"", ""2025-03-13"", ""2025-03-14"", ""2025-03-17"", ""2025-03-18"", ""2025-03-19"", ""2025-03-20""]",2025-03-06,15,279,10,False,,0,114,390
primary,2025-03-24,B0,-9.027215155960651e-06,1.3773483023726734,-9.027215155960651e-06,1.3773483023726734,2,"[""2025-03-10"", ""2025-03-11"", ""2025-03-12"", ""2025-03-13"", ""2025-03-14"", ""2025-03-17"", ""2025-03-18"", ""2025-03-19"", ""2025-03-20"", ""2025-03-21""]",2025-03-07,15,413,10,False,,0,112,390
primary,2025-03-24,B1,-1.498945117778725e-05,1.4079819070686368,-1.498945117778725e-05,1.4079819070686368,2,"[""2025-03-10"", ""2025-03-11"", ""2025-03-12"", ""2025-03-13"", ""2025-03-14"", ""2025-03-17"", ""2025-03-18"", ""2025-03-19"", ""2025-03-20"", ""2025-03-21""]",2025-03-07,15,350,10,False,,0,218,390
primary,2025-03-24,B2,-1.1793867549417935e-05,1.3537768299340203,-1.1793867549417935e-05,1.3537768299340203,2,"[""2025-03-10"", ""2025-03-11"", ""2025-03-12"", ""2025-03-13"", ""2025-03-14"", ""2025-03-17"", ""2025-03-18"", ""2025-03-19"", ""2025-03-20"", ""2025-03-21""]",2025-03-07,63,116,10,False,,0,173,390
primary,2025-03-25,B0,-8.600487465829902e-06,1.3618980477869433,-8.600487465829902e-06,1.3618980477869433,2,"[""2025-03-11"", ""2025-03-12"", ""2025-03-13"", ""2025-03-14"", ""2025-03-17"", ""2025-03-18"", ""2025-03-19"", ""2025-03-20"", ""2025-03-21"", ""2025-03-24""]",2025-03-10,31,245,10,False,,0,147,390
primary,2025-03-25,B1,-1.2952273487189605e-05,1.3364902522040871,-1.2952273487189605e-05,1.3364902522040871,2,"[""2025-03-11"", ""2025-03-12"", ""2025-03-13"", ""2025-03-14"", ""2025-03-17"", ""2025-03-18"", ""2025-03-19"", ""2025-03-20"", ""2025-03-21"", ""2025-03-24""]",2025-03-10,15,579,10,False,,0,240,390
primary,2025-03-25,B2,-1.4404532291668148e-05,1.484035386195403,-1.4404532291668148e-05,1.484035386195403,2,"[""2025-03-11"", ""2025-03-12"", ""2025-03-13"", ""2025-03-14"", ""2025-03-17"", ""2025-03-18"", ""2025-03-19"", ""2025-03-20"", ""2025-03-21"", ""2025-03-24""]",2025-03-10,15,224,10,False,,0,237,390
primary,2025-03-26,B0,2.5255326984556675e-07,0.994785838378896,2.5255326984556675e-07,0.994785838378896,2,"[""2025-03-12"", ""2025-03-13"", ""2025-03-14"", ""2025-03-17"", ""2025-03-18"", ""2025-03-19"", ""2025-03-20"", ""2025-03-21"", ""2025-03-24"", ""2025-03-25""]",2025-03-11,15,128,10,False,,0,0,390
primary,2025-03-26,B1,-1.3899296037814348e-06,1.0160519456331552,-1.3899296037814348e-06,1.0160519456331552,2,"[""2025-03-12"", ""2025-03-13"", ""2025-03-14"", ""2025-03-17"", ""2025-03-18"", ""2025-03-19"", ""2025-03-20"", ""2025-03-21"", ""2025-03-24"", ""2025-03-25""]",2025-03-11,63,69,10,False,,0,0,390
primary,2025-03-26,B2,-1.7537970602287006e-06,1.0370695055613102,-1.7537970602287006e-06,1.0370695055613102,2,"[""2025-03-12"", ""2025-03-13"", ""2025-03-14"", ""2025-03-17"", ""2025-03-18"", ""2025-03-19"", ""2025-03-20"", ""2025-03-21"", ""2025-03-24"", ""2025-03-25""]",2025-03-11,63,73,10,False,,0,0,390
primary,2025-03-27,B0,-1.1717732298263473e-06,1.0705970604584778,-1.1717732298263473e-06,1.0705970604584778,2,"[""2025-03-13"", ""2025-03-14"", ""2025-03-17"", ""2025-03-18"", ""2025-03-19"", ""2025-03-20"", ""2025-03-21"", ""2025-03-24"", ""2025-03-25"", ""2025-03-26""]",2025-03-12,15,103,10,False,,0,0,390
primary,2025-03-27,B1,-1.454293923238612e-06,1.015569747531729,-1.454293923238612e-06,1.015569747531729,2,"[""2025-03-13"", ""2025-03-14"", ""2025-03-17"", ""2025-03-18"", ""2025-03-19"", ""2025-03-20"", ""2025-03-21"", ""2025-03-24"", ""2025-03-25"", ""2025-03-26""]",2025-03-12,63,76,10,False,,0,0,390
primary,2025-03-27,B2,-2.59320644771895e-07,0.9280545249299778,-2.59320644771895e-07,0.9280545249299778,2,"[""2025-03-13"", ""2025-03-14"", ""2025-03-17"", ""2025-03-18"", ""2025-03-19"", ""2025-03-20"", ""2025-03-21"", ""2025-03-24"", ""2025-03-25"", ""2025-03-26""]",2025-03-12,15,340,10,False,,0,0,390
primary,2025-03-28,B0,-9.210528195733472e-06,1.4645413713926674,-9.210528195733472e-06,1.4645413713926674,2,"[""2025-03-14"", ""2025-03-17"", ""2025-03-18"", ""2025-03-19"", ""2025-03-20"", ""2025-03-21"", ""2025-03-24"", ""2025-03-25"", ""2025-03-26"", ""2025-03-27""]",2025-03-13,15,106,10,False,,0,64,390
primary,2025-03-28,B1,-4.756504571899254e-06,1.1242719307877214,-4.756504571899254e-06,1.1242719307877214,2,"[""2025-03-14"", ""2025-03-17"", ""2025-03-18"", ""2025-03-19"", ""2025-03-20"", ""2025-03-21"", ""2025-03-24"", ""2025-03-25"", ""2025-03-26"", ""2025-03-27""]",2025-03-13,31,332,10,False,,0,11,390
primary,2025-03-28,B2,-5.8595931583401106e-06,1.1934053213063232,-5.8595931583401106e-06,1.1934053213063232,2,"[""2025-03-14"", ""2025-03-17"", ""2025-03-18"", ""2025-03-19"", ""2025-03-20"", ""2025-03-21"", ""2025-03-24"", ""2025-03-25"", ""2025-03-26"", ""2025-03-27""]",2025-03-13,15,239,10,False,,0,21,390
primary,2025-03-31,B0,-5.950195756534373e-06,1.3049300576183753,-5.950195756534373e-06,1.3049300576183753,2,"[""2025-03-17"", ""2025-03-18"", ""2025-03-19"", ""2025-03-20"", ""2025-03-21"", ""2025-03-24"", ""2025-03-25"", ""2025-03-26"", ""2025-03-27"", ""2025-03-28""]",2025-03-14,15,273,10,False,,0,0,390
primary,2025-03-31,B1,-1.961966373619406e-06,1.033435625177324,-1.961966373619406e-06,1.033435625177324,2,"[""2025-03-17"", ""2025-03-18"", ""2025-03-19"", ""2025-03-20"", ""2025-03-21"", ""2025-03-24"", ""2025-03-25"", ""2025-03-26"", ""2025-03-27"", ""2025-03-28""]",2025-03-14,31,383,10,False,,0,0,390
primary,2025-03-31,B2,-4.219013564945921e-06,1.1513113192347533,-4.219013564945921e-06,1.1513113192347533,2,"[""2025-03-17"", ""2025-03-18"", ""2025-03-19"", ""2025-03-20"", ""2025-03-21"", ""2025-03-24"", ""2025-03-25"", ""2025-03-26"", ""2025-03-27"", ""2025-03-28""]",2025-03-14,15,521,10,False,,0,0,390
primary,2025-04-01,B0,-7.704940541760292e-06,1.4085037136888348,-7.704940541760292e-06,1.4085037136888348,2,"[""2025-03-18"", ""2025-03-19"", ""2025-03-20"", ""2025-03-21"", ""2025-03-24"", ""2025-03-25"", ""2025-03-26"", ""2025-03-27"", ""2025-03-28"", ""2025-03-31""]",2025-03-17,31,106,10,False,,0,2,390
primary,2025-04-01,B1,-2.013701038828223e-06,1.0695299698713876,-2.013701038828223e-06,1.0695299698713876,2,"[""2025-03-18"", ""2025-03-19"", ""2025-03-20"", ""2025-03-21"", ""2025-03-24"", ""2025-03-25"", ""2025-03-26"", ""2025-03-27"", ""2025-03-28"", ""2025-03-31""]",2025-03-17,31,368,10,False,,0,0,390
primary,2025-04-01,B2,-3.970207671175808e-06,1.165523864348932,-3.970207671175808e-06,1.165523864348932,2,"[""2025-03-18"", ""2025-03-19"", ""2025-03-20"", ""2025-03-21"", ""2025-03-24"", ""2025-03-25"", ""2025-03-26"", ""2025-03-27"", ""2025-03-28"", ""2025-03-31""]",2025-03-17,15,388,10,False,,0,0,390
primary,2025-04-02,B0,-2.7281289777355102e-06,1.1490281926503545,-2.7281289777355102e-06,1.1490281926503545,2,"[""2025-03-19"", ""2025-03-20"", ""2025-03-21"", ""2025-03-24"", ""2025-03-25"", ""2025-03-26"", ""2025-03-27"", ""2025-03-28"", ""2025-03-31"", ""2025-04-01""]",2025-03-18,15,156,10,False,,0,0,390
primary,2025-04-02,B1,1.2618065171372921e-06,0.9124823705311977,1.2618065171372921e-06,0.9124823705311977,2,"[""2025-03-19"", ""2025-03-20"", ""2025-03-21"", ""2025-03-24"", ""2025-03-25"", ""2025-03-26"", ""2025-03-27"", ""2025-03-28"", ""2025-03-31"", ""2025-04-01""]",2025-03-18,15,656,10,False,,0,0,390
primary,2025-04-02,B2,-1.5772154843889657e-06,1.0733683612853053,-1.5772154843889657e-06,1.0733683612853053,2,"[""2025-03-19"", ""2025-03-20"", ""2025-03-21"", ""2025-03-24"", ""2025-03-25"", ""2025-03-26"", ""2025-03-27"", ""2025-03-28"", ""2025-03-31"", ""2025-04-01""]",2025-03-18,31,222,10,False,,0,0,390
primary,2025-04-03,B0,-1.0450937323362686e-05,1.4920287058627735,-1.0450937323362686e-05,1.4920287058627735,2,"[""2025-03-20"", ""2025-03-21"", ""2025-03-24"", ""2025-03-25"", ""2025-03-26"", ""2025-03-27"", ""2025-03-28"", ""2025-03-31"", ""2025-04-01"", ""2025-04-02""]",2025-03-19,15,134,10,False,,0,0,390
primary,2025-04-03,B1,-6.334843623839827e-06,1.2721649962587376,-6.334843623839827e-06,1.2721649962587376,2,"[""2025-03-20"", ""2025-03-21"", ""2025-03-24"", ""2025-03-25"", ""2025-03-26"", ""2025-03-27"", ""2025-03-28"", ""2025-03-31"", ""2025-04-01"", ""2025-04-02""]",2025-03-19,63,194,10,False,,0,0,390
primary,2025-04-03,B2,-8.110572004607553e-06,1.3799618966970886,-8.110572004607553e-06,1.3799618966970886,2,"[""2025-03-20"", ""2025-03-21"", ""2025-03-24"", ""2025-03-25"", ""2025-03-26"", ""2025-03-27"", ""2025-03-28"", ""2025-03-31"", ""2025-04-01"", ""2025-04-02""]",2025-03-19,63,209,10,False,,0,0,390
primary,2025-04-07,B0,-3.662458141873199e-06,1.2109027658069613,-3.662458141873199e-06,1.2109027658069613,2,"[""2025-03-21"", ""2025-03-24"", ""2025-03-25"", ""2025-03-26"", ""2025-03-27"", ""2025-03-28"", ""2025-03-31"", ""2025-04-01"", ""2025-04-02"", ""2025-04-03""]",2025-03-20,15,230,10,False,,0,0,390
primary,2025-04-07,B1,-2.559019493339168e-06,1.1209454676464805,-2.559019493339168e-06,1.1209454676464805,2,"[""2025-03-21"", ""2025-03-24"", ""2025-03-25"", ""2025-03-26"", ""2025-03-27"", ""2025-03-28"", ""2025-03-31"", ""2025-04-01"", ""2025-04-02"", ""2025-04-03""]",2025-03-20,63,300,10,False,,0,0,390
primary,2025-04-07,B2,-4.967734990561318e-06,1.2318352332756022,-4.967734990561318e-06,1.2318352332756022,2,"[""2025-03-21"", ""2025-03-24"", ""2025-03-25"", ""2025-03-26"", ""2025-03-27"", ""2025-03-28"", ""2025-03-31"", ""2025-04-01"", ""2025-04-02"", ""2025-04-03""]",2025-03-20,31,239,10,False,,0,0,390
primary,2025-04-08,B0,-6.656709421912941e-05,3.4190295478239148,-6.656709421912941e-05,3.4190295478239148,2,"[""2025-03-24"", ""2025-03-25"", ""2025-03-26"", ""2025-03-27"", ""2025-03-28"", ""2025-03-31"", ""2025-04-01"", ""2025-04-02"", ""2025-04-03"", ""2025-04-07""]",2025-03-21,31,197,10,False,,0,0,390
primary,2025-04-08,B1,-6.872001769749777e-05,3.326019094629103,-6.872001769749777e-05,3.326019094629103,2,"[""2025-03-24"", ""2025-03-25"", ""2025-03-26"", ""2025-03-27"", ""2025-03-28"", ""2025-03-31"", ""2025-04-01"", ""2025-04-02"", ""2025-04-03"", ""2025-04-07""]",2025-03-21,31,390,10,False,,0,0,390
primary,2025-04-08,B2,-8.294740511558435e-05,3.899269648652822,-8.294740511558435e-05,3.899269648652822,2,"[""2025-03-24"", ""2025-03-25"", ""2025-03-26"", ""2025-03-27"", ""2025-03-28"", ""2025-03-31"", ""2025-04-01"", ""2025-04-02"", ""2025-04-03"", ""2025-04-07""]",2025-03-21,31,227,10,False,,0,0,390
primary,2025-04-09,B0,-5.910202557643817e-05,2.892667672511578,-5.910202557643817e-05,2.892667672511578,2,"[""2025-03-25"", ""2025-03-26"", ""2025-03-27"", ""2025-03-28"", ""2025-03-31"", ""2025-04-01"", ""2025-04-02"", ""2025-04-03"", ""2025-04-07"", ""2025-04-08""]",2025-03-24,63,207,10,False,,0,0,390
primary,2025-04-09,B1,-6.440643773388845e-05,2.850894332703609,-6.440643773388845e-05,2.850894332703609,2,"[""2025-03-25"", ""2025-03-26"", ""2025-03-27"", ""2025-03-28"", ""2025-03-31"", ""2025-04-01"", ""2025-04-02"", ""2025-04-03"", ""2025-04-07"", ""2025-04-08""]",2025-03-24,31,439,10,False,,0,0,390
primary,2025-04-09,B2,-7.083245817855944e-05,3.1997562104439927,-7.083245817855944e-05,3.1997562104439927,2,"[""2025-03-25"", ""2025-03-26"", ""2025-03-27"", ""2025-03-28"", ""2025-03-31"", ""2025-04-01"", ""2025-04-02"", ""2025-04-03"", ""2025-04-07"", ""2025-04-08""]",2025-03-24,63,196,10,False,,0,0,390
primary,2025-04-10,B0,-7.952433714901798e-05,3.309299826672945,-7.952433714901798e-05,3.309299826672945,2,"[""2025-03-26"", ""2025-03-27"", ""2025-03-28"", ""2025-03-31"", ""2025-04-01"", ""2025-04-02"", ""2025-04-03"", ""2025-04-07"", ""2025-04-08"", ""2025-04-09""]",2025-03-25,15,200,10,False,,0,0,390
primary,2025-04-10,B1,-8.649159646606013e-05,3.3095019147066793,-8.649159646606013e-05,3.3095019147066793,2,"[""2025-03-26"", ""2025-03-27"", ""2025-03-28"", ""2025-03-31"", ""2025-04-01"", ""2025-04-02"", ""2025-04-03"", ""2025-04-07"", ""2025-04-08"", ""2025-04-09""]",2025-03-25,15,242,10,False,,0,0,390
primary,2025-04-10,B2,-9.034344767334213e-05,3.59185422038546,-9.034344767334213e-05,3.59185422038546,2,"[""2025-03-26"", ""2025-03-27"", ""2025-03-28"", ""2025-03-31"", ""2025-04-01"", ""2025-04-02"", ""2025-04-03"", ""2025-04-07"", ""2025-04-08"", ""2025-04-09""]",2025-03-25,31,394,10,False,,0,0,390
primary,2025-04-11,B0,-7.637552977343606e-05,3.0126022781349864,-7.637552977343606e-05,3.0126022781349864,2,"[""2025-03-27"", ""2025-03-28"", ""2025-03-31"", ""2025-04-01"", ""2025-04-02"", ""2025-04-03"", ""2025-04-07"", ""2025-04-08"", ""2025-04-09"", ""2025-04-10""]",2025-03-26,15,196,10,False,,0,0,390
primary,2025-04-11,B1,-8.600949254468045e-05,3.1200135607038177,-8.600949254468045e-05,3.1200135607038177,2,"[""2025-03-27"", ""2025-03-28"", ""2025-03-31"", ""2025-04-01"", ""2025-04-02"", ""2025-04-03"", ""2025-04-07"", ""2025-04-08"", ""2025-04-09"", ""2025-04-10""]",2025-03-26,31,139,10,False,,0,0,390
primary,2025-04-11,B2,-9.239778687197303e-05,3.4072061346739875,-9.239778687197303e-05,3.4072061346739875,2,"[""2025-03-27"", ""2025-03-28"", ""2025-03-31"", ""2025-04-01"", ""2025-04-02"", ""2025-04-03"", ""2025-04-07"", ""2025-04-08"", ""2025-04-09"", ""2025-04-10""]",2025-03-26,31,247,10,False,,0,3,390
primary,2025-04-14,B0,-9.301044046191188e-05,3.123116402511021,-9.301044046191188e-05,3.123116402511021,2,"[""2025-03-28"", ""2025-03-31"", ""2025-04-01"", ""2025-04-02"", ""2025-04-03"", ""2025-04-07"", ""2025-04-08"", ""2025-04-09"", ""2025-04-10"", ""2025-04-11""]",2025-03-27,15,161,10,False,,0,105,390
primary,2025-04-14,B1,-0.00010733858298081332,3.2117768673232376,-0.00010733858298081332,3.2117768673232376,2,"[""2025-03-28"", ""2025-03-31"", ""2025-04-01"", ""2025-04-02"", ""2025-04-03"", ""2025-04-07"", ""2025-04-08"", ""2025-04-09"", ""2025-04-10"", ""2025-04-11""]",2025-03-27,31,236,10,False,,0,99,390
primary,2025-04-14,B2,-0.00011682523129531755,3.604253407220936,-0.00011682523129531755,3.604253407220936,2,"[""2025-03-28"", ""2025-03-31"", ""2025-04-01"", ""2025-04-02"", ""2025-04-03"", ""2025-04-07"", ""2025-04-08"", ""2025-04-09"", ""2025-04-10"", ""2025-04-11""]",2025-03-27,31,339,10,False,,0,102,390
primary,2025-04-15,B0,-0.00010089246205926541,3.1647287961207082,-0.00010089246205926541,3.1647287961207082,2,"[""2025-03-31"", ""2025-04-01"", ""2025-04-02"", ""2025-04-03"", ""2025-04-07"", ""2025-04-08"", ""2025-04-09"", ""2025-04-10"", ""2025-04-11"", ""2025-04-14""]",2025-03-28,15,230,10,False,,0,264,390
primary,2025-04-15,B1,-0.00011582631324857144,3.2727862354985877,-0.00011582631324857144,3.2727862354985877,2,"[""2025-03-31"", ""2025-04-01"", ""2025-04-02"", ""2025-04-03"", ""2025-04-07"", ""2025-04-08"", ""2025-04-09"", ""2025-04-10"", ""2025-04-11"", ""2025-04-14""]",2025-03-28,31,207,10,False,,0,277,390
primary,2025-04-15,B2,-0.00012278187388023304,3.620456886261195,-0.00012278187388023304,3.620456886261195,2,"[""2025-03-31"", ""2025-04-01"", ""2025-04-02"", ""2025-04-03"", ""2025-04-07"", ""2025-04-08"", ""2025-04-09"", ""2025-04-10"", ""2025-04-11"", ""2025-04-14""]",2025-03-28,63,144,10,False,,0,272,390
primary,2025-04-16,B0,-9.987510154577158e-05,3.1624324081110116,-9.987510154577158e-05,3.1624324081110116,2,"[""2025-04-01"", ""2025-04-02"", ""2025-04-03"", ""2025-04-07"", ""2025-04-08"", ""2025-04-09"", ""2025-04-10"", ""2025-04-11"", ""2025-04-14"", ""2025-04-15""]",2025-03-31,15,245,10,False,,0,249,390
primary,2025-04-16,B1,-0.0001171169147348412,3.281033244490936,-0.0001171169147348412,3.281033244490936,2,"[""2025-04-01"", ""2025-04-02"", ""2025-04-03"", ""2025-04-07"", ""2025-04-08"", ""2025-04-09"", ""2025-04-10"", ""2025-04-11"", ""2025-04-14"", ""2025-04-15""]",2025-03-31,31,247,10,False,,0,253,390
primary,2025-04-16,B2,-0.00012388326393030026,3.6642309990212283,-0.00012388326393030026,3.6642309990212283,2,"[""2025-04-01"", ""2025-04-02"", ""2025-04-03"", ""2025-04-07"", ""2025-04-08"", ""2025-04-09"", ""2025-04-10"", ""2025-04-11"", ""2025-04-14"", ""2025-04-15""]",2025-03-31,63,219,10,False,,0,250,390
primary,2025-04-17,B0,-9.326859700396741e-05,3.12554210537078,-9.326859700396741e-05,3.12554210537078,2,"[""2025-04-02"", ""2025-04-03"", ""2025-04-07"", ""2025-04-08"", ""2025-04-09"", ""2025-04-10"", ""2025-04-11"", ""2025-04-14"", ""2025-04-15"", ""2025-04-16""]",2025-04-01,15,189,10,False,,0,213,390
primary,2025-04-17,B1,-0.00010021422987148465,3.1790095966508867,-0.00010021422987148465,3.1790095966508867,2,"[""2025-04-02"", ""2025-04-03"", ""2025-04-07"", ""2025-04-08"", ""2025-04-09"", ""2025-04-10"", ""2025-04-11"", ""2025-04-14"", ""2025-04-15"", ""2025-04-16""]",2025-04-01,63,304,10,False,,0,256,390
primary,2025-04-17,B2,-0.00011155541766653174,3.532663288177317,-0.00011155541766653174,3.532663288177317,2,"[""2025-04-02"", ""2025-04-03"", ""2025-04-07"", ""2025-04-08"", ""2025-04-09"", ""2025-04-10"", ""2025-04-11"", ""2025-04-14"", ""2025-04-15"", ""2025-04-16""]",2025-04-01,63,246,10,False,,0,262,390
primary,2025-04-21,B0,-8.441108670379241e-05,2.938932178625669,-8.441108670379241e-05,2.938932178625669,2,"[""2025-04-03"", ""2025-04-07"", ""2025-04-08"", ""2025-04-09"", ""2025-04-10"", ""2025-04-11"", ""2025-04-14"", ""2025-04-15"", ""2025-04-16"", ""2025-04-17""]",2025-04-02,15,317,10,False,,0,310,390
primary,2025-04-21,B1,-0.00010228794406547065,3.2134693815489053,-0.00010228794406547065,3.2134693815489053,2,"[""2025-04-03"", ""2025-04-07"", ""2025-04-08"", ""2025-04-09"", ""2025-04-10"", ""2025-04-11"", ""2025-04-14"", ""2025-04-15"", ""2025-04-16"", ""2025-04-17""]",2025-04-02,31,262,10,False,,0,267,390
primary,2025-04-21,B2,-0.00011589852481413819,3.693401663266516,-0.00011589852481413819,3.693401663266516,2,"[""2025-04-03"", ""2025-04-07"", ""2025-04-08"", ""2025-04-09"", ""2025-04-10"", ""2025-04-11"", ""2025-04-14"", ""2025-04-15"", ""2025-04-16"", ""2025-04-17""]",2025-04-02,63,207,10,False,,0,274,390
primary,2025-04-22,B0,-7.226067344428183e-05,2.9311368406842497,-7.226067344428183e-05,2.9311368406842497,2,"[""2025-04-07"", ""2025-04-08"", ""2025-04-09"", ""2025-04-10"", ""2025-04-11"", ""2025-04-14"", ""2025-04-15"", ""2025-04-16"", ""2025-04-17"", ""2025-04-21""]",2025-04-03,15,145,10,False,,0,255,390
primary,2025-04-22,B1,-9.054702767787487e-05,3.1512139380566326,-9.054702767787487e-05,3.1512139380566326,2,"[""2025-04-07"", ""2025-04-08"", ""2025-04-09"", ""2025-04-10"", ""2025-04-11"", ""2025-04-14"", ""2025-04-15"", ""2025-04-16"", ""2025-04-17"", ""2025-04-21""]",2025-04-03,31,169,10,False,,0,258,390
primary,2025-04-22,B2,-9.743392227766757e-05,3.4205610808593745,-9.743392227766757e-05,3.4205610808593745,2,"[""2025-04-07"", ""2025-04-08"", ""2025-04-09"", ""2025-04-10"", ""2025-04-11"", ""2025-04-14"", ""2025-04-15"", ""2025-04-16"", ""2025-04-17"", ""2025-04-21""]",2025-04-03,15,206,10,False,,0,257,390
primary,2025-04-23,B0,-2.9589647868845412e-05,1.719726971071875,-2.9589647868845412e-05,1.719726971071875,2,"[""2025-04-08"", ""2025-04-09"", ""2025-04-10"", ""2025-04-11"", ""2025-04-14"", ""2025-04-15"", ""2025-04-16"", ""2025-04-17"", ""2025-04-21"", ""2025-04-22""]",2025-04-07,15,296,10,False,,0,41,390
primary,2025-04-23,B1,-2.8304818407013368e-05,1.3688832922503102,-2.8304818407013368e-05,1.3688832922503102,2,"[""2025-04-08"", ""2025-04-09"", ""2025-04-10"", ""2025-04-11"", ""2025-04-14"", ""2025-04-15"", ""2025-04-16"", ""2025-04-17"", ""2025-04-21"", ""2025-04-22""]",2025-04-07,15,241,10,False,,0,61,390
primary,2025-04-23,B2,-3.105892014907585e-05,1.5126207855787153,-3.105892014907585e-05,1.5126207855787153,2,"[""2025-04-08"", ""2025-04-09"", ""2025-04-10"", ""2025-04-11"", ""2025-04-14"", ""2025-04-15"", ""2025-04-16"", ""2025-04-17"", ""2025-04-21"", ""2025-04-22""]",2025-04-07,63,124,10,False,,0,104,390
primary,2025-04-24,B0,-3.0524073122969296e-05,1.7310695381861163,-3.0524073122969296e-05,1.7310695381861163,2,"[""2025-04-09"", ""2025-04-10"", ""2025-04-11"", ""2025-04-14"", ""2025-04-15"", ""2025-04-16"", ""2025-04-17"", ""2025-04-21"", ""2025-04-22"", ""2025-04-23""]",2025-04-08,63,128,10,False,,0,230,390
primary,2025-04-24,B1,-4.423444940519493e-05,1.8112175393454448,-4.423444940519493e-05,1.8112175393454448,2,"[""2025-04-09"", ""2025-04-10"", ""2025-04-11"", ""2025-04-14"", ""2025-04-15"", ""2025-04-16"", ""2025-04-17"", ""2025-04-21"", ""2025-04-22"", ""2025-04-23""]",2025-04-08,63,424,10,False,,0,286,390
primary,2025-04-24,B2,-4.188657683247705e-05,1.7644613060388912,-4.188657683247705e-05,1.7644613060388912,2,"[""2025-04-09"", ""2025-04-10"", ""2025-04-11"", ""2025-04-14"", ""2025-04-15"", ""2025-04-16"", ""2025-04-17"", ""2025-04-21"", ""2025-04-22"", ""2025-04-23""]",2025-04-08,15,170,10,False,,0,283,390
primary,2025-04-25,B0,-1.0246420819647244e-05,1.3188463727517592,-1.0246420819647244e-05,1.3188463727517592,2,"[""2025-04-10"", ""2025-04-11"", ""2025-04-14"", ""2025-04-15"", ""2025-04-16"", ""2025-04-17"", ""2025-04-21"", ""2025-04-22"", ""2025-04-23"", ""2025-04-24""]",2025-04-09,15,44,10,False,,0,45,390
primary,2025-04-25,B1,-1.6903856058989247e-05,1.3894359743607556,-1.6903856058989247e-05,1.3894359743607556,2,"[""2025-04-10"", ""2025-04-11"", ""2025-04-14"", ""2025-04-15"", ""2025-04-16"", ""2025-04-17"", ""2025-04-21"", ""2025-04-22"", ""2025-04-23"", ""2025-04-24""]",2025-04-09,63,44,10,False,,0,100,390
primary,2025-04-25,B2,-1.7563753756051865e-05,1.4312800535829775,-1.7563753756051865e-05,1.4312800535829775,2,"[""2025-04-10"", ""2025-04-11"", ""2025-04-14"", ""2025-04-15"", ""2025-04-16"", ""2025-04-17"", ""2025-04-21"", ""2025-04-22"", ""2025-04-23"", ""2025-04-24""]",2025-04-09,31,44,10,False,,0,118,390
primary,2025-04-28,B0,5.112287272833519e-07,1.0743701488165196,5.112287272833519e-07,1.0743701488165196,2,"[""2025-04-11"", ""2025-04-14"", ""2025-04-15"", ""2025-04-16"", ""2025-04-17"", ""2025-04-21"", ""2025-04-22"", ""2025-04-23"", ""2025-04-24"", ""2025-04-25""]",2025-04-10,15,29,10,False,,0,0,390
primary,2025-04-28,B1,-7.882699564596988e-06,1.2241018923244293,-7.882699564596988e-06,1.2241018923244293,2,"[""2025-04-11"", ""2025-04-14"", ""2025-04-15"", ""2025-04-16"", ""2025-04-17"", ""2025-04-21"", ""2025-04-22"", ""2025-04-23"", ""2025-04-24"", ""2025-04-25""]",2025-04-10,15,26,10,False,,0,12,390
primary,2025-04-28,B2,-9.508375637785223e-06,1.2942416422733802,-9.508375637785223e-06,1.2942416422733802,2,"[""2025-04-11"", ""2025-04-14"", ""2025-04-15"", ""2025-04-16"", ""2025-04-17"", ""2025-04-21"", ""2025-04-22"", ""2025-04-23"", ""2025-04-24"", ""2025-04-25""]",2025-04-10,63,25,10,False,,0,14,390
primary,2025-04-29,B0,4.33228634206802e-06,0.9003260180722261,4.33228634206802e-06,0.9003260180722261,2,"[""2025-04-14"", ""2025-04-15"", ""2025-04-16"", ""2025-04-17"", ""2025-04-21"", ""2025-04-22"", ""2025-04-23"", ""2025-04-24"", ""2025-04-25"", ""2025-04-28""]",2025-04-11,31,35,10,False,,0,0,366
primary,2025-04-29,B1,2.3953774028246755e-06,0.8834627008002416,2.3953774028246755e-06,0.8834627008002416,2,"[""2025-04-14"", ""2025-04-15"", ""2025-04-16"", ""2025-04-17"", ""2025-04-21"", ""2025-04-22"", ""2025-04-23"", ""2025-04-24"", ""2025-04-25"", ""2025-04-28""]",2025-04-11,15,38,10,False,,0,0,366
primary,2025-04-29,B2,1.055868598982742e-06,0.9363579758838676,1.055868598982742e-06,0.9363579758838676,2,"[""2025-04-14"", ""2025-04-15"", ""2025-04-16"", ""2025-04-17"", ""2025-04-21"", ""2025-04-22"", ""2025-04-23"", ""2025-04-24"", ""2025-04-25"", ""2025-04-28""]",2025-04-11,15,38,10,False,,0,0,366
primary,2025-04-30,B0,-3.1152765502115773e-06,1.1769341452233375,-3.1152765502115773e-06,1.1769341452233375,2,"[""2025-04-15"", ""2025-04-16"", ""2025-04-17"", ""2025-04-21"", ""2025-04-22"", ""2025-04-23"", ""2025-04-24"", ""2025-04-25"", ""2025-04-28"", ""2025-04-29""]",2025-04-14,15,49,10,False,,0,0,369
primary,2025-04-30,B1,-1.0718061214977245e-05,1.4193949735304245,-1.0718061214977245e-05,1.4193949735304245,2,"[""2025-04-15"", ""2025-04-16"", ""2025-04-17"", ""2025-04-21"", ""2025-04-22"", ""2025-04-23"", ""2025-04-24"", ""2025-04-25"", ""2025-04-28"", ""2025-04-29""]",2025-04-14,15,35,10,False,,0,0,369
primary,2025-04-30,B2,-1.0209026418417262e-05,1.379781176042978,-1.0209026418417262e-05,1.379781176042978,2,"[""2025-04-15"", ""2025-04-16"", ""2025-04-17"", ""2025-04-21"", ""2025-04-22"", ""2025-04-23"", ""2025-04-24"", ""2025-04-25"", ""2025-04-28"", ""2025-04-29""]",2025-04-14,31,37,10,False,,0,0,369
primary,2025-05-01,B0,-7.988032602060278e-06,1.440992020851622,-7.988032602060278e-06,1.440992020851622,2,"[""2025-04-16"", ""2025-04-17"", ""2025-04-21"", ""2025-04-22"", ""2025-04-23"", ""2025-04-24"", ""2025-04-25"", ""2025-04-28"", ""2025-04-29"", ""2025-04-30""]",2025-04-15,31,38,10,False,,0,0,390
primary,2025-05-01,B1,-1.0822906547391433e-05,1.4414001362399194,-1.0822906547391433e-05,1.4414001362399194,2,"[""2025-04-16"", ""2025-04-17"", ""2025-04-21"", ""2025-04-22"", ""2025-04-23"", ""2025-04-24"", ""2025-04-25"", ""2025-04-28"", ""2025-04-29"", ""2025-04-30""]",2025-04-15,15,41,10,False,,0,0,390
primary,2025-05-01,B2,-1.1847756833137155e-05,1.4613510375639975,-1.1847756833137155e-05,1.4613510375639975,2,"[""2025-04-16"", ""2025-04-17"", ""2025-04-21"", ""2025-04-22"", ""2025-04-23"", ""2025-04-24"", ""2025-04-25"", ""2025-04-28"", ""2025-04-29"", ""2025-04-30""]",2025-04-15,63,41,10,False,,0,2,390
primary,2025-05-02,B0,-6.5932262850233936e-06,1.3459872499610963,-6.5932262850233936e-06,1.3459872499610963,2,"[""2025-04-17"", ""2025-04-21"", ""2025-04-22"", ""2025-04-23"", ""2025-04-24"", ""2025-04-25"", ""2025-04-28"", ""2025-04-29"", ""2025-04-30"", ""2025-05-01""]",2025-04-16,15,40,10,False,,0,0,390
primary,2025-05-02,B1,-6.722858775052828e-06,1.1942317705837215,-6.722858775052828e-06,1.1942317705837215,2,"[""2025-04-17"", ""2025-04-21"", ""2025-04-22"", ""2025-04-23"", ""2025-04-24"", ""2025-04-25"", ""2025-04-28"", ""2025-04-29"", ""2025-04-30"", ""2025-05-01""]",2025-04-16,63,56,10,False,,0,13,390
primary,2025-05-02,B2,-6.158533154921931e-06,1.1827027198243683,-6.158533154921931e-06,1.1827027198243683,2,"[""2025-04-17"", ""2025-04-21"", ""2025-04-22"", ""2025-04-23"", ""2025-04-24"", ""2025-04-25"", ""2025-04-28"", ""2025-04-29"", ""2025-04-30"", ""2025-05-01""]",2025-04-16,63,62,10,False,,0,11,390
primary,2025-05-05,B0,-7.1544275383936766e-06,1.3723021765484318,-7.1544275383936766e-06,1.3723021765484318,2,"[""2025-04-21"", ""2025-04-22"", ""2025-04-23"", ""2025-04-24"", ""2025-04-25"", ""2025-04-28"", ""2025-04-29"", ""2025-04-30"", ""2025-05-01"", ""2025-05-02""]",2025-04-17,63,36,10,False,,0,25,390
primary,2025-05-05,B1,-6.456015556864842e-06,1.1958175981808132,-6.456015556864842e-06,1.1958175981808132,2,"[""2025-04-21"", ""2025-04-22"", ""2025-04-23"", ""2025-04-24"", ""2025-04-25"", ""2025-04-28"", ""2025-04-29"", ""2025-04-30"", ""2025-05-01"", ""2025-05-02""]",2025-04-17,63,43,10,False,,0,27,390
primary,2025-05-05,B2,-3.123899260424114e-06,1.063911074686252,-3.123899260424114e-06,1.063911074686252,2,"[""2025-04-21"", ""2025-04-22"", ""2025-04-23"", ""2025-04-24"", ""2025-04-25"", ""2025-04-28"", ""2025-04-29"", ""2025-04-30"", ""2025-05-01"", ""2025-05-02""]",2025-04-17,63,57,10,False,,0,0,390
primary,2025-05-06,B0,-5.63607651746743e-06,1.3031585512459578,-5.63607651746743e-06,1.3031585512459578,2,"[""2025-04-22"", ""2025-04-23"", ""2025-04-24"", ""2025-04-25"", ""2025-04-28"", ""2025-04-29"", ""2025-04-30"", ""2025-05-01"", ""2025-05-02"", ""2025-05-05""]",2025-04-21,31,40,10,False,,0,13,390
primary,2025-05-06,B1,1.070337831251849e-06,0.9001538186478771,1.070337831251849e-06,0.9001538186478771,2,"[""2025-04-22"", ""2025-04-23"", ""2025-04-24"", ""2025-04-25"", ""2025-04-28"", ""2025-04-29"", ""2025-04-30"", ""2025-05-01"", ""2025-05-02"", ""2025-05-05""]",2025-04-21,31,401,10,False,,0,0,390
primary,2025-05-06,B2,5.921252462130544e-07,0.9275975693293396,5.921252462130544e-07,0.9275975693293396,2,"[""2025-04-22"", ""2025-04-23"", ""2025-04-24"", ""2025-04-25"", ""2025-04-28"", ""2025-04-29"", ""2025-04-30"", ""2025-05-01"", ""2025-05-02"", ""2025-05-05""]",2025-04-21,15,585,10,False,,0,0,390
primary,2025-05-07,B0,1.7030136798890248e-06,0.9088290289976687,1.7030136798890248e-06,0.9088290289976687,2,"[""2025-04-23"", ""2025-04-24"", ""2025-04-25"", ""2025-04-28"", ""2025-04-29"", ""2025-04-30"", ""2025-05-01"", ""2025-05-02"", ""2025-05-05"", ""2025-05-06""]",2025-04-22,31,231,10,False,,0,0,390
primary,2025-05-07,B1,2.8597538313442916e-07,0.9228747327590076,2.8597538313442916e-07,0.9228747327590076,2,"[""2025-04-23"", ""2025-04-24"", ""2025-04-25"", ""2025-04-28"", ""2025-04-29"", ""2025-04-30"", ""2025-05-01"", ""2025-05-02"", ""2025-05-05"", ""2025-05-06""]",2025-04-22,15,708,10,False,,0,0,390
primary,2025-05-07,B2,-2.6246542107587065e-07,0.9559856524406496,-2.6246542107587065e-07,0.9559856524406496,2,"[""2025-04-23"", ""2025-04-24"", ""2025-04-25"", ""2025-04-28"", ""2025-04-29"", ""2025-04-30"", ""2025-05-01"", ""2025-05-02"", ""2025-05-05"", ""2025-05-06""]",2025-04-22,15,897,10,False,,0,0,390
primary,2025-05-08,B0,-3.9859417702164956e-07,1.0659804495679883,-3.9859417702164956e-07,1.0659804495679883,2,"[""2025-04-24"", ""2025-04-25"", ""2025-04-28"", ""2025-04-29"", ""2025-04-30"", ""2025-05-01"", ""2025-05-02"", ""2025-05-05"", ""2025-05-06"", ""2025-05-07""]",2025-04-23,15,299,10,False,,0,0,390
primary,2025-05-08,B1,-1.137697679572313e-06,1.0444658757908158,-1.137697679572313e-06,1.0444658757908158,2,"[""2025-04-24"", ""2025-04-25"", ""2025-04-28"", ""2025-04-29"", ""2025-04-30"", ""2025-05-01"", ""2025-05-02"", ""2025-05-05"", ""2025-05-06"", ""2025-05-07""]",2025-04-23,31,283,10,False,,0,0,390
primary,2025-05-08,B2,6.352176204196457e-07,0.969689024368474,6.352176204196457e-07,0.969689024368474,2,"[""2025-04-24"", ""2025-04-25"", ""2025-04-28"", ""2025-04-29"", ""2025-04-30"", ""2025-05-01"", ""2025-05-02"", ""2025-05-05"", ""2025-05-06"", ""2025-05-07""]",2025-04-23,31,277,10,False,,0,0,390
primary,2025-05-09,B0,2.0910992551382786e-07,1.052107239934869,2.0910992551382786e-07,1.052107239934869,2,"[""2025-04-25"", ""2025-04-28"", ""2025-04-29"", ""2025-04-30"", ""2025-05-01"", ""2025-05-02"", ""2025-05-05"", ""2025-05-06"", ""2025-05-07"", ""2025-05-08""]",2025-04-24,31,200,10,False,,0,0,390
primary,2025-05-09,B1,9.072285920408761e-08,1.0216809534122526,9.072285920408761e-08,1.0216809534122526,2,"[""2025-04-25"", ""2025-04-28"", ""2025-04-29"", ""2025-04-30"", ""2025-05-01"", ""2025-05-02"", ""2025-05-05"", ""2025-05-06"", ""2025-05-07"", ""2025-05-08""]",2025-04-24,15,565,10,False,,0,0,390
primary,2025-05-09,B2,5.337980485400859e-08,1.0283466915380066,5.337980485400859e-08,1.0283466915380066,2,"[""2025-04-25"", ""2025-04-28"", ""2025-04-29"", ""2025-04-30"", ""2025-05-01"", ""2025-05-02"", ""2025-05-05"", ""2025-05-06"", ""2025-05-07"", ""2025-05-08""]",2025-04-24,15,580,10,False,,0,0,390
primary,2025-05-12,B0,7.608607531241601e-07,1.0063107208928552,7.608607531241601e-07,1.0063107208928552,2,"[""2025-04-28"", ""2025-04-29"", ""2025-04-30"", ""2025-05-01"", ""2025-05-02"", ""2025-05-05"", ""2025-05-06"", ""2025-05-07"", ""2025-05-08"", ""2025-05-09""]",2025-04-25,15,302,10,False,,0,0,372
primary,2025-05-12,B1,6.169111619748171e-07,0.9750131313042235,6.169111619748171e-07,0.9750131313042235,2,"[""2025-04-28"", ""2025-04-29"", ""2025-04-30"", ""2025-05-01"", ""2025-05-02"", ""2025-05-05"", ""2025-05-06"", ""2025-05-07"", ""2025-05-08"", ""2025-05-09""]",2025-04-25,31,163,10,False,,0,0,372
primary,2025-05-12,B2,-1.987046045969058e-07,1.019945081646578,-1.987046045969058e-07,1.019945081646578,2,"[""2025-04-28"", ""2025-04-29"", ""2025-04-30"", ""2025-05-01"", ""2025-05-02"", ""2025-05-05"", ""2025-05-06"", ""2025-05-07"", ""2025-05-08"", ""2025-05-09""]",2025-04-25,31,107,10,False,,0,0,372
primary,2025-05-13,B0,-1.9033608596574963e-06,1.151547079972089,-1.9033608596574963e-06,1.151547079972089,2,"[""2025-04-29"", ""2025-04-30"", ""2025-05-01"", ""2025-05-02"", ""2025-05-05"", ""2025-05-06"", ""2025-05-07"", ""2025-05-08"", ""2025-05-09"", ""2025-05-12""]",2025-04-28,31,172,10,False,,0,0,378
primary,2025-05-13,B1,-1.6391174047341244e-06,1.1096299013814326,-1.6391174047341244e-06,1.1096299013814326,2,"[""2025-04-29"", ""2025-04-30"", ""2025-05-01"", ""2025-05-02"", ""2025-05-05"", ""2025-05-06"", ""2025-05-07"", ""2025-05-08"", ""2025-05-09"", ""2025-05-12""]",2025-04-28,31,304,10,False,,0,0,378
primary,2025-05-13,B2,-3.2501420405238145e-06,1.2015331183476303,-3.2501420405238145e-06,1.2015331183476303,2,"[""2025-04-29"", ""2025-04-30"", ""2025-05-01"", ""2025-05-02"", ""2025-05-05"", ""2025-05-06"", ""2025-05-07"", ""2025-05-08"", ""2025-05-09"", ""2025-05-12""]",2025-04-28,15,452,10,False,,0,4,378
primary,2025-05-14,B0,-3.616674724290798e-06,1.271756057667701,-3.616674724290798e-06,1.271756057667701,2,"[""2025-04-30"", ""2025-05-01"", ""2025-05-02"", ""2025-05-05"", ""2025-05-06"", ""2025-05-07"", ""2025-05-08"", ""2025-05-09"", ""2025-05-12"", ""2025-05-13""]",2025-04-29,63,137,10,False,,0,9,390
primary,2025-05-14,B1,-3.1822379165074508e-06,1.2233427323934463,-3.1822379165074508e-06,1.2233427323934463,2,"[""2025-04-30"", ""2025-05-01"", ""2025-05-02"", ""2025-05-05"", ""2025-05-06"", ""2025-05-07"", ""2025-05-08"", ""2025-05-09"", ""2025-05-12"", ""2025-05-13""]",2025-04-29,15,388,10,False,,0,0,390
primary,2025-05-14,B2,-3.990419569748962e-06,1.2577031695245555,-3.990419569748962e-06,1.2577031695245555,2,"[""2025-04-30"", ""2025-05-01"", ""2025-05-02"", ""2025-05-05"", ""2025-05-06"", ""2025-05-07"", ""2025-05-08"", ""2025-05-09"", ""2025-05-12"", ""2025-05-13""]",2025-04-29,15,335,10,False,,0,5,390
primary,2025-05-15,B0,-2.205924302922819e-06,1.1688039767333522,-2.205924302922819e-06,1.1688039767333522,2,"[""2025-05-01"", ""2025-05-02"", ""2025-05-05"", ""2025-05-06"", ""2025-05-07"", ""2025-05-08"", ""2025-05-09"", ""2025-05-12"", ""2025-05-13"", ""2025-05-14""]",2025-04-30,63,147,10,False,,0,0,384
primary,2025-05-15,B1,-3.7037193319229095e-06,1.2328161817746066,-3.7037193319229095e-06,1.2328161817746066,2,"[""2025-05-01"", ""2025-05-02"", ""2025-05-05"", ""2025-05-06"", ""2025-05-07"", ""2025-05-08"", ""2025-05-09"", ""2025-05-12"", ""2025-05-13"", ""2025-05-14""]",2025-04-30,31,183,10,False,,0,2,384
primary,2025-05-15,B2,-4.0058824394850665e-06,1.2588163313728895,-4.0058824394850665e-06,1.2588163313728895,2,"[""2025-05-01"", ""2025-05-02"", ""2025-05-05"", ""2025-05-06"", ""2025-05-07"", ""2025-05-08"", ""2025-05-09"", ""2025-05-12"", ""2025-05-13"", ""2025-05-14""]",2025-04-30,31,240,10,False,,0,10,384
primary,2025-05-16,B0,-8.994477108372733e-06,1.6272268898506108,-8.994477108372733e-06,1.6272268898506108,2,"[""2025-05-02"", ""2025-05-05"", ""2025-05-06"", ""2025-05-07"", ""2025-05-08"", ""2025-05-09"", ""2025-05-12"", ""2025-05-13"", ""2025-05-14"", ""2025-05-15""]",2025-05-01,15,184,10,False,,0,150,390
primary,2025-05-16,B1,-1.0358919844371346e-05,1.6586823552105097,-1.0358919844371346e-05,1.6586823552105097,2,"[""2025-05-02"", ""2025-05-05"", ""2025-05-06"", ""2025-05-07"", ""2025-05-08"", ""2025-05-09"", ""2025-05-12"", ""2025-05-13"", ""2025-05-14"", ""2025-05-15""]",2025-05-01,15,190,10,False,,0,177,390
primary,2025-05-16,B2,-1.0145197480781048e-05,1.638947352362182,-1.0145197480781048e-05,1.638947352362182,2,"[""2025-05-02"", ""2025-05-05"", ""2025-05-06"", ""2025-05-07"", ""2025-05-08"", ""2025-05-09"", ""2025-05-12"", ""2025-05-13"", ""2025-05-14"", ""2025-05-15""]",2025-05-01,15,246,10,False,,0,176,390
primary,2025-05-19,B0,-1.3919051080759692e-05,1.9856998931622598,-1.3919051080759692e-05,1.9856998931622598,2,"[""2025-05-05"", ""2025-05-06"", ""2025-05-07"", ""2025-05-08"", ""2025-05-09"", ""2025-05-12"", ""2025-05-13"", ""2025-05-14"", ""2025-05-15"", ""2025-05-16""]",2025-05-02,15,197,10,False,,0,196,384
primary,2025-05-19,B1,-1.4476397015715994e-05,1.9735780076644267,-1.4476397015715994e-05,1.9735780076644267,2,"[""2025-05-05"", ""2025-05-06"", ""2025-05-07"", ""2025-05-08"", ""2025-05-09"", ""2025-05-12"", ""2025-05-13"", ""2025-05-14"", ""2025-05-15"", ""2025-05-16""]",2025-05-02,15,221,10,False,,0,209,384
primary,2025-05-19,B2,-1.4195113593901276e-05,1.9266511492632625,-1.4195113593901276e-05,1.9266511492632625,2,"[""2025-05-05"", ""2025-05-06"", ""2025-05-07"", ""2025-05-08"", ""2025-05-09"", ""2025-05-12"", ""2025-05-13"", ""2025-05-14"", ""2025-05-15"", ""2025-05-16""]",2025-05-02,15,179,10,False,,0,203,384
primary,2025-05-20,B0,-1.0814382515441556e-05,1.801490975578112,-1.0814382515441556e-05,1.801490975578112,2,"[""2025-05-06"", ""2025-05-07"", ""2025-05-08"", ""2025-05-09"", ""2025-05-12"", ""2025-05-13"", ""2025-05-14"", ""2025-05-15"", ""2025-05-16"", ""2025-05-19""]",2025-05-05,15,221,10,False,,0,178,384
primary,2025-05-20,B1,-1.2339288852911879e-05,1.865532008366806,-1.2339288852911879e-05,1.865532008366806,2,"[""2025-05-06"", ""2025-05-07"", ""2025-05-08"", ""2025-05-09"", ""2025-05-12"", ""2025-05-13"", ""2025-05-14"", ""2025-05-15"", ""2025-05-16"", ""2025-05-19""]",2025-05-05,15,233,10,False,,0,195,384
primary,2025-05-20,B2,-1.1454951865675877e-05,1.7713548666070615,-1.1454951865675877e-05,1.7713548666070615,2,"[""2025-05-06"", ""2025-05-07"", ""2025-05-08"", ""2025-05-09"", ""2025-05-12"", ""2025-05-13"", ""2025-05-14"", ""2025-05-15"", ""2025-05-16"", ""2025-05-19""]",2025-05-05,15,133,10,False,,0,182,384
primary,2025-05-21,B0,-1.0266771682618508e-05,1.7712083775800584,-1.0266771682618508e-05,1.7712083775800584,2,"[""2025-05-07"", ""2025-05-08"", ""2025-05-09"", ""2025-05-12"", ""2025-05-13"", ""2025-05-14"", ""2025-05-15"", ""2025-05-16"", ""2025-05-19"", ""2025-05-20""]",2025-05-06,15,178,10,False,,0,62,390
primary,2025-05-21,B1,-1.1324805195720406e-05,1.8255009380367455,-1.1324805195720406e-05,1.8255009380367455,2,"[""2025-05-07"", ""2025-05-08"", ""2025-05-09"", ""2025-05-12"", ""2025-05-13"", ""2025-05-14"", ""2025-05-15"", ""2025-05-16"", ""2025-05-19"", ""2025-05-20""]",2025-05-06,15,248,10,False,,0,66,390
primary,2025-05-21,B2,-1.0226689021464426e-05,1.7142876489543584,-1.0226689021464426e-05,1.7142876489543584,2,"[""2025-05-07"", ""2025-05-08"", ""2025-05-09"", ""2025-05-12"", ""2025-05-13"", ""2025-05-14"", ""2025-05-15"", ""2025-05-16"", ""2025-05-19"", ""2025-05-20""]",2025-05-06,15,202,10,False,,0,63,390
primary,2025-05-22,B0,-1.0215739512977437e-05,1.7057087450346737,-1.0215739512977437e-05,1.7057087450346737,2,"[""2025-05-08"", ""2025-05-09"", ""2025-05-12"", ""2025-05-13"", ""2025-05-14"", ""2025-05-15"", ""2025-05-16"", ""2025-05-19"", ""2025-05-20"", ""2025-05-21""]",2025-05-07,15,42,10,False,,0,46,390
primary,2025-05-22,B1,-9.906874361235404e-06,1.6720662859199802,-9.906874361235404e-06,1.6720662859199802,2,"[""2025-05-08"", ""2025-05-09"", ""2025-05-12"", ""2025-05-13"", ""2025-05-14"", ""2025-05-15"", ""2025-05-16"", ""2025-05-19"", ""2025-05-20"", ""2025-05-21""]",2025-05-07,15,46,10,False,,0,41,390
primary,2025-05-22,B2,-6.793730458514734e-06,1.4491220748393494,-6.793730458514734e-06,1.4491220748393494,2,"[""2025-05-08"", ""2025-05-09"", ""2025-05-12"", ""2025-05-13"", ""2025-05-14"", ""2025-05-15"", ""2025-05-16"", ""2025-05-19"", ""2025-05-20"", ""2025-05-21""]",2025-05-07,15,123,10,False,,0,32,390
primary,2025-05-23,B0,-1.258077443446761e-05,1.8716780482565447,-1.258077443446761e-05,1.8716780482565447,2,"[""2025-05-09"", ""2025-05-12"", ""2025-05-13"", ""2025-05-14"", ""2025-05-15"", ""2025-05-16"", ""2025-05-19"", ""2025-05-20"", ""2025-05-21"", ""2025-05-22""]",2025-05-08,15,40,10,False,,0,56,390
primary,2025-05-23,B1,-1.2248926398516447e-05,1.8394570608151046,-1.2248926398516447e-05,1.8394570608151046,2,"[""2025-05-09"", ""2025-05-12"", ""2025-05-13"", ""2025-05-14"", ""2025-05-15"", ""2025-05-16"", ""2025-05-19"", ""2025-05-20"", ""2025-05-21"", ""2025-05-22""]",2025-05-08,31,40,10,False,,0,71,390
primary,2025-05-23,B2,-7.908260687019942e-06,1.5402856818781938,-7.908260687019942e-06,1.5402856818781938,2,"[""2025-05-09"", ""2025-05-12"", ""2025-05-13"", ""2025-05-14"", ""2025-05-15"", ""2025-05-16"", ""2025-05-19"", ""2025-05-20"", ""2025-05-21"", ""2025-05-22""]",2025-05-08,15,176,10,False,,0,46,390
primary,2025-05-27,B0,-1.368564071642106e-05,1.9426869005570606,-1.368564071642106e-05,1.9426869005570606,2,"[""2025-05-12"", ""2025-05-13"", ""2025-05-14"", ""2025-05-15"", ""2025-05-16"", ""2025-05-19"", ""2025-05-20"", ""2025-05-21"", ""2025-05-22"", ""2025-05-23""]",2025-05-09,15,41,10,False,,0,197,384
primary,2025-05-27,B1,-1.2494672395774309e-05,1.8498909908744179,-1.2494672395774309e-05,1.8498909908744179,2,"[""2025-05-12"", ""2025-05-13"", ""2025-05-14"", ""2025-05-15"", ""2025-05-16"", ""2025-05-19"", ""2025-05-20"", ""2025-05-21"", ""2025-05-22"", ""2025-05-23""]",2025-05-09,15,53,10,False,,0,157,384
primary,2025-05-27,B2,-1.3433536811287333e-05,1.8916793065515274,-1.3433536811287333e-05,1.8916793065515274,2,"[""2025-05-12"", ""2025-05-13"", ""2025-05-14"", ""2025-05-15"", ""2025-05-16"", ""2025-05-19"", ""2025-05-20"", ""2025-05-21"", ""2025-05-22"", ""2025-05-23""]",2025-05-09,15,45,10,False,,0,159,384
primary,2025-05-28,B0,-1.1838492755902436e-05,1.8468428419908047,-1.1838492755902436e-05,1.8468428419908047,2,"[""2025-05-13"", ""2025-05-14"", ""2025-05-15"", ""2025-05-16"", ""2025-05-19"", ""2025-05-20"", ""2025-05-21"", ""2025-05-22"", ""2025-05-23"", ""2025-05-27""]",2025-05-12,15,39,10,False,,0,186,390
primary,2025-05-28,B1,-1.2416685790065363e-05,1.8709685088869639,-1.2416685790065363e-05,1.8709685088869639,2,"[""2025-05-13"", ""2025-05-14"", ""2025-05-15"", ""2025-05-16"", ""2025-05-19"", ""2025-05-20"", ""2025-05-21"", ""2025-05-22"", ""2025-05-23"", ""2025-05-27""]",2025-05-12,31,39,10,False,,0,189,390
primary,2025-05-28,B2,-1.2293700313148601e-05,1.8522903662764312,-1.2293700313148601e-05,1.8522903662764312,2,"[""2025-05-13"", ""2025-05-14"", ""2025-05-15"", ""2025-05-16"", ""2025-05-19"", ""2025-05-20"", ""2025-05-21"", ""2025-05-22"", ""2025-05-23"", ""2025-05-27""]",2025-05-12,31,38,10,False,,0,189,390
primary,2025-05-29,B0,-9.21680206658243e-06,1.7044347413590712,-9.21680206658243e-06,1.7044347413590712,2,"[""2025-05-14"", ""2025-05-15"", ""2025-05-16"", ""2025-05-19"", ""2025-05-20"", ""2025-05-21"", ""2025-05-22"", ""2025-05-23"", ""2025-05-27"", ""2025-05-28""]",2025-05-13,15,48,10,False,,0,49,390
primary,2025-05-29,B1,-9.86400139132015e-06,1.7114757631568467,-9.86400139132015e-06,1.7114757631568467,2,"[""2025-05-14"", ""2025-05-15"", ""2025-05-16"", ""2025-05-19"", ""2025-05-20"", ""2025-05-21"", ""2025-05-22"", ""2025-05-23"", ""2025-05-27"", ""2025-05-28""]",2025-05-13,15,44,10,False,,0,51,390
primary,2025-05-29,B2,-9.902052625516286e-06,1.706213560070151,-9.902052625516286e-06,1.706213560070151,2,"[""2025-05-14"", ""2025-05-15"", ""2025-05-16"", ""2025-05-19"", ""2025-05-20"", ""2025-05-21"", ""2025-05-22"", ""2025-05-23"", ""2025-05-27"", ""2025-05-28""]",2025-05-13,15,45,10,False,,0,51,390
primary,2025-05-30,B0,-1.054060846771713e-05,1.7804475301308988,-1.054060846771713e-05,1.7804475301308988,2,"[""2025-05-15"", ""2025-05-16"", ""2025-05-19"", ""2025-05-20"", ""2025-05-21"", ""2025-05-22"", ""2025-05-23"", ""2025-05-27"", ""2025-05-28"", ""2025-05-29""]",2025-05-14,15,37,10,False,,0,53,390
primary,2025-05-30,B1,-1.0868939250836255e-05,1.7840024287841416,-1.0868939250836255e-05,1.7840024287841416,2,"[""2025-05-15"", ""2025-05-16"", ""2025-05-19"", ""2025-05-20"", ""2025-05-21"", ""2025-05-22"", ""2025-05-23"", ""2025-05-27"", ""2025-05-28"", ""2025-05-29""]",2025-05-14,15,39,10,False,,0,61,390
primary,2025-05-30,B2,-1.1232947673005685e-05,1.7987823327962842,-1.1232947673005685e-05,1.7987823327962842,2,"[""2025-05-15"", ""2025-05-16"", ""2025-05-19"", ""2025-05-20"", ""2025-05-21"", ""2025-05-22"", ""2025-05-23"", ""2025-05-27"", ""2025-05-28"", ""2025-05-29""]",2025-05-14,15,39,10,False,,0,61,390
primary,2025-06-02,B0,-8.459926854643865e-06,1.687584179532453,-8.459926854643865e-06,1.687584179532453,2,"[""2025-05-16"", ""2025-05-19"", ""2025-05-20"", ""2025-05-21"", ""2025-05-22"", ""2025-05-23"", ""2025-05-27"", ""2025-05-28"", ""2025-05-29"", ""2025-05-30""]",2025-05-15,15,89,10,False,,0,93,390
primary,2025-06-02,B1,-9.60455190922903e-06,1.7298524723290274,-9.60455190922903e-06,1.7298524723290274,2,"[""2025-05-16"", ""2025-05-19"", ""2025-05-20"", ""2025-05-21"", ""2025-05-22"", ""2025-05-23"", ""2025-05-27"", ""2025-05-28"", ""2025-05-29"", ""2025-05-30""]",2025-05-15,31,242,10,False,,0,119,390
primary,2025-06-02,B2,-9.298220765721862e-06,1.6926861520394354,-9.298220765721862e-06,1.6926861520394354,2,"[""2025-05-16"", ""2025-05-19"", ""2025-05-20"", ""2025-05-21"", ""2025-05-22"", ""2025-05-23"", ""2025-05-27"", ""2025-05-28"", ""2025-05-29"", ""2025-05-30""]",2025-05-15,15,257,10,False,,0,107,390
primary,2025-06-03,B0,-9.184721314422507e-06,1.7281544819738546,-9.184721314422507e-06,1.7281544819738546,2,"[""2025-05-19"", ""2025-05-20"", ""2025-05-21"", ""2025-05-22"", ""2025-05-23"", ""2025-05-27"", ""2025-05-28"", ""2025-05-29"", ""2025-05-30"", ""2025-06-02""]",2025-05-16,15,64,10,False,,0,133,378
primary,2025-06-03,B1,-9.715475648986765e-06,1.7347779069862765,-9.715475648986765e-06,1.7347779069862765,2,"[""2025-05-19"", ""2025-05-20"", ""2025-05-21"", ""2025-05-22"", ""2025-05-23"", ""2025-05-27"", ""2025-05-28"", ""2025-05-29"", ""2025-05-30"", ""2025-06-02""]",2025-05-16,31,219,10,False,,0,141,378
primary,2025-06-03,B2,-9.234311222682144e-06,1.7233902503551426,-9.234311222682144e-06,1.7233902503551426,2,"[""2025-05-19"", ""2025-05-20"", ""2025-05-21"", ""2025-05-22"", ""2025-05-23"", ""2025-05-27"", ""2025-05-28"", ""2025-05-29"", ""2025-05-30"", ""2025-06-02""]",2025-05-16,63,235,10,False,,0,146,378
primary,2025-06-04,B0,-9.125770020925852e-06,1.7272600214977485,-9.125770020925852e-06,1.7272600214977485,2,"[""2025-05-20"", ""2025-05-21"", ""2025-05-22"", ""2025-05-23"", ""2025-05-27"", ""2025-05-28"", ""2025-05-29"", ""2025-05-30"", ""2025-06-02"", ""2025-06-03""]",2025-05-19,15,58,10,False,,0,122,380
primary,2025-06-04,B1,-8.925639108854276e-06,1.6930282118392075,-8.925639108854276e-06,1.6930282118392075,2,"[""2025-05-20"", ""2025-05-21"", ""2025-05-22"", ""2025-05-23"", ""2025-05-27"", ""2025-05-28"", ""2025-05-29"", ""2025-05-30"", ""2025-06-02"", ""2025-06-03""]",2025-05-19,15,391,10,False,,0,127,380
primary,2025-06-04,B2,-8.662397259666654e-06,1.680959565176058,-8.662397259666654e-06,1.680959565176058,2,"[""2025-05-20"", ""2025-05-21"", ""2025-05-22"", ""2025-05-23"", ""2025-05-27"", ""2025-05-28"", ""2025-05-29"", ""2025-05-30"", ""2025-06-02"", ""2025-06-03""]",2025-05-19,31,328,10,False,,0,123,380
primary,2025-06-05,B0,-9.757752821772396e-06,1.747199163277179,-9.757752821772396e-06,1.747199163277179,2,"[""2025-05-21"", ""2025-05-22"", ""2025-05-23"", ""2025-05-27"", ""2025-05-28"", ""2025-05-29"", ""2025-05-30"", ""2025-06-02"", ""2025-06-03"", ""2025-06-04""]",2025-05-20,15,47,10,False,,0,40,384
primary,2025-06-05,B1,-8.641613832910666e-06,1.6604575679279898,-8.641613832910666e-06,1.6604575679279898,2,"[""2025-05-21"", ""2025-05-22"", ""2025-05-23"", ""2025-05-27"", ""2025-05-28"", ""2025-05-29"", ""2025-05-30"", ""2025-06-02"", ""2025-06-03"", ""2025-06-04""]",2025-05-20,31,129,10,False,,0,42,384
primary,2025-06-05,B2,-8.92225125670434e-06,1.6824142980467223,-8.92225125670434e-06,1.6824142980467223,2,"[""2025-05-21"", ""2025-05-22"", ""2025-05-23"", ""2025-05-27"", ""2025-05-28"", ""2025-05-29"", ""2025-05-30"", ""2025-06-02"", ""2025-06-03"", ""2025-06-04""]",2025-05-20,15,267,10,False,,0,44,384
primary,2025-06-06,B0,-1.4646806472880195e-05,2.1847342917524273,-1.4646806472880195e-05,2.1847342917524273,2,"[""2025-05-22"", ""2025-05-23"", ""2025-05-27"", ""2025-05-28"", ""2025-05-29"", ""2025-05-30"", ""2025-06-02"", ""2025-06-03"", ""2025-06-04"", ""2025-06-05""]",2025-05-21,15,228,10,False,,0,177,386
primary,2025-06-06,B1,-1.7746900241925357e-05,2.365160801300318,-1.7746900241925357e-05,2.365160801300318,2,"[""2025-05-22"", ""2025-05-23"", ""2025-05-27"", ""2025-05-28"", ""2025-05-29"", ""2025-05-30"", ""2025-06-02"", ""2025-06-03"", ""2025-06-04"", ""2025-06-05""]",2025-05-21,15,300,10,False,,0,217,386
primary,2025-06-06,B2,-1.5314181135905655e-05,2.1593138578709707,-1.5314181135905655e-05,2.1593138578709707,2,"[""2025-05-22"", ""2025-05-23"", ""2025-05-27"", ""2025-05-28"", ""2025-05-29"", ""2025-05-30"", ""2025-06-02"", ""2025-06-03"", ""2025-06-04"", ""2025-06-05""]",2025-05-21,15,126,10,False,,0,206,386
primary,2025-06-09,B0,-1.3905892212256689e-05,2.097451771399203,-1.3905892212256689e-05,2.097451771399203,2,"[""2025-05-23"", ""2025-05-27"", ""2025-05-28"", ""2025-05-29"", ""2025-05-30"", ""2025-06-02"", ""2025-06-03"", ""2025-06-04"", ""2025-06-05"", ""2025-06-06""]",2025-05-22,15,113,10,False,,0,196,384
primary,2025-06-09,B1,-1.676959126029137e-05,2.2485962645888558,-1.676959126029137e-05,2.2485962645888558,2,"[""2025-05-23"", ""2025-05-27"", ""2025-05-28"", ""2025-05-29"", ""2025-05-30"", ""2025-06-02"", ""2025-06-03"", ""2025-06-04"", ""2025-06-05"", ""2025-06-06""]",2025-05-22,31,149,10,False,,0,219,384
primary,2025-06-09,B2,-1.515838132552005e-05,2.115802621544922,-1.515838132552005e-05,2.115802621544922,2,"[""2025-05-23"", ""2025-05-27"", ""2025-05-28"", ""2025-05-29"", ""2025-05-30"", ""2025-06-02"", ""2025-06-03"", ""2025-06-04"", ""2025-06-05"", ""2025-06-06""]",2025-05-22,15,295,10,False,,0,205,384
primary,2025-06-10,B0,-1.3643422308118937e-05,2.0706572541586983,-1.3643422308118937e-05,2.0706572541586983,2,"[""2025-05-27"", ""2025-05-28"", ""2025-05-29"", ""2025-05-30"", ""2025-06-02"", ""2025-06-03"", ""2025-06-04"", ""2025-06-05"", ""2025-06-06"", ""2025-06-09""]",2025-05-23,15,251,10,False,,0,176,372
primary,2025-06-10,B1,-1.5865259185644306e-05,2.1930510585592295,-1.5865259185644306e-05,2.1930510585592295,2,"[""2025-05-27"", ""2025-05-28"", ""2025-05-29"", ""2025-05-30"", ""2025-06-02"", ""2025-06-03"", ""2025-06-04"", ""2025-06-05"", ""2025-06-06"", ""2025-06-09""]",2025-05-23,15,327,10,False,,0,182,372
primary,2025-06-10,B2,-1.455278382841599e-05,2.08072657788722,-1.455278382841599e-05,2.08072657788722,2,"[""2025-05-27"", ""2025-05-28"", ""2025-05-29"", ""2025-05-30"", ""2025-06-02"", ""2025-06-03"", ""2025-06-04"", ""2025-06-05"", ""2025-06-06"", ""2025-06-09""]",2025-05-23,31,168,10,False,,0,183,372
primary,2025-06-11,B0,-1.4466754002139715e-05,2.0987613236186706,-1.4466754002139715e-05,2.0987613236186706,2,"[""2025-05-28"", ""2025-05-29"", ""2025-05-30"", ""2025-06-02"", ""2025-06-03"", ""2025-06-04"", ""2025-06-05"", ""2025-06-06"", ""2025-06-09"", ""2025-06-10""]",2025-05-27,15,160,10,False,,0,104,378
primary,2025-06-11,B1,-1.6136111238920225e-05,2.1958792543911736,-1.6136111238920225e-05,2.1958792543911736,2,"[""2025-05-28"", ""2025-05-29"", ""2025-05-30"", ""2025-06-02"", ""2025-06-03"", ""2025-06-04"", ""2025-06-05"", ""2025-06-06"", ""2025-06-09"", ""2025-06-10""]",2025-05-27,15,239,10,False,,0,135,378
primary,2025-06-11,B2,-1.4983164103819132e-05,2.139998057803151,-1.4983164103819132e-05,2.139998057803151,2,"[""2025-05-28"", ""2025-05-29"", ""2025-05-30"", ""2025-06-02"", ""2025-06-03"", ""2025-06-04"", ""2025-06-05"", ""2025-06-06"", ""2025-06-09"", ""2025-06-10""]",2025-05-27,63,192,10,False,,0,135,378
primary,2025-06-12,B0,-1.7637958214845727e-05,2.290494403935757,-1.7637958214845727e-05,2.290494403935757,2,"[""2025-05-29"", ""2025-05-30"", ""2025-06-02"", ""2025-06-03"", ""2025-06-04"", ""2025-06-05"", ""2025-06-06"", ""2025-06-09"", ""2025-06-10"", ""2025-06-11""]",2025-05-28,15,229,10,False,,0,224,384
primary,2025-06-12,B1,-1.85096478070318e-05,2.3838420741646096,-1.85096478070318e-05,2.3838420741646096,2,"[""2025-05-29"", ""2025-05-30"", ""2025-06-02"", ""2025-06-03"", ""2025-06-04"", ""2025-06-05"", ""2025-06-06"", ""2025-06-09"", ""2025-06-10"", ""2025-06-11""]",2025-05-28,31,146,10,False,,0,217,384
primary,2025-06-12,B2,-1.663093993391733e-05,2.2105156614283485,-1.663093993391733e-05,2.2105156614283485,2,"[""2025-05-29"", ""2025-05-30"", ""2025-06-02"", ""2025-06-03"", ""2025-06-04"", ""2025-06-05"", ""2025-06-06"", ""2025-06-09"", ""2025-06-10"", ""2025-06-11""]",2025-05-28,15,297,10,False,,0,214,384
primary,2025-06-13,B0,-1.59819856072154e-05,2.2073367124066925,-1.59819856072154e-05,2.2073367124066925,2,"[""2025-05-30"", ""2025-06-02"", ""2025-06-03"", ""2025-06-04"", ""2025-06-05"", ""2025-06-06"", ""2025-06-09"", ""2025-06-10"", ""2025-06-11"", ""2025-06-12""]",2025-05-29,31,168,10,False,,0,188,390
primary,2025-06-13,B1,-1.743553732624119e-05,2.3225226138033177,-1.743553732624119e-05,2.3225226138033177,2,"[""2025-05-30"", ""2025-06-02"", ""2025-06-03"", ""2025-06-04"", ""2025-06-05"", ""2025-06-06"", ""2025-06-09"", ""2025-06-10"", ""2025-06-11"", ""2025-06-12""]",2025-05-29,31,181,10,False,,0,186,390
primary,2025-06-13,B2,-1.4409386547853991e-05,2.1238466086858385,-1.4409386547853991e-05,2.1238466086858385,2,"[""2025-05-30"", ""2025-06-02"", ""2025-06-03"", ""2025-06-04"", ""2025-06-05"", ""2025-06-06"", ""2025-06-09"", ""2025-06-10"", ""2025-06-11"", ""2025-06-12""]",2025-05-29,63,172,10,False,,0,163,390
primary,2025-06-16,B0,-1.6552696298879296e-05,2.21388739709125,-1.6552696298879296e-05,2.21388739709125,2,"[""2025-06-02"", ""2025-06-03"", ""2025-06-04"", ""2025-06-05"", ""2025-06-06"", ""2025-06-09"", ""2025-06-10"", ""2025-06-11"", ""2025-06-12"", ""2025-06-13""]",2025-05-30,15,236,10,False,,0,223,378
primary,2025-06-16,B1,-1.7901922191038482e-05,2.320055494269822,-1.7901922191038482e-05,2.320055494269822,2,"[""2025-06-02"", ""2025-06-03"", ""2025-06-04"", ""2025-06-05"", ""2025-06-06"", ""2025-06-09"", ""2025-06-10"", ""2025-06-11"", ""2025-06-12"", ""2025-06-13""]",2025-05-30,15,249,10,False,,0,224,378
primary,2025-06-16,B2,-1.5317650431231633e-05,2.124076670205993,-1.5317650431231633e-05,2.124076670205993,2,"[""2025-06-02"", ""2025-06-03"", ""2025-06-04"", ""2025-06-05"", ""2025-06-06"", ""2025-06-09"", ""2025-06-10"", ""2025-06-11"", ""2025-06-12"", ""2025-06-13""]",2025-05-30,15,232,10,False,,0,216,378
primary,2025-06-17,B0,-1.4956458055787777e-05,2.1460287563984006,-1.4956458055787777e-05,2.1460287563984006,2,"[""2025-06-03"", ""2025-06-04"", ""2025-06-05"", ""2025-06-06"", ""2025-06-09"", ""2025-06-10"", ""2025-06-11"", ""2025-06-12"", ""2025-06-13"", ""2025-06-16""]",2025-06-02,31,170,10,False,,0,206,369
primary,2025-06-17,B1,-1.621663283798291e-05,2.262336920909598,-1.621663283798291e-05,2.262336920909598,2,"[""2025-06-03"", ""2025-06-04"", ""2025-06-05"", ""2025-06-06"", ""2025-06-09"", ""2025-06-10"", ""2025-06-11"", ""2025-06-12"", ""2025-06-13"", ""2025-06-16""]",2025-06-02,31,208,10,False,,0,168,369
primary,2025-06-17,B2,-1.5061600678639289e-05,2.1410802272832576,-1.5061600678639289e-05,2.1410802272832576,2,"[""2025-06-03"", ""2025-06-04"", ""2025-06-05"", ""2025-06-06"", ""2025-06-09"", ""2025-06-10"", ""2025-06-11"", ""2025-06-12"", ""2025-06-13"", ""2025-06-16""]",2025-06-02,15,436,10,False,,0,179,369
primary,2025-06-18,B0,-1.3898910232239721e-05,2.068584734507357,-1.3898910232239721e-05,2.068584734507357,2,"[""2025-06-04"", ""2025-06-05"", ""2025-06-06"", ""2025-06-09"", ""2025-06-10"", ""2025-06-11"", ""2025-06-12"", ""2025-06-13"", ""2025-06-16"", ""2025-06-17""]",2025-06-03,15,290,10,False,,0,184,390
primary,2025-06-18,B1,-1.5120306472472545e-05,2.204748113382467,-1.5120306472472545e-05,2.204748113382467,2,"[""2025-06-04"", ""2025-06-05"", ""2025-06-06"", ""2025-06-09"", ""2025-06-10"", ""2025-06-11"", ""2025-06-12"", ""2025-06-13"", ""2025-06-16"", ""2025-06-17""]",2025-06-03,63,113,10,False,,0,164,390
primary,2025-06-18,B2,-1.4188644891039743e-05,2.1181130633772063,-1.4188644891039743e-05,2.1181130633772063,2,"[""2025-06-04"", ""2025-06-05"", ""2025-06-06"", ""2025-06-09"", ""2025-06-10"", ""2025-06-11"", ""2025-06-12"", ""2025-06-13"", ""2025-06-16"", ""2025-06-17""]",2025-06-03,63,121,10,False,,0,152,390
primary,2025-06-20,B0,-1.266240196318375e-05,2.024267427877058,-1.266240196318375e-05,2.024267427877058,2,"[""2025-06-05"", ""2025-06-06"", ""2025-06-09"", ""2025-06-10"", ""2025-06-11"", ""2025-06-12"", ""2025-06-13"", ""2025-06-16"", ""2025-06-17"", ""2025-06-18""]",2025-06-04,15,129,10,False,,0,130,390
primary,2025-06-20,B1,-1.419172840397355e-05,2.11378104377467,-1.419172840397355e-05,2.11378104377467,2,"[""2025-06-05"", ""2025-06-06"", ""2025-06-09"", ""2025-06-10"", ""2025-06-11"", ""2025-06-12"", ""2025-06-13"", ""2025-06-16"", ""2025-06-17"", ""2025-06-18""]",2025-06-04,15,137,10,False,,0,157,390
primary,2025-06-20,B2,-1.2943755043910782e-05,2.0243590874313053,-1.2943755043910782e-05,2.0243590874313053,2,"[""2025-06-05"", ""2025-06-06"", ""2025-06-09"", ""2025-06-10"", ""2025-06-11"", ""2025-06-12"", ""2025-06-13"", ""2025-06-16"", ""2025-06-17"", ""2025-06-18""]",2025-06-04,15,279,10,False,,0,145,390
primary,2025-06-23,B0,-2.300932482127714e-06,1.2176462813425102,-2.300932482127714e-06,1.2176462813425102,2,"[""2025-06-06"", ""2025-06-09"", ""2025-06-10"", ""2025-06-11"", ""2025-06-12"", ""2025-06-13"", ""2025-06-16"", ""2025-06-17"", ""2025-06-18"", ""2025-06-20""]",2025-06-05,63,42,10,False,,0,0,367
primary,2025-06-23,B1,-3.3774999952482594e-06,1.2797180744757208,-3.3774999952482594e-06,1.2797180744757208,2,"[""2025-06-06"", ""2025-06-09"", ""2025-06-10"", ""2025-06-11"", ""2025-06-12"", ""2025-06-13"", ""2025-06-16"", ""2025-06-17"", ""2025-06-18"", ""2025-06-20""]",2025-06-05,31,50,10,False,,0,0,367
primary,2025-06-23,B2,-1.6501798625018248e-06,1.132099902217111,-1.6501798625018248e-06,1.132099902217111,2,"[""2025-06-06"", ""2025-06-09"", ""2025-06-10"", ""2025-06-11"", ""2025-06-12"", ""2025-06-13"", ""2025-06-16"", ""2025-06-17"", ""2025-06-18"", ""2025-06-20""]",2025-06-05,15,59,10,False,,0,0,367
primary,2025-06-24,B0,-6.754355424175289e-06,1.5623622891072175,-6.754355424175289e-06,1.5623622891072175,2,"[""2025-06-09"", ""2025-06-10"", ""2025-06-11"", ""2025-06-12"", ""2025-06-13"", ""2025-06-16"", ""2025-06-17"", ""2025-06-18"", ""2025-06-20"", ""2025-06-23""]",2025-06-06,15,44,10,False,,0,54,363
primary,2025-06-24,B1,-7.970026827779163e-06,1.6426412802769954,-7.970026827779163e-06,1.6426412802769954,2,"[""2025-06-09"", ""2025-06-10"", ""2025-06-11"", ""2025-06-12"", ""2025-06-13"", ""2025-06-16"", ""2025-06-17"", ""2025-06-18"", ""2025-06-20"", ""2025-06-23""]",2025-06-06,15,44,10,False,,0,92,363
primary,2025-06-24,B2,-7.155939093711362e-06,1.5946067466052611,-7.155939093711362e-06,1.5946067466052611,2,"[""2025-06-09"", ""2025-06-10"", ""2025-06-11"", ""2025-06-12"", ""2025-06-13"", ""2025-06-16"", ""2025-06-17"", ""2025-06-18"", ""2025-06-20"", ""2025-06-23""]",2025-06-06,63,46,10,False,,0,78,363
primary,2025-06-25,B0,-4.032995784756724e-06,1.3532751474497953,-4.032995784756724e-06,1.3532751474497953,2,"[""2025-06-10"", ""2025-06-11"", ""2025-06-12"", ""2025-06-13"", ""2025-06-16"", ""2025-06-17"", ""2025-06-18"", ""2025-06-20"", ""2025-06-23"", ""2025-06-24""]",2025-06-09,15,93,10,False,,0,46,370
primary,2025-06-25,B1,-6.045574403107339e-06,1.5008040346879041,-6.045574403107339e-06,1.5008040346879041,2,"[""2025-06-10"", ""2025-06-11"", ""2025-06-12"", ""2025-06-13"", ""2025-06-16"", ""2025-06-17"", ""2025-06-18"", ""2025-06-20"", ""2025-06-23"", ""2025-06-24""]",2025-06-09,15,94,10,False,,0,100,370
primary,2025-06-25,B2,-5.596626909796821e-06,1.4580884894965511,-5.596626909796821e-06,1.4580884894965511,2,"[""2025-06-10"", ""2025-06-11"", ""2025-06-12"", ""2025-06-13"", ""2025-06-16"", ""2025-06-17"", ""2025-06-18"", ""2025-06-20"", ""2025-06-23"", ""2025-06-24""]",2025-06-09,15,189,10,False,,0,96,370
primary,2025-06-26,B0,-3.961526279441549e-06,1.3313967123931245,-3.961526279441549e-06,1.3313967123931245,2,"[""2025-06-11"", ""2025-06-12"", ""2025-06-13"", ""2025-06-16"", ""2025-06-17"", ""2025-06-18"", ""2025-06-20"", ""2025-06-23"", ""2025-06-24"", ""2025-06-25""]",2025-06-10,15,178,10,False,,0,43,390
primary,2025-06-26,B1,-5.958307492946597e-06,1.4884377487834772,-5.958307492946597e-06,1.4884377487834772,2,"[""2025-06-11"", ""2025-06-12"", ""2025-06-13"", ""2025-06-16"", ""2025-06-17"", ""2025-06-18"", ""2025-06-20"", ""2025-06-23"", ""2025-06-24"", ""2025-06-25""]",2025-06-10,15,192,10,False,,0,82,390
primary,2025-06-26,B2,-5.67839461344313e-06,1.4660273904607755,-5.67839461344313e-06,1.4660273904607755,2,"[""2025-06-11"", ""2025-06-12"", ""2025-06-13"", ""2025-06-16"", ""2025-06-17"", ""2025-06-18"", ""2025-06-20"", ""2025-06-23"", ""2025-06-24"", ""2025-06-25""]",2025-06-10,15,166,10,False,,0,70,390
primary,2025-06-27,B0,-5.3238411371876654e-06,1.4516618368482281,-5.3238411371876654e-06,1.4516618368482281,2,"[""2025-06-12"", ""2025-06-13"", ""2025-06-16"", ""2025-06-17"", ""2025-06-18"", ""2025-06-20"", ""2025-06-23"", ""2025-06-24"", ""2025-06-25"", ""2025-06-26""]",2025-06-11,15,90,10,False,,0,55,390
primary,2025-06-27,B1,-6.5571900359482255e-06,1.5469447237520277,-6.5571900359482255e-06,1.5469447237520277,2,"[""2025-06-12"", ""2025-06-13"", ""2025-06-16"", ""2025-06-17"", ""2025-06-18"", ""2025-06-20"", ""2025-06-23"", ""2025-06-24"", ""2025-06-25"", ""2025-06-26""]",2025-06-11,31,132,10,False,,0,89,390
primary,2025-06-27,B2,-6.296897607356666e-06,1.5140748030420321,-6.296897607356666e-06,1.5140748030420321,2,"[""2025-06-12"", ""2025-06-13"", ""2025-06-16"", ""2025-06-17"", ""2025-06-18"", ""2025-06-20"", ""2025-06-23"", ""2025-06-24"", ""2025-06-25"", ""2025-06-26""]",2025-06-11,15,210,10,False,,0,75,390
primary,2025-06-30,B0,-5.602070055795257e-06,1.5014352637030492,-5.602070055795257e-06,1.5014352637030492,2,"[""2025-06-13"", ""2025-06-16"", ""2025-06-17"", ""2025-06-18"", ""2025-06-20"", ""2025-06-23"", ""2025-06-24"", ""2025-06-25"", ""2025-06-26"", ""2025-06-27""]",2025-06-12,31,70,10,False,,0,64,384
primary,2025-06-30,B1,-7.188957592901947e-06,1.6156890251594742,-7.188957592901947e-06,1.6156890251594742,2,"[""2025-06-13"", ""2025-06-16"", ""2025-06-17"", ""2025-06-18"", ""2025-06-20"", ""2025-06-23"", ""2025-06-24"", ""2025-06-25"", ""2025-06-26"", ""2025-06-27""]",2025-06-12,31,75,10,False,,0,91,384
primary,2025-06-30,B2,-6.195155095288889e-06,1.5342772296167952,-6.195155095288889e-06,1.5342772296167952,2,"[""2025-06-13"", ""2025-06-16"", ""2025-06-17"", ""2025-06-18"", ""2025-06-20"", ""2025-06-23"", ""2025-06-24"", ""2025-06-25"", ""2025-06-26"", ""2025-06-27""]",2025-06-12,15,80,10,False,,0,72,384
primary,2025-07-01,B0,-6.771708598180281e-06,1.6032578286253956,-6.771708598180281e-06,1.6032578286253956,2,"[""2025-06-16"", ""2025-06-17"", ""2025-06-18"", ""2025-06-20"", ""2025-06-23"", ""2025-06-24"", ""2025-06-25"", ""2025-06-26"", ""2025-06-27"", ""2025-06-30""]",2025-06-13,63,50,10,False,,0,44,390
primary,2025-07-01,B1,-8.07656257391963e-06,1.6827241032085185,-8.07656257391963e-06,1.6827241032085185,2,"[""2025-06-16"", ""2025-06-17"", ""2025-06-18"", ""2025-06-20"", ""2025-06-23"", ""2025-06-24"", ""2025-06-25"", ""2025-06-26"", ""2025-06-27"", ""2025-06-30""]",2025-06-13,31,58,10,False,,0,53,390
primary,2025-07-01,B2,-7.975850498079704e-06,1.677498959856478,-7.975850498079704e-06,1.677498959856478,2,"[""2025-06-16"", ""2025-06-17"", ""2025-06-18"", ""2025-06-20"", ""2025-06-23"", ""2025-06-24"", ""2025-06-25"", ""2025-06-26"", ""2025-06-27"", ""2025-06-30""]",2025-06-13,63,56,10,False,,0,51,390
primary,2025-07-02,B0,-5.230216567235962e-06,1.4770039052607862,-5.230216567235962e-06,1.4770039052607862,2,"[""2025-06-17"", ""2025-06-18"", ""2025-06-20"", ""2025-06-23"", ""2025-06-24"", ""2025-06-25"", ""2025-06-26"", ""2025-06-27"", ""2025-06-30"", ""2025-07-01""]",2025-06-16,15,65,10,False,,0,68,373
primary,2025-07-02,B1,-7.58427921996461e-06,1.6751862841883967,-7.58427921996461e-06,1.6751862841883967,2,"[""2025-06-17"", ""2025-06-18"", ""2025-06-20"", ""2025-06-23"", ""2025-06-24"", ""2025-06-25"", ""2025-06-26"", ""2025-06-27"", ""2025-06-30"", ""2025-07-01""]",2025-06-16,63,56,10,False,,0,106,373
primary,2025-07-02,B2,-6.905087409124444e-06,1.595348231201404,-6.905087409124444e-06,1.595348231201404,2,"[""2025-06-17"", ""2025-06-18"", ""2025-06-20"", ""2025-06-23"", ""2025-06-24"", ""2025-06-25"", ""2025-06-26"", ""2025-06-27"", ""2025-06-30"", ""2025-07-01""]",2025-06-16,15,60,10,False,,0,89,373
primary,2025-07-03,B0,-5.547594368675685e-06,1.4897993168609847,-5.547594368675685e-06,1.4897993168609847,2,"[""2025-06-18"", ""2025-06-20"", ""2025-06-23"", ""2025-06-24"", ""2025-06-25"", ""2025-06-26"", ""2025-06-27"", ""2025-06-30"", ""2025-07-01"", ""2025-07-02""]",2025-06-17,15,61,10,False,,0,22,148
primary,2025-07-03,B1,-7.887383709389594e-06,1.7086293607356022,-7.887383709389594e-06,1.7086293607356022,2,"[""2025-06-18"", ""2025-06-20"", ""2025-06-23"", ""2025-06-24"", ""2025-06-25"", ""2025-06-26"", ""2025-06-27"", ""2025-06-30"", ""2025-07-01"", ""2025-07-02""]",2025-06-17,63,53,10,False,,0,26,148
primary,2025-07-03,B2,-5.416621051243543e-06,1.4698436299845345,-5.416621051243543e-06,1.4698436299845345,2,"[""2025-06-18"", ""2025-06-20"", ""2025-06-23"", ""2025-06-24"", ""2025-06-25"", ""2025-06-26"", ""2025-06-27"", ""2025-06-30"", ""2025-07-01"", ""2025-07-02""]",2025-06-17,31,68,10,False,,0,21,148
primary,2025-07-07,B0,-7.817557211419763e-06,1.6384251946605553,-7.817557211419763e-06,1.6384251946605553,2,"[""2025-06-20"", ""2025-06-23"", ""2025-06-24"", ""2025-06-25"", ""2025-06-26"", ""2025-06-27"", ""2025-06-30"", ""2025-07-01"", ""2025-07-02"", ""2025-07-03""]",2025-06-18,15,57,10,False,,0,91,384
primary,2025-07-07,B1,-7.119579152072976e-06,1.6070320674264988,-7.119579152072976e-06,1.6070320674264988,2,"[""2025-06-20"", ""2025-06-23"", ""2025-06-24"", ""2025-06-25"", ""2025-06-26"", ""2025-06-27"", ""2025-06-30"", ""2025-07-01"", ""2025-07-02"", ""2025-07-03""]",2025-06-18,63,82,10,False,,0,85,384
primary,2025-07-07,B2,-5.836320708979092e-06,1.478620031075361,-5.836320708979092e-06,1.478620031075361,2,"[""2025-06-20"", ""2025-06-23"", ""2025-06-24"", ""2025-06-25"", ""2025-06-26"", ""2025-06-27"", ""2025-06-30"", ""2025-07-01"", ""2025-07-02"", ""2025-07-03""]",2025-06-18,31,76,10,False,,0,61,384
primary,2025-07-08,B0,-7.454919185968234e-06,1.6009499203955515,-7.454919185968234e-06,1.6009499203955515,2,"[""2025-06-23"", ""2025-06-24"", ""2025-06-25"", ""2025-06-26"", ""2025-06-27"", ""2025-06-30"", ""2025-07-01"", ""2025-07-02"", ""2025-07-03"", ""2025-07-07""]",2025-06-20,15,62,10,False,,0,101,380
primary,2025-07-08,B1,-8.93903994993175e-06,1.7513919504950906,-8.93903994993175e-06,1.7513919504950906,2,"[""2025-06-23"", ""2025-06-24"", ""2025-06-25"", ""2025-06-26"", ""2025-06-27"", ""2025-06-30"", ""2025-07-01"", ""2025-07-02"", ""2025-07-03"", ""2025-07-07""]",2025-06-20,63,60,10,False,,0,127,380
primary,2025-07-08,B2,-6.930757404527346e-06,1.57787954181623,-6.930757404527346e-06,1.57787954181623,2,"[""2025-06-23"", ""2025-06-24"", ""2025-06-25"", ""2025-06-26"", ""2025-06-27"", ""2025-06-30"", ""2025-07-01"", ""2025-07-02"", ""2025-07-03"", ""2025-07-07""]",2025-06-20,63,81,10,False,,0,94,380
primary,2025-07-09,B0,-2.6061309901930205e-06,1.2198005733928257,-2.6061309901930205e-06,1.2198005733928257,2,"[""2025-06-24"", ""2025-06-25"", ""2025-06-26"", ""2025-06-27"", ""2025-06-30"", ""2025-07-01"", ""2025-07-02"", ""2025-07-03"", ""2025-07-07"", ""2025-07-08""]",2025-06-23,15,62,10,False,,0,9,390
primary,2025-07-09,B1,-3.0853369305894115e-06,1.2774018583435554,-3.0853369305894115e-06,1.2774018583435554,2,"[""2025-06-24"", ""2025-06-25"", ""2025-06-26"", ""2025-06-27"", ""2025-06-30"", ""2025-07-01"", ""2025-07-02"", ""2025-07-03"", ""2025-07-07"", ""2025-07-08""]",2025-06-23,63,54,10,False,,0,17,390
primary,2025-07-09,B2,-1.2619692332910683e-06,1.116129613727959,-1.2619692332910683e-06,1.116129613727959,2,"[""2025-06-24"", ""2025-06-25"", ""2025-06-26"", ""2025-06-27"", ""2025-06-30"", ""2025-07-01"", ""2025-07-02"", ""2025-07-03"", ""2025-07-07"", ""2025-07-08""]",2025-06-23,63,74,10,False,,0,0,390
primary,2025-07-10,B0,-3.7930416574456297e-06,1.3290325691912905,-3.7930416574456297e-06,1.3290325691912905,2,"[""2025-06-25"", ""2025-06-26"", ""2025-06-27"", ""2025-06-30"", ""2025-07-01"", ""2025-07-02"", ""2025-07-03"", ""2025-07-07"", ""2025-07-08"", ""2025-07-09""]",2025-06-24,15,53,10,False,,0,33,350
primary,2025-07-10,B1,-2.3322803106342905e-06,1.2290544386697617,-2.3322803106342905e-06,1.2290544386697617,2,"[""2025-06-25"", ""2025-06-26"", ""2025-06-27"", ""2025-06-30"", ""2025-07-01"", ""2025-07-02"", ""2025-07-03"", ""2025-07-07"", ""2025-07-08"", ""2025-07-09""]",2025-06-24,31,74,10,False,,0,16,350
primary,2025-07-10,B2,-1.7847302754765482e-06,1.1679647526959862,-1.7847302754765482e-06,1.1679647526959862,2,"[""2025-06-25"", ""2025-06-26"", ""2025-06-27"", ""2025-06-30"", ""2025-07-01"", ""2025-07-02"", ""2025-07-03"", ""2025-07-07"", ""2025-07-08"", ""2025-07-09""]",2025-06-24,31,75,10,False,,0,0,350
primary,2025-07-11,B0,-3.72716611414276e-06,1.347846294014393,-3.72716611414276e-06,1.347846294014393,2,"[""2025-06-26"", ""2025-06-27"", ""2025-06-30"", ""2025-07-01"", ""2025-07-02"", ""2025-07-03"", ""2025-07-07"", ""2025-07-08"", ""2025-07-09"", ""2025-07-10""]",2025-06-25,31,65,10,False,,0,55,390
primary,2025-07-11,B1,-3.231229193641594e-06,1.3203876705627706,-3.231229193641594e-06,1.3203876705627706,2,"[""2025-06-26"", ""2025-06-27"", ""2025-06-30"", ""2025-07-01"", ""2025-07-02"", ""2025-07-03"", ""2025-07-07"", ""2025-07-08"", ""2025-07-09"", ""2025-07-10""]",2025-06-25,63,63,10,False,,0,32,390
primary,2025-07-11,B2,-3.5576047037385118e-06,1.3303782250390488,-3.5576047037385118e-06,1.3303782250390488,2,"[""2025-06-26"", ""2025-06-27"", ""2025-06-30"", ""2025-07-01"", ""2025-07-02"", ""2025-07-03"", ""2025-07-07"", ""2025-07-08"", ""2025-07-09"", ""2025-07-10""]",2025-06-25,63,58,10,False,,0,38,390
primary,2025-07-14,B0,-3.3218646985428642e-06,1.3348871711262649,-3.3218646985428642e-06,1.3348871711262649,2,"[""2025-06-27"", ""2025-06-30"", ""2025-07-01"", ""2025-07-02"", ""2025-07-03"", ""2025-07-07"", ""2025-07-08"", ""2025-07-09"", ""2025-07-10"", ""2025-07-11""]",2025-06-26,31,69,10,False,,0,64,384
primary,2025-07-14,B1,-3.910425474238162e-06,1.3939561805670153,-3.910425474238162e-06,1.3939561805670153,2,"[""2025-06-27"", ""2025-06-30"", ""2025-07-01"", ""2025-07-02"", ""2025-07-03"", ""2025-07-07"", ""2025-07-08"", ""2025-07-09"", ""2025-07-10"", ""2025-07-11""]",2025-06-26,63,52,10,False,,0,56,384
primary,2025-07-14,B2,-3.6546829598484298e-06,1.3567672622227167,-3.6546829598484298e-06,1.3567672622227167,2,"[""2025-06-27"", ""2025-06-30"", ""2025-07-01"", ""2025-07-02"", ""2025-07-03"", ""2025-07-07"", ""2025-07-08"", ""2025-07-09"", ""2025-07-10"", ""2025-07-11""]",2025-06-26,63,56,10,False,,0,54,384
primary,2025-07-15,B0,-2.6679485168229125e-06,1.2672082613820272,-2.6679485168229125e-06,1.2672082613820272,2,"[""2025-06-30"", ""2025-07-01"", ""2025-07-02"", ""2025-07-03"", ""2025-07-07"", ""2025-07-08"", ""2025-07-09"", ""2025-07-10"", ""2025-07-11"", ""2025-07-14""]",2025-06-27,15,187,10,False,,0,25,384
primary,2025-07-15,B1,-3.107852387871888e-06,1.3342700924270556,-3.107852387871888e-06,1.3342700924270556,2,"[""2025-06-30"", ""2025-07-01"", ""2025-07-02"", ""2025-07-03"", ""2025-07-07"", ""2025-07-08"", ""2025-07-09"", ""2025-07-10"", ""2025-07-11"", ""2025-07-14""]",2025-06-27,63,101,10,False,,0,34,384
primary,2025-07-15,B2,-2.73134252821063e-06,1.2770664583020612,-2.73134252821063e-06,1.2770664583020612,2,"[""2025-06-30"", ""2025-07-01"", ""2025-07-02"", ""2025-07-03"", ""2025-07-07"", ""2025-07-08"", ""2025-07-09"", ""2025-07-10"", ""2025-07-11"", ""2025-07-14""]",2025-06-27,31,169,10,False,,0,29,384
primary,2025-07-16,B0,-3.56724522105758e-06,1.3575351802832492,-3.56724522105758e-06,1.3575351802832492,2,"[""2025-07-01"", ""2025-07-02"", ""2025-07-03"", ""2025-07-07"", ""2025-07-08"", ""2025-07-09"", ""2025-07-10"", ""2025-07-11"", ""2025-07-14"", ""2025-07-15""]",2025-06-30,63,121,10,False,,0,26,390
primary,2025-07-16,B1,-3.707743624215835e-06,1.3876690209959746,-3.707743624215835e-06,1.3876690209959746,2,"[""2025-07-01"", ""2025-07-02"", ""2025-07-03"", ""2025-07-07"", ""2025-07-08"", ""2025-07-09"", ""2025-07-10"", ""2025-07-11"", ""2025-07-14"", ""2025-07-15""]",2025-06-30,63,119,10,False,,0,34,390
primary,2025-07-16,B2,-3.1429316585974465e-06,1.3129155323585315,-3.1429316585974465e-06,1.3129155323585315,2,"[""2025-07-01"", ""2025-07-02"", ""2025-07-03"", ""2025-07-07"", ""2025-07-08"", ""2025-07-09"", ""2025-07-10"", ""2025-07-11"", ""2025-07-14"", ""2025-07-15""]",2025-06-30,63,100,10,False,,0,31,390
primary,2025-07-17,B0,-1.5157928884366766e-06,1.169707710937968,-1.5157928884366766e-06,1.169707710937968,2,"[""2025-07-02"", ""2025-07-03"", ""2025-07-07"", ""2025-07-08"", ""2025-07-09"", ""2025-07-10"", ""2025-07-11"", ""2025-07-14"", ""2025-07-15"", ""2025-07-16""]",2025-07-01,63,220,10,False,,0,5,390
primary,2025-07-17,B1,-2.6302610063659875e-06,1.295491192308308,-2.6302610063659875e-06,1.295491192308308,2,"[""2025-07-02"", ""2025-07-03"", ""2025-07-07"", ""2025-07-08"", ""2025-07-09"", ""2025-07-10"", ""2025-07-11"", ""2025-07-14"", ""2025-07-15"", ""2025-07-16""]",2025-07-01,63,204,10,False,,0,37,390
primary,2025-07-17,B2,-2.48723342361551e-06,1.246100899295243,-2.48723342361551e-06,1.246100899295243,2,"[""2025-07-02"", ""2025-07-03"", ""2025-07-07"", ""2025-07-08"", ""2025-07-09"", ""2025-07-10"", ""2025-07-11"", ""2025-07-14"", ""2025-07-15"", ""2025-07-16""]",2025-07-01,63,120,10,False,,0,35,390
primary,2025-07-18,B0,-2.5815372651153423e-06,1.2861044239442272,-2.5815372651153423e-06,1.2861044239442272,2,"[""2025-07-03"", ""2025-07-07"", ""2025-07-08"", ""2025-07-09"", ""2025-07-10"", ""2025-07-11"", ""2025-07-14"", ""2025-07-15"", ""2025-07-16"", ""2025-07-17""]",2025-07-02,63,232,10,False,,0,57,390
primary,2025-07-18,B1,-3.7415963016837275e-06,1.4078926791452204,-3.7415963016837275e-06,1.4078926791452204,2,"[""2025-07-03"", ""2025-07-07"", ""2025-07-08"", ""2025-07-09"", ""2025-07-10"", ""2025-07-11"", ""2025-07-14"", ""2025-07-15"", ""2025-07-16"", ""2025-07-17""]",2025-07-02,31,302,10,False,,0,92,390
primary,2025-07-18,B2,-2.57242055482404e-06,1.2597617977528104,-2.57242055482404e-06,1.2597617977528104,2,"[""2025-07-03"", ""2025-07-07"", ""2025-07-08"", ""2025-07-09"", ""2025-07-10"", ""2025-07-11"", ""2025-07-14"", ""2025-07-15"", ""2025-07-16"", ""2025-07-17""]",2025-07-02,15,640,10,False,,0,48,390
primary,2025-07-21,B0,-2.726768262186419e-06,1.286907265496506,-2.726768262186419e-06,1.286907265496506,2,"[""2025-07-07"", ""2025-07-08"", ""2025-07-09"", ""2025-07-10"", ""2025-07-11"", ""2025-07-14"", ""2025-07-15"", ""2025-07-16"", ""2025-07-17"", ""2025-07-18""]",2025-07-03,63,167,10,False,,0,47,390
primary,2025-07-21,B1,-3.5554503979200832e-06,1.3865822742647274,-3.5554503979200832e-06,1.3865822742647274,2,"[""2025-07-07"", ""2025-07-08"", ""2025-07-09"", ""2025-07-10"", ""2025-07-11"", ""2025-07-14"", ""2025-07-15"", ""2025-07-16"", ""2025-07-17"", ""2025-07-18""]",2025-07-03,31,354,10,False,,0,77,390
primary,2025-07-21,B2,-3.683035851717812e-06,1.3863609503161278,-3.683035851717812e-06,1.3863609503161278,2,"[""2025-07-07"", ""2025-07-08"", ""2025-07-09"", ""2025-07-10"", ""2025-07-11"", ""2025-07-14"", ""2025-07-15"", ""2025-07-16"", ""2025-07-17"", ""2025-07-18""]",2025-07-03,63,139,10,False,,0,85,390
primary,2025-07-22,B0,-5.646463027202871e-06,1.6425763422781452,-5.646463027202871e-06,1.6425763422781452,2,"[""2025-07-08"", ""2025-07-09"", ""2025-07-10"", ""2025-07-11"", ""2025-07-14"", ""2025-07-15"", ""2025-07-16"", ""2025-07-17"", ""2025-07-18"", ""2025-07-21""]",2025-07-07,63,215,10,False,,0,97,390
primary,2025-07-22,B1,-5.182537351129435e-06,1.5643609431075884,-5.182537351129435e-06,1.5643609431075884,2,"[""2025-07-08"", ""2025-07-09"", ""2025-07-10"", ""2025-07-11"", ""2025-07-14"", ""2025-07-15"", ""2025-07-16"", ""2025-07-17"", ""2025-07-18"", ""2025-07-21""]",2025-07-07,15,397,10,False,,0,104,390
primary,2025-07-22,B2,-6.727670273904907e-06,1.7712768685337141,-6.727670273904907e-06,1.7712768685337141,2,"[""2025-07-08"", ""2025-07-09"", ""2025-07-10"", ""2025-07-11"", ""2025-07-14"", ""2025-07-15"", ""2025-07-16"", ""2025-07-17"", ""2025-07-18"", ""2025-07-21""]",2025-07-07,63,366,10,False,,0,124,390
primary,2025-07-23,B0,-4.394768814891202e-06,1.4362638867423871,-4.394768814891202e-06,1.4362638867423871,2,"[""2025-07-09"", ""2025-07-10"", ""2025-07-11"", ""2025-07-14"", ""2025-07-15"", ""2025-07-16"", ""2025-07-17"", ""2025-07-18"", ""2025-07-21"", ""2025-07-22""]",2025-07-08,31,265,10,False,,0,101,384
primary,2025-07-23,B1,-4.727666202999334e-06,1.4815591548874731,-4.727666202999334e-06,1.4815591548874731,2,"[""2025-07-09"", ""2025-07-10"", ""2025-07-11"", ""2025-07-14"", ""2025-07-15"", ""2025-07-16"", ""2025-07-17"", ""2025-07-18"", ""2025-07-21"", ""2025-07-22""]",2025-07-08,63,142,10,False,,0,87,384
primary,2025-07-23,B2,-4.747982987794048e-06,1.469565800990109,-4.747982987794048e-06,1.469565800990109,2,"[""2025-07-09"", ""2025-07-10"", ""2025-07-11"", ""2025-07-14"", ""2025-07-15"", ""2025-07-16"", ""2025-07-17"", ""2025-07-18"", ""2025-07-21"", ""2025-07-22""]",2025-07-08,31,365,10,False,,0,97,384
primary,2025-07-24,B0,-5.25691172451239e-06,1.5537120620219205,-5.25691172451239e-06,1.5537120620219205,2,"[""2025-07-10"", ""2025-07-11"", ""2025-07-14"", ""2025-07-15"", ""2025-07-16"", ""2025-07-17"", ""2025-07-18"", ""2025-07-21"", ""2025-07-22"", ""2025-07-23""]",2025-07-09,63,164,10,False,,0,114,390
primary,2025-07-24,B1,-4.930797077775831e-06,1.515460974207554,-4.930797077775831e-06,1.515460974207554,2,"[""2025-07-10"", ""2025-07-11"", ""2025-07-14"", ""2025-07-15"", ""2025-07-16"", ""2025-07-17"", ""2025-07-18"", ""2025-07-21"", ""2025-07-22"", ""2025-07-23""]",2025-07-09,31,470,10,False,,0,119,390
primary,2025-07-24,B2,-4.682444989708064e-06,1.4506011166186223,-4.682444989708064e-06,1.4506011166186223,2,"[""2025-07-10"", ""2025-07-11"", ""2025-07-14"", ""2025-07-15"", ""2025-07-16"", ""2025-07-17"", ""2025-07-18"", ""2025-07-21"", ""2025-07-22"", ""2025-07-23""]",2025-07-09,31,236,10,False,,0,139,390
primary,2025-07-25,B0,-4.398656524297153e-06,1.449058218344368,-4.398656524297153e-06,1.449058218344368,2,"[""2025-07-11"", ""2025-07-14"", ""2025-07-15"", ""2025-07-16"", ""2025-07-17"", ""2025-07-18"", ""2025-07-21"", ""2025-07-22"", ""2025-07-23"", ""2025-07-24""]",2025-07-10,63,156,10,False,,0,162,390
primary,2025-07-25,B1,-4.332927009000938e-06,1.4247142070786458,-4.332927009000938e-06,1.4247142070786458,2,"[""2025-07-11"", ""2025-07-14"", ""2025-07-15"", ""2025-07-16"", ""2025-07-17"", ""2025-07-18"", ""2025-07-21"", ""2025-07-22"", ""2025-07-23"", ""2025-07-24""]",2025-07-10,31,212,10,False,,0,111,390
primary,2025-07-25,B2,-3.2190244936455596e-06,1.2998972703668312,-3.2190244936455596e-06,1.2998972703668312,2,"[""2025-07-11"", ""2025-07-14"", ""2025-07-15"", ""2025-07-16"", ""2025-07-17"", ""2025-07-18"", ""2025-07-21"", ""2025-07-22"", ""2025-07-23"", ""2025-07-24""]",2025-07-10,63,293,10,False,,0,84,390
primary,2025-07-28,B0,-4.1635111225983775e-06,1.4238591830682925,-4.1635111225983775e-06,1.4238591830682925,2,"[""2025-07-14"", ""2025-07-15"", ""2025-07-16"", ""2025-07-17"", ""2025-07-18"", ""2025-07-21"", ""2025-07-22"", ""2025-07-23"", ""2025-07-24"", ""2025-07-25""]",2025-07-11,63,163,10,False,,0,182,384
primary,2025-07-28,B1,-4.723610868050943e-06,1.4944237853369315,-4.723610868050943e-06,1.4944237853369315,2,"[""2025-07-14"", ""2025-07-15"", ""2025-07-16"", ""2025-07-17"", ""2025-07-18"", ""2025-07-21"", ""2025-07-22"", ""2025-07-23"", ""2025-07-24"", ""2025-07-25""]",2025-07-11,63,177,10,False,,0,211,384
primary,2025-07-28,B2,-3.6682621975376568e-06,1.3398436619682554,-3.6682621975376568e-06,1.3398436619682554,2,"[""2025-07-14"", ""2025-07-15"", ""2025-07-16"", ""2025-07-17"", ""2025-07-18"", ""2025-07-21"", ""2025-07-22"", ""2025-07-23"", ""2025-07-24"", ""2025-07-25""]",2025-07-11,63,205,10,False,,0,149,384
primary,2025-07-29,B0,-4.406312960114623e-06,1.4486312032029385,-4.406312960114623e-06,1.4486312032029385,2,"[""2025-07-15"", ""2025-07-16"", ""2025-07-17"", ""2025-07-18"", ""2025-07-21"", ""2025-07-22"", ""2025-07-23"", ""2025-07-24"", ""2025-07-25"", ""2025-07-28""]",2025-07-14,31,224,10,False,,0,95,384
primary,2025-07-29,B1,-4.3861610696174995e-06,1.4862527851963148,-4.3861610696174995e-06,1.4862527851963148,2,"[""2025-07-15"", ""2025-07-16"", ""2025-07-17"", ""2025-07-18"", ""2025-07-21"", ""2025-07-22"", ""2025-07-23"", ""2025-07-24"", ""2025-07-25"", ""2025-07-28""]",2025-07-14,63,254,10,False,,0,95,384
primary,2025-07-29,B2,-3.296705041437164e-06,1.324472013205761,-3.296705041437164e-06,1.324472013205761,2,"[""2025-07-15"", ""2025-07-16"", ""2025-07-17"", ""2025-07-18"", ""2025-07-21"", ""2025-07-22"", ""2025-07-23"", ""2025-07-24"", ""2025-07-25"", ""2025-07-28""]",2025-07-14,63,253,10,False,,0,72,384
primary,2025-07-30,B0,-4.1637305490653505e-06,1.4269353754613654,-4.1637305490653505e-06,1.4269353754613654,2,"[""2025-07-16"", ""2025-07-17"", ""2025-07-18"", ""2025-07-21"", ""2025-07-22"", ""2025-07-23"", ""2025-07-24"", ""2025-07-25"", ""2025-07-28"", ""2025-07-29""]",2025-07-15,31,248,10,False,,0,92,390
primary,2025-07-30,B1,-3.876456590769372e-06,1.4015426804529894,-3.876456590769372e-06,1.4015426804529894,2,"[""2025-07-16"", ""2025-07-17"", ""2025-07-18"", ""2025-07-21"", ""2025-07-22"", ""2025-07-23"", ""2025-07-24"", ""2025-07-25"", ""2025-07-28"", ""2025-07-29""]",2025-07-15,63,120,10,False,,0,86,390
primary,2025-07-30,B2,-2.7850925347590703e-06,1.2811267237968038,-2.7850925347590703e-06,1.2811267237968038,2,"[""2025-07-16"", ""2025-07-17"", ""2025-07-18"", ""2025-07-21"", ""2025-07-22"", ""2025-07-23"", ""2025-07-24"", ""2025-07-25"", ""2025-07-28"", ""2025-07-29""]",2025-07-15,63,228,10,False,,0,46,390
primary,2025-07-31,B0,1.1169860324160806e-06,0.7881366274755921,1.1169860324160806e-06,0.7881366274755921,2,"[""2025-07-17"", ""2025-07-18"", ""2025-07-21"", ""2025-07-22"", ""2025-07-23"", ""2025-07-24"", ""2025-07-25"", ""2025-07-28"", ""2025-07-29"", ""2025-07-30""]",2025-07-16,31,185,10,False,,0,0,390
primary,2025-07-31,B1,7.190256207890041e-07,0.832734544140572,7.190256207890041e-07,0.832734544140572,2,"[""2025-07-17"", ""2025-07-18"", ""2025-07-21"", ""2025-07-22"", ""2025-07-23"", ""2025-07-24"", ""2025-07-25"", ""2025-07-28"", ""2025-07-29"", ""2025-07-30""]",2025-07-16,31,260,10,False,,0,0,390
primary,2025-07-31,B2,2.7867577783810645e-06,0.5885872193744502,2.7867577783810645e-06,0.5885872193744502,2,"[""2025-07-17"", ""2025-07-18"", ""2025-07-21"", ""2025-07-22"", ""2025-07-23"", ""2025-07-24"", ""2025-07-25"", ""2025-07-28"", ""2025-07-29"", ""2025-07-30""]",2025-07-16,31,402,10,False,,0,0,390
primary,2025-08-01,B0,-3.885718084091444e-06,1.3905157381256725,-3.885718084091444e-06,1.3905157381256725,2,"[""2025-07-18"", ""2025-07-21"", ""2025-07-22"", ""2025-07-23"", ""2025-07-24"", ""2025-07-25"", ""2025-07-28"", ""2025-07-29"", ""2025-07-30"", ""2025-07-31""]",2025-07-17,31,195,10,False,,0,0,390
primary,2025-08-01,B1,-4.2719252041805265e-06,1.4299739374314289,-4.2719252041805265e-06,1.4299739374314289,2,"[""2025-07-18"", ""2025-07-21"", ""2025-07-22"", ""2025-07-23"", ""2025-07-24"", ""2025-07-25"", ""2025-07-28"", ""2025-07-29"", ""2025-07-30"", ""2025-07-31""]",2025-07-17,31,236,10,False,,0,0,390
primary,2025-08-01,B2,-3.6933277000151555e-06,1.3495511196363483,-3.6933277000151555e-06,1.3495511196363483,2,"[""2025-07-18"", ""2025-07-21"", ""2025-07-22"", ""2025-07-23"", ""2025-07-24"", ""2025-07-25"", ""2025-07-28"", ""2025-07-29"", ""2025-07-30"", ""2025-07-31""]",2025-07-17,63,119,10,False,,0,0,390
primary,2025-08-04,B0,-1.8001095846493132e-06,1.1566006556880244,-1.8001095846493132e-06,1.1566006556880244,2,"[""2025-07-21"", ""2025-07-22"", ""2025-07-23"", ""2025-07-24"", ""2025-07-25"", ""2025-07-28"", ""2025-07-29"", ""2025-07-30"", ""2025-07-31"", ""2025-08-01""]",2025-07-18,31,127,10,False,,0,0,378
primary,2025-08-04,B1,-2.512033095130316e-06,1.2282282840058378,-2.512033095130316e-06,1.2282282840058378,2,"[""2025-07-21"", ""2025-07-22"", ""2025-07-23"", ""2025-07-24"", ""2025-07-25"", ""2025-07-28"", ""2025-07-29"", ""2025-07-30"", ""2025-07-31"", ""2025-08-01""]",2025-07-18,31,171,10,False,,0,1,378
primary,2025-08-04,B2,-2.4461678145065125e-06,1.2171354797749998,-2.4461678145065125e-06,1.2171354797749998,2,"[""2025-07-21"", ""2025-07-22"", ""2025-07-23"", ""2025-07-24"", ""2025-07-25"", ""2025-07-28"", ""2025-07-29"", ""2025-07-30"", ""2025-07-31"", ""2025-08-01""]",2025-07-18,63,143,10,False,,0,2,378
primary,2025-08-05,B0,-1.951490793715757e-06,1.1965552761987344,-1.951490793715757e-06,1.1965552761987344,2,"[""2025-07-22"", ""2025-07-23"", ""2025-07-24"", ""2025-07-25"", ""2025-07-28"", ""2025-07-29"", ""2025-07-30"", ""2025-07-31"", ""2025-08-01"", ""2025-08-04""]",2025-07-21,15,373,10,False,,0,0,383
primary,2025-08-05,B1,-1.8226554711459491e-06,1.202737528993812,-1.8226554711459491e-06,1.202737528993812,2,"[""2025-07-22"", ""2025-07-23"", ""2025-07-24"", ""2025-07-25"", ""2025-07-28"", ""2025-07-29"", ""2025-07-30"", ""2025-07-31"", ""2025-08-01"", ""2025-08-04""]",2025-07-21,63,150,10,False,,0,1,383
primary,2025-08-05,B2,-2.1644342445811456e-06,1.2099941898631603,-2.1644342445811456e-06,1.2099941898631603,2,"[""2025-07-22"", ""2025-07-23"", ""2025-07-24"", ""2025-07-25"", ""2025-07-28"", ""2025-07-29"", ""2025-07-30"", ""2025-07-31"", ""2025-08-01"", ""2025-08-04""]",2025-07-21,63,117,10,False,,0,2,383
primary,2025-08-06,B0,-1.7697582153999835e-06,1.1860790737331535,-1.7697582153999835e-06,1.1860790737331535,2,"[""2025-07-23"", ""2025-07-24"", ""2025-07-25"", ""2025-07-28"", ""2025-07-29"", ""2025-07-30"", ""2025-07-31"", ""2025-08-01"", ""2025-08-04"", ""2025-08-05""]",2025-07-22,15,355,10,False,,0,0,390
primary,2025-08-06,B1,-1.6580727145675912e-06,1.1977447451896768,-1.6580727145675912e-06,1.1977447451896768,2,"[""2025-07-23"", ""2025-07-24"", ""2025-07-25"", ""2025-07-28"", ""2025-07-29"", ""2025-07-30"", ""2025-07-31"", ""2025-08-01"", ""2025-08-04"", ""2025-08-05""]",2025-07-22,31,206,10,False,,0,0,390
primary,2025-08-06,B2,-1.9504002069140046e-06,1.2011391448773339,-1.9504002069140046e-06,1.2011391448773339,2,"[""2025-07-23"", ""2025-07-24"", ""2025-07-25"", ""2025-07-28"", ""2025-07-29"", ""2025-07-30"", ""2025-07-31"", ""2025-08-01"", ""2025-08-04"", ""2025-08-05""]",2025-07-22,63,82,10,False,,0,7,390
primary,2025-08-07,B0,-1.4502751982160361e-06,1.1445352032342022,-1.4502751982160361e-06,1.1445352032342022,2,"[""2025-07-24"", ""2025-07-25"", ""2025-07-28"", ""2025-07-29"", ""2025-07-30"", ""2025-07-31"", ""2025-08-01"", ""2025-08-04"", ""2025-08-05"", ""2025-08-06""]",2025-07-23,15,309,10,False,,0,0,378
primary,2025-08-07,B1,-1.7179120066230959e-06,1.190118038787475,-1.7179120066230959e-06,1.190118038787475,2,"[""2025-07-24"", ""2025-07-25"", ""2025-07-28"", ""2025-07-29"", ""2025-07-30"", ""2025-07-31"", ""2025-08-01"", ""2025-08-04"", ""2025-08-05"", ""2025-08-06""]",2025-07-23,31,142,10,False,,0,0,378
primary,2025-08-07,B2,-1.8854297498344352e-06,1.1894308609375428,-1.8854297498344352e-06,1.1894308609375428,2,"[""2025-07-24"", ""2025-07-25"", ""2025-07-28"", ""2025-07-29"", ""2025-07-30"", ""2025-07-31"", ""2025-08-01"", ""2025-08-04"", ""2025-08-05"", ""2025-08-06""]",2025-07-23,31,111,10,False,,0,0,378
primary,2025-08-08,B0,-9.85878468733822e-07,1.1183313911105985,-9.85878468733822e-07,1.1183313911105985,2,"[""2025-07-25"", ""2025-07-28"", ""2025-07-29"", ""2025-07-30"", ""2025-07-31"", ""2025-08-01"", ""2025-08-04"", ""2025-08-05"", ""2025-08-06"", ""2025-08-07""]",2025-07-24,15,329,10,False,,0,0,390
primary,2025-08-08,B1,-1.5374342881145931e-06,1.184167000834386,-1.5374342881145931e-06,1.184167000834386,2,"[""2025-07-25"", ""2025-07-28"", ""2025-07-29"", ""2025-07-30"", ""2025-07-31"", ""2025-08-01"", ""2025-08-04"", ""2025-08-05"", ""2025-08-06"", ""2025-08-07""]",2025-07-24,15,216,10,False,,0,0,390
primary,2025-08-08,B2,-1.2534456484923524e-06,1.155112881545194,-1.2534456484923524e-06,1.155112881545194,2,"[""2025-07-25"", ""2025-07-28"", ""2025-07-29"", ""2025-07-30"", ""2025-07-31"", ""2025-08-01"", ""2025-08-04"", ""2025-08-05"", ""2025-08-06"", ""2025-08-07""]",2025-07-24,31,131,10,False,,0,0,390
primary,2025-08-11,B0,-8.117326759802955e-07,1.1013730689511059,-8.117326759802955e-07,1.1013730689511059,2,"[""2025-07-28"", ""2025-07-29"", ""2025-07-30"", ""2025-07-31"", ""2025-08-01"", ""2025-08-04"", ""2025-08-05"", ""2025-08-06"", ""2025-08-07"", ""2025-08-08""]",2025-07-25,31,173,10,False,,0,0,390
primary,2025-08-11,B1,-9.489721520964121e-07,1.1381523391789627,-9.489721520964121e-07,1.1381523391789627,2,"[""2025-07-28"", ""2025-07-29"", ""2025-07-30"", ""2025-07-31"", ""2025-08-01"", ""2025-08-04"", ""2025-08-05"", ""2025-08-06"", ""2025-08-07"", ""2025-08-08""]",2025-07-25,31,121,10,False,,0,0,390
primary,2025-08-11,B2,-1.226972005569129e-06,1.1526134818016758,-1.226972005569129e-06,1.1526134818016758,2,"[""2025-07-28"", ""2025-07-29"", ""2025-07-30"", ""2025-07-31"", ""2025-08-01"", ""2025-08-04"", ""2025-08-05"", ""2025-08-06"", ""2025-08-07"", ""2025-08-08""]",2025-07-25,31,88,10,False,,0,0,390
primary,2025-08-12,B0,-7.876619844314482e-07,1.0941188019260104,-7.876619844314482e-07,1.0941188019260104,2,"[""2025-07-29"", ""2025-07-30"", ""2025-07-31"", ""2025-08-01"", ""2025-08-04"", ""2025-08-05"", ""2025-08-06"", ""2025-08-07"", ""2025-08-08"", ""2025-08-11""]",2025-07-28,31,157,10,False,,0,0,390
primary,2025-08-12,B1,-1.6339938804100474e-06,1.1800587547524846,-1.6339938804100474e-06,1.1800587547524846,2,"[""2025-07-29"", ""2025-07-30"", ""2025-07-31"", ""2025-08-01"", ""2025-08-04"", ""2025-08-05"", ""2025-08-06"", ""2025-08-07"", ""2025-08-08"", ""2025-08-11""]",2025-07-28,63,60,10,False,,0,0,390
primary,2025-08-12,B2,-1.7826493958048107e-06,1.1856119604261066,-1.7826493958048107e-06,1.1856119604261066,2,"[""2025-07-29"", ""2025-07-30"", ""2025-07-31"", ""2025-08-01"", ""2025-08-04"", ""2025-08-05"", ""2025-08-06"", ""2025-08-07"", ""2025-08-08"", ""2025-08-11""]",2025-07-28,31,73,10,False,,0,0,390
primary,2025-08-13,B0,-1.256835208601239e-06,1.1200204587781937,-1.256835208601239e-06,1.1200204587781937,2,"[""2025-07-30"", ""2025-07-31"", ""2025-08-01"", ""2025-08-04"", ""2025-08-05"", ""2025-08-06"", ""2025-08-07"", ""2025-08-08"", ""2025-08-11"", ""2025-08-12""]",2025-07-29,31,149,10,False,,0,0,390
primary,2025-08-13,B1,-1.6077870408813432e-06,1.1758128027828276,-1.6077870408813432e-06,1.1758128027828276,2,"[""2025-07-30"", ""2025-07-31"", ""2025-08-01"", ""2025-08-04"", ""2025-08-05"", ""2025-08-06"", ""2025-08-07"", ""2025-08-08"", ""2025-08-11"", ""2025-08-12""]",2025-07-29,31,125,10,False,,0,0,390
primary,2025-08-13,B2,-1.7089055716455785e-06,1.1913262516724923,-1.7089055716455785e-06,1.1913262516724923,2,"[""2025-07-30"", ""2025-07-31"", ""2025-08-01"", ""2025-08-04"", ""2025-08-05"", ""2025-08-06"", ""2025-08-07"", ""2025-08-08"", ""2025-08-11"", ""2025-08-12""]",2025-07-29,31,148,10,False,,0,0,390
primary,2025-08-14,B0,-1.0566503195632008e-06,1.134817039228486,-1.0566503195632008e-06,1.134817039228486,2,"[""2025-07-31"", ""2025-08-01"", ""2025-08-04"", ""2025-08-05"", ""2025-08-06"", ""2025-08-07"", ""2025-08-08"", ""2025-08-11"", ""2025-08-12"", ""2025-08-13""]",2025-07-30,63,214,10,False,,0,0,378
primary,2025-08-14,B1,-1.8371446098391203e-06,1.2120143171477,-1.8371446098391203e-06,1.2120143171477,2,"[""2025-07-31"", ""2025-08-01"", ""2025-08-04"", ""2025-08-05"", ""2025-08-06"", ""2025-08-07"", ""2025-08-08"", ""2025-08-11"", ""2025-08-12"", ""2025-08-13""]",2025-07-30,15,324,10,False,,0,0,378
primary,2025-08-14,B2,-1.4212064035960775e-06,1.1720342066359004,-1.4212064035960775e-06,1.1720342066359004,2,"[""2025-07-31"", ""2025-08-01"", ""2025-08-04"", ""2025-08-05"", ""2025-08-06"", ""2025-08-07"", ""2025-08-08"", ""2025-08-11"", ""2025-08-12"", ""2025-08-13""]",2025-07-30,31,122,10,False,,0,0,378
primary,2025-08-15,B0,5.08494546304802e-08,1.0178234059480795,5.08494546304802e-08,1.0178234059480795,2,"[""2025-08-01"", ""2025-08-04"", ""2025-08-05"", ""2025-08-06"", ""2025-08-07"", ""2025-08-08"", ""2025-08-11"", ""2025-08-12"", ""2025-08-13"", ""2025-08-14""]",2025-07-31,63,247,10,False,,0,0,387
primary,2025-08-15,B1,-9.444460096192695e-07,1.1150930210969119,-9.444460096192695e-07,1.1150930210969119,2,"[""2025-08-01"", ""2025-08-04"", ""2025-08-05"", ""2025-08-06"", ""2025-08-07"", ""2025-08-08"", ""2025-08-11"", ""2025-08-12"", ""2025-08-13"", ""2025-08-14""]",2025-07-31,15,459,10,False,,0,0,387
primary,2025-08-15,B2,1.9074800157226566e-07,1.0399010809072369,1.9074800157226566e-07,1.0399010809072369,2,"[""2025-08-01"", ""2025-08-04"", ""2025-08-05"", ""2025-08-06"", ""2025-08-07"", ""2025-08-08"", ""2025-08-11"", ""2025-08-12"", ""2025-08-13"", ""2025-08-14""]",2025-07-31,63,279,10,False,,0,0,387
primary,2025-08-18,B0,-1.5412933303012546e-06,1.1536487675210267,-1.5412933303012546e-06,1.1536487675210267,2,"[""2025-08-04"", ""2025-08-05"", ""2025-08-06"", ""2025-08-07"", ""2025-08-08"", ""2025-08-11"", ""2025-08-12"", ""2025-08-13"", ""2025-08-14"", ""2025-08-15""]",2025-08-01,63,140,10,False,,0,0,369
primary,2025-08-18,B1,-2.82729828656608e-06,1.3012553026855995,-2.82729828656608e-06,1.3012553026855995,2,"[""2025-08-04"", ""2025-08-05"", ""2025-08-06"", ""2025-08-07"", ""2025-08-08"", ""2025-08-11"", ""2025-08-12"", ""2025-08-13"", ""2025-08-14"", ""2025-08-15""]",2025-08-01,31,195,10,False,,0,30,369
primary,2025-08-18,B2,-3.659758129338657e-06,1.4004225530111483,-3.659758129338657e-06,1.4004225530111483,2,"[""2025-08-04"", ""2025-08-05"", ""2025-08-06"", ""2025-08-07"", ""2025-08-08"", ""2025-08-11"", ""2025-08-12"", ""2025-08-13"", ""2025-08-14"", ""2025-08-15""]",2025-08-01,63,187,10,False,,0,51,369
primary,2025-08-19,B0,-2.0883764419230785e-06,1.1906334391157543,-2.0883764419230785e-06,1.1906334391157543,2,"[""2025-08-05"", ""2025-08-06"", ""2025-08-07"", ""2025-08-08"", ""2025-08-11"", ""2025-08-12"", ""2025-08-13"", ""2025-08-14"", ""2025-08-15"", ""2025-08-18""]",2025-08-04,63,130,10,False,,0,0,348
primary,2025-08-19,B1,-3.464041071869708e-06,1.3494967533442248,-3.464041071869708e-06,1.3494967533442248,2,"[""2025-08-05"", ""2025-08-06"", ""2025-08-07"", ""2025-08-08"", ""2025-08-11"", ""2025-08-12"", ""2025-08-13"", ""2025-08-14"", ""2025-08-15"", ""2025-08-18""]",2025-08-04,31,213,10,False,,0,25,348
primary,2025-08-19,B2,-4.007166457394156e-06,1.4103936842640337,-4.007166457394156e-06,1.4103936842640337,2,"[""2025-08-05"", ""2025-08-06"", ""2025-08-07"", ""2025-08-08"", ""2025-08-11"", ""2025-08-12"", ""2025-08-13"", ""2025-08-14"", ""2025-08-15"", ""2025-08-18""]",2025-08-04,31,223,10,False,,0,49,348
primary,2025-08-20,B0,-2.451188645057601e-06,1.246587754514479,-2.451188645057601e-06,1.246587754514479,2,"[""2025-08-06"", ""2025-08-07"", ""2025-08-08"", ""2025-08-11"", ""2025-08-12"", ""2025-08-13"", ""2025-08-14"", ""2025-08-15"", ""2025-08-18"", ""2025-08-19""]",2025-08-05,63,146,10,False,,0,0,378
primary,2025-08-20,B1,-4.0282892410936635e-06,1.408966538178636,-4.0282892410936635e-06,1.408966538178636,2,"[""2025-08-06"", ""2025-08-07"", ""2025-08-08"", ""2025-08-11"", ""2025-08-12"", ""2025-08-13"", ""2025-08-14"", ""2025-08-15"", ""2025-08-18"", ""2025-08-19""]",2025-08-05,15,406,10,False,,0,2,378
primary,2025-08-20,B2,-3.8057512383917794e-06,1.401084779008121,-3.8057512383917794e-06,1.401084779008121,2,"[""2025-08-06"", ""2025-08-07"", ""2025-08-08"", ""2025-08-11"", ""2025-08-12"", ""2025-08-13"", ""2025-08-14"", ""2025-08-15"", ""2025-08-18"", ""2025-08-19""]",2025-08-05,63,143,10,False,,0,0,378
primary,2025-08-21,B0,-8.321505897239591e-07,1.0762688435567078,-8.321505897239591e-07,1.0762688435567078,2,"[""2025-08-07"", ""2025-08-08"", ""2025-08-11"", ""2025-08-12"", ""2025-08-13"", ""2025-08-14"", ""2025-08-15"", ""2025-08-18"", ""2025-08-19"", ""2025-08-20""]",2025-08-06,31,157,10,False,,0,0,378
primary,2025-08-21,B1,1.1535652948106515e-07,1.0072589494065314,1.1535652948106515e-07,1.0072589494065314,2,"[""2025-08-07"", ""2025-08-08"", ""2025-08-11"", ""2025-08-12"", ""2025-08-13"", ""2025-08-14"", ""2025-08-15"", ""2025-08-18"", ""2025-08-19"", ""2025-08-20""]",2025-08-06,31,214,10,False,,0,0,378
primary,2025-08-21,B2,7.598313147358052e-09,1.0132077886649071,7.598313147358052e-09,1.0132077886649071,2,"[""2025-08-07"", ""2025-08-08"", ""2025-08-11"", ""2025-08-12"", ""2025-08-13"", ""2025-08-14"", ""2025-08-15"", ""2025-08-18"", ""2025-08-19"", ""2025-08-20""]",2025-08-06,31,144,10,False,,0,0,378
primary,2025-08-22,B0,-9.416916489518856e-07,1.0866204589559847,-9.416916489518856e-07,1.0866204589559847,2,"[""2025-08-08"", ""2025-08-11"", ""2025-08-12"", ""2025-08-13"", ""2025-08-14"", ""2025-08-15"", ""2025-08-18"", ""2025-08-19"", ""2025-08-20"", ""2025-08-21""]",2025-08-07,63,115,10,False,,0,0,390
primary,2025-08-22,B1,-5.16544359221224e-07,1.055226845146872,-5.16544359221224e-07,1.055226845146872,2,"[""2025-08-08"", ""2025-08-11"", ""2025-08-12"", ""2025-08-13"", ""2025-08-14"", ""2025-08-15"", ""2025-08-18"", ""2025-08-19"", ""2025-08-20"", ""2025-08-21""]",2025-08-07,63,124,10,False,,0,0,390
primary,2025-08-22,B2,-4.1729678279139705e-07,1.0529367839332031,-4.1729678279139705e-07,1.0529367839332031,2,"[""2025-08-08"", ""2025-08-11"", ""2025-08-12"", ""2025-08-13"", ""2025-08-14"", ""2025-08-15"", ""2025-08-18"", ""2025-08-19"", ""2025-08-20"", ""2025-08-21""]",2025-08-07,63,315,10,False,,0,0,390
primary,2025-08-25,B0,5.0412165941933174e-06,0.47710372940501616,5.0412165941933174e-06,0.47710372940501616,2,"[""2025-08-11"", ""2025-08-12"", ""2025-08-13"", ""2025-08-14"", ""2025-08-15"", ""2025-08-18"", ""2025-08-19"", ""2025-08-20"", ""2025-08-21"", ""2025-08-22""]",2025-08-08,63,80,10,False,,0,0,384
primary,2025-08-25,B1,4.02303416881541e-06,0.5778592043872045,4.02303416881541e-06,0.5778592043872045,2,"[""2025-08-11"", ""2025-08-12"", ""2025-08-13"", ""2025-08-14"", ""2025-08-15"", ""2025-08-18"", ""2025-08-19"", ""2025-08-20"", ""2025-08-21"", ""2025-08-22""]",2025-08-08,31,182,10,False,,0,0,384
primary,2025-08-25,B2,3.7256624653829477e-06,0.6144405659408058,3.7256624653829477e-06,0.6144405659408058,2,"[""2025-08-11"", ""2025-08-12"", ""2025-08-13"", ""2025-08-14"", ""2025-08-15"", ""2025-08-18"", ""2025-08-19"", ""2025-08-20"", ""2025-08-21"", ""2025-08-22""]",2025-08-08,31,337,10,False,,0,0,384
primary,2025-08-26,B0,4.9566522719866524e-06,0.4639071279224036,4.9566522719866524e-06,0.4639071279224036,2,"[""2025-08-12"", ""2025-08-13"", ""2025-08-14"", ""2025-08-15"", ""2025-08-18"", ""2025-08-19"", ""2025-08-20"", ""2025-08-21"", ""2025-08-22"", ""2025-08-25""]",2025-08-11,15,402,10,False,,0,0,390
primary,2025-08-26,B1,2.8914824980700285e-06,0.6717500404668587,2.8914824980700285e-06,0.6717500404668587,2,"[""2025-08-12"", ""2025-08-13"", ""2025-08-14"", ""2025-08-15"", ""2025-08-18"", ""2025-08-19"", ""2025-08-20"", ""2025-08-21"", ""2025-08-22"", ""2025-08-25""]",2025-08-11,63,178,10,False,,0,0,390
primary,2025-08-26,B2,2.8933508671997764e-06,0.6728875595963032,2.8933508671997764e-06,0.6728875595963032,2,"[""2025-08-12"", ""2025-08-13"", ""2025-08-14"", ""2025-08-15"", ""2025-08-18"", ""2025-08-19"", ""2025-08-20"", ""2025-08-21"", ""2025-08-22"", ""2025-08-25""]",2025-08-11,31,382,10,False,,0,0,390
primary,2025-08-27,B0,4.818209783912534e-06,0.45710881259510117,4.818209783912534e-06,0.45710881259510117,2,"[""2025-08-13"", ""2025-08-14"", ""2025-08-15"", ""2025-08-18"", ""2025-08-19"", ""2025-08-20"", ""2025-08-21"", ""2025-08-22"", ""2025-08-25"", ""2025-08-26""]",2025-08-12,31,137,10,False,,0,0,384
primary,2025-08-27,B1,2.37728298063017e-06,0.7122809231012173,2.37728298063017e-06,0.7122809231012173,2,"[""2025-08-13"", ""2025-08-14"", ""2025-08-15"", ""2025-08-18"", ""2025-08-19"", ""2025-08-20"", ""2025-08-21"", ""2025-08-22"", ""2025-08-25"", ""2025-08-26""]",2025-08-12,63,141,10,False,,0,0,384
primary,2025-08-27,B2,2.1395867385990033e-06,0.7383333029644235,2.1395867385990033e-06,0.7383333029644235,2,"[""2025-08-13"", ""2025-08-14"", ""2025-08-15"", ""2025-08-18"", ""2025-08-19"", ""2025-08-20"", ""2025-08-21"", ""2025-08-22"", ""2025-08-25"", ""2025-08-26""]",2025-08-12,63,173,10,False,,0,0,384
primary,2025-08-28,B0,3.275431197983288e-06,0.5475971174776859,3.275431197983288e-06,0.5475971174776859,2,"[""2025-08-14"", ""2025-08-15"", ""2025-08-18"", ""2025-08-19"", ""2025-08-20"", ""2025-08-21"", ""2025-08-22"", ""2025-08-25"", ""2025-08-26"", ""2025-08-27""]",2025-08-13,31,176,10,False,,0,0,390
primary,2025-08-28,B1,2.265532484896611e-06,0.656446795216095,2.265532484896611e-06,0.656446795216095,2,"[""2025-08-14"", ""2025-08-15"", ""2025-08-18"", ""2025-08-19"", ""2025-08-20"", ""2025-08-21"", ""2025-08-22"", ""2025-08-25"", ""2025-08-26"", ""2025-08-27""]",2025-08-13,31,319,10,False,,0,0,390
primary,2025-08-28,B2,1.3533797949973207e-06,0.7552981330416054,1.3533797949973207e-06,0.7552981330416054,2,"[""2025-08-14"", ""2025-08-15"", ""2025-08-18"", ""2025-08-19"", ""2025-08-20"", ""2025-08-21"", ""2025-08-22"", ""2025-08-25"", ""2025-08-26"", ""2025-08-27""]",2025-08-13,31,386,10,False,,0,0,390
primary,2025-08-29,B0,3.2074210502302616e-06,0.5468104116387578,3.2074210502302616e-06,0.5468104116387578,2,"[""2025-08-15"", ""2025-08-18"", ""2025-08-19"", ""2025-08-20"", ""2025-08-21"", ""2025-08-22"", ""2025-08-25"", ""2025-08-26"", ""2025-08-27"", ""2025-08-28""]",2025-08-14,31,149,10,False,,0,0,390
primary,2025-08-29,B1,1.9184939195237395e-06,0.6877685536818767,1.9184939195237395e-06,0.6877685536818767,2,"[""2025-08-15"", ""2025-08-18"", ""2025-08-19"", ""2025-08-20"", ""2025-08-21"", ""2025-08-22"", ""2025-08-25"", ""2025-08-26"", ""2025-08-27"", ""2025-08-28""]",2025-08-14,31,507,10,False,,0,0,390
primary,2025-08-29,B2,1.084510576723945e-06,0.7772536484529884,1.084510576723945e-06,0.7772536484529884,2,"[""2025-08-15"", ""2025-08-18"", ""2025-08-19"", ""2025-08-20"", ""2025-08-21"", ""2025-08-22"", ""2025-08-25"", ""2025-08-26"", ""2025-08-27"", ""2025-08-28""]",2025-08-14,63,241,10,False,,0,0,390
primary,2025-09-02,B0,3.4492544913530128e-06,0.5317781085462591,3.4492544913530128e-06,0.5317781085462591,2,"[""2025-08-18"", ""2025-08-19"", ""2025-08-20"", ""2025-08-21"", ""2025-08-22"", ""2025-08-25"", ""2025-08-26"", ""2025-08-27"", ""2025-08-28"", ""2025-08-29""]",2025-08-15,31,163,10,False,,0,0,384
primary,2025-09-02,B1,2.4711334977897843e-06,0.6370350923870041,2.4711334977897843e-06,0.6370350923870041,2,"[""2025-08-18"", ""2025-08-19"", ""2025-08-20"", ""2025-08-21"", ""2025-08-22"", ""2025-08-25"", ""2025-08-26"", ""2025-08-27"", ""2025-08-28"", ""2025-08-29""]",2025-08-15,31,360,10,False,,0,0,384
primary,2025-09-02,B2,1.0769634108099048e-06,0.7828916629706256,1.0769634108099048e-06,0.7828916629706256,2,"[""2025-08-18"", ""2025-08-19"", ""2025-08-20"", ""2025-08-21"", ""2025-08-22"", ""2025-08-25"", ""2025-08-26"", ""2025-08-27"", ""2025-08-28"", ""2025-08-29""]",2025-08-15,63,101,10,False,,0,0,384
primary,2025-09-03,B0,4.2144990905778195e-06,0.48520958817005005,4.2144990905778195e-06,0.48520958817005005,2,"[""2025-08-19"", ""2025-08-20"", ""2025-08-21"", ""2025-08-22"", ""2025-08-25"", ""2025-08-26"", ""2025-08-27"", ""2025-08-28"", ""2025-08-29"", ""2025-09-02""]",2025-08-18,15,231,10,False,,0,0,388
primary,2025-09-03,B1,2.0642978311335963e-06,0.7151335029439149,2.0642978311335963e-06,0.7151335029439149,2,"[""2025-08-19"", ""2025-08-20"", ""2025-08-21"", ""2025-08-22"", ""2025-08-25"", ""2025-08-26"", ""2025-08-27"", ""2025-08-28"", ""2025-08-29"", ""2025-09-02""]",2025-08-18,63,198,10,False,,0,0,388
primary,2025-09-03,B2,1.8385594773625808e-06,0.7344459298235083,1.8385594773625808e-06,0.7344459298235083,2,"[""2025-08-19"", ""2025-08-20"", ""2025-08-21"", ""2025-08-22"", ""2025-08-25"", ""2025-08-26"", ""2025-08-27"", ""2025-08-28"", ""2025-08-29"", ""2025-09-02""]",2025-08-18,63,202,10,False,,0,0,388
primary,2025-09-04,B0,4.014632148406951e-06,0.49041304299011323,4.014632148406951e-06,0.49041304299011323,2,"[""2025-08-20"", ""2025-08-21"", ""2025-08-22"", ""2025-08-25"", ""2025-08-26"", ""2025-08-27"", ""2025-08-28"", ""2025-08-29"", ""2025-09-02"", ""2025-09-03""]",2025-08-19,31,173,10,False,,0,0,390
primary,2025-09-04,B1,2.2334894698448024e-06,0.6723619445776322,2.2334894698448024e-06,0.6723619445776322,2,"[""2025-08-20"", ""2025-08-21"", ""2025-08-22"", ""2025-08-25"", ""2025-08-26"", ""2025-08-27"", ""2025-08-28"", ""2025-08-29"", ""2025-09-02"", ""2025-09-03""]",2025-08-19,15,455,10,False,,0,0,390
primary,2025-09-04,B2,1.6663646893369967e-06,0.7299732878032503,1.6663646893369967e-06,0.7299732878032503,2,"[""2025-08-20"", ""2025-08-21"", ""2025-08-22"", ""2025-08-25"", ""2025-08-26"", ""2025-08-27"", ""2025-08-28"", ""2025-08-29"", ""2025-09-02"", ""2025-09-03""]",2025-08-19,31,350,10,False,,0,0,390
primary,2025-09-05,B0,4.901619174379851e-06,0.3611175854483089,4.901619174379851e-06,0.3611175854483089,2,"[""2025-08-21"", ""2025-08-22"", ""2025-08-25"", ""2025-08-26"", ""2025-08-27"", ""2025-08-28"", ""2025-08-29"", ""2025-09-02"", ""2025-09-03"", ""2025-09-04""]",2025-08-20,31,161,10,False,,0,0,390
primary,2025-09-05,B1,3.6916972429163974e-06,0.5071366141467787,3.6916972429163974e-06,0.5071366141467787,2,"[""2025-08-21"", ""2025-08-22"", ""2025-08-25"", ""2025-08-26"", ""2025-08-27"", ""2025-08-28"", ""2025-08-29"", ""2025-09-02"", ""2025-09-03"", ""2025-09-04""]",2025-08-20,31,570,10,False,,0,0,390
primary,2025-09-05,B2,3.2917313054931105e-06,0.5400091955221358,3.2917313054931105e-06,0.5400091955221358,2,"[""2025-08-21"", ""2025-08-22"", ""2025-08-25"", ""2025-08-26"", ""2025-08-27"", ""2025-08-28"", ""2025-08-29"", ""2025-09-02"", ""2025-09-03"", ""2025-09-04""]",2025-08-20,63,291,10,False,,0,0,390
primary,2025-09-08,B0,3.509064609250251e-06,0.5516321619388734,3.509064609250251e-06,0.5516321619388734,2,"[""2025-08-22"", ""2025-08-25"", ""2025-08-26"", ""2025-08-27"", ""2025-08-28"", ""2025-08-29"", ""2025-09-02"", ""2025-09-03"", ""2025-09-04"", ""2025-09-05""]",2025-08-21,31,232,10,False,,0,0,390
primary,2025-09-08,B1,1.9845976559062254e-06,0.7319275594076242,1.9845976559062254e-06,0.7319275594076242,2,"[""2025-08-22"", ""2025-08-25"", ""2025-08-26"", ""2025-08-27"", ""2025-08-28"", ""2025-08-29"", ""2025-09-02"", ""2025-09-03"", ""2025-09-04"", ""2025-09-05""]",2025-08-21,31,384,10,False,,0,0,390
primary,2025-09-08,B2,1.0194413040523242e-06,0.8219303024191056,1.0194413040523242e-06,0.8219303024191056,2,"[""2025-08-22"", ""2025-08-25"", ""2025-08-26"", ""2025-08-27"", ""2025-08-28"", ""2025-08-29"", ""2025-09-02"", ""2025-09-03"", ""2025-09-04"", ""2025-09-05""]",2025-08-21,31,233,10,False,,0,0,390
primary,2025-09-09,B0,-3.0077635218219146e-06,1.2870384301290443,-3.0077635218219146e-06,1.2870384301290443,2,"[""2025-08-25"", ""2025-08-26"", ""2025-08-27"", ""2025-08-28"", ""2025-08-29"", ""2025-09-02"", ""2025-09-03"", ""2025-09-04"", ""2025-09-05"", ""2025-09-08""]",2025-08-22,63,151,10,False,,0,21,390
primary,2025-09-09,B1,-4.479321391612756e-06,1.50061378359917,-4.479321391612756e-06,1.50061378359917,2,"[""2025-08-25"", ""2025-08-26"", ""2025-08-27"", ""2025-08-28"", ""2025-08-29"", ""2025-09-02"", ""2025-09-03"", ""2025-09-04"", ""2025-09-05"", ""2025-09-08""]",2025-08-22,31,364,10,False,,0,48,390
primary,2025-09-09,B2,-4.4347810905669345e-06,1.459082111075364,-4.4347810905669345e-06,1.459082111075364,2,"[""2025-08-25"", ""2025-08-26"", ""2025-08-27"", ""2025-08-28"", ""2025-08-29"", ""2025-09-02"", ""2025-09-03"", ""2025-09-04"", ""2025-09-05"", ""2025-09-08""]",2025-08-22,63,137,10,False,,0,45,390
primary,2025-09-10,B0,-2.7532036984088923e-06,1.2753873598685406,-2.7532036984088923e-06,1.2753873598685406,2,"[""2025-08-26"", ""2025-08-27"", ""2025-08-28"", ""2025-08-29"", ""2025-09-02"", ""2025-09-03"", ""2025-09-04"", ""2025-09-05"", ""2025-09-08"", ""2025-09-09""]",2025-08-25,63,145,10,False,,0,0,390
primary,2025-09-10,B1,-3.6804857919339436e-06,1.3879583752676858,-3.6804857919339436e-06,1.3879583752676858,2,"[""2025-08-26"", ""2025-08-27"", ""2025-08-28"", ""2025-08-29"", ""2025-09-02"", ""2025-09-03"", ""2025-09-04"", ""2025-09-05"", ""2025-09-08"", ""2025-09-09""]",2025-08-25,31,115,10,False,,0,0,390
primary,2025-09-10,B2,-4.0435417193929e-06,1.4261123809921434,-4.0435417193929e-06,1.4261123809921434,2,"[""2025-08-26"", ""2025-08-27"", ""2025-08-28"", ""2025-08-29"", ""2025-09-02"", ""2025-09-03"", ""2025-09-04"", ""2025-09-05"", ""2025-09-08"", ""2025-09-09""]",2025-08-25,63,119,10,False,,0,0,390
primary,2025-09-11,B0,-3.369438791625675e-06,1.316499087698554,-3.369438791625675e-06,1.316499087698554,2,"[""2025-08-27"", ""2025-08-28"", ""2025-08-29"", ""2025-09-02"", ""2025-09-03"", ""2025-09-04"", ""2025-09-05"", ""2025-09-08"", ""2025-09-09"", ""2025-09-10""]",2025-08-26,63,97,10,False,,0,5,390
primary,2025-09-11,B1,-4.952134652837283e-06,1.5244542070453913,-4.952134652837283e-06,1.5244542070453913,2,"[""2025-08-27"", ""2025-08-28"", ""2025-08-29"", ""2025-09-02"", ""2025-09-03"", ""2025-09-04"", ""2025-09-05"", ""2025-09-08"", ""2025-09-09"", ""2025-09-10""]",2025-08-26,31,284,10,False,,0,63,390
primary,2025-09-11,B2,-4.443452340768593e-06,1.4111431118604518,-4.443452340768593e-06,1.4111431118604518,2,"[""2025-08-27"", ""2025-08-28"", ""2025-08-29"", ""2025-09-02"", ""2025-09-03"", ""2025-09-04"", ""2025-09-05"", ""2025-09-08"", ""2025-09-09"", ""2025-09-10""]",2025-08-26,15,101,10,False,,0,49,390
primary,2025-09-12,B0,-3.2778215008703008e-06,1.3151940781252518,-3.2778215008703008e-06,1.3151940781252518,2,"[""2025-08-28"", ""2025-08-29"", ""2025-09-02"", ""2025-09-03"", ""2025-09-04"", ""2025-09-05"", ""2025-09-08"", ""2025-09-09"", ""2025-09-10"", ""2025-09-11""]",2025-08-27,63,108,10,False,,0,14,390
primary,2025-09-12,B1,-4.530593361768568e-06,1.4620136273508568,-4.530593361768568e-06,1.4620136273508568,2,"[""2025-08-28"", ""2025-08-29"", ""2025-09-02"", ""2025-09-03"", ""2025-09-04"", ""2025-09-05"", ""2025-09-08"", ""2025-09-09"", ""2025-09-10"", ""2025-09-11""]",2025-08-27,15,376,10,False,,0,55,390
primary,2025-09-12,B2,-4.542298341438326e-06,1.4699058894241483,-4.542298341438326e-06,1.4699058894241483,2,"[""2025-08-28"", ""2025-08-29"", ""2025-09-02"", ""2025-09-03"", ""2025-09-04"", ""2025-09-05"", ""2025-09-08"", ""2025-09-09"", ""2025-09-10"", ""2025-09-11""]",2025-08-27,63,161,10,False,,0,49,390
primary,2025-09-15,B0,-3.3320518617005107e-06,1.3253909347115544,-3.3320518617005107e-06,1.3253909347115544,2,"[""2025-08-29"", ""2025-09-02"", ""2025-09-03"", ""2025-09-04"", ""2025-09-05"", ""2025-09-08"", ""2025-09-09"", ""2025-09-10"", ""2025-09-11"", ""2025-09-12""]",2025-08-28,63,110,10,False,,0,40,384
primary,2025-09-15,B1,-4.461743946339947e-06,1.4686445026243227,-4.461743946339947e-06,1.4686445026243227,2,"[""2025-08-29"", ""2025-09-02"", ""2025-09-03"", ""2025-09-04"", ""2025-09-05"", ""2025-09-08"", ""2025-09-09"", ""2025-09-10"", ""2025-09-11"", ""2025-09-12""]",2025-08-28,15,514,10,False,,0,41,384
primary,2025-09-15,B2,-4.307877729584795e-06,1.430838670421042,-4.307877729584795e-06,1.430838670421042,2,"[""2025-08-29"", ""2025-09-02"", ""2025-09-03"", ""2025-09-04"", ""2025-09-05"", ""2025-09-08"", ""2025-09-09"", ""2025-09-10"", ""2025-09-11"", ""2025-09-12""]",2025-08-28,15,455,10,False,,0,52,384
primary,2025-09-16,B0,-2.8571729447124323e-06,1.2768693716842163,-2.8571729447124323e-06,1.2768693716842163,2,"[""2025-09-02"", ""2025-09-03"", ""2025-09-04"", ""2025-09-05"", ""2025-09-08"", ""2025-09-09"", ""2025-09-10"", ""2025-09-11"", ""2025-09-12"", ""2025-09-15""]",2025-08-29,31,295,10,False,,0,22,372
primary,2025-09-16,B1,-4.268993843855046e-06,1.4333466713439018,-4.268993843855046e-06,1.4333466713439018,2,"[""2025-09-02"", ""2025-09-03"", ""2025-09-04"", ""2025-09-05"", ""2025-09-08"", ""2025-09-09"", ""2025-09-10"", ""2025-09-11"", ""2025-09-12"", ""2025-09-15""]",2025-08-29,31,154,10,False,,0,45,372
primary,2025-09-16,B2,-3.4483839649858034e-06,1.3421162391219468,-3.4483839649858034e-06,1.3421162391219468,2,"[""2025-09-02"", ""2025-09-03"", ""2025-09-04"", ""2025-09-05"", ""2025-09-08"", ""2025-09-09"", ""2025-09-10"", ""2025-09-11"", ""2025-09-12"", ""2025-09-15""]",2025-08-29,63,108,10,False,,0,31,372
primary,2025-09-17,B0,-3.1444629383019695e-06,1.2913522841933418,-3.1444629383019695e-06,1.2913522841933418,2,"[""2025-09-03"", ""2025-09-04"", ""2025-09-05"", ""2025-09-08"", ""2025-09-09"", ""2025-09-10"", ""2025-09-11"", ""2025-09-12"", ""2025-09-15"", ""2025-09-16""]",2025-09-02,15,747,10,False,,0,31,384
primary,2025-09-17,B1,-4.753072637088892e-06,1.482880232855097,-4.753072637088892e-06,1.482880232855097,2,"[""2025-09-03"", ""2025-09-04"", ""2025-09-05"", ""2025-09-08"", ""2025-09-09"", ""2025-09-10"", ""2025-09-11"", ""2025-09-12"", ""2025-09-15"", ""2025-09-16""]",2025-09-02,31,315,10,False,,0,50,384
primary,2025-09-17,B2,-4.1715569721907385e-06,1.3960915962742215,-4.1715569721907385e-06,1.3960915962742215,2,"[""2025-09-03"", ""2025-09-04"", ""2025-09-05"", ""2025-09-08"", ""2025-09-09"", ""2025-09-10"", ""2025-09-11"", ""2025-09-12"", ""2025-09-15"", ""2025-09-16""]",2025-09-02,15,420,10,False,,0,48,384
primary,2025-09-18,B0,-5.390105933640878e-06,1.51114084200011,-5.390105933640878e-06,1.51114084200011,2,"[""2025-09-04"", ""2025-09-05"", ""2025-09-08"", ""2025-09-09"", ""2025-09-10"", ""2025-09-11"", ""2025-09-12"", ""2025-09-15"", ""2025-09-16"", ""2025-09-17""]",2025-09-03,15,214,10,False,,0,71,390
primary,2025-09-18,B1,-5.775018223762404e-06,1.5915955259767753,-5.775018223762404e-06,1.5915955259767753,2,"[""2025-09-04"", ""2025-09-05"", ""2025-09-08"", ""2025-09-09"", ""2025-09-10"", ""2025-09-11"", ""2025-09-12"", ""2025-09-15"", ""2025-09-16"", ""2025-09-17""]",2025-09-03,63,112,10,False,,0,76,390
primary,2025-09-18,B2,-5.53574003578204e-06,1.5329338339066614,-5.53574003578204e-06,1.5329338339066614,2,"[""2025-09-04"", ""2025-09-05"", ""2025-09-08"", ""2025-09-09"", ""2025-09-10"", ""2025-09-11"", ""2025-09-12"", ""2025-09-15"", ""2025-09-16"", ""2025-09-17""]",2025-09-03,15,216,10,False,,0,74,390
primary,2025-09-19,B0,-5.160357432147362e-06,1.4906370450076454,-5.160357432147362e-06,1.4906370450076454,2,"[""2025-09-05"", ""2025-09-08"", ""2025-09-09"", ""2025-09-10"", ""2025-09-11"", ""2025-09-12"", ""2025-09-15"", ""2025-09-16"", ""2025-09-17"", ""2025-09-18""]",2025-09-04,15,286,10,False,,0,63,390
primary,2025-09-19,B1,-5.03278801723493e-06,1.5245490940865964,-5.03278801723493e-06,1.5245490940865964,2,"[""2025-09-05"", ""2025-09-08"", ""2025-09-09"", ""2025-09-10"", ""2025-09-11"", ""2025-09-12"", ""2025-09-15"", ""2025-09-16"", ""2025-09-17"", ""2025-09-18""]",2025-09-04,63,157,10,False,,0,54,390
primary,2025-09-19,B2,-5.467060226389438e-06,1.5419021857636817,-5.467060226389438e-06,1.5419021857636817,2,"[""2025-09-05"", ""2025-09-08"", ""2025-09-09"", ""2025-09-10"", ""2025-09-11"", ""2025-09-12"", ""2025-09-15"", ""2025-09-16"", ""2025-09-17"", ""2025-09-18""]",2025-09-04,31,154,10,False,,0,61,390
primary,2025-09-22,B0,-5.98824880770772e-06,1.6064521136057415,-5.98824880770772e-06,1.6064521136057415,2,"[""2025-09-08"", ""2025-09-09"", ""2025-09-10"", ""2025-09-11"", ""2025-09-12"", ""2025-09-15"", ""2025-09-16"", ""2025-09-17"", ""2025-09-18"", ""2025-09-19""]",2025-09-05,31,238,10,False,,0,67,390
primary,2025-09-22,B1,-4.562922571494548e-06,1.4769882889304258,-4.562922571494548e-06,1.4769882889304258,2,"[""2025-09-08"", ""2025-09-09"", ""2025-09-10"", ""2025-09-11"", ""2025-09-12"", ""2025-09-15"", ""2025-09-16"", ""2025-09-17"", ""2025-09-18"", ""2025-09-19""]",2025-09-05,31,264,10,False,,0,30,390
primary,2025-09-22,B2,-4.0979331976244075e-06,1.4242334463452198,-4.0979331976244075e-06,1.4242334463452198,2,"[""2025-09-08"", ""2025-09-09"", ""2025-09-10"", ""2025-09-11"", ""2025-09-12"", ""2025-09-15"", ""2025-09-16"", ""2025-09-17"", ""2025-09-18"", ""2025-09-19""]",2025-09-05,63,184,10,False,,0,33,390
primary,2025-09-23,B0,-8.343659410722038e-06,1.868342009797104,-8.343659410722038e-06,1.868342009797104,2,"[""2025-09-09"", ""2025-09-10"", ""2025-09-11"", ""2025-09-12"", ""2025-09-15"", ""2025-09-16"", ""2025-09-17"", ""2025-09-18"", ""2025-09-19"", ""2025-09-22""]",2025-09-08,63,71,10,False,,0,67,390
primary,2025-09-23,B1,-4.459683211640129e-06,1.47063687185409,-4.459683211640129e-06,1.47063687185409,2,"[""2025-09-09"", ""2025-09-10"", ""2025-09-11"", ""2025-09-12"", ""2025-09-15"", ""2025-09-16"", ""2025-09-17"", ""2025-09-18"", ""2025-09-19"", ""2025-09-22""]",2025-09-08,31,217,10,False,,0,42,390
primary,2025-09-23,B2,-6.254393243433907e-06,1.6104209530096312,-6.254393243433907e-06,1.6104209530096312,2,"[""2025-09-09"", ""2025-09-10"", ""2025-09-11"", ""2025-09-12"", ""2025-09-15"", ""2025-09-16"", ""2025-09-17"", ""2025-09-18"", ""2025-09-19"", ""2025-09-22""]",2025-09-08,15,126,10,False,,0,48,390
primary,2025-09-24,B0,-8.961781309529223e-06,1.9096126300933327,-8.961781309529223e-06,1.9096126300933327,2,"[""2025-09-10"", ""2025-09-11"", ""2025-09-12"", ""2025-09-15"", ""2025-09-16"", ""2025-09-17"", ""2025-09-18"", ""2025-09-19"", ""2025-09-22"", ""2025-09-23""]",2025-09-09,63,74,10,False,,0,116,390
primary,2025-09-24,B1,-5.177935281701209e-06,1.5198747165852664,-5.177935281701209e-06,1.5198747165852664,2,"[""2025-09-10"", ""2025-09-11"", ""2025-09-12"", ""2025-09-15"", ""2025-09-16"", ""2025-09-17"", ""2025-09-18"", ""2025-09-19"", ""2025-09-22"", ""2025-09-23""]",2025-09-09,31,243,10,False,,0,58,390
primary,2025-09-24,B2,-1.2106340376493303e-05,2.1403217716488134,-1.2106340376493303e-05,2.1403217716488134,2,"[""2025-09-10"", ""2025-09-11"", ""2025-09-12"", ""2025-09-15"", ""2025-09-16"", ""2025-09-17"", ""2025-09-18"", ""2025-09-19"", ""2025-09-22"", ""2025-09-23""]",2025-09-09,63,43,10,False,,0,116,390
primary,2025-09-25,B0,-8.302616285559218e-06,1.83614497377859,-8.302616285559218e-06,1.83614497377859,2,"[""2025-09-11"", ""2025-09-12"", ""2025-09-15"", ""2025-09-16"", ""2025-09-17"", ""2025-09-18"", ""2025-09-19"", ""2025-09-22"", ""2025-09-23"", ""2025-09-24""]",2025-09-10,31,125,10,False,,0,52,390
primary,2025-09-25,B1,-6.83706687383758e-06,1.6616774509380614,-6.83706687383758e-06,1.6616774509380614,2,"[""2025-09-11"", ""2025-09-12"", ""2025-09-15"", ""2025-09-16"", ""2025-09-17"", ""2025-09-18"", ""2025-09-19"", ""2025-09-22"", ""2025-09-23"", ""2025-09-24""]",2025-09-10,15,189,10,False,,0,43,390
primary,2025-09-25,B2,-6.6408375701822965e-06,1.6282596581674393,-6.6408375701822965e-06,1.6282596581674393,2,"[""2025-09-11"", ""2025-09-12"", ""2025-09-15"", ""2025-09-16"", ""2025-09-17"", ""2025-09-18"", ""2025-09-19"", ""2025-09-22"", ""2025-09-23"", ""2025-09-24""]",2025-09-10,15,279,10,False,,0,43,390
primary,2025-09-26,B0,-1.1335682725390274e-05,2.1125305573505395,-1.1335682725390274e-05,2.1125305573505395,2,"[""2025-09-12"", ""2025-09-15"", ""2025-09-16"", ""2025-09-17"", ""2025-09-18"", ""2025-09-19"", ""2025-09-22"", ""2025-09-23"", ""2025-09-24"", ""2025-09-25""]",2025-09-11,63,49,10,False,,0,141,390
primary,2025-09-26,B1,-6.5363788419715625e-06,1.626682335183867,-6.5363788419715625e-06,1.626682335183867,2,"[""2025-09-12"", ""2025-09-15"", ""2025-09-16"", ""2025-09-17"", ""2025-09-18"", ""2025-09-19"", ""2025-09-22"", ""2025-09-23"", ""2025-09-24"", ""2025-09-25""]",2025-09-11,15,191,10,False,,0,89,390
primary,2025-09-26,B2,-8.887709738421945e-06,1.8265050641744809,-8.887709738421945e-06,1.8265050641744809,2,"[""2025-09-12"", ""2025-09-15"", ""2025-09-16"", ""2025-09-17"", ""2025-09-18"", ""2025-09-19"", ""2025-09-22"", ""2025-09-23"", ""2025-09-24"", ""2025-09-25""]",2025-09-11,63,60,10,False,,0,127,390
primary,2025-09-29,B0,-1.2635446815265156e-05,2.2158513656557033,-1.2635446815265156e-05,2.2158513656557033,2,"[""2025-09-15"", ""2025-09-16"", ""2025-09-17"", ""2025-09-18"", ""2025-09-19"", ""2025-09-22"", ""2025-09-23"", ""2025-09-24"", ""2025-09-25"", ""2025-09-26""]",2025-09-12,63,44,10,False,,0,200,390
primary,2025-09-29,B1,-6.938003556738001e-06,1.6616658486649936,-6.938003556738001e-06,1.6616658486649936,2,"[""2025-09-15"", ""2025-09-16"", ""2025-09-17"", ""2025-09-18"", ""2025-09-19"", ""2025-09-22"", ""2025-09-23"", ""2025-09-24"", ""2025-09-25"", ""2025-09-26""]",2025-09-12,15,180,10,False,,0,128,390
primary,2025-09-29,B2,-6.994036933226364e-06,1.654754940350306,-6.994036933226364e-06,1.654754940350306,2,"[""2025-09-15"", ""2025-09-16"", ""2025-09-17"", ""2025-09-18"", ""2025-09-19"", ""2025-09-22"", ""2025-09-23"", ""2025-09-24"", ""2025-09-25"", ""2025-09-26""]",2025-09-12,15,170,10,False,,0,139,390
primary,2025-09-30,B0,-1.3323848286014125e-05,2.288499125164066,-1.3323848286014125e-05,2.288499125164066,2,"[""2025-09-16"", ""2025-09-17"", ""2025-09-18"", ""2025-09-19"", ""2025-09-22"", ""2025-09-23"", ""2025-09-24"", ""2025-09-25"", ""2025-09-26"", ""2025-09-29""]",2025-09-15,63,44,10,False,,0,160,390
primary,2025-09-30,B1,-7.326694449168192e-06,1.683966357489741,-7.326694449168192e-06,1.683966357489741,2,"[""2025-09-16"", ""2025-09-17"", ""2025-09-18"", ""2025-09-19"", ""2025-09-22"", ""2025-09-23"", ""2025-09-24"", ""2025-09-25"", ""2025-09-26"", ""2025-09-29""]",2025-09-15,15,213,10,False,,0,123,390
primary,2025-09-30,B2,-8.216920400391707e-06,1.7760017317836874,-8.216920400391707e-06,1.7760017317836874,2,"[""2025-09-16"", ""2025-09-17"", ""2025-09-18"", ""2025-09-19"", ""2025-09-22"", ""2025-09-23"", ""2025-09-24"", ""2025-09-25"", ""2025-09-26"", ""2025-09-29""]",2025-09-15,63,97,10,False,,0,134,390
primary,2025-10-01,B0,-1.2894636539109327e-05,2.2660107212546285,-1.2894636539109327e-05,2.2660107212546285,2,"[""2025-09-17"", ""2025-09-18"", ""2025-09-19"", ""2025-09-22"", ""2025-09-23"", ""2025-09-24"", ""2025-09-25"", ""2025-09-26"", ""2025-09-29"", ""2025-09-30""]",2025-09-16,63,45,10,False,,0,164,390
primary,2025-10-01,B1,-6.199595741821532e-06,1.588552071371643,-6.199595741821532e-06,1.588552071371643,2,"[""2025-09-17"", ""2025-09-18"", ""2025-09-19"", ""2025-09-22"", ""2025-09-23"", ""2025-09-24"", ""2025-09-25"", ""2025-09-26"", ""2025-09-29"", ""2025-09-30""]",2025-09-16,15,253,10,False,,0,82,390
primary,2025-10-01,B2,-7.5581657625862146e-06,1.724113092041969,-7.5581657625862146e-06,1.724113092041969,2,"[""2025-09-17"", ""2025-09-18"", ""2025-09-19"", ""2025-09-22"", ""2025-09-23"", ""2025-09-24"", ""2025-09-25"", ""2025-09-26"", ""2025-09-29"", ""2025-09-30""]",2025-09-16,15,169,10,False,,0,105,390
primary,2025-10-02,B0,-3.823204666060669e-06,1.3827229043461347,-3.823204666060669e-06,1.3827229043461347,2,"[""2025-09-18"", ""2025-09-19"", ""2025-09-22"", ""2025-09-23"", ""2025-09-24"", ""2025-09-25"", ""2025-09-26"", ""2025-09-29"", ""2025-09-30"", ""2025-10-01""]",2025-09-17,63,217,10,False,,0,23,390
primary,2025-10-02,B1,-4.355086361383714e-06,1.3942889873756321,-4.355086361383714e-06,1.3942889873756321,2,"[""2025-09-18"", ""2025-09-19"", ""2025-09-22"", ""2025-09-23"", ""2025-09-24"", ""2025-09-25"", ""2025-09-26"", ""2025-09-29"", ""2025-09-30"", ""2025-10-01""]",2025-09-17,15,164,10,False,,0,53,390
primary,2025-10-02,B2,-4.40631573542091e-06,1.384269475391468,-4.40631573542091e-06,1.384269475391468,2,"[""2025-09-18"", ""2025-09-19"", ""2025-09-22"", ""2025-09-23"", ""2025-09-24"", ""2025-09-25"", ""2025-09-26"", ""2025-09-29"", ""2025-09-30"", ""2025-10-01""]",2025-09-17,15,107,10,False,,0,60,390
primary,2025-10-03,B0,-6.379846410000768e-06,1.6268143791235699,-6.379846410000768e-06,1.6268143791235699,2,"[""2025-09-19"", ""2025-09-22"", ""2025-09-23"", ""2025-09-24"", ""2025-09-25"", ""2025-09-26"", ""2025-09-29"", ""2025-09-30"", ""2025-10-01"", ""2025-10-02""]",2025-09-18,31,160,10,False,,0,83,384
primary,2025-10-03,B1,-6.574585524348437e-06,1.6054920427420356,-6.574585524348437e-06,1.6054920427420356,2,"[""2025-09-19"", ""2025-09-22"", ""2025-09-23"", ""2025-09-24"", ""2025-09-25"", ""2025-09-26"", ""2025-09-29"", ""2025-09-30"", ""2025-10-01"", ""2025-10-02""]",2025-09-18,15,108,10,False,,0,90,384
primary,2025-10-03,B2,-6.0306338477962855e-06,1.5392666169182576,-6.0306338477962855e-06,1.5392666169182576,2,"[""2025-09-19"", ""2025-09-22"", ""2025-09-23"", ""2025-09-24"", ""2025-09-25"", ""2025-09-26"", ""2025-09-29"", ""2025-09-30"", ""2025-10-01"", ""2025-10-02""]",2025-09-18,15,122,10,False,,0,86,384
primary,2025-10-06,B0,-5.625589353608082e-06,1.5421693854440601,-5.625589353608082e-06,1.5421693854440601,2,"[""2025-09-22"", ""2025-09-23"", ""2025-09-24"", ""2025-09-25"", ""2025-09-26"", ""2025-09-29"", ""2025-09-30"", ""2025-10-01"", ""2025-10-02"", ""2025-10-03""]",2025-09-19,63,110,10,False,,0,68,384
primary,2025-10-06,B1,-7.654097816828896e-06,1.6885616709955587,-7.654097816828896e-06,1.6885616709955587,2,"[""2025-09-22"", ""2025-09-23"", ""2025-09-24"", ""2025-09-25"", ""2025-09-26"", ""2025-09-29"", ""2025-09-30"", ""2025-10-01"", ""2025-10-02"", ""2025-10-03""]",2025-09-19,15,111,10,False,,0,97,384
primary,2025-10-06,B2,-6.059544913554033e-06,1.5279888382719966,-6.059544913554033e-06,1.5279888382719966,2,"[""2025-09-22"", ""2025-09-23"", ""2025-09-24"", ""2025-09-25"", ""2025-09-26"", ""2025-09-29"", ""2025-09-30"", ""2025-10-01"", ""2025-10-02"", ""2025-10-03""]",2025-09-19,15,110,10,False,,0,69,384
primary,2025-10-07,B0,-6.0246594922169405e-06,1.549028967372009,-6.0246594922169405e-06,1.549028967372009,2,"[""2025-09-23"", ""2025-09-24"", ""2025-09-25"", ""2025-09-26"", ""2025-09-29"", ""2025-09-30"", ""2025-10-01"", ""2025-10-02"", ""2025-10-03"", ""2025-10-06""]",2025-09-22,15,254,10,False,,0,86,378
primary,2025-10-07,B1,-8.320734552163749e-06,1.7263374262421234,-8.320734552163749e-06,1.7263374262421234,2,"[""2025-09-23"", ""2025-09-24"", ""2025-09-25"", ""2025-09-26"", ""2025-09-29"", ""2025-09-30"", ""2025-10-01"", ""2025-10-02"", ""2025-10-03"", ""2025-10-06""]",2025-09-22,15,232,10,False,,0,109,378
primary,2025-10-07,B2,-6.912375631725352e-06,1.58759234136271,-6.912375631725352e-06,1.58759234136271,2,"[""2025-09-23"", ""2025-09-24"", ""2025-09-25"", ""2025-09-26"", ""2025-09-29"", ""2025-09-30"", ""2025-10-01"", ""2025-10-02"", ""2025-10-03"", ""2025-10-06""]",2025-09-22,15,199,10,False,,0,99,378
primary,2025-10-08,B0,-8.078841556008007e-06,1.7539971459653976,-8.078841556008007e-06,1.7539971459653976,2,"[""2025-09-24"", ""2025-09-25"", ""2025-09-26"", ""2025-09-29"", ""2025-09-30"", ""2025-10-01"", ""2025-10-02"", ""2025-10-03"", ""2025-10-06"", ""2025-10-07""]",2025-09-23,63,89,10,False,,0,156,390
primary,2025-10-08,B1,-1.0030830600741012e-05,1.8805780535484096,-1.0030830600741012e-05,1.8805780535484096,2,"[""2025-09-24"", ""2025-09-25"", ""2025-09-26"", ""2025-09-29"", ""2025-09-30"", ""2025-10-01"", ""2025-10-02"", ""2025-10-03"", ""2025-10-06"", ""2025-10-07""]",2025-09-23,15,215,10,False,,0,152,390
primary,2025-10-08,B2,-8.707942173122074e-06,1.741718963893213,-8.707942173122074e-06,1.741718963893213,2,"[""2025-09-24"", ""2025-09-25"", ""2025-09-26"", ""2025-09-29"", ""2025-09-30"", ""2025-10-01"", ""2025-10-02"", ""2025-10-03"", ""2025-10-06"", ""2025-10-07""]",2025-09-23,15,170,10,False,,0,135,390
primary,2025-10-09,B0,-7.294463038854311e-06,1.6806863092516957,-7.294463038854311e-06,1.6806863092516957,2,"[""2025-09-25"", ""2025-09-26"", ""2025-09-29"", ""2025-09-30"", ""2025-10-01"", ""2025-10-02"", ""2025-10-03"", ""2025-10-06"", ""2025-10-07"", ""2025-10-08""]",2025-09-24,31,273,10,False,,0,93,384
primary,2025-10-09,B1,-9.735699933819097e-06,1.8563363455106978,-9.735699933819097e-06,1.8563363455106978,2,"[""2025-09-25"", ""2025-09-26"", ""2025-09-29"", ""2025-09-30"", ""2025-10-01"", ""2025-10-02"", ""2025-10-03"", ""2025-10-06"", ""2025-10-07"", ""2025-10-08""]",2025-09-24,15,244,10,False,,0,108,384
primary,2025-10-09,B2,-7.912222636431294e-06,1.6771169163451933,-7.912222636431294e-06,1.6771169163451933,2,"[""2025-09-25"", ""2025-09-26"", ""2025-09-29"", ""2025-09-30"", ""2025-10-01"", ""2025-10-02"", ""2025-10-03"", ""2025-10-06"", ""2025-10-07"", ""2025-10-08""]",2025-09-24,15,169,10,False,,0,80,384
primary,2025-10-10,B0,-8.153947114442115e-06,1.7687315055011572,-8.153947114442115e-06,1.7687315055011572,2,"[""2025-09-26"", ""2025-09-29"", ""2025-09-30"", ""2025-10-01"", ""2025-10-02"", ""2025-10-03"", ""2025-10-06"", ""2025-10-07"", ""2025-10-08"", ""2025-10-09""]",2025-09-25,31,203,10,False,,0,4,390
primary,2025-10-10,B1,-9.205228378409485e-06,1.8120662024966656,-9.205228378409485e-06,1.8120662024966656,2,"[""2025-09-26"", ""2025-09-29"", ""2025-09-30"", ""2025-10-01"", ""2025-10-02"", ""2025-10-03"", ""2025-10-06"", ""2025-10-07"", ""2025-10-08"", ""2025-10-09""]",2025-09-25,15,251,10,False,,0,8,390
primary,2025-10-10,B2,-7.851864323801953e-06,1.6887841818169202,-7.851864323801953e-06,1.6887841818169202,2,"[""2025-09-26"", ""2025-09-29"", ""2025-09-30"", ""2025-10-01"", ""2025-10-02"", ""2025-10-03"", ""2025-10-06"", ""2025-10-07"", ""2025-10-08"", ""2025-10-09""]",2025-09-25,15,195,10,False,,0,5,390
primary,2025-10-13,B0,-1.0186475001040358e-05,1.962938888021105,-1.0186475001040358e-05,1.962938888021105,2,"[""2025-09-29"", ""2025-09-30"", ""2025-10-01"", ""2025-10-02"", ""2025-10-03"", ""2025-10-06"", ""2025-10-07"", ""2025-10-08"", ""2025-10-09"", ""2025-10-10""]",2025-09-26,63,191,10,False,,0,114,390
primary,2025-10-13,B1,-1.0882093962781564e-05,1.981911447676849,-1.0882093962781564e-05,1.981911447676849,2,"[""2025-09-29"", ""2025-09-30"", ""2025-10-01"", ""2025-10-02"", ""2025-10-03"", ""2025-10-06"", ""2025-10-07"", ""2025-10-08"", ""2025-10-09"", ""2025-10-10""]",2025-09-26,15,407,10,False,,0,121,390
primary,2025-10-13,B2,-1.1380117919320827e-05,2.018763202178118,-1.1380117919320827e-05,2.018763202178118,2,"[""2025-09-29"", ""2025-09-30"", ""2025-10-01"", ""2025-10-02"", ""2025-10-03"", ""2025-10-06"", ""2025-10-07"", ""2025-10-08"", ""2025-10-09"", ""2025-10-10""]",2025-09-26,15,413,10,False,,0,121,390
primary,2025-10-14,B0,-1.0046268410259683e-05,1.9403248498690937,-1.0046268410259683e-05,1.9403248498690937,2,"[""2025-09-30"", ""2025-10-01"", ""2025-10-02"", ""2025-10-03"", ""2025-10-06"", ""2025-10-07"", ""2025-10-08"", ""2025-10-09"", ""2025-10-10"", ""2025-10-13""]",2025-09-29,63,210,10,False,,0,97,387
primary,2025-10-14,B1,-1.146397935959061e-05,2.0320205520662165,-1.146397935959061e-05,2.0320205520662165,2,"[""2025-09-30"", ""2025-10-01"", ""2025-10-02"", ""2025-10-03"", ""2025-10-06"", ""2025-10-07"", ""2025-10-08"", ""2025-10-09"", ""2025-10-10"", ""2025-10-13""]",2025-09-29,31,230,10,False,,0,112,387
primary,2025-10-14,B2,-9.405537753126238e-06,1.83984434737305,-9.405537753126238e-06,1.83984434737305,2,"[""2025-09-30"", ""2025-10-01"", ""2025-10-02"", ""2025-10-03"", ""2025-10-06"", ""2025-10-07"", ""2025-10-08"", ""2025-10-09"", ""2025-10-10"", ""2025-10-13""]",2025-09-29,31,178,10,False,,0,86,387
primary,2025-10-15,B0,-1.01795844890475e-05,1.9453547019102926,-1.01795844890475e-05,1.9453547019102926,2,"[""2025-10-01"", ""2025-10-02"", ""2025-10-03"", ""2025-10-06"", ""2025-10-07"", ""2025-10-08"", ""2025-10-09"", ""2025-10-10"", ""2025-10-13"", ""2025-10-14""]",2025-09-30,63,177,10,False,,0,46,384
primary,2025-10-15,B1,-1.1058478246581258e-05,1.9700477788396686,-1.1058478246581258e-05,1.9700477788396686,2,"[""2025-10-01"", ""2025-10-02"", ""2025-10-03"", ""2025-10-06"", ""2025-10-07"", ""2025-10-08"", ""2025-10-09"", ""2025-10-10"", ""2025-10-13"", ""2025-10-14""]",2025-09-30,15,317,10,False,,0,65,384
primary,2025-10-15,B2,-1.076679537589533e-05,1.9610784430596977,-1.076679537589533e-05,1.9610784430596977,2,"[""2025-10-01"", ""2025-10-02"", ""2025-10-03"", ""2025-10-06"", ""2025-10-07"", ""2025-10-08"", ""2025-10-09"", ""2025-10-10"", ""2025-10-13"", ""2025-10-14""]",2025-09-30,31,219,10,False,,0,63,384
primary,2025-10-16,B0,-9.603010106831248e-06,1.8639736671746683,-9.603010106831248e-06,1.8639736671746683,2,"[""2025-10-02"", ""2025-10-03"", ""2025-10-06"", ""2025-10-07"", ""2025-10-08"", ""2025-10-09"", ""2025-10-10"", ""2025-10-13"", ""2025-10-14"", ""2025-10-15""]",2025-10-01,63,171,10,False,,0,3,390
primary,2025-10-16,B1,-1.0161418717859735e-05,1.9017373959194874,-1.0161418717859735e-05,1.9017373959194874,2,"[""2025-10-02"", ""2025-10-03"", ""2025-10-06"", ""2025-10-07"", ""2025-10-08"", ""2025-10-09"", ""2025-10-10"", ""2025-10-13"", ""2025-10-14"", ""2025-10-15""]",2025-10-01,63,87,10,False,,0,2,390
primary,2025-10-16,B2,-1.0795379471800092e-05,1.988460968279276,-1.0795379471800092e-05,1.988460968279276,2,"[""2025-10-02"", ""2025-10-03"", ""2025-10-06"", ""2025-10-07"", ""2025-10-08"", ""2025-10-09"", ""2025-10-10"", ""2025-10-13"", ""2025-10-14"", ""2025-10-15""]",2025-10-01,63,211,10,False,,0,1,390
primary,2025-10-17,B0,-9.517079644687422e-06,1.8477499224429355,-9.517079644687422e-06,1.8477499224429355,2,"[""2025-10-03"", ""2025-10-06"", ""2025-10-07"", ""2025-10-08"", ""2025-10-09"", ""2025-10-10"", ""2025-10-13"", ""2025-10-14"", ""2025-10-15"", ""2025-10-16""]",2025-10-02,63,175,10,False,,0,33,390
primary,2025-10-17,B1,-9.822142971469203e-06,1.8572122318237354,-9.822142971469203e-06,1.8572122318237354,2,"[""2025-10-03"", ""2025-10-06"", ""2025-10-07"", ""2025-10-08"", ""2025-10-09"", ""2025-10-10"", ""2025-10-13"", ""2025-10-14"", ""2025-10-15"", ""2025-10-16""]",2025-10-02,63,92,10,False,,0,37,390
primary,2025-10-17,B2,-9.62175135018975e-06,1.8456224337124123,-9.62175135018975e-06,1.8456224337124123,2,"[""2025-10-03"", ""2025-10-06"", ""2025-10-07"", ""2025-10-08"", ""2025-10-09"", ""2025-10-10"", ""2025-10-13"", ""2025-10-14"", ""2025-10-15"", ""2025-10-16""]",2025-10-02,31,185,10,False,,0,40,390
primary,2025-10-20,B0,-1.1982416189059786e-05,2.0480815825062577,-1.1982416189059786e-05,2.0480815825062577,2,"[""2025-10-06"", ""2025-10-07"", ""2025-10-08"", ""2025-10-09"", ""2025-10-10"", ""2025-10-13"", ""2025-10-14"", ""2025-10-15"", ""2025-10-16"", ""2025-10-17""]",2025-10-03,63,44,10,False,,0,147,378
primary,2025-10-20,B1,-9.098528978549868e-06,1.7678211879753212,-9.098528978549868e-06,1.7678211879753212,2,"[""2025-10-06"", ""2025-10-07"", ""2025-10-08"", ""2025-10-09"", ""2025-10-10"", ""2025-10-13"", ""2025-10-14"", ""2025-10-15"", ""2025-10-16"", ""2025-10-17""]",2025-10-03,31,133,10,False,,0,107,378
primary,2025-10-20,B2,-8.685678688084787e-06,1.748041556844658,-8.685678688084787e-06,1.748041556844658,2,"[""2025-10-06"", ""2025-10-07"", ""2025-10-08"", ""2025-10-09"", ""2025-10-10"", ""2025-10-13"", ""2025-10-14"", ""2025-10-15"", ""2025-10-16"", ""2025-10-17""]",2025-10-03,31,120,10,False,,0,91,378
primary,2025-10-21,B0,-9.23070208033598e-06,1.8215536395085095,-9.23070208033598e-06,1.8215536395085095,2,"[""2025-10-07"", ""2025-10-08"", ""2025-10-09"", ""2025-10-10"", ""2025-10-13"", ""2025-10-14"", ""2025-10-15"", ""2025-10-16"", ""2025-10-17"", ""2025-10-20""]",2025-10-06,31,203,10,False,,0,111,372
primary,2025-10-21,B1,-9.032301841379566e-06,1.798392149867412,-9.032301841379566e-06,1.798392149867412,2,"[""2025-10-07"", ""2025-10-08"", ""2025-10-09"", ""2025-10-10"", ""2025-10-13"", ""2025-10-14"", ""2025-10-15"", ""2025-10-16"", ""2025-10-17"", ""2025-10-20""]",2025-10-06,31,195,10,False,,0,114,372
primary,2025-10-21,B2,-1.038292460508143e-05,1.9178400440570664,-1.038292460508143e-05,1.9178400440570664,2,"[""2025-10-07"", ""2025-10-08"", ""2025-10-09"", ""2025-10-10"", ""2025-10-13"", ""2025-10-14"", ""2025-10-15"", ""2025-10-16"", ""2025-10-17"", ""2025-10-20""]",2025-10-06,63,185,10,False,,0,137,372
primary,2025-10-22,B0,-9.68907483286663e-06,1.8453997819167378,-9.68907483286663e-06,1.8453997819167378,2,"[""2025-10-08"", ""2025-10-09"", ""2025-10-10"", ""2025-10-13"", ""2025-10-14"", ""2025-10-15"", ""2025-10-16"", ""2025-10-17"", ""2025-10-20"", ""2025-10-21""]",2025-10-07,31,283,10,False,,0,15,378
primary,2025-10-22,B1,-8.532749491851066e-06,1.7325275067765782,-8.532749491851066e-06,1.7325275067765782,2,"[""2025-10-08"", ""2025-10-09"", ""2025-10-10"", ""2025-10-13"", ""2025-10-14"", ""2025-10-15"", ""2025-10-16"", ""2025-10-17"", ""2025-10-20"", ""2025-10-21""]",2025-10-07,15,246,10,False,,0,17,378
primary,2025-10-22,B2,-9.599849884879335e-06,1.8321586558243204,-9.599849884879335e-06,1.8321586558243204,2,"[""2025-10-08"", ""2025-10-09"", ""2025-10-10"", ""2025-10-13"", ""2025-10-14"", ""2025-10-15"", ""2025-10-16"", ""2025-10-17"", ""2025-10-20"", ""2025-10-21""]",2025-10-07,63,151,10,False,,0,19,378
primary,2025-10-23,B0,-9.475350984880586e-06,1.805603959229263,-9.475350984880586e-06,1.805603959229263,2,"[""2025-10-09"", ""2025-10-10"", ""2025-10-13"", ""2025-10-14"", ""2025-10-15"", ""2025-10-16"", ""2025-10-17"", ""2025-10-20"", ""2025-10-21"", ""2025-10-22""]",2025-10-08,63,150,10,False,,0,153,384
primary,2025-10-23,B1,-1.7033962153437585e-05,2.336514745513671,-1.7033962153437585e-05,2.336514745513671,2,"[""2025-10-09"", ""2025-10-10"", ""2025-10-13"", ""2025-10-14"", ""2025-10-15"", ""2025-10-16"", ""2025-10-17"", ""2025-10-20"", ""2025-10-21"", ""2025-10-22""]",2025-10-08,31,38,10,False,,0,171,384
primary,2025-10-23,B2,-1.6122448508954493e-05,2.2767355819137363,-1.6122448508954493e-05,2.2767355819137363,2,"[""2025-10-09"", ""2025-10-10"", ""2025-10-13"", ""2025-10-14"", ""2025-10-15"", ""2025-10-16"", ""2025-10-17"", ""2025-10-20"", ""2025-10-21"", ""2025-10-22""]",2025-10-08,31,41,10,False,,0,174,384
primary,2025-10-24,B0,-9.476756067319704e-06,1.790114185817053,-9.476756067319704e-06,1.790114185817053,2,"[""2025-10-10"", ""2025-10-13"", ""2025-10-14"", ""2025-10-15"", ""2025-10-16"", ""2025-10-17"", ""2025-10-20"", ""2025-10-21"", ""2025-10-22"", ""2025-10-23""]",2025-10-09,63,121,10,False,,0,198,390
primary,2025-10-24,B1,-1.4558946135611316e-05,2.1650512303063083,-1.4558946135611316e-05,2.1650512303063083,2,"[""2025-10-10"", ""2025-10-13"", ""2025-10-14"", ""2025-10-15"", ""2025-10-16"", ""2025-10-17"", ""2025-10-20"", ""2025-10-21"", ""2025-10-22"", ""2025-10-23""]",2025-10-09,63,48,10,False,,0,211,390
primary,2025-10-24,B2,-1.6133792322073483e-05,2.2765078246042556,-1.6133792322073483e-05,2.2765078246042556,2,"[""2025-10-10"", ""2025-10-13"", ""2025-10-14"", ""2025-10-15"", ""2025-10-16"", ""2025-10-17"", ""2025-10-20"", ""2025-10-21"", ""2025-10-22"", ""2025-10-23""]",2025-10-09,31,42,10,False,,0,212,390
primary,2025-10-27,B0,-5.307872805565273e-06,1.4611480811984456,-5.307872805565273e-06,1.4611480811984456,2,"[""2025-10-13"", ""2025-10-14"", ""2025-10-15"", ""2025-10-16"", ""2025-10-17"", ""2025-10-20"", ""2025-10-21"", ""2025-10-22"", ""2025-10-23"", ""2025-10-24""]",2025-10-10,63,86,10,False,,0,120,378
primary,2025-10-27,B1,-5.250668598547913e-06,1.4245390997679397,-5.250668598547913e-06,1.4245390997679397,2,"[""2025-10-13"", ""2025-10-14"", ""2025-10-15"", ""2025-10-16"", ""2025-10-17"", ""2025-10-20"", ""2025-10-21"", ""2025-10-22"", ""2025-10-23"", ""2025-10-24""]",2025-10-10,15,86,10,False,,0,117,378
primary,2025-10-27,B2,-6.085503274322134e-06,1.4902801782608728,-6.085503274322134e-06,1.4902801782608728,2,"[""2025-10-13"", ""2025-10-14"", ""2025-10-15"", ""2025-10-16"", ""2025-10-17"", ""2025-10-20"", ""2025-10-21"", ""2025-10-22"", ""2025-10-23"", ""2025-10-24""]",2025-10-10,15,79,10,False,,0,127,378
primary,2025-10-28,B0,-5.12866877612021e-06,1.468749881743874,-5.12866877612021e-06,1.468749881743874,2,"[""2025-10-14"", ""2025-10-15"", ""2025-10-16"", ""2025-10-17"", ""2025-10-20"", ""2025-10-21"", ""2025-10-22"", ""2025-10-23"", ""2025-10-24"", ""2025-10-27""]",2025-10-13,31,71,10,False,,0,41,377
primary,2025-10-28,B1,-4.645447585591922e-06,1.3957868623266991,-4.645447585591922e-06,1.3957868623266991,2,"[""2025-10-14"", ""2025-10-15"", ""2025-10-16"", ""2025-10-17"", ""2025-10-20"", ""2025-10-21"", ""2025-10-22"", ""2025-10-23"", ""2025-10-24"", ""2025-10-27""]",2025-10-13,15,79,10,False,,0,35,377
primary,2025-10-28,B2,-5.027648748313285e-06,1.432013084027828,-5.027648748313285e-06,1.432013084027828,2,"[""2025-10-14"", ""2025-10-15"", ""2025-10-16"", ""2025-10-17"", ""2025-10-20"", ""2025-10-21"", ""2025-10-22"", ""2025-10-23"", ""2025-10-24"", ""2025-10-27""]",2025-10-13,63,100,10,False,,0,38,377
primary,2025-10-29,B0,-6.0504009283473704e-06,1.5440342756758252,-6.0504009283473704e-06,1.5440342756758252,2,"[""2025-10-15"", ""2025-10-16"", ""2025-10-17"", ""2025-10-20"", ""2025-10-21"", ""2025-10-22"", ""2025-10-23"", ""2025-10-24"", ""2025-10-27"", ""2025-10-28""]",2025-10-14,63,49,10,False,,0,19,378
primary,2025-10-29,B1,-5.710882563236531e-06,1.4860336095272726,-5.710882563236531e-06,1.4860336095272726,2,"[""2025-10-15"", ""2025-10-16"", ""2025-10-17"", ""2025-10-20"", ""2025-10-21"", ""2025-10-22"", ""2025-10-23"", ""2025-10-24"", ""2025-10-27"", ""2025-10-28""]",2025-10-14,63,49,10,False,,0,16,378
primary,2025-10-29,B2,-5.600248190689556e-06,1.4492789966995618,-5.600248190689556e-06,1.4492789966995618,2,"[""2025-10-15"", ""2025-10-16"", ""2025-10-17"", ""2025-10-20"", ""2025-10-21"", ""2025-10-22"", ""2025-10-23"", ""2025-10-24"", ""2025-10-27"", ""2025-10-28""]",2025-10-14,15,109,10,False,,0,15,378
primary,2025-10-30,B0,-6.647793875122884e-06,1.5955401016306694,-6.647793875122884e-06,1.5955401016306694,2,"[""2025-10-16"", ""2025-10-17"", ""2025-10-20"", ""2025-10-21"", ""2025-10-22"", ""2025-10-23"", ""2025-10-24"", ""2025-10-27"", ""2025-10-28"", ""2025-10-29""]",2025-10-15,63,44,10,False,,0,3,390
primary,2025-10-30,B1,-4.9723738671463455e-06,1.4126333629317387,-4.9723738671463455e-06,1.4126333629317387,2,"[""2025-10-16"", ""2025-10-17"", ""2025-10-20"", ""2025-10-21"", ""2025-10-22"", ""2025-10-23"", ""2025-10-24"", ""2025-10-27"", ""2025-10-28"", ""2025-10-29""]",2025-10-15,15,78,10,False,,0,2,390
primary,2025-10-30,B2,-6.496487396140444e-06,1.5400121392884072,-6.496487396140444e-06,1.5400121392884072,2,"[""2025-10-16"", ""2025-10-17"", ""2025-10-20"", ""2025-10-21"", ""2025-10-22"", ""2025-10-23"", ""2025-10-24"", ""2025-10-27"", ""2025-10-28"", ""2025-10-29""]",2025-10-15,63,54,10,False,,0,5,390
primary,2025-10-31,B0,-2.839591434044462e-06,1.2584565283661795,-2.839591434044462e-06,1.2584565283661795,2,"[""2025-10-17"", ""2025-10-20"", ""2025-10-21"", ""2025-10-22"", ""2025-10-23"", ""2025-10-24"", ""2025-10-27"", ""2025-10-28"", ""2025-10-29"", ""2025-10-30""]",2025-10-16,31,69,10,False,,0,0,384
primary,2025-10-31,B1,-2.849343035516123e-06,1.2349701563649396,-2.849343035516123e-06,1.2349701563649396,2,"[""2025-10-17"", ""2025-10-20"", ""2025-10-21"", ""2025-10-22"", ""2025-10-23"", ""2025-10-24"", ""2025-10-27"", ""2025-10-28"", ""2025-10-29"", ""2025-10-30""]",2025-10-16,31,75,10,False,,0,0,384
primary,2025-10-31,B2,-3.219430717952613e-06,1.254154122620657,-3.219430717952613e-06,1.254154122620657,2,"[""2025-10-17"", ""2025-10-20"", ""2025-10-21"", ""2025-10-22"", ""2025-10-23"", ""2025-10-24"", ""2025-10-27"", ""2025-10-28"", ""2025-10-29"", ""2025-10-30""]",2025-10-16,63,74,10,False,,0,0,384
primary,2025-11-03,B0,-2.083611815409125e-06,1.190523275862602,-2.083611815409125e-06,1.190523275862602,2,"[""2025-10-20"", ""2025-10-21"", ""2025-10-22"", ""2025-10-23"", ""2025-10-24"", ""2025-10-27"", ""2025-10-28"", ""2025-10-29"", ""2025-10-30"", ""2025-10-31""]",2025-10-17,31,61,10,False,,0,0,379
primary,2025-11-03,B1,-2.2351013308175604e-06,1.1738693627546215,-2.2351013308175604e-06,1.1738693627546215,2,"[""2025-10-20"", ""2025-10-21"", ""2025-10-22"", ""2025-10-23"", ""2025-10-24"", ""2025-10-27"", ""2025-10-28"", ""2025-10-29"", ""2025-10-30"", ""2025-10-31""]",2025-10-17,15,94,10,False,,0,0,379
primary,2025-11-03,B2,-2.952538287056009e-06,1.2350295658451076,-2.952538287056009e-06,1.2350295658451076,2,"[""2025-10-20"", ""2025-10-21"", ""2025-10-22"", ""2025-10-23"", ""2025-10-24"", ""2025-10-27"", ""2025-10-28"", ""2025-10-29"", ""2025-10-30"", ""2025-10-31""]",2025-10-17,63,64,10,False,,0,0,379
primary,2025-11-04,B0,-2.2289057853891202e-06,1.2050846409154587,-2.2289057853891202e-06,1.2050846409154587,2,"[""2025-10-21"", ""2025-10-22"", ""2025-10-23"", ""2025-10-24"", ""2025-10-27"", ""2025-10-28"", ""2025-10-29"", ""2025-10-30"", ""2025-10-31"", ""2025-11-03""]",2025-10-20,31,47,10,False,,0,0,374
primary,2025-11-04,B1,-1.997800913040958e-06,1.1575846112796773,-1.997800913040958e-06,1.1575846112796773,2,"[""2025-10-21"", ""2025-10-22"", ""2025-10-23"", ""2025-10-24"", ""2025-10-27"", ""2025-10-28"", ""2025-10-29"", ""2025-10-30"", ""2025-10-31"", ""2025-11-03""]",2025-10-20,15,89,10,False,,0,0,374
primary,2025-11-04,B2,-2.1805285477854948e-06,1.1747296835499748,-2.1805285477854948e-06,1.1747296835499748,2,"[""2025-10-21"", ""2025-10-22"", ""2025-10-23"", ""2025-10-24"", ""2025-10-27"", ""2025-10-28"", ""2025-10-29"", ""2025-10-30"", ""2025-10-31"", ""2025-11-03""]",2025-10-20,63,77,10,False,,0,0,374
primary,2025-11-05,B0,-1.1339578710545346e-06,1.1402917953997298,-1.1339578710545346e-06,1.1402917953997298,2,"[""2025-10-22"", ""2025-10-23"", ""2025-10-24"", ""2025-10-27"", ""2025-10-28"", ""2025-10-29"", ""2025-10-30"", ""2025-10-31"", ""2025-11-03"", ""2025-11-04""]",2025-10-21,31,45,10,False,,0,0,384
primary,2025-11-05,B1,-2.1627997895521904e-06,1.2134149184904273,-2.1627997895521904e-06,1.2134149184904273,2,"[""2025-10-22"", ""2025-10-23"", ""2025-10-24"", ""2025-10-27"", ""2025-10-28"", ""2025-10-29"", ""2025-10-30"", ""2025-10-31"", ""2025-11-03"", ""2025-11-04""]",2025-10-21,63,49,10,False,,0,0,384
primary,2025-11-05,B2,-2.205622691543562e-06,1.1972617440715214,-2.205622691543562e-06,1.1972617440715214,2,"[""2025-10-22"", ""2025-10-23"", ""2025-10-24"", ""2025-10-27"", ""2025-10-28"", ""2025-10-29"", ""2025-10-30"", ""2025-10-31"", ""2025-11-03"", ""2025-11-04""]",2025-10-21,63,53,10,False,,0,0,384
primary,2025-11-06,B0,6.196508221900408e-08,1.0304805011604337,6.196508221900408e-08,1.0304805011604337,2,"[""2025-10-23"", ""2025-10-24"", ""2025-10-27"", ""2025-10-28"", ""2025-10-29"", ""2025-10-30"", ""2025-10-31"", ""2025-11-03"", ""2025-11-04"", ""2025-11-05""]",2025-10-22,31,98,10,False,,0,0,390
primary,2025-11-06,B1,-1.2208254786859609e-06,1.124448179909931,-1.2208254786859609e-06,1.124448179909931,2,"[""2025-10-23"", ""2025-10-24"", ""2025-10-27"", ""2025-10-28"", ""2025-10-29"", ""2025-10-30"", ""2025-10-31"", ""2025-11-03"", ""2025-11-04"", ""2025-11-05""]",2025-10-22,63,71,10,False,,0,0,390
primary,2025-11-06,B2,-1.5440263034457417e-06,1.1401579124432446,-1.5440263034457417e-06,1.1401579124432446,2,"[""2025-10-23"", ""2025-10-24"", ""2025-10-27"", ""2025-10-28"", ""2025-10-29"", ""2025-10-30"", ""2025-10-31"", ""2025-11-03"", ""2025-11-04"", ""2025-11-05""]",2025-10-22,63,59,10,False,,0,0,390
primary,2025-11-07,B0,-3.438680100955919e-06,1.2930046520344154,-3.438680100955919e-06,1.2930046520344154,2,"[""2025-10-24"", ""2025-10-27"", ""2025-10-28"", ""2025-10-29"", ""2025-10-30"", ""2025-10-31"", ""2025-11-03"", ""2025-11-04"", ""2025-11-05"", ""2025-11-06""]",2025-10-23,31,81,10,False,,0,0,390
primary,2025-11-07,B1,-4.947439110777843e-06,1.4000686976024774,-4.947439110777843e-06,1.4000686976024774,2,"[""2025-10-24"", ""2025-10-27"", ""2025-10-28"", ""2025-10-29"", ""2025-10-30"", ""2025-10-31"", ""2025-11-03"", ""2025-11-04"", ""2025-11-05"", ""2025-11-06""]",2025-10-23,63,65,10,False,,0,0,390
primary,2025-11-07,B2,-4.2004385118377724e-06,1.3206871880484097,-4.2004385118377724e-06,1.3206871880484097,2,"[""2025-10-24"", ""2025-10-27"", ""2025-10-28"", ""2025-10-29"", ""2025-10-30"", ""2025-10-31"", ""2025-11-03"", ""2025-11-04"", ""2025-11-05"", ""2025-11-06""]",2025-10-23,31,101,10,False,,0,0,390
primary,2025-11-10,B0,-3.0343476968264413e-06,1.2545087196006575,-3.0343476968264413e-06,1.2545087196006575,2,"[""2025-10-27"", ""2025-10-28"", ""2025-10-29"", ""2025-10-30"", ""2025-10-31"", ""2025-11-03"", ""2025-11-04"", ""2025-11-05"", ""2025-11-06"", ""2025-11-07""]",2025-10-24,31,84,10,False,,0,0,374
primary,2025-11-10,B1,-4.166182727306182e-06,1.3291265259594913,-4.166182727306182e-06,1.3291265259594913,2,"[""2025-10-27"", ""2025-10-28"", ""2025-10-29"", ""2025-10-30"", ""2025-10-31"", ""2025-11-03"", ""2025-11-04"", ""2025-11-05"", ""2025-11-06"", ""2025-11-07""]",2025-10-24,31,76,10,False,,0,10,374
primary,2025-11-10,B2,-5.134797173732205e-06,1.3893312558498274,-5.134797173732205e-06,1.3893312558498274,2,"[""2025-10-27"", ""2025-10-28"", ""2025-10-29"", ""2025-10-30"", ""2025-10-31"", ""2025-11-03"", ""2025-11-04"", ""2025-11-05"", ""2025-11-06"", ""2025-11-07""]",2025-10-24,31,66,10,False,,0,58,374
primary,2025-11-11,B0,-3.314971025352802e-06,1.2562759139042874,-3.314971025352802e-06,1.2562759139042874,2,"[""2025-10-28"", ""2025-10-29"", ""2025-10-30"", ""2025-10-31"", ""2025-11-03"", ""2025-11-04"", ""2025-11-05"", ""2025-11-06"", ""2025-11-07"", ""2025-11-10""]",2025-10-27,31,131,10,False,,0,16,390
primary,2025-11-11,B1,-3.660920452850073e-06,1.2772634431627359,-3.660920452850073e-06,1.2772634431627359,2,"[""2025-10-28"", ""2025-10-29"", ""2025-10-30"", ""2025-10-31"", ""2025-11-03"", ""2025-11-04"", ""2025-11-05"", ""2025-11-06"", ""2025-11-07"", ""2025-11-10""]",2025-10-27,31,141,10,False,,0,27,390
primary,2025-11-11,B2,-5.760084066335199e-06,1.4234279238715863,-5.760084066335199e-06,1.4234279238715863,2,"[""2025-10-28"", ""2025-10-29"", ""2025-10-30"", ""2025-10-31"", ""2025-11-03"", ""2025-11-04"", ""2025-11-05"", ""2025-11-06"", ""2025-11-07"", ""2025-11-10""]",2025-10-27,63,66,10,False,,0,64,390
primary,2025-11-12,B0,-4.954521079485343e-06,1.3249881387975557,-4.954521079485343e-06,1.3249881387975557,2,"[""2025-10-29"", ""2025-10-30"", ""2025-10-31"", ""2025-11-03"", ""2025-11-04"", ""2025-11-05"", ""2025-11-06"", ""2025-11-07"", ""2025-11-10"", ""2025-11-11""]",2025-10-28,15,222,10,False,,0,2,390
primary,2025-11-12,B1,-4.670314360448483e-06,1.3258231755354364,-4.670314360448483e-06,1.3258231755354364,2,"[""2025-10-29"", ""2025-10-30"", ""2025-10-31"", ""2025-11-03"", ""2025-11-04"", ""2025-11-05"", ""2025-11-06"", ""2025-11-07"", ""2025-11-10"", ""2025-11-11""]",2025-10-28,15,542,10,False,,0,2,390
primary,2025-11-12,B2,-4.485044042933931e-06,1.3135354500509244,-4.485044042933931e-06,1.3135354500509244,2,"[""2025-10-29"", ""2025-10-30"", ""2025-10-31"", ""2025-11-03"", ""2025-11-04"", ""2025-11-05"", ""2025-11-06"", ""2025-11-07"", ""2025-11-10"", ""2025-11-11""]",2025-10-28,31,135,10,False,,0,5,390
primary,2025-11-13,B0,-4.973621317238025e-06,1.322310273262717,-4.973621317238025e-06,1.322310273262717,2,"[""2025-10-30"", ""2025-10-31"", ""2025-11-03"", ""2025-11-04"", ""2025-11-05"", ""2025-11-06"", ""2025-11-07"", ""2025-11-10"", ""2025-11-11"", ""2025-11-12""]",2025-10-29,31,188,10,False,,0,0,390
primary,2025-11-13,B1,-4.3822034335005145e-06,1.3065563834379683,-4.3822034335005145e-06,1.3065563834379683,2,"[""2025-10-30"", ""2025-10-31"", ""2025-11-03"", ""2025-11-04"", ""2025-11-05"", ""2025-11-06"", ""2025-11-07"", ""2025-11-10"", ""2025-11-11"", ""2025-11-12""]",2025-10-29,31,131,10,False,,0,0,390
primary,2025-11-13,B2,-4.118412575237826e-06,1.295467324283785,-4.118412575237826e-06,1.295467324283785,2,"[""2025-10-30"", ""2025-10-31"", ""2025-11-03"", ""2025-11-04"", ""2025-11-05"", ""2025-11-06"", ""2025-11-07"", ""2025-11-10"", ""2025-11-11"", ""2025-11-12""]",2025-10-29,31,166,10,False,,0,0,390
primary,2025-11-14,B0,-6.215147716435137e-06,1.4115214810531476,-6.215147716435137e-06,1.4115214810531476,2,"[""2025-10-31"", ""2025-11-03"", ""2025-11-04"", ""2025-11-05"", ""2025-11-06"", ""2025-11-07"", ""2025-11-10"", ""2025-11-11"", ""2025-11-12"", ""2025-11-13""]",2025-10-30,31,119,10,False,,0,16,372
primary,2025-11-14,B1,-5.071232588238173e-06,1.3711712820533533,-5.071232588238173e-06,1.3711712820533533,2,"[""2025-10-31"", ""2025-11-03"", ""2025-11-04"", ""2025-11-05"", ""2025-11-06"", ""2025-11-07"", ""2025-11-10"", ""2025-11-11"", ""2025-11-12"", ""2025-11-13""]",2025-10-30,31,144,10,False,,0,0,372
primary,2025-11-14,B2,-5.704815558803413e-06,1.4207004314573533,-5.704815558803413e-06,1.4207004314573533,2,"[""2025-10-31"", ""2025-11-03"", ""2025-11-04"", ""2025-11-05"", ""2025-11-06"", ""2025-11-07"", ""2025-11-10"", ""2025-11-11"", ""2025-11-12"", ""2025-11-13""]",2025-10-30,63,88,10,False,,0,10,372
primary,2025-11-17,B0,-4.802084953100071e-06,1.324878993198336,-4.802084953100071e-06,1.324878993198336,2,"[""2025-11-03"", ""2025-11-04"", ""2025-11-05"", ""2025-11-06"", ""2025-11-07"", ""2025-11-10"", ""2025-11-11"", ""2025-11-12"", ""2025-11-13"", ""2025-11-14""]",2025-10-31,15,238,10,False,,0,8,372
primary,2025-11-17,B1,-4.608963521096124e-06,1.348584803386842,-4.608963521096124e-06,1.348584803386842,2,"[""2025-11-03"", ""2025-11-04"", ""2025-11-05"", ""2025-11-06"", ""2025-11-07"", ""2025-11-10"", ""2025-11-11"", ""2025-11-12"", ""2025-11-13"", ""2025-11-14""]",2025-10-31,31,136,10,False,,0,0,372
primary,2025-11-17,B2,-5.409262783707149e-06,1.3993632257051345,-5.409262783707149e-06,1.3993632257051345,2,"[""2025-11-03"", ""2025-11-04"", ""2025-11-05"", ""2025-11-06"", ""2025-11-07"", ""2025-11-10"", ""2025-11-11"", ""2025-11-12"", ""2025-11-13"", ""2025-11-14""]",2025-10-31,31,96,10,False,,0,6,372
primary,2025-11-18,B0,-4.597313527772494e-06,1.3076394961951372,-4.597313527772494e-06,1.3076394961951372,2,"[""2025-11-04"", ""2025-11-05"", ""2025-11-06"", ""2025-11-07"", ""2025-11-10"", ""2025-11-11"", ""2025-11-12"", ""2025-11-13"", ""2025-11-14"", ""2025-11-17""]",2025-11-03,15,241,10,False,,0,0,378
primary,2025-11-18,B1,-4.870816109483863e-06,1.3528490238936943,-4.870816109483863e-06,1.3528490238936943,2,"[""2025-11-04"", ""2025-11-05"", ""2025-11-06"", ""2025-11-07"", ""2025-11-10"", ""2025-11-11"", ""2025-11-12"", ""2025-11-13"", ""2025-11-14"", ""2025-11-17""]",2025-11-03,15,144,10,False,,0,0,378
primary,2025-11-18,B2,-4.330519051235762e-06,1.3266124082433286,-4.330519051235762e-06,1.3266124082433286,2,"[""2025-11-04"", ""2025-11-05"", ""2025-11-06"", ""2025-11-07"", ""2025-11-10"", ""2025-11-11"", ""2025-11-12"", ""2025-11-13"", ""2025-11-14"", ""2025-11-17""]",2025-11-03,15,166,10,False,,0,0,378
primary,2025-11-19,B0,-4.309304799506317e-06,1.2820638263537523,-4.309304799506317e-06,1.2820638263537523,2,"[""2025-11-05"", ""2025-11-06"", ""2025-11-07"", ""2025-11-10"", ""2025-11-11"", ""2025-11-12"", ""2025-11-13"", ""2025-11-14"", ""2025-11-17"", ""2025-11-18""]",2025-11-04,15,158,10,False,,0,0,371
primary,2025-11-19,B1,-3.4827192141530815e-06,1.2661658743332938,-3.4827192141530815e-06,1.2661658743332938,2,"[""2025-11-05"", ""2025-11-06"", ""2025-11-07"", ""2025-11-10"", ""2025-11-11"", ""2025-11-12"", ""2025-11-13"", ""2025-11-14"", ""2025-11-17"", ""2025-11-18""]",2025-11-04,31,122,10,False,,0,0,371
primary,2025-11-19,B2,-4.353477184855305e-06,1.3174974886395787,-4.353477184855305e-06,1.3174974886395787,2,"[""2025-11-05"", ""2025-11-06"", ""2025-11-07"", ""2025-11-10"", ""2025-11-11"", ""2025-11-12"", ""2025-11-13"", ""2025-11-14"", ""2025-11-17"", ""2025-11-18""]",2025-11-04,15,167,10,False,,0,0,371
primary,2025-11-20,B0,-4.755722290866329e-06,1.2796948531990013,-4.755722290866329e-06,1.2796948531990013,2,"[""2025-11-06"", ""2025-11-07"", ""2025-11-10"", ""2025-11-11"", ""2025-11-12"", ""2025-11-13"", ""2025-11-14"", ""2025-11-17"", ""2025-11-18"", ""2025-11-19""]",2025-11-05,15,138,10,False,,0,0,366
primary,2025-11-20,B1,-3.7008813302311793e-06,1.261446161800744,-3.7008813302311793e-06,1.261446161800744,2,"[""2025-11-06"", ""2025-11-07"", ""2025-11-10"", ""2025-11-11"", ""2025-11-12"", ""2025-11-13"", ""2025-11-14"", ""2025-11-17"", ""2025-11-18"", ""2025-11-19""]",2025-11-05,31,135,10,False,,0,0,366
primary,2025-11-20,B2,-4.701823569407568e-06,1.3357914309621313,-4.701823569407568e-06,1.3357914309621313,2,"[""2025-11-06"", ""2025-11-07"", ""2025-11-10"", ""2025-11-11"", ""2025-11-12"", ""2025-11-13"", ""2025-11-14"", ""2025-11-17"", ""2025-11-18"", ""2025-11-19""]",2025-11-05,63,98,10,False,,0,0,366
primary,2025-11-21,B0,-3.849292575939284e-06,1.2474005270799065,-3.849292575939284e-06,1.2474005270799065,2,"[""2025-11-07"", ""2025-11-10"", ""2025-11-11"", ""2025-11-12"", ""2025-11-13"", ""2025-11-14"", ""2025-11-17"", ""2025-11-18"", ""2025-11-19"", ""2025-11-20""]",2025-11-06,63,109,10,False,,0,0,388
primary,2025-11-21,B1,-3.7584235252841643e-06,1.2517972825198638,-3.7584235252841643e-06,1.2517972825198638,2,"[""2025-11-07"", ""2025-11-10"", ""2025-11-11"", ""2025-11-12"", ""2025-11-13"", ""2025-11-14"", ""2025-11-17"", ""2025-11-18"", ""2025-11-19"", ""2025-11-20""]",2025-11-06,31,141,10,False,,0,0,388
primary,2025-11-21,B2,-5.289723580265123e-06,1.332629328360093,-5.289723580265123e-06,1.332629328360093,2,"[""2025-11-07"", ""2025-11-10"", ""2025-11-11"", ""2025-11-12"", ""2025-11-13"", ""2025-11-14"", ""2025-11-17"", ""2025-11-18"", ""2025-11-19"", ""2025-11-20""]",2025-11-06,15,176,10,False,,0,0,388
primary,2025-11-24,B0,-2.8543740106286413e-06,1.156060809534746,-2.8543740106286413e-06,1.156060809534746,2,"[""2025-11-10"", ""2025-11-11"", ""2025-11-12"", ""2025-11-13"", ""2025-11-14"", ""2025-11-17"", ""2025-11-18"", ""2025-11-19"", ""2025-11-20"", ""2025-11-21""]",2025-11-07,15,163,10,False,,0,0,358
primary,2025-11-24,B1,-3.4000798992691586e-06,1.2240663816725499,-3.4000798992691586e-06,1.2240663816725499,2,"[""2025-11-10"", ""2025-11-11"", ""2025-11-12"", ""2025-11-13"", ""2025-11-14"", ""2025-11-17"", ""2025-11-18"", ""2025-11-19"", ""2025-11-20"", ""2025-11-21""]",2025-11-07,31,132,10,False,,0,1,358
primary,2025-11-24,B2,-3.861097886786404e-06,1.2574295578926609,-3.861097886786404e-06,1.2574295578926609,2,"[""2025-11-10"", ""2025-11-11"", ""2025-11-12"", ""2025-11-13"", ""2025-11-14"", ""2025-11-17"", ""2025-11-18"", ""2025-11-19"", ""2025-11-20"", ""2025-11-21""]",2025-11-07,31,134,10,False,,0,6,358
primary,2025-11-25,B0,-3.564822986536995e-06,1.1666168810205848,-3.564822986536995e-06,1.1666168810205848,2,"[""2025-11-11"", ""2025-11-12"", ""2025-11-13"", ""2025-11-14"", ""2025-11-17"", ""2025-11-18"", ""2025-11-19"", ""2025-11-20"", ""2025-11-21"", ""2025-11-24""]",2025-11-10,15,166,10,False,,0,4,372
primary,2025-11-25,B1,-4.80087229100593e-06,1.2818965839375225,-4.80087229100593e-06,1.2818965839375225,2,"[""2025-11-11"", ""2025-11-12"", ""2025-11-13"", ""2025-11-14"", ""2025-11-17"", ""2025-11-18"", ""2025-11-19"", ""2025-11-20"", ""2025-11-21"", ""2025-11-24""]",2025-11-10,63,112,10,False,,0,16,372
primary,2025-11-25,B2,-5.116844269410532e-06,1.2855001372974932,-5.116844269410532e-06,1.2855001372974932,2,"[""2025-11-11"", ""2025-11-12"", ""2025-11-13"", ""2025-11-14"", ""2025-11-17"", ""2025-11-18"", ""2025-11-19"", ""2025-11-20"", ""2025-11-21"", ""2025-11-24""]",2025-11-10,15,232,10,False,,0,32,372
primary,2025-11-26,B0,-4.5094967021432645e-06,1.2117647222612065,-4.5094967021432645e-06,1.2117647222612065,2,"[""2025-11-12"", ""2025-11-13"", ""2025-11-14"", ""2025-11-17"", ""2025-11-18"", ""2025-11-19"", ""2025-11-20"", ""2025-11-21"", ""2025-11-24"", ""2025-11-25""]",2025-11-11,31,122,10,False,,0,31,390
primary,2025-11-26,B1,-4.976888981638242e-06,1.2711238093404982,-4.976888981638242e-06,1.2711238093404982,2,"[""2025-11-12"", ""2025-11-13"", ""2025-11-14"", ""2025-11-17"", ""2025-11-18"", ""2025-11-19"", ""2025-11-20"", ""2025-11-21"", ""2025-11-24"", ""2025-11-25""]",2025-11-11,31,124,10,False,,0,78,390
primary,2025-11-26,B2,-5.1908272561391736e-06,1.2852438834336704,-5.1908272561391736e-06,1.2852438834336704,2,"[""2025-11-12"", ""2025-11-13"", ""2025-11-14"", ""2025-11-17"", ""2025-11-18"", ""2025-11-19"", ""2025-11-20"", ""2025-11-21"", ""2025-11-24"", ""2025-11-25""]",2025-11-11,31,135,10,False,,0,89,390
primary,2025-11-28,B0,-5.483692463532363e-06,1.2166881002038643,-5.483692463532363e-06,1.2166881002038643,2,"[""2025-11-13"", ""2025-11-14"", ""2025-11-17"", ""2025-11-18"", ""2025-11-19"", ""2025-11-20"", ""2025-11-21"", ""2025-11-24"", ""2025-11-25"", ""2025-11-26""]",2025-11-12,15,152,10,False,,0,43,174
primary,2025-11-28,B1,-6.044075298550796e-06,1.3258554063049681,-6.044075298550796e-06,1.3258554063049681,2,"[""2025-11-13"", ""2025-11-14"", ""2025-11-17"", ""2025-11-18"", ""2025-11-19"", ""2025-11-20"", ""2025-11-21"", ""2025-11-24"", ""2025-11-25"", ""2025-11-26""]",2025-11-12,63,111,10,False,,0,46,174
primary,2025-11-28,B2,-6.437036139708082e-06,1.3299804202812162,-6.437036139708082e-06,1.3299804202812162,2,"[""2025-11-13"", ""2025-11-14"", ""2025-11-17"", ""2025-11-18"", ""2025-11-19"", ""2025-11-20"", ""2025-11-21"", ""2025-11-24"", ""2025-11-25"", ""2025-11-26""]",2025-11-12,31,146,10,False,,0,53,174
primary,2025-12-01,B0,-5.7830608044563655e-06,1.2167979857626616,-5.7830608044563655e-06,1.2167979857626616,2,"[""2025-11-14"", ""2025-11-17"", ""2025-11-18"", ""2025-11-19"", ""2025-11-20"", ""2025-11-21"", ""2025-11-24"", ""2025-11-25"", ""2025-11-26"", ""2025-11-28""]",2025-11-13,15,160,10,False,,0,159,384
primary,2025-12-01,B1,-5.29391314123438e-06,1.2650790924695254,-5.29391314123438e-06,1.2650790924695254,2,"[""2025-11-14"", ""2025-11-17"", ""2025-11-18"", ""2025-11-19"", ""2025-11-20"", ""2025-11-21"", ""2025-11-24"", ""2025-11-25"", ""2025-11-26"", ""2025-11-28""]",2025-11-13,31,150,10,False,,0,132,384
primary,2025-12-01,B2,-5.8741429284040145e-06,1.2980863928283903,-5.8741429284040145e-06,1.2980863928283903,2,"[""2025-11-14"", ""2025-11-17"", ""2025-11-18"", ""2025-11-19"", ""2025-11-20"", ""2025-11-21"", ""2025-11-24"", ""2025-11-25"", ""2025-11-26"", ""2025-11-28""]",2025-11-13,31,180,10,False,,0,150,384
primary,2025-12-02,B0,-5.3485320555164365e-06,1.2160167642796522,-5.3485320555164365e-06,1.2160167642796522,2,"[""2025-11-17"", ""2025-11-18"", ""2025-11-19"", ""2025-11-20"", ""2025-11-21"", ""2025-11-24"", ""2025-11-25"", ""2025-11-26"", ""2025-11-28"", ""2025-12-01""]",2025-11-14,31,115,10,False,,0,98,389
primary,2025-12-02,B1,-5.171300022182228e-06,1.2629113568236092,-5.171300022182228e-06,1.2629113568236092,2,"[""2025-11-17"", ""2025-11-18"", ""2025-11-19"", ""2025-11-20"", ""2025-11-21"", ""2025-11-24"", ""2025-11-25"", ""2025-11-26"", ""2025-11-28"", ""2025-12-01""]",2025-11-14,31,132,10,False,,0,90,389
primary,2025-12-02,B2,-5.394947886819334e-06,1.3030649286766882,-5.394947886819334e-06,1.3030649286766882,2,"[""2025-11-17"", ""2025-11-18"", ""2025-11-19"", ""2025-11-20"", ""2025-11-21"", ""2025-11-24"", ""2025-11-25"", ""2025-11-26"", ""2025-11-28"", ""2025-12-01""]",2025-11-14,15,480,10,False,,0,91,389
primary,2025-12-03,B0,-4.648435733320341e-06,1.1900910270901235,-4.648435733320341e-06,1.1900910270901235,2,"[""2025-11-18"", ""2025-11-19"", ""2025-11-20"", ""2025-11-21"", ""2025-11-24"", ""2025-11-25"", ""2025-11-26"", ""2025-11-28"", ""2025-12-01"", ""2025-12-02""]",2025-11-17,31,126,10,False,,0,77,390
primary,2025-12-03,B1,-4.589392060178399e-06,1.2576974637517842,-4.589392060178399e-06,1.2576974637517842,2,"[""2025-11-18"", ""2025-11-19"", ""2025-11-20"", ""2025-11-21"", ""2025-11-24"", ""2025-11-25"", ""2025-11-26"", ""2025-11-28"", ""2025-12-01"", ""2025-12-02""]",2025-11-17,63,124,10,False,,0,80,390
primary,2025-12-03,B2,-4.89961021810947e-06,1.2667664402808003,-4.89961021810947e-06,1.2667664402808003,2,"[""2025-11-18"", ""2025-11-19"", ""2025-11-20"", ""2025-11-21"", ""2025-11-24"", ""2025-11-25"", ""2025-11-26"", ""2025-11-28"", ""2025-12-01"", ""2025-12-02""]",2025-11-17,31,189,10,False,,0,81,390
primary,2025-12-04,B0,-4.27707791414995e-06,1.1637808481004952,-4.27707791414995e-06,1.1637808481004952,2,"[""2025-11-19"", ""2025-11-20"", ""2025-11-21"", ""2025-11-24"", ""2025-11-25"", ""2025-11-26"", ""2025-11-28"", ""2025-12-01"", ""2025-12-02"", ""2025-12-03""]",2025-11-18,15,163,10,False,,0,49,390
primary,2025-12-04,B1,-4.231968221444714e-06,1.2472244618675614,-4.231968221444714e-06,1.2472244618675614,2,"[""2025-11-19"", ""2025-11-20"", ""2025-11-21"", ""2025-11-24"", ""2025-11-25"", ""2025-11-26"", ""2025-11-28"", ""2025-12-01"", ""2025-12-02"", ""2025-12-03""]",2025-11-18,63,115,10,False,,0,39,390
primary,2025-12-04,B2,-4.848294749489325e-06,1.2692312423450192,-4.848294749489325e-06,1.2692312423450192,2,"[""2025-11-19"", ""2025-11-20"", ""2025-11-21"", ""2025-11-24"", ""2025-11-25"", ""2025-11-26"", ""2025-11-28"", ""2025-12-01"", ""2025-12-02"", ""2025-12-03""]",2025-11-18,15,429,10,False,,0,58,390
primary,2025-12-05,B0,-3.79179297549008e-06,1.1586139924402588,-3.79179297549008e-06,1.1586139924402588,2,"[""2025-11-20"", ""2025-11-21"", ""2025-11-24"", ""2025-11-25"", ""2025-11-26"", ""2025-11-28"", ""2025-12-01"", ""2025-12-02"", ""2025-12-03"", ""2025-12-04""]",2025-11-19,15,211,10,False,,0,78,390
primary,2025-12-05,B1,-3.9760059487628215e-06,1.2531803501775622,-3.9760059487628215e-06,1.2531803501775622,2,"[""2025-11-20"", ""2025-11-21"", ""2025-11-24"", ""2025-11-25"", ""2025-11-26"", ""2025-11-28"", ""2025-12-01"", ""2025-12-02"", ""2025-12-03"", ""2025-12-04""]",2025-11-19,63,125,10,False,,0,85,390
primary,2025-12-05,B2,-4.703792800674517e-06,1.2737889017185169,-4.703792800674517e-06,1.2737889017185169,2,"[""2025-11-20"", ""2025-11-21"", ""2025-11-24"", ""2025-11-25"", ""2025-11-26"", ""2025-11-28"", ""2025-12-01"", ""2025-12-02"", ""2025-12-03"", ""2025-12-04""]",2025-11-19,15,341,10,False,,0,89,390
primary,2025-12-08,B0,-2.5612171542449944e-06,1.0693324706206504,-2.5612171542449944e-06,1.0693324706206504,2,"[""2025-11-21"", ""2025-11-24"", ""2025-11-25"", ""2025-11-26"", ""2025-11-28"", ""2025-12-01"", ""2025-12-02"", ""2025-12-03"", ""2025-12-04"", ""2025-12-05""]",2025-11-20,15,200,10,False,,0,24,372
primary,2025-12-08,B1,-2.7093217384986774e-06,1.1294058932996993,-2.7093217384986774e-06,1.1294058932996993,2,"[""2025-11-21"", ""2025-11-24"", ""2025-11-25"", ""2025-11-26"", ""2025-11-28"", ""2025-12-01"", ""2025-12-02"", ""2025-12-03"", ""2025-12-04"", ""2025-12-05""]",2025-11-20,15,316,10,False,,0,14,372
primary,2025-12-08,B2,-2.842048948507514e-06,1.124829531778975,-2.842048948507514e-06,1.124829531778975,2,"[""2025-11-21"", ""2025-11-24"", ""2025-11-25"", ""2025-11-26"", ""2025-11-28"", ""2025-12-01"", ""2025-12-02"", ""2025-12-03"", ""2025-12-04"", ""2025-12-05""]",2025-11-20,15,297,10,False,,0,20,372
primary,2025-12-09,B0,2.0946876686387105e-06,0.684378471877155,2.0946876686387105e-06,0.684378471877155,2,"[""2025-11-24"", ""2025-11-25"", ""2025-11-26"", ""2025-11-28"", ""2025-12-01"", ""2025-12-02"", ""2025-12-03"", ""2025-12-04"", ""2025-12-05"", ""2025-12-08""]",2025-11-21,15,139,10,False,,0,0,390
primary,2025-12-09,B1,5.7390369249676e-07,0.852160623397344,5.7390369249676e-07,0.852160623397344,2,"[""2025-11-24"", ""2025-11-25"", ""2025-11-26"", ""2025-11-28"", ""2025-12-01"", ""2025-12-02"", ""2025-12-03"", ""2025-12-04"", ""2025-12-05"", ""2025-12-08""]",2025-11-21,15,310,10,False,,0,0,390
primary,2025-12-09,B2,6.498757027116761e-07,0.8389768848280866,6.498757027116761e-07,0.8389768848280866,2,"[""2025-11-24"", ""2025-11-25"", ""2025-11-26"", ""2025-11-28"", ""2025-12-01"", ""2025-12-02"", ""2025-12-03"", ""2025-12-04"", ""2025-12-05"", ""2025-12-08""]",2025-11-21,15,328,10,False,,0,0,390
primary,2025-12-10,B0,6.706344345371189e-07,0.8067493724241301,6.706344345371189e-07,0.8067493724241301,2,"[""2025-11-25"", ""2025-11-26"", ""2025-11-28"", ""2025-12-01"", ""2025-12-02"", ""2025-12-03"", ""2025-12-04"", ""2025-12-05"", ""2025-12-08"", ""2025-12-09""]",2025-11-24,15,162,10,False,,0,0,384
primary,2025-12-10,B1,-1.1131438694597631e-06,1.0114568211772064,-1.1131438694597631e-06,1.0114568211772064,2,"[""2025-11-25"", ""2025-11-26"", ""2025-11-28"", ""2025-12-01"", ""2025-12-02"", ""2025-12-03"", ""2025-12-04"", ""2025-12-05"", ""2025-12-08"", ""2025-12-09""]",2025-11-24,15,285,10,False,,0,0,384
primary,2025-12-10,B2,-1.0043707348620265e-06,0.9768959973931914,-1.0043707348620265e-06,0.9768959973931914,2,"[""2025-11-25"", ""2025-11-26"", ""2025-11-28"", ""2025-12-01"", ""2025-12-02"", ""2025-12-03"", ""2025-12-04"", ""2025-12-05"", ""2025-12-08"", ""2025-12-09""]",2025-11-24,15,156,10,False,,0,0,384
primary,2025-12-11,B0,-6.087159655258981e-07,0.9661900630519051,-6.087159655258981e-07,0.9661900630519051,2,"[""2025-11-26"", ""2025-11-28"", ""2025-12-01"", ""2025-12-02"", ""2025-12-03"", ""2025-12-04"", ""2025-12-05"", ""2025-12-08"", ""2025-12-09"", ""2025-12-10""]",2025-11-25,31,98,10,False,,0,0,373
primary,2025-12-11,B1,-4.672913120328319e-06,1.4271261764156393,-4.672913120328319e-06,1.4271261764156393,2,"[""2025-11-26"", ""2025-11-28"", ""2025-12-01"", ""2025-12-02"", ""2025-12-03"", ""2025-12-04"", ""2025-12-05"", ""2025-12-08"", ""2025-12-09"", ""2025-12-10""]",2025-11-25,63,155,10,False,,0,45,373
primary,2025-12-11,B2,-3.803280451125803e-06,1.296313388213192,-3.803280451125803e-06,1.296313388213192,2,"[""2025-11-26"", ""2025-11-28"", ""2025-12-01"", ""2025-12-02"", ""2025-12-03"", ""2025-12-04"", ""2025-12-05"", ""2025-12-08"", ""2025-12-09"", ""2025-12-10""]",2025-11-25,15,221,10,False,,0,32,373
primary,2025-12-12,B0,-4.124480018400542e-06,1.3689858196734463,-4.124480018400542e-06,1.3689858196734463,2,"[""2025-11-28"", ""2025-12-01"", ""2025-12-02"", ""2025-12-03"", ""2025-12-04"", ""2025-12-05"", ""2025-12-08"", ""2025-12-09"", ""2025-12-10"", ""2025-12-11""]",2025-11-26,15,219,10,False,,0,19,384
primary,2025-12-12,B1,-4.597533711344012e-06,1.4229380153878701,-4.597533711344012e-06,1.4229380153878701,2,"[""2025-11-28"", ""2025-12-01"", ""2025-12-02"", ""2025-12-03"", ""2025-12-04"", ""2025-12-05"", ""2025-12-08"", ""2025-12-09"", ""2025-12-10"", ""2025-12-11""]",2025-11-26,15,333,10,False,,0,21,384
primary,2025-12-12,B2,-4.316960559966041e-06,1.3643543421233988,-4.316960559966041e-06,1.3643543421233988,2,"[""2025-11-28"", ""2025-12-01"", ""2025-12-02"", ""2025-12-03"", ""2025-12-04"", ""2025-12-05"", ""2025-12-08"", ""2025-12-09"", ""2025-12-10"", ""2025-12-11""]",2025-11-26,15,169,10,False,,0,21,384
primary,2025-12-15,B0,-5.659583129193429e-06,1.5253766194999068,-5.659583129193429e-06,1.5253766194999068,2,"[""2025-12-01"", ""2025-12-02"", ""2025-12-03"", ""2025-12-04"", ""2025-12-05"", ""2025-12-08"", ""2025-12-09"", ""2025-12-10"", ""2025-12-11"", ""2025-12-12""]",2025-11-28,15,101,10,False,,0,17,381
primary,2025-12-15,B1,-5.919137689290229e-06,1.5611038759439306,-5.919137689290229e-06,1.5611038759439306,2,"[""2025-12-01"", ""2025-12-02"", ""2025-12-03"", ""2025-12-04"", ""2025-12-05"", ""2025-12-08"", ""2025-12-09"", ""2025-12-10"", ""2025-12-11"", ""2025-12-12""]",2025-11-28,15,212,10,False,,0,35,381
primary,2025-12-15,B2,-5.762066241304073e-06,1.5339173016927552,-5.762066241304073e-06,1.5339173016927552,2,"[""2025-12-01"", ""2025-12-02"", ""2025-12-03"", ""2025-12-04"", ""2025-12-05"", ""2025-12-08"", ""2025-12-09"", ""2025-12-10"", ""2025-12-11"", ""2025-12-12""]",2025-11-28,15,210,10,False,,0,27,381
primary,2025-12-16,B0,-4.788193098650698e-06,1.438988710927003,-4.788193098650698e-06,1.438988710927003,2,"[""2025-12-02"", ""2025-12-03"", ""2025-12-04"", ""2025-12-05"", ""2025-12-08"", ""2025-12-09"", ""2025-12-10"", ""2025-12-11"", ""2025-12-12"", ""2025-12-15""]",2025-12-01,31,69,10,False,,0,5,384
primary,2025-12-16,B1,-5.601723848194635e-06,1.5381615725818998,-5.601723848194635e-06,1.5381615725818998,2,"[""2025-12-02"", ""2025-12-03"", ""2025-12-04"", ""2025-12-05"", ""2025-12-08"", ""2025-12-09"", ""2025-12-10"", ""2025-12-11"", ""2025-12-12"", ""2025-12-15""]",2025-12-01,63,73,10,False,,0,24,384
primary,2025-12-16,B2,-4.7061740639747956e-06,1.417967108699354,-4.7061740639747956e-06,1.417967108699354,2,"[""2025-12-02"", ""2025-12-03"", ""2025-12-04"", ""2025-12-05"", ""2025-12-08"", ""2025-12-09"", ""2025-12-10"", ""2025-12-11"", ""2025-12-12"", ""2025-12-15""]",2025-12-01,15,161,10,False,,0,4,384
primary,2025-12-17,B0,-3.4237795890538685e-06,1.2836080288727796,-3.4237795890538685e-06,1.2836080288727796,2,"[""2025-12-03"", ""2025-12-04"", ""2025-12-05"", ""2025-12-08"", ""2025-12-09"", ""2025-12-10"", ""2025-12-11"", ""2025-12-12"", ""2025-12-15"", ""2025-12-16""]",2025-12-02,15,100,10,False,,0,0,384
primary,2025-12-17,B1,-5.081728852077615e-06,1.4756553424703607,-5.081728852077615e-06,1.4756553424703607,2,"[""2025-12-03"", ""2025-12-04"", ""2025-12-05"", ""2025-12-08"", ""2025-12-09"", ""2025-12-10"", ""2025-12-11"", ""2025-12-12"", ""2025-12-15"", ""2025-12-16""]",2025-12-02,63,103,10,False,,0,17,384
primary,2025-12-17,B2,-4.074563280473836e-06,1.338707105362986,-4.074563280473836e-06,1.338707105362986,2,"[""2025-12-03"", ""2025-12-04"", ""2025-12-05"", ""2025-12-08"", ""2025-12-09"", ""2025-12-10"", ""2025-12-11"", ""2025-12-12"", ""2025-12-15"", ""2025-12-16""]",2025-12-02,15,126,10,False,,0,4,384
primary,2025-12-18,B0,-3.0712237972883446e-06,1.2621111152426163,-3.0712237972883446e-06,1.2621111152426163,2,"[""2025-12-04"", ""2025-12-05"", ""2025-12-08"", ""2025-12-09"", ""2025-12-10"", ""2025-12-11"", ""2025-12-12"", ""2025-12-15"", ""2025-12-16"", ""2025-12-17""]",2025-12-03,31,96,10,False,,0,0,390
primary,2025-12-18,B1,-4.509819112009569e-06,1.4230942130005004,-4.509819112009569e-06,1.4230942130005004,2,"[""2025-12-04"", ""2025-12-05"", ""2025-12-08"", ""2025-12-09"", ""2025-12-10"", ""2025-12-11"", ""2025-12-12"", ""2025-12-15"", ""2025-12-16"", ""2025-12-17""]",2025-12-03,63,122,10,False,,0,1,390
primary,2025-12-18,B2,-3.871136060407053e-06,1.3205375338568939,-3.871136060407053e-06,1.3205375338568939,2,"[""2025-12-04"", ""2025-12-05"", ""2025-12-08"", ""2025-12-09"", ""2025-12-10"", ""2025-12-11"", ""2025-12-12"", ""2025-12-15"", ""2025-12-16"", ""2025-12-17""]",2025-12-03,15,151,10,False,,0,0,390
primary,2025-12-19,B0,-2.4781453061481082e-06,1.208400232801461,-2.4781453061481082e-06,1.208400232801461,2,"[""2025-12-05"", ""2025-12-08"", ""2025-12-09"", ""2025-12-10"", ""2025-12-11"", ""2025-12-12"", ""2025-12-15"", ""2025-12-16"", ""2025-12-17"", ""2025-12-18""]",2025-12-04,31,115,10,False,,0,0,364
primary,2025-12-19,B1,-4.4331306496554464e-06,1.4011460291105688,-4.4331306496554464e-06,1.4011460291105688,2,"[""2025-12-05"", ""2025-12-08"", ""2025-12-09"", ""2025-12-10"", ""2025-12-11"", ""2025-12-12"", ""2025-12-15"", ""2025-12-16"", ""2025-12-17"", ""2025-12-18""]",2025-12-04,15,394,10,False,,0,52,364
primary,2025-12-19,B2,-3.671597959880224e-06,1.3031319093191354,-3.671597959880224e-06,1.3031319093191354,2,"[""2025-12-05"", ""2025-12-08"", ""2025-12-09"", ""2025-12-10"", ""2025-12-11"", ""2025-12-12"", ""2025-12-15"", ""2025-12-16"", ""2025-12-17"", ""2025-12-18""]",2025-12-04,15,161,10,False,,0,43,364
primary,2025-12-22,B0,-2.9218912053895438e-06,1.250158247504927,-2.9218912053895438e-06,1.250158247504927,2,"[""2025-12-08"", ""2025-12-09"", ""2025-12-10"", ""2025-12-11"", ""2025-12-12"", ""2025-12-15"", ""2025-12-16"", ""2025-12-17"", ""2025-12-18"", ""2025-12-19""]",2025-12-05,31,79,10,False,,0,29,381
primary,2025-12-22,B1,-3.4781190209854205e-06,1.3279608740315627,-3.4781190209854205e-06,1.3279608740315627,2,"[""2025-12-08"", ""2025-12-09"", ""2025-12-10"", ""2025-12-11"", ""2025-12-12"", ""2025-12-15"", ""2025-12-16"", ""2025-12-17"", ""2025-12-18"", ""2025-12-19""]",2025-12-05,31,116,10,False,,0,70,381
primary,2025-12-22,B2,-4.5546753774451824e-06,1.4039926314307034,-4.5546753774451824e-06,1.4039926314307034,2,"[""2025-12-08"", ""2025-12-09"", ""2025-12-10"", ""2025-12-11"", ""2025-12-12"", ""2025-12-15"", ""2025-12-16"", ""2025-12-17"", ""2025-12-18"", ""2025-12-19""]",2025-12-05,63,51,10,False,,0,118,381
primary,2025-12-23,B0,-3.149654257704784e-06,1.249594826927588,-3.149654257704784e-06,1.249594826927588,2,"[""2025-12-09"", ""2025-12-10"", ""2025-12-11"", ""2025-12-12"", ""2025-12-15"", ""2025-12-16"", ""2025-12-17"", ""2025-12-18"", ""2025-12-19"", ""2025-12-22""]",2025-12-08,15,262,10,False,,0,114,378
primary,2025-12-23,B1,-3.912043959960301e-06,1.3754923355034865,-3.912043959960301e-06,1.3754923355034865,2,"[""2025-12-09"", ""2025-12-10"", ""2025-12-11"", ""2025-12-12"", ""2025-12-15"", ""2025-12-16"", ""2025-12-17"", ""2025-12-18"", ""2025-12-19"", ""2025-12-22""]",2025-12-08,63,186,10,False,,0,163,378
primary,2025-12-23,B2,-3.274422384364364e-06,1.3004080414938912,-3.274422384364364e-06,1.3004080414938912,2,"[""2025-12-09"", ""2025-12-10"", ""2025-12-11"", ""2025-12-12"", ""2025-12-15"", ""2025-12-16"", ""2025-12-17"", ""2025-12-18"", ""2025-12-19"", ""2025-12-22""]",2025-12-08,31,246,10,False,,0,139,378
primary,2025-12-24,B0,-3.2181513922663074e-06,1.2625725635194223,-3.2181513922663074e-06,1.2625725635194223,2,"[""2025-12-10"", ""2025-12-11"", ""2025-12-12"", ""2025-12-15"", ""2025-12-16"", ""2025-12-17"", ""2025-12-18"", ""2025-12-19"", ""2025-12-22"", ""2025-12-23""]",2025-12-09,31,103,10,False,,0,64,174
primary,2025-12-24,B1,-2.8499076627800293e-06,1.3047871386380003,-2.8499076627800293e-06,1.3047871386380003,2,"[""2025-12-10"", ""2025-12-11"", ""2025-12-12"", ""2025-12-15"", ""2025-12-16"", ""2025-12-17"", ""2025-12-18"", ""2025-12-19"", ""2025-12-22"", ""2025-12-23""]",2025-12-09,63,289,10,False,,0,68,174
primary,2025-12-24,B2,-2.1473297161055615e-06,1.2123559463450972,-2.1473297161055615e-06,1.2123559463450972,2,"[""2025-12-10"", ""2025-12-11"", ""2025-12-12"", ""2025-12-15"", ""2025-12-16"", ""2025-12-17"", ""2025-12-18"", ""2025-12-19"", ""2025-12-22"", ""2025-12-23""]",2025-12-09,31,320,10,False,,0,31,174
primary,2025-12-26,B0,-2.614858994885553e-06,1.2011690180997487,-2.614858994885553e-06,1.2011690180997487,2,"[""2025-12-11"", ""2025-12-12"", ""2025-12-15"", ""2025-12-16"", ""2025-12-17"", ""2025-12-18"", ""2025-12-19"", ""2025-12-22"", ""2025-12-23"", ""2025-12-24""]",2025-12-10,31,206,10,False,,0,179,384
primary,2025-12-26,B1,-2.041144661645981e-06,1.2151302199896783,-2.041144661645981e-06,1.2151302199896783,2,"[""2025-12-11"", ""2025-12-12"", ""2025-12-15"", ""2025-12-16"", ""2025-12-17"", ""2025-12-18"", ""2025-12-19"", ""2025-12-22"", ""2025-12-23"", ""2025-12-24""]",2025-12-10,31,407,10,False,,0,132,384
primary,2025-12-26,B2,-2.489214782512395e-06,1.2296946041122283,-2.489214782512395e-06,1.2296946041122283,2,"[""2025-12-11"", ""2025-12-12"", ""2025-12-15"", ""2025-12-16"", ""2025-12-17"", ""2025-12-18"", ""2025-12-19"", ""2025-12-22"", ""2025-12-23"", ""2025-12-24""]",2025-12-10,63,174,10,False,,0,170,384
primary,2025-12-29,B0,-2.3698165728116263e-06,1.181483925370452,-2.3698165728116263e-06,1.181483925370452,2,"[""2025-12-12"", ""2025-12-15"", ""2025-12-16"", ""2025-12-17"", ""2025-12-18"", ""2025-12-19"", ""2025-12-22"", ""2025-12-23"", ""2025-12-24"", ""2025-12-26""]",2025-12-11,63,241,10,False,,0,117,390
primary,2025-12-29,B1,-2.1494320387496094e-06,1.2301848760219376,-2.1494320387496094e-06,1.2301848760219376,2,"[""2025-12-12"", ""2025-12-15"", ""2025-12-16"", ""2025-12-17"", ""2025-12-18"", ""2025-12-19"", ""2025-12-22"", ""2025-12-23"", ""2025-12-24"", ""2025-12-26""]",2025-12-11,63,193,10,False,,0,94,390
primary,2025-12-29,B2,-2.025752976465347e-06,1.1898755023306002,-2.025752976465347e-06,1.1898755023306002,2,"[""2025-12-12"", ""2025-12-15"", ""2025-12-16"", ""2025-12-17"", ""2025-12-18"", ""2025-12-19"", ""2025-12-22"", ""2025-12-23"", ""2025-12-24"", ""2025-12-26""]",2025-12-11,31,267,10,False,,0,92,390
primary,2025-12-30,B0,-1.386929407316684e-06,1.0484849707706123,-1.386929407316684e-06,1.0484849707706123,2,"[""2025-12-15"", ""2025-12-16"", ""2025-12-17"", ""2025-12-18"", ""2025-12-19"", ""2025-12-22"", ""2025-12-23"", ""2025-12-24"", ""2025-12-26"", ""2025-12-29""]",2025-12-12,63,274,10,False,,0,33,374
primary,2025-12-30,B1,-1.4953007335920958e-06,1.1174003263186763,-1.4953007335920958e-06,1.1174003263186763,2,"[""2025-12-15"", ""2025-12-16"", ""2025-12-17"", ""2025-12-18"", ""2025-12-19"", ""2025-12-22"", ""2025-12-23"", ""2025-12-24"", ""2025-12-26"", ""2025-12-29""]",2025-12-12,31,212,10,False,,0,45,374
primary,2025-12-30,B2,-1.3484828933612735e-06,1.0770446723610028,-1.3484828933612735e-06,1.0770446723610028,2,"[""2025-12-15"", ""2025-12-16"", ""2025-12-17"", ""2025-12-18"", ""2025-12-19"", ""2025-12-22"", ""2025-12-23"", ""2025-12-24"", ""2025-12-26"", ""2025-12-29""]",2025-12-12,31,280,10,False,,0,37,374
primary,2025-12-31,B0,-1.2207336675529017e-06,1.014182811289649,-1.2207336675529017e-06,1.014182811289649,2,"[""2025-12-16"", ""2025-12-17"", ""2025-12-18"", ""2025-12-19"", ""2025-12-22"", ""2025-12-23"", ""2025-12-24"", ""2025-12-26"", ""2025-12-29"", ""2025-12-30""]",2025-12-15,15,530,10,False,,0,39,390
primary,2025-12-31,B1,-1.4211701749089706e-06,1.1051395451788686,-1.4211701749089706e-06,1.1051395451788686,2,"[""2025-12-16"", ""2025-12-17"", ""2025-12-18"", ""2025-12-19"", ""2025-12-22"", ""2025-12-23"", ""2025-12-24"", ""2025-12-26"", ""2025-12-29"", ""2025-12-30""]",2025-12-15,31,217,10,False,,0,72,390
primary,2025-12-31,B2,-1.3805356089478309e-06,1.0834887442695895,-1.3805356089478309e-06,1.0834887442695895,2,"[""2025-12-16"", ""2025-12-17"", ""2025-12-18"", ""2025-12-19"", ""2025-12-22"", ""2025-12-23"", ""2025-12-24"", ""2025-12-26"", ""2025-12-29"", ""2025-12-30""]",2025-12-15,31,293,10,False,,0,59,390
primary,2026-01-02,B0,-1.3907816495992406e-06,1.0585096574078654,-1.3907816495992406e-06,1.0585096574078654,2,"[""2025-12-17"", ""2025-12-18"", ""2025-12-19"", ""2025-12-22"", ""2025-12-23"", ""2025-12-24"", ""2025-12-26"", ""2025-12-29"", ""2025-12-30"", ""2025-12-31""]",2025-12-16,31,194,10,False,,0,0,384
primary,2026-01-02,B1,-1.5758455987787448e-06,1.1448428924988263,-1.5758455987787448e-06,1.1448428924988263,2,"[""2025-12-17"", ""2025-12-18"", ""2025-12-19"", ""2025-12-22"", ""2025-12-23"", ""2025-12-24"", ""2025-12-26"", ""2025-12-29"", ""2025-12-30"", ""2025-12-31""]",2025-12-16,31,221,10,False,,0,0,384
primary,2026-01-02,B2,-1.6377982470489692e-06,1.1250449606746542,-1.6377982470489692e-06,1.1250449606746542,2,"[""2025-12-17"", ""2025-12-18"", ""2025-12-19"", ""2025-12-22"", ""2025-12-23"", ""2025-12-24"", ""2025-12-26"", ""2025-12-29"", ""2025-12-30"", ""2025-12-31""]",2025-12-16,15,394,10,False,,0,0,384
primary,2026-01-05,B0,-1.2198760795603016e-06,1.057039911905528,-1.2198760795603016e-06,1.057039911905528,2,"[""2025-12-18"", ""2025-12-19"", ""2025-12-22"", ""2025-12-23"", ""2025-12-24"", ""2025-12-26"", ""2025-12-29"", ""2025-12-30"", ""2025-12-31"", ""2026-01-02""]",2025-12-17,15,386,10,False,,0,0,378
primary,2026-01-05,B1,-1.6377905345117983e-06,1.158452189440388,-1.6377905345117983e-06,1.158452189440388,2,"[""2025-12-18"", ""2025-12-19"", ""2025-12-22"", ""2025-12-23"", ""2025-12-24"", ""2025-12-26"", ""2025-12-29"", ""2025-12-30"", ""2025-12-31"", ""2026-01-02""]",2025-12-17,15,300,10,False,,0,0,378
primary,2026-01-05,B2,-1.6466915273912938e-06,1.1375762017937527,-1.6466915273912938e-06,1.1375762017937527,2,"[""2025-12-18"", ""2025-12-19"", ""2025-12-22"", ""2025-12-23"", ""2025-12-24"", ""2025-12-26"", ""2025-12-29"", ""2025-12-30"", ""2025-12-31"", ""2026-01-02""]",2025-12-17,15,405,10,False,,0,0,378
primary,2026-01-06,B0,-2.215801494998448e-06,1.230020655217794,-2.215801494998448e-06,1.230020655217794,2,"[""2025-12-19"", ""2025-12-22"", ""2025-12-23"", ""2025-12-24"", ""2025-12-26"", ""2025-12-29"", ""2025-12-30"", ""2025-12-31"", ""2026-01-02"", ""2026-01-05""]",2025-12-18,31,203,10,False,,0,7,374
primary,2026-01-06,B1,-2.717516877534515e-06,1.343837529772753,-2.717516877534515e-06,1.343837529772753,2,"[""2025-12-19"", ""2025-12-22"", ""2025-12-23"", ""2025-12-24"", ""2025-12-26"", ""2025-12-29"", ""2025-12-30"", ""2025-12-31"", ""2026-01-02"", ""2026-01-05""]",2025-12-18,15,395,10,False,,0,9,374
primary,2026-01-06,B2,-2.5345902202233867e-06,1.2942229385950659,-2.5345902202233867e-06,1.2942229385950659,2,"[""2025-12-19"", ""2025-12-22"", ""2025-12-23"", ""2025-12-24"", ""2025-12-26"", ""2025-12-29"", ""2025-12-30"", ""2025-12-31"", ""2026-01-02"", ""2026-01-05""]",2025-12-18,31,256,10,False,,0,6,374
primary,2026-01-07,B0,-3.227501989899599e-06,1.4283692606055245,-3.227501989899599e-06,1.4283692606055245,2,"[""2025-12-22"", ""2025-12-23"", ""2025-12-24"", ""2025-12-26"", ""2025-12-29"", ""2025-12-30"", ""2025-12-31"", ""2026-01-02"", ""2026-01-05"", ""2026-01-06""]",2025-12-19,15,390,10,False,,0,0,390
primary,2026-01-07,B1,-2.8128399324080314e-06,1.3940801588070122,-2.8128399324080314e-06,1.3940801588070122,2,"[""2025-12-22"", ""2025-12-23"", ""2025-12-24"", ""2025-12-26"", ""2025-12-29"", ""2025-12-30"", ""2025-12-31"", ""2026-01-02"", ""2026-01-05"", ""2026-01-06""]",2025-12-19,63,241,10,False,,0,0,390
primary,2026-01-07,B2,-2.796879146629098e-06,1.354823419047071,-2.796879146629098e-06,1.354823419047071,2,"[""2025-12-22"", ""2025-12-23"", ""2025-12-24"", ""2025-12-26"", ""2025-12-29"", ""2025-12-30"", ""2025-12-31"", ""2026-01-02"", ""2026-01-05"", ""2026-01-06""]",2025-12-19,63,127,10,False,,0,0,390
primary,2026-01-08,B0,-3.1960061291547344e-06,1.4475445525251505,-3.1960061291547344e-06,1.4475445525251505,2,"[""2025-12-23"", ""2025-12-24"", ""2025-12-26"", ""2025-12-29"", ""2025-12-30"", ""2025-12-31"", ""2026-01-02"", ""2026-01-05"", ""2026-01-06"", ""2026-01-07""]",2025-12-22,31,275,10,False,,0,2,378
primary,2026-01-08,B1,-2.8358109879876563e-06,1.3896419574614298,-2.8358109879876563e-06,1.3896419574614298,2,"[""2025-12-23"", ""2025-12-24"", ""2025-12-26"", ""2025-12-29"", ""2025-12-30"", ""2025-12-31"", ""2026-01-02"", ""2026-01-05"", ""2026-01-06"", ""2026-01-07""]",2025-12-22,15,296,10,False,,0,0,378
primary,2026-01-08,B2,-2.817780159997767e-06,1.3753594935042488,-2.817780159997767e-06,1.3753594935042488,2,"[""2025-12-23"", ""2025-12-24"", ""2025-12-26"", ""2025-12-29"", ""2025-12-30"", ""2025-12-31"", ""2026-01-02"", ""2026-01-05"", ""2026-01-06"", ""2026-01-07""]",2025-12-22,15,433,10,False,,0,0,378
primary,2026-01-09,B0,-2.20119059692689e-06,1.2996506099912488,-2.20119059692689e-06,1.2996506099912488,2,"[""2025-12-24"", ""2025-12-26"", ""2025-12-29"", ""2025-12-30"", ""2025-12-31"", ""2026-01-02"", ""2026-01-05"", ""2026-01-06"", ""2026-01-07"", ""2026-01-08""]",2025-12-23,15,341,10,False,,0,2,390
primary,2026-01-09,B1,-1.972533870266465e-06,1.2539527119413985,-1.972533870266465e-06,1.2539527119413985,2,"[""2025-12-24"", ""2025-12-26"", ""2025-12-29"", ""2025-12-30"", ""2025-12-31"", ""2026-01-02"", ""2026-01-05"", ""2026-01-06"", ""2026-01-07"", ""2026-01-08""]",2025-12-23,15,274,10,False,,0,0,390
primary,2026-01-09,B2,-1.8877556977256867e-06,1.2356997194726893,-1.8877556977256867e-06,1.2356997194726893,2,"[""2025-12-24"", ""2025-12-26"", ""2025-12-29"", ""2025-12-30"", ""2025-12-31"", ""2026-01-02"", ""2026-01-05"", ""2026-01-06"", ""2026-01-07"", ""2026-01-08""]",2025-12-23,15,505,10,False,,0,0,390
primary,2026-01-12,B0,-2.098327325353386e-06,1.2466290576640817,-2.098327325353386e-06,1.2466290576640817,2,"[""2025-12-26"", ""2025-12-29"", ""2025-12-30"", ""2025-12-31"", ""2026-01-02"", ""2026-01-05"", ""2026-01-06"", ""2026-01-07"", ""2026-01-08"", ""2026-01-09""]",2025-12-24,15,256,10,False,,0,15,378
primary,2026-01-12,B1,-2.16446666765685e-06,1.2594906806471358,-2.16446666765685e-06,1.2594906806471358,2,"[""2025-12-26"", ""2025-12-29"", ""2025-12-30"", ""2025-12-31"", ""2026-01-02"", ""2026-01-05"", ""2026-01-06"", ""2026-01-07"", ""2026-01-08"", ""2026-01-09""]",2025-12-24,15,348,10,False,,0,12,378
primary,2026-01-12,B2,-1.916474542289951e-06,1.2007292629311412,-1.916474542289951e-06,1.2007292629311412,2,"[""2025-12-26"", ""2025-12-29"", ""2025-12-30"", ""2025-12-31"", ""2026-01-02"", ""2026-01-05"", ""2026-01-06"", ""2026-01-07"", ""2026-01-08"", ""2026-01-09""]",2025-12-24,15,520,10,False,,0,8,378
primary,2026-01-13,B0,-1.9836545870708377e-06,1.23592476667527,-1.9836545870708377e-06,1.23592476667527,2,"[""2025-12-29"", ""2025-12-30"", ""2025-12-31"", ""2026-01-02"", ""2026-01-05"", ""2026-01-06"", ""2026-01-07"", ""2026-01-08"", ""2026-01-09"", ""2026-01-12""]",2025-12-26,15,205,10,False,,0,0,384
primary,2026-01-13,B1,-2.0448151794268538e-06,1.2434030610948237,-2.0448151794268538e-06,1.2434030610948237,2,"[""2025-12-29"", ""2025-12-30"", ""2025-12-31"", ""2026-01-02"", ""2026-01-05"", ""2026-01-06"", ""2026-01-07"", ""2026-01-08"", ""2026-01-09"", ""2026-01-12""]",2025-12-26,15,231,10,False,,0,0,384
primary,2026-01-13,B2,-1.945957817416555e-06,1.2113049190633842,-1.945957817416555e-06,1.2113049190633842,2,"[""2025-12-29"", ""2025-12-30"", ""2025-12-31"", ""2026-01-02"", ""2026-01-05"", ""2026-01-06"", ""2026-01-07"", ""2026-01-08"", ""2026-01-09"", ""2026-01-12""]",2025-12-26,15,230,10,False,,0,0,384
primary,2026-01-14,B0,-1.795222440484073e-06,1.211061608315593,-1.795222440484073e-06,1.211061608315593,2,"[""2025-12-30"", ""2025-12-31"", ""2026-01-02"", ""2026-01-05"", ""2026-01-06"", ""2026-01-07"", ""2026-01-08"", ""2026-01-09"", ""2026-01-12"", ""2026-01-13""]",2025-12-29,15,203,10,False,,0,0,390
primary,2026-01-14,B1,-1.9515685567448477e-06,1.2207835253493784,-1.9515685567448477e-06,1.2207835253493784,2,"[""2025-12-30"", ""2025-12-31"", ""2026-01-02"", ""2026-01-05"", ""2026-01-06"", ""2026-01-07"", ""2026-01-08"", ""2026-01-09"", ""2026-01-12"", ""2026-01-13""]",2025-12-29,15,212,10,False,,0,0,390
primary,2026-01-14,B2,-1.6679266474105322e-06,1.1929131786883327,-1.6679266474105322e-06,1.1929131786883327,2,"[""2025-12-30"", ""2025-12-31"", ""2026-01-02"", ""2026-01-05"", ""2026-01-06"", ""2026-01-07"", ""2026-01-08"", ""2026-01-09"", ""2026-01-12"", ""2026-01-13""]",2025-12-29,15,352,10,False,,0,0,390
primary,2026-01-15,B0,-1.3397544756131055e-06,1.1182123971111744,-1.3397544756131055e-06,1.1182123971111744,2,"[""2025-12-31"", ""2026-01-02"", ""2026-01-05"", ""2026-01-06"", ""2026-01-07"", ""2026-01-08"", ""2026-01-09"", ""2026-01-12"", ""2026-01-13"", ""2026-01-14""]",2025-12-30,15,89,10,False,,0,0,390
primary,2026-01-15,B1,-1.5675683251315116e-06,1.1456284569891269,-1.5675683251315116e-06,1.1456284569891269,2,"[""2025-12-31"", ""2026-01-02"", ""2026-01-05"", ""2026-01-06"", ""2026-01-07"", ""2026-01-08"", ""2026-01-09"", ""2026-01-12"", ""2026-01-13"", ""2026-01-14""]",2025-12-30,15,79,10,False,,0,0,390
primary,2026-01-15,B2,-1.3912145340383061e-06,1.1214923196530178,-1.3912145340383061e-06,1.1214923196530178,2,"[""2025-12-31"", ""2026-01-02"", ""2026-01-05"", ""2026-01-06"", ""2026-01-07"", ""2026-01-08"", ""2026-01-09"", ""2026-01-12"", ""2026-01-13"", ""2026-01-14""]",2025-12-30,15,120,10,False,,0,0,390
primary,2026-01-16,B0,-2.163937991589624e-06,1.2093862726074665,-2.163937991589624e-06,1.2093862726074665,2,"[""2026-01-02"", ""2026-01-05"", ""2026-01-06"", ""2026-01-07"", ""2026-01-08"", ""2026-01-09"", ""2026-01-12"", ""2026-01-13"", ""2026-01-14"", ""2026-01-15""]",2025-12-31,31,76,10,False,,0,0,390
primary,2026-01-16,B1,-2.4032498316325254e-06,1.2342709308209212,-2.4032498316325254e-06,1.2342709308209212,2,"[""2026-01-02"", ""2026-01-05"", ""2026-01-06"", ""2026-01-07"", ""2026-01-08"", ""2026-01-09"", ""2026-01-12"", ""2026-01-13"", ""2026-01-14"", ""2026-01-15""]",2025-12-31,15,133,10,False,,0,0,390
primary,2026-01-16,B2,-2.5998307786079652e-06,1.2467442631891312,-2.5998307786079652e-06,1.2467442631891312,2,"[""2026-01-02"", ""2026-01-05"", ""2026-01-06"", ""2026-01-07"", ""2026-01-08"", ""2026-01-09"", ""2026-01-12"", ""2026-01-13"", ""2026-01-14"", ""2026-01-15""]",2025-12-31,31,77,10,False,,0,1,390
primary,2026-01-20,B0,-2.0886376047569883e-08,0.958087556760595,-2.0886376047569883e-08,0.958087556760595,2,"[""2026-01-05"", ""2026-01-06"", ""2026-01-07"", ""2026-01-08"", ""2026-01-09"", ""2026-01-12"", ""2026-01-13"", ""2026-01-14"", ""2026-01-15"", ""2026-01-16""]",2026-01-02,15,127,10,False,,0,0,384
primary,2026-01-20,B1,-8.219577992123744e-08,0.9769020145762958,-8.219577992123744e-08,0.9769020145762958,2,"[""2026-01-05"", ""2026-01-06"", ""2026-01-07"", ""2026-01-08"", ""2026-01-09"", ""2026-01-12"", ""2026-01-13"", ""2026-01-14"", ""2026-01-15"", ""2026-01-16""]",2026-01-02,15,179,10,False,,0,0,384
primary,2026-01-20,B2,3.955772516494898e-07,0.925820264859802,3.955772516494898e-07,0.925820264859802,2,"[""2026-01-05"", ""2026-01-06"", ""2026-01-07"", ""2026-01-08"", ""2026-01-09"", ""2026-01-12"", ""2026-01-13"", ""2026-01-14"", ""2026-01-15"", ""2026-01-16""]",2026-01-02,63,95,10,False,,0,0,384
primary,2026-01-21,B0,9.905416804543287e-08,0.9555475788112464,9.905416804543287e-08,0.9555475788112464,2,"[""2026-01-06"", ""2026-01-07"", ""2026-01-08"", ""2026-01-09"", ""2026-01-12"", ""2026-01-13"", ""2026-01-14"", ""2026-01-15"", ""2026-01-16"", ""2026-01-20""]",2026-01-05,15,133,10,False,,0,0,373
primary,2026-01-21,B1,9.186259609463788e-08,0.9581180868542375,9.186259609463788e-08,0.9581180868542375,2,"[""2026-01-06"", ""2026-01-07"", ""2026-01-08"", ""2026-01-09"", ""2026-01-12"", ""2026-01-13"", ""2026-01-14"", ""2026-01-15"", ""2026-01-16"", ""2026-01-20""]",2026-01-05,15,158,10,False,,0,0,373
primary,2026-01-21,B2,1.9617841972077041e-07,0.9388593413740934,1.9617841972077041e-07,0.9388593413740934,2,"[""2026-01-06"", ""2026-01-07"", ""2026-01-08"", ""2026-01-09"", ""2026-01-12"", ""2026-01-13"", ""2026-01-14"", ""2026-01-15"", ""2026-01-16"", ""2026-01-20""]",2026-01-05,63,70,10,False,,0,0,373
primary,2026-01-22,B0,-1.1474582638070344e-05,2.0898640730315647,-1.1474582638070344e-05,2.0898640730315647,2,"[""2026-01-07"", ""2026-01-08"", ""2026-01-09"", ""2026-01-12"", ""2026-01-13"", ""2026-01-14"", ""2026-01-15"", ""2026-01-16"", ""2026-01-20"", ""2026-01-21""]",2026-01-06,15,42,10,False,,0,79,372
primary,2026-01-22,B1,-9.277621935529018e-06,1.8757842136640015,-9.277621935529018e-06,1.8757842136640015,2,"[""2026-01-07"", ""2026-01-08"", ""2026-01-09"", ""2026-01-12"", ""2026-01-13"", ""2026-01-14"", ""2026-01-15"", ""2026-01-16"", ""2026-01-20"", ""2026-01-21""]",2026-01-06,31,42,10,False,,0,62,372
primary,2026-01-22,B2,-9.516735042310802e-06,1.8854740005517112,-9.516735042310802e-06,1.8854740005517112,2,"[""2026-01-07"", ""2026-01-08"", ""2026-01-09"", ""2026-01-12"", ""2026-01-13"", ""2026-01-14"", ""2026-01-15"", ""2026-01-16"", ""2026-01-20"", ""2026-01-21""]",2026-01-06,31,41,10,False,,0,69,372
primary,2026-01-23,B0,-1.0474148915420088e-05,1.9669636450923367,-1.0474148915420088e-05,1.9669636450923367,2,"[""2026-01-08"", ""2026-01-09"", ""2026-01-12"", ""2026-01-13"", ""2026-01-14"", ""2026-01-15"", ""2026-01-16"", ""2026-01-20"", ""2026-01-21"", ""2026-01-22""]",2026-01-07,31,38,10,False,,0,35,390
primary,2026-01-23,B1,-8.728837442201753e-06,1.8098884582185029,-8.728837442201753e-06,1.8098884582185029,2,"[""2026-01-08"", ""2026-01-09"", ""2026-01-12"", ""2026-01-13"", ""2026-01-14"", ""2026-01-15"", ""2026-01-16"", ""2026-01-20"", ""2026-01-21"", ""2026-01-22""]",2026-01-07,31,47,10,False,,0,12,390
primary,2026-01-23,B2,-8.848406767955127e-06,1.7999390770142107,-8.848406767955127e-06,1.7999390770142107,2,"[""2026-01-08"", ""2026-01-09"", ""2026-01-12"", ""2026-01-13"", ""2026-01-14"", ""2026-01-15"", ""2026-01-16"", ""2026-01-20"", ""2026-01-21"", ""2026-01-22""]",2026-01-07,63,40,10,False,,0,25,390
primary,2026-01-26,B0,-9.986462662382285e-06,1.934491413659527,-9.986462662382285e-06,1.934491413659527,2,"[""2026-01-09"", ""2026-01-12"", ""2026-01-13"", ""2026-01-14"", ""2026-01-15"", ""2026-01-16"", ""2026-01-20"", ""2026-01-21"", ""2026-01-22"", ""2026-01-23""]",2026-01-08,31,41,10,False,,0,139,384
primary,2026-01-26,B1,-8.3189808109138e-06,1.7508727766841925,-8.3189808109138e-06,1.7508727766841925,2,"[""2026-01-09"", ""2026-01-12"", ""2026-01-13"", ""2026-01-14"", ""2026-01-15"", ""2026-01-16"", ""2026-01-20"", ""2026-01-21"", ""2026-01-22"", ""2026-01-23""]",2026-01-08,63,38,10,False,,0,70,384
primary,2026-01-26,B2,-8.6652620724503e-06,1.7693428380248777,-8.6652620724503e-06,1.7693428380248777,2,"[""2026-01-09"", ""2026-01-12"", ""2026-01-13"", ""2026-01-14"", ""2026-01-15"", ""2026-01-16"", ""2026-01-20"", ""2026-01-21"", ""2026-01-22"", ""2026-01-23""]",2026-01-08,63,38,10,False,,0,87,384
primary,2026-01-27,B0,-9.591259647020445e-06,1.8888162828546757,-9.591259647020445e-06,1.8888162828546757,2,"[""2026-01-12"", ""2026-01-13"", ""2026-01-14"", ""2026-01-15"", ""2026-01-16"", ""2026-01-20"", ""2026-01-21"", ""2026-01-22"", ""2026-01-23"", ""2026-01-26""]",2026-01-09,31,36,10,False,,0,73,384
primary,2026-01-27,B1,-8.592213691101869e-06,1.7638723335822357,-8.592213691101869e-06,1.7638723335822357,2,"[""2026-01-12"", ""2026-01-13"", ""2026-01-14"", ""2026-01-15"", ""2026-01-16"", ""2026-01-20"", ""2026-01-21"", ""2026-01-22"", ""2026-01-23"", ""2026-01-26""]",2026-01-09,31,39,10,False,,0,52,384
primary,2026-01-27,B2,-8.328464401230466e-06,1.7382141487961347,-8.328464401230466e-06,1.7382141487961347,2,"[""2026-01-12"", ""2026-01-13"", ""2026-01-14"", ""2026-01-15"", ""2026-01-16"", ""2026-01-20"", ""2026-01-21"", ""2026-01-22"", ""2026-01-23"", ""2026-01-26""]",2026-01-09,63,37,10,False,,0,59,384
primary,2026-01-28,B0,-9.932948655327306e-06,1.9428949152636361,-9.932948655327306e-06,1.9428949152636361,2,"[""2026-01-13"", ""2026-01-14"", ""2026-01-15"", ""2026-01-16"", ""2026-01-20"", ""2026-01-21"", ""2026-01-22"", ""2026-01-23"", ""2026-01-26"", ""2026-01-27""]",2026-01-12,31,42,10,False,,0,35,390
primary,2026-01-28,B1,-1.0007638717293844e-05,1.8915807566120326,-1.0007638717293844e-05,1.8915807566120326,2,"[""2026-01-13"", ""2026-01-14"", ""2026-01-15"", ""2026-01-16"", ""2026-01-20"", ""2026-01-21"", ""2026-01-22"", ""2026-01-23"", ""2026-01-26"", ""2026-01-27""]",2026-01-12,31,40,10,False,,0,29,390
primary,2026-01-28,B2,-9.540565019935536e-06,1.8631280260176628,-9.540565019935536e-06,1.8631280260176628,2,"[""2026-01-13"", ""2026-01-14"", ""2026-01-15"", ""2026-01-16"", ""2026-01-20"", ""2026-01-21"", ""2026-01-22"", ""2026-01-23"", ""2026-01-26"", ""2026-01-27""]",2026-01-12,63,41,10,False,,0,25,390
primary,2026-01-29,B0,-1.0461379463100626e-05,1.988677581221074,-1.0461379463100626e-05,1.988677581221074,2,"[""2026-01-14"", ""2026-01-15"", ""2026-01-16"", ""2026-01-20"", ""2026-01-21"", ""2026-01-22"", ""2026-01-23"", ""2026-01-26"", ""2026-01-27"", ""2026-01-28""]",2026-01-13,31,38,10,False,,0,6,384
primary,2026-01-29,B1,-9.485503868555456e-06,1.865862404377789,-9.485503868555456e-06,1.865862404377789,2,"[""2026-01-14"", ""2026-01-15"", ""2026-01-16"", ""2026-01-20"", ""2026-01-21"", ""2026-01-22"", ""2026-01-23"", ""2026-01-26"", ""2026-01-27"", ""2026-01-28""]",2026-01-13,31,46,10,False,,0,0,384
primary,2026-01-29,B2,-9.87913204296216e-06,1.8727328062633046,-9.87913204296216e-06,1.8727328062633046,2,"[""2026-01-14"", ""2026-01-15"", ""2026-01-16"", ""2026-01-20"", ""2026-01-21"", ""2026-01-22"", ""2026-01-23"", ""2026-01-26"", ""2026-01-27"", ""2026-01-28""]",2026-01-13,63,38,10,False,,0,1,384
primary,2026-01-30,B0,-4.4115744182796975e-06,1.4211632242425358,-4.4115744182796975e-06,1.4211632242425358,2,"[""2026-01-15"", ""2026-01-16"", ""2026-01-20"", ""2026-01-21"", ""2026-01-22"", ""2026-01-23"", ""2026-01-26"", ""2026-01-27"", ""2026-01-28"", ""2026-01-29""]",2026-01-14,31,48,10,False,,0,0,390
primary,2026-01-30,B1,-3.924910651004094e-06,1.3481684847042414,-3.924910651004094e-06,1.3481684847042414,2,"[""2026-01-15"", ""2026-01-16"", ""2026-01-20"", ""2026-01-21"", ""2026-01-22"", ""2026-01-23"", ""2026-01-26"", ""2026-01-27"", ""2026-01-28"", ""2026-01-29""]",2026-01-14,31,62,10,False,,0,0,390
primary,2026-01-30,B2,-4.681490077039419e-06,1.4014481752082115,-4.681490077039419e-06,1.4014481752082115,2,"[""2026-01-15"", ""2026-01-16"", ""2026-01-20"", ""2026-01-21"", ""2026-01-22"", ""2026-01-23"", ""2026-01-26"", ""2026-01-27"", ""2026-01-28"", ""2026-01-29""]",2026-01-14,63,51,10,False,,0,0,390
primary,2026-02-02,B0,-1.0403378385033583e-06,1.1210434200179054,-1.0403378385033583e-06,1.1210434200179054,2,"[""2026-01-16"", ""2026-01-20"", ""2026-01-21"", ""2026-01-22"", ""2026-01-23"", ""2026-01-26"", ""2026-01-27"", ""2026-01-28"", ""2026-01-29"", ""2026-01-30""]",2026-01-15,15,385,10,False,,0,0,307
primary,2026-02-02,B1,-2.190351519800178e-06,1.1971138673124049,-2.190351519800178e-06,1.1971138673124049,2,"[""2026-01-16"", ""2026-01-20"", ""2026-01-21"", ""2026-01-22"", ""2026-01-23"", ""2026-01-26"", ""2026-01-27"", ""2026-01-28"", ""2026-01-29"", ""2026-01-30""]",2026-01-15,15,179,10,False,,0,0,307
primary,2026-02-02,B2,-1.576689824398375e-06,1.1382967675563604,-1.576689824398375e-06,1.1382967675563604,2,"[""2026-01-16"", ""2026-01-20"", ""2026-01-21"", ""2026-01-22"", ""2026-01-23"", ""2026-01-26"", ""2026-01-27"", ""2026-01-28"", ""2026-01-29"", ""2026-01-30""]",2026-01-15,15,297,10,False,,0,0,307
primary,2026-02-03,B0,-4.799216694528502e-06,1.417440631827904,-4.799216694528502e-06,1.417440631827904,2,"[""2026-01-20"", ""2026-01-21"", ""2026-01-22"", ""2026-01-23"", ""2026-01-26"", ""2026-01-27"", ""2026-01-28"", ""2026-01-29"", ""2026-01-30"", ""2026-02-02""]",2026-01-16,31,36,10,False,,0,0,378
primary,2026-02-03,B1,-5.926005055552273e-06,1.4897980091425074,-5.926005055552273e-06,1.4897980091425074,2,"[""2026-01-20"", ""2026-01-21"", ""2026-01-22"", ""2026-01-23"", ""2026-01-26"", ""2026-01-27"", ""2026-01-28"", ""2026-01-29"", ""2026-01-30"", ""2026-02-02""]",2026-01-16,31,43,10,False,,0,0,378
primary,2026-02-03,B2,-1.6224568748054502e-06,1.1593595539894916,-1.6224568748054502e-06,1.1593595539894916,2,"[""2026-01-20"", ""2026-01-21"", ""2026-01-22"", ""2026-01-23"", ""2026-01-26"", ""2026-01-27"", ""2026-01-28"", ""2026-01-29"", ""2026-01-30"", ""2026-02-02""]",2026-01-16,15,229,10,False,,0,0,378
primary,2026-02-04,B0,-5.697937981289006e-06,1.4969889599320396,-5.697937981289006e-06,1.4969889599320396,2,"[""2026-01-21"", ""2026-01-22"", ""2026-01-23"", ""2026-01-26"", ""2026-01-27"", ""2026-01-28"", ""2026-01-29"", ""2026-01-30"", ""2026-02-02"", ""2026-02-03""]",2026-01-20,63,32,10,False,,0,0,390
primary,2026-02-04,B1,-5.940852259365005e-06,1.5120841133222844,-5.940852259365005e-06,1.5120841133222844,2,"[""2026-01-21"", ""2026-01-22"", ""2026-01-23"", ""2026-01-26"", ""2026-01-27"", ""2026-01-28"", ""2026-01-29"", ""2026-01-30"", ""2026-02-02"", ""2026-02-03""]",2026-01-20,31,47,10,False,,0,0,390
primary,2026-02-04,B2,-5.430155449287985e-06,1.4707099947555222,-5.430155449287985e-06,1.4707099947555222,2,"[""2026-01-21"", ""2026-01-22"", ""2026-01-23"", ""2026-01-26"", ""2026-01-27"", ""2026-01-28"", ""2026-01-29"", ""2026-01-30"", ""2026-02-02"", ""2026-02-03""]",2026-01-20,63,47,10,False,,0,0,390
primary,2026-02-05,B0,-2.2745473827668826e-06,1.211881318921603,-2.2745473827668826e-06,1.211881318921603,2,"[""2026-01-22"", ""2026-01-23"", ""2026-01-26"", ""2026-01-27"", ""2026-01-28"", ""2026-01-29"", ""2026-01-30"", ""2026-02-02"", ""2026-02-03"", ""2026-02-04""]",2026-01-21,63,81,10,False,,0,0,384
primary,2026-02-05,B1,-3.0519755285926257e-06,1.2742854196551774,-3.0519755285926257e-06,1.2742854196551774,2,"[""2026-01-22"", ""2026-01-23"", ""2026-01-26"", ""2026-01-27"", ""2026-01-28"", ""2026-01-29"", ""2026-01-30"", ""2026-02-02"", ""2026-02-03"", ""2026-02-04""]",2026-01-21,63,164,10,False,,0,0,384
primary,2026-02-05,B2,-2.7100626078050672e-06,1.243606855104297,-2.7100626078050672e-06,1.243606855104297,2,"[""2026-01-22"", ""2026-01-23"", ""2026-01-26"", ""2026-01-27"", ""2026-01-28"", ""2026-01-29"", ""2026-01-30"", ""2026-02-02"", ""2026-02-03"", ""2026-02-04""]",2026-01-21,15,561,10,False,,0,0,384
primary,2026-02-06,B0,-1.6117837749303685e-06,1.1692027155186688,-1.6117837749303685e-06,1.1692027155186688,2,"[""2026-01-23"", ""2026-01-26"", ""2026-01-27"", ""2026-01-28"", ""2026-01-29"", ""2026-01-30"", ""2026-02-02"", ""2026-02-03"", ""2026-02-04"", ""2026-02-05""]",2026-01-22,63,64,10,False,,0,0,374
primary,2026-02-06,B1,-1.7105317925434378e-06,1.1594467356752605,-1.7105317925434378e-06,1.1594467356752605,2,"[""2026-01-23"", ""2026-01-26"", ""2026-01-27"", ""2026-01-28"", ""2026-01-29"", ""2026-01-30"", ""2026-02-02"", ""2026-02-03"", ""2026-02-04"", ""2026-02-05""]",2026-01-22,15,186,10,False,,0,0,374
primary,2026-02-06,B2,-1.2315573637151074e-06,1.136257105360586,-1.2315573637151074e-06,1.136257105360586,2,"[""2026-01-23"", ""2026-01-26"", ""2026-01-27"", ""2026-01-28"", ""2026-01-29"", ""2026-01-30"", ""2026-02-02"", ""2026-02-03"", ""2026-02-04"", ""2026-02-05""]",2026-01-22,31,204,10,False,,0,0,374
primary,2026-02-09,B0,-5.00277962421266e-07,1.0921148932663474,-5.00277962421266e-07,1.0921148932663474,2,"[""2026-01-26"", ""2026-01-27"", ""2026-01-28"", ""2026-01-29"", ""2026-01-30"", ""2026-02-02"", ""2026-02-03"", ""2026-02-04"", ""2026-02-05"", ""2026-02-06""]",2026-01-23,63,88,10,False,,0,0,390
primary,2026-02-09,B1,-1.1994275418375087e-06,1.1519376566478383,-1.1994275418375087e-06,1.1519376566478383,2,"[""2026-01-26"", ""2026-01-27"", ""2026-01-28"", ""2026-01-29"", ""2026-01-30"", ""2026-02-02"", ""2026-02-03"", ""2026-02-04"", ""2026-02-05"", ""2026-02-06""]",2026-01-23,63,138,10,False,,0,0,390
primary,2026-02-09,B2,-8.102198796498861e-07,1.117796869465969,-8.102198796498861e-07,1.117796869465969,2,"[""2026-01-26"", ""2026-01-27"", ""2026-01-28"", ""2026-01-29"", ""2026-01-30"", ""2026-02-02"", ""2026-02-03"", ""2026-02-04"", ""2026-02-05"", ""2026-02-06""]",2026-01-23,31,195,10,False,,0,0,390
primary,2026-02-10,B0,-2.222691397799184e-06,1.1986617716466055,-2.222691397799184e-06,1.1986617716466055,2,"[""2026-01-27"", ""2026-01-28"", ""2026-01-29"", ""2026-01-30"", ""2026-02-02"", ""2026-02-03"", ""2026-02-04"", ""2026-02-05"", ""2026-02-06"", ""2026-02-09""]",2026-01-26,63,56,10,False,,0,0,370
primary,2026-02-10,B1,-1.8947625370570638e-06,1.1909443458225422,-1.8947625370570638e-06,1.1909443458225422,2,"[""2026-01-27"", ""2026-01-28"", ""2026-01-29"", ""2026-01-30"", ""2026-02-02"", ""2026-02-03"", ""2026-02-04"", ""2026-02-05"", ""2026-02-06"", ""2026-02-09""]",2026-01-26,63,84,10,False,,0,0,370
primary,2026-02-10,B2,-1.127504515285409e-06,1.126367466707511,-1.127504515285409e-06,1.126367466707511,2,"[""2026-01-27"", ""2026-01-28"", ""2026-01-29"", ""2026-01-30"", ""2026-02-02"", ""2026-02-03"", ""2026-02-04"", ""2026-02-05"", ""2026-02-06"", ""2026-02-09""]",2026-01-26,15,152,10,False,,0,0,370
primary,2026-02-11,B0,-1.1074545606987098e-06,1.1030144448379793,-1.1074545606987098e-06,1.1030144448379793,2,"[""2026-01-28"", ""2026-01-29"", ""2026-01-30"", ""2026-02-02"", ""2026-02-03"", ""2026-02-04"", ""2026-02-05"", ""2026-02-06"", ""2026-02-09"", ""2026-02-10""]",2026-01-27,63,90,10,False,,0,0,376
primary,2026-02-11,B1,-8.68541685786734e-07,1.120793236387273,-8.68541685786734e-07,1.120793236387273,2,"[""2026-01-28"", ""2026-01-29"", ""2026-01-30"", ""2026-02-02"", ""2026-02-03"", ""2026-02-04"", ""2026-02-05"", ""2026-02-06"", ""2026-02-09"", ""2026-02-10""]",2026-01-27,31,157,10,False,,0,0,376
primary,2026-02-11,B2,-1.0152044015173773e-06,1.116362248406065,-1.0152044015173773e-06,1.116362248406065,2,"[""2026-01-28"", ""2026-01-29"", ""2026-01-30"", ""2026-02-02"", ""2026-02-03"", ""2026-02-04"", ""2026-02-05"", ""2026-02-06"", ""2026-02-09"", ""2026-02-10""]",2026-01-27,15,139,10,False,,0,0,376
primary,2026-02-12,B0,-4.918217131288125e-06,1.3113700416409455,-4.918217131288125e-06,1.3113700416409455,2,"[""2026-01-29"", ""2026-01-30"", ""2026-02-02"", ""2026-02-03"", ""2026-02-04"", ""2026-02-05"", ""2026-02-06"", ""2026-02-09"", ""2026-02-10"", ""2026-02-11""]",2026-01-28,63,55,10,False,,0,0,384
primary,2026-02-12,B1,-2.6295976851985974e-08,1.0891281090080505,-2.6295976851985974e-08,1.0891281090080505,2,"[""2026-01-29"", ""2026-01-30"", ""2026-02-02"", ""2026-02-03"", ""2026-02-04"", ""2026-02-05"", ""2026-02-06"", ""2026-02-09"", ""2026-02-10"", ""2026-02-11""]",2026-01-28,31,244,10,False,,0,0,384
primary,2026-02-12,B2,-2.878409043146465e-06,1.2288499573215088,-2.878409043146465e-06,1.2288499573215088,2,"[""2026-01-29"", ""2026-01-30"", ""2026-02-02"", ""2026-02-03"", ""2026-02-04"", ""2026-02-05"", ""2026-02-06"", ""2026-02-09"", ""2026-02-10"", ""2026-02-11""]",2026-01-28,15,76,10,False,,0,0,384
primary,2026-02-13,B0,-1.3909476693778492e-06,1.1128121935081068,-1.3909476693778492e-06,1.1128121935081068,2,"[""2026-01-30"", ""2026-02-02"", ""2026-02-03"", ""2026-02-04"", ""2026-02-05"", ""2026-02-06"", ""2026-02-09"", ""2026-02-10"", ""2026-02-11"", ""2026-02-12""]",2026-01-29,63,106,10,False,,0,0,372
primary,2026-02-13,B1,-1.7000805673590538e-06,1.1852692097071127,-1.7000805673590538e-06,1.1852692097071127,2,"[""2026-01-30"", ""2026-02-02"", ""2026-02-03"", ""2026-02-04"", ""2026-02-05"", ""2026-02-06"", ""2026-02-09"", ""2026-02-10"", ""2026-02-11"", ""2026-02-12""]",2026-01-29,31,95,10,False,,0,0,372
primary,2026-02-13,B2,-1.308134171317166e-07,1.107500393918095,-1.308134171317166e-07,1.107500393918095,2,"[""2026-01-30"", ""2026-02-02"", ""2026-02-03"", ""2026-02-04"", ""2026-02-05"", ""2026-02-06"", ""2026-02-09"", ""2026-02-10"", ""2026-02-11"", ""2026-02-12""]",2026-01-29,15,337,10,False,,0,0,372
primary,2026-02-17,B0,-2.546691562469677e-06,1.1672541045334128,-2.546691562469677e-06,1.1672541045334128,2,"[""2026-02-02"", ""2026-02-03"", ""2026-02-04"", ""2026-02-05"", ""2026-02-06"", ""2026-02-09"", ""2026-02-10"", ""2026-02-11"", ""2026-02-12"", ""2026-02-13""]",2026-01-30,63,81,10,False,,0,0,366
primary,2026-02-17,B1,-2.5221015557310134e-06,1.2367829282955247,-2.5221015557310134e-06,1.2367829282955247,2,"[""2026-02-02"", ""2026-02-03"", ""2026-02-04"", ""2026-02-05"", ""2026-02-06"", ""2026-02-09"", ""2026-02-10"", ""2026-02-11"", ""2026-02-12"", ""2026-02-13""]",2026-01-30,63,72,10,False,,0,0,366
primary,2026-02-17,B2,-5.332919908340691e-07,1.1157524698905525,-5.332919908340691e-07,1.1157524698905525,2,"[""2026-02-02"", ""2026-02-03"", ""2026-02-04"", ""2026-02-05"", ""2026-02-06"", ""2026-02-09"", ""2026-02-10"", ""2026-02-11"", ""2026-02-12"", ""2026-02-13""]",2026-01-30,31,126,10,False,,0,0,366
primary,2026-02-18,B0,-2.809087964554905e-06,1.1442714224178268,-2.809087964554905e-06,1.1442714224178268,2,"[""2026-02-03"", ""2026-02-04"", ""2026-02-05"", ""2026-02-06"", ""2026-02-09"", ""2026-02-10"", ""2026-02-11"", ""2026-02-12"", ""2026-02-13"", ""2026-02-17""]",2026-02-02,15,237,10,False,,0,0,390
primary,2026-02-18,B1,-2.1876172776731997e-06,1.167546862744656,-2.1876172776731997e-06,1.167546862744656,2,"[""2026-02-03"", ""2026-02-04"", ""2026-02-05"", ""2026-02-06"", ""2026-02-09"", ""2026-02-10"", ""2026-02-11"", ""2026-02-12"", ""2026-02-13"", ""2026-02-17""]",2026-02-02,31,208,10,False,,0,0,390
primary,2026-02-18,B2,-1.57763571902637e-06,1.1429251556423525,-1.57763571902637e-06,1.1429251556423525,2,"[""2026-02-03"", ""2026-02-04"", ""2026-02-05"", ""2026-02-06"", ""2026-02-09"", ""2026-02-10"", ""2026-02-11"", ""2026-02-12"", ""2026-02-13"", ""2026-02-17""]",2026-02-02,31,254,10,False,,0,0,390
primary,2026-02-19,B0,-5.476315201937566e-06,1.2335670697796857,-5.476315201937566e-06,1.2335670697796857,2,"[""2026-02-04"", ""2026-02-05"", ""2026-02-06"", ""2026-02-09"", ""2026-02-10"", ""2026-02-11"", ""2026-02-12"", ""2026-02-13"", ""2026-02-17"", ""2026-02-18""]",2026-02-03,15,184,10,False,,0,5,372
primary,2026-02-19,B1,-5.356632893272852e-06,1.305468915624418,-5.356632893272852e-06,1.305468915624418,2,"[""2026-02-04"", ""2026-02-05"", ""2026-02-06"", ""2026-02-09"", ""2026-02-10"", ""2026-02-11"", ""2026-02-12"", ""2026-02-13"", ""2026-02-17"", ""2026-02-18""]",2026-02-03,63,85,10,False,,0,5,372
primary,2026-02-19,B2,-4.348657569933962e-06,1.225637092000607,-4.348657569933962e-06,1.225637092000607,2,"[""2026-02-04"", ""2026-02-05"", ""2026-02-06"", ""2026-02-09"", ""2026-02-10"", ""2026-02-11"", ""2026-02-12"", ""2026-02-13"", ""2026-02-17"", ""2026-02-18""]",2026-02-03,31,219,10,False,,0,0,372
primary,2026-02-20,B0,-4.468863369579585e-06,1.1784335645718056,-4.468863369579585e-06,1.1784335645718056,2,"[""2026-02-05"", ""2026-02-06"", ""2026-02-09"", ""2026-02-10"", ""2026-02-11"", ""2026-02-12"", ""2026-02-13"", ""2026-02-17"", ""2026-02-18"", ""2026-02-19""]",2026-02-04,15,132,10,False,,0,0,390
primary,2026-02-20,B1,-3.5982855494839763e-06,1.188566346491764,-3.5982855494839763e-06,1.188566346491764,2,"[""2026-02-05"", ""2026-02-06"", ""2026-02-09"", ""2026-02-10"", ""2026-02-11"", ""2026-02-12"", ""2026-02-13"", ""2026-02-17"", ""2026-02-18"", ""2026-02-19""]",2026-02-04,63,88,10,False,,0,0,390
primary,2026-02-20,B2,-2.354903501520703e-06,1.0978700266306165,-2.354903501520703e-06,1.0978700266306165,2,"[""2026-02-05"", ""2026-02-06"", ""2026-02-09"", ""2026-02-10"", ""2026-02-11"", ""2026-02-12"", ""2026-02-13"", ""2026-02-17"", ""2026-02-18"", ""2026-02-19""]",2026-02-04,63,237,10,False,,0,0,390
primary,2026-02-23,B0,-6.313809541163067e-06,1.289761403175962,-6.313809541163067e-06,1.289761403175962,2,"[""2026-02-06"", ""2026-02-09"", ""2026-02-10"", ""2026-02-11"", ""2026-02-12"", ""2026-02-13"", ""2026-02-17"", ""2026-02-18"", ""2026-02-19"", ""2026-02-20""]",2026-02-05,15,469,10,False,,0,6,390
primary,2026-02-23,B1,-5.406378643248537e-06,1.2801074921397568,-5.406378643248537e-06,1.2801074921397568,2,"[""2026-02-06"", ""2026-02-09"", ""2026-02-10"", ""2026-02-11"", ""2026-02-12"", ""2026-02-13"", ""2026-02-17"", ""2026-02-18"", ""2026-02-19"", ""2026-02-20""]",2026-02-05,31,95,10,False,,0,0,390
primary,2026-02-23,B2,-5.247635560482094e-06,1.2609052272741976,-5.247635560482094e-06,1.2609052272741976,2,"[""2026-02-06"", ""2026-02-09"", ""2026-02-10"", ""2026-02-11"", ""2026-02-12"", ""2026-02-13"", ""2026-02-17"", ""2026-02-18"", ""2026-02-19"", ""2026-02-20""]",2026-02-05,15,316,10,False,,0,0,390
primary,2026-02-24,B0,-4.794140381252465e-06,1.2069708450493621,-4.794140381252465e-06,1.2069708450493621,2,"[""2026-02-09"", ""2026-02-10"", ""2026-02-11"", ""2026-02-12"", ""2026-02-13"", ""2026-02-17"", ""2026-02-18"", ""2026-02-19"", ""2026-02-20"", ""2026-02-23""]",2026-02-06,15,287,10,False,,0,3,390
primary,2026-02-24,B1,-5.561154343268578e-06,1.2859787065896948,-5.561154343268578e-06,1.2859787065896948,2,"[""2026-02-09"", ""2026-02-10"", ""2026-02-11"", ""2026-02-12"", ""2026-02-13"", ""2026-02-17"", ""2026-02-18"", ""2026-02-19"", ""2026-02-20"", ""2026-02-23""]",2026-02-06,63,108,10,False,,0,2,390
primary,2026-02-24,B2,-5.012688124874866e-06,1.241365656760128,-5.012688124874866e-06,1.241365656760128,2,"[""2026-02-09"", ""2026-02-10"", ""2026-02-11"", ""2026-02-12"", ""2026-02-13"", ""2026-02-17"", ""2026-02-18"", ""2026-02-19"", ""2026-02-20"", ""2026-02-23""]",2026-02-06,15,162,10,False,,0,3,390
primary,2026-02-25,B0,-4.020198033344473e-06,1.1745289321852692,-4.020198033344473e-06,1.1745289321852692,2,"[""2026-02-10"", ""2026-02-11"", ""2026-02-12"", ""2026-02-13"", ""2026-02-17"", ""2026-02-18"", ""2026-02-19"", ""2026-02-20"", ""2026-02-23"", ""2026-02-24""]",2026-02-09,15,244,10,False,,0,3,390
primary,2026-02-25,B1,-4.862164993694288e-06,1.2567603186802467,-4.862164993694288e-06,1.2567603186802467,2,"[""2026-02-10"", ""2026-02-11"", ""2026-02-12"", ""2026-02-13"", ""2026-02-17"", ""2026-02-18"", ""2026-02-19"", ""2026-02-20"", ""2026-02-23"", ""2026-02-24""]",2026-02-09,15,101,10,False,,0,20,390
primary,2026-02-25,B2,-5.137739560858376e-06,1.2702607695163033,-5.137739560858376e-06,1.2702607695163033,2,"[""2026-02-10"", ""2026-02-11"", ""2026-02-12"", ""2026-02-13"", ""2026-02-17"", ""2026-02-18"", ""2026-02-19"", ""2026-02-20"", ""2026-02-23"", ""2026-02-24""]",2026-02-09,15,98,10,False,,0,39,390
primary,2026-02-26,B0,-3.9240040396589755e-06,1.1764582881134833,-3.9240040396589755e-06,1.1764582881134833,2,"[""2026-02-11"", ""2026-02-12"", ""2026-02-13"", ""2026-02-17"", ""2026-02-18"", ""2026-02-19"", ""2026-02-20"", ""2026-02-23"", ""2026-02-24"", ""2026-02-25""]",2026-02-10,15,326,10,False,,0,0,390
primary,2026-02-26,B1,-4.79170376852669e-06,1.2481704492289392,-4.79170376852669e-06,1.2481704492289392,2,"[""2026-02-11"", ""2026-02-12"", ""2026-02-13"", ""2026-02-17"", ""2026-02-18"", ""2026-02-19"", ""2026-02-20"", ""2026-02-23"", ""2026-02-24"", ""2026-02-25""]",2026-02-10,15,211,10,False,,0,4,390
primary,2026-02-26,B2,-4.853386952304245e-06,1.2533331293939636,-4.853386952304245e-06,1.2533331293939636,2,"[""2026-02-11"", ""2026-02-12"", ""2026-02-13"", ""2026-02-17"", ""2026-02-18"", ""2026-02-19"", ""2026-02-20"", ""2026-02-23"", ""2026-02-24"", ""2026-02-25""]",2026-02-10,31,107,10,False,,0,5,390
primary,2026-02-27,B0,-3.8009263411575312e-06,1.1826654960333254,-3.8009263411575312e-06,1.1826654960333254,2,"[""2026-02-12"", ""2026-02-13"", ""2026-02-17"", ""2026-02-18"", ""2026-02-19"", ""2026-02-20"", ""2026-02-23"", ""2026-02-24"", ""2026-02-25"", ""2026-02-26""]",2026-02-11,15,491,10,False,,0,0,390
primary,2026-02-27,B1,-4.426219458448209e-06,1.234068992989883,-4.426219458448209e-06,1.234068992989883,2,"[""2026-02-12"", ""2026-02-13"", ""2026-02-17"", ""2026-02-18"", ""2026-02-19"", ""2026-02-20"", ""2026-02-23"", ""2026-02-24"", ""2026-02-25"", ""2026-02-26""]",2026-02-11,15,126,10,False,,0,0,390
primary,2026-02-27,B2,-4.562881269556334e-06,1.236307459787478,-4.562881269556334e-06,1.236307459787478,2,"[""2026-02-12"", ""2026-02-13"", ""2026-02-17"", ""2026-02-18"", ""2026-02-19"", ""2026-02-20"", ""2026-02-23"", ""2026-02-24"", ""2026-02-25"", ""2026-02-26""]",2026-02-11,63,179,10,False,,0,0,390
primary,2026-03-02,B0,-2.0719530534923003e-06,1.0770925262390842,-2.0719530534923003e-06,1.0770925262390842,2,"[""2026-02-13"", ""2026-02-17"", ""2026-02-18"", ""2026-02-19"", ""2026-02-20"", ""2026-02-23"", ""2026-02-24"", ""2026-02-25"", ""2026-02-26"", ""2026-02-27""]",2026-02-12,31,624,10,False,,0,0,390
primary,2026-03-02,B1,-2.9417830425387126e-06,1.1197450620721798,-2.9417830425387126e-06,1.1197450620721798,2,"[""2026-02-13"", ""2026-02-17"", ""2026-02-18"", ""2026-02-19"", ""2026-02-20"", ""2026-02-23"", ""2026-02-24"", ""2026-02-25"", ""2026-02-26"", ""2026-02-27""]",2026-02-12,15,115,10,False,,0,0,390
primary,2026-03-02,B2,-3.200550208859355e-06,1.1344781126152363,-3.200550208859355e-06,1.1344781126152363,2,"[""2026-02-13"", ""2026-02-17"", ""2026-02-18"", ""2026-02-19"", ""2026-02-20"", ""2026-02-23"", ""2026-02-24"", ""2026-02-25"", ""2026-02-26"", ""2026-02-27""]",2026-02-12,31,90,10,False,,0,0,390
primary,2026-03-03,B0,-1.126805651173209e-06,1.0035916194972223,-1.126805651173209e-06,1.0035916194972223,2,"[""2026-02-17"", ""2026-02-18"", ""2026-02-19"", ""2026-02-20"", ""2026-02-23"", ""2026-02-24"", ""2026-02-25"", ""2026-02-26"", ""2026-02-27"", ""2026-03-02""]",2026-02-13,63,168,10,False,,0,0,384
primary,2026-03-03,B1,-1.9974375524597788e-06,1.0539132956651407,-1.9974375524597788e-06,1.0539132956651407,2,"[""2026-02-17"", ""2026-02-18"", ""2026-02-19"", ""2026-02-20"", ""2026-02-23"", ""2026-02-24"", ""2026-02-25"", ""2026-02-26"", ""2026-02-27"", ""2026-03-02""]",2026-02-13,63,155,10,False,,0,0,384
primary,2026-03-03,B2,-2.756777828801606e-06,1.1048905684858068,-2.756777828801606e-06,1.1048905684858068,2,"[""2026-02-17"", ""2026-02-18"", ""2026-02-19"", ""2026-02-20"", ""2026-02-23"", ""2026-02-24"", ""2026-02-25"", ""2026-02-26"", ""2026-02-27"", ""2026-03-02""]",2026-02-13,63,76,10,False,,0,0,384
primary,2026-03-04,B0,-3.7235598356121858e-06,1.2309325958770405,-3.7235598356121858e-06,1.2309325958770405,2,"[""2026-02-18"", ""2026-02-19"", ""2026-02-20"", ""2026-02-23"", ""2026-02-24"", ""2026-02-25"", ""2026-02-26"", ""2026-02-27"", ""2026-03-02"", ""2026-03-03""]",2026-02-17,63,370,10,False,,0,0,390
primary,2026-03-04,B1,-4.3071469007322025e-06,1.2387039115714618,-4.3071469007322025e-06,1.2387039115714618,2,"[""2026-02-18"", ""2026-02-19"", ""2026-02-20"", ""2026-02-23"", ""2026-02-24"", ""2026-02-25"", ""2026-02-26"", ""2026-02-27"", ""2026-03-02"", ""2026-03-03""]",2026-02-17,31,134,10,False,,0,0,390
primary,2026-03-04,B2,-4.9423862000577204e-06,1.2730529962166883,-4.9423862000577204e-06,1.2730529962166883,2,"[""2026-02-18"", ""2026-02-19"", ""2026-02-20"", ""2026-02-23"", ""2026-02-24"", ""2026-02-25"", ""2026-02-26"", ""2026-02-27"", ""2026-03-02"", ""2026-03-03""]",2026-02-17,63,191,10,False,,0,0,390
primary,2026-03-05,B0,-3.449899971069588e-06,1.2165812560356457,-3.449899971069588e-06,1.2165812560356457,2,"[""2026-02-19"", ""2026-02-20"", ""2026-02-23"", ""2026-02-24"", ""2026-02-25"", ""2026-02-26"", ""2026-02-27"", ""2026-03-02"", ""2026-03-03"", ""2026-03-04""]",2026-02-18,15,958,10,False,,0,0,384
primary,2026-03-05,B1,-4.232614580653518e-06,1.2513453397817693,-4.232614580653518e-06,1.2513453397817693,2,"[""2026-02-19"", ""2026-02-20"", ""2026-02-23"", ""2026-02-24"", ""2026-02-25"", ""2026-02-26"", ""2026-02-27"", ""2026-03-02"", ""2026-03-03"", ""2026-03-04""]",2026-02-18,63,369,10,False,,0,0,384
primary,2026-03-05,B2,-4.414828906270357e-06,1.2553546553930144,-4.414828906270357e-06,1.2553546553930144,2,"[""2026-02-19"", ""2026-02-20"", ""2026-02-23"", ""2026-02-24"", ""2026-02-25"", ""2026-02-26"", ""2026-02-27"", ""2026-03-02"", ""2026-03-03"", ""2026-03-04""]",2026-02-18,15,1062,10,False,,0,0,384
primary,2026-03-06,B0,-3.8057576801708887e-06,1.246287789112442,-3.8057576801708887e-06,1.246287789112442,2,"[""2026-02-20"", ""2026-02-23"", ""2026-02-24"", ""2026-02-25"", ""2026-02-26"", ""2026-02-27"", ""2026-03-02"", ""2026-03-03"", ""2026-03-04"", ""2026-03-05""]",2026-02-19,63,76,10,False,,0,0,378
primary,2026-03-06,B1,-5.312074675401108e-06,1.3458863734555377,-5.312074675401108e-06,1.3458863734555377,2,"[""2026-02-20"", ""2026-02-23"", ""2026-02-24"", ""2026-02-25"", ""2026-02-26"", ""2026-02-27"", ""2026-03-02"", ""2026-03-03"", ""2026-03-04"", ""2026-03-05""]",2026-02-19,63,67,10,False,,0,0,378
primary,2026-03-06,B2,-5.5604494480513285e-06,1.344221544247448,-5.5604494480513285e-06,1.344221544247448,2,"[""2026-02-20"", ""2026-02-23"", ""2026-02-24"", ""2026-02-25"", ""2026-02-26"", ""2026-02-27"", ""2026-03-02"", ""2026-03-03"", ""2026-03-04"", ""2026-03-05""]",2026-02-19,31,357,10,False,,0,0,378
primary,2026-03-09,B0,-5.8792179724905565e-06,1.4128298621394924,-5.8792179724905565e-06,1.4128298621394924,2,"[""2026-02-23"", ""2026-02-24"", ""2026-02-25"", ""2026-02-26"", ""2026-02-27"", ""2026-03-02"", ""2026-03-03"", ""2026-03-04"", ""2026-03-05"", ""2026-03-06""]",2026-02-20,63,63,10,False,,0,0,378
primary,2026-03-09,B1,-5.882710519224629e-06,1.397117116392311,-5.882710519224629e-06,1.397117116392311,2,"[""2026-02-23"", ""2026-02-24"", ""2026-02-25"", ""2026-02-26"", ""2026-02-27"", ""2026-03-02"", ""2026-03-03"", ""2026-03-04"", ""2026-03-05"", ""2026-03-06""]",2026-02-20,63,65,10,False,,0,0,378
primary,2026-03-09,B2,-6.201089514965595e-06,1.4127145351424457,-6.201089514965595e-06,1.4127145351424457,2,"[""2026-02-23"", ""2026-02-24"", ""2026-02-25"", ""2026-02-26"", ""2026-02-27"", ""2026-03-02"", ""2026-03-03"", ""2026-03-04"", ""2026-03-05"", ""2026-03-06""]",2026-02-20,63,61,10,False,,0,0,378
primary,2026-03-10,B0,-6.550233220276311e-06,1.469170383430489,-6.550233220276311e-06,1.469170383430489,2,"[""2026-02-24"", ""2026-02-25"", ""2026-02-26"", ""2026-02-27"", ""2026-03-02"", ""2026-03-03"", ""2026-03-04"", ""2026-03-05"", ""2026-03-06"", ""2026-03-09""]",2026-02-23,31,50,10,False,,0,0,384
primary,2026-03-10,B1,-6.005130515222321e-06,1.4053268622568396,-6.005130515222321e-06,1.4053268622568396,2,"[""2026-02-24"", ""2026-02-25"", ""2026-02-26"", ""2026-02-27"", ""2026-03-02"", ""2026-03-03"", ""2026-03-04"", ""2026-03-05"", ""2026-03-06"", ""2026-03-09""]",2026-02-23,15,56,10,False,,0,0,384
primary,2026-03-10,B2,-6.436450052083083e-06,1.4608072001139722,-6.436450052083083e-06,1.4608072001139722,2,"[""2026-02-24"", ""2026-02-25"", ""2026-02-26"", ""2026-02-27"", ""2026-03-02"", ""2026-03-03"", ""2026-03-04"", ""2026-03-05"", ""2026-03-06"", ""2026-03-09""]",2026-02-23,63,48,10,False,,0,0,384
primary,2026-03-11,B0,-7.746441565711423e-06,1.5342848021198858,-7.746441565711423e-06,1.5342848021198858,2,"[""2026-02-25"", ""2026-02-26"", ""2026-02-27"", ""2026-03-02"", ""2026-03-03"", ""2026-03-04"", ""2026-03-05"", ""2026-03-06"", ""2026-03-09"", ""2026-03-10""]",2026-02-24,15,40,10,False,,0,4,384
primary,2026-03-11,B1,-7.364054148399748e-06,1.5312819200171461,-7.364054148399748e-06,1.5312819200171461,2,"[""2026-02-25"", ""2026-02-26"", ""2026-02-27"", ""2026-03-02"", ""2026-03-03"", ""2026-03-04"", ""2026-03-05"", ""2026-03-06"", ""2026-03-09"", ""2026-03-10""]",2026-02-24,63,33,10,False,,0,3,384
primary,2026-03-11,B2,-7.824786630568226e-06,1.5532391739055533,-7.824786630568226e-06,1.5532391739055533,2,"[""2026-02-25"", ""2026-02-26"", ""2026-02-27"", ""2026-03-02"", ""2026-03-03"", ""2026-03-04"", ""2026-03-05"", ""2026-03-06"", ""2026-03-09"", ""2026-03-10""]",2026-02-24,63,30,10,False,,0,8,384
primary,2026-03-12,B0,-1.128348997745157e-05,1.7348952252613958,-1.128348997745157e-05,1.7348952252613958,2,"[""2026-02-26"", ""2026-02-27"", ""2026-03-02"", ""2026-03-03"", ""2026-03-04"", ""2026-03-05"", ""2026-03-06"", ""2026-03-09"", ""2026-03-10"", ""2026-03-11""]",2026-02-25,15,30,10,False,,0,1,384
primary,2026-03-12,B1,-1.0532508743093373e-05,1.7149919909443463,-1.0532508743093373e-05,1.7149919909443463,2,"[""2026-02-26"", ""2026-02-27"", ""2026-03-02"", ""2026-03-03"", ""2026-03-04"", ""2026-03-05"", ""2026-03-06"", ""2026-03-09"", ""2026-03-10"", ""2026-03-11""]",2026-02-25,63,23,10,False,,0,0,384
primary,2026-03-12,B2,-1.0924101892082097e-05,1.7384390311685352,-1.0924101892082097e-05,1.7384390311685352,2,"[""2026-02-26"", ""2026-02-27"", ""2026-03-02"", ""2026-03-03"", ""2026-03-04"", ""2026-03-05"", ""2026-03-06"", ""2026-03-09"", ""2026-03-10"", ""2026-03-11""]",2026-02-25,31,24,10,False,,0,0,384
primary,2026-03-13,B0,-1.3916690178212257e-05,1.8853280629367388,-1.3916690178212257e-05,1.8853280629367388,2,"[""2026-02-27"", ""2026-03-02"", ""2026-03-03"", ""2026-03-04"", ""2026-03-05"", ""2026-03-06"", ""2026-03-09"", ""2026-03-10"", ""2026-03-11"", ""2026-03-12""]",2026-02-26,15,22,10,False,,0,8,390
primary,2026-03-13,B1,-1.3113864042979609e-05,1.858423163219321,-1.3113864042979609e-05,1.858423163219321,2,"[""2026-02-27"", ""2026-03-02"", ""2026-03-03"", ""2026-03-04"", ""2026-03-05"", ""2026-03-06"", ""2026-03-09"", ""2026-03-10"", ""2026-03-11"", ""2026-03-12""]",2026-02-26,63,20,10,False,,0,5,390
primary,2026-03-13,B2,-1.2510089345487777e-05,1.8308975561766063,-1.2510089345487777e-05,1.8308975561766063,2,"[""2026-02-27"", ""2026-03-02"", ""2026-03-03"", ""2026-03-04"", ""2026-03-05"", ""2026-03-06"", ""2026-03-09"", ""2026-03-10"", ""2026-03-11"", ""2026-03-12""]",2026-02-26,63,22,10,False,,0,3,390
primary,2026-03-16,B0,-1.2604693639130635e-05,1.8141561488174518,-1.2604693639130635e-05,1.8141561488174518,2,"[""2026-03-02"", ""2026-03-03"", ""2026-03-04"", ""2026-03-05"", ""2026-03-06"", ""2026-03-09"", ""2026-03-10"", ""2026-03-11"", ""2026-03-12"", ""2026-03-13""]",2026-02-27,15,24,10,False,,0,32,390
primary,2026-03-16,B1,-1.3358219826103604e-05,1.8716973894993953,-1.3358219826103604e-05,1.8716973894993953,2,"[""2026-03-02"", ""2026-03-03"", ""2026-03-04"", ""2026-03-05"", ""2026-03-06"", ""2026-03-09"", ""2026-03-10"", ""2026-03-11"", ""2026-03-12"", ""2026-03-13""]",2026-02-27,63,21,10,False,,0,30,390
primary,2026-03-16,B2,-1.3622465306811208e-05,1.8924162429876206,-1.3622465306811208e-05,1.8924162429876206,2,"[""2026-03-02"", ""2026-03-03"", ""2026-03-04"", ""2026-03-05"", ""2026-03-06"", ""2026-03-09"", ""2026-03-10"", ""2026-03-11"", ""2026-03-12"", ""2026-03-13""]",2026-02-27,63,22,10,False,,0,27,390
primary,2026-03-17,B0,-5.669610698871007e-06,1.4018794870340288,-5.669610698871007e-06,1.4018794870340288,2,"[""2026-03-03"", ""2026-03-04"", ""2026-03-05"", ""2026-03-06"", ""2026-03-09"", ""2026-03-10"", ""2026-03-11"", ""2026-03-12"", ""2026-03-13"", ""2026-03-16""]",2026-03-02,15,15,10,False,,0,0,390
primary,2026-03-17,B1,-3.977442612630228e-06,1.3314953001000447,-3.977442612630228e-06,1.3314953001000447,2,"[""2026-03-03"", ""2026-03-04"", ""2026-03-05"", ""2026-03-06"", ""2026-03-09"", ""2026-03-10"", ""2026-03-11"", ""2026-03-12"", ""2026-03-13"", ""2026-03-16""]",2026-03-02,63,18,10,False,,0,0,390
primary,2026-03-17,B2,-5.506104267863538e-06,1.410721442004825,-5.506104267863538e-06,1.410721442004825,2,"[""2026-03-03"", ""2026-03-04"", ""2026-03-05"", ""2026-03-06"", ""2026-03-09"", ""2026-03-10"", ""2026-03-11"", ""2026-03-12"", ""2026-03-13"", ""2026-03-16""]",2026-03-02,63,16,10,False,,0,0,390
primary,2026-03-18,B0,-6.297136744925574e-06,1.4454132215600624,-6.297136744925574e-06,1.4454132215600624,2,"[""2026-03-04"", ""2026-03-05"", ""2026-03-06"", ""2026-03-09"", ""2026-03-10"", ""2026-03-11"", ""2026-03-12"", ""2026-03-13"", ""2026-03-16"", ""2026-03-17""]",2026-03-03,31,17,10,False,,0,0,390
primary,2026-03-18,B1,-6.978233975995399e-06,1.5150439700162268,-6.978233975995399e-06,1.5150439700162268,2,"[""2026-03-04"", ""2026-03-05"", ""2026-03-06"", ""2026-03-09"", ""2026-03-10"", ""2026-03-11"", ""2026-03-12"", ""2026-03-13"", ""2026-03-16"", ""2026-03-17""]",2026-03-03,63,19,10,False,,0,0,390
primary,2026-03-18,B2,-7.379213544048193e-06,1.537575163885356,-7.379213544048193e-06,1.537575163885356,2,"[""2026-03-04"", ""2026-03-05"", ""2026-03-06"", ""2026-03-09"", ""2026-03-10"", ""2026-03-11"", ""2026-03-12"", ""2026-03-13"", ""2026-03-16"", ""2026-03-17""]",2026-03-03,63,19,10,False,,0,2,390
primary,2026-03-19,B0,-7.815483700098494e-06,1.5685981365778934,-7.815483700098494e-06,1.5685981365778934,2,"[""2026-03-05"", ""2026-03-06"", ""2026-03-09"", ""2026-03-10"", ""2026-03-11"", ""2026-03-12"", ""2026-03-13"", ""2026-03-16"", ""2026-03-17"", ""2026-03-18""]",2026-03-04,31,17,10,False,,0,0,390
primary,2026-03-19,B1,-8.080130573551753e-06,1.600425959910467,-8.080130573551753e-06,1.600425959910467,2,"[""2026-03-05"", ""2026-03-06"", ""2026-03-09"", ""2026-03-10"", ""2026-03-11"", ""2026-03-12"", ""2026-03-13"", ""2026-03-16"", ""2026-03-17"", ""2026-03-18""]",2026-03-04,63,19,10,False,,0,0,390
primary,2026-03-19,B2,-8.408310003223543e-06,1.6323777866219846,-8.408310003223543e-06,1.6323777866219846,2,"[""2026-03-05"", ""2026-03-06"", ""2026-03-09"", ""2026-03-10"", ""2026-03-11"", ""2026-03-12"", ""2026-03-13"", ""2026-03-16"", ""2026-03-17"", ""2026-03-18""]",2026-03-04,63,20,10,False,,0,0,390
primary,2026-03-20,B0,-4.795697623839898e-06,1.3370543286672072,-4.795697623839898e-06,1.3370543286672072,2,"[""2026-03-06"", ""2026-03-09"", ""2026-03-10"", ""2026-03-11"", ""2026-03-12"", ""2026-03-13"", ""2026-03-16"", ""2026-03-17"", ""2026-03-18"", ""2026-03-19""]",2026-03-05,31,15,10,False,,0,0,390
primary,2026-03-20,B1,-4.621284004582536e-06,1.332172766295079,-4.621284004582536e-06,1.332172766295079,2,"[""2026-03-06"", ""2026-03-09"", ""2026-03-10"", ""2026-03-11"", ""2026-03-12"", ""2026-03-13"", ""2026-03-16"", ""2026-03-17"", ""2026-03-18"", ""2026-03-19""]",2026-03-05,63,17,10,False,,0,0,390
primary,2026-03-20,B2,-5.14714758645673e-06,1.3692484384831032,-5.14714758645673e-06,1.3692484384831032,2,"[""2026-03-06"", ""2026-03-09"", ""2026-03-10"", ""2026-03-11"", ""2026-03-12"", ""2026-03-13"", ""2026-03-16"", ""2026-03-17"", ""2026-03-18"", ""2026-03-19""]",2026-03-05,63,17,10,False,,0,0,390
primary,2026-03-23,B0,-5.4548674894721575e-06,1.3946131231911805,-5.4548674894721575e-06,1.3946131231911805,2,"[""2026-03-09"", ""2026-03-10"", ""2026-03-11"", ""2026-03-12"", ""2026-03-13"", ""2026-03-16"", ""2026-03-17"", ""2026-03-18"", ""2026-03-19"", ""2026-03-20""]",2026-03-06,31,16,10,False,,0,0,390
primary,2026-03-23,B1,-5.980013443736807e-06,1.4406558041951736,-5.980013443736807e-06,1.4406558041951736,2,"[""2026-03-09"", ""2026-03-10"", ""2026-03-11"", ""2026-03-12"", ""2026-03-13"", ""2026-03-16"", ""2026-03-17"", ""2026-03-18"", ""2026-03-19"", ""2026-03-20""]",2026-03-06,63,18,10,False,,0,0,390
primary,2026-03-23,B2,-5.637807600101332e-06,1.4271037054353486,-5.637807600101332e-06,1.4271037054353486,2,"[""2026-03-09"", ""2026-03-10"", ""2026-03-11"", ""2026-03-12"", ""2026-03-13"", ""2026-03-16"", ""2026-03-17"", ""2026-03-18"", ""2026-03-19"", ""2026-03-20""]",2026-03-06,63,20,10,False,,0,0,390
primary,2026-03-24,B0,-8.616050254875072e-07,1.0427001733557284,-8.616050254875072e-07,1.0427001733557284,2,"[""2026-03-10"", ""2026-03-11"", ""2026-03-12"", ""2026-03-13"", ""2026-03-16"", ""2026-03-17"", ""2026-03-18"", ""2026-03-19"", ""2026-03-20"", ""2026-03-23""]",2026-03-09,31,17,10,False,,0,0,390
primary,2026-03-24,B1,-8.5873370369582e-07,1.0600673978417745,-8.5873370369582e-07,1.0600673978417745,2,"[""2026-03-10"", ""2026-03-11"", ""2026-03-12"", ""2026-03-13"", ""2026-03-16"", ""2026-03-17"", ""2026-03-18"", ""2026-03-19"", ""2026-03-20"", ""2026-03-23""]",2026-03-09,63,22,10,False,,0,0,390
primary,2026-03-24,B2,-3.418429680335086e-07,1.050829554665453,-3.418429680335086e-07,1.050829554665453,2,"[""2026-03-10"", ""2026-03-11"", ""2026-03-12"", ""2026-03-13"", ""2026-03-16"", ""2026-03-17"", ""2026-03-18"", ""2026-03-19"", ""2026-03-20"", ""2026-03-23""]",2026-03-09,31,30,10,False,,0,0,390
primary,2026-03-25,B0,-1.7515394050884194e-06,1.1194726010336904,-1.7515394050884194e-06,1.1194726010336904,2,"[""2026-03-11"", ""2026-03-12"", ""2026-03-13"", ""2026-03-16"", ""2026-03-17"", ""2026-03-18"", ""2026-03-19"", ""2026-03-20"", ""2026-03-23"", ""2026-03-24""]",2026-03-10,31,18,10,False,,0,0,390
primary,2026-03-25,B1,-5.817007186076265e-07,1.0727683636985332,-5.817007186076265e-07,1.0727683636985332,2,"[""2026-03-11"", ""2026-03-12"", ""2026-03-13"", ""2026-03-16"", ""2026-03-17"", ""2026-03-18"", ""2026-03-19"", ""2026-03-20"", ""2026-03-23"", ""2026-03-24""]",2026-03-10,63,275,10,False,,0,0,390
primary,2026-03-25,B2,-5.440212924259953e-07,1.0648827685346944,-5.440212924259953e-07,1.0648827685346944,2,"[""2026-03-11"", ""2026-03-12"", ""2026-03-13"", ""2026-03-16"", ""2026-03-17"", ""2026-03-18"", ""2026-03-19"", ""2026-03-20"", ""2026-03-23"", ""2026-03-24""]",2026-03-10,63,157,10,False,,0,0,390
primary,2026-03-26,B0,-2.4596831541404262e-06,1.190646279306935,-2.4596831541404262e-06,1.190646279306935,2,"[""2026-03-12"", ""2026-03-13"", ""2026-03-16"", ""2026-03-17"", ""2026-03-18"", ""2026-03-19"", ""2026-03-20"", ""2026-03-23"", ""2026-03-24"", ""2026-03-25""]",2026-03-11,31,20,10,False,,0,0,390
primary,2026-03-26,B1,-2.4538571061440777e-06,1.2300462941239303,-2.4538571061440777e-06,1.2300462941239303,2,"[""2026-03-12"", ""2026-03-13"", ""2026-03-16"", ""2026-03-17"", ""2026-03-18"", ""2026-03-19"", ""2026-03-20"", ""2026-03-23"", ""2026-03-24"", ""2026-03-25""]",2026-03-11,31,358,10,False,,0,0,390
primary,2026-03-26,B2,-2.262688130698698e-06,1.2283488266770268,-2.262688130698698e-06,1.2283488266770268,2,"[""2026-03-12"", ""2026-03-13"", ""2026-03-16"", ""2026-03-17"", ""2026-03-18"", ""2026-03-19"", ""2026-03-20"", ""2026-03-23"", ""2026-03-24"", ""2026-03-25""]",2026-03-11,63,231,10,False,,0,0,390
primary,2026-03-27,B0,1.834680913792253e-07,0.9756988715139876,1.834680913792253e-07,0.9756988715139876,2,"[""2026-03-13"", ""2026-03-16"", ""2026-03-17"", ""2026-03-18"", ""2026-03-19"", ""2026-03-20"", ""2026-03-23"", ""2026-03-24"", ""2026-03-25"", ""2026-03-26""]",2026-03-12,31,21,10,False,,0,0,390
primary,2026-03-27,B1,7.187859970871974e-07,0.9552848108898446,7.187859970871974e-07,0.9552848108898446,2,"[""2026-03-13"", ""2026-03-16"", ""2026-03-17"", ""2026-03-18"", ""2026-03-19"", ""2026-03-20"", ""2026-03-23"", ""2026-03-24"", ""2026-03-25"", ""2026-03-26""]",2026-03-12,63,218,10,False,,0,0,390
primary,2026-03-27,B2,1.4801971938349861e-06,0.8939805631788094,1.4801971938349861e-06,0.8939805631788094,2,"[""2026-03-13"", ""2026-03-16"", ""2026-03-17"", ""2026-03-18"", ""2026-03-19"", ""2026-03-20"", ""2026-03-23"", ""2026-03-24"", ""2026-03-25"", ""2026-03-26""]",2026-03-12,63,257,10,False,,0,0,390
primary,2026-03-30,B0,2.067320114312512e-06,0.8135760908565696,2.067320114312512e-06,0.8135760908565696,2,"[""2026-03-16"", ""2026-03-17"", ""2026-03-18"", ""2026-03-19"", ""2026-03-20"", ""2026-03-23"", ""2026-03-24"", ""2026-03-25"", ""2026-03-26"", ""2026-03-27""]",2026-03-13,31,21,10,False,,0,0,390
primary,2026-03-30,B1,3.1992304885275913e-06,0.744758397621506,3.1992304885275913e-06,0.744758397621506,2,"[""2026-03-16"", ""2026-03-17"", ""2026-03-18"", ""2026-03-19"", ""2026-03-20"", ""2026-03-23"", ""2026-03-24"", ""2026-03-25"", ""2026-03-26"", ""2026-03-27""]",2026-03-13,31,533,10,False,,0,0,390
primary,2026-03-30,B2,3.430035089838683e-06,0.7153865717418858,3.430035089838683e-06,0.7153865717418858,2,"[""2026-03-16"", ""2026-03-17"", ""2026-03-18"", ""2026-03-19"", ""2026-03-20"", ""2026-03-23"", ""2026-03-24"", ""2026-03-25"", ""2026-03-26"", ""2026-03-27""]",2026-03-13,63,147,10,False,,0,0,390
primary,2026-03-31,B0,-1.9221911095159445e-06,1.121266899926994,-1.9221911095159445e-06,1.121266899926994,2,"[""2026-03-17"", ""2026-03-18"", ""2026-03-19"", ""2026-03-20"", ""2026-03-23"", ""2026-03-24"", ""2026-03-25"", ""2026-03-26"", ""2026-03-27"", ""2026-03-30""]",2026-03-16,63,36,10,False,,0,0,390
primary,2026-03-31,B1,9.020076378437879e-07,0.8664186062556589,9.020076378437879e-07,0.8664186062556589,2,"[""2026-03-17"", ""2026-03-18"", ""2026-03-19"", ""2026-03-20"", ""2026-03-23"", ""2026-03-24"", ""2026-03-25"", ""2026-03-26"", ""2026-03-27"", ""2026-03-30""]",2026-03-16,63,271,10,False,,0,0,390
primary,2026-03-31,B2,-4.951172769956755e-07,0.9617680994925214,-4.951172769956755e-07,0.9617680994925214,2,"[""2026-03-17"", ""2026-03-18"", ""2026-03-19"", ""2026-03-20"", ""2026-03-23"", ""2026-03-24"", ""2026-03-25"", ""2026-03-26"", ""2026-03-27"", ""2026-03-30""]",2026-03-16,63,56,10,False,,0,0,390
primary,2026-04-01,B0,-8.295457318027798e-06,1.578832834371613,-8.295457318027798e-06,1.578832834371613,2,"[""2026-03-18"", ""2026-03-19"", ""2026-03-20"", ""2026-03-23"", ""2026-03-24"", ""2026-03-25"", ""2026-03-26"", ""2026-03-27"", ""2026-03-30"", ""2026-03-31""]",2026-03-17,63,25,10,False,,0,4,390
primary,2026-04-01,B1,-3.2769372213118264e-06,1.1996856887778802,-3.2769372213118264e-06,1.1996856887778802,2,"[""2026-03-18"", ""2026-03-19"", ""2026-03-20"", ""2026-03-23"", ""2026-03-24"", ""2026-03-25"", ""2026-03-26"", ""2026-03-27"", ""2026-03-30"", ""2026-03-31""]",2026-03-17,63,126,10,False,,0,0,390
primary,2026-04-01,B2,-5.744765229578376e-06,1.3694279483479972,-5.744765229578376e-06,1.3694279483479972,2,"[""2026-03-18"", ""2026-03-19"", ""2026-03-20"", ""2026-03-23"", ""2026-03-24"", ""2026-03-25"", ""2026-03-26"", ""2026-03-27"", ""2026-03-30"", ""2026-03-31""]",2026-03-17,63,41,10,False,,0,9,390
primary,2026-04-02,B0,-9.997389396118083e-06,1.710074911909957,-9.997389396118083e-06,1.710074911909957,2,"[""2026-03-19"", ""2026-03-20"", ""2026-03-23"", ""2026-03-24"", ""2026-03-25"", ""2026-03-26"", ""2026-03-27"", ""2026-03-30"", ""2026-03-31"", ""2026-04-01""]",2026-03-18,63,29,10,False,,0,7,390
primary,2026-04-02,B1,-5.472993025743454e-06,1.365005229807582,-5.472993025743454e-06,1.365005229807582,2,"[""2026-03-19"", ""2026-03-20"", ""2026-03-23"", ""2026-03-24"", ""2026-03-25"", ""2026-03-26"", ""2026-03-27"", ""2026-03-30"", ""2026-03-31"", ""2026-04-01""]",2026-03-18,63,62,10,False,,0,1,390
primary,2026-04-02,B2,-5.6340201037264014e-06,1.3654499200167862,-5.6340201037264014e-06,1.3654499200167862,2,"[""2026-03-19"", ""2026-03-20"", ""2026-03-23"", ""2026-03-24"", ""2026-03-25"", ""2026-03-26"", ""2026-03-27"", ""2026-03-30"", ""2026-03-31"", ""2026-04-01""]",2026-03-18,63,52,10,False,,0,2,390
primary,2026-04-06,B0,-1.5966531574887934e-05,2.1284072652329487,-1.5966531574887934e-05,2.1284072652329487,2,"[""2026-03-20"", ""2026-03-23"", ""2026-03-24"", ""2026-03-25"", ""2026-03-26"", ""2026-03-27"", ""2026-03-30"", ""2026-03-31"", ""2026-04-01"", ""2026-04-02""]",2026-03-19,15,35,10,False,,0,161,390
primary,2026-04-06,B1,-8.060752435931098e-06,1.5444327492463668,-8.060752435931098e-06,1.5444327492463668,2,"[""2026-03-20"", ""2026-03-23"", ""2026-03-24"", ""2026-03-25"", ""2026-03-26"", ""2026-03-27"", ""2026-03-30"", ""2026-03-31"", ""2026-04-01"", ""2026-04-02""]",2026-03-19,63,441,10,False,,0,48,390
primary,2026-04-06,B2,-3.8134473834934e-06,1.2637630409335527,-3.8134473834934e-06,1.2637630409335527,2,"[""2026-03-20"", ""2026-03-23"", ""2026-03-24"", ""2026-03-25"", ""2026-03-26"", ""2026-03-27"", ""2026-03-30"", ""2026-03-31"", ""2026-04-01"", ""2026-04-02""]",2026-03-19,63,533,10,False,,0,1,390
primary,2026-04-07,B0,-8.92156792422388e-06,1.6681847722734175,-8.92156792422388e-06,1.6681847722734175,2,"[""2026-03-23"", ""2026-03-24"", ""2026-03-25"", ""2026-03-26"", ""2026-03-27"", ""2026-03-30"", ""2026-03-31"", ""2026-04-01"", ""2026-04-02"", ""2026-04-06""]",2026-03-20,63,207,10,False,,0,25,390
primary,2026-04-07,B1,-1.045381931019177e-05,1.6799132864697999,-1.045381931019177e-05,1.6799132864697999,2,"[""2026-03-23"", ""2026-03-24"", ""2026-03-25"", ""2026-03-26"", ""2026-03-27"", ""2026-03-30"", ""2026-03-31"", ""2026-04-01"", ""2026-04-02"", ""2026-04-06""]",2026-03-20,63,201,10,False,,0,19,390
primary,2026-04-07,B2,-8.168505833425936e-06,1.5149396712133056,-8.168505833425936e-06,1.5149396712133056,2,"[""2026-03-23"", ""2026-03-24"", ""2026-03-25"", ""2026-03-26"", ""2026-03-27"", ""2026-03-30"", ""2026-03-31"", ""2026-04-01"", ""2026-04-02"", ""2026-04-06""]",2026-03-20,63,158,10,False,,0,9,390
primary,2026-04-08,B0,-1.5540922811093555e-05,2.1113169400565854,-1.5540922811093555e-05,2.1113169400565854,2,"[""2026-03-24"", ""2026-03-25"", ""2026-03-26"", ""2026-03-27"", ""2026-03-30"", ""2026-03-31"", ""2026-04-01"", ""2026-04-02"", ""2026-04-06"", ""2026-04-07""]",2026-03-23,15,34,10,False,,0,64,390
primary,2026-04-08,B1,-8.353934988533058e-06,1.5432672498492084,-8.353934988533058e-06,1.5432672498492084,2,"[""2026-03-24"", ""2026-03-25"", ""2026-03-26"", ""2026-03-27"", ""2026-03-30"", ""2026-03-31"", ""2026-04-01"", ""2026-04-02"", ""2026-04-06"", ""2026-04-07""]",2026-03-23,63,473,10,False,,0,29,390
primary,2026-04-08,B2,-8.400601558073151e-06,1.5377330728417367,-8.400601558073151e-06,1.5377330728417367,2,"[""2026-03-24"", ""2026-03-25"", ""2026-03-26"", ""2026-03-27"", ""2026-03-30"", ""2026-03-31"", ""2026-04-01"", ""2026-04-02"", ""2026-04-06"", ""2026-04-07""]",2026-03-23,63,264,10,False,,0,35,390
primary,2026-04-09,B0,-1.602721580321493e-05,2.1538044446980043,-1.602721580321493e-05,2.1538044446980043,2,"[""2026-03-25"", ""2026-03-26"", ""2026-03-27"", ""2026-03-30"", ""2026-03-31"", ""2026-04-01"", ""2026-04-02"", ""2026-04-06"", ""2026-04-07"", ""2026-04-08""]",2026-03-24,15,33,10,False,,0,87,390
primary,2026-04-09,B1,-1.0655199596427125e-05,1.6749241709360427,-1.0655199596427125e-05,1.6749241709360427,2,"[""2026-03-25"", ""2026-03-26"", ""2026-03-27"", ""2026-03-30"", ""2026-03-31"", ""2026-04-01"", ""2026-04-02"", ""2026-04-06"", ""2026-04-07"", ""2026-04-08""]",2026-03-24,31,391,10,False,,0,81,390
primary,2026-04-09,B2,-9.651788179084244e-06,1.6239328547011898,-9.651788179084244e-06,1.6239328547011898,2,"[""2026-03-25"", ""2026-03-26"", ""2026-03-27"", ""2026-03-30"", ""2026-03-31"", ""2026-04-01"", ""2026-04-02"", ""2026-04-06"", ""2026-04-07"", ""2026-04-08""]",2026-03-24,63,210,10,False,,0,75,390
primary,2026-04-10,B0,-1.4681513113307603e-05,2.078552253218077,-1.4681513113307603e-05,2.078552253218077,2,"[""2026-03-26"", ""2026-03-27"", ""2026-03-30"", ""2026-03-31"", ""2026-04-01"", ""2026-04-02"", ""2026-04-06"", ""2026-04-07"", ""2026-04-08"", ""2026-04-09""]",2026-03-25,15,39,10,False,,0,147,390
primary,2026-04-10,B1,-1.2152793622833852e-05,1.7991963146021772,-1.2152793622833852e-05,1.7991963146021772,2,"[""2026-03-26"", ""2026-03-27"", ""2026-03-30"", ""2026-03-31"", ""2026-04-01"", ""2026-04-02"", ""2026-04-06"", ""2026-04-07"", ""2026-04-08"", ""2026-04-09""]",2026-03-25,63,172,10,False,,0,165,390
primary,2026-04-10,B2,-1.0289904408715881e-05,1.6480066362666599,-1.0289904408715881e-05,1.6480066362666599,2,"[""2026-03-26"", ""2026-03-27"", ""2026-03-30"", ""2026-03-31"", ""2026-04-01"", ""2026-04-02"", ""2026-04-06"", ""2026-04-07"", ""2026-04-08"", ""2026-04-09""]",2026-03-25,31,184,10,False,,0,158,390
primary,2026-04-13,B0,-1.2179795118664335e-05,1.917565001970227,-1.2179795118664335e-05,1.917565001970227,2,"[""2026-03-27"", ""2026-03-30"", ""2026-03-31"", ""2026-04-01"", ""2026-04-02"", ""2026-04-06"", ""2026-04-07"", ""2026-04-08"", ""2026-04-09"", ""2026-04-10""]",2026-03-26,15,44,10,False,,0,148,390
primary,2026-04-13,B1,-9.962656337156288e-06,1.6920247228476466,-9.962656337156288e-06,1.6920247228476466,2,"[""2026-03-27"", ""2026-03-30"", ""2026-03-31"", ""2026-04-01"", ""2026-04-02"", ""2026-04-06"", ""2026-04-07"", ""2026-04-08"", ""2026-04-09"", ""2026-04-10""]",2026-03-26,15,170,10,False,,0,151,390
primary,2026-04-13,B2,-8.891266481953025e-06,1.60676795542481,-8.891266481953025e-06,1.60676795542481,2,"[""2026-03-27"", ""2026-03-30"", ""2026-03-31"", ""2026-04-01"", ""2026-04-02"", ""2026-04-06"", ""2026-04-07"", ""2026-04-08"", ""2026-04-09"", ""2026-04-10""]",2026-03-26,63,138,10,False,,0,150,390
primary,2026-04-14,B0,-6.940849868795737e-06,1.5537632096473206,-6.940849868795737e-06,1.5537632096473206,2,"[""2026-03-30"", ""2026-03-31"", ""2026-04-01"", ""2026-04-02"", ""2026-04-06"", ""2026-04-07"", ""2026-04-08"", ""2026-04-09"", ""2026-04-10"", ""2026-04-13""]",2026-03-27,31,91,10,False,,0,51,390
primary,2026-04-14,B1,-9.497256495701434e-06,1.7129257022551931,-9.497256495701434e-06,1.7129257022551931,2,"[""2026-03-30"", ""2026-03-31"", ""2026-04-01"", ""2026-04-02"", ""2026-04-06"", ""2026-04-07"", ""2026-04-08"", ""2026-04-09"", ""2026-04-10"", ""2026-04-13""]",2026-03-27,31,393,10,False,,0,103,390
primary,2026-04-14,B2,-9.173583963197812e-06,1.6568530380514852,-9.173583963197812e-06,1.6568530380514852,2,"[""2026-03-30"", ""2026-03-31"", ""2026-04-01"", ""2026-04-02"", ""2026-04-06"", ""2026-04-07"", ""2026-04-08"", ""2026-04-09"", ""2026-04-10"", ""2026-04-13""]",2026-03-27,31,150,10,False,,0,111,390
primary,2026-04-15,B0,-6.158620463337469e-06,1.498025358198795,-6.158620463337469e-06,1.498025358198795,2,"[""2026-03-31"", ""2026-04-01"", ""2026-04-02"", ""2026-04-06"", ""2026-04-07"", ""2026-04-08"", ""2026-04-09"", ""2026-04-10"", ""2026-04-13"", ""2026-04-14""]",2026-03-30,31,181,10,False,,0,19,390
primary,2026-04-15,B1,-8.654952996316509e-06,1.6626117552448967,-8.654952996316509e-06,1.6626117552448967,2,"[""2026-03-31"", ""2026-04-01"", ""2026-04-02"", ""2026-04-06"", ""2026-04-07"", ""2026-04-08"", ""2026-04-09"", ""2026-04-10"", ""2026-04-13"", ""2026-04-14""]",2026-03-30,31,130,10,False,,0,35,390
primary,2026-04-15,B2,-8.936363396225059e-06,1.6610672571254692,-8.936363396225059e-06,1.6610672571254692,2,"[""2026-03-31"", ""2026-04-01"", ""2026-04-02"", ""2026-04-06"", ""2026-04-07"", ""2026-04-08"", ""2026-04-09"", ""2026-04-10"", ""2026-04-13"", ""2026-04-14""]",2026-03-30,15,284,10,False,,0,46,390
primary,2026-04-16,B0,-6.716484970346544e-06,1.5710292634781917,-6.716484970346544e-06,1.5710292634781917,2,"[""2026-04-01"", ""2026-04-02"", ""2026-04-06"", ""2026-04-07"", ""2026-04-08"", ""2026-04-09"", ""2026-04-10"", ""2026-04-13"", ""2026-04-14"", ""2026-04-15""]",2026-03-31,63,138,10,False,,0,23,390
primary,2026-04-16,B1,-9.029594478995947e-06,1.6883822999181421,-9.029594478995947e-06,1.6883822999181421,2,"[""2026-04-01"", ""2026-04-02"", ""2026-04-06"", ""2026-04-07"", ""2026-04-08"", ""2026-04-09"", ""2026-04-10"", ""2026-04-13"", ""2026-04-14"", ""2026-04-15""]",2026-03-31,15,203,10,False,,0,87,390
primary,2026-04-16,B2,-9.395439580523736e-06,1.7453568005898674,-9.395439580523736e-06,1.7453568005898674,2,"[""2026-04-01"", ""2026-04-02"", ""2026-04-06"", ""2026-04-07"", ""2026-04-08"", ""2026-04-09"", ""2026-04-10"", ""2026-04-13"", ""2026-04-14"", ""2026-04-15""]",2026-03-31,63,246,10,False,,0,104,390
primary,2026-04-17,B0,-7.325003944637544e-06,1.6124450869697906,-7.325003944637544e-06,1.6124450869697906,2,"[""2026-04-02"", ""2026-04-06"", ""2026-04-07"", ""2026-04-08"", ""2026-04-09"", ""2026-04-10"", ""2026-04-13"", ""2026-04-14"", ""2026-04-15"", ""2026-04-16""]",2026-04-01,15,144,10,False,,0,23,390
primary,2026-04-17,B1,-9.206987805893376e-06,1.734637191493514,-9.206987805893376e-06,1.734637191493514,2,"[""2026-04-02"", ""2026-04-06"", ""2026-04-07"", ""2026-04-08"", ""2026-04-09"", ""2026-04-10"", ""2026-04-13"", ""2026-04-14"", ""2026-04-15"", ""2026-04-16""]",2026-04-01,15,202,10,False,,0,93,390
primary,2026-04-17,B2,-8.837943514767972e-06,1.684742182730353,-8.837943514767972e-06,1.684742182730353,2,"[""2026-04-02"", ""2026-04-06"", ""2026-04-07"", ""2026-04-08"", ""2026-04-09"", ""2026-04-10"", ""2026-04-13"", ""2026-04-14"", ""2026-04-15"", ""2026-04-16""]",2026-04-01,15,282,10,False,,0,93,390
primary,2026-04-20,B0,-5.790725496423299e-06,1.4958759969209612,-5.790725496423299e-06,1.4958759969209612,2,"[""2026-04-06"", ""2026-04-07"", ""2026-04-08"", ""2026-04-09"", ""2026-04-10"", ""2026-04-13"", ""2026-04-14"", ""2026-04-15"", ""2026-04-16"", ""2026-04-17""]",2026-04-02,15,249,10,False,,0,62,390
primary,2026-04-20,B1,-6.003958294163877e-06,1.4616682919108055,-6.003958294163877e-06,1.4616682919108055,2,"[""2026-04-06"", ""2026-04-07"", ""2026-04-08"", ""2026-04-09"", ""2026-04-10"", ""2026-04-13"", ""2026-04-14"", ""2026-04-15"", ""2026-04-16"", ""2026-04-17""]",2026-04-02,15,273,10,False,,0,77,390
primary,2026-04-20,B2,-6.232489768576787e-06,1.4588714734322363,-6.232489768576787e-06,1.4588714734322363,2,"[""2026-04-06"", ""2026-04-07"", ""2026-04-08"", ""2026-04-09"", ""2026-04-10"", ""2026-04-13"", ""2026-04-14"", ""2026-04-15"", ""2026-04-16"", ""2026-04-17""]",2026-04-02,15,307,10,False,,0,87,390
primary,2026-04-21,B0,-5.395807342301232e-06,1.4611839817985324,-5.395807342301232e-06,1.4611839817985324,2,"[""2026-04-07"", ""2026-04-08"", ""2026-04-09"", ""2026-04-10"", ""2026-04-13"", ""2026-04-14"", ""2026-04-15"", ""2026-04-16"", ""2026-04-17"", ""2026-04-20""]",2026-04-06,15,282,10,False,,0,0,390
primary,2026-04-21,B1,-6.646706454557212e-06,1.5694930818497819,-6.646706454557212e-06,1.5694930818497819,2,"[""2026-04-07"", ""2026-04-08"", ""2026-04-09"", ""2026-04-10"", ""2026-04-13"", ""2026-04-14"", ""2026-04-15"", ""2026-04-16"", ""2026-04-17"", ""2026-04-20""]",2026-04-06,63,133,10,False,,0,0,390
primary,2026-04-21,B2,-7.193311131927629e-06,1.5607441800685127,-7.193311131927629e-06,1.5607441800685127,2,"[""2026-04-07"", ""2026-04-08"", ""2026-04-09"", ""2026-04-10"", ""2026-04-13"", ""2026-04-14"", ""2026-04-15"", ""2026-04-16"", ""2026-04-17"", ""2026-04-20""]",2026-04-06,31,100,10,False,,0,2,390
primary,2026-04-22,B0,-5.934567405166096e-06,1.5025225016822596,-5.934567405166096e-06,1.5025225016822596,2,"[""2026-04-08"", ""2026-04-09"", ""2026-04-10"", ""2026-04-13"", ""2026-04-14"", ""2026-04-15"", ""2026-04-16"", ""2026-04-17"", ""2026-04-20"", ""2026-04-21""]",2026-04-07,31,210,10,False,,0,30,390
primary,2026-04-22,B1,-6.897866393012739e-06,1.5580053811383192,-6.897866393012739e-06,1.5580053811383192,2,"[""2026-04-08"", ""2026-04-09"", ""2026-04-10"", ""2026-04-13"", ""2026-04-14"", ""2026-04-15"", ""2026-04-16"", ""2026-04-17"", ""2026-04-20"", ""2026-04-21""]",2026-04-07,15,247,10,False,,0,64,390
primary,2026-04-22,B2,-7.449506991558551e-06,1.5887458427834624,-7.449506991558551e-06,1.5887458427834624,2,"[""2026-04-08"", ""2026-04-09"", ""2026-04-10"", ""2026-04-13"", ""2026-04-14"", ""2026-04-15"", ""2026-04-16"", ""2026-04-17"", ""2026-04-20"", ""2026-04-21""]",2026-04-07,31,148,10,False,,0,89,390
primary,2026-04-23,B0,-7.292191513013854e-06,1.6438792163989184,-7.292191513013854e-06,1.6438792163989184,2,"[""2026-04-09"", ""2026-04-10"", ""2026-04-13"", ""2026-04-14"", ""2026-04-15"", ""2026-04-16"", ""2026-04-17"", ""2026-04-20"", ""2026-04-21"", ""2026-04-22""]",2026-04-08,15,543,10,False,,0,17,390
primary,2026-04-23,B1,-7.185024904713731e-06,1.5995247555227134,-7.185024904713731e-06,1.5995247555227134,2,"[""2026-04-09"", ""2026-04-10"", ""2026-04-13"", ""2026-04-14"", ""2026-04-15"", ""2026-04-16"", ""2026-04-17"", ""2026-04-20"", ""2026-04-21"", ""2026-04-22""]",2026-04-08,15,312,10,False,,0,17,390
primary,2026-04-23,B2,-8.232242903056408e-06,1.6858248337127242,-8.232242903056408e-06,1.6858248337127242,2,"[""2026-04-09"", ""2026-04-10"", ""2026-04-13"", ""2026-04-14"", ""2026-04-15"", ""2026-04-16"", ""2026-04-17"", ""2026-04-20"", ""2026-04-21"", ""2026-04-22""]",2026-04-08,31,250,10,False,,0,33,390
primary,2026-04-24,B0,-6.164404031754322e-06,1.5458267210510597,-6.164404031754322e-06,1.5458267210510597,2,"[""2026-04-10"", ""2026-04-13"", ""2026-04-14"", ""2026-04-15"", ""2026-04-16"", ""2026-04-17"", ""2026-04-20"", ""2026-04-21"", ""2026-04-22"", ""2026-04-23""]",2026-04-09,31,375,10,False,,0,44,390
primary,2026-04-24,B1,-6.267814929121691e-06,1.5191709160510394,-6.267814929121691e-06,1.5191709160510394,2,"[""2026-04-10"", ""2026-04-13"", ""2026-04-14"", ""2026-04-15"", ""2026-04-16"", ""2026-04-17"", ""2026-04-20"", ""2026-04-21"", ""2026-04-22"", ""2026-04-23""]",2026-04-09,31,374,10,False,,0,32,390
primary,2026-04-24,B2,-5.795132786067783e-06,1.4849832295021486,-5.795132786067783e-06,1.4849832295021486,2,"[""2026-04-10"", ""2026-04-13"", ""2026-04-14"", ""2026-04-15"", ""2026-04-16"", ""2026-04-17"", ""2026-04-20"", ""2026-04-21"", ""2026-04-22"", ""2026-04-23""]",2026-04-09,63,243,10,False,,0,26,390
primary,2026-04-27,B0,-5.493145151883674e-06,1.4720247849136818,-5.493145151883674e-06,1.4720247849136818,2,"[""2026-04-13"", ""2026-04-14"", ""2026-04-15"", ""2026-04-16"", ""2026-04-17"", ""2026-04-20"", ""2026-04-21"", ""2026-04-22"", ""2026-04-23"", ""2026-04-24""]",2026-04-10,15,485,10,False,,0,61,390
primary,2026-04-27,B1,-5.406313895894774e-06,1.4580811601568973,-5.406313895894774e-06,1.4580811601568973,2,"[""2026-04-13"", ""2026-04-14"", ""2026-04-15"", ""2026-04-16"", ""2026-04-17"", ""2026-04-20"", ""2026-04-21"", ""2026-04-22"", ""2026-04-23"", ""2026-04-24""]",2026-04-10,15,696,10,False,,0,36,390
primary,2026-04-27,B2,-5.110411369367872e-06,1.3947714028600737,-5.110411369367872e-06,1.3947714028600737,2,"[""2026-04-13"", ""2026-04-14"", ""2026-04-15"", ""2026-04-16"", ""2026-04-17"", ""2026-04-20"", ""2026-04-21"", ""2026-04-22"", ""2026-04-23"", ""2026-04-24""]",2026-04-10,31,243,10,False,,0,44,390
primary,2026-04-28,B0,-4.939478922324528e-06,1.4305629089673866,-4.939478922324528e-06,1.4305629089673866,2,"[""2026-04-14"", ""2026-04-15"", ""2026-04-16"", ""2026-04-17"", ""2026-04-20"", ""2026-04-21"", ""2026-04-22"", ""2026-04-23"", ""2026-04-24"", ""2026-04-27""]",2026-04-13,31,391,10,False,,0,29,390
primary,2026-04-28,B1,-4.294557436580996e-06,1.3500704760176019,-4.294557436580996e-06,1.3500704760176019,2,"[""2026-04-14"", ""2026-04-15"", ""2026-04-16"", ""2026-04-17"", ""2026-04-20"", ""2026-04-21"", ""2026-04-22"", ""2026-04-23"", ""2026-04-24"", ""2026-04-27""]",2026-04-13,63,114,10,False,,0,13,390
primary,2026-04-28,B2,-4.821053707606872e-06,1.3907493025714934,-4.821053707606872e-06,1.3907493025714934,2,"[""2026-04-14"", ""2026-04-15"", ""2026-04-16"", ""2026-04-17"", ""2026-04-20"", ""2026-04-21"", ""2026-04-22"", ""2026-04-23"", ""2026-04-24"", ""2026-04-27""]",2026-04-13,63,205,10,False,,0,26,390
primary,2026-04-29,B0,-4.201921935818464e-06,1.368861180709617,-4.201921935818464e-06,1.368861180709617,2,"[""2026-04-15"", ""2026-04-16"", ""2026-04-17"", ""2026-04-20"", ""2026-04-21"", ""2026-04-22"", ""2026-04-23"", ""2026-04-24"", ""2026-04-27"", ""2026-04-28""]",2026-04-14,31,342,10,False,,0,0,390
primary,2026-04-29,B1,-4.559079198039034e-06,1.3903392776346717,-4.559079198039034e-06,1.3903392776346717,2,"[""2026-04-15"", ""2026-04-16"", ""2026-04-17"", ""2026-04-20"", ""2026-04-21"", ""2026-04-22"", ""2026-04-23"", ""2026-04-24"", ""2026-04-27"", ""2026-04-28""]",2026-04-14,63,197,10,False,,0,0,390
primary,2026-04-29,B2,-4.175644911723408e-06,1.3191086235114524,-4.175644911723408e-06,1.3191086235114524,2,"[""2026-04-15"", ""2026-04-16"", ""2026-04-17"", ""2026-04-20"", ""2026-04-21"", ""2026-04-22"", ""2026-04-23"", ""2026-04-24"", ""2026-04-27"", ""2026-04-28""]",2026-04-14,63,150,10,False,,0,0,390
primary,2026-04-30,B0,-4.096452934468376e-06,1.3347554184127044,-4.096452934468376e-06,1.3347554184127044,2,"[""2026-04-16"", ""2026-04-17"", ""2026-04-20"", ""2026-04-21"", ""2026-04-22"", ""2026-04-23"", ""2026-04-24"", ""2026-04-27"", ""2026-04-28"", ""2026-04-29""]",2026-04-15,63,239,10,False,,0,0,390
primary,2026-04-30,B1,-4.0662134127707924e-06,1.30093113082835,-4.0662134127707924e-06,1.30093113082835,2,"[""2026-04-16"", ""2026-04-17"", ""2026-04-20"", ""2026-04-21"", ""2026-04-22"", ""2026-04-23"", ""2026-04-24"", ""2026-04-27"", ""2026-04-28"", ""2026-04-29""]",2026-04-15,31,307,10,False,,0,0,390
primary,2026-04-30,B2,-4.064288862361917e-06,1.2863648490837998,-4.064288862361917e-06,1.2863648490837998,2,"[""2026-04-16"", ""2026-04-17"", ""2026-04-20"", ""2026-04-21"", ""2026-04-22"", ""2026-04-23"", ""2026-04-24"", ""2026-04-27"", ""2026-04-28"", ""2026-04-29""]",2026-04-15,63,197,10,False,,0,3,390
primary,2026-05-01,B0,-3.370172778912564e-06,1.275419726158947,-3.370172778912564e-06,1.275419726158947,2,"[""2026-04-17"", ""2026-04-20"", ""2026-04-21"", ""2026-04-22"", ""2026-04-23"", ""2026-04-24"", ""2026-04-27"", ""2026-04-28"", ""2026-04-29"", ""2026-04-30""]",2026-04-16,63,240,10,False,,0,0,390
primary,2026-05-01,B1,-4.180173085063768e-06,1.3099621501708163,-4.180173085063768e-06,1.3099621501708163,2,"[""2026-04-17"", ""2026-04-20"", ""2026-04-21"", ""2026-04-22"", ""2026-04-23"", ""2026-04-24"", ""2026-04-27"", ""2026-04-28"", ""2026-04-29"", ""2026-04-30""]",2026-04-16,15,529,10,False,,0,0,390
primary,2026-05-01,B2,-4.962259713703867e-06,1.3400878133729588,-4.962259713703867e-06,1.3400878133729588,2,"[""2026-04-17"", ""2026-04-20"", ""2026-04-21"", ""2026-04-22"", ""2026-04-23"", ""2026-04-24"", ""2026-04-27"", ""2026-04-28"", ""2026-04-29"", ""2026-04-30""]",2026-04-16,15,463,10,False,,0,0,390
primary,2026-05-04,B0,-3.219730136406045e-06,1.2255835805577218,-3.219730136406045e-06,1.2255835805577218,2,"[""2026-04-20"", ""2026-04-21"", ""2026-04-22"", ""2026-04-23"", ""2026-04-24"", ""2026-04-27"", ""2026-04-28"", ""2026-04-29"", ""2026-04-30"", ""2026-05-01""]",2026-04-17,63,150,10,False,,0,0,390
primary,2026-05-04,B1,-4.261917754713158e-06,1.2852168073588612,-4.261917754713158e-06,1.2852168073588612,2,"[""2026-04-20"", ""2026-04-21"", ""2026-04-22"", ""2026-04-23"", ""2026-04-24"", ""2026-04-27"", ""2026-04-28"", ""2026-04-29"", ""2026-04-30"", ""2026-05-01""]",2026-04-17,15,327,10,False,,0,0,390
primary,2026-05-04,B2,-4.866217291704425e-06,1.3248712212951879,-4.866217291704425e-06,1.3248712212951879,2,"[""2026-04-20"", ""2026-04-21"", ""2026-04-22"", ""2026-04-23"", ""2026-04-24"", ""2026-04-27"", ""2026-04-28"", ""2026-04-29"", ""2026-04-30"", ""2026-05-01""]",2026-04-17,63,200,10,False,,0,0,390
primary,2026-05-05,B0,-2.943200922699931e-06,1.2150747465063059,-2.943200922699931e-06,1.2150747465063059,2,"[""2026-04-21"", ""2026-04-22"", ""2026-04-23"", ""2026-04-24"", ""2026-04-27"", ""2026-04-28"", ""2026-04-29"", ""2026-04-30"", ""2026-05-01"", ""2026-05-04""]",2026-04-20,63,201,10,False,,0,0,390
primary,2026-05-05,B1,-4.0836472952728135e-06,1.296140863639025,-4.0836472952728135e-06,1.296140863639025,2,"[""2026-04-21"", ""2026-04-22"", ""2026-04-23"", ""2026-04-24"", ""2026-04-27"", ""2026-04-28"", ""2026-04-29"", ""2026-04-30"", ""2026-05-01"", ""2026-05-04""]",2026-04-20,63,183,10,False,,0,0,390
primary,2026-05-05,B2,-4.274986073542604e-06,1.310612285530002,-4.274986073542604e-06,1.310612285530002,2,"[""2026-04-21"", ""2026-04-22"", ""2026-04-23"", ""2026-04-24"", ""2026-04-27"", ""2026-04-28"", ""2026-04-29"", ""2026-04-30"", ""2026-05-01"", ""2026-05-04""]",2026-04-20,63,199,10,False,,0,0,390
primary,2026-05-06,B0,-3.290481633955685e-06,1.2323393518906662,-3.290481633955685e-06,1.2323393518906662,2,"[""2026-04-22"", ""2026-04-23"", ""2026-04-24"", ""2026-04-27"", ""2026-04-28"", ""2026-04-29"", ""2026-04-30"", ""2026-05-01"", ""2026-05-04"", ""2026-05-05""]",2026-04-21,63,194,10,False,,0,0,390
primary,2026-05-06,B1,-4.21848474670004e-06,1.3003787103562996,-4.21848474670004e-06,1.3003787103562996,2,"[""2026-04-22"", ""2026-04-23"", ""2026-04-24"", ""2026-04-27"", ""2026-04-28"", ""2026-04-29"", ""2026-04-30"", ""2026-05-01"", ""2026-05-04"", ""2026-05-05""]",2026-04-21,63,126,10,False,,0,0,390
primary,2026-05-06,B2,-3.911913952906766e-06,1.2847288809494124,-3.911913952906766e-06,1.2847288809494124,2,"[""2026-04-22"", ""2026-04-23"", ""2026-04-24"", ""2026-04-27"", ""2026-04-28"", ""2026-04-29"", ""2026-04-30"", ""2026-05-01"", ""2026-05-04"", ""2026-05-05""]",2026-04-21,63,185,10,False,,0,0,390
primary,2026-05-07,B0,-3.5808390228535157e-06,1.2460034896474719,-3.5808390228535157e-06,1.2460034896474719,2,"[""2026-04-23"", ""2026-04-24"", ""2026-04-27"", ""2026-04-28"", ""2026-04-29"", ""2026-04-30"", ""2026-05-01"", ""2026-05-04"", ""2026-05-05"", ""2026-05-06""]",2026-04-22,31,264,10,False,,0,0,390
primary,2026-05-07,B1,-4.5007494792886455e-06,1.327560319748528,-4.5007494792886455e-06,1.327560319748528,2,"[""2026-04-23"", ""2026-04-24"", ""2026-04-27"", ""2026-04-28"", ""2026-04-29"", ""2026-04-30"", ""2026-05-01"", ""2026-05-04"", ""2026-05-05"", ""2026-05-06""]",2026-04-22,15,319,10,False,,0,0,390
primary,2026-05-07,B2,-4.345145809391054e-06,1.30900439267445,-4.345145809391054e-06,1.30900439267445,2,"[""2026-04-23"", ""2026-04-24"", ""2026-04-27"", ""2026-04-28"", ""2026-04-29"", ""2026-04-30"", ""2026-05-01"", ""2026-05-04"", ""2026-05-05"", ""2026-05-06""]",2026-04-22,15,428,10,False,,0,0,390
primary,2026-05-08,B0,-3.846842911435696e-06,1.2451740864037488,-3.846842911435696e-06,1.2451740864037488,2,"[""2026-04-24"", ""2026-04-27"", ""2026-04-28"", ""2026-04-29"", ""2026-04-30"", ""2026-05-01"", ""2026-05-04"", ""2026-05-05"", ""2026-05-06"", ""2026-05-07""]",2026-04-23,31,126,10,False,,0,5,390
primary,2026-05-08,B1,-4.448045167072977e-06,1.3198365184841894,-4.448045167072977e-06,1.3198365184841894,2,"[""2026-04-24"", ""2026-04-27"", ""2026-04-28"", ""2026-04-29"", ""2026-04-30"", ""2026-05-01"", ""2026-05-04"", ""2026-05-05"", ""2026-05-06"", ""2026-05-07""]",2026-04-23,15,303,10,False,,0,8,390
primary,2026-05-08,B2,-4.590086892939901e-06,1.331792968611933,-4.590086892939901e-06,1.331792968611933,2,"[""2026-04-24"", ""2026-04-27"", ""2026-04-28"", ""2026-04-29"", ""2026-04-30"", ""2026-05-01"", ""2026-05-04"", ""2026-05-05"", ""2026-05-06"", ""2026-05-07""]",2026-04-23,31,177,10,False,,0,14,390
primary,2026-05-11,B0,-3.4104769229758787e-06,1.240085516289603,-3.4104769229758787e-06,1.240085516289603,2,"[""2026-04-27"", ""2026-04-28"", ""2026-04-29"", ""2026-04-30"", ""2026-05-01"", ""2026-05-04"", ""2026-05-05"", ""2026-05-06"", ""2026-05-07"", ""2026-05-08""]",2026-04-24,63,174,10,False,,0,2,390
primary,2026-05-11,B1,-4.717714748463871e-06,1.3470030383686133,-4.717714748463871e-06,1.3470030383686133,2,"[""2026-04-27"", ""2026-04-28"", ""2026-04-29"", ""2026-04-30"", ""2026-05-01"", ""2026-05-04"", ""2026-05-05"", ""2026-05-06"", ""2026-05-07"", ""2026-05-08""]",2026-04-24,63,103,10,False,,0,10,390
primary,2026-05-11,B2,-4.971275960666775e-06,1.3528888851698408,-4.971275960666775e-06,1.3528888851698408,2,"[""2026-04-27"", ""2026-04-28"", ""2026-04-29"", ""2026-04-30"", ""2026-05-01"", ""2026-05-04"", ""2026-05-05"", ""2026-05-06"", ""2026-05-07"", ""2026-05-08""]",2026-04-24,15,260,10,False,,0,17,390
primary,2026-05-12,B0,-2.819028013082963e-06,1.2075319213680091,-2.819028013082963e-06,1.2075319213680091,2,"[""2026-04-28"", ""2026-04-29"", ""2026-04-30"", ""2026-05-01"", ""2026-05-04"", ""2026-05-05"", ""2026-05-06"", ""2026-05-07"", ""2026-05-08"", ""2026-05-11""]",2026-04-27,31,258,10,False,,0,0,390
primary,2026-05-12,B1,-3.872201418552499e-06,1.2962317243792822,-3.872201418552499e-06,1.2962317243792822,2,"[""2026-04-28"", ""2026-04-29"", ""2026-04-30"", ""2026-05-01"", ""2026-05-04"", ""2026-05-05"", ""2026-05-06"", ""2026-05-07"", ""2026-05-08"", ""2026-05-11""]",2026-04-27,15,218,10,False,,0,0,390
primary,2026-05-12,B2,-4.419213045003461e-06,1.3242788691670797,-4.419213045003461e-06,1.3242788691670797,2,"[""2026-04-28"", ""2026-04-29"", ""2026-04-30"", ""2026-05-01"", ""2026-05-04"", ""2026-05-05"", ""2026-05-06"", ""2026-05-07"", ""2026-05-08"", ""2026-05-11""]",2026-04-27,31,134,10,False,,0,0,390
primary,2026-05-13,B0,-3.0290543436491114e-06,1.2037127909831162,-3.0290543436491114e-06,1.2037127909831162,2,"[""2026-04-29"", ""2026-04-30"", ""2026-05-01"", ""2026-05-04"", ""2026-05-05"", ""2026-05-06"", ""2026-05-07"", ""2026-05-08"", ""2026-05-11"", ""2026-05-12""]",2026-04-28,15,264,10,False,,0,0,390
primary,2026-05-13,B1,-3.6524832470609848e-06,1.288231057071948,-3.6524832470609848e-06,1.288231057071948,2,"[""2026-04-29"", ""2026-04-30"", ""2026-05-01"", ""2026-05-04"", ""2026-05-05"", ""2026-05-06"", ""2026-05-07"", ""2026-05-08"", ""2026-05-11"", ""2026-05-12""]",2026-04-28,31,168,10,False,,0,0,390
primary,2026-05-13,B2,-4.209785500690806e-06,1.3078180389653014,-4.209785500690806e-06,1.3078180389653014,2,"[""2026-04-29"", ""2026-04-30"", ""2026-05-01"", ""2026-05-04"", ""2026-05-05"", ""2026-05-06"", ""2026-05-07"", ""2026-05-08"", ""2026-05-11"", ""2026-05-12""]",2026-04-28,15,210,10,False,,0,0,390
primary,2026-05-14,B0,-2.26694018040178e-06,1.177641076227691,-2.26694018040178e-06,1.177641076227691,2,"[""2026-04-30"", ""2026-05-01"", ""2026-05-04"", ""2026-05-05"", ""2026-05-06"", ""2026-05-07"", ""2026-05-08"", ""2026-05-11"", ""2026-05-12"", ""2026-05-13""]",2026-04-29,63,128,10,False,,0,0,390
primary,2026-05-14,B1,-2.602805139241363e-06,1.2302126051269058,-2.602805139241363e-06,1.2302126051269058,2,"[""2026-04-30"", ""2026-05-01"", ""2026-05-04"", ""2026-05-05"", ""2026-05-06"", ""2026-05-07"", ""2026-05-08"", ""2026-05-11"", ""2026-05-12"", ""2026-05-13""]",2026-04-29,31,181,10,False,,0,0,390
primary,2026-05-14,B2,-3.5759165690917686e-06,1.27264982143442,-3.5759165690917686e-06,1.27264982143442,2,"[""2026-04-30"", ""2026-05-01"", ""2026-05-04"", ""2026-05-05"", ""2026-05-06"", ""2026-05-07"", ""2026-05-08"", ""2026-05-11"", ""2026-05-12"", ""2026-05-13""]",2026-04-29,15,176,10,False,,0,3,390
primary,2026-05-15,B0,-9.782466668407807e-07,1.0752986612323452,-9.782466668407807e-07,1.0752986612323452,2,"[""2026-05-01"", ""2026-05-04"", ""2026-05-05"", ""2026-05-06"", ""2026-05-07"", ""2026-05-08"", ""2026-05-11"", ""2026-05-12"", ""2026-05-13"", ""2026-05-14""]",2026-04-30,15,258,10,False,,0,0,390
primary,2026-05-15,B1,-2.4072703158428166e-06,1.2059901476690045,-2.4072703158428166e-06,1.2059901476690045,2,"[""2026-05-01"", ""2026-05-04"", ""2026-05-05"", ""2026-05-06"", ""2026-05-07"", ""2026-05-08"", ""2026-05-11"", ""2026-05-12"", ""2026-05-13"", ""2026-05-14""]",2026-04-30,31,188,10,False,,0,0,390
primary,2026-05-15,B2,-3.7351045140917943e-06,1.2810198503722998,-3.7351045140917943e-06,1.2810198503722998,2,"[""2026-05-01"", ""2026-05-04"", ""2026-05-05"", ""2026-05-06"", ""2026-05-07"", ""2026-05-08"", ""2026-05-11"", ""2026-05-12"", ""2026-05-13"", ""2026-05-14""]",2026-04-30,63,90,10,False,,0,0,390
primary,2026-05-18,B0,-2.812942767368848e-06,1.2148390872672932,-2.812942767368848e-06,1.2148390872672932,2,"[""2026-05-04"", ""2026-05-05"", ""2026-05-06"", ""2026-05-07"", ""2026-05-08"", ""2026-05-11"", ""2026-05-12"", ""2026-05-13"", ""2026-05-14"", ""2026-05-15""]",2026-05-01,31,240,10,False,,0,0,390
primary,2026-05-18,B1,-3.872423798935371e-06,1.3133187568121372,-3.872423798935371e-06,1.3133187568121372,2,"[""2026-05-04"", ""2026-05-05"", ""2026-05-06"", ""2026-05-07"", ""2026-05-08"", ""2026-05-11"", ""2026-05-12"", ""2026-05-13"", ""2026-05-14"", ""2026-05-15""]",2026-05-01,31,347,10,False,,0,0,390
primary,2026-05-18,B2,-5.628329126704174e-06,1.4050761648975443,-5.628329126704174e-06,1.4050761648975443,2,"[""2026-05-04"", ""2026-05-05"", ""2026-05-06"", ""2026-05-07"", ""2026-05-08"", ""2026-05-11"", ""2026-05-12"", ""2026-05-13"", ""2026-05-14"", ""2026-05-15""]",2026-05-01,31,137,10,False,,0,7,390
primary,2026-05-19,B0,-6.770070159465707e-06,1.4831295334072538,-6.770070159465707e-06,1.4831295334072538,2,"[""2026-05-05"", ""2026-05-06"", ""2026-05-07"", ""2026-05-08"", ""2026-05-11"", ""2026-05-12"", ""2026-05-13"", ""2026-05-14"", ""2026-05-15"", ""2026-05-18""]",2026-05-04,15,216,10,False,,0,33,390
primary,2026-05-19,B1,-7.598335132955629e-06,1.5745951741528166,-7.598335132955629e-06,1.5745951741528166,2,"[""2026-05-05"", ""2026-05-06"", ""2026-05-07"", ""2026-05-08"", ""2026-05-11"", ""2026-05-12"", ""2026-05-13"", ""2026-05-14"", ""2026-05-15"", ""2026-05-18""]",2026-05-04,63,91,10,False,,0,38,390
primary,2026-05-19,B2,-1.0364249472354068e-05,1.7458786870204344,-1.0364249472354068e-05,1.7458786870204344,2,"[""2026-05-05"", ""2026-05-06"", ""2026-05-07"", ""2026-05-08"", ""2026-05-11"", ""2026-05-12"", ""2026-05-13"", ""2026-05-14"", ""2026-05-15"", ""2026-05-18""]",2026-05-04,31,52,10,False,,0,50,390
primary,2026-05-20,B0,-5.672336843548957e-06,1.3876618710226427,-5.672336843548957e-06,1.3876618710226427,2,"[""2026-05-06"", ""2026-05-07"", ""2026-05-08"", ""2026-05-11"", ""2026-05-12"", ""2026-05-13"", ""2026-05-14"", ""2026-05-15"", ""2026-05-18"", ""2026-05-19""]",2026-05-05,15,184,10,False,,0,2,390
primary,2026-05-20,B1,-8.648492010244562e-06,1.6112775448934984,-8.648492010244562e-06,1.6112775448934984,2,"[""2026-05-06"", ""2026-05-07"", ""2026-05-08"", ""2026-05-11"", ""2026-05-12"", ""2026-05-13"", ""2026-05-14"", ""2026-05-15"", ""2026-05-18"", ""2026-05-19""]",2026-05-05,15,52,10,False,,0,44,390
primary,2026-05-20,B2,-9.222378579708288e-06,1.6326065741534477,-9.222378579708288e-06,1.6326065741534477,2,"[""2026-05-06"", ""2026-05-07"", ""2026-05-08"", ""2026-05-11"", ""2026-05-12"", ""2026-05-13"", ""2026-05-14"", ""2026-05-15"", ""2026-05-18"", ""2026-05-19""]",2026-05-05,15,59,10,False,,0,52,390
primary,2026-05-21,B0,-6.750297618654454e-06,1.4768265011315795,-6.750297618654454e-06,1.4768265011315795,2,"[""2026-05-07"", ""2026-05-08"", ""2026-05-11"", ""2026-05-12"", ""2026-05-13"", ""2026-05-14"", ""2026-05-15"", ""2026-05-18"", ""2026-05-19"", ""2026-05-20""]",2026-05-06,63,101,10,False,,0,18,390
primary,2026-05-21,B1,-7.2565594356256825e-06,1.5137449112570092,-7.2565594356256825e-06,1.5137449112570092,2,"[""2026-05-07"", ""2026-05-08"", ""2026-05-11"", ""2026-05-12"", ""2026-05-13"", ""2026-05-14"", ""2026-05-15"", ""2026-05-18"", ""2026-05-19"", ""2026-05-20""]",2026-05-06,31,197,10,False,,0,34,390
primary,2026-05-21,B2,-9.707541757213572e-06,1.6902428419064743,-9.707541757213572e-06,1.6902428419064743,2,"[""2026-05-07"", ""2026-05-08"", ""2026-05-11"", ""2026-05-12"", ""2026-05-13"", ""2026-05-14"", ""2026-05-15"", ""2026-05-18"", ""2026-05-19"", ""2026-05-20""]",2026-05-06,63,56,10,False,,0,50,390
primary,2026-05-22,B0,-5.474678351604682e-06,1.3677715409901399,-5.474678351604682e-06,1.3677715409901399,2,"[""2026-05-08"", ""2026-05-11"", ""2026-05-12"", ""2026-05-13"", ""2026-05-14"", ""2026-05-15"", ""2026-05-18"", ""2026-05-19"", ""2026-05-20"", ""2026-05-21""]",2026-05-07,15,238,10,False,,0,49,390
primary,2026-05-22,B1,-9.36293934447233e-06,1.6491696445699775,-9.36293934447233e-06,1.6491696445699775,2,"[""2026-05-08"", ""2026-05-11"", ""2026-05-12"", ""2026-05-13"", ""2026-05-14"", ""2026-05-15"", ""2026-05-18"", ""2026-05-19"", ""2026-05-20"", ""2026-05-21""]",2026-05-07,15,51,10,False,,0,151,390
primary,2026-05-22,B2,-8.615308353961022e-06,1.5904848364786177,-8.615308353961022e-06,1.5904848364786177,2,"[""2026-05-08"", ""2026-05-11"", ""2026-05-12"", ""2026-05-13"", ""2026-05-14"", ""2026-05-15"", ""2026-05-18"", ""2026-05-19"", ""2026-05-20"", ""2026-05-21""]",2026-05-07,63,63,10,False,,0,150,390
primary,2026-05-26,B0,-6.737508846448572e-06,1.4605833446597125,-6.737508846448572e-06,1.4605833446597125,2,"[""2026-05-11"", ""2026-05-12"", ""2026-05-13"", ""2026-05-14"", ""2026-05-15"", ""2026-05-18"", ""2026-05-19"", ""2026-05-20"", ""2026-05-21"", ""2026-05-22""]",2026-05-08,63,66,10,False,,0,68,390
primary,2026-05-26,B1,-7.598022292933656e-06,1.559298314325039,-7.598022292933656e-06,1.559298314325039,2,"[""2026-05-11"", ""2026-05-12"", ""2026-05-13"", ""2026-05-14"", ""2026-05-15"", ""2026-05-18"", ""2026-05-19"", ""2026-05-20"", ""2026-05-21"", ""2026-05-22""]",2026-05-08,63,47,10,False,,0,69,390
primary,2026-05-26,B2,-7.6506401298358e-06,1.531545081958379,-7.6506401298358e-06,1.531545081958379,2,"[""2026-05-11"", ""2026-05-12"", ""2026-05-13"", ""2026-05-14"", ""2026-05-15"", ""2026-05-18"", ""2026-05-19"", ""2026-05-20"", ""2026-05-21"", ""2026-05-22""]",2026-05-08,15,50,10,False,,0,78,390
primary,2026-05-27,B0,-8.040589220862859e-06,1.548177941166878,-8.040589220862859e-06,1.548177941166878,2,"[""2026-05-12"", ""2026-05-13"", ""2026-05-14"", ""2026-05-15"", ""2026-05-18"", ""2026-05-19"", ""2026-05-20"", ""2026-05-21"", ""2026-05-22"", ""2026-05-26""]",2026-05-11,63,49,10,False,,0,50,390
primary,2026-05-27,B1,-7.88473817238234e-06,1.5678904199033017,-7.88473817238234e-06,1.5678904199033017,2,"[""2026-05-12"", ""2026-05-13"", ""2026-05-14"", ""2026-05-15"", ""2026-05-18"", ""2026-05-19"", ""2026-05-20"", ""2026-05-21"", ""2026-05-22"", ""2026-05-26""]",2026-05-11,63,45,10,False,,0,42,390
primary,2026-05-27,B2,-8.279932589668155e-06,1.5868694077990315,-8.279932589668155e-06,1.5868694077990315,2,"[""2026-05-12"", ""2026-05-13"", ""2026-05-14"", ""2026-05-15"", ""2026-05-18"", ""2026-05-19"", ""2026-05-20"", ""2026-05-21"", ""2026-05-22"", ""2026-05-26""]",2026-05-11,63,46,10,False,,0,59,390
primary,2026-05-28,B0,-5.441928153000387e-06,1.3786731445811515,-5.441928153000387e-06,1.3786731445811515,2,"[""2026-05-13"", ""2026-05-14"", ""2026-05-15"", ""2026-05-18"", ""2026-05-19"", ""2026-05-20"", ""2026-05-21"", ""2026-05-22"", ""2026-05-26"", ""2026-05-27""]",2026-05-12,31,140,10,False,,0,28,390
primary,2026-05-28,B1,-8.941706465980367e-06,1.6763801892482673,-8.941706465980367e-06,1.6763801892482673,2,"[""2026-05-13"", ""2026-05-14"", ""2026-05-15"", ""2026-05-18"", ""2026-05-19"", ""2026-05-20"", ""2026-05-21"", ""2026-05-22"", ""2026-05-26"", ""2026-05-27""]",2026-05-12,63,38,10,False,,0,64,390
primary,2026-05-28,B2,-9.71085434393239e-06,1.7237677748579114,-9.71085434393239e-06,1.7237677748579114,2,"[""2026-05-13"", ""2026-05-14"", ""2026-05-15"", ""2026-05-18"", ""2026-05-19"", ""2026-05-20"", ""2026-05-21"", ""2026-05-22"", ""2026-05-26"", ""2026-05-27""]",2026-05-12,63,36,10,False,,0,69,390
primary,2026-05-29,B0,-6.526643077807381e-06,1.4369933391527956,-6.526643077807381e-06,1.4369933391527956,2,"[""2026-05-14"", ""2026-05-15"", ""2026-05-18"", ""2026-05-19"", ""2026-05-20"", ""2026-05-21"", ""2026-05-22"", ""2026-05-26"", ""2026-05-27"", ""2026-05-28""]",2026-05-13,31,77,10,False,,0,42,390
primary,2026-05-29,B1,-9.917721294839356e-06,1.7290877141986083,-9.917721294839356e-06,1.7290877141986083,2,"[""2026-05-14"", ""2026-05-15"", ""2026-05-18"", ""2026-05-19"", ""2026-05-20"", ""2026-05-21"", ""2026-05-22"", ""2026-05-26"", ""2026-05-27"", ""2026-05-28""]",2026-05-13,31,36,10,False,,0,61,390
primary,2026-05-29,B2,-9.633808310545392e-06,1.6895495716128475,-9.633808310545392e-06,1.6895495716128475,2,"[""2026-05-14"", ""2026-05-15"", ""2026-05-18"", ""2026-05-19"", ""2026-05-20"", ""2026-05-21"", ""2026-05-22"", ""2026-05-26"", ""2026-05-27"", ""2026-05-28""]",2026-05-13,15,37,10,False,,0,55,390
primary,2026-06-01,B0,-6.350137138249587e-06,1.4707824063716985,-6.350137138249587e-06,1.4707824063716985,2,"[""2026-05-15"", ""2026-05-18"", ""2026-05-19"", ""2026-05-20"", ""2026-05-21"", ""2026-05-22"", ""2026-05-26"", ""2026-05-27"", ""2026-05-28"", ""2026-05-29""]",2026-05-14,63,46,10,False,,0,12,390
primary,2026-06-01,B1,-7.759872389291355e-06,1.6049293310503054,-7.759872389291355e-06,1.6049293310503054,2,"[""2026-05-15"", ""2026-05-18"", ""2026-05-19"", ""2026-05-20"", ""2026-05-21"", ""2026-05-22"", ""2026-05-26"", ""2026-05-27"", ""2026-05-28"", ""2026-05-29""]",2026-05-14,31,36,10,False,,0,9,390
primary,2026-06-01,B2,-7.493585670547226e-06,1.5896452588964272,-7.493585670547226e-06,1.5896452588964272,2,"[""2026-05-15"", ""2026-05-18"", ""2026-05-19"", ""2026-05-20"", ""2026-05-21"", ""2026-05-22"", ""2026-05-26"", ""2026-05-27"", ""2026-05-28"", ""2026-05-29""]",2026-05-14,63,37,10,False,,0,11,390
primary,2026-06-02,B0,-6.456510526902298e-06,1.4823418184219104,-6.456510526902298e-06,1.4823418184219104,2,"[""2026-05-18"", ""2026-05-19"", ""2026-05-20"", ""2026-05-21"", ""2026-05-22"", ""2026-05-26"", ""2026-05-27"", ""2026-05-28"", ""2026-05-29"", ""2026-06-01""]",2026-05-15,63,44,10,False,,0,19,390
primary,2026-06-02,B1,-7.102609666648816e-06,1.5679476326666963,-7.102609666648816e-06,1.5679476326666963,2,"[""2026-05-18"", ""2026-05-19"", ""2026-05-20"", ""2026-05-21"", ""2026-05-22"", ""2026-05-26"", ""2026-05-27"", ""2026-05-28"", ""2026-05-29"", ""2026-06-01""]",2026-05-15,63,34,10,False,,0,10,390
primary,2026-06-02,B2,-6.854304032184701e-06,1.5377163520633514,-6.854304032184701e-06,1.5377163520633514,2,"[""2026-05-18"", ""2026-05-19"", ""2026-05-20"", ""2026-05-21"", ""2026-05-22"", ""2026-05-26"", ""2026-05-27"", ""2026-05-28"", ""2026-05-29"", ""2026-06-01""]",2026-05-15,63,39,10,False,,0,4,390
primary,2026-06-03,B0,1.95116925856435e-06,0.8546022579174721,1.95116925856435e-06,0.8546022579174721,2,"[""2026-05-19"", ""2026-05-20"", ""2026-05-21"", ""2026-05-22"", ""2026-05-26"", ""2026-05-27"", ""2026-05-28"", ""2026-05-29"", ""2026-06-01"", ""2026-06-02""]",2026-05-18,63,163,10,False,,0,0,390
primary,2026-06-03,B1,6.604052682751623e-08,1.0033040789430545,6.604052682751623e-08,1.0033040789430545,2,"[""2026-05-19"", ""2026-05-20"", ""2026-05-21"", ""2026-05-22"", ""2026-05-26"", ""2026-05-27"", ""2026-05-28"", ""2026-05-29"", ""2026-06-01"", ""2026-06-02""]",2026-05-18,63,40,10,False,,0,0,390
primary,2026-06-03,B2,-1.6096627428898795e-07,1.0041363738733045,-1.6096627428898795e-07,1.0041363738733045,2,"[""2026-05-19"", ""2026-05-20"", ""2026-05-21"", ""2026-05-22"", ""2026-05-26"", ""2026-05-27"", ""2026-05-28"", ""2026-05-29"", ""2026-06-01"", ""2026-06-02""]",2026-05-18,31,59,10,False,,0,0,390
primary,2026-06-04,B0,4.945052586440537e-07,0.9722296827375397,4.945052586440537e-07,0.9722296827375397,2,"[""2026-05-20"", ""2026-05-21"", ""2026-05-22"", ""2026-05-26"", ""2026-05-27"", ""2026-05-28"", ""2026-05-29"", ""2026-06-01"", ""2026-06-02"", ""2026-06-03""]",2026-05-19,63,152,10,False,,0,0,390
primary,2026-06-04,B1,-1.691881377645185e-06,1.1400347846270866,-1.691881377645185e-06,1.1400347846270866,2,"[""2026-05-20"", ""2026-05-21"", ""2026-05-22"", ""2026-05-26"", ""2026-05-27"", ""2026-05-28"", ""2026-05-29"", ""2026-06-01"", ""2026-06-02"", ""2026-06-03""]",2026-05-19,31,46,10,False,,0,0,390
primary,2026-06-04,B2,-1.6366480994438533e-06,1.1248016372176222,-1.6366480994438533e-06,1.1248016372176222,2,"[""2026-05-20"", ""2026-05-21"", ""2026-05-22"", ""2026-05-26"", ""2026-05-27"", ""2026-05-28"", ""2026-05-29"", ""2026-06-01"", ""2026-06-02"", ""2026-06-03""]",2026-05-19,31,58,10,False,,0,0,390
primary,2026-06-05,B0,5.109584966669009e-07,0.9643685948518756,5.109584966669009e-07,0.9643685948518756,2,"[""2026-05-21"", ""2026-05-22"", ""2026-05-26"", ""2026-05-27"", ""2026-05-28"", ""2026-05-29"", ""2026-06-01"", ""2026-06-02"", ""2026-06-03"", ""2026-06-04""]",2026-05-20,31,142,10,False,,0,0,390
primary,2026-06-05,B1,-1.530268209320095e-06,1.13743418137576,-1.530268209320095e-06,1.13743418137576,2,"[""2026-05-21"", ""2026-05-22"", ""2026-05-26"", ""2026-05-27"", ""2026-05-28"", ""2026-05-29"", ""2026-06-01"", ""2026-06-02"", ""2026-06-03"", ""2026-06-04""]",2026-05-20,63,43,10,False,,0,0,390
primary,2026-06-05,B2,-1.942320381086018e-06,1.1575186868714553,-1.942320381086018e-06,1.1575186868714553,2,"[""2026-05-21"", ""2026-05-22"", ""2026-05-26"", ""2026-05-27"", ""2026-05-28"", ""2026-05-29"", ""2026-06-01"", ""2026-06-02"", ""2026-06-03"", ""2026-06-04""]",2026-05-20,63,43,10,False,,0,0,390
primary,2026-06-08,B0,-1.7370995591400504e-05,2.3137096065710288,-1.7370995591400504e-05,2.3137096065710288,2,"[""2026-05-22"", ""2026-05-26"", ""2026-05-27"", ""2026-05-28"", ""2026-05-29"", ""2026-06-01"", ""2026-06-02"", ""2026-06-03"", ""2026-06-04"", ""2026-06-05""]",2026-05-21,63,33,10,False,,0,14,390
primary,2026-06-08,B1,-1.4820930751893154e-05,2.128141659833613,-1.4820930751893154e-05,2.128141659833613,2,"[""2026-05-22"", ""2026-05-26"", ""2026-05-27"", ""2026-05-28"", ""2026-05-29"", ""2026-06-01"", ""2026-06-02"", ""2026-06-03"", ""2026-06-04"", ""2026-06-05""]",2026-05-21,15,41,10,False,,0,8,390
primary,2026-06-08,B2,-1.5798160678607637e-05,2.223173589498969,-1.5798160678607637e-05,2.223173589498969,2,"[""2026-05-22"", ""2026-05-26"", ""2026-05-27"", ""2026-05-28"", ""2026-05-29"", ""2026-06-01"", ""2026-06-02"", ""2026-06-03"", ""2026-06-04"", ""2026-06-05""]",2026-05-21,63,36,10,False,,0,8,390
primary,2026-06-09,B0,-1.6666464544699836e-05,2.2377368275563856,-1.6666464544699836e-05,2.2377368275563856,2,"[""2026-05-26"", ""2026-05-27"", ""2026-05-28"", ""2026-05-29"", ""2026-06-01"", ""2026-06-02"", ""2026-06-03"", ""2026-06-04"", ""2026-06-05"", ""2026-06-08""]",2026-05-22,63,33,10,False,,0,0,390
primary,2026-06-09,B1,-1.7153982669945608e-05,2.308945892322303,-1.7153982669945608e-05,2.308945892322303,2,"[""2026-05-26"", ""2026-05-27"", ""2026-05-28"", ""2026-05-29"", ""2026-06-01"", ""2026-06-02"", ""2026-06-03"", ""2026-06-04"", ""2026-06-05"", ""2026-06-08""]",2026-05-22,63,28,10,False,,0,0,390
primary,2026-06-09,B2,-1.6597957139669714e-05,2.260856959222317,-1.6597957139669714e-05,2.260856959222317,2,"[""2026-05-26"", ""2026-05-27"", ""2026-05-28"", ""2026-05-29"", ""2026-06-01"", ""2026-06-02"", ""2026-06-03"", ""2026-06-04"", ""2026-06-05"", ""2026-06-08""]",2026-05-22,63,30,10,False,,0,0,390
primary,2026-06-10,B0,-1.205118241987717e-05,1.9026932657161724,-1.205118241987717e-05,1.9026932657161724,2,"[""2026-05-27"", ""2026-05-28"", ""2026-05-29"", ""2026-06-01"", ""2026-06-02"", ""2026-06-03"", ""2026-06-04"", ""2026-06-05"", ""2026-06-08"", ""2026-06-09""]",2026-05-26,63,45,10,False,,0,0,390
primary,2026-06-10,B1,-1.517067682151023e-05,2.151366084377109,-1.517067682151023e-05,2.151366084377109,2,"[""2026-05-27"", ""2026-05-28"", ""2026-05-29"", ""2026-06-01"", ""2026-06-02"", ""2026-06-03"", ""2026-06-04"", ""2026-06-05"", ""2026-06-08"", ""2026-06-09""]",2026-05-26,63,41,10,False,,0,0,390
primary,2026-06-10,B2,-1.4740148132304711e-05,2.1065366246683923,-1.4740148132304711e-05,2.1065366246683923,2,"[""2026-05-27"", ""2026-05-28"", ""2026-05-29"", ""2026-06-01"", ""2026-06-02"", ""2026-06-03"", ""2026-06-04"", ""2026-06-05"", ""2026-06-08"", ""2026-06-09""]",2026-05-26,63,44,10,False,,0,0,390
primary,2026-06-11,B0,-1.0869594547324832e-05,1.7979203722531225,-1.0869594547324832e-05,1.7979203722531225,2,"[""2026-05-28"", ""2026-05-29"", ""2026-06-01"", ""2026-06-02"", ""2026-06-03"", ""2026-06-04"", ""2026-06-05"", ""2026-06-08"", ""2026-06-09"", ""2026-06-10""]",2026-05-27,63,45,10,False,,0,0,390
primary,2026-06-11,B1,-1.0098749856789347e-05,1.7297102796826809,-1.0098749856789347e-05,1.7297102796826809,2,"[""2026-05-28"", ""2026-05-29"", ""2026-06-01"", ""2026-06-02"", ""2026-06-03"", ""2026-06-04"", ""2026-06-05"", ""2026-06-08"", ""2026-06-09"", ""2026-06-10""]",2026-05-27,15,94,10,False,,0,0,390
primary,2026-06-11,B2,-1.0911190727213304e-05,1.7736467822351656,-1.0911190727213304e-05,1.7736467822351656,2,"[""2026-05-28"", ""2026-05-29"", ""2026-06-01"", ""2026-06-02"", ""2026-06-03"", ""2026-06-04"", ""2026-06-05"", ""2026-06-08"", ""2026-06-09"", ""2026-06-10""]",2026-05-27,15,87,10,False,,0,3,390
primary,2026-06-12,B0,-9.335836199469437e-06,1.7009955565069241,-9.335836199469437e-06,1.7009955565069241,2,"[""2026-05-29"", ""2026-06-01"", ""2026-06-02"", ""2026-06-03"", ""2026-06-04"", ""2026-06-05"", ""2026-06-08"", ""2026-06-09"", ""2026-06-10"", ""2026-06-11""]",2026-05-28,63,47,10,False,,0,3,390
primary,2026-06-12,B1,-8.352284433176238e-06,1.624444536140493,-8.352284433176238e-06,1.624444536140493,2,"[""2026-05-29"", ""2026-06-01"", ""2026-06-02"", ""2026-06-03"", ""2026-06-04"", ""2026-06-05"", ""2026-06-08"", ""2026-06-09"", ""2026-06-10"", ""2026-06-11""]",2026-05-28,15,130,10,False,,0,7,390
primary,2026-06-12,B2,-8.809649079020093e-06,1.6381210045254546,-8.809649079020093e-06,1.6381210045254546,2,"[""2026-05-29"", ""2026-06-01"", ""2026-06-02"", ""2026-06-03"", ""2026-06-04"", ""2026-06-05"", ""2026-06-08"", ""2026-06-09"", ""2026-06-10"", ""2026-06-11""]",2026-05-28,31,102,10,False,,0,8,390
primary,2026-06-15,B0,-1.0264734229851226e-05,1.7041909197889868,-1.0264734229851226e-05,1.7041909197889868,2,"[""2026-06-01"", ""2026-06-02"", ""2026-06-03"", ""2026-06-04"", ""2026-06-05"", ""2026-06-08"", ""2026-06-09"", ""2026-06-10"", ""2026-06-11"", ""2026-06-12""]",2026-05-29,63,48,10,False,,0,92,390
primary,2026-06-15,B1,-9.245093403206385e-06,1.6283928021910878,-9.245093403206385e-06,1.6283928021910878,2,"[""2026-06-01"", ""2026-06-02"", ""2026-06-03"", ""2026-06-04"", ""2026-06-05"", ""2026-06-08"", ""2026-06-09"", ""2026-06-10"", ""2026-06-11"", ""2026-06-12""]",2026-05-29,15,125,10,False,,0,93,390
primary,2026-06-15,B2,-1.0122313888595045e-05,1.6733196938556596,-1.0122313888595045e-05,1.6733196938556596,2,"[""2026-06-01"", ""2026-06-02"", ""2026-06-03"", ""2026-06-04"", ""2026-06-05"", ""2026-06-08"", ""2026-06-09"", ""2026-06-10"", ""2026-06-11"", ""2026-06-12""]",2026-05-29,31,115,10,False,,0,123,390
primary,2026-06-16,B0,-6.412871145926293e-06,1.4004152428965286,-6.412871145926293e-06,1.4004152428965286,2,"[""2026-06-02"", ""2026-06-03"", ""2026-06-04"", ""2026-06-05"", ""2026-06-08"", ""2026-06-09"", ""2026-06-10"", ""2026-06-11"", ""2026-06-12"", ""2026-06-15""]",2026-06-01,15,119,10,False,,0,27,390
primary,2026-06-16,B1,-1.0086456993012142e-05,1.668857993924114,-1.0086456993012142e-05,1.668857993924114,2,"[""2026-06-02"", ""2026-06-03"", ""2026-06-04"", ""2026-06-05"", ""2026-06-08"", ""2026-06-09"", ""2026-06-10"", ""2026-06-11"", ""2026-06-12"", ""2026-06-15""]",2026-06-01,15,150,10,False,,0,96,390
primary,2026-06-16,B2,-1.13374595079909e-05,1.7251416709325174,-1.13374595079909e-05,1.7251416709325174,2,"[""2026-06-02"", ""2026-06-03"", ""2026-06-04"", ""2026-06-05"", ""2026-06-08"", ""2026-06-09"", ""2026-06-10"", ""2026-06-11"", ""2026-06-12"", ""2026-06-15""]",2026-06-01,15,129,10,False,,0,118,390
primary,2026-06-17,B0,-7.96918553416293e-06,1.5045214149700146,-7.96918553416293e-06,1.5045214149700146,2,"[""2026-06-03"", ""2026-06-04"", ""2026-06-05"", ""2026-06-08"", ""2026-06-09"", ""2026-06-10"", ""2026-06-11"", ""2026-06-12"", ""2026-06-15"", ""2026-06-16""]",2026-06-02,31,72,10,False,,0,0,390
primary,2026-06-17,B1,-1.0406127808815616e-05,1.6844699003954378,-1.0406127808815616e-05,1.6844699003954378,2,"[""2026-06-03"", ""2026-06-04"", ""2026-06-05"", ""2026-06-08"", ""2026-06-09"", ""2026-06-10"", ""2026-06-11"", ""2026-06-12"", ""2026-06-15"", ""2026-06-16""]",2026-06-02,15,117,10,False,,0,66,390
primary,2026-06-17,B2,-1.1219576237554899e-05,1.7248697008150613,-1.1219576237554899e-05,1.7248697008150613,2,"[""2026-06-03"", ""2026-06-04"", ""2026-06-05"", ""2026-06-08"", ""2026-06-09"", ""2026-06-10"", ""2026-06-11"", ""2026-06-12"", ""2026-06-15"", ""2026-06-16""]",2026-06-02,15,126,10,False,,0,71,390
primary,2026-06-18,B0,-1.0370016097237832e-05,1.7105357528087721,-1.0370016097237832e-05,1.7105357528087721,2,"[""2026-06-04"", ""2026-06-05"", ""2026-06-08"", ""2026-06-09"", ""2026-06-10"", ""2026-06-11"", ""2026-06-12"", ""2026-06-15"", ""2026-06-16"", ""2026-06-17""]",2026-06-03,63,50,10,False,,0,20,390
primary,2026-06-18,B1,-8.48654538810788e-06,1.623872992054931,-8.48654538810788e-06,1.623872992054931,2,"[""2026-06-04"", ""2026-06-05"", ""2026-06-08"", ""2026-06-09"", ""2026-06-10"", ""2026-06-11"", ""2026-06-12"", ""2026-06-15"", ""2026-06-16"", ""2026-06-17""]",2026-06-03,15,95,10,False,,0,33,390
primary,2026-06-18,B2,-9.648865723817795e-06,1.6871693846143876,-9.648865723817795e-06,1.6871693846143876,2,"[""2026-06-04"", ""2026-06-05"", ""2026-06-08"", ""2026-06-09"", ""2026-06-10"", ""2026-06-11"", ""2026-06-12"", ""2026-06-15"", ""2026-06-16"", ""2026-06-17""]",2026-06-03,15,95,10,False,,0,34,390
primary,2026-06-22,B0,-5.335388252225504e-06,1.3630639765758403,-5.335388252225504e-06,1.3630639765758403,2,"[""2026-06-05"", ""2026-06-08"", ""2026-06-09"", ""2026-06-10"", ""2026-06-11"", ""2026-06-12"", ""2026-06-15"", ""2026-06-16"", ""2026-06-17"", ""2026-06-18""]",2026-06-04,15,144,10,False,,0,0,390
primary,2026-06-22,B1,-7.659787557572535e-06,1.5935679593763283,-7.659787557572535e-06,1.5935679593763283,2,"[""2026-06-05"", ""2026-06-08"", ""2026-06-09"", ""2026-06-10"", ""2026-06-11"", ""2026-06-12"", ""2026-06-15"", ""2026-06-16"", ""2026-06-17"", ""2026-06-18""]",2026-06-04,15,92,10,False,,0,20,390
primary,2026-06-22,B2,-9.239047260396052e-06,1.6830023350947814,-9.239047260396052e-06,1.6830023350947814,2,"[""2026-06-05"", ""2026-06-08"", ""2026-06-09"", ""2026-06-10"", ""2026-06-11"", ""2026-06-12"", ""2026-06-15"", ""2026-06-16"", ""2026-06-17"", ""2026-06-18""]",2026-06-04,15,89,10,False,,0,24,390
primary,2026-06-23,B0,-5.093441689688789e-06,1.319755394143741,-5.093441689688789e-06,1.319755394143741,2,"[""2026-06-08"", ""2026-06-09"", ""2026-06-10"", ""2026-06-11"", ""2026-06-12"", ""2026-06-15"", ""2026-06-16"", ""2026-06-17"", ""2026-06-18"", ""2026-06-22""]",2026-06-05,63,136,10,False,,0,0,390
primary,2026-06-23,B1,-6.359023719222287e-06,1.4817720801047782,-6.359023719222287e-06,1.4817720801047782,2,"[""2026-06-08"", ""2026-06-09"", ""2026-06-10"", ""2026-06-11"", ""2026-06-12"", ""2026-06-15"", ""2026-06-16"", ""2026-06-17"", ""2026-06-18"", ""2026-06-22""]",2026-06-05,63,178,10,False,,0,0,390
primary,2026-06-23,B2,-6.997023393074433e-06,1.5230224928159972,-6.997023393074433e-06,1.5230224928159972,2,"[""2026-06-08"", ""2026-06-09"", ""2026-06-10"", ""2026-06-11"", ""2026-06-12"", ""2026-06-15"", ""2026-06-16"", ""2026-06-17"", ""2026-06-18"", ""2026-06-22""]",2026-06-05,15,702,10,False,,0,1,390
primary,2026-06-24,B0,-6.1481665263091465e-06,1.3688777167216006,-6.1481665263091465e-06,1.3688777167216006,2,"[""2026-06-09"", ""2026-06-10"", ""2026-06-11"", ""2026-06-12"", ""2026-06-15"", ""2026-06-16"", ""2026-06-17"", ""2026-06-18"", ""2026-06-22"", ""2026-06-23""]",2026-06-08,31,359,10,False,,0,0,390
primary,2026-06-24,B1,-7.314389194562652e-06,1.520837037235126,-7.314389194562652e-06,1.520837037235126,2,"[""2026-06-09"", ""2026-06-10"", ""2026-06-11"", ""2026-06-12"", ""2026-06-15"", ""2026-06-16"", ""2026-06-17"", ""2026-06-18"", ""2026-06-22"", ""2026-06-23""]",2026-06-08,63,126,10,False,,0,0,390
primary,2026-06-24,B2,-8.560601208917776e-06,1.5901995981074506,-8.560601208917776e-06,1.5901995981074506,2,"[""2026-06-09"", ""2026-06-10"", ""2026-06-11"", ""2026-06-12"", ""2026-06-15"", ""2026-06-16"", ""2026-06-17"", ""2026-06-18"", ""2026-06-22"", ""2026-06-23""]",2026-06-08,15,347,10,False,,0,0,390
primary,2026-06-25,B0,-4.28154739748221e-06,1.2468268019863034,-4.28154739748221e-06,1.2468268019863034,2,"[""2026-06-10"", ""2026-06-11"", ""2026-06-12"", ""2026-06-15"", ""2026-06-16"", ""2026-06-17"", ""2026-06-18"", ""2026-06-22"", ""2026-06-23"", ""2026-06-24""]",2026-06-09,31,442,10,False,,0,0,390
primary,2026-06-25,B1,-5.2311887661166255e-06,1.3665753871233806,-5.2311887661166255e-06,1.3665753871233806,2,"[""2026-06-10"", ""2026-06-11"", ""2026-06-12"", ""2026-06-15"", ""2026-06-16"", ""2026-06-17"", ""2026-06-18"", ""2026-06-22"", ""2026-06-23"", ""2026-06-24""]",2026-06-09,15,201,10,False,,0,0,390
primary,2026-06-25,B2,-5.447964281210704e-06,1.3724585283420985,-5.447964281210704e-06,1.3724585283420985,2,"[""2026-06-10"", ""2026-06-11"", ""2026-06-12"", ""2026-06-15"", ""2026-06-16"", ""2026-06-17"", ""2026-06-18"", ""2026-06-22"", ""2026-06-23"", ""2026-06-24""]",2026-06-09,63,158,10,False,,0,0,390
primary,2026-06-26,B0,-4.312497113400402e-06,1.2542930224627955,-4.312497113400402e-06,1.2542930224627955,2,"[""2026-06-11"", ""2026-06-12"", ""2026-06-15"", ""2026-06-16"", ""2026-06-17"", ""2026-06-18"", ""2026-06-22"", ""2026-06-23"", ""2026-06-24"", ""2026-06-25""]",2026-06-10,31,870,10,False,,0,0,390
primary,2026-06-26,B1,-4.2996434779027715e-06,1.3202402238354964,-4.2996434779027715e-06,1.3202402238354964,2,"[""2026-06-11"", ""2026-06-12"", ""2026-06-15"", ""2026-06-16"", ""2026-06-17"", ""2026-06-18"", ""2026-06-22"", ""2026-06-23"", ""2026-06-24"", ""2026-06-25""]",2026-06-10,31,437,10,False,,0,0,390
primary,2026-06-26,B2,-4.829169474574404e-06,1.329165097530695,-4.829169474574404e-06,1.329165097530695,2,"[""2026-06-11"", ""2026-06-12"", ""2026-06-15"", ""2026-06-16"", ""2026-06-17"", ""2026-06-18"", ""2026-06-22"", ""2026-06-23"", ""2026-06-24"", ""2026-06-25""]",2026-06-10,15,582,10,False,,0,0,390
primary,2026-06-29,B0,-2.6132160282247584e-06,1.1537891528587805,-2.6132160282247584e-06,1.1537891528587805,2,"[""2026-06-12"", ""2026-06-15"", ""2026-06-16"", ""2026-06-17"", ""2026-06-18"", ""2026-06-22"", ""2026-06-23"", ""2026-06-24"", ""2026-06-25"", ""2026-06-26""]",2026-06-11,63,280,10,False,,0,0,390
primary,2026-06-29,B1,-2.960546109656004e-06,1.2077582847319077,-2.960546109656004e-06,1.2077582847319077,2,"[""2026-06-12"", ""2026-06-15"", ""2026-06-16"", ""2026-06-17"", ""2026-06-18"", ""2026-06-22"", ""2026-06-23"", ""2026-06-24"", ""2026-06-25"", ""2026-06-26""]",2026-06-11,15,179,10,False,,0,0,390
primary,2026-06-29,B2,-2.9956170159785197e-06,1.1949722411738148,-2.9956170159785197e-06,1.1949722411738148,2,"[""2026-06-12"", ""2026-06-15"", ""2026-06-16"", ""2026-06-17"", ""2026-06-18"", ""2026-06-22"", ""2026-06-23"", ""2026-06-24"", ""2026-06-25"", ""2026-06-26""]",2026-06-11,15,150,10,False,,0,0,390
primary,2026-06-30,B0,-3.4675879602687805e-06,1.2042128416311084,-3.4675879602687805e-06,1.2042128416311084,2,"[""2026-06-15"", ""2026-06-16"", ""2026-06-17"", ""2026-06-18"", ""2026-06-22"", ""2026-06-23"", ""2026-06-24"", ""2026-06-25"", ""2026-06-26"", ""2026-06-29""]",2026-06-12,63,230,10,False,,0,0,390
primary,2026-06-30,B1,-3.6818927538714886e-06,1.2641901362704986,-3.6818927538714886e-06,1.2641901362704986,2,"[""2026-06-15"", ""2026-06-16"", ""2026-06-17"", ""2026-06-18"", ""2026-06-22"", ""2026-06-23"", ""2026-06-24"", ""2026-06-25"", ""2026-06-26"", ""2026-06-29""]",2026-06-12,63,69,10,False,,0,0,390
primary,2026-06-30,B2,-2.844265232616325e-06,1.1834334068769305,-2.844265232616325e-06,1.1834334068769305,2,"[""2026-06-15"", ""2026-06-16"", ""2026-06-17"", ""2026-06-18"", ""2026-06-22"", ""2026-06-23"", ""2026-06-24"", ""2026-06-25"", ""2026-06-26"", ""2026-06-29""]",2026-06-12,15,163,10,False,,0,0,390
primary,2026-07-01,B0,-2.9809600600448435e-06,1.1778140147179714,-2.9809600600448435e-06,1.1778140147179714,2,"[""2026-06-16"", ""2026-06-17"", ""2026-06-18"", ""2026-06-22"", ""2026-06-23"", ""2026-06-24"", ""2026-06-25"", ""2026-06-26"", ""2026-06-29"", ""2026-06-30""]",2026-06-15,31,182,10,False,,0,0,390
primary,2026-07-01,B1,-4.066787680227063e-06,1.320963677551935,-4.066787680227063e-06,1.320963677551935,2,"[""2026-06-16"", ""2026-06-17"", ""2026-06-18"", ""2026-06-22"", ""2026-06-23"", ""2026-06-24"", ""2026-06-25"", ""2026-06-26"", ""2026-06-29"", ""2026-06-30""]",2026-06-15,63,45,10,False,,0,0,390
primary,2026-07-01,B2,-2.448430400373942e-06,1.2009437213331962,-2.448430400373942e-06,1.2009437213331962,2,"[""2026-06-16"", ""2026-06-17"", ""2026-06-18"", ""2026-06-22"", ""2026-06-23"", ""2026-06-24"", ""2026-06-25"", ""2026-06-26"", ""2026-06-29"", ""2026-06-30""]",2026-06-15,63,66,10,False,,0,0,390
primary,2026-07-02,B0,-1.5445398256299786e-06,1.1179698500344621,-1.5445398256299786e-06,1.1179698500344621,2,"[""2026-06-17"", ""2026-06-18"", ""2026-06-22"", ""2026-06-23"", ""2026-06-24"", ""2026-06-25"", ""2026-06-26"", ""2026-06-29"", ""2026-06-30"", ""2026-07-01""]",2026-06-16,63,151,10,False,,0,0,390
primary,2026-07-02,B1,-2.42533789424849e-06,1.2191475011803323,-2.42533789424849e-06,1.2191475011803323,2,"[""2026-06-17"", ""2026-06-18"", ""2026-06-22"", ""2026-06-23"", ""2026-06-24"", ""2026-06-25"", ""2026-06-26"", ""2026-06-29"", ""2026-06-30"", ""2026-07-01""]",2026-06-16,15,51,10,False,,0,0,390
primary,2026-07-02,B2,-3.312941942526336e-07,1.070375863989397,-3.312941942526336e-07,1.070375863989397,2,"[""2026-06-17"", ""2026-06-18"", ""2026-06-22"", ""2026-06-23"", ""2026-06-24"", ""2026-06-25"", ""2026-06-26"", ""2026-06-29"", ""2026-06-30"", ""2026-07-01""]",2026-06-16,15,130,10,False,,0,0,390
primary,2026-07-06,B0,-1.5682270436082864e-07,1.0201154793934994,-1.5682270436082864e-07,1.0201154793934994,2,"[""2026-06-18"", ""2026-06-22"", ""2026-06-23"", ""2026-06-24"", ""2026-06-25"", ""2026-06-26"", ""2026-06-29"", ""2026-06-30"", ""2026-07-01"", ""2026-07-02""]",2026-06-17,63,149,10,False,,0,0,390
primary,2026-07-06,B1,-1.1301182244367412e-06,1.1031153647767,-1.1301182244367412e-06,1.1031153647767,2,"[""2026-06-18"", ""2026-06-22"", ""2026-06-23"", ""2026-06-24"", ""2026-06-25"", ""2026-06-26"", ""2026-06-29"", ""2026-06-30"", ""2026-07-01"", ""2026-07-02""]",2026-06-17,63,180,10,False,,0,0,390
primary,2026-07-06,B2,-9.682502363638278e-07,1.0862594797665763,-9.682502363638278e-07,1.0862594797665763,2,"[""2026-06-18"", ""2026-06-22"", ""2026-06-23"", ""2026-06-24"", ""2026-06-25"", ""2026-06-26"", ""2026-06-29"", ""2026-06-30"", ""2026-07-01"", ""2026-07-02""]",2026-06-17,63,213,10,False,,0,0,390
primary,2026-07-07,B0,-2.296834353231694e-06,1.1122948461985134,-2.296834353231694e-06,1.1122948461985134,2,"[""2026-06-22"", ""2026-06-23"", ""2026-06-24"", ""2026-06-25"", ""2026-06-26"", ""2026-06-29"", ""2026-06-30"", ""2026-07-01"", ""2026-07-02"", ""2026-07-06""]",2026-06-18,31,208,10,False,,0,0,390
primary,2026-07-07,B1,-2.7500746276185387e-06,1.1696895014008921,-2.7500746276185387e-06,1.1696895014008921,2,"[""2026-06-22"", ""2026-06-23"", ""2026-06-24"", ""2026-06-25"", ""2026-06-26"", ""2026-06-29"", ""2026-06-30"", ""2026-07-01"", ""2026-07-02"", ""2026-07-06""]",2026-06-18,63,179,10,False,,0,0,390
primary,2026-07-07,B2,-3.792632143507229e-06,1.2010009162944233,-3.792632143507229e-06,1.2010009162944233,2,"[""2026-06-22"", ""2026-06-23"", ""2026-06-24"", ""2026-06-25"", ""2026-06-26"", ""2026-06-29"", ""2026-06-30"", ""2026-07-01"", ""2026-07-02"", ""2026-07-06""]",2026-06-18,31,202,10,False,,0,0,390
primary,2026-07-08,B0,-2.184941618800102e-06,1.113900163437609,-2.184941618800102e-06,1.113900163437609,2,"[""2026-06-23"", ""2026-06-24"", ""2026-06-25"", ""2026-06-26"", ""2026-06-29"", ""2026-06-30"", ""2026-07-01"", ""2026-07-02"", ""2026-07-06"", ""2026-07-07""]",2026-06-22,31,286,10,False,,0,0,390
primary,2026-07-08,B1,-3.310495642502555e-06,1.199513051237007,-3.310495642502555e-06,1.199513051237007,2,"[""2026-06-23"", ""2026-06-24"", ""2026-06-25"", ""2026-06-26"", ""2026-06-29"", ""2026-06-30"", ""2026-07-01"", ""2026-07-02"", ""2026-07-06"", ""2026-07-07""]",2026-06-22,31,251,10,False,,0,0,390
primary,2026-07-08,B2,-3.264761206301612e-06,1.1793186986958755,-3.264761206301612e-06,1.1793186986958755,2,"[""2026-06-23"", ""2026-06-24"", ""2026-06-25"", ""2026-06-26"", ""2026-06-29"", ""2026-06-30"", ""2026-07-01"", ""2026-07-02"", ""2026-07-06"", ""2026-07-07""]",2026-06-22,31,254,10,False,,0,0,390
primary,2026-07-09,B0,-5.2918233962880687e-08,1.0074258317026326,-5.2918233962880687e-08,1.0074258317026326,2,"[""2026-06-24"", ""2026-06-25"", ""2026-06-26"", ""2026-06-29"", ""2026-06-30"", ""2026-07-01"", ""2026-07-02"", ""2026-07-06"", ""2026-07-07"", ""2026-07-08""]",2026-06-23,15,524,10,False,,0,0,390
primary,2026-07-09,B1,-2.734611608695991e-06,1.178343432882392,-2.734611608695991e-06,1.178343432882392,2,"[""2026-06-24"", ""2026-06-25"", ""2026-06-26"", ""2026-06-29"", ""2026-06-30"", ""2026-07-01"", ""2026-07-02"", ""2026-07-06"", ""2026-07-07"", ""2026-07-08""]",2026-06-23,63,169,10,False,,0,0,390
primary,2026-07-09,B2,-2.5632372374039756e-06,1.16976156671283,-2.5632372374039756e-06,1.16976156671283,2,"[""2026-06-24"", ""2026-06-25"", ""2026-06-26"", ""2026-06-29"", ""2026-06-30"", ""2026-07-01"", ""2026-07-02"", ""2026-07-06"", ""2026-07-07"", ""2026-07-08""]",2026-06-23,63,188,10,False,,0,0,390
primary,2026-07-10,B0,-6.640293444636236e-07,1.0440213728993557,-6.640293444636236e-07,1.0440213728993557,2,"[""2026-06-25"", ""2026-06-26"", ""2026-06-29"", ""2026-06-30"", ""2026-07-01"", ""2026-07-02"", ""2026-07-06"", ""2026-07-07"", ""2026-07-08"", ""2026-07-09""]",2026-06-24,15,482,10,False,,0,0,390
primary,2026-07-10,B1,-3.437767702893581e-06,1.2102072051392343,-3.437767702893581e-06,1.2102072051392343,2,"[""2026-06-25"", ""2026-06-26"", ""2026-06-29"", ""2026-06-30"", ""2026-07-01"", ""2026-07-02"", ""2026-07-06"", ""2026-07-07"", ""2026-07-08"", ""2026-07-09""]",2026-06-24,63,112,10,False,,0,7,390
primary,2026-07-10,B2,-2.408001582862711e-06,1.1607176196528914,-2.408001582862711e-06,1.1607176196528914,2,"[""2026-06-25"", ""2026-06-26"", ""2026-06-29"", ""2026-06-30"", ""2026-07-01"", ""2026-07-02"", ""2026-07-06"", ""2026-07-07"", ""2026-07-08"", ""2026-07-09""]",2026-06-24,63,259,10,False,,0,0,390
primary,2026-07-13,B0,-1.2914533235432596e-06,1.0706604547433056,-1.2914533235432596e-06,1.0706604547433056,2,"[""2026-06-26"", ""2026-06-29"", ""2026-06-30"", ""2026-07-01"", ""2026-07-02"", ""2026-07-06"", ""2026-07-07"", ""2026-07-08"", ""2026-07-09"", ""2026-07-10""]",2026-06-25,15,301,10,False,,0,0,390
primary,2026-07-13,B1,-3.1985882611774295e-06,1.2036013997150348,-3.1985882611774295e-06,1.2036013997150348,2,"[""2026-06-26"", ""2026-06-29"", ""2026-06-30"", ""2026-07-01"", ""2026-07-02"", ""2026-07-06"", ""2026-07-07"", ""2026-07-08"", ""2026-07-09"", ""2026-07-10""]",2026-06-25,63,125,10,False,,0,0,390
primary,2026-07-13,B2,-4.011833429071497e-06,1.241199241241346,-4.011833429071497e-06,1.241199241241346,2,"[""2026-06-26"", ""2026-06-29"", ""2026-06-30"", ""2026-07-01"", ""2026-07-02"", ""2026-07-06"", ""2026-07-07"", ""2026-07-08"", ""2026-07-09"", ""2026-07-10""]",2026-06-25,63,97,10,False,,0,0,390
primary,2026-07-14,B0,1.9576209110217453e-07,0.9822524033971928,1.9576209110217453e-07,0.9822524033971928,2,"[""2026-06-29"", ""2026-06-30"", ""2026-07-01"", ""2026-07-02"", ""2026-07-06"", ""2026-07-07"", ""2026-07-08"", ""2026-07-09"", ""2026-07-10"", ""2026-07-13""]",2026-06-26,31,381,10,False,,0,0,390
primary,2026-07-14,B1,-2.14088798611979e-06,1.1179357083303687,-2.14088798611979e-06,1.1179357083303687,2,"[""2026-06-29"", ""2026-06-30"", ""2026-07-01"", ""2026-07-02"", ""2026-07-06"", ""2026-07-07"", ""2026-07-08"", ""2026-07-09"", ""2026-07-10"", ""2026-07-13""]",2026-06-26,63,152,10,False,,0,0,390
primary,2026-07-14,B2,-1.5740583883837791e-06,1.0818325156468176,-1.5740583883837791e-06,1.0818325156468176,2,"[""2026-06-29"", ""2026-06-30"", ""2026-07-01"", ""2026-07-02"", ""2026-07-06"", ""2026-07-07"", ""2026-07-08"", ""2026-07-09"", ""2026-07-10"", ""2026-07-13""]",2026-06-26,63,143,10,False,,0,0,390
primary,2026-07-15,B0,-7.7073853859538e-07,1.0203969215408977,-7.7073853859538e-07,1.0203969215408977,2,"[""2026-06-30"", ""2026-07-01"", ""2026-07-02"", ""2026-07-06"", ""2026-07-07"", ""2026-07-08"", ""2026-07-09"", ""2026-07-10"", ""2026-07-13"", ""2026-07-14""]",2026-06-29,15,311,10,False,,0,0,390
primary,2026-07-15,B1,-3.086904949063846e-06,1.174858754719108,-3.086904949063846e-06,1.174858754719108,2,"[""2026-06-30"", ""2026-07-01"", ""2026-07-02"", ""2026-07-06"", ""2026-07-07"", ""2026-07-08"", ""2026-07-09"", ""2026-07-10"", ""2026-07-13"", ""2026-07-14""]",2026-06-29,63,127,10,False,,0,0,390
primary,2026-07-15,B2,-3.2075742560563127e-06,1.1784269361258963,-3.2075742560563127e-06,1.1784269361258963,2,"[""2026-06-30"", ""2026-07-01"", ""2026-07-02"", ""2026-07-06"", ""2026-07-07"", ""2026-07-08"", ""2026-07-09"", ""2026-07-10"", ""2026-07-13"", ""2026-07-14""]",2026-06-29,63,114,10,False,,0,0,390
primary,2026-07-16,B0,-1.1820520490278694e-06,1.080333968568352,-1.1820520490278694e-06,1.080333968568352,2,"[""2026-07-01"", ""2026-07-02"", ""2026-07-06"", ""2026-07-07"", ""2026-07-08"", ""2026-07-09"", ""2026-07-10"", ""2026-07-13"", ""2026-07-14"", ""2026-07-15""]",2026-06-30,63,290,10,False,,0,0,390
primary,2026-07-16,B1,-4.728798836360963e-06,1.2709928030139694,-4.728798836360963e-06,1.2709928030139694,2,"[""2026-07-01"", ""2026-07-02"", ""2026-07-06"", ""2026-07-07"", ""2026-07-08"", ""2026-07-09"", ""2026-07-10"", ""2026-07-13"", ""2026-07-14"", ""2026-07-15""]",2026-06-30,63,130,10,False,,0,0,390
primary,2026-07-16,B2,-3.5552462865713447e-06,1.2027628496418115,-3.5552462865713447e-06,1.2027628496418115,2,"[""2026-07-01"", ""2026-07-02"", ""2026-07-06"", ""2026-07-07"", ""2026-07-08"", ""2026-07-09"", ""2026-07-10"", ""2026-07-13"", ""2026-07-14"", ""2026-07-15""]",2026-06-30,63,161,10,False,,0,0,390
primary,2026-07-17,B0,-1.891754071445481e-07,1.0268185537379801,-1.891754071445481e-07,1.0268185537379801,2,"[""2026-07-02"", ""2026-07-06"", ""2026-07-07"", ""2026-07-08"", ""2026-07-09"", ""2026-07-10"", ""2026-07-13"", ""2026-07-14"", ""2026-07-15"", ""2026-07-16""]",2026-07-01,31,443,10,False,,0,0,390
primary,2026-07-17,B1,-4.044133167230763e-06,1.236696603753687,-4.044133167230763e-06,1.236696603753687,2,"[""2026-07-02"", ""2026-07-06"", ""2026-07-07"", ""2026-07-08"", ""2026-07-09"", ""2026-07-10"", ""2026-07-13"", ""2026-07-14"", ""2026-07-15"", ""2026-07-16""]",2026-07-01,63,119,10,False,,0,0,390
primary,2026-07-17,B2,-3.1015032873578444e-06,1.1870068783314809,-3.1015032873578444e-06,1.1870068783314809,2,"[""2026-07-02"", ""2026-07-06"", ""2026-07-07"", ""2026-07-08"", ""2026-07-09"", ""2026-07-10"", ""2026-07-13"", ""2026-07-14"", ""2026-07-15"", ""2026-07-16""]",2026-07-01,63,151,10,False,,0,0,390
primary,2026-07-20,B0,-9.70650693519356e-06,1.596185517651853,-9.70650693519356e-06,1.596185517651853,2,"[""2026-07-06"", ""2026-07-07"", ""2026-07-08"", ""2026-07-09"", ""2026-07-10"", ""2026-07-13"", ""2026-07-14"", ""2026-07-15"", ""2026-07-16"", ""2026-07-17""]",2026-07-02,15,423,10,False,,0,25,390
primary,2026-07-20,B1,-9.333481853624464e-06,1.5551457033240264,-9.333481853624464e-06,1.5551457033240264,2,"[""2026-07-06"", ""2026-07-07"", ""2026-07-08"", ""2026-07-09"", ""2026-07-10"", ""2026-07-13"", ""2026-07-14"", ""2026-07-15"", ""2026-07-16"", ""2026-07-17""]",2026-07-02,63,118,10,False,,0,26,390
primary,2026-07-20,B2,-9.037978324779974e-06,1.5293134135179731,-9.037978324779974e-06,1.5293134135179731,2,"[""2026-07-06"", ""2026-07-07"", ""2026-07-08"", ""2026-07-09"", ""2026-07-10"", ""2026-07-13"", ""2026-07-14"", ""2026-07-15"", ""2026-07-16"", ""2026-07-17""]",2026-07-02,15,231,10,False,,0,16,390
primary,2026-07-21,B0,-7.626708278273648e-06,1.4722240125556731,-7.626708278273648e-06,1.4722240125556731,2,"[""2026-07-07"", ""2026-07-08"", ""2026-07-09"", ""2026-07-10"", ""2026-07-13"", ""2026-07-14"", ""2026-07-15"", ""2026-07-16"", ""2026-07-17"", ""2026-07-20""]",2026-07-06,15,281,10,False,,0,70,390
primary,2026-07-21,B1,-6.985190156962667e-06,1.4338427449344424,-6.985190156962667e-06,1.4338427449344424,2,"[""2026-07-07"", ""2026-07-08"", ""2026-07-09"", ""2026-07-10"", ""2026-07-13"", ""2026-07-14"", ""2026-07-15"", ""2026-07-16"", ""2026-07-17"", ""2026-07-20""]",2026-07-06,31,470,10,False,,0,52,390
primary,2026-07-21,B2,-7.387898090198234e-06,1.4748927531680842,-7.387898090198234e-06,1.4748927531680842,2,"[""2026-07-07"", ""2026-07-08"", ""2026-07-09"", ""2026-07-10"", ""2026-07-13"", ""2026-07-14"", ""2026-07-15"", ""2026-07-16"", ""2026-07-17"", ""2026-07-20""]",2026-07-06,63,230,10,False,,0,51,390
primary,2026-07-22,B0,-6.476369007798221e-06,1.4294561911127666,-6.476369007798221e-06,1.4294561911127666,2,"[""2026-07-08"", ""2026-07-09"", ""2026-07-10"", ""2026-07-13"", ""2026-07-14"", ""2026-07-15"", ""2026-07-16"", ""2026-07-17"", ""2026-07-20"", ""2026-07-21""]",2026-07-07,63,118,10,False,,0,70,390
primary,2026-07-22,B1,-7.868253111929157e-06,1.5028632498925105,-7.868253111929157e-06,1.5028632498925105,2,"[""2026-07-08"", ""2026-07-09"", ""2026-07-10"", ""2026-07-13"", ""2026-07-14"", ""2026-07-15"", ""2026-07-16"", ""2026-07-17"", ""2026-07-20"", ""2026-07-21""]",2026-07-07,15,1101,10,False,,0,96,390
primary,2026-07-22,B2,-7.497318772613944e-06,1.4795897031646026,-7.497318772613944e-06,1.4795897031646026,2,"[""2026-07-08"", ""2026-07-09"", ""2026-07-10"", ""2026-07-13"", ""2026-07-14"", ""2026-07-15"", ""2026-07-16"", ""2026-07-17"", ""2026-07-20"", ""2026-07-21""]",2026-07-07,31,389,10,False,,0,61,390
primary,2026-07-23,B0,-6.177686774399258e-06,1.4116489720867922,-6.177686774399258e-06,1.4116489720867922,2,"[""2026-07-09"", ""2026-07-10"", ""2026-07-13"", ""2026-07-14"", ""2026-07-15"", ""2026-07-16"", ""2026-07-17"", ""2026-07-20"", ""2026-07-21"", ""2026-07-22""]",2026-07-08,15,280,10,False,,0,4,390
primary,2026-07-23,B1,-6.95211661179077e-06,1.4253585145630694,-6.95211661179077e-06,1.4253585145630694,2,"[""2026-07-09"", ""2026-07-10"", ""2026-07-13"", ""2026-07-14"", ""2026-07-15"", ""2026-07-16"", ""2026-07-17"", ""2026-07-20"", ""2026-07-21"", ""2026-07-22""]",2026-07-08,15,537,10,False,,0,9,390
primary,2026-07-23,B2,-7.418505595919886e-06,1.4646574679452509,-7.418505595919886e-06,1.4646574679452509,2,"[""2026-07-09"", ""2026-07-10"", ""2026-07-13"", ""2026-07-14"", ""2026-07-15"", ""2026-07-16"", ""2026-07-17"", ""2026-07-20"", ""2026-07-21"", ""2026-07-22""]",2026-07-08,15,517,10,False,,0,12,390
primary,2026-07-24,B0,-6.205598349831504e-06,1.4295097978346876,-6.205598349831504e-06,1.4295097978346876,2,"[""2026-07-10"", ""2026-07-13"", ""2026-07-14"", ""2026-07-15"", ""2026-07-16"", ""2026-07-17"", ""2026-07-20"", ""2026-07-21"", ""2026-07-22"", ""2026-07-23""]",2026-07-09,63,134,10,False,,0,12,390
primary,2026-07-24,B1,-6.838312591315041e-06,1.3932779118014764,-6.838312591315041e-06,1.3932779118014764,2,"[""2026-07-10"", ""2026-07-13"", ""2026-07-14"", ""2026-07-15"", ""2026-07-16"", ""2026-07-17"", ""2026-07-20"", ""2026-07-21"", ""2026-07-22"", ""2026-07-23""]",2026-07-09,15,268,10,False,,0,17,390
primary,2026-07-24,B2,-6.570892252464638e-06,1.4156571569010765,-6.570892252464638e-06,1.4156571569010765,2,"[""2026-07-10"", ""2026-07-13"", ""2026-07-14"", ""2026-07-15"", ""2026-07-16"", ""2026-07-17"", ""2026-07-20"", ""2026-07-21"", ""2026-07-22"", ""2026-07-23""]",2026-07-09,63,247,10,False,,0,13,390
primary,2026-07-27,B0,-5.832152947459255e-06,1.3868886689573063,-5.832152947459255e-06,1.3868886689573063,2,"[""2026-07-13"", ""2026-07-14"", ""2026-07-15"", ""2026-07-16"", ""2026-07-17"", ""2026-07-20"", ""2026-07-21"", ""2026-07-22"", ""2026-07-23"", ""2026-07-24""]",2026-07-10,15,278,10,False,,0,2,390
primary,2026-07-27,B1,-6.0201384453762704e-06,1.3635441189778474,-6.0201384453762704e-06,1.3635441189778474,2,"[""2026-07-13"", ""2026-07-14"", ""2026-07-15"", ""2026-07-16"", ""2026-07-17"", ""2026-07-20"", ""2026-07-21"", ""2026-07-22"", ""2026-07-23"", ""2026-07-24""]",2026-07-10,15,508,10,False,,0,2,390
primary,2026-07-27,B2,-5.891975895025438e-06,1.34397980868183,-5.891975895025438e-06,1.34397980868183,2,"[""2026-07-13"", ""2026-07-14"", ""2026-07-15"", ""2026-07-16"", ""2026-07-17"", ""2026-07-20"", ""2026-07-21"", ""2026-07-22"", ""2026-07-23"", ""2026-07-24""]",2026-07-10,15,373,10,False,,0,1,390
primary,2026-07-28,B0,-5.316698105207916e-06,1.3682386925255419,-5.316698105207916e-06,1.3682386925255419,2,"[""2026-07-14"", ""2026-07-15"", ""2026-07-16"", ""2026-07-17"", ""2026-07-20"", ""2026-07-21"", ""2026-07-22"", ""2026-07-23"", ""2026-07-24"", ""2026-07-27""]",2026-07-13,63,152,10,False,,0,2,390
primary,2026-07-28,B1,-4.931393908039056e-06,1.2959982315474792,-4.931393908039056e-06,1.2959982315474792,2,"[""2026-07-14"", ""2026-07-15"", ""2026-07-16"", ""2026-07-17"", ""2026-07-20"", ""2026-07-21"", ""2026-07-22"", ""2026-07-23"", ""2026-07-24"", ""2026-07-27""]",2026-07-13,31,410,10,False,,0,0,390
primary,2026-07-28,B2,-5.101200547009142e-06,1.2808521097851242,-5.101200547009142e-06,1.2808521097851242,2,"[""2026-07-14"", ""2026-07-15"", ""2026-07-16"", ""2026-07-17"", ""2026-07-20"", ""2026-07-21"", ""2026-07-22"", ""2026-07-23"", ""2026-07-24"", ""2026-07-27""]",2026-07-13,15,415,10,False,,0,2,390
primary,2026-07-29,B0,-5.3717102572211595e-06,1.3416309521616177,-5.3717102572211595e-06,1.3416309521616177,2,"[""2026-07-15"", ""2026-07-16"", ""2026-07-17"", ""2026-07-20"", ""2026-07-21"", ""2026-07-22"", ""2026-07-23"", ""2026-07-24"", ""2026-07-27"", ""2026-07-28""]",2026-07-14,15,180,10,False,,0,0,390
primary,2026-07-29,B1,-5.484115444984032e-06,1.2976215233176576,-5.484115444984032e-06,1.2976215233176576,2,"[""2026-07-15"", ""2026-07-16"", ""2026-07-17"", ""2026-07-20"", ""2026-07-21"", ""2026-07-22"", ""2026-07-23"", ""2026-07-24"", ""2026-07-27"", ""2026-07-28""]",2026-07-14,15,257,10,False,,0,0,390
primary,2026-07-29,B2,-5.435874068369584e-06,1.2995266281233853,-5.435874068369584e-06,1.2995266281233853,2,"[""2026-07-15"", ""2026-07-16"", ""2026-07-17"", ""2026-07-20"", ""2026-07-21"", ""2026-07-22"", ""2026-07-23"", ""2026-07-24"", ""2026-07-27"", ""2026-07-28""]",2026-07-14,15,353,10,False,,0,0,390
primary,2026-07-30,B0,-5.063124868357093e-06,1.3333705273753749,-5.063124868357093e-06,1.3333705273753749,2,"[""2026-07-16"", ""2026-07-17"", ""2026-07-20"", ""2026-07-21"", ""2026-07-22"", ""2026-07-23"", ""2026-07-24"", ""2026-07-27"", ""2026-07-28"", ""2026-07-29""]",2026-07-15,63,104,10,False,,0,0,390
primary,2026-07-30,B1,-4.287067096690769e-06,1.2281748677881472,-4.287067096690769e-06,1.2281748677881472,2,"[""2026-07-16"", ""2026-07-17"", ""2026-07-20"", ""2026-07-21"", ""2026-07-22"", ""2026-07-23"", ""2026-07-24"", ""2026-07-27"", ""2026-07-28"", ""2026-07-29""]",2026-07-15,31,166,10,False,,0,0,390
primary,2026-07-30,B2,-4.595053027284815e-06,1.2305008341197794,-4.595053027284815e-06,1.2305008341197794,2,"[""2026-07-16"", ""2026-07-17"", ""2026-07-20"", ""2026-07-21"", ""2026-07-22"", ""2026-07-23"", ""2026-07-24"", ""2026-07-27"", ""2026-07-28"", ""2026-07-29""]",2026-07-15,15,374,10,False,,0,0,390
primary,2026-07-31,B0,-2.165255874530349e-06,1.1332088444449748,-2.165255874530349e-06,1.1332088444449748,2,"[""2026-07-17"", ""2026-07-20"", ""2026-07-21"", ""2026-07-22"", ""2026-07-23"", ""2026-07-24"", ""2026-07-27"", ""2026-07-28"", ""2026-07-29"", ""2026-07-30""]",2026-07-16,63,150,10,False,,0,0,390
primary,2026-07-31,B1,-2.2847318882092404e-06,1.0933714786086894,-2.2847318882092404e-06,1.0933714786086894,2,"[""2026-07-17"", ""2026-07-20"", ""2026-07-21"", ""2026-07-22"", ""2026-07-23"", ""2026-07-24"", ""2026-07-27"", ""2026-07-28"", ""2026-07-29"", ""2026-07-30""]",2026-07-16,63,117,10,False,,0,0,390
primary,2026-07-31,B2,-2.024472972506643e-06,1.0501395029579867,-2.024472972506643e-06,1.0501395029579867,2,"[""2026-07-17"", ""2026-07-20"", ""2026-07-21"", ""2026-07-22"", ""2026-07-23"", ""2026-07-24"", ""2026-07-27"", ""2026-07-28"", ""2026-07-29"", ""2026-07-30""]",2026-07-16,15,427,10,False,,0,0,390
confirmation,2026-08-03,B0,-9.731506817391893e-07,1.0478959167932684,-9.731506817391893e-07,1.0478959167932684,2,"[""2026-07-20"", ""2026-07-21"", ""2026-07-22"", ""2026-07-23"", ""2026-07-24"", ""2026-07-27"", ""2026-07-28"", ""2026-07-29"", ""2026-07-30"", ""2026-07-31""]",2026-07-17,31,293,10,False,,0,0,390
confirmation,2026-08-03,B1,-1.5686130126218286e-06,1.0509886548927516,-1.5686130126218286e-06,1.0509886548927516,2,"[""2026-07-20"", ""2026-07-21"", ""2026-07-22"", ""2026-07-23"", ""2026-07-24"", ""2026-07-27"", ""2026-07-28"", ""2026-07-29"", ""2026-07-30"", ""2026-07-31""]",2026-07-17,63,301,10,False,,0,0,390
confirmation,2026-08-03,B2,-2.0082292238059107e-06,1.055345642190634,-2.0082292238059107e-06,1.055345642190634,2,"[""2026-07-20"", ""2026-07-21"", ""2026-07-22"", ""2026-07-23"", ""2026-07-24"", ""2026-07-27"", ""2026-07-28"", ""2026-07-29"", ""2026-07-30"", ""2026-07-31""]",2026-07-17,63,331,10,False,,0,0,390
confirmation,2026-08-04,B0,-7.934956294612821e-07,1.015500940043345,-7.934956294612821e-07,1.015500940043345,2,"[""2026-07-21"", ""2026-07-22"", ""2026-07-23"", ""2026-07-24"", ""2026-07-27"", ""2026-07-28"", ""2026-07-29"", ""2026-07-30"", ""2026-07-31"", ""2026-08-03""]",2026-07-20,31,252,10,False,,0,0,390
confirmation,2026-08-04,B1,-1.6884820284159131e-06,1.0290445515297841,-1.6884820284159131e-06,1.0290445515297841,2,"[""2026-07-21"", ""2026-07-22"", ""2026-07-23"", ""2026-07-24"", ""2026-07-27"", ""2026-07-28"", ""2026-07-29"", ""2026-07-30"", ""2026-07-31"", ""2026-08-03""]",2026-07-20,63,230,10,False,,0,0,390
confirmation,2026-08-04,B2,-1.9968404530579165e-06,1.0479600413268584,-1.9968404530579165e-06,1.0479600413268584,2,"[""2026-07-21"", ""2026-07-22"", ""2026-07-23"", ""2026-07-24"", ""2026-07-27"", ""2026-07-28"", ""2026-07-29"", ""2026-07-30"", ""2026-07-31"", ""2026-08-03""]",2026-07-20,63,433,10,False,,0,0,390
confirmation,2026-08-05,B0,-7.292279030520315e-07,1.0136678896623748,-7.292279030520315e-07,1.0136678896623748,2,"[""2026-07-22"", ""2026-07-23"", ""2026-07-24"", ""2026-07-27"", ""2026-07-28"", ""2026-07-29"", ""2026-07-30"", ""2026-07-31"", ""2026-08-03"", ""2026-08-04""]",2026-07-21,31,332,10,False,,0,0,390
confirmation,2026-08-05,B1,-1.4857525175241049e-06,1.0232492373198891,-1.4857525175241049e-06,1.0232492373198891,2,"[""2026-07-22"", ""2026-07-23"", ""2026-07-24"", ""2026-07-27"", ""2026-07-28"", ""2026-07-29"", ""2026-07-30"", ""2026-07-31"", ""2026-08-03"", ""2026-08-04""]",2026-07-21,31,522,10,False,,0,0,390
confirmation,2026-08-05,B2,-1.5337266339410426e-06,1.022177538956234,-1.5337266339410426e-06,1.022177538956234,2,"[""2026-07-22"", ""2026-07-23"", ""2026-07-24"", ""2026-07-27"", ""2026-07-28"", ""2026-07-29"", ""2026-07-30"", ""2026-07-31"", ""2026-08-03"", ""2026-08-04""]",2026-07-21,63,411,10,False,,0,0,390
confirmation,2026-08-06,B0,-6.579318047754956e-07,0.9996057032817469,-6.579318047754956e-07,0.9996057032817469,2,"[""2026-07-23"", ""2026-07-24"", ""2026-07-27"", ""2026-07-28"", ""2026-07-29"", ""2026-07-30"", ""2026-07-31"", ""2026-08-03"", ""2026-08-04"", ""2026-08-05""]",2026-07-22,31,438,10,False,,0,0,390
confirmation,2026-08-06,B1,-1.954158188670736e-06,1.0580289506478828,-1.954158188670736e-06,1.0580289506478828,2,"[""2026-07-23"", ""2026-07-24"", ""2026-07-27"", ""2026-07-28"", ""2026-07-29"", ""2026-07-30"", ""2026-07-31"", ""2026-08-03"", ""2026-08-04"", ""2026-08-05""]",2026-07-22,31,710,10,False,,0,0,390
confirmation,2026-08-06,B2,-3.0556980759842795e-06,1.0926926493294054,-3.0556980759842795e-06,1.0926926493294054,2,"[""2026-07-23"", ""2026-07-24"", ""2026-07-27"", ""2026-07-28"", ""2026-07-29"", ""2026-07-30"", ""2026-07-31"", ""2026-08-03"", ""2026-08-04"", ""2026-08-05""]",2026-07-22,63,306,10,False,,0,0,390
confirmation,2026-08-07,B0,-1.7647440401352679e-06,1.0401835539902526,-1.7647440401352679e-06,1.0401835539902526,2,"[""2026-07-24"", ""2026-07-27"", ""2026-07-28"", ""2026-07-29"", ""2026-07-30"", ""2026-07-31"", ""2026-08-03"", ""2026-08-04"", ""2026-08-05"", ""2026-08-06""]",2026-07-23,31,352,10,False,,0,0,390
confirmation,2026-08-07,B1,-2.7764550221761677e-06,1.0857079808017591,-2.7764550221761677e-06,1.0857079808017591,2,"[""2026-07-24"", ""2026-07-27"", ""2026-07-28"", ""2026-07-29"", ""2026-07-30"", ""2026-07-31"", ""2026-08-03"", ""2026-08-04"", ""2026-08-05"", ""2026-08-06""]",2026-07-23,63,264,10,False,,0,9,390
confirmation,2026-08-07,B2,-2.4867549468757693e-06,1.0561690992228812,-2.4867549468757693e-06,1.0561690992228812,2,"[""2026-07-24"", ""2026-07-27"", ""2026-07-28"", ""2026-07-29"", ""2026-07-30"", ""2026-07-31"", ""2026-08-03"", ""2026-08-04"", ""2026-08-05"", ""2026-08-06""]",2026-07-23,63,314,10,False,,0,7,390
confirmation,2026-08-10,B0,-2.529457836893776e-06,1.0726703420610995,-2.529457836893776e-06,1.0726703420610995,2,"[""2026-07-27"", ""2026-07-28"", ""2026-07-29"", ""2026-07-30"", ""2026-07-31"", ""2026-08-03"", ""2026-08-04"", ""2026-08-05"", ""2026-08-06"", ""2026-08-07""]",2026-07-24,31,223,10,False,,0,0,390
confirmation,2026-08-10,B1,-2.668585479076484e-06,1.072362138838168,-2.668585479076484e-06,1.072362138838168,2,"[""2026-07-27"", ""2026-07-28"", ""2026-07-29"", ""2026-07-30"", ""2026-07-31"", ""2026-08-03"", ""2026-08-04"", ""2026-08-05"", ""2026-08-06"", ""2026-08-07""]",2026-07-24,63,429,10,False,,0,0,390
confirmation,2026-08-10,B2,-3.002253606098016e-06,1.0861627919285732,-3.002253606098016e-06,1.0861627919285732,2,"[""2026-07-27"", ""2026-07-28"", ""2026-07-29"", ""2026-07-30"", ""2026-07-31"", ""2026-08-03"", ""2026-08-04"", ""2026-08-05"", ""2026-08-06"", ""2026-08-07""]",2026-07-24,31,527,10,False,,0,4,390
confirmation,2026-08-11,B0,-1.3028606612268403e-06,1.009320486766343,-1.3028606612268403e-06,1.009320486766343,2,"[""2026-07-28"", ""2026-07-29"", ""2026-07-30"", ""2026-07-31"", ""2026-08-03"", ""2026-08-04"", ""2026-08-05"", ""2026-08-06"", ""2026-08-07"", ""2026-08-10""]",2026-07-27,31,211,10,False,,0,0,390
confirmation,2026-08-11,B1,-4.986910298099679e-07,0.9567222378098017,-4.986910298099679e-07,0.9567222378098017,2,"[""2026-07-28"", ""2026-07-29"", ""2026-07-30"", ""2026-07-31"", ""2026-08-03"", ""2026-08-04"", ""2026-08-05"", ""2026-08-06"", ""2026-08-07"", ""2026-08-10""]",2026-07-27,15,500,10,False,,0,0,390
confirmation,2026-08-11,B2,-1.4497632970953622e-06,1.0117803550297204,-1.4497632970953622e-06,1.0117803550297204,2,"[""2026-07-28"", ""2026-07-29"", ""2026-07-30"", ""2026-07-31"", ""2026-08-03"", ""2026-08-04"", ""2026-08-05"", ""2026-08-06"", ""2026-08-07"", ""2026-08-10""]",2026-07-27,63,197,10,False,,0,0,390
confirmation,2026-08-12,B0,-1.1762044816315405e-06,1.0028316898712082,-1.1762044816315405e-06,1.0028316898712082,2,"[""2026-07-29"", ""2026-07-30"", ""2026-07-31"", ""2026-08-03"", ""2026-08-04"", ""2026-08-05"", ""2026-08-06"", ""2026-08-07"", ""2026-08-10"", ""2026-08-11""]",2026-07-28,31,336,10,False,,0,0,390
confirmation,2026-08-12,B1,-9.146635746212519e-07,0.9935704854758524,-9.146635746212519e-07,0.9935704854758524,2,"[""2026-07-29"", ""2026-07-30"", ""2026-07-31"", ""2026-08-03"", ""2026-08-04"", ""2026-08-05"", ""2026-08-06"", ""2026-08-07"", ""2026-08-10"", ""2026-08-11""]",2026-07-28,63,307,10,False,,0,0,390
confirmation,2026-08-12,B2,-8.74235089262792e-07,0.9734429106632376,-8.74235089262792e-07,0.9734429106632376,2,"[""2026-07-29"", ""2026-07-30"", ""2026-07-31"", ""2026-08-03"", ""2026-08-04"", ""2026-08-05"", ""2026-08-06"", ""2026-08-07"", ""2026-08-10"", ""2026-08-11""]",2026-07-28,15,650,10,False,,0,0,390
confirmation,2026-08-13,B0,-9.4961102479179e-07,0.9679448768683454,-9.4961102479179e-07,0.9679448768683454,2,"[""2026-07-30"", ""2026-07-31"", ""2026-08-03"", ""2026-08-04"", ""2026-08-05"", ""2026-08-06"", ""2026-08-07"", ""2026-08-10"", ""2026-08-11"", ""2026-08-12""]",2026-07-29,63,183,10,False,,0,0,390
confirmation,2026-08-13,B1,-2.680366930812459e-07,0.9321978630381801,-2.680366930812459e-07,0.9321978630381801,2,"[""2026-07-30"", ""2026-07-31"", ""2026-08-03"", ""2026-08-04"", ""2026-08-05"", ""2026-08-06"", ""2026-08-07"", ""2026-08-10"", ""2026-08-11"", ""2026-08-12""]",2026-07-29,31,727,10,False,,0,0,390
confirmation,2026-08-13,B2,-1.0954057630371157e-06,0.9803568230479814,-1.0954057630371157e-06,0.9803568230479814,2,"[""2026-07-30"", ""2026-07-31"", ""2026-08-03"", ""2026-08-04"", ""2026-08-05"", ""2026-08-06"", ""2026-08-07"", ""2026-08-10"", ""2026-08-11"", ""2026-08-12""]",2026-07-29,31,547,10,False,,0,0,390
confirmation,2026-08-14,B0,-5.333596614265487e-07,0.9455864251520978,-5.333596614265487e-07,0.9455864251520978,2,"[""2026-07-31"", ""2026-08-03"", ""2026-08-04"", ""2026-08-05"", ""2026-08-06"", ""2026-08-07"", ""2026-08-10"", ""2026-08-11"", ""2026-08-12"", ""2026-08-13""]",2026-07-30,15,366,10,False,,0,0,390
confirmation,2026-08-14,B1,-5.553282202803661e-07,0.9774628049223099,-5.553282202803661e-07,0.9774628049223099,2,"[""2026-07-31"", ""2026-08-03"", ""2026-08-04"", ""2026-08-05"", ""2026-08-06"", ""2026-08-07"", ""2026-08-10"", ""2026-08-11"", ""2026-08-12"", ""2026-08-13""]",2026-07-30,63,290,10,False,,0,0,390
confirmation,2026-08-14,B2,-1.0815454717351776e-06,0.9965487338907392,-1.0815454717351776e-06,0.9965487338907392,2,"[""2026-07-31"", ""2026-08-03"", ""2026-08-04"", ""2026-08-05"", ""2026-08-06"", ""2026-08-07"", ""2026-08-10"", ""2026-08-11"", ""2026-08-12"", ""2026-08-13""]",2026-07-30,31,259,10,False,,0,0,390
confirmation,2026-08-17,B0,2.0974754243849837e-06,0.7202344791037167,2.0974754243849837e-06,0.7202344791037167,2,"[""2026-08-03"", ""2026-08-04"", ""2026-08-05"", ""2026-08-06"", ""2026-08-07"", ""2026-08-10"", ""2026-08-11"", ""2026-08-12"", ""2026-08-13"", ""2026-08-14""]",2026-07-31,15,286,10,False,,0,0,390
confirmation,2026-08-17,B1,1.712842181864127e-06,0.7693747224522314,1.712842181864127e-06,0.7693747224522314,2,"[""2026-08-03"", ""2026-08-04"", ""2026-08-05"", ""2026-08-06"", ""2026-08-07"", ""2026-08-10"", ""2026-08-11"", ""2026-08-12"", ""2026-08-13"", ""2026-08-14""]",2026-07-31,15,401,10,False,,0,0,390
confirmation,2026-08-17,B2,1.477481153642117e-06,0.7754059613511843,1.477481153642117e-06,0.7754059613511843,2,"[""2026-08-03"", ""2026-08-04"", ""2026-08-05"", ""2026-08-06"", ""2026-08-07"", ""2026-08-10"", ""2026-08-11"", ""2026-08-12"", ""2026-08-13"", ""2026-08-14""]",2026-07-31,63,141,10,False,,0,0,390
confirmation,2026-08-18,B0,3.4403331121037443e-06,0.6256838661725967,3.4403331121037443e-06,0.6256838661725967,2,"[""2026-08-04"", ""2026-08-05"", ""2026-08-06"", ""2026-08-07"", ""2026-08-10"", ""2026-08-11"", ""2026-08-12"", ""2026-08-13"", ""2026-08-14"", ""2026-08-17""]",2026-08-03,63,126,10,False,,0,0,390
confirmation,2026-08-18,B1,3.112751123451744e-06,0.6649394459367967,3.112751123451744e-06,0.6649394459367967,2,"[""2026-08-04"", ""2026-08-05"", ""2026-08-06"", ""2026-08-07"", ""2026-08-10"", ""2026-08-11"", ""2026-08-12"", ""2026-08-13"", ""2026-08-14"", ""2026-08-17""]",2026-08-03,63,175,10,False,,0,0,390
confirmation,2026-08-18,B2,2.323428236743488e-06,0.7203490489573565,2.323428236743488e-06,0.7203490489573565,2,"[""2026-08-04"", ""2026-08-05"", ""2026-08-06"", ""2026-08-07"", ""2026-08-10"", ""2026-08-11"", ""2026-08-12"", ""2026-08-13"", ""2026-08-14"", ""2026-08-17""]",2026-08-03,63,108,10,False,,0,0,390
confirmation,2026-08-19,B0,3.412951667316275e-06,0.6285866826195824,3.412951667316275e-06,0.6285866826195824,2,"[""2026-08-05"", ""2026-08-06"", ""2026-08-07"", ""2026-08-10"", ""2026-08-11"", ""2026-08-12"", ""2026-08-13"", ""2026-08-14"", ""2026-08-17"", ""2026-08-18""]",2026-08-04,15,231,10,False,,0,0,390
confirmation,2026-08-19,B1,2.822674808318135e-06,0.6940098099859692,2.822674808318135e-06,0.6940098099859692,2,"[""2026-08-05"", ""2026-08-06"", ""2026-08-07"", ""2026-08-10"", ""2026-08-11"", ""2026-08-12"", ""2026-08-13"", ""2026-08-14"", ""2026-08-17"", ""2026-08-18""]",2026-08-04,31,189,10,False,,0,0,390
confirmation,2026-08-19,B2,2.4383722811520487e-06,0.715005023398816,2.4383722811520487e-06,0.715005023398816,2,"[""2026-08-05"", ""2026-08-06"", ""2026-08-07"", ""2026-08-10"", ""2026-08-11"", ""2026-08-12"", ""2026-08-13"", ""2026-08-14"", ""2026-08-17"", ""2026-08-18""]",2026-08-04,15,222,10,False,,0,0,390
confirmation,2026-08-20,B0,3.39066009381349e-06,0.6373518618325439,3.39066009381349e-06,0.6373518618325439,2,"[""2026-08-06"", ""2026-08-07"", ""2026-08-10"", ""2026-08-11"", ""2026-08-12"", ""2026-08-13"", ""2026-08-14"", ""2026-08-17"", ""2026-08-18"", ""2026-08-19""]",2026-08-05,15,241,10,False,,0,0,390
confirmation,2026-08-20,B1,3.1097324390070775e-06,0.6728845435727144,3.1097324390070775e-06,0.6728845435727144,2,"[""2026-08-06"", ""2026-08-07"", ""2026-08-10"", ""2026-08-11"", ""2026-08-12"", ""2026-08-13"", ""2026-08-14"", ""2026-08-17"", ""2026-08-18"", ""2026-08-19""]",2026-08-05,63,139,10,False,,0,0,390
confirmation,2026-08-20,B2,2.7417558340659142e-06,0.6875700310188193,2.7417558340659142e-06,0.6875700310188193,2,"[""2026-08-06"", ""2026-08-07"", ""2026-08-10"", ""2026-08-11"", ""2026-08-12"", ""2026-08-13"", ""2026-08-14"", ""2026-08-17"", ""2026-08-18"", ""2026-08-19""]",2026-08-05,15,318,10,False,,0,0,390
confirmation,2026-08-21,B0,3.2733386631788186e-06,0.6391004909404641,3.2733386631788186e-06,0.6391004909404641,2,"[""2026-08-07"", ""2026-08-10"", ""2026-08-11"", ""2026-08-12"", ""2026-08-13"", ""2026-08-14"", ""2026-08-17"", ""2026-08-18"", ""2026-08-19"", ""2026-08-20""]",2026-08-06,31,112,10,False,,0,0,390
confirmation,2026-08-21,B1,3.542110670869555e-06,0.6207854688969693,3.542110670869555e-06,0.6207854688969693,2,"[""2026-08-07"", ""2026-08-10"", ""2026-08-11"", ""2026-08-12"", ""2026-08-13"", ""2026-08-14"", ""2026-08-17"", ""2026-08-18"", ""2026-08-19"", ""2026-08-20""]",2026-08-06,31,221,10,False,,0,0,390
confirmation,2026-08-21,B2,3.1517171378731432e-06,0.6449562867586168,3.1517171378731432e-06,0.6449562867586168,2,"[""2026-08-07"", ""2026-08-10"", ""2026-08-11"", ""2026-08-12"", ""2026-08-13"", ""2026-08-14"", ""2026-08-17"", ""2026-08-18"", ""2026-08-19"", ""2026-08-20""]",2026-08-06,63,168,10,False,,0,0,390
confirmation,2026-08-24,B0,2.126356006396829e-06,0.7795022100950686,2.126356006396829e-06,0.7795022100950686,2,"[""2026-08-10"", ""2026-08-11"", ""2026-08-12"", ""2026-08-13"", ""2026-08-14"", ""2026-08-17"", ""2026-08-18"", ""2026-08-19"", ""2026-08-20"", ""2026-08-21""]",2026-08-07,15,325,10,False,,0,0,390
confirmation,2026-08-24,B1,1.7143220990237373e-06,0.8325397797190556,1.7143220990237373e-06,0.8325397797190556,2,"[""2026-08-10"", ""2026-08-11"", ""2026-08-12"", ""2026-08-13"", ""2026-08-14"", ""2026-08-17"", ""2026-08-18"", ""2026-08-19"", ""2026-08-20"", ""2026-08-21""]",2026-08-07,63,164,10,False,,0,0,390
confirmation,2026-08-24,B2,1.164288365542881e-06,0.8652253519551089,1.164288365542881e-06,0.8652253519551089,2,"[""2026-08-10"", ""2026-08-11"", ""2026-08-12"", ""2026-08-13"", ""2026-08-14"", ""2026-08-17"", ""2026-08-18"", ""2026-08-19"", ""2026-08-20"", ""2026-08-21""]",2026-08-07,63,143,10,False,,0,0,390
confirmation,2026-08-25,B0,2.128446345582592e-06,0.769928355418462,2.128446345582592e-06,0.769928355418462,2,"[""2026-08-11"", ""2026-08-12"", ""2026-08-13"", ""2026-08-14"", ""2026-08-17"", ""2026-08-18"", ""2026-08-19"", ""2026-08-20"", ""2026-08-21"", ""2026-08-24""]",2026-08-10,15,250,10,False,,0,0,390
confirmation,2026-08-25,B1,1.9896958140988755e-06,0.7905122381357477,1.9896958140988755e-06,0.7905122381357477,2,"[""2026-08-11"", ""2026-08-12"", ""2026-08-13"", ""2026-08-14"", ""2026-08-17"", ""2026-08-18"", ""2026-08-19"", ""2026-08-20"", ""2026-08-21"", ""2026-08-24""]",2026-08-10,63,344,10,False,,0,0,390
confirmation,2026-08-25,B2,1.3433548044459267e-06,0.8384690821058904,1.3433548044459267e-06,0.8384690821058904,2,"[""2026-08-11"", ""2026-08-12"", ""2026-08-13"", ""2026-08-14"", ""2026-08-17"", ""2026-08-18"", ""2026-08-19"", ""2026-08-20"", ""2026-08-21"", ""2026-08-24""]",2026-08-10,63,284,10,False,,0,0,390
confirmation,2026-08-26,B0,2.4456373267263473e-06,0.7480743622892092,2.4456373267263473e-06,0.7480743622892092,2,"[""2026-08-12"", ""2026-08-13"", ""2026-08-14"", ""2026-08-17"", ""2026-08-18"", ""2026-08-19"", ""2026-08-20"", ""2026-08-21"", ""2026-08-24"", ""2026-08-25""]",2026-08-11,15,257,10,False,,0,0,390
confirmation,2026-08-26,B1,2.1355701203294958e-06,0.7885738018888762,2.1355701203294958e-06,0.7885738018888762,2,"[""2026-08-12"", ""2026-08-13"", ""2026-08-14"", ""2026-08-17"", ""2026-08-18"", ""2026-08-19"", ""2026-08-20"", ""2026-08-21"", ""2026-08-24"", ""2026-08-25""]",2026-08-11,63,245,10,False,,0,0,390
confirmation,2026-08-26,B2,2.019623222661563e-06,0.7834624676062495,2.019623222661563e-06,0.7834624676062495,2,"[""2026-08-12"", ""2026-08-13"", ""2026-08-14"", ""2026-08-17"", ""2026-08-18"", ""2026-08-19"", ""2026-08-20"", ""2026-08-21"", ""2026-08-24"", ""2026-08-25""]",2026-08-11,31,412,10,False,,0,0,390
confirmation,2026-08-27,B0,3.0463300605297354e-06,0.708209383327898,3.0463300605297354e-06,0.708209383327898,2,"[""2026-08-13"", ""2026-08-14"", ""2026-08-17"", ""2026-08-18"", ""2026-08-19"", ""2026-08-20"", ""2026-08-21"", ""2026-08-24"", ""2026-08-25"", ""2026-08-26""]",2026-08-12,15,351,10,False,,0,0,390
confirmation,2026-08-27,B1,2.635923268706043e-06,0.7472009377285351,2.635923268706043e-06,0.7472009377285351,2,"[""2026-08-13"", ""2026-08-14"", ""2026-08-17"", ""2026-08-18"", ""2026-08-19"", ""2026-08-20"", ""2026-08-21"", ""2026-08-24"", ""2026-08-25"", ""2026-08-26""]",2026-08-12,63,151,10,False,,0,0,390
confirmation,2026-08-27,B2,2.1998142306964587e-06,0.7902517908880562,2.1998142306964587e-06,0.7902517908880562,2,"[""2026-08-13"", ""2026-08-14"", ""2026-08-17"", ""2026-08-18"", ""2026-08-19"", ""2026-08-20"", ""2026-08-21"", ""2026-08-24"", ""2026-08-25"", ""2026-08-26""]",2026-08-12,63,419,10,False,,0,0,390
confirmation,2026-08-28,B0,1.9736553067461197e-06,0.8153798430720901,1.9736553067461197e-06,0.8153798430720901,2,"[""2026-08-14"", ""2026-08-17"", ""2026-08-18"", ""2026-08-19"", ""2026-08-20"", ""2026-08-21"", ""2026-08-24"", ""2026-08-25"", ""2026-08-26"", ""2026-08-27""]",2026-08-13,15,342,10,False,,0,0,390
confirmation,2026-08-28,B1,1.919481733989252e-06,0.8193583722120049,1.919481733989252e-06,0.8193583722120049,2,"[""2026-08-14"", ""2026-08-17"", ""2026-08-18"", ""2026-08-19"", ""2026-08-20"", ""2026-08-21"", ""2026-08-24"", ""2026-08-25"", ""2026-08-26"", ""2026-08-27""]",2026-08-13,15,511,10,False,,0,0,390
confirmation,2026-08-28,B2,1.2672023591730851e-06,0.8625423205051673,1.2672023591730851e-06,0.8625423205051673,2,"[""2026-08-14"", ""2026-08-17"", ""2026-08-18"", ""2026-08-19"", ""2026-08-20"", ""2026-08-21"", ""2026-08-24"", ""2026-08-25"", ""2026-08-26"", ""2026-08-27""]",2026-08-13,15,388,10,False,,0,0,390
confirmation,2026-08-31,B0,1.7160690218967416e-06,0.8604822693501815,1.7160690218967416e-06,0.8604822693501815,2,"[""2026-08-17"", ""2026-08-18"", ""2026-08-19"", ""2026-08-20"", ""2026-08-21"", ""2026-08-24"", ""2026-08-25"", ""2026-08-26"", ""2026-08-27"", ""2026-08-28""]",2026-08-14,15,328,10,False,,0,0,390
confirmation,2026-08-31,B1,9.653469257294666e-07,0.9385933787569221,9.653469257294666e-07,0.9385933787569221,2,"[""2026-08-17"", ""2026-08-18"", ""2026-08-19"", ""2026-08-20"", ""2026-08-21"", ""2026-08-24"", ""2026-08-25"", ""2026-08-26"", ""2026-08-27"", ""2026-08-28""]",2026-08-14,63,149,10,False,,0,0,390
confirmation,2026-08-31,B2,9.225783941296194e-07,0.9301536567675189,9.225783941296194e-07,0.9301536567675189,2,"[""2026-08-17"", ""2026-08-18"", ""2026-08-19"", ""2026-08-20"", ""2026-08-21"", ""2026-08-24"", ""2026-08-25"", ""2026-08-26"", ""2026-08-27"", ""2026-08-28""]",2026-08-14,31,361,10,False,,0,0,390
confirmation,2026-09-01,B0,-4.12061346150461e-06,1.328444384213016,-4.12061346150461e-06,1.328444384213016,2,"[""2026-08-18"", ""2026-08-19"", ""2026-08-20"", ""2026-08-21"", ""2026-08-24"", ""2026-08-25"", ""2026-08-26"", ""2026-08-27"", ""2026-08-28"", ""2026-08-31""]",2026-08-17,15,35,10,False,,0,0,390
confirmation,2026-09-01,B1,-5.312955750460907e-06,1.4305599018647703,-5.312955750460907e-06,1.4305599018647703,2,"[""2026-08-18"", ""2026-08-19"", ""2026-08-20"", ""2026-08-21"", ""2026-08-24"", ""2026-08-25"", ""2026-08-26"", ""2026-08-27"", ""2026-08-28"", ""2026-08-31""]",2026-08-17,15,33,10,False,,0,0,390
confirmation,2026-09-01,B2,-4.789124302049371e-06,1.4013736006341113,-4.789124302049371e-06,1.4013736006341113,2,"[""2026-08-18"", ""2026-08-19"", ""2026-08-20"", ""2026-08-21"", ""2026-08-24"", ""2026-08-25"", ""2026-08-26"", ""2026-08-27"", ""2026-08-28"", ""2026-08-31""]",2026-08-17,31,35,10,False,,0,0,390
confirmation,2026-09-02,B0,-3.537666097463013e-06,1.274356422664295,-3.537666097463013e-06,1.274356422664295,2,"[""2026-08-19"", ""2026-08-20"", ""2026-08-21"", ""2026-08-24"", ""2026-08-25"", ""2026-08-26"", ""2026-08-27"", ""2026-08-28"", ""2026-08-31"", ""2026-09-01""]",2026-08-18,15,35,10,False,,0,0,390
confirmation,2026-09-02,B1,-4.270282799842924e-06,1.3619285362932914,-4.270282799842924e-06,1.3619285362932914,2,"[""2026-08-19"", ""2026-08-20"", ""2026-08-21"", ""2026-08-24"", ""2026-08-25"", ""2026-08-26"", ""2026-08-27"", ""2026-08-28"", ""2026-08-31"", ""2026-09-01""]",2026-08-18,31,34,10,False,,0,0,390
confirmation,2026-09-02,B2,-4.5340962189488115e-06,1.3761644451287816,-4.5340962189488115e-06,1.3761644451287816,2,"[""2026-08-19"", ""2026-08-20"", ""2026-08-21"", ""2026-08-24"", ""2026-08-25"", ""2026-08-26"", ""2026-08-27"", ""2026-08-28"", ""2026-08-31"", ""2026-09-01""]",2026-08-18,63,31,10,False,,0,0,390
confirmation,2026-09-03,B0,-3.967469829179636e-06,1.302165828880166,-3.967469829179636e-06,1.302165828880166,2,"[""2026-08-20"", ""2026-08-21"", ""2026-08-24"", ""2026-08-25"", ""2026-08-26"", ""2026-08-27"", ""2026-08-28"", ""2026-08-31"", ""2026-09-01"", ""2026-09-02""]",2026-08-19,15,30,10,False,,0,0,390
confirmation,2026-09-03,B1,-4.614537839041461e-06,1.390366906060469,-4.614537839041461e-06,1.390366906060469,2,"[""2026-08-20"", ""2026-08-21"", ""2026-08-24"", ""2026-08-25"", ""2026-08-26"", ""2026-08-27"", ""2026-08-28"", ""2026-08-31"", ""2026-09-01"", ""2026-09-02""]",2026-08-19,63,28,10,False,,0,0,390
confirmation,2026-09-03,B2,-4.494099851166651e-06,1.371725720751731,-4.494099851166651e-06,1.371725720751731,2,"[""2026-08-20"", ""2026-08-21"", ""2026-08-24"", ""2026-08-25"", ""2026-08-26"", ""2026-08-27"", ""2026-08-28"", ""2026-08-31"", ""2026-09-01"", ""2026-09-02""]",2026-08-19,63,30,10,False,,0,0,390
confirmation,2026-09-04,B0,-2.0253343284873886e-06,1.1572209224324554,-2.0253343284873886e-06,1.1572209224324554,2,"[""2026-08-21"", ""2026-08-24"", ""2026-08-25"", ""2026-08-26"", ""2026-08-27"", ""2026-08-28"", ""2026-08-31"", ""2026-09-01"", ""2026-09-02"", ""2026-09-03""]",2026-08-20,15,33,10,False,,0,0,390
confirmation,2026-09-04,B1,-2.6431300983650634e-06,1.2357633720199734,-2.6431300983650634e-06,1.2357633720199734,2,"[""2026-08-21"", ""2026-08-24"", ""2026-08-25"", ""2026-08-26"", ""2026-08-27"", ""2026-08-28"", ""2026-08-31"", ""2026-09-01"", ""2026-09-02"", ""2026-09-03""]",2026-08-20,31,35,10,False,,0,0,390
confirmation,2026-09-04,B2,-2.9604855003601523e-06,1.261496725508158,-2.9604855003601523e-06,1.261496725508158,2,"[""2026-08-21"", ""2026-08-24"", ""2026-08-25"", ""2026-08-26"", ""2026-08-27"", ""2026-08-28"", ""2026-08-31"", ""2026-09-01"", ""2026-09-02"", ""2026-09-03""]",2026-08-20,63,30,10,False,,0,0,390
