N_asset_sessions,N_available_origins,N_origins,N_sessions,N_unknown_membership_origins,N_verified_membership_origins,N_verified_nonmember_origins,alternative,baseline_loss,bootstrap_block_length,bootstrap_repetitions,bootstrap_seed,ci_high,ci_low,contrast,coverage_status,endpoint,estimate,expanded_loss,family,holm_family_size,holm_unavailable_treated_as_one,inference_role,interval,null,null_calibration,null_exceedances,p_holm,p_raw,percent_reduction_mean,removed_each_tail,statistic,status,subset,reason
150,9750,750,25,0,9750,9000,two-sided,0.10174243500324189,5,9999,20260907,0.004549383425075966,-0.0006303987750903602,B1_over_B0,COMPLETE_COVERAGE,qlike_regime_secondary,0.001887830785683866,0.09985460421755804,log_ridge_harq,4,False,SECONDARY,two-sided percentile 95%; not inversion of centered-null p,delta = 0,resampled statistic minus observed statistic; +1 correction,1545,0.6184,0.1546,1.8554999058394,0,mean,COMPUTED,first_hour,
150,9750,750,25,0,9750,9000,two-sided,0.09985460421755804,5,9999,20260907,0.0016774536585853449,-0.0008452415475094052,B2_over_B1,COMPLETE_COVERAGE,qlike_regime_secondary,0.0003664090225264341,0.09948819519503159,log_ridge_harq,4,False,SECONDARY,two-sided percentile 95%; not inversion of centered-null p,delta = 0,resampled statistic minus observed statistic; +1 correction,5817,1.0,0.5818,0.3669425415057688,0,mean,COMPUTED,first_hour,
150,9750,750,25,0,9750,9000,two-sided,0.09736749926689288,5,9999,20260907,0.0035980729056346917,-0.0011767145549546854,B1_over_B0,COMPLETE_COVERAGE,qlike_regime_secondary,0.0013680484458874398,0.09599945082100544,lightgbm_qlike,4,False,SECONDARY,two-sided percentile 95%; not inversion of centered-null p,delta = 0,resampled statistic minus observed statistic; +1 correction,2772,0.8319,0.2773,1.4050360296688926,0,mean,COMPUTED,first_hour,
150,9750,750,25,0,9750,9000,two-sided,0.09599945082100544,5,9999,20260907,0.0024915011543327806,-0.003661137478935945,B2_over_B1,COMPLETE_COVERAGE,qlike_regime_secondary,-0.0005893957874512451,0.09658884660845671,lightgbm_qlike,4,False,SECONDARY,two-sided percentile 95%; not inversion of centered-null p,delta = 0,resampled statistic minus observed statistic; +1 correction,7197,1.0,0.7198,-0.6139574574756637,0,mean,COMPUTED,first_hour,
150,9750,750,25,0,9750,9000,two-sided,0.10174243500324189,5,9999,20260907,0.004395093741913811,-0.0029791585291239903,B1_over_B0,COMPLETE_COVERAGE,qlike_regime_secondary,0.0001907547692752698,0.09985460421755804,log_ridge_harq,4,False,SECONDARY,two-sided percentile 95%; not inversion of centered-null p,delta = 0,resampled statistic minus observed statistic; +1 correction,8590,1.0,0.8591,1.8554999058394,0,median,COMPUTED,first_hour,
150,9750,750,25,0,9750,9000,two-sided,0.09985460421755804,5,9999,20260907,0.00036087506584586704,-0.002537604993728945,B2_over_B1,COMPLETE_COVERAGE,qlike_regime_secondary,-0.0002476534955139359,0.09948819519503159,log_ridge_harq,4,False,SECONDARY,two-sided percentile 95%; not inversion of centered-null p,delta = 0,resampled statistic minus observed statistic; +1 correction,7432,1.0,0.7433,0.3669425415057688,0,median,COMPUTED,first_hour,
150,9750,750,25,0,9750,9000,two-sided,0.09736749926689288,5,9999,20260907,0.00558824066268547,-0.0015546987849428887,B1_over_B0,COMPLETE_COVERAGE,qlike_regime_secondary,0.0003232964778478731,0.09599945082100544,lightgbm_qlike,4,False,SECONDARY,two-sided percentile 95%; not inversion of centered-null p,delta = 0,resampled statistic minus observed statistic; +1 correction,6905,1.0,0.6906,1.4050360296688926,0,median,COMPUTED,first_hour,
150,9750,750,25,0,9750,9000,two-sided,0.09599945082100544,5,9999,20260907,0.0037993284211622277,-0.0023266696497637324,B2_over_B1,COMPLETE_COVERAGE,qlike_regime_secondary,-0.0011240510189234679,0.09658884660845671,lightgbm_qlike,4,False,SECONDARY,two-sided percentile 95%; not inversion of centered-null p,delta = 0,resampled statistic minus observed statistic; +1 correction,2030,0.8124,0.2031,-0.6139574574756637,0,median,COMPUTED,first_hour,
150,9750,750,25,0,9750,9000,two-sided,0.10174243500324189,5,9999,20260907,0.0044286754641724504,-0.0009798196152254169,B1_over_B0,COMPLETE_COVERAGE,qlike_regime_secondary,0.0016003580882860188,0.09985460421755804,log_ridge_harq,4,False,SECONDARY,two-sided percentile 95%; not inversion of centered-null p,delta = 0,resampled statistic minus observed statistic; +1 correction,2502,0.8412,0.2503,1.8554999058394,1,trimmed_mean_5pct,COMPUTED,first_hour,
150,9750,750,25,0,9750,9000,two-sided,0.09985460421755804,5,9999,20260907,0.0015303329109895444,-0.0010399732581379039,B2_over_B1,COMPLETE_COVERAGE,qlike_regime_secondary,0.00014903843022294924,0.09948819519503159,log_ridge_harq,4,False,SECONDARY,two-sided percentile 95%; not inversion of centered-null p,delta = 0,resampled statistic minus observed statistic; +1 correction,8214,1.0,0.8215,0.3669425415057688,1,trimmed_mean_5pct,COMPUTED,first_hour,
150,9750,750,25,0,9750,9000,two-sided,0.09736749926689288,5,9999,20260907,0.003918698776520273,-0.0010689857409120012,B1_over_B0,COMPLETE_COVERAGE,qlike_regime_secondary,0.001633746797472971,0.09599945082100544,lightgbm_qlike,4,False,SECONDARY,two-sided percentile 95%; not inversion of centered-null p,delta = 0,resampled statistic minus observed statistic; +1 correction,2102,0.8412,0.2103,1.4050360296688926,1,trimmed_mean_5pct,COMPUTED,first_hour,
150,9750,750,25,0,9750,9000,two-sided,0.09599945082100544,5,9999,20260907,0.002507983259433273,-0.0037268056567047307,B2_over_B1,COMPLETE_COVERAGE,qlike_regime_secondary,-0.0006494529703191073,0.09658884660845671,lightgbm_qlike,4,False,SECONDARY,two-sided percentile 95%; not inversion of centered-null p,delta = 0,resampled statistic minus observed statistic; +1 correction,6961,1.0,0.6962,-0.6139574574756637,1,trimmed_mean_5pct,COMPUTED,first_hour,
63,9750,4095,24,0,9750,5655,two-sided,0.18768449954723118,5,9999,20260907,0.004618362891724303,0.0009851297379492735,B1_over_B0,COMPLETE_COVERAGE,qlike_regime_secondary,0.0028318874571594335,0.18485261209007176,log_ridge_harq,4,False,SECONDARY,two-sided percentile 95%; not inversion of centered-null p,delta = 0,resampled statistic minus observed statistic; +1 correction,8,0.0036,0.0009,1.5088552672122948,0,mean,COMPUTED,high_flow,
63,9750,4095,24,0,9750,5655,two-sided,0.18485261209007176,5,9999,20260907,0.013655674946188188,0.0007957624044617342,B2_over_B1,COMPLETE_COVERAGE,qlike_regime_secondary,0.005699025478072829,0.17915358661199896,log_ridge_harq,4,False,SECONDARY,two-sided percentile 95%; not inversion of centered-null p,delta = 0,resampled statistic minus observed statistic; +1 correction,579,0.17400000000000002,0.058,3.0830105204550247,0,mean,COMPUTED,high_flow,
63,9750,4095,24,0,9750,5655,two-sided,0.176787193154611,5,9999,20260907,0.009820251934627246,-0.002564242542159136,B1_over_B0,COMPLETE_COVERAGE,qlike_regime_secondary,0.0038194384688241896,0.17296775468578682,lightgbm_qlike,4,False,SECONDARY,two-sided percentile 95%; not inversion of centered-null p,delta = 0,resampled statistic minus observed statistic; +1 correction,2385,0.2386,0.2386,2.1604723739710385,0,mean,COMPUTED,high_flow,
63,9750,4095,24,0,9750,5655,two-sided,0.17296775468578682,5,9999,20260907,-0.00015902910582576483,-0.01224272169761289,B2_over_B1,COMPLETE_COVERAGE,qlike_regime_secondary,-0.004795679948470021,0.17776343463425684,lightgbm_qlike,4,False,SECONDARY,two-sided percentile 95%; not inversion of centered-null p,delta = 0,resampled statistic minus observed statistic; +1 correction,785,0.17400000000000002,0.0786,-2.7725861142048425,0,mean,COMPUTED,high_flow,
63,9750,4095,24,0,9750,5655,two-sided,0.18768449954723118,5,9999,20260907,0.004773030585258242,0.0005620583882610386,B1_over_B0,COMPLETE_COVERAGE,qlike_regime_secondary,0.0023064571153537383,0.18485261209007176,log_ridge_harq,4,False,SECONDARY,two-sided percentile 95%; not inversion of centered-null p,delta = 0,resampled statistic minus observed statistic; +1 correction,623,0.18719999999999998,0.0624,1.5088552672122948,0,median,COMPUTED,high_flow,
63,9750,4095,24,0,9750,5655,two-sided,0.18485261209007176,5,9999,20260907,0.002717100951947715,5.611634019085654e-05,B2_over_B1,COMPLETE_COVERAGE,qlike_regime_secondary,0.0014272847012740883,0.17915358661199896,log_ridge_harq,4,False,SECONDARY,two-sided percentile 95%; not inversion of centered-null p,delta = 0,resampled statistic minus observed statistic; +1 correction,292,0.1172,0.0293,3.0830105204550247,0,median,COMPUTED,high_flow,
63,9750,4095,24,0,9750,5655,two-sided,0.176787193154611,5,9999,20260907,0.009030266746972597,-0.001518992638082868,B1_over_B0,COMPLETE_COVERAGE,qlike_regime_secondary,0.0057102962638864024,0.17296775468578682,lightgbm_qlike,4,False,SECONDARY,two-sided percentile 95%; not inversion of centered-null p,delta = 0,resampled statistic minus observed statistic; +1 correction,862,0.18719999999999998,0.0863,2.1604723739710385,0,median,COMPUTED,high_flow,
63,9750,4095,24,0,9750,5655,two-sided,0.17296775468578682,5,9999,20260907,0.0013038530370351256,-0.002040122235025789,B2_over_B1,COMPLETE_COVERAGE,qlike_regime_secondary,0.00020310890022290362,0.17776343463425684,lightgbm_qlike,4,False,SECONDARY,two-sided percentile 95%; not inversion of centered-null p,delta = 0,resampled statistic minus observed statistic; +1 correction,8091,0.8092,0.8092,-2.7725861142048425,0,median,COMPUTED,high_flow,
63,9750,4095,24,0,9750,5655,two-sided,0.18768449954723118,5,9999,20260907,0.0046158590643647045,0.0009857704985109198,B1_over_B0,COMPLETE_COVERAGE,qlike_regime_secondary,0.0028187539166879523,0.18485261209007176,log_ridge_harq,4,False,SECONDARY,two-sided percentile 95%; not inversion of centered-null p,delta = 0,resampled statistic minus observed statistic; +1 correction,8,0.0036,0.0009,1.5088552672122948,1,trimmed_mean_5pct,COMPUTED,high_flow,
63,9750,4095,24,0,9750,5655,two-sided,0.18485261209007176,5,9999,20260907,0.01062729412966091,0.0005197357111825051,B2_over_B1,COMPLETE_COVERAGE,qlike_regime_secondary,0.0020245844825162963,0.17915358661199896,log_ridge_harq,4,False,SECONDARY,two-sided percentile 95%; not inversion of centered-null p,delta = 0,resampled statistic minus observed statistic; +1 correction,2670,0.5342,0.2671,3.0830105204550247,1,trimmed_mean_5pct,COMPUTED,high_flow,
63,9750,4095,24,0,9750,5655,two-sided,0.176787193154611,5,9999,20260907,0.009702796515947772,-0.0021717562372659516,B1_over_B0,COMPLETE_COVERAGE,qlike_regime_secondary,0.004116905792211075,0.17296775468578682,lightgbm_qlike,4,False,SECONDARY,two-sided percentile 95%; not inversion of centered-null p,delta = 0,resampled statistic minus observed statistic; +1 correction,1714,0.5145000000000001,0.1715,2.1604723739710385,1,trimmed_mean_5pct,COMPUTED,high_flow,
63,9750,4095,24,0,9750,5655,two-sided,0.17296775468578682,5,9999,20260907,0.0002784069687647949,-0.009170686994861352,B2_over_B1,COMPLETE_COVERAGE,qlike_regime_secondary,-0.0010466414503418559,0.17776343463425684,lightgbm_qlike,4,False,SECONDARY,two-sided percentile 95%; not inversion of centered-null p,delta = 0,resampled statistic minus observed statistic; +1 correction,3800,0.5342,0.3801,-2.7725861142048425,1,trimmed_mean_5pct,COMPUTED,high_flow,
7,9750,455,2,0,9750,9295,two-sided,0.08462989529450989,5,9999,20260907,,,B1_over_B0,COMPLETE_COVERAGE,qlike_regime_secondary,-0.0068480961081843275,0.09147799140269422,log_ridge_harq,4,True,SECONDARY,,,,,,,-8.091816827083534,0,mean,NO VERIFICABLE,event,insufficient finite sessions
7,9750,455,2,0,9750,9295,two-sided,0.09147799140269422,5,9999,20260907,,,B2_over_B1,COMPLETE_COVERAGE,qlike_regime_secondary,-0.0007084874991628229,0.09218647890185704,log_ridge_harq,4,True,SECONDARY,,,,,,,-0.7744895666149885,0,mean,NO VERIFICABLE,event,insufficient finite sessions
7,9750,455,2,0,9750,9295,two-sided,0.07696426302380327,5,9999,20260907,,,B1_over_B0,COMPLETE_COVERAGE,qlike_regime_secondary,0.0032313511360962353,0.07373291188770704,lightgbm_qlike,4,True,SECONDARY,,,,,,,4.19850851439564,0,mean,NO VERIFICABLE,event,insufficient finite sessions
7,9750,455,2,0,9750,9295,two-sided,0.07373291188770704,5,9999,20260907,,,B2_over_B1,COMPLETE_COVERAGE,qlike_regime_secondary,-0.0009157406741929983,0.07464865256190004,lightgbm_qlike,4,True,SECONDARY,,,,,,,-1.24197003854621,0,mean,NO VERIFICABLE,event,insufficient finite sessions
7,9750,455,2,0,9750,9295,two-sided,0.08462989529450989,5,9999,20260907,,,B1_over_B0,COMPLETE_COVERAGE,qlike_regime_secondary,-0.0068480961081843275,0.09147799140269422,log_ridge_harq,4,True,SECONDARY,,,,,,,-8.091816827083534,0,median,NO VERIFICABLE,event,insufficient finite sessions
7,9750,455,2,0,9750,9295,two-sided,0.09147799140269422,5,9999,20260907,,,B2_over_B1,COMPLETE_COVERAGE,qlike_regime_secondary,-0.0007084874991628229,0.09218647890185704,log_ridge_harq,4,True,SECONDARY,,,,,,,-0.7744895666149885,0,median,NO VERIFICABLE,event,insufficient finite sessions
7,9750,455,2,0,9750,9295,two-sided,0.07696426302380327,5,9999,20260907,,,B1_over_B0,COMPLETE_COVERAGE,qlike_regime_secondary,0.0032313511360962353,0.07373291188770704,lightgbm_qlike,4,True,SECONDARY,,,,,,,4.19850851439564,0,median,NO VERIFICABLE,event,insufficient finite sessions
7,9750,455,2,0,9750,9295,two-sided,0.07373291188770704,5,9999,20260907,,,B2_over_B1,COMPLETE_COVERAGE,qlike_regime_secondary,-0.0009157406741929983,0.07464865256190004,lightgbm_qlike,4,True,SECONDARY,,,,,,,-1.24197003854621,0,median,NO VERIFICABLE,event,insufficient finite sessions
7,9750,455,2,0,9750,9295,two-sided,0.08462989529450989,5,9999,20260907,,,B1_over_B0,COMPLETE_COVERAGE,qlike_regime_secondary,-0.0068480961081843275,0.09147799140269422,log_ridge_harq,4,True,SECONDARY,,,,,,,-8.091816827083534,0,trimmed_mean_5pct,NO VERIFICABLE,event,insufficient finite sessions
7,9750,455,2,0,9750,9295,two-sided,0.09147799140269422,5,9999,20260907,,,B2_over_B1,COMPLETE_COVERAGE,qlike_regime_secondary,-0.0007084874991628229,0.09218647890185704,log_ridge_harq,4,True,SECONDARY,,,,,,,-0.7744895666149885,0,trimmed_mean_5pct,NO VERIFICABLE,event,insufficient finite sessions
7,9750,455,2,0,9750,9295,two-sided,0.07696426302380327,5,9999,20260907,,,B1_over_B0,COMPLETE_COVERAGE,qlike_regime_secondary,0.0032313511360962353,0.07373291188770704,lightgbm_qlike,4,True,SECONDARY,,,,,,,4.19850851439564,0,trimmed_mean_5pct,NO VERIFICABLE,event,insufficient finite sessions
7,9750,455,2,0,9750,9295,two-sided,0.07373291188770704,5,9999,20260907,,,B2_over_B1,COMPLETE_COVERAGE,qlike_regime_secondary,-0.0009157406741929983,0.07464865256190004,lightgbm_qlike,4,True,SECONDARY,,,,,,,-1.24197003854621,0,trimmed_mean_5pct,NO VERIFICABLE,event,insufficient finite sessions
150,9750,1800,25,0,9750,7950,two-sided,0.211316598439095,5,9999,20260907,0.0009911144709234961,-0.024721581602388645,B1_over_B0,COMPLETE_COVERAGE,qlike_regime_secondary,-0.008615356319834996,0.21993195475893004,log_ridge_harq,4,False,SECONDARY,two-sided percentile 95%; not inversion of centered-null p,delta = 0,resampled statistic minus observed statistic; +1 correction,2140,0.6423000000000001,0.2141,-4.0769898737122094,0,mean,COMPUTED,last_hour,
150,9750,1800,25,0,9750,7950,two-sided,0.21993195475893004,5,9999,20260907,0.0006812813984725612,-0.009605455179570907,B2_over_B1,COMPLETE_COVERAGE,qlike_regime_secondary,-0.004134712971915883,0.22406666773084588,log_ridge_harq,4,False,SECONDARY,two-sided percentile 95%; not inversion of centered-null p,delta = 0,resampled statistic minus observed statistic; +1 correction,1155,0.4624,0.1156,-1.879996463655311,0,mean,COMPUTED,last_hour,
150,9750,1800,25,0,9750,7950,two-sided,0.2006210726653464,5,9999,20260907,0.010845167363951818,-0.010248058753813523,B1_over_B0,COMPLETE_COVERAGE,qlike_regime_secondary,0.0013438764346210812,0.19927719623072535,lightgbm_qlike,4,False,SECONDARY,two-sided percentile 95%; not inversion of centered-null p,delta = 0,resampled statistic minus observed statistic; +1 correction,8099,0.81,0.81,0.6698580646424842,0,mean,COMPUTED,last_hour,
150,9750,1800,25,0,9750,7950,two-sided,0.19927719623072535,5,9999,20260907,0.001984084836844837,-0.007164890720347496,B2_over_B1,COMPLETE_COVERAGE,qlike_regime_secondary,-0.0026292998016980073,0.20190649603242336,lightgbm_qlike,4,False,SECONDARY,two-sided percentile 95%; not inversion of centered-null p,delta = 0,resampled statistic minus observed statistic; +1 correction,2680,0.6423000000000001,0.2681,-1.3194183034639724,0,mean,COMPUTED,last_hour,
150,9750,1800,25,0,9750,7950,two-sided,0.211316598439095,5,9999,20260907,0.0012281508641578953,-0.004162354320720346,B1_over_B0,COMPLETE_COVERAGE,qlike_regime_secondary,0.00016342817359593642,0.21993195475893004,log_ridge_harq,4,False,SECONDARY,two-sided percentile 95%; not inversion of centered-null p,delta = 0,resampled statistic minus observed statistic; +1 correction,3808,0.7618,0.3809,-4.0769898737122094,0,median,COMPUTED,last_hour,
150,9750,1800,25,0,9750,7950,two-sided,0.21993195475893004,5,9999,20260907,0.0008990686894380373,-0.0027653925172483607,B2_over_B1,COMPLETE_COVERAGE,qlike_regime_secondary,-0.0007984256012313895,0.22406666773084588,log_ridge_harq,4,False,SECONDARY,two-sided percentile 95%; not inversion of centered-null p,delta = 0,resampled statistic minus observed statistic; +1 correction,8406,0.8407,0.8407,-1.879996463655311,0,median,COMPUTED,last_hour,
150,9750,1800,25,0,9750,7950,two-sided,0.2006210726653464,5,9999,20260907,0.010827106569924971,0.0009618031536201901,B1_over_B0,COMPLETE_COVERAGE,qlike_regime_secondary,0.0053781517119303734,0.19927719623072535,lightgbm_qlike,4,False,SECONDARY,two-sided percentile 95%; not inversion of centered-null p,delta = 0,resampled statistic minus observed statistic; +1 correction,528,0.1587,0.0529,0.6698580646424842,0,median,COMPUTED,last_hour,
150,9750,1800,25,0,9750,7950,two-sided,0.19927719623072535,5,9999,20260907,0.0009255142275328282,-0.006037627261187464,B2_over_B1,COMPLETE_COVERAGE,qlike_regime_secondary,-0.004280635870944155,0.20190649603242336,lightgbm_qlike,4,False,SECONDARY,two-sided percentile 95%; not inversion of centered-null p,delta = 0,resampled statistic minus observed statistic; +1 correction,283,0.1136,0.0284,-1.3194183034639724,0,median,COMPUTED,last_hour,
150,9750,1800,25,0,9750,7950,two-sided,0.211316598439095,5,9999,20260907,0.0013984322716127197,-0.018647774792130072,B1_over_B0,COMPLETE_COVERAGE,qlike_regime_secondary,-0.0011837287030088937,0.21993195475893004,log_ridge_harq,4,False,SECONDARY,two-sided percentile 95%; not inversion of centered-null p,delta = 0,resampled statistic minus observed statistic; +1 correction,5855,0.8414,0.5856,-4.0769898737122094,1,trimmed_mean_5pct,COMPUTED,last_hour,
150,9750,1800,25,0,9750,7950,two-sided,0.21993195475893004,5,9999,20260907,0.0016186711760716697,-0.007602207485689858,B2_over_B1,COMPLETE_COVERAGE,qlike_regime_secondary,-0.0016999412219353368,0.22406666773084588,log_ridge_harq,4,False,SECONDARY,two-sided percentile 95%; not inversion of centered-null p,delta = 0,resampled statistic minus observed statistic; +1 correction,4206,0.8414,0.4207,-1.879996463655311,1,trimmed_mean_5pct,COMPUTED,last_hour,
150,9750,1800,25,0,9750,7950,two-sided,0.2006210726653464,5,9999,20260907,0.01151937897298263,-0.006690650369592191,B1_over_B0,COMPLETE_COVERAGE,qlike_regime_secondary,0.005597461618642993,0.19927719623072535,lightgbm_qlike,4,False,SECONDARY,two-sided percentile 95%; not inversion of centered-null p,delta = 0,resampled statistic minus observed statistic; +1 correction,2072,0.8292,0.2073,0.6698580646424842,1,trimmed_mean_5pct,COMPUTED,last_hour,
150,9750,1800,25,0,9750,7950,two-sided,0.19927719623072535,5,9999,20260907,0.001972614345274613,-0.007525730045093318,B2_over_B1,COMPLETE_COVERAGE,qlike_regime_secondary,-0.00289634007474748,0.20190649603242336,lightgbm_qlike,4,False,SECONDARY,two-sided percentile 95%; not inversion of centered-null p,delta = 0,resampled statistic minus observed statistic; +1 correction,2412,0.8292,0.2413,-1.3194183034639724,1,trimmed_mean_5pct,COMPUTED,last_hour,
30,9750,1950,5,0,9750,7800,two-sided,0.10561125675522479,5,9999,20260907,,,B1_over_B0,COMPLETE_COVERAGE,qlike_regime_secondary,0.0041015351933894415,0.10150972156183535,log_ridge_harq,4,True,SECONDARY,,,,,,,3.8836155533075134,0,mean,NO VERIFICABLE,weekly_expiration,insufficient finite sessions
30,9750,1950,5,0,9750,7800,two-sided,0.10150972156183535,5,9999,20260907,,,B2_over_B1,COMPLETE_COVERAGE,qlike_regime_secondary,-0.00030613452067532464,0.10181585608251068,log_ridge_harq,4,True,SECONDARY,,,,,,,-0.3015814800445893,0,mean,NO VERIFICABLE,weekly_expiration,insufficient finite sessions
30,9750,1950,5,0,9750,7800,two-sided,0.10801813440369441,5,9999,20260907,,,B1_over_B0,COMPLETE_COVERAGE,qlike_regime_secondary,0.007064261979924028,0.10095387242377038,lightgbm_qlike,4,True,SECONDARY,,,,,,,6.539885195131103,0,mean,NO VERIFICABLE,weekly_expiration,insufficient finite sessions
30,9750,1950,5,0,9750,7800,two-sided,0.10095387242377038,5,9999,20260907,,,B2_over_B1,COMPLETE_COVERAGE,qlike_regime_secondary,-0.004687151987857213,0.1056410244116276,lightgbm_qlike,4,True,SECONDARY,,,,,,,-4.642864979148226,0,mean,NO VERIFICABLE,weekly_expiration,insufficient finite sessions
30,9750,1950,5,0,9750,7800,two-sided,0.10561125675522479,5,9999,20260907,,,B1_over_B0,COMPLETE_COVERAGE,qlike_regime_secondary,0.003627655023356491,0.10150972156183535,log_ridge_harq,4,True,SECONDARY,,,,,,,3.8836155533075134,0,median,NO VERIFICABLE,weekly_expiration,insufficient finite sessions
30,9750,1950,5,0,9750,7800,two-sided,0.10150972156183535,5,9999,20260907,,,B2_over_B1,COMPLETE_COVERAGE,qlike_regime_secondary,-4.471446931743339e-05,0.10181585608251068,log_ridge_harq,4,True,SECONDARY,,,,,,,-0.3015814800445893,0,median,NO VERIFICABLE,weekly_expiration,insufficient finite sessions
30,9750,1950,5,0,9750,7800,two-sided,0.10801813440369441,5,9999,20260907,,,B1_over_B0,COMPLETE_COVERAGE,qlike_regime_secondary,0.005409350445741562,0.10095387242377038,lightgbm_qlike,4,True,SECONDARY,,,,,,,6.539885195131103,0,median,NO VERIFICABLE,weekly_expiration,insufficient finite sessions
30,9750,1950,5,0,9750,7800,two-sided,0.10095387242377038,5,9999,20260907,,,B2_over_B1,COMPLETE_COVERAGE,qlike_regime_secondary,-0.002508926490240787,0.1056410244116276,lightgbm_qlike,4,True,SECONDARY,,,,,,,-4.642864979148226,0,median,NO VERIFICABLE,weekly_expiration,insufficient finite sessions
30,9750,1950,5,0,9750,7800,two-sided,0.10561125675522479,5,9999,20260907,,,B1_over_B0,COMPLETE_COVERAGE,qlike_regime_secondary,0.0041015351933894415,0.10150972156183535,log_ridge_harq,4,True,SECONDARY,,,,,,,3.8836155533075134,0,trimmed_mean_5pct,NO VERIFICABLE,weekly_expiration,insufficient finite sessions
30,9750,1950,5,0,9750,7800,two-sided,0.10150972156183535,5,9999,20260907,,,B2_over_B1,COMPLETE_COVERAGE,qlike_regime_secondary,-0.00030613452067532464,0.10181585608251068,log_ridge_harq,4,True,SECONDARY,,,,,,,-0.3015814800445893,0,trimmed_mean_5pct,NO VERIFICABLE,weekly_expiration,insufficient finite sessions
30,9750,1950,5,0,9750,7800,two-sided,0.10801813440369441,5,9999,20260907,,,B1_over_B0,COMPLETE_COVERAGE,qlike_regime_secondary,0.007064261979924028,0.10095387242377038,lightgbm_qlike,4,True,SECONDARY,,,,,,,6.539885195131103,0,trimmed_mean_5pct,NO VERIFICABLE,weekly_expiration,insufficient finite sessions
30,9750,1950,5,0,9750,7800,two-sided,0.10095387242377038,5,9999,20260907,,,B2_over_B1,COMPLETE_COVERAGE,qlike_regime_secondary,-0.004687151987857213,0.1056410244116276,lightgbm_qlike,4,True,SECONDARY,,,,,,,-4.642864979148226,0,trimmed_mean_5pct,NO VERIFICABLE,weekly_expiration,insufficient finite sessions
6,9750,390,1,0,9750,9360,two-sided,0.10335215359716605,5,9999,20260907,,,B1_over_B0,COMPLETE_COVERAGE,qlike_regime_secondary,-0.0022419515023354153,0.10559410509950147,log_ridge_harq,4,True,SECONDARY,,,,,,,-2.169235399848398,0,mean,NO VERIFICABLE,third_friday,insufficient finite sessions
6,9750,390,1,0,9750,9360,two-sided,0.10559410509950147,5,9999,20260907,,,B2_over_B1,COMPLETE_COVERAGE,qlike_regime_secondary,0.0025925969842233443,0.10300150811527813,log_ridge_harq,4,True,SECONDARY,,,,,,,2.455247839621669,0,mean,NO VERIFICABLE,third_friday,insufficient finite sessions
6,9750,390,1,0,9750,9360,two-sided,0.09864663967351689,5,9999,20260907,,,B1_over_B0,COMPLETE_COVERAGE,qlike_regime_secondary,0.004307397343736877,0.09433924232978001,lightgbm_qlike,4,True,SECONDARY,,,,,,,4.366491710201924,0,mean,NO VERIFICABLE,third_friday,insufficient finite sessions
6,9750,390,1,0,9750,9360,two-sided,0.09433924232978001,5,9999,20260907,,,B2_over_B1,COMPLETE_COVERAGE,qlike_regime_secondary,-0.002339439921429043,0.09667868225120906,lightgbm_qlike,4,True,SECONDARY,,,,,,,-2.4798163136090325,0,mean,NO VERIFICABLE,third_friday,insufficient finite sessions
6,9750,390,1,0,9750,9360,two-sided,0.10335215359716605,5,9999,20260907,,,B1_over_B0,COMPLETE_COVERAGE,qlike_regime_secondary,-0.0022419515023354153,0.10559410509950147,log_ridge_harq,4,True,SECONDARY,,,,,,,-2.169235399848398,0,median,NO VERIFICABLE,third_friday,insufficient finite sessions
6,9750,390,1,0,9750,9360,two-sided,0.10559410509950147,5,9999,20260907,,,B2_over_B1,COMPLETE_COVERAGE,qlike_regime_secondary,0.0025925969842233443,0.10300150811527813,log_ridge_harq,4,True,SECONDARY,,,,,,,2.455247839621669,0,median,NO VERIFICABLE,third_friday,insufficient finite sessions
6,9750,390,1,0,9750,9360,two-sided,0.09864663967351689,5,9999,20260907,,,B1_over_B0,COMPLETE_COVERAGE,qlike_regime_secondary,0.004307397343736877,0.09433924232978001,lightgbm_qlike,4,True,SECONDARY,,,,,,,4.366491710201924,0,median,NO VERIFICABLE,third_friday,insufficient finite sessions
6,9750,390,1,0,9750,9360,two-sided,0.09433924232978001,5,9999,20260907,,,B2_over_B1,COMPLETE_COVERAGE,qlike_regime_secondary,-0.002339439921429043,0.09667868225120906,lightgbm_qlike,4,True,SECONDARY,,,,,,,-2.4798163136090325,0,median,NO VERIFICABLE,third_friday,insufficient finite sessions
6,9750,390,1,0,9750,9360,two-sided,0.10335215359716605,5,9999,20260907,,,B1_over_B0,COMPLETE_COVERAGE,qlike_regime_secondary,-0.0022419515023354153,0.10559410509950147,log_ridge_harq,4,True,SECONDARY,,,,,,,-2.169235399848398,0,trimmed_mean_5pct,NO VERIFICABLE,third_friday,insufficient finite sessions
6,9750,390,1,0,9750,9360,two-sided,0.10559410509950147,5,9999,20260907,,,B2_over_B1,COMPLETE_COVERAGE,qlike_regime_secondary,0.0025925969842233443,0.10300150811527813,log_ridge_harq,4,True,SECONDARY,,,,,,,2.455247839621669,0,trimmed_mean_5pct,NO VERIFICABLE,third_friday,insufficient finite sessions
6,9750,390,1,0,9750,9360,two-sided,0.09864663967351689,5,9999,20260907,,,B1_over_B0,COMPLETE_COVERAGE,qlike_regime_secondary,0.004307397343736877,0.09433924232978001,lightgbm_qlike,4,True,SECONDARY,,,,,,,4.366491710201924,0,trimmed_mean_5pct,NO VERIFICABLE,third_friday,insufficient finite sessions
6,9750,390,1,0,9750,9360,two-sided,0.09433924232978001,5,9999,20260907,,,B2_over_B1,COMPLETE_COVERAGE,qlike_regime_secondary,-0.002339439921429043,0.09667868225120906,lightgbm_qlike,4,True,SECONDARY,,,,,,,-2.4798163136090325,0,trimmed_mean_5pct,NO VERIFICABLE,third_friday,insufficient finite sessions
138,9750,6069,25,0,9750,3681,two-sided,0.24201180515776383,5,9999,20260907,0.004911082784865132,-0.00225149486092462,B1_over_B0,COMPLETE_COVERAGE,qlike_regime_secondary,0.0018275953144518714,0.24018420984331193,log_ridge_harq,4,False,SECONDARY,two-sided percentile 95%; not inversion of centered-null p,delta = 0,resampled statistic minus observed statistic; +1 correction,3645,1.0,0.3646,0.75516783706501,0,mean,COMPUTED,high_gamma,
138,9750,6069,25,0,9750,3681,two-sided,0.24018420984331193,5,9999,20260907,0.01971179277924726,-0.002110658265971289,B2_over_B1,COMPLETE_COVERAGE,qlike_regime_secondary,0.005810359871160857,0.23437384997215113,log_ridge_harq,4,False,SECONDARY,two-sided percentile 95%; not inversion of centered-null p,delta = 0,resampled statistic minus observed statistic; +1 correction,5464,1.0,0.5465,2.41912650084339,0,mean,COMPUTED,high_gamma,
138,9750,6069,25,0,9750,3681,two-sided,0.2280137888155392,5,9999,20260907,0.008280333261032212,-0.008349032226786693,B1_over_B0,COMPLETE_COVERAGE,qlike_regime_secondary,0.0005879744569305306,0.22742581435860865,lightgbm_qlike,4,False,SECONDARY,two-sided percentile 95%; not inversion of centered-null p,delta = 0,resampled statistic minus observed statistic; +1 correction,8931,1.0,0.8932,0.2578679385947996,0,mean,COMPUTED,high_gamma,
138,9750,6069,25,0,9750,3681,two-sided,0.22742581435860865,5,9999,20260907,0.0016777237584621526,-0.01851107819871026,B2_over_B1,COMPLETE_COVERAGE,qlike_regime_secondary,-0.006012024622632892,0.23343783898124154,lightgbm_qlike,4,False,SECONDARY,two-sided percentile 95%; not inversion of centered-null p,delta = 0,resampled statistic minus observed statistic; +1 correction,3288,1.0,0.3289,-2.643510209950501,0,mean,COMPUTED,high_gamma,
138,9750,6069,25,0,9750,3681,two-sided,0.24201180515776383,5,9999,20260907,0.0042372810863529065,-0.0002768268676491409,B1_over_B0,COMPLETE_COVERAGE,qlike_regime_secondary,0.003594740055630083,0.24018420984331193,log_ridge_harq,4,False,SECONDARY,two-sided percentile 95%; not inversion of centered-null p,delta = 0,resampled statistic minus observed statistic; +1 correction,446,0.1788,0.0447,0.75516783706501,0,median,COMPUTED,high_gamma,
138,9750,6069,25,0,9750,3681,two-sided,0.24018420984331193,5,9999,20260907,0.0009045018309072339,-0.0006233320631292005,B2_over_B1,COMPLETE_COVERAGE,qlike_regime_secondary,-6.637949451594738e-05,0.23437384997215113,log_ridge_harq,4,False,SECONDARY,two-sided percentile 95%; not inversion of centered-null p,delta = 0,resampled statistic minus observed statistic; +1 correction,6217,1.0,0.6218,2.41912650084339,0,median,COMPUTED,high_gamma,
138,9750,6069,25,0,9750,3681,two-sided,0.2280137888155392,5,9999,20260907,0.006491597734386942,-0.0005446665132670114,B1_over_B0,COMPLETE_COVERAGE,qlike_regime_secondary,0.0043673249277748905,0.22742581435860865,lightgbm_qlike,4,False,SECONDARY,two-sided percentile 95%; not inversion of centered-null p,delta = 0,resampled statistic minus observed statistic; +1 correction,962,0.2889,0.0963,0.2578679385947996,0,median,COMPUTED,high_gamma,
138,9750,6069,25,0,9750,3681,two-sided,0.22742581435860865,5,9999,20260907,0.0027989747626409323,-0.002209755791116208,B2_over_B1,COMPLETE_COVERAGE,qlike_regime_secondary,-0.0006469728849881062,0.23343783898124154,lightgbm_qlike,4,False,SECONDARY,two-sided percentile 95%; not inversion of centered-null p,delta = 0,resampled statistic minus observed statistic; +1 correction,5265,1.0,0.5266,-2.643510209950501,0,median,COMPUTED,high_gamma,
138,9750,6069,25,0,9750,3681,two-sided,0.24201180515776383,5,9999,20260907,0.004904722921478415,-0.0015199042725920812,B1_over_B0,COMPLETE_COVERAGE,qlike_regime_secondary,0.0028007730687263565,0.24018420984331193,log_ridge_harq,4,False,SECONDARY,two-sided percentile 95%; not inversion of centered-null p,delta = 0,resampled statistic minus observed statistic; +1 correction,910,0.3644,0.0911,0.75516783706501,1,trimmed_mean_5pct,COMPUTED,high_gamma,
138,9750,6069,25,0,9750,3681,two-sided,0.24018420984331193,5,9999,20260907,0.014400285495830629,-0.001994783308477208,B2_over_B1,COMPLETE_COVERAGE,qlike_regime_secondary,-0.0005583427938648136,0.23437384997215113,log_ridge_harq,4,False,SECONDARY,two-sided percentile 95%; not inversion of centered-null p,delta = 0,resampled statistic minus observed statistic; +1 correction,5903,1.0,0.5904,2.41912650084339,1,trimmed_mean_5pct,COMPUTED,high_gamma,
138,9750,6069,25,0,9750,3681,two-sided,0.2280137888155392,5,9999,20260907,0.0088434683921199,-0.0075015810552236245,B1_over_B0,COMPLETE_COVERAGE,qlike_regime_secondary,0.002126715682564134,0.22742581435860865,lightgbm_qlike,4,False,SECONDARY,two-sided percentile 95%; not inversion of centered-null p,delta = 0,resampled statistic minus observed statistic; +1 correction,6315,1.0,0.6316,0.2578679385947996,1,trimmed_mean_5pct,COMPUTED,high_gamma,
138,9750,6069,25,0,9750,3681,two-sided,0.22742581435860865,5,9999,20260907,0.002129251014108077,-0.013588275033298215,B2_over_B1,COMPLETE_COVERAGE,qlike_regime_secondary,-8.676847097908519e-05,0.23343783898124154,lightgbm_qlike,4,False,SECONDARY,two-sided percentile 95%; not inversion of centered-null p,delta = 0,resampled statistic minus observed statistic; +1 correction,9566,1.0,0.9567,-2.643510209950501,1,trimmed_mean_5pct,COMPUTED,high_gamma,
0,9750,0,0,0,9750,9750,two-sided,,5,9999,20260907,,,B1_over_B0,COMPLETE_COVERAGE,qlike_regime_secondary,,,log_ridge_harq,4,True,SECONDARY,,,,,,,,0,mean,NO VERIFICABLE,window_empty_5m,insufficient finite sessions
0,9750,0,0,0,9750,9750,two-sided,,5,9999,20260907,,,B2_over_B1,COMPLETE_COVERAGE,qlike_regime_secondary,,,log_ridge_harq,4,True,SECONDARY,,,,,,,,0,mean,NO VERIFICABLE,window_empty_5m,insufficient finite sessions
0,9750,0,0,0,9750,9750,two-sided,,5,9999,20260907,,,B1_over_B0,COMPLETE_COVERAGE,qlike_regime_secondary,,,lightgbm_qlike,4,True,SECONDARY,,,,,,,,0,mean,NO VERIFICABLE,window_empty_5m,insufficient finite sessions
0,9750,0,0,0,9750,9750,two-sided,,5,9999,20260907,,,B2_over_B1,COMPLETE_COVERAGE,qlike_regime_secondary,,,lightgbm_qlike,4,True,SECONDARY,,,,,,,,0,mean,NO VERIFICABLE,window_empty_5m,insufficient finite sessions
0,9750,0,0,0,9750,9750,two-sided,,5,9999,20260907,,,B1_over_B0,COMPLETE_COVERAGE,qlike_regime_secondary,,,log_ridge_harq,4,True,SECONDARY,,,,,,,,0,median,NO VERIFICABLE,window_empty_5m,insufficient finite sessions
0,9750,0,0,0,9750,9750,two-sided,,5,9999,20260907,,,B2_over_B1,COMPLETE_COVERAGE,qlike_regime_secondary,,,log_ridge_harq,4,True,SECONDARY,,,,,,,,0,median,NO VERIFICABLE,window_empty_5m,insufficient finite sessions
0,9750,0,0,0,9750,9750,two-sided,,5,9999,20260907,,,B1_over_B0,COMPLETE_COVERAGE,qlike_regime_secondary,,,lightgbm_qlike,4,True,SECONDARY,,,,,,,,0,median,NO VERIFICABLE,window_empty_5m,insufficient finite sessions
0,9750,0,0,0,9750,9750,two-sided,,5,9999,20260907,,,B2_over_B1,COMPLETE_COVERAGE,qlike_regime_secondary,,,lightgbm_qlike,4,True,SECONDARY,,,,,,,,0,median,NO VERIFICABLE,window_empty_5m,insufficient finite sessions
0,9750,0,0,0,9750,9750,two-sided,,5,9999,20260907,,,B1_over_B0,COMPLETE_COVERAGE,qlike_regime_secondary,,,log_ridge_harq,4,True,SECONDARY,,,,,,,,0,trimmed_mean_5pct,NO VERIFICABLE,window_empty_5m,insufficient finite sessions
0,9750,0,0,0,9750,9750,two-sided,,5,9999,20260907,,,B2_over_B1,COMPLETE_COVERAGE,qlike_regime_secondary,,,log_ridge_harq,4,True,SECONDARY,,,,,,,,0,trimmed_mean_5pct,NO VERIFICABLE,window_empty_5m,insufficient finite sessions
0,9750,0,0,0,9750,9750,two-sided,,5,9999,20260907,,,B1_over_B0,COMPLETE_COVERAGE,qlike_regime_secondary,,,lightgbm_qlike,4,True,SECONDARY,,,,,,,,0,trimmed_mean_5pct,NO VERIFICABLE,window_empty_5m,insufficient finite sessions
0,9750,0,0,0,9750,9750,two-sided,,5,9999,20260907,,,B2_over_B1,COMPLETE_COVERAGE,qlike_regime_secondary,,,lightgbm_qlike,4,True,SECONDARY,,,,,,,,0,trimmed_mean_5pct,NO VERIFICABLE,window_empty_5m,insufficient finite sessions
0,9750,0,0,0,9750,9750,two-sided,,5,9999,20260907,,,B1_over_B0,COMPLETE_COVERAGE,qlike_regime_secondary,,,log_ridge_harq,4,True,SECONDARY,,,,,,,,0,mean,NO VERIFICABLE,window_empty_30m,insufficient finite sessions
0,9750,0,0,0,9750,9750,two-sided,,5,9999,20260907,,,B2_over_B1,COMPLETE_COVERAGE,qlike_regime_secondary,,,log_ridge_harq,4,True,SECONDARY,,,,,,,,0,mean,NO VERIFICABLE,window_empty_30m,insufficient finite sessions
0,9750,0,0,0,9750,9750,two-sided,,5,9999,20260907,,,B1_over_B0,COMPLETE_COVERAGE,qlike_regime_secondary,,,lightgbm_qlike,4,True,SECONDARY,,,,,,,,0,mean,NO VERIFICABLE,window_empty_30m,insufficient finite sessions
0,9750,0,0,0,9750,9750,two-sided,,5,9999,20260907,,,B2_over_B1,COMPLETE_COVERAGE,qlike_regime_secondary,,,lightgbm_qlike,4,True,SECONDARY,,,,,,,,0,mean,NO VERIFICABLE,window_empty_30m,insufficient finite sessions
0,9750,0,0,0,9750,9750,two-sided,,5,9999,20260907,,,B1_over_B0,COMPLETE_COVERAGE,qlike_regime_secondary,,,log_ridge_harq,4,True,SECONDARY,,,,,,,,0,median,NO VERIFICABLE,window_empty_30m,insufficient finite sessions
0,9750,0,0,0,9750,9750,two-sided,,5,9999,20260907,,,B2_over_B1,COMPLETE_COVERAGE,qlike_regime_secondary,,,log_ridge_harq,4,True,SECONDARY,,,,,,,,0,median,NO VERIFICABLE,window_empty_30m,insufficient finite sessions
0,9750,0,0,0,9750,9750,two-sided,,5,9999,20260907,,,B1_over_B0,COMPLETE_COVERAGE,qlike_regime_secondary,,,lightgbm_qlike,4,True,SECONDARY,,,,,,,,0,median,NO VERIFICABLE,window_empty_30m,insufficient finite sessions
0,9750,0,0,0,9750,9750,two-sided,,5,9999,20260907,,,B2_over_B1,COMPLETE_COVERAGE,qlike_regime_secondary,,,lightgbm_qlike,4,True,SECONDARY,,,,,,,,0,median,NO VERIFICABLE,window_empty_30m,insufficient finite sessions
0,9750,0,0,0,9750,9750,two-sided,,5,9999,20260907,,,B1_over_B0,COMPLETE_COVERAGE,qlike_regime_secondary,,,log_ridge_harq,4,True,SECONDARY,,,,,,,,0,trimmed_mean_5pct,NO VERIFICABLE,window_empty_30m,insufficient finite sessions
0,9750,0,0,0,9750,9750,two-sided,,5,9999,20260907,,,B2_over_B1,COMPLETE_COVERAGE,qlike_regime_secondary,,,log_ridge_harq,4,True,SECONDARY,,,,,,,,0,trimmed_mean_5pct,NO VERIFICABLE,window_empty_30m,insufficient finite sessions
0,9750,0,0,0,9750,9750,two-sided,,5,9999,20260907,,,B1_over_B0,COMPLETE_COVERAGE,qlike_regime_secondary,,,lightgbm_qlike,4,True,SECONDARY,,,,,,,,0,trimmed_mean_5pct,NO VERIFICABLE,window_empty_30m,insufficient finite sessions
0,9750,0,0,0,9750,9750,two-sided,,5,9999,20260907,,,B2_over_B1,COMPLETE_COVERAGE,qlike_regime_secondary,,,lightgbm_qlike,4,True,SECONDARY,,,,,,,,0,trimmed_mean_5pct,NO VERIFICABLE,window_empty_30m,insufficient finite sessions
150,9750,9750,25,0,9750,0,two-sided,0.1818789108645419,5,9999,20260907,0.0039476573819733395,-0.0028274371941787715,B1_over_B0,COMPLETE_COVERAGE,qlike_regime_secondary,0.0009113920712757084,0.18096751879326617,log_ridge_harq,4,False,SECONDARY,two-sided percentile 95%; not inversion of centered-null p,delta = 0,resampled statistic minus observed statistic; +1 correction,6201,0.6578999999999999,0.6202,0.5010982674920935,0,mean,COMPUTED,window_nonempty_5m,
150,9750,9750,25,0,9750,0,two-sided,0.18096751879326617,5,9999,20260907,0.01022276269681328,-0.0007443023224905518,B2_over_B1,COMPLETE_COVERAGE,qlike_regime_secondary,0.0033669573912467952,0.1776005614020194,log_ridge_harq,4,False,SECONDARY,two-sided percentile 95%; not inversion of centered-null p,delta = 0,resampled statistic minus observed statistic; +1 correction,3144,0.6578999999999999,0.3145,1.8605313338539735,0,mean,COMPUTED,window_nonempty_5m,
150,9750,9750,25,0,9750,0,two-sided,0.17494027080363075,5,9999,20260907,0.007422188097779921,-0.0016852924088726668,B1_over_B0,COMPLETE_COVERAGE,qlike_regime_secondary,0.002914158133017256,0.1720261126706135,lightgbm_qlike,4,False,SECONDARY,two-sided percentile 95%; not inversion of centered-null p,delta = 0,resampled statistic minus observed statistic; +1 correction,2192,0.6578999999999999,0.2193,1.6658017731596966,0,mean,COMPUTED,window_nonempty_5m,
150,9750,9750,25,0,9750,0,two-sided,0.1720261126706135,5,9999,20260907,2.4918118954779496e-05,-0.010378797484208193,B2_over_B1,COMPLETE_COVERAGE,qlike_regime_secondary,-0.004152521449812964,0.17617863412042647,lightgbm_qlike,4,False,SECONDARY,two-sided percentile 95%; not inversion of centered-null p,delta = 0,resampled statistic minus observed statistic; +1 correction,995,0.3984,0.0996,-2.4138901852441395,0,mean,COMPUTED,window_nonempty_5m,
150,9750,9750,25,0,9750,0,two-sided,0.1818789108645419,5,9999,20260907,0.002448448474389575,0.000251806184052239,B1_over_B0,COMPLETE_COVERAGE,qlike_regime_secondary,0.0013188100675459447,0.18096751879326617,log_ridge_harq,4,False,SECONDARY,two-sided percentile 95%; not inversion of centered-null p,delta = 0,resampled statistic minus observed statistic; +1 correction,59,0.018000000000000002,0.006,0.5010982674920935,0,median,COMPUTED,window_nonempty_5m,
150,9750,9750,25,0,9750,0,two-sided,0.18096751879326617,5,9999,20260907,0.0012276435922768392,-4.1723760749678984e-05,B2_over_B1,COMPLETE_COVERAGE,qlike_regime_secondary,0.00013028875505680104,0.1776005614020194,log_ridge_harq,4,False,SECONDARY,two-sided percentile 95%; not inversion of centered-null p,delta = 0,resampled statistic minus observed statistic; +1 correction,3528,0.4034,0.3529,1.8605313338539735,0,median,COMPUTED,window_nonempty_5m,
150,9750,9750,25,0,9750,0,two-sided,0.17494027080363075,5,9999,20260907,0.005258154483880284,0.0023898372683834324,B1_over_B0,COMPLETE_COVERAGE,qlike_regime_secondary,0.004249739000633995,0.1720261126706135,lightgbm_qlike,4,False,SECONDARY,two-sided percentile 95%; not inversion of centered-null p,delta = 0,resampled statistic minus observed statistic; +1 correction,13,0.0056,0.0014,1.6658017731596966,0,median,COMPUTED,window_nonempty_5m,
150,9750,9750,25,0,9750,0,two-sided,0.1720261126706135,5,9999,20260907,0.000874054635159327,-0.002339439921429043,B2_over_B1,COMPLETE_COVERAGE,qlike_regime_secondary,-0.0013988740523354914,0.17617863412042647,lightgbm_qlike,4,False,SECONDARY,two-sided percentile 95%; not inversion of centered-null p,delta = 0,resampled statistic minus observed statistic; +1 correction,2016,0.4034,0.2017,-2.4138901852441395,0,median,COMPUTED,window_nonempty_5m,
150,9750,9750,25,0,9750,0,two-sided,0.1818789108645419,5,9999,20260907,0.004070402786407943,-0.001956544754303644,B1_over_B0,COMPLETE_COVERAGE,qlike_regime_secondary,0.002049793662311692,0.18096751879326617,log_ridge_harq,4,False,SECONDARY,two-sided percentile 95%; not inversion of centered-null p,delta = 0,resampled statistic minus observed statistic; +1 correction,1723,0.5936,0.1724,0.5010982674920935,1,trimmed_mean_5pct,COMPUTED,window_nonempty_5m,
150,9750,9750,25,0,9750,0,two-sided,0.18096751879326617,5,9999,20260907,0.007842688125542365,-0.0006118968613584624,B2_over_B1,COMPLETE_COVERAGE,qlike_regime_secondary,0.00059227176289134,0.1776005614020194,log_ridge_harq,4,False,SECONDARY,two-sided percentile 95%; not inversion of centered-null p,delta = 0,resampled statistic minus observed statistic; +1 correction,4421,0.6598,0.4422,1.8605313338539735,1,trimmed_mean_5pct,COMPUTED,window_nonempty_5m,
150,9750,9750,25,0,9750,0,two-sided,0.17494027080363075,5,9999,20260907,0.007566528722363205,-0.001227044343673068,B1_over_B0,COMPLETE_COVERAGE,qlike_regime_secondary,0.0033183909425731364,0.1720261126706135,lightgbm_qlike,4,False,SECONDARY,two-sided percentile 95%; not inversion of centered-null p,delta = 0,resampled statistic minus observed statistic; +1 correction,1483,0.5936,0.1484,1.6658017731596966,1,trimmed_mean_5pct,COMPUTED,window_nonempty_5m,
150,9750,9750,25,0,9750,0,two-sided,0.1720261126706135,5,9999,20260907,0.0003352668527569047,-0.008146080195954704,B2_over_B1,COMPLETE_COVERAGE,qlike_regime_secondary,-0.0014576761987376418,0.17617863412042647,lightgbm_qlike,4,False,SECONDARY,two-sided percentile 95%; not inversion of centered-null p,delta = 0,resampled statistic minus observed statistic; +1 correction,3298,0.6598,0.3299,-2.4138901852441395,1,trimmed_mean_5pct,COMPUTED,window_nonempty_5m,
150,9750,9750,25,0,9750,0,two-sided,0.1818789108645419,5,9999,20260907,0.0039476573819733395,-0.0028274371941787715,B1_over_B0,COMPLETE_COVERAGE,qlike_regime_secondary,0.0009113920712757084,0.18096751879326617,log_ridge_harq,4,False,SECONDARY,two-sided percentile 95%; not inversion of centered-null p,delta = 0,resampled statistic minus observed statistic; +1 correction,6201,0.6578999999999999,0.6202,0.5010982674920935,0,mean,COMPUTED,window_nonempty_30m,
150,9750,9750,25,0,9750,0,two-sided,0.18096751879326617,5,9999,20260907,0.01022276269681328,-0.0007443023224905518,B2_over_B1,COMPLETE_COVERAGE,qlike_regime_secondary,0.0033669573912467952,0.1776005614020194,log_ridge_harq,4,False,SECONDARY,two-sided percentile 95%; not inversion of centered-null p,delta = 0,resampled statistic minus observed statistic; +1 correction,3144,0.6578999999999999,0.3145,1.8605313338539735,0,mean,COMPUTED,window_nonempty_30m,
150,9750,9750,25,0,9750,0,two-sided,0.17494027080363075,5,9999,20260907,0.007422188097779921,-0.0016852924088726668,B1_over_B0,COMPLETE_COVERAGE,qlike_regime_secondary,0.002914158133017256,0.1720261126706135,lightgbm_qlike,4,False,SECONDARY,two-sided percentile 95%; not inversion of centered-null p,delta = 0,resampled statistic minus observed statistic; +1 correction,2192,0.6578999999999999,0.2193,1.6658017731596966,0,mean,COMPUTED,window_nonempty_30m,
150,9750,9750,25,0,9750,0,two-sided,0.1720261126706135,5,9999,20260907,2.4918118954779496e-05,-0.010378797484208193,B2_over_B1,COMPLETE_COVERAGE,qlike_regime_secondary,-0.004152521449812964,0.17617863412042647,lightgbm_qlike,4,False,SECONDARY,two-sided percentile 95%; not inversion of centered-null p,delta = 0,resampled statistic minus observed statistic; +1 correction,995,0.3984,0.0996,-2.4138901852441395,0,mean,COMPUTED,window_nonempty_30m,
150,9750,9750,25,0,9750,0,two-sided,0.1818789108645419,5,9999,20260907,0.002448448474389575,0.000251806184052239,B1_over_B0,COMPLETE_COVERAGE,qlike_regime_secondary,0.0013188100675459447,0.18096751879326617,log_ridge_harq,4,False,SECONDARY,two-sided percentile 95%; not inversion of centered-null p,delta = 0,resampled statistic minus observed statistic; +1 correction,59,0.018000000000000002,0.006,0.5010982674920935,0,median,COMPUTED,window_nonempty_30m,
150,9750,9750,25,0,9750,0,two-sided,0.18096751879326617,5,9999,20260907,0.0012276435922768392,-4.1723760749678984e-05,B2_over_B1,COMPLETE_COVERAGE,qlike_regime_secondary,0.00013028875505680104,0.1776005614020194,log_ridge_harq,4,False,SECONDARY,two-sided percentile 95%; not inversion of centered-null p,delta = 0,resampled statistic minus observed statistic; +1 correction,3528,0.4034,0.3529,1.8605313338539735,0,median,COMPUTED,window_nonempty_30m,
150,9750,9750,25,0,9750,0,two-sided,0.17494027080363075,5,9999,20260907,0.005258154483880284,0.0023898372683834324,B1_over_B0,COMPLETE_COVERAGE,qlike_regime_secondary,0.004249739000633995,0.1720261126706135,lightgbm_qlike,4,False,SECONDARY,two-sided percentile 95%; not inversion of centered-null p,delta = 0,resampled statistic minus observed statistic; +1 correction,13,0.0056,0.0014,1.6658017731596966,0,median,COMPUTED,window_nonempty_30m,
150,9750,9750,25,0,9750,0,two-sided,0.1720261126706135,5,9999,20260907,0.000874054635159327,-0.002339439921429043,B2_over_B1,COMPLETE_COVERAGE,qlike_regime_secondary,-0.0013988740523354914,0.17617863412042647,lightgbm_qlike,4,False,SECONDARY,two-sided percentile 95%; not inversion of centered-null p,delta = 0,resampled statistic minus observed statistic; +1 correction,2016,0.4034,0.2017,-2.4138901852441395,0,median,COMPUTED,window_nonempty_30m,
150,9750,9750,25,0,9750,0,two-sided,0.1818789108645419,5,9999,20260907,0.004070402786407943,-0.001956544754303644,B1_over_B0,COMPLETE_COVERAGE,qlike_regime_secondary,0.002049793662311692,0.18096751879326617,log_ridge_harq,4,False,SECONDARY,two-sided percentile 95%; not inversion of centered-null p,delta = 0,resampled statistic minus observed statistic; +1 correction,1723,0.5936,0.1724,0.5010982674920935,1,trimmed_mean_5pct,COMPUTED,window_nonempty_30m,
150,9750,9750,25,0,9750,0,two-sided,0.18096751879326617,5,9999,20260907,0.007842688125542365,-0.0006118968613584624,B2_over_B1,COMPLETE_COVERAGE,qlike_regime_secondary,0.00059227176289134,0.1776005614020194,log_ridge_harq,4,False,SECONDARY,two-sided percentile 95%; not inversion of centered-null p,delta = 0,resampled statistic minus observed statistic; +1 correction,4421,0.6598,0.4422,1.8605313338539735,1,trimmed_mean_5pct,COMPUTED,window_nonempty_30m,
150,9750,9750,25,0,9750,0,two-sided,0.17494027080363075,5,9999,20260907,0.007566528722363205,-0.001227044343673068,B1_over_B0,COMPLETE_COVERAGE,qlike_regime_secondary,0.0033183909425731364,0.1720261126706135,lightgbm_qlike,4,False,SECONDARY,two-sided percentile 95%; not inversion of centered-null p,delta = 0,resampled statistic minus observed statistic; +1 correction,1483,0.5936,0.1484,1.6658017731596966,1,trimmed_mean_5pct,COMPUTED,window_nonempty_30m,
150,9750,9750,25,0,9750,0,two-sided,0.1720261126706135,5,9999,20260907,0.0003352668527569047,-0.008146080195954704,B2_over_B1,COMPLETE_COVERAGE,qlike_regime_secondary,-0.0014576761987376418,0.17617863412042647,lightgbm_qlike,4,False,SECONDARY,two-sided percentile 95%; not inversion of centered-null p,delta = 0,resampled statistic minus observed statistic; +1 correction,3298,0.6598,0.3299,-2.4138901852441395,1,trimmed_mean_5pct,COMPUTED,window_nonempty_30m,
25,9750,1625,25,0,9750,8125,two-sided,0.13229406889873616,5,9999,20260907,0.007278041577497907,0.001533481099721723,B1_over_B0,COMPLETE_COVERAGE,qlike_regime_secondary,0.004259592490386399,0.12803447640834975,log_ridge_harq,4,False,SECONDARY,two-sided percentile 95%; not inversion of centered-null p,delta = 0,resampled statistic minus observed statistic; +1 correction,30,0.0124,0.0031,3.2197909746406563,0,mean,COMPUTED,asset_AAPL,
25,9750,1625,25,0,9750,8125,two-sided,0.12803447640834975,5,9999,20260907,0.0014936642445346037,-0.001999885412446854,B2_over_B1,COMPLETE_COVERAGE,qlike_regime_secondary,-0.00019386910956689735,0.12822834551791668,log_ridge_harq,4,False,SECONDARY,two-sided percentile 95%; not inversion of centered-null p,delta = 0,resampled statistic minus observed statistic; +1 correction,8271,0.8272,0.8272,-0.15141945748157423,0,mean,COMPUTED,asset_AAPL,
25,9750,1625,25,0,9750,8125,two-sided,0.1328994434144542,5,9999,20260907,0.016014787429062673,-0.00011117162862305142,B1_over_B0,COMPLETE_COVERAGE,qlike_regime_secondary,0.00761768202934744,0.12528176138510677,lightgbm_qlike,4,False,SECONDARY,two-sided percentile 95%; not inversion of centered-null p,delta = 0,resampled statistic minus observed statistic; +1 correction,639,0.192,0.064,5.731914170318443,0,mean,COMPUTED,asset_AAPL,
25,9750,1625,25,0,9750,8125,two-sided,0.12528176138510677,5,9999,20260907,0.002662372850986951,-0.006296140607486382,B2_over_B1,COMPLETE_COVERAGE,qlike_regime_secondary,-0.0018704355328381089,0.12715219691794485,lightgbm_qlike,4,False,SECONDARY,two-sided percentile 95%; not inversion of centered-null p,delta = 0,resampled statistic minus observed statistic; +1 correction,4117,0.8236,0.4118,-1.4929831063665604,0,mean,COMPUTED,asset_AAPL,
25,9750,1625,25,0,9750,8125,two-sided,0.13229406889873616,5,9999,20260907,0.007778110230199559,0.0005864727207139306,B1_over_B0,COMPLETE_COVERAGE,qlike_regime_secondary,0.0037564665881826,0.12803447640834975,log_ridge_harq,4,False,SECONDARY,two-sided percentile 95%; not inversion of centered-null p,delta = 0,resampled statistic minus observed statistic; +1 correction,866,0.1734,0.0867,3.2197909746406563,0,median,COMPUTED,asset_AAPL,
25,9750,1625,25,0,9750,8125,two-sided,0.12803447640834975,5,9999,20260907,0.00233059577413125,-0.0008939598872875348,B2_over_B1,COMPLETE_COVERAGE,qlike_regime_secondary,0.00018479286138332884,0.12822834551791668,log_ridge_harq,4,False,SECONDARY,two-sided percentile 95%; not inversion of centered-null p,delta = 0,resampled statistic minus observed statistic; +1 correction,7394,0.7395,0.7395,-0.15141945748157423,0,median,COMPUTED,asset_AAPL,
25,9750,1625,25,0,9750,8125,two-sided,0.1328994434144542,5,9999,20260907,0.01713223551961529,0.0022540511979179667,B1_over_B0,COMPLETE_COVERAGE,qlike_regime_secondary,0.005711510315990993,0.12528176138510677,lightgbm_qlike,4,False,SECONDARY,two-sided percentile 95%; not inversion of centered-null p,delta = 0,resampled statistic minus observed statistic; +1 correction,372,0.1119,0.0373,5.731914170318443,0,median,COMPUTED,asset_AAPL,
25,9750,1625,25,0,9750,8125,two-sided,0.12528176138510677,5,9999,20260907,-0.0002857663775112096,-0.004271634934170432,B2_over_B1,COMPLETE_COVERAGE,qlike_regime_secondary,-0.002320116289744545,0.12715219691794485,lightgbm_qlike,4,False,SECONDARY,two-sided percentile 95%; not inversion of centered-null p,delta = 0,resampled statistic minus observed statistic; +1 correction,241,0.0968,0.0242,-1.4929831063665604,0,median,COMPUTED,asset_AAPL,
25,9750,1625,25,0,9750,8125,two-sided,0.13229406889873616,5,9999,20260907,0.006959416009582389,0.0014486750536850108,B1_over_B0,COMPLETE_COVERAGE,qlike_regime_secondary,0.0037896884091741584,0.12803447640834975,log_ridge_harq,4,False,SECONDARY,two-sided percentile 95%; not inversion of centered-null p,delta = 0,resampled statistic minus observed statistic; +1 correction,95,0.0384,0.0096,3.2197909746406563,1,trimmed_mean_5pct,COMPUTED,asset_AAPL,
25,9750,1625,25,0,9750,8125,two-sided,0.12803447640834975,5,9999,20260907,0.0015400756134328702,-0.002028468402133927,B2_over_B1,COMPLETE_COVERAGE,qlike_regime_secondary,-0.00012541301195883876,0.12822834551791668,log_ridge_harq,4,False,SECONDARY,two-sided percentile 95%; not inversion of centered-null p,delta = 0,resampled statistic minus observed statistic; +1 correction,8915,0.8916,0.8916,-0.15141945748157423,1,trimmed_mean_5pct,COMPUTED,asset_AAPL,
25,9750,1625,25,0,9750,8125,two-sided,0.1328994434144542,5,9999,20260907,0.016514650416508802,-0.00023033167541003241,B1_over_B0,COMPLETE_COVERAGE,qlike_regime_secondary,0.007724999102501007,0.12528176138510677,lightgbm_qlike,4,False,SECONDARY,two-sided percentile 95%; not inversion of centered-null p,delta = 0,resampled statistic minus observed statistic; +1 correction,707,0.2124,0.0708,5.731914170318443,1,trimmed_mean_5pct,COMPUTED,asset_AAPL,
25,9750,1625,25,0,9750,8125,two-sided,0.12528176138510677,5,9999,20260907,0.0018195921945678903,-0.0060027131955273025,B2_over_B1,COMPLETE_COVERAGE,qlike_regime_secondary,-0.0023085055534264472,0.12715219691794485,lightgbm_qlike,4,False,SECONDARY,two-sided percentile 95%; not inversion of centered-null p,delta = 0,resampled statistic minus observed statistic; +1 correction,2325,0.4652,0.2326,-1.4929831063665604,1,trimmed_mean_5pct,COMPUTED,asset_AAPL,
25,9750,1625,25,0,9750,8125,two-sided,0.40541408285373703,5,9999,20260907,0.005738376781017443,0.00038313556190454866,B1_over_B0,COMPLETE_COVERAGE,qlike_regime_secondary,0.002925909690740613,0.40248817316299645,log_ridge_harq,4,False,SECONDARY,two-sided percentile 95%; not inversion of centered-null p,delta = 0,resampled statistic minus observed statistic; +1 correction,292,0.1172,0.0293,0.7217089426556023,0,mean,COMPUTED,asset_AMZN,
25,9750,1625,25,0,9750,8125,two-sided,0.40248817316299645,5,9999,20260907,0.06160429942997476,-0.0008390038140251666,B2_over_B1,COMPLETE_COVERAGE,qlike_regime_secondary,0.020477506329993164,0.3820106668330033,log_ridge_harq,4,False,SECONDARY,two-sided percentile 95%; not inversion of centered-null p,delta = 0,resampled statistic minus observed statistic; +1 correction,3359,0.7053,0.336,5.0877287074222535,0,mean,COMPUTED,asset_AMZN,
25,9750,1625,25,0,9750,8125,two-sided,0.37053873418387034,5,9999,20260907,0.01235210419512262,-0.02127306136154632,B1_over_B0,COMPLETE_COVERAGE,qlike_regime_secondary,-0.001219489623810589,0.371758223807681,lightgbm_qlike,4,False,SECONDARY,two-sided percentile 95%; not inversion of centered-null p,delta = 0,resampled statistic minus observed statistic; +1 correction,8556,0.8557,0.8557,-0.3291125896720553,0,mean,COMPUTED,asset_AMZN,
25,9750,1625,25,0,9750,8125,two-sided,0.371758223807681,5,9999,20260907,0.001740150819679213,-0.05693112193034099,B2_over_B1,COMPLETE_COVERAGE,qlike_regime_secondary,-0.019225410590951675,0.39098363439863265,lightgbm_qlike,4,False,SECONDARY,two-sided percentile 95%; not inversion of centered-null p,delta = 0,resampled statistic minus observed statistic; +1 correction,2350,0.7053,0.2351,-5.171482259097897,0,mean,COMPUTED,asset_AMZN,
25,9750,1625,25,0,9750,8125,two-sided,0.40541408285373703,5,9999,20260907,0.004698453593518656,0.00012022026748198522,B1_over_B0,COMPLETE_COVERAGE,qlike_regime_secondary,0.001901558299298417,0.40248817316299645,log_ridge_harq,4,False,SECONDARY,two-sided percentile 95%; not inversion of centered-null p,delta = 0,resampled statistic minus observed statistic; +1 correction,4326,1.0,0.4327,0.7217089426556023,0,median,COMPUTED,asset_AMZN,
25,9750,1625,25,0,9750,8125,two-sided,0.40248817316299645,5,9999,20260907,0.0022264269482151627,-0.0017696216769718942,B2_over_B1,COMPLETE_COVERAGE,qlike_regime_secondary,-0.0011146910822975309,0.3820106668330033,log_ridge_harq,4,False,SECONDARY,two-sided percentile 95%; not inversion of centered-null p,delta = 0,resampled statistic minus observed statistic; +1 correction,2376,0.9508,0.2377,5.0877287074222535,0,median,COMPUTED,asset_AMZN,
25,9750,1625,25,0,9750,8125,two-sided,0.37053873418387034,5,9999,20260907,0.01225047731097427,-0.001518992638082868,B1_over_B0,COMPLETE_COVERAGE,qlike_regime_secondary,0.0036456326867346373,0.371758223807681,lightgbm_qlike,4,False,SECONDARY,two-sided percentile 95%; not inversion of centered-null p,delta = 0,resampled statistic minus observed statistic; +1 correction,4098,1.0,0.4099,-0.3291125896720553,0,median,COMPUTED,asset_AMZN,
25,9750,1625,25,0,9750,8125,two-sided,0.371758223807681,5,9999,20260907,0.0021246703495940017,-0.0046173019017601985,B2_over_B1,COMPLETE_COVERAGE,qlike_regime_secondary,-0.0006911572210607092,0.39098363439863265,lightgbm_qlike,4,False,SECONDARY,two-sided percentile 95%; not inversion of centered-null p,delta = 0,resampled statistic minus observed statistic; +1 correction,6440,1.0,0.6441,-5.171482259097897,0,median,COMPUTED,asset_AMZN,
25,9750,1625,25,0,9750,8125,two-sided,0.40541408285373703,5,9999,20260907,0.00567535642095764,0.00012984023397541098,B1_over_B0,COMPLETE_COVERAGE,qlike_regime_secondary,0.0026618028060156128,0.40248817316299645,log_ridge_harq,4,False,SECONDARY,two-sided percentile 95%; not inversion of centered-null p,delta = 0,resampled statistic minus observed statistic; +1 correction,592,0.2372,0.0593,0.7217089426556023,1,trimmed_mean_5pct,COMPUTED,asset_AMZN,
25,9750,1625,25,0,9750,8125,two-sided,0.40248817316299645,5,9999,20260907,0.04479610301725333,-0.001099114894391337,B2_over_B1,COMPLETE_COVERAGE,qlike_regime_secondary,0.00010669702014138473,0.3820106668330033,log_ridge_harq,4,False,SECONDARY,two-sided percentile 95%; not inversion of centered-null p,delta = 0,resampled statistic minus observed statistic; +1 correction,9021,1.0,0.9022,5.0877287074222535,1,trimmed_mean_5pct,COMPUTED,asset_AMZN,
25,9750,1625,25,0,9750,8125,two-sided,0.37053873418387034,5,9999,20260907,0.011992477326546338,-0.01583895578352245,B1_over_B0,COMPLETE_COVERAGE,qlike_regime_secondary,0.005775909163837256,0.371758223807681,lightgbm_qlike,4,False,SECONDARY,two-sided percentile 95%; not inversion of centered-null p,delta = 0,resampled statistic minus observed statistic; +1 correction,3027,0.9084000000000001,0.3028,-0.3291125896720553,1,trimmed_mean_5pct,COMPUTED,asset_AMZN,
25,9750,1625,25,0,9750,8125,two-sided,0.371758223807681,5,9999,20260907,0.0019239364345565624,-0.042645869323756365,B2_over_B1,COMPLETE_COVERAGE,qlike_regime_secondary,-0.0019320379971615237,0.39098363439863265,lightgbm_qlike,4,False,SECONDARY,two-sided percentile 95%; not inversion of centered-null p,delta = 0,resampled statistic minus observed statistic; +1 correction,5194,1.0,0.5195,-5.171482259097897,1,trimmed_mean_5pct,COMPUTED,asset_AMZN,
25,9750,1625,25,0,9750,8125,two-sided,0.13325275667961736,5,9999,20260907,0.004003623113454975,0.0003021459030041405,B1_over_B0,COMPLETE_COVERAGE,qlike_regime_secondary,0.0022900483856587426,0.13096270829395862,log_ridge_harq,4,False,SECONDARY,two-sided percentile 95%; not inversion of centered-null p,delta = 0,resampled statistic minus observed statistic; +1 correction,148,0.0596,0.0149,1.7185748668335306,0,mean,COMPUTED,asset_META,
25,9750,1625,25,0,9750,8125,two-sided,0.13096270829395862,5,9999,20260907,0.0031109240978393587,-0.000663443561177261,B2_over_B1,COMPLETE_COVERAGE,qlike_regime_secondary,0.0012403745859998947,0.12972233370795874,log_ridge_harq,4,False,SECONDARY,two-sided percentile 95%; not inversion of centered-null p,delta = 0,resampled statistic minus observed statistic; +1 correction,2106,0.4214,0.2107,0.9471204453223069,0,mean,COMPUTED,asset_META,
25,9750,1625,25,0,9750,8125,two-sided,0.129455709488975,5,9999,20260907,0.014597893148793213,0.0021029149210065913,B1_over_B0,COMPLETE_COVERAGE,qlike_regime_secondary,0.007545551760608886,0.12191015772836615,lightgbm_qlike,4,False,SECONDARY,two-sided percentile 95%; not inversion of centered-null p,delta = 0,resampled statistic minus observed statistic; +1 correction,195,0.0596,0.0196,5.828674370867742,0,mean,COMPUTED,asset_META,
25,9750,1625,25,0,9750,8125,two-sided,0.12191015772836615,5,9999,20260907,0.002672204904580506,-0.005822749298443849,B2_over_B1,COMPLETE_COVERAGE,qlike_regime_secondary,-0.0012962712722495561,0.12320642900061568,lightgbm_qlike,4,False,SECONDARY,two-sided percentile 95%; not inversion of centered-null p,delta = 0,resampled statistic minus observed statistic; +1 correction,5534,0.5535,0.5535,-1.0633004635576309,0,mean,COMPUTED,asset_META,
25,9750,1625,25,0,9750,8125,two-sided,0.13325275667961736,5,9999,20260907,0.004900101928439149,-0.0007401672059228551,B1_over_B0,COMPLETE_COVERAGE,qlike_regime_secondary,0.0022910567478627852,0.13096270829395862,log_ridge_harq,4,False,SECONDARY,two-sided percentile 95%; not inversion of centered-null p,delta = 0,resampled statistic minus observed statistic; +1 correction,935,0.1872,0.0936,1.7185748668335306,0,median,COMPUTED,asset_META,
25,9750,1625,25,0,9750,8125,two-sided,0.13096270829395862,5,9999,20260907,0.004914510259538804,0.0006382177392079413,B2_over_B1,COMPLETE_COVERAGE,qlike_regime_secondary,0.002281492681603159,0.12972233370795874,log_ridge_harq,4,False,SECONDARY,two-sided percentile 95%; not inversion of centered-null p,delta = 0,resampled statistic minus observed statistic; +1 correction,498,0.1497,0.0499,0.9471204453223069,0,median,COMPUTED,asset_META,
25,9750,1625,25,0,9750,8125,two-sided,0.129455709488975,5,9999,20260907,0.008847890127523572,0.003849524489374423,B1_over_B0,COMPLETE_COVERAGE,qlike_regime_secondary,0.006933669792316716,0.12191015772836615,lightgbm_qlike,4,False,SECONDARY,two-sided percentile 95%; not inversion of centered-null p,delta = 0,resampled statistic minus observed statistic; +1 correction,23,0.0096,0.0024,5.828674370867742,0,median,COMPUTED,asset_META,
25,9750,1625,25,0,9750,8125,two-sided,0.12191015772836615,5,9999,20260907,0.003059894752529574,-0.0037575842130348758,B2_over_B1,COMPLETE_COVERAGE,qlike_regime_secondary,7.054339324560899e-06,0.12320642900061568,lightgbm_qlike,4,False,SECONDARY,two-sided percentile 95%; not inversion of centered-null p,delta = 0,resampled statistic minus observed statistic; +1 correction,8572,0.8573,0.8573,-1.0633004635576309,0,median,COMPUTED,asset_META,
25,9750,1625,25,0,9750,8125,two-sided,0.13325275667961736,5,9999,20260907,0.004007536662681903,0.00024092750778728397,B1_over_B0,COMPLETE_COVERAGE,qlike_regime_secondary,0.002327510263653188,0.13096270829395862,log_ridge_harq,4,False,SECONDARY,two-sided percentile 95%; not inversion of centered-null p,delta = 0,resampled statistic minus observed statistic; +1 correction,167,0.0672,0.0168,1.7185748668335306,1,trimmed_mean_5pct,COMPUTED,asset_META,
25,9750,1625,25,0,9750,8125,two-sided,0.13096270829395862,5,9999,20260907,0.0034997978547609515,-0.00037254323269911467,B2_over_B1,COMPLETE_COVERAGE,qlike_regime_secondary,0.0016854822434973129,0.12972233370795874,log_ridge_harq,4,False,SECONDARY,two-sided percentile 95%; not inversion of centered-null p,delta = 0,resampled statistic minus observed statistic; +1 correction,927,0.18569999999999998,0.0928,0.9471204453223069,1,trimmed_mean_5pct,COMPUTED,asset_META,
25,9750,1625,25,0,9750,8125,two-sided,0.129455709488975,5,9999,20260907,0.01355697513713494,0.0019269791475273828,B1_over_B0,COMPLETE_COVERAGE,qlike_regime_secondary,0.005897716450690499,0.12191015772836615,lightgbm_qlike,4,False,SECONDARY,two-sided percentile 95%; not inversion of centered-null p,delta = 0,resampled statistic minus observed statistic; +1 correction,618,0.18569999999999998,0.0619,5.828674370867742,1,trimmed_mean_5pct,COMPUTED,asset_META,
25,9750,1625,25,0,9750,8125,two-sided,0.12191015772836615,5,9999,20260907,0.003214511433844739,-0.005232159484729745,B2_over_B1,COMPLETE_COVERAGE,qlike_regime_secondary,-0.000310683454495603,0.12320642900061568,lightgbm_qlike,4,False,SECONDARY,two-sided percentile 95%; not inversion of centered-null p,delta = 0,resampled statistic minus observed statistic; +1 correction,8934,0.8935,0.8935,-1.0633004635576309,1,trimmed_mean_5pct,COMPUTED,asset_META,
25,9750,1625,25,0,9750,8125,two-sided,0.13080380406785916,5,9999,20260907,0.0037911578145379105,0.00014792239751859507,B1_over_B0,COMPLETE_COVERAGE,qlike_regime_secondary,0.0020334200297468337,0.12877038403811233,log_ridge_harq,4,False,SECONDARY,two-sided percentile 95%; not inversion of centered-null p,delta = 0,resampled statistic minus observed statistic; +1 correction,266,0.0801,0.0267,1.5545572579004843,0,mean,COMPUTED,asset_MSFT,
25,9750,1625,25,0,9750,8125,two-sided,0.12877038403811233,5,9999,20260907,0.0061687938241419375,0.001521052881865679,B2_over_B1,COMPLETE_COVERAGE,qlike_regime_secondary,0.0038335455556738275,0.12493683848243851,log_ridge_harq,4,False,SECONDARY,two-sided percentile 95%; not inversion of centered-null p,delta = 0,resampled statistic minus observed statistic; +1 correction,2,0.0012,0.0003,2.9770397784471996,0,mean,COMPUTED,asset_MSFT,
25,9750,1625,25,0,9750,8125,two-sided,0.12735237707638603,5,9999,20260907,0.008956256505296271,-0.0026074241182239286,B1_over_B0,COMPLETE_COVERAGE,qlike_regime_secondary,0.0023063124324923263,0.12504606464389367,lightgbm_qlike,4,False,SECONDARY,two-sided percentile 95%; not inversion of centered-null p,delta = 0,resampled statistic minus observed statistic; +1 correction,4568,0.9138,0.4569,1.810969284938434,0,mean,COMPUTED,asset_MSFT,
25,9750,1625,25,0,9750,8125,two-sided,0.12504606464389367,5,9999,20260907,0.001977446868726241,-0.0031675159150926055,B2_over_B1,COMPLETE_COVERAGE,qlike_regime_secondary,-0.0005422962100582987,0.125588360853952,lightgbm_qlike,4,False,SECONDARY,two-sided percentile 95%; not inversion of centered-null p,delta = 0,resampled statistic minus observed statistic; +1 correction,6945,0.9138,0.6946,-0.43367715057858913,0,mean,COMPUTED,asset_MSFT,
25,9750,1625,25,0,9750,8125,two-sided,0.13080380406785916,5,9999,20260907,0.003136023946297112,-0.0009570905123346823,B1_over_B0,COMPLETE_COVERAGE,qlike_regime_secondary,0.0005010282407220679,0.12877038403811233,log_ridge_harq,4,False,SECONDARY,two-sided percentile 95%; not inversion of centered-null p,delta = 0,resampled statistic minus observed statistic; +1 correction,5383,0.807,0.5384,1.5545572579004843,0,median,COMPUTED,asset_MSFT,
25,9750,1625,25,0,9750,8125,two-sided,0.12877038403811233,5,9999,20260907,0.006329270832597933,0.0024389676809643893,B2_over_B1,COMPLETE_COVERAGE,qlike_regime_secondary,0.004357518459253584,0.12493683848243851,log_ridge_harq,4,False,SECONDARY,two-sided percentile 95%; not inversion of centered-null p,delta = 0,resampled statistic minus observed statistic; +1 correction,3,0.0016,0.0004,2.9770397784471996,0,median,COMPUTED,asset_MSFT,
25,9750,1625,25,0,9750,8125,two-sided,0.12735237707638603,5,9999,20260907,0.00900053220871,-0.0004112179209626865,B1_over_B0,COMPLETE_COVERAGE,qlike_regime_secondary,0.0022781096691500413,0.12504606464389367,lightgbm_qlike,4,False,SECONDARY,two-sided percentile 95%; not inversion of centered-null p,delta = 0,resampled statistic minus observed statistic; +1 correction,3269,0.807,0.327,1.810969284938434,0,median,COMPUTED,asset_MSFT,
25,9750,1625,25,0,9750,8125,two-sided,0.12504606464389367,5,9999,20260907,0.0022284865719098823,-0.0008354234315554876,B2_over_B1,COMPLETE_COVERAGE,qlike_regime_secondary,0.0006553461918983039,0.125588360853952,lightgbm_qlike,4,False,SECONDARY,two-sided percentile 95%; not inversion of centered-null p,delta = 0,resampled statistic minus observed statistic; +1 correction,2689,0.807,0.269,-0.43367715057858913,0,median,COMPUTED,asset_MSFT,
25,9750,1625,25,0,9750,8125,two-sided,0.13080380406785916,5,9999,20260907,0.0037452651354116066,-0.00017411622045441683,B1_over_B0,COMPLETE_COVERAGE,qlike_regime_secondary,0.0018162382588882437,0.12877038403811233,log_ridge_harq,4,False,SECONDARY,two-sided percentile 95%; not inversion of centered-null p,delta = 0,resampled statistic minus observed statistic; +1 correction,721,0.21660000000000001,0.0722,1.5545572579004843,1,trimmed_mean_5pct,COMPUTED,asset_MSFT,
25,9750,1625,25,0,9750,8125,two-sided,0.12877038403811233,5,9999,20260907,0.006243561962879601,0.001549355329960527,B2_over_B1,COMPLETE_COVERAGE,qlike_regime_secondary,0.0038196460688778903,0.12493683848243851,log_ridge_harq,4,False,SECONDARY,two-sided percentile 95%; not inversion of centered-null p,delta = 0,resampled statistic minus observed statistic; +1 correction,3,0.0016,0.0004,2.9770397784471996,1,trimmed_mean_5pct,COMPUTED,asset_MSFT,
25,9750,1625,25,0,9750,8125,two-sided,0.12735237707638603,5,9999,20260907,0.00847269060463848,-0.0023000930832273773,B1_over_B0,COMPLETE_COVERAGE,qlike_regime_secondary,0.0016434852080971154,0.12504606464389367,lightgbm_qlike,4,False,SECONDARY,two-sided percentile 95%; not inversion of centered-null p,delta = 0,resampled statistic minus observed statistic; +1 correction,5016,1.0,0.5017,1.810969284938434,1,trimmed_mean_5pct,COMPUTED,asset_MSFT,
25,9750,1625,25,0,9750,8125,two-sided,0.12504606464389367,5,9999,20260907,0.0020948321859376286,-0.002756849545442779,B2_over_B1,COMPLETE_COVERAGE,qlike_regime_secondary,-9.163560475705144e-05,0.125588360853952,lightgbm_qlike,4,False,SECONDARY,two-sided percentile 95%; not inversion of centered-null p,delta = 0,resampled statistic minus observed statistic; +1 correction,9450,1.0,0.9451,-0.43367715057858913,1,trimmed_mean_5pct,COMPUTED,asset_MSFT,
25,9750,1625,25,0,9750,8125,two-sided,0.10661927291400644,5,9999,20260907,0.002896657608434715,-0.001180181321511866,B1_over_B0,COMPLETE_COVERAGE,qlike_regime_secondary,0.0009128646846503649,0.10570640822935609,log_ridge_harq,4,False,SECONDARY,two-sided percentile 95%; not inversion of centered-null p,delta = 0,resampled statistic minus observed statistic; +1 correction,3899,0.9915,0.39,0.856191061616631,0,mean,COMPUTED,asset_NVDA,
25,9750,1625,25,0,9750,8125,two-sided,0.10570640822935609,5,9999,20260907,0.0005484576109121209,-0.0019825757432265748,B2_over_B1,COMPLETE_COVERAGE,qlike_regime_secondary,-0.0006545753937193341,0.1063609836230754,log_ridge_harq,4,False,SECONDARY,two-sided percentile 95%; not inversion of centered-null p,delta = 0,resampled statistic minus observed statistic; +1 correction,3304,0.9915,0.3305,-0.6192390836883527,0,mean,COMPUTED,asset_NVDA,
25,9750,1625,25,0,9750,8125,two-sided,0.10635717782789954,5,9999,20260907,0.0063530823225285945,-0.00040428649592622675,B1_over_B0,COMPLETE_COVERAGE,qlike_regime_secondary,0.002984306548831369,0.10337287127906816,lightgbm_qlike,4,False,SECONDARY,two-sided percentile 95%; not inversion of centered-null p,delta = 0,resampled statistic minus observed statistic; +1 correction,832,0.3332,0.0833,2.8059286733429363,0,mean,COMPUTED,asset_NVDA,
25,9750,1625,25,0,9750,8125,two-sided,0.10337287127906816,5,9999,20260907,0.004116118094506534,-0.005003283277054419,B2_over_B1,COMPLETE_COVERAGE,qlike_regime_secondary,-0.0009824738872989064,0.10435534516636709,lightgbm_qlike,4,False,SECONDARY,two-sided percentile 95%; not inversion of centered-null p,delta = 0,resampled statistic minus observed statistic; +1 correction,6817,0.9915,0.6818,-0.950417527483196,0,mean,COMPUTED,asset_NVDA,
25,9750,1625,25,0,9750,8125,two-sided,0.10661927291400644,5,9999,20260907,0.004338834235504352,-0.0014356088469999195,B1_over_B0,COMPLETE_COVERAGE,qlike_regime_secondary,0.0028193453344124986,0.10570640822935609,log_ridge_harq,4,False,SECONDARY,two-sided percentile 95%; not inversion of centered-null p,delta = 0,resampled statistic minus observed statistic; +1 correction,2050,0.6153,0.2051,0.856191061616631,0,median,COMPUTED,asset_NVDA,
25,9750,1625,25,0,9750,8125,two-sided,0.10570640822935609,5,9999,20260907,0.0009191859051277812,-0.00262529296863169,B2_over_B1,COMPLETE_COVERAGE,qlike_regime_secondary,-0.0006985893049207409,0.1063609836230754,log_ridge_harq,4,False,SECONDARY,two-sided percentile 95%; not inversion of centered-null p,delta = 0,resampled statistic minus observed statistic; +1 correction,8322,0.8323,0.8323,-0.6192390836883527,0,median,COMPUTED,asset_NVDA,
25,9750,1625,25,0,9750,8125,two-sided,0.10635717782789954,5,9999,20260907,0.008546813067943165,0.0010697838259614428,B1_over_B0,COMPLETE_COVERAGE,qlike_regime_secondary,0.0027315334233865285,0.10337287127906816,lightgbm_qlike,4,False,SECONDARY,two-sided percentile 95%; not inversion of centered-null p,delta = 0,resampled statistic minus observed statistic; +1 correction,401,0.1608,0.0402,2.8059286733429363,0,median,COMPUTED,asset_NVDA,
25,9750,1625,25,0,9750,8125,two-sided,0.10337287127906816,5,9999,20260907,0.0012721354929716988,-0.004578352949686296,B2_over_B1,COMPLETE_COVERAGE,qlike_regime_secondary,-0.002152469264345508,0.10435534516636709,lightgbm_qlike,4,False,SECONDARY,two-sided percentile 95%; not inversion of centered-null p,delta = 0,resampled statistic minus observed statistic; +1 correction,3649,0.73,0.365,-0.950417527483196,0,median,COMPUTED,asset_NVDA,
25,9750,1625,25,0,9750,8125,two-sided,0.10661927291400644,5,9999,20260907,0.0032876747569249203,-0.0009996089735842897,B1_over_B0,COMPLETE_COVERAGE,qlike_regime_secondary,0.0012794076322079184,0.10570640822935609,log_ridge_harq,4,False,SECONDARY,two-sided percentile 95%; not inversion of centered-null p,delta = 0,resampled statistic minus observed statistic; +1 correction,2570,0.7713,0.2571,0.856191061616631,1,trimmed_mean_5pct,COMPUTED,asset_NVDA,
25,9750,1625,25,0,9750,8125,two-sided,0.10570640822935609,5,9999,20260907,0.00048654855766658766,-0.0021080180397181182,B2_over_B1,COMPLETE_COVERAGE,qlike_regime_secondary,-0.0007832837158517688,0.1063609836230754,log_ridge_harq,4,False,SECONDARY,two-sided percentile 95%; not inversion of centered-null p,delta = 0,resampled statistic minus observed statistic; +1 correction,2605,0.7713,0.2606,-0.6192390836883527,1,trimmed_mean_5pct,COMPUTED,asset_NVDA,
25,9750,1625,25,0,9750,8125,two-sided,0.10635717782789954,5,9999,20260907,0.007130935346954254,0.0009945077855693226,B1_over_B0,COMPLETE_COVERAGE,qlike_regime_secondary,0.004627832081242974,0.10337287127906816,lightgbm_qlike,4,False,SECONDARY,two-sided percentile 95%; not inversion of centered-null p,delta = 0,resampled statistic minus observed statistic; +1 correction,76,0.0308,0.0077,2.8059286733429363,1,trimmed_mean_5pct,COMPUTED,asset_NVDA,
25,9750,1625,25,0,9750,8125,two-sided,0.10337287127906816,5,9999,20260907,0.00323684384130742,-0.005091450385182463,B2_over_B1,COMPLETE_COVERAGE,qlike_regime_secondary,-0.0021860711334537515,0.10435534516636709,lightgbm_qlike,4,False,SECONDARY,two-sided percentile 95%; not inversion of centered-null p,delta = 0,resampled statistic minus observed statistic; +1 correction,2696,0.7713,0.2697,-0.950417527483196,1,trimmed_mean_5pct,COMPUTED,asset_NVDA,
25,9750,1625,25,0,9750,8125,two-sided,0.18288947977329506,5,9999,20260907,0.005730516372611079,-0.026292737938609867,B1_over_B0,COMPLETE_COVERAGE,qlike_regime_secondary,-0.006953482853528686,0.18984296262682374,log_ridge_harq,4,False,SECONDARY,two-sided percentile 95%; not inversion of centered-null p,delta = 0,resampled statistic minus observed statistic; +1 correction,5168,1.0,0.5169,-3.8020135778985416,0,mean,COMPUTED,asset_TSLA,
25,9750,1625,25,0,9750,8125,two-sided,0.18984296262682374,5,9999,20260907,0.00035684213857863317,-0.010656023328812419,B2_over_B1,COMPLETE_COVERAGE,qlike_regime_secondary,-0.004501237620899954,0.19434420024772364,log_ridge_harq,4,False,SECONDARY,two-sided percentile 95%; not inversion of centered-null p,delta = 0,resampled statistic minus observed statistic; +1 correction,1020,0.4084,0.1021,-2.371032119714694,0,mean,COMPUTED,asset_TSLA,
25,9750,1625,25,0,9750,8125,two-sided,0.18303818283019935,5,9999,20260907,0.005891918525747012,-0.011663030716435749,B1_over_B0,COMPLETE_COVERAGE,qlike_regime_secondary,-0.0017494143493658938,0.18478759717956525,lightgbm_qlike,4,False,SECONDARY,two-sided percentile 95%; not inversion of centered-null p,delta = 0,resampled statistic minus observed statistic; +1 correction,7032,1.0,0.7033,-0.9557647056564085,0,mean,COMPUTED,asset_TSLA,
25,9750,1625,25,0,9750,8125,two-sided,0.18478759717956525,5,9999,20260907,0.00046730412312069683,-0.002366318048922866,B2_over_B1,COMPLETE_COVERAGE,qlike_regime_secondary,-0.0009982412054812646,0.18578583838504653,lightgbm_qlike,4,False,SECONDARY,two-sided percentile 95%; not inversion of centered-null p,delta = 0,resampled statistic minus observed statistic; +1 correction,1752,0.5259,0.1753,-0.5402100685963437,0,mean,COMPUTED,asset_TSLA,
25,9750,1625,25,0,9750,8125,two-sided,0.18288947977329506,5,9999,20260907,0.004746213904029961,-0.002142430792271388,B1_over_B0,COMPLETE_COVERAGE,qlike_regime_secondary,0.0011992662992353909,0.18984296262682374,log_ridge_harq,4,False,SECONDARY,two-sided percentile 95%; not inversion of centered-null p,delta = 0,resampled statistic minus observed statistic; +1 correction,5582,1.0,0.5583,-3.8020135778985416,0,median,COMPUTED,asset_TSLA,
25,9750,1625,25,0,9750,8125,two-sided,0.18984296262682374,5,9999,20260907,0.003289488244699351,-0.0026973715799610692,B2_over_B1,COMPLETE_COVERAGE,qlike_regime_secondary,-0.0009646291528700862,0.19434420024772364,log_ridge_harq,4,False,SECONDARY,two-sided percentile 95%; not inversion of centered-null p,delta = 0,resampled statistic minus observed statistic; +1 correction,6580,1.0,0.6581,-2.371032119714694,0,median,COMPUTED,asset_TSLA,
25,9750,1625,25,0,9750,8125,two-sided,0.18303818283019935,5,9999,20260907,0.008977530121297955,0.0020096155874193555,B1_over_B0,COMPLETE_COVERAGE,qlike_regime_secondary,0.0028302783110828594,0.18478759717956525,lightgbm_qlike,4,False,SECONDARY,two-sided percentile 95%; not inversion of centered-null p,delta = 0,resampled statistic minus observed statistic; +1 correction,1118,0.4476,0.1119,-0.9557647056564085,0,median,COMPUTED,asset_TSLA,
25,9750,1625,25,0,9750,8125,two-sided,0.18478759717956525,5,9999,20260907,0.0008072723933564285,-0.0008237097876582222,B2_over_B1,COMPLETE_COVERAGE,qlike_regime_secondary,-0.0002440159549404186,0.18578583838504653,lightgbm_qlike,4,False,SECONDARY,two-sided percentile 95%; not inversion of centered-null p,delta = 0,resampled statistic minus observed statistic; +1 correction,6618,1.0,0.6619,-0.5402100685963437,0,median,COMPUTED,asset_TSLA,
25,9750,1625,25,0,9750,8125,two-sided,0.18288947977329506,5,9999,20260907,0.0060290726886877396,-0.020164063505838006,B1_over_B0,COMPLETE_COVERAGE,qlike_regime_secondary,0.0007678621998542254,0.18984296262682374,log_ridge_harq,4,False,SECONDARY,two-sided percentile 95%; not inversion of centered-null p,delta = 0,resampled statistic minus observed statistic; +1 correction,8444,0.9462,0.8445,-3.8020135778985416,1,trimmed_mean_5pct,COMPUTED,asset_TSLA,
25,9750,1625,25,0,9750,8125,two-sided,0.18984296262682374,5,9999,20260907,0.0008332132259810556,-0.008357073374256938,B2_over_B1,COMPLETE_COVERAGE,qlike_regime_secondary,-0.0019065076523663003,0.19434420024772364,log_ridge_harq,4,False,SECONDARY,two-sided percentile 95%; not inversion of centered-null p,delta = 0,resampled statistic minus observed statistic; +1 correction,3485,0.9462,0.3486,-2.371032119714694,1,trimmed_mean_5pct,COMPUTED,asset_TSLA,
25,9750,1625,25,0,9750,8125,two-sided,0.18303818283019935,5,9999,20260907,0.006770548454674646,-0.007561300195117383,B1_over_B0,COMPLETE_COVERAGE,qlike_regime_secondary,0.003214369769088982,0.18478759717956525,lightgbm_qlike,4,False,SECONDARY,two-sided percentile 95%; not inversion of centered-null p,delta = 0,resampled statistic minus observed statistic; +1 correction,3153,0.9462,0.3154,-0.9557647056564085,1,trimmed_mean_5pct,COMPUTED,asset_TSLA,
25,9750,1625,25,0,9750,8125,two-sided,0.18478759717956525,5,9999,20260907,0.00045710010348037607,-0.002499096075830393,B2_over_B1,COMPLETE_COVERAGE,qlike_regime_secondary,-0.0011017944857733752,0.18578583838504653,lightgbm_qlike,4,False,SECONDARY,two-sided percentile 95%; not inversion of centered-null p,delta = 0,resampled statistic minus observed statistic; +1 correction,1474,0.59,0.1475,-0.5402100685963437,1,trimmed_mean_5pct,COMPUTED,asset_TSLA,
150,9750,9750,25,0,9750,0,two-sided,0.1818789108645419,5,9999,20260907,0.0039476573819733395,-0.0028274371941787715,B1_over_B0,COMPLETE_COVERAGE,qlike_regime_secondary,0.0009113920712757084,0.18096751879326617,log_ridge_harq,4,False,SECONDARY,two-sided percentile 95%; not inversion of centered-null p,delta = 0,resampled statistic minus observed statistic; +1 correction,6201,0.6578999999999999,0.6202,0.5010982674920935,0,mean,COMPUTED,last30sessions,
150,9750,9750,25,0,9750,0,two-sided,0.18096751879326617,5,9999,20260907,0.01022276269681328,-0.0007443023224905518,B2_over_B1,COMPLETE_COVERAGE,qlike_regime_secondary,0.0033669573912467952,0.1776005614020194,log_ridge_harq,4,False,SECONDARY,two-sided percentile 95%; not inversion of centered-null p,delta = 0,resampled statistic minus observed statistic; +1 correction,3144,0.6578999999999999,0.3145,1.8605313338539735,0,mean,COMPUTED,last30sessions,
150,9750,9750,25,0,9750,0,two-sided,0.17494027080363075,5,9999,20260907,0.007422188097779921,-0.0016852924088726668,B1_over_B0,COMPLETE_COVERAGE,qlike_regime_secondary,0.002914158133017256,0.1720261126706135,lightgbm_qlike,4,False,SECONDARY,two-sided percentile 95%; not inversion of centered-null p,delta = 0,resampled statistic minus observed statistic; +1 correction,2192,0.6578999999999999,0.2193,1.6658017731596966,0,mean,COMPUTED,last30sessions,
150,9750,9750,25,0,9750,0,two-sided,0.1720261126706135,5,9999,20260907,2.4918118954779496e-05,-0.010378797484208193,B2_over_B1,COMPLETE_COVERAGE,qlike_regime_secondary,-0.004152521449812964,0.17617863412042647,lightgbm_qlike,4,False,SECONDARY,two-sided percentile 95%; not inversion of centered-null p,delta = 0,resampled statistic minus observed statistic; +1 correction,995,0.3984,0.0996,-2.4138901852441395,0,mean,COMPUTED,last30sessions,
150,9750,9750,25,0,9750,0,two-sided,0.1818789108645419,5,9999,20260907,0.002448448474389575,0.000251806184052239,B1_over_B0,COMPLETE_COVERAGE,qlike_regime_secondary,0.0013188100675459447,0.18096751879326617,log_ridge_harq,4,False,SECONDARY,two-sided percentile 95%; not inversion of centered-null p,delta = 0,resampled statistic minus observed statistic; +1 correction,59,0.018000000000000002,0.006,0.5010982674920935,0,median,COMPUTED,last30sessions,
150,9750,9750,25,0,9750,0,two-sided,0.18096751879326617,5,9999,20260907,0.0012276435922768392,-4.1723760749678984e-05,B2_over_B1,COMPLETE_COVERAGE,qlike_regime_secondary,0.00013028875505680104,0.1776005614020194,log_ridge_harq,4,False,SECONDARY,two-sided percentile 95%; not inversion of centered-null p,delta = 0,resampled statistic minus observed statistic; +1 correction,3528,0.4034,0.3529,1.8605313338539735,0,median,COMPUTED,last30sessions,
150,9750,9750,25,0,9750,0,two-sided,0.17494027080363075,5,9999,20260907,0.005258154483880284,0.0023898372683834324,B1_over_B0,COMPLETE_COVERAGE,qlike_regime_secondary,0.004249739000633995,0.1720261126706135,lightgbm_qlike,4,False,SECONDARY,two-sided percentile 95%; not inversion of centered-null p,delta = 0,resampled statistic minus observed statistic; +1 correction,13,0.0056,0.0014,1.6658017731596966,0,median,COMPUTED,last30sessions,
150,9750,9750,25,0,9750,0,two-sided,0.1720261126706135,5,9999,20260907,0.000874054635159327,-0.002339439921429043,B2_over_B1,COMPLETE_COVERAGE,qlike_regime_secondary,-0.0013988740523354914,0.17617863412042647,lightgbm_qlike,4,False,SECONDARY,two-sided percentile 95%; not inversion of centered-null p,delta = 0,resampled statistic minus observed statistic; +1 correction,2016,0.4034,0.2017,-2.4138901852441395,0,median,COMPUTED,last30sessions,
150,9750,9750,25,0,9750,0,two-sided,0.1818789108645419,5,9999,20260907,0.004070402786407943,-0.001956544754303644,B1_over_B0,COMPLETE_COVERAGE,qlike_regime_secondary,0.002049793662311692,0.18096751879326617,log_ridge_harq,4,False,SECONDARY,two-sided percentile 95%; not inversion of centered-null p,delta = 0,resampled statistic minus observed statistic; +1 correction,1723,0.5936,0.1724,0.5010982674920935,1,trimmed_mean_5pct,COMPUTED,last30sessions,
150,9750,9750,25,0,9750,0,two-sided,0.18096751879326617,5,9999,20260907,0.007842688125542365,-0.0006118968613584624,B2_over_B1,COMPLETE_COVERAGE,qlike_regime_secondary,0.00059227176289134,0.1776005614020194,log_ridge_harq,4,False,SECONDARY,two-sided percentile 95%; not inversion of centered-null p,delta = 0,resampled statistic minus observed statistic; +1 correction,4421,0.6598,0.4422,1.8605313338539735,1,trimmed_mean_5pct,COMPUTED,last30sessions,
150,9750,9750,25,0,9750,0,two-sided,0.17494027080363075,5,9999,20260907,0.007566528722363205,-0.001227044343673068,B1_over_B0,COMPLETE_COVERAGE,qlike_regime_secondary,0.0033183909425731364,0.1720261126706135,lightgbm_qlike,4,False,SECONDARY,two-sided percentile 95%; not inversion of centered-null p,delta = 0,resampled statistic minus observed statistic; +1 correction,1483,0.5936,0.1484,1.6658017731596966,1,trimmed_mean_5pct,COMPUTED,last30sessions,
150,9750,9750,25,0,9750,0,two-sided,0.1720261126706135,5,9999,20260907,0.0003352668527569047,-0.008146080195954704,B2_over_B1,COMPLETE_COVERAGE,qlike_regime_secondary,-0.0014576761987376418,0.17617863412042647,lightgbm_qlike,4,False,SECONDARY,two-sided percentile 95%; not inversion of centered-null p,delta = 0,resampled statistic minus observed statistic; +1 correction,3298,0.6598,0.3299,-2.4138901852441395,1,trimmed_mean_5pct,COMPUTED,last30sessions,
48,9750,3120,8,0,9750,6630,two-sided,0.12975023718524517,5,9999,20260907,,,B1_over_B0,COMPLETE_COVERAGE,qlike_regime_secondary,0.004377738268350379,0.12537249891689478,log_ridge_harq,4,True,SECONDARY,,,,,,,3.3739732298911,0,mean,NO VERIFICABLE,chronological_block_1,insufficient finite sessions
48,9750,3120,8,0,9750,6630,two-sided,0.12537249891689478,5,9999,20260907,,,B2_over_B1,COMPLETE_COVERAGE,qlike_regime_secondary,0.0015436048949510998,0.12382889402194368,log_ridge_harq,4,True,SECONDARY,,,,,,,1.2312149062086606,0,mean,NO VERIFICABLE,chronological_block_1,insufficient finite sessions
48,9750,3120,8,0,9750,6630,two-sided,0.12115821407105355,5,9999,20260907,,,B1_over_B0,COMPLETE_COVERAGE,qlike_regime_secondary,0.007082719816180798,0.11407549425487275,lightgbm_qlike,4,True,SECONDARY,,,,,,,5.8458436932943885,0,mean,NO VERIFICABLE,chronological_block_1,insufficient finite sessions
48,9750,3120,8,0,9750,6630,two-sided,0.11407549425487275,5,9999,20260907,,,B2_over_B1,COMPLETE_COVERAGE,qlike_regime_secondary,0.0006636540569403271,0.11341184019793242,lightgbm_qlike,4,True,SECONDARY,,,,,,,0.5817674175117405,0,mean,NO VERIFICABLE,chronological_block_1,insufficient finite sessions
48,9750,3120,8,0,9750,6630,two-sided,0.12975023718524517,5,9999,20260907,,,B1_over_B0,COMPLETE_COVERAGE,qlike_regime_secondary,0.002520173291864325,0.12537249891689478,log_ridge_harq,4,True,SECONDARY,,,,,,,3.3739732298911,0,median,NO VERIFICABLE,chronological_block_1,insufficient finite sessions
48,9750,3120,8,0,9750,6630,two-sided,0.12537249891689478,5,9999,20260907,,,B2_over_B1,COMPLETE_COVERAGE,qlike_regime_secondary,0.0009711394110953758,0.12382889402194368,log_ridge_harq,4,True,SECONDARY,,,,,,,1.2312149062086606,0,median,NO VERIFICABLE,chronological_block_1,insufficient finite sessions
48,9750,3120,8,0,9750,6630,two-sided,0.12115821407105355,5,9999,20260907,,,B1_over_B0,COMPLETE_COVERAGE,qlike_regime_secondary,0.005333752464810923,0.11407549425487275,lightgbm_qlike,4,True,SECONDARY,,,,,,,5.8458436932943885,0,median,NO VERIFICABLE,chronological_block_1,insufficient finite sessions
48,9750,3120,8,0,9750,6630,two-sided,0.11407549425487275,5,9999,20260907,,,B2_over_B1,COMPLETE_COVERAGE,qlike_regime_secondary,-2.6532636863974e-06,0.11341184019793242,lightgbm_qlike,4,True,SECONDARY,,,,,,,0.5817674175117405,0,median,NO VERIFICABLE,chronological_block_1,insufficient finite sessions
48,9750,3120,8,0,9750,6630,two-sided,0.12975023718524517,5,9999,20260907,,,B1_over_B0,COMPLETE_COVERAGE,qlike_regime_secondary,0.004377738268350379,0.12537249891689478,log_ridge_harq,4,True,SECONDARY,,,,,,,3.3739732298911,0,trimmed_mean_5pct,NO VERIFICABLE,chronological_block_1,insufficient finite sessions
48,9750,3120,8,0,9750,6630,two-sided,0.12537249891689478,5,9999,20260907,,,B2_over_B1,COMPLETE_COVERAGE,qlike_regime_secondary,0.0015436048949510998,0.12382889402194368,log_ridge_harq,4,True,SECONDARY,,,,,,,1.2312149062086606,0,trimmed_mean_5pct,NO VERIFICABLE,chronological_block_1,insufficient finite sessions
48,9750,3120,8,0,9750,6630,two-sided,0.12115821407105355,5,9999,20260907,,,B1_over_B0,COMPLETE_COVERAGE,qlike_regime_secondary,0.007082719816180798,0.11407549425487275,lightgbm_qlike,4,True,SECONDARY,,,,,,,5.8458436932943885,0,trimmed_mean_5pct,NO VERIFICABLE,chronological_block_1,insufficient finite sessions
48,9750,3120,8,0,9750,6630,two-sided,0.11407549425487275,5,9999,20260907,,,B2_over_B1,COMPLETE_COVERAGE,qlike_regime_secondary,0.0006636540569403271,0.11341184019793242,lightgbm_qlike,4,True,SECONDARY,,,,,,,0.5817674175117405,0,trimmed_mean_5pct,NO VERIFICABLE,chronological_block_1,insufficient finite sessions
102,9750,6630,17,0,9750,3120,two-sided,0.20641005141950505,5,9999,20260907,0.0023071824604370193,-0.004702710637684007,B1_over_B0,COMPLETE_COVERAGE,qlike_regime_secondary,-0.0007198296685241366,0.20712988108802918,log_ridge_harq,4,False,SECONDARY,two-sided percentile 95%; not inversion of centered-null p,delta = 0,resampled statistic minus observed statistic; +1 correction,7038,1.0,0.7039,-0.3487377012765548,0,mean,COMPUTED,leave_block_1_out,
102,9750,6630,17,0,9750,3120,two-sided,0.20712988108802918,5,9999,20260907,0.01461490294548055,-0.001961120480107765,B2_over_B1,COMPLETE_COVERAGE,qlike_regime_secondary,0.0042250056247977105,0.20290487546323147,log_ridge_harq,4,False,SECONDARY,two-sided percentile 95%; not inversion of centered-null p,delta = 0,resampled statistic minus observed statistic; +1 correction,5367,1.0,0.5368,2.039785666174406,0,mean,COMPUTED,leave_block_1_out,
102,9750,6630,17,0,9750,3120,two-sided,0.20024947397190238,5,9999,20260907,0.005638588673625622,-0.0038755738565269897,B1_over_B0,COMPLETE_COVERAGE,qlike_regime_secondary,0.0009524820468226483,0.19929699192507971,lightgbm_qlike,4,False,SECONDARY,two-sided percentile 95%; not inversion of centered-null p,delta = 0,resampled statistic minus observed statistic; +1 correction,7109,1.0,0.711,0.4756477147881517,0,mean,COMPUTED,leave_block_1_out,
102,9750,6630,17,0,9750,3120,two-sided,0.19929699192507971,5,9999,20260907,-0.0008586156558110386,-0.014403323275786636,B2_over_B1,COMPLETE_COVERAGE,qlike_regime_secondary,-0.006418956982402748,0.2057159489074825,lightgbm_qlike,4,False,SECONDARY,two-sided percentile 95%; not inversion of centered-null p,delta = 0,resampled statistic minus observed statistic; +1 correction,490,0.1964,0.0491,-3.2207997322989104,0,mean,COMPUTED,leave_block_1_out,
102,9750,6630,17,0,9750,3120,two-sided,0.20641005141950505,5,9999,20260907,0.0013188100675459447,-0.0006443835813346455,B1_over_B0,COMPLETE_COVERAGE,qlike_regime_secondary,0.0010044845203833475,0.20712988108802918,log_ridge_harq,4,False,SECONDARY,two-sided percentile 95%; not inversion of centered-null p,delta = 0,resampled statistic minus observed statistic; +1 correction,509,0.153,0.051,-0.3487377012765548,0,median,COMPUTED,leave_block_1_out,
102,9750,6630,17,0,9750,3120,two-sided,0.20712988108802918,5,9999,20260907,0.0013173495017734793,-4.1723760749678984e-05,B2_over_B1,COMPLETE_COVERAGE,qlike_regime_secondary,5.450771974943591e-05,0.20290487546323147,log_ridge_harq,4,False,SECONDARY,two-sided percentile 95%; not inversion of centered-null p,delta = 0,resampled statistic minus observed statistic; +1 correction,5026,0.5962,0.5027,2.039785666174406,0,median,COMPUTED,leave_block_1_out,
102,9750,6630,17,0,9750,3120,two-sided,0.20024947397190238,5,9999,20260907,0.004307397343736877,0.0003549922173991388,B1_over_B0,COMPLETE_COVERAGE,qlike_regime_secondary,0.003868503852047539,0.19929699192507971,lightgbm_qlike,4,False,SECONDARY,two-sided percentile 95%; not inversion of centered-null p,delta = 0,resampled statistic minus observed statistic; +1 correction,249,0.1,0.025,0.4756477147881517,0,median,COMPUTED,leave_block_1_out,
102,9750,6630,17,0,9750,3120,two-sided,0.19929699192507971,5,9999,20260907,6.0856403144182725e-05,-0.0030204846996212953,B2_over_B1,COMPLETE_COVERAGE,qlike_regime_secondary,-0.0013988740523354914,0.2057159489074825,lightgbm_qlike,4,False,SECONDARY,two-sided percentile 95%; not inversion of centered-null p,delta = 0,resampled statistic minus observed statistic; +1 correction,2980,0.5962,0.2981,-3.2207997322989104,0,median,COMPUTED,leave_block_1_out,
102,9750,6630,17,0,9750,3120,two-sided,0.20641005141950505,5,9999,20260907,0.0023071824604370193,-0.004702710637684007,B1_over_B0,COMPLETE_COVERAGE,qlike_regime_secondary,-0.0007198296685241366,0.20712988108802918,log_ridge_harq,4,False,SECONDARY,two-sided percentile 95%; not inversion of centered-null p,delta = 0,resampled statistic minus observed statistic; +1 correction,7038,1.0,0.7039,-0.3487377012765548,0,trimmed_mean_5pct,COMPUTED,leave_block_1_out,
102,9750,6630,17,0,9750,3120,two-sided,0.20712988108802918,5,9999,20260907,0.014614902945480549,-0.001961120480107765,B2_over_B1,COMPLETE_COVERAGE,qlike_regime_secondary,0.0042250056247977105,0.20290487546323147,log_ridge_harq,4,False,SECONDARY,two-sided percentile 95%; not inversion of centered-null p,delta = 0,resampled statistic minus observed statistic; +1 correction,5367,1.0,0.5368,2.039785666174406,0,trimmed_mean_5pct,COMPUTED,leave_block_1_out,
102,9750,6630,17,0,9750,3120,two-sided,0.20024947397190238,5,9999,20260907,0.005638588673625622,-0.0038755738565269897,B1_over_B0,COMPLETE_COVERAGE,qlike_regime_secondary,0.0009524820468226483,0.19929699192507971,lightgbm_qlike,4,False,SECONDARY,two-sided percentile 95%; not inversion of centered-null p,delta = 0,resampled statistic minus observed statistic; +1 correction,7109,1.0,0.711,0.4756477147881517,0,trimmed_mean_5pct,COMPUTED,leave_block_1_out,
102,9750,6630,17,0,9750,3120,two-sided,0.19929699192507971,5,9999,20260907,-0.0008586156558110386,-0.014403323275786632,B2_over_B1,COMPLETE_COVERAGE,qlike_regime_secondary,-0.006418956982402748,0.2057159489074825,lightgbm_qlike,4,False,SECONDARY,two-sided percentile 95%; not inversion of centered-null p,delta = 0,resampled statistic minus observed statistic; +1 correction,490,0.1964,0.0491,-3.2207997322989104,0,trimmed_mean_5pct,COMPUTED,leave_block_1_out,
48,9750,3120,8,0,9750,6630,two-sided,0.14383291304582488,5,9999,20260907,,,B1_over_B0,COMPLETE_COVERAGE,qlike_regime_secondary,-0.004185243600807489,0.14801815664663237,log_ridge_harq,4,True,SECONDARY,,,,,,,-2.9097954787817435,0,mean,NO VERIFICABLE,chronological_block_2,insufficient finite sessions
48,9750,3120,8,0,9750,6630,two-sided,0.14801815664663237,5,9999,20260907,,,B2_over_B1,COMPLETE_COVERAGE,qlike_regime_secondary,-0.0012928893419842657,0.1493110459886166,log_ridge_harq,4,True,SECONDARY,,,,,,,-0.8734667227824046,0,mean,NO VERIFICABLE,chronological_block_2,insufficient finite sessions
48,9750,3120,8,0,9750,6630,two-sided,0.14089222838410587,5,9999,20260907,,,B1_over_B0,COMPLETE_COVERAGE,qlike_regime_secondary,0.0006781396691976187,0.14021408871490826,lightgbm_qlike,4,True,SECONDARY,,,,,,,0.4813180094993231,0,mean,NO VERIFICABLE,chronological_block_2,insufficient finite sessions
48,9750,3120,8,0,9750,6630,two-sided,0.14021408871490826,5,9999,20260907,,,B2_over_B1,COMPLETE_COVERAGE,qlike_regime_secondary,-0.003199302560087037,0.1434133912749953,lightgbm_qlike,4,True,SECONDARY,,,,,,,-2.2817268859422906,0,mean,NO VERIFICABLE,chronological_block_2,insufficient finite sessions
48,9750,3120,8,0,9750,6630,two-sided,0.14383291304582488,5,9999,20260907,,,B1_over_B0,COMPLETE_COVERAGE,qlike_regime_secondary,-0.00019628869864120324,0.14801815664663237,log_ridge_harq,4,True,SECONDARY,,,,,,,-2.9097954787817435,0,median,NO VERIFICABLE,chronological_block_2,insufficient finite sessions
48,9750,3120,8,0,9750,6630,two-sided,0.14801815664663237,5,9999,20260907,,,B2_over_B1,COMPLETE_COVERAGE,qlike_regime_secondary,-1.817494725567248e-06,0.1493110459886166,log_ridge_harq,4,True,SECONDARY,,,,,,,-0.8734667227824046,0,median,NO VERIFICABLE,chronological_block_2,insufficient finite sessions
48,9750,3120,8,0,9750,6630,two-sided,0.14089222838410587,5,9999,20260907,,,B1_over_B0,COMPLETE_COVERAGE,qlike_regime_secondary,0.0033486173060601546,0.14021408871490826,lightgbm_qlike,4,True,SECONDARY,,,,,,,0.4813180094993231,0,median,NO VERIFICABLE,chronological_block_2,insufficient finite sessions
48,9750,3120,8,0,9750,6630,two-sided,0.14021408871490826,5,9999,20260907,,,B2_over_B1,COMPLETE_COVERAGE,qlike_regime_secondary,-0.002679962310525169,0.1434133912749953,lightgbm_qlike,4,True,SECONDARY,,,,,,,-2.2817268859422906,0,median,NO VERIFICABLE,chronological_block_2,insufficient finite sessions
48,9750,3120,8,0,9750,6630,two-sided,0.14383291304582488,5,9999,20260907,,,B1_over_B0,COMPLETE_COVERAGE,qlike_regime_secondary,-0.004185243600807489,0.14801815664663237,log_ridge_harq,4,True,SECONDARY,,,,,,,-2.9097954787817435,0,trimmed_mean_5pct,NO VERIFICABLE,chronological_block_2,insufficient finite sessions
48,9750,3120,8,0,9750,6630,two-sided,0.14801815664663237,5,9999,20260907,,,B2_over_B1,COMPLETE_COVERAGE,qlike_regime_secondary,-0.0012928893419842657,0.1493110459886166,log_ridge_harq,4,True,SECONDARY,,,,,,,-0.8734667227824046,0,trimmed_mean_5pct,NO VERIFICABLE,chronological_block_2,insufficient finite sessions
48,9750,3120,8,0,9750,6630,two-sided,0.14089222838410587,5,9999,20260907,,,B1_over_B0,COMPLETE_COVERAGE,qlike_regime_secondary,0.0006781396691976187,0.14021408871490826,lightgbm_qlike,4,True,SECONDARY,,,,,,,0.4813180094993231,0,trimmed_mean_5pct,NO VERIFICABLE,chronological_block_2,insufficient finite sessions
48,9750,3120,8,0,9750,6630,two-sided,0.14021408871490826,5,9999,20260907,,,B2_over_B1,COMPLETE_COVERAGE,qlike_regime_secondary,-0.003199302560087037,0.1434133912749953,lightgbm_qlike,4,True,SECONDARY,,,,,,,-2.2817268859422906,0,trimmed_mean_5pct,NO VERIFICABLE,chronological_block_2,insufficient finite sessions
102,9750,6630,17,0,9750,3120,two-sided,0.19978290983805577,5,9999,20260907,0.005073235167369083,0.001726689929198684,B1_over_B0,COMPLETE_COVERAGE,qlike_regime_secondary,0.0033098088581383894,0.19647310097991735,log_ridge_harq,4,False,SECONDARY,two-sided percentile 95%; not inversion of centered-null p,delta = 0,resampled statistic minus observed statistic; +1 correction,0,0.0004,0.0001,1.656702698354591,0,mean,COMPUTED,leave_block_2_out,
102,9750,6630,17,0,9750,3120,two-sided,0.19647310097991735,5,9999,20260907,0.014928181661496018,0.00031853234158717977,B2_over_B1,COMPLETE_COVERAGE,qlike_regime_secondary,0.005559826442179059,0.19091327453773832,log_ridge_harq,4,False,SECONDARY,two-sided percentile 95%; not inversion of centered-null p,delta = 0,resampled statistic minus observed statistic; +1 correction,486,0.1461,0.0487,2.8298155902508815,0,mean,COMPUTED,leave_block_2_out,
102,9750,6630,17,0,9750,3120,two-sided,0.19096287900105424,5,9999,20260907,0.009546536408374672,-0.0025641449205931863,B1_over_B0,COMPLETE_COVERAGE,qlike_regime_secondary,0.003966402115991204,0.186996476885063,lightgbm_qlike,4,False,SECONDARY,two-sided percentile 95%; not inversion of centered-null p,delta = 0,resampled statistic minus observed statistic; +1 correction,2155,0.4312,0.2156,2.0770539995730304,0,mean,COMPUTED,leave_block_2_out,
102,9750,6630,17,0,9750,3120,two-sided,0.186996476885063,5,9999,20260907,0.001937949288518955,-0.013871702540202568,B2_over_B1,COMPLETE_COVERAGE,qlike_regime_secondary,-0.004601095044978106,0.19159757193004115,lightgbm_qlike,4,False,SECONDARY,two-sided percentile 95%; not inversion of centered-null p,delta = 0,resampled statistic minus observed statistic; +1 correction,3409,0.4312,0.341,-2.4605249904286484,0,mean,COMPUTED,leave_block_2_out,
102,9750,6630,17,0,9750,3120,two-sided,0.19978290983805577,5,9999,20260907,0.0025918981093390747,0.0011870095247865087,B1_over_B0,COMPLETE_COVERAGE,qlike_regime_secondary,0.0019872730846019204,0.19647310097991735,log_ridge_harq,4,False,SECONDARY,two-sided percentile 95%; not inversion of centered-null p,delta = 0,resampled statistic minus observed statistic; +1 correction,234,0.0732,0.0235,1.656702698354591,0,median,COMPUTED,leave_block_2_out,
102,9750,6630,17,0,9750,3120,two-sided,0.19647310097991735,5,9999,20260907,0.0015524434824243094,-4.471446931743339e-05,B2_over_B1,COMPLETE_COVERAGE,qlike_regime_secondary,0.0012276435922768392,0.19091327453773832,log_ridge_harq,4,False,SECONDARY,two-sided percentile 95%; not inversion of centered-null p,delta = 0,resampled statistic minus observed statistic; +1 correction,307,0.0732,0.0308,2.8298155902508815,0,median,COMPUTED,leave_block_2_out,
102,9750,6630,17,0,9750,3120,two-sided,0.19096287900105424,5,9999,20260907,0.005409350445741562,0.0027687967842454086,B1_over_B0,COMPLETE_COVERAGE,qlike_regime_secondary,0.004249739000633995,0.186996476885063,lightgbm_qlike,4,False,SECONDARY,two-sided percentile 95%; not inversion of centered-null p,delta = 0,resampled statistic minus observed statistic; +1 correction,182,0.0732,0.0183,2.0770539995730304,0,median,COMPUTED,leave_block_2_out,
102,9750,6630,17,0,9750,3120,two-sided,0.186996476885063,5,9999,20260907,0.0014961364590668769,-0.0015014429864396717,B2_over_B1,COMPLETE_COVERAGE,qlike_regime_secondary,6.0856403144182725e-05,0.19159757193004115,lightgbm_qlike,4,False,SECONDARY,two-sided percentile 95%; not inversion of centered-null p,delta = 0,resampled statistic minus observed statistic; +1 correction,7955,0.7956,0.7956,-2.4605249904286484,0,median,COMPUTED,leave_block_2_out,
102,9750,6630,17,0,9750,3120,two-sided,0.19978290983805577,5,9999,20260907,0.005073235167369083,0.001726689929198684,B1_over_B0,COMPLETE_COVERAGE,qlike_regime_secondary,0.0033098088581383894,0.19647310097991735,log_ridge_harq,4,False,SECONDARY,two-sided percentile 95%; not inversion of centered-null p,delta = 0,resampled statistic minus observed statistic; +1 correction,0,0.0004,0.0001,1.656702698354591,0,trimmed_mean_5pct,COMPUTED,leave_block_2_out,
102,9750,6630,17,0,9750,3120,two-sided,0.19647310097991735,5,9999,20260907,0.014928181661496018,0.00031853234158717977,B2_over_B1,COMPLETE_COVERAGE,qlike_regime_secondary,0.005559826442179059,0.19091327453773832,log_ridge_harq,4,False,SECONDARY,two-sided percentile 95%; not inversion of centered-null p,delta = 0,resampled statistic minus observed statistic; +1 correction,486,0.1461,0.0487,2.8298155902508815,0,trimmed_mean_5pct,COMPUTED,leave_block_2_out,
102,9750,6630,17,0,9750,3120,two-sided,0.19096287900105424,5,9999,20260907,0.009546536408374672,-0.0025641449205931863,B1_over_B0,COMPLETE_COVERAGE,qlike_regime_secondary,0.003966402115991204,0.186996476885063,lightgbm_qlike,4,False,SECONDARY,two-sided percentile 95%; not inversion of centered-null p,delta = 0,resampled statistic minus observed statistic; +1 correction,2155,0.4312,0.2156,2.0770539995730304,0,trimmed_mean_5pct,COMPUTED,leave_block_2_out,
102,9750,6630,17,0,9750,3120,two-sided,0.186996476885063,5,9999,20260907,0.001937949288518955,-0.013871702540202568,B2_over_B1,COMPLETE_COVERAGE,qlike_regime_secondary,-0.004601095044978106,0.19159757193004115,lightgbm_qlike,4,False,SECONDARY,two-sided percentile 95%; not inversion of centered-null p,delta = 0,resampled statistic minus observed statistic; +1 correction,3409,0.4312,0.341,-2.4605249904286484,0,trimmed_mean_5pct,COMPUTED,leave_block_2_out,
54,9750,3510,9,0,9750,6240,two-sided,0.2620341744183319,5,9999,20260907,,,B1_over_B0,COMPLETE_COVERAGE,qlike_regime_secondary,0.0023605382712832876,0.2596736361470486,log_ridge_harq,4,True,SECONDARY,,,,,,,0.9008513017522437,0,mean,NO VERIFICABLE,chronological_block_3,insufficient finite sessions
54,9750,3510,9,0,9750,6240,two-sided,0.2596736361470486,5,9999,20260907,,,B2_over_B1,COMPLETE_COVERAGE,qlike_regime_secondary,0.009129801150826134,0.2505438349962224,log_ridge_harq,4,True,SECONDARY,,,,,,,3.5158752680060634,0,mean,NO VERIFICABLE,chronological_block_3,insufficient finite sessions
54,9750,3510,9,0,9750,6240,two-sided,0.25301147004994373,5,9999,20260907,,,B1_over_B0,COMPLETE_COVERAGE,qlike_regime_secondary,0.0011963419380448968,0.25181512811189877,lightgbm_qlike,4,True,SECONDARY,,,,,,,0.4728409893072209,0,mean,NO VERIFICABLE,chronological_block_3,insufficient finite sessions
54,9750,3510,9,0,9750,6240,two-sided,0.25181512811189877,5,9999,20260907,,,B2_over_B1,COMPLETE_COVERAGE,qlike_regime_secondary,-0.009280872024461158,0.26109600013636,lightgbm_qlike,4,True,SECONDARY,,,,,,,-3.6855895410449797,0,mean,NO VERIFICABLE,chronological_block_3,insufficient finite sessions
54,9750,3510,9,0,9750,6240,two-sided,0.2620341744183319,5,9999,20260907,,,B1_over_B0,COMPLETE_COVERAGE,qlike_regime_secondary,0.0013188100675459447,0.2596736361470486,log_ridge_harq,4,True,SECONDARY,,,,,,,0.9008513017522437,0,median,NO VERIFICABLE,chronological_block_3,insufficient finite sessions
54,9750,3510,9,0,9750,6240,two-sided,0.2596736361470486,5,9999,20260907,,,B2_over_B1,COMPLETE_COVERAGE,qlike_regime_secondary,0.0012276435922768392,0.2505438349962224,log_ridge_harq,4,True,SECONDARY,,,,,,,3.5158752680060634,0,median,NO VERIFICABLE,chronological_block_3,insufficient finite sessions
54,9750,3510,9,0,9750,6240,two-sided,0.25301147004994373,5,9999,20260907,,,B1_over_B0,COMPLETE_COVERAGE,qlike_regime_secondary,0.003868503852047539,0.25181512811189877,lightgbm_qlike,4,True,SECONDARY,,,,,,,0.4728409893072209,0,median,NO VERIFICABLE,chronological_block_3,insufficient finite sessions
54,9750,3510,9,0,9750,6240,two-sided,0.25181512811189877,5,9999,20260907,,,B2_over_B1,COMPLETE_COVERAGE,qlike_regime_secondary,6.0856403144182725e-05,0.26109600013636,lightgbm_qlike,4,True,SECONDARY,,,,,,,-3.6855895410449797,0,median,NO VERIFICABLE,chronological_block_3,insufficient finite sessions
54,9750,3510,9,0,9750,6240,two-sided,0.2620341744183319,5,9999,20260907,,,B1_over_B0,COMPLETE_COVERAGE,qlike_regime_secondary,0.0023605382712832876,0.2596736361470486,log_ridge_harq,4,True,SECONDARY,,,,,,,0.9008513017522437,0,trimmed_mean_5pct,NO VERIFICABLE,chronological_block_3,insufficient finite sessions
54,9750,3510,9,0,9750,6240,two-sided,0.2596736361470486,5,9999,20260907,,,B2_over_B1,COMPLETE_COVERAGE,qlike_regime_secondary,0.009129801150826134,0.2505438349962224,log_ridge_harq,4,True,SECONDARY,,,,,,,3.5158752680060634,0,trimmed_mean_5pct,NO VERIFICABLE,chronological_block_3,insufficient finite sessions
54,9750,3510,9,0,9750,6240,two-sided,0.25301147004994373,5,9999,20260907,,,B1_over_B0,COMPLETE_COVERAGE,qlike_regime_secondary,0.0011963419380448968,0.25181512811189877,lightgbm_qlike,4,True,SECONDARY,,,,,,,0.4728409893072209,0,trimmed_mean_5pct,NO VERIFICABLE,chronological_block_3,insufficient finite sessions
54,9750,3510,9,0,9750,6240,two-sided,0.25181512811189877,5,9999,20260907,,,B2_over_B1,COMPLETE_COVERAGE,qlike_regime_secondary,-0.009280872024461158,0.26109600013636,lightgbm_qlike,4,True,SECONDARY,,,,,,,-3.6855895410449797,0,trimmed_mean_5pct,NO VERIFICABLE,chronological_block_3,insufficient finite sessions
96,9750,6240,16,0,9750,3510,two-sided,0.13679157511553502,5,9999,20260907,0.004257955233033223,-0.005261395910166196,B1_over_B0,COMPLETE_COVERAGE,qlike_regime_secondary,9.62473337714452e-05,0.13669532778176358,log_ridge_harq,4,False,SECONDARY,two-sided percentile 95%; not inversion of centered-null p,delta = 0,resampled statistic minus observed statistic; +1 correction,9640,1.0,0.9641,0.07036057132184793,0,mean,COMPUTED,leave_block_3_out,
96,9750,6240,16,0,9750,3510,two-sided,0.13669532778176358,5,9999,20260907,0.001396588236365415,-0.0014838982907494985,B2_over_B1,COMPLETE_COVERAGE,qlike_regime_secondary,0.00012535777648341705,0.13656997000528015,log_ridge_harq,4,False,SECONDARY,two-sided percentile 95%; not inversion of centered-null p,delta = 0,resampled statistic minus observed statistic; +1 correction,8496,1.0,0.8497,0.09170597014372933,0,mean,COMPUTED,leave_block_3_out,
96,9750,6240,16,0,9750,3510,two-sided,0.1310252212275797,5,9999,20260907,0.007530788142397587,-0.00021552460958956365,B1_over_B0,COMPLETE_COVERAGE,qlike_regime_secondary,0.0038804297426892082,0.1271447914848905,lightgbm_qlike,4,False,SECONDARY,two-sided percentile 95%; not inversion of centered-null p,delta = 0,resampled statistic minus observed statistic; +1 correction,440,0.1764,0.0441,2.9615899185922614,0,mean,COMPUTED,leave_block_3_out,
96,9750,6240,16,0,9750,3510,two-sided,0.1271447914848905,5,9999,20260907,0.0010184551280688038,-0.0031185867482736024,B2_over_B1,COMPLETE_COVERAGE,qlike_regime_secondary,-0.0012678242515733549,0.12841261573646384,lightgbm_qlike,4,False,SECONDARY,two-sided percentile 95%; not inversion of centered-null p,delta = 0,resampled statistic minus observed statistic; +1 correction,2709,0.8130000000000001,0.271,-0.9971499711209321,0,mean,COMPUTED,leave_block_3_out,
96,9750,6240,16,0,9750,3510,two-sided,0.13679157511553502,5,9999,20260907,0.002448448474389575,-0.0006443835813346455,B1_over_B0,COMPLETE_COVERAGE,qlike_regime_secondary,0.001313311448185847,0.13669532778176358,log_ridge_harq,4,False,SECONDARY,two-sided percentile 95%; not inversion of centered-null p,delta = 0,resampled statistic minus observed statistic; +1 correction,780,0.1562,0.0781,0.07036057132184793,0,median,COMPUTED,leave_block_3_out,
96,9750,6240,16,0,9750,3510,two-sided,0.13669532778176358,5,9999,20260907,0.0011780197779389726,-0.00014466458089629902,B2_over_B1,COMPLETE_COVERAGE,qlike_regime_secondary,8.418876317767277e-05,0.13656997000528015,log_ridge_harq,4,False,SECONDARY,two-sided percentile 95%; not inversion of centered-null p,delta = 0,resampled statistic minus observed statistic; +1 correction,5184,0.5185,0.5185,0.09170597014372933,0,median,COMPUTED,leave_block_3_out,
96,9750,6240,16,0,9750,3510,two-sided,0.1310252212275797,5,9999,20260907,0.005409350445741562,0.0023898372683834324,B1_over_B0,COMPLETE_COVERAGE,qlike_regime_secondary,0.004511801124555431,0.1271447914848905,lightgbm_qlike,4,False,SECONDARY,two-sided percentile 95%; not inversion of centered-null p,delta = 0,resampled statistic minus observed statistic; +1 correction,0,0.0004,0.0001,2.9615899185922614,0,median,COMPUTED,leave_block_3_out,
96,9750,6240,16,0,9750,3510,two-sided,0.1271447914848905,5,9999,20260907,0.0008328038851181802,-0.002764705594931041,B2_over_B1,COMPLETE_COVERAGE,qlike_regime_secondary,-0.0019204414539343573,0.12841261573646384,lightgbm_qlike,4,False,SECONDARY,two-sided percentile 95%; not inversion of centered-null p,delta = 0,resampled statistic minus observed statistic; +1 correction,513,0.1542,0.0514,-0.9971499711209321,0,median,COMPUTED,leave_block_3_out,
96,9750,6240,16,0,9750,3510,two-sided,0.13679157511553502,5,9999,20260907,0.004257955233033223,-0.005261395910166196,B1_over_B0,COMPLETE_COVERAGE,qlike_regime_secondary,9.62473337714452e-05,0.13669532778176358,log_ridge_harq,4,False,SECONDARY,two-sided percentile 95%; not inversion of centered-null p,delta = 0,resampled statistic minus observed statistic; +1 correction,9640,1.0,0.9641,0.07036057132184793,0,trimmed_mean_5pct,COMPUTED,leave_block_3_out,
96,9750,6240,16,0,9750,3510,two-sided,0.13669532778176358,5,9999,20260907,0.001396588236365415,-0.0014838982907494985,B2_over_B1,COMPLETE_COVERAGE,qlike_regime_secondary,0.00012535777648341705,0.13656997000528015,log_ridge_harq,4,False,SECONDARY,two-sided percentile 95%; not inversion of centered-null p,delta = 0,resampled statistic minus observed statistic; +1 correction,8496,1.0,0.8497,0.09170597014372933,0,trimmed_mean_5pct,COMPUTED,leave_block_3_out,
96,9750,6240,16,0,9750,3510,two-sided,0.1310252212275797,5,9999,20260907,0.007530788142397587,-0.00021552460958956365,B1_over_B0,COMPLETE_COVERAGE,qlike_regime_secondary,0.0038804297426892082,0.1271447914848905,lightgbm_qlike,4,False,SECONDARY,two-sided percentile 95%; not inversion of centered-null p,delta = 0,resampled statistic minus observed statistic; +1 correction,440,0.1764,0.0441,2.9615899185922614,0,trimmed_mean_5pct,COMPUTED,leave_block_3_out,
96,9750,6240,16,0,9750,3510,two-sided,0.1271447914848905,5,9999,20260907,0.0010184551280688038,-0.0031185867482736024,B2_over_B1,COMPLETE_COVERAGE,qlike_regime_secondary,-0.0012678242515733549,0.12841261573646384,lightgbm_qlike,4,False,SECONDARY,two-sided percentile 95%; not inversion of centered-null p,delta = 0,resampled statistic minus observed statistic; +1 correction,2709,0.8130000000000001,0.271,-0.9971499711209321,0,trimmed_mean_5pct,COMPUTED,leave_block_3_out,
