window,model,fit_phase,partition,column,count_low,count_high,N_fit_records
primary,jump__log_ridge_harq__B0,inner_fit,predicting,feature:0,1914,1980,419
primary,jump__log_ridge_harq__B0,inner_fit,predicting,feature:1,0,1410,419
primary,jump__log_ridge_harq__B0,inner_fit,predicting,feature:10,2508,2378,419
primary,jump__log_ridge_harq__B0,inner_fit,predicting,feature:11,2541,2130,419
primary,jump__log_ridge_harq__B0,inner_fit,predicting,feature:12,0,231,419
primary,jump__log_ridge_harq__B0,inner_fit,predicting,feature:13,0,68,419
primary,jump__log_ridge_harq__B0,inner_fit,predicting,feature:14,0,116,419
primary,jump__log_ridge_harq__B0,inner_fit,predicting,feature:15,0,115,419
primary,jump__log_ridge_harq__B0,inner_fit,predicting,feature:16,0,110,419
primary,jump__log_ridge_harq__B0,inner_fit,predicting,feature:17,20,59,419
primary,jump__log_ridge_harq__B0,inner_fit,predicting,feature:18,0,0,419
primary,jump__log_ridge_harq__B0,inner_fit,predicting,feature:19,0,0,419
primary,jump__log_ridge_harq__B0,inner_fit,predicting,feature:2,3042,2976,419
primary,jump__log_ridge_harq__B0,inner_fit,predicting,feature:20,0,0,419
primary,jump__log_ridge_harq__B0,inner_fit,predicting,feature:21,0,0,419
primary,jump__log_ridge_harq__B0,inner_fit,predicting,feature:22,0,110,419
primary,jump__log_ridge_harq__B0,inner_fit,predicting,feature:23,0,0,419
primary,jump__log_ridge_harq__B0,inner_fit,predicting,feature:24,0,0,419
primary,jump__log_ridge_harq__B0,inner_fit,predicting,feature:25,0,0,419
primary,jump__log_ridge_harq__B0,inner_fit,predicting,feature:26,0,0,419
primary,jump__log_ridge_harq__B0,inner_fit,predicting,feature:27,0,0,419
primary,jump__log_ridge_harq__B0,inner_fit,predicting,feature:28,3010,0,419
primary,jump__log_ridge_harq__B0,inner_fit,predicting,feature:29,0,0,419
primary,jump__log_ridge_harq__B0,inner_fit,predicting,feature:3,0,1374,419
primary,jump__log_ridge_harq__B0,inner_fit,predicting,feature:30,0,0,419
primary,jump__log_ridge_harq__B0,inner_fit,predicting,feature:31,0,0,419
primary,jump__log_ridge_harq__B0,inner_fit,predicting,feature:32,0,0,419
primary,jump__log_ridge_harq__B0,inner_fit,predicting,feature:33,0,0,419
primary,jump__log_ridge_harq__B0,inner_fit,predicting,feature:4,0,0,419
primary,jump__log_ridge_harq__B0,inner_fit,predicting,feature:5,0,0,419
primary,jump__log_ridge_harq__B0,inner_fit,predicting,feature:6,0,0,419
primary,jump__log_ridge_harq__B0,inner_fit,predicting,feature:7,0,0,419
primary,jump__log_ridge_harq__B0,inner_fit,predicting,feature:8,0,0,419
primary,jump__log_ridge_harq__B0,inner_fit,predicting,feature:9,0,30,419
primary,jump__log_ridge_harq__B0,inner_fit,training,feature:0,30900,42720,419
primary,jump__log_ridge_harq__B0,inner_fit,training,feature:1,0,20052,419
primary,jump__log_ridge_harq__B0,inner_fit,training,feature:10,64657,66675,419
primary,jump__log_ridge_harq__B0,inner_fit,training,feature:11,66990,55581,419
primary,jump__log_ridge_harq__B0,inner_fit,training,feature:12,0,6468,419
primary,jump__log_ridge_harq__B0,inner_fit,training,feature:13,0,2271,419
primary,jump__log_ridge_harq__B0,inner_fit,training,feature:14,0,3314,419
primary,jump__log_ridge_harq__B0,inner_fit,training,feature:15,79,4244,419
primary,jump__log_ridge_harq__B0,inner_fit,training,feature:16,0,3341,419
primary,jump__log_ridge_harq__B0,inner_fit,training,feature:17,380,2236,419
primary,jump__log_ridge_harq__B0,inner_fit,training,feature:18,0,910,419
primary,jump__log_ridge_harq__B0,inner_fit,training,feature:19,0,2260,419
primary,jump__log_ridge_harq__B0,inner_fit,training,feature:2,41352,58068,419
primary,jump__log_ridge_harq__B0,inner_fit,training,feature:20,0,0,419
primary,jump__log_ridge_harq__B0,inner_fit,training,feature:21,0,0,419
primary,jump__log_ridge_harq__B0,inner_fit,training,feature:22,0,3341,419
primary,jump__log_ridge_harq__B0,inner_fit,training,feature:23,0,2260,419
primary,jump__log_ridge_harq__B0,inner_fit,training,feature:24,0,910,419
primary,jump__log_ridge_harq__B0,inner_fit,training,feature:25,0,0,419
primary,jump__log_ridge_harq__B0,inner_fit,training,feature:26,0,0,419
primary,jump__log_ridge_harq__B0,inner_fit,training,feature:27,0,0,419
primary,jump__log_ridge_harq__B0,inner_fit,training,feature:28,62592,0,419
primary,jump__log_ridge_harq__B0,inner_fit,training,feature:29,0,0,419
primary,jump__log_ridge_harq__B0,inner_fit,training,feature:3,0,30870,419
primary,jump__log_ridge_harq__B0,inner_fit,training,feature:30,0,0,419
primary,jump__log_ridge_harq__B0,inner_fit,training,feature:31,0,0,419
primary,jump__log_ridge_harq__B0,inner_fit,training,feature:32,0,0,419
primary,jump__log_ridge_harq__B0,inner_fit,training,feature:33,0,0,419
primary,jump__log_ridge_harq__B0,inner_fit,training,feature:4,0,0,419
primary,jump__log_ridge_harq__B0,inner_fit,training,feature:5,0,0,419
primary,jump__log_ridge_harq__B0,inner_fit,training,feature:6,0,0,419
primary,jump__log_ridge_harq__B0,inner_fit,training,feature:7,0,0,419
primary,jump__log_ridge_harq__B0,inner_fit,training,feature:8,0,0,419
primary,jump__log_ridge_harq__B0,inner_fit,training,feature:9,0,790,419
primary,jump__log_ridge_harq__B0,refit,predicting,feature:0,174,168,419
primary,jump__log_ridge_harq__B0,refit,predicting,feature:1,0,132,419
primary,jump__log_ridge_harq__B0,refit,predicting,feature:10,241,229,419
primary,jump__log_ridge_harq__B0,refit,predicting,feature:11,234,198,419
primary,jump__log_ridge_harq__B0,refit,predicting,feature:12,0,11,419
primary,jump__log_ridge_harq__B0,refit,predicting,feature:13,0,5,419
primary,jump__log_ridge_harq__B0,refit,predicting,feature:14,0,10,419
primary,jump__log_ridge_harq__B0,refit,predicting,feature:15,0,9,419
primary,jump__log_ridge_harq__B0,refit,predicting,feature:16,0,11,419
primary,jump__log_ridge_harq__B0,refit,predicting,feature:17,2,5,419
primary,jump__log_ridge_harq__B0,refit,predicting,feature:18,0,0,419
primary,jump__log_ridge_harq__B0,refit,predicting,feature:19,0,0,419
primary,jump__log_ridge_harq__B0,refit,predicting,feature:2,198,228,419
primary,jump__log_ridge_harq__B0,refit,predicting,feature:20,0,0,419
primary,jump__log_ridge_harq__B0,refit,predicting,feature:21,0,0,419
primary,jump__log_ridge_harq__B0,refit,predicting,feature:22,0,11,419
primary,jump__log_ridge_harq__B0,refit,predicting,feature:23,0,0,419
primary,jump__log_ridge_harq__B0,refit,predicting,feature:24,0,0,419
primary,jump__log_ridge_harq__B0,refit,predicting,feature:25,0,0,419
primary,jump__log_ridge_harq__B0,refit,predicting,feature:26,0,0,419
primary,jump__log_ridge_harq__B0,refit,predicting,feature:27,0,0,419
primary,jump__log_ridge_harq__B0,refit,predicting,feature:28,291,0,419
primary,jump__log_ridge_harq__B0,refit,predicting,feature:29,0,0,419
primary,jump__log_ridge_harq__B0,refit,predicting,feature:3,0,132,419
primary,jump__log_ridge_harq__B0,refit,predicting,feature:30,0,0,419
primary,jump__log_ridge_harq__B0,refit,predicting,feature:31,0,0,419
primary,jump__log_ridge_harq__B0,refit,predicting,feature:32,0,0,419
primary,jump__log_ridge_harq__B0,refit,predicting,feature:33,0,0,419
primary,jump__log_ridge_harq__B0,refit,predicting,feature:4,0,0,419
primary,jump__log_ridge_harq__B0,refit,predicting,feature:5,0,0,419
primary,jump__log_ridge_harq__B0,refit,predicting,feature:6,0,0,419
primary,jump__log_ridge_harq__B0,refit,predicting,feature:7,0,0,419
primary,jump__log_ridge_harq__B0,refit,predicting,feature:8,0,0,419
primary,jump__log_ridge_harq__B0,refit,predicting,feature:9,0,1,419
primary,jump__log_ridge_harq__B0,refit,training,feature:0,32262,44478,419
primary,jump__log_ridge_harq__B0,refit,training,feature:1,0,20712,419
primary,jump__log_ridge_harq__B0,refit,training,feature:10,67030,69190,419
primary,jump__log_ridge_harq__B0,refit,training,feature:11,69427,57693,419
primary,jump__log_ridge_harq__B0,refit,training,feature:12,0,6778,419
primary,jump__log_ridge_harq__B0,refit,training,feature:13,0,2391,419
primary,jump__log_ridge_harq__B0,refit,training,feature:14,0,3547,419
primary,jump__log_ridge_harq__B0,refit,training,feature:15,89,4504,419
primary,jump__log_ridge_harq__B0,refit,training,feature:16,0,3548,419
primary,jump__log_ridge_harq__B0,refit,training,feature:17,400,2356,419
primary,jump__log_ridge_harq__B0,refit,training,feature:18,0,1560,419
primary,jump__log_ridge_harq__B0,refit,training,feature:19,0,2695,419
primary,jump__log_ridge_harq__B0,refit,training,feature:2,42972,60588,419
primary,jump__log_ridge_harq__B0,refit,training,feature:20,0,0,419
primary,jump__log_ridge_harq__B0,refit,training,feature:21,0,0,419
primary,jump__log_ridge_harq__B0,refit,training,feature:22,0,3548,419
primary,jump__log_ridge_harq__B0,refit,training,feature:23,0,2695,419
primary,jump__log_ridge_harq__B0,refit,training,feature:24,0,1560,419
primary,jump__log_ridge_harq__B0,refit,training,feature:25,0,0,419
primary,jump__log_ridge_harq__B0,refit,training,feature:26,0,0,419
primary,jump__log_ridge_harq__B0,refit,training,feature:27,0,0,419
primary,jump__log_ridge_harq__B0,refit,training,feature:28,65213,0,419
primary,jump__log_ridge_harq__B0,refit,training,feature:29,0,0,419
primary,jump__log_ridge_harq__B0,refit,training,feature:3,0,31890,419
primary,jump__log_ridge_harq__B0,refit,training,feature:30,0,0,419
primary,jump__log_ridge_harq__B0,refit,training,feature:31,0,0,419
primary,jump__log_ridge_harq__B0,refit,training,feature:32,0,0,419
primary,jump__log_ridge_harq__B0,refit,training,feature:33,0,0,419
primary,jump__log_ridge_harq__B0,refit,training,feature:4,0,0,419
primary,jump__log_ridge_harq__B0,refit,training,feature:5,0,0,419
primary,jump__log_ridge_harq__B0,refit,training,feature:6,0,0,419
primary,jump__log_ridge_harq__B0,refit,training,feature:7,0,0,419
primary,jump__log_ridge_harq__B0,refit,training,feature:8,0,0,419
primary,jump__log_ridge_harq__B0,refit,training,feature:9,0,880,419
primary,jump__log_ridge_harq__B1,inner_fit,predicting,feature:0,0,12,36
primary,jump__log_ridge_harq__B1,inner_fit,predicting,feature:1,0,0,36
primary,jump__log_ridge_harq__B1,inner_fit,predicting,feature:10,314,180,36
primary,jump__log_ridge_harq__B1,inner_fit,predicting,feature:11,282,227,36
primary,jump__log_ridge_harq__B1,inner_fit,predicting,feature:12,0,0,36
primary,jump__log_ridge_harq__B1,inner_fit,predicting,feature:13,0,0,36
primary,jump__log_ridge_harq__B1,inner_fit,predicting,feature:14,0,0,36
primary,jump__log_ridge_harq__B1,inner_fit,predicting,feature:15,0,0,36
primary,jump__log_ridge_harq__B1,inner_fit,predicting,feature:16,0,0,36
primary,jump__log_ridge_harq__B1,inner_fit,predicting,feature:17,0,0,36
primary,jump__log_ridge_harq__B1,inner_fit,predicting,feature:18,0,0,36
primary,jump__log_ridge_harq__B1,inner_fit,predicting,feature:19,0,0,36
primary,jump__log_ridge_harq__B1,inner_fit,predicting,feature:2,72,24,36
primary,jump__log_ridge_harq__B1,inner_fit,predicting,feature:20,0,0,36
primary,jump__log_ridge_harq__B1,inner_fit,predicting,feature:21,0,0,36
primary,jump__log_ridge_harq__B1,inner_fit,predicting,feature:22,0,0,36
primary,jump__log_ridge_harq__B1,inner_fit,predicting,feature:23,0,0,36
primary,jump__log_ridge_harq__B1,inner_fit,predicting,feature:24,0,0,36
primary,jump__log_ridge_harq__B1,inner_fit,predicting,feature:25,0,0,36
primary,jump__log_ridge_harq__B1,inner_fit,predicting,feature:26,0,0,36
primary,jump__log_ridge_harq__B1,inner_fit,predicting,feature:27,0,0,36
primary,jump__log_ridge_harq__B1,inner_fit,predicting,feature:28,168,0,36
primary,jump__log_ridge_harq__B1,inner_fit,predicting,feature:29,0,0,36
primary,jump__log_ridge_harq__B1,inner_fit,predicting,feature:3,0,0,36
primary,jump__log_ridge_harq__B1,inner_fit,predicting,feature:30,0,0,36
primary,jump__log_ridge_harq__B1,inner_fit,predicting,feature:31,0,0,36
primary,jump__log_ridge_harq__B1,inner_fit,predicting,feature:32,569,0,36
primary,jump__log_ridge_harq__B1,inner_fit,predicting,feature:33,0,2755,36
primary,jump__log_ridge_harq__B1,inner_fit,predicting,feature:34,0,0,36
primary,jump__log_ridge_harq__B1,inner_fit,predicting,feature:35,0,0,36
primary,jump__log_ridge_harq__B1,inner_fit,predicting,feature:36,2864,9,36
primary,jump__log_ridge_harq__B1,inner_fit,predicting,feature:37,0,0,36
primary,jump__log_ridge_harq__B1,inner_fit,predicting,feature:38,0,0,36
primary,jump__log_ridge_harq__B1,inner_fit,predicting,feature:39,172,0,36
primary,jump__log_ridge_harq__B1,inner_fit,predicting,feature:4,0,0,36
primary,jump__log_ridge_harq__B1,inner_fit,predicting,feature:40,8,1030,36
primary,jump__log_ridge_harq__B1,inner_fit,predicting,feature:41,475,0,36
primary,jump__log_ridge_harq__B1,inner_fit,predicting,feature:42,0,0,36
primary,jump__log_ridge_harq__B1,inner_fit,predicting,feature:43,1271,0,36
primary,jump__log_ridge_harq__B1,inner_fit,predicting,feature:44,0,0,36
primary,jump__log_ridge_harq__B1,inner_fit,predicting,feature:45,0,0,36
primary,jump__log_ridge_harq__B1,inner_fit,predicting,feature:46,317,0,36
primary,jump__log_ridge_harq__B1,inner_fit,predicting,feature:47,4961,0,36
primary,jump__log_ridge_harq__B1,inner_fit,predicting,feature:48,0,0,36
primary,jump__log_ridge_harq__B1,inner_fit,predicting,feature:49,0,0,36
primary,jump__log_ridge_harq__B1,inner_fit,predicting,feature:5,0,0,36
primary,jump__log_ridge_harq__B1,inner_fit,predicting,feature:50,0,0,36
primary,jump__log_ridge_harq__B1,inner_fit,predicting,feature:51,0,0,36
primary,jump__log_ridge_harq__B1,inner_fit,predicting,feature:52,0,15,36
primary,jump__log_ridge_harq__B1,inner_fit,predicting,feature:53,0,0,36
primary,jump__log_ridge_harq__B1,inner_fit,predicting,feature:54,0,0,36
primary,jump__log_ridge_harq__B1,inner_fit,predicting,feature:55,0,0,36
primary,jump__log_ridge_harq__B1,inner_fit,predicting,feature:56,0,0,36
primary,jump__log_ridge_harq__B1,inner_fit,predicting,feature:57,0,0,36
primary,jump__log_ridge_harq__B1,inner_fit,predicting,feature:58,0,214,36
primary,jump__log_ridge_harq__B1,inner_fit,predicting,feature:59,0,0,36
primary,jump__log_ridge_harq__B1,inner_fit,predicting,feature:6,0,0,36
primary,jump__log_ridge_harq__B1,inner_fit,predicting,feature:60,0,0,36
primary,jump__log_ridge_harq__B1,inner_fit,predicting,feature:61,0,0,36
primary,jump__log_ridge_harq__B1,inner_fit,predicting,feature:62,0,0,36
primary,jump__log_ridge_harq__B1,inner_fit,predicting,feature:63,0,192,36
primary,jump__log_ridge_harq__B1,inner_fit,predicting,feature:64,0,0,36
primary,jump__log_ridge_harq__B1,inner_fit,predicting,feature:65,0,0,36
primary,jump__log_ridge_harq__B1,inner_fit,predicting,feature:66,0,0,36
primary,jump__log_ridge_harq__B1,inner_fit,predicting,feature:67,0,0,36
primary,jump__log_ridge_harq__B1,inner_fit,predicting,feature:68,0,0,36
primary,jump__log_ridge_harq__B1,inner_fit,predicting,feature:69,0,0,36
primary,jump__log_ridge_harq__B1,inner_fit,predicting,feature:7,0,0,36
primary,jump__log_ridge_harq__B1,inner_fit,predicting,feature:70,0,0,36
primary,jump__log_ridge_harq__B1,inner_fit,predicting,feature:71,0,0,36
primary,jump__log_ridge_harq__B1,inner_fit,predicting,feature:72,0,0,36
primary,jump__log_ridge_harq__B1,inner_fit,predicting,feature:73,0,0,36
primary,jump__log_ridge_harq__B1,inner_fit,predicting,feature:8,0,0,36
primary,jump__log_ridge_harq__B1,inner_fit,predicting,feature:9,0,0,36
primary,jump__log_ridge_harq__B1,inner_fit,predicting,presence:33,1135,0,36
primary,jump__log_ridge_harq__B1,inner_fit,predicting,presence:36,1135,0,36
primary,jump__log_ridge_harq__B1,inner_fit,predicting,presence:43,0,0,36
primary,jump__log_ridge_harq__B1,inner_fit,predicting,presence:44,0,0,36
primary,jump__log_ridge_harq__B1,inner_fit,predicting,presence:45,0,0,36
primary,jump__log_ridge_harq__B1,inner_fit,predicting,presence:46,0,0,36
primary,jump__log_ridge_harq__B1,inner_fit,predicting,presence:47,0,0,36
primary,jump__log_ridge_harq__B1,inner_fit,predicting,presence:48,0,0,36
primary,jump__log_ridge_harq__B1,inner_fit,predicting,presence:49,0,0,36
primary,jump__log_ridge_harq__B1,inner_fit,predicting,presence:50,0,0,36
primary,jump__log_ridge_harq__B1,inner_fit,predicting,presence:51,0,0,36
primary,jump__log_ridge_harq__B1,inner_fit,predicting,presence:52,0,0,36
primary,jump__log_ridge_harq__B1,inner_fit,predicting,presence:53,4052,0,36
primary,jump__log_ridge_harq__B1,inner_fit,predicting,presence:54,97,0,36
primary,jump__log_ridge_harq__B1,inner_fit,predicting,presence:56,8,0,36
primary,jump__log_ridge_harq__B1,inner_fit,predicting,presence:57,0,0,36
primary,jump__log_ridge_harq__B1,inner_fit,predicting,presence:58,2015,0,36
primary,jump__log_ridge_harq__B1,inner_fit,predicting,presence:59,893,0,36
primary,jump__log_ridge_harq__B1,inner_fit,predicting,presence:60,114,0,36
primary,jump__log_ridge_harq__B1,inner_fit,predicting,presence:61,346,0,36
primary,jump__log_ridge_harq__B1,inner_fit,predicting,presence:62,1731,0,36
primary,jump__log_ridge_harq__B1,inner_fit,predicting,presence:63,903,0,36
primary,jump__log_ridge_harq__B1,inner_fit,predicting,presence:64,1519,0,36
primary,jump__log_ridge_harq__B1,inner_fit,predicting,presence:65,1122,0,36
primary,jump__log_ridge_harq__B1,inner_fit,predicting,presence:66,3573,0,36
primary,jump__log_ridge_harq__B1,inner_fit,predicting,presence:67,692,0,36
primary,jump__log_ridge_harq__B1,inner_fit,training,feature:0,216,0,36
primary,jump__log_ridge_harq__B1,inner_fit,training,feature:1,0,0,36
primary,jump__log_ridge_harq__B1,inner_fit,training,feature:10,1411,1194,36
primary,jump__log_ridge_harq__B1,inner_fit,training,feature:11,1528,1271,36
primary,jump__log_ridge_harq__B1,inner_fit,training,feature:12,0,0,36
primary,jump__log_ridge_harq__B1,inner_fit,training,feature:13,0,0,36
primary,jump__log_ridge_harq__B1,inner_fit,training,feature:14,0,0,36
primary,jump__log_ridge_harq__B1,inner_fit,training,feature:15,0,0,36
primary,jump__log_ridge_harq__B1,inner_fit,training,feature:16,0,0,36
primary,jump__log_ridge_harq__B1,inner_fit,training,feature:17,0,0,36
primary,jump__log_ridge_harq__B1,inner_fit,training,feature:18,0,0,36
primary,jump__log_ridge_harq__B1,inner_fit,training,feature:19,0,0,36
primary,jump__log_ridge_harq__B1,inner_fit,training,feature:2,132,0,36
primary,jump__log_ridge_harq__B1,inner_fit,training,feature:20,0,0,36
primary,jump__log_ridge_harq__B1,inner_fit,training,feature:21,0,0,36
primary,jump__log_ridge_harq__B1,inner_fit,training,feature:22,0,0,36
primary,jump__log_ridge_harq__B1,inner_fit,training,feature:23,0,0,36
primary,jump__log_ridge_harq__B1,inner_fit,training,feature:24,0,0,36
primary,jump__log_ridge_harq__B1,inner_fit,training,feature:25,0,0,36
primary,jump__log_ridge_harq__B1,inner_fit,training,feature:26,0,0,36
primary,jump__log_ridge_harq__B1,inner_fit,training,feature:27,0,0,36
primary,jump__log_ridge_harq__B1,inner_fit,training,feature:28,1454,0,36
primary,jump__log_ridge_harq__B1,inner_fit,training,feature:29,0,0,36
primary,jump__log_ridge_harq__B1,inner_fit,training,feature:3,0,0,36
primary,jump__log_ridge_harq__B1,inner_fit,training,feature:30,0,0,36
primary,jump__log_ridge_harq__B1,inner_fit,training,feature:31,0,0,36
primary,jump__log_ridge_harq__B1,inner_fit,training,feature:32,2077,0,36
primary,jump__log_ridge_harq__B1,inner_fit,training,feature:33,24,513,36
primary,jump__log_ridge_harq__B1,inner_fit,training,feature:34,0,0,36
primary,jump__log_ridge_harq__B1,inner_fit,training,feature:35,2144,0,36
primary,jump__log_ridge_harq__B1,inner_fit,training,feature:36,1624,11,36
primary,jump__log_ridge_harq__B1,inner_fit,training,feature:37,0,0,36
primary,jump__log_ridge_harq__B1,inner_fit,training,feature:38,0,0,36
primary,jump__log_ridge_harq__B1,inner_fit,training,feature:39,1662,0,36
primary,jump__log_ridge_harq__B1,inner_fit,training,feature:4,0,0,36
primary,jump__log_ridge_harq__B1,inner_fit,training,feature:40,249,1608,36
primary,jump__log_ridge_harq__B1,inner_fit,training,feature:41,599,36,36
primary,jump__log_ridge_harq__B1,inner_fit,training,feature:42,0,0,36
primary,jump__log_ridge_harq__B1,inner_fit,training,feature:43,2909,0,36
primary,jump__log_ridge_harq__B1,inner_fit,training,feature:44,0,0,36
primary,jump__log_ridge_harq__B1,inner_fit,training,feature:45,0,0,36
primary,jump__log_ridge_harq__B1,inner_fit,training,feature:46,744,0,36
primary,jump__log_ridge_harq__B1,inner_fit,training,feature:47,12244,7,36
primary,jump__log_ridge_harq__B1,inner_fit,training,feature:48,0,0,36
primary,jump__log_ridge_harq__B1,inner_fit,training,feature:49,0,11,36
primary,jump__log_ridge_harq__B1,inner_fit,training,feature:5,0,0,36
primary,jump__log_ridge_harq__B1,inner_fit,training,feature:50,0,0,36
primary,jump__log_ridge_harq__B1,inner_fit,training,feature:51,0,0,36
primary,jump__log_ridge_harq__B1,inner_fit,training,feature:52,0,853,36
primary,jump__log_ridge_harq__B1,inner_fit,training,feature:53,0,3,36
primary,jump__log_ridge_harq__B1,inner_fit,training,feature:54,0,0,36
primary,jump__log_ridge_harq__B1,inner_fit,training,feature:55,0,0,36
primary,jump__log_ridge_harq__B1,inner_fit,training,feature:56,0,0,36
primary,jump__log_ridge_harq__B1,inner_fit,training,feature:57,0,0,36
primary,jump__log_ridge_harq__B1,inner_fit,training,feature:58,0,133,36
primary,jump__log_ridge_harq__B1,inner_fit,training,feature:59,0,0,36
primary,jump__log_ridge_harq__B1,inner_fit,training,feature:6,0,0,36
primary,jump__log_ridge_harq__B1,inner_fit,training,feature:60,0,0,36
primary,jump__log_ridge_harq__B1,inner_fit,training,feature:61,0,0,36
primary,jump__log_ridge_harq__B1,inner_fit,training,feature:62,0,0,36
primary,jump__log_ridge_harq__B1,inner_fit,training,feature:63,0,1063,36
primary,jump__log_ridge_harq__B1,inner_fit,training,feature:64,0,0,36
primary,jump__log_ridge_harq__B1,inner_fit,training,feature:65,0,0,36
primary,jump__log_ridge_harq__B1,inner_fit,training,feature:66,0,0,36
primary,jump__log_ridge_harq__B1,inner_fit,training,feature:67,0,0,36
primary,jump__log_ridge_harq__B1,inner_fit,training,feature:68,0,0,36
primary,jump__log_ridge_harq__B1,inner_fit,training,feature:69,0,0,36
primary,jump__log_ridge_harq__B1,inner_fit,training,feature:7,0,0,36
primary,jump__log_ridge_harq__B1,inner_fit,training,feature:70,0,0,36
primary,jump__log_ridge_harq__B1,inner_fit,training,feature:71,0,0,36
primary,jump__log_ridge_harq__B1,inner_fit,training,feature:72,0,0,36
primary,jump__log_ridge_harq__B1,inner_fit,training,feature:73,0,0,36
primary,jump__log_ridge_harq__B1,inner_fit,training,feature:8,0,0,36
primary,jump__log_ridge_harq__B1,inner_fit,training,feature:9,0,0,36
primary,jump__log_ridge_harq__B1,inner_fit,training,presence:33,9522,0,36
primary,jump__log_ridge_harq__B1,inner_fit,training,presence:36,9522,0,36
primary,jump__log_ridge_harq__B1,inner_fit,training,presence:43,0,0,36
primary,jump__log_ridge_harq__B1,inner_fit,training,presence:44,0,0,36
primary,jump__log_ridge_harq__B1,inner_fit,training,presence:45,0,0,36
primary,jump__log_ridge_harq__B1,inner_fit,training,presence:46,0,0,36
primary,jump__log_ridge_harq__B1,inner_fit,training,presence:47,0,0,36
primary,jump__log_ridge_harq__B1,inner_fit,training,presence:48,0,0,36
primary,jump__log_ridge_harq__B1,inner_fit,training,presence:49,0,0,36
primary,jump__log_ridge_harq__B1,inner_fit,training,presence:50,0,0,36
primary,jump__log_ridge_harq__B1,inner_fit,training,presence:51,0,0,36
primary,jump__log_ridge_harq__B1,inner_fit,training,presence:52,0,0,36
primary,jump__log_ridge_harq__B1,inner_fit,training,presence:53,24390,0,36
primary,jump__log_ridge_harq__B1,inner_fit,training,presence:54,548,0,36
primary,jump__log_ridge_harq__B1,inner_fit,training,presence:56,107,0,36
primary,jump__log_ridge_harq__B1,inner_fit,training,presence:57,0,0,36
primary,jump__log_ridge_harq__B1,inner_fit,training,presence:58,17301,0,36
primary,jump__log_ridge_harq__B1,inner_fit,training,presence:59,7725,0,36
primary,jump__log_ridge_harq__B1,inner_fit,training,presence:60,939,0,36
primary,jump__log_ridge_harq__B1,inner_fit,training,presence:61,6816,0,36
primary,jump__log_ridge_harq__B1,inner_fit,training,presence:62,17863,0,36
primary,jump__log_ridge_harq__B1,inner_fit,training,presence:63,8550,0,36
primary,jump__log_ridge_harq__B1,inner_fit,training,presence:64,4192,0,36
primary,jump__log_ridge_harq__B1,inner_fit,training,presence:65,9759,0,36
primary,jump__log_ridge_harq__B1,inner_fit,training,presence:66,29414,0,36
primary,jump__log_ridge_harq__B1,inner_fit,training,presence:67,5735,0,36
primary,jump__log_ridge_harq__B1,refit,predicting,feature:0,0,6,36
primary,jump__log_ridge_harq__B1,refit,predicting,feature:1,0,0,36
primary,jump__log_ridge_harq__B1,refit,predicting,feature:10,42,27,36
primary,jump__log_ridge_harq__B1,refit,predicting,feature:11,39,30,36
primary,jump__log_ridge_harq__B1,refit,predicting,feature:12,0,0,36
primary,jump__log_ridge_harq__B1,refit,predicting,feature:13,0,0,36
primary,jump__log_ridge_harq__B1,refit,predicting,feature:14,0,0,36
primary,jump__log_ridge_harq__B1,refit,predicting,feature:15,0,0,36
primary,jump__log_ridge_harq__B1,refit,predicting,feature:16,0,0,36
primary,jump__log_ridge_harq__B1,refit,predicting,feature:17,0,0,36
primary,jump__log_ridge_harq__B1,refit,predicting,feature:18,0,0,36
primary,jump__log_ridge_harq__B1,refit,predicting,feature:19,0,0,36
primary,jump__log_ridge_harq__B1,refit,predicting,feature:2,18,12,36
primary,jump__log_ridge_harq__B1,refit,predicting,feature:20,0,0,36
primary,jump__log_ridge_harq__B1,refit,predicting,feature:21,0,0,36
primary,jump__log_ridge_harq__B1,refit,predicting,feature:22,0,0,36
primary,jump__log_ridge_harq__B1,refit,predicting,feature:23,0,0,36
primary,jump__log_ridge_harq__B1,refit,predicting,feature:24,0,0,36
primary,jump__log_ridge_harq__B1,refit,predicting,feature:25,0,0,36
primary,jump__log_ridge_harq__B1,refit,predicting,feature:26,0,0,36
primary,jump__log_ridge_harq__B1,refit,predicting,feature:27,0,0,36
primary,jump__log_ridge_harq__B1,refit,predicting,feature:28,16,0,36
primary,jump__log_ridge_harq__B1,refit,predicting,feature:29,0,0,36
primary,jump__log_ridge_harq__B1,refit,predicting,feature:3,0,0,36
primary,jump__log_ridge_harq__B1,refit,predicting,feature:30,0,0,36
primary,jump__log_ridge_harq__B1,refit,predicting,feature:31,0,0,36
primary,jump__log_ridge_harq__B1,refit,predicting,feature:32,71,0,36
primary,jump__log_ridge_harq__B1,refit,predicting,feature:33,0,187,36
primary,jump__log_ridge_harq__B1,refit,predicting,feature:34,0,0,36
primary,jump__log_ridge_harq__B1,refit,predicting,feature:35,0,0,36
primary,jump__log_ridge_harq__B1,refit,predicting,feature:36,407,1,36
primary,jump__log_ridge_harq__B1,refit,predicting,feature:37,0,0,36
primary,jump__log_ridge_harq__B1,refit,predicting,feature:38,0,0,36
primary,jump__log_ridge_harq__B1,refit,predicting,feature:39,16,0,36
primary,jump__log_ridge_harq__B1,refit,predicting,feature:4,0,0,36
primary,jump__log_ridge_harq__B1,refit,predicting,feature:40,1,78,36
primary,jump__log_ridge_harq__B1,refit,predicting,feature:41,127,0,36
primary,jump__log_ridge_harq__B1,refit,predicting,feature:42,0,0,36
primary,jump__log_ridge_harq__B1,refit,predicting,feature:43,51,0,36
primary,jump__log_ridge_harq__B1,refit,predicting,feature:44,0,0,36
primary,jump__log_ridge_harq__B1,refit,predicting,feature:45,0,0,36
primary,jump__log_ridge_harq__B1,refit,predicting,feature:46,0,0,36
primary,jump__log_ridge_harq__B1,refit,predicting,feature:47,400,0,36
primary,jump__log_ridge_harq__B1,refit,predicting,feature:48,0,0,36
primary,jump__log_ridge_harq__B1,refit,predicting,feature:49,0,0,36
primary,jump__log_ridge_harq__B1,refit,predicting,feature:5,0,0,36
primary,jump__log_ridge_harq__B1,refit,predicting,feature:50,0,0,36
primary,jump__log_ridge_harq__B1,refit,predicting,feature:51,0,0,36
primary,jump__log_ridge_harq__B1,refit,predicting,feature:52,0,1,36
primary,jump__log_ridge_harq__B1,refit,predicting,feature:53,0,0,36
primary,jump__log_ridge_harq__B1,refit,predicting,feature:54,0,0,36
primary,jump__log_ridge_harq__B1,refit,predicting,feature:55,0,0,36
primary,jump__log_ridge_harq__B1,refit,predicting,feature:56,0,0,36
primary,jump__log_ridge_harq__B1,refit,predicting,feature:57,0,0,36
primary,jump__log_ridge_harq__B1,refit,predicting,feature:58,0,18,36
primary,jump__log_ridge_harq__B1,refit,predicting,feature:59,0,0,36
primary,jump__log_ridge_harq__B1,refit,predicting,feature:6,0,0,36
primary,jump__log_ridge_harq__B1,refit,predicting,feature:60,0,0,36
primary,jump__log_ridge_harq__B1,refit,predicting,feature:61,0,0,36
primary,jump__log_ridge_harq__B1,refit,predicting,feature:62,0,0,36
primary,jump__log_ridge_harq__B1,refit,predicting,feature:63,0,19,36
primary,jump__log_ridge_harq__B1,refit,predicting,feature:64,0,0,36
primary,jump__log_ridge_harq__B1,refit,predicting,feature:65,0,0,36
primary,jump__log_ridge_harq__B1,refit,predicting,feature:66,0,0,36
primary,jump__log_ridge_harq__B1,refit,predicting,feature:67,0,0,36
primary,jump__log_ridge_harq__B1,refit,predicting,feature:68,0,0,36
primary,jump__log_ridge_harq__B1,refit,predicting,feature:69,0,0,36
primary,jump__log_ridge_harq__B1,refit,predicting,feature:7,0,0,36
primary,jump__log_ridge_harq__B1,refit,predicting,feature:70,0,0,36
primary,jump__log_ridge_harq__B1,refit,predicting,feature:71,0,0,36
primary,jump__log_ridge_harq__B1,refit,predicting,feature:72,0,0,36
primary,jump__log_ridge_harq__B1,refit,predicting,feature:73,0,0,36
primary,jump__log_ridge_harq__B1,refit,predicting,feature:8,0,0,36
primary,jump__log_ridge_harq__B1,refit,predicting,feature:9,0,0,36
primary,jump__log_ridge_harq__B1,refit,predicting,presence:33,84,0,36
primary,jump__log_ridge_harq__B1,refit,predicting,presence:36,84,0,36
primary,jump__log_ridge_harq__B1,refit,predicting,presence:39,0,0,9
primary,jump__log_ridge_harq__B1,refit,predicting,presence:43,0,0,36
primary,jump__log_ridge_harq__B1,refit,predicting,presence:44,0,0,36
primary,jump__log_ridge_harq__B1,refit,predicting,presence:45,0,0,36
primary,jump__log_ridge_harq__B1,refit,predicting,presence:46,0,0,36
primary,jump__log_ridge_harq__B1,refit,predicting,presence:47,0,0,36
primary,jump__log_ridge_harq__B1,refit,predicting,presence:48,0,0,36
primary,jump__log_ridge_harq__B1,refit,predicting,presence:49,0,0,36
primary,jump__log_ridge_harq__B1,refit,predicting,presence:50,0,0,36
primary,jump__log_ridge_harq__B1,refit,predicting,presence:51,0,0,36
primary,jump__log_ridge_harq__B1,refit,predicting,presence:52,0,0,36
primary,jump__log_ridge_harq__B1,refit,predicting,presence:53,366,0,36
primary,jump__log_ridge_harq__B1,refit,predicting,presence:54,5,0,36
primary,jump__log_ridge_harq__B1,refit,predicting,presence:56,0,0,36
primary,jump__log_ridge_harq__B1,refit,predicting,presence:57,0,0,36
primary,jump__log_ridge_harq__B1,refit,predicting,presence:58,208,0,36
primary,jump__log_ridge_harq__B1,refit,predicting,presence:59,72,0,36
primary,jump__log_ridge_harq__B1,refit,predicting,presence:60,10,0,36
primary,jump__log_ridge_harq__B1,refit,predicting,presence:61,13,0,36
primary,jump__log_ridge_harq__B1,refit,predicting,presence:62,172,0,36
primary,jump__log_ridge_harq__B1,refit,predicting,presence:63,79,0,36
primary,jump__log_ridge_harq__B1,refit,predicting,presence:64,36,0,36
primary,jump__log_ridge_harq__B1,refit,predicting,presence:65,86,0,36
primary,jump__log_ridge_harq__B1,refit,predicting,presence:66,346,0,36
primary,jump__log_ridge_harq__B1,refit,predicting,presence:67,65,0,36
primary,jump__log_ridge_harq__B1,refit,training,feature:0,300,12,36
primary,jump__log_ridge_harq__B1,refit,training,feature:1,0,0,36
primary,jump__log_ridge_harq__B1,refit,training,feature:10,1720,1358,36
primary,jump__log_ridge_harq__B1,refit,training,feature:11,1790,1477,36
primary,jump__log_ridge_harq__B1,refit,training,feature:12,0,0,36
primary,jump__log_ridge_harq__B1,refit,training,feature:13,0,0,36
primary,jump__log_ridge_harq__B1,refit,training,feature:14,0,0,36
primary,jump__log_ridge_harq__B1,refit,training,feature:15,0,0,36
primary,jump__log_ridge_harq__B1,refit,training,feature:16,0,0,36
primary,jump__log_ridge_harq__B1,refit,training,feature:17,0,0,36
primary,jump__log_ridge_harq__B1,refit,training,feature:18,0,0,36
primary,jump__log_ridge_harq__B1,refit,training,feature:19,0,0,36
primary,jump__log_ridge_harq__B1,refit,training,feature:2,282,24,36
primary,jump__log_ridge_harq__B1,refit,training,feature:20,0,0,36
primary,jump__log_ridge_harq__B1,refit,training,feature:21,0,0,36
primary,jump__log_ridge_harq__B1,refit,training,feature:22,0,0,36
primary,jump__log_ridge_harq__B1,refit,training,feature:23,0,0,36
primary,jump__log_ridge_harq__B1,refit,training,feature:24,0,0,36
primary,jump__log_ridge_harq__B1,refit,training,feature:25,0,0,36
primary,jump__log_ridge_harq__B1,refit,training,feature:26,0,0,36
primary,jump__log_ridge_harq__B1,refit,training,feature:27,0,0,36
primary,jump__log_ridge_harq__B1,refit,training,feature:28,1684,0,36
primary,jump__log_ridge_harq__B1,refit,training,feature:29,0,0,36
primary,jump__log_ridge_harq__B1,refit,training,feature:3,0,0,36
primary,jump__log_ridge_harq__B1,refit,training,feature:30,0,0,36
primary,jump__log_ridge_harq__B1,refit,training,feature:31,0,0,36
primary,jump__log_ridge_harq__B1,refit,training,feature:32,2604,0,36
primary,jump__log_ridge_harq__B1,refit,training,feature:33,14,437,36
primary,jump__log_ridge_harq__B1,refit,training,feature:34,0,0,36
primary,jump__log_ridge_harq__B1,refit,training,feature:35,1060,0,36
primary,jump__log_ridge_harq__B1,refit,training,feature:36,2977,13,36
primary,jump__log_ridge_harq__B1,refit,training,feature:37,0,0,36
primary,jump__log_ridge_harq__B1,refit,training,feature:38,0,0,36
primary,jump__log_ridge_harq__B1,refit,training,feature:39,1834,0,36
primary,jump__log_ridge_harq__B1,refit,training,feature:4,0,0,36
primary,jump__log_ridge_harq__B1,refit,training,feature:40,242,1802,36
primary,jump__log_ridge_harq__B1,refit,training,feature:41,874,36,36
primary,jump__log_ridge_harq__B1,refit,training,feature:42,0,0,36
primary,jump__log_ridge_harq__B1,refit,training,feature:43,1498,0,36
primary,jump__log_ridge_harq__B1,refit,training,feature:44,0,0,36
primary,jump__log_ridge_harq__B1,refit,training,feature:45,0,0,36
primary,jump__log_ridge_harq__B1,refit,training,feature:46,0,0,36
primary,jump__log_ridge_harq__B1,refit,training,feature:47,16425,0,36
primary,jump__log_ridge_harq__B1,refit,training,feature:48,0,0,36
primary,jump__log_ridge_harq__B1,refit,training,feature:49,0,0,36
primary,jump__log_ridge_harq__B1,refit,training,feature:5,0,0,36
primary,jump__log_ridge_harq__B1,refit,training,feature:50,0,0,36
primary,jump__log_ridge_harq__B1,refit,training,feature:51,0,0,36
primary,jump__log_ridge_harq__B1,refit,training,feature:52,0,405,36
primary,jump__log_ridge_harq__B1,refit,training,feature:53,0,4,36
primary,jump__log_ridge_harq__B1,refit,training,feature:54,0,0,36
primary,jump__log_ridge_harq__B1,refit,training,feature:55,0,0,36
primary,jump__log_ridge_harq__B1,refit,training,feature:56,0,0,36
primary,jump__log_ridge_harq__B1,refit,training,feature:57,0,0,36
primary,jump__log_ridge_harq__B1,refit,training,feature:58,0,216,36
primary,jump__log_ridge_harq__B1,refit,training,feature:59,0,0,36
primary,jump__log_ridge_harq__B1,refit,training,feature:6,0,0,36
primary,jump__log_ridge_harq__B1,refit,training,feature:60,0,0,36
primary,jump__log_ridge_harq__B1,refit,training,feature:61,0,0,36
primary,jump__log_ridge_harq__B1,refit,training,feature:62,0,0,36
primary,jump__log_ridge_harq__B1,refit,training,feature:63,0,1122,36
primary,jump__log_ridge_harq__B1,refit,training,feature:64,0,0,36
primary,jump__log_ridge_harq__B1,refit,training,feature:65,0,0,36
primary,jump__log_ridge_harq__B1,refit,training,feature:66,0,0,36
primary,jump__log_ridge_harq__B1,refit,training,feature:67,0,0,36
primary,jump__log_ridge_harq__B1,refit,training,feature:68,0,0,36
primary,jump__log_ridge_harq__B1,refit,training,feature:69,0,0,36
primary,jump__log_ridge_harq__B1,refit,training,feature:7,0,0,36
primary,jump__log_ridge_harq__B1,refit,training,feature:70,0,0,36
primary,jump__log_ridge_harq__B1,refit,training,feature:71,0,0,36
primary,jump__log_ridge_harq__B1,refit,training,feature:72,0,0,36
primary,jump__log_ridge_harq__B1,refit,training,feature:73,0,0,36
primary,jump__log_ridge_harq__B1,refit,training,feature:8,0,0,36
primary,jump__log_ridge_harq__B1,refit,training,feature:9,0,0,36
primary,jump__log_ridge_harq__B1,refit,training,presence:33,10657,0,36
primary,jump__log_ridge_harq__B1,refit,training,presence:36,10657,0,36
primary,jump__log_ridge_harq__B1,refit,training,presence:39,9,0,9
primary,jump__log_ridge_harq__B1,refit,training,presence:43,0,0,36
primary,jump__log_ridge_harq__B1,refit,training,presence:44,0,0,36
primary,jump__log_ridge_harq__B1,refit,training,presence:45,0,0,36
primary,jump__log_ridge_harq__B1,refit,training,presence:46,0,0,36
primary,jump__log_ridge_harq__B1,refit,training,presence:47,0,0,36
primary,jump__log_ridge_harq__B1,refit,training,presence:48,0,0,36
primary,jump__log_ridge_harq__B1,refit,training,presence:49,0,0,36
primary,jump__log_ridge_harq__B1,refit,training,presence:50,0,0,36
primary,jump__log_ridge_harq__B1,refit,training,presence:51,0,0,36
primary,jump__log_ridge_harq__B1,refit,training,presence:52,0,0,36
primary,jump__log_ridge_harq__B1,refit,training,presence:53,28442,0,36
primary,jump__log_ridge_harq__B1,refit,training,presence:54,645,0,36
primary,jump__log_ridge_harq__B1,refit,training,presence:56,115,0,36
primary,jump__log_ridge_harq__B1,refit,training,presence:57,0,0,36
primary,jump__log_ridge_harq__B1,refit,training,presence:58,19316,0,36
primary,jump__log_ridge_harq__B1,refit,training,presence:59,8618,0,36
primary,jump__log_ridge_harq__B1,refit,training,presence:60,1053,0,36
primary,jump__log_ridge_harq__B1,refit,training,presence:61,7162,0,36
primary,jump__log_ridge_harq__B1,refit,training,presence:62,19594,0,36
primary,jump__log_ridge_harq__B1,refit,training,presence:63,9453,0,36
primary,jump__log_ridge_harq__B1,refit,training,presence:64,5513,0,36
primary,jump__log_ridge_harq__B1,refit,training,presence:65,10881,0,36
primary,jump__log_ridge_harq__B1,refit,training,presence:66,32987,0,36
primary,jump__log_ridge_harq__B1,refit,training,presence:67,6427,0,36
primary,jump__log_ridge_harq__B2,inner_fit,predicting,feature:0,0,0,1
primary,jump__log_ridge_harq__B2,inner_fit,predicting,feature:1,0,0,1
primary,jump__log_ridge_harq__B2,inner_fit,predicting,feature:10,15,6,1
primary,jump__log_ridge_harq__B2,inner_fit,predicting,feature:100,0,0,1
primary,jump__log_ridge_harq__B2,inner_fit,predicting,feature:101,0,0,1
primary,jump__log_ridge_harq__B2,inner_fit,predicting,feature:102,0,0,1
primary,jump__log_ridge_harq__B2,inner_fit,predicting,feature:103,0,0,1
primary,jump__log_ridge_harq__B2,inner_fit,predicting,feature:104,0,0,1
primary,jump__log_ridge_harq__B2,inner_fit,predicting,feature:105,0,0,1
primary,jump__log_ridge_harq__B2,inner_fit,predicting,feature:106,0,0,1
primary,jump__log_ridge_harq__B2,inner_fit,predicting,feature:107,0,0,1
primary,jump__log_ridge_harq__B2,inner_fit,predicting,feature:108,10,0,1
primary,jump__log_ridge_harq__B2,inner_fit,predicting,feature:109,0,0,1
primary,jump__log_ridge_harq__B2,inner_fit,predicting,feature:11,16,11,1
primary,jump__log_ridge_harq__B2,inner_fit,predicting,feature:110,0,34,1
primary,jump__log_ridge_harq__B2,inner_fit,predicting,feature:111,7,14,1
primary,jump__log_ridge_harq__B2,inner_fit,predicting,feature:112,0,0,1
primary,jump__log_ridge_harq__B2,inner_fit,predicting,feature:113,0,24,1
primary,jump__log_ridge_harq__B2,inner_fit,predicting,feature:114,0,0,1
primary,jump__log_ridge_harq__B2,inner_fit,predicting,feature:115,0,16,1
primary,jump__log_ridge_harq__B2,inner_fit,predicting,feature:116,0,12,1
primary,jump__log_ridge_harq__B2,inner_fit,predicting,feature:117,0,3,1
primary,jump__log_ridge_harq__B2,inner_fit,predicting,feature:118,0,0,1
primary,jump__log_ridge_harq__B2,inner_fit,predicting,feature:119,0,0,1
primary,jump__log_ridge_harq__B2,inner_fit,predicting,feature:12,0,0,1
primary,jump__log_ridge_harq__B2,inner_fit,predicting,feature:120,0,0,1
primary,jump__log_ridge_harq__B2,inner_fit,predicting,feature:121,0,0,1
primary,jump__log_ridge_harq__B2,inner_fit,predicting,feature:122,0,6,1
primary,jump__log_ridge_harq__B2,inner_fit,predicting,feature:123,0,0,1
primary,jump__log_ridge_harq__B2,inner_fit,predicting,feature:124,0,0,1
primary,jump__log_ridge_harq__B2,inner_fit,predicting,feature:125,0,0,1
primary,jump__log_ridge_harq__B2,inner_fit,predicting,feature:126,0,0,1
primary,jump__log_ridge_harq__B2,inner_fit,predicting,feature:127,0,0,1
primary,jump__log_ridge_harq__B2,inner_fit,predicting,feature:128,0,0,1
primary,jump__log_ridge_harq__B2,inner_fit,predicting,feature:129,10,0,1
primary,jump__log_ridge_harq__B2,inner_fit,predicting,feature:13,0,0,1
primary,jump__log_ridge_harq__B2,inner_fit,predicting,feature:130,0,0,1
primary,jump__log_ridge_harq__B2,inner_fit,predicting,feature:131,0,0,1
primary,jump__log_ridge_harq__B2,inner_fit,predicting,feature:132,0,0,1
primary,jump__log_ridge_harq__B2,inner_fit,predicting,feature:133,0,0,1
primary,jump__log_ridge_harq__B2,inner_fit,predicting,feature:134,0,0,1
primary,jump__log_ridge_harq__B2,inner_fit,predicting,feature:135,0,0,1
primary,jump__log_ridge_harq__B2,inner_fit,predicting,feature:138,0,0,1
primary,jump__log_ridge_harq__B2,inner_fit,predicting,feature:139,0,0,1
primary,jump__log_ridge_harq__B2,inner_fit,predicting,feature:14,0,0,1
primary,jump__log_ridge_harq__B2,inner_fit,predicting,feature:140,0,0,1
primary,jump__log_ridge_harq__B2,inner_fit,predicting,feature:141,0,0,1
primary,jump__log_ridge_harq__B2,inner_fit,predicting,feature:142,0,0,1
primary,jump__log_ridge_harq__B2,inner_fit,predicting,feature:15,0,0,1
primary,jump__log_ridge_harq__B2,inner_fit,predicting,feature:16,0,0,1
primary,jump__log_ridge_harq__B2,inner_fit,predicting,feature:17,0,0,1
primary,jump__log_ridge_harq__B2,inner_fit,predicting,feature:18,0,0,1
primary,jump__log_ridge_harq__B2,inner_fit,predicting,feature:19,0,0,1
primary,jump__log_ridge_harq__B2,inner_fit,predicting,feature:2,18,0,1
primary,jump__log_ridge_harq__B2,inner_fit,predicting,feature:20,0,0,1
primary,jump__log_ridge_harq__B2,inner_fit,predicting,feature:21,0,0,1
primary,jump__log_ridge_harq__B2,inner_fit,predicting,feature:22,0,0,1
primary,jump__log_ridge_harq__B2,inner_fit,predicting,feature:23,0,0,1
primary,jump__log_ridge_harq__B2,inner_fit,predicting,feature:24,0,0,1
primary,jump__log_ridge_harq__B2,inner_fit,predicting,feature:25,0,0,1
primary,jump__log_ridge_harq__B2,inner_fit,predicting,feature:26,0,0,1
primary,jump__log_ridge_harq__B2,inner_fit,predicting,feature:27,0,0,1
primary,jump__log_ridge_harq__B2,inner_fit,predicting,feature:28,9,0,1
primary,jump__log_ridge_harq__B2,inner_fit,predicting,feature:29,0,0,1
primary,jump__log_ridge_harq__B2,inner_fit,predicting,feature:3,0,0,1
primary,jump__log_ridge_harq__B2,inner_fit,predicting,feature:30,0,0,1
primary,jump__log_ridge_harq__B2,inner_fit,predicting,feature:31,0,0,1
primary,jump__log_ridge_harq__B2,inner_fit,predicting,feature:32,17,0,1
primary,jump__log_ridge_harq__B2,inner_fit,predicting,feature:33,0,0,1
primary,jump__log_ridge_harq__B2,inner_fit,predicting,feature:34,0,0,1
primary,jump__log_ridge_harq__B2,inner_fit,predicting,feature:35,0,0,1
primary,jump__log_ridge_harq__B2,inner_fit,predicting,feature:36,344,1,1
primary,jump__log_ridge_harq__B2,inner_fit,predicting,feature:37,0,0,1
primary,jump__log_ridge_harq__B2,inner_fit,predicting,feature:38,0,0,1
primary,jump__log_ridge_harq__B2,inner_fit,predicting,feature:39,15,0,1
primary,jump__log_ridge_harq__B2,inner_fit,predicting,feature:4,0,0,1
primary,jump__log_ridge_harq__B2,inner_fit,predicting,feature:40,0,45,1
primary,jump__log_ridge_harq__B2,inner_fit,predicting,feature:41,69,0,1
primary,jump__log_ridge_harq__B2,inner_fit,predicting,feature:42,0,0,1
primary,jump__log_ridge_harq__B2,inner_fit,predicting,feature:43,6,0,1
primary,jump__log_ridge_harq__B2,inner_fit,predicting,feature:44,0,0,1
primary,jump__log_ridge_harq__B2,inner_fit,predicting,feature:45,0,0,1
primary,jump__log_ridge_harq__B2,inner_fit,predicting,feature:46,0,0,1
primary,jump__log_ridge_harq__B2,inner_fit,predicting,feature:47,166,0,1
primary,jump__log_ridge_harq__B2,inner_fit,predicting,feature:48,0,0,1
primary,jump__log_ridge_harq__B2,inner_fit,predicting,feature:49,0,0,1
primary,jump__log_ridge_harq__B2,inner_fit,predicting,feature:5,0,0,1
primary,jump__log_ridge_harq__B2,inner_fit,predicting,feature:50,0,0,1
primary,jump__log_ridge_harq__B2,inner_fit,predicting,feature:51,0,0,1
primary,jump__log_ridge_harq__B2,inner_fit,predicting,feature:52,0,0,1
primary,jump__log_ridge_harq__B2,inner_fit,predicting,feature:53,0,0,1
primary,jump__log_ridge_harq__B2,inner_fit,predicting,feature:54,0,0,1
primary,jump__log_ridge_harq__B2,inner_fit,predicting,feature:55,0,0,1
primary,jump__log_ridge_harq__B2,inner_fit,predicting,feature:56,0,0,1
primary,jump__log_ridge_harq__B2,inner_fit,predicting,feature:57,0,0,1
primary,jump__log_ridge_harq__B2,inner_fit,predicting,feature:58,0,7,1
primary,jump__log_ridge_harq__B2,inner_fit,predicting,feature:59,0,0,1
primary,jump__log_ridge_harq__B2,inner_fit,predicting,feature:6,0,0,1
primary,jump__log_ridge_harq__B2,inner_fit,predicting,feature:60,0,0,1
primary,jump__log_ridge_harq__B2,inner_fit,predicting,feature:61,0,0,1
primary,jump__log_ridge_harq__B2,inner_fit,predicting,feature:62,0,0,1
primary,jump__log_ridge_harq__B2,inner_fit,predicting,feature:63,0,0,1
primary,jump__log_ridge_harq__B2,inner_fit,predicting,feature:64,0,0,1
primary,jump__log_ridge_harq__B2,inner_fit,predicting,feature:65,0,0,1
primary,jump__log_ridge_harq__B2,inner_fit,predicting,feature:66,0,0,1
primary,jump__log_ridge_harq__B2,inner_fit,predicting,feature:67,0,0,1
primary,jump__log_ridge_harq__B2,inner_fit,predicting,feature:68,0,0,1
primary,jump__log_ridge_harq__B2,inner_fit,predicting,feature:69,0,0,1
primary,jump__log_ridge_harq__B2,inner_fit,predicting,feature:7,0,0,1
primary,jump__log_ridge_harq__B2,inner_fit,predicting,feature:70,15,24,1
primary,jump__log_ridge_harq__B2,inner_fit,predicting,feature:71,0,0,1
primary,jump__log_ridge_harq__B2,inner_fit,predicting,feature:72,0,0,1
primary,jump__log_ridge_harq__B2,inner_fit,predicting,feature:73,0,22,1
primary,jump__log_ridge_harq__B2,inner_fit,predicting,feature:74,0,0,1
primary,jump__log_ridge_harq__B2,inner_fit,predicting,feature:75,0,30,1
primary,jump__log_ridge_harq__B2,inner_fit,predicting,feature:76,0,0,1
primary,jump__log_ridge_harq__B2,inner_fit,predicting,feature:77,0,0,1
primary,jump__log_ridge_harq__B2,inner_fit,predicting,feature:78,0,0,1
primary,jump__log_ridge_harq__B2,inner_fit,predicting,feature:79,0,7,1
primary,jump__log_ridge_harq__B2,inner_fit,predicting,feature:8,0,0,1
primary,jump__log_ridge_harq__B2,inner_fit,predicting,feature:80,0,0,1
primary,jump__log_ridge_harq__B2,inner_fit,predicting,feature:81,0,0,1
primary,jump__log_ridge_harq__B2,inner_fit,predicting,feature:82,11,3,1
primary,jump__log_ridge_harq__B2,inner_fit,predicting,feature:83,0,6,1
primary,jump__log_ridge_harq__B2,inner_fit,predicting,feature:84,1,13,1
primary,jump__log_ridge_harq__B2,inner_fit,predicting,feature:85,0,0,1
primary,jump__log_ridge_harq__B2,inner_fit,predicting,feature:86,0,0,1
primary,jump__log_ridge_harq__B2,inner_fit,predicting,feature:87,0,0,1
primary,jump__log_ridge_harq__B2,inner_fit,predicting,feature:88,0,0,1
primary,jump__log_ridge_harq__B2,inner_fit,predicting,feature:89,0,20,1
primary,jump__log_ridge_harq__B2,inner_fit,predicting,feature:9,0,0,1
primary,jump__log_ridge_harq__B2,inner_fit,predicting,feature:90,0,18,1
primary,jump__log_ridge_harq__B2,inner_fit,predicting,feature:91,0,2,1
primary,jump__log_ridge_harq__B2,inner_fit,predicting,feature:92,0,12,1
primary,jump__log_ridge_harq__B2,inner_fit,predicting,feature:93,0,0,1
primary,jump__log_ridge_harq__B2,inner_fit,predicting,feature:94,0,0,1
primary,jump__log_ridge_harq__B2,inner_fit,predicting,feature:95,0,0,1
primary,jump__log_ridge_harq__B2,inner_fit,predicting,feature:96,0,0,1
primary,jump__log_ridge_harq__B2,inner_fit,predicting,feature:97,0,0,1
primary,jump__log_ridge_harq__B2,inner_fit,predicting,feature:98,0,0,1
primary,jump__log_ridge_harq__B2,inner_fit,predicting,feature:99,0,0,1
primary,jump__log_ridge_harq__B2,inner_fit,predicting,presence:33,39,0,1
primary,jump__log_ridge_harq__B2,inner_fit,predicting,presence:36,39,0,1
primary,jump__log_ridge_harq__B2,inner_fit,predicting,presence:43,0,0,1
primary,jump__log_ridge_harq__B2,inner_fit,predicting,presence:44,0,0,1
primary,jump__log_ridge_harq__B2,inner_fit,predicting,presence:45,0,0,1
primary,jump__log_ridge_harq__B2,inner_fit,predicting,presence:46,0,0,1
primary,jump__log_ridge_harq__B2,inner_fit,predicting,presence:47,0,0,1
primary,jump__log_ridge_harq__B2,inner_fit,predicting,presence:48,0,0,1
primary,jump__log_ridge_harq__B2,inner_fit,predicting,presence:49,0,0,1
primary,jump__log_ridge_harq__B2,inner_fit,predicting,presence:50,0,0,1
primary,jump__log_ridge_harq__B2,inner_fit,predicting,presence:51,0,0,1
primary,jump__log_ridge_harq__B2,inner_fit,predicting,presence:52,0,0,1
primary,jump__log_ridge_harq__B2,inner_fit,predicting,presence:53,159,0,1
primary,jump__log_ridge_harq__B2,inner_fit,predicting,presence:54,8,0,1
primary,jump__log_ridge_harq__B2,inner_fit,predicting,presence:56,1,0,1
primary,jump__log_ridge_harq__B2,inner_fit,predicting,presence:57,0,0,1
primary,jump__log_ridge_harq__B2,inner_fit,predicting,presence:58,73,0,1
primary,jump__log_ridge_harq__B2,inner_fit,predicting,presence:59,32,0,1
primary,jump__log_ridge_harq__B2,inner_fit,predicting,presence:60,6,0,1
primary,jump__log_ridge_harq__B2,inner_fit,predicting,presence:61,10,0,1
primary,jump__log_ridge_harq__B2,inner_fit,predicting,presence:62,113,0,1
primary,jump__log_ridge_harq__B2,inner_fit,predicting,presence:63,11,0,1
primary,jump__log_ridge_harq__B2,inner_fit,predicting,presence:64,0,0,1
primary,jump__log_ridge_harq__B2,inner_fit,predicting,presence:65,19,0,1
primary,jump__log_ridge_harq__B2,inner_fit,predicting,presence:66,108,0,1
primary,jump__log_ridge_harq__B2,inner_fit,predicting,presence:67,13,0,1
primary,jump__log_ridge_harq__B2,inner_fit,training,feature:0,12,0,1
primary,jump__log_ridge_harq__B2,inner_fit,training,feature:1,0,0,1
primary,jump__log_ridge_harq__B2,inner_fit,training,feature:10,55,41,1
primary,jump__log_ridge_harq__B2,inner_fit,training,feature:100,0,0,1
primary,jump__log_ridge_harq__B2,inner_fit,training,feature:101,0,0,1
primary,jump__log_ridge_harq__B2,inner_fit,training,feature:102,0,0,1
primary,jump__log_ridge_harq__B2,inner_fit,training,feature:103,0,0,1
primary,jump__log_ridge_harq__B2,inner_fit,training,feature:104,0,0,1
primary,jump__log_ridge_harq__B2,inner_fit,training,feature:105,0,143,1
primary,jump__log_ridge_harq__B2,inner_fit,training,feature:106,0,0,1
primary,jump__log_ridge_harq__B2,inner_fit,training,feature:107,0,2,1
primary,jump__log_ridge_harq__B2,inner_fit,training,feature:108,49,0,1
primary,jump__log_ridge_harq__B2,inner_fit,training,feature:109,0,0,1
primary,jump__log_ridge_harq__B2,inner_fit,training,feature:11,55,45,1
primary,jump__log_ridge_harq__B2,inner_fit,training,feature:110,0,382,1
primary,jump__log_ridge_harq__B2,inner_fit,training,feature:111,60,92,1
primary,jump__log_ridge_harq__B2,inner_fit,training,feature:112,0,0,1
primary,jump__log_ridge_harq__B2,inner_fit,training,feature:113,0,210,1
primary,jump__log_ridge_harq__B2,inner_fit,training,feature:114,0,0,1
primary,jump__log_ridge_harq__B2,inner_fit,training,feature:115,0,73,1
primary,jump__log_ridge_harq__B2,inner_fit,training,feature:116,0,64,1
primary,jump__log_ridge_harq__B2,inner_fit,training,feature:117,0,44,1
primary,jump__log_ridge_harq__B2,inner_fit,training,feature:118,0,0,1
primary,jump__log_ridge_harq__B2,inner_fit,training,feature:119,0,0,1
primary,jump__log_ridge_harq__B2,inner_fit,training,feature:12,0,0,1
primary,jump__log_ridge_harq__B2,inner_fit,training,feature:120,0,0,1
primary,jump__log_ridge_harq__B2,inner_fit,training,feature:121,0,0,1
primary,jump__log_ridge_harq__B2,inner_fit,training,feature:122,0,203,1
primary,jump__log_ridge_harq__B2,inner_fit,training,feature:123,0,0,1
primary,jump__log_ridge_harq__B2,inner_fit,training,feature:124,0,0,1
primary,jump__log_ridge_harq__B2,inner_fit,training,feature:125,0,0,1
primary,jump__log_ridge_harq__B2,inner_fit,training,feature:126,0,0,1
primary,jump__log_ridge_harq__B2,inner_fit,training,feature:127,0,0,1
primary,jump__log_ridge_harq__B2,inner_fit,training,feature:128,0,3,1
primary,jump__log_ridge_harq__B2,inner_fit,training,feature:129,887,0,1
primary,jump__log_ridge_harq__B2,inner_fit,training,feature:13,0,0,1
primary,jump__log_ridge_harq__B2,inner_fit,training,feature:130,0,0,1
primary,jump__log_ridge_harq__B2,inner_fit,training,feature:131,0,100,1
primary,jump__log_ridge_harq__B2,inner_fit,training,feature:132,0,0,1
primary,jump__log_ridge_harq__B2,inner_fit,training,feature:133,0,0,1
primary,jump__log_ridge_harq__B2,inner_fit,training,feature:134,0,0,1
primary,jump__log_ridge_harq__B2,inner_fit,training,feature:135,0,0,1
primary,jump__log_ridge_harq__B2,inner_fit,training,feature:138,0,0,1
primary,jump__log_ridge_harq__B2,inner_fit,training,feature:139,0,0,1
primary,jump__log_ridge_harq__B2,inner_fit,training,feature:14,0,0,1
primary,jump__log_ridge_harq__B2,inner_fit,training,feature:140,0,0,1
primary,jump__log_ridge_harq__B2,inner_fit,training,feature:141,0,0,1
primary,jump__log_ridge_harq__B2,inner_fit,training,feature:142,0,0,1
primary,jump__log_ridge_harq__B2,inner_fit,training,feature:15,0,0,1
primary,jump__log_ridge_harq__B2,inner_fit,training,feature:16,0,0,1
primary,jump__log_ridge_harq__B2,inner_fit,training,feature:17,0,0,1
primary,jump__log_ridge_harq__B2,inner_fit,training,feature:18,0,0,1
primary,jump__log_ridge_harq__B2,inner_fit,training,feature:19,0,0,1
primary,jump__log_ridge_harq__B2,inner_fit,training,feature:2,12,0,1
primary,jump__log_ridge_harq__B2,inner_fit,training,feature:20,0,0,1
primary,jump__log_ridge_harq__B2,inner_fit,training,feature:21,0,0,1
primary,jump__log_ridge_harq__B2,inner_fit,training,feature:22,0,0,1
primary,jump__log_ridge_harq__B2,inner_fit,training,feature:23,0,0,1
primary,jump__log_ridge_harq__B2,inner_fit,training,feature:24,0,0,1
primary,jump__log_ridge_harq__B2,inner_fit,training,feature:25,0,0,1
primary,jump__log_ridge_harq__B2,inner_fit,training,feature:26,0,0,1
primary,jump__log_ridge_harq__B2,inner_fit,training,feature:27,0,0,1
primary,jump__log_ridge_harq__B2,inner_fit,training,feature:28,49,0,1
primary,jump__log_ridge_harq__B2,inner_fit,training,feature:29,0,0,1
primary,jump__log_ridge_harq__B2,inner_fit,training,feature:3,0,0,1
primary,jump__log_ridge_harq__B2,inner_fit,training,feature:30,0,0,1
primary,jump__log_ridge_harq__B2,inner_fit,training,feature:31,0,0,1
primary,jump__log_ridge_harq__B2,inner_fit,training,feature:32,88,0,1
primary,jump__log_ridge_harq__B2,inner_fit,training,feature:33,0,3,1
primary,jump__log_ridge_harq__B2,inner_fit,training,feature:34,0,0,1
primary,jump__log_ridge_harq__B2,inner_fit,training,feature:35,33,0,1
primary,jump__log_ridge_harq__B2,inner_fit,training,feature:36,102,0,1
primary,jump__log_ridge_harq__B2,inner_fit,training,feature:37,0,0,1
primary,jump__log_ridge_harq__B2,inner_fit,training,feature:38,0,0,1
primary,jump__log_ridge_harq__B2,inner_fit,training,feature:39,49,0,1
primary,jump__log_ridge_harq__B2,inner_fit,training,feature:4,0,0,1
primary,jump__log_ridge_harq__B2,inner_fit,training,feature:40,7,50,1
primary,jump__log_ridge_harq__B2,inner_fit,training,feature:41,20,1,1
primary,jump__log_ridge_harq__B2,inner_fit,training,feature:42,0,0,1
primary,jump__log_ridge_harq__B2,inner_fit,training,feature:43,41,0,1
primary,jump__log_ridge_harq__B2,inner_fit,training,feature:44,0,0,1
primary,jump__log_ridge_harq__B2,inner_fit,training,feature:45,0,0,1
primary,jump__log_ridge_harq__B2,inner_fit,training,feature:46,0,0,1
primary,jump__log_ridge_harq__B2,inner_fit,training,feature:47,521,0,1
primary,jump__log_ridge_harq__B2,inner_fit,training,feature:48,0,0,1
primary,jump__log_ridge_harq__B2,inner_fit,training,feature:49,0,0,1
primary,jump__log_ridge_harq__B2,inner_fit,training,feature:5,0,0,1
primary,jump__log_ridge_harq__B2,inner_fit,training,feature:50,0,0,1
primary,jump__log_ridge_harq__B2,inner_fit,training,feature:51,0,0,1
primary,jump__log_ridge_harq__B2,inner_fit,training,feature:52,0,5,1
primary,jump__log_ridge_harq__B2,inner_fit,training,feature:53,0,0,1
primary,jump__log_ridge_harq__B2,inner_fit,training,feature:54,0,0,1
primary,jump__log_ridge_harq__B2,inner_fit,training,feature:55,0,0,1
primary,jump__log_ridge_harq__B2,inner_fit,training,feature:56,0,0,1
primary,jump__log_ridge_harq__B2,inner_fit,training,feature:57,0,0,1
primary,jump__log_ridge_harq__B2,inner_fit,training,feature:58,0,13,1
primary,jump__log_ridge_harq__B2,inner_fit,training,feature:59,0,0,1
primary,jump__log_ridge_harq__B2,inner_fit,training,feature:6,0,0,1
primary,jump__log_ridge_harq__B2,inner_fit,training,feature:60,0,0,1
primary,jump__log_ridge_harq__B2,inner_fit,training,feature:61,0,0,1
primary,jump__log_ridge_harq__B2,inner_fit,training,feature:62,0,0,1
primary,jump__log_ridge_harq__B2,inner_fit,training,feature:63,0,35,1
primary,jump__log_ridge_harq__B2,inner_fit,training,feature:64,0,0,1
primary,jump__log_ridge_harq__B2,inner_fit,training,feature:65,0,0,1
primary,jump__log_ridge_harq__B2,inner_fit,training,feature:66,0,0,1
primary,jump__log_ridge_harq__B2,inner_fit,training,feature:67,0,0,1
primary,jump__log_ridge_harq__B2,inner_fit,training,feature:68,0,0,1
primary,jump__log_ridge_harq__B2,inner_fit,training,feature:69,0,1,1
primary,jump__log_ridge_harq__B2,inner_fit,training,feature:7,0,0,1
primary,jump__log_ridge_harq__B2,inner_fit,training,feature:70,112,154,1
primary,jump__log_ridge_harq__B2,inner_fit,training,feature:71,0,0,1
primary,jump__log_ridge_harq__B2,inner_fit,training,feature:72,0,0,1
primary,jump__log_ridge_harq__B2,inner_fit,training,feature:73,0,161,1
primary,jump__log_ridge_harq__B2,inner_fit,training,feature:74,0,0,1
primary,jump__log_ridge_harq__B2,inner_fit,training,feature:75,0,231,1
primary,jump__log_ridge_harq__B2,inner_fit,training,feature:76,0,0,1
primary,jump__log_ridge_harq__B2,inner_fit,training,feature:77,0,0,1
primary,jump__log_ridge_harq__B2,inner_fit,training,feature:78,0,0,1
primary,jump__log_ridge_harq__B2,inner_fit,training,feature:79,0,184,1
primary,jump__log_ridge_harq__B2,inner_fit,training,feature:8,0,0,1
primary,jump__log_ridge_harq__B2,inner_fit,training,feature:80,0,13,1
primary,jump__log_ridge_harq__B2,inner_fit,training,feature:81,0,0,1
primary,jump__log_ridge_harq__B2,inner_fit,training,feature:82,24,155,1
primary,jump__log_ridge_harq__B2,inner_fit,training,feature:83,0,9,1
primary,jump__log_ridge_harq__B2,inner_fit,training,feature:84,32,66,1
primary,jump__log_ridge_harq__B2,inner_fit,training,feature:85,0,0,1
primary,jump__log_ridge_harq__B2,inner_fit,training,feature:86,0,0,1
primary,jump__log_ridge_harq__B2,inner_fit,training,feature:87,0,0,1
primary,jump__log_ridge_harq__B2,inner_fit,training,feature:88,0,0,1
primary,jump__log_ridge_harq__B2,inner_fit,training,feature:89,0,56,1
primary,jump__log_ridge_harq__B2,inner_fit,training,feature:9,0,0,1
primary,jump__log_ridge_harq__B2,inner_fit,training,feature:90,0,125,1
primary,jump__log_ridge_harq__B2,inner_fit,training,feature:91,0,49,1
primary,jump__log_ridge_harq__B2,inner_fit,training,feature:92,0,19,1
primary,jump__log_ridge_harq__B2,inner_fit,training,feature:93,0,0,1
primary,jump__log_ridge_harq__B2,inner_fit,training,feature:94,0,0,1
primary,jump__log_ridge_harq__B2,inner_fit,training,feature:95,0,4,1
primary,jump__log_ridge_harq__B2,inner_fit,training,feature:96,0,0,1
primary,jump__log_ridge_harq__B2,inner_fit,training,feature:97,0,151,1
primary,jump__log_ridge_harq__B2,inner_fit,training,feature:98,0,0,1
primary,jump__log_ridge_harq__B2,inner_fit,training,feature:99,0,0,1
primary,jump__log_ridge_harq__B2,inner_fit,training,presence:33,297,0,1
primary,jump__log_ridge_harq__B2,inner_fit,training,presence:36,297,0,1
primary,jump__log_ridge_harq__B2,inner_fit,training,presence:43,0,0,1
primary,jump__log_ridge_harq__B2,inner_fit,training,presence:44,0,0,1
primary,jump__log_ridge_harq__B2,inner_fit,training,presence:45,0,0,1
primary,jump__log_ridge_harq__B2,inner_fit,training,presence:46,0,0,1
primary,jump__log_ridge_harq__B2,inner_fit,training,presence:47,0,0,1
primary,jump__log_ridge_harq__B2,inner_fit,training,presence:48,0,0,1
primary,jump__log_ridge_harq__B2,inner_fit,training,presence:49,0,0,1
primary,jump__log_ridge_harq__B2,inner_fit,training,presence:50,0,0,1
primary,jump__log_ridge_harq__B2,inner_fit,training,presence:51,0,0,1
primary,jump__log_ridge_harq__B2,inner_fit,training,presence:52,0,0,1
primary,jump__log_ridge_harq__B2,inner_fit,training,presence:53,881,0,1
primary,jump__log_ridge_harq__B2,inner_fit,training,presence:54,18,0,1
primary,jump__log_ridge_harq__B2,inner_fit,training,presence:56,3,0,1
primary,jump__log_ridge_harq__B2,inner_fit,training,presence:57,0,0,1
primary,jump__log_ridge_harq__B2,inner_fit,training,presence:58,584,0,1
primary,jump__log_ridge_harq__B2,inner_fit,training,presence:59,250,0,1
primary,jump__log_ridge_harq__B2,inner_fit,training,presence:60,30,0,1
primary,jump__log_ridge_harq__B2,inner_fit,training,presence:61,199,0,1
primary,jump__log_ridge_harq__B2,inner_fit,training,presence:62,563,0,1
primary,jump__log_ridge_harq__B2,inner_fit,training,presence:63,281,0,1
primary,jump__log_ridge_harq__B2,inner_fit,training,presence:64,0,0,1
primary,jump__log_ridge_harq__B2,inner_fit,training,presence:65,328,0,1
primary,jump__log_ridge_harq__B2,inner_fit,training,presence:66,985,0,1
primary,jump__log_ridge_harq__B2,inner_fit,training,presence:67,195,0,1
primary,jump__log_ridge_harq__B2,refit,predicting,feature:0,0,6,1
primary,jump__log_ridge_harq__B2,refit,predicting,feature:1,0,0,1
primary,jump__log_ridge_harq__B2,refit,predicting,feature:10,0,5,1
primary,jump__log_ridge_harq__B2,refit,predicting,feature:100,0,0,1
primary,jump__log_ridge_harq__B2,refit,predicting,feature:101,0,0,1
primary,jump__log_ridge_harq__B2,refit,predicting,feature:102,0,0,1
primary,jump__log_ridge_harq__B2,refit,predicting,feature:103,0,0,1
primary,jump__log_ridge_harq__B2,refit,predicting,feature:104,0,0,1
primary,jump__log_ridge_harq__B2,refit,predicting,feature:105,0,11,1
primary,jump__log_ridge_harq__B2,refit,predicting,feature:106,0,0,1
primary,jump__log_ridge_harq__B2,refit,predicting,feature:107,0,0,1
primary,jump__log_ridge_harq__B2,refit,predicting,feature:108,2,0,1
primary,jump__log_ridge_harq__B2,refit,predicting,feature:109,0,0,1
primary,jump__log_ridge_harq__B2,refit,predicting,feature:11,3,0,1
primary,jump__log_ridge_harq__B2,refit,predicting,feature:110,0,2,1
primary,jump__log_ridge_harq__B2,refit,predicting,feature:111,1,2,1
primary,jump__log_ridge_harq__B2,refit,predicting,feature:112,0,0,1
primary,jump__log_ridge_harq__B2,refit,predicting,feature:113,0,4,1
primary,jump__log_ridge_harq__B2,refit,predicting,feature:114,0,0,1
primary,jump__log_ridge_harq__B2,refit,predicting,feature:115,0,1,1
primary,jump__log_ridge_harq__B2,refit,predicting,feature:116,0,2,1
primary,jump__log_ridge_harq__B2,refit,predicting,feature:117,0,0,1
primary,jump__log_ridge_harq__B2,refit,predicting,feature:118,0,0,1
primary,jump__log_ridge_harq__B2,refit,predicting,feature:119,0,0,1
primary,jump__log_ridge_harq__B2,refit,predicting,feature:12,0,0,1
primary,jump__log_ridge_harq__B2,refit,predicting,feature:120,0,0,1
primary,jump__log_ridge_harq__B2,refit,predicting,feature:121,0,0,1
primary,jump__log_ridge_harq__B2,refit,predicting,feature:122,0,1,1
primary,jump__log_ridge_harq__B2,refit,predicting,feature:123,0,0,1
primary,jump__log_ridge_harq__B2,refit,predicting,feature:124,0,0,1
primary,jump__log_ridge_harq__B2,refit,predicting,feature:125,0,0,1
primary,jump__log_ridge_harq__B2,refit,predicting,feature:126,0,0,1
primary,jump__log_ridge_harq__B2,refit,predicting,feature:127,0,0,1
primary,jump__log_ridge_harq__B2,refit,predicting,feature:128,0,0,1
primary,jump__log_ridge_harq__B2,refit,predicting,feature:129,10,0,1
primary,jump__log_ridge_harq__B2,refit,predicting,feature:13,0,0,1
primary,jump__log_ridge_harq__B2,refit,predicting,feature:130,0,0,1
primary,jump__log_ridge_harq__B2,refit,predicting,feature:131,0,0,1
primary,jump__log_ridge_harq__B2,refit,predicting,feature:132,0,0,1
primary,jump__log_ridge_harq__B2,refit,predicting,feature:133,0,0,1
primary,jump__log_ridge_harq__B2,refit,predicting,feature:134,0,0,1
primary,jump__log_ridge_harq__B2,refit,predicting,feature:135,0,0,1
primary,jump__log_ridge_harq__B2,refit,predicting,feature:138,0,0,1
primary,jump__log_ridge_harq__B2,refit,predicting,feature:139,0,0,1
primary,jump__log_ridge_harq__B2,refit,predicting,feature:14,0,0,1
primary,jump__log_ridge_harq__B2,refit,predicting,feature:140,0,0,1
primary,jump__log_ridge_harq__B2,refit,predicting,feature:141,0,0,1
primary,jump__log_ridge_harq__B2,refit,predicting,feature:142,0,0,1
primary,jump__log_ridge_harq__B2,refit,predicting,feature:15,0,0,1
primary,jump__log_ridge_harq__B2,refit,predicting,feature:16,0,0,1
primary,jump__log_ridge_harq__B2,refit,predicting,feature:17,0,0,1
primary,jump__log_ridge_harq__B2,refit,predicting,feature:18,0,0,1
primary,jump__log_ridge_harq__B2,refit,predicting,feature:19,0,0,1
primary,jump__log_ridge_harq__B2,refit,predicting,feature:2,0,12,1
primary,jump__log_ridge_harq__B2,refit,predicting,feature:20,0,0,1
primary,jump__log_ridge_harq__B2,refit,predicting,feature:21,0,0,1
primary,jump__log_ridge_harq__B2,refit,predicting,feature:22,0,0,1
primary,jump__log_ridge_harq__B2,refit,predicting,feature:23,0,0,1
primary,jump__log_ridge_harq__B2,refit,predicting,feature:24,0,0,1
primary,jump__log_ridge_harq__B2,refit,predicting,feature:25,0,0,1
primary,jump__log_ridge_harq__B2,refit,predicting,feature:26,0,0,1
primary,jump__log_ridge_harq__B2,refit,predicting,feature:27,0,0,1
primary,jump__log_ridge_harq__B2,refit,predicting,feature:28,0,0,1
primary,jump__log_ridge_harq__B2,refit,predicting,feature:29,0,0,1
primary,jump__log_ridge_harq__B2,refit,predicting,feature:3,0,0,1
primary,jump__log_ridge_harq__B2,refit,predicting,feature:30,0,0,1
primary,jump__log_ridge_harq__B2,refit,predicting,feature:31,0,0,1
primary,jump__log_ridge_harq__B2,refit,predicting,feature:32,3,0,1
primary,jump__log_ridge_harq__B2,refit,predicting,feature:33,0,0,1
primary,jump__log_ridge_harq__B2,refit,predicting,feature:34,0,0,1
primary,jump__log_ridge_harq__B2,refit,predicting,feature:35,0,0,1
primary,jump__log_ridge_harq__B2,refit,predicting,feature:36,48,0,1
primary,jump__log_ridge_harq__B2,refit,predicting,feature:37,0,0,1
primary,jump__log_ridge_harq__B2,refit,predicting,feature:38,0,0,1
primary,jump__log_ridge_harq__B2,refit,predicting,feature:39,0,0,1
primary,jump__log_ridge_harq__B2,refit,predicting,feature:4,0,0,1
primary,jump__log_ridge_harq__B2,refit,predicting,feature:40,0,0,1
primary,jump__log_ridge_harq__B2,refit,predicting,feature:41,59,0,1
primary,jump__log_ridge_harq__B2,refit,predicting,feature:42,0,0,1
primary,jump__log_ridge_harq__B2,refit,predicting,feature:43,0,0,1
primary,jump__log_ridge_harq__B2,refit,predicting,feature:44,0,0,1
primary,jump__log_ridge_harq__B2,refit,predicting,feature:45,0,0,1
primary,jump__log_ridge_harq__B2,refit,predicting,feature:46,0,0,1
primary,jump__log_ridge_harq__B2,refit,predicting,feature:47,111,0,1
primary,jump__log_ridge_harq__B2,refit,predicting,feature:48,0,0,1
primary,jump__log_ridge_harq__B2,refit,predicting,feature:49,0,0,1
primary,jump__log_ridge_harq__B2,refit,predicting,feature:5,0,0,1
primary,jump__log_ridge_harq__B2,refit,predicting,feature:50,0,0,1
primary,jump__log_ridge_harq__B2,refit,predicting,feature:51,0,0,1
primary,jump__log_ridge_harq__B2,refit,predicting,feature:52,0,0,1
primary,jump__log_ridge_harq__B2,refit,predicting,feature:53,0,0,1
primary,jump__log_ridge_harq__B2,refit,predicting,feature:54,0,0,1
primary,jump__log_ridge_harq__B2,refit,predicting,feature:55,0,0,1
primary,jump__log_ridge_harq__B2,refit,predicting,feature:56,0,0,1
primary,jump__log_ridge_harq__B2,refit,predicting,feature:57,0,0,1
primary,jump__log_ridge_harq__B2,refit,predicting,feature:58,0,0,1
primary,jump__log_ridge_harq__B2,refit,predicting,feature:59,0,0,1
primary,jump__log_ridge_harq__B2,refit,predicting,feature:6,0,0,1
primary,jump__log_ridge_harq__B2,refit,predicting,feature:60,0,0,1
primary,jump__log_ridge_harq__B2,refit,predicting,feature:61,0,0,1
primary,jump__log_ridge_harq__B2,refit,predicting,feature:62,0,0,1
primary,jump__log_ridge_harq__B2,refit,predicting,feature:63,0,0,1
primary,jump__log_ridge_harq__B2,refit,predicting,feature:64,0,0,1
primary,jump__log_ridge_harq__B2,refit,predicting,feature:65,0,0,1
primary,jump__log_ridge_harq__B2,refit,predicting,feature:66,0,0,1
primary,jump__log_ridge_harq__B2,refit,predicting,feature:67,0,0,1
primary,jump__log_ridge_harq__B2,refit,predicting,feature:68,0,0,1
primary,jump__log_ridge_harq__B2,refit,predicting,feature:69,0,0,1
primary,jump__log_ridge_harq__B2,refit,predicting,feature:7,0,0,1
primary,jump__log_ridge_harq__B2,refit,predicting,feature:70,20,15,1
primary,jump__log_ridge_harq__B2,refit,predicting,feature:71,0,0,1
primary,jump__log_ridge_harq__B2,refit,predicting,feature:72,0,0,1
primary,jump__log_ridge_harq__B2,refit,predicting,feature:73,0,1,1
primary,jump__log_ridge_harq__B2,refit,predicting,feature:74,0,0,1
primary,jump__log_ridge_harq__B2,refit,predicting,feature:75,0,3,1
primary,jump__log_ridge_harq__B2,refit,predicting,feature:76,0,0,1
primary,jump__log_ridge_harq__B2,refit,predicting,feature:77,0,0,1
primary,jump__log_ridge_harq__B2,refit,predicting,feature:78,0,0,1
primary,jump__log_ridge_harq__B2,refit,predicting,feature:79,0,22,1
primary,jump__log_ridge_harq__B2,refit,predicting,feature:8,0,0,1
primary,jump__log_ridge_harq__B2,refit,predicting,feature:80,0,0,1
primary,jump__log_ridge_harq__B2,refit,predicting,feature:81,0,0,1
primary,jump__log_ridge_harq__B2,refit,predicting,feature:82,3,8,1
primary,jump__log_ridge_harq__B2,refit,predicting,feature:83,0,0,1
primary,jump__log_ridge_harq__B2,refit,predicting,feature:84,0,0,1
primary,jump__log_ridge_harq__B2,refit,predicting,feature:85,0,0,1
primary,jump__log_ridge_harq__B2,refit,predicting,feature:86,0,0,1
primary,jump__log_ridge_harq__B2,refit,predicting,feature:87,0,0,1
primary,jump__log_ridge_harq__B2,refit,predicting,feature:88,0,0,1
primary,jump__log_ridge_harq__B2,refit,predicting,feature:89,0,4,1
primary,jump__log_ridge_harq__B2,refit,predicting,feature:9,0,0,1
primary,jump__log_ridge_harq__B2,refit,predicting,feature:90,0,0,1
primary,jump__log_ridge_harq__B2,refit,predicting,feature:91,0,0,1
primary,jump__log_ridge_harq__B2,refit,predicting,feature:92,0,0,1
primary,jump__log_ridge_harq__B2,refit,predicting,feature:93,0,0,1
primary,jump__log_ridge_harq__B2,refit,predicting,feature:94,0,0,1
primary,jump__log_ridge_harq__B2,refit,predicting,feature:95,0,0,1
primary,jump__log_ridge_harq__B2,refit,predicting,feature:96,0,0,1
primary,jump__log_ridge_harq__B2,refit,predicting,feature:97,0,0,1
primary,jump__log_ridge_harq__B2,refit,predicting,feature:98,0,0,1
primary,jump__log_ridge_harq__B2,refit,predicting,feature:99,0,0,1
primary,jump__log_ridge_harq__B2,refit,predicting,presence:33,0,0,1
primary,jump__log_ridge_harq__B2,refit,predicting,presence:36,0,0,1
primary,jump__log_ridge_harq__B2,refit,predicting,presence:39,0,0,1
primary,jump__log_ridge_harq__B2,refit,predicting,presence:43,0,0,1
primary,jump__log_ridge_harq__B2,refit,predicting,presence:44,0,0,1
primary,jump__log_ridge_harq__B2,refit,predicting,presence:45,0,0,1
primary,jump__log_ridge_harq__B2,refit,predicting,presence:46,0,0,1
primary,jump__log_ridge_harq__B2,refit,predicting,presence:47,0,0,1
primary,jump__log_ridge_harq__B2,refit,predicting,presence:48,0,0,1
primary,jump__log_ridge_harq__B2,refit,predicting,presence:49,0,0,1
primary,jump__log_ridge_harq__B2,refit,predicting,presence:50,0,0,1
primary,jump__log_ridge_harq__B2,refit,predicting,presence:51,0,0,1
primary,jump__log_ridge_harq__B2,refit,predicting,presence:52,0,0,1
primary,jump__log_ridge_harq__B2,refit,predicting,presence:53,4,0,1
primary,jump__log_ridge_harq__B2,refit,predicting,presence:54,0,0,1
primary,jump__log_ridge_harq__B2,refit,predicting,presence:56,0,0,1
primary,jump__log_ridge_harq__B2,refit,predicting,presence:57,0,0,1
primary,jump__log_ridge_harq__B2,refit,predicting,presence:58,14,0,1
primary,jump__log_ridge_harq__B2,refit,predicting,presence:59,1,0,1
primary,jump__log_ridge_harq__B2,refit,predicting,presence:60,0,0,1
primary,jump__log_ridge_harq__B2,refit,predicting,presence:61,2,0,1
primary,jump__log_ridge_harq__B2,refit,predicting,presence:62,8,0,1
primary,jump__log_ridge_harq__B2,refit,predicting,presence:63,3,0,1
primary,jump__log_ridge_harq__B2,refit,predicting,presence:64,7,0,1
primary,jump__log_ridge_harq__B2,refit,predicting,presence:65,0,0,1
primary,jump__log_ridge_harq__B2,refit,predicting,presence:66,3,0,1
primary,jump__log_ridge_harq__B2,refit,predicting,presence:67,2,0,1
primary,jump__log_ridge_harq__B2,refit,training,feature:0,12,0,1
primary,jump__log_ridge_harq__B2,refit,training,feature:1,0,0,1
primary,jump__log_ridge_harq__B2,refit,training,feature:10,66,45,1
primary,jump__log_ridge_harq__B2,refit,training,feature:100,0,0,1
primary,jump__log_ridge_harq__B2,refit,training,feature:101,0,0,1
primary,jump__log_ridge_harq__B2,refit,training,feature:102,0,0,1
primary,jump__log_ridge_harq__B2,refit,training,feature:103,0,0,1
primary,jump__log_ridge_harq__B2,refit,training,feature:104,0,0,1
primary,jump__log_ridge_harq__B2,refit,training,feature:105,0,158,1
primary,jump__log_ridge_harq__B2,refit,training,feature:106,0,0,1
primary,jump__log_ridge_harq__B2,refit,training,feature:107,0,3,1
primary,jump__log_ridge_harq__B2,refit,training,feature:108,57,0,1
primary,jump__log_ridge_harq__B2,refit,training,feature:109,0,0,1
primary,jump__log_ridge_harq__B2,refit,training,feature:11,67,55,1
primary,jump__log_ridge_harq__B2,refit,training,feature:110,0,417,1
primary,jump__log_ridge_harq__B2,refit,training,feature:111,52,89,1
primary,jump__log_ridge_harq__B2,refit,training,feature:112,0,0,1
primary,jump__log_ridge_harq__B2,refit,training,feature:113,0,235,1
primary,jump__log_ridge_harq__B2,refit,training,feature:114,0,0,1
primary,jump__log_ridge_harq__B2,refit,training,feature:115,0,86,1
primary,jump__log_ridge_harq__B2,refit,training,feature:116,0,59,1
primary,jump__log_ridge_harq__B2,refit,training,feature:117,0,50,1
primary,jump__log_ridge_harq__B2,refit,training,feature:118,0,0,1
primary,jump__log_ridge_harq__B2,refit,training,feature:119,0,0,1
primary,jump__log_ridge_harq__B2,refit,training,feature:12,0,0,1
primary,jump__log_ridge_harq__B2,refit,training,feature:120,0,0,1
primary,jump__log_ridge_harq__B2,refit,training,feature:121,0,0,1
primary,jump__log_ridge_harq__B2,refit,training,feature:122,0,221,1
primary,jump__log_ridge_harq__B2,refit,training,feature:123,0,0,1
primary,jump__log_ridge_harq__B2,refit,training,feature:124,0,0,1
primary,jump__log_ridge_harq__B2,refit,training,feature:125,0,0,1
primary,jump__log_ridge_harq__B2,refit,training,feature:126,0,0,1
primary,jump__log_ridge_harq__B2,refit,training,feature:127,0,0,1
primary,jump__log_ridge_harq__B2,refit,training,feature:128,0,12,1
primary,jump__log_ridge_harq__B2,refit,training,feature:129,897,0,1
primary,jump__log_ridge_harq__B2,refit,training,feature:13,0,0,1
primary,jump__log_ridge_harq__B2,refit,training,feature:130,0,0,1
primary,jump__log_ridge_harq__B2,refit,training,feature:131,0,100,1
primary,jump__log_ridge_harq__B2,refit,training,feature:132,0,0,1
primary,jump__log_ridge_harq__B2,refit,training,feature:133,0,0,1
primary,jump__log_ridge_harq__B2,refit,training,feature:134,0,0,1
primary,jump__log_ridge_harq__B2,refit,training,feature:135,0,0,1
primary,jump__log_ridge_harq__B2,refit,training,feature:138,0,0,1
primary,jump__log_ridge_harq__B2,refit,training,feature:139,0,0,1
primary,jump__log_ridge_harq__B2,refit,training,feature:14,0,0,1
primary,jump__log_ridge_harq__B2,refit,training,feature:140,0,0,1
primary,jump__log_ridge_harq__B2,refit,training,feature:141,0,0,1
primary,jump__log_ridge_harq__B2,refit,training,feature:142,0,0,1
primary,jump__log_ridge_harq__B2,refit,training,feature:15,0,0,1
primary,jump__log_ridge_harq__B2,refit,training,feature:16,0,0,1
primary,jump__log_ridge_harq__B2,refit,training,feature:17,0,0,1
primary,jump__log_ridge_harq__B2,refit,training,feature:18,0,0,1
primary,jump__log_ridge_harq__B2,refit,training,feature:19,0,0,1
primary,jump__log_ridge_harq__B2,refit,training,feature:2,30,0,1
primary,jump__log_ridge_harq__B2,refit,training,feature:20,0,0,1
primary,jump__log_ridge_harq__B2,refit,training,feature:21,0,0,1
primary,jump__log_ridge_harq__B2,refit,training,feature:22,0,0,1
primary,jump__log_ridge_harq__B2,refit,training,feature:23,0,0,1
primary,jump__log_ridge_harq__B2,refit,training,feature:24,0,0,1
primary,jump__log_ridge_harq__B2,refit,training,feature:25,0,0,1
primary,jump__log_ridge_harq__B2,refit,training,feature:26,0,0,1
primary,jump__log_ridge_harq__B2,refit,training,feature:27,0,0,1
primary,jump__log_ridge_harq__B2,refit,training,feature:28,59,0,1
primary,jump__log_ridge_harq__B2,refit,training,feature:29,0,0,1
primary,jump__log_ridge_harq__B2,refit,training,feature:3,0,0,1
primary,jump__log_ridge_harq__B2,refit,training,feature:30,0,0,1
primary,jump__log_ridge_harq__B2,refit,training,feature:31,0,0,1
primary,jump__log_ridge_harq__B2,refit,training,feature:32,100,0,1
primary,jump__log_ridge_harq__B2,refit,training,feature:33,0,1,1
primary,jump__log_ridge_harq__B2,refit,training,feature:34,0,0,1
primary,jump__log_ridge_harq__B2,refit,training,feature:35,58,0,1
primary,jump__log_ridge_harq__B2,refit,training,feature:36,218,0,1
primary,jump__log_ridge_harq__B2,refit,training,feature:37,0,0,1
primary,jump__log_ridge_harq__B2,refit,training,feature:38,0,0,1
primary,jump__log_ridge_harq__B2,refit,training,feature:39,64,0,1
primary,jump__log_ridge_harq__B2,refit,training,feature:4,0,0,1
primary,jump__log_ridge_harq__B2,refit,training,feature:40,6,60,1
primary,jump__log_ridge_harq__B2,refit,training,feature:41,60,1,1
primary,jump__log_ridge_harq__B2,refit,training,feature:42,0,0,1
primary,jump__log_ridge_harq__B2,refit,training,feature:43,18,0,1
primary,jump__log_ridge_harq__B2,refit,training,feature:44,0,0,1
primary,jump__log_ridge_harq__B2,refit,training,feature:45,0,0,1
primary,jump__log_ridge_harq__B2,refit,training,feature:46,0,0,1
primary,jump__log_ridge_harq__B2,refit,training,feature:47,658,0,1
primary,jump__log_ridge_harq__B2,refit,training,feature:48,0,0,1
primary,jump__log_ridge_harq__B2,refit,training,feature:49,0,0,1
primary,jump__log_ridge_harq__B2,refit,training,feature:5,0,0,1
primary,jump__log_ridge_harq__B2,refit,training,feature:50,0,0,1
primary,jump__log_ridge_harq__B2,refit,training,feature:51,0,0,1
primary,jump__log_ridge_harq__B2,refit,training,feature:52,0,5,1
primary,jump__log_ridge_harq__B2,refit,training,feature:53,0,0,1
primary,jump__log_ridge_harq__B2,refit,training,feature:54,0,0,1
primary,jump__log_ridge_harq__B2,refit,training,feature:55,0,0,1
primary,jump__log_ridge_harq__B2,refit,training,feature:56,0,0,1
primary,jump__log_ridge_harq__B2,refit,training,feature:57,0,0,1
primary,jump__log_ridge_harq__B2,refit,training,feature:58,0,11,1
primary,jump__log_ridge_harq__B2,refit,training,feature:59,0,0,1
primary,jump__log_ridge_harq__B2,refit,training,feature:6,0,0,1
primary,jump__log_ridge_harq__B2,refit,training,feature:60,0,0,1
primary,jump__log_ridge_harq__B2,refit,training,feature:61,0,0,1
primary,jump__log_ridge_harq__B2,refit,training,feature:62,0,0,1
primary,jump__log_ridge_harq__B2,refit,training,feature:63,0,33,1
primary,jump__log_ridge_harq__B2,refit,training,feature:64,0,0,1
primary,jump__log_ridge_harq__B2,refit,training,feature:65,0,0,1
primary,jump__log_ridge_harq__B2,refit,training,feature:66,0,0,1
primary,jump__log_ridge_harq__B2,refit,training,feature:67,0,0,1
primary,jump__log_ridge_harq__B2,refit,training,feature:68,0,0,1
primary,jump__log_ridge_harq__B2,refit,training,feature:69,0,1,1
primary,jump__log_ridge_harq__B2,refit,training,feature:7,0,0,1
primary,jump__log_ridge_harq__B2,refit,training,feature:70,119,174,1
primary,jump__log_ridge_harq__B2,refit,training,feature:71,0,0,1
primary,jump__log_ridge_harq__B2,refit,training,feature:72,0,0,1
primary,jump__log_ridge_harq__B2,refit,training,feature:73,0,184,1
primary,jump__log_ridge_harq__B2,refit,training,feature:74,0,0,1
primary,jump__log_ridge_harq__B2,refit,training,feature:75,0,259,1
primary,jump__log_ridge_harq__B2,refit,training,feature:76,0,0,1
primary,jump__log_ridge_harq__B2,refit,training,feature:77,0,0,1
primary,jump__log_ridge_harq__B2,refit,training,feature:78,0,0,1
primary,jump__log_ridge_harq__B2,refit,training,feature:79,0,215,1
primary,jump__log_ridge_harq__B2,refit,training,feature:8,0,0,1
primary,jump__log_ridge_harq__B2,refit,training,feature:80,0,13,1
primary,jump__log_ridge_harq__B2,refit,training,feature:81,0,0,1
primary,jump__log_ridge_harq__B2,refit,training,feature:82,36,163,1
primary,jump__log_ridge_harq__B2,refit,training,feature:83,0,18,1
primary,jump__log_ridge_harq__B2,refit,training,feature:84,29,69,1
primary,jump__log_ridge_harq__B2,refit,training,feature:85,0,0,1
primary,jump__log_ridge_harq__B2,refit,training,feature:86,0,0,1
primary,jump__log_ridge_harq__B2,refit,training,feature:87,0,0,1
primary,jump__log_ridge_harq__B2,refit,training,feature:88,0,0,1
primary,jump__log_ridge_harq__B2,refit,training,feature:89,0,63,1
primary,jump__log_ridge_harq__B2,refit,training,feature:9,0,0,1
primary,jump__log_ridge_harq__B2,refit,training,feature:90,0,143,1
primary,jump__log_ridge_harq__B2,refit,training,feature:91,0,52,1
primary,jump__log_ridge_harq__B2,refit,training,feature:92,0,22,1
primary,jump__log_ridge_harq__B2,refit,training,feature:93,0,0,1
primary,jump__log_ridge_harq__B2,refit,training,feature:94,0,0,1
primary,jump__log_ridge_harq__B2,refit,training,feature:95,0,4,1
primary,jump__log_ridge_harq__B2,refit,training,feature:96,0,0,1
primary,jump__log_ridge_harq__B2,refit,training,feature:97,0,163,1
primary,jump__log_ridge_harq__B2,refit,training,feature:98,0,0,1
primary,jump__log_ridge_harq__B2,refit,training,feature:99,0,0,1
primary,jump__log_ridge_harq__B2,refit,training,presence:33,336,0,1
primary,jump__log_ridge_harq__B2,refit,training,presence:36,336,0,1
primary,jump__log_ridge_harq__B2,refit,training,presence:39,1,0,1
primary,jump__log_ridge_harq__B2,refit,training,presence:43,0,0,1
primary,jump__log_ridge_harq__B2,refit,training,presence:44,0,0,1
primary,jump__log_ridge_harq__B2,refit,training,presence:45,0,0,1
primary,jump__log_ridge_harq__B2,refit,training,presence:46,0,0,1
primary,jump__log_ridge_harq__B2,refit,training,presence:47,0,0,1
primary,jump__log_ridge_harq__B2,refit,training,presence:48,0,0,1
primary,jump__log_ridge_harq__B2,refit,training,presence:49,0,0,1
primary,jump__log_ridge_harq__B2,refit,training,presence:50,0,0,1
primary,jump__log_ridge_harq__B2,refit,training,presence:51,0,0,1
primary,jump__log_ridge_harq__B2,refit,training,presence:52,0,0,1
primary,jump__log_ridge_harq__B2,refit,training,presence:53,1040,0,1
primary,jump__log_ridge_harq__B2,refit,training,presence:54,26,0,1
primary,jump__log_ridge_harq__B2,refit,training,presence:56,4,0,1
primary,jump__log_ridge_harq__B2,refit,training,presence:57,0,0,1
primary,jump__log_ridge_harq__B2,refit,training,presence:58,657,0,1
primary,jump__log_ridge_harq__B2,refit,training,presence:59,282,0,1
primary,jump__log_ridge_harq__B2,refit,training,presence:60,36,0,1
primary,jump__log_ridge_harq__B2,refit,training,presence:61,209,0,1
primary,jump__log_ridge_harq__B2,refit,training,presence:62,676,0,1
primary,jump__log_ridge_harq__B2,refit,training,presence:63,292,0,1
primary,jump__log_ridge_harq__B2,refit,training,presence:64,1372,0,1
primary,jump__log_ridge_harq__B2,refit,training,presence:65,347,0,1
primary,jump__log_ridge_harq__B2,refit,training,presence:66,1093,0,1
primary,jump__log_ridge_harq__B2,refit,training,presence:67,208,0,1
primary,mean__log_ridge_harq__B0,inner_fit,predicting,feature:0,1914,1980,419
primary,mean__log_ridge_harq__B0,inner_fit,predicting,feature:1,0,1410,419
primary,mean__log_ridge_harq__B0,inner_fit,predicting,feature:10,2508,2378,419
primary,mean__log_ridge_harq__B0,inner_fit,predicting,feature:11,2541,2130,419
primary,mean__log_ridge_harq__B0,inner_fit,predicting,feature:12,0,231,419
primary,mean__log_ridge_harq__B0,inner_fit,predicting,feature:13,0,68,419
primary,mean__log_ridge_harq__B0,inner_fit,predicting,feature:14,0,116,419
primary,mean__log_ridge_harq__B0,inner_fit,predicting,feature:15,0,115,419
primary,mean__log_ridge_harq__B0,inner_fit,predicting,feature:16,0,110,419
primary,mean__log_ridge_harq__B0,inner_fit,predicting,feature:17,20,59,419
primary,mean__log_ridge_harq__B0,inner_fit,predicting,feature:18,0,0,419
primary,mean__log_ridge_harq__B0,inner_fit,predicting,feature:19,0,0,419
primary,mean__log_ridge_harq__B0,inner_fit,predicting,feature:2,3042,2976,419
primary,mean__log_ridge_harq__B0,inner_fit,predicting,feature:20,0,0,419
primary,mean__log_ridge_harq__B0,inner_fit,predicting,feature:21,0,0,419
primary,mean__log_ridge_harq__B0,inner_fit,predicting,feature:22,0,110,419
primary,mean__log_ridge_harq__B0,inner_fit,predicting,feature:23,0,0,419
primary,mean__log_ridge_harq__B0,inner_fit,predicting,feature:24,0,0,419
primary,mean__log_ridge_harq__B0,inner_fit,predicting,feature:25,0,0,419
primary,mean__log_ridge_harq__B0,inner_fit,predicting,feature:26,0,0,419
primary,mean__log_ridge_harq__B0,inner_fit,predicting,feature:27,0,0,419
primary,mean__log_ridge_harq__B0,inner_fit,predicting,feature:28,3010,0,419
primary,mean__log_ridge_harq__B0,inner_fit,predicting,feature:29,0,0,419
primary,mean__log_ridge_harq__B0,inner_fit,predicting,feature:3,0,1374,419
primary,mean__log_ridge_harq__B0,inner_fit,predicting,feature:30,0,0,419
primary,mean__log_ridge_harq__B0,inner_fit,predicting,feature:31,0,0,419
primary,mean__log_ridge_harq__B0,inner_fit,predicting,feature:32,0,0,419
primary,mean__log_ridge_harq__B0,inner_fit,predicting,feature:33,0,0,419
primary,mean__log_ridge_harq__B0,inner_fit,predicting,feature:4,0,0,419
primary,mean__log_ridge_harq__B0,inner_fit,predicting,feature:5,0,0,419
primary,mean__log_ridge_harq__B0,inner_fit,predicting,feature:6,0,0,419
primary,mean__log_ridge_harq__B0,inner_fit,predicting,feature:7,0,0,419
primary,mean__log_ridge_harq__B0,inner_fit,predicting,feature:8,0,0,419
primary,mean__log_ridge_harq__B0,inner_fit,predicting,feature:9,0,30,419
primary,mean__log_ridge_harq__B0,inner_fit,training,feature:0,30900,42720,419
primary,mean__log_ridge_harq__B0,inner_fit,training,feature:1,0,20052,419
primary,mean__log_ridge_harq__B0,inner_fit,training,feature:10,64657,66675,419
primary,mean__log_ridge_harq__B0,inner_fit,training,feature:11,66990,55581,419
primary,mean__log_ridge_harq__B0,inner_fit,training,feature:12,0,6468,419
primary,mean__log_ridge_harq__B0,inner_fit,training,feature:13,0,2271,419
primary,mean__log_ridge_harq__B0,inner_fit,training,feature:14,0,3314,419
primary,mean__log_ridge_harq__B0,inner_fit,training,feature:15,79,4244,419
primary,mean__log_ridge_harq__B0,inner_fit,training,feature:16,0,3341,419
primary,mean__log_ridge_harq__B0,inner_fit,training,feature:17,380,2236,419
primary,mean__log_ridge_harq__B0,inner_fit,training,feature:18,0,910,419
primary,mean__log_ridge_harq__B0,inner_fit,training,feature:19,0,2260,419
primary,mean__log_ridge_harq__B0,inner_fit,training,feature:2,41352,58068,419
primary,mean__log_ridge_harq__B0,inner_fit,training,feature:20,0,0,419
primary,mean__log_ridge_harq__B0,inner_fit,training,feature:21,0,0,419
primary,mean__log_ridge_harq__B0,inner_fit,training,feature:22,0,3341,419
primary,mean__log_ridge_harq__B0,inner_fit,training,feature:23,0,2260,419
primary,mean__log_ridge_harq__B0,inner_fit,training,feature:24,0,910,419
primary,mean__log_ridge_harq__B0,inner_fit,training,feature:25,0,0,419
primary,mean__log_ridge_harq__B0,inner_fit,training,feature:26,0,0,419
primary,mean__log_ridge_harq__B0,inner_fit,training,feature:27,0,0,419
primary,mean__log_ridge_harq__B0,inner_fit,training,feature:28,62592,0,419
primary,mean__log_ridge_harq__B0,inner_fit,training,feature:29,0,0,419
primary,mean__log_ridge_harq__B0,inner_fit,training,feature:3,0,30870,419
primary,mean__log_ridge_harq__B0,inner_fit,training,feature:30,0,0,419
primary,mean__log_ridge_harq__B0,inner_fit,training,feature:31,0,0,419
primary,mean__log_ridge_harq__B0,inner_fit,training,feature:32,0,0,419
primary,mean__log_ridge_harq__B0,inner_fit,training,feature:33,0,0,419
primary,mean__log_ridge_harq__B0,inner_fit,training,feature:4,0,0,419
primary,mean__log_ridge_harq__B0,inner_fit,training,feature:5,0,0,419
primary,mean__log_ridge_harq__B0,inner_fit,training,feature:6,0,0,419
primary,mean__log_ridge_harq__B0,inner_fit,training,feature:7,0,0,419
primary,mean__log_ridge_harq__B0,inner_fit,training,feature:8,0,0,419
primary,mean__log_ridge_harq__B0,inner_fit,training,feature:9,0,790,419
primary,mean__log_ridge_harq__B0,refit,predicting,feature:0,174,168,419
primary,mean__log_ridge_harq__B0,refit,predicting,feature:1,0,132,419
primary,mean__log_ridge_harq__B0,refit,predicting,feature:10,241,229,419
primary,mean__log_ridge_harq__B0,refit,predicting,feature:11,234,198,419
primary,mean__log_ridge_harq__B0,refit,predicting,feature:12,0,11,419
primary,mean__log_ridge_harq__B0,refit,predicting,feature:13,0,5,419
primary,mean__log_ridge_harq__B0,refit,predicting,feature:14,0,10,419
primary,mean__log_ridge_harq__B0,refit,predicting,feature:15,0,9,419
primary,mean__log_ridge_harq__B0,refit,predicting,feature:16,0,11,419
primary,mean__log_ridge_harq__B0,refit,predicting,feature:17,2,5,419
primary,mean__log_ridge_harq__B0,refit,predicting,feature:18,0,0,419
primary,mean__log_ridge_harq__B0,refit,predicting,feature:19,0,0,419
primary,mean__log_ridge_harq__B0,refit,predicting,feature:2,198,228,419
primary,mean__log_ridge_harq__B0,refit,predicting,feature:20,0,0,419
primary,mean__log_ridge_harq__B0,refit,predicting,feature:21,0,0,419
primary,mean__log_ridge_harq__B0,refit,predicting,feature:22,0,11,419
primary,mean__log_ridge_harq__B0,refit,predicting,feature:23,0,0,419
primary,mean__log_ridge_harq__B0,refit,predicting,feature:24,0,0,419
primary,mean__log_ridge_harq__B0,refit,predicting,feature:25,0,0,419
primary,mean__log_ridge_harq__B0,refit,predicting,feature:26,0,0,419
primary,mean__log_ridge_harq__B0,refit,predicting,feature:27,0,0,419
primary,mean__log_ridge_harq__B0,refit,predicting,feature:28,291,0,419
primary,mean__log_ridge_harq__B0,refit,predicting,feature:29,0,0,419
primary,mean__log_ridge_harq__B0,refit,predicting,feature:3,0,132,419
primary,mean__log_ridge_harq__B0,refit,predicting,feature:30,0,0,419
primary,mean__log_ridge_harq__B0,refit,predicting,feature:31,0,0,419
primary,mean__log_ridge_harq__B0,refit,predicting,feature:32,0,0,419
primary,mean__log_ridge_harq__B0,refit,predicting,feature:33,0,0,419
primary,mean__log_ridge_harq__B0,refit,predicting,feature:4,0,0,419
primary,mean__log_ridge_harq__B0,refit,predicting,feature:5,0,0,419
primary,mean__log_ridge_harq__B0,refit,predicting,feature:6,0,0,419
primary,mean__log_ridge_harq__B0,refit,predicting,feature:7,0,0,419
primary,mean__log_ridge_harq__B0,refit,predicting,feature:8,0,0,419
primary,mean__log_ridge_harq__B0,refit,predicting,feature:9,0,1,419
primary,mean__log_ridge_harq__B0,refit,training,feature:0,32262,44478,419
primary,mean__log_ridge_harq__B0,refit,training,feature:1,0,20712,419
primary,mean__log_ridge_harq__B0,refit,training,feature:10,67030,69190,419
primary,mean__log_ridge_harq__B0,refit,training,feature:11,69427,57693,419
primary,mean__log_ridge_harq__B0,refit,training,feature:12,0,6778,419
primary,mean__log_ridge_harq__B0,refit,training,feature:13,0,2391,419
primary,mean__log_ridge_harq__B0,refit,training,feature:14,0,3547,419
primary,mean__log_ridge_harq__B0,refit,training,feature:15,89,4504,419
primary,mean__log_ridge_harq__B0,refit,training,feature:16,0,3548,419
primary,mean__log_ridge_harq__B0,refit,training,feature:17,400,2356,419
primary,mean__log_ridge_harq__B0,refit,training,feature:18,0,1560,419
primary,mean__log_ridge_harq__B0,refit,training,feature:19,0,2695,419
primary,mean__log_ridge_harq__B0,refit,training,feature:2,42972,60588,419
primary,mean__log_ridge_harq__B0,refit,training,feature:20,0,0,419
primary,mean__log_ridge_harq__B0,refit,training,feature:21,0,0,419
primary,mean__log_ridge_harq__B0,refit,training,feature:22,0,3548,419
primary,mean__log_ridge_harq__B0,refit,training,feature:23,0,2695,419
primary,mean__log_ridge_harq__B0,refit,training,feature:24,0,1560,419
primary,mean__log_ridge_harq__B0,refit,training,feature:25,0,0,419
primary,mean__log_ridge_harq__B0,refit,training,feature:26,0,0,419
primary,mean__log_ridge_harq__B0,refit,training,feature:27,0,0,419
primary,mean__log_ridge_harq__B0,refit,training,feature:28,65213,0,419
primary,mean__log_ridge_harq__B0,refit,training,feature:29,0,0,419
primary,mean__log_ridge_harq__B0,refit,training,feature:3,0,31890,419
primary,mean__log_ridge_harq__B0,refit,training,feature:30,0,0,419
primary,mean__log_ridge_harq__B0,refit,training,feature:31,0,0,419
primary,mean__log_ridge_harq__B0,refit,training,feature:32,0,0,419
primary,mean__log_ridge_harq__B0,refit,training,feature:33,0,0,419
primary,mean__log_ridge_harq__B0,refit,training,feature:4,0,0,419
primary,mean__log_ridge_harq__B0,refit,training,feature:5,0,0,419
primary,mean__log_ridge_harq__B0,refit,training,feature:6,0,0,419
primary,mean__log_ridge_harq__B0,refit,training,feature:7,0,0,419
primary,mean__log_ridge_harq__B0,refit,training,feature:8,0,0,419
primary,mean__log_ridge_harq__B0,refit,training,feature:9,0,880,419
primary,mean__log_ridge_harq__B1,inner_fit,predicting,feature:0,1914,1980,419
primary,mean__log_ridge_harq__B1,inner_fit,predicting,feature:1,0,1410,419
primary,mean__log_ridge_harq__B1,inner_fit,predicting,feature:10,2508,2378,419
primary,mean__log_ridge_harq__B1,inner_fit,predicting,feature:11,2541,2130,419
primary,mean__log_ridge_harq__B1,inner_fit,predicting,feature:12,0,231,419
primary,mean__log_ridge_harq__B1,inner_fit,predicting,feature:13,0,68,419
primary,mean__log_ridge_harq__B1,inner_fit,predicting,feature:14,0,116,419
primary,mean__log_ridge_harq__B1,inner_fit,predicting,feature:15,0,115,419
primary,mean__log_ridge_harq__B1,inner_fit,predicting,feature:16,0,110,419
primary,mean__log_ridge_harq__B1,inner_fit,predicting,feature:17,20,59,419
primary,mean__log_ridge_harq__B1,inner_fit,predicting,feature:18,0,0,419
primary,mean__log_ridge_harq__B1,inner_fit,predicting,feature:19,0,0,419
primary,mean__log_ridge_harq__B1,inner_fit,predicting,feature:2,3042,2976,419
primary,mean__log_ridge_harq__B1,inner_fit,predicting,feature:20,0,0,419
primary,mean__log_ridge_harq__B1,inner_fit,predicting,feature:21,0,0,419
primary,mean__log_ridge_harq__B1,inner_fit,predicting,feature:22,0,110,419
primary,mean__log_ridge_harq__B1,inner_fit,predicting,feature:23,0,0,419
primary,mean__log_ridge_harq__B1,inner_fit,predicting,feature:24,0,0,419
primary,mean__log_ridge_harq__B1,inner_fit,predicting,feature:25,0,0,419
primary,mean__log_ridge_harq__B1,inner_fit,predicting,feature:26,0,0,419
primary,mean__log_ridge_harq__B1,inner_fit,predicting,feature:27,0,0,419
primary,mean__log_ridge_harq__B1,inner_fit,predicting,feature:28,3010,0,419
primary,mean__log_ridge_harq__B1,inner_fit,predicting,feature:29,0,0,419
primary,mean__log_ridge_harq__B1,inner_fit,predicting,feature:3,0,1374,419
primary,mean__log_ridge_harq__B1,inner_fit,predicting,feature:30,0,0,419
primary,mean__log_ridge_harq__B1,inner_fit,predicting,feature:31,0,0,419
primary,mean__log_ridge_harq__B1,inner_fit,predicting,feature:32,4941,0,419
primary,mean__log_ridge_harq__B1,inner_fit,predicting,feature:33,8084,3316,419
primary,mean__log_ridge_harq__B1,inner_fit,predicting,feature:34,0,0,419
primary,mean__log_ridge_harq__B1,inner_fit,predicting,feature:35,21,0,419
primary,mean__log_ridge_harq__B1,inner_fit,predicting,feature:36,9264,20,419
primary,mean__log_ridge_harq__B1,inner_fit,predicting,feature:37,0,7,419
primary,mean__log_ridge_harq__B1,inner_fit,predicting,feature:38,0,0,419
primary,mean__log_ridge_harq__B1,inner_fit,predicting,feature:39,1499,0,419
primary,mean__log_ridge_harq__B1,inner_fit,predicting,feature:4,0,0,419
primary,mean__log_ridge_harq__B1,inner_fit,predicting,feature:40,20,3087,419
primary,mean__log_ridge_harq__B1,inner_fit,predicting,feature:41,1877,0,419
primary,mean__log_ridge_harq__B1,inner_fit,predicting,feature:42,0,0,419
primary,mean__log_ridge_harq__B1,inner_fit,predicting,feature:43,1408,0,419
primary,mean__log_ridge_harq__B1,inner_fit,predicting,feature:44,0,0,419
primary,mean__log_ridge_harq__B1,inner_fit,predicting,feature:45,0,0,419
primary,mean__log_ridge_harq__B1,inner_fit,predicting,feature:46,317,0,419
primary,mean__log_ridge_harq__B1,inner_fit,predicting,feature:47,27645,0,419
primary,mean__log_ridge_harq__B1,inner_fit,predicting,feature:48,0,0,419
primary,mean__log_ridge_harq__B1,inner_fit,predicting,feature:49,0,0,419
primary,mean__log_ridge_harq__B1,inner_fit,predicting,feature:5,0,0,419
primary,mean__log_ridge_harq__B1,inner_fit,predicting,feature:50,0,0,419
primary,mean__log_ridge_harq__B1,inner_fit,predicting,feature:51,0,0,419
primary,mean__log_ridge_harq__B1,inner_fit,predicting,feature:52,0,1022,419
primary,mean__log_ridge_harq__B1,inner_fit,predicting,feature:53,0,0,419
primary,mean__log_ridge_harq__B1,inner_fit,predicting,feature:54,0,0,419
primary,mean__log_ridge_harq__B1,inner_fit,predicting,feature:55,0,0,419
primary,mean__log_ridge_harq__B1,inner_fit,predicting,feature:56,0,0,419
primary,mean__log_ridge_harq__B1,inner_fit,predicting,feature:57,0,0,419
primary,mean__log_ridge_harq__B1,inner_fit,predicting,feature:58,0,814,419
primary,mean__log_ridge_harq__B1,inner_fit,predicting,feature:59,0,0,419
primary,mean__log_ridge_harq__B1,inner_fit,predicting,feature:6,0,0,419
primary,mean__log_ridge_harq__B1,inner_fit,predicting,feature:60,0,0,419
primary,mean__log_ridge_harq__B1,inner_fit,predicting,feature:61,0,0,419
primary,mean__log_ridge_harq__B1,inner_fit,predicting,feature:62,0,0,419
primary,mean__log_ridge_harq__B1,inner_fit,predicting,feature:63,0,1123,419
primary,mean__log_ridge_harq__B1,inner_fit,predicting,feature:64,0,0,419
primary,mean__log_ridge_harq__B1,inner_fit,predicting,feature:65,0,0,419
primary,mean__log_ridge_harq__B1,inner_fit,predicting,feature:66,0,0,419
primary,mean__log_ridge_harq__B1,inner_fit,predicting,feature:67,0,0,419
primary,mean__log_ridge_harq__B1,inner_fit,predicting,feature:68,4042,0,419
primary,mean__log_ridge_harq__B1,inner_fit,predicting,feature:69,0,0,419
primary,mean__log_ridge_harq__B1,inner_fit,predicting,feature:7,0,0,419
primary,mean__log_ridge_harq__B1,inner_fit,predicting,feature:70,0,0,419
primary,mean__log_ridge_harq__B1,inner_fit,predicting,feature:71,0,0,419
primary,mean__log_ridge_harq__B1,inner_fit,predicting,feature:72,0,0,419
primary,mean__log_ridge_harq__B1,inner_fit,predicting,feature:73,0,0,419
primary,mean__log_ridge_harq__B1,inner_fit,predicting,feature:8,0,0,419
primary,mean__log_ridge_harq__B1,inner_fit,predicting,feature:9,0,30,419
primary,mean__log_ridge_harq__B1,inner_fit,predicting,presence:29,3780,0,207
primary,mean__log_ridge_harq__B1,inner_fit,predicting,presence:30,3780,0,207
primary,mean__log_ridge_harq__B1,inner_fit,predicting,presence:31,3780,0,207
primary,mean__log_ridge_harq__B1,inner_fit,predicting,presence:32,3780,0,207
primary,mean__log_ridge_harq__B1,inner_fit,predicting,presence:33,9811,0,419
primary,mean__log_ridge_harq__B1,inner_fit,predicting,presence:34,3780,0,207
primary,mean__log_ridge_harq__B1,inner_fit,predicting,presence:35,3780,0,207
primary,mean__log_ridge_harq__B1,inner_fit,predicting,presence:36,9811,0,419
primary,mean__log_ridge_harq__B1,inner_fit,predicting,presence:37,3780,0,207
primary,mean__log_ridge_harq__B1,inner_fit,predicting,presence:38,3780,0,207
primary,mean__log_ridge_harq__B1,inner_fit,predicting,presence:39,3830,0,378
primary,mean__log_ridge_harq__B1,inner_fit,predicting,presence:40,3780,0,207
primary,mean__log_ridge_harq__B1,inner_fit,predicting,presence:41,3780,0,207
primary,mean__log_ridge_harq__B1,inner_fit,predicting,presence:42,3780,0,207
primary,mean__log_ridge_harq__B1,inner_fit,predicting,presence:43,0,0,419
primary,mean__log_ridge_harq__B1,inner_fit,predicting,presence:44,0,0,419
primary,mean__log_ridge_harq__B1,inner_fit,predicting,presence:45,0,0,419
primary,mean__log_ridge_harq__B1,inner_fit,predicting,presence:46,0,0,419
primary,mean__log_ridge_harq__B1,inner_fit,predicting,presence:47,0,0,419
primary,mean__log_ridge_harq__B1,inner_fit,predicting,presence:48,0,0,419
primary,mean__log_ridge_harq__B1,inner_fit,predicting,presence:49,0,0,419
primary,mean__log_ridge_harq__B1,inner_fit,predicting,presence:50,0,0,419
primary,mean__log_ridge_harq__B1,inner_fit,predicting,presence:51,0,0,419
primary,mean__log_ridge_harq__B1,inner_fit,predicting,presence:52,0,0,419
primary,mean__log_ridge_harq__B1,inner_fit,predicting,presence:53,31375,0,419
primary,mean__log_ridge_harq__B1,inner_fit,predicting,presence:54,4537,0,419
primary,mean__log_ridge_harq__B1,inner_fit,predicting,presence:55,4002,0,293
primary,mean__log_ridge_harq__B1,inner_fit,predicting,presence:56,4223,0,419
primary,mean__log_ridge_harq__B1,inner_fit,predicting,presence:57,0,0,419
primary,mean__log_ridge_harq__B1,inner_fit,predicting,presence:58,16310,0,419
primary,mean__log_ridge_harq__B1,inner_fit,predicting,presence:59,10514,0,419
primary,mean__log_ridge_harq__B1,inner_fit,predicting,presence:60,4637,0,419
primary,mean__log_ridge_harq__B1,inner_fit,predicting,presence:61,6664,0,419
primary,mean__log_ridge_harq__B1,inner_fit,predicting,presence:62,22722,0,419
primary,mean__log_ridge_harq__B1,inner_fit,predicting,presence:63,7115,0,419
primary,mean__log_ridge_harq__B1,inner_fit,predicting,presence:64,27427,0,419
primary,mean__log_ridge_harq__B1,inner_fit,predicting,presence:65,8856,0,419
primary,mean__log_ridge_harq__B1,inner_fit,predicting,presence:66,22122,0,419
primary,mean__log_ridge_harq__B1,inner_fit,predicting,presence:67,6411,0,419
primary,mean__log_ridge_harq__B1,inner_fit,training,feature:0,30900,42720,419
primary,mean__log_ridge_harq__B1,inner_fit,training,feature:1,0,20052,419
primary,mean__log_ridge_harq__B1,inner_fit,training,feature:10,64657,66675,419
primary,mean__log_ridge_harq__B1,inner_fit,training,feature:11,66990,55581,419
primary,mean__log_ridge_harq__B1,inner_fit,training,feature:12,0,6468,419
primary,mean__log_ridge_harq__B1,inner_fit,training,feature:13,0,2271,419
primary,mean__log_ridge_harq__B1,inner_fit,training,feature:14,0,3314,419
primary,mean__log_ridge_harq__B1,inner_fit,training,feature:15,79,4244,419
primary,mean__log_ridge_harq__B1,inner_fit,training,feature:16,0,3341,419
primary,mean__log_ridge_harq__B1,inner_fit,training,feature:17,380,2236,419
primary,mean__log_ridge_harq__B1,inner_fit,training,feature:18,0,910,419
primary,mean__log_ridge_harq__B1,inner_fit,training,feature:19,0,2260,419
primary,mean__log_ridge_harq__B1,inner_fit,training,feature:2,41352,58068,419
primary,mean__log_ridge_harq__B1,inner_fit,training,feature:20,0,0,419
primary,mean__log_ridge_harq__B1,inner_fit,training,feature:21,0,0,419
primary,mean__log_ridge_harq__B1,inner_fit,training,feature:22,0,3341,419
primary,mean__log_ridge_harq__B1,inner_fit,training,feature:23,0,2260,419
primary,mean__log_ridge_harq__B1,inner_fit,training,feature:24,0,910,419
primary,mean__log_ridge_harq__B1,inner_fit,training,feature:25,0,0,419
primary,mean__log_ridge_harq__B1,inner_fit,training,feature:26,0,0,419
primary,mean__log_ridge_harq__B1,inner_fit,training,feature:27,0,0,419
primary,mean__log_ridge_harq__B1,inner_fit,training,feature:28,62592,0,419
primary,mean__log_ridge_harq__B1,inner_fit,training,feature:29,0,0,419
primary,mean__log_ridge_harq__B1,inner_fit,training,feature:3,0,30870,419
primary,mean__log_ridge_harq__B1,inner_fit,training,feature:30,0,0,419
primary,mean__log_ridge_harq__B1,inner_fit,training,feature:31,0,0,419
primary,mean__log_ridge_harq__B1,inner_fit,training,feature:32,146653,0,419
primary,mean__log_ridge_harq__B1,inner_fit,training,feature:33,68956,597,419
primary,mean__log_ridge_harq__B1,inner_fit,training,feature:34,0,0,419
primary,mean__log_ridge_harq__B1,inner_fit,training,feature:35,21558,0,419
primary,mean__log_ridge_harq__B1,inner_fit,training,feature:36,173983,108,419
primary,mean__log_ridge_harq__B1,inner_fit,training,feature:37,0,0,419
primary,mean__log_ridge_harq__B1,inner_fit,training,feature:38,0,0,419
primary,mean__log_ridge_harq__B1,inner_fit,training,feature:39,56525,0,419
primary,mean__log_ridge_harq__B1,inner_fit,training,feature:4,0,0,419
primary,mean__log_ridge_harq__B1,inner_fit,training,feature:40,3530,111540,419
primary,mean__log_ridge_harq__B1,inner_fit,training,feature:41,43980,419,419
primary,mean__log_ridge_harq__B1,inner_fit,training,feature:42,0,0,419
primary,mean__log_ridge_harq__B1,inner_fit,training,feature:43,3412,0,419
primary,mean__log_ridge_harq__B1,inner_fit,training,feature:44,0,0,419
primary,mean__log_ridge_harq__B1,inner_fit,training,feature:45,0,0,419
primary,mean__log_ridge_harq__B1,inner_fit,training,feature:46,744,0,419
primary,mean__log_ridge_harq__B1,inner_fit,training,feature:47,406483,7,419
primary,mean__log_ridge_harq__B1,inner_fit,training,feature:48,0,0,419
primary,mean__log_ridge_harq__B1,inner_fit,training,feature:49,0,13,419
primary,mean__log_ridge_harq__B1,inner_fit,training,feature:5,0,0,419
primary,mean__log_ridge_harq__B1,inner_fit,training,feature:50,0,0,419
primary,mean__log_ridge_harq__B1,inner_fit,training,feature:51,0,0,419
primary,mean__log_ridge_harq__B1,inner_fit,training,feature:52,0,10133,419
primary,mean__log_ridge_harq__B1,inner_fit,training,feature:53,0,4,419
primary,mean__log_ridge_harq__B1,inner_fit,training,feature:54,0,0,419
primary,mean__log_ridge_harq__B1,inner_fit,training,feature:55,0,0,419
primary,mean__log_ridge_harq__B1,inner_fit,training,feature:56,0,0,419
primary,mean__log_ridge_harq__B1,inner_fit,training,feature:57,0,0,419
primary,mean__log_ridge_harq__B1,inner_fit,training,feature:58,0,23241,419
primary,mean__log_ridge_harq__B1,inner_fit,training,feature:59,0,0,419
primary,mean__log_ridge_harq__B1,inner_fit,training,feature:6,0,0,419
primary,mean__log_ridge_harq__B1,inner_fit,training,feature:60,0,0,419
primary,mean__log_ridge_harq__B1,inner_fit,training,feature:61,0,0,419
primary,mean__log_ridge_harq__B1,inner_fit,training,feature:62,0,0,419
primary,mean__log_ridge_harq__B1,inner_fit,training,feature:63,0,50834,419
primary,mean__log_ridge_harq__B1,inner_fit,training,feature:64,0,0,419
primary,mean__log_ridge_harq__B1,inner_fit,training,feature:65,0,0,419
primary,mean__log_ridge_harq__B1,inner_fit,training,feature:66,0,0,419
primary,mean__log_ridge_harq__B1,inner_fit,training,feature:67,0,0,419
primary,mean__log_ridge_harq__B1,inner_fit,training,feature:68,75320,0,419
primary,mean__log_ridge_harq__B1,inner_fit,training,feature:69,0,0,419
primary,mean__log_ridge_harq__B1,inner_fit,training,feature:7,0,0,419
primary,mean__log_ridge_harq__B1,inner_fit,training,feature:70,0,0,419
primary,mean__log_ridge_harq__B1,inner_fit,training,feature:71,0,0,419
primary,mean__log_ridge_harq__B1,inner_fit,training,feature:72,0,0,419
primary,mean__log_ridge_harq__B1,inner_fit,training,feature:73,0,0,419
primary,mean__log_ridge_harq__B1,inner_fit,training,feature:8,0,0,419
primary,mean__log_ridge_harq__B1,inner_fit,training,feature:9,0,790,419
primary,mean__log_ridge_harq__B1,inner_fit,training,presence:29,70965,0,207
primary,mean__log_ridge_harq__B1,inner_fit,training,presence:30,70965,0,207
primary,mean__log_ridge_harq__B1,inner_fit,training,presence:31,70965,0,207
primary,mean__log_ridge_harq__B1,inner_fit,training,presence:32,70965,0,207
primary,mean__log_ridge_harq__B1,inner_fit,training,presence:33,310274,0,419
primary,mean__log_ridge_harq__B1,inner_fit,training,presence:34,70965,0,207
primary,mean__log_ridge_harq__B1,inner_fit,training,presence:35,70965,0,207
primary,mean__log_ridge_harq__B1,inner_fit,training,presence:36,310274,0,419
primary,mean__log_ridge_harq__B1,inner_fit,training,presence:37,70965,0,207
primary,mean__log_ridge_harq__B1,inner_fit,training,presence:38,70965,0,207
primary,mean__log_ridge_harq__B1,inner_fit,training,presence:39,71343,0,378
primary,mean__log_ridge_harq__B1,inner_fit,training,presence:40,70965,0,207
primary,mean__log_ridge_harq__B1,inner_fit,training,presence:41,70965,0,207
primary,mean__log_ridge_harq__B1,inner_fit,training,presence:42,70965,0,207
primary,mean__log_ridge_harq__B1,inner_fit,training,presence:43,0,0,419
primary,mean__log_ridge_harq__B1,inner_fit,training,presence:44,0,0,419
primary,mean__log_ridge_harq__B1,inner_fit,training,presence:45,0,0,419
primary,mean__log_ridge_harq__B1,inner_fit,training,presence:46,0,0,419
primary,mean__log_ridge_harq__B1,inner_fit,training,presence:47,0,0,419
primary,mean__log_ridge_harq__B1,inner_fit,training,presence:48,0,0,419
primary,mean__log_ridge_harq__B1,inner_fit,training,presence:49,0,0,419
primary,mean__log_ridge_harq__B1,inner_fit,training,presence:50,0,0,419
primary,mean__log_ridge_harq__B1,inner_fit,training,presence:51,0,0,419
primary,mean__log_ridge_harq__B1,inner_fit,training,presence:52,0,0,419
primary,mean__log_ridge_harq__B1,inner_fit,training,presence:53,909238,0,419
primary,mean__log_ridge_harq__B1,inner_fit,training,presence:54,92739,0,419
primary,mean__log_ridge_harq__B1,inner_fit,training,presence:55,75161,0,293
primary,mean__log_ridge_harq__B1,inner_fit,training,presence:56,81705,0,419
primary,mean__log_ridge_harq__B1,inner_fit,training,presence:57,0,0,419
primary,mean__log_ridge_harq__B1,inner_fit,training,presence:58,560864,0,419
primary,mean__log_ridge_harq__B1,inner_fit,training,presence:59,307504,0,419
primary,mean__log_ridge_harq__B1,inner_fit,training,presence:60,98836,0,419
primary,mean__log_ridge_harq__B1,inner_fit,training,presence:61,207528,0,419
primary,mean__log_ridge_harq__B1,inner_fit,training,presence:62,758850,0,419
primary,mean__log_ridge_harq__B1,inner_fit,training,presence:63,246677,0,419
primary,mean__log_ridge_harq__B1,inner_fit,training,presence:64,1031141,0,419
primary,mean__log_ridge_harq__B1,inner_fit,training,presence:65,293958,0,419
primary,mean__log_ridge_harq__B1,inner_fit,training,presence:66,824706,0,419
primary,mean__log_ridge_harq__B1,inner_fit,training,presence:67,203342,0,419
primary,mean__log_ridge_harq__B1,refit,predicting,feature:0,174,168,419
primary,mean__log_ridge_harq__B1,refit,predicting,feature:1,0,132,419
primary,mean__log_ridge_harq__B1,refit,predicting,feature:10,241,229,419
primary,mean__log_ridge_harq__B1,refit,predicting,feature:11,234,198,419
primary,mean__log_ridge_harq__B1,refit,predicting,feature:12,0,11,419
primary,mean__log_ridge_harq__B1,refit,predicting,feature:13,0,5,419
primary,mean__log_ridge_harq__B1,refit,predicting,feature:14,0,10,419
primary,mean__log_ridge_harq__B1,refit,predicting,feature:15,0,9,419
primary,mean__log_ridge_harq__B1,refit,predicting,feature:16,0,11,419
primary,mean__log_ridge_harq__B1,refit,predicting,feature:17,2,5,419
primary,mean__log_ridge_harq__B1,refit,predicting,feature:18,0,0,419
primary,mean__log_ridge_harq__B1,refit,predicting,feature:19,0,0,419
primary,mean__log_ridge_harq__B1,refit,predicting,feature:2,198,228,419
primary,mean__log_ridge_harq__B1,refit,predicting,feature:20,0,0,419
primary,mean__log_ridge_harq__B1,refit,predicting,feature:21,0,0,419
primary,mean__log_ridge_harq__B1,refit,predicting,feature:22,0,11,419
primary,mean__log_ridge_harq__B1,refit,predicting,feature:23,0,0,419
primary,mean__log_ridge_harq__B1,refit,predicting,feature:24,0,0,419
primary,mean__log_ridge_harq__B1,refit,predicting,feature:25,0,0,419
primary,mean__log_ridge_harq__B1,refit,predicting,feature:26,0,0,419
primary,mean__log_ridge_harq__B1,refit,predicting,feature:27,0,0,419
primary,mean__log_ridge_harq__B1,refit,predicting,feature:28,291,0,419
primary,mean__log_ridge_harq__B1,refit,predicting,feature:29,0,0,419
primary,mean__log_ridge_harq__B1,refit,predicting,feature:3,0,132,419
primary,mean__log_ridge_harq__B1,refit,predicting,feature:30,0,0,419
primary,mean__log_ridge_harq__B1,refit,predicting,feature:31,0,0,419
primary,mean__log_ridge_harq__B1,refit,predicting,feature:32,468,0,419
primary,mean__log_ridge_harq__B1,refit,predicting,feature:33,375,188,419
primary,mean__log_ridge_harq__B1,refit,predicting,feature:34,0,0,419
primary,mean__log_ridge_harq__B1,refit,predicting,feature:35,2,0,419
primary,mean__log_ridge_harq__B1,refit,predicting,feature:36,781,2,419
primary,mean__log_ridge_harq__B1,refit,predicting,feature:37,0,1,419
primary,mean__log_ridge_harq__B1,refit,predicting,feature:38,0,0,419
primary,mean__log_ridge_harq__B1,refit,predicting,feature:39,147,0,419
primary,mean__log_ridge_harq__B1,refit,predicting,feature:4,0,0,419
primary,mean__log_ridge_harq__B1,refit,predicting,feature:40,2,273,419
primary,mean__log_ridge_harq__B1,refit,predicting,feature:41,171,0,419
primary,mean__log_ridge_harq__B1,refit,predicting,feature:42,0,0,419
primary,mean__log_ridge_harq__B1,refit,predicting,feature:43,57,0,419
primary,mean__log_ridge_harq__B1,refit,predicting,feature:44,0,0,419
primary,mean__log_ridge_harq__B1,refit,predicting,feature:45,0,0,419
primary,mean__log_ridge_harq__B1,refit,predicting,feature:46,0,0,419
primary,mean__log_ridge_harq__B1,refit,predicting,feature:47,2702,0,419
primary,mean__log_ridge_harq__B1,refit,predicting,feature:48,0,0,419
primary,mean__log_ridge_harq__B1,refit,predicting,feature:49,0,0,419
primary,mean__log_ridge_harq__B1,refit,predicting,feature:5,0,0,419
primary,mean__log_ridge_harq__B1,refit,predicting,feature:50,0,0,419
primary,mean__log_ridge_harq__B1,refit,predicting,feature:51,0,0,419
primary,mean__log_ridge_harq__B1,refit,predicting,feature:52,0,99,419
primary,mean__log_ridge_harq__B1,refit,predicting,feature:53,0,0,419
primary,mean__log_ridge_harq__B1,refit,predicting,feature:54,0,0,419
primary,mean__log_ridge_harq__B1,refit,predicting,feature:55,0,0,419
primary,mean__log_ridge_harq__B1,refit,predicting,feature:56,0,0,419
primary,mean__log_ridge_harq__B1,refit,predicting,feature:57,0,0,419
primary,mean__log_ridge_harq__B1,refit,predicting,feature:58,0,79,419
primary,mean__log_ridge_harq__B1,refit,predicting,feature:59,0,0,419
primary,mean__log_ridge_harq__B1,refit,predicting,feature:6,0,0,419
primary,mean__log_ridge_harq__B1,refit,predicting,feature:60,0,0,419
primary,mean__log_ridge_harq__B1,refit,predicting,feature:61,0,0,419
primary,mean__log_ridge_harq__B1,refit,predicting,feature:62,0,0,419
primary,mean__log_ridge_harq__B1,refit,predicting,feature:63,0,109,419
primary,mean__log_ridge_harq__B1,refit,predicting,feature:64,0,0,419
primary,mean__log_ridge_harq__B1,refit,predicting,feature:65,0,0,419
primary,mean__log_ridge_harq__B1,refit,predicting,feature:66,0,0,419
primary,mean__log_ridge_harq__B1,refit,predicting,feature:67,0,0,419
primary,mean__log_ridge_harq__B1,refit,predicting,feature:68,405,0,419
primary,mean__log_ridge_harq__B1,refit,predicting,feature:69,0,0,419
primary,mean__log_ridge_harq__B1,refit,predicting,feature:7,0,0,419
primary,mean__log_ridge_harq__B1,refit,predicting,feature:70,0,0,419
primary,mean__log_ridge_harq__B1,refit,predicting,feature:71,0,0,419
primary,mean__log_ridge_harq__B1,refit,predicting,feature:72,0,0,419
primary,mean__log_ridge_harq__B1,refit,predicting,feature:73,0,0,419
primary,mean__log_ridge_harq__B1,refit,predicting,feature:8,0,0,419
primary,mean__log_ridge_harq__B1,refit,predicting,feature:9,0,1,419
primary,mean__log_ridge_harq__B1,refit,predicting,presence:29,378,0,217
primary,mean__log_ridge_harq__B1,refit,predicting,presence:30,378,0,217
primary,mean__log_ridge_harq__B1,refit,predicting,presence:31,378,0,217
primary,mean__log_ridge_harq__B1,refit,predicting,presence:32,378,0,217
primary,mean__log_ridge_harq__B1,refit,predicting,presence:33,941,0,419
primary,mean__log_ridge_harq__B1,refit,predicting,presence:34,378,0,217
primary,mean__log_ridge_harq__B1,refit,predicting,presence:35,378,0,217
primary,mean__log_ridge_harq__B1,refit,predicting,presence:36,941,0,419
primary,mean__log_ridge_harq__B1,refit,predicting,presence:37,378,0,217
primary,mean__log_ridge_harq__B1,refit,predicting,presence:38,378,0,217
primary,mean__log_ridge_harq__B1,refit,predicting,presence:39,383,0,388
primary,mean__log_ridge_harq__B1,refit,predicting,presence:40,378,0,217
primary,mean__log_ridge_harq__B1,refit,predicting,presence:41,378,0,217
primary,mean__log_ridge_harq__B1,refit,predicting,presence:42,378,0,217
primary,mean__log_ridge_harq__B1,refit,predicting,presence:43,0,0,419
primary,mean__log_ridge_harq__B1,refit,predicting,presence:44,0,0,419
primary,mean__log_ridge_harq__B1,refit,predicting,presence:45,0,0,419
primary,mean__log_ridge_harq__B1,refit,predicting,presence:46,0,0,419
primary,mean__log_ridge_harq__B1,refit,predicting,presence:47,0,0,419
primary,mean__log_ridge_harq__B1,refit,predicting,presence:48,0,0,419
primary,mean__log_ridge_harq__B1,refit,predicting,presence:49,0,0,419
primary,mean__log_ridge_harq__B1,refit,predicting,presence:50,0,0,419
primary,mean__log_ridge_harq__B1,refit,predicting,presence:51,0,0,419
primary,mean__log_ridge_harq__B1,refit,predicting,presence:52,0,0,419
primary,mean__log_ridge_harq__B1,refit,predicting,presence:53,3122,0,419
primary,mean__log_ridge_harq__B1,refit,predicting,presence:54,455,0,419
primary,mean__log_ridge_harq__B1,refit,predicting,presence:55,401,0,303
primary,mean__log_ridge_harq__B1,refit,predicting,presence:56,423,0,419
primary,mean__log_ridge_harq__B1,refit,predicting,presence:57,0,0,419
primary,mean__log_ridge_harq__B1,refit,predicting,presence:58,1591,0,419
primary,mean__log_ridge_harq__B1,refit,predicting,presence:59,1026,0,419
primary,mean__log_ridge_harq__B1,refit,predicting,presence:60,461,0,419
primary,mean__log_ridge_harq__B1,refit,predicting,presence:61,649,0,419
primary,mean__log_ridge_harq__B1,refit,predicting,presence:62,2232,0,419
primary,mean__log_ridge_harq__B1,refit,predicting,presence:63,682,0,419
primary,mean__log_ridge_harq__B1,refit,predicting,presence:64,2660,0,419
primary,mean__log_ridge_harq__B1,refit,predicting,presence:65,858,0,419
primary,mean__log_ridge_harq__B1,refit,predicting,presence:66,2144,0,419
primary,mean__log_ridge_harq__B1,refit,predicting,presence:67,621,0,419
primary,mean__log_ridge_harq__B1,refit,training,feature:0,32262,44478,419
primary,mean__log_ridge_harq__B1,refit,training,feature:1,0,20712,419
primary,mean__log_ridge_harq__B1,refit,training,feature:10,67030,69190,419
primary,mean__log_ridge_harq__B1,refit,training,feature:11,69427,57693,419
primary,mean__log_ridge_harq__B1,refit,training,feature:12,0,6778,419
primary,mean__log_ridge_harq__B1,refit,training,feature:13,0,2391,419
primary,mean__log_ridge_harq__B1,refit,training,feature:14,0,3547,419
primary,mean__log_ridge_harq__B1,refit,training,feature:15,89,4504,419
primary,mean__log_ridge_harq__B1,refit,training,feature:16,0,3548,419
primary,mean__log_ridge_harq__B1,refit,training,feature:17,400,2356,419
primary,mean__log_ridge_harq__B1,refit,training,feature:18,0,1560,419
primary,mean__log_ridge_harq__B1,refit,training,feature:19,0,2695,419
primary,mean__log_ridge_harq__B1,refit,training,feature:2,42972,60588,419
primary,mean__log_ridge_harq__B1,refit,training,feature:20,0,0,419
primary,mean__log_ridge_harq__B1,refit,training,feature:21,0,0,419
primary,mean__log_ridge_harq__B1,refit,training,feature:22,0,3548,419
primary,mean__log_ridge_harq__B1,refit,training,feature:23,0,2695,419
primary,mean__log_ridge_harq__B1,refit,training,feature:24,0,1560,419
primary,mean__log_ridge_harq__B1,refit,training,feature:25,0,0,419
primary,mean__log_ridge_harq__B1,refit,training,feature:26,0,0,419
primary,mean__log_ridge_harq__B1,refit,training,feature:27,0,0,419
primary,mean__log_ridge_harq__B1,refit,training,feature:28,65213,0,419
primary,mean__log_ridge_harq__B1,refit,training,feature:29,0,0,419
primary,mean__log_ridge_harq__B1,refit,training,feature:3,0,31890,419
primary,mean__log_ridge_harq__B1,refit,training,feature:30,0,0,419
primary,mean__log_ridge_harq__B1,refit,training,feature:31,0,0,419
primary,mean__log_ridge_harq__B1,refit,training,feature:32,152013,0,419
primary,mean__log_ridge_harq__B1,refit,training,feature:33,72188,597,419
primary,mean__log_ridge_harq__B1,refit,training,feature:34,0,0,419
primary,mean__log_ridge_harq__B1,refit,training,feature:35,20604,0,419
primary,mean__log_ridge_harq__B1,refit,training,feature:36,180287,118,419
primary,mean__log_ridge_harq__B1,refit,training,feature:37,0,7,419
primary,mean__log_ridge_harq__B1,refit,training,feature:38,0,0,419
primary,mean__log_ridge_harq__B1,refit,training,feature:39,58024,0,419
primary,mean__log_ridge_harq__B1,refit,training,feature:4,0,0,419
primary,mean__log_ridge_harq__B1,refit,training,feature:40,3599,116514,419
primary,mean__log_ridge_harq__B1,refit,training,feature:41,45090,419,419
primary,mean__log_ridge_harq__B1,refit,training,feature:42,0,0,419
primary,mean__log_ridge_harq__B1,refit,training,feature:43,1706,0,419
primary,mean__log_ridge_harq__B1,refit,training,feature:44,0,0,419
primary,mean__log_ridge_harq__B1,refit,training,feature:45,0,0,419
primary,mean__log_ridge_harq__B1,refit,training,feature:46,0,0,419
primary,mean__log_ridge_harq__B1,refit,training,feature:47,415710,0,419
primary,mean__log_ridge_harq__B1,refit,training,feature:48,0,0,419
primary,mean__log_ridge_harq__B1,refit,training,feature:49,0,0,419
primary,mean__log_ridge_harq__B1,refit,training,feature:5,0,0,419
primary,mean__log_ridge_harq__B1,refit,training,feature:50,0,0,419
primary,mean__log_ridge_harq__B1,refit,training,feature:51,0,0,419
primary,mean__log_ridge_harq__B1,refit,training,feature:52,0,10470,419
primary,mean__log_ridge_harq__B1,refit,training,feature:53,0,4,419
primary,mean__log_ridge_harq__B1,refit,training,feature:54,0,0,419
primary,mean__log_ridge_harq__B1,refit,training,feature:55,0,0,419
primary,mean__log_ridge_harq__B1,refit,training,feature:56,0,0,419
primary,mean__log_ridge_harq__B1,refit,training,feature:57,0,0,419
primary,mean__log_ridge_harq__B1,refit,training,feature:58,0,24537,419
primary,mean__log_ridge_harq__B1,refit,training,feature:59,0,0,419
primary,mean__log_ridge_harq__B1,refit,training,feature:6,0,0,419
primary,mean__log_ridge_harq__B1,refit,training,feature:60,0,0,419
primary,mean__log_ridge_harq__B1,refit,training,feature:61,0,0,419
primary,mean__log_ridge_harq__B1,refit,training,feature:62,0,0,419
primary,mean__log_ridge_harq__B1,refit,training,feature:63,0,53531,419
primary,mean__log_ridge_harq__B1,refit,training,feature:64,0,0,419
primary,mean__log_ridge_harq__B1,refit,training,feature:65,0,0,419
primary,mean__log_ridge_harq__B1,refit,training,feature:66,0,0,419
primary,mean__log_ridge_harq__B1,refit,training,feature:67,0,0,419
primary,mean__log_ridge_harq__B1,refit,training,feature:68,79352,0,419
primary,mean__log_ridge_harq__B1,refit,training,feature:69,0,0,419
primary,mean__log_ridge_harq__B1,refit,training,feature:7,0,0,419
primary,mean__log_ridge_harq__B1,refit,training,feature:70,0,0,419
primary,mean__log_ridge_harq__B1,refit,training,feature:71,0,0,419
primary,mean__log_ridge_harq__B1,refit,training,feature:72,0,0,419
primary,mean__log_ridge_harq__B1,refit,training,feature:73,0,0,419
primary,mean__log_ridge_harq__B1,refit,training,feature:8,0,0,419
primary,mean__log_ridge_harq__B1,refit,training,feature:9,0,880,419
primary,mean__log_ridge_harq__B1,refit,training,presence:29,74795,0,217
primary,mean__log_ridge_harq__B1,refit,training,presence:30,74795,0,217
primary,mean__log_ridge_harq__B1,refit,training,presence:31,74795,0,217
primary,mean__log_ridge_harq__B1,refit,training,presence:32,74795,0,217
primary,mean__log_ridge_harq__B1,refit,training,presence:33,320085,0,419
primary,mean__log_ridge_harq__B1,refit,training,presence:34,74795,0,217
primary,mean__log_ridge_harq__B1,refit,training,presence:35,74795,0,217
primary,mean__log_ridge_harq__B1,refit,training,presence:36,320085,0,419
primary,mean__log_ridge_harq__B1,refit,training,presence:37,74795,0,217
primary,mean__log_ridge_harq__B1,refit,training,presence:38,74795,0,217
primary,mean__log_ridge_harq__B1,refit,training,presence:39,75183,0,388
primary,mean__log_ridge_harq__B1,refit,training,presence:40,74795,0,217
primary,mean__log_ridge_harq__B1,refit,training,presence:41,74795,0,217
primary,mean__log_ridge_harq__B1,refit,training,presence:42,74795,0,217
primary,mean__log_ridge_harq__B1,refit,training,presence:43,0,0,419
primary,mean__log_ridge_harq__B1,refit,training,presence:44,0,0,419
primary,mean__log_ridge_harq__B1,refit,training,presence:45,0,0,419
primary,mean__log_ridge_harq__B1,refit,training,presence:46,0,0,419
primary,mean__log_ridge_harq__B1,refit,training,presence:47,0,0,419
primary,mean__log_ridge_harq__B1,refit,training,presence:48,0,0,419
primary,mean__log_ridge_harq__B1,refit,training,presence:49,0,0,419
primary,mean__log_ridge_harq__B1,refit,training,presence:50,0,0,419
primary,mean__log_ridge_harq__B1,refit,training,presence:51,0,0,419
primary,mean__log_ridge_harq__B1,refit,training,presence:52,0,0,419
primary,mean__log_ridge_harq__B1,refit,training,presence:53,940613,0,419
primary,mean__log_ridge_harq__B1,refit,training,presence:54,97276,0,419
primary,mean__log_ridge_harq__B1,refit,training,presence:55,79193,0,303
primary,mean__log_ridge_harq__B1,refit,training,presence:56,85928,0,419
primary,mean__log_ridge_harq__B1,refit,training,presence:57,0,0,419
primary,mean__log_ridge_harq__B1,refit,training,presence:58,577174,0,419
primary,mean__log_ridge_harq__B1,refit,training,presence:59,318018,0,419
primary,mean__log_ridge_harq__B1,refit,training,presence:60,103473,0,419
primary,mean__log_ridge_harq__B1,refit,training,presence:61,214192,0,419
primary,mean__log_ridge_harq__B1,refit,training,presence:62,781572,0,419
primary,mean__log_ridge_harq__B1,refit,training,presence:63,253792,0,419
primary,mean__log_ridge_harq__B1,refit,training,presence:64,1066815,0,419
primary,mean__log_ridge_harq__B1,refit,training,presence:65,302814,0,419
primary,mean__log_ridge_harq__B1,refit,training,presence:66,846828,0,419
primary,mean__log_ridge_harq__B1,refit,training,presence:67,209753,0,419
primary,mean__log_ridge_harq__B2,inner_fit,predicting,feature:0,1914,1980,419
primary,mean__log_ridge_harq__B2,inner_fit,predicting,feature:1,0,1410,419
primary,mean__log_ridge_harq__B2,inner_fit,predicting,feature:10,2508,2378,419
primary,mean__log_ridge_harq__B2,inner_fit,predicting,feature:100,3840,0,419
primary,mean__log_ridge_harq__B2,inner_fit,predicting,feature:101,0,0,419
primary,mean__log_ridge_harq__B2,inner_fit,predicting,feature:102,0,0,419
primary,mean__log_ridge_harq__B2,inner_fit,predicting,feature:103,0,0,419
primary,mean__log_ridge_harq__B2,inner_fit,predicting,feature:104,0,0,419
primary,mean__log_ridge_harq__B2,inner_fit,predicting,feature:105,0,8263,419
primary,mean__log_ridge_harq__B2,inner_fit,predicting,feature:106,0,0,419
primary,mean__log_ridge_harq__B2,inner_fit,predicting,feature:107,0,588,419
primary,mean__log_ridge_harq__B2,inner_fit,predicting,feature:108,2581,0,419
primary,mean__log_ridge_harq__B2,inner_fit,predicting,feature:109,4108,0,419
primary,mean__log_ridge_harq__B2,inner_fit,predicting,feature:11,2541,2130,419
primary,mean__log_ridge_harq__B2,inner_fit,predicting,feature:110,0,15689,419
primary,mean__log_ridge_harq__B2,inner_fit,predicting,feature:111,6290,4841,419
primary,mean__log_ridge_harq__B2,inner_fit,predicting,feature:112,4090,0,419
primary,mean__log_ridge_harq__B2,inner_fit,predicting,feature:113,0,11820,419
primary,mean__log_ridge_harq__B2,inner_fit,predicting,feature:114,0,0,419
primary,mean__log_ridge_harq__B2,inner_fit,predicting,feature:115,0,2408,419
primary,mean__log_ridge_harq__B2,inner_fit,predicting,feature:116,0,2440,419
primary,mean__log_ridge_harq__B2,inner_fit,predicting,feature:117,0,2428,419
primary,mean__log_ridge_harq__B2,inner_fit,predicting,feature:118,0,0,419
primary,mean__log_ridge_harq__B2,inner_fit,predicting,feature:119,4108,0,419
primary,mean__log_ridge_harq__B2,inner_fit,predicting,feature:12,0,231,419
primary,mean__log_ridge_harq__B2,inner_fit,predicting,feature:120,0,101,419
primary,mean__log_ridge_harq__B2,inner_fit,predicting,feature:121,4108,0,419
primary,mean__log_ridge_harq__B2,inner_fit,predicting,feature:122,0,7534,419
primary,mean__log_ridge_harq__B2,inner_fit,predicting,feature:123,4108,10,419
primary,mean__log_ridge_harq__B2,inner_fit,predicting,feature:124,0,0,419
primary,mean__log_ridge_harq__B2,inner_fit,predicting,feature:125,0,0,419
primary,mean__log_ridge_harq__B2,inner_fit,predicting,feature:126,0,0,419
primary,mean__log_ridge_harq__B2,inner_fit,predicting,feature:127,0,0,419
primary,mean__log_ridge_harq__B2,inner_fit,predicting,feature:128,0,784,419
primary,mean__log_ridge_harq__B2,inner_fit,predicting,feature:129,20505,0,419
primary,mean__log_ridge_harq__B2,inner_fit,predicting,feature:13,0,68,419
primary,mean__log_ridge_harq__B2,inner_fit,predicting,feature:130,0,0,419
primary,mean__log_ridge_harq__B2,inner_fit,predicting,feature:131,259,11989,419
primary,mean__log_ridge_harq__B2,inner_fit,predicting,feature:132,0,0,419
primary,mean__log_ridge_harq__B2,inner_fit,predicting,feature:133,0,0,419
primary,mean__log_ridge_harq__B2,inner_fit,predicting,feature:134,0,0,419
primary,mean__log_ridge_harq__B2,inner_fit,predicting,feature:135,0,0,419
primary,mean__log_ridge_harq__B2,inner_fit,predicting,feature:136,0,4058,293
primary,mean__log_ridge_harq__B2,inner_fit,predicting,feature:137,0,3780,207
primary,mean__log_ridge_harq__B2,inner_fit,predicting,feature:138,0,0,419
primary,mean__log_ridge_harq__B2,inner_fit,predicting,feature:139,0,0,419
primary,mean__log_ridge_harq__B2,inner_fit,predicting,feature:14,0,116,419
primary,mean__log_ridge_harq__B2,inner_fit,predicting,feature:140,0,0,419
primary,mean__log_ridge_harq__B2,inner_fit,predicting,feature:141,0,0,419
primary,mean__log_ridge_harq__B2,inner_fit,predicting,feature:142,0,0,419
primary,mean__log_ridge_harq__B2,inner_fit,predicting,feature:15,0,115,419
primary,mean__log_ridge_harq__B2,inner_fit,predicting,feature:16,0,110,419
primary,mean__log_ridge_harq__B2,inner_fit,predicting,feature:17,20,59,419
primary,mean__log_ridge_harq__B2,inner_fit,predicting,feature:18,0,0,419
primary,mean__log_ridge_harq__B2,inner_fit,predicting,feature:19,0,0,419
primary,mean__log_ridge_harq__B2,inner_fit,predicting,feature:2,3042,2976,419
primary,mean__log_ridge_harq__B2,inner_fit,predicting,feature:20,0,0,419
primary,mean__log_ridge_harq__B2,inner_fit,predicting,feature:21,0,0,419
primary,mean__log_ridge_harq__B2,inner_fit,predicting,feature:22,0,110,419
primary,mean__log_ridge_harq__B2,inner_fit,predicting,feature:23,0,0,419
primary,mean__log_ridge_harq__B2,inner_fit,predicting,feature:24,0,0,419
primary,mean__log_ridge_harq__B2,inner_fit,predicting,feature:25,0,0,419
primary,mean__log_ridge_harq__B2,inner_fit,predicting,feature:26,0,0,419
primary,mean__log_ridge_harq__B2,inner_fit,predicting,feature:27,0,0,419
primary,mean__log_ridge_harq__B2,inner_fit,predicting,feature:28,3010,0,419
primary,mean__log_ridge_harq__B2,inner_fit,predicting,feature:29,0,0,419
primary,mean__log_ridge_harq__B2,inner_fit,predicting,feature:3,0,1374,419
primary,mean__log_ridge_harq__B2,inner_fit,predicting,feature:30,0,0,419
primary,mean__log_ridge_harq__B2,inner_fit,predicting,feature:31,0,0,419
primary,mean__log_ridge_harq__B2,inner_fit,predicting,feature:32,4941,0,419
primary,mean__log_ridge_harq__B2,inner_fit,predicting,feature:33,8084,3316,419
primary,mean__log_ridge_harq__B2,inner_fit,predicting,feature:34,0,0,419
primary,mean__log_ridge_harq__B2,inner_fit,predicting,feature:35,21,0,419
primary,mean__log_ridge_harq__B2,inner_fit,predicting,feature:36,9264,20,419
primary,mean__log_ridge_harq__B2,inner_fit,predicting,feature:37,0,7,419
primary,mean__log_ridge_harq__B2,inner_fit,predicting,feature:38,0,0,419
primary,mean__log_ridge_harq__B2,inner_fit,predicting,feature:39,1499,0,419
primary,mean__log_ridge_harq__B2,inner_fit,predicting,feature:4,0,0,419
primary,mean__log_ridge_harq__B2,inner_fit,predicting,feature:40,20,3087,419
primary,mean__log_ridge_harq__B2,inner_fit,predicting,feature:41,1877,0,419
primary,mean__log_ridge_harq__B2,inner_fit,predicting,feature:42,0,0,419
primary,mean__log_ridge_harq__B2,inner_fit,predicting,feature:43,1408,0,419
primary,mean__log_ridge_harq__B2,inner_fit,predicting,feature:44,0,0,419
primary,mean__log_ridge_harq__B2,inner_fit,predicting,feature:45,0,0,419
primary,mean__log_ridge_harq__B2,inner_fit,predicting,feature:46,317,0,419
primary,mean__log_ridge_harq__B2,inner_fit,predicting,feature:47,27645,0,419
primary,mean__log_ridge_harq__B2,inner_fit,predicting,feature:48,0,0,419
primary,mean__log_ridge_harq__B2,inner_fit,predicting,feature:49,0,0,419
primary,mean__log_ridge_harq__B2,inner_fit,predicting,feature:5,0,0,419
primary,mean__log_ridge_harq__B2,inner_fit,predicting,feature:50,0,0,419
primary,mean__log_ridge_harq__B2,inner_fit,predicting,feature:51,0,0,419
primary,mean__log_ridge_harq__B2,inner_fit,predicting,feature:52,0,1022,419
primary,mean__log_ridge_harq__B2,inner_fit,predicting,feature:53,0,0,419
primary,mean__log_ridge_harq__B2,inner_fit,predicting,feature:54,0,0,419
primary,mean__log_ridge_harq__B2,inner_fit,predicting,feature:55,0,0,419
primary,mean__log_ridge_harq__B2,inner_fit,predicting,feature:56,0,0,419
primary,mean__log_ridge_harq__B2,inner_fit,predicting,feature:57,0,0,419
primary,mean__log_ridge_harq__B2,inner_fit,predicting,feature:58,0,814,419
primary,mean__log_ridge_harq__B2,inner_fit,predicting,feature:59,0,0,419
primary,mean__log_ridge_harq__B2,inner_fit,predicting,feature:6,0,0,419
primary,mean__log_ridge_harq__B2,inner_fit,predicting,feature:60,0,0,419
primary,mean__log_ridge_harq__B2,inner_fit,predicting,feature:61,0,0,419
primary,mean__log_ridge_harq__B2,inner_fit,predicting,feature:62,0,0,419
primary,mean__log_ridge_harq__B2,inner_fit,predicting,feature:63,0,1123,419
primary,mean__log_ridge_harq__B2,inner_fit,predicting,feature:64,0,0,419
primary,mean__log_ridge_harq__B2,inner_fit,predicting,feature:65,0,0,419
primary,mean__log_ridge_harq__B2,inner_fit,predicting,feature:66,0,0,419
primary,mean__log_ridge_harq__B2,inner_fit,predicting,feature:67,0,0,419
primary,mean__log_ridge_harq__B2,inner_fit,predicting,feature:68,4042,0,419
primary,mean__log_ridge_harq__B2,inner_fit,predicting,feature:69,0,160,419
primary,mean__log_ridge_harq__B2,inner_fit,predicting,feature:7,0,0,419
primary,mean__log_ridge_harq__B2,inner_fit,predicting,feature:70,4622,6092,419
primary,mean__log_ridge_harq__B2,inner_fit,predicting,feature:71,0,0,419
primary,mean__log_ridge_harq__B2,inner_fit,predicting,feature:72,0,0,419
primary,mean__log_ridge_harq__B2,inner_fit,predicting,feature:73,0,7529,419
primary,mean__log_ridge_harq__B2,inner_fit,predicting,feature:74,4108,0,419
primary,mean__log_ridge_harq__B2,inner_fit,predicting,feature:75,0,9565,419
primary,mean__log_ridge_harq__B2,inner_fit,predicting,feature:76,4108,0,419
primary,mean__log_ridge_harq__B2,inner_fit,predicting,feature:77,0,0,419
primary,mean__log_ridge_harq__B2,inner_fit,predicting,feature:78,0,0,419
primary,mean__log_ridge_harq__B2,inner_fit,predicting,feature:79,0,10673,419
primary,mean__log_ridge_harq__B2,inner_fit,predicting,feature:8,0,0,419
primary,mean__log_ridge_harq__B2,inner_fit,predicting,feature:80,0,1157,419
primary,mean__log_ridge_harq__B2,inner_fit,predicting,feature:81,3840,0,419
primary,mean__log_ridge_harq__B2,inner_fit,predicting,feature:82,2491,5837,419
primary,mean__log_ridge_harq__B2,inner_fit,predicting,feature:83,0,464,419
primary,mean__log_ridge_harq__B2,inner_fit,predicting,feature:84,9366,4027,419
primary,mean__log_ridge_harq__B2,inner_fit,predicting,feature:85,0,0,419
primary,mean__log_ridge_harq__B2,inner_fit,predicting,feature:86,4090,0,419
primary,mean__log_ridge_harq__B2,inner_fit,predicting,feature:87,0,0,419
primary,mean__log_ridge_harq__B2,inner_fit,predicting,feature:88,0,0,419
primary,mean__log_ridge_harq__B2,inner_fit,predicting,feature:89,0,4809,419
primary,mean__log_ridge_harq__B2,inner_fit,predicting,feature:9,0,30,419
primary,mean__log_ridge_harq__B2,inner_fit,predicting,feature:90,0,5539,419
primary,mean__log_ridge_harq__B2,inner_fit,predicting,feature:91,0,2629,419
primary,mean__log_ridge_harq__B2,inner_fit,predicting,feature:92,0,2157,419
primary,mean__log_ridge_harq__B2,inner_fit,predicting,feature:93,3840,0,419
primary,mean__log_ridge_harq__B2,inner_fit,predicting,feature:94,3840,0,419
primary,mean__log_ridge_harq__B2,inner_fit,predicting,feature:95,0,914,419
primary,mean__log_ridge_harq__B2,inner_fit,predicting,feature:96,3840,0,419
primary,mean__log_ridge_harq__B2,inner_fit,predicting,feature:97,0,5524,419
primary,mean__log_ridge_harq__B2,inner_fit,predicting,feature:98,3840,0,419
primary,mean__log_ridge_harq__B2,inner_fit,predicting,feature:99,0,0,419
primary,mean__log_ridge_harq__B2,inner_fit,predicting,presence:105,3780,0,207
primary,mean__log_ridge_harq__B2,inner_fit,predicting,presence:107,3780,0,207
primary,mean__log_ridge_harq__B2,inner_fit,predicting,presence:108,4058,0,293
primary,mean__log_ridge_harq__B2,inner_fit,predicting,presence:110,4058,0,293
primary,mean__log_ridge_harq__B2,inner_fit,predicting,presence:111,4058,0,293
primary,mean__log_ridge_harq__B2,inner_fit,predicting,presence:113,4058,0,293
primary,mean__log_ridge_harq__B2,inner_fit,predicting,presence:115,4058,0,293
primary,mean__log_ridge_harq__B2,inner_fit,predicting,presence:116,4058,0,293
primary,mean__log_ridge_harq__B2,inner_fit,predicting,presence:117,4058,0,293
primary,mean__log_ridge_harq__B2,inner_fit,predicting,presence:118,4058,0,293
primary,mean__log_ridge_harq__B2,inner_fit,predicting,presence:120,4058,0,293
primary,mean__log_ridge_harq__B2,inner_fit,predicting,presence:122,4058,0,293
primary,mean__log_ridge_harq__B2,inner_fit,predicting,presence:128,4058,0,293
primary,mean__log_ridge_harq__B2,inner_fit,predicting,presence:129,3780,0,207
primary,mean__log_ridge_harq__B2,inner_fit,predicting,presence:130,3780,0,207
primary,mean__log_ridge_harq__B2,inner_fit,predicting,presence:131,3780,0,207
primary,mean__log_ridge_harq__B2,inner_fit,predicting,presence:132,0,0,185
primary,mean__log_ridge_harq__B2,inner_fit,predicting,presence:133,0,0,185
primary,mean__log_ridge_harq__B2,inner_fit,predicting,presence:134,0,0,185
primary,mean__log_ridge_harq__B2,inner_fit,predicting,presence:135,0,0,185
primary,mean__log_ridge_harq__B2,inner_fit,predicting,presence:29,3780,0,207
primary,mean__log_ridge_harq__B2,inner_fit,predicting,presence:30,3780,0,207
primary,mean__log_ridge_harq__B2,inner_fit,predicting,presence:31,3780,0,207
primary,mean__log_ridge_harq__B2,inner_fit,predicting,presence:32,3780,0,207
primary,mean__log_ridge_harq__B2,inner_fit,predicting,presence:33,9811,0,419
primary,mean__log_ridge_harq__B2,inner_fit,predicting,presence:34,3780,0,207
primary,mean__log_ridge_harq__B2,inner_fit,predicting,presence:35,3780,0,207
primary,mean__log_ridge_harq__B2,inner_fit,predicting,presence:36,9811,0,419
primary,mean__log_ridge_harq__B2,inner_fit,predicting,presence:37,3780,0,207
primary,mean__log_ridge_harq__B2,inner_fit,predicting,presence:38,3780,0,207
primary,mean__log_ridge_harq__B2,inner_fit,predicting,presence:39,3830,0,378
primary,mean__log_ridge_harq__B2,inner_fit,predicting,presence:40,3780,0,207
primary,mean__log_ridge_harq__B2,inner_fit,predicting,presence:41,3780,0,207
primary,mean__log_ridge_harq__B2,inner_fit,predicting,presence:42,3780,0,207
primary,mean__log_ridge_harq__B2,inner_fit,predicting,presence:43,0,0,419
primary,mean__log_ridge_harq__B2,inner_fit,predicting,presence:44,0,0,419
primary,mean__log_ridge_harq__B2,inner_fit,predicting,presence:45,0,0,419
primary,mean__log_ridge_harq__B2,inner_fit,predicting,presence:46,0,0,419
primary,mean__log_ridge_harq__B2,inner_fit,predicting,presence:47,0,0,419
primary,mean__log_ridge_harq__B2,inner_fit,predicting,presence:48,0,0,419
primary,mean__log_ridge_harq__B2,inner_fit,predicting,presence:49,0,0,419
primary,mean__log_ridge_harq__B2,inner_fit,predicting,presence:50,0,0,419
primary,mean__log_ridge_harq__B2,inner_fit,predicting,presence:51,0,0,419
primary,mean__log_ridge_harq__B2,inner_fit,predicting,presence:52,0,0,419
primary,mean__log_ridge_harq__B2,inner_fit,predicting,presence:53,31375,0,419
primary,mean__log_ridge_harq__B2,inner_fit,predicting,presence:54,4537,0,419
primary,mean__log_ridge_harq__B2,inner_fit,predicting,presence:55,4002,0,293
primary,mean__log_ridge_harq__B2,inner_fit,predicting,presence:56,4223,0,419
primary,mean__log_ridge_harq__B2,inner_fit,predicting,presence:57,0,0,419
primary,mean__log_ridge_harq__B2,inner_fit,predicting,presence:58,16310,0,419
primary,mean__log_ridge_harq__B2,inner_fit,predicting,presence:59,10514,0,419
primary,mean__log_ridge_harq__B2,inner_fit,predicting,presence:60,4637,0,419
primary,mean__log_ridge_harq__B2,inner_fit,predicting,presence:61,6664,0,419
primary,mean__log_ridge_harq__B2,inner_fit,predicting,presence:62,22722,0,419
primary,mean__log_ridge_harq__B2,inner_fit,predicting,presence:63,7115,0,419
primary,mean__log_ridge_harq__B2,inner_fit,predicting,presence:64,27427,0,419
primary,mean__log_ridge_harq__B2,inner_fit,predicting,presence:65,8856,0,419
primary,mean__log_ridge_harq__B2,inner_fit,predicting,presence:66,22122,0,419
primary,mean__log_ridge_harq__B2,inner_fit,predicting,presence:67,6411,0,419
primary,mean__log_ridge_harq__B2,inner_fit,predicting,presence:69,4058,0,293
primary,mean__log_ridge_harq__B2,inner_fit,predicting,presence:70,4058,0,293
primary,mean__log_ridge_harq__B2,inner_fit,predicting,presence:71,4058,0,293
primary,mean__log_ridge_harq__B2,inner_fit,predicting,presence:73,4058,0,293
primary,mean__log_ridge_harq__B2,inner_fit,predicting,presence:75,4058,0,293
primary,mean__log_ridge_harq__B2,inner_fit,predicting,presence:79,4058,0,293
primary,mean__log_ridge_harq__B2,inner_fit,predicting,presence:80,3780,0,207
primary,mean__log_ridge_harq__B2,inner_fit,predicting,presence:82,3780,0,207
primary,mean__log_ridge_harq__B2,inner_fit,predicting,presence:83,3780,0,207
primary,mean__log_ridge_harq__B2,inner_fit,predicting,presence:84,3780,0,207
primary,mean__log_ridge_harq__B2,inner_fit,predicting,presence:85,3780,0,207
primary,mean__log_ridge_harq__B2,inner_fit,predicting,presence:89,3780,0,207
primary,mean__log_ridge_harq__B2,inner_fit,predicting,presence:90,3780,0,207
primary,mean__log_ridge_harq__B2,inner_fit,predicting,presence:91,3780,0,207
primary,mean__log_ridge_harq__B2,inner_fit,predicting,presence:92,3780,0,207
primary,mean__log_ridge_harq__B2,inner_fit,predicting,presence:95,3780,0,207
primary,mean__log_ridge_harq__B2,inner_fit,predicting,presence:97,3780,0,207
primary,mean__log_ridge_harq__B2,inner_fit,training,feature:0,30900,42720,419
primary,mean__log_ridge_harq__B2,inner_fit,training,feature:1,0,20052,419
primary,mean__log_ridge_harq__B2,inner_fit,training,feature:10,64657,66675,419
primary,mean__log_ridge_harq__B2,inner_fit,training,feature:100,71172,0,419
primary,mean__log_ridge_harq__B2,inner_fit,training,feature:101,0,0,419
primary,mean__log_ridge_harq__B2,inner_fit,training,feature:102,0,0,419
primary,mean__log_ridge_harq__B2,inner_fit,training,feature:103,0,0,419
primary,mean__log_ridge_harq__B2,inner_fit,training,feature:104,0,0,419
primary,mean__log_ridge_harq__B2,inner_fit,training,feature:105,0,159128,419
primary,mean__log_ridge_harq__B2,inner_fit,training,feature:106,0,0,419
primary,mean__log_ridge_harq__B2,inner_fit,training,feature:107,0,8106,419
primary,mean__log_ridge_harq__B2,inner_fit,training,feature:108,80522,0,419
primary,mean__log_ridge_harq__B2,inner_fit,training,feature:109,76823,0,419
primary,mean__log_ridge_harq__B2,inner_fit,training,feature:11,66990,55581,419
primary,mean__log_ridge_harq__B2,inner_fit,training,feature:110,0,458401,419
primary,mean__log_ridge_harq__B2,inner_fit,training,feature:111,78818,100069,419
primary,mean__log_ridge_harq__B2,inner_fit,training,feature:112,72799,0,419
primary,mean__log_ridge_harq__B2,inner_fit,training,feature:113,0,293540,419
primary,mean__log_ridge_harq__B2,inner_fit,training,feature:114,0,0,419
primary,mean__log_ridge_harq__B2,inner_fit,training,feature:115,0,98269,419
primary,mean__log_ridge_harq__B2,inner_fit,training,feature:116,0,57745,419
primary,mean__log_ridge_harq__B2,inner_fit,training,feature:117,0,47568,419
primary,mean__log_ridge_harq__B2,inner_fit,training,feature:118,0,0,419
primary,mean__log_ridge_harq__B2,inner_fit,training,feature:119,76823,0,419
primary,mean__log_ridge_harq__B2,inner_fit,training,feature:12,0,6468,419
primary,mean__log_ridge_harq__B2,inner_fit,training,feature:120,0,2368,419
primary,mean__log_ridge_harq__B2,inner_fit,training,feature:121,76823,0,419
primary,mean__log_ridge_harq__B2,inner_fit,training,feature:122,0,260450,419
primary,mean__log_ridge_harq__B2,inner_fit,training,feature:123,76823,123,419
primary,mean__log_ridge_harq__B2,inner_fit,training,feature:124,0,0,419
primary,mean__log_ridge_harq__B2,inner_fit,training,feature:125,0,0,419
primary,mean__log_ridge_harq__B2,inner_fit,training,feature:126,0,0,419
primary,mean__log_ridge_harq__B2,inner_fit,training,feature:127,0,0,419
primary,mean__log_ridge_harq__B2,inner_fit,training,feature:128,0,14300,419
primary,mean__log_ridge_harq__B2,inner_fit,training,feature:129,67318,0,419
primary,mean__log_ridge_harq__B2,inner_fit,training,feature:13,0,2271,419
primary,mean__log_ridge_harq__B2,inner_fit,training,feature:130,0,0,419
primary,mean__log_ridge_harq__B2,inner_fit,training,feature:131,436,99382,419
primary,mean__log_ridge_harq__B2,inner_fit,training,feature:132,0,0,419
primary,mean__log_ridge_harq__B2,inner_fit,training,feature:133,0,0,419
primary,mean__log_ridge_harq__B2,inner_fit,training,feature:134,0,0,419
primary,mean__log_ridge_harq__B2,inner_fit,training,feature:135,0,0,419
primary,mean__log_ridge_harq__B2,inner_fit,training,feature:136,0,76823,293
primary,mean__log_ridge_harq__B2,inner_fit,training,feature:137,0,71172,207
primary,mean__log_ridge_harq__B2,inner_fit,training,feature:138,0,0,419
primary,mean__log_ridge_harq__B2,inner_fit,training,feature:139,0,0,419
primary,mean__log_ridge_harq__B2,inner_fit,training,feature:14,0,3314,419
primary,mean__log_ridge_harq__B2,inner_fit,training,feature:140,0,0,419
primary,mean__log_ridge_harq__B2,inner_fit,training,feature:141,0,0,419
primary,mean__log_ridge_harq__B2,inner_fit,training,feature:142,0,0,419
primary,mean__log_ridge_harq__B2,inner_fit,training,feature:15,79,4244,419
primary,mean__log_ridge_harq__B2,inner_fit,training,feature:16,0,3341,419
primary,mean__log_ridge_harq__B2,inner_fit,training,feature:17,380,2236,419
primary,mean__log_ridge_harq__B2,inner_fit,training,feature:18,0,910,419
primary,mean__log_ridge_harq__B2,inner_fit,training,feature:19,0,2260,419
primary,mean__log_ridge_harq__B2,inner_fit,training,feature:2,41352,58068,419
primary,mean__log_ridge_harq__B2,inner_fit,training,feature:20,0,0,419
primary,mean__log_ridge_harq__B2,inner_fit,training,feature:21,0,0,419
primary,mean__log_ridge_harq__B2,inner_fit,training,feature:22,0,3341,419
primary,mean__log_ridge_harq__B2,inner_fit,training,feature:23,0,2260,419
primary,mean__log_ridge_harq__B2,inner_fit,training,feature:24,0,910,419
primary,mean__log_ridge_harq__B2,inner_fit,training,feature:25,0,0,419
primary,mean__log_ridge_harq__B2,inner_fit,training,feature:26,0,0,419
primary,mean__log_ridge_harq__B2,inner_fit,training,feature:27,0,0,419
primary,mean__log_ridge_harq__B2,inner_fit,training,feature:28,62592,0,419
primary,mean__log_ridge_harq__B2,inner_fit,training,feature:29,0,0,419
primary,mean__log_ridge_harq__B2,inner_fit,training,feature:3,0,30870,419
primary,mean__log_ridge_harq__B2,inner_fit,training,feature:30,0,0,419
primary,mean__log_ridge_harq__B2,inner_fit,training,feature:31,0,0,419
primary,mean__log_ridge_harq__B2,inner_fit,training,feature:32,146653,0,419
primary,mean__log_ridge_harq__B2,inner_fit,training,feature:33,68956,597,419
primary,mean__log_ridge_harq__B2,inner_fit,training,feature:34,0,0,419
primary,mean__log_ridge_harq__B2,inner_fit,training,feature:35,21558,0,419
primary,mean__log_ridge_harq__B2,inner_fit,training,feature:36,173983,108,419
primary,mean__log_ridge_harq__B2,inner_fit,training,feature:37,0,0,419
primary,mean__log_ridge_harq__B2,inner_fit,training,feature:38,0,0,419
primary,mean__log_ridge_harq__B2,inner_fit,training,feature:39,56525,0,419
primary,mean__log_ridge_harq__B2,inner_fit,training,feature:4,0,0,419
primary,mean__log_ridge_harq__B2,inner_fit,training,feature:40,3530,111540,419
primary,mean__log_ridge_harq__B2,inner_fit,training,feature:41,43980,419,419
primary,mean__log_ridge_harq__B2,inner_fit,training,feature:42,0,0,419
primary,mean__log_ridge_harq__B2,inner_fit,training,feature:43,3412,0,419
primary,mean__log_ridge_harq__B2,inner_fit,training,feature:44,0,0,419
primary,mean__log_ridge_harq__B2,inner_fit,training,feature:45,0,0,419
primary,mean__log_ridge_harq__B2,inner_fit,training,feature:46,744,0,419
primary,mean__log_ridge_harq__B2,inner_fit,training,feature:47,406483,7,419
primary,mean__log_ridge_harq__B2,inner_fit,training,feature:48,0,0,419
primary,mean__log_ridge_harq__B2,inner_fit,training,feature:49,0,13,419
primary,mean__log_ridge_harq__B2,inner_fit,training,feature:5,0,0,419
primary,mean__log_ridge_harq__B2,inner_fit,training,feature:50,0,0,419
primary,mean__log_ridge_harq__B2,inner_fit,training,feature:51,0,0,419
primary,mean__log_ridge_harq__B2,inner_fit,training,feature:52,0,10133,419
primary,mean__log_ridge_harq__B2,inner_fit,training,feature:53,0,4,419
primary,mean__log_ridge_harq__B2,inner_fit,training,feature:54,0,0,419
primary,mean__log_ridge_harq__B2,inner_fit,training,feature:55,0,0,419
primary,mean__log_ridge_harq__B2,inner_fit,training,feature:56,0,0,419
primary,mean__log_ridge_harq__B2,inner_fit,training,feature:57,0,0,419
primary,mean__log_ridge_harq__B2,inner_fit,training,feature:58,0,23241,419
primary,mean__log_ridge_harq__B2,inner_fit,training,feature:59,0,0,419
primary,mean__log_ridge_harq__B2,inner_fit,training,feature:6,0,0,419
primary,mean__log_ridge_harq__B2,inner_fit,training,feature:60,0,0,419
primary,mean__log_ridge_harq__B2,inner_fit,training,feature:61,0,0,419
primary,mean__log_ridge_harq__B2,inner_fit,training,feature:62,0,0,419
primary,mean__log_ridge_harq__B2,inner_fit,training,feature:63,0,50834,419
primary,mean__log_ridge_harq__B2,inner_fit,training,feature:64,0,0,419
primary,mean__log_ridge_harq__B2,inner_fit,training,feature:65,0,0,419
primary,mean__log_ridge_harq__B2,inner_fit,training,feature:66,0,0,419
primary,mean__log_ridge_harq__B2,inner_fit,training,feature:67,0,0,419
primary,mean__log_ridge_harq__B2,inner_fit,training,feature:68,75320,0,419
primary,mean__log_ridge_harq__B2,inner_fit,training,feature:69,0,3669,419
primary,mean__log_ridge_harq__B2,inner_fit,training,feature:7,0,0,419
primary,mean__log_ridge_harq__B2,inner_fit,training,feature:70,123825,163313,419
primary,mean__log_ridge_harq__B2,inner_fit,training,feature:71,0,0,419
primary,mean__log_ridge_harq__B2,inner_fit,training,feature:72,0,0,419
primary,mean__log_ridge_harq__B2,inner_fit,training,feature:73,0,185971,419
primary,mean__log_ridge_harq__B2,inner_fit,training,feature:74,76823,0,419
primary,mean__log_ridge_harq__B2,inner_fit,training,feature:75,0,314086,419
primary,mean__log_ridge_harq__B2,inner_fit,training,feature:76,76823,0,419
primary,mean__log_ridge_harq__B2,inner_fit,training,feature:77,0,0,419
primary,mean__log_ridge_harq__B2,inner_fit,training,feature:78,0,0,419
primary,mean__log_ridge_harq__B2,inner_fit,training,feature:79,0,210214,419
primary,mean__log_ridge_harq__B2,inner_fit,training,feature:8,0,0,419
primary,mean__log_ridge_harq__B2,inner_fit,training,feature:80,0,21775,419
primary,mean__log_ridge_harq__B2,inner_fit,training,feature:81,71172,0,419
primary,mean__log_ridge_harq__B2,inner_fit,training,feature:82,64444,144836,419
primary,mean__log_ridge_harq__B2,inner_fit,training,feature:83,0,14548,419
primary,mean__log_ridge_harq__B2,inner_fit,training,feature:84,75533,79393,419
primary,mean__log_ridge_harq__B2,inner_fit,training,feature:85,0,0,419
primary,mean__log_ridge_harq__B2,inner_fit,training,feature:86,72799,0,419
primary,mean__log_ridge_harq__B2,inner_fit,training,feature:87,0,0,419
primary,mean__log_ridge_harq__B2,inner_fit,training,feature:88,0,0,419
primary,mean__log_ridge_harq__B2,inner_fit,training,feature:89,0,101081,419
primary,mean__log_ridge_harq__B2,inner_fit,training,feature:9,0,790,419
primary,mean__log_ridge_harq__B2,inner_fit,training,feature:90,0,133857,419
primary,mean__log_ridge_harq__B2,inner_fit,training,feature:91,0,53064,419
primary,mean__log_ridge_harq__B2,inner_fit,training,feature:92,0,36355,419
primary,mean__log_ridge_harq__B2,inner_fit,training,feature:93,71172,0,419
primary,mean__log_ridge_harq__B2,inner_fit,training,feature:94,71172,0,419
primary,mean__log_ridge_harq__B2,inner_fit,training,feature:95,0,15666,419
primary,mean__log_ridge_harq__B2,inner_fit,training,feature:96,71172,0,419
primary,mean__log_ridge_harq__B2,inner_fit,training,feature:97,0,201344,419
primary,mean__log_ridge_harq__B2,inner_fit,training,feature:98,71172,0,419
primary,mean__log_ridge_harq__B2,inner_fit,training,feature:99,0,0,419
primary,mean__log_ridge_harq__B2,inner_fit,training,presence:105,71172,0,207
primary,mean__log_ridge_harq__B2,inner_fit,training,presence:107,71172,0,207
primary,mean__log_ridge_harq__B2,inner_fit,training,presence:108,76823,0,293
primary,mean__log_ridge_harq__B2,inner_fit,training,presence:110,76823,0,293
primary,mean__log_ridge_harq__B2,inner_fit,training,presence:111,76823,0,293
primary,mean__log_ridge_harq__B2,inner_fit,training,presence:113,76823,0,293
primary,mean__log_ridge_harq__B2,inner_fit,training,presence:115,76823,0,293
primary,mean__log_ridge_harq__B2,inner_fit,training,presence:116,76823,0,293
primary,mean__log_ridge_harq__B2,inner_fit,training,presence:117,76823,0,293
primary,mean__log_ridge_harq__B2,inner_fit,training,presence:118,76823,0,293
primary,mean__log_ridge_harq__B2,inner_fit,training,presence:120,76823,0,293
primary,mean__log_ridge_harq__B2,inner_fit,training,presence:122,76823,0,293
primary,mean__log_ridge_harq__B2,inner_fit,training,presence:128,76823,0,293
primary,mean__log_ridge_harq__B2,inner_fit,training,presence:129,70965,0,207
primary,mean__log_ridge_harq__B2,inner_fit,training,presence:130,70965,0,207
primary,mean__log_ridge_harq__B2,inner_fit,training,presence:131,70965,0,207
primary,mean__log_ridge_harq__B2,inner_fit,training,presence:132,69930,0,185
primary,mean__log_ridge_harq__B2,inner_fit,training,presence:133,69930,0,185
primary,mean__log_ridge_harq__B2,inner_fit,training,presence:134,69930,0,185
primary,mean__log_ridge_harq__B2,inner_fit,training,presence:135,69930,0,185
primary,mean__log_ridge_harq__B2,inner_fit,training,presence:29,70965,0,207
primary,mean__log_ridge_harq__B2,inner_fit,training,presence:30,70965,0,207
primary,mean__log_ridge_harq__B2,inner_fit,training,presence:31,70965,0,207
primary,mean__log_ridge_harq__B2,inner_fit,training,presence:32,70965,0,207
primary,mean__log_ridge_harq__B2,inner_fit,training,presence:33,310274,0,419
primary,mean__log_ridge_harq__B2,inner_fit,training,presence:34,70965,0,207
primary,mean__log_ridge_harq__B2,inner_fit,training,presence:35,70965,0,207
primary,mean__log_ridge_harq__B2,inner_fit,training,presence:36,310274,0,419
primary,mean__log_ridge_harq__B2,inner_fit,training,presence:37,70965,0,207
primary,mean__log_ridge_harq__B2,inner_fit,training,presence:38,70965,0,207
primary,mean__log_ridge_harq__B2,inner_fit,training,presence:39,71343,0,378
primary,mean__log_ridge_harq__B2,inner_fit,training,presence:40,70965,0,207
primary,mean__log_ridge_harq__B2,inner_fit,training,presence:41,70965,0,207
primary,mean__log_ridge_harq__B2,inner_fit,training,presence:42,70965,0,207
primary,mean__log_ridge_harq__B2,inner_fit,training,presence:43,0,0,419
primary,mean__log_ridge_harq__B2,inner_fit,training,presence:44,0,0,419
primary,mean__log_ridge_harq__B2,inner_fit,training,presence:45,0,0,419
primary,mean__log_ridge_harq__B2,inner_fit,training,presence:46,0,0,419
primary,mean__log_ridge_harq__B2,inner_fit,training,presence:47,0,0,419
primary,mean__log_ridge_harq__B2,inner_fit,training,presence:48,0,0,419
primary,mean__log_ridge_harq__B2,inner_fit,training,presence:49,0,0,419
primary,mean__log_ridge_harq__B2,inner_fit,training,presence:50,0,0,419
primary,mean__log_ridge_harq__B2,inner_fit,training,presence:51,0,0,419
primary,mean__log_ridge_harq__B2,inner_fit,training,presence:52,0,0,419
primary,mean__log_ridge_harq__B2,inner_fit,training,presence:53,909238,0,419
primary,mean__log_ridge_harq__B2,inner_fit,training,presence:54,92739,0,419
primary,mean__log_ridge_harq__B2,inner_fit,training,presence:55,75161,0,293
primary,mean__log_ridge_harq__B2,inner_fit,training,presence:56,81705,0,419
primary,mean__log_ridge_harq__B2,inner_fit,training,presence:57,0,0,419
primary,mean__log_ridge_harq__B2,inner_fit,training,presence:58,560864,0,419
primary,mean__log_ridge_harq__B2,inner_fit,training,presence:59,307504,0,419
primary,mean__log_ridge_harq__B2,inner_fit,training,presence:60,98836,0,419
primary,mean__log_ridge_harq__B2,inner_fit,training,presence:61,207528,0,419
primary,mean__log_ridge_harq__B2,inner_fit,training,presence:62,758850,0,419
primary,mean__log_ridge_harq__B2,inner_fit,training,presence:63,246677,0,419
primary,mean__log_ridge_harq__B2,inner_fit,training,presence:64,1031141,0,419
primary,mean__log_ridge_harq__B2,inner_fit,training,presence:65,293958,0,419
primary,mean__log_ridge_harq__B2,inner_fit,training,presence:66,824706,0,419
primary,mean__log_ridge_harq__B2,inner_fit,training,presence:67,203342,0,419
primary,mean__log_ridge_harq__B2,inner_fit,training,presence:69,76823,0,293
primary,mean__log_ridge_harq__B2,inner_fit,training,presence:70,76823,0,293
primary,mean__log_ridge_harq__B2,inner_fit,training,presence:71,76823,0,293
primary,mean__log_ridge_harq__B2,inner_fit,training,presence:73,76823,0,293
primary,mean__log_ridge_harq__B2,inner_fit,training,presence:75,76823,0,293
primary,mean__log_ridge_harq__B2,inner_fit,training,presence:79,76823,0,293
primary,mean__log_ridge_harq__B2,inner_fit,training,presence:80,71172,0,207
primary,mean__log_ridge_harq__B2,inner_fit,training,presence:82,71172,0,207
primary,mean__log_ridge_harq__B2,inner_fit,training,presence:83,71172,0,207
primary,mean__log_ridge_harq__B2,inner_fit,training,presence:84,71172,0,207
primary,mean__log_ridge_harq__B2,inner_fit,training,presence:85,71172,0,207
primary,mean__log_ridge_harq__B2,inner_fit,training,presence:89,71172,0,207
primary,mean__log_ridge_harq__B2,inner_fit,training,presence:90,71172,0,207
primary,mean__log_ridge_harq__B2,inner_fit,training,presence:91,71172,0,207
primary,mean__log_ridge_harq__B2,inner_fit,training,presence:92,71172,0,207
primary,mean__log_ridge_harq__B2,inner_fit,training,presence:95,71172,0,207
primary,mean__log_ridge_harq__B2,inner_fit,training,presence:97,71172,0,207
primary,mean__log_ridge_harq__B2,refit,predicting,feature:0,174,168,419
primary,mean__log_ridge_harq__B2,refit,predicting,feature:1,0,132,419
primary,mean__log_ridge_harq__B2,refit,predicting,feature:10,241,229,419
primary,mean__log_ridge_harq__B2,refit,predicting,feature:100,384,0,419
primary,mean__log_ridge_harq__B2,refit,predicting,feature:101,0,0,419
primary,mean__log_ridge_harq__B2,refit,predicting,feature:102,0,0,419
primary,mean__log_ridge_harq__B2,refit,predicting,feature:103,0,0,419
primary,mean__log_ridge_harq__B2,refit,predicting,feature:104,0,0,419
primary,mean__log_ridge_harq__B2,refit,predicting,feature:105,0,829,419
primary,mean__log_ridge_harq__B2,refit,predicting,feature:106,0,0,419
primary,mean__log_ridge_harq__B2,refit,predicting,feature:107,0,67,419
primary,mean__log_ridge_harq__B2,refit,predicting,feature:108,256,0,419
primary,mean__log_ridge_harq__B2,refit,predicting,feature:109,412,0,419
primary,mean__log_ridge_harq__B2,refit,predicting,feature:11,234,198,419
primary,mean__log_ridge_harq__B2,refit,predicting,feature:110,0,1557,419
primary,mean__log_ridge_harq__B2,refit,predicting,feature:111,640,482,419
primary,mean__log_ridge_harq__B2,refit,predicting,feature:112,405,0,419
primary,mean__log_ridge_harq__B2,refit,predicting,feature:113,0,1170,419
primary,mean__log_ridge_harq__B2,refit,predicting,feature:114,0,0,419
primary,mean__log_ridge_harq__B2,refit,predicting,feature:115,0,233,419
primary,mean__log_ridge_harq__B2,refit,predicting,feature:116,0,243,419
primary,mean__log_ridge_harq__B2,refit,predicting,feature:117,0,241,419
primary,mean__log_ridge_harq__B2,refit,predicting,feature:118,0,0,419
primary,mean__log_ridge_harq__B2,refit,predicting,feature:119,412,0,419
primary,mean__log_ridge_harq__B2,refit,predicting,feature:12,0,11,419
primary,mean__log_ridge_harq__B2,refit,predicting,feature:120,0,11,419
primary,mean__log_ridge_harq__B2,refit,predicting,feature:121,412,0,419
primary,mean__log_ridge_harq__B2,refit,predicting,feature:122,0,753,419
primary,mean__log_ridge_harq__B2,refit,predicting,feature:123,412,1,419
primary,mean__log_ridge_harq__B2,refit,predicting,feature:124,0,0,419
primary,mean__log_ridge_harq__B2,refit,predicting,feature:125,0,0,419
primary,mean__log_ridge_harq__B2,refit,predicting,feature:126,0,0,419
primary,mean__log_ridge_harq__B2,refit,predicting,feature:127,0,0,419
primary,mean__log_ridge_harq__B2,refit,predicting,feature:128,0,81,419
primary,mean__log_ridge_harq__B2,refit,predicting,feature:129,1203,0,419
primary,mean__log_ridge_harq__B2,refit,predicting,feature:13,0,5,419
primary,mean__log_ridge_harq__B2,refit,predicting,feature:130,0,0,419
primary,mean__log_ridge_harq__B2,refit,predicting,feature:131,0,1059,419
primary,mean__log_ridge_harq__B2,refit,predicting,feature:132,0,0,419
primary,mean__log_ridge_harq__B2,refit,predicting,feature:133,0,0,419
primary,mean__log_ridge_harq__B2,refit,predicting,feature:134,0,0,419
primary,mean__log_ridge_harq__B2,refit,predicting,feature:135,0,0,419
primary,mean__log_ridge_harq__B2,refit,predicting,feature:136,0,407,303
primary,mean__log_ridge_harq__B2,refit,predicting,feature:137,0,378,217
primary,mean__log_ridge_harq__B2,refit,predicting,feature:138,0,0,419
primary,mean__log_ridge_harq__B2,refit,predicting,feature:139,0,0,419
primary,mean__log_ridge_harq__B2,refit,predicting,feature:14,0,10,419
primary,mean__log_ridge_harq__B2,refit,predicting,feature:140,0,0,419
primary,mean__log_ridge_harq__B2,refit,predicting,feature:141,0,0,419
primary,mean__log_ridge_harq__B2,refit,predicting,feature:142,0,0,419
primary,mean__log_ridge_harq__B2,refit,predicting,feature:15,0,9,419
primary,mean__log_ridge_harq__B2,refit,predicting,feature:16,0,11,419
primary,mean__log_ridge_harq__B2,refit,predicting,feature:17,2,5,419
primary,mean__log_ridge_harq__B2,refit,predicting,feature:18,0,0,419
primary,mean__log_ridge_harq__B2,refit,predicting,feature:19,0,0,419
primary,mean__log_ridge_harq__B2,refit,predicting,feature:2,198,228,419
primary,mean__log_ridge_harq__B2,refit,predicting,feature:20,0,0,419
primary,mean__log_ridge_harq__B2,refit,predicting,feature:21,0,0,419
primary,mean__log_ridge_harq__B2,refit,predicting,feature:22,0,11,419
primary,mean__log_ridge_harq__B2,refit,predicting,feature:23,0,0,419
primary,mean__log_ridge_harq__B2,refit,predicting,feature:24,0,0,419
primary,mean__log_ridge_harq__B2,refit,predicting,feature:25,0,0,419
primary,mean__log_ridge_harq__B2,refit,predicting,feature:26,0,0,419
primary,mean__log_ridge_harq__B2,refit,predicting,feature:27,0,0,419
primary,mean__log_ridge_harq__B2,refit,predicting,feature:28,291,0,419
primary,mean__log_ridge_harq__B2,refit,predicting,feature:29,0,0,419
primary,mean__log_ridge_harq__B2,refit,predicting,feature:3,0,132,419
primary,mean__log_ridge_harq__B2,refit,predicting,feature:30,0,0,419
primary,mean__log_ridge_harq__B2,refit,predicting,feature:31,0,0,419
primary,mean__log_ridge_harq__B2,refit,predicting,feature:32,468,0,419
primary,mean__log_ridge_harq__B2,refit,predicting,feature:33,375,188,419
primary,mean__log_ridge_harq__B2,refit,predicting,feature:34,0,0,419
primary,mean__log_ridge_harq__B2,refit,predicting,feature:35,2,0,419
primary,mean__log_ridge_harq__B2,refit,predicting,feature:36,781,2,419
primary,mean__log_ridge_harq__B2,refit,predicting,feature:37,0,1,419
primary,mean__log_ridge_harq__B2,refit,predicting,feature:38,0,0,419
primary,mean__log_ridge_harq__B2,refit,predicting,feature:39,147,0,419
primary,mean__log_ridge_harq__B2,refit,predicting,feature:4,0,0,419
primary,mean__log_ridge_harq__B2,refit,predicting,feature:40,2,273,419
primary,mean__log_ridge_harq__B2,refit,predicting,feature:41,171,0,419
primary,mean__log_ridge_harq__B2,refit,predicting,feature:42,0,0,419
primary,mean__log_ridge_harq__B2,refit,predicting,feature:43,57,0,419
primary,mean__log_ridge_harq__B2,refit,predicting,feature:44,0,0,419
primary,mean__log_ridge_harq__B2,refit,predicting,feature:45,0,0,419
primary,mean__log_ridge_harq__B2,refit,predicting,feature:46,0,0,419
primary,mean__log_ridge_harq__B2,refit,predicting,feature:47,2702,0,419
primary,mean__log_ridge_harq__B2,refit,predicting,feature:48,0,0,419
primary,mean__log_ridge_harq__B2,refit,predicting,feature:49,0,0,419
primary,mean__log_ridge_harq__B2,refit,predicting,feature:5,0,0,419
primary,mean__log_ridge_harq__B2,refit,predicting,feature:50,0,0,419
primary,mean__log_ridge_harq__B2,refit,predicting,feature:51,0,0,419
primary,mean__log_ridge_harq__B2,refit,predicting,feature:52,0,99,419
primary,mean__log_ridge_harq__B2,refit,predicting,feature:53,0,0,419
primary,mean__log_ridge_harq__B2,refit,predicting,feature:54,0,0,419
primary,mean__log_ridge_harq__B2,refit,predicting,feature:55,0,0,419
primary,mean__log_ridge_harq__B2,refit,predicting,feature:56,0,0,419
primary,mean__log_ridge_harq__B2,refit,predicting,feature:57,0,0,419
primary,mean__log_ridge_harq__B2,refit,predicting,feature:58,0,79,419
primary,mean__log_ridge_harq__B2,refit,predicting,feature:59,0,0,419
primary,mean__log_ridge_harq__B2,refit,predicting,feature:6,0,0,419
primary,mean__log_ridge_harq__B2,refit,predicting,feature:60,0,0,419
primary,mean__log_ridge_harq__B2,refit,predicting,feature:61,0,0,419
primary,mean__log_ridge_harq__B2,refit,predicting,feature:62,0,0,419
primary,mean__log_ridge_harq__B2,refit,predicting,feature:63,0,109,419
primary,mean__log_ridge_harq__B2,refit,predicting,feature:64,0,0,419
primary,mean__log_ridge_harq__B2,refit,predicting,feature:65,0,0,419
primary,mean__log_ridge_harq__B2,refit,predicting,feature:66,0,0,419
primary,mean__log_ridge_harq__B2,refit,predicting,feature:67,0,0,419
primary,mean__log_ridge_harq__B2,refit,predicting,feature:68,405,0,419
primary,mean__log_ridge_harq__B2,refit,predicting,feature:69,0,16,419
primary,mean__log_ridge_harq__B2,refit,predicting,feature:7,0,0,419
primary,mean__log_ridge_harq__B2,refit,predicting,feature:70,445,600,419
primary,mean__log_ridge_harq__B2,refit,predicting,feature:71,0,0,419
primary,mean__log_ridge_harq__B2,refit,predicting,feature:72,0,0,419
primary,mean__log_ridge_harq__B2,refit,predicting,feature:73,0,747,419
primary,mean__log_ridge_harq__B2,refit,predicting,feature:74,412,0,419
primary,mean__log_ridge_harq__B2,refit,predicting,feature:75,0,947,419
primary,mean__log_ridge_harq__B2,refit,predicting,feature:76,412,0,419
primary,mean__log_ridge_harq__B2,refit,predicting,feature:77,0,0,419
primary,mean__log_ridge_harq__B2,refit,predicting,feature:78,0,0,419
primary,mean__log_ridge_harq__B2,refit,predicting,feature:79,0,1068,419
primary,mean__log_ridge_harq__B2,refit,predicting,feature:8,0,0,419
primary,mean__log_ridge_harq__B2,refit,predicting,feature:80,0,116,419
primary,mean__log_ridge_harq__B2,refit,predicting,feature:81,384,0,419
primary,mean__log_ridge_harq__B2,refit,predicting,feature:82,243,589,419
primary,mean__log_ridge_harq__B2,refit,predicting,feature:83,0,44,419
primary,mean__log_ridge_harq__B2,refit,predicting,feature:84,946,407,419
primary,mean__log_ridge_harq__B2,refit,predicting,feature:85,0,0,419
primary,mean__log_ridge_harq__B2,refit,predicting,feature:86,405,0,419
primary,mean__log_ridge_harq__B2,refit,predicting,feature:87,0,0,419
primary,mean__log_ridge_harq__B2,refit,predicting,feature:88,0,0,419
primary,mean__log_ridge_harq__B2,refit,predicting,feature:89,0,483,419
primary,mean__log_ridge_harq__B2,refit,predicting,feature:9,0,1,419
primary,mean__log_ridge_harq__B2,refit,predicting,feature:90,0,543,419
primary,mean__log_ridge_harq__B2,refit,predicting,feature:91,0,269,419
primary,mean__log_ridge_harq__B2,refit,predicting,feature:92,0,215,419
primary,mean__log_ridge_harq__B2,refit,predicting,feature:93,384,0,419
primary,mean__log_ridge_harq__B2,refit,predicting,feature:94,384,0,419
primary,mean__log_ridge_harq__B2,refit,predicting,feature:95,0,92,419
primary,mean__log_ridge_harq__B2,refit,predicting,feature:96,384,0,419
primary,mean__log_ridge_harq__B2,refit,predicting,feature:97,0,557,419
primary,mean__log_ridge_harq__B2,refit,predicting,feature:98,384,0,419
primary,mean__log_ridge_harq__B2,refit,predicting,feature:99,0,0,419
primary,mean__log_ridge_harq__B2,refit,predicting,presence:105,378,0,217
primary,mean__log_ridge_harq__B2,refit,predicting,presence:107,378,0,217
primary,mean__log_ridge_harq__B2,refit,predicting,presence:108,407,0,303
primary,mean__log_ridge_harq__B2,refit,predicting,presence:110,407,0,303
primary,mean__log_ridge_harq__B2,refit,predicting,presence:111,407,0,303
primary,mean__log_ridge_harq__B2,refit,predicting,presence:113,407,0,303
primary,mean__log_ridge_harq__B2,refit,predicting,presence:115,407,0,303
primary,mean__log_ridge_harq__B2,refit,predicting,presence:116,407,0,303
primary,mean__log_ridge_harq__B2,refit,predicting,presence:117,407,0,303
primary,mean__log_ridge_harq__B2,refit,predicting,presence:118,407,0,303
primary,mean__log_ridge_harq__B2,refit,predicting,presence:120,407,0,303
primary,mean__log_ridge_harq__B2,refit,predicting,presence:122,407,0,303
primary,mean__log_ridge_harq__B2,refit,predicting,presence:128,407,0,303
primary,mean__log_ridge_harq__B2,refit,predicting,presence:129,378,0,217
primary,mean__log_ridge_harq__B2,refit,predicting,presence:130,378,0,217
primary,mean__log_ridge_harq__B2,refit,predicting,presence:131,378,0,217
primary,mean__log_ridge_harq__B2,refit,predicting,presence:132,0,0,195
primary,mean__log_ridge_harq__B2,refit,predicting,presence:133,0,0,195
primary,mean__log_ridge_harq__B2,refit,predicting,presence:134,0,0,195
primary,mean__log_ridge_harq__B2,refit,predicting,presence:135,0,0,195
primary,mean__log_ridge_harq__B2,refit,predicting,presence:29,378,0,217
primary,mean__log_ridge_harq__B2,refit,predicting,presence:30,378,0,217
primary,mean__log_ridge_harq__B2,refit,predicting,presence:31,378,0,217
primary,mean__log_ridge_harq__B2,refit,predicting,presence:32,378,0,217
primary,mean__log_ridge_harq__B2,refit,predicting,presence:33,941,0,419
primary,mean__log_ridge_harq__B2,refit,predicting,presence:34,378,0,217
primary,mean__log_ridge_harq__B2,refit,predicting,presence:35,378,0,217
primary,mean__log_ridge_harq__B2,refit,predicting,presence:36,941,0,419
primary,mean__log_ridge_harq__B2,refit,predicting,presence:37,378,0,217
primary,mean__log_ridge_harq__B2,refit,predicting,presence:38,378,0,217
primary,mean__log_ridge_harq__B2,refit,predicting,presence:39,383,0,388
primary,mean__log_ridge_harq__B2,refit,predicting,presence:40,378,0,217
primary,mean__log_ridge_harq__B2,refit,predicting,presence:41,378,0,217
primary,mean__log_ridge_harq__B2,refit,predicting,presence:42,378,0,217
primary,mean__log_ridge_harq__B2,refit,predicting,presence:43,0,0,419
primary,mean__log_ridge_harq__B2,refit,predicting,presence:44,0,0,419
primary,mean__log_ridge_harq__B2,refit,predicting,presence:45,0,0,419
primary,mean__log_ridge_harq__B2,refit,predicting,presence:46,0,0,419
primary,mean__log_ridge_harq__B2,refit,predicting,presence:47,0,0,419
primary,mean__log_ridge_harq__B2,refit,predicting,presence:48,0,0,419
primary,mean__log_ridge_harq__B2,refit,predicting,presence:49,0,0,419
primary,mean__log_ridge_harq__B2,refit,predicting,presence:50,0,0,419
primary,mean__log_ridge_harq__B2,refit,predicting,presence:51,0,0,419
primary,mean__log_ridge_harq__B2,refit,predicting,presence:52,0,0,419
primary,mean__log_ridge_harq__B2,refit,predicting,presence:53,3122,0,419
primary,mean__log_ridge_harq__B2,refit,predicting,presence:54,455,0,419
primary,mean__log_ridge_harq__B2,refit,predicting,presence:55,401,0,303
primary,mean__log_ridge_harq__B2,refit,predicting,presence:56,423,0,419
primary,mean__log_ridge_harq__B2,refit,predicting,presence:57,0,0,419
primary,mean__log_ridge_harq__B2,refit,predicting,presence:58,1591,0,419
primary,mean__log_ridge_harq__B2,refit,predicting,presence:59,1026,0,419
primary,mean__log_ridge_harq__B2,refit,predicting,presence:60,461,0,419
primary,mean__log_ridge_harq__B2,refit,predicting,presence:61,649,0,419
primary,mean__log_ridge_harq__B2,refit,predicting,presence:62,2232,0,419
primary,mean__log_ridge_harq__B2,refit,predicting,presence:63,682,0,419
primary,mean__log_ridge_harq__B2,refit,predicting,presence:64,2660,0,419
primary,mean__log_ridge_harq__B2,refit,predicting,presence:65,858,0,419
primary,mean__log_ridge_harq__B2,refit,predicting,presence:66,2144,0,419
primary,mean__log_ridge_harq__B2,refit,predicting,presence:67,621,0,419
primary,mean__log_ridge_harq__B2,refit,predicting,presence:69,407,0,303
primary,mean__log_ridge_harq__B2,refit,predicting,presence:70,407,0,303
primary,mean__log_ridge_harq__B2,refit,predicting,presence:71,407,0,303
primary,mean__log_ridge_harq__B2,refit,predicting,presence:73,407,0,303
primary,mean__log_ridge_harq__B2,refit,predicting,presence:75,407,0,303
primary,mean__log_ridge_harq__B2,refit,predicting,presence:79,407,0,303
primary,mean__log_ridge_harq__B2,refit,predicting,presence:80,378,0,217
primary,mean__log_ridge_harq__B2,refit,predicting,presence:82,378,0,217
primary,mean__log_ridge_harq__B2,refit,predicting,presence:83,378,0,217
primary,mean__log_ridge_harq__B2,refit,predicting,presence:84,378,0,217
primary,mean__log_ridge_harq__B2,refit,predicting,presence:85,378,0,217
primary,mean__log_ridge_harq__B2,refit,predicting,presence:89,378,0,217
primary,mean__log_ridge_harq__B2,refit,predicting,presence:90,378,0,217
primary,mean__log_ridge_harq__B2,refit,predicting,presence:91,378,0,217
primary,mean__log_ridge_harq__B2,refit,predicting,presence:92,378,0,217
primary,mean__log_ridge_harq__B2,refit,predicting,presence:95,378,0,217
primary,mean__log_ridge_harq__B2,refit,predicting,presence:97,378,0,217
primary,mean__log_ridge_harq__B2,refit,training,feature:0,32262,44478,419
primary,mean__log_ridge_harq__B2,refit,training,feature:1,0,20712,419
primary,mean__log_ridge_harq__B2,refit,training,feature:10,67030,69190,419
primary,mean__log_ridge_harq__B2,refit,training,feature:100,75012,0,419
primary,mean__log_ridge_harq__B2,refit,training,feature:101,0,0,419
primary,mean__log_ridge_harq__B2,refit,training,feature:102,0,0,419
primary,mean__log_ridge_harq__B2,refit,training,feature:103,0,0,419
primary,mean__log_ridge_harq__B2,refit,training,feature:104,0,0,419
primary,mean__log_ridge_harq__B2,refit,training,feature:105,0,163613,419
primary,mean__log_ridge_harq__B2,refit,training,feature:106,0,0,419
primary,mean__log_ridge_harq__B2,refit,training,feature:107,0,8106,419
primary,mean__log_ridge_harq__B2,refit,training,feature:108,83829,0,419
primary,mean__log_ridge_harq__B2,refit,training,feature:109,80931,0,419
primary,mean__log_ridge_harq__B2,refit,training,feature:11,69427,57693,419
primary,mean__log_ridge_harq__B2,refit,training,feature:110,0,474292,419
primary,mean__log_ridge_harq__B2,refit,training,feature:111,83140,103045,419
primary,mean__log_ridge_harq__B2,refit,training,feature:112,76691,0,419
primary,mean__log_ridge_harq__B2,refit,training,feature:113,0,305475,419
primary,mean__log_ridge_harq__B2,refit,training,feature:114,0,0,419
primary,mean__log_ridge_harq__B2,refit,training,feature:115,0,101858,419
primary,mean__log_ridge_harq__B2,refit,training,feature:116,0,57514,419
primary,mean__log_ridge_harq__B2,refit,training,feature:117,0,49196,419
primary,mean__log_ridge_harq__B2,refit,training,feature:118,0,0,419
primary,mean__log_ridge_harq__B2,refit,training,feature:119,80931,0,419
primary,mean__log_ridge_harq__B2,refit,training,feature:12,0,6778,419
primary,mean__log_ridge_harq__B2,refit,training,feature:120,0,2529,419
primary,mean__log_ridge_harq__B2,refit,training,feature:121,80931,0,419
primary,mean__log_ridge_harq__B2,refit,training,feature:122,0,270754,419
primary,mean__log_ridge_harq__B2,refit,training,feature:123,80931,123,419
primary,mean__log_ridge_harq__B2,refit,training,feature:124,0,0,419
primary,mean__log_ridge_harq__B2,refit,training,feature:125,0,0,419
primary,mean__log_ridge_harq__B2,refit,training,feature:126,0,0,419
primary,mean__log_ridge_harq__B2,refit,training,feature:127,0,0,419
primary,mean__log_ridge_harq__B2,refit,training,feature:128,0,14300,419
primary,mean__log_ridge_harq__B2,refit,training,feature:129,61487,0,419
primary,mean__log_ridge_harq__B2,refit,training,feature:13,0,2391,419
primary,mean__log_ridge_harq__B2,refit,training,feature:130,0,0,419
primary,mean__log_ridge_harq__B2,refit,training,feature:131,436,102772,419
primary,mean__log_ridge_harq__B2,refit,training,feature:132,0,0,419
primary,mean__log_ridge_harq__B2,refit,training,feature:133,0,0,419
primary,mean__log_ridge_harq__B2,refit,training,feature:134,0,0,419
primary,mean__log_ridge_harq__B2,refit,training,feature:135,0,0,419
primary,mean__log_ridge_harq__B2,refit,training,feature:136,0,80931,303
primary,mean__log_ridge_harq__B2,refit,training,feature:137,0,75012,217
primary,mean__log_ridge_harq__B2,refit,training,feature:138,0,0,419
primary,mean__log_ridge_harq__B2,refit,training,feature:139,0,0,419
primary,mean__log_ridge_harq__B2,refit,training,feature:14,0,3547,419
primary,mean__log_ridge_harq__B2,refit,training,feature:140,0,0,419
primary,mean__log_ridge_harq__B2,refit,training,feature:141,0,0,419
primary,mean__log_ridge_harq__B2,refit,training,feature:142,0,0,419
primary,mean__log_ridge_harq__B2,refit,training,feature:15,89,4504,419
primary,mean__log_ridge_harq__B2,refit,training,feature:16,0,3548,419
primary,mean__log_ridge_harq__B2,refit,training,feature:17,400,2356,419
primary,mean__log_ridge_harq__B2,refit,training,feature:18,0,1560,419
primary,mean__log_ridge_harq__B2,refit,training,feature:19,0,2695,419
primary,mean__log_ridge_harq__B2,refit,training,feature:2,42972,60588,419
primary,mean__log_ridge_harq__B2,refit,training,feature:20,0,0,419
primary,mean__log_ridge_harq__B2,refit,training,feature:21,0,0,419
primary,mean__log_ridge_harq__B2,refit,training,feature:22,0,3548,419
primary,mean__log_ridge_harq__B2,refit,training,feature:23,0,2695,419
primary,mean__log_ridge_harq__B2,refit,training,feature:24,0,1560,419
primary,mean__log_ridge_harq__B2,refit,training,feature:25,0,0,419
primary,mean__log_ridge_harq__B2,refit,training,feature:26,0,0,419
primary,mean__log_ridge_harq__B2,refit,training,feature:27,0,0,419
primary,mean__log_ridge_harq__B2,refit,training,feature:28,65213,0,419
primary,mean__log_ridge_harq__B2,refit,training,feature:29,0,0,419
primary,mean__log_ridge_harq__B2,refit,training,feature:3,0,31890,419
primary,mean__log_ridge_harq__B2,refit,training,feature:30,0,0,419
primary,mean__log_ridge_harq__B2,refit,training,feature:31,0,0,419
primary,mean__log_ridge_harq__B2,refit,training,feature:32,152013,0,419
primary,mean__log_ridge_harq__B2,refit,training,feature:33,72188,597,419
primary,mean__log_ridge_harq__B2,refit,training,feature:34,0,0,419
primary,mean__log_ridge_harq__B2,refit,training,feature:35,20604,0,419
primary,mean__log_ridge_harq__B2,refit,training,feature:36,180287,118,419
primary,mean__log_ridge_harq__B2,refit,training,feature:37,0,7,419
primary,mean__log_ridge_harq__B2,refit,training,feature:38,0,0,419
primary,mean__log_ridge_harq__B2,refit,training,feature:39,58024,0,419
primary,mean__log_ridge_harq__B2,refit,training,feature:4,0,0,419
primary,mean__log_ridge_harq__B2,refit,training,feature:40,3599,116514,419
primary,mean__log_ridge_harq__B2,refit,training,feature:41,45090,419,419
primary,mean__log_ridge_harq__B2,refit,training,feature:42,0,0,419
primary,mean__log_ridge_harq__B2,refit,training,feature:43,1706,0,419
primary,mean__log_ridge_harq__B2,refit,training,feature:44,0,0,419
primary,mean__log_ridge_harq__B2,refit,training,feature:45,0,0,419
primary,mean__log_ridge_harq__B2,refit,training,feature:46,0,0,419
primary,mean__log_ridge_harq__B2,refit,training,feature:47,415710,0,419
primary,mean__log_ridge_harq__B2,refit,training,feature:48,0,0,419
primary,mean__log_ridge_harq__B2,refit,training,feature:49,0,0,419
primary,mean__log_ridge_harq__B2,refit,training,feature:5,0,0,419
primary,mean__log_ridge_harq__B2,refit,training,feature:50,0,0,419
primary,mean__log_ridge_harq__B2,refit,training,feature:51,0,0,419
primary,mean__log_ridge_harq__B2,refit,training,feature:52,0,10470,419
primary,mean__log_ridge_harq__B2,refit,training,feature:53,0,4,419
primary,mean__log_ridge_harq__B2,refit,training,feature:54,0,0,419
primary,mean__log_ridge_harq__B2,refit,training,feature:55,0,0,419
primary,mean__log_ridge_harq__B2,refit,training,feature:56,0,0,419
primary,mean__log_ridge_harq__B2,refit,training,feature:57,0,0,419
primary,mean__log_ridge_harq__B2,refit,training,feature:58,0,24537,419
primary,mean__log_ridge_harq__B2,refit,training,feature:59,0,0,419
primary,mean__log_ridge_harq__B2,refit,training,feature:6,0,0,419
primary,mean__log_ridge_harq__B2,refit,training,feature:60,0,0,419
primary,mean__log_ridge_harq__B2,refit,training,feature:61,0,0,419
primary,mean__log_ridge_harq__B2,refit,training,feature:62,0,0,419
primary,mean__log_ridge_harq__B2,refit,training,feature:63,0,53531,419
primary,mean__log_ridge_harq__B2,refit,training,feature:64,0,0,419
primary,mean__log_ridge_harq__B2,refit,training,feature:65,0,0,419
primary,mean__log_ridge_harq__B2,refit,training,feature:66,0,0,419
primary,mean__log_ridge_harq__B2,refit,training,feature:67,0,0,419
primary,mean__log_ridge_harq__B2,refit,training,feature:68,79352,0,419
primary,mean__log_ridge_harq__B2,refit,training,feature:69,0,3869,419
primary,mean__log_ridge_harq__B2,refit,training,feature:7,0,0,419
primary,mean__log_ridge_harq__B2,refit,training,feature:70,128007,168716,419
primary,mean__log_ridge_harq__B2,refit,training,feature:71,0,0,419
primary,mean__log_ridge_harq__B2,refit,training,feature:72,0,0,419
primary,mean__log_ridge_harq__B2,refit,training,feature:73,0,191515,419
primary,mean__log_ridge_harq__B2,refit,training,feature:74,80931,0,419
primary,mean__log_ridge_harq__B2,refit,training,feature:75,0,326615,419
primary,mean__log_ridge_harq__B2,refit,training,feature:76,80931,0,419
primary,mean__log_ridge_harq__B2,refit,training,feature:77,0,0,419
primary,mean__log_ridge_harq__B2,refit,training,feature:78,0,0,419
primary,mean__log_ridge_harq__B2,refit,training,feature:79,0,216895,419
primary,mean__log_ridge_harq__B2,refit,training,feature:8,0,0,419
primary,mean__log_ridge_harq__B2,refit,training,feature:80,0,22915,419
primary,mean__log_ridge_harq__B2,refit,training,feature:81,75012,0,419
primary,mean__log_ridge_harq__B2,refit,training,feature:82,66696,149760,419
primary,mean__log_ridge_harq__B2,refit,training,feature:83,0,16030,419
primary,mean__log_ridge_harq__B2,refit,training,feature:84,81443,81818,419
primary,mean__log_ridge_harq__B2,refit,training,feature:85,0,0,419
primary,mean__log_ridge_harq__B2,refit,training,feature:86,76691,0,419
primary,mean__log_ridge_harq__B2,refit,training,feature:87,0,0,419
primary,mean__log_ridge_harq__B2,refit,training,feature:88,0,0,419
primary,mean__log_ridge_harq__B2,refit,training,feature:89,0,104068,419
primary,mean__log_ridge_harq__B2,refit,training,feature:9,0,880,419
primary,mean__log_ridge_harq__B2,refit,training,feature:90,0,138177,419
primary,mean__log_ridge_harq__B2,refit,training,feature:91,0,54782,419
primary,mean__log_ridge_harq__B2,refit,training,feature:92,0,37203,419
primary,mean__log_ridge_harq__B2,refit,training,feature:93,75012,0,419
primary,mean__log_ridge_harq__B2,refit,training,feature:94,75012,0,419
primary,mean__log_ridge_harq__B2,refit,training,feature:95,0,16576,419
primary,mean__log_ridge_harq__B2,refit,training,feature:96,75012,0,419
primary,mean__log_ridge_harq__B2,refit,training,feature:97,0,209353,419
primary,mean__log_ridge_harq__B2,refit,training,feature:98,75012,0,419
primary,mean__log_ridge_harq__B2,refit,training,feature:99,0,0,419
primary,mean__log_ridge_harq__B2,refit,training,presence:105,75012,0,217
primary,mean__log_ridge_harq__B2,refit,training,presence:107,75012,0,217
primary,mean__log_ridge_harq__B2,refit,training,presence:108,80931,0,303
primary,mean__log_ridge_harq__B2,refit,training,presence:110,80931,0,303
primary,mean__log_ridge_harq__B2,refit,training,presence:111,80931,0,303
primary,mean__log_ridge_harq__B2,refit,training,presence:113,80931,0,303
primary,mean__log_ridge_harq__B2,refit,training,presence:115,80931,0,303
primary,mean__log_ridge_harq__B2,refit,training,presence:116,80931,0,303
primary,mean__log_ridge_harq__B2,refit,training,presence:117,80931,0,303
primary,mean__log_ridge_harq__B2,refit,training,presence:118,80931,0,303
primary,mean__log_ridge_harq__B2,refit,training,presence:120,80931,0,303
primary,mean__log_ridge_harq__B2,refit,training,presence:122,80931,0,303
primary,mean__log_ridge_harq__B2,refit,training,presence:128,80931,0,303
primary,mean__log_ridge_harq__B2,refit,training,presence:129,74795,0,217
primary,mean__log_ridge_harq__B2,refit,training,presence:130,74795,0,217
primary,mean__log_ridge_harq__B2,refit,training,presence:131,74795,0,217
primary,mean__log_ridge_harq__B2,refit,training,presence:132,73710,0,195
primary,mean__log_ridge_harq__B2,refit,training,presence:133,73710,0,195
primary,mean__log_ridge_harq__B2,refit,training,presence:134,73710,0,195
primary,mean__log_ridge_harq__B2,refit,training,presence:135,73710,0,195
primary,mean__log_ridge_harq__B2,refit,training,presence:29,74795,0,217
primary,mean__log_ridge_harq__B2,refit,training,presence:30,74795,0,217
primary,mean__log_ridge_harq__B2,refit,training,presence:31,74795,0,217
primary,mean__log_ridge_harq__B2,refit,training,presence:32,74795,0,217
primary,mean__log_ridge_harq__B2,refit,training,presence:33,320085,0,419
primary,mean__log_ridge_harq__B2,refit,training,presence:34,74795,0,217
primary,mean__log_ridge_harq__B2,refit,training,presence:35,74795,0,217
primary,mean__log_ridge_harq__B2,refit,training,presence:36,320085,0,419
primary,mean__log_ridge_harq__B2,refit,training,presence:37,74795,0,217
primary,mean__log_ridge_harq__B2,refit,training,presence:38,74795,0,217
primary,mean__log_ridge_harq__B2,refit,training,presence:39,75183,0,388
primary,mean__log_ridge_harq__B2,refit,training,presence:40,74795,0,217
primary,mean__log_ridge_harq__B2,refit,training,presence:41,74795,0,217
primary,mean__log_ridge_harq__B2,refit,training,presence:42,74795,0,217
primary,mean__log_ridge_harq__B2,refit,training,presence:43,0,0,419
primary,mean__log_ridge_harq__B2,refit,training,presence:44,0,0,419
primary,mean__log_ridge_harq__B2,refit,training,presence:45,0,0,419
primary,mean__log_ridge_harq__B2,refit,training,presence:46,0,0,419
primary,mean__log_ridge_harq__B2,refit,training,presence:47,0,0,419
primary,mean__log_ridge_harq__B2,refit,training,presence:48,0,0,419
primary,mean__log_ridge_harq__B2,refit,training,presence:49,0,0,419
primary,mean__log_ridge_harq__B2,refit,training,presence:50,0,0,419
primary,mean__log_ridge_harq__B2,refit,training,presence:51,0,0,419
primary,mean__log_ridge_harq__B2,refit,training,presence:52,0,0,419
primary,mean__log_ridge_harq__B2,refit,training,presence:53,940613,0,419
primary,mean__log_ridge_harq__B2,refit,training,presence:54,97276,0,419
primary,mean__log_ridge_harq__B2,refit,training,presence:55,79193,0,303
primary,mean__log_ridge_harq__B2,refit,training,presence:56,85928,0,419
primary,mean__log_ridge_harq__B2,refit,training,presence:57,0,0,419
primary,mean__log_ridge_harq__B2,refit,training,presence:58,577174,0,419
primary,mean__log_ridge_harq__B2,refit,training,presence:59,318018,0,419
primary,mean__log_ridge_harq__B2,refit,training,presence:60,103473,0,419
primary,mean__log_ridge_harq__B2,refit,training,presence:61,214192,0,419
primary,mean__log_ridge_harq__B2,refit,training,presence:62,781572,0,419
primary,mean__log_ridge_harq__B2,refit,training,presence:63,253792,0,419
primary,mean__log_ridge_harq__B2,refit,training,presence:64,1066815,0,419
primary,mean__log_ridge_harq__B2,refit,training,presence:65,302814,0,419
primary,mean__log_ridge_harq__B2,refit,training,presence:66,846828,0,419
primary,mean__log_ridge_harq__B2,refit,training,presence:67,209753,0,419
primary,mean__log_ridge_harq__B2,refit,training,presence:69,80931,0,303
primary,mean__log_ridge_harq__B2,refit,training,presence:70,80931,0,303
primary,mean__log_ridge_harq__B2,refit,training,presence:71,80931,0,303
primary,mean__log_ridge_harq__B2,refit,training,presence:73,80931,0,303
primary,mean__log_ridge_harq__B2,refit,training,presence:75,80931,0,303
primary,mean__log_ridge_harq__B2,refit,training,presence:79,80931,0,303
primary,mean__log_ridge_harq__B2,refit,training,presence:80,75012,0,217
primary,mean__log_ridge_harq__B2,refit,training,presence:82,75012,0,217
primary,mean__log_ridge_harq__B2,refit,training,presence:83,75012,0,217
primary,mean__log_ridge_harq__B2,refit,training,presence:84,75012,0,217
primary,mean__log_ridge_harq__B2,refit,training,presence:85,75012,0,217
primary,mean__log_ridge_harq__B2,refit,training,presence:89,75012,0,217
primary,mean__log_ridge_harq__B2,refit,training,presence:90,75012,0,217
primary,mean__log_ridge_harq__B2,refit,training,presence:91,75012,0,217
primary,mean__log_ridge_harq__B2,refit,training,presence:92,75012,0,217
primary,mean__log_ridge_harq__B2,refit,training,presence:95,75012,0,217
primary,mean__log_ridge_harq__B2,refit,training,presence:97,75012,0,217
primary,quantile__log_ridge_harq__B0,inner_fit,predicting,feature:0,1914,1980,419
primary,quantile__log_ridge_harq__B0,inner_fit,predicting,feature:1,0,1410,419
primary,quantile__log_ridge_harq__B0,inner_fit,predicting,feature:10,2508,2378,419
primary,quantile__log_ridge_harq__B0,inner_fit,predicting,feature:11,2541,2130,419
primary,quantile__log_ridge_harq__B0,inner_fit,predicting,feature:12,0,231,419
primary,quantile__log_ridge_harq__B0,inner_fit,predicting,feature:13,0,68,419
primary,quantile__log_ridge_harq__B0,inner_fit,predicting,feature:14,0,116,419
primary,quantile__log_ridge_harq__B0,inner_fit,predicting,feature:15,0,115,419
primary,quantile__log_ridge_harq__B0,inner_fit,predicting,feature:16,0,110,419
primary,quantile__log_ridge_harq__B0,inner_fit,predicting,feature:17,20,59,419
primary,quantile__log_ridge_harq__B0,inner_fit,predicting,feature:18,0,0,419
primary,quantile__log_ridge_harq__B0,inner_fit,predicting,feature:19,0,0,419
primary,quantile__log_ridge_harq__B0,inner_fit,predicting,feature:2,3042,2976,419
primary,quantile__log_ridge_harq__B0,inner_fit,predicting,feature:20,0,0,419
primary,quantile__log_ridge_harq__B0,inner_fit,predicting,feature:21,0,0,419
primary,quantile__log_ridge_harq__B0,inner_fit,predicting,feature:22,0,110,419
primary,quantile__log_ridge_harq__B0,inner_fit,predicting,feature:23,0,0,419
primary,quantile__log_ridge_harq__B0,inner_fit,predicting,feature:24,0,0,419
primary,quantile__log_ridge_harq__B0,inner_fit,predicting,feature:25,0,0,419
primary,quantile__log_ridge_harq__B0,inner_fit,predicting,feature:26,0,0,419
primary,quantile__log_ridge_harq__B0,inner_fit,predicting,feature:27,0,0,419
primary,quantile__log_ridge_harq__B0,inner_fit,predicting,feature:28,3010,0,419
primary,quantile__log_ridge_harq__B0,inner_fit,predicting,feature:29,0,0,419
primary,quantile__log_ridge_harq__B0,inner_fit,predicting,feature:3,0,1374,419
primary,quantile__log_ridge_harq__B0,inner_fit,predicting,feature:30,0,0,419
primary,quantile__log_ridge_harq__B0,inner_fit,predicting,feature:31,0,0,419
primary,quantile__log_ridge_harq__B0,inner_fit,predicting,feature:32,0,0,419
primary,quantile__log_ridge_harq__B0,inner_fit,predicting,feature:33,0,0,419
primary,quantile__log_ridge_harq__B0,inner_fit,predicting,feature:4,0,0,419
primary,quantile__log_ridge_harq__B0,inner_fit,predicting,feature:5,0,0,419
primary,quantile__log_ridge_harq__B0,inner_fit,predicting,feature:6,0,0,419
primary,quantile__log_ridge_harq__B0,inner_fit,predicting,feature:7,0,0,419
primary,quantile__log_ridge_harq__B0,inner_fit,predicting,feature:8,0,0,419
primary,quantile__log_ridge_harq__B0,inner_fit,predicting,feature:9,0,30,419
primary,quantile__log_ridge_harq__B0,inner_fit,training,feature:0,30900,42720,419
primary,quantile__log_ridge_harq__B0,inner_fit,training,feature:1,0,20052,419
primary,quantile__log_ridge_harq__B0,inner_fit,training,feature:10,64657,66675,419
primary,quantile__log_ridge_harq__B0,inner_fit,training,feature:11,66990,55581,419
primary,quantile__log_ridge_harq__B0,inner_fit,training,feature:12,0,6468,419
primary,quantile__log_ridge_harq__B0,inner_fit,training,feature:13,0,2271,419
primary,quantile__log_ridge_harq__B0,inner_fit,training,feature:14,0,3314,419
primary,quantile__log_ridge_harq__B0,inner_fit,training,feature:15,79,4244,419
primary,quantile__log_ridge_harq__B0,inner_fit,training,feature:16,0,3341,419
primary,quantile__log_ridge_harq__B0,inner_fit,training,feature:17,380,2236,419
primary,quantile__log_ridge_harq__B0,inner_fit,training,feature:18,0,910,419
primary,quantile__log_ridge_harq__B0,inner_fit,training,feature:19,0,2260,419
primary,quantile__log_ridge_harq__B0,inner_fit,training,feature:2,41352,58068,419
primary,quantile__log_ridge_harq__B0,inner_fit,training,feature:20,0,0,419
primary,quantile__log_ridge_harq__B0,inner_fit,training,feature:21,0,0,419
primary,quantile__log_ridge_harq__B0,inner_fit,training,feature:22,0,3341,419
primary,quantile__log_ridge_harq__B0,inner_fit,training,feature:23,0,2260,419
primary,quantile__log_ridge_harq__B0,inner_fit,training,feature:24,0,910,419
primary,quantile__log_ridge_harq__B0,inner_fit,training,feature:25,0,0,419
primary,quantile__log_ridge_harq__B0,inner_fit,training,feature:26,0,0,419
primary,quantile__log_ridge_harq__B0,inner_fit,training,feature:27,0,0,419
primary,quantile__log_ridge_harq__B0,inner_fit,training,feature:28,62592,0,419
primary,quantile__log_ridge_harq__B0,inner_fit,training,feature:29,0,0,419
primary,quantile__log_ridge_harq__B0,inner_fit,training,feature:3,0,30870,419
primary,quantile__log_ridge_harq__B0,inner_fit,training,feature:30,0,0,419
primary,quantile__log_ridge_harq__B0,inner_fit,training,feature:31,0,0,419
primary,quantile__log_ridge_harq__B0,inner_fit,training,feature:32,0,0,419
primary,quantile__log_ridge_harq__B0,inner_fit,training,feature:33,0,0,419
primary,quantile__log_ridge_harq__B0,inner_fit,training,feature:4,0,0,419
primary,quantile__log_ridge_harq__B0,inner_fit,training,feature:5,0,0,419
primary,quantile__log_ridge_harq__B0,inner_fit,training,feature:6,0,0,419
primary,quantile__log_ridge_harq__B0,inner_fit,training,feature:7,0,0,419
primary,quantile__log_ridge_harq__B0,inner_fit,training,feature:8,0,0,419
primary,quantile__log_ridge_harq__B0,inner_fit,training,feature:9,0,790,419
primary,quantile__log_ridge_harq__B0,refit,predicting,feature:0,174,168,419
primary,quantile__log_ridge_harq__B0,refit,predicting,feature:1,0,132,419
primary,quantile__log_ridge_harq__B0,refit,predicting,feature:10,241,229,419
primary,quantile__log_ridge_harq__B0,refit,predicting,feature:11,234,198,419
primary,quantile__log_ridge_harq__B0,refit,predicting,feature:12,0,11,419
primary,quantile__log_ridge_harq__B0,refit,predicting,feature:13,0,5,419
primary,quantile__log_ridge_harq__B0,refit,predicting,feature:14,0,10,419
primary,quantile__log_ridge_harq__B0,refit,predicting,feature:15,0,9,419
primary,quantile__log_ridge_harq__B0,refit,predicting,feature:16,0,11,419
primary,quantile__log_ridge_harq__B0,refit,predicting,feature:17,2,5,419
primary,quantile__log_ridge_harq__B0,refit,predicting,feature:18,0,0,419
primary,quantile__log_ridge_harq__B0,refit,predicting,feature:19,0,0,419
primary,quantile__log_ridge_harq__B0,refit,predicting,feature:2,198,228,419
primary,quantile__log_ridge_harq__B0,refit,predicting,feature:20,0,0,419
primary,quantile__log_ridge_harq__B0,refit,predicting,feature:21,0,0,419
primary,quantile__log_ridge_harq__B0,refit,predicting,feature:22,0,11,419
primary,quantile__log_ridge_harq__B0,refit,predicting,feature:23,0,0,419
primary,quantile__log_ridge_harq__B0,refit,predicting,feature:24,0,0,419
primary,quantile__log_ridge_harq__B0,refit,predicting,feature:25,0,0,419
primary,quantile__log_ridge_harq__B0,refit,predicting,feature:26,0,0,419
primary,quantile__log_ridge_harq__B0,refit,predicting,feature:27,0,0,419
primary,quantile__log_ridge_harq__B0,refit,predicting,feature:28,291,0,419
primary,quantile__log_ridge_harq__B0,refit,predicting,feature:29,0,0,419
primary,quantile__log_ridge_harq__B0,refit,predicting,feature:3,0,132,419
primary,quantile__log_ridge_harq__B0,refit,predicting,feature:30,0,0,419
primary,quantile__log_ridge_harq__B0,refit,predicting,feature:31,0,0,419
primary,quantile__log_ridge_harq__B0,refit,predicting,feature:32,0,0,419
primary,quantile__log_ridge_harq__B0,refit,predicting,feature:33,0,0,419
primary,quantile__log_ridge_harq__B0,refit,predicting,feature:4,0,0,419
primary,quantile__log_ridge_harq__B0,refit,predicting,feature:5,0,0,419
primary,quantile__log_ridge_harq__B0,refit,predicting,feature:6,0,0,419
primary,quantile__log_ridge_harq__B0,refit,predicting,feature:7,0,0,419
primary,quantile__log_ridge_harq__B0,refit,predicting,feature:8,0,0,419
primary,quantile__log_ridge_harq__B0,refit,predicting,feature:9,0,1,419
primary,quantile__log_ridge_harq__B0,refit,training,feature:0,32262,44478,419
primary,quantile__log_ridge_harq__B0,refit,training,feature:1,0,20712,419
primary,quantile__log_ridge_harq__B0,refit,training,feature:10,67030,69190,419
primary,quantile__log_ridge_harq__B0,refit,training,feature:11,69427,57693,419
primary,quantile__log_ridge_harq__B0,refit,training,feature:12,0,6778,419
primary,quantile__log_ridge_harq__B0,refit,training,feature:13,0,2391,419
primary,quantile__log_ridge_harq__B0,refit,training,feature:14,0,3547,419
primary,quantile__log_ridge_harq__B0,refit,training,feature:15,89,4504,419
primary,quantile__log_ridge_harq__B0,refit,training,feature:16,0,3548,419
primary,quantile__log_ridge_harq__B0,refit,training,feature:17,400,2356,419
primary,quantile__log_ridge_harq__B0,refit,training,feature:18,0,1560,419
primary,quantile__log_ridge_harq__B0,refit,training,feature:19,0,2695,419
primary,quantile__log_ridge_harq__B0,refit,training,feature:2,42972,60588,419
primary,quantile__log_ridge_harq__B0,refit,training,feature:20,0,0,419
primary,quantile__log_ridge_harq__B0,refit,training,feature:21,0,0,419
primary,quantile__log_ridge_harq__B0,refit,training,feature:22,0,3548,419
primary,quantile__log_ridge_harq__B0,refit,training,feature:23,0,2695,419
primary,quantile__log_ridge_harq__B0,refit,training,feature:24,0,1560,419
primary,quantile__log_ridge_harq__B0,refit,training,feature:25,0,0,419
primary,quantile__log_ridge_harq__B0,refit,training,feature:26,0,0,419
primary,quantile__log_ridge_harq__B0,refit,training,feature:27,0,0,419
primary,quantile__log_ridge_harq__B0,refit,training,feature:28,65213,0,419
primary,quantile__log_ridge_harq__B0,refit,training,feature:29,0,0,419
primary,quantile__log_ridge_harq__B0,refit,training,feature:3,0,31890,419
primary,quantile__log_ridge_harq__B0,refit,training,feature:30,0,0,419
primary,quantile__log_ridge_harq__B0,refit,training,feature:31,0,0,419
primary,quantile__log_ridge_harq__B0,refit,training,feature:32,0,0,419
primary,quantile__log_ridge_harq__B0,refit,training,feature:33,0,0,419
primary,quantile__log_ridge_harq__B0,refit,training,feature:4,0,0,419
primary,quantile__log_ridge_harq__B0,refit,training,feature:5,0,0,419
primary,quantile__log_ridge_harq__B0,refit,training,feature:6,0,0,419
primary,quantile__log_ridge_harq__B0,refit,training,feature:7,0,0,419
primary,quantile__log_ridge_harq__B0,refit,training,feature:8,0,0,419
primary,quantile__log_ridge_harq__B0,refit,training,feature:9,0,880,419
primary,quantile__log_ridge_harq__B1,inner_fit,predicting,feature:0,1914,1980,419
primary,quantile__log_ridge_harq__B1,inner_fit,predicting,feature:1,0,1410,419
primary,quantile__log_ridge_harq__B1,inner_fit,predicting,feature:10,2508,2378,419
primary,quantile__log_ridge_harq__B1,inner_fit,predicting,feature:11,2541,2130,419
primary,quantile__log_ridge_harq__B1,inner_fit,predicting,feature:12,0,231,419
primary,quantile__log_ridge_harq__B1,inner_fit,predicting,feature:13,0,68,419
primary,quantile__log_ridge_harq__B1,inner_fit,predicting,feature:14,0,116,419
primary,quantile__log_ridge_harq__B1,inner_fit,predicting,feature:15,0,115,419
primary,quantile__log_ridge_harq__B1,inner_fit,predicting,feature:16,0,110,419
primary,quantile__log_ridge_harq__B1,inner_fit,predicting,feature:17,20,59,419
primary,quantile__log_ridge_harq__B1,inner_fit,predicting,feature:18,0,0,419
primary,quantile__log_ridge_harq__B1,inner_fit,predicting,feature:19,0,0,419
primary,quantile__log_ridge_harq__B1,inner_fit,predicting,feature:2,3042,2976,419
primary,quantile__log_ridge_harq__B1,inner_fit,predicting,feature:20,0,0,419
primary,quantile__log_ridge_harq__B1,inner_fit,predicting,feature:21,0,0,419
primary,quantile__log_ridge_harq__B1,inner_fit,predicting,feature:22,0,110,419
primary,quantile__log_ridge_harq__B1,inner_fit,predicting,feature:23,0,0,419
primary,quantile__log_ridge_harq__B1,inner_fit,predicting,feature:24,0,0,419
primary,quantile__log_ridge_harq__B1,inner_fit,predicting,feature:25,0,0,419
primary,quantile__log_ridge_harq__B1,inner_fit,predicting,feature:26,0,0,419
primary,quantile__log_ridge_harq__B1,inner_fit,predicting,feature:27,0,0,419
primary,quantile__log_ridge_harq__B1,inner_fit,predicting,feature:28,3010,0,419
primary,quantile__log_ridge_harq__B1,inner_fit,predicting,feature:29,0,0,419
primary,quantile__log_ridge_harq__B1,inner_fit,predicting,feature:3,0,1374,419
primary,quantile__log_ridge_harq__B1,inner_fit,predicting,feature:30,0,0,419
primary,quantile__log_ridge_harq__B1,inner_fit,predicting,feature:31,0,0,419
primary,quantile__log_ridge_harq__B1,inner_fit,predicting,feature:32,4941,0,419
primary,quantile__log_ridge_harq__B1,inner_fit,predicting,feature:33,8084,3316,419
primary,quantile__log_ridge_harq__B1,inner_fit,predicting,feature:34,0,0,419
primary,quantile__log_ridge_harq__B1,inner_fit,predicting,feature:35,21,0,419
primary,quantile__log_ridge_harq__B1,inner_fit,predicting,feature:36,9264,20,419
primary,quantile__log_ridge_harq__B1,inner_fit,predicting,feature:37,0,7,419
primary,quantile__log_ridge_harq__B1,inner_fit,predicting,feature:38,0,0,419
primary,quantile__log_ridge_harq__B1,inner_fit,predicting,feature:39,1499,0,419
primary,quantile__log_ridge_harq__B1,inner_fit,predicting,feature:4,0,0,419
primary,quantile__log_ridge_harq__B1,inner_fit,predicting,feature:40,20,3087,419
primary,quantile__log_ridge_harq__B1,inner_fit,predicting,feature:41,1877,0,419
primary,quantile__log_ridge_harq__B1,inner_fit,predicting,feature:42,0,0,419
primary,quantile__log_ridge_harq__B1,inner_fit,predicting,feature:43,1408,0,419
primary,quantile__log_ridge_harq__B1,inner_fit,predicting,feature:44,0,0,419
primary,quantile__log_ridge_harq__B1,inner_fit,predicting,feature:45,0,0,419
primary,quantile__log_ridge_harq__B1,inner_fit,predicting,feature:46,317,0,419
primary,quantile__log_ridge_harq__B1,inner_fit,predicting,feature:47,27645,0,419
primary,quantile__log_ridge_harq__B1,inner_fit,predicting,feature:48,0,0,419
primary,quantile__log_ridge_harq__B1,inner_fit,predicting,feature:49,0,0,419
primary,quantile__log_ridge_harq__B1,inner_fit,predicting,feature:5,0,0,419
primary,quantile__log_ridge_harq__B1,inner_fit,predicting,feature:50,0,0,419
primary,quantile__log_ridge_harq__B1,inner_fit,predicting,feature:51,0,0,419
primary,quantile__log_ridge_harq__B1,inner_fit,predicting,feature:52,0,1022,419
primary,quantile__log_ridge_harq__B1,inner_fit,predicting,feature:53,0,0,419
primary,quantile__log_ridge_harq__B1,inner_fit,predicting,feature:54,0,0,419
primary,quantile__log_ridge_harq__B1,inner_fit,predicting,feature:55,0,0,419
primary,quantile__log_ridge_harq__B1,inner_fit,predicting,feature:56,0,0,419
primary,quantile__log_ridge_harq__B1,inner_fit,predicting,feature:57,0,0,419
primary,quantile__log_ridge_harq__B1,inner_fit,predicting,feature:58,0,814,419
primary,quantile__log_ridge_harq__B1,inner_fit,predicting,feature:59,0,0,419
primary,quantile__log_ridge_harq__B1,inner_fit,predicting,feature:6,0,0,419
primary,quantile__log_ridge_harq__B1,inner_fit,predicting,feature:60,0,0,419
primary,quantile__log_ridge_harq__B1,inner_fit,predicting,feature:61,0,0,419
primary,quantile__log_ridge_harq__B1,inner_fit,predicting,feature:62,0,0,419
primary,quantile__log_ridge_harq__B1,inner_fit,predicting,feature:63,0,1123,419
primary,quantile__log_ridge_harq__B1,inner_fit,predicting,feature:64,0,0,419
primary,quantile__log_ridge_harq__B1,inner_fit,predicting,feature:65,0,0,419
primary,quantile__log_ridge_harq__B1,inner_fit,predicting,feature:66,0,0,419
primary,quantile__log_ridge_harq__B1,inner_fit,predicting,feature:67,0,0,419
primary,quantile__log_ridge_harq__B1,inner_fit,predicting,feature:68,4042,0,419
primary,quantile__log_ridge_harq__B1,inner_fit,predicting,feature:69,0,0,419
primary,quantile__log_ridge_harq__B1,inner_fit,predicting,feature:7,0,0,419
primary,quantile__log_ridge_harq__B1,inner_fit,predicting,feature:70,0,0,419
primary,quantile__log_ridge_harq__B1,inner_fit,predicting,feature:71,0,0,419
primary,quantile__log_ridge_harq__B1,inner_fit,predicting,feature:72,0,0,419
primary,quantile__log_ridge_harq__B1,inner_fit,predicting,feature:73,0,0,419
primary,quantile__log_ridge_harq__B1,inner_fit,predicting,feature:8,0,0,419
primary,quantile__log_ridge_harq__B1,inner_fit,predicting,feature:9,0,30,419
primary,quantile__log_ridge_harq__B1,inner_fit,predicting,presence:29,3780,0,207
primary,quantile__log_ridge_harq__B1,inner_fit,predicting,presence:30,3780,0,207
primary,quantile__log_ridge_harq__B1,inner_fit,predicting,presence:31,3780,0,207
primary,quantile__log_ridge_harq__B1,inner_fit,predicting,presence:32,3780,0,207
primary,quantile__log_ridge_harq__B1,inner_fit,predicting,presence:33,9811,0,419
primary,quantile__log_ridge_harq__B1,inner_fit,predicting,presence:34,3780,0,207
primary,quantile__log_ridge_harq__B1,inner_fit,predicting,presence:35,3780,0,207
primary,quantile__log_ridge_harq__B1,inner_fit,predicting,presence:36,9811,0,419
primary,quantile__log_ridge_harq__B1,inner_fit,predicting,presence:37,3780,0,207
primary,quantile__log_ridge_harq__B1,inner_fit,predicting,presence:38,3780,0,207
primary,quantile__log_ridge_harq__B1,inner_fit,predicting,presence:39,3830,0,378
primary,quantile__log_ridge_harq__B1,inner_fit,predicting,presence:40,3780,0,207
primary,quantile__log_ridge_harq__B1,inner_fit,predicting,presence:41,3780,0,207
primary,quantile__log_ridge_harq__B1,inner_fit,predicting,presence:42,3780,0,207
primary,quantile__log_ridge_harq__B1,inner_fit,predicting,presence:43,0,0,419
primary,quantile__log_ridge_harq__B1,inner_fit,predicting,presence:44,0,0,419
primary,quantile__log_ridge_harq__B1,inner_fit,predicting,presence:45,0,0,419
primary,quantile__log_ridge_harq__B1,inner_fit,predicting,presence:46,0,0,419
primary,quantile__log_ridge_harq__B1,inner_fit,predicting,presence:47,0,0,419
primary,quantile__log_ridge_harq__B1,inner_fit,predicting,presence:48,0,0,419
primary,quantile__log_ridge_harq__B1,inner_fit,predicting,presence:49,0,0,419
primary,quantile__log_ridge_harq__B1,inner_fit,predicting,presence:50,0,0,419
primary,quantile__log_ridge_harq__B1,inner_fit,predicting,presence:51,0,0,419
primary,quantile__log_ridge_harq__B1,inner_fit,predicting,presence:52,0,0,419
primary,quantile__log_ridge_harq__B1,inner_fit,predicting,presence:53,31375,0,419
primary,quantile__log_ridge_harq__B1,inner_fit,predicting,presence:54,4537,0,419
primary,quantile__log_ridge_harq__B1,inner_fit,predicting,presence:55,4002,0,293
primary,quantile__log_ridge_harq__B1,inner_fit,predicting,presence:56,4223,0,419
primary,quantile__log_ridge_harq__B1,inner_fit,predicting,presence:57,0,0,419
primary,quantile__log_ridge_harq__B1,inner_fit,predicting,presence:58,16310,0,419
primary,quantile__log_ridge_harq__B1,inner_fit,predicting,presence:59,10514,0,419
primary,quantile__log_ridge_harq__B1,inner_fit,predicting,presence:60,4637,0,419
primary,quantile__log_ridge_harq__B1,inner_fit,predicting,presence:61,6664,0,419
primary,quantile__log_ridge_harq__B1,inner_fit,predicting,presence:62,22722,0,419
primary,quantile__log_ridge_harq__B1,inner_fit,predicting,presence:63,7115,0,419
primary,quantile__log_ridge_harq__B1,inner_fit,predicting,presence:64,27427,0,419
primary,quantile__log_ridge_harq__B1,inner_fit,predicting,presence:65,8856,0,419
primary,quantile__log_ridge_harq__B1,inner_fit,predicting,presence:66,22122,0,419
primary,quantile__log_ridge_harq__B1,inner_fit,predicting,presence:67,6411,0,419
primary,quantile__log_ridge_harq__B1,inner_fit,training,feature:0,30900,42720,419
primary,quantile__log_ridge_harq__B1,inner_fit,training,feature:1,0,20052,419
primary,quantile__log_ridge_harq__B1,inner_fit,training,feature:10,64657,66675,419
primary,quantile__log_ridge_harq__B1,inner_fit,training,feature:11,66990,55581,419
primary,quantile__log_ridge_harq__B1,inner_fit,training,feature:12,0,6468,419
primary,quantile__log_ridge_harq__B1,inner_fit,training,feature:13,0,2271,419
primary,quantile__log_ridge_harq__B1,inner_fit,training,feature:14,0,3314,419
primary,quantile__log_ridge_harq__B1,inner_fit,training,feature:15,79,4244,419
primary,quantile__log_ridge_harq__B1,inner_fit,training,feature:16,0,3341,419
primary,quantile__log_ridge_harq__B1,inner_fit,training,feature:17,380,2236,419
primary,quantile__log_ridge_harq__B1,inner_fit,training,feature:18,0,910,419
primary,quantile__log_ridge_harq__B1,inner_fit,training,feature:19,0,2260,419
primary,quantile__log_ridge_harq__B1,inner_fit,training,feature:2,41352,58068,419
primary,quantile__log_ridge_harq__B1,inner_fit,training,feature:20,0,0,419
primary,quantile__log_ridge_harq__B1,inner_fit,training,feature:21,0,0,419
primary,quantile__log_ridge_harq__B1,inner_fit,training,feature:22,0,3341,419
primary,quantile__log_ridge_harq__B1,inner_fit,training,feature:23,0,2260,419
primary,quantile__log_ridge_harq__B1,inner_fit,training,feature:24,0,910,419
primary,quantile__log_ridge_harq__B1,inner_fit,training,feature:25,0,0,419
primary,quantile__log_ridge_harq__B1,inner_fit,training,feature:26,0,0,419
primary,quantile__log_ridge_harq__B1,inner_fit,training,feature:27,0,0,419
primary,quantile__log_ridge_harq__B1,inner_fit,training,feature:28,62592,0,419
primary,quantile__log_ridge_harq__B1,inner_fit,training,feature:29,0,0,419
primary,quantile__log_ridge_harq__B1,inner_fit,training,feature:3,0,30870,419
primary,quantile__log_ridge_harq__B1,inner_fit,training,feature:30,0,0,419
primary,quantile__log_ridge_harq__B1,inner_fit,training,feature:31,0,0,419
primary,quantile__log_ridge_harq__B1,inner_fit,training,feature:32,146653,0,419
primary,quantile__log_ridge_harq__B1,inner_fit,training,feature:33,68956,597,419
primary,quantile__log_ridge_harq__B1,inner_fit,training,feature:34,0,0,419
primary,quantile__log_ridge_harq__B1,inner_fit,training,feature:35,21558,0,419
primary,quantile__log_ridge_harq__B1,inner_fit,training,feature:36,173983,108,419
primary,quantile__log_ridge_harq__B1,inner_fit,training,feature:37,0,0,419
primary,quantile__log_ridge_harq__B1,inner_fit,training,feature:38,0,0,419
primary,quantile__log_ridge_harq__B1,inner_fit,training,feature:39,56525,0,419
primary,quantile__log_ridge_harq__B1,inner_fit,training,feature:4,0,0,419
primary,quantile__log_ridge_harq__B1,inner_fit,training,feature:40,3530,111540,419
primary,quantile__log_ridge_harq__B1,inner_fit,training,feature:41,43980,419,419
primary,quantile__log_ridge_harq__B1,inner_fit,training,feature:42,0,0,419
primary,quantile__log_ridge_harq__B1,inner_fit,training,feature:43,3412,0,419
primary,quantile__log_ridge_harq__B1,inner_fit,training,feature:44,0,0,419
primary,quantile__log_ridge_harq__B1,inner_fit,training,feature:45,0,0,419
primary,quantile__log_ridge_harq__B1,inner_fit,training,feature:46,744,0,419
primary,quantile__log_ridge_harq__B1,inner_fit,training,feature:47,406483,7,419
primary,quantile__log_ridge_harq__B1,inner_fit,training,feature:48,0,0,419
primary,quantile__log_ridge_harq__B1,inner_fit,training,feature:49,0,13,419
primary,quantile__log_ridge_harq__B1,inner_fit,training,feature:5,0,0,419
primary,quantile__log_ridge_harq__B1,inner_fit,training,feature:50,0,0,419
primary,quantile__log_ridge_harq__B1,inner_fit,training,feature:51,0,0,419
primary,quantile__log_ridge_harq__B1,inner_fit,training,feature:52,0,10133,419
primary,quantile__log_ridge_harq__B1,inner_fit,training,feature:53,0,4,419
primary,quantile__log_ridge_harq__B1,inner_fit,training,feature:54,0,0,419
primary,quantile__log_ridge_harq__B1,inner_fit,training,feature:55,0,0,419
primary,quantile__log_ridge_harq__B1,inner_fit,training,feature:56,0,0,419
primary,quantile__log_ridge_harq__B1,inner_fit,training,feature:57,0,0,419
primary,quantile__log_ridge_harq__B1,inner_fit,training,feature:58,0,23241,419
primary,quantile__log_ridge_harq__B1,inner_fit,training,feature:59,0,0,419
primary,quantile__log_ridge_harq__B1,inner_fit,training,feature:6,0,0,419
primary,quantile__log_ridge_harq__B1,inner_fit,training,feature:60,0,0,419
primary,quantile__log_ridge_harq__B1,inner_fit,training,feature:61,0,0,419
primary,quantile__log_ridge_harq__B1,inner_fit,training,feature:62,0,0,419
primary,quantile__log_ridge_harq__B1,inner_fit,training,feature:63,0,50834,419
primary,quantile__log_ridge_harq__B1,inner_fit,training,feature:64,0,0,419
primary,quantile__log_ridge_harq__B1,inner_fit,training,feature:65,0,0,419
primary,quantile__log_ridge_harq__B1,inner_fit,training,feature:66,0,0,419
primary,quantile__log_ridge_harq__B1,inner_fit,training,feature:67,0,0,419
primary,quantile__log_ridge_harq__B1,inner_fit,training,feature:68,75320,0,419
primary,quantile__log_ridge_harq__B1,inner_fit,training,feature:69,0,0,419
primary,quantile__log_ridge_harq__B1,inner_fit,training,feature:7,0,0,419
primary,quantile__log_ridge_harq__B1,inner_fit,training,feature:70,0,0,419
primary,quantile__log_ridge_harq__B1,inner_fit,training,feature:71,0,0,419
primary,quantile__log_ridge_harq__B1,inner_fit,training,feature:72,0,0,419
primary,quantile__log_ridge_harq__B1,inner_fit,training,feature:73,0,0,419
primary,quantile__log_ridge_harq__B1,inner_fit,training,feature:8,0,0,419
primary,quantile__log_ridge_harq__B1,inner_fit,training,feature:9,0,790,419
primary,quantile__log_ridge_harq__B1,inner_fit,training,presence:29,70965,0,207
primary,quantile__log_ridge_harq__B1,inner_fit,training,presence:30,70965,0,207
primary,quantile__log_ridge_harq__B1,inner_fit,training,presence:31,70965,0,207
primary,quantile__log_ridge_harq__B1,inner_fit,training,presence:32,70965,0,207
primary,quantile__log_ridge_harq__B1,inner_fit,training,presence:33,310274,0,419
primary,quantile__log_ridge_harq__B1,inner_fit,training,presence:34,70965,0,207
primary,quantile__log_ridge_harq__B1,inner_fit,training,presence:35,70965,0,207
primary,quantile__log_ridge_harq__B1,inner_fit,training,presence:36,310274,0,419
primary,quantile__log_ridge_harq__B1,inner_fit,training,presence:37,70965,0,207
primary,quantile__log_ridge_harq__B1,inner_fit,training,presence:38,70965,0,207
primary,quantile__log_ridge_harq__B1,inner_fit,training,presence:39,71343,0,378
primary,quantile__log_ridge_harq__B1,inner_fit,training,presence:40,70965,0,207
primary,quantile__log_ridge_harq__B1,inner_fit,training,presence:41,70965,0,207
primary,quantile__log_ridge_harq__B1,inner_fit,training,presence:42,70965,0,207
primary,quantile__log_ridge_harq__B1,inner_fit,training,presence:43,0,0,419
primary,quantile__log_ridge_harq__B1,inner_fit,training,presence:44,0,0,419
primary,quantile__log_ridge_harq__B1,inner_fit,training,presence:45,0,0,419
primary,quantile__log_ridge_harq__B1,inner_fit,training,presence:46,0,0,419
primary,quantile__log_ridge_harq__B1,inner_fit,training,presence:47,0,0,419
primary,quantile__log_ridge_harq__B1,inner_fit,training,presence:48,0,0,419
primary,quantile__log_ridge_harq__B1,inner_fit,training,presence:49,0,0,419
primary,quantile__log_ridge_harq__B1,inner_fit,training,presence:50,0,0,419
primary,quantile__log_ridge_harq__B1,inner_fit,training,presence:51,0,0,419
primary,quantile__log_ridge_harq__B1,inner_fit,training,presence:52,0,0,419
primary,quantile__log_ridge_harq__B1,inner_fit,training,presence:53,909238,0,419
primary,quantile__log_ridge_harq__B1,inner_fit,training,presence:54,92739,0,419
primary,quantile__log_ridge_harq__B1,inner_fit,training,presence:55,75161,0,293
primary,quantile__log_ridge_harq__B1,inner_fit,training,presence:56,81705,0,419
primary,quantile__log_ridge_harq__B1,inner_fit,training,presence:57,0,0,419
primary,quantile__log_ridge_harq__B1,inner_fit,training,presence:58,560864,0,419
primary,quantile__log_ridge_harq__B1,inner_fit,training,presence:59,307504,0,419
primary,quantile__log_ridge_harq__B1,inner_fit,training,presence:60,98836,0,419
primary,quantile__log_ridge_harq__B1,inner_fit,training,presence:61,207528,0,419
primary,quantile__log_ridge_harq__B1,inner_fit,training,presence:62,758850,0,419
primary,quantile__log_ridge_harq__B1,inner_fit,training,presence:63,246677,0,419
primary,quantile__log_ridge_harq__B1,inner_fit,training,presence:64,1031141,0,419
primary,quantile__log_ridge_harq__B1,inner_fit,training,presence:65,293958,0,419
primary,quantile__log_ridge_harq__B1,inner_fit,training,presence:66,824706,0,419
primary,quantile__log_ridge_harq__B1,inner_fit,training,presence:67,203342,0,419
primary,quantile__log_ridge_harq__B1,refit,predicting,feature:0,174,168,419
primary,quantile__log_ridge_harq__B1,refit,predicting,feature:1,0,132,419
primary,quantile__log_ridge_harq__B1,refit,predicting,feature:10,241,229,419
primary,quantile__log_ridge_harq__B1,refit,predicting,feature:11,234,198,419
primary,quantile__log_ridge_harq__B1,refit,predicting,feature:12,0,11,419
primary,quantile__log_ridge_harq__B1,refit,predicting,feature:13,0,5,419
primary,quantile__log_ridge_harq__B1,refit,predicting,feature:14,0,10,419
primary,quantile__log_ridge_harq__B1,refit,predicting,feature:15,0,9,419
primary,quantile__log_ridge_harq__B1,refit,predicting,feature:16,0,11,419
primary,quantile__log_ridge_harq__B1,refit,predicting,feature:17,2,5,419
primary,quantile__log_ridge_harq__B1,refit,predicting,feature:18,0,0,419
primary,quantile__log_ridge_harq__B1,refit,predicting,feature:19,0,0,419
primary,quantile__log_ridge_harq__B1,refit,predicting,feature:2,198,228,419
primary,quantile__log_ridge_harq__B1,refit,predicting,feature:20,0,0,419
primary,quantile__log_ridge_harq__B1,refit,predicting,feature:21,0,0,419
primary,quantile__log_ridge_harq__B1,refit,predicting,feature:22,0,11,419
primary,quantile__log_ridge_harq__B1,refit,predicting,feature:23,0,0,419
primary,quantile__log_ridge_harq__B1,refit,predicting,feature:24,0,0,419
primary,quantile__log_ridge_harq__B1,refit,predicting,feature:25,0,0,419
primary,quantile__log_ridge_harq__B1,refit,predicting,feature:26,0,0,419
primary,quantile__log_ridge_harq__B1,refit,predicting,feature:27,0,0,419
primary,quantile__log_ridge_harq__B1,refit,predicting,feature:28,291,0,419
primary,quantile__log_ridge_harq__B1,refit,predicting,feature:29,0,0,419
primary,quantile__log_ridge_harq__B1,refit,predicting,feature:3,0,132,419
primary,quantile__log_ridge_harq__B1,refit,predicting,feature:30,0,0,419
primary,quantile__log_ridge_harq__B1,refit,predicting,feature:31,0,0,419
primary,quantile__log_ridge_harq__B1,refit,predicting,feature:32,468,0,419
primary,quantile__log_ridge_harq__B1,refit,predicting,feature:33,375,188,419
primary,quantile__log_ridge_harq__B1,refit,predicting,feature:34,0,0,419
primary,quantile__log_ridge_harq__B1,refit,predicting,feature:35,2,0,419
primary,quantile__log_ridge_harq__B1,refit,predicting,feature:36,781,2,419
primary,quantile__log_ridge_harq__B1,refit,predicting,feature:37,0,1,419
primary,quantile__log_ridge_harq__B1,refit,predicting,feature:38,0,0,419
primary,quantile__log_ridge_harq__B1,refit,predicting,feature:39,147,0,419
primary,quantile__log_ridge_harq__B1,refit,predicting,feature:4,0,0,419
primary,quantile__log_ridge_harq__B1,refit,predicting,feature:40,2,273,419
primary,quantile__log_ridge_harq__B1,refit,predicting,feature:41,171,0,419
primary,quantile__log_ridge_harq__B1,refit,predicting,feature:42,0,0,419
primary,quantile__log_ridge_harq__B1,refit,predicting,feature:43,57,0,419
primary,quantile__log_ridge_harq__B1,refit,predicting,feature:44,0,0,419
primary,quantile__log_ridge_harq__B1,refit,predicting,feature:45,0,0,419
primary,quantile__log_ridge_harq__B1,refit,predicting,feature:46,0,0,419
primary,quantile__log_ridge_harq__B1,refit,predicting,feature:47,2702,0,419
primary,quantile__log_ridge_harq__B1,refit,predicting,feature:48,0,0,419
primary,quantile__log_ridge_harq__B1,refit,predicting,feature:49,0,0,419
primary,quantile__log_ridge_harq__B1,refit,predicting,feature:5,0,0,419
primary,quantile__log_ridge_harq__B1,refit,predicting,feature:50,0,0,419
primary,quantile__log_ridge_harq__B1,refit,predicting,feature:51,0,0,419
primary,quantile__log_ridge_harq__B1,refit,predicting,feature:52,0,99,419
primary,quantile__log_ridge_harq__B1,refit,predicting,feature:53,0,0,419
primary,quantile__log_ridge_harq__B1,refit,predicting,feature:54,0,0,419
primary,quantile__log_ridge_harq__B1,refit,predicting,feature:55,0,0,419
primary,quantile__log_ridge_harq__B1,refit,predicting,feature:56,0,0,419
primary,quantile__log_ridge_harq__B1,refit,predicting,feature:57,0,0,419
primary,quantile__log_ridge_harq__B1,refit,predicting,feature:58,0,79,419
primary,quantile__log_ridge_harq__B1,refit,predicting,feature:59,0,0,419
primary,quantile__log_ridge_harq__B1,refit,predicting,feature:6,0,0,419
primary,quantile__log_ridge_harq__B1,refit,predicting,feature:60,0,0,419
primary,quantile__log_ridge_harq__B1,refit,predicting,feature:61,0,0,419
primary,quantile__log_ridge_harq__B1,refit,predicting,feature:62,0,0,419
primary,quantile__log_ridge_harq__B1,refit,predicting,feature:63,0,109,419
primary,quantile__log_ridge_harq__B1,refit,predicting,feature:64,0,0,419
primary,quantile__log_ridge_harq__B1,refit,predicting,feature:65,0,0,419
primary,quantile__log_ridge_harq__B1,refit,predicting,feature:66,0,0,419
primary,quantile__log_ridge_harq__B1,refit,predicting,feature:67,0,0,419
primary,quantile__log_ridge_harq__B1,refit,predicting,feature:68,405,0,419
primary,quantile__log_ridge_harq__B1,refit,predicting,feature:69,0,0,419
primary,quantile__log_ridge_harq__B1,refit,predicting,feature:7,0,0,419
primary,quantile__log_ridge_harq__B1,refit,predicting,feature:70,0,0,419
primary,quantile__log_ridge_harq__B1,refit,predicting,feature:71,0,0,419
primary,quantile__log_ridge_harq__B1,refit,predicting,feature:72,0,0,419
primary,quantile__log_ridge_harq__B1,refit,predicting,feature:73,0,0,419
primary,quantile__log_ridge_harq__B1,refit,predicting,feature:8,0,0,419
primary,quantile__log_ridge_harq__B1,refit,predicting,feature:9,0,1,419
primary,quantile__log_ridge_harq__B1,refit,predicting,presence:29,378,0,217
primary,quantile__log_ridge_harq__B1,refit,predicting,presence:30,378,0,217
primary,quantile__log_ridge_harq__B1,refit,predicting,presence:31,378,0,217
primary,quantile__log_ridge_harq__B1,refit,predicting,presence:32,378,0,217
primary,quantile__log_ridge_harq__B1,refit,predicting,presence:33,941,0,419
primary,quantile__log_ridge_harq__B1,refit,predicting,presence:34,378,0,217
primary,quantile__log_ridge_harq__B1,refit,predicting,presence:35,378,0,217
primary,quantile__log_ridge_harq__B1,refit,predicting,presence:36,941,0,419
primary,quantile__log_ridge_harq__B1,refit,predicting,presence:37,378,0,217
primary,quantile__log_ridge_harq__B1,refit,predicting,presence:38,378,0,217
primary,quantile__log_ridge_harq__B1,refit,predicting,presence:39,383,0,388
primary,quantile__log_ridge_harq__B1,refit,predicting,presence:40,378,0,217
primary,quantile__log_ridge_harq__B1,refit,predicting,presence:41,378,0,217
primary,quantile__log_ridge_harq__B1,refit,predicting,presence:42,378,0,217
primary,quantile__log_ridge_harq__B1,refit,predicting,presence:43,0,0,419
primary,quantile__log_ridge_harq__B1,refit,predicting,presence:44,0,0,419
primary,quantile__log_ridge_harq__B1,refit,predicting,presence:45,0,0,419
primary,quantile__log_ridge_harq__B1,refit,predicting,presence:46,0,0,419
primary,quantile__log_ridge_harq__B1,refit,predicting,presence:47,0,0,419
primary,quantile__log_ridge_harq__B1,refit,predicting,presence:48,0,0,419
primary,quantile__log_ridge_harq__B1,refit,predicting,presence:49,0,0,419
primary,quantile__log_ridge_harq__B1,refit,predicting,presence:50,0,0,419
primary,quantile__log_ridge_harq__B1,refit,predicting,presence:51,0,0,419
primary,quantile__log_ridge_harq__B1,refit,predicting,presence:52,0,0,419
primary,quantile__log_ridge_harq__B1,refit,predicting,presence:53,3122,0,419
primary,quantile__log_ridge_harq__B1,refit,predicting,presence:54,455,0,419
primary,quantile__log_ridge_harq__B1,refit,predicting,presence:55,401,0,303
primary,quantile__log_ridge_harq__B1,refit,predicting,presence:56,423,0,419
primary,quantile__log_ridge_harq__B1,refit,predicting,presence:57,0,0,419
primary,quantile__log_ridge_harq__B1,refit,predicting,presence:58,1591,0,419
primary,quantile__log_ridge_harq__B1,refit,predicting,presence:59,1026,0,419
primary,quantile__log_ridge_harq__B1,refit,predicting,presence:60,461,0,419
primary,quantile__log_ridge_harq__B1,refit,predicting,presence:61,649,0,419
primary,quantile__log_ridge_harq__B1,refit,predicting,presence:62,2232,0,419
primary,quantile__log_ridge_harq__B1,refit,predicting,presence:63,682,0,419
primary,quantile__log_ridge_harq__B1,refit,predicting,presence:64,2660,0,419
primary,quantile__log_ridge_harq__B1,refit,predicting,presence:65,858,0,419
primary,quantile__log_ridge_harq__B1,refit,predicting,presence:66,2144,0,419
primary,quantile__log_ridge_harq__B1,refit,predicting,presence:67,621,0,419
primary,quantile__log_ridge_harq__B1,refit,training,feature:0,32262,44478,419
primary,quantile__log_ridge_harq__B1,refit,training,feature:1,0,20712,419
primary,quantile__log_ridge_harq__B1,refit,training,feature:10,67030,69190,419
primary,quantile__log_ridge_harq__B1,refit,training,feature:11,69427,57693,419
primary,quantile__log_ridge_harq__B1,refit,training,feature:12,0,6778,419
primary,quantile__log_ridge_harq__B1,refit,training,feature:13,0,2391,419
primary,quantile__log_ridge_harq__B1,refit,training,feature:14,0,3547,419
primary,quantile__log_ridge_harq__B1,refit,training,feature:15,89,4504,419
primary,quantile__log_ridge_harq__B1,refit,training,feature:16,0,3548,419
primary,quantile__log_ridge_harq__B1,refit,training,feature:17,400,2356,419
primary,quantile__log_ridge_harq__B1,refit,training,feature:18,0,1560,419
primary,quantile__log_ridge_harq__B1,refit,training,feature:19,0,2695,419
primary,quantile__log_ridge_harq__B1,refit,training,feature:2,42972,60588,419
primary,quantile__log_ridge_harq__B1,refit,training,feature:20,0,0,419
primary,quantile__log_ridge_harq__B1,refit,training,feature:21,0,0,419
primary,quantile__log_ridge_harq__B1,refit,training,feature:22,0,3548,419
primary,quantile__log_ridge_harq__B1,refit,training,feature:23,0,2695,419
primary,quantile__log_ridge_harq__B1,refit,training,feature:24,0,1560,419
primary,quantile__log_ridge_harq__B1,refit,training,feature:25,0,0,419
primary,quantile__log_ridge_harq__B1,refit,training,feature:26,0,0,419
primary,quantile__log_ridge_harq__B1,refit,training,feature:27,0,0,419
primary,quantile__log_ridge_harq__B1,refit,training,feature:28,65213,0,419
primary,quantile__log_ridge_harq__B1,refit,training,feature:29,0,0,419
primary,quantile__log_ridge_harq__B1,refit,training,feature:3,0,31890,419
primary,quantile__log_ridge_harq__B1,refit,training,feature:30,0,0,419
primary,quantile__log_ridge_harq__B1,refit,training,feature:31,0,0,419
primary,quantile__log_ridge_harq__B1,refit,training,feature:32,152013,0,419
primary,quantile__log_ridge_harq__B1,refit,training,feature:33,72188,597,419
primary,quantile__log_ridge_harq__B1,refit,training,feature:34,0,0,419
primary,quantile__log_ridge_harq__B1,refit,training,feature:35,20604,0,419
primary,quantile__log_ridge_harq__B1,refit,training,feature:36,180287,118,419
primary,quantile__log_ridge_harq__B1,refit,training,feature:37,0,7,419
primary,quantile__log_ridge_harq__B1,refit,training,feature:38,0,0,419
primary,quantile__log_ridge_harq__B1,refit,training,feature:39,58024,0,419
primary,quantile__log_ridge_harq__B1,refit,training,feature:4,0,0,419
primary,quantile__log_ridge_harq__B1,refit,training,feature:40,3599,116514,419
primary,quantile__log_ridge_harq__B1,refit,training,feature:41,45090,419,419
primary,quantile__log_ridge_harq__B1,refit,training,feature:42,0,0,419
primary,quantile__log_ridge_harq__B1,refit,training,feature:43,1706,0,419
primary,quantile__log_ridge_harq__B1,refit,training,feature:44,0,0,419
primary,quantile__log_ridge_harq__B1,refit,training,feature:45,0,0,419
primary,quantile__log_ridge_harq__B1,refit,training,feature:46,0,0,419
primary,quantile__log_ridge_harq__B1,refit,training,feature:47,415710,0,419
primary,quantile__log_ridge_harq__B1,refit,training,feature:48,0,0,419
primary,quantile__log_ridge_harq__B1,refit,training,feature:49,0,0,419
primary,quantile__log_ridge_harq__B1,refit,training,feature:5,0,0,419
primary,quantile__log_ridge_harq__B1,refit,training,feature:50,0,0,419
primary,quantile__log_ridge_harq__B1,refit,training,feature:51,0,0,419
primary,quantile__log_ridge_harq__B1,refit,training,feature:52,0,10470,419
primary,quantile__log_ridge_harq__B1,refit,training,feature:53,0,4,419
primary,quantile__log_ridge_harq__B1,refit,training,feature:54,0,0,419
primary,quantile__log_ridge_harq__B1,refit,training,feature:55,0,0,419
primary,quantile__log_ridge_harq__B1,refit,training,feature:56,0,0,419
primary,quantile__log_ridge_harq__B1,refit,training,feature:57,0,0,419
primary,quantile__log_ridge_harq__B1,refit,training,feature:58,0,24537,419
primary,quantile__log_ridge_harq__B1,refit,training,feature:59,0,0,419
primary,quantile__log_ridge_harq__B1,refit,training,feature:6,0,0,419
primary,quantile__log_ridge_harq__B1,refit,training,feature:60,0,0,419
primary,quantile__log_ridge_harq__B1,refit,training,feature:61,0,0,419
primary,quantile__log_ridge_harq__B1,refit,training,feature:62,0,0,419
primary,quantile__log_ridge_harq__B1,refit,training,feature:63,0,53531,419
primary,quantile__log_ridge_harq__B1,refit,training,feature:64,0,0,419
primary,quantile__log_ridge_harq__B1,refit,training,feature:65,0,0,419
primary,quantile__log_ridge_harq__B1,refit,training,feature:66,0,0,419
primary,quantile__log_ridge_harq__B1,refit,training,feature:67,0,0,419
primary,quantile__log_ridge_harq__B1,refit,training,feature:68,79352,0,419
primary,quantile__log_ridge_harq__B1,refit,training,feature:69,0,0,419
primary,quantile__log_ridge_harq__B1,refit,training,feature:7,0,0,419
primary,quantile__log_ridge_harq__B1,refit,training,feature:70,0,0,419
primary,quantile__log_ridge_harq__B1,refit,training,feature:71,0,0,419
primary,quantile__log_ridge_harq__B1,refit,training,feature:72,0,0,419
primary,quantile__log_ridge_harq__B1,refit,training,feature:73,0,0,419
primary,quantile__log_ridge_harq__B1,refit,training,feature:8,0,0,419
primary,quantile__log_ridge_harq__B1,refit,training,feature:9,0,880,419
primary,quantile__log_ridge_harq__B1,refit,training,presence:29,74795,0,217
primary,quantile__log_ridge_harq__B1,refit,training,presence:30,74795,0,217
primary,quantile__log_ridge_harq__B1,refit,training,presence:31,74795,0,217
primary,quantile__log_ridge_harq__B1,refit,training,presence:32,74795,0,217
primary,quantile__log_ridge_harq__B1,refit,training,presence:33,320085,0,419
primary,quantile__log_ridge_harq__B1,refit,training,presence:34,74795,0,217
primary,quantile__log_ridge_harq__B1,refit,training,presence:35,74795,0,217
primary,quantile__log_ridge_harq__B1,refit,training,presence:36,320085,0,419
primary,quantile__log_ridge_harq__B1,refit,training,presence:37,74795,0,217
primary,quantile__log_ridge_harq__B1,refit,training,presence:38,74795,0,217
primary,quantile__log_ridge_harq__B1,refit,training,presence:39,75183,0,388
primary,quantile__log_ridge_harq__B1,refit,training,presence:40,74795,0,217
primary,quantile__log_ridge_harq__B1,refit,training,presence:41,74795,0,217
primary,quantile__log_ridge_harq__B1,refit,training,presence:42,74795,0,217
primary,quantile__log_ridge_harq__B1,refit,training,presence:43,0,0,419
primary,quantile__log_ridge_harq__B1,refit,training,presence:44,0,0,419
primary,quantile__log_ridge_harq__B1,refit,training,presence:45,0,0,419
primary,quantile__log_ridge_harq__B1,refit,training,presence:46,0,0,419
primary,quantile__log_ridge_harq__B1,refit,training,presence:47,0,0,419
primary,quantile__log_ridge_harq__B1,refit,training,presence:48,0,0,419
primary,quantile__log_ridge_harq__B1,refit,training,presence:49,0,0,419
primary,quantile__log_ridge_harq__B1,refit,training,presence:50,0,0,419
primary,quantile__log_ridge_harq__B1,refit,training,presence:51,0,0,419
primary,quantile__log_ridge_harq__B1,refit,training,presence:52,0,0,419
primary,quantile__log_ridge_harq__B1,refit,training,presence:53,940613,0,419
primary,quantile__log_ridge_harq__B1,refit,training,presence:54,97276,0,419
primary,quantile__log_ridge_harq__B1,refit,training,presence:55,79193,0,303
primary,quantile__log_ridge_harq__B1,refit,training,presence:56,85928,0,419
primary,quantile__log_ridge_harq__B1,refit,training,presence:57,0,0,419
primary,quantile__log_ridge_harq__B1,refit,training,presence:58,577174,0,419
primary,quantile__log_ridge_harq__B1,refit,training,presence:59,318018,0,419
primary,quantile__log_ridge_harq__B1,refit,training,presence:60,103473,0,419
primary,quantile__log_ridge_harq__B1,refit,training,presence:61,214192,0,419
primary,quantile__log_ridge_harq__B1,refit,training,presence:62,781572,0,419
primary,quantile__log_ridge_harq__B1,refit,training,presence:63,253792,0,419
primary,quantile__log_ridge_harq__B1,refit,training,presence:64,1066815,0,419
primary,quantile__log_ridge_harq__B1,refit,training,presence:65,302814,0,419
primary,quantile__log_ridge_harq__B1,refit,training,presence:66,846828,0,419
primary,quantile__log_ridge_harq__B1,refit,training,presence:67,209753,0,419
primary,quantile__log_ridge_harq__B2,inner_fit,predicting,feature:0,1914,1980,419
primary,quantile__log_ridge_harq__B2,inner_fit,predicting,feature:1,0,1410,419
primary,quantile__log_ridge_harq__B2,inner_fit,predicting,feature:10,2508,2378,419
primary,quantile__log_ridge_harq__B2,inner_fit,predicting,feature:100,3840,0,419
primary,quantile__log_ridge_harq__B2,inner_fit,predicting,feature:101,0,0,419
primary,quantile__log_ridge_harq__B2,inner_fit,predicting,feature:102,0,0,419
primary,quantile__log_ridge_harq__B2,inner_fit,predicting,feature:103,0,0,419
primary,quantile__log_ridge_harq__B2,inner_fit,predicting,feature:104,0,0,419
primary,quantile__log_ridge_harq__B2,inner_fit,predicting,feature:105,0,8263,419
primary,quantile__log_ridge_harq__B2,inner_fit,predicting,feature:106,0,0,419
primary,quantile__log_ridge_harq__B2,inner_fit,predicting,feature:107,0,588,419
primary,quantile__log_ridge_harq__B2,inner_fit,predicting,feature:108,2581,0,419
primary,quantile__log_ridge_harq__B2,inner_fit,predicting,feature:109,4108,0,419
primary,quantile__log_ridge_harq__B2,inner_fit,predicting,feature:11,2541,2130,419
primary,quantile__log_ridge_harq__B2,inner_fit,predicting,feature:110,0,15689,419
primary,quantile__log_ridge_harq__B2,inner_fit,predicting,feature:111,6290,4841,419
primary,quantile__log_ridge_harq__B2,inner_fit,predicting,feature:112,4090,0,419
primary,quantile__log_ridge_harq__B2,inner_fit,predicting,feature:113,0,11820,419
primary,quantile__log_ridge_harq__B2,inner_fit,predicting,feature:114,0,0,419
primary,quantile__log_ridge_harq__B2,inner_fit,predicting,feature:115,0,2408,419
primary,quantile__log_ridge_harq__B2,inner_fit,predicting,feature:116,0,2440,419
primary,quantile__log_ridge_harq__B2,inner_fit,predicting,feature:117,0,2428,419
primary,quantile__log_ridge_harq__B2,inner_fit,predicting,feature:118,0,0,419
primary,quantile__log_ridge_harq__B2,inner_fit,predicting,feature:119,4108,0,419
primary,quantile__log_ridge_harq__B2,inner_fit,predicting,feature:12,0,231,419
primary,quantile__log_ridge_harq__B2,inner_fit,predicting,feature:120,0,101,419
primary,quantile__log_ridge_harq__B2,inner_fit,predicting,feature:121,4108,0,419
primary,quantile__log_ridge_harq__B2,inner_fit,predicting,feature:122,0,7534,419
primary,quantile__log_ridge_harq__B2,inner_fit,predicting,feature:123,4108,10,419
primary,quantile__log_ridge_harq__B2,inner_fit,predicting,feature:124,0,0,419
primary,quantile__log_ridge_harq__B2,inner_fit,predicting,feature:125,0,0,419
primary,quantile__log_ridge_harq__B2,inner_fit,predicting,feature:126,0,0,419
primary,quantile__log_ridge_harq__B2,inner_fit,predicting,feature:127,0,0,419
primary,quantile__log_ridge_harq__B2,inner_fit,predicting,feature:128,0,784,419
primary,quantile__log_ridge_harq__B2,inner_fit,predicting,feature:129,20505,0,419
primary,quantile__log_ridge_harq__B2,inner_fit,predicting,feature:13,0,68,419
primary,quantile__log_ridge_harq__B2,inner_fit,predicting,feature:130,0,0,419
primary,quantile__log_ridge_harq__B2,inner_fit,predicting,feature:131,259,11989,419
primary,quantile__log_ridge_harq__B2,inner_fit,predicting,feature:132,0,0,419
primary,quantile__log_ridge_harq__B2,inner_fit,predicting,feature:133,0,0,419
primary,quantile__log_ridge_harq__B2,inner_fit,predicting,feature:134,0,0,419
primary,quantile__log_ridge_harq__B2,inner_fit,predicting,feature:135,0,0,419
primary,quantile__log_ridge_harq__B2,inner_fit,predicting,feature:136,0,4058,293
primary,quantile__log_ridge_harq__B2,inner_fit,predicting,feature:137,0,3780,207
primary,quantile__log_ridge_harq__B2,inner_fit,predicting,feature:138,0,0,419
primary,quantile__log_ridge_harq__B2,inner_fit,predicting,feature:139,0,0,419
primary,quantile__log_ridge_harq__B2,inner_fit,predicting,feature:14,0,116,419
primary,quantile__log_ridge_harq__B2,inner_fit,predicting,feature:140,0,0,419
primary,quantile__log_ridge_harq__B2,inner_fit,predicting,feature:141,0,0,419
primary,quantile__log_ridge_harq__B2,inner_fit,predicting,feature:142,0,0,419
primary,quantile__log_ridge_harq__B2,inner_fit,predicting,feature:15,0,115,419
primary,quantile__log_ridge_harq__B2,inner_fit,predicting,feature:16,0,110,419
primary,quantile__log_ridge_harq__B2,inner_fit,predicting,feature:17,20,59,419
primary,quantile__log_ridge_harq__B2,inner_fit,predicting,feature:18,0,0,419
primary,quantile__log_ridge_harq__B2,inner_fit,predicting,feature:19,0,0,419
primary,quantile__log_ridge_harq__B2,inner_fit,predicting,feature:2,3042,2976,419
primary,quantile__log_ridge_harq__B2,inner_fit,predicting,feature:20,0,0,419
primary,quantile__log_ridge_harq__B2,inner_fit,predicting,feature:21,0,0,419
primary,quantile__log_ridge_harq__B2,inner_fit,predicting,feature:22,0,110,419
primary,quantile__log_ridge_harq__B2,inner_fit,predicting,feature:23,0,0,419
primary,quantile__log_ridge_harq__B2,inner_fit,predicting,feature:24,0,0,419
primary,quantile__log_ridge_harq__B2,inner_fit,predicting,feature:25,0,0,419
primary,quantile__log_ridge_harq__B2,inner_fit,predicting,feature:26,0,0,419
primary,quantile__log_ridge_harq__B2,inner_fit,predicting,feature:27,0,0,419
primary,quantile__log_ridge_harq__B2,inner_fit,predicting,feature:28,3010,0,419
primary,quantile__log_ridge_harq__B2,inner_fit,predicting,feature:29,0,0,419
primary,quantile__log_ridge_harq__B2,inner_fit,predicting,feature:3,0,1374,419
primary,quantile__log_ridge_harq__B2,inner_fit,predicting,feature:30,0,0,419
primary,quantile__log_ridge_harq__B2,inner_fit,predicting,feature:31,0,0,419
primary,quantile__log_ridge_harq__B2,inner_fit,predicting,feature:32,4941,0,419
primary,quantile__log_ridge_harq__B2,inner_fit,predicting,feature:33,8084,3316,419
primary,quantile__log_ridge_harq__B2,inner_fit,predicting,feature:34,0,0,419
primary,quantile__log_ridge_harq__B2,inner_fit,predicting,feature:35,21,0,419
primary,quantile__log_ridge_harq__B2,inner_fit,predicting,feature:36,9264,20,419
primary,quantile__log_ridge_harq__B2,inner_fit,predicting,feature:37,0,7,419
primary,quantile__log_ridge_harq__B2,inner_fit,predicting,feature:38,0,0,419
primary,quantile__log_ridge_harq__B2,inner_fit,predicting,feature:39,1499,0,419
primary,quantile__log_ridge_harq__B2,inner_fit,predicting,feature:4,0,0,419
primary,quantile__log_ridge_harq__B2,inner_fit,predicting,feature:40,20,3087,419
primary,quantile__log_ridge_harq__B2,inner_fit,predicting,feature:41,1877,0,419
primary,quantile__log_ridge_harq__B2,inner_fit,predicting,feature:42,0,0,419
primary,quantile__log_ridge_harq__B2,inner_fit,predicting,feature:43,1408,0,419
primary,quantile__log_ridge_harq__B2,inner_fit,predicting,feature:44,0,0,419
primary,quantile__log_ridge_harq__B2,inner_fit,predicting,feature:45,0,0,419
primary,quantile__log_ridge_harq__B2,inner_fit,predicting,feature:46,317,0,419
primary,quantile__log_ridge_harq__B2,inner_fit,predicting,feature:47,27645,0,419
primary,quantile__log_ridge_harq__B2,inner_fit,predicting,feature:48,0,0,419
primary,quantile__log_ridge_harq__B2,inner_fit,predicting,feature:49,0,0,419
primary,quantile__log_ridge_harq__B2,inner_fit,predicting,feature:5,0,0,419
primary,quantile__log_ridge_harq__B2,inner_fit,predicting,feature:50,0,0,419
primary,quantile__log_ridge_harq__B2,inner_fit,predicting,feature:51,0,0,419
primary,quantile__log_ridge_harq__B2,inner_fit,predicting,feature:52,0,1022,419
primary,quantile__log_ridge_harq__B2,inner_fit,predicting,feature:53,0,0,419
primary,quantile__log_ridge_harq__B2,inner_fit,predicting,feature:54,0,0,419
primary,quantile__log_ridge_harq__B2,inner_fit,predicting,feature:55,0,0,419
primary,quantile__log_ridge_harq__B2,inner_fit,predicting,feature:56,0,0,419
primary,quantile__log_ridge_harq__B2,inner_fit,predicting,feature:57,0,0,419
primary,quantile__log_ridge_harq__B2,inner_fit,predicting,feature:58,0,814,419
primary,quantile__log_ridge_harq__B2,inner_fit,predicting,feature:59,0,0,419
primary,quantile__log_ridge_harq__B2,inner_fit,predicting,feature:6,0,0,419
primary,quantile__log_ridge_harq__B2,inner_fit,predicting,feature:60,0,0,419
primary,quantile__log_ridge_harq__B2,inner_fit,predicting,feature:61,0,0,419
primary,quantile__log_ridge_harq__B2,inner_fit,predicting,feature:62,0,0,419
primary,quantile__log_ridge_harq__B2,inner_fit,predicting,feature:63,0,1123,419
primary,quantile__log_ridge_harq__B2,inner_fit,predicting,feature:64,0,0,419
primary,quantile__log_ridge_harq__B2,inner_fit,predicting,feature:65,0,0,419
primary,quantile__log_ridge_harq__B2,inner_fit,predicting,feature:66,0,0,419
primary,quantile__log_ridge_harq__B2,inner_fit,predicting,feature:67,0,0,419
primary,quantile__log_ridge_harq__B2,inner_fit,predicting,feature:68,4042,0,419
primary,quantile__log_ridge_harq__B2,inner_fit,predicting,feature:69,0,160,419
primary,quantile__log_ridge_harq__B2,inner_fit,predicting,feature:7,0,0,419
primary,quantile__log_ridge_harq__B2,inner_fit,predicting,feature:70,4622,6092,419
primary,quantile__log_ridge_harq__B2,inner_fit,predicting,feature:71,0,0,419
primary,quantile__log_ridge_harq__B2,inner_fit,predicting,feature:72,0,0,419
primary,quantile__log_ridge_harq__B2,inner_fit,predicting,feature:73,0,7529,419
primary,quantile__log_ridge_harq__B2,inner_fit,predicting,feature:74,4108,0,419
primary,quantile__log_ridge_harq__B2,inner_fit,predicting,feature:75,0,9565,419
primary,quantile__log_ridge_harq__B2,inner_fit,predicting,feature:76,4108,0,419
primary,quantile__log_ridge_harq__B2,inner_fit,predicting,feature:77,0,0,419
primary,quantile__log_ridge_harq__B2,inner_fit,predicting,feature:78,0,0,419
primary,quantile__log_ridge_harq__B2,inner_fit,predicting,feature:79,0,10673,419
primary,quantile__log_ridge_harq__B2,inner_fit,predicting,feature:8,0,0,419
primary,quantile__log_ridge_harq__B2,inner_fit,predicting,feature:80,0,1157,419
primary,quantile__log_ridge_harq__B2,inner_fit,predicting,feature:81,3840,0,419
primary,quantile__log_ridge_harq__B2,inner_fit,predicting,feature:82,2491,5837,419
primary,quantile__log_ridge_harq__B2,inner_fit,predicting,feature:83,0,464,419
primary,quantile__log_ridge_harq__B2,inner_fit,predicting,feature:84,9366,4027,419
primary,quantile__log_ridge_harq__B2,inner_fit,predicting,feature:85,0,0,419
primary,quantile__log_ridge_harq__B2,inner_fit,predicting,feature:86,4090,0,419
primary,quantile__log_ridge_harq__B2,inner_fit,predicting,feature:87,0,0,419
primary,quantile__log_ridge_harq__B2,inner_fit,predicting,feature:88,0,0,419
primary,quantile__log_ridge_harq__B2,inner_fit,predicting,feature:89,0,4809,419
primary,quantile__log_ridge_harq__B2,inner_fit,predicting,feature:9,0,30,419
primary,quantile__log_ridge_harq__B2,inner_fit,predicting,feature:90,0,5539,419
primary,quantile__log_ridge_harq__B2,inner_fit,predicting,feature:91,0,2629,419
primary,quantile__log_ridge_harq__B2,inner_fit,predicting,feature:92,0,2157,419
primary,quantile__log_ridge_harq__B2,inner_fit,predicting,feature:93,3840,0,419
primary,quantile__log_ridge_harq__B2,inner_fit,predicting,feature:94,3840,0,419
primary,quantile__log_ridge_harq__B2,inner_fit,predicting,feature:95,0,914,419
primary,quantile__log_ridge_harq__B2,inner_fit,predicting,feature:96,3840,0,419
primary,quantile__log_ridge_harq__B2,inner_fit,predicting,feature:97,0,5524,419
primary,quantile__log_ridge_harq__B2,inner_fit,predicting,feature:98,3840,0,419
primary,quantile__log_ridge_harq__B2,inner_fit,predicting,feature:99,0,0,419
primary,quantile__log_ridge_harq__B2,inner_fit,predicting,presence:105,3780,0,207
primary,quantile__log_ridge_harq__B2,inner_fit,predicting,presence:107,3780,0,207
primary,quantile__log_ridge_harq__B2,inner_fit,predicting,presence:108,4058,0,293
primary,quantile__log_ridge_harq__B2,inner_fit,predicting,presence:110,4058,0,293
primary,quantile__log_ridge_harq__B2,inner_fit,predicting,presence:111,4058,0,293
primary,quantile__log_ridge_harq__B2,inner_fit,predicting,presence:113,4058,0,293
primary,quantile__log_ridge_harq__B2,inner_fit,predicting,presence:115,4058,0,293
primary,quantile__log_ridge_harq__B2,inner_fit,predicting,presence:116,4058,0,293
primary,quantile__log_ridge_harq__B2,inner_fit,predicting,presence:117,4058,0,293
primary,quantile__log_ridge_harq__B2,inner_fit,predicting,presence:118,4058,0,293
primary,quantile__log_ridge_harq__B2,inner_fit,predicting,presence:120,4058,0,293
primary,quantile__log_ridge_harq__B2,inner_fit,predicting,presence:122,4058,0,293
primary,quantile__log_ridge_harq__B2,inner_fit,predicting,presence:128,4058,0,293
primary,quantile__log_ridge_harq__B2,inner_fit,predicting,presence:129,3780,0,207
primary,quantile__log_ridge_harq__B2,inner_fit,predicting,presence:130,3780,0,207
primary,quantile__log_ridge_harq__B2,inner_fit,predicting,presence:131,3780,0,207
primary,quantile__log_ridge_harq__B2,inner_fit,predicting,presence:132,0,0,185
primary,quantile__log_ridge_harq__B2,inner_fit,predicting,presence:133,0,0,185
primary,quantile__log_ridge_harq__B2,inner_fit,predicting,presence:134,0,0,185
primary,quantile__log_ridge_harq__B2,inner_fit,predicting,presence:135,0,0,185
primary,quantile__log_ridge_harq__B2,inner_fit,predicting,presence:29,3780,0,207
primary,quantile__log_ridge_harq__B2,inner_fit,predicting,presence:30,3780,0,207
primary,quantile__log_ridge_harq__B2,inner_fit,predicting,presence:31,3780,0,207
primary,quantile__log_ridge_harq__B2,inner_fit,predicting,presence:32,3780,0,207
primary,quantile__log_ridge_harq__B2,inner_fit,predicting,presence:33,9811,0,419
primary,quantile__log_ridge_harq__B2,inner_fit,predicting,presence:34,3780,0,207
primary,quantile__log_ridge_harq__B2,inner_fit,predicting,presence:35,3780,0,207
primary,quantile__log_ridge_harq__B2,inner_fit,predicting,presence:36,9811,0,419
primary,quantile__log_ridge_harq__B2,inner_fit,predicting,presence:37,3780,0,207
primary,quantile__log_ridge_harq__B2,inner_fit,predicting,presence:38,3780,0,207
primary,quantile__log_ridge_harq__B2,inner_fit,predicting,presence:39,3830,0,378
primary,quantile__log_ridge_harq__B2,inner_fit,predicting,presence:40,3780,0,207
primary,quantile__log_ridge_harq__B2,inner_fit,predicting,presence:41,3780,0,207
primary,quantile__log_ridge_harq__B2,inner_fit,predicting,presence:42,3780,0,207
primary,quantile__log_ridge_harq__B2,inner_fit,predicting,presence:43,0,0,419
primary,quantile__log_ridge_harq__B2,inner_fit,predicting,presence:44,0,0,419
primary,quantile__log_ridge_harq__B2,inner_fit,predicting,presence:45,0,0,419
primary,quantile__log_ridge_harq__B2,inner_fit,predicting,presence:46,0,0,419
primary,quantile__log_ridge_harq__B2,inner_fit,predicting,presence:47,0,0,419
primary,quantile__log_ridge_harq__B2,inner_fit,predicting,presence:48,0,0,419
primary,quantile__log_ridge_harq__B2,inner_fit,predicting,presence:49,0,0,419
primary,quantile__log_ridge_harq__B2,inner_fit,predicting,presence:50,0,0,419
primary,quantile__log_ridge_harq__B2,inner_fit,predicting,presence:51,0,0,419
primary,quantile__log_ridge_harq__B2,inner_fit,predicting,presence:52,0,0,419
primary,quantile__log_ridge_harq__B2,inner_fit,predicting,presence:53,31375,0,419
primary,quantile__log_ridge_harq__B2,inner_fit,predicting,presence:54,4537,0,419
primary,quantile__log_ridge_harq__B2,inner_fit,predicting,presence:55,4002,0,293
primary,quantile__log_ridge_harq__B2,inner_fit,predicting,presence:56,4223,0,419
primary,quantile__log_ridge_harq__B2,inner_fit,predicting,presence:57,0,0,419
primary,quantile__log_ridge_harq__B2,inner_fit,predicting,presence:58,16310,0,419
primary,quantile__log_ridge_harq__B2,inner_fit,predicting,presence:59,10514,0,419
primary,quantile__log_ridge_harq__B2,inner_fit,predicting,presence:60,4637,0,419
primary,quantile__log_ridge_harq__B2,inner_fit,predicting,presence:61,6664,0,419
primary,quantile__log_ridge_harq__B2,inner_fit,predicting,presence:62,22722,0,419
primary,quantile__log_ridge_harq__B2,inner_fit,predicting,presence:63,7115,0,419
primary,quantile__log_ridge_harq__B2,inner_fit,predicting,presence:64,27427,0,419
primary,quantile__log_ridge_harq__B2,inner_fit,predicting,presence:65,8856,0,419
primary,quantile__log_ridge_harq__B2,inner_fit,predicting,presence:66,22122,0,419
primary,quantile__log_ridge_harq__B2,inner_fit,predicting,presence:67,6411,0,419
primary,quantile__log_ridge_harq__B2,inner_fit,predicting,presence:69,4058,0,293
primary,quantile__log_ridge_harq__B2,inner_fit,predicting,presence:70,4058,0,293
primary,quantile__log_ridge_harq__B2,inner_fit,predicting,presence:71,4058,0,293
primary,quantile__log_ridge_harq__B2,inner_fit,predicting,presence:73,4058,0,293
primary,quantile__log_ridge_harq__B2,inner_fit,predicting,presence:75,4058,0,293
primary,quantile__log_ridge_harq__B2,inner_fit,predicting,presence:79,4058,0,293
primary,quantile__log_ridge_harq__B2,inner_fit,predicting,presence:80,3780,0,207
primary,quantile__log_ridge_harq__B2,inner_fit,predicting,presence:82,3780,0,207
primary,quantile__log_ridge_harq__B2,inner_fit,predicting,presence:83,3780,0,207
primary,quantile__log_ridge_harq__B2,inner_fit,predicting,presence:84,3780,0,207
primary,quantile__log_ridge_harq__B2,inner_fit,predicting,presence:85,3780,0,207
primary,quantile__log_ridge_harq__B2,inner_fit,predicting,presence:89,3780,0,207
primary,quantile__log_ridge_harq__B2,inner_fit,predicting,presence:90,3780,0,207
primary,quantile__log_ridge_harq__B2,inner_fit,predicting,presence:91,3780,0,207
primary,quantile__log_ridge_harq__B2,inner_fit,predicting,presence:92,3780,0,207
primary,quantile__log_ridge_harq__B2,inner_fit,predicting,presence:95,3780,0,207
primary,quantile__log_ridge_harq__B2,inner_fit,predicting,presence:97,3780,0,207
primary,quantile__log_ridge_harq__B2,inner_fit,training,feature:0,30900,42720,419
primary,quantile__log_ridge_harq__B2,inner_fit,training,feature:1,0,20052,419
primary,quantile__log_ridge_harq__B2,inner_fit,training,feature:10,64657,66675,419
primary,quantile__log_ridge_harq__B2,inner_fit,training,feature:100,71172,0,419
primary,quantile__log_ridge_harq__B2,inner_fit,training,feature:101,0,0,419
primary,quantile__log_ridge_harq__B2,inner_fit,training,feature:102,0,0,419
primary,quantile__log_ridge_harq__B2,inner_fit,training,feature:103,0,0,419
primary,quantile__log_ridge_harq__B2,inner_fit,training,feature:104,0,0,419
primary,quantile__log_ridge_harq__B2,inner_fit,training,feature:105,0,159128,419
primary,quantile__log_ridge_harq__B2,inner_fit,training,feature:106,0,0,419
primary,quantile__log_ridge_harq__B2,inner_fit,training,feature:107,0,8106,419
primary,quantile__log_ridge_harq__B2,inner_fit,training,feature:108,80522,0,419
primary,quantile__log_ridge_harq__B2,inner_fit,training,feature:109,76823,0,419
primary,quantile__log_ridge_harq__B2,inner_fit,training,feature:11,66990,55581,419
primary,quantile__log_ridge_harq__B2,inner_fit,training,feature:110,0,458401,419
primary,quantile__log_ridge_harq__B2,inner_fit,training,feature:111,78818,100069,419
primary,quantile__log_ridge_harq__B2,inner_fit,training,feature:112,72799,0,419
primary,quantile__log_ridge_harq__B2,inner_fit,training,feature:113,0,293540,419
primary,quantile__log_ridge_harq__B2,inner_fit,training,feature:114,0,0,419
primary,quantile__log_ridge_harq__B2,inner_fit,training,feature:115,0,98269,419
primary,quantile__log_ridge_harq__B2,inner_fit,training,feature:116,0,57745,419
primary,quantile__log_ridge_harq__B2,inner_fit,training,feature:117,0,47568,419
primary,quantile__log_ridge_harq__B2,inner_fit,training,feature:118,0,0,419
primary,quantile__log_ridge_harq__B2,inner_fit,training,feature:119,76823,0,419
primary,quantile__log_ridge_harq__B2,inner_fit,training,feature:12,0,6468,419
primary,quantile__log_ridge_harq__B2,inner_fit,training,feature:120,0,2368,419
primary,quantile__log_ridge_harq__B2,inner_fit,training,feature:121,76823,0,419
primary,quantile__log_ridge_harq__B2,inner_fit,training,feature:122,0,260450,419
primary,quantile__log_ridge_harq__B2,inner_fit,training,feature:123,76823,123,419
primary,quantile__log_ridge_harq__B2,inner_fit,training,feature:124,0,0,419
primary,quantile__log_ridge_harq__B2,inner_fit,training,feature:125,0,0,419
primary,quantile__log_ridge_harq__B2,inner_fit,training,feature:126,0,0,419
primary,quantile__log_ridge_harq__B2,inner_fit,training,feature:127,0,0,419
primary,quantile__log_ridge_harq__B2,inner_fit,training,feature:128,0,14300,419
primary,quantile__log_ridge_harq__B2,inner_fit,training,feature:129,67318,0,419
primary,quantile__log_ridge_harq__B2,inner_fit,training,feature:13,0,2271,419
primary,quantile__log_ridge_harq__B2,inner_fit,training,feature:130,0,0,419
primary,quantile__log_ridge_harq__B2,inner_fit,training,feature:131,436,99382,419
primary,quantile__log_ridge_harq__B2,inner_fit,training,feature:132,0,0,419
primary,quantile__log_ridge_harq__B2,inner_fit,training,feature:133,0,0,419
primary,quantile__log_ridge_harq__B2,inner_fit,training,feature:134,0,0,419
primary,quantile__log_ridge_harq__B2,inner_fit,training,feature:135,0,0,419
primary,quantile__log_ridge_harq__B2,inner_fit,training,feature:136,0,76823,293
primary,quantile__log_ridge_harq__B2,inner_fit,training,feature:137,0,71172,207
primary,quantile__log_ridge_harq__B2,inner_fit,training,feature:138,0,0,419
primary,quantile__log_ridge_harq__B2,inner_fit,training,feature:139,0,0,419
primary,quantile__log_ridge_harq__B2,inner_fit,training,feature:14,0,3314,419
primary,quantile__log_ridge_harq__B2,inner_fit,training,feature:140,0,0,419
primary,quantile__log_ridge_harq__B2,inner_fit,training,feature:141,0,0,419
primary,quantile__log_ridge_harq__B2,inner_fit,training,feature:142,0,0,419
primary,quantile__log_ridge_harq__B2,inner_fit,training,feature:15,79,4244,419
primary,quantile__log_ridge_harq__B2,inner_fit,training,feature:16,0,3341,419
primary,quantile__log_ridge_harq__B2,inner_fit,training,feature:17,380,2236,419
primary,quantile__log_ridge_harq__B2,inner_fit,training,feature:18,0,910,419
primary,quantile__log_ridge_harq__B2,inner_fit,training,feature:19,0,2260,419
primary,quantile__log_ridge_harq__B2,inner_fit,training,feature:2,41352,58068,419
primary,quantile__log_ridge_harq__B2,inner_fit,training,feature:20,0,0,419
primary,quantile__log_ridge_harq__B2,inner_fit,training,feature:21,0,0,419
primary,quantile__log_ridge_harq__B2,inner_fit,training,feature:22,0,3341,419
primary,quantile__log_ridge_harq__B2,inner_fit,training,feature:23,0,2260,419
primary,quantile__log_ridge_harq__B2,inner_fit,training,feature:24,0,910,419
primary,quantile__log_ridge_harq__B2,inner_fit,training,feature:25,0,0,419
primary,quantile__log_ridge_harq__B2,inner_fit,training,feature:26,0,0,419
primary,quantile__log_ridge_harq__B2,inner_fit,training,feature:27,0,0,419
primary,quantile__log_ridge_harq__B2,inner_fit,training,feature:28,62592,0,419
primary,quantile__log_ridge_harq__B2,inner_fit,training,feature:29,0,0,419
primary,quantile__log_ridge_harq__B2,inner_fit,training,feature:3,0,30870,419
primary,quantile__log_ridge_harq__B2,inner_fit,training,feature:30,0,0,419
primary,quantile__log_ridge_harq__B2,inner_fit,training,feature:31,0,0,419
primary,quantile__log_ridge_harq__B2,inner_fit,training,feature:32,146653,0,419
primary,quantile__log_ridge_harq__B2,inner_fit,training,feature:33,68956,597,419
primary,quantile__log_ridge_harq__B2,inner_fit,training,feature:34,0,0,419
primary,quantile__log_ridge_harq__B2,inner_fit,training,feature:35,21558,0,419
primary,quantile__log_ridge_harq__B2,inner_fit,training,feature:36,173983,108,419
primary,quantile__log_ridge_harq__B2,inner_fit,training,feature:37,0,0,419
primary,quantile__log_ridge_harq__B2,inner_fit,training,feature:38,0,0,419
primary,quantile__log_ridge_harq__B2,inner_fit,training,feature:39,56525,0,419
primary,quantile__log_ridge_harq__B2,inner_fit,training,feature:4,0,0,419
primary,quantile__log_ridge_harq__B2,inner_fit,training,feature:40,3530,111540,419
primary,quantile__log_ridge_harq__B2,inner_fit,training,feature:41,43980,419,419
primary,quantile__log_ridge_harq__B2,inner_fit,training,feature:42,0,0,419
primary,quantile__log_ridge_harq__B2,inner_fit,training,feature:43,3412,0,419
primary,quantile__log_ridge_harq__B2,inner_fit,training,feature:44,0,0,419
primary,quantile__log_ridge_harq__B2,inner_fit,training,feature:45,0,0,419
primary,quantile__log_ridge_harq__B2,inner_fit,training,feature:46,744,0,419
primary,quantile__log_ridge_harq__B2,inner_fit,training,feature:47,406483,7,419
primary,quantile__log_ridge_harq__B2,inner_fit,training,feature:48,0,0,419
primary,quantile__log_ridge_harq__B2,inner_fit,training,feature:49,0,13,419
primary,quantile__log_ridge_harq__B2,inner_fit,training,feature:5,0,0,419
primary,quantile__log_ridge_harq__B2,inner_fit,training,feature:50,0,0,419
primary,quantile__log_ridge_harq__B2,inner_fit,training,feature:51,0,0,419
primary,quantile__log_ridge_harq__B2,inner_fit,training,feature:52,0,10133,419
primary,quantile__log_ridge_harq__B2,inner_fit,training,feature:53,0,4,419
primary,quantile__log_ridge_harq__B2,inner_fit,training,feature:54,0,0,419
primary,quantile__log_ridge_harq__B2,inner_fit,training,feature:55,0,0,419
primary,quantile__log_ridge_harq__B2,inner_fit,training,feature:56,0,0,419
primary,quantile__log_ridge_harq__B2,inner_fit,training,feature:57,0,0,419
primary,quantile__log_ridge_harq__B2,inner_fit,training,feature:58,0,23241,419
primary,quantile__log_ridge_harq__B2,inner_fit,training,feature:59,0,0,419
primary,quantile__log_ridge_harq__B2,inner_fit,training,feature:6,0,0,419
primary,quantile__log_ridge_harq__B2,inner_fit,training,feature:60,0,0,419
primary,quantile__log_ridge_harq__B2,inner_fit,training,feature:61,0,0,419
primary,quantile__log_ridge_harq__B2,inner_fit,training,feature:62,0,0,419
primary,quantile__log_ridge_harq__B2,inner_fit,training,feature:63,0,50834,419
primary,quantile__log_ridge_harq__B2,inner_fit,training,feature:64,0,0,419
primary,quantile__log_ridge_harq__B2,inner_fit,training,feature:65,0,0,419
primary,quantile__log_ridge_harq__B2,inner_fit,training,feature:66,0,0,419
primary,quantile__log_ridge_harq__B2,inner_fit,training,feature:67,0,0,419
primary,quantile__log_ridge_harq__B2,inner_fit,training,feature:68,75320,0,419
primary,quantile__log_ridge_harq__B2,inner_fit,training,feature:69,0,3669,419
primary,quantile__log_ridge_harq__B2,inner_fit,training,feature:7,0,0,419
primary,quantile__log_ridge_harq__B2,inner_fit,training,feature:70,123825,163313,419
primary,quantile__log_ridge_harq__B2,inner_fit,training,feature:71,0,0,419
primary,quantile__log_ridge_harq__B2,inner_fit,training,feature:72,0,0,419
primary,quantile__log_ridge_harq__B2,inner_fit,training,feature:73,0,185971,419
primary,quantile__log_ridge_harq__B2,inner_fit,training,feature:74,76823,0,419
primary,quantile__log_ridge_harq__B2,inner_fit,training,feature:75,0,314086,419
primary,quantile__log_ridge_harq__B2,inner_fit,training,feature:76,76823,0,419
primary,quantile__log_ridge_harq__B2,inner_fit,training,feature:77,0,0,419
primary,quantile__log_ridge_harq__B2,inner_fit,training,feature:78,0,0,419
primary,quantile__log_ridge_harq__B2,inner_fit,training,feature:79,0,210214,419
primary,quantile__log_ridge_harq__B2,inner_fit,training,feature:8,0,0,419
primary,quantile__log_ridge_harq__B2,inner_fit,training,feature:80,0,21775,419
primary,quantile__log_ridge_harq__B2,inner_fit,training,feature:81,71172,0,419
primary,quantile__log_ridge_harq__B2,inner_fit,training,feature:82,64444,144836,419
primary,quantile__log_ridge_harq__B2,inner_fit,training,feature:83,0,14548,419
primary,quantile__log_ridge_harq__B2,inner_fit,training,feature:84,75533,79393,419
primary,quantile__log_ridge_harq__B2,inner_fit,training,feature:85,0,0,419
primary,quantile__log_ridge_harq__B2,inner_fit,training,feature:86,72799,0,419
primary,quantile__log_ridge_harq__B2,inner_fit,training,feature:87,0,0,419
primary,quantile__log_ridge_harq__B2,inner_fit,training,feature:88,0,0,419
primary,quantile__log_ridge_harq__B2,inner_fit,training,feature:89,0,101081,419
primary,quantile__log_ridge_harq__B2,inner_fit,training,feature:9,0,790,419
primary,quantile__log_ridge_harq__B2,inner_fit,training,feature:90,0,133857,419
primary,quantile__log_ridge_harq__B2,inner_fit,training,feature:91,0,53064,419
primary,quantile__log_ridge_harq__B2,inner_fit,training,feature:92,0,36355,419
primary,quantile__log_ridge_harq__B2,inner_fit,training,feature:93,71172,0,419
primary,quantile__log_ridge_harq__B2,inner_fit,training,feature:94,71172,0,419
primary,quantile__log_ridge_harq__B2,inner_fit,training,feature:95,0,15666,419
primary,quantile__log_ridge_harq__B2,inner_fit,training,feature:96,71172,0,419
primary,quantile__log_ridge_harq__B2,inner_fit,training,feature:97,0,201344,419
primary,quantile__log_ridge_harq__B2,inner_fit,training,feature:98,71172,0,419
primary,quantile__log_ridge_harq__B2,inner_fit,training,feature:99,0,0,419
primary,quantile__log_ridge_harq__B2,inner_fit,training,presence:105,71172,0,207
primary,quantile__log_ridge_harq__B2,inner_fit,training,presence:107,71172,0,207
primary,quantile__log_ridge_harq__B2,inner_fit,training,presence:108,76823,0,293
primary,quantile__log_ridge_harq__B2,inner_fit,training,presence:110,76823,0,293
primary,quantile__log_ridge_harq__B2,inner_fit,training,presence:111,76823,0,293
primary,quantile__log_ridge_harq__B2,inner_fit,training,presence:113,76823,0,293
primary,quantile__log_ridge_harq__B2,inner_fit,training,presence:115,76823,0,293
primary,quantile__log_ridge_harq__B2,inner_fit,training,presence:116,76823,0,293
primary,quantile__log_ridge_harq__B2,inner_fit,training,presence:117,76823,0,293
primary,quantile__log_ridge_harq__B2,inner_fit,training,presence:118,76823,0,293
primary,quantile__log_ridge_harq__B2,inner_fit,training,presence:120,76823,0,293
primary,quantile__log_ridge_harq__B2,inner_fit,training,presence:122,76823,0,293
primary,quantile__log_ridge_harq__B2,inner_fit,training,presence:128,76823,0,293
primary,quantile__log_ridge_harq__B2,inner_fit,training,presence:129,70965,0,207
primary,quantile__log_ridge_harq__B2,inner_fit,training,presence:130,70965,0,207
primary,quantile__log_ridge_harq__B2,inner_fit,training,presence:131,70965,0,207
primary,quantile__log_ridge_harq__B2,inner_fit,training,presence:132,69930,0,185
primary,quantile__log_ridge_harq__B2,inner_fit,training,presence:133,69930,0,185
primary,quantile__log_ridge_harq__B2,inner_fit,training,presence:134,69930,0,185
primary,quantile__log_ridge_harq__B2,inner_fit,training,presence:135,69930,0,185
primary,quantile__log_ridge_harq__B2,inner_fit,training,presence:29,70965,0,207
primary,quantile__log_ridge_harq__B2,inner_fit,training,presence:30,70965,0,207
primary,quantile__log_ridge_harq__B2,inner_fit,training,presence:31,70965,0,207
primary,quantile__log_ridge_harq__B2,inner_fit,training,presence:32,70965,0,207
primary,quantile__log_ridge_harq__B2,inner_fit,training,presence:33,310274,0,419
primary,quantile__log_ridge_harq__B2,inner_fit,training,presence:34,70965,0,207
primary,quantile__log_ridge_harq__B2,inner_fit,training,presence:35,70965,0,207
primary,quantile__log_ridge_harq__B2,inner_fit,training,presence:36,310274,0,419
primary,quantile__log_ridge_harq__B2,inner_fit,training,presence:37,70965,0,207
primary,quantile__log_ridge_harq__B2,inner_fit,training,presence:38,70965,0,207
primary,quantile__log_ridge_harq__B2,inner_fit,training,presence:39,71343,0,378
primary,quantile__log_ridge_harq__B2,inner_fit,training,presence:40,70965,0,207
primary,quantile__log_ridge_harq__B2,inner_fit,training,presence:41,70965,0,207
primary,quantile__log_ridge_harq__B2,inner_fit,training,presence:42,70965,0,207
primary,quantile__log_ridge_harq__B2,inner_fit,training,presence:43,0,0,419
primary,quantile__log_ridge_harq__B2,inner_fit,training,presence:44,0,0,419
primary,quantile__log_ridge_harq__B2,inner_fit,training,presence:45,0,0,419
primary,quantile__log_ridge_harq__B2,inner_fit,training,presence:46,0,0,419
primary,quantile__log_ridge_harq__B2,inner_fit,training,presence:47,0,0,419
primary,quantile__log_ridge_harq__B2,inner_fit,training,presence:48,0,0,419
primary,quantile__log_ridge_harq__B2,inner_fit,training,presence:49,0,0,419
primary,quantile__log_ridge_harq__B2,inner_fit,training,presence:50,0,0,419
primary,quantile__log_ridge_harq__B2,inner_fit,training,presence:51,0,0,419
primary,quantile__log_ridge_harq__B2,inner_fit,training,presence:52,0,0,419
primary,quantile__log_ridge_harq__B2,inner_fit,training,presence:53,909238,0,419
primary,quantile__log_ridge_harq__B2,inner_fit,training,presence:54,92739,0,419
primary,quantile__log_ridge_harq__B2,inner_fit,training,presence:55,75161,0,293
primary,quantile__log_ridge_harq__B2,inner_fit,training,presence:56,81705,0,419
primary,quantile__log_ridge_harq__B2,inner_fit,training,presence:57,0,0,419
primary,quantile__log_ridge_harq__B2,inner_fit,training,presence:58,560864,0,419
primary,quantile__log_ridge_harq__B2,inner_fit,training,presence:59,307504,0,419
primary,quantile__log_ridge_harq__B2,inner_fit,training,presence:60,98836,0,419
primary,quantile__log_ridge_harq__B2,inner_fit,training,presence:61,207528,0,419
primary,quantile__log_ridge_harq__B2,inner_fit,training,presence:62,758850,0,419
primary,quantile__log_ridge_harq__B2,inner_fit,training,presence:63,246677,0,419
primary,quantile__log_ridge_harq__B2,inner_fit,training,presence:64,1031141,0,419
primary,quantile__log_ridge_harq__B2,inner_fit,training,presence:65,293958,0,419
primary,quantile__log_ridge_harq__B2,inner_fit,training,presence:66,824706,0,419
primary,quantile__log_ridge_harq__B2,inner_fit,training,presence:67,203342,0,419
primary,quantile__log_ridge_harq__B2,inner_fit,training,presence:69,76823,0,293
primary,quantile__log_ridge_harq__B2,inner_fit,training,presence:70,76823,0,293
primary,quantile__log_ridge_harq__B2,inner_fit,training,presence:71,76823,0,293
primary,quantile__log_ridge_harq__B2,inner_fit,training,presence:73,76823,0,293
primary,quantile__log_ridge_harq__B2,inner_fit,training,presence:75,76823,0,293
primary,quantile__log_ridge_harq__B2,inner_fit,training,presence:79,76823,0,293
primary,quantile__log_ridge_harq__B2,inner_fit,training,presence:80,71172,0,207
primary,quantile__log_ridge_harq__B2,inner_fit,training,presence:82,71172,0,207
primary,quantile__log_ridge_harq__B2,inner_fit,training,presence:83,71172,0,207
primary,quantile__log_ridge_harq__B2,inner_fit,training,presence:84,71172,0,207
primary,quantile__log_ridge_harq__B2,inner_fit,training,presence:85,71172,0,207
primary,quantile__log_ridge_harq__B2,inner_fit,training,presence:89,71172,0,207
primary,quantile__log_ridge_harq__B2,inner_fit,training,presence:90,71172,0,207
primary,quantile__log_ridge_harq__B2,inner_fit,training,presence:91,71172,0,207
primary,quantile__log_ridge_harq__B2,inner_fit,training,presence:92,71172,0,207
primary,quantile__log_ridge_harq__B2,inner_fit,training,presence:95,71172,0,207
primary,quantile__log_ridge_harq__B2,inner_fit,training,presence:97,71172,0,207
primary,quantile__log_ridge_harq__B2,refit,predicting,feature:0,174,168,419
primary,quantile__log_ridge_harq__B2,refit,predicting,feature:1,0,132,419
primary,quantile__log_ridge_harq__B2,refit,predicting,feature:10,241,229,419
primary,quantile__log_ridge_harq__B2,refit,predicting,feature:100,384,0,419
primary,quantile__log_ridge_harq__B2,refit,predicting,feature:101,0,0,419
primary,quantile__log_ridge_harq__B2,refit,predicting,feature:102,0,0,419
primary,quantile__log_ridge_harq__B2,refit,predicting,feature:103,0,0,419
primary,quantile__log_ridge_harq__B2,refit,predicting,feature:104,0,0,419
primary,quantile__log_ridge_harq__B2,refit,predicting,feature:105,0,829,419
primary,quantile__log_ridge_harq__B2,refit,predicting,feature:106,0,0,419
primary,quantile__log_ridge_harq__B2,refit,predicting,feature:107,0,67,419
primary,quantile__log_ridge_harq__B2,refit,predicting,feature:108,256,0,419
primary,quantile__log_ridge_harq__B2,refit,predicting,feature:109,412,0,419
primary,quantile__log_ridge_harq__B2,refit,predicting,feature:11,234,198,419
primary,quantile__log_ridge_harq__B2,refit,predicting,feature:110,0,1557,419
primary,quantile__log_ridge_harq__B2,refit,predicting,feature:111,640,482,419
primary,quantile__log_ridge_harq__B2,refit,predicting,feature:112,405,0,419
primary,quantile__log_ridge_harq__B2,refit,predicting,feature:113,0,1170,419
primary,quantile__log_ridge_harq__B2,refit,predicting,feature:114,0,0,419
primary,quantile__log_ridge_harq__B2,refit,predicting,feature:115,0,233,419
primary,quantile__log_ridge_harq__B2,refit,predicting,feature:116,0,243,419
primary,quantile__log_ridge_harq__B2,refit,predicting,feature:117,0,241,419
primary,quantile__log_ridge_harq__B2,refit,predicting,feature:118,0,0,419
primary,quantile__log_ridge_harq__B2,refit,predicting,feature:119,412,0,419
primary,quantile__log_ridge_harq__B2,refit,predicting,feature:12,0,11,419
primary,quantile__log_ridge_harq__B2,refit,predicting,feature:120,0,11,419
primary,quantile__log_ridge_harq__B2,refit,predicting,feature:121,412,0,419
primary,quantile__log_ridge_harq__B2,refit,predicting,feature:122,0,753,419
primary,quantile__log_ridge_harq__B2,refit,predicting,feature:123,412,1,419
primary,quantile__log_ridge_harq__B2,refit,predicting,feature:124,0,0,419
primary,quantile__log_ridge_harq__B2,refit,predicting,feature:125,0,0,419
primary,quantile__log_ridge_harq__B2,refit,predicting,feature:126,0,0,419
primary,quantile__log_ridge_harq__B2,refit,predicting,feature:127,0,0,419
primary,quantile__log_ridge_harq__B2,refit,predicting,feature:128,0,81,419
primary,quantile__log_ridge_harq__B2,refit,predicting,feature:129,1203,0,419
primary,quantile__log_ridge_harq__B2,refit,predicting,feature:13,0,5,419
primary,quantile__log_ridge_harq__B2,refit,predicting,feature:130,0,0,419
primary,quantile__log_ridge_harq__B2,refit,predicting,feature:131,0,1059,419
primary,quantile__log_ridge_harq__B2,refit,predicting,feature:132,0,0,419
primary,quantile__log_ridge_harq__B2,refit,predicting,feature:133,0,0,419
primary,quantile__log_ridge_harq__B2,refit,predicting,feature:134,0,0,419
primary,quantile__log_ridge_harq__B2,refit,predicting,feature:135,0,0,419
primary,quantile__log_ridge_harq__B2,refit,predicting,feature:136,0,407,303
primary,quantile__log_ridge_harq__B2,refit,predicting,feature:137,0,378,217
primary,quantile__log_ridge_harq__B2,refit,predicting,feature:138,0,0,419
primary,quantile__log_ridge_harq__B2,refit,predicting,feature:139,0,0,419
primary,quantile__log_ridge_harq__B2,refit,predicting,feature:14,0,10,419
primary,quantile__log_ridge_harq__B2,refit,predicting,feature:140,0,0,419
primary,quantile__log_ridge_harq__B2,refit,predicting,feature:141,0,0,419
primary,quantile__log_ridge_harq__B2,refit,predicting,feature:142,0,0,419
primary,quantile__log_ridge_harq__B2,refit,predicting,feature:15,0,9,419
primary,quantile__log_ridge_harq__B2,refit,predicting,feature:16,0,11,419
primary,quantile__log_ridge_harq__B2,refit,predicting,feature:17,2,5,419
primary,quantile__log_ridge_harq__B2,refit,predicting,feature:18,0,0,419
primary,quantile__log_ridge_harq__B2,refit,predicting,feature:19,0,0,419
primary,quantile__log_ridge_harq__B2,refit,predicting,feature:2,198,228,419
primary,quantile__log_ridge_harq__B2,refit,predicting,feature:20,0,0,419
primary,quantile__log_ridge_harq__B2,refit,predicting,feature:21,0,0,419
primary,quantile__log_ridge_harq__B2,refit,predicting,feature:22,0,11,419
primary,quantile__log_ridge_harq__B2,refit,predicting,feature:23,0,0,419
primary,quantile__log_ridge_harq__B2,refit,predicting,feature:24,0,0,419
primary,quantile__log_ridge_harq__B2,refit,predicting,feature:25,0,0,419
primary,quantile__log_ridge_harq__B2,refit,predicting,feature:26,0,0,419
primary,quantile__log_ridge_harq__B2,refit,predicting,feature:27,0,0,419
primary,quantile__log_ridge_harq__B2,refit,predicting,feature:28,291,0,419
primary,quantile__log_ridge_harq__B2,refit,predicting,feature:29,0,0,419
primary,quantile__log_ridge_harq__B2,refit,predicting,feature:3,0,132,419
primary,quantile__log_ridge_harq__B2,refit,predicting,feature:30,0,0,419
primary,quantile__log_ridge_harq__B2,refit,predicting,feature:31,0,0,419
primary,quantile__log_ridge_harq__B2,refit,predicting,feature:32,468,0,419
primary,quantile__log_ridge_harq__B2,refit,predicting,feature:33,375,188,419
primary,quantile__log_ridge_harq__B2,refit,predicting,feature:34,0,0,419
primary,quantile__log_ridge_harq__B2,refit,predicting,feature:35,2,0,419
primary,quantile__log_ridge_harq__B2,refit,predicting,feature:36,781,2,419
primary,quantile__log_ridge_harq__B2,refit,predicting,feature:37,0,1,419
primary,quantile__log_ridge_harq__B2,refit,predicting,feature:38,0,0,419
primary,quantile__log_ridge_harq__B2,refit,predicting,feature:39,147,0,419
primary,quantile__log_ridge_harq__B2,refit,predicting,feature:4,0,0,419
primary,quantile__log_ridge_harq__B2,refit,predicting,feature:40,2,273,419
primary,quantile__log_ridge_harq__B2,refit,predicting,feature:41,171,0,419
primary,quantile__log_ridge_harq__B2,refit,predicting,feature:42,0,0,419
primary,quantile__log_ridge_harq__B2,refit,predicting,feature:43,57,0,419
primary,quantile__log_ridge_harq__B2,refit,predicting,feature:44,0,0,419
primary,quantile__log_ridge_harq__B2,refit,predicting,feature:45,0,0,419
primary,quantile__log_ridge_harq__B2,refit,predicting,feature:46,0,0,419
primary,quantile__log_ridge_harq__B2,refit,predicting,feature:47,2702,0,419
primary,quantile__log_ridge_harq__B2,refit,predicting,feature:48,0,0,419
primary,quantile__log_ridge_harq__B2,refit,predicting,feature:49,0,0,419
primary,quantile__log_ridge_harq__B2,refit,predicting,feature:5,0,0,419
primary,quantile__log_ridge_harq__B2,refit,predicting,feature:50,0,0,419
primary,quantile__log_ridge_harq__B2,refit,predicting,feature:51,0,0,419
primary,quantile__log_ridge_harq__B2,refit,predicting,feature:52,0,99,419
primary,quantile__log_ridge_harq__B2,refit,predicting,feature:53,0,0,419
primary,quantile__log_ridge_harq__B2,refit,predicting,feature:54,0,0,419
primary,quantile__log_ridge_harq__B2,refit,predicting,feature:55,0,0,419
primary,quantile__log_ridge_harq__B2,refit,predicting,feature:56,0,0,419
primary,quantile__log_ridge_harq__B2,refit,predicting,feature:57,0,0,419
primary,quantile__log_ridge_harq__B2,refit,predicting,feature:58,0,79,419
primary,quantile__log_ridge_harq__B2,refit,predicting,feature:59,0,0,419
primary,quantile__log_ridge_harq__B2,refit,predicting,feature:6,0,0,419
primary,quantile__log_ridge_harq__B2,refit,predicting,feature:60,0,0,419
primary,quantile__log_ridge_harq__B2,refit,predicting,feature:61,0,0,419
primary,quantile__log_ridge_harq__B2,refit,predicting,feature:62,0,0,419
primary,quantile__log_ridge_harq__B2,refit,predicting,feature:63,0,109,419
primary,quantile__log_ridge_harq__B2,refit,predicting,feature:64,0,0,419
primary,quantile__log_ridge_harq__B2,refit,predicting,feature:65,0,0,419
primary,quantile__log_ridge_harq__B2,refit,predicting,feature:66,0,0,419
primary,quantile__log_ridge_harq__B2,refit,predicting,feature:67,0,0,419
primary,quantile__log_ridge_harq__B2,refit,predicting,feature:68,405,0,419
primary,quantile__log_ridge_harq__B2,refit,predicting,feature:69,0,16,419
primary,quantile__log_ridge_harq__B2,refit,predicting,feature:7,0,0,419
primary,quantile__log_ridge_harq__B2,refit,predicting,feature:70,445,600,419
primary,quantile__log_ridge_harq__B2,refit,predicting,feature:71,0,0,419
primary,quantile__log_ridge_harq__B2,refit,predicting,feature:72,0,0,419
primary,quantile__log_ridge_harq__B2,refit,predicting,feature:73,0,747,419
primary,quantile__log_ridge_harq__B2,refit,predicting,feature:74,412,0,419
primary,quantile__log_ridge_harq__B2,refit,predicting,feature:75,0,947,419
primary,quantile__log_ridge_harq__B2,refit,predicting,feature:76,412,0,419
primary,quantile__log_ridge_harq__B2,refit,predicting,feature:77,0,0,419
primary,quantile__log_ridge_harq__B2,refit,predicting,feature:78,0,0,419
primary,quantile__log_ridge_harq__B2,refit,predicting,feature:79,0,1068,419
primary,quantile__log_ridge_harq__B2,refit,predicting,feature:8,0,0,419
primary,quantile__log_ridge_harq__B2,refit,predicting,feature:80,0,116,419
primary,quantile__log_ridge_harq__B2,refit,predicting,feature:81,384,0,419
primary,quantile__log_ridge_harq__B2,refit,predicting,feature:82,243,589,419
primary,quantile__log_ridge_harq__B2,refit,predicting,feature:83,0,44,419
primary,quantile__log_ridge_harq__B2,refit,predicting,feature:84,946,407,419
primary,quantile__log_ridge_harq__B2,refit,predicting,feature:85,0,0,419
primary,quantile__log_ridge_harq__B2,refit,predicting,feature:86,405,0,419
primary,quantile__log_ridge_harq__B2,refit,predicting,feature:87,0,0,419
primary,quantile__log_ridge_harq__B2,refit,predicting,feature:88,0,0,419
primary,quantile__log_ridge_harq__B2,refit,predicting,feature:89,0,483,419
primary,quantile__log_ridge_harq__B2,refit,predicting,feature:9,0,1,419
primary,quantile__log_ridge_harq__B2,refit,predicting,feature:90,0,543,419
primary,quantile__log_ridge_harq__B2,refit,predicting,feature:91,0,269,419
primary,quantile__log_ridge_harq__B2,refit,predicting,feature:92,0,215,419
primary,quantile__log_ridge_harq__B2,refit,predicting,feature:93,384,0,419
primary,quantile__log_ridge_harq__B2,refit,predicting,feature:94,384,0,419
primary,quantile__log_ridge_harq__B2,refit,predicting,feature:95,0,92,419
primary,quantile__log_ridge_harq__B2,refit,predicting,feature:96,384,0,419
primary,quantile__log_ridge_harq__B2,refit,predicting,feature:97,0,557,419
primary,quantile__log_ridge_harq__B2,refit,predicting,feature:98,384,0,419
primary,quantile__log_ridge_harq__B2,refit,predicting,feature:99,0,0,419
primary,quantile__log_ridge_harq__B2,refit,predicting,presence:105,378,0,217
primary,quantile__log_ridge_harq__B2,refit,predicting,presence:107,378,0,217
primary,quantile__log_ridge_harq__B2,refit,predicting,presence:108,407,0,303
primary,quantile__log_ridge_harq__B2,refit,predicting,presence:110,407,0,303
primary,quantile__log_ridge_harq__B2,refit,predicting,presence:111,407,0,303
primary,quantile__log_ridge_harq__B2,refit,predicting,presence:113,407,0,303
primary,quantile__log_ridge_harq__B2,refit,predicting,presence:115,407,0,303
primary,quantile__log_ridge_harq__B2,refit,predicting,presence:116,407,0,303
primary,quantile__log_ridge_harq__B2,refit,predicting,presence:117,407,0,303
primary,quantile__log_ridge_harq__B2,refit,predicting,presence:118,407,0,303
primary,quantile__log_ridge_harq__B2,refit,predicting,presence:120,407,0,303
primary,quantile__log_ridge_harq__B2,refit,predicting,presence:122,407,0,303
primary,quantile__log_ridge_harq__B2,refit,predicting,presence:128,407,0,303
primary,quantile__log_ridge_harq__B2,refit,predicting,presence:129,378,0,217
primary,quantile__log_ridge_harq__B2,refit,predicting,presence:130,378,0,217
primary,quantile__log_ridge_harq__B2,refit,predicting,presence:131,378,0,217
primary,quantile__log_ridge_harq__B2,refit,predicting,presence:132,0,0,195
primary,quantile__log_ridge_harq__B2,refit,predicting,presence:133,0,0,195
primary,quantile__log_ridge_harq__B2,refit,predicting,presence:134,0,0,195
primary,quantile__log_ridge_harq__B2,refit,predicting,presence:135,0,0,195
primary,quantile__log_ridge_harq__B2,refit,predicting,presence:29,378,0,217
primary,quantile__log_ridge_harq__B2,refit,predicting,presence:30,378,0,217
primary,quantile__log_ridge_harq__B2,refit,predicting,presence:31,378,0,217
primary,quantile__log_ridge_harq__B2,refit,predicting,presence:32,378,0,217
primary,quantile__log_ridge_harq__B2,refit,predicting,presence:33,941,0,419
primary,quantile__log_ridge_harq__B2,refit,predicting,presence:34,378,0,217
primary,quantile__log_ridge_harq__B2,refit,predicting,presence:35,378,0,217
primary,quantile__log_ridge_harq__B2,refit,predicting,presence:36,941,0,419
primary,quantile__log_ridge_harq__B2,refit,predicting,presence:37,378,0,217
primary,quantile__log_ridge_harq__B2,refit,predicting,presence:38,378,0,217
primary,quantile__log_ridge_harq__B2,refit,predicting,presence:39,383,0,388
primary,quantile__log_ridge_harq__B2,refit,predicting,presence:40,378,0,217
primary,quantile__log_ridge_harq__B2,refit,predicting,presence:41,378,0,217
primary,quantile__log_ridge_harq__B2,refit,predicting,presence:42,378,0,217
primary,quantile__log_ridge_harq__B2,refit,predicting,presence:43,0,0,419
primary,quantile__log_ridge_harq__B2,refit,predicting,presence:44,0,0,419
primary,quantile__log_ridge_harq__B2,refit,predicting,presence:45,0,0,419
primary,quantile__log_ridge_harq__B2,refit,predicting,presence:46,0,0,419
primary,quantile__log_ridge_harq__B2,refit,predicting,presence:47,0,0,419
primary,quantile__log_ridge_harq__B2,refit,predicting,presence:48,0,0,419
primary,quantile__log_ridge_harq__B2,refit,predicting,presence:49,0,0,419
primary,quantile__log_ridge_harq__B2,refit,predicting,presence:50,0,0,419
primary,quantile__log_ridge_harq__B2,refit,predicting,presence:51,0,0,419
primary,quantile__log_ridge_harq__B2,refit,predicting,presence:52,0,0,419
primary,quantile__log_ridge_harq__B2,refit,predicting,presence:53,3122,0,419
primary,quantile__log_ridge_harq__B2,refit,predicting,presence:54,455,0,419
primary,quantile__log_ridge_harq__B2,refit,predicting,presence:55,401,0,303
primary,quantile__log_ridge_harq__B2,refit,predicting,presence:56,423,0,419
primary,quantile__log_ridge_harq__B2,refit,predicting,presence:57,0,0,419
primary,quantile__log_ridge_harq__B2,refit,predicting,presence:58,1591,0,419
primary,quantile__log_ridge_harq__B2,refit,predicting,presence:59,1026,0,419
primary,quantile__log_ridge_harq__B2,refit,predicting,presence:60,461,0,419
primary,quantile__log_ridge_harq__B2,refit,predicting,presence:61,649,0,419
primary,quantile__log_ridge_harq__B2,refit,predicting,presence:62,2232,0,419
primary,quantile__log_ridge_harq__B2,refit,predicting,presence:63,682,0,419
primary,quantile__log_ridge_harq__B2,refit,predicting,presence:64,2660,0,419
primary,quantile__log_ridge_harq__B2,refit,predicting,presence:65,858,0,419
primary,quantile__log_ridge_harq__B2,refit,predicting,presence:66,2144,0,419
primary,quantile__log_ridge_harq__B2,refit,predicting,presence:67,621,0,419
primary,quantile__log_ridge_harq__B2,refit,predicting,presence:69,407,0,303
primary,quantile__log_ridge_harq__B2,refit,predicting,presence:70,407,0,303
primary,quantile__log_ridge_harq__B2,refit,predicting,presence:71,407,0,303
primary,quantile__log_ridge_harq__B2,refit,predicting,presence:73,407,0,303
primary,quantile__log_ridge_harq__B2,refit,predicting,presence:75,407,0,303
primary,quantile__log_ridge_harq__B2,refit,predicting,presence:79,407,0,303
primary,quantile__log_ridge_harq__B2,refit,predicting,presence:80,378,0,217
primary,quantile__log_ridge_harq__B2,refit,predicting,presence:82,378,0,217
primary,quantile__log_ridge_harq__B2,refit,predicting,presence:83,378,0,217
primary,quantile__log_ridge_harq__B2,refit,predicting,presence:84,378,0,217
primary,quantile__log_ridge_harq__B2,refit,predicting,presence:85,378,0,217
primary,quantile__log_ridge_harq__B2,refit,predicting,presence:89,378,0,217
primary,quantile__log_ridge_harq__B2,refit,predicting,presence:90,378,0,217
primary,quantile__log_ridge_harq__B2,refit,predicting,presence:91,378,0,217
primary,quantile__log_ridge_harq__B2,refit,predicting,presence:92,378,0,217
primary,quantile__log_ridge_harq__B2,refit,predicting,presence:95,378,0,217
primary,quantile__log_ridge_harq__B2,refit,predicting,presence:97,378,0,217
primary,quantile__log_ridge_harq__B2,refit,training,feature:0,32262,44478,419
primary,quantile__log_ridge_harq__B2,refit,training,feature:1,0,20712,419
primary,quantile__log_ridge_harq__B2,refit,training,feature:10,67030,69190,419
primary,quantile__log_ridge_harq__B2,refit,training,feature:100,75012,0,419
primary,quantile__log_ridge_harq__B2,refit,training,feature:101,0,0,419
primary,quantile__log_ridge_harq__B2,refit,training,feature:102,0,0,419
primary,quantile__log_ridge_harq__B2,refit,training,feature:103,0,0,419
primary,quantile__log_ridge_harq__B2,refit,training,feature:104,0,0,419
primary,quantile__log_ridge_harq__B2,refit,training,feature:105,0,163613,419
primary,quantile__log_ridge_harq__B2,refit,training,feature:106,0,0,419
primary,quantile__log_ridge_harq__B2,refit,training,feature:107,0,8106,419
primary,quantile__log_ridge_harq__B2,refit,training,feature:108,83829,0,419
primary,quantile__log_ridge_harq__B2,refit,training,feature:109,80931,0,419
primary,quantile__log_ridge_harq__B2,refit,training,feature:11,69427,57693,419
primary,quantile__log_ridge_harq__B2,refit,training,feature:110,0,474292,419
primary,quantile__log_ridge_harq__B2,refit,training,feature:111,83140,103045,419
primary,quantile__log_ridge_harq__B2,refit,training,feature:112,76691,0,419
primary,quantile__log_ridge_harq__B2,refit,training,feature:113,0,305475,419
primary,quantile__log_ridge_harq__B2,refit,training,feature:114,0,0,419
primary,quantile__log_ridge_harq__B2,refit,training,feature:115,0,101858,419
primary,quantile__log_ridge_harq__B2,refit,training,feature:116,0,57514,419
primary,quantile__log_ridge_harq__B2,refit,training,feature:117,0,49196,419
primary,quantile__log_ridge_harq__B2,refit,training,feature:118,0,0,419
primary,quantile__log_ridge_harq__B2,refit,training,feature:119,80931,0,419
primary,quantile__log_ridge_harq__B2,refit,training,feature:12,0,6778,419
primary,quantile__log_ridge_harq__B2,refit,training,feature:120,0,2529,419
primary,quantile__log_ridge_harq__B2,refit,training,feature:121,80931,0,419
primary,quantile__log_ridge_harq__B2,refit,training,feature:122,0,270754,419
primary,quantile__log_ridge_harq__B2,refit,training,feature:123,80931,123,419
primary,quantile__log_ridge_harq__B2,refit,training,feature:124,0,0,419
primary,quantile__log_ridge_harq__B2,refit,training,feature:125,0,0,419
primary,quantile__log_ridge_harq__B2,refit,training,feature:126,0,0,419
primary,quantile__log_ridge_harq__B2,refit,training,feature:127,0,0,419
primary,quantile__log_ridge_harq__B2,refit,training,feature:128,0,14300,419
primary,quantile__log_ridge_harq__B2,refit,training,feature:129,61487,0,419
primary,quantile__log_ridge_harq__B2,refit,training,feature:13,0,2391,419
primary,quantile__log_ridge_harq__B2,refit,training,feature:130,0,0,419
primary,quantile__log_ridge_harq__B2,refit,training,feature:131,436,102772,419
primary,quantile__log_ridge_harq__B2,refit,training,feature:132,0,0,419
primary,quantile__log_ridge_harq__B2,refit,training,feature:133,0,0,419
primary,quantile__log_ridge_harq__B2,refit,training,feature:134,0,0,419
primary,quantile__log_ridge_harq__B2,refit,training,feature:135,0,0,419
primary,quantile__log_ridge_harq__B2,refit,training,feature:136,0,80931,303
primary,quantile__log_ridge_harq__B2,refit,training,feature:137,0,75012,217
primary,quantile__log_ridge_harq__B2,refit,training,feature:138,0,0,419
primary,quantile__log_ridge_harq__B2,refit,training,feature:139,0,0,419
primary,quantile__log_ridge_harq__B2,refit,training,feature:14,0,3547,419
primary,quantile__log_ridge_harq__B2,refit,training,feature:140,0,0,419
primary,quantile__log_ridge_harq__B2,refit,training,feature:141,0,0,419
primary,quantile__log_ridge_harq__B2,refit,training,feature:142,0,0,419
primary,quantile__log_ridge_harq__B2,refit,training,feature:15,89,4504,419
primary,quantile__log_ridge_harq__B2,refit,training,feature:16,0,3548,419
primary,quantile__log_ridge_harq__B2,refit,training,feature:17,400,2356,419
primary,quantile__log_ridge_harq__B2,refit,training,feature:18,0,1560,419
primary,quantile__log_ridge_harq__B2,refit,training,feature:19,0,2695,419
primary,quantile__log_ridge_harq__B2,refit,training,feature:2,42972,60588,419
primary,quantile__log_ridge_harq__B2,refit,training,feature:20,0,0,419
primary,quantile__log_ridge_harq__B2,refit,training,feature:21,0,0,419
primary,quantile__log_ridge_harq__B2,refit,training,feature:22,0,3548,419
primary,quantile__log_ridge_harq__B2,refit,training,feature:23,0,2695,419
primary,quantile__log_ridge_harq__B2,refit,training,feature:24,0,1560,419
primary,quantile__log_ridge_harq__B2,refit,training,feature:25,0,0,419
primary,quantile__log_ridge_harq__B2,refit,training,feature:26,0,0,419
primary,quantile__log_ridge_harq__B2,refit,training,feature:27,0,0,419
primary,quantile__log_ridge_harq__B2,refit,training,feature:28,65213,0,419
primary,quantile__log_ridge_harq__B2,refit,training,feature:29,0,0,419
primary,quantile__log_ridge_harq__B2,refit,training,feature:3,0,31890,419
primary,quantile__log_ridge_harq__B2,refit,training,feature:30,0,0,419
primary,quantile__log_ridge_harq__B2,refit,training,feature:31,0,0,419
primary,quantile__log_ridge_harq__B2,refit,training,feature:32,152013,0,419
primary,quantile__log_ridge_harq__B2,refit,training,feature:33,72188,597,419
primary,quantile__log_ridge_harq__B2,refit,training,feature:34,0,0,419
primary,quantile__log_ridge_harq__B2,refit,training,feature:35,20604,0,419
primary,quantile__log_ridge_harq__B2,refit,training,feature:36,180287,118,419
primary,quantile__log_ridge_harq__B2,refit,training,feature:37,0,7,419
primary,quantile__log_ridge_harq__B2,refit,training,feature:38,0,0,419
primary,quantile__log_ridge_harq__B2,refit,training,feature:39,58024,0,419
primary,quantile__log_ridge_harq__B2,refit,training,feature:4,0,0,419
primary,quantile__log_ridge_harq__B2,refit,training,feature:40,3599,116514,419
primary,quantile__log_ridge_harq__B2,refit,training,feature:41,45090,419,419
primary,quantile__log_ridge_harq__B2,refit,training,feature:42,0,0,419
primary,quantile__log_ridge_harq__B2,refit,training,feature:43,1706,0,419
primary,quantile__log_ridge_harq__B2,refit,training,feature:44,0,0,419
primary,quantile__log_ridge_harq__B2,refit,training,feature:45,0,0,419
primary,quantile__log_ridge_harq__B2,refit,training,feature:46,0,0,419
primary,quantile__log_ridge_harq__B2,refit,training,feature:47,415710,0,419
primary,quantile__log_ridge_harq__B2,refit,training,feature:48,0,0,419
primary,quantile__log_ridge_harq__B2,refit,training,feature:49,0,0,419
primary,quantile__log_ridge_harq__B2,refit,training,feature:5,0,0,419
primary,quantile__log_ridge_harq__B2,refit,training,feature:50,0,0,419
primary,quantile__log_ridge_harq__B2,refit,training,feature:51,0,0,419
primary,quantile__log_ridge_harq__B2,refit,training,feature:52,0,10470,419
primary,quantile__log_ridge_harq__B2,refit,training,feature:53,0,4,419
primary,quantile__log_ridge_harq__B2,refit,training,feature:54,0,0,419
primary,quantile__log_ridge_harq__B2,refit,training,feature:55,0,0,419
primary,quantile__log_ridge_harq__B2,refit,training,feature:56,0,0,419
primary,quantile__log_ridge_harq__B2,refit,training,feature:57,0,0,419
primary,quantile__log_ridge_harq__B2,refit,training,feature:58,0,24537,419
primary,quantile__log_ridge_harq__B2,refit,training,feature:59,0,0,419
primary,quantile__log_ridge_harq__B2,refit,training,feature:6,0,0,419
primary,quantile__log_ridge_harq__B2,refit,training,feature:60,0,0,419
primary,quantile__log_ridge_harq__B2,refit,training,feature:61,0,0,419
primary,quantile__log_ridge_harq__B2,refit,training,feature:62,0,0,419
primary,quantile__log_ridge_harq__B2,refit,training,feature:63,0,53531,419
primary,quantile__log_ridge_harq__B2,refit,training,feature:64,0,0,419
primary,quantile__log_ridge_harq__B2,refit,training,feature:65,0,0,419
primary,quantile__log_ridge_harq__B2,refit,training,feature:66,0,0,419
primary,quantile__log_ridge_harq__B2,refit,training,feature:67,0,0,419
primary,quantile__log_ridge_harq__B2,refit,training,feature:68,79352,0,419
primary,quantile__log_ridge_harq__B2,refit,training,feature:69,0,3869,419
primary,quantile__log_ridge_harq__B2,refit,training,feature:7,0,0,419
primary,quantile__log_ridge_harq__B2,refit,training,feature:70,128007,168716,419
primary,quantile__log_ridge_harq__B2,refit,training,feature:71,0,0,419
primary,quantile__log_ridge_harq__B2,refit,training,feature:72,0,0,419
primary,quantile__log_ridge_harq__B2,refit,training,feature:73,0,191515,419
primary,quantile__log_ridge_harq__B2,refit,training,feature:74,80931,0,419
primary,quantile__log_ridge_harq__B2,refit,training,feature:75,0,326615,419
primary,quantile__log_ridge_harq__B2,refit,training,feature:76,80931,0,419
primary,quantile__log_ridge_harq__B2,refit,training,feature:77,0,0,419
primary,quantile__log_ridge_harq__B2,refit,training,feature:78,0,0,419
primary,quantile__log_ridge_harq__B2,refit,training,feature:79,0,216895,419
primary,quantile__log_ridge_harq__B2,refit,training,feature:8,0,0,419
primary,quantile__log_ridge_harq__B2,refit,training,feature:80,0,22915,419
primary,quantile__log_ridge_harq__B2,refit,training,feature:81,75012,0,419
primary,quantile__log_ridge_harq__B2,refit,training,feature:82,66696,149760,419
primary,quantile__log_ridge_harq__B2,refit,training,feature:83,0,16030,419
primary,quantile__log_ridge_harq__B2,refit,training,feature:84,81443,81818,419
primary,quantile__log_ridge_harq__B2,refit,training,feature:85,0,0,419
primary,quantile__log_ridge_harq__B2,refit,training,feature:86,76691,0,419
primary,quantile__log_ridge_harq__B2,refit,training,feature:87,0,0,419
primary,quantile__log_ridge_harq__B2,refit,training,feature:88,0,0,419
primary,quantile__log_ridge_harq__B2,refit,training,feature:89,0,104068,419
primary,quantile__log_ridge_harq__B2,refit,training,feature:9,0,880,419
primary,quantile__log_ridge_harq__B2,refit,training,feature:90,0,138177,419
primary,quantile__log_ridge_harq__B2,refit,training,feature:91,0,54782,419
primary,quantile__log_ridge_harq__B2,refit,training,feature:92,0,37203,419
primary,quantile__log_ridge_harq__B2,refit,training,feature:93,75012,0,419
primary,quantile__log_ridge_harq__B2,refit,training,feature:94,75012,0,419
primary,quantile__log_ridge_harq__B2,refit,training,feature:95,0,16576,419
primary,quantile__log_ridge_harq__B2,refit,training,feature:96,75012,0,419
primary,quantile__log_ridge_harq__B2,refit,training,feature:97,0,209353,419
primary,quantile__log_ridge_harq__B2,refit,training,feature:98,75012,0,419
primary,quantile__log_ridge_harq__B2,refit,training,feature:99,0,0,419
primary,quantile__log_ridge_harq__B2,refit,training,presence:105,75012,0,217
primary,quantile__log_ridge_harq__B2,refit,training,presence:107,75012,0,217
primary,quantile__log_ridge_harq__B2,refit,training,presence:108,80931,0,303
primary,quantile__log_ridge_harq__B2,refit,training,presence:110,80931,0,303
primary,quantile__log_ridge_harq__B2,refit,training,presence:111,80931,0,303
primary,quantile__log_ridge_harq__B2,refit,training,presence:113,80931,0,303
primary,quantile__log_ridge_harq__B2,refit,training,presence:115,80931,0,303
primary,quantile__log_ridge_harq__B2,refit,training,presence:116,80931,0,303
primary,quantile__log_ridge_harq__B2,refit,training,presence:117,80931,0,303
primary,quantile__log_ridge_harq__B2,refit,training,presence:118,80931,0,303
primary,quantile__log_ridge_harq__B2,refit,training,presence:120,80931,0,303
primary,quantile__log_ridge_harq__B2,refit,training,presence:122,80931,0,303
primary,quantile__log_ridge_harq__B2,refit,training,presence:128,80931,0,303
primary,quantile__log_ridge_harq__B2,refit,training,presence:129,74795,0,217
primary,quantile__log_ridge_harq__B2,refit,training,presence:130,74795,0,217
primary,quantile__log_ridge_harq__B2,refit,training,presence:131,74795,0,217
primary,quantile__log_ridge_harq__B2,refit,training,presence:132,73710,0,195
primary,quantile__log_ridge_harq__B2,refit,training,presence:133,73710,0,195
primary,quantile__log_ridge_harq__B2,refit,training,presence:134,73710,0,195
primary,quantile__log_ridge_harq__B2,refit,training,presence:135,73710,0,195
primary,quantile__log_ridge_harq__B2,refit,training,presence:29,74795,0,217
primary,quantile__log_ridge_harq__B2,refit,training,presence:30,74795,0,217
primary,quantile__log_ridge_harq__B2,refit,training,presence:31,74795,0,217
primary,quantile__log_ridge_harq__B2,refit,training,presence:32,74795,0,217
primary,quantile__log_ridge_harq__B2,refit,training,presence:33,320085,0,419
primary,quantile__log_ridge_harq__B2,refit,training,presence:34,74795,0,217
primary,quantile__log_ridge_harq__B2,refit,training,presence:35,74795,0,217
primary,quantile__log_ridge_harq__B2,refit,training,presence:36,320085,0,419
primary,quantile__log_ridge_harq__B2,refit,training,presence:37,74795,0,217
primary,quantile__log_ridge_harq__B2,refit,training,presence:38,74795,0,217
primary,quantile__log_ridge_harq__B2,refit,training,presence:39,75183,0,388
primary,quantile__log_ridge_harq__B2,refit,training,presence:40,74795,0,217
primary,quantile__log_ridge_harq__B2,refit,training,presence:41,74795,0,217
primary,quantile__log_ridge_harq__B2,refit,training,presence:42,74795,0,217
primary,quantile__log_ridge_harq__B2,refit,training,presence:43,0,0,419
primary,quantile__log_ridge_harq__B2,refit,training,presence:44,0,0,419
primary,quantile__log_ridge_harq__B2,refit,training,presence:45,0,0,419
primary,quantile__log_ridge_harq__B2,refit,training,presence:46,0,0,419
primary,quantile__log_ridge_harq__B2,refit,training,presence:47,0,0,419
primary,quantile__log_ridge_harq__B2,refit,training,presence:48,0,0,419
primary,quantile__log_ridge_harq__B2,refit,training,presence:49,0,0,419
primary,quantile__log_ridge_harq__B2,refit,training,presence:50,0,0,419
primary,quantile__log_ridge_harq__B2,refit,training,presence:51,0,0,419
primary,quantile__log_ridge_harq__B2,refit,training,presence:52,0,0,419
primary,quantile__log_ridge_harq__B2,refit,training,presence:53,940613,0,419
primary,quantile__log_ridge_harq__B2,refit,training,presence:54,97276,0,419
primary,quantile__log_ridge_harq__B2,refit,training,presence:55,79193,0,303
primary,quantile__log_ridge_harq__B2,refit,training,presence:56,85928,0,419
primary,quantile__log_ridge_harq__B2,refit,training,presence:57,0,0,419
primary,quantile__log_ridge_harq__B2,refit,training,presence:58,577174,0,419
primary,quantile__log_ridge_harq__B2,refit,training,presence:59,318018,0,419
primary,quantile__log_ridge_harq__B2,refit,training,presence:60,103473,0,419
primary,quantile__log_ridge_harq__B2,refit,training,presence:61,214192,0,419
primary,quantile__log_ridge_harq__B2,refit,training,presence:62,781572,0,419
primary,quantile__log_ridge_harq__B2,refit,training,presence:63,253792,0,419
primary,quantile__log_ridge_harq__B2,refit,training,presence:64,1066815,0,419
primary,quantile__log_ridge_harq__B2,refit,training,presence:65,302814,0,419
primary,quantile__log_ridge_harq__B2,refit,training,presence:66,846828,0,419
primary,quantile__log_ridge_harq__B2,refit,training,presence:67,209753,0,419
primary,quantile__log_ridge_harq__B2,refit,training,presence:69,80931,0,303
primary,quantile__log_ridge_harq__B2,refit,training,presence:70,80931,0,303
primary,quantile__log_ridge_harq__B2,refit,training,presence:71,80931,0,303
primary,quantile__log_ridge_harq__B2,refit,training,presence:73,80931,0,303
primary,quantile__log_ridge_harq__B2,refit,training,presence:75,80931,0,303
primary,quantile__log_ridge_harq__B2,refit,training,presence:79,80931,0,303
primary,quantile__log_ridge_harq__B2,refit,training,presence:80,75012,0,217
primary,quantile__log_ridge_harq__B2,refit,training,presence:82,75012,0,217
primary,quantile__log_ridge_harq__B2,refit,training,presence:83,75012,0,217
primary,quantile__log_ridge_harq__B2,refit,training,presence:84,75012,0,217
primary,quantile__log_ridge_harq__B2,refit,training,presence:85,75012,0,217
primary,quantile__log_ridge_harq__B2,refit,training,presence:89,75012,0,217
primary,quantile__log_ridge_harq__B2,refit,training,presence:90,75012,0,217
primary,quantile__log_ridge_harq__B2,refit,training,presence:91,75012,0,217
primary,quantile__log_ridge_harq__B2,refit,training,presence:92,75012,0,217
primary,quantile__log_ridge_harq__B2,refit,training,presence:95,75012,0,217
primary,quantile__log_ridge_harq__B2,refit,training,presence:97,75012,0,217
confirmation,jump__log_ridge_harq__B0,inner_fit,predicting,feature:0,60,0,25
confirmation,jump__log_ridge_harq__B0,inner_fit,predicting,feature:1,0,0,25
confirmation,jump__log_ridge_harq__B0,inner_fit,predicting,feature:10,34,116,25
confirmation,jump__log_ridge_harq__B0,inner_fit,predicting,feature:11,4,33,25
confirmation,jump__log_ridge_harq__B0,inner_fit,predicting,feature:12,0,0,25
confirmation,jump__log_ridge_harq__B0,inner_fit,predicting,feature:13,0,0,25
confirmation,jump__log_ridge_harq__B0,inner_fit,predicting,feature:14,0,0,25
confirmation,jump__log_ridge_harq__B0,inner_fit,predicting,feature:15,0,0,25
confirmation,jump__log_ridge_harq__B0,inner_fit,predicting,feature:16,0,0,25
confirmation,jump__log_ridge_harq__B0,inner_fit,predicting,feature:17,0,0,25
confirmation,jump__log_ridge_harq__B0,inner_fit,predicting,feature:18,0,0,25
confirmation,jump__log_ridge_harq__B0,inner_fit,predicting,feature:19,0,0,25
confirmation,jump__log_ridge_harq__B0,inner_fit,predicting,feature:2,0,0,25
confirmation,jump__log_ridge_harq__B0,inner_fit,predicting,feature:20,0,0,25
confirmation,jump__log_ridge_harq__B0,inner_fit,predicting,feature:21,0,0,25
confirmation,jump__log_ridge_harq__B0,inner_fit,predicting,feature:22,0,0,25
confirmation,jump__log_ridge_harq__B0,inner_fit,predicting,feature:23,0,0,25
confirmation,jump__log_ridge_harq__B0,inner_fit,predicting,feature:24,0,0,25
confirmation,jump__log_ridge_harq__B0,inner_fit,predicting,feature:25,0,0,25
confirmation,jump__log_ridge_harq__B0,inner_fit,predicting,feature:26,0,0,25
confirmation,jump__log_ridge_harq__B0,inner_fit,predicting,feature:27,0,0,25
confirmation,jump__log_ridge_harq__B0,inner_fit,predicting,feature:28,52,0,25
confirmation,jump__log_ridge_harq__B0,inner_fit,predicting,feature:29,0,0,25
confirmation,jump__log_ridge_harq__B0,inner_fit,predicting,feature:3,0,0,25
confirmation,jump__log_ridge_harq__B0,inner_fit,predicting,feature:30,0,0,25
confirmation,jump__log_ridge_harq__B0,inner_fit,predicting,feature:31,0,0,25
confirmation,jump__log_ridge_harq__B0,inner_fit,predicting,feature:32,0,0,25
confirmation,jump__log_ridge_harq__B0,inner_fit,predicting,feature:33,0,0,25
confirmation,jump__log_ridge_harq__B0,inner_fit,predicting,feature:4,0,0,25
confirmation,jump__log_ridge_harq__B0,inner_fit,predicting,feature:5,0,0,25
confirmation,jump__log_ridge_harq__B0,inner_fit,predicting,feature:6,0,0,25
confirmation,jump__log_ridge_harq__B0,inner_fit,predicting,feature:7,0,0,25
confirmation,jump__log_ridge_harq__B0,inner_fit,predicting,feature:8,0,0,25
confirmation,jump__log_ridge_harq__B0,inner_fit,predicting,feature:9,0,0,25
confirmation,jump__log_ridge_harq__B0,inner_fit,training,feature:0,3540,4410,25
confirmation,jump__log_ridge_harq__B0,inner_fit,training,feature:1,0,1650,25
confirmation,jump__log_ridge_harq__B0,inner_fit,training,feature:10,6655,7003,25
confirmation,jump__log_ridge_harq__B0,inner_fit,training,feature:11,6949,5950,25
confirmation,jump__log_ridge_harq__B0,inner_fit,training,feature:12,0,794,25
confirmation,jump__log_ridge_harq__B0,inner_fit,training,feature:13,0,300,25
confirmation,jump__log_ridge_harq__B0,inner_fit,training,feature:14,0,600,25
confirmation,jump__log_ridge_harq__B0,inner_fit,training,feature:15,25,661,25
confirmation,jump__log_ridge_harq__B0,inner_fit,training,feature:16,0,528,25
confirmation,jump__log_ridge_harq__B0,inner_fit,training,feature:17,50,300,25
confirmation,jump__log_ridge_harq__B0,inner_fit,training,feature:18,0,1625,25
confirmation,jump__log_ridge_harq__B0,inner_fit,training,feature:19,0,1115,25
confirmation,jump__log_ridge_harq__B0,inner_fit,training,feature:2,4050,6300,25
confirmation,jump__log_ridge_harq__B0,inner_fit,training,feature:20,0,0,25
confirmation,jump__log_ridge_harq__B0,inner_fit,training,feature:21,0,0,25
confirmation,jump__log_ridge_harq__B0,inner_fit,training,feature:22,0,528,25
confirmation,jump__log_ridge_harq__B0,inner_fit,training,feature:23,0,1115,25
confirmation,jump__log_ridge_harq__B0,inner_fit,training,feature:24,0,1625,25
confirmation,jump__log_ridge_harq__B0,inner_fit,training,feature:25,0,0,25
confirmation,jump__log_ridge_harq__B0,inner_fit,training,feature:26,0,0,25
confirmation,jump__log_ridge_harq__B0,inner_fit,training,feature:27,0,0,25
confirmation,jump__log_ridge_harq__B0,inner_fit,training,feature:28,7416,0,25
confirmation,jump__log_ridge_harq__B0,inner_fit,training,feature:29,0,0,25
confirmation,jump__log_ridge_harq__B0,inner_fit,training,feature:3,0,2550,25
confirmation,jump__log_ridge_harq__B0,inner_fit,training,feature:30,0,0,25
confirmation,jump__log_ridge_harq__B0,inner_fit,training,feature:31,0,0,25
confirmation,jump__log_ridge_harq__B0,inner_fit,training,feature:32,0,0,25
confirmation,jump__log_ridge_harq__B0,inner_fit,training,feature:33,0,0,25
confirmation,jump__log_ridge_harq__B0,inner_fit,training,feature:4,0,0,25
confirmation,jump__log_ridge_harq__B0,inner_fit,training,feature:5,0,0,25
confirmation,jump__log_ridge_harq__B0,inner_fit,training,feature:6,0,0,25
confirmation,jump__log_ridge_harq__B0,inner_fit,training,feature:7,0,0,25
confirmation,jump__log_ridge_harq__B0,inner_fit,training,feature:8,0,0,25
confirmation,jump__log_ridge_harq__B0,inner_fit,training,feature:9,0,225,25
confirmation,jump__log_ridge_harq__B0,refit,predicting,feature:0,0,0,25
confirmation,jump__log_ridge_harq__B0,refit,predicting,feature:1,0,0,25
confirmation,jump__log_ridge_harq__B0,refit,predicting,feature:10,0,12,25
confirmation,jump__log_ridge_harq__B0,refit,predicting,feature:11,1,4,25
confirmation,jump__log_ridge_harq__B0,refit,predicting,feature:12,0,0,25
confirmation,jump__log_ridge_harq__B0,refit,predicting,feature:13,0,0,25
confirmation,jump__log_ridge_harq__B0,refit,predicting,feature:14,0,0,25
confirmation,jump__log_ridge_harq__B0,refit,predicting,feature:15,0,0,25
confirmation,jump__log_ridge_harq__B0,refit,predicting,feature:16,0,0,25
confirmation,jump__log_ridge_harq__B0,refit,predicting,feature:17,0,0,25
confirmation,jump__log_ridge_harq__B0,refit,predicting,feature:18,0,0,25
confirmation,jump__log_ridge_harq__B0,refit,predicting,feature:19,0,0,25
confirmation,jump__log_ridge_harq__B0,refit,predicting,feature:2,0,0,25
confirmation,jump__log_ridge_harq__B0,refit,predicting,feature:20,0,0,25
confirmation,jump__log_ridge_harq__B0,refit,predicting,feature:21,0,0,25
confirmation,jump__log_ridge_harq__B0,refit,predicting,feature:22,0,0,25
confirmation,jump__log_ridge_harq__B0,refit,predicting,feature:23,0,0,25
confirmation,jump__log_ridge_harq__B0,refit,predicting,feature:24,0,0,25
confirmation,jump__log_ridge_harq__B0,refit,predicting,feature:25,0,0,25
confirmation,jump__log_ridge_harq__B0,refit,predicting,feature:26,0,0,25
confirmation,jump__log_ridge_harq__B0,refit,predicting,feature:27,0,0,25
confirmation,jump__log_ridge_harq__B0,refit,predicting,feature:28,7,0,25
confirmation,jump__log_ridge_harq__B0,refit,predicting,feature:29,0,0,25
confirmation,jump__log_ridge_harq__B0,refit,predicting,feature:3,0,0,25
confirmation,jump__log_ridge_harq__B0,refit,predicting,feature:30,0,0,25
confirmation,jump__log_ridge_harq__B0,refit,predicting,feature:31,0,0,25
confirmation,jump__log_ridge_harq__B0,refit,predicting,feature:32,0,0,25
confirmation,jump__log_ridge_harq__B0,refit,predicting,feature:33,0,0,25
confirmation,jump__log_ridge_harq__B0,refit,predicting,feature:4,0,0,25
confirmation,jump__log_ridge_harq__B0,refit,predicting,feature:5,0,0,25
confirmation,jump__log_ridge_harq__B0,refit,predicting,feature:6,0,0,25
confirmation,jump__log_ridge_harq__B0,refit,predicting,feature:7,0,0,25
confirmation,jump__log_ridge_harq__B0,refit,predicting,feature:8,0,0,25
confirmation,jump__log_ridge_harq__B0,refit,predicting,feature:9,0,0,25
confirmation,jump__log_ridge_harq__B0,refit,training,feature:0,3624,4464,25
confirmation,jump__log_ridge_harq__B0,refit,training,feature:1,0,1680,25
confirmation,jump__log_ridge_harq__B0,refit,training,feature:10,6723,7190,25
confirmation,jump__log_ridge_harq__B0,refit,training,feature:11,7030,6056,25
confirmation,jump__log_ridge_harq__B0,refit,training,feature:12,0,842,25
confirmation,jump__log_ridge_harq__B0,refit,training,feature:13,0,300,25
confirmation,jump__log_ridge_harq__B0,refit,training,feature:14,0,625,25
confirmation,jump__log_ridge_harq__B0,refit,training,feature:15,25,671,25
confirmation,jump__log_ridge_harq__B0,refit,training,feature:16,0,541,25
confirmation,jump__log_ridge_harq__B0,refit,training,feature:17,50,300,25
confirmation,jump__log_ridge_harq__B0,refit,training,feature:18,0,1625,25
confirmation,jump__log_ridge_harq__B0,refit,training,feature:19,0,1222,25
confirmation,jump__log_ridge_harq__B0,refit,training,feature:2,4146,6300,25
confirmation,jump__log_ridge_harq__B0,refit,training,feature:20,0,0,25
confirmation,jump__log_ridge_harq__B0,refit,training,feature:21,0,0,25
confirmation,jump__log_ridge_harq__B0,refit,training,feature:22,0,541,25
confirmation,jump__log_ridge_harq__B0,refit,training,feature:23,0,1222,25
confirmation,jump__log_ridge_harq__B0,refit,training,feature:24,0,1625,25
confirmation,jump__log_ridge_harq__B0,refit,training,feature:25,0,0,25
confirmation,jump__log_ridge_harq__B0,refit,training,feature:26,0,0,25
confirmation,jump__log_ridge_harq__B0,refit,training,feature:27,0,0,25
confirmation,jump__log_ridge_harq__B0,refit,training,feature:28,7508,0,25
confirmation,jump__log_ridge_harq__B0,refit,training,feature:29,0,0,25
confirmation,jump__log_ridge_harq__B0,refit,training,feature:3,0,2550,25
confirmation,jump__log_ridge_harq__B0,refit,training,feature:30,0,0,25
confirmation,jump__log_ridge_harq__B0,refit,training,feature:31,0,0,25
confirmation,jump__log_ridge_harq__B0,refit,training,feature:32,0,0,25
confirmation,jump__log_ridge_harq__B0,refit,training,feature:33,0,0,25
confirmation,jump__log_ridge_harq__B0,refit,training,feature:4,0,0,25
confirmation,jump__log_ridge_harq__B0,refit,training,feature:5,0,0,25
confirmation,jump__log_ridge_harq__B0,refit,training,feature:6,0,0,25
confirmation,jump__log_ridge_harq__B0,refit,training,feature:7,0,0,25
confirmation,jump__log_ridge_harq__B0,refit,training,feature:8,0,0,25
confirmation,jump__log_ridge_harq__B0,refit,training,feature:9,0,242,25
confirmation,mean__log_ridge_harq__B0,inner_fit,predicting,feature:0,60,0,25
confirmation,mean__log_ridge_harq__B0,inner_fit,predicting,feature:1,0,0,25
confirmation,mean__log_ridge_harq__B0,inner_fit,predicting,feature:10,34,116,25
confirmation,mean__log_ridge_harq__B0,inner_fit,predicting,feature:11,4,33,25
confirmation,mean__log_ridge_harq__B0,inner_fit,predicting,feature:12,0,0,25
confirmation,mean__log_ridge_harq__B0,inner_fit,predicting,feature:13,0,0,25
confirmation,mean__log_ridge_harq__B0,inner_fit,predicting,feature:14,0,0,25
confirmation,mean__log_ridge_harq__B0,inner_fit,predicting,feature:15,0,0,25
confirmation,mean__log_ridge_harq__B0,inner_fit,predicting,feature:16,0,0,25
confirmation,mean__log_ridge_harq__B0,inner_fit,predicting,feature:17,0,0,25
confirmation,mean__log_ridge_harq__B0,inner_fit,predicting,feature:18,0,0,25
confirmation,mean__log_ridge_harq__B0,inner_fit,predicting,feature:19,0,0,25
confirmation,mean__log_ridge_harq__B0,inner_fit,predicting,feature:2,0,0,25
confirmation,mean__log_ridge_harq__B0,inner_fit,predicting,feature:20,0,0,25
confirmation,mean__log_ridge_harq__B0,inner_fit,predicting,feature:21,0,0,25
confirmation,mean__log_ridge_harq__B0,inner_fit,predicting,feature:22,0,0,25
confirmation,mean__log_ridge_harq__B0,inner_fit,predicting,feature:23,0,0,25
confirmation,mean__log_ridge_harq__B0,inner_fit,predicting,feature:24,0,0,25
confirmation,mean__log_ridge_harq__B0,inner_fit,predicting,feature:25,0,0,25
confirmation,mean__log_ridge_harq__B0,inner_fit,predicting,feature:26,0,0,25
confirmation,mean__log_ridge_harq__B0,inner_fit,predicting,feature:27,0,0,25
confirmation,mean__log_ridge_harq__B0,inner_fit,predicting,feature:28,52,0,25
confirmation,mean__log_ridge_harq__B0,inner_fit,predicting,feature:29,0,0,25
confirmation,mean__log_ridge_harq__B0,inner_fit,predicting,feature:3,0,0,25
confirmation,mean__log_ridge_harq__B0,inner_fit,predicting,feature:30,0,0,25
confirmation,mean__log_ridge_harq__B0,inner_fit,predicting,feature:31,0,0,25
confirmation,mean__log_ridge_harq__B0,inner_fit,predicting,feature:32,0,0,25
confirmation,mean__log_ridge_harq__B0,inner_fit,predicting,feature:33,0,0,25
confirmation,mean__log_ridge_harq__B0,inner_fit,predicting,feature:4,0,0,25
confirmation,mean__log_ridge_harq__B0,inner_fit,predicting,feature:5,0,0,25
confirmation,mean__log_ridge_harq__B0,inner_fit,predicting,feature:6,0,0,25
confirmation,mean__log_ridge_harq__B0,inner_fit,predicting,feature:7,0,0,25
confirmation,mean__log_ridge_harq__B0,inner_fit,predicting,feature:8,0,0,25
confirmation,mean__log_ridge_harq__B0,inner_fit,predicting,feature:9,0,0,25
confirmation,mean__log_ridge_harq__B0,inner_fit,training,feature:0,3540,4410,25
confirmation,mean__log_ridge_harq__B0,inner_fit,training,feature:1,0,1650,25
confirmation,mean__log_ridge_harq__B0,inner_fit,training,feature:10,6655,7003,25
confirmation,mean__log_ridge_harq__B0,inner_fit,training,feature:11,6949,5950,25
confirmation,mean__log_ridge_harq__B0,inner_fit,training,feature:12,0,794,25
confirmation,mean__log_ridge_harq__B0,inner_fit,training,feature:13,0,300,25
confirmation,mean__log_ridge_harq__B0,inner_fit,training,feature:14,0,600,25
confirmation,mean__log_ridge_harq__B0,inner_fit,training,feature:15,25,661,25
confirmation,mean__log_ridge_harq__B0,inner_fit,training,feature:16,0,528,25
confirmation,mean__log_ridge_harq__B0,inner_fit,training,feature:17,50,300,25
confirmation,mean__log_ridge_harq__B0,inner_fit,training,feature:18,0,1625,25
confirmation,mean__log_ridge_harq__B0,inner_fit,training,feature:19,0,1115,25
confirmation,mean__log_ridge_harq__B0,inner_fit,training,feature:2,4050,6300,25
confirmation,mean__log_ridge_harq__B0,inner_fit,training,feature:20,0,0,25
confirmation,mean__log_ridge_harq__B0,inner_fit,training,feature:21,0,0,25
confirmation,mean__log_ridge_harq__B0,inner_fit,training,feature:22,0,528,25
confirmation,mean__log_ridge_harq__B0,inner_fit,training,feature:23,0,1115,25
confirmation,mean__log_ridge_harq__B0,inner_fit,training,feature:24,0,1625,25
confirmation,mean__log_ridge_harq__B0,inner_fit,training,feature:25,0,0,25
confirmation,mean__log_ridge_harq__B0,inner_fit,training,feature:26,0,0,25
confirmation,mean__log_ridge_harq__B0,inner_fit,training,feature:27,0,0,25
confirmation,mean__log_ridge_harq__B0,inner_fit,training,feature:28,7416,0,25
confirmation,mean__log_ridge_harq__B0,inner_fit,training,feature:29,0,0,25
confirmation,mean__log_ridge_harq__B0,inner_fit,training,feature:3,0,2550,25
confirmation,mean__log_ridge_harq__B0,inner_fit,training,feature:30,0,0,25
confirmation,mean__log_ridge_harq__B0,inner_fit,training,feature:31,0,0,25
confirmation,mean__log_ridge_harq__B0,inner_fit,training,feature:32,0,0,25
confirmation,mean__log_ridge_harq__B0,inner_fit,training,feature:33,0,0,25
confirmation,mean__log_ridge_harq__B0,inner_fit,training,feature:4,0,0,25
confirmation,mean__log_ridge_harq__B0,inner_fit,training,feature:5,0,0,25
confirmation,mean__log_ridge_harq__B0,inner_fit,training,feature:6,0,0,25
confirmation,mean__log_ridge_harq__B0,inner_fit,training,feature:7,0,0,25
confirmation,mean__log_ridge_harq__B0,inner_fit,training,feature:8,0,0,25
confirmation,mean__log_ridge_harq__B0,inner_fit,training,feature:9,0,225,25
confirmation,mean__log_ridge_harq__B0,refit,predicting,feature:0,0,0,25
confirmation,mean__log_ridge_harq__B0,refit,predicting,feature:1,0,0,25
confirmation,mean__log_ridge_harq__B0,refit,predicting,feature:10,0,12,25
confirmation,mean__log_ridge_harq__B0,refit,predicting,feature:11,1,4,25
confirmation,mean__log_ridge_harq__B0,refit,predicting,feature:12,0,0,25
confirmation,mean__log_ridge_harq__B0,refit,predicting,feature:13,0,0,25
confirmation,mean__log_ridge_harq__B0,refit,predicting,feature:14,0,0,25
confirmation,mean__log_ridge_harq__B0,refit,predicting,feature:15,0,0,25
confirmation,mean__log_ridge_harq__B0,refit,predicting,feature:16,0,0,25
confirmation,mean__log_ridge_harq__B0,refit,predicting,feature:17,0,0,25
confirmation,mean__log_ridge_harq__B0,refit,predicting,feature:18,0,0,25
confirmation,mean__log_ridge_harq__B0,refit,predicting,feature:19,0,0,25
confirmation,mean__log_ridge_harq__B0,refit,predicting,feature:2,0,0,25
confirmation,mean__log_ridge_harq__B0,refit,predicting,feature:20,0,0,25
confirmation,mean__log_ridge_harq__B0,refit,predicting,feature:21,0,0,25
confirmation,mean__log_ridge_harq__B0,refit,predicting,feature:22,0,0,25
confirmation,mean__log_ridge_harq__B0,refit,predicting,feature:23,0,0,25
confirmation,mean__log_ridge_harq__B0,refit,predicting,feature:24,0,0,25
confirmation,mean__log_ridge_harq__B0,refit,predicting,feature:25,0,0,25
confirmation,mean__log_ridge_harq__B0,refit,predicting,feature:26,0,0,25
confirmation,mean__log_ridge_harq__B0,refit,predicting,feature:27,0,0,25
confirmation,mean__log_ridge_harq__B0,refit,predicting,feature:28,7,0,25
confirmation,mean__log_ridge_harq__B0,refit,predicting,feature:29,0,0,25
confirmation,mean__log_ridge_harq__B0,refit,predicting,feature:3,0,0,25
confirmation,mean__log_ridge_harq__B0,refit,predicting,feature:30,0,0,25
confirmation,mean__log_ridge_harq__B0,refit,predicting,feature:31,0,0,25
confirmation,mean__log_ridge_harq__B0,refit,predicting,feature:32,0,0,25
confirmation,mean__log_ridge_harq__B0,refit,predicting,feature:33,0,0,25
confirmation,mean__log_ridge_harq__B0,refit,predicting,feature:4,0,0,25
confirmation,mean__log_ridge_harq__B0,refit,predicting,feature:5,0,0,25
confirmation,mean__log_ridge_harq__B0,refit,predicting,feature:6,0,0,25
confirmation,mean__log_ridge_harq__B0,refit,predicting,feature:7,0,0,25
confirmation,mean__log_ridge_harq__B0,refit,predicting,feature:8,0,0,25
confirmation,mean__log_ridge_harq__B0,refit,predicting,feature:9,0,0,25
confirmation,mean__log_ridge_harq__B0,refit,training,feature:0,3624,4464,25
confirmation,mean__log_ridge_harq__B0,refit,training,feature:1,0,1680,25
confirmation,mean__log_ridge_harq__B0,refit,training,feature:10,6723,7190,25
confirmation,mean__log_ridge_harq__B0,refit,training,feature:11,7030,6056,25
confirmation,mean__log_ridge_harq__B0,refit,training,feature:12,0,842,25
confirmation,mean__log_ridge_harq__B0,refit,training,feature:13,0,300,25
confirmation,mean__log_ridge_harq__B0,refit,training,feature:14,0,625,25
confirmation,mean__log_ridge_harq__B0,refit,training,feature:15,25,671,25
confirmation,mean__log_ridge_harq__B0,refit,training,feature:16,0,541,25
confirmation,mean__log_ridge_harq__B0,refit,training,feature:17,50,300,25
confirmation,mean__log_ridge_harq__B0,refit,training,feature:18,0,1625,25
confirmation,mean__log_ridge_harq__B0,refit,training,feature:19,0,1222,25
confirmation,mean__log_ridge_harq__B0,refit,training,feature:2,4146,6300,25
confirmation,mean__log_ridge_harq__B0,refit,training,feature:20,0,0,25
confirmation,mean__log_ridge_harq__B0,refit,training,feature:21,0,0,25
confirmation,mean__log_ridge_harq__B0,refit,training,feature:22,0,541,25
confirmation,mean__log_ridge_harq__B0,refit,training,feature:23,0,1222,25
confirmation,mean__log_ridge_harq__B0,refit,training,feature:24,0,1625,25
confirmation,mean__log_ridge_harq__B0,refit,training,feature:25,0,0,25
confirmation,mean__log_ridge_harq__B0,refit,training,feature:26,0,0,25
confirmation,mean__log_ridge_harq__B0,refit,training,feature:27,0,0,25
confirmation,mean__log_ridge_harq__B0,refit,training,feature:28,7508,0,25
confirmation,mean__log_ridge_harq__B0,refit,training,feature:29,0,0,25
confirmation,mean__log_ridge_harq__B0,refit,training,feature:3,0,2550,25
confirmation,mean__log_ridge_harq__B0,refit,training,feature:30,0,0,25
confirmation,mean__log_ridge_harq__B0,refit,training,feature:31,0,0,25
confirmation,mean__log_ridge_harq__B0,refit,training,feature:32,0,0,25
confirmation,mean__log_ridge_harq__B0,refit,training,feature:33,0,0,25
confirmation,mean__log_ridge_harq__B0,refit,training,feature:4,0,0,25
confirmation,mean__log_ridge_harq__B0,refit,training,feature:5,0,0,25
confirmation,mean__log_ridge_harq__B0,refit,training,feature:6,0,0,25
confirmation,mean__log_ridge_harq__B0,refit,training,feature:7,0,0,25
confirmation,mean__log_ridge_harq__B0,refit,training,feature:8,0,0,25
confirmation,mean__log_ridge_harq__B0,refit,training,feature:9,0,242,25
confirmation,mean__log_ridge_harq__B1,inner_fit,predicting,feature:0,60,0,25
confirmation,mean__log_ridge_harq__B1,inner_fit,predicting,feature:1,0,0,25
confirmation,mean__log_ridge_harq__B1,inner_fit,predicting,feature:10,34,116,25
confirmation,mean__log_ridge_harq__B1,inner_fit,predicting,feature:11,4,33,25
confirmation,mean__log_ridge_harq__B1,inner_fit,predicting,feature:12,0,0,25
confirmation,mean__log_ridge_harq__B1,inner_fit,predicting,feature:13,0,0,25
confirmation,mean__log_ridge_harq__B1,inner_fit,predicting,feature:14,0,0,25
confirmation,mean__log_ridge_harq__B1,inner_fit,predicting,feature:15,0,0,25
confirmation,mean__log_ridge_harq__B1,inner_fit,predicting,feature:16,0,0,25
confirmation,mean__log_ridge_harq__B1,inner_fit,predicting,feature:17,0,0,25
confirmation,mean__log_ridge_harq__B1,inner_fit,predicting,feature:18,0,0,25
confirmation,mean__log_ridge_harq__B1,inner_fit,predicting,feature:19,0,0,25
confirmation,mean__log_ridge_harq__B1,inner_fit,predicting,feature:2,0,0,25
confirmation,mean__log_ridge_harq__B1,inner_fit,predicting,feature:20,0,0,25
confirmation,mean__log_ridge_harq__B1,inner_fit,predicting,feature:21,0,0,25
confirmation,mean__log_ridge_harq__B1,inner_fit,predicting,feature:22,0,0,25
confirmation,mean__log_ridge_harq__B1,inner_fit,predicting,feature:23,0,0,25
confirmation,mean__log_ridge_harq__B1,inner_fit,predicting,feature:24,0,0,25
confirmation,mean__log_ridge_harq__B1,inner_fit,predicting,feature:25,0,0,25
confirmation,mean__log_ridge_harq__B1,inner_fit,predicting,feature:26,0,0,25
confirmation,mean__log_ridge_harq__B1,inner_fit,predicting,feature:27,0,0,25
confirmation,mean__log_ridge_harq__B1,inner_fit,predicting,feature:28,52,0,25
confirmation,mean__log_ridge_harq__B1,inner_fit,predicting,feature:29,0,0,25
confirmation,mean__log_ridge_harq__B1,inner_fit,predicting,feature:3,0,0,25
confirmation,mean__log_ridge_harq__B1,inner_fit,predicting,feature:30,0,0,25
confirmation,mean__log_ridge_harq__B1,inner_fit,predicting,feature:31,0,0,25
confirmation,mean__log_ridge_harq__B1,inner_fit,predicting,feature:32,87,0,25
confirmation,mean__log_ridge_harq__B1,inner_fit,predicting,feature:33,0,0,25
confirmation,mean__log_ridge_harq__B1,inner_fit,predicting,feature:34,0,0,25
confirmation,mean__log_ridge_harq__B1,inner_fit,predicting,feature:35,0,0,25
confirmation,mean__log_ridge_harq__B1,inner_fit,predicting,feature:36,139,0,25
confirmation,mean__log_ridge_harq__B1,inner_fit,predicting,feature:37,0,3,25
confirmation,mean__log_ridge_harq__B1,inner_fit,predicting,feature:38,0,0,25
confirmation,mean__log_ridge_harq__B1,inner_fit,predicting,feature:39,50,0,25
confirmation,mean__log_ridge_harq__B1,inner_fit,predicting,feature:4,0,0,25
confirmation,mean__log_ridge_harq__B1,inner_fit,predicting,feature:40,0,0,25
confirmation,mean__log_ridge_harq__B1,inner_fit,predicting,feature:41,30,0,25
confirmation,mean__log_ridge_harq__B1,inner_fit,predicting,feature:42,0,0,25
confirmation,mean__log_ridge_harq__B1,inner_fit,predicting,feature:43,0,0,25
confirmation,mean__log_ridge_harq__B1,inner_fit,predicting,feature:44,0,0,25
confirmation,mean__log_ridge_harq__B1,inner_fit,predicting,feature:45,0,0,25
confirmation,mean__log_ridge_harq__B1,inner_fit,predicting,feature:46,0,0,25
confirmation,mean__log_ridge_harq__B1,inner_fit,predicting,feature:47,0,0,25
confirmation,mean__log_ridge_harq__B1,inner_fit,predicting,feature:48,0,0,25
confirmation,mean__log_ridge_harq__B1,inner_fit,predicting,feature:49,0,0,25
confirmation,mean__log_ridge_harq__B1,inner_fit,predicting,feature:5,0,0,25
confirmation,mean__log_ridge_harq__B1,inner_fit,predicting,feature:50,0,0,25
confirmation,mean__log_ridge_harq__B1,inner_fit,predicting,feature:51,0,0,25
confirmation,mean__log_ridge_harq__B1,inner_fit,predicting,feature:52,0,20,25
confirmation,mean__log_ridge_harq__B1,inner_fit,predicting,feature:53,0,0,25
confirmation,mean__log_ridge_harq__B1,inner_fit,predicting,feature:54,0,0,25
confirmation,mean__log_ridge_harq__B1,inner_fit,predicting,feature:55,0,0,25
confirmation,mean__log_ridge_harq__B1,inner_fit,predicting,feature:56,0,0,25
confirmation,mean__log_ridge_harq__B1,inner_fit,predicting,feature:57,0,0,25
confirmation,mean__log_ridge_harq__B1,inner_fit,predicting,feature:58,0,19,25
confirmation,mean__log_ridge_harq__B1,inner_fit,predicting,feature:59,0,0,25
confirmation,mean__log_ridge_harq__B1,inner_fit,predicting,feature:6,0,0,25
confirmation,mean__log_ridge_harq__B1,inner_fit,predicting,feature:60,0,0,25
confirmation,mean__log_ridge_harq__B1,inner_fit,predicting,feature:61,0,0,25
confirmation,mean__log_ridge_harq__B1,inner_fit,predicting,feature:62,0,0,25
confirmation,mean__log_ridge_harq__B1,inner_fit,predicting,feature:63,0,36,25
confirmation,mean__log_ridge_harq__B1,inner_fit,predicting,feature:64,0,0,25
confirmation,mean__log_ridge_harq__B1,inner_fit,predicting,feature:65,0,0,25
confirmation,mean__log_ridge_harq__B1,inner_fit,predicting,feature:66,0,0,25
confirmation,mean__log_ridge_harq__B1,inner_fit,predicting,feature:67,0,0,25
confirmation,mean__log_ridge_harq__B1,inner_fit,predicting,feature:68,8,0,25
confirmation,mean__log_ridge_harq__B1,inner_fit,predicting,feature:69,0,0,25
confirmation,mean__log_ridge_harq__B1,inner_fit,predicting,feature:7,0,0,25
confirmation,mean__log_ridge_harq__B1,inner_fit,predicting,feature:70,0,0,25
confirmation,mean__log_ridge_harq__B1,inner_fit,predicting,feature:71,0,0,25
confirmation,mean__log_ridge_harq__B1,inner_fit,predicting,feature:72,0,0,25
confirmation,mean__log_ridge_harq__B1,inner_fit,predicting,feature:73,0,0,25
confirmation,mean__log_ridge_harq__B1,inner_fit,predicting,feature:8,0,0,25
confirmation,mean__log_ridge_harq__B1,inner_fit,predicting,feature:9,0,0,25
confirmation,mean__log_ridge_harq__B1,inner_fit,predicting,presence:29,0,0,25
confirmation,mean__log_ridge_harq__B1,inner_fit,predicting,presence:30,0,0,25
confirmation,mean__log_ridge_harq__B1,inner_fit,predicting,presence:31,0,0,25
confirmation,mean__log_ridge_harq__B1,inner_fit,predicting,presence:32,0,0,25
confirmation,mean__log_ridge_harq__B1,inner_fit,predicting,presence:33,357,0,25
confirmation,mean__log_ridge_harq__B1,inner_fit,predicting,presence:34,0,0,25
confirmation,mean__log_ridge_harq__B1,inner_fit,predicting,presence:35,0,0,25
confirmation,mean__log_ridge_harq__B1,inner_fit,predicting,presence:36,357,0,25
confirmation,mean__log_ridge_harq__B1,inner_fit,predicting,presence:37,0,0,25
confirmation,mean__log_ridge_harq__B1,inner_fit,predicting,presence:38,0,0,25
confirmation,mean__log_ridge_harq__B1,inner_fit,predicting,presence:39,0,0,25
confirmation,mean__log_ridge_harq__B1,inner_fit,predicting,presence:40,0,0,25
confirmation,mean__log_ridge_harq__B1,inner_fit,predicting,presence:41,0,0,25
confirmation,mean__log_ridge_harq__B1,inner_fit,predicting,presence:42,0,0,25
confirmation,mean__log_ridge_harq__B1,inner_fit,predicting,presence:43,0,0,25
confirmation,mean__log_ridge_harq__B1,inner_fit,predicting,presence:44,0,0,25
confirmation,mean__log_ridge_harq__B1,inner_fit,predicting,presence:45,0,0,25
confirmation,mean__log_ridge_harq__B1,inner_fit,predicting,presence:46,0,0,25
confirmation,mean__log_ridge_harq__B1,inner_fit,predicting,presence:47,0,0,25
confirmation,mean__log_ridge_harq__B1,inner_fit,predicting,presence:48,0,0,25
confirmation,mean__log_ridge_harq__B1,inner_fit,predicting,presence:49,0,0,25
confirmation,mean__log_ridge_harq__B1,inner_fit,predicting,presence:50,0,0,25
confirmation,mean__log_ridge_harq__B1,inner_fit,predicting,presence:51,0,0,25
confirmation,mean__log_ridge_harq__B1,inner_fit,predicting,presence:52,0,0,25
confirmation,mean__log_ridge_harq__B1,inner_fit,predicting,presence:53,1122,0,25
confirmation,mean__log_ridge_harq__B1,inner_fit,predicting,presence:54,63,0,25
confirmation,mean__log_ridge_harq__B1,inner_fit,predicting,presence:55,8,0,25
confirmation,mean__log_ridge_harq__B1,inner_fit,predicting,presence:56,8,0,25
confirmation,mean__log_ridge_harq__B1,inner_fit,predicting,presence:57,0,0,25
confirmation,mean__log_ridge_harq__B1,inner_fit,predicting,presence:58,281,0,25
confirmation,mean__log_ridge_harq__B1,inner_fit,predicting,presence:59,308,0,25
confirmation,mean__log_ridge_harq__B1,inner_fit,predicting,presence:60,140,0,25
confirmation,mean__log_ridge_harq__B1,inner_fit,predicting,presence:61,297,0,25
confirmation,mean__log_ridge_harq__B1,inner_fit,predicting,presence:62,182,0,25
confirmation,mean__log_ridge_harq__B1,inner_fit,predicting,presence:63,25,0,25
confirmation,mean__log_ridge_harq__B1,inner_fit,predicting,presence:64,1501,0,25
confirmation,mean__log_ridge_harq__B1,inner_fit,predicting,presence:65,190,0,25
confirmation,mean__log_ridge_harq__B1,inner_fit,predicting,presence:66,1122,0,25
confirmation,mean__log_ridge_harq__B1,inner_fit,predicting,presence:67,16,0,25
confirmation,mean__log_ridge_harq__B1,inner_fit,training,feature:0,3540,4410,25
confirmation,mean__log_ridge_harq__B1,inner_fit,training,feature:1,0,1650,25
confirmation,mean__log_ridge_harq__B1,inner_fit,training,feature:10,6655,7003,25
confirmation,mean__log_ridge_harq__B1,inner_fit,training,feature:11,6949,5950,25
confirmation,mean__log_ridge_harq__B1,inner_fit,training,feature:12,0,794,25
confirmation,mean__log_ridge_harq__B1,inner_fit,training,feature:13,0,300,25
confirmation,mean__log_ridge_harq__B1,inner_fit,training,feature:14,0,600,25
confirmation,mean__log_ridge_harq__B1,inner_fit,training,feature:15,25,661,25
confirmation,mean__log_ridge_harq__B1,inner_fit,training,feature:16,0,528,25
confirmation,mean__log_ridge_harq__B1,inner_fit,training,feature:17,50,300,25
confirmation,mean__log_ridge_harq__B1,inner_fit,training,feature:18,0,1625,25
confirmation,mean__log_ridge_harq__B1,inner_fit,training,feature:19,0,1115,25
confirmation,mean__log_ridge_harq__B1,inner_fit,training,feature:2,4050,6300,25
confirmation,mean__log_ridge_harq__B1,inner_fit,training,feature:20,0,0,25
confirmation,mean__log_ridge_harq__B1,inner_fit,training,feature:21,0,0,25
confirmation,mean__log_ridge_harq__B1,inner_fit,training,feature:22,0,528,25
confirmation,mean__log_ridge_harq__B1,inner_fit,training,feature:23,0,1115,25
confirmation,mean__log_ridge_harq__B1,inner_fit,training,feature:24,0,1625,25
confirmation,mean__log_ridge_harq__B1,inner_fit,training,feature:25,0,0,25
confirmation,mean__log_ridge_harq__B1,inner_fit,training,feature:26,0,0,25
confirmation,mean__log_ridge_harq__B1,inner_fit,training,feature:27,0,0,25
confirmation,mean__log_ridge_harq__B1,inner_fit,training,feature:28,7416,0,25
confirmation,mean__log_ridge_harq__B1,inner_fit,training,feature:29,0,0,25
confirmation,mean__log_ridge_harq__B1,inner_fit,training,feature:3,0,2550,25
confirmation,mean__log_ridge_harq__B1,inner_fit,training,feature:30,0,0,25
confirmation,mean__log_ridge_harq__B1,inner_fit,training,feature:31,0,0,25
confirmation,mean__log_ridge_harq__B1,inner_fit,training,feature:32,14430,0,25
confirmation,mean__log_ridge_harq__B1,inner_fit,training,feature:33,8304,0,25
confirmation,mean__log_ridge_harq__B1,inner_fit,training,feature:34,0,0,25
confirmation,mean__log_ridge_harq__B1,inner_fit,training,feature:35,1957,0,25
confirmation,mean__log_ridge_harq__B1,inner_fit,training,feature:36,16529,25,25
confirmation,mean__log_ridge_harq__B1,inner_fit,training,feature:37,0,22,25
confirmation,mean__log_ridge_harq__B1,inner_fit,training,feature:38,0,0,25
confirmation,mean__log_ridge_harq__B1,inner_fit,training,feature:39,4857,0,25
confirmation,mean__log_ridge_harq__B1,inner_fit,training,feature:4,0,0,25
confirmation,mean__log_ridge_harq__B1,inner_fit,training,feature:40,357,13804,25
confirmation,mean__log_ridge_harq__B1,inner_fit,training,feature:41,3253,25,25
confirmation,mean__log_ridge_harq__B1,inner_fit,training,feature:42,0,0,25
confirmation,mean__log_ridge_harq__B1,inner_fit,training,feature:43,0,0,25
confirmation,mean__log_ridge_harq__B1,inner_fit,training,feature:44,0,0,25
confirmation,mean__log_ridge_harq__B1,inner_fit,training,feature:45,0,0,25
confirmation,mean__log_ridge_harq__B1,inner_fit,training,feature:46,0,0,25
confirmation,mean__log_ridge_harq__B1,inner_fit,training,feature:47,28983,0,25
confirmation,mean__log_ridge_harq__B1,inner_fit,training,feature:48,0,0,25
confirmation,mean__log_ridge_harq__B1,inner_fit,training,feature:49,0,0,25
confirmation,mean__log_ridge_harq__B1,inner_fit,training,feature:5,0,0,25
confirmation,mean__log_ridge_harq__B1,inner_fit,training,feature:50,0,0,25
confirmation,mean__log_ridge_harq__B1,inner_fit,training,feature:51,0,0,25
confirmation,mean__log_ridge_harq__B1,inner_fit,training,feature:52,0,2164,25
confirmation,mean__log_ridge_harq__B1,inner_fit,training,feature:53,0,0,25
confirmation,mean__log_ridge_harq__B1,inner_fit,training,feature:54,0,0,25
confirmation,mean__log_ridge_harq__B1,inner_fit,training,feature:55,0,0,25
confirmation,mean__log_ridge_harq__B1,inner_fit,training,feature:56,0,0,25
confirmation,mean__log_ridge_harq__B1,inner_fit,training,feature:57,0,0,25
confirmation,mean__log_ridge_harq__B1,inner_fit,training,feature:58,0,3142,25
confirmation,mean__log_ridge_harq__B1,inner_fit,training,feature:59,0,0,25
confirmation,mean__log_ridge_harq__B1,inner_fit,training,feature:6,0,0,25
confirmation,mean__log_ridge_harq__B1,inner_fit,training,feature:60,0,0,25
confirmation,mean__log_ridge_harq__B1,inner_fit,training,feature:61,0,0,25
confirmation,mean__log_ridge_harq__B1,inner_fit,training,feature:62,0,0,25
confirmation,mean__log_ridge_harq__B1,inner_fit,training,feature:63,0,7725,25
confirmation,mean__log_ridge_harq__B1,inner_fit,training,feature:64,0,0,25
confirmation,mean__log_ridge_harq__B1,inner_fit,training,feature:65,0,0,25
confirmation,mean__log_ridge_harq__B1,inner_fit,training,feature:66,0,0,25
confirmation,mean__log_ridge_harq__B1,inner_fit,training,feature:67,0,0,25
confirmation,mean__log_ridge_harq__B1,inner_fit,training,feature:68,10092,0,25
confirmation,mean__log_ridge_harq__B1,inner_fit,training,feature:69,0,0,25
confirmation,mean__log_ridge_harq__B1,inner_fit,training,feature:7,0,0,25
confirmation,mean__log_ridge_harq__B1,inner_fit,training,feature:70,0,0,25
confirmation,mean__log_ridge_harq__B1,inner_fit,training,feature:71,0,0,25
confirmation,mean__log_ridge_harq__B1,inner_fit,training,feature:72,0,0,25
confirmation,mean__log_ridge_harq__B1,inner_fit,training,feature:73,0,0,25
confirmation,mean__log_ridge_harq__B1,inner_fit,training,feature:8,0,0,25
confirmation,mean__log_ridge_harq__B1,inner_fit,training,feature:9,0,225,25
confirmation,mean__log_ridge_harq__B1,inner_fit,training,presence:29,9575,0,25
confirmation,mean__log_ridge_harq__B1,inner_fit,training,presence:30,9575,0,25
confirmation,mean__log_ridge_harq__B1,inner_fit,training,presence:31,9575,0,25
confirmation,mean__log_ridge_harq__B1,inner_fit,training,presence:32,9575,0,25
confirmation,mean__log_ridge_harq__B1,inner_fit,training,presence:33,29899,0,25
confirmation,mean__log_ridge_harq__B1,inner_fit,training,presence:34,9575,0,25
confirmation,mean__log_ridge_harq__B1,inner_fit,training,presence:35,9575,0,25
confirmation,mean__log_ridge_harq__B1,inner_fit,training,presence:36,29899,0,25
confirmation,mean__log_ridge_harq__B1,inner_fit,training,presence:37,9575,0,25
confirmation,mean__log_ridge_harq__B1,inner_fit,training,presence:38,9575,0,25
confirmation,mean__log_ridge_harq__B1,inner_fit,training,presence:39,9600,0,25
confirmation,mean__log_ridge_harq__B1,inner_fit,training,presence:40,9575,0,25
confirmation,mean__log_ridge_harq__B1,inner_fit,training,presence:41,9575,0,25
confirmation,mean__log_ridge_harq__B1,inner_fit,training,presence:42,9575,0,25
confirmation,mean__log_ridge_harq__B1,inner_fit,training,presence:43,0,0,25
confirmation,mean__log_ridge_harq__B1,inner_fit,training,presence:44,0,0,25
confirmation,mean__log_ridge_harq__B1,inner_fit,training,presence:45,0,0,25
confirmation,mean__log_ridge_harq__B1,inner_fit,training,presence:46,0,0,25
confirmation,mean__log_ridge_harq__B1,inner_fit,training,presence:47,0,0,25
confirmation,mean__log_ridge_harq__B1,inner_fit,training,presence:48,0,0,25
confirmation,mean__log_ridge_harq__B1,inner_fit,training,presence:49,0,0,25
confirmation,mean__log_ridge_harq__B1,inner_fit,training,presence:50,0,0,25
confirmation,mean__log_ridge_harq__B1,inner_fit,training,presence:51,0,0,25
confirmation,mean__log_ridge_harq__B1,inner_fit,training,presence:52,0,0,25
confirmation,mean__log_ridge_harq__B1,inner_fit,training,presence:53,92222,0,25
confirmation,mean__log_ridge_harq__B1,inner_fit,training,presence:54,11719,0,25
confirmation,mean__log_ridge_harq__B1,inner_fit,training,presence:55,10092,0,25
confirmation,mean__log_ridge_harq__B1,inner_fit,training,presence:56,10642,0,25
confirmation,mean__log_ridge_harq__B1,inner_fit,training,presence:57,0,0,25
confirmation,mean__log_ridge_harq__B1,inner_fit,training,presence:58,50981,0,25
confirmation,mean__log_ridge_harq__B1,inner_fit,training,presence:59,30762,0,25
confirmation,mean__log_ridge_harq__B1,inner_fit,training,presence:60,12172,0,25
confirmation,mean__log_ridge_harq__B1,inner_fit,training,presence:61,21044,0,25
confirmation,mean__log_ridge_harq__B1,inner_fit,training,presence:62,67968,0,25
confirmation,mean__log_ridge_harq__B1,inner_fit,training,presence:63,22459,0,25
confirmation,mean__log_ridge_harq__B1,inner_fit,training,presence:64,102631,0,25
confirmation,mean__log_ridge_harq__B1,inner_fit,training,presence:65,27638,0,25
confirmation,mean__log_ridge_harq__B1,inner_fit,training,presence:66,72580,0,25
confirmation,mean__log_ridge_harq__B1,inner_fit,training,presence:67,19191,0,25
confirmation,mean__log_ridge_harq__B1,refit,predicting,feature:0,0,0,25
confirmation,mean__log_ridge_harq__B1,refit,predicting,feature:1,0,0,25
confirmation,mean__log_ridge_harq__B1,refit,predicting,feature:10,0,12,25
confirmation,mean__log_ridge_harq__B1,refit,predicting,feature:11,1,4,25
confirmation,mean__log_ridge_harq__B1,refit,predicting,feature:12,0,0,25
confirmation,mean__log_ridge_harq__B1,refit,predicting,feature:13,0,0,25
confirmation,mean__log_ridge_harq__B1,refit,predicting,feature:14,0,0,25
confirmation,mean__log_ridge_harq__B1,refit,predicting,feature:15,0,0,25
confirmation,mean__log_ridge_harq__B1,refit,predicting,feature:16,0,0,25
confirmation,mean__log_ridge_harq__B1,refit,predicting,feature:17,0,0,25
confirmation,mean__log_ridge_harq__B1,refit,predicting,feature:18,0,0,25
confirmation,mean__log_ridge_harq__B1,refit,predicting,feature:19,0,0,25
confirmation,mean__log_ridge_harq__B1,refit,predicting,feature:2,0,0,25
confirmation,mean__log_ridge_harq__B1,refit,predicting,feature:20,0,0,25
confirmation,mean__log_ridge_harq__B1,refit,predicting,feature:21,0,0,25
confirmation,mean__log_ridge_harq__B1,refit,predicting,feature:22,0,0,25
confirmation,mean__log_ridge_harq__B1,refit,predicting,feature:23,0,0,25
confirmation,mean__log_ridge_harq__B1,refit,predicting,feature:24,0,0,25
confirmation,mean__log_ridge_harq__B1,refit,predicting,feature:25,0,0,25
confirmation,mean__log_ridge_harq__B1,refit,predicting,feature:26,0,0,25
confirmation,mean__log_ridge_harq__B1,refit,predicting,feature:27,0,0,25
confirmation,mean__log_ridge_harq__B1,refit,predicting,feature:28,7,0,25
confirmation,mean__log_ridge_harq__B1,refit,predicting,feature:29,0,0,25
confirmation,mean__log_ridge_harq__B1,refit,predicting,feature:3,0,0,25
confirmation,mean__log_ridge_harq__B1,refit,predicting,feature:30,0,0,25
confirmation,mean__log_ridge_harq__B1,refit,predicting,feature:31,0,0,25
confirmation,mean__log_ridge_harq__B1,refit,predicting,feature:32,11,0,25
confirmation,mean__log_ridge_harq__B1,refit,predicting,feature:33,0,0,25
confirmation,mean__log_ridge_harq__B1,refit,predicting,feature:34,0,0,25
confirmation,mean__log_ridge_harq__B1,refit,predicting,feature:35,0,0,25
confirmation,mean__log_ridge_harq__B1,refit,predicting,feature:36,12,0,25
confirmation,mean__log_ridge_harq__B1,refit,predicting,feature:37,0,0,25
confirmation,mean__log_ridge_harq__B1,refit,predicting,feature:38,0,0,25
confirmation,mean__log_ridge_harq__B1,refit,predicting,feature:39,5,0,25
confirmation,mean__log_ridge_harq__B1,refit,predicting,feature:4,0,0,25
confirmation,mean__log_ridge_harq__B1,refit,predicting,feature:40,0,0,25
confirmation,mean__log_ridge_harq__B1,refit,predicting,feature:41,3,0,25
confirmation,mean__log_ridge_harq__B1,refit,predicting,feature:42,0,0,25
confirmation,mean__log_ridge_harq__B1,refit,predicting,feature:43,0,0,25
confirmation,mean__log_ridge_harq__B1,refit,predicting,feature:44,0,0,25
confirmation,mean__log_ridge_harq__B1,refit,predicting,feature:45,0,0,25
confirmation,mean__log_ridge_harq__B1,refit,predicting,feature:46,0,0,25
confirmation,mean__log_ridge_harq__B1,refit,predicting,feature:47,0,0,25
confirmation,mean__log_ridge_harq__B1,refit,predicting,feature:48,0,0,25
confirmation,mean__log_ridge_harq__B1,refit,predicting,feature:49,0,0,25
confirmation,mean__log_ridge_harq__B1,refit,predicting,feature:5,0,0,25
confirmation,mean__log_ridge_harq__B1,refit,predicting,feature:50,0,0,25
confirmation,mean__log_ridge_harq__B1,refit,predicting,feature:51,0,0,25
confirmation,mean__log_ridge_harq__B1,refit,predicting,feature:52,0,2,25
confirmation,mean__log_ridge_harq__B1,refit,predicting,feature:53,0,0,25
confirmation,mean__log_ridge_harq__B1,refit,predicting,feature:54,0,0,25
confirmation,mean__log_ridge_harq__B1,refit,predicting,feature:55,0,0,25
confirmation,mean__log_ridge_harq__B1,refit,predicting,feature:56,0,0,25
confirmation,mean__log_ridge_harq__B1,refit,predicting,feature:57,0,0,25
confirmation,mean__log_ridge_harq__B1,refit,predicting,feature:58,0,1,25
confirmation,mean__log_ridge_harq__B1,refit,predicting,feature:59,0,0,25
confirmation,mean__log_ridge_harq__B1,refit,predicting,feature:6,0,0,25
confirmation,mean__log_ridge_harq__B1,refit,predicting,feature:60,0,0,25
confirmation,mean__log_ridge_harq__B1,refit,predicting,feature:61,0,0,25
confirmation,mean__log_ridge_harq__B1,refit,predicting,feature:62,0,0,25
confirmation,mean__log_ridge_harq__B1,refit,predicting,feature:63,0,5,25
confirmation,mean__log_ridge_harq__B1,refit,predicting,feature:64,0,0,25
confirmation,mean__log_ridge_harq__B1,refit,predicting,feature:65,0,0,25
confirmation,mean__log_ridge_harq__B1,refit,predicting,feature:66,0,0,25
confirmation,mean__log_ridge_harq__B1,refit,predicting,feature:67,0,0,25
confirmation,mean__log_ridge_harq__B1,refit,predicting,feature:68,0,0,25
confirmation,mean__log_ridge_harq__B1,refit,predicting,feature:69,0,0,25
confirmation,mean__log_ridge_harq__B1,refit,predicting,feature:7,0,0,25
confirmation,mean__log_ridge_harq__B1,refit,predicting,feature:70,0,0,25
confirmation,mean__log_ridge_harq__B1,refit,predicting,feature:71,0,0,25
confirmation,mean__log_ridge_harq__B1,refit,predicting,feature:72,0,0,25
confirmation,mean__log_ridge_harq__B1,refit,predicting,feature:73,0,0,25
confirmation,mean__log_ridge_harq__B1,refit,predicting,feature:8,0,0,25
confirmation,mean__log_ridge_harq__B1,refit,predicting,feature:9,0,0,25
confirmation,mean__log_ridge_harq__B1,refit,predicting,presence:29,0,0,25
confirmation,mean__log_ridge_harq__B1,refit,predicting,presence:30,0,0,25
confirmation,mean__log_ridge_harq__B1,refit,predicting,presence:31,0,0,25
confirmation,mean__log_ridge_harq__B1,refit,predicting,presence:32,0,0,25
confirmation,mean__log_ridge_harq__B1,refit,predicting,presence:33,36,0,25
confirmation,mean__log_ridge_harq__B1,refit,predicting,presence:34,0,0,25
confirmation,mean__log_ridge_harq__B1,refit,predicting,presence:35,0,0,25
confirmation,mean__log_ridge_harq__B1,refit,predicting,presence:36,36,0,25
confirmation,mean__log_ridge_harq__B1,refit,predicting,presence:37,0,0,25
confirmation,mean__log_ridge_harq__B1,refit,predicting,presence:38,0,0,25
confirmation,mean__log_ridge_harq__B1,refit,predicting,presence:39,0,0,25
confirmation,mean__log_ridge_harq__B1,refit,predicting,presence:40,0,0,25
confirmation,mean__log_ridge_harq__B1,refit,predicting,presence:41,0,0,25
confirmation,mean__log_ridge_harq__B1,refit,predicting,presence:42,0,0,25
confirmation,mean__log_ridge_harq__B1,refit,predicting,presence:43,0,0,25
confirmation,mean__log_ridge_harq__B1,refit,predicting,presence:44,0,0,25
confirmation,mean__log_ridge_harq__B1,refit,predicting,presence:45,0,0,25
confirmation,mean__log_ridge_harq__B1,refit,predicting,presence:46,0,0,25
confirmation,mean__log_ridge_harq__B1,refit,predicting,presence:47,0,0,25
confirmation,mean__log_ridge_harq__B1,refit,predicting,presence:48,0,0,25
confirmation,mean__log_ridge_harq__B1,refit,predicting,presence:49,0,0,25
confirmation,mean__log_ridge_harq__B1,refit,predicting,presence:50,0,0,25
confirmation,mean__log_ridge_harq__B1,refit,predicting,presence:51,0,0,25
confirmation,mean__log_ridge_harq__B1,refit,predicting,presence:52,0,0,25
confirmation,mean__log_ridge_harq__B1,refit,predicting,presence:53,122,0,25
confirmation,mean__log_ridge_harq__B1,refit,predicting,presence:54,4,0,25
confirmation,mean__log_ridge_harq__B1,refit,predicting,presence:55,0,0,25
confirmation,mean__log_ridge_harq__B1,refit,predicting,presence:56,0,0,25
confirmation,mean__log_ridge_harq__B1,refit,predicting,presence:57,0,0,25
confirmation,mean__log_ridge_harq__B1,refit,predicting,presence:58,28,0,25
confirmation,mean__log_ridge_harq__B1,refit,predicting,presence:59,18,0,25
confirmation,mean__log_ridge_harq__B1,refit,predicting,presence:60,11,0,25
confirmation,mean__log_ridge_harq__B1,refit,predicting,presence:61,24,0,25
confirmation,mean__log_ridge_harq__B1,refit,predicting,presence:62,20,0,25
confirmation,mean__log_ridge_harq__B1,refit,predicting,presence:63,1,0,25
confirmation,mean__log_ridge_harq__B1,refit,predicting,presence:64,134,0,25
confirmation,mean__log_ridge_harq__B1,refit,predicting,presence:65,14,0,25
confirmation,mean__log_ridge_harq__B1,refit,predicting,presence:66,112,0,25
confirmation,mean__log_ridge_harq__B1,refit,predicting,presence:67,4,0,25
confirmation,mean__log_ridge_harq__B1,refit,training,feature:0,3624,4464,25
confirmation,mean__log_ridge_harq__B1,refit,training,feature:1,0,1680,25
confirmation,mean__log_ridge_harq__B1,refit,training,feature:10,6723,7190,25
confirmation,mean__log_ridge_harq__B1,refit,training,feature:11,7030,6056,25
confirmation,mean__log_ridge_harq__B1,refit,training,feature:12,0,842,25
confirmation,mean__log_ridge_harq__B1,refit,training,feature:13,0,300,25
confirmation,mean__log_ridge_harq__B1,refit,training,feature:14,0,625,25
confirmation,mean__log_ridge_harq__B1,refit,training,feature:15,25,671,25
confirmation,mean__log_ridge_harq__B1,refit,training,feature:16,0,541,25
confirmation,mean__log_ridge_harq__B1,refit,training,feature:17,50,300,25
confirmation,mean__log_ridge_harq__B1,refit,training,feature:18,0,1625,25
confirmation,mean__log_ridge_harq__B1,refit,training,feature:19,0,1222,25
confirmation,mean__log_ridge_harq__B1,refit,training,feature:2,4146,6300,25
confirmation,mean__log_ridge_harq__B1,refit,training,feature:20,0,0,25
confirmation,mean__log_ridge_harq__B1,refit,training,feature:21,0,0,25
confirmation,mean__log_ridge_harq__B1,refit,training,feature:22,0,541,25
confirmation,mean__log_ridge_harq__B1,refit,training,feature:23,0,1222,25
confirmation,mean__log_ridge_harq__B1,refit,training,feature:24,0,1625,25
confirmation,mean__log_ridge_harq__B1,refit,training,feature:25,0,0,25
confirmation,mean__log_ridge_harq__B1,refit,training,feature:26,0,0,25
confirmation,mean__log_ridge_harq__B1,refit,training,feature:27,0,0,25
confirmation,mean__log_ridge_harq__B1,refit,training,feature:28,7508,0,25
confirmation,mean__log_ridge_harq__B1,refit,training,feature:29,0,0,25
confirmation,mean__log_ridge_harq__B1,refit,training,feature:3,0,2550,25
confirmation,mean__log_ridge_harq__B1,refit,training,feature:30,0,0,25
confirmation,mean__log_ridge_harq__B1,refit,training,feature:31,0,0,25
confirmation,mean__log_ridge_harq__B1,refit,training,feature:32,14697,0,25
confirmation,mean__log_ridge_harq__B1,refit,training,feature:33,8692,0,25
confirmation,mean__log_ridge_harq__B1,refit,training,feature:34,0,0,25
confirmation,mean__log_ridge_harq__B1,refit,training,feature:35,1965,0,25
confirmation,mean__log_ridge_harq__B1,refit,training,feature:36,16853,25,25
confirmation,mean__log_ridge_harq__B1,refit,training,feature:37,0,25,25
confirmation,mean__log_ridge_harq__B1,refit,training,feature:38,0,0,25
confirmation,mean__log_ridge_harq__B1,refit,training,feature:39,4907,0,25
confirmation,mean__log_ridge_harq__B1,refit,training,feature:4,0,0,25
confirmation,mean__log_ridge_harq__B1,refit,training,feature:40,376,14302,25
confirmation,mean__log_ridge_harq__B1,refit,training,feature:41,3365,25,25
confirmation,mean__log_ridge_harq__B1,refit,training,feature:42,0,0,25
confirmation,mean__log_ridge_harq__B1,refit,training,feature:43,0,0,25
confirmation,mean__log_ridge_harq__B1,refit,training,feature:44,0,0,25
confirmation,mean__log_ridge_harq__B1,refit,training,feature:45,0,0,25
confirmation,mean__log_ridge_harq__B1,refit,training,feature:46,0,0,25
confirmation,mean__log_ridge_harq__B1,refit,training,feature:47,31464,0,25
confirmation,mean__log_ridge_harq__B1,refit,training,feature:48,0,0,25
confirmation,mean__log_ridge_harq__B1,refit,training,feature:49,0,0,25
confirmation,mean__log_ridge_harq__B1,refit,training,feature:5,0,0,25
confirmation,mean__log_ridge_harq__B1,refit,training,feature:50,0,0,25
confirmation,mean__log_ridge_harq__B1,refit,training,feature:51,0,0,25
confirmation,mean__log_ridge_harq__B1,refit,training,feature:52,0,2093,25
confirmation,mean__log_ridge_harq__B1,refit,training,feature:53,0,0,25
confirmation,mean__log_ridge_harq__B1,refit,training,feature:54,0,0,25
confirmation,mean__log_ridge_harq__B1,refit,training,feature:55,0,0,25
confirmation,mean__log_ridge_harq__B1,refit,training,feature:56,0,0,25
confirmation,mean__log_ridge_harq__B1,refit,training,feature:57,0,0,25
confirmation,mean__log_ridge_harq__B1,refit,training,feature:58,0,3082,25
confirmation,mean__log_ridge_harq__B1,refit,training,feature:59,0,0,25
confirmation,mean__log_ridge_harq__B1,refit,training,feature:6,0,0,25
confirmation,mean__log_ridge_harq__B1,refit,training,feature:60,0,0,25
confirmation,mean__log_ridge_harq__B1,refit,training,feature:61,0,0,25
confirmation,mean__log_ridge_harq__B1,refit,training,feature:62,0,0,25
confirmation,mean__log_ridge_harq__B1,refit,training,feature:63,0,8191,25
confirmation,mean__log_ridge_harq__B1,refit,training,feature:64,0,0,25
confirmation,mean__log_ridge_harq__B1,refit,training,feature:65,0,0,25
confirmation,mean__log_ridge_harq__B1,refit,training,feature:66,0,0,25
confirmation,mean__log_ridge_harq__B1,refit,training,feature:67,0,0,25
confirmation,mean__log_ridge_harq__B1,refit,training,feature:68,10100,0,25
confirmation,mean__log_ridge_harq__B1,refit,training,feature:69,0,0,25
confirmation,mean__log_ridge_harq__B1,refit,training,feature:7,0,0,25
confirmation,mean__log_ridge_harq__B1,refit,training,feature:70,0,0,25
confirmation,mean__log_ridge_harq__B1,refit,training,feature:71,0,0,25
confirmation,mean__log_ridge_harq__B1,refit,training,feature:72,0,0,25
confirmation,mean__log_ridge_harq__B1,refit,training,feature:73,0,0,25
confirmation,mean__log_ridge_harq__B1,refit,training,feature:8,0,0,25
confirmation,mean__log_ridge_harq__B1,refit,training,feature:9,0,242,25
confirmation,mean__log_ridge_harq__B1,refit,training,presence:29,9575,0,25
confirmation,mean__log_ridge_harq__B1,refit,training,presence:30,9575,0,25
confirmation,mean__log_ridge_harq__B1,refit,training,presence:31,9575,0,25
confirmation,mean__log_ridge_harq__B1,refit,training,presence:32,9575,0,25
confirmation,mean__log_ridge_harq__B1,refit,training,presence:33,30256,0,25
confirmation,mean__log_ridge_harq__B1,refit,training,presence:34,9575,0,25
confirmation,mean__log_ridge_harq__B1,refit,training,presence:35,9575,0,25
confirmation,mean__log_ridge_harq__B1,refit,training,presence:36,30256,0,25
confirmation,mean__log_ridge_harq__B1,refit,training,presence:37,9575,0,25
confirmation,mean__log_ridge_harq__B1,refit,training,presence:38,9575,0,25
confirmation,mean__log_ridge_harq__B1,refit,training,presence:39,9600,0,25
confirmation,mean__log_ridge_harq__B1,refit,training,presence:40,9575,0,25
confirmation,mean__log_ridge_harq__B1,refit,training,presence:41,9575,0,25
confirmation,mean__log_ridge_harq__B1,refit,training,presence:42,9575,0,25
confirmation,mean__log_ridge_harq__B1,refit,training,presence:43,0,0,25
confirmation,mean__log_ridge_harq__B1,refit,training,presence:44,0,0,25
confirmation,mean__log_ridge_harq__B1,refit,training,presence:45,0,0,25
confirmation,mean__log_ridge_harq__B1,refit,training,presence:46,0,0,25
confirmation,mean__log_ridge_harq__B1,refit,training,presence:47,0,0,25
confirmation,mean__log_ridge_harq__B1,refit,training,presence:48,0,0,25
confirmation,mean__log_ridge_harq__B1,refit,training,presence:49,0,0,25
confirmation,mean__log_ridge_harq__B1,refit,training,presence:50,0,0,25
confirmation,mean__log_ridge_harq__B1,refit,training,presence:51,0,0,25
confirmation,mean__log_ridge_harq__B1,refit,training,presence:52,0,0,25
confirmation,mean__log_ridge_harq__B1,refit,training,presence:53,93344,0,25
confirmation,mean__log_ridge_harq__B1,refit,training,presence:54,11782,0,25
confirmation,mean__log_ridge_harq__B1,refit,training,presence:55,10100,0,25
confirmation,mean__log_ridge_harq__B1,refit,training,presence:56,10650,0,25
confirmation,mean__log_ridge_harq__B1,refit,training,presence:57,0,0,25
confirmation,mean__log_ridge_harq__B1,refit,training,presence:58,51262,0,25
confirmation,mean__log_ridge_harq__B1,refit,training,presence:59,31070,0,25
confirmation,mean__log_ridge_harq__B1,refit,training,presence:60,12312,0,25
confirmation,mean__log_ridge_harq__B1,refit,training,presence:61,21341,0,25
confirmation,mean__log_ridge_harq__B1,refit,training,presence:62,68150,0,25
confirmation,mean__log_ridge_harq__B1,refit,training,presence:63,22484,0,25
confirmation,mean__log_ridge_harq__B1,refit,training,presence:64,104132,0,25
confirmation,mean__log_ridge_harq__B1,refit,training,presence:65,27828,0,25
confirmation,mean__log_ridge_harq__B1,refit,training,presence:66,73702,0,25
confirmation,mean__log_ridge_harq__B1,refit,training,presence:67,19207,0,25
confirmation,mean__log_ridge_harq__B2,inner_fit,predicting,feature:0,60,0,25
confirmation,mean__log_ridge_harq__B2,inner_fit,predicting,feature:1,0,0,25
confirmation,mean__log_ridge_harq__B2,inner_fit,predicting,feature:10,34,116,25
confirmation,mean__log_ridge_harq__B2,inner_fit,predicting,feature:100,0,0,25
confirmation,mean__log_ridge_harq__B2,inner_fit,predicting,feature:101,0,0,25
confirmation,mean__log_ridge_harq__B2,inner_fit,predicting,feature:102,0,0,25
confirmation,mean__log_ridge_harq__B2,inner_fit,predicting,feature:103,0,0,25
confirmation,mean__log_ridge_harq__B2,inner_fit,predicting,feature:104,0,0,25
confirmation,mean__log_ridge_harq__B2,inner_fit,predicting,feature:105,0,508,25
confirmation,mean__log_ridge_harq__B2,inner_fit,predicting,feature:106,0,0,25
confirmation,mean__log_ridge_harq__B2,inner_fit,predicting,feature:107,0,0,25
confirmation,mean__log_ridge_harq__B2,inner_fit,predicting,feature:108,83,0,25
confirmation,mean__log_ridge_harq__B2,inner_fit,predicting,feature:109,12,0,25
confirmation,mean__log_ridge_harq__B2,inner_fit,predicting,feature:11,4,33,25
confirmation,mean__log_ridge_harq__B2,inner_fit,predicting,feature:110,0,385,25
confirmation,mean__log_ridge_harq__B2,inner_fit,predicting,feature:111,916,170,25
confirmation,mean__log_ridge_harq__B2,inner_fit,predicting,feature:112,8,0,25
confirmation,mean__log_ridge_harq__B2,inner_fit,predicting,feature:113,0,613,25
confirmation,mean__log_ridge_harq__B2,inner_fit,predicting,feature:114,0,0,25
confirmation,mean__log_ridge_harq__B2,inner_fit,predicting,feature:115,0,35,25
confirmation,mean__log_ridge_harq__B2,inner_fit,predicting,feature:116,0,0,25
confirmation,mean__log_ridge_harq__B2,inner_fit,predicting,feature:117,0,133,25
confirmation,mean__log_ridge_harq__B2,inner_fit,predicting,feature:118,0,0,25
confirmation,mean__log_ridge_harq__B2,inner_fit,predicting,feature:119,12,0,25
confirmation,mean__log_ridge_harq__B2,inner_fit,predicting,feature:12,0,0,25
confirmation,mean__log_ridge_harq__B2,inner_fit,predicting,feature:120,0,9,25
confirmation,mean__log_ridge_harq__B2,inner_fit,predicting,feature:121,12,0,25
confirmation,mean__log_ridge_harq__B2,inner_fit,predicting,feature:122,0,329,25
confirmation,mean__log_ridge_harq__B2,inner_fit,predicting,feature:123,12,0,25
confirmation,mean__log_ridge_harq__B2,inner_fit,predicting,feature:124,0,0,25
confirmation,mean__log_ridge_harq__B2,inner_fit,predicting,feature:125,0,0,25
confirmation,mean__log_ridge_harq__B2,inner_fit,predicting,feature:126,0,0,25
confirmation,mean__log_ridge_harq__B2,inner_fit,predicting,feature:127,0,0,25
confirmation,mean__log_ridge_harq__B2,inner_fit,predicting,feature:128,0,0,25
confirmation,mean__log_ridge_harq__B2,inner_fit,predicting,feature:129,0,0,25
confirmation,mean__log_ridge_harq__B2,inner_fit,predicting,feature:13,0,0,25
confirmation,mean__log_ridge_harq__B2,inner_fit,predicting,feature:130,0,0,25
confirmation,mean__log_ridge_harq__B2,inner_fit,predicting,feature:131,0,2198,25
confirmation,mean__log_ridge_harq__B2,inner_fit,predicting,feature:132,0,0,25
confirmation,mean__log_ridge_harq__B2,inner_fit,predicting,feature:133,0,0,25
confirmation,mean__log_ridge_harq__B2,inner_fit,predicting,feature:134,0,0,25
confirmation,mean__log_ridge_harq__B2,inner_fit,predicting,feature:135,0,0,25
confirmation,mean__log_ridge_harq__B2,inner_fit,predicting,feature:136,0,12,25
confirmation,mean__log_ridge_harq__B2,inner_fit,predicting,feature:137,0,0,25
confirmation,mean__log_ridge_harq__B2,inner_fit,predicting,feature:138,0,0,25
confirmation,mean__log_ridge_harq__B2,inner_fit,predicting,feature:139,0,0,25
confirmation,mean__log_ridge_harq__B2,inner_fit,predicting,feature:14,0,0,25
confirmation,mean__log_ridge_harq__B2,inner_fit,predicting,feature:140,0,0,25
confirmation,mean__log_ridge_harq__B2,inner_fit,predicting,feature:141,0,0,25
confirmation,mean__log_ridge_harq__B2,inner_fit,predicting,feature:142,0,0,25
confirmation,mean__log_ridge_harq__B2,inner_fit,predicting,feature:15,0,0,25
confirmation,mean__log_ridge_harq__B2,inner_fit,predicting,feature:16,0,0,25
confirmation,mean__log_ridge_harq__B2,inner_fit,predicting,feature:17,0,0,25
confirmation,mean__log_ridge_harq__B2,inner_fit,predicting,feature:18,0,0,25
confirmation,mean__log_ridge_harq__B2,inner_fit,predicting,feature:19,0,0,25
confirmation,mean__log_ridge_harq__B2,inner_fit,predicting,feature:2,0,0,25
confirmation,mean__log_ridge_harq__B2,inner_fit,predicting,feature:20,0,0,25
confirmation,mean__log_ridge_harq__B2,inner_fit,predicting,feature:21,0,0,25
confirmation,mean__log_ridge_harq__B2,inner_fit,predicting,feature:22,0,0,25
confirmation,mean__log_ridge_harq__B2,inner_fit,predicting,feature:23,0,0,25
confirmation,mean__log_ridge_harq__B2,inner_fit,predicting,feature:24,0,0,25
confirmation,mean__log_ridge_harq__B2,inner_fit,predicting,feature:25,0,0,25
confirmation,mean__log_ridge_harq__B2,inner_fit,predicting,feature:26,0,0,25
confirmation,mean__log_ridge_harq__B2,inner_fit,predicting,feature:27,0,0,25
confirmation,mean__log_ridge_harq__B2,inner_fit,predicting,feature:28,52,0,25
confirmation,mean__log_ridge_harq__B2,inner_fit,predicting,feature:29,0,0,25
confirmation,mean__log_ridge_harq__B2,inner_fit,predicting,feature:3,0,0,25
confirmation,mean__log_ridge_harq__B2,inner_fit,predicting,feature:30,0,0,25
confirmation,mean__log_ridge_harq__B2,inner_fit,predicting,feature:31,0,0,25
confirmation,mean__log_ridge_harq__B2,inner_fit,predicting,feature:32,87,0,25
confirmation,mean__log_ridge_harq__B2,inner_fit,predicting,feature:33,0,0,25
confirmation,mean__log_ridge_harq__B2,inner_fit,predicting,feature:34,0,0,25
confirmation,mean__log_ridge_harq__B2,inner_fit,predicting,feature:35,0,0,25
confirmation,mean__log_ridge_harq__B2,inner_fit,predicting,feature:36,139,0,25
confirmation,mean__log_ridge_harq__B2,inner_fit,predicting,feature:37,0,3,25
confirmation,mean__log_ridge_harq__B2,inner_fit,predicting,feature:38,0,0,25
confirmation,mean__log_ridge_harq__B2,inner_fit,predicting,feature:39,50,0,25
confirmation,mean__log_ridge_harq__B2,inner_fit,predicting,feature:4,0,0,25
confirmation,mean__log_ridge_harq__B2,inner_fit,predicting,feature:40,0,0,25
confirmation,mean__log_ridge_harq__B2,inner_fit,predicting,feature:41,30,0,25
confirmation,mean__log_ridge_harq__B2,inner_fit,predicting,feature:42,0,0,25
confirmation,mean__log_ridge_harq__B2,inner_fit,predicting,feature:43,0,0,25
confirmation,mean__log_ridge_harq__B2,inner_fit,predicting,feature:44,0,0,25
confirmation,mean__log_ridge_harq__B2,inner_fit,predicting,feature:45,0,0,25
confirmation,mean__log_ridge_harq__B2,inner_fit,predicting,feature:46,0,0,25
confirmation,mean__log_ridge_harq__B2,inner_fit,predicting,feature:47,0,0,25
confirmation,mean__log_ridge_harq__B2,inner_fit,predicting,feature:48,0,0,25
confirmation,mean__log_ridge_harq__B2,inner_fit,predicting,feature:49,0,0,25
confirmation,mean__log_ridge_harq__B2,inner_fit,predicting,feature:5,0,0,25
confirmation,mean__log_ridge_harq__B2,inner_fit,predicting,feature:50,0,0,25
confirmation,mean__log_ridge_harq__B2,inner_fit,predicting,feature:51,0,0,25
confirmation,mean__log_ridge_harq__B2,inner_fit,predicting,feature:52,0,20,25
confirmation,mean__log_ridge_harq__B2,inner_fit,predicting,feature:53,0,0,25
confirmation,mean__log_ridge_harq__B2,inner_fit,predicting,feature:54,0,0,25
confirmation,mean__log_ridge_harq__B2,inner_fit,predicting,feature:55,0,0,25
confirmation,mean__log_ridge_harq__B2,inner_fit,predicting,feature:56,0,0,25
confirmation,mean__log_ridge_harq__B2,inner_fit,predicting,feature:57,0,0,25
confirmation,mean__log_ridge_harq__B2,inner_fit,predicting,feature:58,0,19,25
confirmation,mean__log_ridge_harq__B2,inner_fit,predicting,feature:59,0,0,25
confirmation,mean__log_ridge_harq__B2,inner_fit,predicting,feature:6,0,0,25
confirmation,mean__log_ridge_harq__B2,inner_fit,predicting,feature:60,0,0,25
confirmation,mean__log_ridge_harq__B2,inner_fit,predicting,feature:61,0,0,25
confirmation,mean__log_ridge_harq__B2,inner_fit,predicting,feature:62,0,0,25
confirmation,mean__log_ridge_harq__B2,inner_fit,predicting,feature:63,0,36,25
confirmation,mean__log_ridge_harq__B2,inner_fit,predicting,feature:64,0,0,25
confirmation,mean__log_ridge_harq__B2,inner_fit,predicting,feature:65,0,0,25
confirmation,mean__log_ridge_harq__B2,inner_fit,predicting,feature:66,0,0,25
confirmation,mean__log_ridge_harq__B2,inner_fit,predicting,feature:67,0,0,25
confirmation,mean__log_ridge_harq__B2,inner_fit,predicting,feature:68,8,0,25
confirmation,mean__log_ridge_harq__B2,inner_fit,predicting,feature:69,0,0,25
confirmation,mean__log_ridge_harq__B2,inner_fit,predicting,feature:7,0,0,25
confirmation,mean__log_ridge_harq__B2,inner_fit,predicting,feature:70,141,462,25
confirmation,mean__log_ridge_harq__B2,inner_fit,predicting,feature:71,0,0,25
confirmation,mean__log_ridge_harq__B2,inner_fit,predicting,feature:72,0,0,25
confirmation,mean__log_ridge_harq__B2,inner_fit,predicting,feature:73,0,268,25
confirmation,mean__log_ridge_harq__B2,inner_fit,predicting,feature:74,12,0,25
confirmation,mean__log_ridge_harq__B2,inner_fit,predicting,feature:75,0,375,25
confirmation,mean__log_ridge_harq__B2,inner_fit,predicting,feature:76,12,0,25
confirmation,mean__log_ridge_harq__B2,inner_fit,predicting,feature:77,0,0,25
confirmation,mean__log_ridge_harq__B2,inner_fit,predicting,feature:78,0,0,25
confirmation,mean__log_ridge_harq__B2,inner_fit,predicting,feature:79,0,468,25
confirmation,mean__log_ridge_harq__B2,inner_fit,predicting,feature:8,0,0,25
confirmation,mean__log_ridge_harq__B2,inner_fit,predicting,feature:80,0,0,25
confirmation,mean__log_ridge_harq__B2,inner_fit,predicting,feature:81,0,0,25
confirmation,mean__log_ridge_harq__B2,inner_fit,predicting,feature:82,214,1150,25
confirmation,mean__log_ridge_harq__B2,inner_fit,predicting,feature:83,0,0,25
confirmation,mean__log_ridge_harq__B2,inner_fit,predicting,feature:84,1935,180,25
confirmation,mean__log_ridge_harq__B2,inner_fit,predicting,feature:85,0,0,25
confirmation,mean__log_ridge_harq__B2,inner_fit,predicting,feature:86,8,0,25
confirmation,mean__log_ridge_harq__B2,inner_fit,predicting,feature:87,0,0,25
confirmation,mean__log_ridge_harq__B2,inner_fit,predicting,feature:88,0,0,25
confirmation,mean__log_ridge_harq__B2,inner_fit,predicting,feature:89,0,79,25
confirmation,mean__log_ridge_harq__B2,inner_fit,predicting,feature:9,0,0,25
confirmation,mean__log_ridge_harq__B2,inner_fit,predicting,feature:90,0,326,25
confirmation,mean__log_ridge_harq__B2,inner_fit,predicting,feature:91,0,333,25
confirmation,mean__log_ridge_harq__B2,inner_fit,predicting,feature:92,0,98,25
confirmation,mean__log_ridge_harq__B2,inner_fit,predicting,feature:93,0,0,25
confirmation,mean__log_ridge_harq__B2,inner_fit,predicting,feature:94,0,0,25
confirmation,mean__log_ridge_harq__B2,inner_fit,predicting,feature:95,0,0,25
confirmation,mean__log_ridge_harq__B2,inner_fit,predicting,feature:96,0,0,25
confirmation,mean__log_ridge_harq__B2,inner_fit,predicting,feature:97,0,147,25
confirmation,mean__log_ridge_harq__B2,inner_fit,predicting,feature:98,0,0,25
confirmation,mean__log_ridge_harq__B2,inner_fit,predicting,feature:99,0,0,25
confirmation,mean__log_ridge_harq__B2,inner_fit,predicting,presence:105,0,0,25
confirmation,mean__log_ridge_harq__B2,inner_fit,predicting,presence:107,0,0,25
confirmation,mean__log_ridge_harq__B2,inner_fit,predicting,presence:108,12,0,25
confirmation,mean__log_ridge_harq__B2,inner_fit,predicting,presence:110,12,0,25
confirmation,mean__log_ridge_harq__B2,inner_fit,predicting,presence:111,12,0,25
confirmation,mean__log_ridge_harq__B2,inner_fit,predicting,presence:113,12,0,25
confirmation,mean__log_ridge_harq__B2,inner_fit,predicting,presence:115,12,0,25
confirmation,mean__log_ridge_harq__B2,inner_fit,predicting,presence:116,12,0,25
confirmation,mean__log_ridge_harq__B2,inner_fit,predicting,presence:117,12,0,25
confirmation,mean__log_ridge_harq__B2,inner_fit,predicting,presence:118,12,0,25
confirmation,mean__log_ridge_harq__B2,inner_fit,predicting,presence:120,12,0,25
confirmation,mean__log_ridge_harq__B2,inner_fit,predicting,presence:122,12,0,25
confirmation,mean__log_ridge_harq__B2,inner_fit,predicting,presence:128,12,0,25
confirmation,mean__log_ridge_harq__B2,inner_fit,predicting,presence:129,0,0,25
confirmation,mean__log_ridge_harq__B2,inner_fit,predicting,presence:130,0,0,25
confirmation,mean__log_ridge_harq__B2,inner_fit,predicting,presence:131,0,0,25
confirmation,mean__log_ridge_harq__B2,inner_fit,predicting,presence:132,0,0,25
confirmation,mean__log_ridge_harq__B2,inner_fit,predicting,presence:133,0,0,25
confirmation,mean__log_ridge_harq__B2,inner_fit,predicting,presence:134,0,0,25
confirmation,mean__log_ridge_harq__B2,inner_fit,predicting,presence:135,0,0,25
confirmation,mean__log_ridge_harq__B2,inner_fit,predicting,presence:29,0,0,25
confirmation,mean__log_ridge_harq__B2,inner_fit,predicting,presence:30,0,0,25
confirmation,mean__log_ridge_harq__B2,inner_fit,predicting,presence:31,0,0,25
confirmation,mean__log_ridge_harq__B2,inner_fit,predicting,presence:32,0,0,25
confirmation,mean__log_ridge_harq__B2,inner_fit,predicting,presence:33,357,0,25
confirmation,mean__log_ridge_harq__B2,inner_fit,predicting,presence:34,0,0,25
confirmation,mean__log_ridge_harq__B2,inner_fit,predicting,presence:35,0,0,25
confirmation,mean__log_ridge_harq__B2,inner_fit,predicting,presence:36,357,0,25
confirmation,mean__log_ridge_harq__B2,inner_fit,predicting,presence:37,0,0,25
confirmation,mean__log_ridge_harq__B2,inner_fit,predicting,presence:38,0,0,25
confirmation,mean__log_ridge_harq__B2,inner_fit,predicting,presence:39,0,0,25
confirmation,mean__log_ridge_harq__B2,inner_fit,predicting,presence:40,0,0,25
confirmation,mean__log_ridge_harq__B2,inner_fit,predicting,presence:41,0,0,25
confirmation,mean__log_ridge_harq__B2,inner_fit,predicting,presence:42,0,0,25
confirmation,mean__log_ridge_harq__B2,inner_fit,predicting,presence:43,0,0,25
confirmation,mean__log_ridge_harq__B2,inner_fit,predicting,presence:44,0,0,25
confirmation,mean__log_ridge_harq__B2,inner_fit,predicting,presence:45,0,0,25
confirmation,mean__log_ridge_harq__B2,inner_fit,predicting,presence:46,0,0,25
confirmation,mean__log_ridge_harq__B2,inner_fit,predicting,presence:47,0,0,25
confirmation,mean__log_ridge_harq__B2,inner_fit,predicting,presence:48,0,0,25
confirmation,mean__log_ridge_harq__B2,inner_fit,predicting,presence:49,0,0,25
confirmation,mean__log_ridge_harq__B2,inner_fit,predicting,presence:50,0,0,25
confirmation,mean__log_ridge_harq__B2,inner_fit,predicting,presence:51,0,0,25
confirmation,mean__log_ridge_harq__B2,inner_fit,predicting,presence:52,0,0,25
confirmation,mean__log_ridge_harq__B2,inner_fit,predicting,presence:53,1122,0,25
confirmation,mean__log_ridge_harq__B2,inner_fit,predicting,presence:54,63,0,25
confirmation,mean__log_ridge_harq__B2,inner_fit,predicting,presence:55,8,0,25
confirmation,mean__log_ridge_harq__B2,inner_fit,predicting,presence:56,8,0,25
confirmation,mean__log_ridge_harq__B2,inner_fit,predicting,presence:57,0,0,25
confirmation,mean__log_ridge_harq__B2,inner_fit,predicting,presence:58,281,0,25
confirmation,mean__log_ridge_harq__B2,inner_fit,predicting,presence:59,308,0,25
confirmation,mean__log_ridge_harq__B2,inner_fit,predicting,presence:60,140,0,25
confirmation,mean__log_ridge_harq__B2,inner_fit,predicting,presence:61,297,0,25
confirmation,mean__log_ridge_harq__B2,inner_fit,predicting,presence:62,182,0,25
confirmation,mean__log_ridge_harq__B2,inner_fit,predicting,presence:63,25,0,25
confirmation,mean__log_ridge_harq__B2,inner_fit,predicting,presence:64,1501,0,25
confirmation,mean__log_ridge_harq__B2,inner_fit,predicting,presence:65,190,0,25
confirmation,mean__log_ridge_harq__B2,inner_fit,predicting,presence:66,1122,0,25
confirmation,mean__log_ridge_harq__B2,inner_fit,predicting,presence:67,16,0,25
confirmation,mean__log_ridge_harq__B2,inner_fit,predicting,presence:69,12,0,25
confirmation,mean__log_ridge_harq__B2,inner_fit,predicting,presence:70,12,0,25
confirmation,mean__log_ridge_harq__B2,inner_fit,predicting,presence:71,12,0,25
confirmation,mean__log_ridge_harq__B2,inner_fit,predicting,presence:73,12,0,25
confirmation,mean__log_ridge_harq__B2,inner_fit,predicting,presence:75,12,0,25
confirmation,mean__log_ridge_harq__B2,inner_fit,predicting,presence:79,12,0,25
confirmation,mean__log_ridge_harq__B2,inner_fit,predicting,presence:80,0,0,25
confirmation,mean__log_ridge_harq__B2,inner_fit,predicting,presence:82,0,0,25
confirmation,mean__log_ridge_harq__B2,inner_fit,predicting,presence:83,0,0,25
confirmation,mean__log_ridge_harq__B2,inner_fit,predicting,presence:84,0,0,25
confirmation,mean__log_ridge_harq__B2,inner_fit,predicting,presence:85,0,0,25
confirmation,mean__log_ridge_harq__B2,inner_fit,predicting,presence:89,0,0,25
confirmation,mean__log_ridge_harq__B2,inner_fit,predicting,presence:90,0,0,25
confirmation,mean__log_ridge_harq__B2,inner_fit,predicting,presence:91,0,0,25
confirmation,mean__log_ridge_harq__B2,inner_fit,predicting,presence:92,0,0,25
confirmation,mean__log_ridge_harq__B2,inner_fit,predicting,presence:95,0,0,25
confirmation,mean__log_ridge_harq__B2,inner_fit,predicting,presence:97,0,0,25
confirmation,mean__log_ridge_harq__B2,inner_fit,training,feature:0,3540,4410,25
confirmation,mean__log_ridge_harq__B2,inner_fit,training,feature:1,0,1650,25
confirmation,mean__log_ridge_harq__B2,inner_fit,training,feature:10,6655,7003,25
confirmation,mean__log_ridge_harq__B2,inner_fit,training,feature:100,9600,0,25
confirmation,mean__log_ridge_harq__B2,inner_fit,training,feature:101,0,0,25
confirmation,mean__log_ridge_harq__B2,inner_fit,training,feature:102,0,0,25
confirmation,mean__log_ridge_harq__B2,inner_fit,training,feature:103,0,0,25
confirmation,mean__log_ridge_harq__B2,inner_fit,training,feature:104,0,0,25
confirmation,mean__log_ridge_harq__B2,inner_fit,training,feature:105,0,13107,25
confirmation,mean__log_ridge_harq__B2,inner_fit,training,feature:106,0,0,25
confirmation,mean__log_ridge_harq__B2,inner_fit,training,feature:107,0,0,25
confirmation,mean__log_ridge_harq__B2,inner_fit,training,feature:108,9231,0,25
confirmation,mean__log_ridge_harq__B2,inner_fit,training,feature:109,10288,0,25
confirmation,mean__log_ridge_harq__B2,inner_fit,training,feature:11,6949,5950,25
confirmation,mean__log_ridge_harq__B2,inner_fit,training,feature:110,0,45932,25
confirmation,mean__log_ridge_harq__B2,inner_fit,training,feature:111,11901,8763,25
confirmation,mean__log_ridge_harq__B2,inner_fit,training,feature:112,9742,0,25
confirmation,mean__log_ridge_harq__B2,inner_fit,training,feature:113,0,33381,25
confirmation,mean__log_ridge_harq__B2,inner_fit,training,feature:114,0,0,25
confirmation,mean__log_ridge_harq__B2,inner_fit,training,feature:115,0,10348,25
confirmation,mean__log_ridge_harq__B2,inner_fit,training,feature:116,0,119,25
confirmation,mean__log_ridge_harq__B2,inner_fit,training,feature:117,0,4711,25
confirmation,mean__log_ridge_harq__B2,inner_fit,training,feature:118,0,0,25
confirmation,mean__log_ridge_harq__B2,inner_fit,training,feature:119,10288,0,25
confirmation,mean__log_ridge_harq__B2,inner_fit,training,feature:12,0,794,25
confirmation,mean__log_ridge_harq__B2,inner_fit,training,feature:120,0,416,25
confirmation,mean__log_ridge_harq__B2,inner_fit,training,feature:121,10288,0,25
confirmation,mean__log_ridge_harq__B2,inner_fit,training,feature:122,0,29214,25
confirmation,mean__log_ridge_harq__B2,inner_fit,training,feature:123,10288,0,25
confirmation,mean__log_ridge_harq__B2,inner_fit,training,feature:124,0,0,25
confirmation,mean__log_ridge_harq__B2,inner_fit,training,feature:125,0,0,25
confirmation,mean__log_ridge_harq__B2,inner_fit,training,feature:126,0,0,25
confirmation,mean__log_ridge_harq__B2,inner_fit,training,feature:127,0,0,25
confirmation,mean__log_ridge_harq__B2,inner_fit,training,feature:128,0,0,25
confirmation,mean__log_ridge_harq__B2,inner_fit,training,feature:129,0,0,25
confirmation,mean__log_ridge_harq__B2,inner_fit,training,feature:13,0,300,25
confirmation,mean__log_ridge_harq__B2,inner_fit,training,feature:130,0,0,25
confirmation,mean__log_ridge_harq__B2,inner_fit,training,feature:131,0,10706,25
confirmation,mean__log_ridge_harq__B2,inner_fit,training,feature:132,0,0,25
confirmation,mean__log_ridge_harq__B2,inner_fit,training,feature:133,0,0,25
confirmation,mean__log_ridge_harq__B2,inner_fit,training,feature:134,0,0,25
confirmation,mean__log_ridge_harq__B2,inner_fit,training,feature:135,0,0,25
confirmation,mean__log_ridge_harq__B2,inner_fit,training,feature:136,0,10288,25
confirmation,mean__log_ridge_harq__B2,inner_fit,training,feature:137,0,9600,25
confirmation,mean__log_ridge_harq__B2,inner_fit,training,feature:138,0,0,25
confirmation,mean__log_ridge_harq__B2,inner_fit,training,feature:139,0,0,25
confirmation,mean__log_ridge_harq__B2,inner_fit,training,feature:14,0,600,25
confirmation,mean__log_ridge_harq__B2,inner_fit,training,feature:140,0,0,25
confirmation,mean__log_ridge_harq__B2,inner_fit,training,feature:141,0,0,25
confirmation,mean__log_ridge_harq__B2,inner_fit,training,feature:142,0,0,25
confirmation,mean__log_ridge_harq__B2,inner_fit,training,feature:15,25,661,25
confirmation,mean__log_ridge_harq__B2,inner_fit,training,feature:16,0,528,25
confirmation,mean__log_ridge_harq__B2,inner_fit,training,feature:17,50,300,25
confirmation,mean__log_ridge_harq__B2,inner_fit,training,feature:18,0,1625,25
confirmation,mean__log_ridge_harq__B2,inner_fit,training,feature:19,0,1115,25
confirmation,mean__log_ridge_harq__B2,inner_fit,training,feature:2,4050,6300,25
confirmation,mean__log_ridge_harq__B2,inner_fit,training,feature:20,0,0,25
confirmation,mean__log_ridge_harq__B2,inner_fit,training,feature:21,0,0,25
confirmation,mean__log_ridge_harq__B2,inner_fit,training,feature:22,0,528,25
confirmation,mean__log_ridge_harq__B2,inner_fit,training,feature:23,0,1115,25
confirmation,mean__log_ridge_harq__B2,inner_fit,training,feature:24,0,1625,25
confirmation,mean__log_ridge_harq__B2,inner_fit,training,feature:25,0,0,25
confirmation,mean__log_ridge_harq__B2,inner_fit,training,feature:26,0,0,25
confirmation,mean__log_ridge_harq__B2,inner_fit,training,feature:27,0,0,25
confirmation,mean__log_ridge_harq__B2,inner_fit,training,feature:28,7416,0,25
confirmation,mean__log_ridge_harq__B2,inner_fit,training,feature:29,0,0,25
confirmation,mean__log_ridge_harq__B2,inner_fit,training,feature:3,0,2550,25
confirmation,mean__log_ridge_harq__B2,inner_fit,training,feature:30,0,0,25
confirmation,mean__log_ridge_harq__B2,inner_fit,training,feature:31,0,0,25
confirmation,mean__log_ridge_harq__B2,inner_fit,training,feature:32,14430,0,25
confirmation,mean__log_ridge_harq__B2,inner_fit,training,feature:33,8304,0,25
confirmation,mean__log_ridge_harq__B2,inner_fit,training,feature:34,0,0,25
confirmation,mean__log_ridge_harq__B2,inner_fit,training,feature:35,1957,0,25
confirmation,mean__log_ridge_harq__B2,inner_fit,training,feature:36,16529,25,25
confirmation,mean__log_ridge_harq__B2,inner_fit,training,feature:37,0,22,25
confirmation,mean__log_ridge_harq__B2,inner_fit,training,feature:38,0,0,25
confirmation,mean__log_ridge_harq__B2,inner_fit,training,feature:39,4857,0,25
confirmation,mean__log_ridge_harq__B2,inner_fit,training,feature:4,0,0,25
confirmation,mean__log_ridge_harq__B2,inner_fit,training,feature:40,357,13804,25
confirmation,mean__log_ridge_harq__B2,inner_fit,training,feature:41,3253,25,25
confirmation,mean__log_ridge_harq__B2,inner_fit,training,feature:42,0,0,25
confirmation,mean__log_ridge_harq__B2,inner_fit,training,feature:43,0,0,25
confirmation,mean__log_ridge_harq__B2,inner_fit,training,feature:44,0,0,25
confirmation,mean__log_ridge_harq__B2,inner_fit,training,feature:45,0,0,25
confirmation,mean__log_ridge_harq__B2,inner_fit,training,feature:46,0,0,25
confirmation,mean__log_ridge_harq__B2,inner_fit,training,feature:47,28983,0,25
confirmation,mean__log_ridge_harq__B2,inner_fit,training,feature:48,0,0,25
confirmation,mean__log_ridge_harq__B2,inner_fit,training,feature:49,0,0,25
confirmation,mean__log_ridge_harq__B2,inner_fit,training,feature:5,0,0,25
confirmation,mean__log_ridge_harq__B2,inner_fit,training,feature:50,0,0,25
confirmation,mean__log_ridge_harq__B2,inner_fit,training,feature:51,0,0,25
confirmation,mean__log_ridge_harq__B2,inner_fit,training,feature:52,0,2164,25
confirmation,mean__log_ridge_harq__B2,inner_fit,training,feature:53,0,0,25
confirmation,mean__log_ridge_harq__B2,inner_fit,training,feature:54,0,0,25
confirmation,mean__log_ridge_harq__B2,inner_fit,training,feature:55,0,0,25
confirmation,mean__log_ridge_harq__B2,inner_fit,training,feature:56,0,0,25
confirmation,mean__log_ridge_harq__B2,inner_fit,training,feature:57,0,0,25
confirmation,mean__log_ridge_harq__B2,inner_fit,training,feature:58,0,3142,25
confirmation,mean__log_ridge_harq__B2,inner_fit,training,feature:59,0,0,25
confirmation,mean__log_ridge_harq__B2,inner_fit,training,feature:6,0,0,25
confirmation,mean__log_ridge_harq__B2,inner_fit,training,feature:60,0,0,25
confirmation,mean__log_ridge_harq__B2,inner_fit,training,feature:61,0,0,25
confirmation,mean__log_ridge_harq__B2,inner_fit,training,feature:62,0,0,25
confirmation,mean__log_ridge_harq__B2,inner_fit,training,feature:63,0,7725,25
confirmation,mean__log_ridge_harq__B2,inner_fit,training,feature:64,0,0,25
confirmation,mean__log_ridge_harq__B2,inner_fit,training,feature:65,0,0,25
confirmation,mean__log_ridge_harq__B2,inner_fit,training,feature:66,0,0,25
confirmation,mean__log_ridge_harq__B2,inner_fit,training,feature:67,0,0,25
confirmation,mean__log_ridge_harq__B2,inner_fit,training,feature:68,10092,0,25
confirmation,mean__log_ridge_harq__B2,inner_fit,training,feature:69,0,500,25
confirmation,mean__log_ridge_harq__B2,inner_fit,training,feature:7,0,0,25
confirmation,mean__log_ridge_harq__B2,inner_fit,training,feature:70,11982,16220,25
confirmation,mean__log_ridge_harq__B2,inner_fit,training,feature:71,0,0,25
confirmation,mean__log_ridge_harq__B2,inner_fit,training,feature:72,0,0,25
confirmation,mean__log_ridge_harq__B2,inner_fit,training,feature:73,0,16461,25
confirmation,mean__log_ridge_harq__B2,inner_fit,training,feature:74,10288,0,25
confirmation,mean__log_ridge_harq__B2,inner_fit,training,feature:75,0,35394,25
confirmation,mean__log_ridge_harq__B2,inner_fit,training,feature:76,10288,0,25
confirmation,mean__log_ridge_harq__B2,inner_fit,training,feature:77,0,0,25
confirmation,mean__log_ridge_harq__B2,inner_fit,training,feature:78,0,0,25
confirmation,mean__log_ridge_harq__B2,inner_fit,training,feature:79,0,18544,25
confirmation,mean__log_ridge_harq__B2,inner_fit,training,feature:8,0,0,25
confirmation,mean__log_ridge_harq__B2,inner_fit,training,feature:80,0,3011,25
confirmation,mean__log_ridge_harq__B2,inner_fit,training,feature:81,9600,0,25
confirmation,mean__log_ridge_harq__B2,inner_fit,training,feature:82,5908,15594,25
confirmation,mean__log_ridge_harq__B2,inner_fit,training,feature:83,0,4203,25
confirmation,mean__log_ridge_harq__B2,inner_fit,training,feature:84,15986,6795,25
confirmation,mean__log_ridge_harq__B2,inner_fit,training,feature:85,0,0,25
confirmation,mean__log_ridge_harq__B2,inner_fit,training,feature:86,9742,0,25
confirmation,mean__log_ridge_harq__B2,inner_fit,training,feature:87,0,0,25
confirmation,mean__log_ridge_harq__B2,inner_fit,training,feature:88,0,0,25
confirmation,mean__log_ridge_harq__B2,inner_fit,training,feature:89,0,7879,25
confirmation,mean__log_ridge_harq__B2,inner_fit,training,feature:9,0,225,25
confirmation,mean__log_ridge_harq__B2,inner_fit,training,feature:90,0,12997,25
confirmation,mean__log_ridge_harq__B2,inner_fit,training,feature:91,0,5216,25
confirmation,mean__log_ridge_harq__B2,inner_fit,training,feature:92,0,2091,25
confirmation,mean__log_ridge_harq__B2,inner_fit,training,feature:93,9600,0,25
confirmation,mean__log_ridge_harq__B2,inner_fit,training,feature:94,9600,0,25
confirmation,mean__log_ridge_harq__B2,inner_fit,training,feature:95,0,2275,25
confirmation,mean__log_ridge_harq__B2,inner_fit,training,feature:96,9600,0,25
confirmation,mean__log_ridge_harq__B2,inner_fit,training,feature:97,0,22688,25
confirmation,mean__log_ridge_harq__B2,inner_fit,training,feature:98,9600,0,25
confirmation,mean__log_ridge_harq__B2,inner_fit,training,feature:99,0,0,25
confirmation,mean__log_ridge_harq__B2,inner_fit,training,presence:105,9600,0,25
confirmation,mean__log_ridge_harq__B2,inner_fit,training,presence:107,9600,0,25
confirmation,mean__log_ridge_harq__B2,inner_fit,training,presence:108,10288,0,25
confirmation,mean__log_ridge_harq__B2,inner_fit,training,presence:110,10288,0,25
confirmation,mean__log_ridge_harq__B2,inner_fit,training,presence:111,10288,0,25
confirmation,mean__log_ridge_harq__B2,inner_fit,training,presence:113,10288,0,25
confirmation,mean__log_ridge_harq__B2,inner_fit,training,presence:115,10288,0,25
confirmation,mean__log_ridge_harq__B2,inner_fit,training,presence:116,10288,0,25
confirmation,mean__log_ridge_harq__B2,inner_fit,training,presence:117,10288,0,25
confirmation,mean__log_ridge_harq__B2,inner_fit,training,presence:118,10288,0,25
confirmation,mean__log_ridge_harq__B2,inner_fit,training,presence:120,10288,0,25
confirmation,mean__log_ridge_harq__B2,inner_fit,training,presence:122,10288,0,25
confirmation,mean__log_ridge_harq__B2,inner_fit,training,presence:128,10288,0,25
confirmation,mean__log_ridge_harq__B2,inner_fit,training,presence:129,9575,0,25
confirmation,mean__log_ridge_harq__B2,inner_fit,training,presence:130,9575,0,25
confirmation,mean__log_ridge_harq__B2,inner_fit,training,presence:131,9575,0,25
confirmation,mean__log_ridge_harq__B2,inner_fit,training,presence:132,9450,0,25
confirmation,mean__log_ridge_harq__B2,inner_fit,training,presence:133,9450,0,25
confirmation,mean__log_ridge_harq__B2,inner_fit,training,presence:134,9450,0,25
confirmation,mean__log_ridge_harq__B2,inner_fit,training,presence:135,9450,0,25
confirmation,mean__log_ridge_harq__B2,inner_fit,training,presence:29,9575,0,25
confirmation,mean__log_ridge_harq__B2,inner_fit,training,presence:30,9575,0,25
confirmation,mean__log_ridge_harq__B2,inner_fit,training,presence:31,9575,0,25
confirmation,mean__log_ridge_harq__B2,inner_fit,training,presence:32,9575,0,25
confirmation,mean__log_ridge_harq__B2,inner_fit,training,presence:33,29899,0,25
confirmation,mean__log_ridge_harq__B2,inner_fit,training,presence:34,9575,0,25
confirmation,mean__log_ridge_harq__B2,inner_fit,training,presence:35,9575,0,25
confirmation,mean__log_ridge_harq__B2,inner_fit,training,presence:36,29899,0,25
confirmation,mean__log_ridge_harq__B2,inner_fit,training,presence:37,9575,0,25
confirmation,mean__log_ridge_harq__B2,inner_fit,training,presence:38,9575,0,25
confirmation,mean__log_ridge_harq__B2,inner_fit,training,presence:39,9600,0,25
confirmation,mean__log_ridge_harq__B2,inner_fit,training,presence:40,9575,0,25
confirmation,mean__log_ridge_harq__B2,inner_fit,training,presence:41,9575,0,25
confirmation,mean__log_ridge_harq__B2,inner_fit,training,presence:42,9575,0,25
confirmation,mean__log_ridge_harq__B2,inner_fit,training,presence:43,0,0,25
confirmation,mean__log_ridge_harq__B2,inner_fit,training,presence:44,0,0,25
confirmation,mean__log_ridge_harq__B2,inner_fit,training,presence:45,0,0,25
confirmation,mean__log_ridge_harq__B2,inner_fit,training,presence:46,0,0,25
confirmation,mean__log_ridge_harq__B2,inner_fit,training,presence:47,0,0,25
confirmation,mean__log_ridge_harq__B2,inner_fit,training,presence:48,0,0,25
confirmation,mean__log_ridge_harq__B2,inner_fit,training,presence:49,0,0,25
confirmation,mean__log_ridge_harq__B2,inner_fit,training,presence:50,0,0,25
confirmation,mean__log_ridge_harq__B2,inner_fit,training,presence:51,0,0,25
confirmation,mean__log_ridge_harq__B2,inner_fit,training,presence:52,0,0,25
confirmation,mean__log_ridge_harq__B2,inner_fit,training,presence:53,92222,0,25
confirmation,mean__log_ridge_harq__B2,inner_fit,training,presence:54,11719,0,25
confirmation,mean__log_ridge_harq__B2,inner_fit,training,presence:55,10092,0,25
confirmation,mean__log_ridge_harq__B2,inner_fit,training,presence:56,10642,0,25
confirmation,mean__log_ridge_harq__B2,inner_fit,training,presence:57,0,0,25
confirmation,mean__log_ridge_harq__B2,inner_fit,training,presence:58,50981,0,25
confirmation,mean__log_ridge_harq__B2,inner_fit,training,presence:59,30762,0,25
confirmation,mean__log_ridge_harq__B2,inner_fit,training,presence:60,12172,0,25
confirmation,mean__log_ridge_harq__B2,inner_fit,training,presence:61,21044,0,25
confirmation,mean__log_ridge_harq__B2,inner_fit,training,presence:62,67968,0,25
confirmation,mean__log_ridge_harq__B2,inner_fit,training,presence:63,22459,0,25
confirmation,mean__log_ridge_harq__B2,inner_fit,training,presence:64,102631,0,25
confirmation,mean__log_ridge_harq__B2,inner_fit,training,presence:65,27638,0,25
confirmation,mean__log_ridge_harq__B2,inner_fit,training,presence:66,72580,0,25
confirmation,mean__log_ridge_harq__B2,inner_fit,training,presence:67,19191,0,25
confirmation,mean__log_ridge_harq__B2,inner_fit,training,presence:69,10288,0,25
confirmation,mean__log_ridge_harq__B2,inner_fit,training,presence:70,10288,0,25
confirmation,mean__log_ridge_harq__B2,inner_fit,training,presence:71,10288,0,25
confirmation,mean__log_ridge_harq__B2,inner_fit,training,presence:73,10288,0,25
confirmation,mean__log_ridge_harq__B2,inner_fit,training,presence:75,10288,0,25
confirmation,mean__log_ridge_harq__B2,inner_fit,training,presence:79,10288,0,25
confirmation,mean__log_ridge_harq__B2,inner_fit,training,presence:80,9600,0,25
confirmation,mean__log_ridge_harq__B2,inner_fit,training,presence:82,9600,0,25
confirmation,mean__log_ridge_harq__B2,inner_fit,training,presence:83,9600,0,25
confirmation,mean__log_ridge_harq__B2,inner_fit,training,presence:84,9600,0,25
confirmation,mean__log_ridge_harq__B2,inner_fit,training,presence:85,9600,0,25
confirmation,mean__log_ridge_harq__B2,inner_fit,training,presence:89,9600,0,25
confirmation,mean__log_ridge_harq__B2,inner_fit,training,presence:90,9600,0,25
confirmation,mean__log_ridge_harq__B2,inner_fit,training,presence:91,9600,0,25
confirmation,mean__log_ridge_harq__B2,inner_fit,training,presence:92,9600,0,25
confirmation,mean__log_ridge_harq__B2,inner_fit,training,presence:95,9600,0,25
confirmation,mean__log_ridge_harq__B2,inner_fit,training,presence:97,9600,0,25
confirmation,mean__log_ridge_harq__B2,refit,predicting,feature:0,0,0,25
confirmation,mean__log_ridge_harq__B2,refit,predicting,feature:1,0,0,25
confirmation,mean__log_ridge_harq__B2,refit,predicting,feature:10,0,12,25
confirmation,mean__log_ridge_harq__B2,refit,predicting,feature:100,0,0,25
confirmation,mean__log_ridge_harq__B2,refit,predicting,feature:101,0,0,25
confirmation,mean__log_ridge_harq__B2,refit,predicting,feature:102,0,0,25
confirmation,mean__log_ridge_harq__B2,refit,predicting,feature:103,0,0,25
confirmation,mean__log_ridge_harq__B2,refit,predicting,feature:104,0,0,25
confirmation,mean__log_ridge_harq__B2,refit,predicting,feature:105,0,47,25
confirmation,mean__log_ridge_harq__B2,refit,predicting,feature:106,0,0,25
confirmation,mean__log_ridge_harq__B2,refit,predicting,feature:107,0,0,25
confirmation,mean__log_ridge_harq__B2,refit,predicting,feature:108,9,0,25
confirmation,mean__log_ridge_harq__B2,refit,predicting,feature:109,0,0,25
confirmation,mean__log_ridge_harq__B2,refit,predicting,feature:11,1,4,25
confirmation,mean__log_ridge_harq__B2,refit,predicting,feature:110,0,37,25
confirmation,mean__log_ridge_harq__B2,refit,predicting,feature:111,79,14,25
confirmation,mean__log_ridge_harq__B2,refit,predicting,feature:112,0,0,25
confirmation,mean__log_ridge_harq__B2,refit,predicting,feature:113,0,76,25
confirmation,mean__log_ridge_harq__B2,refit,predicting,feature:114,0,0,25
confirmation,mean__log_ridge_harq__B2,refit,predicting,feature:115,0,5,25
confirmation,mean__log_ridge_harq__B2,refit,predicting,feature:116,0,0,25
confirmation,mean__log_ridge_harq__B2,refit,predicting,feature:117,0,15,25
confirmation,mean__log_ridge_harq__B2,refit,predicting,feature:118,0,0,25
confirmation,mean__log_ridge_harq__B2,refit,predicting,feature:119,0,0,25
confirmation,mean__log_ridge_harq__B2,refit,predicting,feature:12,0,0,25
confirmation,mean__log_ridge_harq__B2,refit,predicting,feature:120,0,0,25
confirmation,mean__log_ridge_harq__B2,refit,predicting,feature:121,0,0,25
confirmation,mean__log_ridge_harq__B2,refit,predicting,feature:122,0,31,25
confirmation,mean__log_ridge_harq__B2,refit,predicting,feature:123,0,0,25
confirmation,mean__log_ridge_harq__B2,refit,predicting,feature:124,0,0,25
confirmation,mean__log_ridge_harq__B2,refit,predicting,feature:125,0,0,25
confirmation,mean__log_ridge_harq__B2,refit,predicting,feature:126,0,0,25
confirmation,mean__log_ridge_harq__B2,refit,predicting,feature:127,0,0,25
confirmation,mean__log_ridge_harq__B2,refit,predicting,feature:128,0,0,25
confirmation,mean__log_ridge_harq__B2,refit,predicting,feature:129,0,0,25
confirmation,mean__log_ridge_harq__B2,refit,predicting,feature:13,0,0,25
confirmation,mean__log_ridge_harq__B2,refit,predicting,feature:130,0,0,25
confirmation,mean__log_ridge_harq__B2,refit,predicting,feature:131,0,87,25
confirmation,mean__log_ridge_harq__B2,refit,predicting,feature:132,0,0,25
confirmation,mean__log_ridge_harq__B2,refit,predicting,feature:133,0,0,25
confirmation,mean__log_ridge_harq__B2,refit,predicting,feature:134,0,0,25
confirmation,mean__log_ridge_harq__B2,refit,predicting,feature:135,0,0,25
confirmation,mean__log_ridge_harq__B2,refit,predicting,feature:136,0,0,25
confirmation,mean__log_ridge_harq__B2,refit,predicting,feature:137,0,0,25
confirmation,mean__log_ridge_harq__B2,refit,predicting,feature:138,0,0,25
confirmation,mean__log_ridge_harq__B2,refit,predicting,feature:139,0,0,25
confirmation,mean__log_ridge_harq__B2,refit,predicting,feature:14,0,0,25
confirmation,mean__log_ridge_harq__B2,refit,predicting,feature:140,0,0,25
confirmation,mean__log_ridge_harq__B2,refit,predicting,feature:141,0,0,25
confirmation,mean__log_ridge_harq__B2,refit,predicting,feature:142,0,0,25
confirmation,mean__log_ridge_harq__B2,refit,predicting,feature:15,0,0,25
confirmation,mean__log_ridge_harq__B2,refit,predicting,feature:16,0,0,25
confirmation,mean__log_ridge_harq__B2,refit,predicting,feature:17,0,0,25
confirmation,mean__log_ridge_harq__B2,refit,predicting,feature:18,0,0,25
confirmation,mean__log_ridge_harq__B2,refit,predicting,feature:19,0,0,25
confirmation,mean__log_ridge_harq__B2,refit,predicting,feature:2,0,0,25
confirmation,mean__log_ridge_harq__B2,refit,predicting,feature:20,0,0,25
confirmation,mean__log_ridge_harq__B2,refit,predicting,feature:21,0,0,25
confirmation,mean__log_ridge_harq__B2,refit,predicting,feature:22,0,0,25
confirmation,mean__log_ridge_harq__B2,refit,predicting,feature:23,0,0,25
confirmation,mean__log_ridge_harq__B2,refit,predicting,feature:24,0,0,25
confirmation,mean__log_ridge_harq__B2,refit,predicting,feature:25,0,0,25
confirmation,mean__log_ridge_harq__B2,refit,predicting,feature:26,0,0,25
confirmation,mean__log_ridge_harq__B2,refit,predicting,feature:27,0,0,25
confirmation,mean__log_ridge_harq__B2,refit,predicting,feature:28,7,0,25
confirmation,mean__log_ridge_harq__B2,refit,predicting,feature:29,0,0,25
confirmation,mean__log_ridge_harq__B2,refit,predicting,feature:3,0,0,25
confirmation,mean__log_ridge_harq__B2,refit,predicting,feature:30,0,0,25
confirmation,mean__log_ridge_harq__B2,refit,predicting,feature:31,0,0,25
confirmation,mean__log_ridge_harq__B2,refit,predicting,feature:32,11,0,25
confirmation,mean__log_ridge_harq__B2,refit,predicting,feature:33,0,0,25
confirmation,mean__log_ridge_harq__B2,refit,predicting,feature:34,0,0,25
confirmation,mean__log_ridge_harq__B2,refit,predicting,feature:35,0,0,25
confirmation,mean__log_ridge_harq__B2,refit,predicting,feature:36,12,0,25
confirmation,mean__log_ridge_harq__B2,refit,predicting,feature:37,0,0,25
confirmation,mean__log_ridge_harq__B2,refit,predicting,feature:38,0,0,25
confirmation,mean__log_ridge_harq__B2,refit,predicting,feature:39,5,0,25
confirmation,mean__log_ridge_harq__B2,refit,predicting,feature:4,0,0,25
confirmation,mean__log_ridge_harq__B2,refit,predicting,feature:40,0,0,25
confirmation,mean__log_ridge_harq__B2,refit,predicting,feature:41,3,0,25
confirmation,mean__log_ridge_harq__B2,refit,predicting,feature:42,0,0,25
confirmation,mean__log_ridge_harq__B2,refit,predicting,feature:43,0,0,25
confirmation,mean__log_ridge_harq__B2,refit,predicting,feature:44,0,0,25
confirmation,mean__log_ridge_harq__B2,refit,predicting,feature:45,0,0,25
confirmation,mean__log_ridge_harq__B2,refit,predicting,feature:46,0,0,25
confirmation,mean__log_ridge_harq__B2,refit,predicting,feature:47,0,0,25
confirmation,mean__log_ridge_harq__B2,refit,predicting,feature:48,0,0,25
confirmation,mean__log_ridge_harq__B2,refit,predicting,feature:49,0,0,25
confirmation,mean__log_ridge_harq__B2,refit,predicting,feature:5,0,0,25
confirmation,mean__log_ridge_harq__B2,refit,predicting,feature:50,0,0,25
confirmation,mean__log_ridge_harq__B2,refit,predicting,feature:51,0,0,25
confirmation,mean__log_ridge_harq__B2,refit,predicting,feature:52,0,2,25
confirmation,mean__log_ridge_harq__B2,refit,predicting,feature:53,0,0,25
confirmation,mean__log_ridge_harq__B2,refit,predicting,feature:54,0,0,25
confirmation,mean__log_ridge_harq__B2,refit,predicting,feature:55,0,0,25
confirmation,mean__log_ridge_harq__B2,refit,predicting,feature:56,0,0,25
confirmation,mean__log_ridge_harq__B2,refit,predicting,feature:57,0,0,25
confirmation,mean__log_ridge_harq__B2,refit,predicting,feature:58,0,1,25
confirmation,mean__log_ridge_harq__B2,refit,predicting,feature:59,0,0,25
confirmation,mean__log_ridge_harq__B2,refit,predicting,feature:6,0,0,25
confirmation,mean__log_ridge_harq__B2,refit,predicting,feature:60,0,0,25
confirmation,mean__log_ridge_harq__B2,refit,predicting,feature:61,0,0,25
confirmation,mean__log_ridge_harq__B2,refit,predicting,feature:62,0,0,25
confirmation,mean__log_ridge_harq__B2,refit,predicting,feature:63,0,5,25
confirmation,mean__log_ridge_harq__B2,refit,predicting,feature:64,0,0,25
confirmation,mean__log_ridge_harq__B2,refit,predicting,feature:65,0,0,25
confirmation,mean__log_ridge_harq__B2,refit,predicting,feature:66,0,0,25
confirmation,mean__log_ridge_harq__B2,refit,predicting,feature:67,0,0,25
confirmation,mean__log_ridge_harq__B2,refit,predicting,feature:68,0,0,25
confirmation,mean__log_ridge_harq__B2,refit,predicting,feature:69,0,0,25
confirmation,mean__log_ridge_harq__B2,refit,predicting,feature:7,0,0,25
confirmation,mean__log_ridge_harq__B2,refit,predicting,feature:70,15,45,25
confirmation,mean__log_ridge_harq__B2,refit,predicting,feature:71,0,0,25
confirmation,mean__log_ridge_harq__B2,refit,predicting,feature:72,0,0,25
confirmation,mean__log_ridge_harq__B2,refit,predicting,feature:73,0,25,25
confirmation,mean__log_ridge_harq__B2,refit,predicting,feature:74,0,0,25
confirmation,mean__log_ridge_harq__B2,refit,predicting,feature:75,0,37,25
confirmation,mean__log_ridge_harq__B2,refit,predicting,feature:76,0,0,25
confirmation,mean__log_ridge_harq__B2,refit,predicting,feature:77,0,0,25
confirmation,mean__log_ridge_harq__B2,refit,predicting,feature:78,0,0,25
confirmation,mean__log_ridge_harq__B2,refit,predicting,feature:79,0,48,25
confirmation,mean__log_ridge_harq__B2,refit,predicting,feature:8,0,0,25
confirmation,mean__log_ridge_harq__B2,refit,predicting,feature:80,0,0,25
confirmation,mean__log_ridge_harq__B2,refit,predicting,feature:81,0,0,25
confirmation,mean__log_ridge_harq__B2,refit,predicting,feature:82,17,107,25
confirmation,mean__log_ridge_harq__B2,refit,predicting,feature:83,0,0,25
confirmation,mean__log_ridge_harq__B2,refit,predicting,feature:84,173,10,25
confirmation,mean__log_ridge_harq__B2,refit,predicting,feature:85,0,0,25
confirmation,mean__log_ridge_harq__B2,refit,predicting,feature:86,0,0,25
confirmation,mean__log_ridge_harq__B2,refit,predicting,feature:87,0,0,25
confirmation,mean__log_ridge_harq__B2,refit,predicting,feature:88,0,0,25
confirmation,mean__log_ridge_harq__B2,refit,predicting,feature:89,0,8,25
confirmation,mean__log_ridge_harq__B2,refit,predicting,feature:9,0,0,25
confirmation,mean__log_ridge_harq__B2,refit,predicting,feature:90,0,32,25
confirmation,mean__log_ridge_harq__B2,refit,predicting,feature:91,0,36,25
confirmation,mean__log_ridge_harq__B2,refit,predicting,feature:92,0,9,25
confirmation,mean__log_ridge_harq__B2,refit,predicting,feature:93,0,0,25
confirmation,mean__log_ridge_harq__B2,refit,predicting,feature:94,0,0,25
confirmation,mean__log_ridge_harq__B2,refit,predicting,feature:95,0,0,25
confirmation,mean__log_ridge_harq__B2,refit,predicting,feature:96,0,0,25
confirmation,mean__log_ridge_harq__B2,refit,predicting,feature:97,0,11,25
confirmation,mean__log_ridge_harq__B2,refit,predicting,feature:98,0,0,25
confirmation,mean__log_ridge_harq__B2,refit,predicting,feature:99,0,0,25
confirmation,mean__log_ridge_harq__B2,refit,predicting,presence:105,0,0,25
confirmation,mean__log_ridge_harq__B2,refit,predicting,presence:107,0,0,25
confirmation,mean__log_ridge_harq__B2,refit,predicting,presence:108,0,0,25
confirmation,mean__log_ridge_harq__B2,refit,predicting,presence:110,0,0,25
confirmation,mean__log_ridge_harq__B2,refit,predicting,presence:111,0,0,25
confirmation,mean__log_ridge_harq__B2,refit,predicting,presence:113,0,0,25
confirmation,mean__log_ridge_harq__B2,refit,predicting,presence:115,0,0,25
confirmation,mean__log_ridge_harq__B2,refit,predicting,presence:116,0,0,25
confirmation,mean__log_ridge_harq__B2,refit,predicting,presence:117,0,0,25
confirmation,mean__log_ridge_harq__B2,refit,predicting,presence:118,0,0,25
confirmation,mean__log_ridge_harq__B2,refit,predicting,presence:120,0,0,25
confirmation,mean__log_ridge_harq__B2,refit,predicting,presence:122,0,0,25
confirmation,mean__log_ridge_harq__B2,refit,predicting,presence:128,0,0,25
confirmation,mean__log_ridge_harq__B2,refit,predicting,presence:129,0,0,25
confirmation,mean__log_ridge_harq__B2,refit,predicting,presence:130,0,0,25
confirmation,mean__log_ridge_harq__B2,refit,predicting,presence:131,0,0,25
confirmation,mean__log_ridge_harq__B2,refit,predicting,presence:132,0,0,25
confirmation,mean__log_ridge_harq__B2,refit,predicting,presence:133,0,0,25
confirmation,mean__log_ridge_harq__B2,refit,predicting,presence:134,0,0,25
confirmation,mean__log_ridge_harq__B2,refit,predicting,presence:135,0,0,25
confirmation,mean__log_ridge_harq__B2,refit,predicting,presence:29,0,0,25
confirmation,mean__log_ridge_harq__B2,refit,predicting,presence:30,0,0,25
confirmation,mean__log_ridge_harq__B2,refit,predicting,presence:31,0,0,25
confirmation,mean__log_ridge_harq__B2,refit,predicting,presence:32,0,0,25
confirmation,mean__log_ridge_harq__B2,refit,predicting,presence:33,36,0,25
confirmation,mean__log_ridge_harq__B2,refit,predicting,presence:34,0,0,25
confirmation,mean__log_ridge_harq__B2,refit,predicting,presence:35,0,0,25
confirmation,mean__log_ridge_harq__B2,refit,predicting,presence:36,36,0,25
confirmation,mean__log_ridge_harq__B2,refit,predicting,presence:37,0,0,25
confirmation,mean__log_ridge_harq__B2,refit,predicting,presence:38,0,0,25
confirmation,mean__log_ridge_harq__B2,refit,predicting,presence:39,0,0,25
confirmation,mean__log_ridge_harq__B2,refit,predicting,presence:40,0,0,25
confirmation,mean__log_ridge_harq__B2,refit,predicting,presence:41,0,0,25
confirmation,mean__log_ridge_harq__B2,refit,predicting,presence:42,0,0,25
confirmation,mean__log_ridge_harq__B2,refit,predicting,presence:43,0,0,25
confirmation,mean__log_ridge_harq__B2,refit,predicting,presence:44,0,0,25
confirmation,mean__log_ridge_harq__B2,refit,predicting,presence:45,0,0,25
confirmation,mean__log_ridge_harq__B2,refit,predicting,presence:46,0,0,25
confirmation,mean__log_ridge_harq__B2,refit,predicting,presence:47,0,0,25
confirmation,mean__log_ridge_harq__B2,refit,predicting,presence:48,0,0,25
confirmation,mean__log_ridge_harq__B2,refit,predicting,presence:49,0,0,25
confirmation,mean__log_ridge_harq__B2,refit,predicting,presence:50,0,0,25
confirmation,mean__log_ridge_harq__B2,refit,predicting,presence:51,0,0,25
confirmation,mean__log_ridge_harq__B2,refit,predicting,presence:52,0,0,25
confirmation,mean__log_ridge_harq__B2,refit,predicting,presence:53,122,0,25
confirmation,mean__log_ridge_harq__B2,refit,predicting,presence:54,4,0,25
confirmation,mean__log_ridge_harq__B2,refit,predicting,presence:55,0,0,25
confirmation,mean__log_ridge_harq__B2,refit,predicting,presence:56,0,0,25
confirmation,mean__log_ridge_harq__B2,refit,predicting,presence:57,0,0,25
confirmation,mean__log_ridge_harq__B2,refit,predicting,presence:58,28,0,25
confirmation,mean__log_ridge_harq__B2,refit,predicting,presence:59,18,0,25
confirmation,mean__log_ridge_harq__B2,refit,predicting,presence:60,11,0,25
confirmation,mean__log_ridge_harq__B2,refit,predicting,presence:61,24,0,25
confirmation,mean__log_ridge_harq__B2,refit,predicting,presence:62,20,0,25
confirmation,mean__log_ridge_harq__B2,refit,predicting,presence:63,1,0,25
confirmation,mean__log_ridge_harq__B2,refit,predicting,presence:64,134,0,25
confirmation,mean__log_ridge_harq__B2,refit,predicting,presence:65,14,0,25
confirmation,mean__log_ridge_harq__B2,refit,predicting,presence:66,112,0,25
confirmation,mean__log_ridge_harq__B2,refit,predicting,presence:67,4,0,25
confirmation,mean__log_ridge_harq__B2,refit,predicting,presence:69,0,0,25
confirmation,mean__log_ridge_harq__B2,refit,predicting,presence:70,0,0,25
confirmation,mean__log_ridge_harq__B2,refit,predicting,presence:71,0,0,25
confirmation,mean__log_ridge_harq__B2,refit,predicting,presence:73,0,0,25
confirmation,mean__log_ridge_harq__B2,refit,predicting,presence:75,0,0,25
confirmation,mean__log_ridge_harq__B2,refit,predicting,presence:79,0,0,25
confirmation,mean__log_ridge_harq__B2,refit,predicting,presence:80,0,0,25
confirmation,mean__log_ridge_harq__B2,refit,predicting,presence:82,0,0,25
confirmation,mean__log_ridge_harq__B2,refit,predicting,presence:83,0,0,25
confirmation,mean__log_ridge_harq__B2,refit,predicting,presence:84,0,0,25
confirmation,mean__log_ridge_harq__B2,refit,predicting,presence:85,0,0,25
confirmation,mean__log_ridge_harq__B2,refit,predicting,presence:89,0,0,25
confirmation,mean__log_ridge_harq__B2,refit,predicting,presence:90,0,0,25
confirmation,mean__log_ridge_harq__B2,refit,predicting,presence:91,0,0,25
confirmation,mean__log_ridge_harq__B2,refit,predicting,presence:92,0,0,25
confirmation,mean__log_ridge_harq__B2,refit,predicting,presence:95,0,0,25
confirmation,mean__log_ridge_harq__B2,refit,predicting,presence:97,0,0,25
confirmation,mean__log_ridge_harq__B2,refit,training,feature:0,3624,4464,25
confirmation,mean__log_ridge_harq__B2,refit,training,feature:1,0,1680,25
confirmation,mean__log_ridge_harq__B2,refit,training,feature:10,6723,7190,25
confirmation,mean__log_ridge_harq__B2,refit,training,feature:100,9600,0,25
confirmation,mean__log_ridge_harq__B2,refit,training,feature:101,0,0,25
confirmation,mean__log_ridge_harq__B2,refit,training,feature:102,0,0,25
confirmation,mean__log_ridge_harq__B2,refit,training,feature:103,0,0,25
confirmation,mean__log_ridge_harq__B2,refit,training,feature:104,0,0,25
confirmation,mean__log_ridge_harq__B2,refit,training,feature:105,0,12670,25
confirmation,mean__log_ridge_harq__B2,refit,training,feature:106,0,0,25
confirmation,mean__log_ridge_harq__B2,refit,training,feature:107,0,0,25
confirmation,mean__log_ridge_harq__B2,refit,training,feature:108,9346,0,25
confirmation,mean__log_ridge_harq__B2,refit,training,feature:109,10300,0,25
confirmation,mean__log_ridge_harq__B2,refit,training,feature:11,7030,6056,25
confirmation,mean__log_ridge_harq__B2,refit,training,feature:110,0,46370,25
confirmation,mean__log_ridge_harq__B2,refit,training,feature:111,12364,8723,25
confirmation,mean__log_ridge_harq__B2,refit,training,feature:112,9750,0,25
confirmation,mean__log_ridge_harq__B2,refit,training,feature:113,0,33920,25
confirmation,mean__log_ridge_harq__B2,refit,training,feature:114,0,0,25
confirmation,mean__log_ridge_harq__B2,refit,training,feature:115,0,10523,25
confirmation,mean__log_ridge_harq__B2,refit,training,feature:116,0,22,25
confirmation,mean__log_ridge_harq__B2,refit,training,feature:117,0,4814,25
confirmation,mean__log_ridge_harq__B2,refit,training,feature:118,0,0,25
confirmation,mean__log_ridge_harq__B2,refit,training,feature:119,10300,0,25
confirmation,mean__log_ridge_harq__B2,refit,training,feature:12,0,842,25
confirmation,mean__log_ridge_harq__B2,refit,training,feature:120,0,425,25
confirmation,mean__log_ridge_harq__B2,refit,training,feature:121,10300,0,25
confirmation,mean__log_ridge_harq__B2,refit,training,feature:122,0,29697,25
confirmation,mean__log_ridge_harq__B2,refit,training,feature:123,10300,0,25
confirmation,mean__log_ridge_harq__B2,refit,training,feature:124,0,0,25
confirmation,mean__log_ridge_harq__B2,refit,training,feature:125,0,0,25
confirmation,mean__log_ridge_harq__B2,refit,training,feature:126,0,0,25
confirmation,mean__log_ridge_harq__B2,refit,training,feature:127,0,0,25
confirmation,mean__log_ridge_harq__B2,refit,training,feature:128,0,0,25
confirmation,mean__log_ridge_harq__B2,refit,training,feature:129,0,0,25
confirmation,mean__log_ridge_harq__B2,refit,training,feature:13,0,300,25
confirmation,mean__log_ridge_harq__B2,refit,training,feature:130,0,0,25
confirmation,mean__log_ridge_harq__B2,refit,training,feature:131,0,10789,25
confirmation,mean__log_ridge_harq__B2,refit,training,feature:132,0,0,25
confirmation,mean__log_ridge_harq__B2,refit,training,feature:133,0,0,25
confirmation,mean__log_ridge_harq__B2,refit,training,feature:134,0,0,25
confirmation,mean__log_ridge_harq__B2,refit,training,feature:135,0,0,25
confirmation,mean__log_ridge_harq__B2,refit,training,feature:136,0,10300,25
confirmation,mean__log_ridge_harq__B2,refit,training,feature:137,0,9600,25
confirmation,mean__log_ridge_harq__B2,refit,training,feature:138,0,0,25
confirmation,mean__log_ridge_harq__B2,refit,training,feature:139,0,0,25
confirmation,mean__log_ridge_harq__B2,refit,training,feature:14,0,625,25
confirmation,mean__log_ridge_harq__B2,refit,training,feature:140,0,0,25
confirmation,mean__log_ridge_harq__B2,refit,training,feature:141,0,0,25
confirmation,mean__log_ridge_harq__B2,refit,training,feature:142,0,0,25
confirmation,mean__log_ridge_harq__B2,refit,training,feature:15,25,671,25
confirmation,mean__log_ridge_harq__B2,refit,training,feature:16,0,541,25
confirmation,mean__log_ridge_harq__B2,refit,training,feature:17,50,300,25
confirmation,mean__log_ridge_harq__B2,refit,training,feature:18,0,1625,25
confirmation,mean__log_ridge_harq__B2,refit,training,feature:19,0,1222,25
confirmation,mean__log_ridge_harq__B2,refit,training,feature:2,4146,6300,25
confirmation,mean__log_ridge_harq__B2,refit,training,feature:20,0,0,25
confirmation,mean__log_ridge_harq__B2,refit,training,feature:21,0,0,25
confirmation,mean__log_ridge_harq__B2,refit,training,feature:22,0,541,25
confirmation,mean__log_ridge_harq__B2,refit,training,feature:23,0,1222,25
confirmation,mean__log_ridge_harq__B2,refit,training,feature:24,0,1625,25
confirmation,mean__log_ridge_harq__B2,refit,training,feature:25,0,0,25
confirmation,mean__log_ridge_harq__B2,refit,training,feature:26,0,0,25
confirmation,mean__log_ridge_harq__B2,refit,training,feature:27,0,0,25
confirmation,mean__log_ridge_harq__B2,refit,training,feature:28,7508,0,25
confirmation,mean__log_ridge_harq__B2,refit,training,feature:29,0,0,25
confirmation,mean__log_ridge_harq__B2,refit,training,feature:3,0,2550,25
confirmation,mean__log_ridge_harq__B2,refit,training,feature:30,0,0,25
confirmation,mean__log_ridge_harq__B2,refit,training,feature:31,0,0,25
confirmation,mean__log_ridge_harq__B2,refit,training,feature:32,14697,0,25
confirmation,mean__log_ridge_harq__B2,refit,training,feature:33,8692,0,25
confirmation,mean__log_ridge_harq__B2,refit,training,feature:34,0,0,25
confirmation,mean__log_ridge_harq__B2,refit,training,feature:35,1965,0,25
confirmation,mean__log_ridge_harq__B2,refit,training,feature:36,16853,25,25
confirmation,mean__log_ridge_harq__B2,refit,training,feature:37,0,25,25
confirmation,mean__log_ridge_harq__B2,refit,training,feature:38,0,0,25
confirmation,mean__log_ridge_harq__B2,refit,training,feature:39,4907,0,25
confirmation,mean__log_ridge_harq__B2,refit,training,feature:4,0,0,25
confirmation,mean__log_ridge_harq__B2,refit,training,feature:40,376,14302,25
confirmation,mean__log_ridge_harq__B2,refit,training,feature:41,3365,25,25
confirmation,mean__log_ridge_harq__B2,refit,training,feature:42,0,0,25
confirmation,mean__log_ridge_harq__B2,refit,training,feature:43,0,0,25
confirmation,mean__log_ridge_harq__B2,refit,training,feature:44,0,0,25
confirmation,mean__log_ridge_harq__B2,refit,training,feature:45,0,0,25
confirmation,mean__log_ridge_harq__B2,refit,training,feature:46,0,0,25
confirmation,mean__log_ridge_harq__B2,refit,training,feature:47,31464,0,25
confirmation,mean__log_ridge_harq__B2,refit,training,feature:48,0,0,25
confirmation,mean__log_ridge_harq__B2,refit,training,feature:49,0,0,25
confirmation,mean__log_ridge_harq__B2,refit,training,feature:5,0,0,25
confirmation,mean__log_ridge_harq__B2,refit,training,feature:50,0,0,25
confirmation,mean__log_ridge_harq__B2,refit,training,feature:51,0,0,25
confirmation,mean__log_ridge_harq__B2,refit,training,feature:52,0,2093,25
confirmation,mean__log_ridge_harq__B2,refit,training,feature:53,0,0,25
confirmation,mean__log_ridge_harq__B2,refit,training,feature:54,0,0,25
confirmation,mean__log_ridge_harq__B2,refit,training,feature:55,0,0,25
confirmation,mean__log_ridge_harq__B2,refit,training,feature:56,0,0,25
confirmation,mean__log_ridge_harq__B2,refit,training,feature:57,0,0,25
confirmation,mean__log_ridge_harq__B2,refit,training,feature:58,0,3082,25
confirmation,mean__log_ridge_harq__B2,refit,training,feature:59,0,0,25
confirmation,mean__log_ridge_harq__B2,refit,training,feature:6,0,0,25
confirmation,mean__log_ridge_harq__B2,refit,training,feature:60,0,0,25
confirmation,mean__log_ridge_harq__B2,refit,training,feature:61,0,0,25
confirmation,mean__log_ridge_harq__B2,refit,training,feature:62,0,0,25
confirmation,mean__log_ridge_harq__B2,refit,training,feature:63,0,8191,25
confirmation,mean__log_ridge_harq__B2,refit,training,feature:64,0,0,25
confirmation,mean__log_ridge_harq__B2,refit,training,feature:65,0,0,25
confirmation,mean__log_ridge_harq__B2,refit,training,feature:66,0,0,25
confirmation,mean__log_ridge_harq__B2,refit,training,feature:67,0,0,25
confirmation,mean__log_ridge_harq__B2,refit,training,feature:68,10100,0,25
confirmation,mean__log_ridge_harq__B2,refit,training,feature:69,0,500,25
confirmation,mean__log_ridge_harq__B2,refit,training,feature:7,0,0,25
confirmation,mean__log_ridge_harq__B2,refit,training,feature:70,12044,16480,25
confirmation,mean__log_ridge_harq__B2,refit,training,feature:71,0,0,25
confirmation,mean__log_ridge_harq__B2,refit,training,feature:72,0,0,25
confirmation,mean__log_ridge_harq__B2,refit,training,feature:73,0,16747,25
confirmation,mean__log_ridge_harq__B2,refit,training,feature:74,10300,0,25
confirmation,mean__log_ridge_harq__B2,refit,training,feature:75,0,36025,25
confirmation,mean__log_ridge_harq__B2,refit,training,feature:76,10300,0,25
confirmation,mean__log_ridge_harq__B2,refit,training,feature:77,0,0,25
confirmation,mean__log_ridge_harq__B2,refit,training,feature:78,0,0,25
confirmation,mean__log_ridge_harq__B2,refit,training,feature:79,0,18084,25
confirmation,mean__log_ridge_harq__B2,refit,training,feature:8,0,0,25
confirmation,mean__log_ridge_harq__B2,refit,training,feature:80,0,3011,25
confirmation,mean__log_ridge_harq__B2,refit,training,feature:81,9600,0,25
confirmation,mean__log_ridge_harq__B2,refit,training,feature:82,5959,16176,25
confirmation,mean__log_ridge_harq__B2,refit,training,feature:83,0,4935,25
confirmation,mean__log_ridge_harq__B2,refit,training,feature:84,16916,6711,25
confirmation,mean__log_ridge_harq__B2,refit,training,feature:85,0,0,25
confirmation,mean__log_ridge_harq__B2,refit,training,feature:86,9750,0,25
confirmation,mean__log_ridge_harq__B2,refit,training,feature:87,0,0,25
confirmation,mean__log_ridge_harq__B2,refit,training,feature:88,0,0,25
confirmation,mean__log_ridge_harq__B2,refit,training,feature:89,0,7522,25
confirmation,mean__log_ridge_harq__B2,refit,training,feature:9,0,242,25
confirmation,mean__log_ridge_harq__B2,refit,training,feature:90,0,13316,25
confirmation,mean__log_ridge_harq__B2,refit,training,feature:91,0,5505,25
confirmation,mean__log_ridge_harq__B2,refit,training,feature:92,0,1950,25
confirmation,mean__log_ridge_harq__B2,refit,training,feature:93,9600,0,25
confirmation,mean__log_ridge_harq__B2,refit,training,feature:94,9600,0,25
confirmation,mean__log_ridge_harq__B2,refit,training,feature:95,0,2277,25
confirmation,mean__log_ridge_harq__B2,refit,training,feature:96,9600,0,25
confirmation,mean__log_ridge_harq__B2,refit,training,feature:97,0,23068,25
confirmation,mean__log_ridge_harq__B2,refit,training,feature:98,9600,0,25
confirmation,mean__log_ridge_harq__B2,refit,training,feature:99,0,0,25
confirmation,mean__log_ridge_harq__B2,refit,training,presence:105,9600,0,25
confirmation,mean__log_ridge_harq__B2,refit,training,presence:107,9600,0,25
confirmation,mean__log_ridge_harq__B2,refit,training,presence:108,10300,0,25
confirmation,mean__log_ridge_harq__B2,refit,training,presence:110,10300,0,25
confirmation,mean__log_ridge_harq__B2,refit,training,presence:111,10300,0,25
confirmation,mean__log_ridge_harq__B2,refit,training,presence:113,10300,0,25
confirmation,mean__log_ridge_harq__B2,refit,training,presence:115,10300,0,25
confirmation,mean__log_ridge_harq__B2,refit,training,presence:116,10300,0,25
confirmation,mean__log_ridge_harq__B2,refit,training,presence:117,10300,0,25
confirmation,mean__log_ridge_harq__B2,refit,training,presence:118,10300,0,25
confirmation,mean__log_ridge_harq__B2,refit,training,presence:120,10300,0,25
confirmation,mean__log_ridge_harq__B2,refit,training,presence:122,10300,0,25
confirmation,mean__log_ridge_harq__B2,refit,training,presence:128,10300,0,25
confirmation,mean__log_ridge_harq__B2,refit,training,presence:129,9575,0,25
confirmation,mean__log_ridge_harq__B2,refit,training,presence:130,9575,0,25
confirmation,mean__log_ridge_harq__B2,refit,training,presence:131,9575,0,25
confirmation,mean__log_ridge_harq__B2,refit,training,presence:132,9450,0,25
confirmation,mean__log_ridge_harq__B2,refit,training,presence:133,9450,0,25
confirmation,mean__log_ridge_harq__B2,refit,training,presence:134,9450,0,25
confirmation,mean__log_ridge_harq__B2,refit,training,presence:135,9450,0,25
confirmation,mean__log_ridge_harq__B2,refit,training,presence:29,9575,0,25
confirmation,mean__log_ridge_harq__B2,refit,training,presence:30,9575,0,25
confirmation,mean__log_ridge_harq__B2,refit,training,presence:31,9575,0,25
confirmation,mean__log_ridge_harq__B2,refit,training,presence:32,9575,0,25
confirmation,mean__log_ridge_harq__B2,refit,training,presence:33,30256,0,25
confirmation,mean__log_ridge_harq__B2,refit,training,presence:34,9575,0,25
confirmation,mean__log_ridge_harq__B2,refit,training,presence:35,9575,0,25
confirmation,mean__log_ridge_harq__B2,refit,training,presence:36,30256,0,25
confirmation,mean__log_ridge_harq__B2,refit,training,presence:37,9575,0,25
confirmation,mean__log_ridge_harq__B2,refit,training,presence:38,9575,0,25
confirmation,mean__log_ridge_harq__B2,refit,training,presence:39,9600,0,25
confirmation,mean__log_ridge_harq__B2,refit,training,presence:40,9575,0,25
confirmation,mean__log_ridge_harq__B2,refit,training,presence:41,9575,0,25
confirmation,mean__log_ridge_harq__B2,refit,training,presence:42,9575,0,25
confirmation,mean__log_ridge_harq__B2,refit,training,presence:43,0,0,25
confirmation,mean__log_ridge_harq__B2,refit,training,presence:44,0,0,25
confirmation,mean__log_ridge_harq__B2,refit,training,presence:45,0,0,25
confirmation,mean__log_ridge_harq__B2,refit,training,presence:46,0,0,25
confirmation,mean__log_ridge_harq__B2,refit,training,presence:47,0,0,25
confirmation,mean__log_ridge_harq__B2,refit,training,presence:48,0,0,25
confirmation,mean__log_ridge_harq__B2,refit,training,presence:49,0,0,25
confirmation,mean__log_ridge_harq__B2,refit,training,presence:50,0,0,25
confirmation,mean__log_ridge_harq__B2,refit,training,presence:51,0,0,25
confirmation,mean__log_ridge_harq__B2,refit,training,presence:52,0,0,25
confirmation,mean__log_ridge_harq__B2,refit,training,presence:53,93344,0,25
confirmation,mean__log_ridge_harq__B2,refit,training,presence:54,11782,0,25
confirmation,mean__log_ridge_harq__B2,refit,training,presence:55,10100,0,25
confirmation,mean__log_ridge_harq__B2,refit,training,presence:56,10650,0,25
confirmation,mean__log_ridge_harq__B2,refit,training,presence:57,0,0,25
confirmation,mean__log_ridge_harq__B2,refit,training,presence:58,51262,0,25
confirmation,mean__log_ridge_harq__B2,refit,training,presence:59,31070,0,25
confirmation,mean__log_ridge_harq__B2,refit,training,presence:60,12312,0,25
confirmation,mean__log_ridge_harq__B2,refit,training,presence:61,21341,0,25
confirmation,mean__log_ridge_harq__B2,refit,training,presence:62,68150,0,25
confirmation,mean__log_ridge_harq__B2,refit,training,presence:63,22484,0,25
confirmation,mean__log_ridge_harq__B2,refit,training,presence:64,104132,0,25
confirmation,mean__log_ridge_harq__B2,refit,training,presence:65,27828,0,25
confirmation,mean__log_ridge_harq__B2,refit,training,presence:66,73702,0,25
confirmation,mean__log_ridge_harq__B2,refit,training,presence:67,19207,0,25
confirmation,mean__log_ridge_harq__B2,refit,training,presence:69,10300,0,25
confirmation,mean__log_ridge_harq__B2,refit,training,presence:70,10300,0,25
confirmation,mean__log_ridge_harq__B2,refit,training,presence:71,10300,0,25
confirmation,mean__log_ridge_harq__B2,refit,training,presence:73,10300,0,25
confirmation,mean__log_ridge_harq__B2,refit,training,presence:75,10300,0,25
confirmation,mean__log_ridge_harq__B2,refit,training,presence:79,10300,0,25
confirmation,mean__log_ridge_harq__B2,refit,training,presence:80,9600,0,25
confirmation,mean__log_ridge_harq__B2,refit,training,presence:82,9600,0,25
confirmation,mean__log_ridge_harq__B2,refit,training,presence:83,9600,0,25
confirmation,mean__log_ridge_harq__B2,refit,training,presence:84,9600,0,25
confirmation,mean__log_ridge_harq__B2,refit,training,presence:85,9600,0,25
confirmation,mean__log_ridge_harq__B2,refit,training,presence:89,9600,0,25
confirmation,mean__log_ridge_harq__B2,refit,training,presence:90,9600,0,25
confirmation,mean__log_ridge_harq__B2,refit,training,presence:91,9600,0,25
confirmation,mean__log_ridge_harq__B2,refit,training,presence:92,9600,0,25
confirmation,mean__log_ridge_harq__B2,refit,training,presence:95,9600,0,25
confirmation,mean__log_ridge_harq__B2,refit,training,presence:97,9600,0,25
confirmation,quantile__log_ridge_harq__B0,inner_fit,predicting,feature:0,60,0,25
confirmation,quantile__log_ridge_harq__B0,inner_fit,predicting,feature:1,0,0,25
confirmation,quantile__log_ridge_harq__B0,inner_fit,predicting,feature:10,34,116,25
confirmation,quantile__log_ridge_harq__B0,inner_fit,predicting,feature:11,4,33,25
confirmation,quantile__log_ridge_harq__B0,inner_fit,predicting,feature:12,0,0,25
confirmation,quantile__log_ridge_harq__B0,inner_fit,predicting,feature:13,0,0,25
confirmation,quantile__log_ridge_harq__B0,inner_fit,predicting,feature:14,0,0,25
confirmation,quantile__log_ridge_harq__B0,inner_fit,predicting,feature:15,0,0,25
confirmation,quantile__log_ridge_harq__B0,inner_fit,predicting,feature:16,0,0,25
confirmation,quantile__log_ridge_harq__B0,inner_fit,predicting,feature:17,0,0,25
confirmation,quantile__log_ridge_harq__B0,inner_fit,predicting,feature:18,0,0,25
confirmation,quantile__log_ridge_harq__B0,inner_fit,predicting,feature:19,0,0,25
confirmation,quantile__log_ridge_harq__B0,inner_fit,predicting,feature:2,0,0,25
confirmation,quantile__log_ridge_harq__B0,inner_fit,predicting,feature:20,0,0,25
confirmation,quantile__log_ridge_harq__B0,inner_fit,predicting,feature:21,0,0,25
confirmation,quantile__log_ridge_harq__B0,inner_fit,predicting,feature:22,0,0,25
confirmation,quantile__log_ridge_harq__B0,inner_fit,predicting,feature:23,0,0,25
confirmation,quantile__log_ridge_harq__B0,inner_fit,predicting,feature:24,0,0,25
confirmation,quantile__log_ridge_harq__B0,inner_fit,predicting,feature:25,0,0,25
confirmation,quantile__log_ridge_harq__B0,inner_fit,predicting,feature:26,0,0,25
confirmation,quantile__log_ridge_harq__B0,inner_fit,predicting,feature:27,0,0,25
confirmation,quantile__log_ridge_harq__B0,inner_fit,predicting,feature:28,52,0,25
confirmation,quantile__log_ridge_harq__B0,inner_fit,predicting,feature:29,0,0,25
confirmation,quantile__log_ridge_harq__B0,inner_fit,predicting,feature:3,0,0,25
confirmation,quantile__log_ridge_harq__B0,inner_fit,predicting,feature:30,0,0,25
confirmation,quantile__log_ridge_harq__B0,inner_fit,predicting,feature:31,0,0,25
confirmation,quantile__log_ridge_harq__B0,inner_fit,predicting,feature:32,0,0,25
confirmation,quantile__log_ridge_harq__B0,inner_fit,predicting,feature:33,0,0,25
confirmation,quantile__log_ridge_harq__B0,inner_fit,predicting,feature:4,0,0,25
confirmation,quantile__log_ridge_harq__B0,inner_fit,predicting,feature:5,0,0,25
confirmation,quantile__log_ridge_harq__B0,inner_fit,predicting,feature:6,0,0,25
confirmation,quantile__log_ridge_harq__B0,inner_fit,predicting,feature:7,0,0,25
confirmation,quantile__log_ridge_harq__B0,inner_fit,predicting,feature:8,0,0,25
confirmation,quantile__log_ridge_harq__B0,inner_fit,predicting,feature:9,0,0,25
confirmation,quantile__log_ridge_harq__B0,inner_fit,training,feature:0,3540,4410,25
confirmation,quantile__log_ridge_harq__B0,inner_fit,training,feature:1,0,1650,25
confirmation,quantile__log_ridge_harq__B0,inner_fit,training,feature:10,6655,7003,25
confirmation,quantile__log_ridge_harq__B0,inner_fit,training,feature:11,6949,5950,25
confirmation,quantile__log_ridge_harq__B0,inner_fit,training,feature:12,0,794,25
confirmation,quantile__log_ridge_harq__B0,inner_fit,training,feature:13,0,300,25
confirmation,quantile__log_ridge_harq__B0,inner_fit,training,feature:14,0,600,25
confirmation,quantile__log_ridge_harq__B0,inner_fit,training,feature:15,25,661,25
confirmation,quantile__log_ridge_harq__B0,inner_fit,training,feature:16,0,528,25
confirmation,quantile__log_ridge_harq__B0,inner_fit,training,feature:17,50,300,25
confirmation,quantile__log_ridge_harq__B0,inner_fit,training,feature:18,0,1625,25
confirmation,quantile__log_ridge_harq__B0,inner_fit,training,feature:19,0,1115,25
confirmation,quantile__log_ridge_harq__B0,inner_fit,training,feature:2,4050,6300,25
confirmation,quantile__log_ridge_harq__B0,inner_fit,training,feature:20,0,0,25
confirmation,quantile__log_ridge_harq__B0,inner_fit,training,feature:21,0,0,25
confirmation,quantile__log_ridge_harq__B0,inner_fit,training,feature:22,0,528,25
confirmation,quantile__log_ridge_harq__B0,inner_fit,training,feature:23,0,1115,25
confirmation,quantile__log_ridge_harq__B0,inner_fit,training,feature:24,0,1625,25
confirmation,quantile__log_ridge_harq__B0,inner_fit,training,feature:25,0,0,25
confirmation,quantile__log_ridge_harq__B0,inner_fit,training,feature:26,0,0,25
confirmation,quantile__log_ridge_harq__B0,inner_fit,training,feature:27,0,0,25
confirmation,quantile__log_ridge_harq__B0,inner_fit,training,feature:28,7416,0,25
confirmation,quantile__log_ridge_harq__B0,inner_fit,training,feature:29,0,0,25
confirmation,quantile__log_ridge_harq__B0,inner_fit,training,feature:3,0,2550,25
confirmation,quantile__log_ridge_harq__B0,inner_fit,training,feature:30,0,0,25
confirmation,quantile__log_ridge_harq__B0,inner_fit,training,feature:31,0,0,25
confirmation,quantile__log_ridge_harq__B0,inner_fit,training,feature:32,0,0,25
confirmation,quantile__log_ridge_harq__B0,inner_fit,training,feature:33,0,0,25
confirmation,quantile__log_ridge_harq__B0,inner_fit,training,feature:4,0,0,25
confirmation,quantile__log_ridge_harq__B0,inner_fit,training,feature:5,0,0,25
confirmation,quantile__log_ridge_harq__B0,inner_fit,training,feature:6,0,0,25
confirmation,quantile__log_ridge_harq__B0,inner_fit,training,feature:7,0,0,25
confirmation,quantile__log_ridge_harq__B0,inner_fit,training,feature:8,0,0,25
confirmation,quantile__log_ridge_harq__B0,inner_fit,training,feature:9,0,225,25
confirmation,quantile__log_ridge_harq__B0,refit,predicting,feature:0,0,0,25
confirmation,quantile__log_ridge_harq__B0,refit,predicting,feature:1,0,0,25
confirmation,quantile__log_ridge_harq__B0,refit,predicting,feature:10,0,12,25
confirmation,quantile__log_ridge_harq__B0,refit,predicting,feature:11,1,4,25
confirmation,quantile__log_ridge_harq__B0,refit,predicting,feature:12,0,0,25
confirmation,quantile__log_ridge_harq__B0,refit,predicting,feature:13,0,0,25
confirmation,quantile__log_ridge_harq__B0,refit,predicting,feature:14,0,0,25
confirmation,quantile__log_ridge_harq__B0,refit,predicting,feature:15,0,0,25
confirmation,quantile__log_ridge_harq__B0,refit,predicting,feature:16,0,0,25
confirmation,quantile__log_ridge_harq__B0,refit,predicting,feature:17,0,0,25
confirmation,quantile__log_ridge_harq__B0,refit,predicting,feature:18,0,0,25
confirmation,quantile__log_ridge_harq__B0,refit,predicting,feature:19,0,0,25
confirmation,quantile__log_ridge_harq__B0,refit,predicting,feature:2,0,0,25
confirmation,quantile__log_ridge_harq__B0,refit,predicting,feature:20,0,0,25
confirmation,quantile__log_ridge_harq__B0,refit,predicting,feature:21,0,0,25
confirmation,quantile__log_ridge_harq__B0,refit,predicting,feature:22,0,0,25
confirmation,quantile__log_ridge_harq__B0,refit,predicting,feature:23,0,0,25
confirmation,quantile__log_ridge_harq__B0,refit,predicting,feature:24,0,0,25
confirmation,quantile__log_ridge_harq__B0,refit,predicting,feature:25,0,0,25
confirmation,quantile__log_ridge_harq__B0,refit,predicting,feature:26,0,0,25
confirmation,quantile__log_ridge_harq__B0,refit,predicting,feature:27,0,0,25
confirmation,quantile__log_ridge_harq__B0,refit,predicting,feature:28,7,0,25
confirmation,quantile__log_ridge_harq__B0,refit,predicting,feature:29,0,0,25
confirmation,quantile__log_ridge_harq__B0,refit,predicting,feature:3,0,0,25
confirmation,quantile__log_ridge_harq__B0,refit,predicting,feature:30,0,0,25
confirmation,quantile__log_ridge_harq__B0,refit,predicting,feature:31,0,0,25
confirmation,quantile__log_ridge_harq__B0,refit,predicting,feature:32,0,0,25
confirmation,quantile__log_ridge_harq__B0,refit,predicting,feature:33,0,0,25
confirmation,quantile__log_ridge_harq__B0,refit,predicting,feature:4,0,0,25
confirmation,quantile__log_ridge_harq__B0,refit,predicting,feature:5,0,0,25
confirmation,quantile__log_ridge_harq__B0,refit,predicting,feature:6,0,0,25
confirmation,quantile__log_ridge_harq__B0,refit,predicting,feature:7,0,0,25
confirmation,quantile__log_ridge_harq__B0,refit,predicting,feature:8,0,0,25
confirmation,quantile__log_ridge_harq__B0,refit,predicting,feature:9,0,0,25
confirmation,quantile__log_ridge_harq__B0,refit,training,feature:0,3624,4464,25
confirmation,quantile__log_ridge_harq__B0,refit,training,feature:1,0,1680,25
confirmation,quantile__log_ridge_harq__B0,refit,training,feature:10,6723,7190,25
confirmation,quantile__log_ridge_harq__B0,refit,training,feature:11,7030,6056,25
confirmation,quantile__log_ridge_harq__B0,refit,training,feature:12,0,842,25
confirmation,quantile__log_ridge_harq__B0,refit,training,feature:13,0,300,25
confirmation,quantile__log_ridge_harq__B0,refit,training,feature:14,0,625,25
confirmation,quantile__log_ridge_harq__B0,refit,training,feature:15,25,671,25
confirmation,quantile__log_ridge_harq__B0,refit,training,feature:16,0,541,25
confirmation,quantile__log_ridge_harq__B0,refit,training,feature:17,50,300,25
confirmation,quantile__log_ridge_harq__B0,refit,training,feature:18,0,1625,25
confirmation,quantile__log_ridge_harq__B0,refit,training,feature:19,0,1222,25
confirmation,quantile__log_ridge_harq__B0,refit,training,feature:2,4146,6300,25
confirmation,quantile__log_ridge_harq__B0,refit,training,feature:20,0,0,25
confirmation,quantile__log_ridge_harq__B0,refit,training,feature:21,0,0,25
confirmation,quantile__log_ridge_harq__B0,refit,training,feature:22,0,541,25
confirmation,quantile__log_ridge_harq__B0,refit,training,feature:23,0,1222,25
confirmation,quantile__log_ridge_harq__B0,refit,training,feature:24,0,1625,25
confirmation,quantile__log_ridge_harq__B0,refit,training,feature:25,0,0,25
confirmation,quantile__log_ridge_harq__B0,refit,training,feature:26,0,0,25
confirmation,quantile__log_ridge_harq__B0,refit,training,feature:27,0,0,25
confirmation,quantile__log_ridge_harq__B0,refit,training,feature:28,7508,0,25
confirmation,quantile__log_ridge_harq__B0,refit,training,feature:29,0,0,25
confirmation,quantile__log_ridge_harq__B0,refit,training,feature:3,0,2550,25
confirmation,quantile__log_ridge_harq__B0,refit,training,feature:30,0,0,25
confirmation,quantile__log_ridge_harq__B0,refit,training,feature:31,0,0,25
confirmation,quantile__log_ridge_harq__B0,refit,training,feature:32,0,0,25
confirmation,quantile__log_ridge_harq__B0,refit,training,feature:33,0,0,25
confirmation,quantile__log_ridge_harq__B0,refit,training,feature:4,0,0,25
confirmation,quantile__log_ridge_harq__B0,refit,training,feature:5,0,0,25
confirmation,quantile__log_ridge_harq__B0,refit,training,feature:6,0,0,25
confirmation,quantile__log_ridge_harq__B0,refit,training,feature:7,0,0,25
confirmation,quantile__log_ridge_harq__B0,refit,training,feature:8,0,0,25
confirmation,quantile__log_ridge_harq__B0,refit,training,feature:9,0,242,25
confirmation,quantile__log_ridge_harq__B1,inner_fit,predicting,feature:0,60,0,25
confirmation,quantile__log_ridge_harq__B1,inner_fit,predicting,feature:1,0,0,25
confirmation,quantile__log_ridge_harq__B1,inner_fit,predicting,feature:10,34,116,25
confirmation,quantile__log_ridge_harq__B1,inner_fit,predicting,feature:11,4,33,25
confirmation,quantile__log_ridge_harq__B1,inner_fit,predicting,feature:12,0,0,25
confirmation,quantile__log_ridge_harq__B1,inner_fit,predicting,feature:13,0,0,25
confirmation,quantile__log_ridge_harq__B1,inner_fit,predicting,feature:14,0,0,25
confirmation,quantile__log_ridge_harq__B1,inner_fit,predicting,feature:15,0,0,25
confirmation,quantile__log_ridge_harq__B1,inner_fit,predicting,feature:16,0,0,25
confirmation,quantile__log_ridge_harq__B1,inner_fit,predicting,feature:17,0,0,25
confirmation,quantile__log_ridge_harq__B1,inner_fit,predicting,feature:18,0,0,25
confirmation,quantile__log_ridge_harq__B1,inner_fit,predicting,feature:19,0,0,25
confirmation,quantile__log_ridge_harq__B1,inner_fit,predicting,feature:2,0,0,25
confirmation,quantile__log_ridge_harq__B1,inner_fit,predicting,feature:20,0,0,25
confirmation,quantile__log_ridge_harq__B1,inner_fit,predicting,feature:21,0,0,25
confirmation,quantile__log_ridge_harq__B1,inner_fit,predicting,feature:22,0,0,25
confirmation,quantile__log_ridge_harq__B1,inner_fit,predicting,feature:23,0,0,25
confirmation,quantile__log_ridge_harq__B1,inner_fit,predicting,feature:24,0,0,25
confirmation,quantile__log_ridge_harq__B1,inner_fit,predicting,feature:25,0,0,25
confirmation,quantile__log_ridge_harq__B1,inner_fit,predicting,feature:26,0,0,25
confirmation,quantile__log_ridge_harq__B1,inner_fit,predicting,feature:27,0,0,25
confirmation,quantile__log_ridge_harq__B1,inner_fit,predicting,feature:28,52,0,25
confirmation,quantile__log_ridge_harq__B1,inner_fit,predicting,feature:29,0,0,25
confirmation,quantile__log_ridge_harq__B1,inner_fit,predicting,feature:3,0,0,25
confirmation,quantile__log_ridge_harq__B1,inner_fit,predicting,feature:30,0,0,25
confirmation,quantile__log_ridge_harq__B1,inner_fit,predicting,feature:31,0,0,25
confirmation,quantile__log_ridge_harq__B1,inner_fit,predicting,feature:32,87,0,25
confirmation,quantile__log_ridge_harq__B1,inner_fit,predicting,feature:33,0,0,25
confirmation,quantile__log_ridge_harq__B1,inner_fit,predicting,feature:34,0,0,25
confirmation,quantile__log_ridge_harq__B1,inner_fit,predicting,feature:35,0,0,25
confirmation,quantile__log_ridge_harq__B1,inner_fit,predicting,feature:36,139,0,25
confirmation,quantile__log_ridge_harq__B1,inner_fit,predicting,feature:37,0,3,25
confirmation,quantile__log_ridge_harq__B1,inner_fit,predicting,feature:38,0,0,25
confirmation,quantile__log_ridge_harq__B1,inner_fit,predicting,feature:39,50,0,25
confirmation,quantile__log_ridge_harq__B1,inner_fit,predicting,feature:4,0,0,25
confirmation,quantile__log_ridge_harq__B1,inner_fit,predicting,feature:40,0,0,25
confirmation,quantile__log_ridge_harq__B1,inner_fit,predicting,feature:41,30,0,25
confirmation,quantile__log_ridge_harq__B1,inner_fit,predicting,feature:42,0,0,25
confirmation,quantile__log_ridge_harq__B1,inner_fit,predicting,feature:43,0,0,25
confirmation,quantile__log_ridge_harq__B1,inner_fit,predicting,feature:44,0,0,25
confirmation,quantile__log_ridge_harq__B1,inner_fit,predicting,feature:45,0,0,25
confirmation,quantile__log_ridge_harq__B1,inner_fit,predicting,feature:46,0,0,25
confirmation,quantile__log_ridge_harq__B1,inner_fit,predicting,feature:47,0,0,25
confirmation,quantile__log_ridge_harq__B1,inner_fit,predicting,feature:48,0,0,25
confirmation,quantile__log_ridge_harq__B1,inner_fit,predicting,feature:49,0,0,25
confirmation,quantile__log_ridge_harq__B1,inner_fit,predicting,feature:5,0,0,25
confirmation,quantile__log_ridge_harq__B1,inner_fit,predicting,feature:50,0,0,25
confirmation,quantile__log_ridge_harq__B1,inner_fit,predicting,feature:51,0,0,25
confirmation,quantile__log_ridge_harq__B1,inner_fit,predicting,feature:52,0,20,25
confirmation,quantile__log_ridge_harq__B1,inner_fit,predicting,feature:53,0,0,25
confirmation,quantile__log_ridge_harq__B1,inner_fit,predicting,feature:54,0,0,25
confirmation,quantile__log_ridge_harq__B1,inner_fit,predicting,feature:55,0,0,25
confirmation,quantile__log_ridge_harq__B1,inner_fit,predicting,feature:56,0,0,25
confirmation,quantile__log_ridge_harq__B1,inner_fit,predicting,feature:57,0,0,25
confirmation,quantile__log_ridge_harq__B1,inner_fit,predicting,feature:58,0,19,25
confirmation,quantile__log_ridge_harq__B1,inner_fit,predicting,feature:59,0,0,25
confirmation,quantile__log_ridge_harq__B1,inner_fit,predicting,feature:6,0,0,25
confirmation,quantile__log_ridge_harq__B1,inner_fit,predicting,feature:60,0,0,25
confirmation,quantile__log_ridge_harq__B1,inner_fit,predicting,feature:61,0,0,25
confirmation,quantile__log_ridge_harq__B1,inner_fit,predicting,feature:62,0,0,25
confirmation,quantile__log_ridge_harq__B1,inner_fit,predicting,feature:63,0,36,25
confirmation,quantile__log_ridge_harq__B1,inner_fit,predicting,feature:64,0,0,25
confirmation,quantile__log_ridge_harq__B1,inner_fit,predicting,feature:65,0,0,25
confirmation,quantile__log_ridge_harq__B1,inner_fit,predicting,feature:66,0,0,25
confirmation,quantile__log_ridge_harq__B1,inner_fit,predicting,feature:67,0,0,25
confirmation,quantile__log_ridge_harq__B1,inner_fit,predicting,feature:68,8,0,25
confirmation,quantile__log_ridge_harq__B1,inner_fit,predicting,feature:69,0,0,25
confirmation,quantile__log_ridge_harq__B1,inner_fit,predicting,feature:7,0,0,25
confirmation,quantile__log_ridge_harq__B1,inner_fit,predicting,feature:70,0,0,25
confirmation,quantile__log_ridge_harq__B1,inner_fit,predicting,feature:71,0,0,25
confirmation,quantile__log_ridge_harq__B1,inner_fit,predicting,feature:72,0,0,25
confirmation,quantile__log_ridge_harq__B1,inner_fit,predicting,feature:73,0,0,25
confirmation,quantile__log_ridge_harq__B1,inner_fit,predicting,feature:8,0,0,25
confirmation,quantile__log_ridge_harq__B1,inner_fit,predicting,feature:9,0,0,25
confirmation,quantile__log_ridge_harq__B1,inner_fit,predicting,presence:29,0,0,25
confirmation,quantile__log_ridge_harq__B1,inner_fit,predicting,presence:30,0,0,25
confirmation,quantile__log_ridge_harq__B1,inner_fit,predicting,presence:31,0,0,25
confirmation,quantile__log_ridge_harq__B1,inner_fit,predicting,presence:32,0,0,25
confirmation,quantile__log_ridge_harq__B1,inner_fit,predicting,presence:33,357,0,25
confirmation,quantile__log_ridge_harq__B1,inner_fit,predicting,presence:34,0,0,25
confirmation,quantile__log_ridge_harq__B1,inner_fit,predicting,presence:35,0,0,25
confirmation,quantile__log_ridge_harq__B1,inner_fit,predicting,presence:36,357,0,25
confirmation,quantile__log_ridge_harq__B1,inner_fit,predicting,presence:37,0,0,25
confirmation,quantile__log_ridge_harq__B1,inner_fit,predicting,presence:38,0,0,25
confirmation,quantile__log_ridge_harq__B1,inner_fit,predicting,presence:39,0,0,25
confirmation,quantile__log_ridge_harq__B1,inner_fit,predicting,presence:40,0,0,25
confirmation,quantile__log_ridge_harq__B1,inner_fit,predicting,presence:41,0,0,25
confirmation,quantile__log_ridge_harq__B1,inner_fit,predicting,presence:42,0,0,25
confirmation,quantile__log_ridge_harq__B1,inner_fit,predicting,presence:43,0,0,25
confirmation,quantile__log_ridge_harq__B1,inner_fit,predicting,presence:44,0,0,25
confirmation,quantile__log_ridge_harq__B1,inner_fit,predicting,presence:45,0,0,25
confirmation,quantile__log_ridge_harq__B1,inner_fit,predicting,presence:46,0,0,25
confirmation,quantile__log_ridge_harq__B1,inner_fit,predicting,presence:47,0,0,25
confirmation,quantile__log_ridge_harq__B1,inner_fit,predicting,presence:48,0,0,25
confirmation,quantile__log_ridge_harq__B1,inner_fit,predicting,presence:49,0,0,25
confirmation,quantile__log_ridge_harq__B1,inner_fit,predicting,presence:50,0,0,25
confirmation,quantile__log_ridge_harq__B1,inner_fit,predicting,presence:51,0,0,25
confirmation,quantile__log_ridge_harq__B1,inner_fit,predicting,presence:52,0,0,25
confirmation,quantile__log_ridge_harq__B1,inner_fit,predicting,presence:53,1122,0,25
confirmation,quantile__log_ridge_harq__B1,inner_fit,predicting,presence:54,63,0,25
confirmation,quantile__log_ridge_harq__B1,inner_fit,predicting,presence:55,8,0,25
confirmation,quantile__log_ridge_harq__B1,inner_fit,predicting,presence:56,8,0,25
confirmation,quantile__log_ridge_harq__B1,inner_fit,predicting,presence:57,0,0,25
confirmation,quantile__log_ridge_harq__B1,inner_fit,predicting,presence:58,281,0,25
confirmation,quantile__log_ridge_harq__B1,inner_fit,predicting,presence:59,308,0,25
confirmation,quantile__log_ridge_harq__B1,inner_fit,predicting,presence:60,140,0,25
confirmation,quantile__log_ridge_harq__B1,inner_fit,predicting,presence:61,297,0,25
confirmation,quantile__log_ridge_harq__B1,inner_fit,predicting,presence:62,182,0,25
confirmation,quantile__log_ridge_harq__B1,inner_fit,predicting,presence:63,25,0,25
confirmation,quantile__log_ridge_harq__B1,inner_fit,predicting,presence:64,1501,0,25
confirmation,quantile__log_ridge_harq__B1,inner_fit,predicting,presence:65,190,0,25
confirmation,quantile__log_ridge_harq__B1,inner_fit,predicting,presence:66,1122,0,25
confirmation,quantile__log_ridge_harq__B1,inner_fit,predicting,presence:67,16,0,25
confirmation,quantile__log_ridge_harq__B1,inner_fit,training,feature:0,3540,4410,25
confirmation,quantile__log_ridge_harq__B1,inner_fit,training,feature:1,0,1650,25
confirmation,quantile__log_ridge_harq__B1,inner_fit,training,feature:10,6655,7003,25
confirmation,quantile__log_ridge_harq__B1,inner_fit,training,feature:11,6949,5950,25
confirmation,quantile__log_ridge_harq__B1,inner_fit,training,feature:12,0,794,25
confirmation,quantile__log_ridge_harq__B1,inner_fit,training,feature:13,0,300,25
confirmation,quantile__log_ridge_harq__B1,inner_fit,training,feature:14,0,600,25
confirmation,quantile__log_ridge_harq__B1,inner_fit,training,feature:15,25,661,25
confirmation,quantile__log_ridge_harq__B1,inner_fit,training,feature:16,0,528,25
confirmation,quantile__log_ridge_harq__B1,inner_fit,training,feature:17,50,300,25
confirmation,quantile__log_ridge_harq__B1,inner_fit,training,feature:18,0,1625,25
confirmation,quantile__log_ridge_harq__B1,inner_fit,training,feature:19,0,1115,25
confirmation,quantile__log_ridge_harq__B1,inner_fit,training,feature:2,4050,6300,25
confirmation,quantile__log_ridge_harq__B1,inner_fit,training,feature:20,0,0,25
confirmation,quantile__log_ridge_harq__B1,inner_fit,training,feature:21,0,0,25
confirmation,quantile__log_ridge_harq__B1,inner_fit,training,feature:22,0,528,25
confirmation,quantile__log_ridge_harq__B1,inner_fit,training,feature:23,0,1115,25
confirmation,quantile__log_ridge_harq__B1,inner_fit,training,feature:24,0,1625,25
confirmation,quantile__log_ridge_harq__B1,inner_fit,training,feature:25,0,0,25
confirmation,quantile__log_ridge_harq__B1,inner_fit,training,feature:26,0,0,25
confirmation,quantile__log_ridge_harq__B1,inner_fit,training,feature:27,0,0,25
confirmation,quantile__log_ridge_harq__B1,inner_fit,training,feature:28,7416,0,25
confirmation,quantile__log_ridge_harq__B1,inner_fit,training,feature:29,0,0,25
confirmation,quantile__log_ridge_harq__B1,inner_fit,training,feature:3,0,2550,25
confirmation,quantile__log_ridge_harq__B1,inner_fit,training,feature:30,0,0,25
confirmation,quantile__log_ridge_harq__B1,inner_fit,training,feature:31,0,0,25
confirmation,quantile__log_ridge_harq__B1,inner_fit,training,feature:32,14430,0,25
confirmation,quantile__log_ridge_harq__B1,inner_fit,training,feature:33,8304,0,25
confirmation,quantile__log_ridge_harq__B1,inner_fit,training,feature:34,0,0,25
confirmation,quantile__log_ridge_harq__B1,inner_fit,training,feature:35,1957,0,25
confirmation,quantile__log_ridge_harq__B1,inner_fit,training,feature:36,16529,25,25
confirmation,quantile__log_ridge_harq__B1,inner_fit,training,feature:37,0,22,25
confirmation,quantile__log_ridge_harq__B1,inner_fit,training,feature:38,0,0,25
confirmation,quantile__log_ridge_harq__B1,inner_fit,training,feature:39,4857,0,25
confirmation,quantile__log_ridge_harq__B1,inner_fit,training,feature:4,0,0,25
confirmation,quantile__log_ridge_harq__B1,inner_fit,training,feature:40,357,13804,25
confirmation,quantile__log_ridge_harq__B1,inner_fit,training,feature:41,3253,25,25
confirmation,quantile__log_ridge_harq__B1,inner_fit,training,feature:42,0,0,25
confirmation,quantile__log_ridge_harq__B1,inner_fit,training,feature:43,0,0,25
confirmation,quantile__log_ridge_harq__B1,inner_fit,training,feature:44,0,0,25
confirmation,quantile__log_ridge_harq__B1,inner_fit,training,feature:45,0,0,25
confirmation,quantile__log_ridge_harq__B1,inner_fit,training,feature:46,0,0,25
confirmation,quantile__log_ridge_harq__B1,inner_fit,training,feature:47,28983,0,25
confirmation,quantile__log_ridge_harq__B1,inner_fit,training,feature:48,0,0,25
confirmation,quantile__log_ridge_harq__B1,inner_fit,training,feature:49,0,0,25
confirmation,quantile__log_ridge_harq__B1,inner_fit,training,feature:5,0,0,25
confirmation,quantile__log_ridge_harq__B1,inner_fit,training,feature:50,0,0,25
confirmation,quantile__log_ridge_harq__B1,inner_fit,training,feature:51,0,0,25
confirmation,quantile__log_ridge_harq__B1,inner_fit,training,feature:52,0,2164,25
confirmation,quantile__log_ridge_harq__B1,inner_fit,training,feature:53,0,0,25
confirmation,quantile__log_ridge_harq__B1,inner_fit,training,feature:54,0,0,25
confirmation,quantile__log_ridge_harq__B1,inner_fit,training,feature:55,0,0,25
confirmation,quantile__log_ridge_harq__B1,inner_fit,training,feature:56,0,0,25
confirmation,quantile__log_ridge_harq__B1,inner_fit,training,feature:57,0,0,25
confirmation,quantile__log_ridge_harq__B1,inner_fit,training,feature:58,0,3142,25
confirmation,quantile__log_ridge_harq__B1,inner_fit,training,feature:59,0,0,25
confirmation,quantile__log_ridge_harq__B1,inner_fit,training,feature:6,0,0,25
confirmation,quantile__log_ridge_harq__B1,inner_fit,training,feature:60,0,0,25
confirmation,quantile__log_ridge_harq__B1,inner_fit,training,feature:61,0,0,25
confirmation,quantile__log_ridge_harq__B1,inner_fit,training,feature:62,0,0,25
confirmation,quantile__log_ridge_harq__B1,inner_fit,training,feature:63,0,7725,25
confirmation,quantile__log_ridge_harq__B1,inner_fit,training,feature:64,0,0,25
confirmation,quantile__log_ridge_harq__B1,inner_fit,training,feature:65,0,0,25
confirmation,quantile__log_ridge_harq__B1,inner_fit,training,feature:66,0,0,25
confirmation,quantile__log_ridge_harq__B1,inner_fit,training,feature:67,0,0,25
confirmation,quantile__log_ridge_harq__B1,inner_fit,training,feature:68,10092,0,25
confirmation,quantile__log_ridge_harq__B1,inner_fit,training,feature:69,0,0,25
confirmation,quantile__log_ridge_harq__B1,inner_fit,training,feature:7,0,0,25
confirmation,quantile__log_ridge_harq__B1,inner_fit,training,feature:70,0,0,25
confirmation,quantile__log_ridge_harq__B1,inner_fit,training,feature:71,0,0,25
confirmation,quantile__log_ridge_harq__B1,inner_fit,training,feature:72,0,0,25
confirmation,quantile__log_ridge_harq__B1,inner_fit,training,feature:73,0,0,25
confirmation,quantile__log_ridge_harq__B1,inner_fit,training,feature:8,0,0,25
confirmation,quantile__log_ridge_harq__B1,inner_fit,training,feature:9,0,225,25
confirmation,quantile__log_ridge_harq__B1,inner_fit,training,presence:29,9575,0,25
confirmation,quantile__log_ridge_harq__B1,inner_fit,training,presence:30,9575,0,25
confirmation,quantile__log_ridge_harq__B1,inner_fit,training,presence:31,9575,0,25
confirmation,quantile__log_ridge_harq__B1,inner_fit,training,presence:32,9575,0,25
confirmation,quantile__log_ridge_harq__B1,inner_fit,training,presence:33,29899,0,25
confirmation,quantile__log_ridge_harq__B1,inner_fit,training,presence:34,9575,0,25
confirmation,quantile__log_ridge_harq__B1,inner_fit,training,presence:35,9575,0,25
confirmation,quantile__log_ridge_harq__B1,inner_fit,training,presence:36,29899,0,25
confirmation,quantile__log_ridge_harq__B1,inner_fit,training,presence:37,9575,0,25
confirmation,quantile__log_ridge_harq__B1,inner_fit,training,presence:38,9575,0,25
confirmation,quantile__log_ridge_harq__B1,inner_fit,training,presence:39,9600,0,25
confirmation,quantile__log_ridge_harq__B1,inner_fit,training,presence:40,9575,0,25
confirmation,quantile__log_ridge_harq__B1,inner_fit,training,presence:41,9575,0,25
confirmation,quantile__log_ridge_harq__B1,inner_fit,training,presence:42,9575,0,25
confirmation,quantile__log_ridge_harq__B1,inner_fit,training,presence:43,0,0,25
confirmation,quantile__log_ridge_harq__B1,inner_fit,training,presence:44,0,0,25
confirmation,quantile__log_ridge_harq__B1,inner_fit,training,presence:45,0,0,25
confirmation,quantile__log_ridge_harq__B1,inner_fit,training,presence:46,0,0,25
confirmation,quantile__log_ridge_harq__B1,inner_fit,training,presence:47,0,0,25
confirmation,quantile__log_ridge_harq__B1,inner_fit,training,presence:48,0,0,25
confirmation,quantile__log_ridge_harq__B1,inner_fit,training,presence:49,0,0,25
confirmation,quantile__log_ridge_harq__B1,inner_fit,training,presence:50,0,0,25
confirmation,quantile__log_ridge_harq__B1,inner_fit,training,presence:51,0,0,25
confirmation,quantile__log_ridge_harq__B1,inner_fit,training,presence:52,0,0,25
confirmation,quantile__log_ridge_harq__B1,inner_fit,training,presence:53,92222,0,25
confirmation,quantile__log_ridge_harq__B1,inner_fit,training,presence:54,11719,0,25
confirmation,quantile__log_ridge_harq__B1,inner_fit,training,presence:55,10092,0,25
confirmation,quantile__log_ridge_harq__B1,inner_fit,training,presence:56,10642,0,25
confirmation,quantile__log_ridge_harq__B1,inner_fit,training,presence:57,0,0,25
confirmation,quantile__log_ridge_harq__B1,inner_fit,training,presence:58,50981,0,25
confirmation,quantile__log_ridge_harq__B1,inner_fit,training,presence:59,30762,0,25
confirmation,quantile__log_ridge_harq__B1,inner_fit,training,presence:60,12172,0,25
confirmation,quantile__log_ridge_harq__B1,inner_fit,training,presence:61,21044,0,25
confirmation,quantile__log_ridge_harq__B1,inner_fit,training,presence:62,67968,0,25
confirmation,quantile__log_ridge_harq__B1,inner_fit,training,presence:63,22459,0,25
confirmation,quantile__log_ridge_harq__B1,inner_fit,training,presence:64,102631,0,25
confirmation,quantile__log_ridge_harq__B1,inner_fit,training,presence:65,27638,0,25
confirmation,quantile__log_ridge_harq__B1,inner_fit,training,presence:66,72580,0,25
confirmation,quantile__log_ridge_harq__B1,inner_fit,training,presence:67,19191,0,25
confirmation,quantile__log_ridge_harq__B1,refit,predicting,feature:0,0,0,25
confirmation,quantile__log_ridge_harq__B1,refit,predicting,feature:1,0,0,25
confirmation,quantile__log_ridge_harq__B1,refit,predicting,feature:10,0,12,25
confirmation,quantile__log_ridge_harq__B1,refit,predicting,feature:11,1,4,25
confirmation,quantile__log_ridge_harq__B1,refit,predicting,feature:12,0,0,25
confirmation,quantile__log_ridge_harq__B1,refit,predicting,feature:13,0,0,25
confirmation,quantile__log_ridge_harq__B1,refit,predicting,feature:14,0,0,25
confirmation,quantile__log_ridge_harq__B1,refit,predicting,feature:15,0,0,25
confirmation,quantile__log_ridge_harq__B1,refit,predicting,feature:16,0,0,25
confirmation,quantile__log_ridge_harq__B1,refit,predicting,feature:17,0,0,25
confirmation,quantile__log_ridge_harq__B1,refit,predicting,feature:18,0,0,25
confirmation,quantile__log_ridge_harq__B1,refit,predicting,feature:19,0,0,25
confirmation,quantile__log_ridge_harq__B1,refit,predicting,feature:2,0,0,25
confirmation,quantile__log_ridge_harq__B1,refit,predicting,feature:20,0,0,25
confirmation,quantile__log_ridge_harq__B1,refit,predicting,feature:21,0,0,25
confirmation,quantile__log_ridge_harq__B1,refit,predicting,feature:22,0,0,25
confirmation,quantile__log_ridge_harq__B1,refit,predicting,feature:23,0,0,25
confirmation,quantile__log_ridge_harq__B1,refit,predicting,feature:24,0,0,25
confirmation,quantile__log_ridge_harq__B1,refit,predicting,feature:25,0,0,25
confirmation,quantile__log_ridge_harq__B1,refit,predicting,feature:26,0,0,25
confirmation,quantile__log_ridge_harq__B1,refit,predicting,feature:27,0,0,25
confirmation,quantile__log_ridge_harq__B1,refit,predicting,feature:28,7,0,25
confirmation,quantile__log_ridge_harq__B1,refit,predicting,feature:29,0,0,25
confirmation,quantile__log_ridge_harq__B1,refit,predicting,feature:3,0,0,25
confirmation,quantile__log_ridge_harq__B1,refit,predicting,feature:30,0,0,25
confirmation,quantile__log_ridge_harq__B1,refit,predicting,feature:31,0,0,25
confirmation,quantile__log_ridge_harq__B1,refit,predicting,feature:32,11,0,25
confirmation,quantile__log_ridge_harq__B1,refit,predicting,feature:33,0,0,25
confirmation,quantile__log_ridge_harq__B1,refit,predicting,feature:34,0,0,25
confirmation,quantile__log_ridge_harq__B1,refit,predicting,feature:35,0,0,25
confirmation,quantile__log_ridge_harq__B1,refit,predicting,feature:36,12,0,25
confirmation,quantile__log_ridge_harq__B1,refit,predicting,feature:37,0,0,25
confirmation,quantile__log_ridge_harq__B1,refit,predicting,feature:38,0,0,25
confirmation,quantile__log_ridge_harq__B1,refit,predicting,feature:39,5,0,25
confirmation,quantile__log_ridge_harq__B1,refit,predicting,feature:4,0,0,25
confirmation,quantile__log_ridge_harq__B1,refit,predicting,feature:40,0,0,25
confirmation,quantile__log_ridge_harq__B1,refit,predicting,feature:41,3,0,25
confirmation,quantile__log_ridge_harq__B1,refit,predicting,feature:42,0,0,25
confirmation,quantile__log_ridge_harq__B1,refit,predicting,feature:43,0,0,25
confirmation,quantile__log_ridge_harq__B1,refit,predicting,feature:44,0,0,25
confirmation,quantile__log_ridge_harq__B1,refit,predicting,feature:45,0,0,25
confirmation,quantile__log_ridge_harq__B1,refit,predicting,feature:46,0,0,25
confirmation,quantile__log_ridge_harq__B1,refit,predicting,feature:47,0,0,25
confirmation,quantile__log_ridge_harq__B1,refit,predicting,feature:48,0,0,25
confirmation,quantile__log_ridge_harq__B1,refit,predicting,feature:49,0,0,25
confirmation,quantile__log_ridge_harq__B1,refit,predicting,feature:5,0,0,25
confirmation,quantile__log_ridge_harq__B1,refit,predicting,feature:50,0,0,25
confirmation,quantile__log_ridge_harq__B1,refit,predicting,feature:51,0,0,25
confirmation,quantile__log_ridge_harq__B1,refit,predicting,feature:52,0,2,25
confirmation,quantile__log_ridge_harq__B1,refit,predicting,feature:53,0,0,25
confirmation,quantile__log_ridge_harq__B1,refit,predicting,feature:54,0,0,25
confirmation,quantile__log_ridge_harq__B1,refit,predicting,feature:55,0,0,25
confirmation,quantile__log_ridge_harq__B1,refit,predicting,feature:56,0,0,25
confirmation,quantile__log_ridge_harq__B1,refit,predicting,feature:57,0,0,25
confirmation,quantile__log_ridge_harq__B1,refit,predicting,feature:58,0,1,25
confirmation,quantile__log_ridge_harq__B1,refit,predicting,feature:59,0,0,25
confirmation,quantile__log_ridge_harq__B1,refit,predicting,feature:6,0,0,25
confirmation,quantile__log_ridge_harq__B1,refit,predicting,feature:60,0,0,25
confirmation,quantile__log_ridge_harq__B1,refit,predicting,feature:61,0,0,25
confirmation,quantile__log_ridge_harq__B1,refit,predicting,feature:62,0,0,25
confirmation,quantile__log_ridge_harq__B1,refit,predicting,feature:63,0,5,25
confirmation,quantile__log_ridge_harq__B1,refit,predicting,feature:64,0,0,25
confirmation,quantile__log_ridge_harq__B1,refit,predicting,feature:65,0,0,25
confirmation,quantile__log_ridge_harq__B1,refit,predicting,feature:66,0,0,25
confirmation,quantile__log_ridge_harq__B1,refit,predicting,feature:67,0,0,25
confirmation,quantile__log_ridge_harq__B1,refit,predicting,feature:68,0,0,25
confirmation,quantile__log_ridge_harq__B1,refit,predicting,feature:69,0,0,25
confirmation,quantile__log_ridge_harq__B1,refit,predicting,feature:7,0,0,25
confirmation,quantile__log_ridge_harq__B1,refit,predicting,feature:70,0,0,25
confirmation,quantile__log_ridge_harq__B1,refit,predicting,feature:71,0,0,25
confirmation,quantile__log_ridge_harq__B1,refit,predicting,feature:72,0,0,25
confirmation,quantile__log_ridge_harq__B1,refit,predicting,feature:73,0,0,25
confirmation,quantile__log_ridge_harq__B1,refit,predicting,feature:8,0,0,25
confirmation,quantile__log_ridge_harq__B1,refit,predicting,feature:9,0,0,25
confirmation,quantile__log_ridge_harq__B1,refit,predicting,presence:29,0,0,25
confirmation,quantile__log_ridge_harq__B1,refit,predicting,presence:30,0,0,25
confirmation,quantile__log_ridge_harq__B1,refit,predicting,presence:31,0,0,25
confirmation,quantile__log_ridge_harq__B1,refit,predicting,presence:32,0,0,25
confirmation,quantile__log_ridge_harq__B1,refit,predicting,presence:33,36,0,25
confirmation,quantile__log_ridge_harq__B1,refit,predicting,presence:34,0,0,25
confirmation,quantile__log_ridge_harq__B1,refit,predicting,presence:35,0,0,25
confirmation,quantile__log_ridge_harq__B1,refit,predicting,presence:36,36,0,25
confirmation,quantile__log_ridge_harq__B1,refit,predicting,presence:37,0,0,25
confirmation,quantile__log_ridge_harq__B1,refit,predicting,presence:38,0,0,25
confirmation,quantile__log_ridge_harq__B1,refit,predicting,presence:39,0,0,25
confirmation,quantile__log_ridge_harq__B1,refit,predicting,presence:40,0,0,25
confirmation,quantile__log_ridge_harq__B1,refit,predicting,presence:41,0,0,25
confirmation,quantile__log_ridge_harq__B1,refit,predicting,presence:42,0,0,25
confirmation,quantile__log_ridge_harq__B1,refit,predicting,presence:43,0,0,25
confirmation,quantile__log_ridge_harq__B1,refit,predicting,presence:44,0,0,25
confirmation,quantile__log_ridge_harq__B1,refit,predicting,presence:45,0,0,25
confirmation,quantile__log_ridge_harq__B1,refit,predicting,presence:46,0,0,25
confirmation,quantile__log_ridge_harq__B1,refit,predicting,presence:47,0,0,25
confirmation,quantile__log_ridge_harq__B1,refit,predicting,presence:48,0,0,25
confirmation,quantile__log_ridge_harq__B1,refit,predicting,presence:49,0,0,25
confirmation,quantile__log_ridge_harq__B1,refit,predicting,presence:50,0,0,25
confirmation,quantile__log_ridge_harq__B1,refit,predicting,presence:51,0,0,25
confirmation,quantile__log_ridge_harq__B1,refit,predicting,presence:52,0,0,25
confirmation,quantile__log_ridge_harq__B1,refit,predicting,presence:53,122,0,25
confirmation,quantile__log_ridge_harq__B1,refit,predicting,presence:54,4,0,25
confirmation,quantile__log_ridge_harq__B1,refit,predicting,presence:55,0,0,25
confirmation,quantile__log_ridge_harq__B1,refit,predicting,presence:56,0,0,25
confirmation,quantile__log_ridge_harq__B1,refit,predicting,presence:57,0,0,25
confirmation,quantile__log_ridge_harq__B1,refit,predicting,presence:58,28,0,25
confirmation,quantile__log_ridge_harq__B1,refit,predicting,presence:59,18,0,25
confirmation,quantile__log_ridge_harq__B1,refit,predicting,presence:60,11,0,25
confirmation,quantile__log_ridge_harq__B1,refit,predicting,presence:61,24,0,25
confirmation,quantile__log_ridge_harq__B1,refit,predicting,presence:62,20,0,25
confirmation,quantile__log_ridge_harq__B1,refit,predicting,presence:63,1,0,25
confirmation,quantile__log_ridge_harq__B1,refit,predicting,presence:64,134,0,25
confirmation,quantile__log_ridge_harq__B1,refit,predicting,presence:65,14,0,25
confirmation,quantile__log_ridge_harq__B1,refit,predicting,presence:66,112,0,25
confirmation,quantile__log_ridge_harq__B1,refit,predicting,presence:67,4,0,25
confirmation,quantile__log_ridge_harq__B1,refit,training,feature:0,3624,4464,25
confirmation,quantile__log_ridge_harq__B1,refit,training,feature:1,0,1680,25
confirmation,quantile__log_ridge_harq__B1,refit,training,feature:10,6723,7190,25
confirmation,quantile__log_ridge_harq__B1,refit,training,feature:11,7030,6056,25
confirmation,quantile__log_ridge_harq__B1,refit,training,feature:12,0,842,25
confirmation,quantile__log_ridge_harq__B1,refit,training,feature:13,0,300,25
confirmation,quantile__log_ridge_harq__B1,refit,training,feature:14,0,625,25
confirmation,quantile__log_ridge_harq__B1,refit,training,feature:15,25,671,25
confirmation,quantile__log_ridge_harq__B1,refit,training,feature:16,0,541,25
confirmation,quantile__log_ridge_harq__B1,refit,training,feature:17,50,300,25
confirmation,quantile__log_ridge_harq__B1,refit,training,feature:18,0,1625,25
confirmation,quantile__log_ridge_harq__B1,refit,training,feature:19,0,1222,25
confirmation,quantile__log_ridge_harq__B1,refit,training,feature:2,4146,6300,25
confirmation,quantile__log_ridge_harq__B1,refit,training,feature:20,0,0,25
confirmation,quantile__log_ridge_harq__B1,refit,training,feature:21,0,0,25
confirmation,quantile__log_ridge_harq__B1,refit,training,feature:22,0,541,25
confirmation,quantile__log_ridge_harq__B1,refit,training,feature:23,0,1222,25
confirmation,quantile__log_ridge_harq__B1,refit,training,feature:24,0,1625,25
confirmation,quantile__log_ridge_harq__B1,refit,training,feature:25,0,0,25
confirmation,quantile__log_ridge_harq__B1,refit,training,feature:26,0,0,25
confirmation,quantile__log_ridge_harq__B1,refit,training,feature:27,0,0,25
confirmation,quantile__log_ridge_harq__B1,refit,training,feature:28,7508,0,25
confirmation,quantile__log_ridge_harq__B1,refit,training,feature:29,0,0,25
confirmation,quantile__log_ridge_harq__B1,refit,training,feature:3,0,2550,25
confirmation,quantile__log_ridge_harq__B1,refit,training,feature:30,0,0,25
confirmation,quantile__log_ridge_harq__B1,refit,training,feature:31,0,0,25
confirmation,quantile__log_ridge_harq__B1,refit,training,feature:32,14697,0,25
confirmation,quantile__log_ridge_harq__B1,refit,training,feature:33,8692,0,25
confirmation,quantile__log_ridge_harq__B1,refit,training,feature:34,0,0,25
confirmation,quantile__log_ridge_harq__B1,refit,training,feature:35,1965,0,25
confirmation,quantile__log_ridge_harq__B1,refit,training,feature:36,16853,25,25
confirmation,quantile__log_ridge_harq__B1,refit,training,feature:37,0,25,25
confirmation,quantile__log_ridge_harq__B1,refit,training,feature:38,0,0,25
confirmation,quantile__log_ridge_harq__B1,refit,training,feature:39,4907,0,25
confirmation,quantile__log_ridge_harq__B1,refit,training,feature:4,0,0,25
confirmation,quantile__log_ridge_harq__B1,refit,training,feature:40,376,14302,25
confirmation,quantile__log_ridge_harq__B1,refit,training,feature:41,3365,25,25
confirmation,quantile__log_ridge_harq__B1,refit,training,feature:42,0,0,25
confirmation,quantile__log_ridge_harq__B1,refit,training,feature:43,0,0,25
confirmation,quantile__log_ridge_harq__B1,refit,training,feature:44,0,0,25
confirmation,quantile__log_ridge_harq__B1,refit,training,feature:45,0,0,25
confirmation,quantile__log_ridge_harq__B1,refit,training,feature:46,0,0,25
confirmation,quantile__log_ridge_harq__B1,refit,training,feature:47,31464,0,25
confirmation,quantile__log_ridge_harq__B1,refit,training,feature:48,0,0,25
confirmation,quantile__log_ridge_harq__B1,refit,training,feature:49,0,0,25
confirmation,quantile__log_ridge_harq__B1,refit,training,feature:5,0,0,25
confirmation,quantile__log_ridge_harq__B1,refit,training,feature:50,0,0,25
confirmation,quantile__log_ridge_harq__B1,refit,training,feature:51,0,0,25
confirmation,quantile__log_ridge_harq__B1,refit,training,feature:52,0,2093,25
confirmation,quantile__log_ridge_harq__B1,refit,training,feature:53,0,0,25
confirmation,quantile__log_ridge_harq__B1,refit,training,feature:54,0,0,25
confirmation,quantile__log_ridge_harq__B1,refit,training,feature:55,0,0,25
confirmation,quantile__log_ridge_harq__B1,refit,training,feature:56,0,0,25
confirmation,quantile__log_ridge_harq__B1,refit,training,feature:57,0,0,25
confirmation,quantile__log_ridge_harq__B1,refit,training,feature:58,0,3082,25
confirmation,quantile__log_ridge_harq__B1,refit,training,feature:59,0,0,25
confirmation,quantile__log_ridge_harq__B1,refit,training,feature:6,0,0,25
confirmation,quantile__log_ridge_harq__B1,refit,training,feature:60,0,0,25
confirmation,quantile__log_ridge_harq__B1,refit,training,feature:61,0,0,25
confirmation,quantile__log_ridge_harq__B1,refit,training,feature:62,0,0,25
confirmation,quantile__log_ridge_harq__B1,refit,training,feature:63,0,8191,25
confirmation,quantile__log_ridge_harq__B1,refit,training,feature:64,0,0,25
confirmation,quantile__log_ridge_harq__B1,refit,training,feature:65,0,0,25
confirmation,quantile__log_ridge_harq__B1,refit,training,feature:66,0,0,25
confirmation,quantile__log_ridge_harq__B1,refit,training,feature:67,0,0,25
confirmation,quantile__log_ridge_harq__B1,refit,training,feature:68,10100,0,25
confirmation,quantile__log_ridge_harq__B1,refit,training,feature:69,0,0,25
confirmation,quantile__log_ridge_harq__B1,refit,training,feature:7,0,0,25
confirmation,quantile__log_ridge_harq__B1,refit,training,feature:70,0,0,25
confirmation,quantile__log_ridge_harq__B1,refit,training,feature:71,0,0,25
confirmation,quantile__log_ridge_harq__B1,refit,training,feature:72,0,0,25
confirmation,quantile__log_ridge_harq__B1,refit,training,feature:73,0,0,25
confirmation,quantile__log_ridge_harq__B1,refit,training,feature:8,0,0,25
confirmation,quantile__log_ridge_harq__B1,refit,training,feature:9,0,242,25
confirmation,quantile__log_ridge_harq__B1,refit,training,presence:29,9575,0,25
confirmation,quantile__log_ridge_harq__B1,refit,training,presence:30,9575,0,25
confirmation,quantile__log_ridge_harq__B1,refit,training,presence:31,9575,0,25
confirmation,quantile__log_ridge_harq__B1,refit,training,presence:32,9575,0,25
confirmation,quantile__log_ridge_harq__B1,refit,training,presence:33,30256,0,25
confirmation,quantile__log_ridge_harq__B1,refit,training,presence:34,9575,0,25
confirmation,quantile__log_ridge_harq__B1,refit,training,presence:35,9575,0,25
confirmation,quantile__log_ridge_harq__B1,refit,training,presence:36,30256,0,25
confirmation,quantile__log_ridge_harq__B1,refit,training,presence:37,9575,0,25
confirmation,quantile__log_ridge_harq__B1,refit,training,presence:38,9575,0,25
confirmation,quantile__log_ridge_harq__B1,refit,training,presence:39,9600,0,25
confirmation,quantile__log_ridge_harq__B1,refit,training,presence:40,9575,0,25
confirmation,quantile__log_ridge_harq__B1,refit,training,presence:41,9575,0,25
confirmation,quantile__log_ridge_harq__B1,refit,training,presence:42,9575,0,25
confirmation,quantile__log_ridge_harq__B1,refit,training,presence:43,0,0,25
confirmation,quantile__log_ridge_harq__B1,refit,training,presence:44,0,0,25
confirmation,quantile__log_ridge_harq__B1,refit,training,presence:45,0,0,25
confirmation,quantile__log_ridge_harq__B1,refit,training,presence:46,0,0,25
confirmation,quantile__log_ridge_harq__B1,refit,training,presence:47,0,0,25
confirmation,quantile__log_ridge_harq__B1,refit,training,presence:48,0,0,25
confirmation,quantile__log_ridge_harq__B1,refit,training,presence:49,0,0,25
confirmation,quantile__log_ridge_harq__B1,refit,training,presence:50,0,0,25
confirmation,quantile__log_ridge_harq__B1,refit,training,presence:51,0,0,25
confirmation,quantile__log_ridge_harq__B1,refit,training,presence:52,0,0,25
confirmation,quantile__log_ridge_harq__B1,refit,training,presence:53,93344,0,25
confirmation,quantile__log_ridge_harq__B1,refit,training,presence:54,11782,0,25
confirmation,quantile__log_ridge_harq__B1,refit,training,presence:55,10100,0,25
confirmation,quantile__log_ridge_harq__B1,refit,training,presence:56,10650,0,25
confirmation,quantile__log_ridge_harq__B1,refit,training,presence:57,0,0,25
confirmation,quantile__log_ridge_harq__B1,refit,training,presence:58,51262,0,25
confirmation,quantile__log_ridge_harq__B1,refit,training,presence:59,31070,0,25
confirmation,quantile__log_ridge_harq__B1,refit,training,presence:60,12312,0,25
confirmation,quantile__log_ridge_harq__B1,refit,training,presence:61,21341,0,25
confirmation,quantile__log_ridge_harq__B1,refit,training,presence:62,68150,0,25
confirmation,quantile__log_ridge_harq__B1,refit,training,presence:63,22484,0,25
confirmation,quantile__log_ridge_harq__B1,refit,training,presence:64,104132,0,25
confirmation,quantile__log_ridge_harq__B1,refit,training,presence:65,27828,0,25
confirmation,quantile__log_ridge_harq__B1,refit,training,presence:66,73702,0,25
confirmation,quantile__log_ridge_harq__B1,refit,training,presence:67,19207,0,25
confirmation,quantile__log_ridge_harq__B2,inner_fit,predicting,feature:0,60,0,25
confirmation,quantile__log_ridge_harq__B2,inner_fit,predicting,feature:1,0,0,25
confirmation,quantile__log_ridge_harq__B2,inner_fit,predicting,feature:10,34,116,25
confirmation,quantile__log_ridge_harq__B2,inner_fit,predicting,feature:100,0,0,25
confirmation,quantile__log_ridge_harq__B2,inner_fit,predicting,feature:101,0,0,25
confirmation,quantile__log_ridge_harq__B2,inner_fit,predicting,feature:102,0,0,25
confirmation,quantile__log_ridge_harq__B2,inner_fit,predicting,feature:103,0,0,25
confirmation,quantile__log_ridge_harq__B2,inner_fit,predicting,feature:104,0,0,25
confirmation,quantile__log_ridge_harq__B2,inner_fit,predicting,feature:105,0,508,25
confirmation,quantile__log_ridge_harq__B2,inner_fit,predicting,feature:106,0,0,25
confirmation,quantile__log_ridge_harq__B2,inner_fit,predicting,feature:107,0,0,25
confirmation,quantile__log_ridge_harq__B2,inner_fit,predicting,feature:108,83,0,25
confirmation,quantile__log_ridge_harq__B2,inner_fit,predicting,feature:109,12,0,25
confirmation,quantile__log_ridge_harq__B2,inner_fit,predicting,feature:11,4,33,25
confirmation,quantile__log_ridge_harq__B2,inner_fit,predicting,feature:110,0,385,25
confirmation,quantile__log_ridge_harq__B2,inner_fit,predicting,feature:111,916,170,25
confirmation,quantile__log_ridge_harq__B2,inner_fit,predicting,feature:112,8,0,25
confirmation,quantile__log_ridge_harq__B2,inner_fit,predicting,feature:113,0,613,25
confirmation,quantile__log_ridge_harq__B2,inner_fit,predicting,feature:114,0,0,25
confirmation,quantile__log_ridge_harq__B2,inner_fit,predicting,feature:115,0,35,25
confirmation,quantile__log_ridge_harq__B2,inner_fit,predicting,feature:116,0,0,25
confirmation,quantile__log_ridge_harq__B2,inner_fit,predicting,feature:117,0,133,25
confirmation,quantile__log_ridge_harq__B2,inner_fit,predicting,feature:118,0,0,25
confirmation,quantile__log_ridge_harq__B2,inner_fit,predicting,feature:119,12,0,25
confirmation,quantile__log_ridge_harq__B2,inner_fit,predicting,feature:12,0,0,25
confirmation,quantile__log_ridge_harq__B2,inner_fit,predicting,feature:120,0,9,25
confirmation,quantile__log_ridge_harq__B2,inner_fit,predicting,feature:121,12,0,25
confirmation,quantile__log_ridge_harq__B2,inner_fit,predicting,feature:122,0,329,25
confirmation,quantile__log_ridge_harq__B2,inner_fit,predicting,feature:123,12,0,25
confirmation,quantile__log_ridge_harq__B2,inner_fit,predicting,feature:124,0,0,25
confirmation,quantile__log_ridge_harq__B2,inner_fit,predicting,feature:125,0,0,25
confirmation,quantile__log_ridge_harq__B2,inner_fit,predicting,feature:126,0,0,25
confirmation,quantile__log_ridge_harq__B2,inner_fit,predicting,feature:127,0,0,25
confirmation,quantile__log_ridge_harq__B2,inner_fit,predicting,feature:128,0,0,25
confirmation,quantile__log_ridge_harq__B2,inner_fit,predicting,feature:129,0,0,25
confirmation,quantile__log_ridge_harq__B2,inner_fit,predicting,feature:13,0,0,25
confirmation,quantile__log_ridge_harq__B2,inner_fit,predicting,feature:130,0,0,25
confirmation,quantile__log_ridge_harq__B2,inner_fit,predicting,feature:131,0,2198,25
confirmation,quantile__log_ridge_harq__B2,inner_fit,predicting,feature:132,0,0,25
confirmation,quantile__log_ridge_harq__B2,inner_fit,predicting,feature:133,0,0,25
confirmation,quantile__log_ridge_harq__B2,inner_fit,predicting,feature:134,0,0,25
confirmation,quantile__log_ridge_harq__B2,inner_fit,predicting,feature:135,0,0,25
confirmation,quantile__log_ridge_harq__B2,inner_fit,predicting,feature:136,0,12,25
confirmation,quantile__log_ridge_harq__B2,inner_fit,predicting,feature:137,0,0,25
confirmation,quantile__log_ridge_harq__B2,inner_fit,predicting,feature:138,0,0,25
confirmation,quantile__log_ridge_harq__B2,inner_fit,predicting,feature:139,0,0,25
confirmation,quantile__log_ridge_harq__B2,inner_fit,predicting,feature:14,0,0,25
confirmation,quantile__log_ridge_harq__B2,inner_fit,predicting,feature:140,0,0,25
confirmation,quantile__log_ridge_harq__B2,inner_fit,predicting,feature:141,0,0,25
confirmation,quantile__log_ridge_harq__B2,inner_fit,predicting,feature:142,0,0,25
confirmation,quantile__log_ridge_harq__B2,inner_fit,predicting,feature:15,0,0,25
confirmation,quantile__log_ridge_harq__B2,inner_fit,predicting,feature:16,0,0,25
confirmation,quantile__log_ridge_harq__B2,inner_fit,predicting,feature:17,0,0,25
confirmation,quantile__log_ridge_harq__B2,inner_fit,predicting,feature:18,0,0,25
confirmation,quantile__log_ridge_harq__B2,inner_fit,predicting,feature:19,0,0,25
confirmation,quantile__log_ridge_harq__B2,inner_fit,predicting,feature:2,0,0,25
confirmation,quantile__log_ridge_harq__B2,inner_fit,predicting,feature:20,0,0,25
confirmation,quantile__log_ridge_harq__B2,inner_fit,predicting,feature:21,0,0,25
confirmation,quantile__log_ridge_harq__B2,inner_fit,predicting,feature:22,0,0,25
confirmation,quantile__log_ridge_harq__B2,inner_fit,predicting,feature:23,0,0,25
confirmation,quantile__log_ridge_harq__B2,inner_fit,predicting,feature:24,0,0,25
confirmation,quantile__log_ridge_harq__B2,inner_fit,predicting,feature:25,0,0,25
confirmation,quantile__log_ridge_harq__B2,inner_fit,predicting,feature:26,0,0,25
confirmation,quantile__log_ridge_harq__B2,inner_fit,predicting,feature:27,0,0,25
confirmation,quantile__log_ridge_harq__B2,inner_fit,predicting,feature:28,52,0,25
confirmation,quantile__log_ridge_harq__B2,inner_fit,predicting,feature:29,0,0,25
confirmation,quantile__log_ridge_harq__B2,inner_fit,predicting,feature:3,0,0,25
confirmation,quantile__log_ridge_harq__B2,inner_fit,predicting,feature:30,0,0,25
confirmation,quantile__log_ridge_harq__B2,inner_fit,predicting,feature:31,0,0,25
confirmation,quantile__log_ridge_harq__B2,inner_fit,predicting,feature:32,87,0,25
confirmation,quantile__log_ridge_harq__B2,inner_fit,predicting,feature:33,0,0,25
confirmation,quantile__log_ridge_harq__B2,inner_fit,predicting,feature:34,0,0,25
confirmation,quantile__log_ridge_harq__B2,inner_fit,predicting,feature:35,0,0,25
confirmation,quantile__log_ridge_harq__B2,inner_fit,predicting,feature:36,139,0,25
confirmation,quantile__log_ridge_harq__B2,inner_fit,predicting,feature:37,0,3,25
confirmation,quantile__log_ridge_harq__B2,inner_fit,predicting,feature:38,0,0,25
confirmation,quantile__log_ridge_harq__B2,inner_fit,predicting,feature:39,50,0,25
confirmation,quantile__log_ridge_harq__B2,inner_fit,predicting,feature:4,0,0,25
confirmation,quantile__log_ridge_harq__B2,inner_fit,predicting,feature:40,0,0,25
confirmation,quantile__log_ridge_harq__B2,inner_fit,predicting,feature:41,30,0,25
confirmation,quantile__log_ridge_harq__B2,inner_fit,predicting,feature:42,0,0,25
confirmation,quantile__log_ridge_harq__B2,inner_fit,predicting,feature:43,0,0,25
confirmation,quantile__log_ridge_harq__B2,inner_fit,predicting,feature:44,0,0,25
confirmation,quantile__log_ridge_harq__B2,inner_fit,predicting,feature:45,0,0,25
confirmation,quantile__log_ridge_harq__B2,inner_fit,predicting,feature:46,0,0,25
confirmation,quantile__log_ridge_harq__B2,inner_fit,predicting,feature:47,0,0,25
confirmation,quantile__log_ridge_harq__B2,inner_fit,predicting,feature:48,0,0,25
confirmation,quantile__log_ridge_harq__B2,inner_fit,predicting,feature:49,0,0,25
confirmation,quantile__log_ridge_harq__B2,inner_fit,predicting,feature:5,0,0,25
confirmation,quantile__log_ridge_harq__B2,inner_fit,predicting,feature:50,0,0,25
confirmation,quantile__log_ridge_harq__B2,inner_fit,predicting,feature:51,0,0,25
confirmation,quantile__log_ridge_harq__B2,inner_fit,predicting,feature:52,0,20,25
confirmation,quantile__log_ridge_harq__B2,inner_fit,predicting,feature:53,0,0,25
confirmation,quantile__log_ridge_harq__B2,inner_fit,predicting,feature:54,0,0,25
confirmation,quantile__log_ridge_harq__B2,inner_fit,predicting,feature:55,0,0,25
confirmation,quantile__log_ridge_harq__B2,inner_fit,predicting,feature:56,0,0,25
confirmation,quantile__log_ridge_harq__B2,inner_fit,predicting,feature:57,0,0,25
confirmation,quantile__log_ridge_harq__B2,inner_fit,predicting,feature:58,0,19,25
confirmation,quantile__log_ridge_harq__B2,inner_fit,predicting,feature:59,0,0,25
confirmation,quantile__log_ridge_harq__B2,inner_fit,predicting,feature:6,0,0,25
confirmation,quantile__log_ridge_harq__B2,inner_fit,predicting,feature:60,0,0,25
confirmation,quantile__log_ridge_harq__B2,inner_fit,predicting,feature:61,0,0,25
confirmation,quantile__log_ridge_harq__B2,inner_fit,predicting,feature:62,0,0,25
confirmation,quantile__log_ridge_harq__B2,inner_fit,predicting,feature:63,0,36,25
confirmation,quantile__log_ridge_harq__B2,inner_fit,predicting,feature:64,0,0,25
confirmation,quantile__log_ridge_harq__B2,inner_fit,predicting,feature:65,0,0,25
confirmation,quantile__log_ridge_harq__B2,inner_fit,predicting,feature:66,0,0,25
confirmation,quantile__log_ridge_harq__B2,inner_fit,predicting,feature:67,0,0,25
confirmation,quantile__log_ridge_harq__B2,inner_fit,predicting,feature:68,8,0,25
confirmation,quantile__log_ridge_harq__B2,inner_fit,predicting,feature:69,0,0,25
confirmation,quantile__log_ridge_harq__B2,inner_fit,predicting,feature:7,0,0,25
confirmation,quantile__log_ridge_harq__B2,inner_fit,predicting,feature:70,141,462,25
confirmation,quantile__log_ridge_harq__B2,inner_fit,predicting,feature:71,0,0,25
confirmation,quantile__log_ridge_harq__B2,inner_fit,predicting,feature:72,0,0,25
confirmation,quantile__log_ridge_harq__B2,inner_fit,predicting,feature:73,0,268,25
confirmation,quantile__log_ridge_harq__B2,inner_fit,predicting,feature:74,12,0,25
confirmation,quantile__log_ridge_harq__B2,inner_fit,predicting,feature:75,0,375,25
confirmation,quantile__log_ridge_harq__B2,inner_fit,predicting,feature:76,12,0,25
confirmation,quantile__log_ridge_harq__B2,inner_fit,predicting,feature:77,0,0,25
confirmation,quantile__log_ridge_harq__B2,inner_fit,predicting,feature:78,0,0,25
confirmation,quantile__log_ridge_harq__B2,inner_fit,predicting,feature:79,0,468,25
confirmation,quantile__log_ridge_harq__B2,inner_fit,predicting,feature:8,0,0,25
confirmation,quantile__log_ridge_harq__B2,inner_fit,predicting,feature:80,0,0,25
confirmation,quantile__log_ridge_harq__B2,inner_fit,predicting,feature:81,0,0,25
confirmation,quantile__log_ridge_harq__B2,inner_fit,predicting,feature:82,214,1150,25
confirmation,quantile__log_ridge_harq__B2,inner_fit,predicting,feature:83,0,0,25
confirmation,quantile__log_ridge_harq__B2,inner_fit,predicting,feature:84,1935,180,25
confirmation,quantile__log_ridge_harq__B2,inner_fit,predicting,feature:85,0,0,25
confirmation,quantile__log_ridge_harq__B2,inner_fit,predicting,feature:86,8,0,25
confirmation,quantile__log_ridge_harq__B2,inner_fit,predicting,feature:87,0,0,25
confirmation,quantile__log_ridge_harq__B2,inner_fit,predicting,feature:88,0,0,25
confirmation,quantile__log_ridge_harq__B2,inner_fit,predicting,feature:89,0,79,25
confirmation,quantile__log_ridge_harq__B2,inner_fit,predicting,feature:9,0,0,25
confirmation,quantile__log_ridge_harq__B2,inner_fit,predicting,feature:90,0,326,25
confirmation,quantile__log_ridge_harq__B2,inner_fit,predicting,feature:91,0,333,25
confirmation,quantile__log_ridge_harq__B2,inner_fit,predicting,feature:92,0,98,25
confirmation,quantile__log_ridge_harq__B2,inner_fit,predicting,feature:93,0,0,25
confirmation,quantile__log_ridge_harq__B2,inner_fit,predicting,feature:94,0,0,25
confirmation,quantile__log_ridge_harq__B2,inner_fit,predicting,feature:95,0,0,25
confirmation,quantile__log_ridge_harq__B2,inner_fit,predicting,feature:96,0,0,25
confirmation,quantile__log_ridge_harq__B2,inner_fit,predicting,feature:97,0,147,25
confirmation,quantile__log_ridge_harq__B2,inner_fit,predicting,feature:98,0,0,25
confirmation,quantile__log_ridge_harq__B2,inner_fit,predicting,feature:99,0,0,25
confirmation,quantile__log_ridge_harq__B2,inner_fit,predicting,presence:105,0,0,25
confirmation,quantile__log_ridge_harq__B2,inner_fit,predicting,presence:107,0,0,25
confirmation,quantile__log_ridge_harq__B2,inner_fit,predicting,presence:108,12,0,25
confirmation,quantile__log_ridge_harq__B2,inner_fit,predicting,presence:110,12,0,25
confirmation,quantile__log_ridge_harq__B2,inner_fit,predicting,presence:111,12,0,25
confirmation,quantile__log_ridge_harq__B2,inner_fit,predicting,presence:113,12,0,25
confirmation,quantile__log_ridge_harq__B2,inner_fit,predicting,presence:115,12,0,25
confirmation,quantile__log_ridge_harq__B2,inner_fit,predicting,presence:116,12,0,25
confirmation,quantile__log_ridge_harq__B2,inner_fit,predicting,presence:117,12,0,25
confirmation,quantile__log_ridge_harq__B2,inner_fit,predicting,presence:118,12,0,25
confirmation,quantile__log_ridge_harq__B2,inner_fit,predicting,presence:120,12,0,25
confirmation,quantile__log_ridge_harq__B2,inner_fit,predicting,presence:122,12,0,25
confirmation,quantile__log_ridge_harq__B2,inner_fit,predicting,presence:128,12,0,25
confirmation,quantile__log_ridge_harq__B2,inner_fit,predicting,presence:129,0,0,25
confirmation,quantile__log_ridge_harq__B2,inner_fit,predicting,presence:130,0,0,25
confirmation,quantile__log_ridge_harq__B2,inner_fit,predicting,presence:131,0,0,25
confirmation,quantile__log_ridge_harq__B2,inner_fit,predicting,presence:132,0,0,25
confirmation,quantile__log_ridge_harq__B2,inner_fit,predicting,presence:133,0,0,25
confirmation,quantile__log_ridge_harq__B2,inner_fit,predicting,presence:134,0,0,25
confirmation,quantile__log_ridge_harq__B2,inner_fit,predicting,presence:135,0,0,25
confirmation,quantile__log_ridge_harq__B2,inner_fit,predicting,presence:29,0,0,25
confirmation,quantile__log_ridge_harq__B2,inner_fit,predicting,presence:30,0,0,25
confirmation,quantile__log_ridge_harq__B2,inner_fit,predicting,presence:31,0,0,25
confirmation,quantile__log_ridge_harq__B2,inner_fit,predicting,presence:32,0,0,25
confirmation,quantile__log_ridge_harq__B2,inner_fit,predicting,presence:33,357,0,25
confirmation,quantile__log_ridge_harq__B2,inner_fit,predicting,presence:34,0,0,25
confirmation,quantile__log_ridge_harq__B2,inner_fit,predicting,presence:35,0,0,25
confirmation,quantile__log_ridge_harq__B2,inner_fit,predicting,presence:36,357,0,25
confirmation,quantile__log_ridge_harq__B2,inner_fit,predicting,presence:37,0,0,25
confirmation,quantile__log_ridge_harq__B2,inner_fit,predicting,presence:38,0,0,25
confirmation,quantile__log_ridge_harq__B2,inner_fit,predicting,presence:39,0,0,25
confirmation,quantile__log_ridge_harq__B2,inner_fit,predicting,presence:40,0,0,25
confirmation,quantile__log_ridge_harq__B2,inner_fit,predicting,presence:41,0,0,25
confirmation,quantile__log_ridge_harq__B2,inner_fit,predicting,presence:42,0,0,25
confirmation,quantile__log_ridge_harq__B2,inner_fit,predicting,presence:43,0,0,25
confirmation,quantile__log_ridge_harq__B2,inner_fit,predicting,presence:44,0,0,25
confirmation,quantile__log_ridge_harq__B2,inner_fit,predicting,presence:45,0,0,25
confirmation,quantile__log_ridge_harq__B2,inner_fit,predicting,presence:46,0,0,25
confirmation,quantile__log_ridge_harq__B2,inner_fit,predicting,presence:47,0,0,25
confirmation,quantile__log_ridge_harq__B2,inner_fit,predicting,presence:48,0,0,25
confirmation,quantile__log_ridge_harq__B2,inner_fit,predicting,presence:49,0,0,25
confirmation,quantile__log_ridge_harq__B2,inner_fit,predicting,presence:50,0,0,25
confirmation,quantile__log_ridge_harq__B2,inner_fit,predicting,presence:51,0,0,25
confirmation,quantile__log_ridge_harq__B2,inner_fit,predicting,presence:52,0,0,25
confirmation,quantile__log_ridge_harq__B2,inner_fit,predicting,presence:53,1122,0,25
confirmation,quantile__log_ridge_harq__B2,inner_fit,predicting,presence:54,63,0,25
confirmation,quantile__log_ridge_harq__B2,inner_fit,predicting,presence:55,8,0,25
confirmation,quantile__log_ridge_harq__B2,inner_fit,predicting,presence:56,8,0,25
confirmation,quantile__log_ridge_harq__B2,inner_fit,predicting,presence:57,0,0,25
confirmation,quantile__log_ridge_harq__B2,inner_fit,predicting,presence:58,281,0,25
confirmation,quantile__log_ridge_harq__B2,inner_fit,predicting,presence:59,308,0,25
confirmation,quantile__log_ridge_harq__B2,inner_fit,predicting,presence:60,140,0,25
confirmation,quantile__log_ridge_harq__B2,inner_fit,predicting,presence:61,297,0,25
confirmation,quantile__log_ridge_harq__B2,inner_fit,predicting,presence:62,182,0,25
confirmation,quantile__log_ridge_harq__B2,inner_fit,predicting,presence:63,25,0,25
confirmation,quantile__log_ridge_harq__B2,inner_fit,predicting,presence:64,1501,0,25
confirmation,quantile__log_ridge_harq__B2,inner_fit,predicting,presence:65,190,0,25
confirmation,quantile__log_ridge_harq__B2,inner_fit,predicting,presence:66,1122,0,25
confirmation,quantile__log_ridge_harq__B2,inner_fit,predicting,presence:67,16,0,25
confirmation,quantile__log_ridge_harq__B2,inner_fit,predicting,presence:69,12,0,25
confirmation,quantile__log_ridge_harq__B2,inner_fit,predicting,presence:70,12,0,25
confirmation,quantile__log_ridge_harq__B2,inner_fit,predicting,presence:71,12,0,25
confirmation,quantile__log_ridge_harq__B2,inner_fit,predicting,presence:73,12,0,25
confirmation,quantile__log_ridge_harq__B2,inner_fit,predicting,presence:75,12,0,25
confirmation,quantile__log_ridge_harq__B2,inner_fit,predicting,presence:79,12,0,25
confirmation,quantile__log_ridge_harq__B2,inner_fit,predicting,presence:80,0,0,25
confirmation,quantile__log_ridge_harq__B2,inner_fit,predicting,presence:82,0,0,25
confirmation,quantile__log_ridge_harq__B2,inner_fit,predicting,presence:83,0,0,25
confirmation,quantile__log_ridge_harq__B2,inner_fit,predicting,presence:84,0,0,25
confirmation,quantile__log_ridge_harq__B2,inner_fit,predicting,presence:85,0,0,25
confirmation,quantile__log_ridge_harq__B2,inner_fit,predicting,presence:89,0,0,25
confirmation,quantile__log_ridge_harq__B2,inner_fit,predicting,presence:90,0,0,25
confirmation,quantile__log_ridge_harq__B2,inner_fit,predicting,presence:91,0,0,25
confirmation,quantile__log_ridge_harq__B2,inner_fit,predicting,presence:92,0,0,25
confirmation,quantile__log_ridge_harq__B2,inner_fit,predicting,presence:95,0,0,25
confirmation,quantile__log_ridge_harq__B2,inner_fit,predicting,presence:97,0,0,25
confirmation,quantile__log_ridge_harq__B2,inner_fit,training,feature:0,3540,4410,25
confirmation,quantile__log_ridge_harq__B2,inner_fit,training,feature:1,0,1650,25
confirmation,quantile__log_ridge_harq__B2,inner_fit,training,feature:10,6655,7003,25
confirmation,quantile__log_ridge_harq__B2,inner_fit,training,feature:100,9600,0,25
confirmation,quantile__log_ridge_harq__B2,inner_fit,training,feature:101,0,0,25
confirmation,quantile__log_ridge_harq__B2,inner_fit,training,feature:102,0,0,25
confirmation,quantile__log_ridge_harq__B2,inner_fit,training,feature:103,0,0,25
confirmation,quantile__log_ridge_harq__B2,inner_fit,training,feature:104,0,0,25
confirmation,quantile__log_ridge_harq__B2,inner_fit,training,feature:105,0,13107,25
confirmation,quantile__log_ridge_harq__B2,inner_fit,training,feature:106,0,0,25
confirmation,quantile__log_ridge_harq__B2,inner_fit,training,feature:107,0,0,25
confirmation,quantile__log_ridge_harq__B2,inner_fit,training,feature:108,9231,0,25
confirmation,quantile__log_ridge_harq__B2,inner_fit,training,feature:109,10288,0,25
confirmation,quantile__log_ridge_harq__B2,inner_fit,training,feature:11,6949,5950,25
confirmation,quantile__log_ridge_harq__B2,inner_fit,training,feature:110,0,45932,25
confirmation,quantile__log_ridge_harq__B2,inner_fit,training,feature:111,11901,8763,25
confirmation,quantile__log_ridge_harq__B2,inner_fit,training,feature:112,9742,0,25
confirmation,quantile__log_ridge_harq__B2,inner_fit,training,feature:113,0,33381,25
confirmation,quantile__log_ridge_harq__B2,inner_fit,training,feature:114,0,0,25
confirmation,quantile__log_ridge_harq__B2,inner_fit,training,feature:115,0,10348,25
confirmation,quantile__log_ridge_harq__B2,inner_fit,training,feature:116,0,119,25
confirmation,quantile__log_ridge_harq__B2,inner_fit,training,feature:117,0,4711,25
confirmation,quantile__log_ridge_harq__B2,inner_fit,training,feature:118,0,0,25
confirmation,quantile__log_ridge_harq__B2,inner_fit,training,feature:119,10288,0,25
confirmation,quantile__log_ridge_harq__B2,inner_fit,training,feature:12,0,794,25
confirmation,quantile__log_ridge_harq__B2,inner_fit,training,feature:120,0,416,25
confirmation,quantile__log_ridge_harq__B2,inner_fit,training,feature:121,10288,0,25
confirmation,quantile__log_ridge_harq__B2,inner_fit,training,feature:122,0,29214,25
confirmation,quantile__log_ridge_harq__B2,inner_fit,training,feature:123,10288,0,25
confirmation,quantile__log_ridge_harq__B2,inner_fit,training,feature:124,0,0,25
confirmation,quantile__log_ridge_harq__B2,inner_fit,training,feature:125,0,0,25
confirmation,quantile__log_ridge_harq__B2,inner_fit,training,feature:126,0,0,25
confirmation,quantile__log_ridge_harq__B2,inner_fit,training,feature:127,0,0,25
confirmation,quantile__log_ridge_harq__B2,inner_fit,training,feature:128,0,0,25
confirmation,quantile__log_ridge_harq__B2,inner_fit,training,feature:129,0,0,25
confirmation,quantile__log_ridge_harq__B2,inner_fit,training,feature:13,0,300,25
confirmation,quantile__log_ridge_harq__B2,inner_fit,training,feature:130,0,0,25
confirmation,quantile__log_ridge_harq__B2,inner_fit,training,feature:131,0,10706,25
confirmation,quantile__log_ridge_harq__B2,inner_fit,training,feature:132,0,0,25
confirmation,quantile__log_ridge_harq__B2,inner_fit,training,feature:133,0,0,25
confirmation,quantile__log_ridge_harq__B2,inner_fit,training,feature:134,0,0,25
confirmation,quantile__log_ridge_harq__B2,inner_fit,training,feature:135,0,0,25
confirmation,quantile__log_ridge_harq__B2,inner_fit,training,feature:136,0,10288,25
confirmation,quantile__log_ridge_harq__B2,inner_fit,training,feature:137,0,9600,25
confirmation,quantile__log_ridge_harq__B2,inner_fit,training,feature:138,0,0,25
confirmation,quantile__log_ridge_harq__B2,inner_fit,training,feature:139,0,0,25
confirmation,quantile__log_ridge_harq__B2,inner_fit,training,feature:14,0,600,25
confirmation,quantile__log_ridge_harq__B2,inner_fit,training,feature:140,0,0,25
confirmation,quantile__log_ridge_harq__B2,inner_fit,training,feature:141,0,0,25
confirmation,quantile__log_ridge_harq__B2,inner_fit,training,feature:142,0,0,25
confirmation,quantile__log_ridge_harq__B2,inner_fit,training,feature:15,25,661,25
confirmation,quantile__log_ridge_harq__B2,inner_fit,training,feature:16,0,528,25
confirmation,quantile__log_ridge_harq__B2,inner_fit,training,feature:17,50,300,25
confirmation,quantile__log_ridge_harq__B2,inner_fit,training,feature:18,0,1625,25
confirmation,quantile__log_ridge_harq__B2,inner_fit,training,feature:19,0,1115,25
confirmation,quantile__log_ridge_harq__B2,inner_fit,training,feature:2,4050,6300,25
confirmation,quantile__log_ridge_harq__B2,inner_fit,training,feature:20,0,0,25
confirmation,quantile__log_ridge_harq__B2,inner_fit,training,feature:21,0,0,25
confirmation,quantile__log_ridge_harq__B2,inner_fit,training,feature:22,0,528,25
confirmation,quantile__log_ridge_harq__B2,inner_fit,training,feature:23,0,1115,25
confirmation,quantile__log_ridge_harq__B2,inner_fit,training,feature:24,0,1625,25
confirmation,quantile__log_ridge_harq__B2,inner_fit,training,feature:25,0,0,25
confirmation,quantile__log_ridge_harq__B2,inner_fit,training,feature:26,0,0,25
confirmation,quantile__log_ridge_harq__B2,inner_fit,training,feature:27,0,0,25
confirmation,quantile__log_ridge_harq__B2,inner_fit,training,feature:28,7416,0,25
confirmation,quantile__log_ridge_harq__B2,inner_fit,training,feature:29,0,0,25
confirmation,quantile__log_ridge_harq__B2,inner_fit,training,feature:3,0,2550,25
confirmation,quantile__log_ridge_harq__B2,inner_fit,training,feature:30,0,0,25
confirmation,quantile__log_ridge_harq__B2,inner_fit,training,feature:31,0,0,25
confirmation,quantile__log_ridge_harq__B2,inner_fit,training,feature:32,14430,0,25
confirmation,quantile__log_ridge_harq__B2,inner_fit,training,feature:33,8304,0,25
confirmation,quantile__log_ridge_harq__B2,inner_fit,training,feature:34,0,0,25
confirmation,quantile__log_ridge_harq__B2,inner_fit,training,feature:35,1957,0,25
confirmation,quantile__log_ridge_harq__B2,inner_fit,training,feature:36,16529,25,25
confirmation,quantile__log_ridge_harq__B2,inner_fit,training,feature:37,0,22,25
confirmation,quantile__log_ridge_harq__B2,inner_fit,training,feature:38,0,0,25
confirmation,quantile__log_ridge_harq__B2,inner_fit,training,feature:39,4857,0,25
confirmation,quantile__log_ridge_harq__B2,inner_fit,training,feature:4,0,0,25
confirmation,quantile__log_ridge_harq__B2,inner_fit,training,feature:40,357,13804,25
confirmation,quantile__log_ridge_harq__B2,inner_fit,training,feature:41,3253,25,25
confirmation,quantile__log_ridge_harq__B2,inner_fit,training,feature:42,0,0,25
confirmation,quantile__log_ridge_harq__B2,inner_fit,training,feature:43,0,0,25
confirmation,quantile__log_ridge_harq__B2,inner_fit,training,feature:44,0,0,25
confirmation,quantile__log_ridge_harq__B2,inner_fit,training,feature:45,0,0,25
confirmation,quantile__log_ridge_harq__B2,inner_fit,training,feature:46,0,0,25
confirmation,quantile__log_ridge_harq__B2,inner_fit,training,feature:47,28983,0,25
confirmation,quantile__log_ridge_harq__B2,inner_fit,training,feature:48,0,0,25
confirmation,quantile__log_ridge_harq__B2,inner_fit,training,feature:49,0,0,25
confirmation,quantile__log_ridge_harq__B2,inner_fit,training,feature:5,0,0,25
confirmation,quantile__log_ridge_harq__B2,inner_fit,training,feature:50,0,0,25
confirmation,quantile__log_ridge_harq__B2,inner_fit,training,feature:51,0,0,25
confirmation,quantile__log_ridge_harq__B2,inner_fit,training,feature:52,0,2164,25
confirmation,quantile__log_ridge_harq__B2,inner_fit,training,feature:53,0,0,25
confirmation,quantile__log_ridge_harq__B2,inner_fit,training,feature:54,0,0,25
confirmation,quantile__log_ridge_harq__B2,inner_fit,training,feature:55,0,0,25
confirmation,quantile__log_ridge_harq__B2,inner_fit,training,feature:56,0,0,25
confirmation,quantile__log_ridge_harq__B2,inner_fit,training,feature:57,0,0,25
confirmation,quantile__log_ridge_harq__B2,inner_fit,training,feature:58,0,3142,25
confirmation,quantile__log_ridge_harq__B2,inner_fit,training,feature:59,0,0,25
confirmation,quantile__log_ridge_harq__B2,inner_fit,training,feature:6,0,0,25
confirmation,quantile__log_ridge_harq__B2,inner_fit,training,feature:60,0,0,25
confirmation,quantile__log_ridge_harq__B2,inner_fit,training,feature:61,0,0,25
confirmation,quantile__log_ridge_harq__B2,inner_fit,training,feature:62,0,0,25
confirmation,quantile__log_ridge_harq__B2,inner_fit,training,feature:63,0,7725,25
confirmation,quantile__log_ridge_harq__B2,inner_fit,training,feature:64,0,0,25
confirmation,quantile__log_ridge_harq__B2,inner_fit,training,feature:65,0,0,25
confirmation,quantile__log_ridge_harq__B2,inner_fit,training,feature:66,0,0,25
confirmation,quantile__log_ridge_harq__B2,inner_fit,training,feature:67,0,0,25
confirmation,quantile__log_ridge_harq__B2,inner_fit,training,feature:68,10092,0,25
confirmation,quantile__log_ridge_harq__B2,inner_fit,training,feature:69,0,500,25
confirmation,quantile__log_ridge_harq__B2,inner_fit,training,feature:7,0,0,25
confirmation,quantile__log_ridge_harq__B2,inner_fit,training,feature:70,11982,16220,25
confirmation,quantile__log_ridge_harq__B2,inner_fit,training,feature:71,0,0,25
confirmation,quantile__log_ridge_harq__B2,inner_fit,training,feature:72,0,0,25
confirmation,quantile__log_ridge_harq__B2,inner_fit,training,feature:73,0,16461,25
confirmation,quantile__log_ridge_harq__B2,inner_fit,training,feature:74,10288,0,25
confirmation,quantile__log_ridge_harq__B2,inner_fit,training,feature:75,0,35394,25
confirmation,quantile__log_ridge_harq__B2,inner_fit,training,feature:76,10288,0,25
confirmation,quantile__log_ridge_harq__B2,inner_fit,training,feature:77,0,0,25
confirmation,quantile__log_ridge_harq__B2,inner_fit,training,feature:78,0,0,25
confirmation,quantile__log_ridge_harq__B2,inner_fit,training,feature:79,0,18544,25
confirmation,quantile__log_ridge_harq__B2,inner_fit,training,feature:8,0,0,25
confirmation,quantile__log_ridge_harq__B2,inner_fit,training,feature:80,0,3011,25
confirmation,quantile__log_ridge_harq__B2,inner_fit,training,feature:81,9600,0,25
confirmation,quantile__log_ridge_harq__B2,inner_fit,training,feature:82,5908,15594,25
confirmation,quantile__log_ridge_harq__B2,inner_fit,training,feature:83,0,4203,25
confirmation,quantile__log_ridge_harq__B2,inner_fit,training,feature:84,15986,6795,25
confirmation,quantile__log_ridge_harq__B2,inner_fit,training,feature:85,0,0,25
confirmation,quantile__log_ridge_harq__B2,inner_fit,training,feature:86,9742,0,25
confirmation,quantile__log_ridge_harq__B2,inner_fit,training,feature:87,0,0,25
confirmation,quantile__log_ridge_harq__B2,inner_fit,training,feature:88,0,0,25
confirmation,quantile__log_ridge_harq__B2,inner_fit,training,feature:89,0,7879,25
confirmation,quantile__log_ridge_harq__B2,inner_fit,training,feature:9,0,225,25
confirmation,quantile__log_ridge_harq__B2,inner_fit,training,feature:90,0,12997,25
confirmation,quantile__log_ridge_harq__B2,inner_fit,training,feature:91,0,5216,25
confirmation,quantile__log_ridge_harq__B2,inner_fit,training,feature:92,0,2091,25
confirmation,quantile__log_ridge_harq__B2,inner_fit,training,feature:93,9600,0,25
confirmation,quantile__log_ridge_harq__B2,inner_fit,training,feature:94,9600,0,25
confirmation,quantile__log_ridge_harq__B2,inner_fit,training,feature:95,0,2275,25
confirmation,quantile__log_ridge_harq__B2,inner_fit,training,feature:96,9600,0,25
confirmation,quantile__log_ridge_harq__B2,inner_fit,training,feature:97,0,22688,25
confirmation,quantile__log_ridge_harq__B2,inner_fit,training,feature:98,9600,0,25
confirmation,quantile__log_ridge_harq__B2,inner_fit,training,feature:99,0,0,25
confirmation,quantile__log_ridge_harq__B2,inner_fit,training,presence:105,9600,0,25
confirmation,quantile__log_ridge_harq__B2,inner_fit,training,presence:107,9600,0,25
confirmation,quantile__log_ridge_harq__B2,inner_fit,training,presence:108,10288,0,25
confirmation,quantile__log_ridge_harq__B2,inner_fit,training,presence:110,10288,0,25
confirmation,quantile__log_ridge_harq__B2,inner_fit,training,presence:111,10288,0,25
confirmation,quantile__log_ridge_harq__B2,inner_fit,training,presence:113,10288,0,25
confirmation,quantile__log_ridge_harq__B2,inner_fit,training,presence:115,10288,0,25
confirmation,quantile__log_ridge_harq__B2,inner_fit,training,presence:116,10288,0,25
confirmation,quantile__log_ridge_harq__B2,inner_fit,training,presence:117,10288,0,25
confirmation,quantile__log_ridge_harq__B2,inner_fit,training,presence:118,10288,0,25
confirmation,quantile__log_ridge_harq__B2,inner_fit,training,presence:120,10288,0,25
confirmation,quantile__log_ridge_harq__B2,inner_fit,training,presence:122,10288,0,25
confirmation,quantile__log_ridge_harq__B2,inner_fit,training,presence:128,10288,0,25
confirmation,quantile__log_ridge_harq__B2,inner_fit,training,presence:129,9575,0,25
confirmation,quantile__log_ridge_harq__B2,inner_fit,training,presence:130,9575,0,25
confirmation,quantile__log_ridge_harq__B2,inner_fit,training,presence:131,9575,0,25
confirmation,quantile__log_ridge_harq__B2,inner_fit,training,presence:132,9450,0,25
confirmation,quantile__log_ridge_harq__B2,inner_fit,training,presence:133,9450,0,25
confirmation,quantile__log_ridge_harq__B2,inner_fit,training,presence:134,9450,0,25
confirmation,quantile__log_ridge_harq__B2,inner_fit,training,presence:135,9450,0,25
confirmation,quantile__log_ridge_harq__B2,inner_fit,training,presence:29,9575,0,25
confirmation,quantile__log_ridge_harq__B2,inner_fit,training,presence:30,9575,0,25
confirmation,quantile__log_ridge_harq__B2,inner_fit,training,presence:31,9575,0,25
confirmation,quantile__log_ridge_harq__B2,inner_fit,training,presence:32,9575,0,25
confirmation,quantile__log_ridge_harq__B2,inner_fit,training,presence:33,29899,0,25
confirmation,quantile__log_ridge_harq__B2,inner_fit,training,presence:34,9575,0,25
confirmation,quantile__log_ridge_harq__B2,inner_fit,training,presence:35,9575,0,25
confirmation,quantile__log_ridge_harq__B2,inner_fit,training,presence:36,29899,0,25
confirmation,quantile__log_ridge_harq__B2,inner_fit,training,presence:37,9575,0,25
confirmation,quantile__log_ridge_harq__B2,inner_fit,training,presence:38,9575,0,25
confirmation,quantile__log_ridge_harq__B2,inner_fit,training,presence:39,9600,0,25
confirmation,quantile__log_ridge_harq__B2,inner_fit,training,presence:40,9575,0,25
confirmation,quantile__log_ridge_harq__B2,inner_fit,training,presence:41,9575,0,25
confirmation,quantile__log_ridge_harq__B2,inner_fit,training,presence:42,9575,0,25
confirmation,quantile__log_ridge_harq__B2,inner_fit,training,presence:43,0,0,25
confirmation,quantile__log_ridge_harq__B2,inner_fit,training,presence:44,0,0,25
confirmation,quantile__log_ridge_harq__B2,inner_fit,training,presence:45,0,0,25
confirmation,quantile__log_ridge_harq__B2,inner_fit,training,presence:46,0,0,25
confirmation,quantile__log_ridge_harq__B2,inner_fit,training,presence:47,0,0,25
confirmation,quantile__log_ridge_harq__B2,inner_fit,training,presence:48,0,0,25
confirmation,quantile__log_ridge_harq__B2,inner_fit,training,presence:49,0,0,25
confirmation,quantile__log_ridge_harq__B2,inner_fit,training,presence:50,0,0,25
confirmation,quantile__log_ridge_harq__B2,inner_fit,training,presence:51,0,0,25
confirmation,quantile__log_ridge_harq__B2,inner_fit,training,presence:52,0,0,25
confirmation,quantile__log_ridge_harq__B2,inner_fit,training,presence:53,92222,0,25
confirmation,quantile__log_ridge_harq__B2,inner_fit,training,presence:54,11719,0,25
confirmation,quantile__log_ridge_harq__B2,inner_fit,training,presence:55,10092,0,25
confirmation,quantile__log_ridge_harq__B2,inner_fit,training,presence:56,10642,0,25
confirmation,quantile__log_ridge_harq__B2,inner_fit,training,presence:57,0,0,25
confirmation,quantile__log_ridge_harq__B2,inner_fit,training,presence:58,50981,0,25
confirmation,quantile__log_ridge_harq__B2,inner_fit,training,presence:59,30762,0,25
confirmation,quantile__log_ridge_harq__B2,inner_fit,training,presence:60,12172,0,25
confirmation,quantile__log_ridge_harq__B2,inner_fit,training,presence:61,21044,0,25
confirmation,quantile__log_ridge_harq__B2,inner_fit,training,presence:62,67968,0,25
confirmation,quantile__log_ridge_harq__B2,inner_fit,training,presence:63,22459,0,25
confirmation,quantile__log_ridge_harq__B2,inner_fit,training,presence:64,102631,0,25
confirmation,quantile__log_ridge_harq__B2,inner_fit,training,presence:65,27638,0,25
confirmation,quantile__log_ridge_harq__B2,inner_fit,training,presence:66,72580,0,25
confirmation,quantile__log_ridge_harq__B2,inner_fit,training,presence:67,19191,0,25
confirmation,quantile__log_ridge_harq__B2,inner_fit,training,presence:69,10288,0,25
confirmation,quantile__log_ridge_harq__B2,inner_fit,training,presence:70,10288,0,25
confirmation,quantile__log_ridge_harq__B2,inner_fit,training,presence:71,10288,0,25
confirmation,quantile__log_ridge_harq__B2,inner_fit,training,presence:73,10288,0,25
confirmation,quantile__log_ridge_harq__B2,inner_fit,training,presence:75,10288,0,25
confirmation,quantile__log_ridge_harq__B2,inner_fit,training,presence:79,10288,0,25
confirmation,quantile__log_ridge_harq__B2,inner_fit,training,presence:80,9600,0,25
confirmation,quantile__log_ridge_harq__B2,inner_fit,training,presence:82,9600,0,25
confirmation,quantile__log_ridge_harq__B2,inner_fit,training,presence:83,9600,0,25
confirmation,quantile__log_ridge_harq__B2,inner_fit,training,presence:84,9600,0,25
confirmation,quantile__log_ridge_harq__B2,inner_fit,training,presence:85,9600,0,25
confirmation,quantile__log_ridge_harq__B2,inner_fit,training,presence:89,9600,0,25
confirmation,quantile__log_ridge_harq__B2,inner_fit,training,presence:90,9600,0,25
confirmation,quantile__log_ridge_harq__B2,inner_fit,training,presence:91,9600,0,25
confirmation,quantile__log_ridge_harq__B2,inner_fit,training,presence:92,9600,0,25
confirmation,quantile__log_ridge_harq__B2,inner_fit,training,presence:95,9600,0,25
confirmation,quantile__log_ridge_harq__B2,inner_fit,training,presence:97,9600,0,25
confirmation,quantile__log_ridge_harq__B2,refit,predicting,feature:0,0,0,25
confirmation,quantile__log_ridge_harq__B2,refit,predicting,feature:1,0,0,25
confirmation,quantile__log_ridge_harq__B2,refit,predicting,feature:10,0,12,25
confirmation,quantile__log_ridge_harq__B2,refit,predicting,feature:100,0,0,25
confirmation,quantile__log_ridge_harq__B2,refit,predicting,feature:101,0,0,25
confirmation,quantile__log_ridge_harq__B2,refit,predicting,feature:102,0,0,25
confirmation,quantile__log_ridge_harq__B2,refit,predicting,feature:103,0,0,25
confirmation,quantile__log_ridge_harq__B2,refit,predicting,feature:104,0,0,25
confirmation,quantile__log_ridge_harq__B2,refit,predicting,feature:105,0,47,25
confirmation,quantile__log_ridge_harq__B2,refit,predicting,feature:106,0,0,25
confirmation,quantile__log_ridge_harq__B2,refit,predicting,feature:107,0,0,25
confirmation,quantile__log_ridge_harq__B2,refit,predicting,feature:108,9,0,25
confirmation,quantile__log_ridge_harq__B2,refit,predicting,feature:109,0,0,25
confirmation,quantile__log_ridge_harq__B2,refit,predicting,feature:11,1,4,25
confirmation,quantile__log_ridge_harq__B2,refit,predicting,feature:110,0,37,25
confirmation,quantile__log_ridge_harq__B2,refit,predicting,feature:111,79,14,25
confirmation,quantile__log_ridge_harq__B2,refit,predicting,feature:112,0,0,25
confirmation,quantile__log_ridge_harq__B2,refit,predicting,feature:113,0,76,25
confirmation,quantile__log_ridge_harq__B2,refit,predicting,feature:114,0,0,25
confirmation,quantile__log_ridge_harq__B2,refit,predicting,feature:115,0,5,25
confirmation,quantile__log_ridge_harq__B2,refit,predicting,feature:116,0,0,25
confirmation,quantile__log_ridge_harq__B2,refit,predicting,feature:117,0,15,25
confirmation,quantile__log_ridge_harq__B2,refit,predicting,feature:118,0,0,25
confirmation,quantile__log_ridge_harq__B2,refit,predicting,feature:119,0,0,25
confirmation,quantile__log_ridge_harq__B2,refit,predicting,feature:12,0,0,25
confirmation,quantile__log_ridge_harq__B2,refit,predicting,feature:120,0,0,25
confirmation,quantile__log_ridge_harq__B2,refit,predicting,feature:121,0,0,25
confirmation,quantile__log_ridge_harq__B2,refit,predicting,feature:122,0,31,25
confirmation,quantile__log_ridge_harq__B2,refit,predicting,feature:123,0,0,25
confirmation,quantile__log_ridge_harq__B2,refit,predicting,feature:124,0,0,25
confirmation,quantile__log_ridge_harq__B2,refit,predicting,feature:125,0,0,25
confirmation,quantile__log_ridge_harq__B2,refit,predicting,feature:126,0,0,25
confirmation,quantile__log_ridge_harq__B2,refit,predicting,feature:127,0,0,25
confirmation,quantile__log_ridge_harq__B2,refit,predicting,feature:128,0,0,25
confirmation,quantile__log_ridge_harq__B2,refit,predicting,feature:129,0,0,25
confirmation,quantile__log_ridge_harq__B2,refit,predicting,feature:13,0,0,25
confirmation,quantile__log_ridge_harq__B2,refit,predicting,feature:130,0,0,25
confirmation,quantile__log_ridge_harq__B2,refit,predicting,feature:131,0,87,25
confirmation,quantile__log_ridge_harq__B2,refit,predicting,feature:132,0,0,25
confirmation,quantile__log_ridge_harq__B2,refit,predicting,feature:133,0,0,25
confirmation,quantile__log_ridge_harq__B2,refit,predicting,feature:134,0,0,25
confirmation,quantile__log_ridge_harq__B2,refit,predicting,feature:135,0,0,25
confirmation,quantile__log_ridge_harq__B2,refit,predicting,feature:136,0,0,25
confirmation,quantile__log_ridge_harq__B2,refit,predicting,feature:137,0,0,25
confirmation,quantile__log_ridge_harq__B2,refit,predicting,feature:138,0,0,25
confirmation,quantile__log_ridge_harq__B2,refit,predicting,feature:139,0,0,25
confirmation,quantile__log_ridge_harq__B2,refit,predicting,feature:14,0,0,25
confirmation,quantile__log_ridge_harq__B2,refit,predicting,feature:140,0,0,25
confirmation,quantile__log_ridge_harq__B2,refit,predicting,feature:141,0,0,25
confirmation,quantile__log_ridge_harq__B2,refit,predicting,feature:142,0,0,25
confirmation,quantile__log_ridge_harq__B2,refit,predicting,feature:15,0,0,25
confirmation,quantile__log_ridge_harq__B2,refit,predicting,feature:16,0,0,25
confirmation,quantile__log_ridge_harq__B2,refit,predicting,feature:17,0,0,25
confirmation,quantile__log_ridge_harq__B2,refit,predicting,feature:18,0,0,25
confirmation,quantile__log_ridge_harq__B2,refit,predicting,feature:19,0,0,25
confirmation,quantile__log_ridge_harq__B2,refit,predicting,feature:2,0,0,25
confirmation,quantile__log_ridge_harq__B2,refit,predicting,feature:20,0,0,25
confirmation,quantile__log_ridge_harq__B2,refit,predicting,feature:21,0,0,25
confirmation,quantile__log_ridge_harq__B2,refit,predicting,feature:22,0,0,25
confirmation,quantile__log_ridge_harq__B2,refit,predicting,feature:23,0,0,25
confirmation,quantile__log_ridge_harq__B2,refit,predicting,feature:24,0,0,25
confirmation,quantile__log_ridge_harq__B2,refit,predicting,feature:25,0,0,25
confirmation,quantile__log_ridge_harq__B2,refit,predicting,feature:26,0,0,25
confirmation,quantile__log_ridge_harq__B2,refit,predicting,feature:27,0,0,25
confirmation,quantile__log_ridge_harq__B2,refit,predicting,feature:28,7,0,25
confirmation,quantile__log_ridge_harq__B2,refit,predicting,feature:29,0,0,25
confirmation,quantile__log_ridge_harq__B2,refit,predicting,feature:3,0,0,25
confirmation,quantile__log_ridge_harq__B2,refit,predicting,feature:30,0,0,25
confirmation,quantile__log_ridge_harq__B2,refit,predicting,feature:31,0,0,25
confirmation,quantile__log_ridge_harq__B2,refit,predicting,feature:32,11,0,25
confirmation,quantile__log_ridge_harq__B2,refit,predicting,feature:33,0,0,25
confirmation,quantile__log_ridge_harq__B2,refit,predicting,feature:34,0,0,25
confirmation,quantile__log_ridge_harq__B2,refit,predicting,feature:35,0,0,25
confirmation,quantile__log_ridge_harq__B2,refit,predicting,feature:36,12,0,25
confirmation,quantile__log_ridge_harq__B2,refit,predicting,feature:37,0,0,25
confirmation,quantile__log_ridge_harq__B2,refit,predicting,feature:38,0,0,25
confirmation,quantile__log_ridge_harq__B2,refit,predicting,feature:39,5,0,25
confirmation,quantile__log_ridge_harq__B2,refit,predicting,feature:4,0,0,25
confirmation,quantile__log_ridge_harq__B2,refit,predicting,feature:40,0,0,25
confirmation,quantile__log_ridge_harq__B2,refit,predicting,feature:41,3,0,25
confirmation,quantile__log_ridge_harq__B2,refit,predicting,feature:42,0,0,25
confirmation,quantile__log_ridge_harq__B2,refit,predicting,feature:43,0,0,25
confirmation,quantile__log_ridge_harq__B2,refit,predicting,feature:44,0,0,25
confirmation,quantile__log_ridge_harq__B2,refit,predicting,feature:45,0,0,25
confirmation,quantile__log_ridge_harq__B2,refit,predicting,feature:46,0,0,25
confirmation,quantile__log_ridge_harq__B2,refit,predicting,feature:47,0,0,25
confirmation,quantile__log_ridge_harq__B2,refit,predicting,feature:48,0,0,25
confirmation,quantile__log_ridge_harq__B2,refit,predicting,feature:49,0,0,25
confirmation,quantile__log_ridge_harq__B2,refit,predicting,feature:5,0,0,25
confirmation,quantile__log_ridge_harq__B2,refit,predicting,feature:50,0,0,25
confirmation,quantile__log_ridge_harq__B2,refit,predicting,feature:51,0,0,25
confirmation,quantile__log_ridge_harq__B2,refit,predicting,feature:52,0,2,25
confirmation,quantile__log_ridge_harq__B2,refit,predicting,feature:53,0,0,25
confirmation,quantile__log_ridge_harq__B2,refit,predicting,feature:54,0,0,25
confirmation,quantile__log_ridge_harq__B2,refit,predicting,feature:55,0,0,25
confirmation,quantile__log_ridge_harq__B2,refit,predicting,feature:56,0,0,25
confirmation,quantile__log_ridge_harq__B2,refit,predicting,feature:57,0,0,25
confirmation,quantile__log_ridge_harq__B2,refit,predicting,feature:58,0,1,25
confirmation,quantile__log_ridge_harq__B2,refit,predicting,feature:59,0,0,25
confirmation,quantile__log_ridge_harq__B2,refit,predicting,feature:6,0,0,25
confirmation,quantile__log_ridge_harq__B2,refit,predicting,feature:60,0,0,25
confirmation,quantile__log_ridge_harq__B2,refit,predicting,feature:61,0,0,25
confirmation,quantile__log_ridge_harq__B2,refit,predicting,feature:62,0,0,25
confirmation,quantile__log_ridge_harq__B2,refit,predicting,feature:63,0,5,25
confirmation,quantile__log_ridge_harq__B2,refit,predicting,feature:64,0,0,25
confirmation,quantile__log_ridge_harq__B2,refit,predicting,feature:65,0,0,25
confirmation,quantile__log_ridge_harq__B2,refit,predicting,feature:66,0,0,25
confirmation,quantile__log_ridge_harq__B2,refit,predicting,feature:67,0,0,25
confirmation,quantile__log_ridge_harq__B2,refit,predicting,feature:68,0,0,25
confirmation,quantile__log_ridge_harq__B2,refit,predicting,feature:69,0,0,25
confirmation,quantile__log_ridge_harq__B2,refit,predicting,feature:7,0,0,25
confirmation,quantile__log_ridge_harq__B2,refit,predicting,feature:70,15,45,25
confirmation,quantile__log_ridge_harq__B2,refit,predicting,feature:71,0,0,25
confirmation,quantile__log_ridge_harq__B2,refit,predicting,feature:72,0,0,25
confirmation,quantile__log_ridge_harq__B2,refit,predicting,feature:73,0,25,25
confirmation,quantile__log_ridge_harq__B2,refit,predicting,feature:74,0,0,25
confirmation,quantile__log_ridge_harq__B2,refit,predicting,feature:75,0,37,25
confirmation,quantile__log_ridge_harq__B2,refit,predicting,feature:76,0,0,25
confirmation,quantile__log_ridge_harq__B2,refit,predicting,feature:77,0,0,25
confirmation,quantile__log_ridge_harq__B2,refit,predicting,feature:78,0,0,25
confirmation,quantile__log_ridge_harq__B2,refit,predicting,feature:79,0,48,25
confirmation,quantile__log_ridge_harq__B2,refit,predicting,feature:8,0,0,25
confirmation,quantile__log_ridge_harq__B2,refit,predicting,feature:80,0,0,25
confirmation,quantile__log_ridge_harq__B2,refit,predicting,feature:81,0,0,25
confirmation,quantile__log_ridge_harq__B2,refit,predicting,feature:82,17,107,25
confirmation,quantile__log_ridge_harq__B2,refit,predicting,feature:83,0,0,25
confirmation,quantile__log_ridge_harq__B2,refit,predicting,feature:84,173,10,25
confirmation,quantile__log_ridge_harq__B2,refit,predicting,feature:85,0,0,25
confirmation,quantile__log_ridge_harq__B2,refit,predicting,feature:86,0,0,25
confirmation,quantile__log_ridge_harq__B2,refit,predicting,feature:87,0,0,25
confirmation,quantile__log_ridge_harq__B2,refit,predicting,feature:88,0,0,25
confirmation,quantile__log_ridge_harq__B2,refit,predicting,feature:89,0,8,25
confirmation,quantile__log_ridge_harq__B2,refit,predicting,feature:9,0,0,25
confirmation,quantile__log_ridge_harq__B2,refit,predicting,feature:90,0,32,25
confirmation,quantile__log_ridge_harq__B2,refit,predicting,feature:91,0,36,25
confirmation,quantile__log_ridge_harq__B2,refit,predicting,feature:92,0,9,25
confirmation,quantile__log_ridge_harq__B2,refit,predicting,feature:93,0,0,25
confirmation,quantile__log_ridge_harq__B2,refit,predicting,feature:94,0,0,25
confirmation,quantile__log_ridge_harq__B2,refit,predicting,feature:95,0,0,25
confirmation,quantile__log_ridge_harq__B2,refit,predicting,feature:96,0,0,25
confirmation,quantile__log_ridge_harq__B2,refit,predicting,feature:97,0,11,25
confirmation,quantile__log_ridge_harq__B2,refit,predicting,feature:98,0,0,25
confirmation,quantile__log_ridge_harq__B2,refit,predicting,feature:99,0,0,25
confirmation,quantile__log_ridge_harq__B2,refit,predicting,presence:105,0,0,25
confirmation,quantile__log_ridge_harq__B2,refit,predicting,presence:107,0,0,25
confirmation,quantile__log_ridge_harq__B2,refit,predicting,presence:108,0,0,25
confirmation,quantile__log_ridge_harq__B2,refit,predicting,presence:110,0,0,25
confirmation,quantile__log_ridge_harq__B2,refit,predicting,presence:111,0,0,25
confirmation,quantile__log_ridge_harq__B2,refit,predicting,presence:113,0,0,25
confirmation,quantile__log_ridge_harq__B2,refit,predicting,presence:115,0,0,25
confirmation,quantile__log_ridge_harq__B2,refit,predicting,presence:116,0,0,25
confirmation,quantile__log_ridge_harq__B2,refit,predicting,presence:117,0,0,25
confirmation,quantile__log_ridge_harq__B2,refit,predicting,presence:118,0,0,25
confirmation,quantile__log_ridge_harq__B2,refit,predicting,presence:120,0,0,25
confirmation,quantile__log_ridge_harq__B2,refit,predicting,presence:122,0,0,25
confirmation,quantile__log_ridge_harq__B2,refit,predicting,presence:128,0,0,25
confirmation,quantile__log_ridge_harq__B2,refit,predicting,presence:129,0,0,25
confirmation,quantile__log_ridge_harq__B2,refit,predicting,presence:130,0,0,25
confirmation,quantile__log_ridge_harq__B2,refit,predicting,presence:131,0,0,25
confirmation,quantile__log_ridge_harq__B2,refit,predicting,presence:132,0,0,25
confirmation,quantile__log_ridge_harq__B2,refit,predicting,presence:133,0,0,25
confirmation,quantile__log_ridge_harq__B2,refit,predicting,presence:134,0,0,25
confirmation,quantile__log_ridge_harq__B2,refit,predicting,presence:135,0,0,25
confirmation,quantile__log_ridge_harq__B2,refit,predicting,presence:29,0,0,25
confirmation,quantile__log_ridge_harq__B2,refit,predicting,presence:30,0,0,25
confirmation,quantile__log_ridge_harq__B2,refit,predicting,presence:31,0,0,25
confirmation,quantile__log_ridge_harq__B2,refit,predicting,presence:32,0,0,25
confirmation,quantile__log_ridge_harq__B2,refit,predicting,presence:33,36,0,25
confirmation,quantile__log_ridge_harq__B2,refit,predicting,presence:34,0,0,25
confirmation,quantile__log_ridge_harq__B2,refit,predicting,presence:35,0,0,25
confirmation,quantile__log_ridge_harq__B2,refit,predicting,presence:36,36,0,25
confirmation,quantile__log_ridge_harq__B2,refit,predicting,presence:37,0,0,25
confirmation,quantile__log_ridge_harq__B2,refit,predicting,presence:38,0,0,25
confirmation,quantile__log_ridge_harq__B2,refit,predicting,presence:39,0,0,25
confirmation,quantile__log_ridge_harq__B2,refit,predicting,presence:40,0,0,25
confirmation,quantile__log_ridge_harq__B2,refit,predicting,presence:41,0,0,25
confirmation,quantile__log_ridge_harq__B2,refit,predicting,presence:42,0,0,25
confirmation,quantile__log_ridge_harq__B2,refit,predicting,presence:43,0,0,25
confirmation,quantile__log_ridge_harq__B2,refit,predicting,presence:44,0,0,25
confirmation,quantile__log_ridge_harq__B2,refit,predicting,presence:45,0,0,25
confirmation,quantile__log_ridge_harq__B2,refit,predicting,presence:46,0,0,25
confirmation,quantile__log_ridge_harq__B2,refit,predicting,presence:47,0,0,25
confirmation,quantile__log_ridge_harq__B2,refit,predicting,presence:48,0,0,25
confirmation,quantile__log_ridge_harq__B2,refit,predicting,presence:49,0,0,25
confirmation,quantile__log_ridge_harq__B2,refit,predicting,presence:50,0,0,25
confirmation,quantile__log_ridge_harq__B2,refit,predicting,presence:51,0,0,25
confirmation,quantile__log_ridge_harq__B2,refit,predicting,presence:52,0,0,25
confirmation,quantile__log_ridge_harq__B2,refit,predicting,presence:53,122,0,25
confirmation,quantile__log_ridge_harq__B2,refit,predicting,presence:54,4,0,25
confirmation,quantile__log_ridge_harq__B2,refit,predicting,presence:55,0,0,25
confirmation,quantile__log_ridge_harq__B2,refit,predicting,presence:56,0,0,25
confirmation,quantile__log_ridge_harq__B2,refit,predicting,presence:57,0,0,25
confirmation,quantile__log_ridge_harq__B2,refit,predicting,presence:58,28,0,25
confirmation,quantile__log_ridge_harq__B2,refit,predicting,presence:59,18,0,25
confirmation,quantile__log_ridge_harq__B2,refit,predicting,presence:60,11,0,25
confirmation,quantile__log_ridge_harq__B2,refit,predicting,presence:61,24,0,25
confirmation,quantile__log_ridge_harq__B2,refit,predicting,presence:62,20,0,25
confirmation,quantile__log_ridge_harq__B2,refit,predicting,presence:63,1,0,25
confirmation,quantile__log_ridge_harq__B2,refit,predicting,presence:64,134,0,25
confirmation,quantile__log_ridge_harq__B2,refit,predicting,presence:65,14,0,25
confirmation,quantile__log_ridge_harq__B2,refit,predicting,presence:66,112,0,25
confirmation,quantile__log_ridge_harq__B2,refit,predicting,presence:67,4,0,25
confirmation,quantile__log_ridge_harq__B2,refit,predicting,presence:69,0,0,25
confirmation,quantile__log_ridge_harq__B2,refit,predicting,presence:70,0,0,25
confirmation,quantile__log_ridge_harq__B2,refit,predicting,presence:71,0,0,25
confirmation,quantile__log_ridge_harq__B2,refit,predicting,presence:73,0,0,25
confirmation,quantile__log_ridge_harq__B2,refit,predicting,presence:75,0,0,25
confirmation,quantile__log_ridge_harq__B2,refit,predicting,presence:79,0,0,25
confirmation,quantile__log_ridge_harq__B2,refit,predicting,presence:80,0,0,25
confirmation,quantile__log_ridge_harq__B2,refit,predicting,presence:82,0,0,25
confirmation,quantile__log_ridge_harq__B2,refit,predicting,presence:83,0,0,25
confirmation,quantile__log_ridge_harq__B2,refit,predicting,presence:84,0,0,25
confirmation,quantile__log_ridge_harq__B2,refit,predicting,presence:85,0,0,25
confirmation,quantile__log_ridge_harq__B2,refit,predicting,presence:89,0,0,25
confirmation,quantile__log_ridge_harq__B2,refit,predicting,presence:90,0,0,25
confirmation,quantile__log_ridge_harq__B2,refit,predicting,presence:91,0,0,25
confirmation,quantile__log_ridge_harq__B2,refit,predicting,presence:92,0,0,25
confirmation,quantile__log_ridge_harq__B2,refit,predicting,presence:95,0,0,25
confirmation,quantile__log_ridge_harq__B2,refit,predicting,presence:97,0,0,25
confirmation,quantile__log_ridge_harq__B2,refit,training,feature:0,3624,4464,25
confirmation,quantile__log_ridge_harq__B2,refit,training,feature:1,0,1680,25
confirmation,quantile__log_ridge_harq__B2,refit,training,feature:10,6723,7190,25
confirmation,quantile__log_ridge_harq__B2,refit,training,feature:100,9600,0,25
confirmation,quantile__log_ridge_harq__B2,refit,training,feature:101,0,0,25
confirmation,quantile__log_ridge_harq__B2,refit,training,feature:102,0,0,25
confirmation,quantile__log_ridge_harq__B2,refit,training,feature:103,0,0,25
confirmation,quantile__log_ridge_harq__B2,refit,training,feature:104,0,0,25
confirmation,quantile__log_ridge_harq__B2,refit,training,feature:105,0,12670,25
confirmation,quantile__log_ridge_harq__B2,refit,training,feature:106,0,0,25
confirmation,quantile__log_ridge_harq__B2,refit,training,feature:107,0,0,25
confirmation,quantile__log_ridge_harq__B2,refit,training,feature:108,9346,0,25
confirmation,quantile__log_ridge_harq__B2,refit,training,feature:109,10300,0,25
confirmation,quantile__log_ridge_harq__B2,refit,training,feature:11,7030,6056,25
confirmation,quantile__log_ridge_harq__B2,refit,training,feature:110,0,46370,25
confirmation,quantile__log_ridge_harq__B2,refit,training,feature:111,12364,8723,25
confirmation,quantile__log_ridge_harq__B2,refit,training,feature:112,9750,0,25
confirmation,quantile__log_ridge_harq__B2,refit,training,feature:113,0,33920,25
confirmation,quantile__log_ridge_harq__B2,refit,training,feature:114,0,0,25
confirmation,quantile__log_ridge_harq__B2,refit,training,feature:115,0,10523,25
confirmation,quantile__log_ridge_harq__B2,refit,training,feature:116,0,22,25
confirmation,quantile__log_ridge_harq__B2,refit,training,feature:117,0,4814,25
confirmation,quantile__log_ridge_harq__B2,refit,training,feature:118,0,0,25
confirmation,quantile__log_ridge_harq__B2,refit,training,feature:119,10300,0,25
confirmation,quantile__log_ridge_harq__B2,refit,training,feature:12,0,842,25
confirmation,quantile__log_ridge_harq__B2,refit,training,feature:120,0,425,25
confirmation,quantile__log_ridge_harq__B2,refit,training,feature:121,10300,0,25
confirmation,quantile__log_ridge_harq__B2,refit,training,feature:122,0,29697,25
confirmation,quantile__log_ridge_harq__B2,refit,training,feature:123,10300,0,25
confirmation,quantile__log_ridge_harq__B2,refit,training,feature:124,0,0,25
confirmation,quantile__log_ridge_harq__B2,refit,training,feature:125,0,0,25
confirmation,quantile__log_ridge_harq__B2,refit,training,feature:126,0,0,25
confirmation,quantile__log_ridge_harq__B2,refit,training,feature:127,0,0,25
confirmation,quantile__log_ridge_harq__B2,refit,training,feature:128,0,0,25
confirmation,quantile__log_ridge_harq__B2,refit,training,feature:129,0,0,25
confirmation,quantile__log_ridge_harq__B2,refit,training,feature:13,0,300,25
confirmation,quantile__log_ridge_harq__B2,refit,training,feature:130,0,0,25
confirmation,quantile__log_ridge_harq__B2,refit,training,feature:131,0,10789,25
confirmation,quantile__log_ridge_harq__B2,refit,training,feature:132,0,0,25
confirmation,quantile__log_ridge_harq__B2,refit,training,feature:133,0,0,25
confirmation,quantile__log_ridge_harq__B2,refit,training,feature:134,0,0,25
confirmation,quantile__log_ridge_harq__B2,refit,training,feature:135,0,0,25
confirmation,quantile__log_ridge_harq__B2,refit,training,feature:136,0,10300,25
confirmation,quantile__log_ridge_harq__B2,refit,training,feature:137,0,9600,25
confirmation,quantile__log_ridge_harq__B2,refit,training,feature:138,0,0,25
confirmation,quantile__log_ridge_harq__B2,refit,training,feature:139,0,0,25
confirmation,quantile__log_ridge_harq__B2,refit,training,feature:14,0,625,25
confirmation,quantile__log_ridge_harq__B2,refit,training,feature:140,0,0,25
confirmation,quantile__log_ridge_harq__B2,refit,training,feature:141,0,0,25
confirmation,quantile__log_ridge_harq__B2,refit,training,feature:142,0,0,25
confirmation,quantile__log_ridge_harq__B2,refit,training,feature:15,25,671,25
confirmation,quantile__log_ridge_harq__B2,refit,training,feature:16,0,541,25
confirmation,quantile__log_ridge_harq__B2,refit,training,feature:17,50,300,25
confirmation,quantile__log_ridge_harq__B2,refit,training,feature:18,0,1625,25
confirmation,quantile__log_ridge_harq__B2,refit,training,feature:19,0,1222,25
confirmation,quantile__log_ridge_harq__B2,refit,training,feature:2,4146,6300,25
confirmation,quantile__log_ridge_harq__B2,refit,training,feature:20,0,0,25
confirmation,quantile__log_ridge_harq__B2,refit,training,feature:21,0,0,25
confirmation,quantile__log_ridge_harq__B2,refit,training,feature:22,0,541,25
confirmation,quantile__log_ridge_harq__B2,refit,training,feature:23,0,1222,25
confirmation,quantile__log_ridge_harq__B2,refit,training,feature:24,0,1625,25
confirmation,quantile__log_ridge_harq__B2,refit,training,feature:25,0,0,25
confirmation,quantile__log_ridge_harq__B2,refit,training,feature:26,0,0,25
confirmation,quantile__log_ridge_harq__B2,refit,training,feature:27,0,0,25
confirmation,quantile__log_ridge_harq__B2,refit,training,feature:28,7508,0,25
confirmation,quantile__log_ridge_harq__B2,refit,training,feature:29,0,0,25
confirmation,quantile__log_ridge_harq__B2,refit,training,feature:3,0,2550,25
confirmation,quantile__log_ridge_harq__B2,refit,training,feature:30,0,0,25
confirmation,quantile__log_ridge_harq__B2,refit,training,feature:31,0,0,25
confirmation,quantile__log_ridge_harq__B2,refit,training,feature:32,14697,0,25
confirmation,quantile__log_ridge_harq__B2,refit,training,feature:33,8692,0,25
confirmation,quantile__log_ridge_harq__B2,refit,training,feature:34,0,0,25
confirmation,quantile__log_ridge_harq__B2,refit,training,feature:35,1965,0,25
confirmation,quantile__log_ridge_harq__B2,refit,training,feature:36,16853,25,25
confirmation,quantile__log_ridge_harq__B2,refit,training,feature:37,0,25,25
confirmation,quantile__log_ridge_harq__B2,refit,training,feature:38,0,0,25
confirmation,quantile__log_ridge_harq__B2,refit,training,feature:39,4907,0,25
confirmation,quantile__log_ridge_harq__B2,refit,training,feature:4,0,0,25
confirmation,quantile__log_ridge_harq__B2,refit,training,feature:40,376,14302,25
confirmation,quantile__log_ridge_harq__B2,refit,training,feature:41,3365,25,25
confirmation,quantile__log_ridge_harq__B2,refit,training,feature:42,0,0,25
confirmation,quantile__log_ridge_harq__B2,refit,training,feature:43,0,0,25
confirmation,quantile__log_ridge_harq__B2,refit,training,feature:44,0,0,25
confirmation,quantile__log_ridge_harq__B2,refit,training,feature:45,0,0,25
confirmation,quantile__log_ridge_harq__B2,refit,training,feature:46,0,0,25
confirmation,quantile__log_ridge_harq__B2,refit,training,feature:47,31464,0,25
confirmation,quantile__log_ridge_harq__B2,refit,training,feature:48,0,0,25
confirmation,quantile__log_ridge_harq__B2,refit,training,feature:49,0,0,25
confirmation,quantile__log_ridge_harq__B2,refit,training,feature:5,0,0,25
confirmation,quantile__log_ridge_harq__B2,refit,training,feature:50,0,0,25
confirmation,quantile__log_ridge_harq__B2,refit,training,feature:51,0,0,25
confirmation,quantile__log_ridge_harq__B2,refit,training,feature:52,0,2093,25
confirmation,quantile__log_ridge_harq__B2,refit,training,feature:53,0,0,25
confirmation,quantile__log_ridge_harq__B2,refit,training,feature:54,0,0,25
confirmation,quantile__log_ridge_harq__B2,refit,training,feature:55,0,0,25
confirmation,quantile__log_ridge_harq__B2,refit,training,feature:56,0,0,25
confirmation,quantile__log_ridge_harq__B2,refit,training,feature:57,0,0,25
confirmation,quantile__log_ridge_harq__B2,refit,training,feature:58,0,3082,25
confirmation,quantile__log_ridge_harq__B2,refit,training,feature:59,0,0,25
confirmation,quantile__log_ridge_harq__B2,refit,training,feature:6,0,0,25
confirmation,quantile__log_ridge_harq__B2,refit,training,feature:60,0,0,25
confirmation,quantile__log_ridge_harq__B2,refit,training,feature:61,0,0,25
confirmation,quantile__log_ridge_harq__B2,refit,training,feature:62,0,0,25
confirmation,quantile__log_ridge_harq__B2,refit,training,feature:63,0,8191,25
confirmation,quantile__log_ridge_harq__B2,refit,training,feature:64,0,0,25
confirmation,quantile__log_ridge_harq__B2,refit,training,feature:65,0,0,25
confirmation,quantile__log_ridge_harq__B2,refit,training,feature:66,0,0,25
confirmation,quantile__log_ridge_harq__B2,refit,training,feature:67,0,0,25
confirmation,quantile__log_ridge_harq__B2,refit,training,feature:68,10100,0,25
confirmation,quantile__log_ridge_harq__B2,refit,training,feature:69,0,500,25
confirmation,quantile__log_ridge_harq__B2,refit,training,feature:7,0,0,25
confirmation,quantile__log_ridge_harq__B2,refit,training,feature:70,12044,16480,25
confirmation,quantile__log_ridge_harq__B2,refit,training,feature:71,0,0,25
confirmation,quantile__log_ridge_harq__B2,refit,training,feature:72,0,0,25
confirmation,quantile__log_ridge_harq__B2,refit,training,feature:73,0,16747,25
confirmation,quantile__log_ridge_harq__B2,refit,training,feature:74,10300,0,25
confirmation,quantile__log_ridge_harq__B2,refit,training,feature:75,0,36025,25
confirmation,quantile__log_ridge_harq__B2,refit,training,feature:76,10300,0,25
confirmation,quantile__log_ridge_harq__B2,refit,training,feature:77,0,0,25
confirmation,quantile__log_ridge_harq__B2,refit,training,feature:78,0,0,25
confirmation,quantile__log_ridge_harq__B2,refit,training,feature:79,0,18084,25
confirmation,quantile__log_ridge_harq__B2,refit,training,feature:8,0,0,25
confirmation,quantile__log_ridge_harq__B2,refit,training,feature:80,0,3011,25
confirmation,quantile__log_ridge_harq__B2,refit,training,feature:81,9600,0,25
confirmation,quantile__log_ridge_harq__B2,refit,training,feature:82,5959,16176,25
confirmation,quantile__log_ridge_harq__B2,refit,training,feature:83,0,4935,25
confirmation,quantile__log_ridge_harq__B2,refit,training,feature:84,16916,6711,25
confirmation,quantile__log_ridge_harq__B2,refit,training,feature:85,0,0,25
confirmation,quantile__log_ridge_harq__B2,refit,training,feature:86,9750,0,25
confirmation,quantile__log_ridge_harq__B2,refit,training,feature:87,0,0,25
confirmation,quantile__log_ridge_harq__B2,refit,training,feature:88,0,0,25
confirmation,quantile__log_ridge_harq__B2,refit,training,feature:89,0,7522,25
confirmation,quantile__log_ridge_harq__B2,refit,training,feature:9,0,242,25
confirmation,quantile__log_ridge_harq__B2,refit,training,feature:90,0,13316,25
confirmation,quantile__log_ridge_harq__B2,refit,training,feature:91,0,5505,25
confirmation,quantile__log_ridge_harq__B2,refit,training,feature:92,0,1950,25
confirmation,quantile__log_ridge_harq__B2,refit,training,feature:93,9600,0,25
confirmation,quantile__log_ridge_harq__B2,refit,training,feature:94,9600,0,25
confirmation,quantile__log_ridge_harq__B2,refit,training,feature:95,0,2277,25
confirmation,quantile__log_ridge_harq__B2,refit,training,feature:96,9600,0,25
confirmation,quantile__log_ridge_harq__B2,refit,training,feature:97,0,23068,25
confirmation,quantile__log_ridge_harq__B2,refit,training,feature:98,9600,0,25
confirmation,quantile__log_ridge_harq__B2,refit,training,feature:99,0,0,25
confirmation,quantile__log_ridge_harq__B2,refit,training,presence:105,9600,0,25
confirmation,quantile__log_ridge_harq__B2,refit,training,presence:107,9600,0,25
confirmation,quantile__log_ridge_harq__B2,refit,training,presence:108,10300,0,25
confirmation,quantile__log_ridge_harq__B2,refit,training,presence:110,10300,0,25
confirmation,quantile__log_ridge_harq__B2,refit,training,presence:111,10300,0,25
confirmation,quantile__log_ridge_harq__B2,refit,training,presence:113,10300,0,25
confirmation,quantile__log_ridge_harq__B2,refit,training,presence:115,10300,0,25
confirmation,quantile__log_ridge_harq__B2,refit,training,presence:116,10300,0,25
confirmation,quantile__log_ridge_harq__B2,refit,training,presence:117,10300,0,25
confirmation,quantile__log_ridge_harq__B2,refit,training,presence:118,10300,0,25
confirmation,quantile__log_ridge_harq__B2,refit,training,presence:120,10300,0,25
confirmation,quantile__log_ridge_harq__B2,refit,training,presence:122,10300,0,25
confirmation,quantile__log_ridge_harq__B2,refit,training,presence:128,10300,0,25
confirmation,quantile__log_ridge_harq__B2,refit,training,presence:129,9575,0,25
confirmation,quantile__log_ridge_harq__B2,refit,training,presence:130,9575,0,25
confirmation,quantile__log_ridge_harq__B2,refit,training,presence:131,9575,0,25
confirmation,quantile__log_ridge_harq__B2,refit,training,presence:132,9450,0,25
confirmation,quantile__log_ridge_harq__B2,refit,training,presence:133,9450,0,25
confirmation,quantile__log_ridge_harq__B2,refit,training,presence:134,9450,0,25
confirmation,quantile__log_ridge_harq__B2,refit,training,presence:135,9450,0,25
confirmation,quantile__log_ridge_harq__B2,refit,training,presence:29,9575,0,25
confirmation,quantile__log_ridge_harq__B2,refit,training,presence:30,9575,0,25
confirmation,quantile__log_ridge_harq__B2,refit,training,presence:31,9575,0,25
confirmation,quantile__log_ridge_harq__B2,refit,training,presence:32,9575,0,25
confirmation,quantile__log_ridge_harq__B2,refit,training,presence:33,30256,0,25
confirmation,quantile__log_ridge_harq__B2,refit,training,presence:34,9575,0,25
confirmation,quantile__log_ridge_harq__B2,refit,training,presence:35,9575,0,25
confirmation,quantile__log_ridge_harq__B2,refit,training,presence:36,30256,0,25
confirmation,quantile__log_ridge_harq__B2,refit,training,presence:37,9575,0,25
confirmation,quantile__log_ridge_harq__B2,refit,training,presence:38,9575,0,25
confirmation,quantile__log_ridge_harq__B2,refit,training,presence:39,9600,0,25
confirmation,quantile__log_ridge_harq__B2,refit,training,presence:40,9575,0,25
confirmation,quantile__log_ridge_harq__B2,refit,training,presence:41,9575,0,25
confirmation,quantile__log_ridge_harq__B2,refit,training,presence:42,9575,0,25
confirmation,quantile__log_ridge_harq__B2,refit,training,presence:43,0,0,25
confirmation,quantile__log_ridge_harq__B2,refit,training,presence:44,0,0,25
confirmation,quantile__log_ridge_harq__B2,refit,training,presence:45,0,0,25
confirmation,quantile__log_ridge_harq__B2,refit,training,presence:46,0,0,25
confirmation,quantile__log_ridge_harq__B2,refit,training,presence:47,0,0,25
confirmation,quantile__log_ridge_harq__B2,refit,training,presence:48,0,0,25
confirmation,quantile__log_ridge_harq__B2,refit,training,presence:49,0,0,25
confirmation,quantile__log_ridge_harq__B2,refit,training,presence:50,0,0,25
confirmation,quantile__log_ridge_harq__B2,refit,training,presence:51,0,0,25
confirmation,quantile__log_ridge_harq__B2,refit,training,presence:52,0,0,25
confirmation,quantile__log_ridge_harq__B2,refit,training,presence:53,93344,0,25
confirmation,quantile__log_ridge_harq__B2,refit,training,presence:54,11782,0,25
confirmation,quantile__log_ridge_harq__B2,refit,training,presence:55,10100,0,25
confirmation,quantile__log_ridge_harq__B2,refit,training,presence:56,10650,0,25
confirmation,quantile__log_ridge_harq__B2,refit,training,presence:57,0,0,25
confirmation,quantile__log_ridge_harq__B2,refit,training,presence:58,51262,0,25
confirmation,quantile__log_ridge_harq__B2,refit,training,presence:59,31070,0,25
confirmation,quantile__log_ridge_harq__B2,refit,training,presence:60,12312,0,25
confirmation,quantile__log_ridge_harq__B2,refit,training,presence:61,21341,0,25
confirmation,quantile__log_ridge_harq__B2,refit,training,presence:62,68150,0,25
confirmation,quantile__log_ridge_harq__B2,refit,training,presence:63,22484,0,25
confirmation,quantile__log_ridge_harq__B2,refit,training,presence:64,104132,0,25
confirmation,quantile__log_ridge_harq__B2,refit,training,presence:65,27828,0,25
confirmation,quantile__log_ridge_harq__B2,refit,training,presence:66,73702,0,25
confirmation,quantile__log_ridge_harq__B2,refit,training,presence:67,19207,0,25
confirmation,quantile__log_ridge_harq__B2,refit,training,presence:69,10300,0,25
confirmation,quantile__log_ridge_harq__B2,refit,training,presence:70,10300,0,25
confirmation,quantile__log_ridge_harq__B2,refit,training,presence:71,10300,0,25
confirmation,quantile__log_ridge_harq__B2,refit,training,presence:73,10300,0,25
confirmation,quantile__log_ridge_harq__B2,refit,training,presence:75,10300,0,25
confirmation,quantile__log_ridge_harq__B2,refit,training,presence:79,10300,0,25
confirmation,quantile__log_ridge_harq__B2,refit,training,presence:80,9600,0,25
confirmation,quantile__log_ridge_harq__B2,refit,training,presence:82,9600,0,25
confirmation,quantile__log_ridge_harq__B2,refit,training,presence:83,9600,0,25
confirmation,quantile__log_ridge_harq__B2,refit,training,presence:84,9600,0,25
confirmation,quantile__log_ridge_harq__B2,refit,training,presence:85,9600,0,25
confirmation,quantile__log_ridge_harq__B2,refit,training,presence:89,9600,0,25
confirmation,quantile__log_ridge_harq__B2,refit,training,presence:90,9600,0,25
confirmation,quantile__log_ridge_harq__B2,refit,training,presence:91,9600,0,25
confirmation,quantile__log_ridge_harq__B2,refit,training,presence:92,9600,0,25
confirmation,quantile__log_ridge_harq__B2,refit,training,presence:95,9600,0,25
confirmation,quantile__log_ridge_harq__B2,refit,training,presence:97,9600,0,25
